sep=;
"Location";"Date";"AQI";"NO2 (ppb)";"CO (ppm)";"VOCs (ppb)";"PM2.5 (µg/m³)"
"Broad Run HS";"Sep 4, 2026, 12:00:00";"29";"0.09";"0.15";"109.04";"4.93"
"Broad Run HS";"Sep 4, 2026, 11:00:00";"30";"0";"0.16";"173.64";"4.69"
"Broad Run HS";"Sep 4, 2026, 10:00:00";"34";"0.1";"0.19";"304.91";"4.87"
"Broad Run HS";"Sep 4, 2026, 09:00:00";"40";"3.25";"0.16";"479.52";"4.93"
"Broad Run HS";"Sep 4, 2026, 08:00:00";"53";"4.08";"0.12";"529.25";"7.68"
"Broad Run HS";"Sep 4, 2026, 07:00:00";"56";"5.3";"0.11";"502.55";"12.15"
"Broad Run HS";"Sep 4, 2026, 06:00:00";"55";"12.32";"0.12";"550.46";"11.11"
"Broad Run HS";"Sep 4, 2026, 05:00:00";"54";"5.25";"0.08";"489.81";"10.77"
"Broad Run HS";"Sep 4, 2026, 04:00:00";"54";"6.35";"0.08";"509.71";"9.75"
"Broad Run HS";"Sep 4, 2026, 03:00:00";"55";"7.04";"0.08";"422.38";"12.34"
"Broad Run HS";"Sep 4, 2026, 02:00:00";"53";"9.19";"0.08";"428.32";"11.01"
"Broad Run HS";"Sep 4, 2026, 01:00:00";"52";"12.49";"0.08";"337.94";"7.9"
"Broad Run HS";"Sep 4, 2026, 00:00:00";"54";"6.16";"0.12";"201";"8.17"
"Broad Run HS";"Sep 3, 2026, 23:00:00";"59";"4.5";"0.26";"344.61";"12.43"
"Broad Run HS";"Sep 3, 2026, 22:00:00";"60";"6.24";"0.3";"300.89";"13.51"
"Broad Run HS";"Sep 3, 2026, 21:00:00";"60";"5.26";"0.26";"218";"13.45"
"Broad Run HS";"Sep 3, 2026, 20:00:00";"61";"4.96";"0.25";"157.13";"13.65"
"Broad Run HS";"Sep 3, 2026, 19:00:00";"61";"2.56";"0.23";"93.76";"14.45"
"Broad Run HS";"Sep 3, 2026, 18:00:00";"61";"0.28";"0.21";"67.7";"15.32"
"Broad Run HS";"Sep 3, 2026, 17:00:00";"59";"0.27";"0.21";"71.42";"15.05"
"Broad Run HS";"Sep 3, 2026, 16:00:00";"56";"0";"0.27";"108.05";"13.6"
"Broad Run HS";"Sep 3, 2026, 15:00:00";"53";"0.32";"0.32";"142.37";"11.02"
"Broad Run HS";"Sep 3, 2026, 14:00:00";"49";"0";"0.26";"133.15";"9.04"
"Broad Run HS";"Sep 3, 2026, 13:00:00";"49";"0";"0.19";"195.05";"8.26"
"Broad Run HS";"Sep 3, 2026, 12:00:00";"50";"1.47";"0.18";"300.71";"9.72"
"Broad Run HS";"Sep 3, 2026, 11:00:00";"48";"3.53";"0.19";"357.19";"9.66"
"Broad Run HS";"Sep 3, 2026, 10:00:00";"45";"5.98";"0.19";"405.79";"8.62"
"Broad Run HS";"Sep 3, 2026, 09:00:00";"44";"3.47";"0.16";"462.76";"7.59"
"Broad Run HS";"Sep 3, 2026, 08:00:00";"45";"4.44";"0.16";"509.91";"8.48"
"Broad Run HS";"Sep 3, 2026, 07:00:00";"43";"4.94";"0.19";"482.14";"9.34"
"Broad Run HS";"Sep 3, 2026, 06:00:00";"40";"5.4";"0.14";"421.61";"7.68"
"Broad Run HS";"Sep 3, 2026, 05:00:00";"38";"5.34";"0.11";"422.94";"6.88"
"Broad Run HS";"Sep 3, 2026, 04:00:00";"37";"9.23";"0.17";"446.14";"6.49"
"Broad Run HS";"Sep 3, 2026, 03:00:00";"38";"11.4";"0.25";"511.96";"6.53"
"Broad Run HS";"Sep 3, 2026, 02:00:00";"39";"11.71";"0.27";"435.47";"7.05"
"Broad Run HS";"Sep 3, 2026, 01:00:00";"39";"7.03";"0.23";"395.23";"6.64"
"Broad Run HS";"Sep 3, 2026, 00:00:00";"40";"6.35";"0.17";"336.25";"7.04"
"Broad Run HS";"Sep 2, 2026, 23:00:00";"42";"7.04";"0.14";"301.83";"7.32"
"Broad Run HS";"Sep 2, 2026, 22:00:00";"42";"7.11";"0.17";"406.77";"8.09"
"Broad Run HS";"Sep 2, 2026, 21:00:00";"39";"8.42";"0.17";"312.16";"8.32"
"Broad Run HS";"Sep 2, 2026, 20:00:00";"32";"10.8";"0.2";"188.94";"6.8"
"Broad Run HS";"Sep 2, 2026, 19:00:00";"25";"12.89";"0.2";"116.14";"4.41"
"Broad Run HS";"Sep 2, 2026, 18:00:00";"27";"7.89";"0.22";"170.25";"4.45"
"Broad Run HS";"Sep 2, 2026, 17:00:00";"28";"11.27";"0.2";"145.54";"4.09"
"Broad Run HS";"Sep 2, 2026, 16:00:00";"33";"11.38";"0.16";"104.6";"3.64"
"Broad Run HS";"Sep 2, 2026, 15:00:00";"45";"13.14";"0.14";"53.84";"3.86"
"Broad Run HS";"Sep 2, 2026, 14:00:00";"57";"3.42";"0.25";"35.4";"11.18"
"Broad Run HS";"Sep 2, 2026, 13:00:00";"59";"0.06";"0.25";"37.99";"15.12"
"Broad Run HS";"Sep 2, 2026, 12:00:00";"56";"0";"0.26";"74.44";"13.18"
"Broad Run HS";"Sep 2, 2026, 11:00:00";"53";"0.32";"0.28";"118.04";"12.16"
"Broad Run HS";"Sep 2, 2026, 10:00:00";"51";"1.32";"0.25";"170.41";"9.72"
"Broad Run HS";"Sep 2, 2026, 09:00:00";"48";"8.2";"0.23";"262.42";"8.62"
"Broad Run HS";"Sep 2, 2026, 08:00:00";"49";"9.33";"0.2";"281.81";"8.14"
"Broad Run HS";"Sep 2, 2026, 07:00:00";"51";"7.42";"0.17";"246.99";"8.99"
"Broad Run HS";"Sep 2, 2026, 06:00:00";"52";"5.86";"0.14";"204.26";"8.6"
"Broad Run HS";"Sep 2, 2026, 05:00:00";"53";"6.31";"0.14";"172.88";"9.22"
"Broad Run HS";"Sep 2, 2026, 04:00:00";"54";"7.16";"0.14";"135.98";"9.74"
"Broad Run HS";"Sep 2, 2026, 03:00:00";"54";"6.67";"0.15";"99.62";"10.03"
"Broad Run HS";"Sep 2, 2026, 02:00:00";"55";"5.96";"0.16";"70.49";"10.47"
"Broad Run HS";"Sep 2, 2026, 01:00:00";"55";"4.22";"0.15";"56.41";"10.07"
"Broad Run HS";"Sep 2, 2026, 00:00:00";"57";"3.78";"0.18";"57.21";"10.67"
"Broad Run HS";"Sep 1, 2026, 23:00:00";"60";"4.08";"0.19";"65.31";"11.81"
"Broad Run HS";"Sep 1, 2026, 22:00:00";"63";"4.74";"0.21";"59.79";"13.94"
"Broad Run HS";"Sep 1, 2026, 21:00:00";"63";"4.75";"0.23";"54.03";"14.03"
"Broad Run HS";"Sep 1, 2026, 20:00:00";"64";"4.37";"0.25";"40.78";"14.6"
"Broad Run HS";"Sep 1, 2026, 19:00:00";"65";"2.38";"0.25";"17.66";"15.59"
"Broad Run HS";"Sep 1, 2026, 18:00:00";"66";"0.42";"0.25";"5.92";"16.56"
"Broad Run HS";"Sep 1, 2026, 17:00:00";"67";"0.05";"0.25";"8.96";"16.91"
"Broad Run HS";"Sep 1, 2026, 16:00:00";"67";"0.47";"0.25";"23.59";"18.27"
"Broad Run HS";"Sep 1, 2026, 15:00:00";"66";"1.5";"0.23";"41.83";"17.4"
"Broad Run HS";"Sep 1, 2026, 14:00:00";"65";"0.26";"0.22";"56.85";"17.66"
"Broad Run HS";"Sep 1, 2026, 13:00:00";"64";"0";"0.21";"78.61";"17.15"
"Broad Run HS";"Sep 1, 2026, 12:00:00";"62";"0";"0.2";"111.67";"15.9"
"Broad Run HS";"Sep 1, 2026, 11:00:00";"60";"0";"0.2";"150.5";"14.78"
"Broad Run HS";"Sep 1, 2026, 10:00:00";"57";"0";"0.2";"229.56";"12.8"
"Broad Run HS";"Sep 1, 2026, 09:00:00";"57";"1.57";"0.21";"396.05";"10.63"
"Broad Run HS";"Sep 1, 2026, 08:00:00";"59";"4.09";"0.21";"506.43";"10.71"
"Broad Run HS";"Sep 1, 2026, 07:00:00";"63";"2.82";"0.18";"541.34";"13.91"
"Broad Run HS";"Sep 1, 2026, 06:00:00";"65";"2.49";"0.18";"549.65";"16.23"
"Broad Run HS";"Sep 1, 2026, 05:00:00";"64";"2.62";"0.2";"545.76";"19.79"
"Broad Run HS";"Sep 1, 2026, 04:00:00";"61";"4.19";"0.21";"535.08";"14.21"
"Broad Run HS";"Sep 1, 2026, 03:00:00";"61";"4.98";"0.21";"480.7";"14.25"
"Broad Run HS";"Sep 1, 2026, 02:00:00";"61";"4.14";"0.19";"425.93";"13.08"
"Broad Run HS";"Sep 1, 2026, 01:00:00";"61";"4.52";"0.2";"449.79";"12.81"
"Broad Run HS";"Sep 1, 2026, 00:00:00";"62";"5.5";"0.2";"408.13";"14.04"
"Broad Run HS";"Aug 31, 2026, 23:00:00";"62";"7.05";"0.22";"340.14";"15.78"
"Broad Run HS";"Aug 31, 2026, 22:00:00";"62";"7.62";"0.23";"268.87";"16.1"
"Broad Run HS";"Aug 31, 2026, 21:00:00";"61";"6.83";"0.23";"202.52";"14.86"
"Broad Run HS";"Aug 31, 2026, 20:00:00";"61";"7.06";"0.24";"123.97";"14.14"
"Broad Run HS";"Aug 31, 2026, 19:00:00";"61";"3.95";"0.21";"107.63";"13.91"
"Broad Run HS";"Aug 31, 2026, 18:00:00";"61";"4.36";"0.22";"130.13";"14.12"
"Broad Run HS";"Aug 31, 2026, 17:00:00";"62";"6.23";"0.22";"115.36";"15.17"
"Broad Run HS";"Aug 31, 2026, 16:00:00";"61";"6.06";"0.22";"103.34";"14.7"
"Broad Run HS";"Aug 31, 2026, 15:00:00";"60";"2.25";"0.22";"106.58";"15.38"
"Broad Run HS";"Aug 31, 2026, 14:00:00";"59";"0.85";"0.21";"135.11";"14.41"
"Broad Run HS";"Aug 31, 2026, 13:00:00";"58";"0";"0.2";"174";"13.46"
"Broad Run HS";"Aug 31, 2026, 12:00:00";"58";"1.01";"0.2";"234.43";"13.47"
"Broad Run HS";"Aug 31, 2026, 11:00:00";"57";"0.61";"0.21";"296.71";"12.11"
"Broad Run HS";"Aug 31, 2026, 10:00:00";"56";"2.76";"0.19";"351.28";"11.88"
"Broad Run HS";"Aug 31, 2026, 09:00:00";"56";"4.08";"0.19";"456.38";"10.31"
"Broad Run HS";"Aug 31, 2026, 08:00:00";"58";"7.99";"0.16";"497.58";"11.32"
"Broad Run HS";"Aug 31, 2026, 07:00:00";"58";"5.13";"0.14";"497.44";"11.41"
"Broad Run HS";"Aug 31, 2026, 06:00:00";"61";"2.29";"0.13";"479.1";"13.98"
"Broad Run HS";"Aug 31, 2026, 05:00:00";"61";"0.84";"0.13";"482.81";"14.7"
"Broad Run HS";"Aug 31, 2026, 04:00:00";"60";"1.09";"0.13";"458.32";"14.1"
"Broad Run HS";"Aug 31, 2026, 03:00:00";"60";"1.37";"0.11";"443.24";"15.76"
"Broad Run HS";"Aug 31, 2026, 02:00:00";"57";"2.45";"0.12";"458.29";"12.36"
"Broad Run HS";"Aug 31, 2026, 01:00:00";"56";"4.19";"0.13";"443.36";"11.61"
"Broad Run HS";"Aug 31, 2026, 00:00:00";"56";"7.47";"0.14";"439.33";"10.83"
"Broad Run HS";"Aug 30, 2026, 23:00:00";"57";"10.44";"0.17";"433.47";"13.1"
"Broad Run HS";"Aug 30, 2026, 22:00:00";"56";"13.94";"0.16";"393.49";"12.92"
"Broad Run HS";"Aug 30, 2026, 21:00:00";"54";"22.75";"0.15";"346.17";"9.92"
"Broad Run HS";"Aug 30, 2026, 20:00:00";"55";"14.34";"0.13";"259.32";"8.48"
"Broad Run HS";"Aug 30, 2026, 19:00:00";"58";"7.19";"0.18";"71.79";"11.73"
"Broad Run HS";"Aug 30, 2026, 18:00:00";"58";"0.63";"0.18";"53.79";"12.86"
"Broad Run HS";"Aug 30, 2026, 17:00:00";"58";"2.21";"0.17";"55";"12.21"
"Broad Run HS";"Aug 30, 2026, 16:00:00";"59";"0";"0.17";"60";"13.42"
"Broad Run HS";"Aug 30, 2026, 15:00:00";"59";"0";"0.17";"103.44";"13.51"
"Broad Run HS";"Aug 30, 2026, 14:00:00";"58";"2.32";"0.17";"235.71";"12.59"
"Broad Run HS";"Aug 30, 2026, 13:00:00";"58";"3.98";"0.14";"239.42";"13.18"
"Broad Run HS";"Aug 30, 2026, 12:00:00";"58";"1.51";"0.15";"258.15";"12.84"
"Broad Run HS";"Aug 30, 2026, 11:00:00";"57";"3.4";"0.15";"361.14";"12.68"
"Broad Run HS";"Aug 30, 2026, 10:00:00";"57";"4.91";"0.15";"458.29";"11.97"
"Broad Run HS";"Aug 30, 2026, 09:00:00";"57";"5.98";"0.15";"486.47";"12.63"
"Broad Run HS";"Aug 30, 2026, 08:00:00";"56";"7.43";"0.15";"467.2";"11.89"
"Broad Run HS";"Aug 30, 2026, 07:00:00";"56";"7.27";"0.16";"375.33";"13.63"
"Broad Run HS";"Aug 30, 2026, 06:00:00";"50";"6.5";"0.16";"289.7";"10.39"
"Broad Run HS";"Aug 30, 2026, 05:00:00";"44";"7.2";"0.16";"231.41";"9.08"
"Broad Run HS";"Aug 30, 2026, 04:00:00";"40";"7.45";"0.16";"162.4";"7.54"
"Broad Run HS";"Aug 30, 2026, 03:00:00";"39";"6.96";"0.17";"96.8";"6.71"
"Broad Run HS";"Aug 30, 2026, 02:00:00";"40";"8.34";"0.18";"70.7";"7.07"
"Broad Run HS";"Aug 30, 2026, 01:00:00";"40";"8.33";"0.18";"51.82";"7.3"
"Broad Run HS";"Aug 30, 2026, 00:00:00";"40";"8.69";"0.2";"32.94";"7.91"
"Broad Run HS";"Aug 29, 2026, 23:00:00";"38";"10.68";"0.2";"18.34";"7.51"
"Broad Run HS";"Aug 29, 2026, 22:00:00";"37";"8.75";"0.18";"5.94";"6.71"
"Broad Run HS";"Aug 29, 2026, 21:00:00";"36";"7.86";"0.18";"0";"6.17"
"Broad Run HS";"Aug 29, 2026, 20:00:00";"37";"6.53";"0.17";"0";"6.54"
"Broad Run HS";"Aug 29, 2026, 19:00:00";"37";"3.92";"0.17";"0";"7.29"
"Broad Run HS";"Aug 29, 2026, 18:00:00";"35";"2.04";"0.17";"0";"6.96"
"Broad Run HS";"Aug 29, 2026, 17:00:00";"34";"2.03";"0.16";"0";"6.61"
"Broad Run HS";"Aug 29, 2026, 16:00:00";"33";"0.97";"0.15";"0";"6.25"
"Broad Run HS";"Aug 29, 2026, 15:00:00";"33";"0.12";"0.14";"0";"6.38"
"Broad Run HS";"Aug 29, 2026, 14:00:00";"30";"0.09";"0.13";"0";"5.8"
"Broad Run HS";"Aug 29, 2026, 13:00:00";"29";"0.16";"0.12";"0";"5.2"
"Broad Run HS";"Aug 29, 2026, 12:00:00";"29";"0";"0.11";"0";"5.37"
"Broad Run HS";"Aug 29, 2026, 11:00:00";"29";"0";"0.11";"2.26";"5.04"
"Broad Run HS";"Aug 29, 2026, 10:00:00";"29";"0.21";"0.1";"32.08";"4.96"
"Broad Run HS";"Aug 29, 2026, 09:00:00";"31";"2.04";"0.09";"71.62";"5.15"
"Broad Run HS";"Aug 29, 2026, 08:00:00";"33";"3.49";"0.09";"96.19";"4.93"
"Broad Run HS";"Aug 29, 2026, 07:00:00";"40";"4.05";"0.08";"106.04";"6.23"
"Broad Run HS";"Aug 29, 2026, 06:00:00";"46";"3.68";"0.08";"120.03";"7.18"
"Broad Run HS";"Aug 29, 2026, 05:00:00";"48";"4.14";"0.09";"141.72";"7.5"
"Broad Run HS";"Aug 29, 2026, 04:00:00";"52";"4.44";"0.1";"151.03";"8.81"
"Broad Run HS";"Aug 29, 2026, 03:00:00";"52";"0";"0";"0";"9.34"
"Broad Run HS";"Aug 29, 2026, 02:00:00";"53";"5.05";"0.09";"142.64";"9.9"
"Broad Run HS";"Aug 29, 2026, 01:00:00";"52";"6.46";"0.14";"157.8";"8.68"
"Broad Run HS";"Aug 29, 2026, 00:00:00";"54";"9.11";"0.19";"171.51";"9.87"
"Broad Run HS";"Aug 28, 2026, 23:00:00";"54";"12.39";"0.23";"122.24";"10.53"
"Broad Run HS";"Aug 28, 2026, 22:00:00";"54";"16.31";"0.32";"67.43";"10.59"
"Broad Run HS";"Aug 28, 2026, 21:00:00";"54";"9.31";"0.17";"32.68";"9.76"
"Broad Run HS";"Aug 28, 2026, 20:00:00";"54";"7.62";"0.15";"21.85";"9.5"
"Broad Run HS";"Aug 28, 2026, 19:00:00";"56";"5.07";"0.16";"13.61";"10.59"
"Broad Run HS";"Aug 28, 2026, 18:00:00";"58";"7.36";"0.17";"22.48";"11.57"
"Broad Run HS";"Aug 28, 2026, 17:00:00";"60";"5.86";"0.16";"3.02";"13.55"
"Broad Run HS";"Aug 28, 2026, 16:00:00";"60";"0.98";"0.15";"5.9";"14.8"
"Broad Run HS";"Aug 28, 2026, 15:00:00";"58";"0";"0.17";"39.04";"14.35"
"Broad Run HS";"Aug 28, 2026, 14:00:00";"55";"0.42";"0.16";"66.89";"12.18"
"Broad Run HS";"Aug 28, 2026, 13:00:00";"52";"2.45";"0.14";"74.83";"11.07"
"Broad Run HS";"Aug 28, 2026, 12:00:00";"49";"0.79";"0.13";"81.59";"9.82"
"Broad Run HS";"Aug 28, 2026, 11:00:00";"45";"2.11";"0.12";"111.94";"8.78"
"Broad Run HS";"Aug 28, 2026, 10:00:00";"44";"4.03";"0.13";"149.48";"8.37"
"Broad Run HS";"Aug 28, 2026, 09:00:00";"42";"6.83";"0.12";"236.1";"7.61"
"Broad Run HS";"Aug 28, 2026, 08:00:00";"42";"7.15";"0.08";"277.48";"7.2"
"Broad Run HS";"Aug 28, 2026, 07:00:00";"42";"5.93";"0.06";"269.93";"6.83"
"Broad Run HS";"Aug 28, 2026, 06:00:00";"44";"5.27";"0.07";"292.04";"7.06"
"Broad Run HS";"Aug 28, 2026, 05:00:00";"48";"4.35";"0.07";"299.2";"8.29"
"Broad Run HS";"Aug 28, 2026, 04:00:00";"50";"4.43";"0.07";"293.3";"8.67"
"Broad Run HS";"Aug 28, 2026, 03:00:00";"52";"4.69";"0.07";"274.62";"8.98"
"Broad Run HS";"Aug 28, 2026, 02:00:00";"52";"5.42";"0.1";"276.75";"9.45"
"Broad Run HS";"Aug 28, 2026, 01:00:00";"52";"8.89";"0.13";"285.18";"10.18"
"Broad Run HS";"Aug 28, 2026, 00:00:00";"51";"13.46";"0.17";"260.71";"9.65"
"Broad Run HS";"Aug 27, 2026, 23:00:00";"48";"12.6";"0.11";"161.22";"8.45"
"Broad Run HS";"Aug 27, 2026, 22:00:00";"49";"12.1";"0.1";"101.72";"6.7"
"Broad Run HS";"Aug 27, 2026, 21:00:00";"55";"11.87";"0.1";"49.07";"8.23"
"Broad Run HS";"Aug 27, 2026, 20:00:00";"60";"8.38";"0.16";"39.06";"11.63"
"Broad Run HS";"Aug 27, 2026, 19:00:00";"63";"9.26";"0.17";"36.18";"14.69"
"Broad Run HS";"Aug 27, 2026, 18:00:00";"65";"7.79";"0.16";"23.03";"15.32"
"Broad Run HS";"Aug 27, 2026, 17:00:00";"66";"4.14";"0.15";"17.79";"16.51"
"Broad Run HS";"Aug 27, 2026, 16:00:00";"68";"0.51";"0.16";"21.08";"17.73"
"Broad Run HS";"Aug 27, 2026, 15:00:00";"68";"0.01";"0.17";"45.04";"18.08"
"Broad Run HS";"Aug 27, 2026, 14:00:00";"68";"0.08";"0.18";"82.31";"19.3"
"Broad Run HS";"Aug 27, 2026, 13:00:00";"65";"1.45";"0.17";"115.93";"17.61"
"Broad Run HS";"Aug 27, 2026, 12:00:00";"62";"1.99";"0.17";"137.35";"16.69"
"Broad Run HS";"Aug 27, 2026, 11:00:00";"57";"2.33";"0.16";"177.15";"14.13"
"Broad Run HS";"Aug 27, 2026, 10:00:00";"55";"4.48";"0.14";"242.33";"12.46"
"Broad Run HS";"Aug 27, 2026, 09:00:00";"53";"7.03";"0.14";"279.87";"11.09"
"Broad Run HS";"Aug 27, 2026, 08:00:00";"53";"9.22";"0.12";"276.81";"10.44"
"Broad Run HS";"Aug 27, 2026, 07:00:00";"52";"10.4";"0.11";"254.84";"9.74"
"Broad Run HS";"Aug 27, 2026, 06:00:00";"52";"8.68";"0.1";"222.97";"9.53"
"Broad Run HS";"Aug 27, 2026, 05:00:00";"52";"8.05";"0.09";"191.1";"9.23"
"Broad Run HS";"Aug 27, 2026, 04:00:00";"52";"8.08";"0.1";"161.22";"9.09"
"Broad Run HS";"Aug 27, 2026, 03:00:00";"52";"8.41";"0.1";"133.32";"9.1"
"Broad Run HS";"Aug 27, 2026, 02:00:00";"53";"9.28";"0.11";"105.17";"8.96"
"Broad Run HS";"Aug 27, 2026, 01:00:00";"54";"10.95";"0.12";"68.68";"9.72"
"Broad Run HS";"Aug 27, 2026, 00:00:00";"55";"13.35";"0.14";"44.39";"10.04"
"Broad Run HS";"Aug 26, 2026, 23:00:00";"56";"12.23";"0.17";"22.91";"10.43"
"Broad Run HS";"Aug 26, 2026, 22:00:00";"57";"16.25";"0.18";"6.91";"10.68"
"Broad Run HS";"Aug 26, 2026, 21:00:00";"58";"21.55";"0.18";"0.05";"12.03"
"Broad Run HS";"Aug 26, 2026, 20:00:00";"59";"14.71";"0.19";"0";"12.98"
"Broad Run HS";"Aug 26, 2026, 19:00:00";"59";"10.89";"0.17";"0";"13.51"
"Broad Run HS";"Aug 26, 2026, 18:00:00";"58";"5.75";"0.15";"0";"13"
"Broad Run HS";"Aug 26, 2026, 17:00:00";"58";"3.44";"0.13";"0";"12.61"
"Broad Run HS";"Aug 26, 2026, 16:00:00";"57";"1.61";"0.13";"0";"12"
"Broad Run HS";"Aug 26, 2026, 15:00:00";"57";"0.84";"0.14";"0";"13.06"
"Broad Run HS";"Aug 26, 2026, 14:00:00";"56";"0.84";"0.14";"0";"12.22"
"Broad Run HS";"Aug 26, 2026, 13:00:00";"55";"0.47";"0.11";"0";"11.95"
"Broad Run HS";"Aug 26, 2026, 12:00:00";"54";"0.39";"0.12";"1.24";"12.5"
"Broad Run HS";"Aug 26, 2026, 11:00:00";"48";"0.8";"0.13";"16.29";"10.7"
"Broad Run HS";"Aug 26, 2026, 10:00:00";"35";"1.12";"0.16";"66.28";"6.78"
"Broad Run HS";"Aug 26, 2026, 09:00:00";"33";"3.27";"0.14";"171.86";"5.46"
"Broad Run HS";"Aug 26, 2026, 08:00:00";"35";"2.61";"0.08";"208.02";"4.58"
"Broad Run HS";"Aug 26, 2026, 07:00:00";"43";"1.91";"0.07";"170.11";"7.65"
"Broad Run HS";"Aug 26, 2026, 06:00:00";"44";"0.89";"0.05";"171.18";"8.86"
"Broad Run HS";"Aug 26, 2026, 05:00:00";"41";"1.88";"0.04";"167.28";"7.79"
"Broad Run HS";"Aug 26, 2026, 04:00:00";"40";"2.62";"0.04";"150.04";"7.24"
"Broad Run HS";"Aug 26, 2026, 03:00:00";"40";"3.29";"0.07";"139.23";"8.31"
"Broad Run HS";"Aug 26, 2026, 02:00:00";"38";"4.62";"0.07";"120.14";"6.91"
"Broad Run HS";"Aug 26, 2026, 01:00:00";"37";"5.18";"0.08";"101.74";"6.18"
"Broad Run HS";"Aug 26, 2026, 00:00:00";"39";"7.44";"0.15";"79.81";"6.83"
"Broad Run HS";"Aug 25, 2026, 23:00:00";"39";"9.66";"0.18";"55.39";"6.91"
"Broad Run HS";"Aug 25, 2026, 22:00:00";"40";"11.26";"0.19";"31.49";"6.78"
"Broad Run HS";"Aug 25, 2026, 21:00:00";"43";"10.99";"0.22";"7.27";"7.48"
"Broad Run HS";"Aug 25, 2026, 20:00:00";"44";"7.65";"0.17";"0";"7.43"
"Broad Run HS";"Aug 25, 2026, 19:00:00";"47";"4.71";"0.13";"0";"8.1"
"Broad Run HS";"Aug 25, 2026, 18:00:00";"48";"3.85";"0.13";"0";"8.33"
"Broad Run HS";"Aug 25, 2026, 17:00:00";"48";"3.49";"0.12";"0";"8.07"
"Broad Run HS";"Aug 25, 2026, 16:00:00";"52";"3.76";"0.11";"0";"7.45"
"Broad Run HS";"Aug 25, 2026, 15:00:00";"55";"0.23";"0.11";"0";"8.9"
"Broad Run HS";"Aug 25, 2026, 14:00:00";"58";"0.54";"0.12";"0";"11.78"
"Broad Run HS";"Aug 25, 2026, 13:00:00";"59";"0.83";"0.11";"0";"13.54"
"Broad Run HS";"Aug 25, 2026, 12:00:00";"58";"0.03";"0.11";"0";"13.67"
"Broad Run HS";"Aug 25, 2026, 11:00:00";"57";"0.18";"0.1";"0";"14.03"
"Broad Run HS";"Aug 25, 2026, 10:00:00";"54";"1.37";"0.1";"12.81";"11.98"
"Broad Run HS";"Aug 25, 2026, 09:00:00";"52";"7.21";"0.13";"62.45";"10.47"
"Broad Run HS";"Aug 25, 2026, 08:00:00";"48";"7.03";"0.09";"80.37";"7.79"
"Broad Run HS";"Aug 25, 2026, 07:00:00";"52";"3.7";"0.01";"68.48";"9.49"
"Broad Run HS";"Aug 25, 2026, 06:00:00";"52";"4.2";"0";"57.31";"9.55"
"Broad Run HS";"Aug 25, 2026, 05:00:00";"51";"4.45";"0";"52.58";"8.49"
"Broad Run HS";"Aug 25, 2026, 04:00:00";"53";"5.31";"0.02";"46.22";"8.98"
"Broad Run HS";"Aug 25, 2026, 03:00:00";"55";"6.14";"0.04";"37.3";"10.17"
"Broad Run HS";"Aug 25, 2026, 02:00:00";"56";"7.09";"0.05";"26.03";"10.51"
"Broad Run HS";"Aug 25, 2026, 01:00:00";"58";"6.48";"0.07";"14.2";"10.48"
"Broad Run HS";"Aug 25, 2026, 00:00:00";"61";"7.38";"0.1";"13.16";"11.59"
"Broad Run HS";"Aug 24, 2026, 23:00:00";"63";"11.85";"0.15";"11.8";"14.91"
"Broad Run HS";"Aug 24, 2026, 22:00:00";"65";"9.92";"0.13";"2.4";"15.82"
"Broad Run HS";"Aug 24, 2026, 21:00:00";"65";"8.49";"0.15";"0";"17.55"
"Broad Run HS";"Aug 24, 2026, 20:00:00";"63";"4.38";"0.11";"0";"17.33"
"Broad Run HS";"Aug 24, 2026, 19:00:00";"60";"1.63";"0.11";"0";"14.2"
"Broad Run HS";"Aug 24, 2026, 18:00:00";"59";"0.55";"0.12";"0";"12.5"
"Broad Run HS";"Aug 24, 2026, 17:00:00";"59";"0.83";"0.12";"0";"13.07"
"Broad Run HS";"Aug 24, 2026, 16:00:00";"60";"1.7";"0.12";"0";"14.04"
"Broad Run HS";"Aug 24, 2026, 15:00:00";"59";"0.18";"0.13";"0";"14.08"
"Broad Run HS";"Aug 24, 2026, 14:00:00";"58";"2.37";"0.12";"0";"14"
"Broad Run HS";"Aug 24, 2026, 13:00:00";"55";"0";"0.11";"0";"12.27"
"Broad Run HS";"Aug 24, 2026, 12:00:00";"53";"0";"0.1";"0";"12.03"
"Broad Run HS";"Aug 24, 2026, 11:00:00";"43";"0";"0.1";"0.01";"9.32"
"Broad Run HS";"Aug 24, 2026, 10:00:00";"34";"1.95";"0.14";"12.81";"7.52"
"Broad Run HS";"Aug 24, 2026, 09:00:00";"32";"4.54";"0.12";"45.49";"5.76"
"Broad Run HS";"Aug 24, 2026, 08:00:00";"31";"6.05";"0.12";"56.19";"5.42"
"Broad Run HS";"Aug 24, 2026, 07:00:00";"32";"4.71";"0.07";"51.08";"5.52"
"Broad Run HS";"Aug 24, 2026, 06:00:00";"32";"5.08";"0.06";"57.13";"5.32"
"Broad Run HS";"Aug 24, 2026, 05:00:00";"33";"7.84";"0.06";"52.82";"5.33"
"Broad Run HS";"Aug 24, 2026, 04:00:00";"34";"6.43";"0.05";"38.58";"5.71"
"Broad Run HS";"Aug 24, 2026, 03:00:00";"35";"6.12";"0.05";"28.97";"5.67"
"Broad Run HS";"Aug 24, 2026, 02:00:00";"35";"5.19";"0.05";"16.3";"6"
"Broad Run HS";"Aug 24, 2026, 01:00:00";"37";"5.55";"0.05";"15.98";"6.27"
"Broad Run HS";"Aug 24, 2026, 00:00:00";"38";"6.46";"0.07";"12.19";"6.54"
"Broad Run HS";"Aug 23, 2026, 23:00:00";"39";"6.27";"0.08";"1.96";"6.68"
"Broad Run HS";"Aug 23, 2026, 22:00:00";"39";"7.34";"0.09";"0";"6.77"
"Broad Run HS";"Aug 23, 2026, 21:00:00";"41";"7.34";"0.11";"0";"7.42"
"Broad Run HS";"Aug 23, 2026, 20:00:00";"40";"5.67";"0.12";"0";"7.23"
"Broad Run HS";"Aug 23, 2026, 19:00:00";"40";"3.2";"0.1";"0";"6.7"
"Broad Run HS";"Aug 23, 2026, 18:00:00";"43";"1.58";"0.1";"0";"7.07"
"Broad Run HS";"Aug 23, 2026, 17:00:00";"46";"0.4";"0.09";"0";"7.56"
"Broad Run HS";"Aug 23, 2026, 16:00:00";"50";"0.06";"0.09";"0";"7.89"
"Broad Run HS";"Aug 23, 2026, 15:00:00";"53";"0";"0.09";"0";"9.42"
"Broad Run HS";"Aug 23, 2026, 14:00:00";"55";"0.09";"0.1";"0";"11.65"
"Broad Run HS";"Aug 23, 2026, 13:00:00";"53";"0";"0.09";"5.84";"12"
"Broad Run HS";"Aug 23, 2026, 12:00:00";"47";"0";"0.09";"38.7";"9.62"
"Broad Run HS";"Aug 23, 2026, 11:00:00";"40";"0.03";"0.09";"102.48";"8.91"
"Broad Run HS";"Aug 23, 2026, 10:00:00";"30";"0.6";"0.08";"207.83";"5.87"
"Broad Run HS";"Aug 23, 2026, 09:00:00";"28";"3.48";"0.06";"400.95";"4.57"
"Broad Run HS";"Aug 23, 2026, 08:00:00";"29";"3.45";"0.04";"392.8";"4.13"
"Broad Run HS";"Aug 23, 2026, 07:00:00";"35";"1.75";"0.03";"350.51";"6.61"
"Broad Run HS";"Aug 23, 2026, 06:00:00";"34";"3.97";"0.03";"359.24";"6.08"
"Broad Run HS";"Aug 23, 2026, 05:00:00";"34";"4.71";"0.03";"362.83";"6.8"
"Broad Run HS";"Aug 23, 2026, 04:00:00";"29";"4.89";"0.02";"344.87";"5.95"
"Broad Run HS";"Aug 23, 2026, 03:00:00";"27";"9.75";"0.04";"374.98";"5.12"
"Broad Run HS";"Aug 23, 2026, 02:00:00";"25";"7.87";"0.04";"344.3";"5.04"
"Broad Run HS";"Aug 23, 2026, 01:00:00";"22";"9.14";"0.04";"317.71";"3.68"
"Broad Run HS";"Aug 23, 2026, 00:00:00";"23";"11.56";"0.08";"381.69";"4.05"
"Broad Run HS";"Aug 22, 2026, 23:00:00";"24";"13.65";"0.1";"325.59";"4.72"
"Broad Run HS";"Aug 22, 2026, 22:00:00";"22";"11.87";"0.1";"168.72";"3.54"
"Broad Run HS";"Aug 22, 2026, 21:00:00";"23";"11.01";"0.1";"123.58";"3.24"
"Broad Run HS";"Aug 22, 2026, 20:00:00";"28";"10.07";"0.12";"100.16";"4.46"
"Broad Run HS";"Aug 22, 2026, 19:00:00";"32";"9.32";"0.12";"88.8";"5.25"
"Broad Run HS";"Aug 22, 2026, 18:00:00";"33";"6.73";"0.12";"68.46";"5.33"
"Broad Run HS";"Aug 22, 2026, 17:00:00";"37";"5.66";"0.13";"76.06";"5.74"
"Broad Run HS";"Aug 22, 2026, 16:00:00";"40";"5.03";"0.11";"85.54";"6.48"
"Broad Run HS";"Aug 22, 2026, 15:00:00";"42";"5.94";"0.12";"112.17";"7.19"
"Broad Run HS";"Aug 22, 2026, 14:00:00";"43";"7.81";"0.11";"137.25";"7.54"
"Broad Run HS";"Aug 22, 2026, 13:00:00";"43";"7.61";"0.11";"155.87";"7.4"
"Broad Run HS";"Aug 22, 2026, 12:00:00";"44";"7.35";"0.11";"164.64";"7.67"
"Broad Run HS";"Aug 22, 2026, 11:00:00";"44";"4.85";"0.12";"170.49";"6.66"
"Broad Run HS";"Aug 22, 2026, 10:00:00";"49";"3.76";"0.16";"190.11";"8.23"
"Broad Run HS";"Aug 22, 2026, 09:00:00";"51";"3.83";"0.18";"192.43";"9.53"
"Broad Run HS";"Aug 22, 2026, 08:00:00";"49";"3.77";"0.15";"187.76";"8.71"
"Broad Run HS";"Aug 22, 2026, 07:00:00";"49";"3.97";"0.13";"155.53";"8.61"
"Broad Run HS";"Aug 22, 2026, 06:00:00";"51";"4.02";"0.13";"144.91";"8.86"
"Broad Run HS";"Aug 22, 2026, 05:00:00";"52";"5.02";"0.13";"143.18";"9.07"
"Broad Run HS";"Aug 22, 2026, 04:00:00";"52";"5.1";"0.12";"121.14";"8.95"
"Broad Run HS";"Aug 22, 2026, 03:00:00";"54";"5.69";"0.11";"101.25";"9.4"
"Broad Run HS";"Aug 22, 2026, 02:00:00";"55";"6.19";"0.12";"84.97";"9.67"
"Broad Run HS";"Aug 22, 2026, 01:00:00";"57";"7.99";"0.15";"60.21";"10.21"
"Broad Run HS";"Aug 22, 2026, 00:00:00";"59";"10.22";"0.19";"34.46";"10.92"
"Broad Run HS";"Aug 21, 2026, 23:00:00";"62";"11.7";"0.21";"14.52";"12.77"
"Broad Run HS";"Aug 21, 2026, 22:00:00";"63";"11.84";"0.26";"1.19";"15.06"
"Broad Run HS";"Aug 21, 2026, 21:00:00";"63";"9.68";"0.21";"0";"16.24"
"Broad Run HS";"Aug 21, 2026, 20:00:00";"62";"7.96";"0.15";"0";"15.12"
"Broad Run HS";"Aug 21, 2026, 19:00:00";"62";"6.13";"0.11";"0";"14.82"
"Broad Run HS";"Aug 21, 2026, 18:00:00";"62";"4.72";"0.12";"0";"14.9"
"Broad Run HS";"Aug 21, 2026, 17:00:00";"63";"3.65";"0.13";"0";"15.2"
"Broad Run HS";"Aug 21, 2026, 16:00:00";"63";"1.55";"0.12";"0";"15.33"
"Broad Run HS";"Aug 21, 2026, 15:00:00";"62";"0.29";"0.1";"0";"15.9"
"Broad Run HS";"Aug 21, 2026, 14:00:00";"60";"0.01";"0.1";"0";"15.39"
"Broad Run HS";"Aug 21, 2026, 13:00:00";"58";"0.51";"0.09";"0.4";"13.82"
"Broad Run HS";"Aug 21, 2026, 12:00:00";"55";"0.72";"0.09";"12.94";"12.73"
"Broad Run HS";"Aug 21, 2026, 11:00:00";"52";"1.88";"0.09";"40.84";"10.4"
"Broad Run HS";"Aug 21, 2026, 10:00:00";"45";"3.37";"0.15";"89.28";"8.73"
"Broad Run HS";"Aug 21, 2026, 09:00:00";"43";"7.66";"0.11";"194.03";"8.14"
"Broad Run HS";"Aug 21, 2026, 08:00:00";"40";"7.7";"0.07";"222.72";"6.7"
"Broad Run HS";"Aug 21, 2026, 07:00:00";"42";"6.04";"0.05";"203.28";"7.4"
"Broad Run HS";"Aug 21, 2026, 06:00:00";"43";"5.04";"0.04";"192.51";"7.81"
"Broad Run HS";"Aug 21, 2026, 05:00:00";"42";"6.39";"0.04";"181.56";"7.21"
"Broad Run HS";"Aug 21, 2026, 04:00:00";"43";"6.65";"0.03";"156.77";"8.51"
"Broad Run HS";"Aug 21, 2026, 03:00:00";"38";"8.61";"0.04";"139.78";"7.95"
"Broad Run HS";"Aug 21, 2026, 02:00:00";"31";"9.92";"0.04";"123.02";"6.32"
"Broad Run HS";"Aug 21, 2026, 01:00:00";"27";"10.54";"0.04";"104.5";"5.95"
"Broad Run HS";"Aug 21, 2026, 00:00:00";"21";"10.67";"0.03";"86.63";"4.98"
"Broad Run HS";"Aug 20, 2026, 23:00:00";"14";"11.16";"0.02";"85.31";"2.63"
"Broad Run HS";"Aug 20, 2026, 22:00:00";"13";"11.22";"0.02";"64.17";"2.04"
"Broad Run HS";"Aug 20, 2026, 21:00:00";"14";"11.79";"0.03";"49.46";"1.77"
"Broad Run HS";"Aug 20, 2026, 20:00:00";"19";"8.51";"0.06";"41.81";"1.83"
"Broad Run HS";"Aug 20, 2026, 19:00:00";"28";"5.58";"0.11";"79.44";"3.92"
"Broad Run HS";"Aug 20, 2026, 18:00:00";"34";"0.59";"0.12";"141.98";"4.9"
"Broad Run HS";"Aug 20, 2026, 17:00:00";"40";"9.17";"0.15";"274.01";"4.4"
"Broad Run HS";"Aug 20, 2026, 16:00:00";"53";"12.27";"0.11";"143.39";"5.58"
"Broad Run HS";"Aug 20, 2026, 15:00:00";"62";"0.31";"0.2";"114.77";"14.73"
"Broad Run HS";"Aug 20, 2026, 14:00:00";"62";"0.04";"0.19";"136.92";"14.11"
"Broad Run HS";"Aug 20, 2026, 13:00:00";"62";"3.88";"0.26";"298.56";"16.35"
"Broad Run HS";"Aug 20, 2026, 12:00:00";"60";"9.88";"0.39";"297.64";"16.69"
"Broad Run HS";"Aug 20, 2026, 11:00:00";"53";"8.87";"0.33";"205.54";"12.57"
"Broad Run HS";"Aug 20, 2026, 10:00:00";"48";"7.39";"0.25";"247.73";"7.87"
"Broad Run HS";"Aug 20, 2026, 09:00:00";"49";"7.42";"0.22";"280.6";"7.78"
"Broad Run HS";"Aug 20, 2026, 08:00:00";"52";"8.25";"0.2";"306.71";"8.47"
"Broad Run HS";"Aug 20, 2026, 07:00:00";"52";"7.33";"0.17";"315.25";"9.93"
"Broad Run HS";"Aug 20, 2026, 06:00:00";"52";"6.31";"0.15";"221.12";"10.02"
"Broad Run HS";"Aug 20, 2026, 05:00:00";"51";"5.23";"0.15";"170.11";"8.3"
"Broad Run HS";"Aug 20, 2026, 04:00:00";"52";"5.47";"0.15";"164.55";"8.94"
"Broad Run HS";"Aug 20, 2026, 03:00:00";"52";"6.53";"0.18";"146.67";"9.46"
"Broad Run HS";"Aug 20, 2026, 02:00:00";"53";"7.78";"0.18";"122.71";"9.87"
"Broad Run HS";"Aug 20, 2026, 01:00:00";"53";"7.93";"0.19";"108.09";"10.91"
"Broad Run HS";"Aug 20, 2026, 00:00:00";"52";"9.62";"0.22";"61.3";"9.99"
"Broad Run HS";"Aug 19, 2026, 23:00:00";"49";"8.22";"0.17";"32.13";"8.07"
"Broad Run HS";"Aug 19, 2026, 22:00:00";"52";"10.13";"0.22";"30.91";"9.35"
"Broad Run HS";"Aug 19, 2026, 21:00:00";"52";"10.46";"0.24";"8.69";"9.57"
"Broad Run HS";"Aug 19, 2026, 20:00:00";"52";"6.53";"0.21";"0";"9.36"
"Broad Run HS";"Aug 19, 2026, 19:00:00";"52";"3.53";"0.18";"0";"9.91"
"Broad Run HS";"Aug 19, 2026, 18:00:00";"49";"2.19";"0.18";"0";"9.64"
"Broad Run HS";"Aug 19, 2026, 17:00:00";"45";"2.78";"0.18";"0";"8.59"
"Broad Run HS";"Aug 19, 2026, 16:00:00";"42";"2.73";"0.19";"0";"8.11"
"Broad Run HS";"Aug 19, 2026, 15:00:00";"39";"0";"0.16";"0";"7.66"
"Broad Run HS";"Aug 19, 2026, 14:00:00";"35";"0.96";"0.15";"0";"7.15"
"Broad Run HS";"Aug 19, 2026, 13:00:00";"32";"0.33";"0.15";"0";"6.42"
"Broad Run HS";"Aug 19, 2026, 12:00:00";"29";"0";"0.13";"0";"5.56"
"Broad Run HS";"Aug 19, 2026, 11:00:00";"27";"0";"0.15";"15.21";"4.85"
"Broad Run HS";"Aug 19, 2026, 10:00:00";"26";"0.99";"0.16";"46.02";"4.57"
"Broad Run HS";"Aug 19, 2026, 09:00:00";"27";"5";"0.13";"101.25";"4"
"Broad Run HS";"Aug 19, 2026, 08:00:00";"31";"8.39";"0.11";"155.13";"4.07"
"Broad Run HS";"Aug 19, 2026, 07:00:00";"39";"7.67";"0.09";"145.64";"7.33"
"Broad Run HS";"Aug 19, 2026, 06:00:00";"38";"6.9";"0.07";"118.61";"7.01"
"Broad Run HS";"Aug 19, 2026, 05:00:00";"37";"6.57";"0.07";"99.83";"6.39"
"Broad Run HS";"Aug 19, 2026, 04:00:00";"38";"6.4";"0.07";"87.6";"5.82"
"Broad Run HS";"Aug 19, 2026, 03:00:00";"44";"0";"0";"0";"6.1"
"Broad Run HS";"Aug 19, 2026, 02:00:00";"53";"7.51";"0.1";"133.56";"8.56"
"Broad Run HS";"Aug 19, 2026, 01:00:00";"54";"8.37";"0.13";"146.44";"10.04"
"Broad Run HS";"Aug 19, 2026, 00:00:00";"54";"10.13";"0.18";"130.81";"12.64"
"Broad Run HS";"Aug 18, 2026, 23:00:00";"51";"11.82";"0.22";"84.83";"10.23"
"Broad Run HS";"Aug 18, 2026, 22:00:00";"49";"12.16";"0.2";"31.68";"9.12"
"Broad Run HS";"Aug 18, 2026, 21:00:00";"48";"11.37";"0.25";"14.54";"9.24"
"Broad Run HS";"Aug 18, 2026, 20:00:00";"47";"6.57";"0.18";"5.86";"8.45"
"Broad Run HS";"Aug 18, 2026, 19:00:00";"47";"2.45";"0.17";"2.83";"8.92"
"Broad Run HS";"Aug 18, 2026, 18:00:00";"47";"0.67";"0.17";"4.05";"8.47"
"Broad Run HS";"Aug 18, 2026, 17:00:00";"46";"0.96";"0.15";"7.04";"8.02"
"Broad Run HS";"Aug 18, 2026, 16:00:00";"47";"0.34";"0.14";"14.64";"7.73"
"Broad Run HS";"Aug 18, 2026, 15:00:00";"48";"0.03";"0.14";"41.93";"8.26"
"Broad Run HS";"Aug 18, 2026, 14:00:00";"48";"0";"0.16";"97.42";"8.8"
"Broad Run HS";"Aug 18, 2026, 13:00:00";"48";"0.06";"0.17";"179.39";"8.76"
"Broad Run HS";"Aug 18, 2026, 12:00:00";"47";"0.49";"0.16";"201.78";"8.76"
"Broad Run HS";"Aug 18, 2026, 11:00:00";"47";"0.49";"0.17";"240.56";"8.82"
"Broad Run HS";"Aug 18, 2026, 10:00:00";"46";"1.78";"0.21";"263.07";"8.42"
"Broad Run HS";"Aug 18, 2026, 09:00:00";"44";"1.66";"0.16";"330.27";"7.69"
"Broad Run HS";"Aug 18, 2026, 08:00:00";"45";"4.91";"0.13";"433.57";"7.11"
"Broad Run HS";"Aug 18, 2026, 07:00:00";"49";"5.09";"0.11";"449.28";"8.93"
"Broad Run HS";"Aug 18, 2026, 06:00:00";"49";"3.78";"0.09";"458.45";"8.47"
"Broad Run HS";"Aug 18, 2026, 05:00:00";"50";"3.47";"0.08";"467.53";"9.3"
"Broad Run HS";"Aug 18, 2026, 04:00:00";"48";"3.35";"0.08";"478.69";"8.69"
"Broad Run HS";"Aug 18, 2026, 03:00:00";"48";"2.83";"0.09";"485.25";"8.8"
"Broad Run HS";"Aug 18, 2026, 02:00:00";"46";"3.74";"0.1";"524.7";"7.88"
"Broad Run HS";"Aug 18, 2026, 01:00:00";"48";"4.33";"0.11";"555.77";"9.8"
"Broad Run HS";"Aug 18, 2026, 00:00:00";"40";"7.16";"0.12";"599.66";"7.95"
"Broad Run HS";"Aug 17, 2026, 23:00:00";"37";"7.46";"0.13";"485.99";"7.47"
"Broad Run HS";"Aug 17, 2026, 22:00:00";"33";"8.21";"0.13";"345.17";"6.02"
"Broad Run HS";"Aug 17, 2026, 21:00:00";"32";"9.42";"0.13";"202.65";"5.25"
"Broad Run HS";"Aug 17, 2026, 20:00:00";"32";"10.83";"0.13";"115.05";"5.11"
"Broad Run HS";"Aug 17, 2026, 19:00:00";"35";"12.48";"0.13";"78.23";"4.84"
"Broad Run HS";"Aug 17, 2026, 18:00:00";"44";"3";"0.16";"44.96";"8.48"
"Broad Run HS";"Aug 17, 2026, 17:00:00";"42";"0.3";"0.16";"24.17";"7.19"
"Broad Run HS";"Aug 17, 2026, 16:00:00";"43";"0.04";"0.14";"30.82";"7.92"
"Broad Run HS";"Aug 17, 2026, 15:00:00";"41";"0.17";"0.13";"44.85";"8.22"
"Broad Run HS";"Aug 17, 2026, 14:00:00";"37";"0";"0.13";"86.3";"7.06"
"Broad Run HS";"Aug 17, 2026, 13:00:00";"34";"0.04";"0.12";"153.78";"6.1"
"Broad Run HS";"Aug 17, 2026, 12:00:00";"33";"0.03";"0.11";"194.37";"6.23"
"Broad Run HS";"Aug 17, 2026, 11:00:00";"32";"0";"0.11";"286.4";"6.25"
"Broad Run HS";"Aug 17, 2026, 10:00:00";"29";"0";"0.12";"416.28";"5.24"
"Broad Run HS";"Aug 17, 2026, 09:00:00";"28";"2.16";"0.1";"584.83";"4.18"
"Broad Run HS";"Aug 17, 2026, 08:00:00";"32";"4.74";"0.89";"689.52";"5.16"
"Broad Run HS";"Aug 17, 2026, 07:00:00";"35";"4.61";"0.08";"746.71";"5.73"
"Broad Run HS";"Aug 17, 2026, 06:00:00";"39";"2.91";"0.06";"777.74";"6.83"
"Broad Run HS";"Aug 17, 2026, 05:00:00";"40";"3.19";"0.05";"776.71";"6.54"
"Broad Run HS";"Aug 17, 2026, 04:00:00";"43";"2.28";"0.06";"848.04";"6.94"
"Broad Run HS";"Aug 17, 2026, 03:00:00";"47";"2.63";"0.08";"938.92";"8.15"
"Broad Run HS";"Aug 17, 2026, 02:00:00";"49";"8.29";"0.09";"946.87";"7.73"
"Broad Run HS";"Aug 17, 2026, 01:00:00";"53";"14.62";"0.09";"881.51";"8.88"
"Broad Run HS";"Aug 17, 2026, 00:00:00";"55";"4.37";"0.15";"928.69";"11.38"
"Broad Run HS";"Aug 16, 2026, 23:00:00";"54";"6.35";"0.16";"884.65";"11.85"
"Broad Run HS";"Aug 16, 2026, 22:00:00";"48";"12.06";"0.13";"826.35";"10.45"
"Broad Run HS";"Aug 16, 2026, 21:00:00";"38";"12.34";"0.09";"728.9";"4.96"
"Broad Run HS";"Aug 16, 2026, 20:00:00";"49";"12.94";"0.12";"824.53";"6.6"
"Broad Run HS";"Aug 16, 2026, 19:00:00";"54";"9.23";"0.17";"690.59";"11.3"
"Broad Run HS";"Aug 16, 2026, 18:00:00";"54";"5.56";"0.16";"559.68";"10.72"
"Broad Run HS";"Aug 16, 2026, 17:00:00";"53";"10.98";"0.17";"622.21";"9.79"
"Broad Run HS";"Aug 16, 2026, 16:00:00";"53";"9.06";"0.15";"661.17";"10.01"
"Broad Run HS";"Aug 16, 2026, 15:00:00";"54";"7.46";"0.15";"724.63";"9.12"
"Broad Run HS";"Aug 16, 2026, 14:00:00";"55";"9.2";"0.15";"641.58";"10.11"
"Broad Run HS";"Aug 16, 2026, 13:00:00";"56";"9.27";"0.13";"551.75";"10.52"
"Broad Run HS";"Aug 16, 2026, 12:00:00";"57";"10.3";"0.14";"481.09";"10.54"
"Broad Run HS";"Aug 16, 2026, 11:00:00";"58";"10.31";"0.13";"337.1";"11.51"
"Broad Run HS";"Aug 16, 2026, 10:00:00";"59";"8.8";"0.15";"353.72";"12.53"
"Broad Run HS";"Aug 16, 2026, 09:00:00";"59";"8.62";"0.17";"348.62";"12.96"
"Broad Run HS";"Aug 16, 2026, 08:00:00";"59";"8.95";"0.17";"387.33";"12.22"
"Broad Run HS";"Aug 16, 2026, 07:00:00";"60";"8.38";"0.18";"345.9";"12.25"
"Broad Run HS";"Aug 16, 2026, 06:00:00";"61";"7.32";"0.19";"264.37";"13.5"
"Broad Run HS";"Aug 16, 2026, 05:00:00";"61";"7.83";"0.2";"209.59";"13.69"
"Broad Run HS";"Aug 16, 2026, 04:00:00";"61";"9.32";"0.21";"167.24";"13.96"
"Broad Run HS";"Aug 16, 2026, 03:00:00";"62";"10.29";"0.21";"112.84";"13.69"
"Broad Run HS";"Aug 16, 2026, 02:00:00";"62";"11.54";"0.19";"53.24";"13.77"
"Broad Run HS";"Aug 16, 2026, 01:00:00";"63";"15.4";"0.21";"37.68";"14.06"
"Broad Run HS";"Aug 16, 2026, 00:00:00";"63";"11.88";"0.22";"24.87";"14.39"
"Broad Run HS";"Aug 15, 2026, 23:00:00";"64";"10.1";"0.22";"13.14";"15.41"
"Broad Run HS";"Aug 15, 2026, 22:00:00";"64";"9.93";"0.24";"6.17";"16.24"
"Broad Run HS";"Aug 15, 2026, 21:00:00";"64";"9.82";"0.22";"0.67";"14.5"
"Broad Run HS";"Aug 15, 2026, 20:00:00";"65";"8.92";"0.21";"0";"15.91"
"Broad Run HS";"Aug 15, 2026, 19:00:00";"65";"6.07";"0.2";"0";"16.4"
"Broad Run HS";"Aug 15, 2026, 18:00:00";"65";"5.02";"0.2";"0";"17.07"
"Broad Run HS";"Aug 15, 2026, 17:00:00";"64";"3.74";"0.19";"0";"16.43"
"Broad Run HS";"Aug 15, 2026, 16:00:00";"63";"1.88";"0.19";"0";"16.93"
"Broad Run HS";"Aug 15, 2026, 15:00:00";"62";"0.03";"0.19";"0";"16.1"
"Broad Run HS";"Aug 15, 2026, 14:00:00";"60";"1.87";"0.17";"0.99";"15.22"
"Broad Run HS";"Aug 15, 2026, 13:00:00";"58";"0.7";"0.15";"6.72";"13.97"
"Broad Run HS";"Aug 15, 2026, 12:00:00";"57";"0";"0.15";"28.27";"12.17"
"Broad Run HS";"Aug 15, 2026, 11:00:00";"57";"0.09";"0.15";"63.21";"11.96"
"Broad Run HS";"Aug 15, 2026, 10:00:00";"57";"0.13";"0.15";"117.4";"11.65"
"Broad Run HS";"Aug 15, 2026, 09:00:00";"58";"3.19";"0.16";"213.47";"11.6"
"Broad Run HS";"Aug 15, 2026, 08:00:00";"60";"6.04";"0.14";"318.06";"10.92"
"Broad Run HS";"Aug 15, 2026, 07:00:00";"62";"6.16";"0.13";"339.22";"13.86"
"Broad Run HS";"Aug 15, 2026, 06:00:00";"63";"5.43";"0.12";"328.5";"17.42"
"Broad Run HS";"Aug 15, 2026, 05:00:00";"61";"6.23";"0.12";"295.42";"16.87"
"Broad Run HS";"Aug 15, 2026, 04:00:00";"59";"6.04";"0.13";"281.6";"13.31"
"Broad Run HS";"Aug 15, 2026, 03:00:00";"58";"5.7";"0.13";"249.35";"13.3"
"Broad Run HS";"Aug 15, 2026, 02:00:00";"58";"5.11";"0.13";"227.24";"12.2"
"Broad Run HS";"Aug 15, 2026, 01:00:00";"59";"6.27";"0.15";"206.68";"11.76"
"Broad Run HS";"Aug 15, 2026, 00:00:00";"60";"6.91";"0.16";"192.58";"12.18"
"Broad Run HS";"Aug 14, 2026, 23:00:00";"61";"7.74";"0.18";"163.11";"12.76"
"Broad Run HS";"Aug 14, 2026, 22:00:00";"62";"8.03";"0.19";"161.66";"13.49"
"Broad Run HS";"Aug 14, 2026, 21:00:00";"64";"8.47";"0.19";"150.03";"14.68"
"Broad Run HS";"Aug 14, 2026, 20:00:00";"64";"8.77";"0.19";"118.51";"15.86"
"Broad Run HS";"Aug 14, 2026, 19:00:00";"64";"6.96";"0.17";"77.93";"15.29"
"Broad Run HS";"Aug 14, 2026, 18:00:00";"64";"4.28";"0.16";"66.17";"14.62"
"Broad Run HS";"Aug 14, 2026, 17:00:00";"65";"3.16";"0.17";"75.84";"16.31"
"Broad Run HS";"Aug 14, 2026, 16:00:00";"65";"2.72";"0.19";"114.39";"17.04"
"Broad Run HS";"Aug 14, 2026, 15:00:00";"65";"7.09";"0.19";"185.22";"16.05"
"Broad Run HS";"Aug 14, 2026, 14:00:00";"65";"10.3";"0.19";"200.75";"16.27"
"Broad Run HS";"Aug 14, 2026, 13:00:00";"65";"8.9";"0.2";"188.78";"17.27"
"Broad Run HS";"Aug 14, 2026, 12:00:00";"63";"6.81";"0.22";"141.22";"16.33"
"Broad Run HS";"Aug 14, 2026, 11:00:00";"62";"4.13";"0.2";"120.03";"15.69"
"Broad Run HS";"Aug 14, 2026, 10:00:00";"60";"4.85";"0.19";"157.05";"15"
"Broad Run HS";"Aug 14, 2026, 09:00:00";"58";"4.94";"0.18";"200.53";"14.13"
"Broad Run HS";"Aug 14, 2026, 08:00:00";"56";"6.11";"0.17";"236.78";"13.33"
"Broad Run HS";"Aug 14, 2026, 07:00:00";"54";"6.88";"0.18";"284.39";"11.8"
"Broad Run HS";"Aug 14, 2026, 06:00:00";"53";"5.38";"0.16";"310.43";"10.42"
"Broad Run HS";"Aug 14, 2026, 05:00:00";"53";"5.61";"0.15";"262.65";"11"
"Broad Run HS";"Aug 14, 2026, 04:00:00";"53";"5.43";"0.15";"213.84";"10.31"
"Broad Run HS";"Aug 14, 2026, 03:00:00";"53";"6.14";"0.16";"178.66";"10.04"
"Broad Run HS";"Aug 14, 2026, 02:00:00";"53";"6.03";"0.22";"160.69";"9.8"
"Broad Run HS";"Aug 14, 2026, 01:00:00";"53";"7.16";"0.23";"142.39";"9.21"
"Broad Run HS";"Aug 14, 2026, 00:00:00";"53";"8.38";"0.24";"105.85";"9.48"
"Broad Run HS";"Aug 13, 2026, 23:00:00";"53";"11.33";"0.26";"57.23";"9.58"
"Broad Run HS";"Aug 13, 2026, 22:00:00";"54";"12.42";"0.28";"29.6";"9.81"
"Broad Run HS";"Aug 13, 2026, 21:00:00";"54";"11.02";"0.26";"12.06";"10.06"
"Broad Run HS";"Aug 13, 2026, 20:00:00";"54";"7.8";"0.22";"0.44";"10.28"
"Broad Run HS";"Aug 13, 2026, 19:00:00";"54";"6.81";"0.22";"0";"10.57"
"Broad Run HS";"Aug 13, 2026, 18:00:00";"54";"5.26";"0.22";"0";"10.56"
"Broad Run HS";"Aug 13, 2026, 17:00:00";"53";"0.79";"0.2";"0";"10.05"
"Broad Run HS";"Aug 13, 2026, 16:00:00";"54";"1.21";"0.19";"0";"9.78"
"Broad Run HS";"Aug 13, 2026, 15:00:00";"54";"0.33";"0.19";"0";"10.09"
"Broad Run HS";"Aug 13, 2026, 14:00:00";"54";"0.03";"0.19";"0";"11.33"
"Broad Run HS";"Aug 13, 2026, 13:00:00";"54";"1.08";"0.19";"0.64";"11.19"
"Broad Run HS";"Aug 13, 2026, 12:00:00";"53";"0.94";"0.17";"1.92";"10.45"
"Broad Run HS";"Aug 13, 2026, 11:00:00";"53";"2.73";"0.16";"5.4";"10.2"
"Broad Run HS";"Aug 13, 2026, 10:00:00";"52";"3.15";"0.18";"17.63";"10.36"
"Broad Run HS";"Aug 13, 2026, 09:00:00";"48";"5.94";"0.16";"37.24";"9.29"
"Broad Run HS";"Aug 13, 2026, 08:00:00";"45";"8";"0.14";"75.77";"7.67"
"Broad Run HS";"Aug 13, 2026, 07:00:00";"47";"8.73";"0.12";"66.03";"7.77"
"Broad Run HS";"Aug 13, 2026, 06:00:00";"50";"7.48";"0.12";"60.82";"7.81"
"Broad Run HS";"Aug 13, 2026, 05:00:00";"54";"6.28";"0.12";"73.15";"8.35"
"Broad Run HS";"Aug 13, 2026, 04:00:00";"57";"6.48";"0.18";"168.54";"11.59"
"Broad Run HS";"Aug 13, 2026, 03:00:00";"59";"7.66";"0.19";"186.47";"12.51"
"Broad Run HS";"Aug 13, 2026, 02:00:00";"60";"8.51";"0.2";"126.28";"12.8"
"Broad Run HS";"Aug 13, 2026, 01:00:00";"60";"8.99";"0.19";"109.01";"12.81"
"Broad Run HS";"Aug 13, 2026, 00:00:00";"62";"8.3";"0.2";"87.75";"13.66"
"Broad Run HS";"Aug 12, 2026, 23:00:00";"64";"8.39";"0.22";"58.82";"14.39"
"Broad Run HS";"Aug 12, 2026, 22:00:00";"65";"8.32";"0.23";"34.73";"14.81"
"Broad Run HS";"Aug 12, 2026, 21:00:00";"66";"9.03";"0.25";"22.89";"15.07"
"Broad Run HS";"Aug 12, 2026, 20:00:00";"68";"9.23";"0.24";"9.58";"16.97"
"Broad Run HS";"Aug 12, 2026, 19:00:00";"70";"6.27";"0.24";"1.42";"18.5"
"Broad Run HS";"Aug 12, 2026, 18:00:00";"72";"4.9";"0.23";"0.04";"19.75"
"Broad Run HS";"Aug 12, 2026, 17:00:00";"72";"2.4";"0.22";"0.01";"21.04"
"Broad Run HS";"Aug 12, 2026, 16:00:00";"71";"0.29";"0.23";"0";"21.18"
"Broad Run HS";"Aug 12, 2026, 15:00:00";"68";"1.65";"0.23";"4.37";"19.78"
"Broad Run HS";"Aug 12, 2026, 14:00:00";"65";"1.25";"0.23";"14.5";"18.33"
"Broad Run HS";"Aug 12, 2026, 13:00:00";"61";"3.38";"0.22";"23.85";"15.28"
"Broad Run HS";"Aug 12, 2026, 12:00:00";"59";"2.49";"0.21";"27.53";"14.66"
"Broad Run HS";"Aug 12, 2026, 11:00:00";"57";"4.24";"0.21";"37.03";"13.64"
"Broad Run HS";"Aug 12, 2026, 10:00:00";"54";"6.61";"0.19";"52.1";"11.99"
"Broad Run HS";"Aug 12, 2026, 09:00:00";"52";"11.35";"0.2";"80.54";"10.62"
"Broad Run HS";"Aug 12, 2026, 08:00:00";"49";"12.78";"0.18";"97.59";"9.18"
"Broad Run HS";"Aug 12, 2026, 07:00:00";"48";"11.1";"0.15";"90.98";"8.48"
"Broad Run HS";"Aug 12, 2026, 06:00:00";"48";"9.88";"0.14";"77.85";"8.66"
"Broad Run HS";"Aug 12, 2026, 05:00:00";"48";"9.24";"0.13";"51.79";"8.19"
"Broad Run HS";"Aug 12, 2026, 04:00:00";"49";"9.02";"0.13";"32.6";"9.09"
"Broad Run HS";"Aug 12, 2026, 03:00:00";"48";"9.26";"0.14";"33";"8.4"
"Broad Run HS";"Aug 12, 2026, 02:00:00";"49";"10.01";"0.14";"41.46";"8.3"
"Broad Run HS";"Aug 12, 2026, 01:00:00";"51";"10.5";"0.14";"40.75";"7.91"
"Broad Run HS";"Aug 12, 2026, 00:00:00";"54";"10.54";"0.15";"30.18";"9.02"
"Broad Run HS";"Aug 11, 2026, 23:00:00";"57";"10.62";"0.16";"16.78";"10.4"
"Broad Run HS";"Aug 11, 2026, 22:00:00";"59";"10.51";"0.18";"4.9";"11.36"
"Broad Run HS";"Aug 11, 2026, 21:00:00";"61";"11.53";"0.19";"0.02";"14.16"
"Broad Run HS";"Aug 11, 2026, 20:00:00";"62";"10.25";"0.18";"0";"14.12"
"Broad Run HS";"Aug 11, 2026, 19:00:00";"62";"7.34";"0.19";"0";"15.64"
"Broad Run HS";"Aug 11, 2026, 18:00:00";"61";"5.03";"0.18";"0";"13.78"
"Broad Run HS";"Aug 11, 2026, 17:00:00";"62";"1.61";"0.19";"11.11";"13.82"
"Broad Run HS";"Aug 11, 2026, 16:00:00";"63";"0.65";"0.22";"37.06";"14.57"
"Broad Run HS";"Aug 11, 2026, 15:00:00";"65";"0.09";"0.21";"44.42";"15.85"
"Broad Run HS";"Aug 11, 2026, 14:00:00";"65";"0.68";"0.23";"72.46";"16.76"
"Broad Run HS";"Aug 11, 2026, 13:00:00";"65";"1.63";"0.23";"103.4";"17.39"
"Broad Run HS";"Aug 11, 2026, 12:00:00";"62";"2.43";"0.23";"142.96";"17.8"
"Broad Run HS";"Aug 11, 2026, 11:00:00";"57";"4.79";"0.21";"177.31";"13.3"
"Broad Run HS";"Aug 11, 2026, 10:00:00";"56";"9.09";"0.21";"269.91";"11.21"
"Broad Run HS";"Aug 11, 2026, 09:00:00";"56";"11.76";"0.2";"345.51";"10.64"
"Broad Run HS";"Aug 11, 2026, 08:00:00";"58";"13.27";"0.2";"362.67";"14.65"
"Broad Run HS";"Aug 11, 2026, 07:00:00";"54";"11.33";"0.16";"307.2";"13.65"
"Broad Run HS";"Aug 11, 2026, 06:00:00";"39";"6.97";"0.14";"344.74";"8.59"
"Broad Run HS";"Aug 11, 2026, 05:00:00";"33";"4.06";"0.13";"392.09";"5.68"
"Broad Run HS";"Aug 11, 2026, 04:00:00";"34";"4.41";"0.13";"377.82";"5.09"
"Broad Run HS";"Aug 11, 2026, 03:00:00";"37";"4.88";"0.12";"335.03";"6.2"
"Broad Run HS";"Aug 11, 2026, 02:00:00";"38";"3.92";"0.12";"351.03";"7.24"
"Broad Run HS";"Aug 11, 2026, 01:00:00";"37";"4.71";"0.13";"378.51";"6.72"
"Broad Run HS";"Aug 11, 2026, 00:00:00";"35";"7.15";"0.14";"394.53";"6.44"
"Broad Run HS";"Aug 10, 2026, 23:00:00";"35";"8.7";"0.16";"424.33";"6.79"
"Broad Run HS";"Aug 10, 2026, 22:00:00";"32";"8.09";"0.15";"412.75";"4.93"
"Broad Run HS";"Aug 10, 2026, 21:00:00";"35";"8.87";"0.15";"366.9";"5.94"
"Broad Run HS";"Aug 10, 2026, 20:00:00";"37";"10.99";"0.16";"360.93";"5.5"
"Broad Run HS";"Aug 10, 2026, 19:00:00";"44";"14.45";"0.18";"339";"5.89"
"Broad Run HS";"Aug 10, 2026, 18:00:00";"53";"14.95";"0.16";"251.4";"7.13"
"Broad Run HS";"Aug 10, 2026, 17:00:00";"58";"18.14";"0.15";"109.89";"6.98"
"Broad Run HS";"Aug 10, 2026, 16:00:00";"68";"0.8";"0.22";"0";"16.86"
"Broad Run HS";"Aug 10, 2026, 15:00:00";"70";"0";"0.23";"0.36";"18.54"
"Broad Run HS";"Aug 10, 2026, 14:00:00";"71";"0.06";"0.22";"2.3";"19.9"
"Broad Run HS";"Aug 10, 2026, 13:00:00";"71";"0";"0.22";"11.82";"21.26"
"Broad Run HS";"Aug 10, 2026, 12:00:00";"69";"0";"0.19";"26.33";"17.78"
"Broad Run HS";"Aug 10, 2026, 11:00:00";"70";"0";"0.24";"72.6";"22.32"
"Broad Run HS";"Aug 10, 2026, 10:00:00";"63";"0";"0.26";"151.99";"18.17"
"Broad Run HS";"Aug 10, 2026, 09:00:00";"60";"2.02";"0.3";"258.99";"14.44"
"Broad Run HS";"Aug 10, 2026, 08:00:00";"59";"4.69";"0.25";"354.73";"11.36"
"Broad Run HS";"Aug 10, 2026, 07:00:00";"62";"4.5";"0.22";"354.81";"12.7"
"Broad Run HS";"Aug 10, 2026, 06:00:00";"64";"2.04";"0.19";"354.81";"15.44"
"Broad Run HS";"Aug 10, 2026, 05:00:00";"64";"2.66";"0.19";"358";"15.63"
"Broad Run HS";"Aug 10, 2026, 04:00:00";"64";"3.44";"0.21";"329.21";"16.24"
"Broad Run HS";"Aug 10, 2026, 03:00:00";"63";"4.29";"0.21";"268.47";"15.25"
"Broad Run HS";"Aug 10, 2026, 02:00:00";"64";"4.39";"0.23";"199.66";"14.54"
"Broad Run HS";"Aug 10, 2026, 01:00:00";"65";"4.18";"0.23";"137.11";"15.2"
"Broad Run HS";"Aug 10, 2026, 00:00:00";"66";"3.73";"0.26";"117.44";"14.98"
"Broad Run HS";"Aug 9, 2026, 23:00:00";"66";"6.03";"0.28";"75.5";"15.62"
"Broad Run HS";"Aug 9, 2026, 22:00:00";"68";"5.74";"0.29";"41.6";"16.26"
"Broad Run HS";"Aug 9, 2026, 21:00:00";"69";"5.38";"0.27";"16.41";"17.75"
"Broad Run HS";"Aug 9, 2026, 20:00:00";"71";"3.75";"0.25";"0";"19.65"
"Broad Run HS";"Aug 9, 2026, 19:00:00";"71";"0.82";"0.24";"0";"20.17"
"Broad Run HS";"Aug 9, 2026, 18:00:00";"69";"0.01";"0.24";"0";"19.89"
"Broad Run HS";"Aug 9, 2026, 17:00:00";"67";"0.13";"0.23";"0";"17.92"
"Broad Run HS";"Aug 9, 2026, 16:00:00";"66";"0";"0.2";"0";"16.64"
"Broad Run HS";"Aug 9, 2026, 15:00:00";"66";"0";"0.21";"0";"17.5"
"Broad Run HS";"Aug 9, 2026, 14:00:00";"65";"0";"0.21";"2.95";"18.12"
"Broad Run HS";"Aug 9, 2026, 13:00:00";"63";"0";"0.21";"24.4";"18.06"
"Broad Run HS";"Aug 9, 2026, 12:00:00";"57";"0";"0.2";"86.82";"13.79"
"Broad Run HS";"Aug 9, 2026, 11:00:00";"54";"0";"0.19";"117.81";"12.13"
"Broad Run HS";"Aug 9, 2026, 10:00:00";"52";"0";"0.2";"161.52";"11.35"
"Broad Run HS";"Aug 9, 2026, 09:00:00";"39";"0.05";"0.21";"271.51";"8.21"
"Broad Run HS";"Aug 9, 2026, 08:00:00";"37";"1.56";"0.2";"387.58";"5.95"
"Broad Run HS";"Aug 9, 2026, 07:00:00";"39";"2.99";"0.19";"406.94";"6.97"
"Broad Run HS";"Aug 9, 2026, 06:00:00";"38";"3.04";"0.18";"389.62";"6.58"
"Broad Run HS";"Aug 9, 2026, 05:00:00";"38";"3.61";"0.17";"359.39";"6.35"
"Broad Run HS";"Aug 9, 2026, 04:00:00";"40";"4.29";"0.16";"309.17";"6.74"
"Broad Run HS";"Aug 9, 2026, 03:00:00";"43";"4.99";"0.17";"248.77";"7.43"
"Broad Run HS";"Aug 9, 2026, 02:00:00";"44";"4.6";"0.18";"165.02";"7.7"
"Broad Run HS";"Aug 9, 2026, 01:00:00";"44";"4.91";"0.22";"126.97";"7.8"
"Broad Run HS";"Aug 9, 2026, 00:00:00";"45";"5.91";"0.25";"82.65";"7.56"
"Broad Run HS";"Aug 8, 2026, 23:00:00";"46";"5.49";"0.25";"55.83";"7.9"
"Broad Run HS";"Aug 8, 2026, 22:00:00";"48";"5.29";"0.23";"38.17";"7.93"
"Broad Run HS";"Aug 8, 2026, 21:00:00";"51";"4.83";"0.22";"31.29";"8.35"
"Broad Run HS";"Aug 8, 2026, 20:00:00";"53";"3.32";"0.22";"22.57";"8.9"
"Broad Run HS";"Aug 8, 2026, 19:00:00";"55";"1.44";"0.23";"7.75";"10.49"
"Broad Run HS";"Aug 8, 2026, 18:00:00";"56";"0.52";"0.24";"1.95";"11.61"
"Broad Run HS";"Aug 8, 2026, 17:00:00";"56";"1.22";"0.26";"5.42";"11.83"
"Broad Run HS";"Aug 8, 2026, 16:00:00";"55";"0";"0.24";"1.99";"12.53"
"Broad Run HS";"Aug 8, 2026, 15:00:00";"52";"0";"0.24";"6.61";"11.66"
"Broad Run HS";"Aug 8, 2026, 14:00:00";"38";"0.66";"0.22";"37.8";"7.04"
"Broad Run HS";"Aug 8, 2026, 13:00:00";"37";"0";"0.21";"52.03";"7.66"
"Broad Run HS";"Aug 8, 2026, 12:00:00";"30";"0";"0.2";"65";"6.16"
"Broad Run HS";"Aug 8, 2026, 11:00:00";"25";"0";"0.2";"119.93";"5.15"
"Broad Run HS";"Aug 8, 2026, 10:00:00";"24";"0";"0.23";"229.2";"4.66"
"Broad Run HS";"Aug 8, 2026, 09:00:00";"22";"0.15";"0.22";"398.17";"3.93"
"Broad Run HS";"Aug 8, 2026, 08:00:00";"21";"1.82";"0.2";"527.67";"3.03"
"Broad Run HS";"Aug 8, 2026, 07:00:00";"25";"1.17";"0.17";"472.03";"4.37"
"Broad Run HS";"Aug 8, 2026, 06:00:00";"25";"1.46";"0.16";"450.28";"4.95"
"Broad Run HS";"Aug 8, 2026, 05:00:00";"23";"2.4";"0.16";"451.2";"4.35"
"Broad Run HS";"Aug 8, 2026, 04:00:00";"23";"3.4";"0.17";"438.08";"4.58"
"Broad Run HS";"Aug 8, 2026, 03:00:00";"20";"4.8";"0.17";"400.49";"3.89"
"Broad Run HS";"Aug 8, 2026, 02:00:00";"18";"5.36";"0.18";"359.38";"3.26"
"Broad Run HS";"Aug 8, 2026, 01:00:00";"17";"5.66";"0.18";"284.72";"3.01"
"Broad Run HS";"Aug 8, 2026, 00:00:00";"17";"6.44";"0.19";"215.53";"3.02"
"Broad Run HS";"Aug 7, 2026, 23:00:00";"16";"6.42";"0.19";"156.51";"2.59"
"Broad Run HS";"Aug 7, 2026, 22:00:00";"17";"6.42";"0.21";"112.35";"2.77"
"Broad Run HS";"Aug 7, 2026, 21:00:00";"19";"6.57";"0.22";"77.7";"3.19"
"Broad Run HS";"Aug 7, 2026, 20:00:00";"20";"7.37";"0.21";"51.99";"2.62"
"Broad Run HS";"Aug 7, 2026, 19:00:00";"26";"6.81";"0.22";"55.28";"3.96"
"Broad Run HS";"Aug 7, 2026, 18:00:00";"30";"2.26";"0.25";"43.66";"5.93"
"Broad Run HS";"Aug 7, 2026, 17:00:00";"28";"1.93";"0.26";"44.26";"4.77"
"Broad Run HS";"Aug 7, 2026, 16:00:00";"28";"3.04";"0.24";"25.04";"5.35"
"Broad Run HS";"Aug 7, 2026, 15:00:00";"27";"0.51";"0.23";"5.65";"5.38"
"Broad Run HS";"Aug 7, 2026, 14:00:00";"23";"0";"0.21";"14.31";"4.04"
"Broad Run HS";"Aug 7, 2026, 13:00:00";"23";"0";"0.2";"63.54";"4.17"
"Broad Run HS";"Aug 7, 2026, 12:00:00";"23";"0";"0.21";"133.97";"4.25"
"Broad Run HS";"Aug 7, 2026, 11:00:00";"23";"0";"0.22";"225.26";"4.23"
"Broad Run HS";"Aug 7, 2026, 10:00:00";"22";"1.28";"0.24";"322.98";"4.22"
"Broad Run HS";"Aug 7, 2026, 09:00:00";"19";"3.2";"0.22";"436.98";"3.43"
"Broad Run HS";"Aug 7, 2026, 08:00:00";"19";"3.73";"0.21";"555.5";"2.25"
"Broad Run HS";"Aug 7, 2026, 07:00:00";"25";"2.25";"0.17";"495.82";"4.87"
"Broad Run HS";"Aug 7, 2026, 06:00:00";"24";"3.11";"0.15";"498.84";"4.86"
"Broad Run HS";"Aug 7, 2026, 05:00:00";"22";"4.87";"0.15";"518.05";"4.21"
"Broad Run HS";"Aug 7, 2026, 04:00:00";"20";"9.46";"0.15";"590.34";"3.16"
"Broad Run HS";"Aug 7, 2026, 03:00:00";"22";"15.12";"0.16";"510.63";"3.65"
"Broad Run HS";"Aug 7, 2026, 02:00:00";"23";"6.82";"0.15";"477.03";"4.13"
"Broad Run HS";"Aug 7, 2026, 01:00:00";"23";"4.87";"0.14";"469.83";"4.68"
"Broad Run HS";"Aug 7, 2026, 00:00:00";"19";"6.04";"0.14";"449.96";"3.37"
"Broad Run HS";"Aug 6, 2026, 23:00:00";"19";"7.23";"0.13";"457.46";"3.18"
"Broad Run HS";"Aug 6, 2026, 22:00:00";"19";"10.46";"0.14";"473.54";"2.99"
"Broad Run HS";"Aug 6, 2026, 21:00:00";"22";"11.32";"0.15";"455.26";"3.56"
"Broad Run HS";"Aug 6, 2026, 20:00:00";"24";"10.58";"0.15";"377.16";"4.76"
"Broad Run HS";"Aug 6, 2026, 19:00:00";"22";"6.16";"0.19";"202.27";"3.39"
"Broad Run HS";"Aug 6, 2026, 18:00:00";"25";"1";"0.2";"197.1";"3.06"
"Broad Run HS";"Aug 6, 2026, 17:00:00";"33";"8.36";"0.22";"343.01";"3.98"
"Broad Run HS";"Aug 6, 2026, 16:00:00";"44";"17.62";"0.18";"196.03";"5.5"
"Broad Run HS";"Aug 6, 2026, 15:00:00";"54";"0.21";"0.22";"62.01";"10.25"
"Broad Run HS";"Aug 6, 2026, 14:00:00";"54";"0";"0.21";"87.07";"9.74"
"Broad Run HS";"Aug 6, 2026, 13:00:00";"54";"0";"0.21";"131.45";"9.98"
"Broad Run HS";"Aug 6, 2026, 12:00:00";"54";"0";"0.22";"207.91";"10.53"
"Broad Run HS";"Aug 6, 2026, 11:00:00";"54";"0";"0.23";"296.6";"11.59"
"Broad Run HS";"Aug 6, 2026, 10:00:00";"54";"0";"0.23";"449.45";"11.31"
"Broad Run HS";"Aug 6, 2026, 09:00:00";"54";"0.55";"0.22";"646.9";"10.58"
"Broad Run HS";"Aug 6, 2026, 08:00:00";"53";"3.13";"0.21";"759.66";"9.74"
"Broad Run HS";"Aug 6, 2026, 07:00:00";"54";"4.55";"0.19";"740.33";"10.36"
"Broad Run HS";"Aug 6, 2026, 06:00:00";"54";"3.38";"0.18";"716.97";"10.19"
"Broad Run HS";"Aug 6, 2026, 05:00:00";"54";"2.98";"0.18";"647.48";"10.83"
"Broad Run HS";"Aug 6, 2026, 04:00:00";"54";"3.58";"0.19";"630.76";"10.38"
"Broad Run HS";"Aug 6, 2026, 03:00:00";"54";"4.29";"0.2";"566.16";"10.38"
"Broad Run HS";"Aug 6, 2026, 02:00:00";"54";"3.77";"0.19";"454.51";"10.64"
"Broad Run HS";"Aug 6, 2026, 01:00:00";"54";"4.57";"0.19";"397.28";"11.02"
"Broad Run HS";"Aug 6, 2026, 00:00:00";"53";"5.08";"0.19";"339.45";"11.33"
"Broad Run HS";"Aug 5, 2026, 23:00:00";"48";"5.07";"0.18";"265.11";"11.11"
"Broad Run HS";"Aug 5, 2026, 22:00:00";"34";"5.73";"0.19";"219.49";"9.39"
"Broad Run HS";"Aug 5, 2026, 21:00:00";"16";"3.53";"0.2";"205.3";"3.85"
"Broad Run HS";"Aug 5, 2026, 20:00:00";"10";"0.87";"0.19";"195.58";"2.17"
"Broad Run HS";"Aug 5, 2026, 19:00:00";"9";"2.1";"0.18";"228.16";"1.55"
"Broad Run HS";"Aug 5, 2026, 18:00:00";"8";"0.5";"0.17";"180.01";"1.5"
"Broad Run HS";"Aug 5, 2026, 17:00:00";"8";"0";"0.15";"195.61";"1.19"
"Broad Run HS";"Aug 5, 2026, 16:00:00";"9";"0.04";"0.15";"231.28";"1.36"
"Broad Run HS";"Aug 5, 2026, 15:00:00";"10";"1.89";"0.13";"283.86";"1.73"
"Broad Run HS";"Aug 5, 2026, 14:00:00";"11";"0.24";"0.14";"262.34";"1.79"
"Broad Run HS";"Aug 5, 2026, 13:00:00";"13";"0";"0.13";"291.95";"1.94"
"Broad Run HS";"Aug 5, 2026, 12:00:00";"14";"0.38";"0.14";"449.29";"2.3"
"Broad Run HS";"Aug 5, 2026, 11:00:00";"15";"2.46";"0.16";"597.4";"2.08"
"Broad Run HS";"Aug 5, 2026, 10:00:00";"18";"4.03";"0.16";"632.04";"2.55"
"Broad Run HS";"Aug 5, 2026, 09:00:00";"22";"4.98";"0.15";"593.6";"2.94"
"Broad Run HS";"Aug 5, 2026, 08:00:00";"27";"5.21";"0.16";"598.56";"4.43"
"Broad Run HS";"Aug 5, 2026, 07:00:00";"29";"6.02";"0.15";"557.22";"4.63"
"Broad Run HS";"Aug 5, 2026, 06:00:00";"30";"5.37";"0.16";"480.07";"6.04"
"Broad Run HS";"Aug 5, 2026, 05:00:00";"28";"6.63";"0.16";"414.14";"5.76"
"Broad Run HS";"Aug 5, 2026, 04:00:00";"26";"8.36";"0.16";"293.62";"5.23"
"Broad Run HS";"Aug 5, 2026, 03:00:00";"24";"7.3";"0.17";"158.69";"3.75"
"Broad Run HS";"Aug 5, 2026, 02:00:00";"25";"6.6";"0.17";"103.86";"4.7"
"Broad Run HS";"Aug 5, 2026, 01:00:00";"25";"6.23";"0.18";"84.13";"5.08"
"Broad Run HS";"Aug 5, 2026, 00:00:00";"24";"6.71";"0.19";"75.15";"3.95"
"Broad Run HS";"Aug 4, 2026, 23:00:00";"25";"7.73";"0.2";"61.25";"3.97"
"Broad Run HS";"Aug 4, 2026, 22:00:00";"26";"9.29";"0.22";"48.29";"4.09"
"Broad Run HS";"Aug 4, 2026, 21:00:00";"28";"10.05";"0.22";"31.54";"4.48"
"Broad Run HS";"Aug 4, 2026, 20:00:00";"29";"9.62";"0.23";"9.28";"4.82"
"Broad Run HS";"Aug 4, 2026, 19:00:00";"30";"10.19";"0.22";"0";"5.27"
"Broad Run HS";"Aug 4, 2026, 18:00:00";"30";"6.96";"0.21";"0";"5.41"
"Broad Run HS";"Aug 4, 2026, 17:00:00";"30";"7.68";"0.21";"0";"5.49"
"Broad Run HS";"Aug 4, 2026, 16:00:00";"29";"4.37";"0.22";"0";"5.9"
"Broad Run HS";"Aug 4, 2026, 15:00:00";"26";"2.38";"0.21";"0";"5.05"
"Broad Run HS";"Aug 4, 2026, 14:00:00";"25";"1.73";"0.19";"0";"5.07"
"Broad Run HS";"Aug 4, 2026, 13:00:00";"24";"0.63";"0.18";"1.64";"4.77"
"Broad Run HS";"Aug 4, 2026, 12:00:00";"24";"1.04";"0.17";"20.71";"4.47"
"Broad Run HS";"Aug 4, 2026, 11:00:00";"23";"1.57";"0.17";"46.51";"3.87"
"Broad Run HS";"Aug 4, 2026, 10:00:00";"23";"2.43";"0.16";"78.36";"3.77"
"Broad Run HS";"Aug 4, 2026, 09:00:00";"24";"4.7";"0.16";"145.41";"3.76"
"Broad Run HS";"Aug 4, 2026, 08:00:00";"25";"6.14";"0.14";"189.18";"4.13"
"Broad Run HS";"Aug 4, 2026, 07:00:00";"28";"6.41";"0.12";"178.78";"4.86"
"Broad Run HS";"Aug 4, 2026, 06:00:00";"28";"6.46";"0.12";"163.76";"5.02"
"Broad Run HS";"Aug 4, 2026, 05:00:00";"28";"6.06";"0.12";"131.21";"4.94"
"Broad Run HS";"Aug 4, 2026, 04:00:00";"28";"6.07";"0.12";"113.85";"5.02"
"Broad Run HS";"Aug 4, 2026, 03:00:00";"28";"6.8";"0.14";"89.27";"4.98"
"Broad Run HS";"Aug 4, 2026, 02:00:00";"28";"7.16";"0.14";"57.92";"4.91"
"Broad Run HS";"Aug 4, 2026, 01:00:00";"29";"7.3";"0.15";"36.95";"4.93"
"Broad Run HS";"Aug 4, 2026, 00:00:00";"30";"7.29";"0.16";"20.49";"4.78"
"Broad Run HS";"Aug 3, 2026, 23:00:00";"33";"8.51";"0.19";"8";"5.49"
"Broad Run HS";"Aug 3, 2026, 22:00:00";"35";"9.63";"0.21";"0.16";"6.12"
"Broad Run HS";"Aug 3, 2026, 21:00:00";"35";"8.2";"0.2";"0";"7.37"
"Broad Run HS";"Aug 3, 2026, 20:00:00";"29";"6.69";"0.2";"0";"6.01"
"Broad Run HS";"Aug 3, 2026, 19:00:00";"25";"5.84";"0.17";"0";"5.42"
"Broad Run HS";"Aug 3, 2026, 18:00:00";"20";"2.11";"0.16";"0";"4.67"
"Broad Run HS";"Aug 3, 2026, 17:00:00";"15";"0.79";"0.16";"0";"2.58"
"Broad Run HS";"Aug 3, 2026, 16:00:00";"15";"0.16";"0.18";"3.41";"1.17"
"Broad Run HS";"Aug 3, 2026, 15:00:00";"24";"0.23";"0.2";"28.37";"2.14"
"Broad Run HS";"Aug 3, 2026, 14:00:00";"37";"0.91";"0.19";"59.37";"5.56"
"Broad Run HS";"Aug 3, 2026, 13:00:00";"42";"0.26";"0.17";"72.93";"6.8"
"Broad Run HS";"Aug 3, 2026, 12:00:00";"45";"0";"0.18";"176.93";"7.81"
"Broad Run HS";"Aug 3, 2026, 11:00:00";"47";"0";"0.18";"368.24";"8.46"
"Broad Run HS";"Aug 3, 2026, 10:00:00";"46";"0.01";"0.18";"639.2";"8.45"
"Broad Run HS";"Aug 3, 2026, 09:00:00";"45";"1.91";"0.17";"844.42";"8.32"
"Broad Run HS";"Aug 3, 2026, 08:00:00";"43";"3.94";"0.16";"855.26";"8.3"
"Broad Run HS";"Aug 3, 2026, 07:00:00";"40";"3.12";"0.13";"826.49";"8.35"
"Broad Run HS";"Aug 3, 2026, 06:00:00";"33";"4.17";"0.12";"884.78";"6.85"
"Broad Run HS";"Aug 3, 2026, 05:00:00";"29";"5.52";"0.11";"878.97";"5.67"
"Broad Run HS";"Aug 3, 2026, 04:00:00";"27";"5.64";"0.11";"857.7";"4.93"
"Broad Run HS";"Aug 3, 2026, 03:00:00";"27";"6.6";"0.11";"857.35";"4.68"
"Broad Run HS";"Aug 3, 2026, 02:00:00";"27";"6.54";"0.11";"834.97";"5.16"
"Broad Run HS";"Aug 3, 2026, 01:00:00";"25";"8.31";"0.11";"843.04";"4.48"
"Broad Run HS";"Aug 3, 2026, 00:00:00";"24";"9.92";"0.11";"820.39";"4.17"
"Broad Run HS";"Aug 2, 2026, 23:00:00";"25";"10.09";"0.11";"813.17";"4.08"
"Broad Run HS";"Aug 2, 2026, 22:00:00";"28";"11.02";"0.12";"779.1";"4.12"
"Broad Run HS";"Aug 2, 2026, 21:00:00";"34";"12.21";"0.14";"742.47";"5.43"
"Broad Run HS";"Aug 2, 2026, 20:00:00";"37";"11.77";"0.17";"565.61";"7.61"
"Broad Run HS";"Aug 2, 2026, 19:00:00";"32";"11.1";"0.18";"533.05";"5.25"
"Broad Run HS";"Aug 2, 2026, 18:00:00";"34";"7.65";"0.16";"523.55";"5.11"
"Broad Run HS";"Aug 2, 2026, 17:00:00";"40";"8.64";"0.17";"569.26";"7.18"
"Broad Run HS";"Aug 2, 2026, 16:00:00";"40";"5.96";"0.17";"478.64";"6.56"
"Broad Run HS";"Aug 2, 2026, 15:00:00";"42";"10.15";"0.17";"544.01";"7.53"
"Broad Run HS";"Aug 2, 2026, 14:00:00";"42";"8.87";"0.15";"671.42";"6.21"
"Broad Run HS";"Aug 2, 2026, 13:00:00";"47";"8.42";"0.18";"709.4";"9.61"
"Broad Run HS";"Aug 2, 2026, 12:00:00";"42";"10.25";"0.18";"567.65";"8.34"
"Broad Run HS";"Aug 2, 2026, 11:00:00";"41";"10.56";"0.17";"476.41";"7.78"
"Broad Run HS";"Aug 2, 2026, 10:00:00";"39";"12.04";"0.17";"364.99";"7.6"
"Broad Run HS";"Aug 2, 2026, 09:00:00";"35";"9.42";"0.16";"273.72";"6.65"
"Broad Run HS";"Aug 2, 2026, 08:00:00";"34";"10.13";"0.15";"238.77";"6.03"
"Broad Run HS";"Aug 2, 2026, 07:00:00";"34";"9.84";"0.15";"194.98";"5.94"
"Broad Run HS";"Aug 2, 2026, 06:00:00";"34";"8.46";"0.14";"159.97";"5.97"
"Broad Run HS";"Aug 2, 2026, 05:00:00";"35";"8.12";"0.14";"139.42";"5.86"
"Broad Run HS";"Aug 2, 2026, 04:00:00";"38";"7.28";"0.15";"127.98";"5.96"
"Broad Run HS";"Aug 2, 2026, 03:00:00";"42";"7.52";"0.15";"110.95";"6.36"
"Broad Run HS";"Aug 2, 2026, 02:00:00";"49";"7.48";"0.15";"88.15";"6.96"
"Broad Run HS";"Aug 2, 2026, 01:00:00";"54";"5.91";"0.17";"64.98";"8.37"
"Broad Run HS";"Aug 2, 2026, 00:00:00";"59";"9.12";"0.2";"76.37";"11.45"
"Broad Run HS";"Aug 1, 2026, 23:00:00";"62";"9.65";"0.23";"84.13";"13.44"
"Broad Run HS";"Aug 1, 2026, 22:00:00";"64";"8.92";"0.23";"52.83";"14.7"
"Broad Run HS";"Aug 1, 2026, 21:00:00";"65";"9.48";"0.24";"40.82";"16.57"
"Broad Run HS";"Aug 1, 2026, 20:00:00";"65";"10.99";"0.25";"28.28";"17.9"
"Broad Run HS";"Aug 1, 2026, 19:00:00";"63";"10.47";"0.26";"11.39";"18.21"
"Broad Run HS";"Aug 1, 2026, 18:00:00";"57";"9.23";"0.25";"2.21";"14.41"
"Broad Run HS";"Aug 1, 2026, 17:00:00";"54";"7.59";"0.22";"0";"11.25"
"Broad Run HS";"Aug 1, 2026, 16:00:00";"52";"5.53";"0.19";"0";"10.09"
"Broad Run HS";"Aug 1, 2026, 15:00:00";"49";"2.8";"0.18";"0";"9.2"
"Broad Run HS";"Aug 1, 2026, 14:00:00";"46";"2.44";"0.18";"0";"8.6"
"Broad Run HS";"Aug 1, 2026, 13:00:00";"45";"1.86";"0.2";"6.92";"8.74"
"Broad Run HS";"Aug 1, 2026, 12:00:00";"42";"3.31";"0.2";"21.08";"8.15"
"Broad Run HS";"Aug 1, 2026, 11:00:00";"39";"2.61";"0.2";"44.96";"7.85"
"Broad Run HS";"Aug 1, 2026, 10:00:00";"36";"5.8";"0.21";"86.18";"6.87"
"Broad Run HS";"Aug 1, 2026, 09:00:00";"34";"10.49";"0.23";"126.82";"6.23"
"Broad Run HS";"Aug 1, 2026, 08:00:00";"33";"9.54";"0.2";"181.51";"5.1"
"Broad Run HS";"Aug 1, 2026, 07:00:00";"37";"6.64";"0.17";"165.94";"6.1"
"Broad Run HS";"Aug 1, 2026, 06:00:00";"39";"5.62";"0.15";"147.16";"6.34"
"Broad Run HS";"Aug 1, 2026, 05:00:00";"43";"6.98";"0.17";"129.76";"6.73"
"Broad Run HS";"Aug 1, 2026, 04:00:00";"47";"6.86";"0.17";"111.63";"7.64"
"Broad Run HS";"Aug 1, 2026, 03:00:00";"51";"7.46";"0.17";"91.23";"8.44"
"Broad Run HS";"Aug 1, 2026, 02:00:00";"52";"8.32";"0.19";"67.66";"8.87"
"Broad Run HS";"Aug 1, 2026, 01:00:00";"53";"11.1";"0.24";"38.92";"9.08"
"Broad Run HS";"Aug 1, 2026, 00:00:00";"53";"14.11";"0.26";"22.69";"9.46"
"Broad Run HS";"Jul 31, 2026, 23:00:00";"53";"10.75";"0.24";"8.86";"8.82"
"Broad Run HS";"Jul 31, 2026, 22:00:00";"54";"10.32";"0.25";"0";"9.5"
"Broad Run HS";"Jul 31, 2026, 21:00:00";"55";"8.74";"0.24";"0";"11.05"
"Broad Run HS";"Jul 31, 2026, 20:00:00";"55";"5.4";"0.2";"0";"10.49"
"Broad Run HS";"Jul 31, 2026, 19:00:00";"55";"4.4";"0.2";"0";"10.89"
"Broad Run HS";"Jul 31, 2026, 18:00:00";"56";"2.84";"0.19";"0";"11.82"
"Broad Run HS";"Jul 31, 2026, 17:00:00";"56";"1.17";"0.19";"0";"11.85"
"Broad Run HS";"Jul 31, 2026, 16:00:00";"55";"2.13";"0.18";"0";"11.16"
"Broad Run HS";"Jul 31, 2026, 15:00:00";"54";"0.01";"0.18";"0";"11.07"
"Broad Run HS";"Jul 31, 2026, 14:00:00";"53";"1.62";"0.17";"0";"10.86"
"Broad Run HS";"Jul 31, 2026, 13:00:00";"49";"1.51";"0.17";"0";"10.2"
"Broad Run HS";"Jul 31, 2026, 12:00:00";"42";"0.54";"0.17";"0";"8.56"
"Broad Run HS";"Jul 31, 2026, 11:00:00";"35";"0.75";"0.17";"0";"7.21"
"Broad Run HS";"Jul 31, 2026, 10:00:00";"29";"2.13";"0.16";"0.85";"6.09"
"Broad Run HS";"Jul 31, 2026, 09:00:00";"25";"7.26";"0.17";"16.5";"5.45"
"Broad Run HS";"Jul 31, 2026, 08:00:00";"22";"7.83";"0.14";"48.06";"4.07"
"Broad Run HS";"Jul 31, 2026, 07:00:00";"22";"8.26";"0.13";"56.6";"4.03"
"Broad Run HS";"Jul 31, 2026, 06:00:00";"22";"7.44";"0.11";"41.06";"4.38"
"Broad Run HS";"Jul 31, 2026, 05:00:00";"21";"6.04";"0.1";"24.93";"4.01"
"Broad Run HS";"Jul 31, 2026, 04:00:00";"21";"5.11";"0.11";"14.21";"3.91"
"Broad Run HS";"Jul 31, 2026, 03:00:00";"20";"4.74";"0.12";"8.57";"3.76"
"Broad Run HS";"Jul 31, 2026, 02:00:00";"20";"4.61";"0.14";"4.12";"3.53"
"Broad Run HS";"Jul 31, 2026, 01:00:00";"21";"5.76";"0.16";"0.69";"3.49"
"Broad Run HS";"Jul 31, 2026, 00:00:00";"22";"5.64";"0.16";"0";"3.78"
"Broad Run HS";"Jul 30, 2026, 23:00:00";"22";"5.38";"0.17";"0";"3.62"
"Broad Run HS";"Jul 30, 2026, 22:00:00";"22";"4.7";"0.17";"0";"3.65"
"Broad Run HS";"Jul 30, 2026, 21:00:00";"23";"4.63";"0.17";"0";"3.76"
"Broad Run HS";"Jul 30, 2026, 20:00:00";"23";"4.34";"0.16";"0";"3.86"
"Broad Run HS";"Jul 30, 2026, 19:00:00";"23";"4";"0.17";"0";"3.94"
"Broad Run HS";"Jul 30, 2026, 18:00:00";"24";"3.98";"0.16";"0";"3.95"
"Broad Run HS";"Jul 30, 2026, 17:00:00";"24";"3.91";"0.16";"0";"4.17"
"Broad Run HS";"Jul 30, 2026, 16:00:00";"25";"2.35";"0.16";"0";"4.5"
"Broad Run HS";"Jul 30, 2026, 15:00:00";"25";"0.6";"0.16";"0";"4.47"
"Broad Run HS";"Jul 30, 2026, 14:00:00";"25";"0.73";"0.15";"0";"4.71"
"Broad Run HS";"Jul 30, 2026, 13:00:00";"24";"0.79";"0.14";"0";"4.68"
"Broad Run HS";"Jul 30, 2026, 12:00:00";"23";"0.43";"0.13";"0";"4.41"
"Broad Run HS";"Jul 30, 2026, 11:00:00";"21";"1.65";"0.12";"0";"3.98"
"Broad Run HS";"Jul 30, 2026, 10:00:00";"20";"2.94";"0.11";"0";"3.56"
"Broad Run HS";"Jul 30, 2026, 09:00:00";"20";"4.41";"0.12";"8.11";"3.37"
"Broad Run HS";"Jul 30, 2026, 08:00:00";"22";"6.74";"0.83";"32.03";"3.79"
"Broad Run HS";"Jul 30, 2026, 07:00:00";"23";"6.22";"0.08";"27.95";"3.65"
"Broad Run HS";"Jul 30, 2026, 06:00:00";"25";"5.72";"0.08";"23.51";"3.69"
"Broad Run HS";"Jul 30, 2026, 05:00:00";"29";"6.03";"0.09";"23";"4.55"
"Broad Run HS";"Jul 30, 2026, 04:00:00";"33";"6.44";"0.1";"17.92";"5.19"
"Broad Run HS";"Jul 30, 2026, 03:00:00";"37";"7.18";"0.11";"11.08";"5.82"
"Broad Run HS";"Jul 30, 2026, 02:00:00";"40";"8.85";"0.08";"46.47";"6.65"
"Broad Run HS";"Jul 30, 2026, 01:00:00";"44";"9.87";"0.09";"44.61";"7.54"
"Broad Run HS";"Jul 30, 2026, 00:00:00";"47";"10.44";"0.11";"41.94";"8.17"
"Broad Run HS";"Jul 29, 2026, 23:00:00";"47";"10.46";"0.11";"40.97";"7.89"
"Broad Run HS";"Jul 29, 2026, 22:00:00";"49";"9.85";"0.12";"43.34";"7.87"
"Broad Run HS";"Jul 29, 2026, 21:00:00";"53";"9.63";"0.13";"41.4";"9.06"
"Broad Run HS";"Jul 29, 2026, 20:00:00";"55";"9.77";"0.13";"38.72";"9.63"
"Broad Run HS";"Jul 29, 2026, 19:00:00";"56";"10.21";"0.14";"37.19";"9.56"
"Broad Run HS";"Jul 29, 2026, 18:00:00";"58";"9.33";"0.14";"33.84";"11.7"
"Broad Run HS";"Jul 29, 2026, 17:00:00";"59";"6.86";"0.15";"33.52";"12.54"
"Broad Run HS";"Jul 29, 2026, 16:00:00";"59";"6.19";"0.14";"35.67";"13.21"
"Broad Run HS";"Jul 29, 2026, 15:00:00";"60";"6.44";"0.12";"37.2";"14.23"
"Broad Run HS";"Jul 29, 2026, 14:00:00";"58";"5.19";"0.11";"39.63";"12.22"
"Broad Run HS";"Jul 29, 2026, 13:00:00";"59";"4.61";"0.1";"47.21";"12.54"
"Broad Run HS";"Jul 29, 2026, 12:00:00";"61";"4.66";"0.1";"64.43";"14.4"
"Broad Run HS";"Jul 29, 2026, 11:00:00";"60";"3.73";"0.11";"94.64";"14.84"
"Broad Run HS";"Jul 29, 2026, 10:00:00";"58";"4.87";"0.13";"152.11";"13.62"
"Broad Run HS";"Jul 29, 2026, 09:00:00";"57";"8.43";"0.15";"263.97";"12.88"
"Broad Run HS";"Jul 29, 2026, 08:00:00";"54";"11.28";"0.13";"344.12";"11.29"
"Broad Run HS";"Jul 29, 2026, 07:00:00";"54";"9.07";"0.09";"350.97";"11.64"
"Broad Run HS";"Jul 29, 2026, 06:00:00";"49";"9.22";"0.1";"356.32";"10.37"
"Broad Run HS";"Jul 29, 2026, 05:00:00";"40";"9.78";"0.08";"364.22";"8.4"
"Broad Run HS";"Jul 29, 2026, 04:00:00";"34";"9.27";"0.07";"379.48";"6.58"
"Broad Run HS";"Jul 29, 2026, 03:00:00";"32";"8.79";"0.07";"402.84";"5.26"
"Broad Run HS";"Jul 29, 2026, 02:00:00";"34";"8.08";"0.08";"412.12";"6.04"
"Broad Run HS";"Jul 29, 2026, 01:00:00";"35";"8.04";"0.09";"412.52";"6.82"
"Broad Run HS";"Jul 29, 2026, 00:00:00";"32";"10.12";"0.1";"405.02";"5.99"
"Broad Run HS";"Jul 28, 2026, 23:00:00";"30";"10.49";"0.12";"385.1";"4.97"
"Broad Run HS";"Jul 28, 2026, 22:00:00";"33";"12.66";"0.15";"343.14";"5.17"
"Broad Run HS";"Jul 28, 2026, 21:00:00";"36";"13.01";"0.12";"286.21";"4.91"
"Broad Run HS";"Jul 28, 2026, 20:00:00";"45";"15.49";"0.13";"269.66";"4.89"
"Broad Run HS";"Jul 28, 2026, 19:00:00";"55";"17.93";"0.11";"196.64";"6.6"
"Broad Run HS";"Jul 28, 2026, 18:00:00";"64";"12";"0.12";"84.28";"11.4"
"Broad Run HS";"Jul 28, 2026, 17:00:00";"72";"6.82";"0.16";"67.96";"18.1"
"Broad Run HS";"Jul 28, 2026, 16:00:00";"75";"2.59";"0.18";"79.35";"20.67"
"Broad Run HS";"Jul 28, 2026, 15:00:00";"76";"1.91";"0.2";"95.85";"24.23"
"Broad Run HS";"Jul 28, 2026, 14:00:00";"73";"0.75";"0.21";"138.06";"23.66"
"Broad Run HS";"Jul 28, 2026, 13:00:00";"70";"3.79";"0.22";"206.89";"21.41"
"Broad Run HS";"Jul 28, 2026, 12:00:00";"67";"7.05";"0.21";"248.27";"18.9"
"Broad Run HS";"Jul 28, 2026, 11:00:00";"65";"7.52";"0.2";"265.76";"18.3"
"Broad Run HS";"Jul 28, 2026, 10:00:00";"65";"7.79";"0.21";"267.47";"18.23"
"Broad Run HS";"Jul 28, 2026, 09:00:00";"63";"10.2";"0.22";"283.4";"17.44"
"Broad Run HS";"Jul 28, 2026, 08:00:00";"62";"14.23";"0.21";"292.82";"15.68"
"Broad Run HS";"Jul 28, 2026, 07:00:00";"62";"12.13";"0.18";"289.06";"14.67"
"Broad Run HS";"Jul 28, 2026, 06:00:00";"62";"11.23";"0.16";"251.99";"15.08"
"Broad Run HS";"Jul 28, 2026, 05:00:00";"62";"9.21";"0.16";"216.26";"14.86"
"Broad Run HS";"Jul 28, 2026, 04:00:00";"62";"9.49";"0.16";"171.36";"14.85"
"Broad Run HS";"Jul 28, 2026, 03:00:00";"62";"10.41";"0.18";"159.14";"14.69"
"Broad Run HS";"Jul 28, 2026, 02:00:00";"62";"10.73";"0.18";"128.42";"14.89"
"Broad Run HS";"Jul 28, 2026, 01:00:00";"63";"11.09";"0.19";"96.51";"14.58"
"Broad Run HS";"Jul 28, 2026, 00:00:00";"62";"10.83";"0.19";"76.27";"14.45"
"Broad Run HS";"Jul 27, 2026, 23:00:00";"62";"11.14";"0.21";"59.44";"14.69"
"Broad Run HS";"Jul 27, 2026, 22:00:00";"63";"11.02";"0.21";"53.21";"15"
"Broad Run HS";"Jul 27, 2026, 21:00:00";"63";"11.03";"0.2";"43.13";"15.05"
"Broad Run HS";"Jul 27, 2026, 20:00:00";"64";"8.3";"0.18";"35.44";"15.46"
"Broad Run HS";"Jul 27, 2026, 19:00:00";"64";"6.59";"0.18";"28.9";"15.84"
"Broad Run HS";"Jul 27, 2026, 18:00:00";"64";"6.23";"0.18";"21.33";"16.19"
"Broad Run HS";"Jul 27, 2026, 17:00:00";"64";"4.16";"0.18";"18.89";"15.82"
"Broad Run HS";"Jul 27, 2026, 16:00:00";"63";"5.11";"0.17";"23.65";"16.43"
"Broad Run HS";"Jul 27, 2026, 15:00:00";"62";"4.07";"0.18";"33.43";"17.01"
"Broad Run HS";"Jul 27, 2026, 14:00:00";"58";"5.07";"0.15";"48";"15.08"
"Broad Run HS";"Jul 27, 2026, 13:00:00";"54";"4.73";"0.15";"69.24";"11.03"
"Broad Run HS";"Jul 27, 2026, 12:00:00";"53";"5.25";"0.14";"87.57";"10.45"
"Broad Run HS";"Jul 27, 2026, 11:00:00";"53";"5.54";"0.15";"124.96";"9.76"
"Broad Run HS";"Jul 27, 2026, 10:00:00";"53";"8.81";"0.15";"173.69";"9.43"
"Broad Run HS";"Jul 27, 2026, 09:00:00";"53";"11.57";"0.16";"251.82";"8.87"
"Broad Run HS";"Jul 27, 2026, 08:00:00";"56";"12.89";"0.13";"317.03";"9.82"
"Broad Run HS";"Jul 27, 2026, 07:00:00";"58";"9.38";"0.08";"292.27";"12.7"
"Broad Run HS";"Jul 27, 2026, 06:00:00";"59";"8.08";"0.09";"317.66";"12.51"
"Broad Run HS";"Jul 27, 2026, 05:00:00";"59";"7.3";"0.09";"324.59";"16.06"
"Broad Run HS";"Jul 27, 2026, 04:00:00";"54";"6.9";"0.11";"359.48";"11.13"
"Broad Run HS";"Jul 27, 2026, 03:00:00";"53";"7.6";"0.14";"406.72";"11.22"
"Broad Run HS";"Jul 27, 2026, 02:00:00";"52";"7.36";"0.16";"348.34";"9.54"
"Broad Run HS";"Jul 27, 2026, 01:00:00";"52";"12.76";"0.17";"340.96";"8.2"
"Broad Run HS";"Jul 27, 2026, 00:00:00";"53";"12.48";"0.17";"340.79";"9.35"
"Broad Run HS";"Jul 26, 2026, 23:00:00";"54";"12.01";"0.16";"221.73";"12.65"
"Broad Run HS";"Jul 26, 2026, 22:00:00";"49";"10.68";"0.19";"107.11";"8.57"
"Broad Run HS";"Jul 26, 2026, 21:00:00";"49";"10.12";"0.17";"58.79";"8.43"
"Broad Run HS";"Jul 26, 2026, 20:00:00";"51";"7.18";"0.15";"40.07";"9.33"
"Broad Run HS";"Jul 26, 2026, 19:00:00";"50";"6.62";"0.15";"45.13";"8.99"
"Broad Run HS";"Jul 26, 2026, 18:00:00";"49";"5.81";"0.15";"45.93";"9.1"
"Broad Run HS";"Jul 26, 2026, 17:00:00";"48";"6.91";"0.14";"48.01";"8.91"
"Broad Run HS";"Jul 26, 2026, 16:00:00";"47";"4.93";"0.13";"44.67";"9.01"
"Broad Run HS";"Jul 26, 2026, 15:00:00";"44";"4.49";"0.12";"50.07";"8.68"
"Broad Run HS";"Jul 26, 2026, 14:00:00";"40";"1.34";"0.13";"74.67";"7.95"
"Broad Run HS";"Jul 26, 2026, 13:00:00";"35";"1.28";"0.13";"105.95";"6.96"
"Broad Run HS";"Jul 26, 2026, 12:00:00";"31";"3.09";"0.11";"134.29";"5.99"
"Broad Run HS";"Jul 26, 2026, 11:00:00";"29";"4.48";"0.11";"151.17";"5.63"
"Broad Run HS";"Jul 26, 2026, 10:00:00";"26";"6.7";"0.13";"153.52";"4.91"
"Broad Run HS";"Jul 26, 2026, 09:00:00";"25";"6.14";"0.14";"189.6";"4"
"Broad Run HS";"Jul 26, 2026, 08:00:00";"27";"6.56";"0.1";"235.01";"3.54"
"Broad Run HS";"Jul 26, 2026, 07:00:00";"33";"7.29";"0.1";"230.58";"6.45"
"Broad Run HS";"Jul 26, 2026, 06:00:00";"31";"7.79";"0.09";"218.53";"6.76"
"Broad Run HS";"Jul 26, 2026, 05:00:00";"24";"8.68";"0.11";"210.87";"4.41"
"Broad Run HS";"Jul 26, 2026, 04:00:00";"24";"8.54";"0.11";"204.09";"4.28"
"Broad Run HS";"Jul 26, 2026, 03:00:00";"24";"9.35";"0.12";"194.1";"4.22"
"Broad Run HS";"Jul 26, 2026, 02:00:00";"24";"10.7";"0.13";"186.57";"3.91"
"Broad Run HS";"Jul 26, 2026, 01:00:00";"26";"11.01";"0.14";"166.15";"4.89"
"Broad Run HS";"Jul 26, 2026, 00:00:00";"25";"11.37";"0.14";"141.2";"4.8"
"Broad Run HS";"Jul 25, 2026, 23:00:00";"23";"12.46";"0.14";"101.7";"4.17"
"Broad Run HS";"Jul 25, 2026, 22:00:00";"23";"11.36";"0.11";"69.7";"4.37"
"Broad Run HS";"Jul 25, 2026, 21:00:00";"21";"12.13";"0.11";"55.5";"3.49"
"Broad Run HS";"Jul 25, 2026, 20:00:00";"23";"12.23";"0.11";"44.34";"3.94"
"Broad Run HS";"Jul 25, 2026, 19:00:00";"23";"10.75";"0.11";"41.28";"3.93"
"Broad Run HS";"Jul 25, 2026, 18:00:00";"24";"7.96";"0.12";"37.03";"4.8"
"Broad Run HS";"Jul 25, 2026, 17:00:00";"20";"7.68";"0.1";"44.01";"4.23"
"Broad Run HS";"Jul 25, 2026, 16:00:00";"17";"7.44";"0.1";"56.07";"3.5"
"Broad Run HS";"Jul 25, 2026, 15:00:00";"15";"9.64";"0.09";"72.56";"2.25"
"Broad Run HS";"Jul 25, 2026, 14:00:00";"18";"10.08";"0.08";"56.99";"2.58"
"Broad Run HS";"Jul 25, 2026, 13:00:00";"20";"7.46";"0.08";"43.93";"3.85"
"Broad Run HS";"Jul 25, 2026, 12:00:00";"19";"8.08";"0.08";"55.47";"3.95"
"Broad Run HS";"Jul 25, 2026, 11:00:00";"17";"12.28";"0.07";"88.46";"3.47"
"Broad Run HS";"Jul 25, 2026, 10:00:00";"15";"11.38";"0.06";"128.35";"2.73"
"Broad Run HS";"Jul 25, 2026, 09:00:00";"15";"12.19";"0.05";"157.39";"2.59"
"Broad Run HS";"Jul 25, 2026, 08:00:00";"15";"13.42";"0.05";"183.42";"2.43"
"Broad Run HS";"Jul 25, 2026, 07:00:00";"16";"14.2";"0.05";"184.08";"2.59"
"Broad Run HS";"Jul 25, 2026, 06:00:00";"17";"13.13";"0.04";"178.18";"2.98"
"Broad Run HS";"Jul 25, 2026, 05:00:00";"18";"13.64";"0.05";"167.23";"3.03"
"Broad Run HS";"Jul 25, 2026, 04:00:00";"18";"13.51";"0.06";"121.8";"3.21"
"Broad Run HS";"Jul 25, 2026, 03:00:00";"19";"12.4";"0.07";"68.74";"3.26"
"Broad Run HS";"Jul 25, 2026, 02:00:00";"19";"12.01";"0.08";"36.08";"3.26"
"Broad Run HS";"Jul 25, 2026, 01:00:00";"19";"11.24";"0.09";"33.8";"3.03"
"Broad Run HS";"Jul 25, 2026, 00:00:00";"22";"11.53";"0.08";"28.3";"3.29"
"Broad Run HS";"Jul 24, 2026, 23:00:00";"24";"11.62";"0.09";"23.57";"3.49"
"Broad Run HS";"Jul 24, 2026, 22:00:00";"27";"12.17";"0.1";"18.04";"4.64"
"Broad Run HS";"Jul 24, 2026, 21:00:00";"28";"11.5";"0.1";"10.78";"5.11"
"Broad Run HS";"Jul 24, 2026, 20:00:00";"27";"11.73";"0.12";"8.75";"5.75"
"Broad Run HS";"Jul 24, 2026, 19:00:00";"25";"12.1";"0.12";"5.05";"4.81"
"Broad Run HS";"Jul 24, 2026, 18:00:00";"24";"12.13";"0.12";"1.91";"4.51"
"Broad Run HS";"Jul 24, 2026, 17:00:00";"24";"10.5";"0.13";"0.68";"4.22"
"Broad Run HS";"Jul 24, 2026, 16:00:00";"24";"8.51";"0.12";"0.99";"4.04"
"Broad Run HS";"Jul 24, 2026, 15:00:00";"24";"8.07";"0.11";"1.97";"3.95"
"Broad Run HS";"Jul 24, 2026, 14:00:00";"25";"9.16";"0.13";"6.61";"4.4"
"Broad Run HS";"Jul 24, 2026, 13:00:00";"25";"7.38";"0.13";"10.87";"4.62"
"Broad Run HS";"Jul 24, 2026, 12:00:00";"25";"6.97";"0.13";"19.19";"4.98"
"Broad Run HS";"Jul 24, 2026, 11:00:00";"24";"5.31";"0.16";"41.2";"4.5"
"Broad Run HS";"Jul 24, 2026, 10:00:00";"23";"6.85";"0.17";"64.07";"4.42"
"Broad Run HS";"Jul 24, 2026, 09:00:00";"22";"8.91";"0.17";"106.35";"4.02"
"Broad Run HS";"Jul 24, 2026, 08:00:00";"22";"10.44";"0.07";"121.89";"3.53"
"Broad Run HS";"Jul 24, 2026, 07:00:00";"23";"10";"0.03";"117.56";"4.09"
"Broad Run HS";"Jul 24, 2026, 06:00:00";"23";"9.89";"0.03";"111.18";"4.36"
"Broad Run HS";"Jul 24, 2026, 05:00:00";"23";"9.78";"0.03";"96.88";"3.9"
"Broad Run HS";"Jul 24, 2026, 04:00:00";"23";"10.8";"0.04";"84.82";"3.68"
"Broad Run HS";"Jul 24, 2026, 03:00:00";"24";"12.44";"0.07";"72.65";"4.94"
"Broad Run HS";"Jul 24, 2026, 02:00:00";"22";"13.05";"0.09";"60.37";"4.39"
"Broad Run HS";"Jul 24, 2026, 01:00:00";"21";"13.59";"0.12";"47.69";"3.77"
"Broad Run HS";"Jul 24, 2026, 00:00:00";"21";"13.78";"0.12";"39.92";"3.6"
"Broad Run HS";"Jul 23, 2026, 23:00:00";"21";"15.23";"0.13";"35.99";"3.7"
"Broad Run HS";"Jul 23, 2026, 22:00:00";"22";"13.76";"0.12";"21.78";"4.06"
"Broad Run HS";"Jul 23, 2026, 21:00:00";"21";"10.82";"0.09";"1.97";"3.89"
"Broad Run HS";"Jul 23, 2026, 20:00:00";"21";"7.87";"0.09";"0";"3.67"
"Broad Run HS";"Jul 23, 2026, 19:00:00";"21";"6.41";"0.09";"0";"3.72"
"Broad Run HS";"Jul 23, 2026, 18:00:00";"21";"4.38";"0.09";"0";"3.74"
"Broad Run HS";"Jul 23, 2026, 17:00:00";"21";"2.79";"0.08";"0";"3.59"
"Broad Run HS";"Jul 23, 2026, 16:00:00";"22";"3.6";"0.09";"0";"3.91"
"Broad Run HS";"Jul 23, 2026, 15:00:00";"22";"3.21";"0.08";"0";"3.98"
"Broad Run HS";"Jul 23, 2026, 14:00:00";"21";"3.44";"0.08";"0.09";"3.97"
"Broad Run HS";"Jul 23, 2026, 13:00:00";"19";"4.46";"0.06";"1.55";"3.6"
"Broad Run HS";"Jul 23, 2026, 12:00:00";"18";"3.99";"0.07";"7.82";"3.59"
"Broad Run HS";"Jul 23, 2026, 11:00:00";"17";"4.21";"0.07";"16.26";"3.24"
"Broad Run HS";"Jul 23, 2026, 10:00:00";"15";"6.13";"0.06";"30.05";"3.01"
"Broad Run HS";"Jul 23, 2026, 09:00:00";"14";"8.61";"0.08";"47.88";"2.43"
"Broad Run HS";"Jul 23, 2026, 08:00:00";"14";"10.63";"0.05";"55.05";"2.35"
"Broad Run HS";"Jul 23, 2026, 07:00:00";"15";"12.6";"0.03";"52.41";"2.63"
"Broad Run HS";"Jul 23, 2026, 06:00:00";"16";"9.77";"0.03";"47.4";"2.09"
"Broad Run HS";"Jul 23, 2026, 05:00:00";"20";"9.58";"0.04";"44.8";"2.32"
"Broad Run HS";"Jul 23, 2026, 04:00:00";"27";"9.47";"0.05";"42.2";"3.86"
"Broad Run HS";"Jul 23, 2026, 03:00:00";"31";"8.86";"0.06";"37.58";"4.86"
"Broad Run HS";"Jul 23, 2026, 02:00:00";"35";"8";"0.07";"33.26";"5.69"
"Broad Run HS";"Jul 23, 2026, 01:00:00";"38";"8.63";"0.1";"33.48";"6.53"
"Broad Run HS";"Jul 23, 2026, 00:00:00";"40";"9.2";"0.12";"29.86";"6.46"
"Broad Run HS";"Jul 22, 2026, 23:00:00";"44";"9.44";"0.14";"25.34";"6.73"
"Broad Run HS";"Jul 22, 2026, 22:00:00";"52";"8.52";"0.15";"25.35";"8.1"
"Broad Run HS";"Jul 22, 2026, 21:00:00";"54";"8.67";"0.17";"20.47";"9.69"
"Broad Run HS";"Jul 22, 2026, 20:00:00";"54";"6.57";"0.17";"14.95";"9.77"
"Broad Run HS";"Jul 22, 2026, 19:00:00";"56";"5.69";"0.18";"15.02";"10.52"
"Broad Run HS";"Jul 22, 2026, 18:00:00";"58";"3.77";"0.18";"13.21";"11.91"
"Broad Run HS";"Jul 22, 2026, 17:00:00";"59";"2.72";"0.17";"13.41";"12.71"
"Broad Run HS";"Jul 22, 2026, 16:00:00";"61";"2.44";"0.18";"21.15";"13.86"
"Broad Run HS";"Jul 22, 2026, 15:00:00";"61";"0.75";"0.17";"29.5";"14.5"
"Broad Run HS";"Jul 22, 2026, 14:00:00";"60";"2.13";"0.16";"46.79";"14.05"
"Broad Run HS";"Jul 22, 2026, 13:00:00";"60";"0.43";"0.16";"67.4";"14.63"
"Broad Run HS";"Jul 22, 2026, 12:00:00";"58";"0.23";"0.15";"119.61";"14.34"
"Broad Run HS";"Jul 22, 2026, 11:00:00";"54";"0.24";"0.15";"166.21";"14.32"
"Broad Run HS";"Jul 22, 2026, 10:00:00";"37";"0.73";"0.15";"271.38";"8.4"
"Broad Run HS";"Jul 22, 2026, 09:00:00";"27";"5.85";"0.14";"412.05";"5.23"
"Broad Run HS";"Jul 22, 2026, 08:00:00";"24";"7.09";"0.11";"519.07";"4.42"
"Broad Run HS";"Jul 22, 2026, 07:00:00";"24";"6.16";"0.08";"494.96";"4.61"
"Broad Run HS";"Jul 22, 2026, 06:00:00";"23";"7.46";"0.06";"504.64";"4.49"
"Broad Run HS";"Jul 22, 2026, 05:00:00";"20";"8.42";"0.06";"520.19";"3.6"
"Broad Run HS";"Jul 22, 2026, 04:00:00";"21";"10.53";"0.05";"476.77";"4.12"
"Broad Run HS";"Jul 22, 2026, 03:00:00";"19";"14.8";"0.05";"490.8";"3.61"
"Broad Run HS";"Jul 22, 2026, 02:00:00";"18";"12.43";"0.04";"439.63";"3.32"
"Broad Run HS";"Jul 22, 2026, 01:00:00";"18";"12.84";"0.03";"440.1";"3.2"
"Broad Run HS";"Jul 22, 2026, 00:00:00";"17";"15.05";"0.04";"497.36";"1.96"
"Broad Run HS";"Jul 21, 2026, 23:00:00";"23";"17.41";"0.05";"472.2";"2.7"
"Broad Run HS";"Jul 21, 2026, 22:00:00";"30";"15.7";"0.03";"336.17";"4.03"
"Broad Run HS";"Jul 21, 2026, 21:00:00";"38";"10.88";"0.07";"418.66";"4.84"
"Broad Run HS";"Jul 21, 2026, 20:00:00";"48";"9.68";"0.11";"295.08";"9.37"
"Broad Run HS";"Jul 21, 2026, 19:00:00";"45";"7.12";"0.13";"276.59";"7.67"
"Broad Run HS";"Jul 21, 2026, 18:00:00";"47";"3.02";"0.17";"221.5";"8.32"
"Broad Run HS";"Jul 21, 2026, 17:00:00";"48";"4.94";"0.14";"177.27";"8.79"
"Broad Run HS";"Jul 21, 2026, 16:00:00";"46";"0.16";"0.12";"154.56";"8.7"
"Broad Run HS";"Jul 21, 2026, 15:00:00";"43";"0.67";"0.1";"159.68";"7.88"
"Broad Run HS";"Jul 21, 2026, 14:00:00";"43";"0";"0.1";"178.52";"7.14"
"Broad Run HS";"Jul 21, 2026, 13:00:00";"45";"0.16";"0.1";"211.01";"7"
"Broad Run HS";"Jul 21, 2026, 12:00:00";"52";"0.37";"0.11";"259.93";"8.01"
"Broad Run HS";"Jul 21, 2026, 11:00:00";"54";"0.99";"0.12";"330.85";"9.41"
"Broad Run HS";"Jul 21, 2026, 10:00:00";"56";"4.97";"0.14";"443.77";"9.95"
"Broad Run HS";"Jul 21, 2026, 09:00:00";"59";"8.62";"0.2";"480.64";"12.23"
"Broad Run HS";"Jul 21, 2026, 08:00:00";"61";"8.58";"0.22";"477.12";"13.02"
"Broad Run HS";"Jul 21, 2026, 07:00:00";"64";"7.83";"0.25";"481.93";"14.17"
"Broad Run HS";"Jul 21, 2026, 06:00:00";"66";"8.16";"0.3";"471.91";"15.67"
"Broad Run HS";"Jul 21, 2026, 05:00:00";"69";"9.18";"0.34";"442.04";"16.48"
"Broad Run HS";"Jul 21, 2026, 04:00:00";"74";"10.03";"0.41";"385.57";"18.84"
"Broad Run HS";"Jul 21, 2026, 03:00:00";"78";"10.51";"0.45";"326.16";"21.62"
"Broad Run HS";"Jul 21, 2026, 02:00:00";"80";"11.17";"0.47";"285.56";"22.82"
"Broad Run HS";"Jul 21, 2026, 01:00:00";"83";"12.56";"0.48";"230.13";"24.05"
"Broad Run HS";"Jul 21, 2026, 00:00:00";"84";"14.83";"0.48";"162.43";"24.1"
"Broad Run HS";"Jul 20, 2026, 23:00:00";"87";"15.92";"0.47";"96.15";"24.93"
"Broad Run HS";"Jul 20, 2026, 22:00:00";"89";"13.51";"0.41";"53.17";"25.21"
"Broad Run HS";"Jul 20, 2026, 21:00:00";"90";"11.12";"0.38";"45.07";"26.28"
"Broad Run HS";"Jul 20, 2026, 20:00:00";"95";"9.16";"0.37";"34.82";"31.22"
"Broad Run HS";"Jul 20, 2026, 19:00:00";"97";"6.61";"0.34";"24.63";"33.41"
"Broad Run HS";"Jul 20, 2026, 18:00:00";"97";"5.07";"0.35";"21.28";"34.04"
"Broad Run HS";"Jul 20, 2026, 17:00:00";"96";"6.31";"0.33";"20.36";"33.75"
"Broad Run HS";"Jul 20, 2026, 16:00:00";"95";"3.37";"0.31";"15.18";"33.84"
"Broad Run HS";"Jul 20, 2026, 15:00:00";"93";"5.91";"0.3";"17.76";"32.59"
"Broad Run HS";"Jul 20, 2026, 14:00:00";"90";"5.49";"0.28";"18.39";"32.38"
"Broad Run HS";"Jul 20, 2026, 13:00:00";"86";"4.17";"0.24";"20.55";"30.16"
"Broad Run HS";"Jul 20, 2026, 12:00:00";"81";"0.79";"0.2";"21.72";"28.44"
"Broad Run HS";"Jul 20, 2026, 11:00:00";"74";"3.43";"0.22";"53.05";"24.47"
"Broad Run HS";"Jul 20, 2026, 10:00:00";"68";"3.81";"0.23";"72.31";"20.46"
"Broad Run HS";"Jul 20, 2026, 09:00:00";"64";"5.99";"0.28";"113.47";"17.82"
"Broad Run HS";"Jul 20, 2026, 08:00:00";"61";"14.38";"0.31";"155.18";"14.65"
"Broad Run HS";"Jul 20, 2026, 07:00:00";"60";"9.43";"0.3";"163.65";"13.09"
"Broad Run HS";"Jul 20, 2026, 06:00:00";"61";"8.29";"0.29";"161.45";"13.51"
"Broad Run HS";"Jul 20, 2026, 05:00:00";"63";"8.62";"0.28";"143.68";"14.05"
"Broad Run HS";"Jul 20, 2026, 04:00:00";"65";"7.77";"0.29";"133.26";"14.79"
"Broad Run HS";"Jul 20, 2026, 03:00:00";"67";"8.56";"0.31";"120.4";"16.22"
"Broad Run HS";"Jul 20, 2026, 02:00:00";"70";"8.6";"0.31";"89.91";"17.44"
"Broad Run HS";"Jul 20, 2026, 01:00:00";"73";"9.11";"0.35";"70.49";"18.18"
"Broad Run HS";"Jul 20, 2026, 00:00:00";"77";"10.5";"0.38";"59.17";"19.97"
"Broad Run HS";"Jul 19, 2026, 23:00:00";"83";"11.25";"0.44";"54.3";"22.61"
"Broad Run HS";"Jul 19, 2026, 22:00:00";"89";"9.23";"0.46";"43.59";"24.63"
"Broad Run HS";"Jul 19, 2026, 21:00:00";"98";"8.23";"0.51";"38.03";"30.28"
"Broad Run HS";"Jul 19, 2026, 20:00:00";"107";"5.34";"0.55";"32.86";"36.49"
"Broad Run HS";"Jul 19, 2026, 19:00:00";"110";"4.77";"0.57";"38.87";"36.44"
"Broad Run HS";"Jul 19, 2026, 18:00:00";"117";"3.56";"0.61";"44.17";"38.09"
"Broad Run HS";"Jul 19, 2026, 17:00:00";"126";"2.41";"0.62";"49.58";"44.18"
"Broad Run HS";"Jul 19, 2026, 16:00:00";"130";"1.58";"0.63";"56.97";"46.78"
"Broad Run HS";"Jul 19, 2026, 15:00:00";"131";"0.84";"0.64";"65.92";"49.38"
"Broad Run HS";"Jul 19, 2026, 14:00:00";"127";"0.16";"0.64";"77.59";"51.6"
"Broad Run HS";"Jul 19, 2026, 13:00:00";"112";"0.8";"0.6";"97.7";"47.73"
"Broad Run HS";"Jul 19, 2026, 12:00:00";"94";"0.93";"0.46";"112.05";"40.37"
"Broad Run HS";"Jul 19, 2026, 11:00:00";"78";"1.65";"0.29";"134.99";"30.28"
"Broad Run HS";"Jul 19, 2026, 10:00:00";"65";"2.28";"0.19";"170.89";"22.12"
"Broad Run HS";"Jul 19, 2026, 09:00:00";"54";"3.34";"0.12";"185.83";"14.54"
"Broad Run HS";"Jul 19, 2026, 08:00:00";"38";"4.8";"0.07";"241.86";"6.55"
"Broad Run HS";"Jul 19, 2026, 07:00:00";"40";"5.94";"0.05";"280.99";"7.61"
"Broad Run HS";"Jul 19, 2026, 06:00:00";"38";"5.79";"0.03";"243.57";"7.2"
"Broad Run HS";"Jul 19, 2026, 05:00:00";"35";"4.42";"0.03";"275.24";"6.05"
"Broad Run HS";"Jul 19, 2026, 04:00:00";"37";"3.62";"0.04";"313.46";"5.52"
"Broad Run HS";"Jul 19, 2026, 03:00:00";"43";"2.99";"0.06";"400.12";"6.74"
"Broad Run HS";"Jul 19, 2026, 02:00:00";"49";"2.74";"0.07";"392";"7.72"
"Broad Run HS";"Jul 19, 2026, 01:00:00";"53";"3.58";"0.16";"577.26";"9.05"
"Broad Run HS";"Jul 19, 2026, 00:00:00";"54";"4.85";"0.19";"605";"10.7"
"Broad Run HS";"Jul 18, 2026, 23:00:00";"55";"5.21";"0.18";"559.95";"10.65"
"Broad Run HS";"Jul 18, 2026, 22:00:00";"55";"5.2";"0.15";"512.81";"11"
"Broad Run HS";"Jul 18, 2026, 21:00:00";"55";"7.52";"0.15";"487.71";"11"
"Broad Run HS";"Jul 18, 2026, 20:00:00";"55";"9.42";"0.15";"514.92";"8.5"
"Broad Run HS";"Jul 18, 2026, 19:00:00";"60";"17.49";"0.18";"400.44";"9.09"
"Broad Run HS";"Jul 18, 2026, 18:00:00";"69";"12.56";"0.1";"320.32";"8.46"
"Broad Run HS";"Jul 18, 2026, 17:00:00";"87";"13.12";"0.08";"220.45";"12.54"
"Broad Run HS";"Jul 18, 2026, 16:00:00";"122";"9.41";"0.19";"116.3";"27.5"
"Broad Run HS";"Jul 18, 2026, 15:00:00";"154";"1.9";"0.37";"103.97";"58.52"
"Broad Run HS";"Jul 18, 2026, 14:00:00";"154";"0";"0.47";"127.46";"66.41"
"Broad Run HS";"Jul 18, 2026, 13:00:00";"150";"0";"0.51";"207.16";"62.45"
"Broad Run HS";"Jul 18, 2026, 12:00:00";"145";"2.69";"0.57";"272.47";"57.6"
"Broad Run HS";"Jul 18, 2026, 11:00:00";"142";"8.13";"0.56";"289.01";"53.44"
"Broad Run HS";"Jul 18, 2026, 10:00:00";"139";"9.2";"0.52";"286.45";"50.68"
"Broad Run HS";"Jul 18, 2026, 09:00:00";"137";"11.3";"0.52";"283.84";"48.43"
"Broad Run HS";"Jul 18, 2026, 08:00:00";"139";"12.81";"0.54";"229.4";"48.48"
"Broad Run HS";"Jul 18, 2026, 07:00:00";"143";"9.57";"0.55";"195.06";"50.1"
"Broad Run HS";"Jul 18, 2026, 06:00:00";"148";"8.3";"0.57";"184.86";"51.84"
"Broad Run HS";"Jul 18, 2026, 05:00:00";"152";"6.99";"0.65";"173.64";"54.56"
"Broad Run HS";"Jul 18, 2026, 04:00:00";"154";"7.48";"0.68";"171.32";"57.08"
"Broad Run HS";"Jul 18, 2026, 03:00:00";"154";"8";"0.73";"132.77";"55.76"
"Broad Run HS";"Jul 18, 2026, 02:00:00";"156";"8.09";"0.75";"98.76";"56.5"
"Broad Run HS";"Jul 18, 2026, 01:00:00";"159";"8.47";"0.78";"85.35";"58.71"
"Broad Run HS";"Jul 18, 2026, 00:00:00";"163";"8.81";"0.76";"68.87";"59.39"
"Broad Run HS";"Jul 17, 2026, 23:00:00";"169";"9.04";"0.83";"54.75";"68.39"
"Broad Run HS";"Jul 17, 2026, 22:00:00";"174";"9.11";"0.86";"39.19";"77.77"
"Broad Run HS";"Jul 17, 2026, 21:00:00";"176";"7.01";"0.82";"28.45";"86.79"
"Broad Run HS";"Jul 17, 2026, 20:00:00";"177";"5.88";"0.75";"18.97";"88.73"
"Broad Run HS";"Jul 17, 2026, 19:00:00";"177";"4.17";"0.72";"8.08";"92.11"
"Broad Run HS";"Jul 17, 2026, 18:00:00";"177";"3.56";"0.7";"0.53";"91.81"
"Broad Run HS";"Jul 17, 2026, 17:00:00";"177";"2.23";"0.7";"0";"92.82"
"Broad Run HS";"Jul 17, 2026, 16:00:00";"177";"0.88";"0.64";"0";"92.41"
"Broad Run HS";"Jul 17, 2026, 15:00:00";"177";"0.16";"0.6";"0";"89.99"
"Broad Run HS";"Jul 17, 2026, 14:00:00";"178";"0.39";"0.57";"0";"89.85"
"Broad Run HS";"Jul 17, 2026, 13:00:00";"179";"0.41";"0.65";"0";"93.23"
"Broad Run HS";"Jul 17, 2026, 12:00:00";"180";"0.25";"0.71";"1.17";"96.17"
"Broad Run HS";"Jul 17, 2026, 11:00:00";"181";"0.58";"0.81";"16.39";"100.87"
"Broad Run HS";"Jul 17, 2026, 10:00:00";"180";"6.82";"1.06";"37.72";"104.46"
"Broad Run HS";"Jul 17, 2026, 09:00:00";"174";"13.44";"1.23";"56.97";"89.93"
"Broad Run HS";"Jul 17, 2026, 08:00:00";"172";"13.49";"1.27";"70.99";"80.49"
"Broad Run HS";"Jul 17, 2026, 07:00:00";"175";"12.02";"1.25";"63.76";"81.77"
"Broad Run HS";"Jul 17, 2026, 06:00:00";"180";"11.88";"1.33";"53.39";"88.36"
"Broad Run HS";"Jul 17, 2026, 05:00:00";"186";"9.77";"1.4";"36.52";"97.1"
"Broad Run HS";"Jul 17, 2026, 04:00:00";"191";"6.99";"1.47";"26.58";"117.84"
"Broad Run HS";"Jul 17, 2026, 03:00:00";"188";"6.36";"1.51";"28.84";"123.11"
"Broad Run HS";"Jul 17, 2026, 02:00:00";"176";"5.58";"1.32";"36.44";"112.03"
"Broad Run HS";"Jul 17, 2026, 01:00:00";"162";"5.17";"0.86";"55.09";"86.72"
"Broad Run HS";"Jul 17, 2026, 00:00:00";"146";"4.78";"0.57";"74.75";"66.76"
"Broad Run HS";"Jul 16, 2026, 23:00:00";"113";"2.6";"0.47";"80.85";"57.22"
"Broad Run HS";"Jul 16, 2026, 22:00:00";"76";"1.38";"0.31";"105.73";"27.85"
"Broad Run HS";"Jul 16, 2026, 21:00:00";"70";"0.35";"0.25";"82.45";"16.94"
"Broad Run HS";"Jul 16, 2026, 20:00:00";"72";"0";"0.25";"42.7";"18.24"
"Broad Run HS";"Jul 16, 2026, 19:00:00";"74";"0";"0.25";"22.77";"21.59"
"Broad Run HS";"Jul 16, 2026, 18:00:00";"74";"0";"0.26";"9.02";"23.07"
"Broad Run HS";"Jul 16, 2026, 17:00:00";"71";"0";"0.26";"13";"20.66"
"Broad Run HS";"Jul 16, 2026, 16:00:00";"70";"0";"0.27";"35.52";"18.83"
"Broad Run HS";"Jul 16, 2026, 15:00:00";"70";"0";"0.27";"65.87";"20.65"
"Broad Run HS";"Jul 16, 2026, 14:00:00";"68";"0";"0.25";"72.4";"20.08"
"Broad Run HS";"Jul 16, 2026, 13:00:00";"66";"0";"0.23";"77.55";"18.3"
"Broad Run HS";"Jul 16, 2026, 12:00:00";"65";"0";"0.23";"95.28";"17.7"
"Broad Run HS";"Jul 16, 2026, 11:00:00";"64";"0.04";"0.22";"110.79";"17.72"
"Broad Run HS";"Jul 16, 2026, 10:00:00";"62";"0.1";"0.21";"116.95";"16.3"
"Broad Run HS";"Jul 16, 2026, 09:00:00";"61";"1.31";"0.19";"117.27";"14.81"
"Broad Run HS";"Jul 16, 2026, 08:00:00";"61";"3.77";"0.17";"119.35";"13.73"
"Broad Run HS";"Jul 16, 2026, 07:00:00";"61";"4.93";"0.16";"120.77";"14.48"
"Broad Run HS";"Jul 16, 2026, 06:00:00";"60";"4.59";"0.16";"127.75";"14.56"
"Broad Run HS";"Jul 16, 2026, 05:00:00";"60";"4.78";"0.16";"129.86";"14.24"
"Broad Run HS";"Jul 16, 2026, 04:00:00";"60";"4.33";"0.16";"115.07";"14.71"
"Broad Run HS";"Jul 16, 2026, 03:00:00";"59";"3.63";"0.17";"107.17";"14.73"
"Broad Run HS";"Jul 16, 2026, 02:00:00";"59";"3.57";"0.18";"106.46";"13.62"
"Broad Run HS";"Jul 16, 2026, 01:00:00";"58";"3.29";"0.19";"111.72";"12.4"
"Broad Run HS";"Jul 16, 2026, 00:00:00";"59";"3.09";"0.21";"122.81";"13.43"
"Broad Run HS";"Jul 15, 2026, 23:00:00";"58";"2.51";"0.23";"129.31";"13.63"
"Broad Run HS";"Jul 15, 2026, 22:00:00";"58";"2.45";"0.23";"114.06";"11.86"
"Broad Run HS";"Jul 15, 2026, 21:00:00";"58";"1.15";"0.24";"92.74";"11.85"
"Broad Run HS";"Jul 15, 2026, 20:00:00";"59";"0";"0.24";"66.65";"12.19"
"Broad Run HS";"Jul 15, 2026, 19:00:00";"59";"0";"0.24";"37.16";"13.15"
"Broad Run HS";"Jul 15, 2026, 18:00:00";"59";"0";"0.25";"13.4";"13.31"
"Broad Run HS";"Jul 15, 2026, 17:00:00";"59";"0";"0.25";"6.56";"12.77"
"Broad Run HS";"Jul 15, 2026, 16:00:00";"60";"0";"0.24";"17.83";"13.15"
"Broad Run HS";"Jul 15, 2026, 15:00:00";"61";"0";"0.23";"38.16";"14.46"
"Broad Run HS";"Jul 15, 2026, 14:00:00";"60";"0";"0.22";"43.62";"14.08"
"Broad Run HS";"Jul 15, 2026, 13:00:00";"59";"0";"0.2";"80.35";"14.05"
"Broad Run HS";"Jul 15, 2026, 12:00:00";"58";"0";"0.2";"98.84";"14.06"
"Broad Run HS";"Jul 15, 2026, 11:00:00";"55";"0";"0.2";"116.34";"12.67"
"Broad Run HS";"Jul 15, 2026, 10:00:00";"52";"0";"0.2";"145.03";"11.09"
"Broad Run HS";"Jul 15, 2026, 09:00:00";"48";"1.37";"0.24";"179.16";"9.73"
"Broad Run HS";"Jul 15, 2026, 08:00:00";"46";"7.22";"0.18";"241.74";"8.11"
"Broad Run HS";"Jul 15, 2026, 07:00:00";"46";"6.95";"0.14";"264.11";"7.72"
"Broad Run HS";"Jul 15, 2026, 06:00:00";"47";"7.86";"0.13";"256.39";"8.61"
"Broad Run HS";"Jul 15, 2026, 05:00:00";"47";"6.48";"0.11";"230.42";"8.33"
"Broad Run HS";"Jul 15, 2026, 04:00:00";"47";"6.82";"0.12";"219.87";"8.17"
"Broad Run HS";"Jul 15, 2026, 03:00:00";"48";"7.77";"0.14";"185.05";"8.22"
"Broad Run HS";"Jul 15, 2026, 02:00:00";"48";"7.29";"0.2";"128.44";"7.97"
"Broad Run HS";"Jul 15, 2026, 01:00:00";"49";"7.68";"0.22";"89.47";"8.4"
"Broad Run HS";"Jul 15, 2026, 00:00:00";"49";"6.64";"0.22";"70.73";"8.31"
"Broad Run HS";"Jul 14, 2026, 23:00:00";"50";"5.24";"0.24";"60.53";"8.31"
"Broad Run HS";"Jul 14, 2026, 22:00:00";"51";"5.08";"0.25";"54.96";"8.58"
"Broad Run HS";"Jul 14, 2026, 21:00:00";"52";"3.73";"0.24";"43.04";"9.03"
"Broad Run HS";"Jul 14, 2026, 20:00:00";"52";"1.02";"0.24";"30.97";"9.56"
"Broad Run HS";"Jul 14, 2026, 19:00:00";"52";"0.08";"0.24";"22.02";"9.58"
"Broad Run HS";"Jul 14, 2026, 18:00:00";"52";"0";"0.24";"12.61";"9.47"
"Broad Run HS";"Jul 14, 2026, 17:00:00";"52";"0";"0.24";"5.46";"9.73"
"Broad Run HS";"Jul 14, 2026, 16:00:00";"50";"0";"0.23";"2.21";"9.06"
"Broad Run HS";"Jul 14, 2026, 15:00:00";"51";"0";"0.22";"1.75";"8.7"
"Broad Run HS";"Jul 14, 2026, 14:00:00";"52";"0";"0.22";"6.83";"8.8"
"Broad Run HS";"Jul 14, 2026, 13:00:00";"53";"0";"0.21";"33.16";"8.78"
"Broad Run HS";"Jul 14, 2026, 12:00:00";"54";"0";"0.2";"52.47";"11.29"
"Broad Run HS";"Jul 14, 2026, 11:00:00";"53";"0";"0.2";"58.78";"11.28"
"Broad Run HS";"Jul 14, 2026, 10:00:00";"52";"1.15";"0.57";"94.52";"10.8"
"Broad Run HS";"Jul 14, 2026, 09:00:00";"46";"4.41";"0.31";"131.52";"8.96"
"Broad Run HS";"Jul 14, 2026, 08:00:00";"43";"7.45";"0.17";"177.75";"6.47"
"Broad Run HS";"Jul 14, 2026, 07:00:00";"48";"7.86";"0.15";"164.75";"8.16"
"Broad Run HS";"Jul 14, 2026, 06:00:00";"50";"7.49";"0.14";"140.27";"9.8"
"Broad Run HS";"Jul 14, 2026, 05:00:00";"48";"7.66";"0.14";"131.47";"8.79"
"Broad Run HS";"Jul 14, 2026, 04:00:00";"47";"9.07";"0.14";"112.24";"7.77"
"Broad Run HS";"Jul 14, 2026, 03:00:00";"50";"7.76";"0.15";"91.18";"8.29"
"Broad Run HS";"Jul 14, 2026, 02:00:00";"52";"7.71";"0.16";"72.56";"8.61"
"Broad Run HS";"Jul 14, 2026, 01:00:00";"52";"9.02";"0.18";"63.65";"8.42"
"Broad Run HS";"Jul 14, 2026, 00:00:00";"54";"9.56";"0.19";"44.26";"8.98"
"Broad Run HS";"Jul 13, 2026, 23:00:00";"56";"8.9";"0.2";"30.43";"9.46"
"Broad Run HS";"Jul 13, 2026, 22:00:00";"57";"9.63";"0.22";"28.33";"10.96"
"Broad Run HS";"Jul 13, 2026, 21:00:00";"57";"9.34";"0.23";"19.23";"11.99"
"Broad Run HS";"Jul 13, 2026, 20:00:00";"58";"7";"0.2";"2.57";"12.79"
"Broad Run HS";"Jul 13, 2026, 19:00:00";"58";"2.81";"0.2";"0";"12.52"
"Broad Run HS";"Jul 13, 2026, 18:00:00";"58";"1.08";"0.19";"0";"12.69"
"Broad Run HS";"Jul 13, 2026, 17:00:00";"57";"0.02";"0.19";"0.91";"12.56"
"Broad Run HS";"Jul 13, 2026, 16:00:00";"57";"0";"0.18";"2.93";"12.44"
"Broad Run HS";"Jul 13, 2026, 15:00:00";"57";"0.55";"0.18";"7.58";"12.51"
"Broad Run HS";"Jul 13, 2026, 14:00:00";"56";"0.33";"0.18";"12.68";"12.53"
"Broad Run HS";"Jul 13, 2026, 13:00:00";"54";"0";"0.19";"16.01";"11.09"
"Broad Run HS";"Jul 13, 2026, 12:00:00";"52";"0";"0.19";"40.96";"10.89"
"Broad Run HS";"Jul 13, 2026, 11:00:00";"47";"0";"0.17";"75.69";"8.95"
"Broad Run HS";"Jul 13, 2026, 10:00:00";"44";"0.89";"0.18";"132.72";"8.18"
"Broad Run HS";"Jul 13, 2026, 09:00:00";"43";"4.25";"0.18";"205.94";"7.51"
"Broad Run HS";"Jul 13, 2026, 08:00:00";"44";"5.64";"0.19";"281.39";"5.49"
"Broad Run HS";"Jul 13, 2026, 07:00:00";"54";"5.79";"0.16";"268.07";"9.06"
"Broad Run HS";"Jul 13, 2026, 06:00:00";"55";"4.14";"0.15";"271.8";"12"
"Broad Run HS";"Jul 13, 2026, 05:00:00";"54";"4.93";"0.16";"277.6";"10.98"
"Broad Run HS";"Jul 13, 2026, 04:00:00";"54";"6.43";"0.16";"260.07";"12.47"
"Broad Run HS";"Jul 13, 2026, 03:00:00";"53";"7.75";"0.16";"232.36";"10.87"
"Broad Run HS";"Jul 13, 2026, 02:00:00";"53";"8.89";"0.15";"195.07";"9.75"
"Broad Run HS";"Jul 13, 2026, 01:00:00";"53";"8.41";"0.15";"174.55";"10.09"
"Broad Run HS";"Jul 13, 2026, 00:00:00";"53";"8.58";"0.16";"149.34";"9.39"
"Broad Run HS";"Jul 12, 2026, 23:00:00";"53";"8.22";"0.16";"122.94";"9.35"
"Broad Run HS";"Jul 12, 2026, 22:00:00";"54";"7.96";"0.16";"105.4";"9.74"
"Broad Run HS";"Jul 12, 2026, 21:00:00";"54";"7.67";"0.15";"96.42";"9.93"
"Broad Run HS";"Jul 12, 2026, 20:00:00";"55";"8.92";"0.16";"104.92";"10.14"
"Broad Run HS";"Jul 12, 2026, 19:00:00";"55";"7.82";"0.16";"123.32";"9.9"
"Broad Run HS";"Jul 12, 2026, 18:00:00";"56";"9.02";"0.16";"145.33";"10.01"
"Broad Run HS";"Jul 12, 2026, 17:00:00";"56";"6.5";"0.18";"113.57";"11.35"
"Broad Run HS";"Jul 12, 2026, 16:00:00";"57";"0.49";"0.21";"92.52";"12.55"
"Broad Run HS";"Jul 12, 2026, 15:00:00";"56";"0.35";"0.21";"113.92";"12.42"
"Broad Run HS";"Jul 12, 2026, 14:00:00";"56";"0.4";"0.22";"156.67";"12.08"
"Broad Run HS";"Jul 12, 2026, 13:00:00";"55";"2.5";"0.21";"188.84";"11.76"
"Broad Run HS";"Jul 12, 2026, 12:00:00";"55";"4.22";"0.21";"213.41";"11.55"
"Broad Run HS";"Jul 12, 2026, 11:00:00";"54";"4.46";"0.21";"257.01";"11.23"
"Broad Run HS";"Jul 12, 2026, 10:00:00";"54";"5.69";"0.2";"287.28";"11.07"
"Broad Run HS";"Jul 12, 2026, 09:00:00";"54";"6.59";"0.19";"355.43";"11.01"
"Broad Run HS";"Jul 12, 2026, 08:00:00";"54";"6.87";"0.19";"398.16";"10.73"
"Broad Run HS";"Jul 12, 2026, 07:00:00";"53";"7.09";"0.19";"417.4";"10.02"
"Broad Run HS";"Jul 12, 2026, 06:00:00";"53";"7.06";"0.18";"427";"10.28"
"Broad Run HS";"Jul 12, 2026, 05:00:00";"53";"7.53";"0.18";"428.13";"10.37"
"Broad Run HS";"Jul 12, 2026, 04:00:00";"52";"8.14";"0.18";"409.53";"10.27"
"Broad Run HS";"Jul 12, 2026, 03:00:00";"48";"9.84";"0.19";"393.9";"8.41"
"Broad Run HS";"Jul 12, 2026, 02:00:00";"49";"10.08";"0.18";"364.53";"8.55"
"Broad Run HS";"Jul 12, 2026, 01:00:00";"51";"11.35";"0.17";"299.74";"8.55"
"Broad Run HS";"Jul 12, 2026, 00:00:00";"53";"13.12";"0.19";"294.7";"8.32"
"Broad Run HS";"Jul 11, 2026, 23:00:00";"55";"16.06";"0.18";"237.81";"7.98"
"Broad Run HS";"Jul 11, 2026, 22:00:00";"62";"8.58";"0.22";"141.81";"12.56"
"Broad Run HS";"Jul 11, 2026, 21:00:00";"64";"5.26";"0.25";"113.31";"16.21"
"Broad Run HS";"Jul 11, 2026, 20:00:00";"64";"5.07";"0.24";"99.74";"16.09"
"Broad Run HS";"Jul 11, 2026, 19:00:00";"64";"3.91";"0.24";"84.59";"15.18"
"Broad Run HS";"Jul 11, 2026, 18:00:00";"65";"1.03";"0.23";"82.46";"15.34"
"Broad Run HS";"Jul 11, 2026, 17:00:00";"66";"0";"0.23";"85.82";"16.92"
"Broad Run HS";"Jul 11, 2026, 16:00:00";"67";"0";"0.23";"83.28";"17.94"
"Broad Run HS";"Jul 11, 2026, 15:00:00";"66";"0.02";"0.22";"84.82";"18.13"
"Broad Run HS";"Jul 11, 2026, 14:00:00";"64";"0.24";"0.21";"102.23";"16.81"
"Broad Run HS";"Jul 11, 2026, 13:00:00";"62";"0.29";"0.21";"115.18";"16.63"
"Broad Run HS";"Jul 11, 2026, 12:00:00";"58";"0";"0.2";"136.31";"14.79"
"Broad Run HS";"Jul 11, 2026, 11:00:00";"54";"0";"0.2";"162.73";"11.68"
"Broad Run HS";"Jul 11, 2026, 10:00:00";"49";"0.22";"0.21";"202.64";"10.01"
"Broad Run HS";"Jul 11, 2026, 09:00:00";"43";"4.05";"0.18";"247.18";"8.51"
"Broad Run HS";"Jul 11, 2026, 08:00:00";"39";"5.12";"0.16";"287.41";"6.8"
"Broad Run HS";"Jul 11, 2026, 07:00:00";"40";"6.35";"0.15";"294.19";"6.89"
"Broad Run HS";"Jul 11, 2026, 06:00:00";"41";"7.07";"0.14";"289.66";"7.18"
"Broad Run HS";"Jul 11, 2026, 05:00:00";"42";"7.31";"0.15";"320.9";"7.05"
"Broad Run HS";"Jul 11, 2026, 04:00:00";"45";"7.48";"0.16";"330.61";"7.05"
"Broad Run HS";"Jul 11, 2026, 03:00:00";"50";"8.17";"0.19";"320.88";"7.51"
"Broad Run HS";"Jul 11, 2026, 02:00:00";"54";"9.08";"0.19";"306.61";"8.33"
"Broad Run HS";"Jul 11, 2026, 01:00:00";"59";"10.17";"0.23";"313.72";"13.55"
"Broad Run HS";"Jul 11, 2026, 00:00:00";"57";"10.51";"0.22";"345.49";"13.75"
"Broad Run HS";"Jul 10, 2026, 23:00:00";"54";"11.9";"0.21";"325.81";"11.52"
"Broad Run HS";"Jul 10, 2026, 22:00:00";"53";"16.74";"0.24";"293.87";"9.18"
"Broad Run HS";"Jul 10, 2026, 21:00:00";"55";"13.25";"0.22";"235.66";"8.86"
"Broad Run HS";"Jul 10, 2026, 20:00:00";"58";"8.31";"0.21";"168.84";"9.74"
"Broad Run HS";"Jul 10, 2026, 19:00:00";"65";"1.15";"0.23";"207.57";"13.78"
"Broad Run HS";"Jul 10, 2026, 18:00:00";"68";"1.01";"0.24";"213.97";"17.04"
"Broad Run HS";"Jul 10, 2026, 17:00:00";"70";"3.71";"0.26";"270.77";"18.29"
"Broad Run HS";"Jul 10, 2026, 16:00:00";"71";"5.85";"0.26";"220.05";"19.72"
"Broad Run HS";"Jul 10, 2026, 15:00:00";"70";"3.03";"0.23";"165.89";"18.89"
"Broad Run HS";"Jul 10, 2026, 14:00:00";"71";"1.74";"0.22";"155.03";"19.94"
"Broad Run HS";"Jul 10, 2026, 13:00:00";"70";"0.61";"0.21";"159.76";"19.96"
"Broad Run HS";"Jul 10, 2026, 12:00:00";"69";"0.38";"0.21";"177.8";"20.63"
"Broad Run HS";"Jul 10, 2026, 11:00:00";"64";"0";"0.2";"187.55";"17.7"
"Broad Run HS";"Jul 10, 2026, 10:00:00";"62";"0.24";"0.2";"211.97";"17.23"
"Broad Run HS";"Jul 10, 2026, 09:00:00";"59";"2.77";"0.2";"290.13";"15.03"
"Broad Run HS";"Jul 10, 2026, 08:00:00";"56";"8.67";"0.18";"452.44";"11.6"
"Broad Run HS";"Jul 10, 2026, 07:00:00";"56";"7.19";"0.16";"492.06";"10.9"
"Broad Run HS";"Jul 10, 2026, 06:00:00";"58";"5.75";"0.15";"480.5";"12.22"
"Broad Run HS";"Jul 10, 2026, 05:00:00";"59";"4.7";"0.15";"491.71";"13.2"
"Broad Run HS";"Jul 10, 2026, 04:00:00";"58";"4.07";"0.15";"505.69";"12.79"
"Broad Run HS";"Jul 10, 2026, 03:00:00";"58";"4.29";"0.15";"533.29";"12.89"
"Broad Run HS";"Jul 10, 2026, 02:00:00";"57";"4.36";"0.16";"553.98";"12.22"
"Broad Run HS";"Jul 10, 2026, 01:00:00";"57";"4.91";"0.17";"618.09";"11.52"
"Broad Run HS";"Jul 10, 2026, 00:00:00";"57";"6.05";"0.2";"661.08";"10.25"
"Broad Run HS";"Jul 9, 2026, 23:00:00";"61";"6.6";"0.2";"597.11";"9.63"
"Broad Run HS";"Jul 9, 2026, 22:00:00";"71";"7.71";"0.18";"505.38";"33.69"
"Broad Run HS";"Jul 9, 2026, 21:00:00";"28";"8.32";"0.18";"459.12";"4.85"
"Broad Run HS";"Jul 9, 2026, 20:00:00";"28";"8.71";"0.19";"442.14";"4.37"
"Broad Run HS";"Jul 9, 2026, 19:00:00";"32";"12.31";"0.19";"512.77";"4.29"
"Broad Run HS";"Jul 9, 2026, 18:00:00";"40";"14.29";"0.16";"522.21";"5.03"
"Broad Run HS";"Jul 9, 2026, 17:00:00";"52";"13.94";"0.16";"411.3";"7.98"
"Broad Run HS";"Jul 9, 2026, 16:00:00";"55";"13.31";"0.17";"243.5";"6.78"
"Broad Run HS";"Jul 9, 2026, 15:00:00";"63";"2.23";"0.21";"249.51";"12.98"
"Broad Run HS";"Jul 9, 2026, 14:00:00";"67";"0.22";"0.22";"314.13";"18.14"
"Broad Run HS";"Jul 9, 2026, 13:00:00";"66";"0.1";"0.23";"405.56";"17.85"
"Broad Run HS";"Jul 9, 2026, 12:00:00";"65";"1.34";"0.23";"504.53";"17.23"
"Broad Run HS";"Jul 9, 2026, 11:00:00";"63";"1.39";"0.24";"544.64";"16.69"
"Broad Run HS";"Jul 9, 2026, 10:00:00";"60";"2.98";"0.23";"652.3";"14.98"
"Broad Run HS";"Jul 9, 2026, 09:00:00";"59";"5.38";"0.21";"731.7";"15.08"
"Broad Run HS";"Jul 9, 2026, 08:00:00";"57";"6.8";"0.2";"703.48";"14.21"
"Broad Run HS";"Jul 9, 2026, 07:00:00";"55";"7.16";"0.19";"661.07";"11.84"
"Broad Run HS";"Jul 9, 2026, 06:00:00";"54";"7.07";"0.18";"640.95";"10.49"
"Broad Run HS";"Jul 9, 2026, 05:00:00";"54";"7.22";"0.18";"607.88";"10.21"
"Broad Run HS";"Jul 9, 2026, 04:00:00";"55";"7.84";"0.18";"549.49";"10.3"
"Broad Run HS";"Jul 9, 2026, 03:00:00";"55";"7.29";"0.19";"469.46";"10.57"
"Broad Run HS";"Jul 9, 2026, 02:00:00";"55";"8.57";"0.2";"433.05";"9.81"
"Broad Run HS";"Jul 9, 2026, 01:00:00";"56";"10.92";"0.2";"384.87";"10.78"
"Broad Run HS";"Jul 9, 2026, 00:00:00";"57";"17.98";"0.21";"337.57";"11.48"
"Broad Run HS";"Jul 8, 2026, 23:00:00";"57";"13.36";"0.21";"294.48";"12.12"
"Broad Run HS";"Jul 8, 2026, 22:00:00";"57";"15.06";"0.22";"257.75";"11.96"
"Broad Run HS";"Jul 8, 2026, 21:00:00";"57";"13.48";"0.22";"219.37";"11.64"
"Broad Run HS";"Jul 8, 2026, 20:00:00";"57";"17.68";"0.22";"203.46";"12.48"
"Broad Run HS";"Jul 8, 2026, 19:00:00";"56";"10.07";"0.21";"183.25";"11.36"
"Broad Run HS";"Jul 8, 2026, 18:00:00";"57";"7.54";"0.23";"189.11";"11.78"
"Broad Run HS";"Jul 8, 2026, 17:00:00";"57";"4.8";"0.24";"194.01";"11.79"
"Broad Run HS";"Jul 8, 2026, 16:00:00";"58";"4.83";"0.24";"221.26";"13.72"
"Broad Run HS";"Jul 8, 2026, 15:00:00";"57";"9.86";"0.22";"243.96";"12.64"
"Broad Run HS";"Jul 8, 2026, 14:00:00";"55";"9.72";"0.21";"265.13";"11.76"
"Broad Run HS";"Jul 8, 2026, 13:00:00";"54";"9.18";"0.21";"291.72";"12.04"
"Broad Run HS";"Jul 8, 2026, 12:00:00";"49";"8.95";"0.19";"279.26";"8.84"
"Broad Run HS";"Jul 8, 2026, 11:00:00";"49";"10.48";"0.19";"309.87";"8.35"
"Broad Run HS";"Jul 8, 2026, 10:00:00";"52";"7.75";"0.18";"338.57";"9.06"
"Broad Run HS";"Jul 8, 2026, 09:00:00";"52";"8.37";"0.18";"387.78";"7.18"
"Broad Run HS";"Jul 8, 2026, 08:00:00";"56";"7.32";"0.18";"418.2";"8.81"
"Broad Run HS";"Jul 8, 2026, 07:00:00";"62";"7.44";"0.19";"433.84";"14.09"
"Broad Run HS";"Jul 8, 2026, 06:00:00";"63";"7.65";"0.18";"418.88";"16.13"
"Broad Run HS";"Jul 8, 2026, 05:00:00";"62";"6.99";"0.17";"432.81";"12.46"
"Broad Run HS";"Jul 8, 2026, 04:00:00";"65";"6.69";"0.17";"475.17";"15.23"
"Broad Run HS";"Jul 8, 2026, 03:00:00";"67";"6.76";"0.19";"523.65";"17.32"
"Broad Run HS";"Jul 8, 2026, 02:00:00";"66";"4.76";"0.18";"516.65";"14.89"
"Broad Run HS";"Jul 8, 2026, 01:00:00";"68";"1.41";"0.22";"595.95";"15.88"
"Broad Run HS";"Jul 8, 2026, 00:00:00";"70";"0";"0.23";"641.26";"20.49"
"Broad Run HS";"Jul 7, 2026, 23:00:00";"69";"0.92";"0.24";"555.07";"21.52"
"Broad Run HS";"Jul 7, 2026, 22:00:00";"67";"2.51";"0.24";"449.59";"19.21"
"Broad Run HS";"Jul 7, 2026, 21:00:00";"66";"3.51";"0.24";"387.47";"16.07"
"Broad Run HS";"Jul 7, 2026, 20:00:00";"66";"3.59";"0.23";"356.72";"16.73"
"Broad Run HS";"Jul 7, 2026, 19:00:00";"67";"4";"0.22";"287.29";"17.32"
"Broad Run HS";"Jul 7, 2026, 18:00:00";"66";"1.52";"0.22";"203.84";"16.37"
"Broad Run HS";"Jul 7, 2026, 17:00:00";"67";"0";"0.22";"207.47";"15.91"
"Broad Run HS";"Jul 7, 2026, 16:00:00";"68";"0";"0.23";"234.35";"18.9"
"Broad Run HS";"Jul 7, 2026, 15:00:00";"68";"0.31";"0.23";"277.16";"18.4"
"Broad Run HS";"Jul 7, 2026, 14:00:00";"67";"0.56";"0.22";"304.34";"18.46"
"Broad Run HS";"Jul 7, 2026, 13:00:00";"66";"0";"0.23";"344.31";"17.37"
"Broad Run HS";"Jul 7, 2026, 12:00:00";"65";"0.62";"0.23";"391.11";"16.27"
"Broad Run HS";"Jul 7, 2026, 11:00:00";"65";"0.23";"0.2";"431.37";"14.99"
"Broad Run HS";"Jul 7, 2026, 10:00:00";"2";"0.95";"0.2";"504.39";"18.95"
"Broad Run HS";"Jul 7, 2026, 09:00:00";"2";"1.62";"0.21";"548.35";"0"
"Broad Run HS";"Jul 7, 2026, 08:00:00";"2";"2";"0.21";"566.64";"0"
"Broad Run HS";"Jul 7, 2026, 07:00:00";"2";"2.34";"0.21";"592.73";"0"
"Broad Run HS";"Jul 7, 2026, 06:00:00";"2";"1.89";"0.17";"579.86";"0"
"Broad Run HS";"Jul 7, 2026, 05:00:00";"58";"2.51";"0.16";"562.16";"0"
"Broad Run HS";"Jul 7, 2026, 04:00:00";"58";"3.68";"0.14";"546.55";"12.54"
"Broad Run HS";"Jul 7, 2026, 03:00:00";"58";"5.3";"0.14";"528.05";"12.68"
"Broad Run HS";"Jul 7, 2026, 02:00:00";"59";"6.13";"0.16";"578.62";"12.88"
"Broad Run HS";"Jul 7, 2026, 01:00:00";"59";"7.03";"0.16";"569.91";"11.1"
"Broad Run HS";"Jul 7, 2026, 00:00:00";"61";"8.77";"0.17";"530.89";"12.28"
"Broad Run HS";"Jul 6, 2026, 23:00:00";"64";"9.88";"0.16";"423.99";"15.84"
"Broad Run HS";"Jul 6, 2026, 22:00:00";"63";"8.55";"0.16";"309.74";"15.14"
"Broad Run HS";"Jul 6, 2026, 21:00:00";"64";"3.93";"0.24";"182.92";"16.39"
"Broad Run HS";"Jul 6, 2026, 20:00:00";"63";"0.26";"0.24";"171.13";"14.86"
"Broad Run HS";"Jul 6, 2026, 19:00:00";"63";"0";"0.24";"168.94";"14.62"
"Broad Run HS";"Jul 6, 2026, 18:00:00";"65";"0.23";"0.23";"156.27";"14.78"
"Broad Run HS";"Jul 6, 2026, 17:00:00";"67";"0.07";"0.22";"130.28";"17.47"
"Broad Run HS";"Jul 6, 2026, 16:00:00";"67";"0.44";"0.21";"121.7";"18.7"
"Broad Run HS";"Jul 6, 2026, 15:00:00";"65";"0";"0.21";"131.32";"17.59"
"Broad Run HS";"Jul 6, 2026, 14:00:00";"62";"0";"0.2";"156.68";"16.23"
"Broad Run HS";"Jul 6, 2026, 13:00:00";"60";"0";"0.2";"198.22";"14.64"
"Broad Run HS";"Jul 6, 2026, 12:00:00";"58";"0.15";"0.19";"247.75";"13.96"
"Broad Run HS";"Jul 6, 2026, 11:00:00";"56";"0.79";"0.22";"266.44";"13.43"
"Broad Run HS";"Jul 6, 2026, 10:00:00";"54";"1.23";"0.2";"291.96";"10.51"
"Broad Run HS";"Jul 6, 2026, 09:00:00";"54";"2.56";"0.19";"334.58";"8.87"
"Broad Run HS";"Jul 6, 2026, 08:00:00";"56";"4.58";"0.2";"384.33";"8.79"
"Broad Run HS";"Jul 6, 2026, 07:00:00";"61";"3.98";"0.16";"387.02";"13.89"
"Broad Run HS";"Jul 6, 2026, 06:00:00";"61";"3.72";"0.16";"390.36";"14.99"
"Broad Run HS";"Jul 6, 2026, 05:00:00";"60";"3.56";"0.17";"370.25";"14.67"
"Broad Run HS";"Jul 6, 2026, 04:00:00";"58";"4.34";"0.17";"360.34";"13.42"
"Broad Run HS";"Jul 6, 2026, 03:00:00";"57";"4.48";"0.17";"338.38";"12.78"
"Broad Run HS";"Jul 6, 2026, 02:00:00";"55";"5.17";"0.17";"318.21";"10.38"
"Broad Run HS";"Jul 6, 2026, 01:00:00";"56";"5.57";"0.17";"301.45";"9.87"
"Broad Run HS";"Jul 6, 2026, 00:00:00";"59";"7.38";"0.18";"223.94";"10.82"
"Broad Run HS";"Jul 5, 2026, 23:00:00";"64";"5.91";"0.2";"99.75";"13.19"
"Broad Run HS";"Jul 5, 2026, 22:00:00";"70";"3.99";"0.21";"69.82";"16.46"
"Broad Run HS";"Jul 5, 2026, 21:00:00";"73";"3.2";"0.21";"52.22";"17.42"
"Broad Run HS";"Jul 5, 2026, 20:00:00";"80";"0.13";"0.27";"57.51";"22.5"
"Broad Run HS";"Jul 5, 2026, 19:00:00";"84";"0";"0.34";"62.1";"29.52"
"Broad Run HS";"Jul 5, 2026, 18:00:00";"78";"0";"0.32";"10.75";"26.18"
"Broad Run HS";"Jul 5, 2026, 17:00:00";"73";"0";"0.3";"0.34";"22.33"
"Broad Run HS";"Jul 5, 2026, 16:00:00";"70";"0";"0.28";"0";"20.3"
"Broad Run HS";"Jul 5, 2026, 15:00:00";"68";"0";"0.26";"0";"19.65"
"Broad Run HS";"Jul 5, 2026, 14:00:00";"67";"0";"0.26";"13.79";"18.55"
"Broad Run HS";"Jul 5, 2026, 13:00:00";"65";"0";"0.23";"31.17";"18.55"
"Broad Run HS";"Jul 5, 2026, 12:00:00";"63";"0";"0.2";"45.29";"16.94"
"Broad Run HS";"Jul 5, 2026, 11:00:00";"62";"0";"0.18";"68.14";"16.31"
"Broad Run HS";"Jul 5, 2026, 10:00:00";"60";"0";"0.18";"103.44";"14.28"
"Broad Run HS";"Jul 5, 2026, 09:00:00";"59";"0";"0.17";"139.63";"12.51"
"Broad Run HS";"Jul 5, 2026, 08:00:00";"61";"0.05";"0.15";"187.47";"12.85"
"Broad Run HS";"Jul 5, 2026, 07:00:00";"63";"0.1";"0.14";"231.56";"14.85"
"Broad Run HS";"Jul 5, 2026, 06:00:00";"64";"1.71";"0.15";"206.11";"15.12"
"Broad Run HS";"Jul 5, 2026, 05:00:00";"66";"0.53";"0.14";"190.62";"15.43"
"Broad Run HS";"Jul 5, 2026, 04:00:00";"69";"2.13";"0.16";"203.93";"19.27"
"Broad Run HS";"Jul 5, 2026, 03:00:00";"67";"3.92";"0.17";"188.74";"18.02"
"Broad Run HS";"Jul 5, 2026, 02:00:00";"66";"3.04";"0.16";"158.47";"15.04"
"Broad Run HS";"Jul 5, 2026, 01:00:00";"70";"1.34";"0.16";"142.93";"17.83"
"Broad Run HS";"Jul 5, 2026, 00:00:00";"73";"1.99";"0.17";"140.35";"21.43"
"Broad Run HS";"Jul 4, 2026, 23:00:00";"71";"3.32";"0.2";"142.34";"25.57"
"Broad Run HS";"Jul 4, 2026, 22:00:00";"60";"3.03";"0.2";"141.43";"12.78"
"Broad Run HS";"Jul 4, 2026, 21:00:00";"63";"3.29";"0.2";"77.68";"10.52"
"Broad Run HS";"Jul 4, 2026, 20:00:00";"71";"0.09";"0.24";"39.43";"17.09"
"Broad Run HS";"Jul 4, 2026, 19:00:00";"76";"0";"0.27";"22.05";"22.63"
"Broad Run HS";"Jul 4, 2026, 18:00:00";"76";"0";"0.36";"3.34";"25.65"
"Broad Run HS";"Jul 4, 2026, 17:00:00";"70";"0";"0.33";"0";"19.95"
"Broad Run HS";"Jul 4, 2026, 16:00:00";"69";"0";"0.34";"0";"19.94"
"Broad Run HS";"Jul 4, 2026, 15:00:00";"66";"0";"0.33";"0";"19.13"
"Broad Run HS";"Jul 4, 2026, 14:00:00";"62";"0";"0.31";"0";"15.46"
"Broad Run HS";"Jul 4, 2026, 13:00:00";"61";"0";"0.28";"0.08";"13.89"
"Broad Run HS";"Jul 4, 2026, 12:00:00";"61";"0";"0.26";"12.04";"13.13"
"Broad Run HS";"Jul 4, 2026, 11:00:00";"63";"0";"0.25";"47.84";"16.46"
"Broad Run HS";"Jul 4, 2026, 10:00:00";"61";"0";"0.23";"90.67";"15.65"
"Broad Run HS";"Jul 4, 2026, 09:00:00";"58";"0";"0.2";"89.06";"12.71"
"Broad Run HS";"Jul 4, 2026, 08:00:00";"58";"0";"0.17";"99.07";"10.2"
"Broad Run HS";"Jul 4, 2026, 07:00:00";"62";"0.15";"0.17";"114.39";"12.64"
"Broad Run HS";"Jul 4, 2026, 06:00:00";"67";"0.09";"0.18";"118.48";"15.17"
"Broad Run HS";"Jul 4, 2026, 05:00:00";"71";"0";"0.2";"142.69";"17.97"
"Broad Run HS";"Jul 4, 2026, 04:00:00";"73";"0";"0.23";"166.47";"19.55"
"Broad Run HS";"Jul 4, 2026, 03:00:00";"74";"0";"0.25";"168.24";"19.69"
"Broad Run HS";"Jul 4, 2026, 02:00:00";"76";"0";"0.26";"174.6";"20.35"
"Broad Run HS";"Jul 4, 2026, 01:00:00";"76";"0";"0.28";"192.29";"21.09"
"Broad Run HS";"Jul 4, 2026, 00:00:00";"77";"0";"0.3";"181.65";"21.19"
"Broad Run HS";"Jul 3, 2026, 23:00:00";"78";"0";"0.31";"155.63";"22.32"
"Broad Run HS";"Jul 3, 2026, 22:00:00";"78";"0";"0.34";"125.46";"22.72"
"Broad Run HS";"Jul 3, 2026, 21:00:00";"79";"0";"0.33";"82.56";"23.81"
"Broad Run HS";"Jul 3, 2026, 20:00:00";"79";"0";"0.34";"49.51";"25.32"
"Broad Run HS";"Jul 3, 2026, 19:00:00";"79";"0";"0.35";"34.72";"24.49"
"Broad Run HS";"Jul 3, 2026, 18:00:00";"78";"0";"0.36";"26.41";"24.07"
"Broad Run HS";"Jul 3, 2026, 17:00:00";"78";"0";"0.36";"21.06";"23.39"
"Broad Run HS";"Jul 3, 2026, 16:00:00";"78";"0";"0.34";"12.58";"22.45"
"Broad Run HS";"Jul 3, 2026, 15:00:00";"78";"0";"0.32";"10.07";"21.41"
"Broad Run HS";"Jul 3, 2026, 14:00:00";"79";"0";"0.31";"24.61";"22.79"
"Broad Run HS";"Jul 3, 2026, 13:00:00";"80";"0";"0.3";"39.06";"21.9"
"Broad Run HS";"Jul 3, 2026, 12:00:00";"81";"0";"0.3";"73.49";"23.81"
"Broad Run HS";"Jul 3, 2026, 11:00:00";"81";"0";"0.28";"121.48";"25.6"
"Broad Run HS";"Jul 3, 2026, 10:00:00";"81";"0";"0.27";"168.04";"26.4"
"Broad Run HS";"Jul 3, 2026, 09:00:00";"80";"0";"0.27";"196.92";"26.47"
"Broad Run HS";"Jul 3, 2026, 08:00:00";"79";"0";"0.25";"210.72";"26.23"
"Broad Run HS";"Jul 3, 2026, 07:00:00";"79";"0.12";"0.23";"216.89";"25.42"
"Broad Run HS";"Jul 3, 2026, 06:00:00";"77";"0.05";"0.22";"202.09";"24"
"Broad Run HS";"Jul 3, 2026, 05:00:00";"77";"0.14";"0.22";"188.69";"23.03"
"Broad Run HS";"Jul 3, 2026, 04:00:00";"77";"0.07";"0.21";"157.87";"22.23"
"Broad Run HS";"Jul 3, 2026, 03:00:00";"77";"0";"0.22";"142.77";"21.88"
"Broad Run HS";"Jul 3, 2026, 02:00:00";"77";"0";"0.23";"154.86";"21.69"
"Broad Run HS";"Jul 3, 2026, 01:00:00";"79";"0";"0.26";"160.75";"21.95"
"Broad Run HS";"Jul 3, 2026, 00:00:00";"80";"0";"0.28";"156.58";"22.31"
"Broad Run HS";"Jul 2, 2026, 23:00:00";"82";"0";"0.31";"143.32";"22.88"
"Broad Run HS";"Jul 2, 2026, 22:00:00";"85";"0";"0.32";"105.38";"23.79"
"Broad Run HS";"Jul 2, 2026, 21:00:00";"89";"0";"0.31";"70.91";"27.06"
"Broad Run HS";"Jul 2, 2026, 20:00:00";"91";"0";"0.32";"45.63";"29.42"
"Broad Run HS";"Jul 2, 2026, 19:00:00";"89";"0";"0.33";"20.06";"28.36"
"Broad Run HS";"Jul 2, 2026, 18:00:00";"91";"0";"0.34";"9.75";"29.66"
"Broad Run HS";"Jul 2, 2026, 17:00:00";"91";"0";"0.34";"8.02";"29.67"
"Broad Run HS";"Jul 2, 2026, 16:00:00";"93";"0";"0.33";"11.87";"30.71"
"Broad Run HS";"Jul 2, 2026, 15:00:00";"94";"0";"0.33";"21.75";"31.72"
"Broad Run HS";"Jul 2, 2026, 14:00:00";"94";"0";"0.31";"51.99";"31.62"
"Broad Run HS";"Jul 2, 2026, 13:00:00";"95";"0";"0.32";"102.92";"33.75"
"Broad Run HS";"Jul 2, 2026, 12:00:00";"92";"0";"0.29";"130.73";"33.99"
"Broad Run HS";"Jul 2, 2026, 11:00:00";"87";"0";"0.26";"154.45";"31.83"
"Broad Run HS";"Jul 2, 2026, 10:00:00";"81";"0";"0.26";"199.24";"29.24"
"Broad Run HS";"Jul 2, 2026, 09:00:00";"76";"0";"0.27";"238.05";"27.47"
"Broad Run HS";"Jul 2, 2026, 08:00:00";"71";"0";"0.27";"296.02";"19.51"
"Broad Run HS";"Jul 2, 2026, 07:00:00";"71";"0.32";"0.23";"327.47";"18.39"
"Broad Run HS";"Jul 2, 2026, 06:00:00";"73";"0";"0.2";"312.74";"19.49"
"Broad Run HS";"Jul 2, 2026, 05:00:00";"74";"0";"0.2";"276.93";"20.43"
"Broad Run HS";"Jul 2, 2026, 04:00:00";"75";"0";"0.22";"276.95";"20.82"
"Broad Run HS";"Jul 2, 2026, 03:00:00";"76";"0";"0.23";"270.36";"20.98"
"Broad Run HS";"Jul 2, 2026, 02:00:00";"77";"0";"0.25";"258.48";"21.27"
"Broad Run HS";"Jul 2, 2026, 01:00:00";"79";"0";"0.26";"220.03";"22.08"
"Broad Run HS";"Jul 2, 2026, 00:00:00";"80";"0";"0.28";"200.46";"22.1"
"Broad Run HS";"Jul 1, 2026, 23:00:00";"82";"0";"0.3";"181.25";"22.32"
"Broad Run HS";"Jul 1, 2026, 22:00:00";"83";"0";"0.32";"147.67";"23.58"
"Broad Run HS";"Jul 1, 2026, 21:00:00";"86";"0";"0.32";"108.77";"25.69"
"Broad Run HS";"Jul 1, 2026, 20:00:00";"89";"0";"0.32";"69.24";"28.77"
"Broad Run HS";"Jul 1, 2026, 19:00:00";"90";"0";"0.32";"51.37";"30.09"
"Broad Run HS";"Jul 1, 2026, 18:00:00";"89";"0";"0.34";"62.76";"29.8"
"Broad Run HS";"Jul 1, 2026, 17:00:00";"88";"0";"0.34";"69.91";"29.36"
"Broad Run HS";"Jul 1, 2026, 16:00:00";"87";"0";"0.33";"77.54";"29.12"
"Broad Run HS";"Jul 1, 2026, 15:00:00";"85";"0";"0.33";"96";"28.8"
"Broad Run HS";"Jul 1, 2026, 14:00:00";"82";"0";"0.3";"107.88";"28.49"
"Broad Run HS";"Jul 1, 2026, 13:00:00";"76";"0";"0.3";"134.27";"26.21"
"Broad Run HS";"Jul 1, 2026, 12:00:00";"68";"0";"0.28";"162.46";"21.65"
"Broad Run HS";"Jul 1, 2026, 11:00:00";"62";"0";"0.27";"151.94";"17.1"
"Broad Run HS";"Jul 1, 2026, 10:00:00";"58";"0.01";"0.26";"133.67";"14.75"
"Broad Run HS";"Jul 1, 2026, 09:00:00";"53";"1.26";"0.22";"127.55";"11.72"
"Broad Run HS";"Jul 1, 2026, 08:00:00";"51";"3.59";"0.22";"127.59";"10.48"
"Broad Run HS";"Jul 1, 2026, 07:00:00";"49";"6.32";"0.19";"127.77";"9.23"
"Broad Run HS";"Jul 1, 2026, 06:00:00";"47";"4.64";"0.17";"108.75";"8.69"
"Broad Run HS";"Jul 1, 2026, 05:00:00";"46";"3.86";"0.17";"89.3";"8.42"
"Broad Run HS";"Jul 1, 2026, 04:00:00";"45";"4.36";"0.17";"73.06";"8.35"
"Broad Run HS";"Jul 1, 2026, 03:00:00";"44";"5.39";"0.18";"60.24";"7.81"
"Broad Run HS";"Jul 1, 2026, 02:00:00";"45";"5.37";"0.21";"55.35";"7.63"
"Broad Run HS";"Jul 1, 2026, 01:00:00";"48";"7.17";"0.23";"62.51";"8.18"
"Broad Run HS";"Jul 1, 2026, 00:00:00";"49";"10.43";"0.24";"58.71";"8.22"
"Broad Run HS";"Jun 30, 2026, 23:00:00";"52";"8.44";"0.24";"56.65";"8.43"
"Broad Run HS";"Jun 30, 2026, 22:00:00";"54";"11.35";"0.25";"59.33";"8.51"
"Broad Run HS";"Jun 30, 2026, 21:00:00";"58";"4.13";"0.25";"63.1";"10.11"
"Broad Run HS";"Jun 30, 2026, 20:00:00";"61";"1.72";"0.25";"64.16";"12.59"
"Broad Run HS";"Jun 30, 2026, 19:00:00";"61";"0.16";"0.26";"60.71";"14.19"
"Broad Run HS";"Jun 30, 2026, 18:00:00";"62";"0";"0.26";"64.43";"14.8"
"Broad Run HS";"Jun 30, 2026, 17:00:00";"62";"0";"0.25";"72.61";"15.18"
"Broad Run HS";"Jun 30, 2026, 16:00:00";"61";"0";"0.25";"84.06";"15.31"
"Broad Run HS";"Jun 30, 2026, 15:00:00";"61";"0";"0.24";"91.02";"14.41"
"Broad Run HS";"Jun 30, 2026, 14:00:00";"60";"0";"0.23";"92.59";"14.46"
"Broad Run HS";"Jun 30, 2026, 13:00:00";"60";"0";"0.22";"117.6";"14.55"
"Broad Run HS";"Jun 30, 2026, 12:00:00";"59";"0";"0.23";"132.15";"13.89"
"Broad Run HS";"Jun 30, 2026, 11:00:00";"58";"0.01";"0.23";"144.1";"12.23"
"Broad Run HS";"Jun 30, 2026, 10:00:00";"59";"0.5";"0.24";"192.24";"12.74"
"Broad Run HS";"Jun 30, 2026, 09:00:00";"59";"5.15";"0.26";"263.79";"12.51"
"Broad Run HS";"Jun 30, 2026, 08:00:00";"60";"7.43";"0.29";"303.64";"11.6"
"Broad Run HS";"Jun 30, 2026, 07:00:00";"62";"4.65";"0.23";"275.52";"16.99"
"Broad Run HS";"Jun 30, 2026, 06:00:00";"60";"4.95";"0.19";"263.88";"15.01"
"Broad Run HS";"Jun 30, 2026, 05:00:00";"57";"5.85";"0.19";"238.41";"13.21"
"Broad Run HS";"Jun 30, 2026, 04:00:00";"56";"7.72";"0.19";"227.96";"11.7"
"Broad Run HS";"Jun 30, 2026, 03:00:00";"56";"8.11";"0.21";"211.96";"11.55"
"Broad Run HS";"Jun 30, 2026, 02:00:00";"56";"8.58";"0.22";"183.2";"11.61"
"Broad Run HS";"Jun 30, 2026, 01:00:00";"56";"19.91";"0.23";"147.19";"12.03"
"Broad Run HS";"Jun 30, 2026, 00:00:00";"55";"19.25";"0.24";"111.02";"10.89"
"Broad Run HS";"Jun 29, 2026, 23:00:00";"55";"16.12";"0.25";"84.05";"9.69"
"Broad Run HS";"Jun 29, 2026, 22:00:00";"57";"17.7";"0.25";"85.27";"9.86"
"Broad Run HS";"Jun 29, 2026, 21:00:00";"61";"10.24";"0.25";"93.92";"11.37"
"Broad Run HS";"Jun 29, 2026, 20:00:00";"64";"12.57";"0.28";"92.78";"14.71"
"Broad Run HS";"Jun 29, 2026, 19:00:00";"66";"7.32";"0.26";"92.8";"18.6"
"Broad Run HS";"Jun 29, 2026, 18:00:00";"63";"6.71";"0.26";"99.1";"17.87"
"Broad Run HS";"Jun 29, 2026, 17:00:00";"59";"2.31";"0.25";"109.77";"13.79"
"Broad Run HS";"Jun 29, 2026, 16:00:00";"58";"3.41";"0.23";"118.75";"12.88"
"Broad Run HS";"Jun 29, 2026, 15:00:00";"58";"0";"0.24";"143.28";"12.39"
"Broad Run HS";"Jun 29, 2026, 14:00:00";"59";"0.01";"0.23";"170.12";"12.94"
"Broad Run HS";"Jun 29, 2026, 13:00:00";"59";"0";"0.23";"192.52";"12.49"
"Broad Run HS";"Jun 29, 2026, 12:00:00";"60";"0";"0.26";"263.23";"13.01"
"Broad Run HS";"Jun 29, 2026, 11:00:00";"61";"1.71";"0.28";"347.28";"12.64"
"Broad Run HS";"Jun 29, 2026, 10:00:00";"63";"2.02";"0.26";"410.95";"12.93"
"Broad Run HS";"Jun 29, 2026, 09:00:00";"68";"1.69";"0.25";"488.18";"18.47"
"Broad Run HS";"Jun 29, 2026, 08:00:00";"68";"2.11";"0.24";"533.46";"22.03"
"Broad Run HS";"Jun 29, 2026, 07:00:00";"61";"1.87";"0.24";"532.47";"15.17"
"Broad Run HS";"Jun 29, 2026, 06:00:00";"59";"0.66";"0.22";"503.44";"14.49"
"Broad Run HS";"Jun 29, 2026, 05:00:00";"56";"0.93";"0.22";"473.02";"12.25"
"Broad Run HS";"Jun 29, 2026, 04:00:00";"54";"1.02";"0.23";"424.82";"12.06"
"Broad Run HS";"Jun 29, 2026, 03:00:00";"52";"2.14";"0.23";"421.53";"9.62"
"Broad Run HS";"Jun 29, 2026, 02:00:00";"50";"3.47";"0.24";"431.91";"8.68"
"Broad Run HS";"Jun 29, 2026, 01:00:00";"52";"3.78";"0.25";"466.26";"9.34"
"Broad Run HS";"Jun 29, 2026, 00:00:00";"52";"2.82";"0.25";"442.56";"10.46"
"Broad Run HS";"Jun 28, 2026, 23:00:00";"45";"3.89";"0.25";"405.74";"9.39"
"Broad Run HS";"Jun 28, 2026, 22:00:00";"37";"4.92";"0.22";"364.38";"7.58"
"Broad Run HS";"Jun 28, 2026, 21:00:00";"34";"5.81";"0.22";"325.81";"6.36"
"Broad Run HS";"Jun 28, 2026, 20:00:00";"32";"6.14";"0.23";"323.63";"5.43"
"Broad Run HS";"Jun 28, 2026, 19:00:00";"34";"5.77";"0.23";"372.86";"5.99"
"Broad Run HS";"Jun 28, 2026, 18:00:00";"34";"7.69";"0.23";"375.44";"6.4"
"Broad Run HS";"Jun 28, 2026, 17:00:00";"32";"7.89";"0.22";"360.59";"6.14"
"Broad Run HS";"Jun 28, 2026, 16:00:00";"30";"7.82";"0.21";"384.38";"5.14"
"Broad Run HS";"Jun 28, 2026, 15:00:00";"30";"6.75";"0.2";"365.71";"4.77"
"Broad Run HS";"Jun 28, 2026, 14:00:00";"35";"5.66";"0.21";"381.93";"4.96"
"Broad Run HS";"Jun 28, 2026, 13:00:00";"42";"6.26";"0.2";"433";"5.83"
"Broad Run HS";"Jun 28, 2026, 12:00:00";"52";"6.83";"0.2";"442.31";"7.32"
"Broad Run HS";"Jun 28, 2026, 11:00:00";"57";"6.6";"0.19";"466.02";"8.38"
"Broad Run HS";"Jun 28, 2026, 10:00:00";"65";"6.15";"0.19";"485.42";"12.43"
"Broad Run HS";"Jun 28, 2026, 09:00:00";"5";"5.9";"0.19";"473.39";"23.1"
"Broad Run HS";"Jun 28, 2026, 08:00:00";"5";"5.44";"0.2";"458.42";"0"
"Broad Run HS";"Jun 28, 2026, 07:00:00";"4";"4.46";"0.21";"460.1";"0"
"Broad Run HS";"Jun 28, 2026, 06:00:00";"3";"3.67";"0.22";"460.06";"0"
"Broad Run HS";"Jun 28, 2026, 05:00:00";"92";"3.7";"0.23";"457.65";"0"
"Broad Run HS";"Jun 28, 2026, 04:00:00";"92";"4.68";"0.23";"456.86";"31.6"
"Broad Run HS";"Jun 28, 2026, 03:00:00";"90";"5.87";"0.22";"446.31";"29.65"
"Broad Run HS";"Jun 28, 2026, 02:00:00";"91";"5.72";"0.22";"432.04";"33.82"
"Broad Run HS";"Jun 28, 2026, 01:00:00";"84";"7.15";"0.25";"429.61";"30.97"
"Broad Run HS";"Jun 28, 2026, 00:00:00";"75";"9.1";"0.27";"413.13";"27.71"
"Broad Run HS";"Jun 27, 2026, 23:00:00";"65";"10.37";"0.26";"388.71";"21.73"
"Broad Run HS";"Jun 27, 2026, 22:00:00";"54";"7.62";"0.2";"318.08";"12.87"
"Broad Run HS";"Jun 27, 2026, 21:00:00";"46";"5.97";"0.23";"223.65";"8.2"
"Broad Run HS";"Jun 27, 2026, 20:00:00";"46";"4.96";"0.22";"191.22";"8.31"
"Broad Run HS";"Jun 27, 2026, 19:00:00";"47";"5.17";"0.22";"163.78";"8.78"
"Broad Run HS";"Jun 27, 2026, 18:00:00";"45";"5.49";"0.22";"147.73";"8.6"
"Broad Run HS";"Jun 27, 2026, 17:00:00";"43";"4.76";"0.22";"137.69";"8.08"
"Broad Run HS";"Jun 27, 2026, 16:00:00";"40";"1.09";"0.19";"120.61";"6.56"
"Broad Run HS";"Jun 27, 2026, 15:00:00";"44";"0.71";"0.21";"133.79";"7.3"
"Broad Run HS";"Jun 27, 2026, 14:00:00";"46";"0.63";"0.22";"152.54";"8.25"
"Broad Run HS";"Jun 27, 2026, 13:00:00";"45";"0.15";"0.2";"157.01";"7.18"
"Broad Run HS";"Jun 27, 2026, 12:00:00";"49";"0";"0.2";"210.69";"7.89"
"Broad Run HS";"Jun 27, 2026, 11:00:00";"52";"1";"0.22";"281.62";"9.33"
"Broad Run HS";"Jun 27, 2026, 10:00:00";"52";"2.39";"0.21";"338.55";"8.53"
"Broad Run HS";"Jun 27, 2026, 09:00:00";"53";"3.34";"0.22";"370.28";"9.16"
"Broad Run HS";"Jun 27, 2026, 08:00:00";"53";"2.44";"0.22";"405.19";"11.25"
"Broad Run HS";"Jun 27, 2026, 07:00:00";"52";"2.12";"0.21";"388.63";"11.34"
"Broad Run HS";"Jun 27, 2026, 06:00:00";"45";"3.4";"0.22";"369.84";"8.13"
"Broad Run HS";"Jun 27, 2026, 05:00:00";"47";"3.74";"0.21";"292.83";"8.22"
"Broad Run HS";"Jun 27, 2026, 04:00:00";"47";"3.76";"0.21";"278.62";"8.97"
"Broad Run HS";"Jun 27, 2026, 03:00:00";"44";"4.44";"0.22";"248.02";"8.07"
"Broad Run HS";"Jun 27, 2026, 02:00:00";"44";"6.52";"0.23";"260.24";"7.75"
"Broad Run HS";"Jun 27, 2026, 01:00:00";"44";"5.71";"0.23";"247.14";"7.86"
"Broad Run HS";"Jun 27, 2026, 00:00:00";"44";"8.92";"0.27";"242.46";"8.51"
"Broad Run HS";"Jun 26, 2026, 23:00:00";"42";"5.32";"0.25";"202.9";"7.91"
"Broad Run HS";"Jun 26, 2026, 22:00:00";"39";"5.02";"0.25";"192.08";"7.42"
"Broad Run HS";"Jun 26, 2026, 21:00:00";"37";"4.41";"0.26";"153.95";"7.16"
"Broad Run HS";"Jun 26, 2026, 20:00:00";"33";"9.02";"0.26";"144.89";"6.87"
"Broad Run HS";"Jun 26, 2026, 19:00:00";"29";"7";"0.27";"97.05";"6.38"
"Broad Run HS";"Jun 26, 2026, 18:00:00";"25";"3.23";"0.24";"51.46";"3.98"
"Broad Run HS";"Jun 26, 2026, 17:00:00";"27";"5.23";"0.24";"46.14";"4.25"
"Broad Run HS";"Jun 26, 2026, 16:00:00";"29";"1.46";"0.22";"32.96";"4.95"
"Broad Run HS";"Jun 26, 2026, 15:00:00";"30";"0";"0.23";"39.36";"5.16"
"Broad Run HS";"Jun 26, 2026, 14:00:00";"30";"0.03";"0.23";"46.1";"5.62"
"Broad Run HS";"Jun 26, 2026, 13:00:00";"30";"0.55";"0.24";"54.35";"5.05"
"Broad Run HS";"Jun 26, 2026, 12:00:00";"30";"0.72";"0.22";"50.94";"4.76"
"Broad Run HS";"Jun 26, 2026, 11:00:00";"32";"3.86";"0.24";"62.38";"4.66"
"Broad Run HS";"Jun 26, 2026, 10:00:00";"35";"6.81";"0.24";"67.15";"5.7"
"Broad Run HS";"Jun 26, 2026, 09:00:00";"36";"6.97";"0.24";"70.05";"6.55"
"Broad Run HS";"Jun 26, 2026, 08:00:00";"36";"7.43";"0.21";"76.57";"6.4"
"Broad Run HS";"Jun 26, 2026, 07:00:00";"36";"8.12";"0.19";"74.93";"6.62"
"Broad Run HS";"Jun 26, 2026, 06:00:00";"36";"6.87";"0.18";"61.57";"6.62"
"Broad Run HS";"Jun 26, 2026, 05:00:00";"35";"7.44";"0.18";"51.43";"6.67"
"Broad Run HS";"Jun 26, 2026, 04:00:00";"35";"6.95";"0.19";"42.3";"6.47"
"Broad Run HS";"Jun 26, 2026, 03:00:00";"34";"6.85";"0.19";"35.94";"6.45"
"Broad Run HS";"Jun 26, 2026, 02:00:00";"33";"6.8";"0.2";"31.98";"6.17"
"Broad Run HS";"Jun 26, 2026, 01:00:00";"32";"6.75";"0.2";"27.14";"5.98"
"Broad Run HS";"Jun 26, 2026, 00:00:00";"30";"7.58";"0.21";"23.5";"5.66"
"Broad Run HS";"Jun 25, 2026, 23:00:00";"30";"6.69";"0.22";"21.35";"5.64"
"Broad Run HS";"Jun 25, 2026, 22:00:00";"29";"7.91";"0.22";"17.51";"5.97"
"Broad Run HS";"Jun 25, 2026, 21:00:00";"27";"7.13";"0.22";"14.71";"5.3"
"Broad Run HS";"Jun 25, 2026, 20:00:00";"25";"7.14";"0.22";"10.66";"4.99"
"Broad Run HS";"Jun 25, 2026, 19:00:00";"24";"3.63";"0.21";"0.55";"4.29"
"Broad Run HS";"Jun 25, 2026, 18:00:00";"23";"2.26";"0.2";"0.32";"4.31"
"Broad Run HS";"Jun 25, 2026, 17:00:00";"23";"1.82";"0.19";"0.23";"3.94"
"Broad Run HS";"Jun 25, 2026, 16:00:00";"24";"0.71";"0.19";"0.57";"3.76"
"Broad Run HS";"Jun 25, 2026, 15:00:00";"26";"1.59";"0.18";"3.84";"4.64"
"Broad Run HS";"Jun 25, 2026, 14:00:00";"26";"0.43";"0.2";"12.6";"4.43"
"Broad Run HS";"Jun 25, 2026, 13:00:00";"27";"0.27";"0.17";"18.44";"4.74"
"Broad Run HS";"Jun 25, 2026, 12:00:00";"28";"0.62";"0.18";"26.62";"5.32"
"Broad Run HS";"Jun 25, 2026, 11:00:00";"26";"0.16";"0.17";"36.91";"4.98"
"Broad Run HS";"Jun 25, 2026, 10:00:00";"24";"3.38";"0.2";"67.78";"4.93"
"Broad Run HS";"Jun 25, 2026, 09:00:00";"20";"6.01";"0.22";"115.2";"4.27"
"Broad Run HS";"Jun 25, 2026, 08:00:00";"17";"5.14";"0.53";"131.04";"3.44"
"Broad Run HS";"Jun 25, 2026, 07:00:00";"15";"3.86";"0.17";"124.99";"2.92"
"Broad Run HS";"Jun 25, 2026, 06:00:00";"14";"3.62";"0.14";"114.28";"2.55"
"Broad Run HS";"Jun 25, 2026, 05:00:00";"14";"3.39";"0.14";"110.69";"2.59"
"Broad Run HS";"Jun 25, 2026, 04:00:00";"14";"3.63";"0.14";"98.69";"2.56"
"Broad Run HS";"Jun 25, 2026, 03:00:00";"14";"4.34";"0.17";"82.54";"2.87"
"Broad Run HS";"Jun 25, 2026, 02:00:00";"12";"5.64";"0.19";"71.71";"2.27"
"Broad Run HS";"Jun 25, 2026, 01:00:00";"12";"7.25";"0.21";"61.62";"2.12"
"Broad Run HS";"Jun 25, 2026, 00:00:00";"12";"9.28";"0.25";"53.19";"2.33"
"Broad Run HS";"Jun 24, 2026, 23:00:00";"11";"9.48";"0.24";"43.36";"2.05"
"Broad Run HS";"Jun 24, 2026, 22:00:00";"11";"8.42";"0.26";"29.27";"2.04"
"Broad Run HS";"Jun 24, 2026, 21:00:00";"11";"4.74";"0.19";"7.34";"2.22"
"Broad Run HS";"Jun 24, 2026, 20:00:00";"10";"2.62";"0.17";"1.07";"1.66"
"Broad Run HS";"Jun 24, 2026, 19:00:00";"10";"1.57";"0.17";"0.87";"1.63"
"Broad Run HS";"Jun 24, 2026, 18:00:00";"10";"1.19";"0.17";"0.83";"1.6"
"Broad Run HS";"Jun 24, 2026, 17:00:00";"12";"0.74";"0.17";"1.13";"1.91"
"Broad Run HS";"Jun 24, 2026, 16:00:00";"12";"0.83";"0.17";"1.71";"2.03"
"Broad Run HS";"Jun 24, 2026, 15:00:00";"12";"1.13";"0.16";"3.71";"2.09"
"Broad Run HS";"Jun 24, 2026, 14:00:00";"12";"0.28";"0.15";"7.19";"1.85"
"Broad Run HS";"Jun 24, 2026, 13:00:00";"13";"0.46";"0.14";"12.66";"1.9"
"Broad Run HS";"Jun 24, 2026, 12:00:00";"14";"0.66";"0.14";"20.58";"2.46"
"Broad Run HS";"Jun 24, 2026, 11:00:00";"14";"0.83";"0.15";"29.74";"2.82"
"Broad Run HS";"Jun 24, 2026, 10:00:00";"13";"3.7";"0.15";"41.4";"2.72"
"Broad Run HS";"Jun 24, 2026, 09:00:00";"12";"4.91";"0.13";"63.57";"2.05"
"Broad Run HS";"Jun 24, 2026, 08:00:00";"12";"6.26";"0.12";"74.25";"2.03"
"Broad Run HS";"Jun 24, 2026, 07:00:00";"11";"5.94";"0.09";"69.96";"1.97"
"Broad Run HS";"Jun 24, 2026, 06:00:00";"12";"5.78";"0.08";"66.83";"2.1"
"Broad Run HS";"Jun 24, 2026, 05:00:00";"11";"4.9";"0.08";"65.91";"1.97"
"Broad Run HS";"Jun 24, 2026, 04:00:00";"11";"3.68";"0.08";"69.99";"2.1"
"Broad Run HS";"Jun 24, 2026, 03:00:00";"10";"2.72";"0.08";"84.12";"1.85"
"Broad Run HS";"Jun 24, 2026, 02:00:00";"9";"3.06";"0.09";"94.28";"1.62"
"Broad Run HS";"Jun 24, 2026, 01:00:00";"9";"4";"0.11";"117.35";"1.49"
"Broad Run HS";"Jun 24, 2026, 00:00:00";"10";"4.67";"0.14";"145.69";"1.46"
"Broad Run HS";"Jun 23, 2026, 23:00:00";"13";"7.72";"0.22";"155.6";"2.65"
"Broad Run HS";"Jun 23, 2026, 22:00:00";"12";"7.34";"0.21";"132.77";"1.93"
"Broad Run HS";"Jun 23, 2026, 21:00:00";"12";"5.41";"0.18";"98.49";"3.16"
"Broad Run HS";"Jun 23, 2026, 20:00:00";"5";"3.59";"0.14";"88.01";"0.93"
"Broad Run HS";"Jun 23, 2026, 19:00:00";"6";"3.1";"0.13";"95.87";"0.96"
"Broad Run HS";"Jun 23, 2026, 18:00:00";"7";"2.51";"0.13";"133.7";"1.01"
"Broad Run HS";"Jun 23, 2026, 17:00:00";"8";"4.39";"0.12";"179.72";"1.09"
"Broad Run HS";"Jun 23, 2026, 16:00:00";"9";"5.95";"0.12";"233.41";"1"
"Broad Run HS";"Jun 23, 2026, 15:00:00";"12";"6.12";"0.11";"254.02";"1.8"
"Broad Run HS";"Jun 23, 2026, 14:00:00";"13";"5.57";"0.12";"307.39";"1.48"
"Broad Run HS";"Jun 23, 2026, 13:00:00";"18";"3.94";"0.13";"329.24";"1.58"
"Broad Run HS";"Jun 23, 2026, 12:00:00";"27";"4.04";"0.14";"340.78";"2.49"
"Broad Run HS";"Jun 23, 2026, 11:00:00";"40";"4.09";"0.15";"356.7";"6.46"
"Broad Run HS";"Jun 23, 2026, 10:00:00";"45";"5.12";"0.16";"351.74";"9.83"
"Broad Run HS";"Jun 23, 2026, 09:00:00";"35";"5.44";"0.16";"334.96";"7.11"
"Broad Run HS";"Jun 23, 2026, 08:00:00";"31";"4.09";"0.15";"363.46";"5.54"
"Broad Run HS";"Jun 23, 2026, 07:00:00";"32";"2.14";"0.15";"396.65";"5.72"
"Broad Run HS";"Jun 23, 2026, 06:00:00";"32";"1.55";"0.13";"380.29";"5.71"
"Broad Run HS";"Jun 23, 2026, 05:00:00";"30";"1.63";"0.12";"394.03";"6.44"
"Broad Run HS";"Jun 23, 2026, 04:00:00";"25";"1.94";"0.12";"425.25";"5.5"
"Broad Run HS";"Jun 23, 2026, 03:00:00";"20";"2.85";"0.13";"453.82";"3.88"
"Broad Run HS";"Jun 23, 2026, 02:00:00";"18";"4.15";"0.14";"442.98";"2.84"
"Broad Run HS";"Jun 23, 2026, 01:00:00";"20";"9.13";"0.13";"412.7";"2.59"
"Broad Run HS";"Jun 23, 2026, 00:00:00";"27";"6.6";"0.14";"393.82";"3.43"
"Broad Run HS";"Jun 22, 2026, 23:00:00";"34";"5.29";"0.17";"382.75";"4.89"
"Broad Run HS";"Jun 22, 2026, 22:00:00";"42";"4.3";"0.18";"341.19";"5.91"
"Broad Run HS";"Jun 22, 2026, 21:00:00";"48";"5.05";"0.2";"352.7";"7.89"
"Broad Run HS";"Jun 22, 2026, 20:00:00";"52";"5.99";"0.23";"336.59";"9.25"
"Broad Run HS";"Jun 22, 2026, 19:00:00";"52";"4.4";"0.24";"201.43";"10.19"
"Broad Run HS";"Jun 22, 2026, 18:00:00";"47";"4.24";"0.28";"121.52";"9.12"
"Broad Run HS";"Jun 22, 2026, 17:00:00";"43";"3.41";"0.27";"71.01";"7.81"
"Broad Run HS";"Jun 22, 2026, 16:00:00";"43";"1.14";"0.24";"46.45";"7.45"
"Broad Run HS";"Jun 22, 2026, 15:00:00";"44";"0.08";"0.24";"42.03";"7.98"
"Broad Run HS";"Jun 22, 2026, 14:00:00";"44";"0.32";"0.23";"44.68";"8.3"
"Broad Run HS";"Jun 22, 2026, 13:00:00";"42";"2.93";"0.22";"46.8";"7.61"
"Broad Run HS";"Jun 22, 2026, 12:00:00";"40";"3.63";"0.24";"53.91";"7.88"
"Broad Run HS";"Jun 22, 2026, 11:00:00";"37";"5.47";"0.24";"66.22";"7.52"
"Broad Run HS";"Jun 22, 2026, 10:00:00";"31";"6.92";"0.24";"76.13";"6.5"
"Broad Run HS";"Jun 22, 2026, 09:00:00";"26";"10.64";"0.28";"68.62";"4.95"
"Broad Run HS";"Jun 22, 2026, 08:00:00";"25";"8.06";"0.23";"71.66";"4.55"
"Broad Run HS";"Jun 22, 2026, 07:00:00";"24";"6.97";"0.2";"65.61";"4.57"
"Broad Run HS";"Jun 22, 2026, 06:00:00";"22";"5.36";"0.18";"61.74";"4.17"
"Broad Run HS";"Jun 22, 2026, 05:00:00";"21";"4.2";"0.16";"59.78";"3.69"
"Broad Run HS";"Jun 22, 2026, 04:00:00";"21";"5";"0.18";"56.54";"3.48"
"Broad Run HS";"Jun 22, 2026, 03:00:00";"23";"5.79";"0.2";"51.99";"3.66"
"Broad Run HS";"Jun 22, 2026, 02:00:00";"25";"6.36";"0.23";"47.83";"4"
"Broad Run HS";"Jun 22, 2026, 01:00:00";"28";"7.1";"0.25";"43.84";"5.18"
"Broad Run HS";"Jun 22, 2026, 00:00:00";"28";"7.11";"0.29";"36.21";"6.43"
"Broad Run HS";"Jun 21, 2026, 23:00:00";"19";"7.14";"0.24";"26.7";"3.91"
"Broad Run HS";"Jun 21, 2026, 22:00:00";"18";"6.1";"0.25";"10.21";"3.77"
"Broad Run HS";"Jun 21, 2026, 21:00:00";"14";"3.84";"0.22";"0.22";"2.69"
"Broad Run HS";"Jun 21, 2026, 20:00:00";"14";"1.99";"0.2";"0";"2.2"
"Broad Run HS";"Jun 21, 2026, 19:00:00";"15";"0.67";"0.19";"0";"3.11"
"Broad Run HS";"Jun 21, 2026, 18:00:00";"13";"0.56";"0.18";"0";"2.11"
"Broad Run HS";"Jun 21, 2026, 17:00:00";"14";"0.14";"0.16";"0";"2.32"
"Broad Run HS";"Jun 21, 2026, 16:00:00";"14";"0.18";"0.17";"0";"2.42"
"Broad Run HS";"Jun 21, 2026, 15:00:00";"15";"0.45";"0.17";"0.17";"2.65"
"Broad Run HS";"Jun 21, 2026, 14:00:00";"16";"0.86";"0.16";"0.26";"2.4"
"Broad Run HS";"Jun 21, 2026, 13:00:00";"18";"0.72";"0.15";"1.3";"2.78"
"Broad Run HS";"Jun 21, 2026, 12:00:00";"21";"0.8";"0.16";"8.92";"3.24"
"Broad Run HS";"Jun 21, 2026, 11:00:00";"24";"1.97";"0.17";"16.84";"4.55"
"Broad Run HS";"Jun 21, 2026, 10:00:00";"22";"2.64";"0.17";"23.26";"5.57"
"Broad Run HS";"Jun 21, 2026, 09:00:00";"12";"4.87";"0.16";"32.72";"2.42"
"Broad Run HS";"Jun 21, 2026, 08:00:00";"11";"6.23";"0.15";"49.43";"1.77"
"Broad Run HS";"Jun 21, 2026, 07:00:00";"12";"6.59";"0.13";"48.92";"2.29"
"Broad Run HS";"Jun 21, 2026, 06:00:00";"11";"6.82";"0.13";"34.02";"2.03"
"Broad Run HS";"Jun 21, 2026, 05:00:00";"10";"4.29";"0.14";"25.65";"1.82"
"Broad Run HS";"Jun 21, 2026, 04:00:00";"10";"3.73";"0.14";"21.59";"1.75"
"Broad Run HS";"Jun 21, 2026, 03:00:00";"10";"3.3";"0.14";"18.03";"1.73"
"Broad Run HS";"Jun 21, 2026, 02:00:00";"10";"3.02";"0.15";"17.48";"1.76"
"Broad Run HS";"Jun 21, 2026, 01:00:00";"10";"3.17";"0.17";"15.75";"1.75"
"Broad Run HS";"Jun 21, 2026, 00:00:00";"10";"3.16";"0.17";"12.16";"1.74"
"Broad Run HS";"Jun 20, 2026, 23:00:00";"10";"3.64";"0.18";"11.21";"1.98"
"Broad Run HS";"Jun 20, 2026, 22:00:00";"9";"3.37";"0.2";"1.45";"1.77"
"Broad Run HS";"Jun 20, 2026, 21:00:00";"7";"2.36";"0.2";"0";"1.51"
"Broad Run HS";"Jun 20, 2026, 20:00:00";"6";"0.85";"0.19";"0";"1.15"
"Broad Run HS";"Jun 20, 2026, 19:00:00";"5";"0.74";"0.19";"0";"0.94"
"Broad Run HS";"Jun 20, 2026, 18:00:00";"5";"0.13";"0.18";"0";"1"
"Broad Run HS";"Jun 20, 2026, 17:00:00";"5";"0.05";"0.17";"0";"0.87"
"Broad Run HS";"Jun 20, 2026, 16:00:00";"5";"0.17";"0.16";"0";"0.78"
"Broad Run HS";"Jun 20, 2026, 15:00:00";"6";"0.02";"0.16";"0";"0.84"
"Broad Run HS";"Jun 20, 2026, 14:00:00";"7";"0.09";"0.15";"0";"1.04"
"Broad Run HS";"Jun 20, 2026, 13:00:00";"8";"0.39";"0.15";"0";"1.16"
"Broad Run HS";"Jun 20, 2026, 12:00:00";"9";"0.5";"0.16";"0.33";"1.42"
"Broad Run HS";"Jun 20, 2026, 11:00:00";"9";"1.45";"0.16";"3.21";"1.72"
"Broad Run HS";"Jun 20, 2026, 10:00:00";"9";"2.92";"0.16";"8.75";"1.7"
"Broad Run HS";"Jun 20, 2026, 09:00:00";"9";"3.6";"0.15";"17.44";"1.7"
"Broad Run HS";"Jun 20, 2026, 08:00:00";"9";"5.91";"0.14";"36.92";"1.44"
"Broad Run HS";"Jun 20, 2026, 07:00:00";"10";"8.01";"0.13";"41.93";"1.58"
"Broad Run HS";"Jun 20, 2026, 06:00:00";"10";"7.41";"0.11";"36.83";"1.84"
"Broad Run HS";"Jun 20, 2026, 05:00:00";"10";"6.33";"0.12";"33.98";"1.74"
"Broad Run HS";"Jun 20, 2026, 04:00:00";"10";"6.57";"0.13";"31.64";"1.58"
"Broad Run HS";"Jun 20, 2026, 03:00:00";"10";"5.52";"0.13";"28.67";"1.82"
"Broad Run HS";"Jun 20, 2026, 02:00:00";"10";"5.31";"0.13";"21.28";"1.85"
"Broad Run HS";"Jun 20, 2026, 01:00:00";"10";"4.62";"0.14";"14.2";"1.98"
"Broad Run HS";"Jun 20, 2026, 00:00:00";"10";"4.47";"0.14";"13.66";"1.86"
"Broad Run HS";"Jun 19, 2026, 23:00:00";"10";"5.02";"0.15";"15.39";"1.89"
"Broad Run HS";"Jun 19, 2026, 22:00:00";"10";"5.14";"0.16";"9.45";"1.9"
"Broad Run HS";"Jun 19, 2026, 21:00:00";"9";"3.9";"0.15";"0";"1.68"
"Broad Run HS";"Jun 19, 2026, 20:00:00";"9";"2.99";"0.15";"0";"1.5"
"Broad Run HS";"Jun 19, 2026, 19:00:00";"9";"1.75";"0.15";"0";"1.48"
"Broad Run HS";"Jun 19, 2026, 18:00:00";"9";"2.09";"0.16";"0";"1.68"
"Broad Run HS";"Jun 19, 2026, 17:00:00";"8";"1.34";"0.16";"0.03";"1.43"
"Broad Run HS";"Jun 19, 2026, 16:00:00";"9";"0.89";"0.16";"1.11";"1.46"
"Broad Run HS";"Jun 19, 2026, 15:00:00";"9";"1.26";"0.17";"5.3";"1.74"
"Broad Run HS";"Jun 19, 2026, 14:00:00";"8";"1.24";"0.17";"9.92";"1.32"
"Broad Run HS";"Jun 19, 2026, 13:00:00";"8";"2.57";"0.16";"15.33";"1.16"
"Broad Run HS";"Jun 19, 2026, 12:00:00";"9";"4.11";"0.16";"18.22";"1.56"
"Broad Run HS";"Jun 19, 2026, 11:00:00";"9";"5.13";"0.14";"22.86";"1.69"
"Broad Run HS";"Jun 19, 2026, 10:00:00";"9";"4.48";"0.14";"29.54";"1.34"
"Broad Run HS";"Jun 19, 2026, 09:00:00";"11";"5.7";"0.16";"39.88";"1.67"
"Broad Run HS";"Jun 19, 2026, 08:00:00";"12";"6.61";"0.15";"42.62";"1.98"
"Broad Run HS";"Jun 19, 2026, 07:00:00";"12";"6.47";"0.15";"38.3";"2.27"
"Broad Run HS";"Jun 19, 2026, 06:00:00";"11";"5.64";"0.13";"36.33";"2"
"Broad Run HS";"Jun 19, 2026, 05:00:00";"11";"3.95";"0.12";"33.18";"1.93"
"Broad Run HS";"Jun 19, 2026, 04:00:00";"11";"3.86";"0.13";"24.68";"1.89"
"Broad Run HS";"Jun 19, 2026, 03:00:00";"10";"3.72";"0.12";"23.48";"1.89"
"Broad Run HS";"Jun 19, 2026, 02:00:00";"11";"2.95";"0.12";"19.92";"1.79"
"Broad Run HS";"Jun 19, 2026, 01:00:00";"12";"3.23";"0.13";"23.53";"1.82"
"Broad Run HS";"Jun 19, 2026, 00:00:00";"13";"4.05";"0.15";"30.09";"2.12"
"Broad Run HS";"Jun 18, 2026, 23:00:00";"13";"2.72";"0.14";"28.58";"2.14"
"Broad Run HS";"Jun 18, 2026, 22:00:00";"14";"5.56";"0.19";"47.15";"2.62"
"Broad Run HS";"Jun 18, 2026, 21:00:00";"14";"3.39";"0.19";"39.53";"2.41"
"Broad Run HS";"Jun 18, 2026, 20:00:00";"15";"1.1";"0.18";"38.56";"2.44"
"Broad Run HS";"Jun 18, 2026, 19:00:00";"17";"0.42";"0.18";"49.3";"2.75"
"Broad Run HS";"Jun 18, 2026, 18:00:00";"19";"0.51";"0.19";"51.4";"2.67"
"Broad Run HS";"Jun 18, 2026, 17:00:00";"23";"1.06";"0.18";"54.58";"2.92"
"Broad Run HS";"Jun 18, 2026, 16:00:00";"29";"0.14";"0.19";"60.67";"3.86"
"Broad Run HS";"Jun 18, 2026, 15:00:00";"38";"0.39";"0.2";"71.68";"6.01"
"Broad Run HS";"Jun 18, 2026, 14:00:00";"40";"0";"0.22";"86.52";"7.4"
"Broad Run HS";"Jun 18, 2026, 13:00:00";"39";"1.32";"0.25";"113.72";"7.58"
"Broad Run HS";"Jun 18, 2026, 12:00:00";"38";"7.01";"0.25";"143.66";"6.95"
"Broad Run HS";"Jun 18, 2026, 11:00:00";"36";"9.71";"0.22";"149.53";"6.39"
"Broad Run HS";"Jun 18, 2026, 10:00:00";"37";"7.92";"0.22";"106.26";"6.16"
"Broad Run HS";"Jun 18, 2026, 09:00:00";"39";"9.58";"0.23";"108.13";"6.03"
"Broad Run HS";"Jun 18, 2026, 08:00:00";"43";"8.75";"0.19";"99.87";"6.83"
"Broad Run HS";"Jun 18, 2026, 07:00:00";"49";"7.62";"0.2";"84.81";"7.88"
"Broad Run HS";"Jun 18, 2026, 06:00:00";"52";"7.77";"0.21";"88.58";"9.78"
"Broad Run HS";"Jun 18, 2026, 05:00:00";"52";"8.44";"0.22";"88.42";"9.93"
"Broad Run HS";"Jun 18, 2026, 04:00:00";"48";"10.64";"0.22";"72.77";"9.97"
"Broad Run HS";"Jun 18, 2026, 03:00:00";"40";"10.71";"0.22";"53.42";"8.82"
"Broad Run HS";"Jun 18, 2026, 02:00:00";"32";"7.23";"0.22";"36.29";"7.39"
"Broad Run HS";"Jun 18, 2026, 01:00:00";"22";"10.38";"0.22";"26.09";"4.26"
"Broad Run HS";"Jun 18, 2026, 00:00:00";"20";"14.33";"0.24";"21.04";"4.19"
"Broad Run HS";"Jun 17, 2026, 23:00:00";"18";"7";"0.23";"17.25";"3.33"
"Broad Run HS";"Jun 17, 2026, 22:00:00";"18";"6.95";"0.23";"12.52";"3.39"
"Broad Run HS";"Jun 17, 2026, 21:00:00";"18";"5.67";"0.23";"6.33";"3.49"
"Broad Run HS";"Jun 17, 2026, 20:00:00";"16";"4.07";"0.22";"0.65";"3.09"
"Broad Run HS";"Jun 17, 2026, 19:00:00";"15";"1.44";"0.21";"0.01";"2.71"
"Broad Run HS";"Jun 17, 2026, 18:00:00";"15";"0.67";"0.21";"0";"2.78"
"Broad Run HS";"Jun 17, 2026, 17:00:00";"14";"0.17";"0.19";"0";"2.47"
"Broad Run HS";"Jun 17, 2026, 16:00:00";"15";"0";"0.2";"0";"2.68"
"Broad Run HS";"Jun 17, 2026, 15:00:00";"15";"0.14";"0.18";"0";"2.53"
"Broad Run HS";"Jun 17, 2026, 14:00:00";"17";"0.12";"0.18";"0.94";"2.57"
"Broad Run HS";"Jun 17, 2026, 13:00:00";"19";"0";"0.17";"5.64";"2.62"
"Broad Run HS";"Jun 17, 2026, 12:00:00";"23";"0";"0.17";"15.3";"3.16"
"Broad Run HS";"Jun 17, 2026, 11:00:00";"28";"0.22";"0.2";"37.66";"4.97"
"Broad Run HS";"Jun 17, 2026, 10:00:00";"27";"3.61";"0.22";"53.57";"5.01"
"Broad Run HS";"Jun 17, 2026, 09:00:00";"27";"7.75";"0.2";"82.59";"4.91"
"Broad Run HS";"Jun 17, 2026, 08:00:00";"26";"10.64";"0.22";"107.19";"4.04"
"Broad Run HS";"Jun 17, 2026, 07:00:00";"29";"6.49";"0.17";"105.89";"4.67"
"Broad Run HS";"Jun 17, 2026, 06:00:00";"32";"5.54";"0.12";"88.45";"7.2"
"Broad Run HS";"Jun 17, 2026, 05:00:00";"24";"7.37";"0.13";"78.69";"5.36"
"Broad Run HS";"Jun 17, 2026, 04:00:00";"17";"8.72";"0.15";"72.34";"3.11"
"Broad Run HS";"Jun 17, 2026, 03:00:00";"17";"10.2";"0.15";"62.81";"4.01"
"Broad Run HS";"Jun 17, 2026, 02:00:00";"12";"9.11";"0.16";"48.07";"2.39"
"Broad Run HS";"Jun 17, 2026, 01:00:00";"11";"11.55";"0.18";"33.54";"1.75"
"Broad Run HS";"Jun 17, 2026, 00:00:00";"11";"11.39";"0.2";"24.36";"2.12"
"Broad Run HS";"Jun 16, 2026, 23:00:00";"9";"8.62";"0.19";"16.72";"1.86"
"Broad Run HS";"Jun 16, 2026, 22:00:00";"9";"7.25";"0.18";"11.44";"1.74"
"Broad Run HS";"Jun 16, 2026, 21:00:00";"8";"5.51";"0.17";"3.35";"1.58"
"Broad Run HS";"Jun 16, 2026, 20:00:00";"7";"3.83";"0.17";"0";"1.28"
"Broad Run HS";"Jun 16, 2026, 19:00:00";"7";"2.78";"0.17";"0";"1.39"
"Broad Run HS";"Jun 16, 2026, 18:00:00";"7";"1.25";"0.17";"0";"1.08"
"Broad Run HS";"Jun 16, 2026, 17:00:00";"7";"0.5";"0.16";"0";"1.18"
"Broad Run HS";"Jun 16, 2026, 16:00:00";"7";"0.36";"0.15";"0";"1.08"
"Broad Run HS";"Jun 16, 2026, 15:00:00";"7";"0.4";"0.14";"0";"1.18"
"Broad Run HS";"Jun 16, 2026, 14:00:00";"7";"0.21";"0.14";"0";"1.2"
"Broad Run HS";"Jun 16, 2026, 13:00:00";"7";"0.21";"0.12";"0";"1.27"
"Broad Run HS";"Jun 16, 2026, 12:00:00";"7";"0.13";"0.12";"0.26";"1.07"
"Broad Run HS";"Jun 16, 2026, 11:00:00";"8";"0.02";"0.11";"5.24";"1.07"
"Broad Run HS";"Jun 16, 2026, 10:00:00";"10";"0.16";"0.12";"22.45";"1.29"
"Broad Run HS";"Jun 16, 2026, 09:00:00";"14";"3.76";"0.13";"41.85";"2.38"
"Broad Run HS";"Jun 16, 2026, 08:00:00";"10";"5";"0.13";"45.01";"1.77"
"Broad Run HS";"Jun 16, 2026, 07:00:00";"11";"6.36";"0.08";"41.91";"1.34"
"Broad Run HS";"Jun 16, 2026, 06:00:00";"15";"5.77";"0.06";"38.1";"2.58"
"Broad Run HS";"Jun 16, 2026, 05:00:00";"15";"4.85";"0.05";"33.95";"2.79"
"Broad Run HS";"Jun 16, 2026, 04:00:00";"16";"5.56";"0.06";"31.47";"2.58"
"Broad Run HS";"Jun 16, 2026, 03:00:00";"16";"5.1";"0.09";"32.96";"2.01"
"Broad Run HS";"Jun 16, 2026, 02:00:00";"20";"5.33";"0.1";"50.53";"2.31"
"Broad Run HS";"Jun 16, 2026, 01:00:00";"17";"5.85";"0.11";"53.58";"3.08"
"Broad Run HS";"Jun 16, 2026, 00:00:00";"17";"5.44";"0.11";"53.03";"2.74"
"Broad Run HS";"Jun 15, 2026, 23:00:00";"18";"5.4";"0.12";"52.35";"2.23"
"Broad Run HS";"Jun 15, 2026, 22:00:00";"23";"5.68";"0.13";"50.26";"3.59"
"Broad Run HS";"Jun 15, 2026, 21:00:00";"25";"4.55";"0.12";"42.09";"4.43"
"Broad Run HS";"Jun 15, 2026, 20:00:00";"25";"3.71";"0.13";"35.63";"4.93"
"Broad Run HS";"Jun 15, 2026, 19:00:00";"23";"2.14";"0.14";"30.15";"4.59"
"Broad Run HS";"Jun 15, 2026, 18:00:00";"21";"2.83";"0.15";"34.91";"3.96"
"Broad Run HS";"Jun 15, 2026, 17:00:00";"20";"2.19";"0.14";"30.85";"3.82"
"Broad Run HS";"Jun 15, 2026, 16:00:00";"19";"1.12";"0.14";"28.91";"3.17"
"Broad Run HS";"Jun 15, 2026, 15:00:00";"20";"0.35";"0.14";"29.46";"2.74"
"Broad Run HS";"Jun 15, 2026, 14:00:00";"24";"0.6";"0.14";"34.19";"3.39"
"Broad Run HS";"Jun 15, 2026, 13:00:00";"30";"0.68";"0.12";"37.55";"4.2"
"Broad Run HS";"Jun 15, 2026, 12:00:00";"37";"0.94";"0.13";"42.04";"6.73"
"Broad Run HS";"Jun 15, 2026, 11:00:00";"36";"1.58";"0.12";"49.4";"6.96"
"Broad Run HS";"Jun 15, 2026, 10:00:00";"33";"1.94";"0.12";"58.48";"6.94"
"Broad Run HS";"Jun 15, 2026, 09:00:00";"27";"3.33";"0.12";"72.29";"6.13"
"Broad Run HS";"Jun 15, 2026, 08:00:00";"20";"4.74";"0.1";"81.06";"5.03"
"Broad Run HS";"Jun 15, 2026, 07:00:00";"12";"5.13";"0.09";"85.91";"2.62"
"Broad Run HS";"Jun 15, 2026, 06:00:00";"9";"5.69";"0.09";"91.19";"1.5"
"Broad Run HS";"Jun 15, 2026, 05:00:00";"9";"5.63";"0.09";"94.08";"1.31"
"Broad Run HS";"Jun 15, 2026, 04:00:00";"10";"5.06";"0.1";"92.39";"1.57"
"Broad Run HS";"Jun 15, 2026, 03:00:00";"12";"3.85";"0.12";"103.1";"1.04"
"Broad Run HS";"Jun 15, 2026, 02:00:00";"18";"5.22";"0.13";"114.28";"1.06"
"Broad Run HS";"Jun 15, 2026, 01:00:00";"31";"2.72";"0.15";"105.86";"1.92"
"Broad Run HS";"Jun 15, 2026, 00:00:00";"52";"4.2";"0.22";"141.58";"7.89"
"Broad Run HS";"Jun 14, 2026, 23:00:00";"54";"2.49";"0.23";"123.5";"8.84"
"Broad Run HS";"Jun 14, 2026, 22:00:00";"57";"0.72";"0.25";"119.46";"10.06"
"Broad Run HS";"Jun 14, 2026, 21:00:00";"60";"0.06";"0.28";"117.18";"13.55"
"Broad Run HS";"Jun 14, 2026, 20:00:00";"61";"0";"0.27";"103.88";"14.74"
"Broad Run HS";"Jun 14, 2026, 19:00:00";"60";"0.02";"0.27";"92.13";"14.67"
"Broad Run HS";"Jun 14, 2026, 18:00:00";"58";"0";"0.25";"73.71";"13.83"
"Broad Run HS";"Jun 14, 2026, 17:00:00";"55";"0";"0.24";"69.68";"11.93"
"Broad Run HS";"Jun 14, 2026, 16:00:00";"55";"0";"0.24";"68.76";"11.45"
"Broad Run HS";"Jun 14, 2026, 15:00:00";"54";"0";"0.22";"64.96";"11.6"
"Broad Run HS";"Jun 14, 2026, 14:00:00";"52";"0";"0.22";"61.78";"10.34"
"Broad Run HS";"Jun 14, 2026, 13:00:00";"47";"0";"0.21";"80.08";"8.23"
"Broad Run HS";"Jun 14, 2026, 12:00:00";"48";"0";"0.2";"93.54";"7.79"
"Broad Run HS";"Jun 14, 2026, 11:00:00";"52";"0";"0.24";"129.9";"9.86"
"Broad Run HS";"Jun 14, 2026, 10:00:00";"49";"0.15";"0.25";"167.52";"10.21"
"Broad Run HS";"Jun 14, 2026, 09:00:00";"42";"1.67";"0.21";"183.07";"7.78"
"Broad Run HS";"Jun 14, 2026, 08:00:00";"39";"1.9";"0.21";"217.68";"7.1"
"Broad Run HS";"Jun 14, 2026, 07:00:00";"39";"3.88";"0.21";"220.46";"7.58"
"Broad Run HS";"Jun 14, 2026, 06:00:00";"35";"4.15";"0.19";"183.58";"7.05"
"Broad Run HS";"Jun 14, 2026, 05:00:00";"32";"4.33";"0.18";"152.31";"6.48"
"Broad Run HS";"Jun 14, 2026, 04:00:00";"27";"3.48";"0.16";"126.08";"4.91"
"Broad Run HS";"Jun 14, 2026, 03:00:00";"27";"3.12";"0.17";"117.11";"4.83"
"Broad Run HS";"Jun 14, 2026, 02:00:00";"28";"3.33";"0.19";"108.38";"5.32"
"Broad Run HS";"Jun 14, 2026, 01:00:00";"25";"3.61";"0.2";"93.84";"4.71"
"Broad Run HS";"Jun 14, 2026, 00:00:00";"24";"3.6";"0.23";"88.28";"4.67"
"Broad Run HS";"Jun 13, 2026, 23:00:00";"21";"4.26";"0.25";"79.64";"4.14"
"Broad Run HS";"Jun 13, 2026, 22:00:00";"19";"4.42";"0.28";"69.87";"3.74"
"Broad Run HS";"Jun 13, 2026, 21:00:00";"18";"3.04";"0.27";"61.42";"3.71"
"Broad Run HS";"Jun 13, 2026, 20:00:00";"17";"0.95";"0.23";"52.39";"3.35"
"Broad Run HS";"Jun 13, 2026, 19:00:00";"15";"0.27";"0.22";"45.88";"2.7"
"Broad Run HS";"Jun 13, 2026, 18:00:00";"15";"0";"0.22";"38.42";"2.6"
"Broad Run HS";"Jun 13, 2026, 17:00:00";"15";"0";"0.21";"37.41";"2.72"
"Broad Run HS";"Jun 13, 2026, 16:00:00";"15";"0";"0.2";"36.66";"2.51"
"Broad Run HS";"Jun 13, 2026, 15:00:00";"17";"0";"0.21";"48.6";"2.8"
"Broad Run HS";"Jun 13, 2026, 14:00:00";"17";"0";"0.19";"56.13";"3.14"
"Broad Run HS";"Jun 13, 2026, 13:00:00";"17";"0";"0.18";"61.38";"2.65"
"Broad Run HS";"Jun 13, 2026, 12:00:00";"19";"0.01";"0.16";"71.76";"3.04"
"Broad Run HS";"Jun 13, 2026, 11:00:00";"22";"0.05";"0.16";"89.02";"3.37"
"Broad Run HS";"Jun 13, 2026, 10:00:00";"24";"0";"0.16";"115.86";"3.68"
"Broad Run HS";"Jun 13, 2026, 09:00:00";"28";"0.57";"0.16";"176.28";"4.67"
"Broad Run HS";"Jun 13, 2026, 08:00:00";"30";"3.91";"0.15";"237.8";"3.87"
"Broad Run HS";"Jun 13, 2026, 07:00:00";"38";"3.43";"0.13";"278.18";"5.45"
"Broad Run HS";"Jun 13, 2026, 06:00:00";"44";"1.57";"0.12";"285.66";"9.32"
"Broad Run HS";"Jun 13, 2026, 05:00:00";"39";"1.9";"0.12";"269.35";"7.39"
"Broad Run HS";"Jun 13, 2026, 04:00:00";"37";"1.87";"0.13";"257.77";"6.13"
"Broad Run HS";"Jun 13, 2026, 03:00:00";"39";"0.64";"0.14";"281.83";"5.75"
"Broad Run HS";"Jun 13, 2026, 02:00:00";"43";"0.02";"0.2";"399.02";"7.71"
"Broad Run HS";"Jun 13, 2026, 01:00:00";"43";"0.05";"0.22";"473.55";"8.62"
"Broad Run HS";"Jun 13, 2026, 00:00:00";"40";"1.59";"0.24";"503.47";"8.28"
"Broad Run HS";"Jun 12, 2026, 23:00:00";"37";"4.3";"0.23";"478.07";"7.17"
"Broad Run HS";"Jun 12, 2026, 22:00:00";"34";"5.26";"0.22";"388.77";"6.27"
"Broad Run HS";"Jun 12, 2026, 21:00:00";"33";"7.82";"0.2";"301.82";"5.55"
"Broad Run HS";"Jun 12, 2026, 20:00:00";"35";"7.87";"0.18";"195.27";"5.55"
"Broad Run HS";"Jun 12, 2026, 19:00:00";"39";"0.01";"0.26";"154.49";"6.59"
"Broad Run HS";"Jun 12, 2026, 18:00:00";"42";"0.95";"0.31";"175.36";"7.87"
"Broad Run HS";"Jun 12, 2026, 17:00:00";"39";"3.75";"0.26";"141.32";"6.3"
"Broad Run HS";"Jun 12, 2026, 16:00:00";"44";"0";"0.26";"77.17";"6.94"
"Broad Run HS";"Jun 12, 2026, 15:00:00";"49";"0";"0.27";"96.62";"7.94"
"Broad Run HS";"Jun 12, 2026, 14:00:00";"52";"0";"0.26";"100.21";"8.76"
"Broad Run HS";"Jun 12, 2026, 13:00:00";"53";"0";"0.25";"117.91";"9.28"
"Broad Run HS";"Jun 12, 2026, 12:00:00";"55";"0";"0.24";"161.19";"12.17"
"Broad Run HS";"Jun 12, 2026, 11:00:00";"53";"0";"0.26";"215.75";"11.81"
"Broad Run HS";"Jun 12, 2026, 10:00:00";"44";"0";"0.27";"271.85";"9.73"
"Broad Run HS";"Jun 12, 2026, 09:00:00";"35";"1.6";"0.25";"333.66";"7.05"
"Broad Run HS";"Jun 12, 2026, 08:00:00";"33";"6.82";"0.23";"380.93";"5.17"
"Broad Run HS";"Jun 12, 2026, 07:00:00";"33";"1.75";"0.19";"411.81";"5.18"
"Broad Run HS";"Jun 12, 2026, 06:00:00";"38";"0.39";"0.16";"409.44";"6.66"
"Broad Run HS";"Jun 12, 2026, 05:00:00";"38";"0.29";"0.15";"390.36";"7.4"
"Broad Run HS";"Jun 12, 2026, 04:00:00";"35";"0.84";"0.15";"405.71";"5.5"
"Broad Run HS";"Jun 12, 2026, 03:00:00";"39";"0.9";"0.16";"401.6";"7.05"
"Broad Run HS";"Jun 12, 2026, 02:00:00";"39";"1.94";"0.16";"383.21";"6.6"
"Broad Run HS";"Jun 12, 2026, 01:00:00";"42";"2.67";"0.18";"393.73";"8.06"
"Broad Run HS";"Jun 12, 2026, 00:00:00";"40";"4.53";"0.19";"368.76";"6.9"
"Broad Run HS";"Jun 11, 2026, 23:00:00";"41";"5.63";"0.19";"335.42";"6.93"
"Broad Run HS";"Jun 11, 2026, 22:00:00";"43";"6.74";"0.19";"232.76";"6.44"
"Broad Run HS";"Jun 11, 2026, 21:00:00";"51";"10.59";"0.19";"126.86";"5.62"
"Broad Run HS";"Jun 11, 2026, 20:00:00";"58";"0.13";"0.27";"96.04";"11.03"
"Broad Run HS";"Jun 11, 2026, 19:00:00";"61";"0.66";"0.39";"95.87";"13.29"
"Broad Run HS";"Jun 11, 2026, 18:00:00";"62";"0";"0.31";"107.5";"15.04"
"Broad Run HS";"Jun 11, 2026, 17:00:00";"62";"0";"0.31";"109.29";"15.13"
"Broad Run HS";"Jun 11, 2026, 16:00:00";"62";"0";"0.29";"111.24";"14.16"
"Broad Run HS";"Jun 11, 2026, 15:00:00";"63";"0";"0.29";"134.07";"14.37"
"Broad Run HS";"Jun 11, 2026, 14:00:00";"65";"0";"0.28";"152.9";"15.97"
"Broad Run HS";"Jun 11, 2026, 13:00:00";"65";"0";"0.26";"176.74";"18.07"
"Broad Run HS";"Jun 11, 2026, 12:00:00";"63";"0";"0.24";"190.76";"17.34"
"Broad Run HS";"Jun 11, 2026, 11:00:00";"59";"0";"0.29";"213.48";"16.02"
"Broad Run HS";"Jun 11, 2026, 10:00:00";"53";"0";"0.23";"248.82";"12.09"
"Broad Run HS";"Jun 11, 2026, 09:00:00";"45";"0";"0.24";"303.61";"9.93"
"Broad Run HS";"Jun 11, 2026, 08:00:00";"35";"0.18";"0.23";"441.11";"6.82"
"Broad Run HS";"Jun 11, 2026, 07:00:00";"33";"0.98";"0.2";"536.27";"5.98"
"Broad Run HS";"Jun 11, 2026, 06:00:00";"33";"1.59";"0.18";"555.46";"5.87"
"Broad Run HS";"Jun 11, 2026, 05:00:00";"34";"1.03";"0.17";"538.04";"6.02"
"Broad Run HS";"Jun 11, 2026, 04:00:00";"34";"0.62";"0.18";"511.86";"6.41"
"Broad Run HS";"Jun 11, 2026, 03:00:00";"32";"1.87";"0.18";"486.05";"5.72"
"Broad Run HS";"Jun 11, 2026, 02:00:00";"32";"1.67";"0.18";"461.97";"5.87"
"Broad Run HS";"Jun 11, 2026, 01:00:00";"30";"2.91";"0.19";"442.84";"4.86"
"Broad Run HS";"Jun 11, 2026, 00:00:00";"33";"1.39";"0.2";"445.81";"5.05"
"Broad Run HS";"Jun 10, 2026, 23:00:00";"37";"3.09";"0.22";"422.26";"6.85"
"Broad Run HS";"Jun 10, 2026, 22:00:00";"35";"1.44";"0.21";"268.96";"6.97"
"Broad Run HS";"Jun 10, 2026, 21:00:00";"32";"0";"0.21";"284.54";"6.61"
"Broad Run HS";"Jun 10, 2026, 20:00:00";"27";"0.04";"0.23";"348.12";"4.83"
"Broad Run HS";"Jun 10, 2026, 19:00:00";"27";"0";"0.22";"304.61";"4.59"
"Broad Run HS";"Jun 10, 2026, 18:00:00";"29";"2.55";"0.25";"326.55";"3.43"
"Broad Run HS";"Jun 10, 2026, 17:00:00";"38";"9.27";"0.19";"348.94";"3.1"
"Broad Run HS";"Jun 10, 2026, 16:00:00";"54";"6.6";"0.14";"201.02";"5.75"
"Broad Run HS";"Jun 10, 2026, 15:00:00";"64";"0";"0.23";"190.1";"16.47"
"Broad Run HS";"Jun 10, 2026, 14:00:00";"62";"0";"0.24";"211.07";"14.92"
"Broad Run HS";"Jun 10, 2026, 13:00:00";"62";"0";"0.24";"244.12";"15.23"
"Broad Run HS";"Jun 10, 2026, 12:00:00";"61";"0";"0.24";"272.88";"15.19"
"Broad Run HS";"Jun 10, 2026, 11:00:00";"59";"1.04";"0.24";"360.84";"13.78"
"Broad Run HS";"Jun 10, 2026, 10:00:00";"57";"4.4";"0.24";"436.23";"13.5"
"Broad Run HS";"Jun 10, 2026, 09:00:00";"55";"6.59";"0.23";"437.08";"12.35"
"Broad Run HS";"Jun 10, 2026, 08:00:00";"51";"8.32";"0.21";"340.35";"10.51"
"Broad Run HS";"Jun 10, 2026, 07:00:00";"44";"5.15";"0.19";"211.47";"9.15"
"Broad Run HS";"Jun 10, 2026, 06:00:00";"39";"4.79";"0.19";"151.09";"7.69"
"Broad Run HS";"Jun 10, 2026, 05:00:00";"38";"5.11";"0.19";"137.45";"7.11"
"Broad Run HS";"Jun 10, 2026, 04:00:00";"38";"4.56";"0.18";"133.43";"7.26"
"Broad Run HS";"Jun 10, 2026, 03:00:00";"38";"3.95";"0.18";"128.03";"7.42"
"Broad Run HS";"Jun 10, 2026, 02:00:00";"35";"3.34";"0.18";"109.68";"6.29"
"Broad Run HS";"Jun 10, 2026, 01:00:00";"34";"4.94";"0.18";"97.01";"5.99"
"Broad Run HS";"Jun 10, 2026, 00:00:00";"35";"7.99";"0.19";"87.81";"6.19"
"Broad Run HS";"Jun 9, 2026, 23:00:00";"35";"4.32";"0.19";"80.84";"6.11"
"Broad Run HS";"Jun 9, 2026, 22:00:00";"36";"4.62";"0.2";"76.32";"6.14"
"Broad Run HS";"Jun 9, 2026, 21:00:00";"38";"4.24";"0.22";"73.87";"6.06"
"Broad Run HS";"Jun 9, 2026, 20:00:00";"41";"4.19";"0.21";"68.7";"6.63"
"Broad Run HS";"Jun 9, 2026, 19:00:00";"45";"3.3";"0.21";"66.11";"7.62"
"Broad Run HS";"Jun 9, 2026, 18:00:00";"48";"2.78";"0.21";"60.77";"7.6"
"Broad Run HS";"Jun 9, 2026, 17:00:00";"52";"0.98";"0.2";"60.53";"8.65"
"Broad Run HS";"Jun 9, 2026, 16:00:00";"53";"0";"0.21";"62.21";"11.41"
"Broad Run HS";"Jun 9, 2026, 15:00:00";"50";"0.14";"0.2";"59.02";"9.88"
"Broad Run HS";"Jun 9, 2026, 14:00:00";"44";"1.27";"0.19";"55.14";"9.41"
"Broad Run HS";"Jun 9, 2026, 13:00:00";"37";"1.39";"0.17";"51.39";"8.28"
"Broad Run HS";"Jun 9, 2026, 12:00:00";"28";"2.44";"0.16";"53.05";"5.58"
"Broad Run HS";"Jun 9, 2026, 11:00:00";"25";"2.41";"0.15";"57.89";"4.76"
"Broad Run HS";"Jun 9, 2026, 10:00:00";"24";"5.51";"0.15";"75.75";"4.73"
"Broad Run HS";"Jun 9, 2026, 09:00:00";"20";"6.77";"0.13";"82.8";"4.09"
"Broad Run HS";"Jun 9, 2026, 08:00:00";"19";"7.3";"0.12";"80.33";"3.87"
"Broad Run HS";"Jun 9, 2026, 07:00:00";"17";"6.42";"0.1";"72.75";"3.35"
"Broad Run HS";"Jun 9, 2026, 06:00:00";"15";"5.73";"0.09";"66.26";"2.63"
"Broad Run HS";"Jun 9, 2026, 05:00:00";"15";"4.68";"0.09";"65.17";"2.49"
"Broad Run HS";"Jun 9, 2026, 04:00:00";"16";"5.16";"0.1";"63.66";"2.73"
"Broad Run HS";"Jun 9, 2026, 03:00:00";"17";"5.12";"0.1";"59.09";"3.16"
"Broad Run HS";"Jun 9, 2026, 02:00:00";"15";"3.95";"0.09";"54.67";"2.4"
"Broad Run HS";"Jun 9, 2026, 01:00:00";"17";"4.08";"0.11";"57.29";"2.54"
"Broad Run HS";"Jun 9, 2026, 00:00:00";"19";"4.54";"0.12";"54.22";"2.82"
"Broad Run HS";"Jun 8, 2026, 23:00:00";"22";"4.53";"0.14";"56.53";"3.16"
"Broad Run HS";"Jun 8, 2026, 22:00:00";"27";"4.62";"0.16";"58.25";"4.11"
"Broad Run HS";"Jun 8, 2026, 21:00:00";"30";"4.24";"0.16";"57.1";"4.96"
"Broad Run HS";"Jun 8, 2026, 20:00:00";"32";"5.57";"0.18";"54.76";"5.15"
"Broad Run HS";"Jun 8, 2026, 19:00:00";"34";"2.7";"0.2";"54.39";"5.66"
"Broad Run HS";"Jun 8, 2026, 18:00:00";"37";"3.1";"0.19";"54.64";"6.98"
"Broad Run HS";"Jun 8, 2026, 17:00:00";"35";"3.64";"0.19";"53.61";"6.81"
"Broad Run HS";"Jun 8, 2026, 16:00:00";"32";"2.02";"0.2";"54.9";"6.57"
"Broad Run HS";"Jun 8, 2026, 15:00:00";"28";"1.3";"0.2";"55.87";"5.64"
"Broad Run HS";"Jun 8, 2026, 14:00:00";"26";"1.46";"0.2";"53.14";"4.9"
"Broad Run HS";"Jun 8, 2026, 13:00:00";"25";"0.95";"0.19";"57.18";"4.56"
"Broad Run HS";"Jun 8, 2026, 12:00:00";"25";"1.35";"0.19";"59.87";"4.73"
"Broad Run HS";"Jun 8, 2026, 11:00:00";"24";"2.35";"0.19";"61.73";"4.6"
"Broad Run HS";"Jun 8, 2026, 10:00:00";"23";"2.31";"0.18";"65.08";"4.38"
"Broad Run HS";"Jun 8, 2026, 09:00:00";"23";"2.32";"0.17";"76.8";"3.73"
"Broad Run HS";"Jun 8, 2026, 08:00:00";"24";"4.12";"0.16";"93.56";"3.6"
"Broad Run HS";"Jun 8, 2026, 07:00:00";"28";"5.19";"0.14";"102.12";"4.26"
"Broad Run HS";"Jun 8, 2026, 06:00:00";"30";"4.41";"0.12";"98.49";"5.54"
"Broad Run HS";"Jun 8, 2026, 05:00:00";"30";"4.14";"0.13";"92.14";"5.1"
"Broad Run HS";"Jun 8, 2026, 04:00:00";"30";"4";"0.14";"87.89";"5.64"
"Broad Run HS";"Jun 8, 2026, 03:00:00";"30";"4.59";"0.15";"83.25";"4.96"
"Broad Run HS";"Jun 8, 2026, 02:00:00";"31";"5.05";"0.18";"81.38";"5.3"
"Broad Run HS";"Jun 8, 2026, 01:00:00";"32";"5.5";"0.2";"76.4";"5.21"
"Broad Run HS";"Jun 8, 2026, 00:00:00";"33";"4.82";"0.21";"64.89";"5.97"
"Broad Run HS";"Jun 7, 2026, 23:00:00";"34";"4.27";"0.22";"54.4";"6.57"
"Broad Run HS";"Jun 7, 2026, 22:00:00";"30";"4.24";"0.23";"43.15";"5.82"
"Broad Run HS";"Jun 7, 2026, 21:00:00";"28";"2.23";"0.22";"34.05";"5.2"
"Broad Run HS";"Jun 7, 2026, 20:00:00";"27";"0.07";"0.21";"25.53";"4.75"
"Broad Run HS";"Jun 7, 2026, 19:00:00";"28";"0.05";"0.2";"20.87";"4.69"
"Broad Run HS";"Jun 7, 2026, 18:00:00";"30";"0.01";"0.19";"18.77";"4.89"
"Broad Run HS";"Jun 7, 2026, 17:00:00";"33";"0";"0.19";"22.31";"4.96"
"Broad Run HS";"Jun 7, 2026, 16:00:00";"37";"0";"0.19";"31.06";"5.48"
"Broad Run HS";"Jun 7, 2026, 15:00:00";"44";"0";"0.2";"45.37";"6.91"
"Broad Run HS";"Jun 7, 2026, 14:00:00";"49";"0";"0.2";"59.21";"7.71"
"Broad Run HS";"Jun 7, 2026, 13:00:00";"53";"0.17";"0.21";"76.3";"9.73"
"Broad Run HS";"Jun 7, 2026, 12:00:00";"53";"0.51";"0.21";"85.43";"10.07"
"Broad Run HS";"Jun 7, 2026, 11:00:00";"54";"0.16";"0.2";"84.92";"11.23"
"Broad Run HS";"Jun 7, 2026, 10:00:00";"52";"0.21";"0.2";"92.94";"11.02"
"Broad Run HS";"Jun 7, 2026, 09:00:00";"44";"0.29";"0.2";"103.55";"9.25"
"Broad Run HS";"Jun 7, 2026, 08:00:00";"34";"1.78";"0.19";"123.44";"6.91"
"Broad Run HS";"Jun 7, 2026, 07:00:00";"31";"4.01";"0.15";"145.79";"6.19"
"Broad Run HS";"Jun 7, 2026, 06:00:00";"30";"3.67";"0.14";"137.59";"6.01"
"Broad Run HS";"Jun 7, 2026, 05:00:00";"27";"3.37";"0.15";"121.72";"4.97"
"Broad Run HS";"Jun 7, 2026, 04:00:00";"27";"3.22";"0.17";"124.51";"5.08"
"Broad Run HS";"Jun 7, 2026, 03:00:00";"25";"4.61";"0.17";"114.41";"4.26"
"Broad Run HS";"Jun 7, 2026, 02:00:00";"25";"4.27";"0.17";"107.15";"4.28"
"Broad Run HS";"Jun 7, 2026, 01:00:00";"27";"5.32";"0.19";"99.89";"4.36"
"Broad Run HS";"Jun 7, 2026, 00:00:00";"30";"5.26";"0.2";"85.18";"5.37"
"Broad Run HS";"Jun 6, 2026, 23:00:00";"30";"4.5";"0.19";"70.43";"5.3"
"Broad Run HS";"Jun 6, 2026, 22:00:00";"30";"4.19";"0.21";"58.51";"4.42"
"Broad Run HS";"Jun 6, 2026, 21:00:00";"35";"2.69";"0.21";"54.65";"5.21"
"Broad Run HS";"Jun 6, 2026, 20:00:00";"40";"1.43";"0.2";"49.94";"5.48"
"Broad Run HS";"Jun 6, 2026, 19:00:00";"50";"1.69";"0.2";"43.97";"7.36"
"Broad Run HS";"Jun 6, 2026, 18:00:00";"54";"0";"0.25";"43.96";"10.94"
"Broad Run HS";"Jun 6, 2026, 17:00:00";"53";"0";"0.24";"43.84";"10.14"
"Broad Run HS";"Jun 6, 2026, 16:00:00";"53";"0";"0.22";"39.07";"9.76"
"Broad Run HS";"Jun 6, 2026, 15:00:00";"53";"0";"0.22";"45.64";"9.87"
"Broad Run HS";"Jun 6, 2026, 14:00:00";"53";"0";"0.22";"57.33";"10.04"
"Broad Run HS";"Jun 6, 2026, 13:00:00";"53";"3.43";"0.22";"66.32";"10.11"
"Broad Run HS";"Jun 6, 2026, 12:00:00";"52";"0";"0.2";"50.27";"10.56"
"Broad Run HS";"Jun 6, 2026, 11:00:00";"47";"0";"0.21";"64.18";"9.84"
"Broad Run HS";"Jun 6, 2026, 10:00:00";"42";"0";"0.2";"73.16";"8.51"
"Broad Run HS";"Jun 6, 2026, 09:00:00";"39";"0.37";"0.21";"80.96";"6.77"
"Broad Run HS";"Jun 6, 2026, 08:00:00";"40";"2.91";"0.18";"105.22";"5.99"
"Broad Run HS";"Jun 6, 2026, 07:00:00";"43";"3.6";"0.16";"119.69";"6.59"
"Broad Run HS";"Jun 6, 2026, 06:00:00";"45";"2.81";"0.16";"114.1";"8.39"
"Broad Run HS";"Jun 6, 2026, 05:00:00";"44";"2.96";"0.16";"106.42";"8.03"
"Broad Run HS";"Jun 6, 2026, 04:00:00";"44";"3.35";"0.18";"97.06";"7.29"
"Broad Run HS";"Jun 6, 2026, 03:00:00";"44";"4.4";"0.21";"90.21";"8.16"
"Broad Run HS";"Jun 6, 2026, 02:00:00";"44";"4.9";"0.25";"77.55";"7.95"
"Broad Run HS";"Jun 6, 2026, 01:00:00";"44";"5.89";"0.28";"68.34";"8.17"
"Broad Run HS";"Jun 6, 2026, 00:00:00";"43";"5.89";"0.29";"58.51";"8.42"
"Broad Run HS";"Jun 5, 2026, 23:00:00";"42";"5.83";"0.27";"45.83";"8.28"
"Broad Run HS";"Jun 5, 2026, 22:00:00";"40";"4.11";"0.26";"37.71";"8.25"
"Broad Run HS";"Jun 5, 2026, 21:00:00";"39";"1.63";"0.27";"33.72";"7.75"
"Broad Run HS";"Jun 5, 2026, 20:00:00";"38";"0";"0.27";"23.06";"6.93"
"Broad Run HS";"Jun 5, 2026, 19:00:00";"38";"0";"0.24";"18.59";"6.53"
"Broad Run HS";"Jun 5, 2026, 18:00:00";"38";"0";"0.24";"16.61";"6.71"
"Broad Run HS";"Jun 5, 2026, 17:00:00";"39";"0";"0.23";"13.81";"7.17"
"Broad Run HS";"Jun 5, 2026, 16:00:00";"38";"0";"0.23";"12.16";"6.99"
"Broad Run HS";"Jun 5, 2026, 15:00:00";"37";"0";"0.21";"12.94";"6.66"
"Broad Run HS";"Jun 5, 2026, 14:00:00";"37";"0";"0.23";"18.45";"6.67"
"Broad Run HS";"Jun 5, 2026, 13:00:00";"37";"0.27";"0.19";"20.98";"6.86"
"Broad Run HS";"Jun 5, 2026, 12:00:00";"37";"0.11";"0.18";"26.78";"6.53"
"Broad Run HS";"Jun 5, 2026, 11:00:00";"37";"0.26";"0.2";"33.24";"7.23"
"Broad Run HS";"Jun 5, 2026, 10:00:00";"34";"1.24";"0.2";"43.09";"7.07"
"Broad Run HS";"Jun 5, 2026, 09:00:00";"32";"3.7";"0.2";"56.77";"6.3"
"Broad Run HS";"Jun 5, 2026, 08:00:00";"31";"7.64";"0.21";"84.09";"4.84"
"Broad Run HS";"Jun 5, 2026, 07:00:00";"32";"5.95";"0.14";"77.69";"4.98"
"Broad Run HS";"Jun 5, 2026, 06:00:00";"34";"4.05";"0.1";"73.31";"6.81"
"Broad Run HS";"Jun 5, 2026, 05:00:00";"33";"4.57";"0.11";"67.45";"6.35"
"Broad Run HS";"Jun 5, 2026, 04:00:00";"31";"4.24";"0.12";"62.62";"5.44"
"Broad Run HS";"Jun 5, 2026, 03:00:00";"32";"4.67";"0.14";"58.63";"5.21"
"Broad Run HS";"Jun 5, 2026, 02:00:00";"33";"6.1";"0.18";"57.05";"5.53"
"Broad Run HS";"Jun 5, 2026, 01:00:00";"33";"5.25";"0.21";"53.52";"5.78"
"Broad Run HS";"Jun 5, 2026, 00:00:00";"33";"5.48";"0.22";"50.83";"6.08"
"Broad Run HS";"Jun 4, 2026, 23:00:00";"33";"10.17";"0.37";"49.59";"6.72"
"Broad Run HS";"Jun 4, 2026, 22:00:00";"31";"6.86";"0.32";"35.34";"6.5"
"Broad Run HS";"Jun 4, 2026, 21:00:00";"29";"2.37";"0.27";"15.95";"5.84"
"Broad Run HS";"Jun 4, 2026, 20:00:00";"28";"0.18";"0.21";"7";"5.2"
"Broad Run HS";"Jun 4, 2026, 19:00:00";"28";"0";"0.2";"2.11";"4.89"
"Broad Run HS";"Jun 4, 2026, 18:00:00";"28";"0";"0.2";"0.45";"4.91"
"Broad Run HS";"Jun 4, 2026, 17:00:00";"28";"0";"0.19";"0.17";"4.8"
"Broad Run HS";"Jun 4, 2026, 16:00:00";"28";"0";"0.18";"0.11";"4.76"
"Broad Run HS";"Jun 4, 2026, 15:00:00";"29";"0";"0.18";"0.28";"4.98"
"Broad Run HS";"Jun 4, 2026, 14:00:00";"30";"0";"0.24";"2.96";"4.93"
"Broad Run HS";"Jun 4, 2026, 13:00:00";"31";"0.21";"0.17";"7.31";"6.27"
"Broad Run HS";"Jun 4, 2026, 12:00:00";"29";"0";"0.15";"12.05";"4.91"
"Broad Run HS";"Jun 4, 2026, 11:00:00";"30";"0";"0.16";"18.95";"5.28"
"Broad Run HS";"Jun 4, 2026, 10:00:00";"30";"0.94";"0.18";"29.64";"6.18"
"Broad Run HS";"Jun 4, 2026, 09:00:00";"27";"4.91";"0.22";"53.79";"5.59"
"Broad Run HS";"Jun 4, 2026, 08:00:00";"25";"6.54";"0.2";"60.13";"3.98"
"Broad Run HS";"Jun 4, 2026, 07:00:00";"27";"6.49";"0.17";"54.78";"4.31"
"Broad Run HS";"Jun 4, 2026, 06:00:00";"29";"4.9";"0.07";"49";"5.52"
"Broad Run HS";"Jun 4, 2026, 05:00:00";"28";"5.52";"0.07";"45.51";"4.99"
"Broad Run HS";"Jun 4, 2026, 04:00:00";"27";"7.05";"0.09";"43.34";"5.29"
"Broad Run HS";"Jun 4, 2026, 03:00:00";"26";"8.53";"0.1";"42.29";"4.87"
"Broad Run HS";"Jun 4, 2026, 02:00:00";"25";"6.05";"0.14";"39.37";"4.47"
"Broad Run HS";"Jun 4, 2026, 01:00:00";"25";"13";"0.2";"38.75";"4.46"
"Broad Run HS";"Jun 4, 2026, 00:00:00";"25";"16.85";"0.24";"39.63";"4.89"
"Broad Run HS";"Jun 3, 2026, 23:00:00";"24";"9.55";"0.21";"39.29";"4.78"
"Broad Run HS";"Jun 3, 2026, 22:00:00";"23";"9.31";"0.29";"28.05";"5.27"
"Broad Run HS";"Jun 3, 2026, 21:00:00";"20";"4.4";"0.18";"5.95";"3.52"
"Broad Run HS";"Jun 3, 2026, 20:00:00";"20";"2.06";"0.17";"0.34";"3.56"
"Broad Run HS";"Jun 3, 2026, 19:00:00";"20";"0.41";"0.16";"0.08";"3.71"
"Broad Run HS";"Jun 3, 2026, 18:00:00";"20";"0.22";"0.16";"0";"3.49"
"Broad Run HS";"Jun 3, 2026, 17:00:00";"21";"0.1";"0.15";"0";"3.49"
"Broad Run HS";"Jun 3, 2026, 16:00:00";"22";"0";"0.16";"0.82";"3.58"
"Broad Run HS";"Jun 3, 2026, 15:00:00";"23";"0";"0.15";"2.12";"3.66"
"Broad Run HS";"Jun 3, 2026, 14:00:00";"23";"0";"0.14";"4.16";"3.55"
"Broad Run HS";"Jun 3, 2026, 13:00:00";"25";"0.2";"0.14";"7.75";"4.25"
"Broad Run HS";"Jun 3, 2026, 12:00:00";"27";"0.05";"0.14";"10.34";"4.78"
"Broad Run HS";"Jun 3, 2026, 11:00:00";"26";"0.13";"0.13";"16.36";"4.63"
"Broad Run HS";"Jun 3, 2026, 10:00:00";"27";"1.43";"0.13";"31.21";"5.34"
"Broad Run HS";"Jun 3, 2026, 09:00:00";"24";"4.98";"0.15";"46.59";"4.63"
"Broad Run HS";"Jun 3, 2026, 08:00:00";"24";"8.55";"0.13";"45.24";"3.44"
"Broad Run HS";"Jun 3, 2026, 07:00:00";"27";"6.42";"0.06";"41.55";"4.45"
"Broad Run HS";"Jun 3, 2026, 06:00:00";"28";"5.39";"0.03";"36.52";"5.34"
"Broad Run HS";"Jun 3, 2026, 05:00:00";"26";"5.86";"0.04";"33.34";"5"
"Broad Run HS";"Jun 3, 2026, 04:00:00";"25";"5.89";"0.05";"30.29";"4.82"
"Broad Run HS";"Jun 3, 2026, 03:00:00";"23";"5.73";"0.09";"28.82";"4.21"
"Broad Run HS";"Jun 3, 2026, 02:00:00";"23";"6.37";"0.08";"29.5";"3.78"
"Broad Run HS";"Jun 3, 2026, 01:00:00";"24";"6.71";"0.09";"29.81";"4.26"
"Broad Run HS";"Jun 3, 2026, 00:00:00";"24";"7.13";"0.11";"29.05";"3.87"
"Broad Run HS";"Jun 2, 2026, 23:00:00";"26";"10.72";"0.21";"32.35";"4.8"
"Broad Run HS";"Jun 2, 2026, 22:00:00";"25";"17.16";"0.32";"33.8";"5.63"
"Broad Run HS";"Jun 2, 2026, 21:00:00";"19";"8.13";"0.23";"15.3";"3.32"
"Broad Run HS";"Jun 2, 2026, 20:00:00";"19";"2.01";"0.13";"2.66";"3.04"
"Broad Run HS";"Jun 2, 2026, 19:00:00";"20";"1.45";"0.13";"0.07";"3.51"
"Broad Run HS";"Jun 2, 2026, 18:00:00";"20";"0.5";"0.13";"0";"3.25"
"Broad Run HS";"Jun 2, 2026, 17:00:00";"23";"1.05";"0.13";"0.61";"3.83"
"Broad Run HS";"Jun 2, 2026, 16:00:00";"24";"0.46";"0.13";"1.24";"3.86"
"Broad Run HS";"Jun 2, 2026, 15:00:00";"27";"0.3";"0.12";"2.89";"4.1"
"Broad Run HS";"Jun 2, 2026, 14:00:00";"30";"0.19";"0.12";"6.02";"4.51"
"Broad Run HS";"Jun 2, 2026, 13:00:00";"32";"0.29";"0.11";"13.8";"5.08"
"Broad Run HS";"Jun 2, 2026, 12:00:00";"34";"1.25";"0.11";"24.46";"5.99"
"Broad Run HS";"Jun 2, 2026, 11:00:00";"34";"1.69";"0.1";"33.9";"5.69"
"Broad Run HS";"Jun 2, 2026, 10:00:00";"35";"2.8";"0.1";"42.69";"6.61"
"Broad Run HS";"Jun 2, 2026, 09:00:00";"34";"5.7";"0.09";"43.82";"6.55"
"Broad Run HS";"Jun 2, 2026, 08:00:00";"31";"7.43";"0.07";"42.34";"5.45"
"Broad Run HS";"Jun 2, 2026, 07:00:00";"32";"8.38";"0.05";"39.87";"5.82"
"Broad Run HS";"Jun 2, 2026, 06:00:00";"32";"7.33";"0.04";"35.65";"6.26"
"Broad Run HS";"Jun 2, 2026, 05:00:00";"29";"7.36";"0.05";"33.12";"5.7"
"Broad Run HS";"Jun 2, 2026, 04:00:00";"26";"7.67";"0.05";"31.95";"5.22"
"Broad Run HS";"Jun 2, 2026, 03:00:00";"24";"7.7";"0.07";"31.5";"4.81"
"Broad Run HS";"Jun 2, 2026, 02:00:00";"23";"7.58";"0.08";"30.54";"4.58"
"Broad Run HS";"Jun 2, 2026, 01:00:00";"21";"7.34";"0.1";"31.3";"3.69"
"Broad Run HS";"Jun 2, 2026, 00:00:00";"22";"7.63";"0.12";"32.02";"3.78"
"Broad Run HS";"Jun 1, 2026, 23:00:00";"22";"5.95";"0.14";"33.44";"3.89"
"Broad Run HS";"Jun 1, 2026, 22:00:00";"22";"6.67";"0.17";"30.08";"4.21"
"Broad Run HS";"Jun 1, 2026, 21:00:00";"21";"5.79";"0.17";"20.7";"4.25"
"Broad Run HS";"Jun 1, 2026, 20:00:00";"19";"3.52";"0.16";"7.71";"3.35"
"Broad Run HS";"Jun 1, 2026, 19:00:00";"20";"1.81";"0.16";"3.3";"3.57"
"Broad Run HS";"Jun 1, 2026, 18:00:00";"19";"1.1";"0.16";"2.54";"3.43"
"Broad Run HS";"Jun 1, 2026, 17:00:00";"20";"0.83";"0.15";"1.11";"3.52"
"Broad Run HS";"Jun 1, 2026, 16:00:00";"20";"1.39";"0.14";"2.75";"3.68"
"Broad Run HS";"Jun 1, 2026, 15:00:00";"19";"0";"0.15";"4.29";"3.86"
"Broad Run HS";"Jun 1, 2026, 14:00:00";"18";"0.01";"0.14";"7.77";"3.16"
"Broad Run HS";"Jun 1, 2026, 13:00:00";"17";"0.18";"0.13";"10.52";"2.7"
"Broad Run HS";"Jun 1, 2026, 12:00:00";"19";"0.06";"0.14";"16.24";"3.45"
"Broad Run HS";"Jun 1, 2026, 11:00:00";"19";"0.03";"0.14";"20.81";"3.09"
"Broad Run HS";"Jun 1, 2026, 10:00:00";"21";"0.99";"0.14";"34.32";"3.39"
"Broad Run HS";"Jun 1, 2026, 09:00:00";"23";"3.43";"0.15";"50.1";"3.58"
"Broad Run HS";"Jun 1, 2026, 08:00:00";"25";"7.78";"0.15";"52.52";"4.03"
"Broad Run HS";"Jun 1, 2026, 07:00:00";"29";"8.65";"0.13";"52.81";"4.19"
"Broad Run HS";"Jun 1, 2026, 06:00:00";"34";"6.73";"0.12";"52.67";"7.05"
"Broad Run HS";"Jun 1, 2026, 05:00:00";"28";"7.47";"0.12";"48.58";"5.41"
"Broad Run HS";"Jun 1, 2026, 04:00:00";"25";"9.27";"0.13";"44.12";"4.97"
"Broad Run HS";"Jun 1, 2026, 03:00:00";"23";"12.03";"0.15";"41.77";"4.66"
"Broad Run HS";"Jun 1, 2026, 02:00:00";"20";"11.72";"0.19";"39.87";"3.67"
"Broad Run HS";"Jun 1, 2026, 01:00:00";"20";"14.37";"0.2";"36.32";"3.34"
"Broad Run HS";"Jun 1, 2026, 00:00:00";"30";"31.32";"0.26";"34.78";"4.01"
"Broad Run HS";"May 31, 2026, 23:00:00";"20";"10.59";"0.19";"32.43";"4"
"Broad Run HS";"May 31, 2026, 22:00:00";"17";"7.79";"0.18";"28.55";"3.6"
"Broad Run HS";"May 31, 2026, 21:00:00";"15";"5.71";"0.18";"17.48";"3.19"
"Broad Run HS";"May 31, 2026, 20:00:00";"14";"3.62";"0.17";"2.51";"2.65"
"Broad Run HS";"May 31, 2026, 19:00:00";"14";"1";"0.16";"0";"2.18"
"Broad Run HS";"May 31, 2026, 18:00:00";"14";"0.85";"0.16";"0";"2.64"
"Broad Run HS";"May 31, 2026, 17:00:00";"14";"0.32";"0.15";"0";"2.22"
"Broad Run HS";"May 31, 2026, 16:00:00";"15";"0.11";"0.15";"0";"2.34"
"Broad Run HS";"May 31, 2026, 15:00:00";"16";"0";"0.14";"0.01";"2.56"
"Broad Run HS";"May 31, 2026, 14:00:00";"17";"0.06";"0.15";"1.01";"2.8"
"Broad Run HS";"May 31, 2026, 13:00:00";"17";"0.06";"0.13";"4.35";"3.12"
"Broad Run HS";"May 31, 2026, 12:00:00";"17";"0.25";"0.13";"11.2";"2.71"
"Broad Run HS";"May 31, 2026, 11:00:00";"19";"0.1";"0.12";"22.67";"3.37"
"Broad Run HS";"May 31, 2026, 10:00:00";"18";"0.56";"0.11";"34.08";"3.31"
"Broad Run HS";"May 31, 2026, 09:00:00";"18";"1.78";"0.12";"37.97";"3.39"
"Broad Run HS";"May 31, 2026, 08:00:00";"18";"3.8";"0.09";"35.52";"3.19"
"Broad Run HS";"May 31, 2026, 07:00:00";"17";"5.37";"0.04";"31.63";"2.8"
"Broad Run HS";"May 31, 2026, 06:00:00";"19";"5.38";"0.04";"29.97";"3.3"
"Broad Run HS";"May 31, 2026, 05:00:00";"19";"5.64";"0.05";"30.32";"3.72"
"Broad Run HS";"May 31, 2026, 04:00:00";"18";"5.66";"0.09";"30.97";"3.64"
"Broad Run HS";"May 31, 2026, 03:00:00";"16";"5.81";"0.11";"30.3";"3.12"
"Broad Run HS";"May 31, 2026, 02:00:00";"15";"6.02";"0.12";"29.08";"2.23"
"Broad Run HS";"May 31, 2026, 01:00:00";"17";"6.69";"0.16";"27.96";"2.41"
"Broad Run HS";"May 31, 2026, 00:00:00";"20";"6.94";"0.18";"28.28";"4.18"
"Broad Run HS";"May 30, 2026, 23:00:00";"17";"7.45";"0.2";"28.34";"3.99"
"Broad Run HS";"May 30, 2026, 22:00:00";"12";"5.56";"0.15";"27.97";"2.72"
"Broad Run HS";"May 30, 2026, 21:00:00";"8";"3.99";"0.14";"27.22";"1.27"
"Broad Run HS";"May 30, 2026, 20:00:00";"8";"2.21";"0.15";"22.86";"1.41"
"Broad Run HS";"May 30, 2026, 19:00:00";"16";"0.8";"0.16";"15.36";"1.39"
"Broad Run HS";"May 30, 2026, 18:00:00";"16";"0.24";"0.16";"9.88";"1.43"
"Broad Run HS";"May 30, 2026, 17:00:00";"16";"0.12";"0.16";"7.48";"1.28"
"Broad Run HS";"May 30, 2026, 16:00:00";"16";"0.16";"0.16";"8.65";"1.09"
"Broad Run HS";"May 30, 2026, 15:00:00";"16";"0.07";"0.16";"9.93";"1.15"
"Broad Run HS";"May 30, 2026, 14:00:00";"16";"0.26";"0.15";"12.37";"1.25"
"Broad Run HS";"May 30, 2026, 13:00:00";"16";"0.48";"0.15";"13.28";"1.49"
"Broad Run HS";"May 30, 2026, 12:00:00";"16";"0.46";"0.14";"14.74";"1.7"
"Broad Run HS";"May 30, 2026, 11:00:00";"16";"1.02";"0.17";"20.23";"3.15"
"Broad Run HS";"May 30, 2026, 10:00:00";"16";"2.29";"0.16";"25.92";"4.55"
"Broad Run HS";"May 30, 2026, 09:00:00";"15";"3.86";"0.16";"31.42";"5.61"
"Broad Run HS";"May 30, 2026, 08:00:00";"15";"5.39";"0.17";"38.97";"7.14"
"Broad Run HS";"May 30, 2026, 07:00:00";"14";"6.38";"0.16";"40.32";"7.08"
"Broad Run HS";"May 30, 2026, 06:00:00";"13";"5.75";"0.15";"39.65";"7.17"
"Broad Run HS";"May 30, 2026, 05:00:00";"12";"5.46";"0.15";"40.31";"7.05"
"Broad Run HS";"May 30, 2026, 04:00:00";"11";"4.74";"0.15";"41.7";"6.75"
"Broad Run HS";"May 30, 2026, 03:00:00";"10";"5.39";"0.16";"43.46";"5.91"
"Broad Run HS";"May 30, 2026, 02:00:00";"9";"6";"0.16";"45.63";"5.28"
"Broad Run HS";"May 30, 2026, 01:00:00";"8";"6.15";"0.19";"47.69";"4.86"
"Broad Run HS";"May 30, 2026, 00:00:00";"8";"5.59";"0.19";"47.85";"3.14"
"Broad Run HS";"May 29, 2026, 23:00:00";"7";"5.58";"0.21";"45.35";"2.7"
"Broad Run HS";"May 29, 2026, 22:00:00";"7";"6.41";"0.24";"38.83";"3.31"
"Broad Run HS";"May 29, 2026, 21:00:00";"7";"4.29";"0.23";"26.41";"2.65"
"Broad Run HS";"May 29, 2026, 20:00:00";"7";"0.82";"0.22";"17.7";"1.78"
"Broad Run HS";"May 29, 2026, 19:00:00";"7";"0";"0.22";"14.91";"1.8"
"Broad Run HS";"May 29, 2026, 18:00:00";"7";"0";"0.2";"11.99";"2.34"
"Broad Run HS";"May 29, 2026, 17:00:00";"7";"0";"0.2";"10.37";"1.87"
"Broad Run HS";"May 29, 2026, 16:00:00";"7";"0";"0.19";"11.79";"1.35"
"Broad Run HS";"May 29, 2026, 15:00:00";"7";"0";"0.19";"12.71";"1.11"
"Broad Run HS";"May 29, 2026, 14:00:00";"7";"0";"0.17";"13.26";"0.94"
"Broad Run HS";"May 29, 2026, 13:00:00";"7";"0";"0.17";"16.05";"1.08"
"Broad Run HS";"May 29, 2026, 12:00:00";"7";"0";"0.16";"19.17";"1.39"
"Broad Run HS";"May 29, 2026, 11:00:00";"8";"0";"0.16";"29.97";"1.28"
"Broad Run HS";"May 29, 2026, 10:00:00";"8";"0.02";"0.16";"43.55";"1.56"
"Broad Run HS";"May 29, 2026, 09:00:00";"8";"3.33";"0.18";"52.5";"2.05"
"Broad Run HS";"May 29, 2026, 08:00:00";"9";"7.26";"0.15";"48.79";"2.09"
"Broad Run HS";"May 29, 2026, 07:00:00";"9";"7.33";"0.1";"47.76";"1.1"
"Broad Run HS";"May 29, 2026, 06:00:00";"10";"7.8";"0.07";"39.96";"0.99"
"Broad Run HS";"May 29, 2026, 05:00:00";"11";"6.26";"0.09";"40.07";"1.01"
"Broad Run HS";"May 29, 2026, 04:00:00";"12";"6.5";"0.09";"40.02";"1.98"
"Broad Run HS";"May 29, 2026, 03:00:00";"12";"7.1";"0.1";"38.33";"1.38"
"Broad Run HS";"May 29, 2026, 02:00:00";"13";"6.67";"0.11";"38.8";"1.12"
"Broad Run HS";"May 29, 2026, 01:00:00";"13";"5.97";"0.13";"39.62";"1.1"
"Broad Run HS";"May 29, 2026, 00:00:00";"14";"4.59";"0.16";"40.91";"1.25"
"Broad Run HS";"May 28, 2026, 23:00:00";"14";"5.01";"0.17";"43.01";"1.74"
"Broad Run HS";"May 28, 2026, 22:00:00";"14";"10.33";"0.24";"42.62";"2.31"
"Broad Run HS";"May 28, 2026, 21:00:00";"14";"5.01";"0.2";"30.57";"1.79"
"Broad Run HS";"May 28, 2026, 20:00:00";"14";"1.44";"0.18";"20.36";"2.01"
"Broad Run HS";"May 28, 2026, 19:00:00";"14";"0.02";"0.2";"19.69";"1.67"
"Broad Run HS";"May 28, 2026, 18:00:00";"14";"0";"0.2";"21.25";"2.57"
"Broad Run HS";"May 28, 2026, 17:00:00";"14";"0.16";"0.19";"21.07";"1.91"
"Broad Run HS";"May 28, 2026, 16:00:00";"14";"0";"0.2";"24.71";"1.78"
"Broad Run HS";"May 28, 2026, 15:00:00";"14";"0";"0.18";"29.68";"1.95"
"Broad Run HS";"May 28, 2026, 14:00:00";"14";"0.24";"0.18";"31.56";"1.92"
"Broad Run HS";"May 28, 2026, 13:00:00";"14";"0";"0.17";"38.19";"1.8"
"Broad Run HS";"May 28, 2026, 12:00:00";"14";"0";"0.18";"47.92";"2.08"
"Broad Run HS";"May 28, 2026, 11:00:00";"14";"0";"0.17";"55.94";"2.51"
"Broad Run HS";"May 28, 2026, 10:00:00";"15";"0";"0.18";"69.1";"3.38"
"Broad Run HS";"May 28, 2026, 09:00:00";"16";"3.87";"0.2";"93.77";"4.71"
"Broad Run HS";"May 28, 2026, 08:00:00";"17";"2.85";"0.19";"125.73";"5.08"
"Broad Run HS";"May 28, 2026, 07:00:00";"18";"4.18";"0.2";"173.79";"6.12"
"Broad Run HS";"May 28, 2026, 06:00:00";"20";"3.27";"0.19";"203.01";"6.06"
"Broad Run HS";"May 28, 2026, 05:00:00";"21";"2.97";"0.18";"242.18";"5.29"
"Broad Run HS";"May 28, 2026, 04:00:00";"22";"1.76";"0.17";"284.14";"5.81"
"Broad Run HS";"May 28, 2026, 03:00:00";"23";"1.65";"0.16";"302.35";"4.8"
"Broad Run HS";"May 28, 2026, 02:00:00";"25";"2.59";"0.15";"315.84";"4.25"
"Broad Run HS";"May 28, 2026, 01:00:00";"27";"3.77";"0.15";"289.39";"3"
"Broad Run HS";"May 28, 2026, 00:00:00";"29";"4.28";"0.15";"302.02";"1.88"
"Broad Run HS";"May 27, 2026, 23:00:00";"30";"2.81";"0.18";"371.86";"1.94"
"Broad Run HS";"May 27, 2026, 22:00:00";"32";"3.33";"0.2";"375.54";"2.38"
"Broad Run HS";"May 27, 2026, 21:00:00";"33";"3.68";"0.23";"243.84";"2.46"
"Broad Run HS";"May 27, 2026, 20:00:00";"33";"0.78";"0.23";"163.31";"1.5"
"Broad Run HS";"May 27, 2026, 19:00:00";"34";"0";"0.21";"150.12";"1.55"
"Broad Run HS";"May 27, 2026, 18:00:00";"35";"0";"0.2";"156.54";"1.63"
"Broad Run HS";"May 27, 2026, 17:00:00";"35";"0";"0.2";"176.81";"1.56"
"Broad Run HS";"May 27, 2026, 16:00:00";"36";"0";"0.21";"199.91";"1.96"
"Broad Run HS";"May 27, 2026, 15:00:00";"36";"0";"0.2";"236.76";"2.27"
"Broad Run HS";"May 27, 2026, 14:00:00";"38";"0";"0.2";"273.85";"2.11"
"Broad Run HS";"May 27, 2026, 13:00:00";"39";"0.87";"0.19";"260.54";"2.43"
"Broad Run HS";"May 27, 2026, 12:00:00";"40";"0";"0.22";"235.51";"3.15"
"Broad Run HS";"May 27, 2026, 11:00:00";"41";"0";"0.23";"306.82";"6.58"
"Broad Run HS";"May 27, 2026, 10:00:00";"42";"0";"0.22";"407.16";"8.87"
"Broad Run HS";"May 27, 2026, 09:00:00";"44";"0";"0.21";"417.28";"12.46"
"Broad Run HS";"May 27, 2026, 08:00:00";"46";"0.02";"0.21";"428.48";"13.32"
"Broad Run HS";"May 27, 2026, 07:00:00";"46";"0.62";"0.21";"473.1";"14.61"
"Broad Run HS";"May 27, 2026, 06:00:00";"45";"0.4";"0.21";"425.74";"12.72"
"Broad Run HS";"May 27, 2026, 05:00:00";"45";"0.69";"0.2";"444.23";"10.55"
"Broad Run HS";"May 27, 2026, 04:00:00";"45";"1.58";"0.22";"421.55";"11.8"
"Broad Run HS";"May 27, 2026, 03:00:00";"44";"1.66";"0.21";"393.85";"13.9"
"Broad Run HS";"May 27, 2026, 02:00:00";"46";"0";"0.22";"337.02";"16.54"
"Broad Run HS";"May 27, 2026, 01:00:00";"46";"0";"0.21";"336.58";"13.63"
"Broad Run HS";"May 27, 2026, 00:00:00";"46";"0";"0.22";"326.38";"12.09"
"Broad Run HS";"May 26, 2026, 23:00:00";"46";"0";"0.23";"317.35";"9.87"
"Broad Run HS";"May 26, 2026, 22:00:00";"46";"0";"0.29";"277.27";"7.7"
"Broad Run HS";"May 26, 2026, 21:00:00";"46";"0.05";"0.34";"227.91";"6.41"
"Broad Run HS";"May 26, 2026, 20:00:00";"46";"0.06";"0.33";"189.97";"6.31"
"Broad Run HS";"May 26, 2026, 19:00:00";"45";"0";"0.27";"167.11";"5.76"
"Broad Run HS";"May 26, 2026, 18:00:00";"45";"0";"0.26";"155.03";"4.67"
"Broad Run HS";"May 26, 2026, 17:00:00";"45";"0";"0.24";"152.04";"4.23"
"Broad Run HS";"May 26, 2026, 16:00:00";"45";"0";"0.24";"201.01";"4.87"
"Broad Run HS";"May 26, 2026, 15:00:00";"45";"0";"0.28";"282.75";"8.96"
"Broad Run HS";"May 26, 2026, 14:00:00";"44";"0";"0.27";"301.49";"7.91"
"Broad Run HS";"May 26, 2026, 13:00:00";"43";"0";"0.27";"318.68";"8.86"
"Broad Run HS";"May 26, 2026, 12:00:00";"43";"0";"0.27";"355.05";"9.87"
"Broad Run HS";"May 26, 2026, 11:00:00";"43";"0";"0.27";"401.51";"13.15"
"Broad Run HS";"May 26, 2026, 10:00:00";"42";"0";"0.29";"439.99";"21.08"
"Broad Run HS";"May 26, 2026, 09:00:00";"39";"0";"0.3";"431.76";"24.4"
"Broad Run HS";"May 26, 2026, 08:00:00";"35";"0";"0.28";"405.14";"0"
"Broad Run HS";"May 26, 2026, 07:00:00";"36";"0";"0.27";"378.3";"0"
"Broad Run HS";"May 26, 2026, 06:00:00";"36";"0";"0.27";"366.62";"0"
"Broad Run HS";"May 26, 2026, 05:00:00";"36";"0";"0.27";"345.23";"0"
"Broad Run HS";"May 26, 2026, 04:00:00";"36";"0";"0.27";"329.99";"0"
"Broad Run HS";"May 26, 2026, 03:00:00";"38";"0";"0.28";"352.93";"21.32"
"Broad Run HS";"May 26, 2026, 02:00:00";"37";"0";"0.3";"350.96";"17.66"
"Broad Run HS";"May 26, 2026, 01:00:00";"36";"0";"0.3";"339.09";"12.22"
"Broad Run HS";"May 26, 2026, 00:00:00";"36";"0";"0.29";"323.91";"11.69"
"Broad Run HS";"May 25, 2026, 23:00:00";"37";"0";"0.29";"299.2";"10.5"
"Broad Run HS";"May 25, 2026, 22:00:00";"39";"0";"0.25";"248.52";"8.26"
"Broad Run HS";"May 25, 2026, 21:00:00";"41";"0";"0.21";"196.8";"5.04"
"Broad Run HS";"May 25, 2026, 20:00:00";"43";"0";"0.2";"181.86";"4.26"
"Broad Run HS";"May 25, 2026, 19:00:00";"46";"0";"0.2";"175.57";"4.06"
"Broad Run HS";"May 25, 2026, 18:00:00";"49";"0";"0.19";"184.98";"4.16"
"Broad Run HS";"May 25, 2026, 17:00:00";"50";"0";"0.2";"200.57";"4.23"
"Broad Run HS";"May 25, 2026, 16:00:00";"51";"0";"0.21";"251.52";"4.46"
"Broad Run HS";"May 25, 2026, 15:00:00";"51";"0";"0.2";"284.81";"4.91"
"Broad Run HS";"May 25, 2026, 14:00:00";"51";"0";"0.19";"300.36";"5.78"
"Broad Run HS";"May 25, 2026, 13:00:00";"51";"0";"0.19";"331.4";"7.73"
"Broad Run HS";"May 25, 2026, 12:00:00";"51";"0";"0.19";"372.64";"8.07"
"Broad Run HS";"May 25, 2026, 11:00:00";"51";"0";"0.18";"433.41";"7.24"
"Broad Run HS";"May 25, 2026, 10:00:00";"50";"0";"0.18";"425.22";"8.45"
"Broad Run HS";"May 25, 2026, 09:00:00";"49";"0";"0.18";"432.85";"9.49"
"Broad Run HS";"May 25, 2026, 08:00:00";"48";"0";"0.18";"418.95";"9.26"
"Broad Run HS";"May 25, 2026, 07:00:00";"47";"0";"0.18";"391.14";"10.01"
"Broad Run HS";"May 25, 2026, 06:00:00";"46";"0";"0.17";"374.24";"8.69"
"Broad Run HS";"May 25, 2026, 05:00:00";"45";"0";"0.18";"362.19";"9.84"
"Broad Run HS";"May 25, 2026, 04:00:00";"44";"0";"0.2";"329.62";"16.18"
"Broad Run HS";"May 25, 2026, 03:00:00";"41";"0";"0.2";"307.57";"16.01"
"Broad Run HS";"May 25, 2026, 02:00:00";"38";"0";"0.2";"294.68";"12.89"
"Broad Run HS";"May 25, 2026, 01:00:00";"37";"0";"0.21";"261.93";"12.63"
"Broad Run HS";"May 25, 2026, 00:00:00";"35";"0";"0.21";"243.41";"17.64"
"Broad Run HS";"May 24, 2026, 23:00:00";"33";"0";"0.22";"244.93";"19.65"
"Broad Run HS";"May 24, 2026, 22:00:00";"30";"0.64";"0.23";"255.65";"19.85"
"Broad Run HS";"May 24, 2026, 21:00:00";"28";"1.08";"0.21";"216.89";"21.73"
"Broad Run HS";"May 24, 2026, 20:00:00";"25";"1.6";"0.2";"201.85";"20.7"
"Broad Run HS";"May 24, 2026, 19:00:00";"22";"1.34";"0.18";"181.2";"17.1"
"Broad Run HS";"May 24, 2026, 18:00:00";"19";"0";"0.17";"156.67";"12.97"
"Broad Run HS";"May 24, 2026, 17:00:00";"18";"0";"0.15";"147.4";"10.96"
"Broad Run HS";"May 24, 2026, 16:00:00";"16";"0";"0.14";"146.64";"7.99"
"Broad Run HS";"May 24, 2026, 15:00:00";"15";"0";"0.14";"148.49";"6.35"
"Broad Run HS";"May 24, 2026, 14:00:00";"14";"0";"0.13";"151.62";"4.76"
"Broad Run HS";"May 24, 2026, 13:00:00";"13";"0";"0.11";"149.24";"4.65"
"Broad Run HS";"May 24, 2026, 12:00:00";"13";"0";"0.1";"149.62";"3.87"
"Broad Run HS";"May 24, 2026, 11:00:00";"13";"0";"0.09";"155.46";"3.15"
"Broad Run HS";"May 24, 2026, 10:00:00";"13";"0";"0.08";"153.52";"3.96"
"Broad Run HS";"May 24, 2026, 09:00:00";"13";"0";"0.06";"146.83";"4.06"
"Broad Run HS";"May 24, 2026, 08:00:00";"13";"0";"0.05";"141.81";"4.08"
"Broad Run HS";"May 24, 2026, 07:00:00";"13";"0.02";"0.04";"135.72";"3.25"
"Broad Run HS";"May 24, 2026, 06:00:00";"14";"0";"0.03";"135.18";"1.71"
"Broad Run HS";"May 24, 2026, 05:00:00";"15";"0.07";"0.03";"136.04";"1.82"
"Broad Run HS";"May 24, 2026, 04:00:00";"15";"0.03";"0.04";"140.13";"1.49"
"Broad Run HS";"May 24, 2026, 03:00:00";"15";"0.25";"0.04";"142.85";"1.19"
"Broad Run HS";"May 24, 2026, 02:00:00";"15";"0.18";"0.05";"142.97";"1.86"
"Broad Run HS";"May 24, 2026, 01:00:00";"16";"0.31";"0.05";"142.91";"2.9"
"Broad Run HS";"May 24, 2026, 00:00:00";"16";"1.22";"0.05";"143.41";"5.35"
"Broad Run HS";"May 23, 2026, 23:00:00";"15";"2.4";"0.06";"141.74";"6.74"
"Broad Run HS";"May 23, 2026, 22:00:00";"15";"3.23";"0.04";"137.36";"5.57"
"Broad Run HS";"May 23, 2026, 21:00:00";"14";"3.73";"0.04";"136.24";"4.32"
"Broad Run HS";"May 23, 2026, 20:00:00";"14";"3.86";"0.05";"139.36";"3.4"
"Broad Run HS";"May 23, 2026, 19:00:00";"13";"2.63";"0.08";"151.27";"2.27"
"Broad Run HS";"May 23, 2026, 18:00:00";"13";"3.01";"0.09";"149.12";"2.71"
"Broad Run HS";"May 23, 2026, 17:00:00";"13";"3.88";"0.08";"149.5";"2.47"
"Broad Run HS";"May 23, 2026, 16:00:00";"13";"3.42";"0.07";"139.92";"1.83"
"Broad Run HS";"May 23, 2026, 15:00:00";"13";"2.98";"0.07";"137.96";"0.97"
"Broad Run HS";"May 23, 2026, 14:00:00";"14";"2.96";"0.06";"136.87";"0.81"
"Broad Run HS";"May 23, 2026, 13:00:00";"14";"2.66";"0.07";"138.71";"1.43"
"Broad Run HS";"May 23, 2026, 12:00:00";"14";"3.25";"0.06";"137.09";"2.44"
"Broad Run HS";"May 23, 2026, 11:00:00";"14";"3.03";"0.06";"134.29";"3.06"
"Broad Run HS";"May 23, 2026, 10:00:00";"16";"2.73";"0.05";"131.27";"4.1"
"Broad Run HS";"May 23, 2026, 09:00:00";"18";"3.24";"0.04";"127.11";"6.43"
"Broad Run HS";"May 23, 2026, 08:00:00";"21";"2.93";"0.04";"120.13";"6.4"
"Broad Run HS";"May 23, 2026, 07:00:00";"23";"3.37";"0.03";"115.8";"7.31"
"Broad Run HS";"May 23, 2026, 06:00:00";"27";"4.79";"0.02";"110.91";"4.48"
"Broad Run HS";"May 23, 2026, 05:00:00";"30";"4.42";"0.02";"108.95";"3.13"
"Broad Run HS";"May 23, 2026, 04:00:00";"32";"3.12";"0.02";"111.12";"2.96"
"Broad Run HS";"May 23, 2026, 03:00:00";"34";"1.82";"0.03";"112.55";"3.17"
"Broad Run HS";"May 23, 2026, 02:00:00";"36";"2.45";"0.03";"108.2";"3.33"
"Broad Run HS";"May 23, 2026, 01:00:00";"39";"2.15";"0.04";"106.3";"3.93"
"Broad Run HS";"May 23, 2026, 00:00:00";"41";"2.76";"0.03";"102.58";"2.97"
"Broad Run HS";"May 22, 2026, 23:00:00";"43";"3.33";"0.03";"100.94";"2.47"
"Broad Run HS";"May 22, 2026, 22:00:00";"45";"3.89";"0.02";"94.47";"2.26"
"Broad Run HS";"May 22, 2026, 21:00:00";"46";"3.48";"0.03";"94.64";"1.99"
"Broad Run HS";"May 22, 2026, 20:00:00";"47";"2.2";"0.04";"112.64";"1.87"
"Broad Run HS";"May 22, 2026, 19:00:00";"48";"1.27";"0.09";"139.35";"1.78"
"Broad Run HS";"May 22, 2026, 18:00:00";"48";"1";"0.09";"141.3";"1.64"
"Broad Run HS";"May 22, 2026, 17:00:00";"48";"0.19";"0.12";"156.3";"1.65"
"Broad Run HS";"May 22, 2026, 16:00:00";"48";"0";"0.12";"167.8";"2.16"
"Broad Run HS";"May 22, 2026, 15:00:00";"48";"0";"0.14";"165.2";"4.29"
"Broad Run HS";"May 22, 2026, 14:00:00";"48";"0.01";"0.13";"159";"3.44"
"Broad Run HS";"May 22, 2026, 13:00:00";"48";"0.45";"0.12";"144.14";"2.74"
"Broad Run HS";"May 22, 2026, 12:00:00";"48";"0.4";"0.1";"135.06";"2.42"
"Broad Run HS";"May 22, 2026, 11:00:00";"48";"0";"0.13";"148.54";"9.93"
"Broad Run HS";"May 22, 2026, 10:00:00";"47";"0";"0.14";"159.34";"18.56"
"Broad Run HS";"May 22, 2026, 09:00:00";"44";"0";"0.13";"166.12";"22.12"
"Broad Run HS";"May 22, 2026, 08:00:00";"41";"0";"0.12";"162.07";"20.95"
"Broad Run HS";"May 22, 2026, 07:00:00";"38";"0";"0.1";"154.18";"28.9"
"Broad Run HS";"May 22, 2026, 06:00:00";"34";"0";"0.08";"150.56";"22.31"
"Broad Run HS";"May 22, 2026, 05:00:00";"31";"0";"0.08";"144.05";"13.46"
"Broad Run HS";"May 22, 2026, 04:00:00";"31";"0";"0.08";"142.4";"13.67"
"Broad Run HS";"May 22, 2026, 03:00:00";"31";"0";"0.07";"138.55";"17.58"
"Broad Run HS";"May 22, 2026, 02:00:00";"31";"0";"0.07";"133.12";"20.23"
"Broad Run HS";"May 22, 2026, 01:00:00";"30";"0";"0.07";"133.44";"16.03"
"Broad Run HS";"May 22, 2026, 00:00:00";"28";"0";"0.07";"131.36";"12.76"
"Broad Run HS";"May 21, 2026, 23:00:00";"28";"0.16";"0.07";"124.7";"13.22"
"Broad Run HS";"May 21, 2026, 22:00:00";"27";"1.13";"0.07";"119.26";"9.92"
"Broad Run HS";"May 21, 2026, 21:00:00";"27";"2.01";"0.06";"113.23";"7.39"
"Broad Run HS";"May 21, 2026, 20:00:00";"28";"2.75";"0.07";"110.12";"4.97"
"Broad Run HS";"May 21, 2026, 19:00:00";"29";"2.54";"0.07";"101.39";"3.81"
"Broad Run HS";"May 21, 2026, 18:00:00";"30";"1.83";"0.07";"92.49";"3.74"
"Broad Run HS";"May 21, 2026, 17:00:00";"31";"1.09";"0.08";"79.95";"1.82"
"Broad Run HS";"May 21, 2026, 16:00:00";"32";"1.22";"0.08";"87.27";"1.73"
"Broad Run HS";"May 21, 2026, 15:00:00";"34";"0";"0.11";"108.51";"2.25"
"Broad Run HS";"May 21, 2026, 14:00:00";"35";"0";"0.12";"114.68";"1.93"
"Broad Run HS";"May 21, 2026, 13:00:00";"36";"0";"0.13";"132.76";"3.27"
"Broad Run HS";"May 21, 2026, 12:00:00";"37";"0";"0.12";"124.5";"3.15"
"Broad Run HS";"May 21, 2026, 11:00:00";"38";"0";"0.13";"131.17";"3.24"
"Broad Run HS";"May 21, 2026, 10:00:00";"39";"0";"0.15";"151.67";"3.34"
"Broad Run HS";"May 21, 2026, 09:00:00";"40";"0";"0.15";"177.88";"3.72"
"Broad Run HS";"May 21, 2026, 08:00:00";"40";"0";"0.15";"193.05";"4.12"
"Broad Run HS";"May 21, 2026, 07:00:00";"40";"0";"0.14";"206.46";"4.43"
"Broad Run HS";"May 21, 2026, 06:00:00";"41";"0";"0.14";"239.05";"5.65"
"Broad Run HS";"May 21, 2026, 05:00:00";"41";"0";"0.16";"313.39";"11.78"
"Broad Run HS";"May 21, 2026, 04:00:00";"40";"0";"0.18";"352.08";"17.67"
"Broad Run HS";"May 21, 2026, 03:00:00";"37";"0";"0.18";"349";"17.64"
"Broad Run HS";"May 21, 2026, 02:00:00";"35";"0";"0.18";"356.07";"9.9"
"Broad Run HS";"May 21, 2026, 01:00:00";"34";"0";"0.18";"321.52";"9.45"
"Broad Run HS";"May 21, 2026, 00:00:00";"33";"0";"0.19";"334.17";"11.13"
"Broad Run HS";"May 20, 2026, 23:00:00";"32";"0";"0.2";"325.06";"8.76"
"Broad Run HS";"May 20, 2026, 22:00:00";"31";"0";"0.22";"303";"9.53"
"Broad Run HS";"May 20, 2026, 21:00:00";"30";"0";"0.23";"263.46";"10.05"
"Broad Run HS";"May 20, 2026, 20:00:00";"29";"0";"0.26";"249.78";"9.21"
"Broad Run HS";"May 20, 2026, 19:00:00";"28";"0.16";"0.25";"212.57";"10.74"
"Broad Run HS";"May 20, 2026, 18:00:00";"27";"0.56";"0.26";"164.2";"11.17"
"Broad Run HS";"May 20, 2026, 17:00:00";"26";"1.88";"0.25";"75.32";"10.07"
"Broad Run HS";"May 20, 2026, 16:00:00";"25";"0";"0.28";"32.8";"9.13"
"Broad Run HS";"May 20, 2026, 15:00:00";"25";"0";"0.29";"30.68";"8.3"
"Broad Run HS";"May 20, 2026, 14:00:00";"24";"0";"0.27";"35.62";"7.26"
"Broad Run HS";"May 20, 2026, 13:00:00";"24";"0";"0.25";"51.11";"8.7"
"Broad Run HS";"May 20, 2026, 12:00:00";"24";"0";"0.25";"70.7";"8.31"
"Broad Run HS";"May 20, 2026, 11:00:00";"24";"0";"0.25";"82.2";"9.37"
"Broad Run HS";"May 20, 2026, 10:00:00";"24";"0";"0.29";"96.39";"8.89"
"Broad Run HS";"May 20, 2026, 09:00:00";"24";"0";"0.29";"100.46";"7.57"
"Broad Run HS";"May 20, 2026, 08:00:00";"26";"0";"0.23";"121.42";"5.65"
"Broad Run HS";"May 20, 2026, 07:00:00";"27";"0";"0.21";"136.61";"5.34"
"Broad Run HS";"May 20, 2026, 06:00:00";"28";"0";"0.17";"130.17";"5.64"
"Broad Run HS";"May 20, 2026, 05:00:00";"29";"0";"0.17";"115.6";"5.38"
"Broad Run HS";"May 20, 2026, 04:00:00";"31";"0";"0.18";"104.93";"4.65"
"Broad Run HS";"May 20, 2026, 03:00:00";"32";"0";"0.19";"97.11";"4.01"
"Broad Run HS";"May 20, 2026, 02:00:00";"34";"0";"0.18";"86.87";"3.97"
"Broad Run HS";"May 20, 2026, 01:00:00";"36";"0";"0.19";"78.52";"3.71"
"Broad Run HS";"May 20, 2026, 00:00:00";"38";"0";"0.22";"70.73";"3.71"
"Broad Run HS";"May 19, 2026, 23:00:00";"40";"0";"0.25";"65.04";"4.41"
"Broad Run HS";"May 19, 2026, 22:00:00";"42";"0";"0.28";"61.72";"4.63"
"Broad Run HS";"May 19, 2026, 21:00:00";"44";"0";"0.26";"54.54";"4.08"
"Broad Run HS";"May 19, 2026, 20:00:00";"46";"0";"0.26";"48.69";"3.76"
"Broad Run HS";"May 19, 2026, 19:00:00";"48";"0";"0.26";"40.08";"3.94"
"Broad Run HS";"May 19, 2026, 18:00:00";"50";"0";"0.27";"29.76";"5.01"
"Broad Run HS";"May 19, 2026, 17:00:00";"51";"0";"0.29";"24.83";"6.21"
"Broad Run HS";"May 19, 2026, 16:00:00";"52";"0";"0.28";"25.6";"6.76"
"Broad Run HS";"May 19, 2026, 15:00:00";"52";"0";"0.29";"18.01";"6.59"
"Broad Run HS";"May 19, 2026, 14:00:00";"53";"0";"0.28";"29.77";"6.84"
"Broad Run HS";"May 19, 2026, 13:00:00";"53";"0";"0.27";"49.9";"7.11"
"Broad Run HS";"May 19, 2026, 12:00:00";"54";"0";"0.25";"61.47";"6.95"
"Broad Run HS";"May 19, 2026, 11:00:00";"55";"0";"0.26";"59.74";"8.53"
"Broad Run HS";"May 19, 2026, 10:00:00";"55";"0";"0.29";"74.22";"12.58"
"Broad Run HS";"May 19, 2026, 09:00:00";"56";"0";"0.31";"82.3";"14.58"
"Broad Run HS";"May 19, 2026, 08:00:00";"55";"2.32";"0.27";"89.61";"12.69"
"Broad Run HS";"May 19, 2026, 07:00:00";"55";"3.16";"0.23";"86.8";"12.56"
"Broad Run HS";"May 19, 2026, 06:00:00";"55";"3.56";"0.22";"85.11";"12.94"
"Broad Run HS";"May 19, 2026, 05:00:00";"55";"0.47";"0.22";"79.16";"13.64"
"Broad Run HS";"May 19, 2026, 04:00:00";"55";"0.33";"0.22";"71.67";"13.91"
"Broad Run HS";"May 19, 2026, 03:00:00";"55";"0";"0.24";"65.26";"14.51"
"Broad Run HS";"May 19, 2026, 02:00:00";"54";"0";"0.25";"64.31";"14.78"
"Broad Run HS";"May 19, 2026, 01:00:00";"54";"0";"0.26";"63.54";"14.02"
"Broad Run HS";"May 19, 2026, 00:00:00";"53";"0";"0.27";"61.84";"14.06"
"Broad Run HS";"May 18, 2026, 23:00:00";"53";"0";"0.31";"64.57";"15.78"
"Broad Run HS";"May 18, 2026, 22:00:00";"52";"5.24";"0.35";"66.89";"16.96"
"Broad Run HS";"May 18, 2026, 21:00:00";"51";"2.45";"0.36";"60.99";"17.39"
"Broad Run HS";"May 18, 2026, 20:00:00";"51";"0";"0.33";"41.89";"16.26"
"Broad Run HS";"May 18, 2026, 19:00:00";"49";"0";"0.31";"28.58";"13.39"
"Broad Run HS";"May 18, 2026, 18:00:00";"47";"0";"0.33";"25.64";"14.05"
"Broad Run HS";"May 18, 2026, 17:00:00";"46";"0";"0.33";"23.09";"13.98"
"Broad Run HS";"May 18, 2026, 16:00:00";"45";"0";"0.33";"22.94";"14.76"
"Broad Run HS";"May 18, 2026, 15:00:00";"43";"0";"0.32";"24.05";"13.22"
"Broad Run HS";"May 18, 2026, 14:00:00";"42";"0";"0.28";"31.82";"11.82"
"Broad Run HS";"May 18, 2026, 13:00:00";"40";"0";"0.27";"51.73";"12.1"
"Broad Run HS";"May 18, 2026, 12:00:00";"40";"0";"0.29";"81";"15.42"
"Broad Run HS";"May 18, 2026, 11:00:00";"38";"0";"0.31";"101.01";"16.91"
"Broad Run HS";"May 18, 2026, 10:00:00";"36";"0.18";"0.33";"117.38";"14.54"
"Broad Run HS";"May 18, 2026, 09:00:00";"35";"4.02";"0.32";"131.39";"12.18"
"Broad Run HS";"May 18, 2026, 08:00:00";"34";"0.99";"0.34";"169.81";"7.87"
"Broad Run HS";"May 18, 2026, 07:00:00";"34";"0.04";"0.26";"162.88";"12.62"
"Broad Run HS";"May 18, 2026, 06:00:00";"33";"0";"0.22";"147.31";"14.55"
"Broad Run HS";"May 18, 2026, 05:00:00";"32";"0";"0.23";"137.55";"12.02"
"Broad Run HS";"May 18, 2026, 04:00:00";"32";"0.02";"0.23";"124.44";"11.18"
"Broad Run HS";"May 18, 2026, 03:00:00";"31";"1.63";"0.24";"108.9";"10.92"
"Broad Run HS";"May 18, 2026, 02:00:00";"30";"0.25";"0.3";"91.02";"9.3"
"Broad Run HS";"May 18, 2026, 01:00:00";"30";"0.79";"0.32";"74.14";"8.62"
"Broad Run HS";"May 18, 2026, 00:00:00";"29";"4.33";"0.33";"66.78";"8.51"
"Broad Run HS";"May 17, 2026, 23:00:00";"28";"9.92";"0.35";"61.93";"8.28"
"Broad Run HS";"May 17, 2026, 22:00:00";"28";"4.44";"0.31";"58.56";"7.84"
"Broad Run HS";"May 17, 2026, 21:00:00";"27";"0.65";"0.3";"53.8";"7.69"
"Broad Run HS";"May 17, 2026, 20:00:00";"26";"0";"0.28";"47.19";"6.22"
"Broad Run HS";"May 17, 2026, 19:00:00";"26";"0";"0.27";"47.76";"6.11"
"Broad Run HS";"May 17, 2026, 18:00:00";"25";"0";"0.27";"49.26";"6.02"
"Broad Run HS";"May 17, 2026, 17:00:00";"25";"0";"0.26";"55.71";"5.89"
"Broad Run HS";"May 17, 2026, 16:00:00";"25";"0";"0.24";"55.09";"5.33"
"Broad Run HS";"May 17, 2026, 15:00:00";"25";"0";"0.24";"63.66";"4.29"
"Broad Run HS";"May 17, 2026, 14:00:00";"24";"0";"0.26";"77.64";"5.73"
"Broad Run HS";"May 17, 2026, 13:00:00";"24";"0";"0.27";"90.44";"6.93"
"Broad Run HS";"May 17, 2026, 12:00:00";"23";"0";"0.28";"100";"7.2"
"Broad Run HS";"May 17, 2026, 11:00:00";"22";"0.09";"0.28";"102.29";"7.29"
"Broad Run HS";"May 17, 2026, 10:00:00";"22";"0.03";"0.28";"111.24";"7.05"
"Broad Run HS";"May 17, 2026, 09:00:00";"21";"0.47";"0.28";"116.65";"6.48"
"Broad Run HS";"May 17, 2026, 08:00:00";"21";"1.72";"0.26";"133.36";"6.11"
"Broad Run HS";"May 17, 2026, 07:00:00";"21";"0";"0.2";"127.13";"8.87"
"Broad Run HS";"May 17, 2026, 06:00:00";"20";"0";"0.2";"121.85";"9.65"
"Broad Run HS";"May 17, 2026, 05:00:00";"20";"0.01";"0.21";"119.3";"7.58"
"Broad Run HS";"May 17, 2026, 04:00:00";"20";"0.05";"0.22";"113.14";"7.94"
"Broad Run HS";"May 17, 2026, 03:00:00";"20";"0.22";"0.22";"109.23";"7.04"
"Broad Run HS";"May 17, 2026, 02:00:00";"20";"1.22";"0.22";"98.19";"6.31"
"Broad Run HS";"May 17, 2026, 01:00:00";"20";"3.85";"0.23";"94.13";"4.63"
"Broad Run HS";"May 17, 2026, 00:00:00";"20";"3.55";"0.24";"88.23";"3.85"
"Broad Run HS";"May 16, 2026, 23:00:00";"20";"3.45";"0.27";"76.42";"4.01"
"Broad Run HS";"May 16, 2026, 22:00:00";"20";"3.13";"0.26";"66.52";"4.04"
"Broad Run HS";"May 16, 2026, 21:00:00";"20";"3.34";"0.27";"60.36";"3.79"
"Broad Run HS";"May 16, 2026, 20:00:00";"19";"3.66";"0.27";"47.89";"3.99"
"Broad Run HS";"May 16, 2026, 19:00:00";"19";"5.16";"0.26";"40.04";"3.36"
"Broad Run HS";"May 16, 2026, 18:00:00";"19";"1.69";"0.26";"27.64";"4.71"
"Broad Run HS";"May 16, 2026, 17:00:00";"18";"0.03";"0.25";"21.74";"4.44"
"Broad Run HS";"May 16, 2026, 16:00:00";"18";"0";"0.23";"19.77";"3.67"
"Broad Run HS";"May 16, 2026, 15:00:00";"17";"0";"0.2";"16.74";"2.8"
"Broad Run HS";"May 16, 2026, 14:00:00";"17";"0";"0.21";"23.4";"2.39"
"Broad Run HS";"May 16, 2026, 13:00:00";"17";"0";"0.21";"30.51";"2.89"
"Broad Run HS";"May 16, 2026, 12:00:00";"17";"0";"0.23";"38.91";"3.18"
"Broad Run HS";"May 16, 2026, 11:00:00";"17";"0";"0.23";"51.85";"4.21"
"Broad Run HS";"May 16, 2026, 10:00:00";"17";"0.14";"0.23";"61.14";"4.18"
"Broad Run HS";"May 16, 2026, 09:00:00";"17";"0.33";"0.22";"57.85";"4.55"
"Broad Run HS";"May 16, 2026, 08:00:00";"17";"0.67";"0.18";"60.26";"3.64"
"Broad Run HS";"May 16, 2026, 07:00:00";"17";"0";"0.16";"54.34";"6.89"
"Broad Run HS";"May 16, 2026, 06:00:00";"16";"0";"0.15";"51.26";"9.72"
"Broad Run HS";"May 16, 2026, 05:00:00";"15";"0";"0.16";"49.2";"7.79"
"Broad Run HS";"May 16, 2026, 04:00:00";"15";"0";"0.16";"46.84";"7.1"
"Broad Run HS";"May 16, 2026, 03:00:00";"14";"0.3";"0.2";"45.18";"6.55"
"Broad Run HS";"May 16, 2026, 02:00:00";"14";"1.63";"0.25";"44.16";"4.36"
"Broad Run HS";"May 16, 2026, 01:00:00";"13";"4.85";"0.31";"44.02";"4.31"
"Broad Run HS";"May 16, 2026, 00:00:00";"13";"7.92";"0.36";"43.22";"4.3"
"Broad Run HS";"May 15, 2026, 23:00:00";"13";"6.2";"0.32";"44.26";"4.24"
"Broad Run HS";"May 15, 2026, 22:00:00";"12";"3.14";"0.26";"42.9";"2.95"
"Broad Run HS";"May 15, 2026, 21:00:00";"13";"4.47";"0.25";"42.91";"2.69"
"Broad Run HS";"May 15, 2026, 20:00:00";"12";"1.65";"0.21";"31.48";"1.75"
"Broad Run HS";"May 15, 2026, 19:00:00";"12";"0.58";"0.2";"25.9";"1.46"
"Broad Run HS";"May 15, 2026, 18:00:00";"12";"0.6";"0.19";"24.77";"1.62"
"Broad Run HS";"May 15, 2026, 17:00:00";"12";"0";"0.2";"22.69";"1.58"
"Broad Run HS";"May 15, 2026, 16:00:00";"12";"0.06";"0.19";"27.59";"1.82"
"Broad Run HS";"May 15, 2026, 15:00:00";"12";"0.15";"0.18";"32.55";"1.94"
"Broad Run HS";"May 15, 2026, 14:00:00";"12";"0";"0.18";"36.24";"2.24"
"Broad Run HS";"May 15, 2026, 13:00:00";"12";"0.13";"0.17";"40.34";"2.51"
"Broad Run HS";"May 15, 2026, 12:00:00";"12";"0.08";"0.17";"39.96";"2.54"
"Broad Run HS";"May 15, 2026, 11:00:00";"12";"0";"0.16";"38.31";"2.72"
"Broad Run HS";"May 15, 2026, 10:00:00";"12";"0.1";"0.14";"35.54";"2.91"
"Broad Run HS";"May 15, 2026, 09:00:00";"13";"0.29";"0.15";"34.99";"4.65"
"Broad Run HS";"May 15, 2026, 08:00:00";"13";"1.13";"0.12";"34.18";"4.6"
"Broad Run HS";"May 15, 2026, 07:00:00";"15";"1.2";"0.11";"33.28";"4.78"
"Broad Run HS";"May 15, 2026, 06:00:00";"17";"0.23";"0.1";"33.82";"4.6"
"Broad Run HS";"May 15, 2026, 05:00:00";"21";"0.23";"0.1";"34.32";"4.62"
"Broad Run HS";"May 15, 2026, 04:00:00";"23";"0.33";"0.1";"34.54";"3.34"
"Broad Run HS";"May 15, 2026, 03:00:00";"25";"0";"0.1";"34.29";"2.47"
"Broad Run HS";"May 15, 2026, 02:00:00";"28";"0.09";"0.09";"32.35";"2.43"
"Broad Run HS";"May 15, 2026, 01:00:00";"29";"0.31";"0.09";"31.59";"2.42"
"Broad Run HS";"May 15, 2026, 00:00:00";"30";"1.53";"0.1";"30.96";"2.76"
"Broad Run HS";"May 14, 2026, 23:00:00";"31";"1.47";"0.11";"30.66";"3.71"
"Broad Run HS";"May 14, 2026, 22:00:00";"31";"1.25";"0.11";"30.14";"3.4"
"Broad Run HS";"May 14, 2026, 21:00:00";"31";"0.9";"0.12";"30.09";"1.34"
"Broad Run HS";"May 14, 2026, 20:00:00";"32";"0.47";"0.12";"30.74";"1.21"
"Broad Run HS";"May 14, 2026, 19:00:00";"32";"0.44";"0.13";"31.5";"0.79"
"Broad Run HS";"May 14, 2026, 18:00:00";"33";"1.17";"0.14";"33.55";"1.18"
"Broad Run HS";"May 14, 2026, 17:00:00";"34";"1.01";"0.14";"34.5";"1.41"
"Broad Run HS";"May 14, 2026, 16:00:00";"34";"0.84";"0.14";"36.11";"1.26"
"Broad Run HS";"May 14, 2026, 15:00:00";"35";"0.47";"0.14";"38.18";"1.27"
"Broad Run HS";"May 14, 2026, 14:00:00";"36";"0.09";"0.15";"39";"1.42"
"Broad Run HS";"May 14, 2026, 13:00:00";"36";"0";"0.13";"39.93";"2.69"
"Broad Run HS";"May 14, 2026, 12:00:00";"36";"0";"0.15";"44.05";"3.57"
"Broad Run HS";"May 14, 2026, 11:00:00";"37";"0";"0.15";"49.22";"4.57"
"Broad Run HS";"May 14, 2026, 10:00:00";"37";"0";"0.16";"55.77";"5.92"
"Broad Run HS";"May 14, 2026, 09:00:00";"37";"0.29";"0.15";"63.39";"7.03"
"Broad Run HS";"May 14, 2026, 08:00:00";"37";"1.51";"0.13";"69.76";"13.61"
"Broad Run HS";"May 14, 2026, 07:00:00";"35";"1";"0.12";"79.8";"19.77"
"Broad Run HS";"May 14, 2026, 06:00:00";"32";"1.84";"0.11";"85.79";"23.96"
"Broad Run HS";"May 14, 2026, 05:00:00";"28";"3.07";"0.11";"87.84";"19.73"
"Broad Run HS";"May 14, 2026, 04:00:00";"25";"2.78";"0.12";"92.6";"14.45"
"Broad Run HS";"May 14, 2026, 03:00:00";"23";"1.73";"0.13";"95.47";"18.81"
"Broad Run HS";"May 14, 2026, 02:00:00";"20";"1.65";"0.13";"89.66";"0"
"Broad Run HS";"May 14, 2026, 01:00:00";"20";"4.07";"0.14";"92.99";"0"
"Broad Run HS";"May 14, 2026, 00:00:00";"20";"5.88";"0.14";"88.45";"10.04"
"Broad Run HS";"May 13, 2026, 23:00:00";"18";"8.89";"0.14";"76.84";"5.02"
"Broad Run HS";"May 13, 2026, 22:00:00";"18";"9.56";"0.14";"60.14";"3.94"
"Broad Run HS";"May 13, 2026, 21:00:00";"18";"9.11";"0.17";"51.22";"2.68"
"Broad Run HS";"May 13, 2026, 20:00:00";"18";"6.44";"0.21";"58.25";"4.46"
"Broad Run HS";"May 13, 2026, 19:00:00";"17";"6.72";"0.22";"55.21";"4.78"
"Broad Run HS";"May 13, 2026, 18:00:00";"17";"6.4";"0.23";"51.76";"4.79"
"Broad Run HS";"May 13, 2026, 17:00:00";"17";"5.3";"0.24";"51.4";"4.35"
"Broad Run HS";"May 13, 2026, 16:00:00";"16";"5.08";"0.23";"42.06";"4.72"
"Broad Run HS";"May 13, 2026, 15:00:00";"16";"2.29";"0.21";"25.61";"4.62"
"Broad Run HS";"May 13, 2026, 14:00:00";"16";"0.85";"0.22";"19.95";"4.44"
"Broad Run HS";"May 13, 2026, 13:00:00";"16";"0.58";"0.23";"23.64";"4.35"
"Broad Run HS";"May 13, 2026, 12:00:00";"16";"2.18";"0.37";"45";"4.73"
"Broad Run HS";"May 13, 2026, 11:00:00";"16";"2.97";"0.21";"37.5";"5.5"
"Broad Run HS";"May 13, 2026, 10:00:00";"15";"3.07";"0.22";"36.74";"6.03"
"Broad Run HS";"May 13, 2026, 09:00:00";"15";"4.25";"0.19";"33.99";"5.5"
"Broad Run HS";"May 13, 2026, 08:00:00";"14";"5.62";"0.16";"31.57";"4.81"
"Broad Run HS";"May 13, 2026, 07:00:00";"14";"5.55";"0.14";"30.32";"4.37"
"Broad Run HS";"May 13, 2026, 06:00:00";"14";"4.99";"0.13";"30.77";"4.51"
"Broad Run HS";"May 13, 2026, 05:00:00";"14";"4.81";"0.13";"31.19";"4.22"
"Broad Run HS";"May 13, 2026, 04:00:00";"14";"4.12";"0.14";"32";"3.28"
"Broad Run HS";"May 13, 2026, 03:00:00";"15";"4.15";"0.15";"33.18";"3.04"
"Broad Run HS";"May 13, 2026, 02:00:00";"15";"3.95";"0.16";"35.21";"2.95"
"Broad Run HS";"May 13, 2026, 01:00:00";"15";"6.04";"0.17";"35.58";"2.64"
"Broad Run HS";"May 13, 2026, 00:00:00";"15";"11.37";"0.23";"37.37";"2.81"
"Broad Run HS";"May 12, 2026, 23:00:00";"15";"9.19";"0.23";"37.23";"2.9"
"Broad Run HS";"May 12, 2026, 22:00:00";"15";"10.03";"0.24";"37.14";"3"
"Broad Run HS";"May 12, 2026, 21:00:00";"15";"5.78";"0.21";"34.82";"2.83"
"Broad Run HS";"May 12, 2026, 20:00:00";"15";"3.33";"0.19";"27.55";"2.53"
"Broad Run HS";"May 12, 2026, 19:00:00";"15";"1.11";"0.21";"23.63";"2.62"
"Broad Run HS";"May 12, 2026, 18:00:00";"15";"0.41";"0.2";"20.31";"2.49"
"Broad Run HS";"May 12, 2026, 17:00:00";"15";"0.32";"0.2";"19.72";"2.58"
"Broad Run HS";"May 12, 2026, 16:00:00";"15";"0.16";"0.19";"21.09";"2.37"
"Broad Run HS";"May 12, 2026, 15:00:00";"15";"0.1";"0.18";"23.83";"2.82"
"Broad Run HS";"May 12, 2026, 14:00:00";"15";"0.18";"0.18";"27.52";"3.56"
"Broad Run HS";"May 12, 2026, 13:00:00";"15";"0.02";"0.17";"31.77";"5.27"
"Broad Run HS";"May 12, 2026, 12:00:00";"15";"0";"0.17";"35.77";"4.24"
"Broad Run HS";"May 12, 2026, 11:00:00";"14";"0";"0.15";"35.8";"3.23"
"Broad Run HS";"May 12, 2026, 10:00:00";"14";"0";"0.14";"37.51";"3.38"
"Broad Run HS";"May 12, 2026, 09:00:00";"14";"0.05";"0.14";"40.1";"2.95"
"Broad Run HS";"May 12, 2026, 08:00:00";"14";"0.59";"0.13";"38.54";"3.41"
"Broad Run HS";"May 12, 2026, 07:00:00";"14";"0.16";"0.11";"35.74";"4.62"
"Broad Run HS";"May 12, 2026, 06:00:00";"13";"0";"0.09";"37";"5.33"
"Broad Run HS";"May 12, 2026, 05:00:00";"12";"0";"0.09";"35.43";"4.11"
"Broad Run HS";"May 12, 2026, 04:00:00";"12";"0";"0.09";"35.18";"5.21"
"Broad Run HS";"May 12, 2026, 03:00:00";"12";"0";"0.1";"34.08";"4.47"
"Broad Run HS";"May 12, 2026, 02:00:00";"11";"0.03";"0.11";"32.63";"4.39"
"Broad Run HS";"May 12, 2026, 01:00:00";"12";"0.64";"0.12";"31.11";"3.59"
"Broad Run HS";"May 12, 2026, 00:00:00";"13";"2.08";"0.13";"28.96";"2.81"
"Broad Run HS";"May 11, 2026, 23:00:00";"15";"2.79";"0.14";"26.29";"2.29"
"Broad Run HS";"May 11, 2026, 22:00:00";"18";"3.01";"0.15";"24.15";"2.44"
"Broad Run HS";"May 11, 2026, 21:00:00";"19";"2.95";"0.16";"24.92";"2.27"
"Broad Run HS";"May 11, 2026, 20:00:00";"20";"0.91";"0.15";"25.54";"1.74"
"Broad Run HS";"May 11, 2026, 19:00:00";"21";"0.2";"0.16";"26.29";"1.96"
"Broad Run HS";"May 11, 2026, 18:00:00";"22";"0";"0.14";"27.96";"1.91"
"Broad Run HS";"May 11, 2026, 17:00:00";"23";"0";"0.16";"31.61";"2.59"
"Broad Run HS";"May 11, 2026, 16:00:00";"25";"0.05";"0.17";"34";"3.28"
"Broad Run HS";"May 11, 2026, 15:00:00";"25";"0.11";"0.16";"33.82";"3.69"
"Broad Run HS";"May 11, 2026, 14:00:00";"25";"0.41";"0.15";"36.75";"3.33"
"Broad Run HS";"May 11, 2026, 13:00:00";"25";"0.99";"0.15";"36.08";"3.45"
"Broad Run HS";"May 11, 2026, 12:00:00";"25";"0.38";"0.15";"37.39";"2.35"
"Broad Run HS";"May 11, 2026, 11:00:00";"26";"2.41";"0.19";"35.9";"2.64"
"Broad Run HS";"May 11, 2026, 10:00:00";"26";"3.26";"0.19";"33.08";"3"
"Broad Run HS";"May 11, 2026, 09:00:00";"27";"1.78";"0.16";"30.67";"2.27"
"Broad Run HS";"May 11, 2026, 08:00:00";"29";"0.86";"0.11";"31.17";"1.62"
"Broad Run HS";"May 11, 2026, 07:00:00";"31";"0.13";"0.09";"32.03";"1.53"
"Broad Run HS";"May 11, 2026, 06:00:00";"33";"0";"0.09";"34.96";"1.62"
"Broad Run HS";"May 11, 2026, 05:00:00";"37";"0";"0.08";"36.98";"2.22"
"Broad Run HS";"May 11, 2026, 04:00:00";"40";"0";"0.09";"42.11";"2.34"
"Broad Run HS";"May 11, 2026, 03:00:00";"42";"0";"0.11";"52.22";"3.66"
"Broad Run HS";"May 11, 2026, 02:00:00";"44";"0";"0.16";"84.31";"6.52"
"Broad Run HS";"May 11, 2026, 01:00:00";"45";"0";"0.19";"117.8";"10.56"
"Broad Run HS";"May 11, 2026, 00:00:00";"45";"0";"0.21";"146.34";"15.61"
"Broad Run HS";"May 10, 2026, 23:00:00";"44";"0.3";"0.23";"139.53";"16.82"
"Broad Run HS";"May 10, 2026, 22:00:00";"42";"0.32";"0.22";"117.88";"10.64"
"Broad Run HS";"May 10, 2026, 21:00:00";"42";"1.23";"0.23";"113.25";"7.4"
"Broad Run HS";"May 10, 2026, 20:00:00";"42";"2.32";"0.22";"104.88";"7.09"
"Broad Run HS";"May 10, 2026, 19:00:00";"41";"2.92";"0.24";"103.21";"7.02"
"Broad Run HS";"May 10, 2026, 18:00:00";"41";"3.67";"0.27";"103.26";"10.16"
"Broad Run HS";"May 10, 2026, 17:00:00";"40";"4.3";"0.23";"56.61";"9.41"
"Broad Run HS";"May 10, 2026, 16:00:00";"40";"1.55";"0.21";"27.45";"5.45"
"Broad Run HS";"May 10, 2026, 15:00:00";"40";"0";"0.19";"21.07";"3.95"
"Broad Run HS";"May 10, 2026, 14:00:00";"40";"0";"0.2";"28.85";"3.87"
"Broad Run HS";"May 10, 2026, 13:00:00";"41";"0";"0.2";"34.63";"4.29"
"Broad Run HS";"May 10, 2026, 12:00:00";"41";"0";"0.21";"41.62";"4.63"
"Broad Run HS";"May 10, 2026, 11:00:00";"41";"0";"0.25";"53.32";"6.34"
"Broad Run HS";"May 10, 2026, 10:00:00";"41";"0.4";"0.27";"74.28";"9.59"
"Broad Run HS";"May 10, 2026, 09:00:00";"40";"0.2";"0.27";"80.33";"12.96"
"Broad Run HS";"May 10, 2026, 08:00:00";"39";"0";"0.22";"74.32";"10.68"
"Broad Run HS";"May 10, 2026, 07:00:00";"38";"0";"0.18";"63";"17.2"
"Broad Run HS";"May 10, 2026, 06:00:00";"35";"0";"0.18";"60.78";"21.29"
"Broad Run HS";"May 10, 2026, 05:00:00";"32";"0.06";"0.19";"60.47";"20.49"
"Broad Run HS";"May 10, 2026, 04:00:00";"29";"0.6";"0.2";"59.75";"14.61"
"Broad Run HS";"May 10, 2026, 03:00:00";"27";"0.7";"0.22";"56.82";"14.04"
"Broad Run HS";"May 10, 2026, 02:00:00";"26";"1.33";"0.22";"53.16";"14.01"
"Broad Run HS";"May 10, 2026, 01:00:00";"24";"2.86";"0.24";"53.03";"10.32"
"Broad Run HS";"May 10, 2026, 00:00:00";"23";"3.79";"0.29";"51.65";"7.88"
"Broad Run HS";"May 9, 2026, 23:00:00";"22";"3.63";"0.3";"49.47";"6.99"
"Broad Run HS";"May 9, 2026, 22:00:00";"21";"4.39";"0.34";"48.13";"8.07"
"Broad Run HS";"May 9, 2026, 21:00:00";"21";"3.11";"0.28";"43.82";"7.33"
"Broad Run HS";"May 9, 2026, 20:00:00";"20";"0.2";"0.24";"30.81";"5.37"
"Broad Run HS";"May 9, 2026, 19:00:00";"19";"0.13";"0.24";"26.68";"5.11"
"Broad Run HS";"May 9, 2026, 18:00:00";"19";"0.2";"0.24";"24.26";"5.35"
"Broad Run HS";"May 9, 2026, 17:00:00";"19";"0";"0.25";"22.67";"5.43"
"Broad Run HS";"May 9, 2026, 16:00:00";"18";"0.03";"0.25";"26.99";"6.07"
"Broad Run HS";"May 9, 2026, 15:00:00";"18";"0.44";"0.24";"30.64";"6.49"
"Broad Run HS";"May 9, 2026, 14:00:00";"17";"0.44";"0.24";"32.1";"7.24"
"Broad Run HS";"May 9, 2026, 13:00:00";"17";"1.29";"0.23";"33.44";"6.65"
"Broad Run HS";"May 9, 2026, 12:00:00";"16";"0.42";"0.22";"35.58";"5.54"
"Broad Run HS";"May 9, 2026, 11:00:00";"16";"2.21";"0.21";"32.03";"5.57"
"Broad Run HS";"May 9, 2026, 10:00:00";"16";"2.93";"0.18";"27.77";"4.8"
"Broad Run HS";"May 9, 2026, 09:00:00";"15";"3.22";"0.17";"27.17";"4.1"
"Broad Run HS";"May 9, 2026, 08:00:00";"15";"4.95";"0.16";"26.42";"4.17"
"Broad Run HS";"May 9, 2026, 07:00:00";"15";"2.97";"0.15";"25.46";"3.73"
"Broad Run HS";"May 9, 2026, 06:00:00";"15";"2.93";"0.14";"24.98";"3.64"
"Broad Run HS";"May 9, 2026, 05:00:00";"15";"3.35";"0.15";"24.39";"3.69"
"Broad Run HS";"May 9, 2026, 04:00:00";"15";"3.41";"0.15";"24.43";"3.72"
"Broad Run HS";"May 9, 2026, 03:00:00";"16";"3.18";"0.15";"24.39";"3.63"
"Broad Run HS";"May 9, 2026, 02:00:00";"15";"3.08";"0.16";"24.51";"3.66"
"Broad Run HS";"May 9, 2026, 01:00:00";"15";"3.27";"0.16";"24.96";"3.32"
"Broad Run HS";"May 9, 2026, 00:00:00";"15";"3.68";"0.18";"26.04";"3.87"
"Broad Run HS";"May 8, 2026, 23:00:00";"16";"4.45";"0.19";"27.42";"3.44"
"Broad Run HS";"May 8, 2026, 22:00:00";"16";"3.96";"0.2";"27.01";"3.37"
"Broad Run HS";"May 8, 2026, 21:00:00";"16";"2.85";"0.19";"24.56";"3.36"
"Broad Run HS";"May 8, 2026, 20:00:00";"16";"2.59";"0.19";"17.23";"3.13"
"Broad Run HS";"May 8, 2026, 19:00:00";"16";"0.73";"0.19";"12.63";"2.8"
"Broad Run HS";"May 8, 2026, 18:00:00";"17";"0.66";"0.18";"14.1";"3.14"
"Broad Run HS";"May 8, 2026, 17:00:00";"17";"1.02";"0.21";"14.51";"2.9"
"Broad Run HS";"May 8, 2026, 16:00:00";"17";"0.53";"0.18";"13.25";"3.16"
"Broad Run HS";"May 8, 2026, 15:00:00";"17";"0.87";"0.16";"16.99";"3.57"
"Broad Run HS";"May 8, 2026, 14:00:00";"17";"1.05";"0.17";"16.69";"5.46"
"Broad Run HS";"May 8, 2026, 13:00:00";"17";"0.19";"0.16";"24.16";"3.15"
"Broad Run HS";"May 8, 2026, 12:00:00";"17";"0.16";"0.15";"30.01";"3.48"
"Broad Run HS";"May 8, 2026, 11:00:00";"17";"0.14";"0.15";"32.75";"3.51"
"Broad Run HS";"May 8, 2026, 10:00:00";"17";"0.09";"0.14";"33.78";"3.26"
"Broad Run HS";"May 8, 2026, 09:00:00";"17";"0.71";"0.15";"36.72";"2.92"
"Broad Run HS";"May 8, 2026, 08:00:00";"17";"2.92";"0.13";"34.44";"2.55"
"Broad Run HS";"May 8, 2026, 07:00:00";"17";"2.12";"0.12";"29.71";"5.49"
"Broad Run HS";"May 8, 2026, 06:00:00";"17";"0.7";"0.08";"28.69";"5.05"
"Broad Run HS";"May 8, 2026, 05:00:00";"17";"0.19";"0.07";"29.09";"4.39"
"Broad Run HS";"May 8, 2026, 04:00:00";"17";"0.22";"0.07";"30.07";"3.8"
"Broad Run HS";"May 8, 2026, 03:00:00";"17";"0.6";"0.08";"32.45";"3.02"
"Broad Run HS";"May 8, 2026, 02:00:00";"17";"0.86";"0.1";"36.12";"3.36"
"Broad Run HS";"May 8, 2026, 01:00:00";"18";"1.73";"0.13";"37.57";"3.81"
"Broad Run HS";"May 8, 2026, 00:00:00";"18";"2.38";"0.14";"35.75";"5.17"
"Broad Run HS";"May 7, 2026, 23:00:00";"18";"3.34";"0.16";"33.53";"4.68"
"Broad Run HS";"May 7, 2026, 22:00:00";"18";"4.86";"0.17";"30.79";"4.04"
"Broad Run HS";"May 7, 2026, 21:00:00";"17";"5.08";"0.18";"30.51";"4.31"
"Broad Run HS";"May 7, 2026, 20:00:00";"18";"5.4";"0.2";"32.06";"4.45"
"Broad Run HS";"May 7, 2026, 19:00:00";"18";"4.67";"0.21";"32.96";"4.23"
"Broad Run HS";"May 7, 2026, 18:00:00";"19";"2.88";"0.19";"29.85";"4.57"
"Broad Run HS";"May 7, 2026, 17:00:00";"19";"0.26";"0.18";"20.74";"3.17"
"Broad Run HS";"May 7, 2026, 16:00:00";"20";"0.58";"0.17";"22.34";"3.8"
"Broad Run HS";"May 7, 2026, 15:00:00";"21";"0.49";"0.16";"26.56";"3.92"
"Broad Run HS";"May 7, 2026, 14:00:00";"21";"0.27";"0.16";"29.78";"3.99"
"Broad Run HS";"May 7, 2026, 13:00:00";"22";"0.67";"0.17";"35.26";"4.8"
"Broad Run HS";"May 7, 2026, 12:00:00";"22";"0.98";"0.15";"32.21";"4.28"
"Broad Run HS";"May 7, 2026, 11:00:00";"22";"1.76";"0.12";"32.31";"3.51"
"Broad Run HS";"May 7, 2026, 10:00:00";"23";"1.8";"0.12";"34.32";"3.54"
"Broad Run HS";"May 7, 2026, 09:00:00";"23";"1.67";"0.12";"37.18";"3.2"
"Broad Run HS";"May 7, 2026, 08:00:00";"24";"0.9";"0.12";"40.15";"2.99"
"Broad Run HS";"May 7, 2026, 07:00:00";"24";"0.17";"0.11";"43.01";"3"
"Broad Run HS";"May 7, 2026, 06:00:00";"25";"0.59";"0.12";"46.43";"3.64"
"Broad Run HS";"May 7, 2026, 05:00:00";"25";"1.02";"0.11";"48.35";"3.73"
"Broad Run HS";"May 7, 2026, 04:00:00";"26";"1.36";"0.11";"50.34";"4.78"
"Broad Run HS";"May 7, 2026, 03:00:00";"27";"1.66";"0.12";"50.92";"5.27"
"Broad Run HS";"May 7, 2026, 02:00:00";"27";"0.66";"0.13";"60.45";"8.88"
"Broad Run HS";"May 7, 2026, 01:00:00";"27";"0.62";"0.15";"59.27";"4.77"
"Broad Run HS";"May 7, 2026, 00:00:00";"28";"0.48";"0.17";"60.21";"2.93"
"Broad Run HS";"May 6, 2026, 23:00:00";"29";"0.01";"0.19";"69.76";"2.27"
"Broad Run HS";"May 6, 2026, 22:00:00";"30";"0";"0.21";"92.29";"2.95"
"Broad Run HS";"May 6, 2026, 21:00:00";"30";"0.21";"0.22";"109.41";"5.75"
"Broad Run HS";"May 6, 2026, 20:00:00";"30";"0.32";"0.22";"101.24";"7.96"
"Broad Run HS";"May 6, 2026, 19:00:00";"30";"0.26";"0.23";"96.7";"7.96"
"Broad Run HS";"May 6, 2026, 18:00:00";"30";"0.27";"0.23";"95.66";"7.57"
"Broad Run HS";"May 6, 2026, 17:00:00";"29";"0.19";"0.23";"100.53";"7.65"
"Broad Run HS";"May 6, 2026, 16:00:00";"29";"0.59";"0.22";"104.46";"6.87"
"Broad Run HS";"May 6, 2026, 15:00:00";"29";"1.63";"0.21";"117.84";"7.08"
"Broad Run HS";"May 6, 2026, 14:00:00";"29";"2.65";"0.2";"134.63";"6.35"
"Broad Run HS";"May 6, 2026, 13:00:00";"29";"3.98";"0.21";"156.41";"6.82"
"Broad Run HS";"May 6, 2026, 12:00:00";"29";"5.56";"0.21";"161.21";"6.25"
"Broad Run HS";"May 6, 2026, 11:00:00";"29";"6.13";"0.2";"143.65";"6.3"
"Broad Run HS";"May 6, 2026, 10:00:00";"29";"6.71";"0.21";"119.84";"6.81"
"Broad Run HS";"May 6, 2026, 09:00:00";"29";"6.15";"0.22";"85.84";"6.58"
"Broad Run HS";"May 6, 2026, 08:00:00";"29";"4.82";"0.22";"59.13";"6.08"
"Broad Run HS";"May 6, 2026, 07:00:00";"29";"4.11";"0.21";"50.88";"5.91"
"Broad Run HS";"May 6, 2026, 06:00:00";"29";"3.47";"0.22";"46.73";"6.25"
"Broad Run HS";"May 6, 2026, 05:00:00";"28";"3.57";"0.22";"43.67";"7.25"
"Broad Run HS";"May 6, 2026, 04:00:00";"28";"3.74";"0.23";"40.04";"7.57"
"Broad Run HS";"May 6, 2026, 03:00:00";"28";"3.55";"0.24";"36.05";"8.22"
"Broad Run HS";"May 6, 2026, 02:00:00";"27";"3.59";"0.25";"32.24";"9.42"
"Broad Run HS";"May 6, 2026, 01:00:00";"26";"3.24";"0.25";"28.03";"8.73"
"Broad Run HS";"May 6, 2026, 00:00:00";"25";"2.87";"0.25";"24.41";"7.98"
"Broad Run HS";"May 5, 2026, 23:00:00";"24";"1.94";"0.25";"18.59";"7.71"
"Broad Run HS";"May 5, 2026, 22:00:00";"23";"1.69";"0.25";"10.37";"6.18"
"Broad Run HS";"May 5, 2026, 21:00:00";"23";"1.62";"0.25";"2.68";"5.95"
"Broad Run HS";"May 5, 2026, 20:00:00";"23";"0.77";"0.24";"0";"6.04"
"Broad Run HS";"May 5, 2026, 19:00:00";"22";"0.28";"0.25";"0";"5.8"
"Broad Run HS";"May 5, 2026, 18:00:00";"22";"0.11";"0.25";"0";"6.29"
"Broad Run HS";"May 5, 2026, 17:00:00";"22";"0";"0.23";"0";"5.79"
"Broad Run HS";"May 5, 2026, 16:00:00";"21";"0";"0.23";"0.51";"5.95"
"Broad Run HS";"May 5, 2026, 15:00:00";"21";"0";"0.24";"4.26";"7.45"
"Broad Run HS";"May 5, 2026, 14:00:00";"20";"0";"0.25";"8.84";"6.04"
"Broad Run HS";"May 5, 2026, 13:00:00";"20";"0";"0.24";"10.55";"6.56"
"Broad Run HS";"May 5, 2026, 12:00:00";"19";"0.21";"0.26";"16.61";"6.69"
"Broad Run HS";"May 5, 2026, 11:00:00";"19";"0.84";"0.26";"24.5";"6.71"
"Broad Run HS";"May 5, 2026, 10:00:00";"18";"2.18";"0.26";"34.21";"6.38"
"Broad Run HS";"May 5, 2026, 09:00:00";"18";"3.69";"0.24";"38.71";"5.98"
"Broad Run HS";"May 5, 2026, 08:00:00";"17";"4.85";"0.21";"34.14";"6.08"
"Broad Run HS";"May 5, 2026, 07:00:00";"17";"5.35";"0.18";"33.32";"5.35"
"Broad Run HS";"May 5, 2026, 06:00:00";"17";"5.19";"0.17";"33.18";"5.07"
"Broad Run HS";"May 5, 2026, 05:00:00";"16";"4.97";"0.18";"34.1";"4.96"
"Broad Run HS";"May 5, 2026, 04:00:00";"16";"5.15";"0.18";"33.14";"4.72"
"Broad Run HS";"May 5, 2026, 03:00:00";"16";"5.24";"0.19";"33.77";"3.76"
"Broad Run HS";"May 5, 2026, 02:00:00";"16";"4.82";"0.19";"33.23";"3.81"
"Broad Run HS";"May 5, 2026, 01:00:00";"15";"5.09";"0.2";"31.4";"3.38"
"Broad Run HS";"May 5, 2026, 00:00:00";"15";"4.87";"0.2";"30.56";"3.68"
"Broad Run HS";"May 4, 2026, 23:00:00";"15";"4.14";"0.21";"28.59";"3.69"
"Broad Run HS";"May 4, 2026, 22:00:00";"15";"3.61";"0.23";"24.8";"3.75"
"Broad Run HS";"May 4, 2026, 21:00:00";"15";"3.21";"0.22";"18.68";"3.81"
"Broad Run HS";"May 4, 2026, 20:00:00";"15";"2.59";"0.22";"10.88";"4.14"
"Broad Run HS";"May 4, 2026, 19:00:00";"15";"2.14";"0.22";"3.75";"3.98"
"Broad Run HS";"May 4, 2026, 18:00:00";"15";"0.68";"0.21";"0.12";"4.4"
"Broad Run HS";"May 4, 2026, 17:00:00";"15";"0";"0.21";"0.25";"3.59"
"Broad Run HS";"May 4, 2026, 16:00:00";"14";"0.04";"0.2";"0.38";"3.89"
"Broad Run HS";"May 4, 2026, 15:00:00";"14";"0";"0.2";"1.21";"3.6"
"Broad Run HS";"May 4, 2026, 14:00:00";"14";"0.03";"0.19";"5.31";"3.57"
"Broad Run HS";"May 4, 2026, 13:00:00";"14";"0.12";"0.19";"10.75";"3.08"
"Broad Run HS";"May 4, 2026, 12:00:00";"14";"0.06";"0.18";"15.69";"3"
"Broad Run HS";"May 4, 2026, 11:00:00";"14";"0.09";"0.2";"22.08";"3.61"
"Broad Run HS";"May 4, 2026, 10:00:00";"14";"1.11";"0.2";"21.88";"3.72"
"Broad Run HS";"May 4, 2026, 09:00:00";"14";"2.77";"0.18";"19.69";"4.07"
"Broad Run HS";"May 4, 2026, 08:00:00";"14";"3.99";"0.16";"17.81";"3.8"
"Broad Run HS";"May 4, 2026, 07:00:00";"14";"3.88";"0.15";"16.46";"3.58"
"Broad Run HS";"May 4, 2026, 06:00:00";"14";"3.44";"0.15";"16.2";"3.61"
"Broad Run HS";"May 4, 2026, 05:00:00";"14";"2.8";"0.13";"16.49";"3.39"
"Broad Run HS";"May 4, 2026, 04:00:00";"14";"4.06";"0.13";"16.33";"3.01"
"Broad Run HS";"May 4, 2026, 03:00:00";"14";"3.8";"0.11";"14.48";"2.62"
"Broad Run HS";"May 4, 2026, 02:00:00";"14";"3.69";"0.11";"12.88";"2.76"
"Broad Run HS";"May 4, 2026, 01:00:00";"14";"4.7";"0.13";"12.15";"3.14"
"Broad Run HS";"May 4, 2026, 00:00:00";"15";"6.26";"0.16";"12.41";"3.95"
"Broad Run HS";"May 3, 2026, 23:00:00";"15";"7.86";"0.19";"11.51";"4.06"
"Broad Run HS";"May 3, 2026, 22:00:00";"15";"6.56";"0.16";"10.53";"3.65"
"Broad Run HS";"May 3, 2026, 21:00:00";"15";"5.38";"0.14";"8.31";"3.79"
"Broad Run HS";"May 3, 2026, 20:00:00";"15";"3.55";"0.16";"7.46";"2.63"
"Broad Run HS";"May 3, 2026, 19:00:00";"15";"2.72";"0.16";"7.02";"2.51"
"Broad Run HS";"May 3, 2026, 18:00:00";"16";"1.96";"0.16";"7.81";"3.08"
"Broad Run HS";"May 3, 2026, 17:00:00";"16";"1.5";"0.15";"8.39";"2.41"
"Broad Run HS";"May 3, 2026, 16:00:00";"16";"1.57";"0.15";"9.35";"2.63"
"Broad Run HS";"May 3, 2026, 15:00:00";"16";"1";"0.15";"9.73";"2.6"
"Broad Run HS";"May 3, 2026, 14:00:00";"17";"1";"0.13";"10.34";"2.83"
"Broad Run HS";"May 3, 2026, 13:00:00";"17";"1.1";"0.13";"11.34";"2.67"
"Broad Run HS";"May 3, 2026, 12:00:00";"17";"1.2";"0.12";"12";"3.2"
"Broad Run HS";"May 3, 2026, 11:00:00";"18";"1.03";"0.11";"13.93";"4.48"
"Broad Run HS";"May 3, 2026, 10:00:00";"18";"0.85";"0.1";"15.92";"5.01"
"Broad Run HS";"May 3, 2026, 09:00:00";"18";"0.11";"0.09";"17.1";"4.32"
"Broad Run HS";"May 3, 2026, 08:00:00";"18";"0.6";"0.08";"16.4";"3.14"
"Broad Run HS";"May 3, 2026, 07:00:00";"18";"1.02";"0.07";"15.05";"3.01"
"Broad Run HS";"May 3, 2026, 06:00:00";"18";"1.27";"0.07";"14.21";"2.85"
"Broad Run HS";"May 3, 2026, 05:00:00";"18";"1.98";"0.08";"13.64";"2.81"
"Broad Run HS";"May 3, 2026, 04:00:00";"18";"3.23";"0.08";"12.69";"3.74"
"Broad Run HS";"May 3, 2026, 03:00:00";"18";"3.43";"0.08";"13.72";"3.76"
"Broad Run HS";"May 3, 2026, 02:00:00";"18";"3.52";"0.2";"34.78";"3.55"
"Broad Run HS";"May 3, 2026, 01:00:00";"17";"3.53";"0.21";"34.82";"4.13"
"Broad Run HS";"May 3, 2026, 00:00:00";"17";"4.02";"0.21";"34.42";"4.25"
"Broad Run HS";"May 2, 2026, 23:00:00";"17";"4.02";"0.22";"35.17";"3.86"
"Broad Run HS";"May 2, 2026, 22:00:00";"17";"4.17";"0.23";"35.95";"4.01"
"Broad Run HS";"May 2, 2026, 21:00:00";"16";"4.18";"0.23";"36.61";"4.85"
"Broad Run HS";"May 2, 2026, 20:00:00";"16";"3.78";"0.23";"36.54";"4.92"
"Broad Run HS";"May 2, 2026, 19:00:00";"15";"2.93";"0.24";"37.72";"4.74"
"Broad Run HS";"May 2, 2026, 18:00:00";"15";"1.92";"0.25";"39.4";"5.19"
"Broad Run HS";"May 2, 2026, 17:00:00";"14";"1.5";"0.25";"40.88";"3.89"
"Broad Run HS";"May 2, 2026, 16:00:00";"14";"1.24";"0.25";"41.93";"4.17"
"Broad Run HS";"May 2, 2026, 15:00:00";"14";"0.46";"0.25";"42.42";"4.16"
"Broad Run HS";"May 2, 2026, 14:00:00";"13";"0.3";"0.24";"43.68";"4.54"
"Broad Run HS";"May 2, 2026, 13:00:00";"13";"0.01";"0.25";"45.75";"4.69"
"Broad Run HS";"May 2, 2026, 12:00:00";"13";"0.31";"0.24";"45.35";"4.63"
"Broad Run HS";"May 2, 2026, 11:00:00";"12";"0.24";"0.23";"46.35";"5.21"
"Broad Run HS";"May 2, 2026, 10:00:00";"12";"1.21";"0.22";"44.77";"5.6"
"Broad Run HS";"May 2, 2026, 09:00:00";"11";"2.11";"0.21";"43.87";"5.04"
"Broad Run HS";"May 2, 2026, 08:00:00";"11";"2.74";"0.2";"42.91";"5.44"
"Broad Run HS";"May 2, 2026, 07:00:00";"10";"3.48";"0.21";"43.18";"2.64"
"Broad Run HS";"May 2, 2026, 06:00:00";"10";"3.42";"0.21";"44.28";"1.28"
"Broad Run HS";"May 2, 2026, 05:00:00";"10";"3.9";"0.22";"45.58";"1.8"
"Broad Run HS";"May 2, 2026, 04:00:00";"11";"3.77";"0.23";"47.83";"2.68"
"Broad Run HS";"May 2, 2026, 03:00:00";"10";"3.85";"0.23";"49.28";"2.8"
"Broad Run HS";"May 2, 2026, 02:00:00";"10";"4.55";"0.24";"49.25";"2.98"
"Broad Run HS";"May 2, 2026, 01:00:00";"11";"3.98";"0.25";"50.92";"2.41"
"Broad Run HS";"May 2, 2026, 00:00:00";"11";"4.77";"0.26";"50.58";"2.27"
"Broad Run HS";"May 1, 2026, 23:00:00";"11";"6.85";"0.3";"52.91";"2.72"
"Broad Run HS";"May 1, 2026, 22:00:00";"12";"7.88";"0.31";"51.11";"2.52"
"Broad Run HS";"May 1, 2026, 21:00:00";"12";"5.6";"0.29";"49.29";"2.64"
"Broad Run HS";"May 1, 2026, 20:00:00";"11";"4.9";"0.28";"48.82";"1.75"
"Broad Run HS";"May 1, 2026, 19:00:00";"11";"3.34";"0.27";"48.18";"1.79"
"Broad Run HS";"May 1, 2026, 18:00:00";"11";"0.97";"0.26";"46.35";"1.6"
"Broad Run HS";"May 1, 2026, 17:00:00";"11";"0.5";"0.27";"48.73";"1.75"
"Broad Run HS";"May 1, 2026, 16:00:00";"11";"0.18";"0.27";"49.95";"2.03"
"Broad Run HS";"May 1, 2026, 15:00:00";"11";"0.26";"0.27";"52.88";"2.38"
"Broad Run HS";"May 1, 2026, 14:00:00";"11";"0.99";"0.28";"55.87";"3.49"
"Broad Run HS";"May 1, 2026, 13:00:00";"11";"0.37";"0.27";"56.57";"2.94"
"Broad Run HS";"May 1, 2026, 12:00:00";"11";"0.79";"0.28";"59.56";"2.65"
"Broad Run HS";"May 1, 2026, 11:00:00";"11";"0.07";"0.26";"60.49";"2.58"
"Broad Run HS";"May 1, 2026, 10:00:00";"12";"0.58";"0.27";"62.62";"2.46"
"Broad Run HS";"May 1, 2026, 09:00:00";"12";"2.05";"0.26";"61.6";"2.35"
"Broad Run HS";"May 1, 2026, 08:00:00";"13";"3.34";"0.25";"56.77";"2.43"
"Broad Run HS";"May 1, 2026, 07:00:00";"13";"2.52";"0.22";"53.32";"2.16"
"Broad Run HS";"May 1, 2026, 06:00:00";"14";"1.38";"0.2";"52.16";"1.86"
"Broad Run HS";"May 1, 2026, 05:00:00";"15";"1.58";"0.21";"51.29";"2.55"
"Broad Run HS";"May 1, 2026, 04:00:00";"15";"1.65";"0.2";"52.75";"1.64"
"Broad Run HS";"May 1, 2026, 03:00:00";"16";"0.83";"0.2";"51.13";"2.69"
"Broad Run HS";"May 1, 2026, 02:00:00";"16";"0.92";"0.22";"50.41";"4.42"
"Broad Run HS";"May 1, 2026, 01:00:00";"16";"1.95";"0.24";"49.96";"6"
"Broad Run HS";"May 1, 2026, 00:00:00";"15";"2.61";"0.23";"49.42";"3.75"
"Broad Run HS";"Apr 30, 2026, 23:00:00";"15";"4.09";"0.24";"49.52";"3.26"
"Broad Run HS";"Apr 30, 2026, 22:00:00";"16";"4.15";"0.25";"50.33";"2.22"
"Broad Run HS";"Apr 30, 2026, 21:00:00";"18";"3.6";"0.23";"53.06";"1.88"
"Broad Run HS";"Apr 30, 2026, 20:00:00";"19";"3.56";"0.24";"56.39";"1.95"
"Broad Run HS";"Apr 30, 2026, 19:00:00";"20";"3.45";"0.26";"61.1";"0.94"
"Broad Run HS";"Apr 30, 2026, 18:00:00";"22";"2.28";"0.27";"63.64";"1.67"
"Broad Run HS";"Apr 30, 2026, 17:00:00";"24";"1.54";"0.27";"63.23";"2.18"
"Broad Run HS";"Apr 30, 2026, 16:00:00";"26";"0.28";"0.26";"64.34";"1.75"
"Broad Run HS";"Apr 30, 2026, 15:00:00";"29";"0.33";"0.25";"68.93";"2.2"
"Broad Run HS";"Apr 30, 2026, 14:00:00";"31";"0.38";"0.25";"73.65";"2.46"
"Broad Run HS";"Apr 30, 2026, 13:00:00";"32";"0.21";"0.25";"77.02";"2.75"
"Broad Run HS";"Apr 30, 2026, 12:00:00";"34";"0.3";"0.26";"83.97";"4.84"
"Broad Run HS";"Apr 30, 2026, 11:00:00";"34";"0.13";"0.27";"87.49";"4.96"
"Broad Run HS";"Apr 30, 2026, 10:00:00";"34";"0.08";"0.27";"93.62";"4.72"
"Broad Run HS";"Apr 30, 2026, 09:00:00";"34";"0.64";"0.3";"104.07";"4.85"
"Broad Run HS";"Apr 30, 2026, 08:00:00";"34";"0.4";"0.25";"102.34";"5.95"
"Broad Run HS";"Apr 30, 2026, 07:00:00";"34";"1.1";"0.24";"102.08";"5.72"
"Broad Run HS";"Apr 30, 2026, 06:00:00";"33";"0.07";"0.23";"108.8";"7.86"
"Broad Run HS";"Apr 30, 2026, 05:00:00";"33";"0";"0.24";"117.9";"5.65"
"Broad Run HS";"Apr 30, 2026, 04:00:00";"32";"0";"0.25";"128.76";"0"
"Broad Run HS";"Apr 30, 2026, 03:00:00";"32";"0";"0.26";"129.05";"0"
"Broad Run HS";"Apr 30, 2026, 02:00:00";"31";"0.78";"0.26";"122.48";"0"
"Broad Run HS";"Apr 30, 2026, 01:00:00";"32";"3.63";"0.26";"140.75";"0"
"Broad Run HS";"Apr 30, 2026, 00:00:00";"33";"4.51";"0.25";"127.02";"0"
"Broad Run HS";"Apr 29, 2026, 23:00:00";"33";"3.94";"0.26";"138.64";"6.59"
"Broad Run HS";"Apr 29, 2026, 22:00:00";"33";"6.59";"0.29";"127.59";"8.94"
"Broad Run HS";"Apr 29, 2026, 21:00:00";"33";"4.36";"0.3";"124.29";"8.76"
"Broad Run HS";"Apr 29, 2026, 20:00:00";"33";"4.19";"0.3";"121.93";"8.28"
"Broad Run HS";"Apr 29, 2026, 19:00:00";"34";"5.17";"0.3";"151.32";"8.96"
"Broad Run HS";"Apr 29, 2026, 18:00:00";"34";"4.34";"0.32";"171.51";"11.93"
"Broad Run HS";"Apr 29, 2026, 17:00:00";"33";"6.29";"0.32";"155.08";"10.94"
"Broad Run HS";"Apr 29, 2026, 16:00:00";"32";"6.34";"0.32";"149.37";"11.4"
"Broad Run HS";"Apr 29, 2026, 15:00:00";"31";"7.15";"0.29";"130.52";"12"
"Broad Run HS";"Apr 29, 2026, 14:00:00";"29";"5.6";"0.29";"112.72";"10.39"
"Broad Run HS";"Apr 29, 2026, 13:00:00";"28";"5.28";"0.28";"94.05";"9.17"
"Broad Run HS";"Apr 29, 2026, 12:00:00";"27";"4.54";"0.28";"83.41";"5.7"
"Broad Run HS";"Apr 29, 2026, 11:00:00";"27";"5.18";"0.27";"79.94";"4.99"
"Broad Run HS";"Apr 29, 2026, 10:00:00";"26";"10.87";"0.3";"80.48";"5.99"
"Broad Run HS";"Apr 29, 2026, 09:00:00";"26";"9.71";"0.3";"78.37";"5.1"
"Broad Run HS";"Apr 29, 2026, 08:00:00";"25";"7.81";"0.26";"77.62";"4.08"
"Broad Run HS";"Apr 29, 2026, 07:00:00";"25";"5.2";"0.24";"78.1";"3.37"
"Broad Run HS";"Apr 29, 2026, 06:00:00";"25";"2.93";"0.23";"83.18";"3.74"
"Broad Run HS";"Apr 29, 2026, 05:00:00";"25";"2.11";"0.23";"88.7";"4.06"
"Broad Run HS";"Apr 29, 2026, 04:00:00";"25";"2.13";"0.25";"92.48";"4.39"
"Broad Run HS";"Apr 29, 2026, 03:00:00";"25";"1.7";"0.28";"104.37";"6.87"
"Broad Run HS";"Apr 29, 2026, 02:00:00";"24";"0.26";"0.27";"108.01";"10.73"
"Broad Run HS";"Apr 29, 2026, 01:00:00";"23";"1.46";"0.27";"103.14";"11.1"
"Broad Run HS";"Apr 29, 2026, 00:00:00";"21";"3.27";"0.27";"99.27";"8.8"
"Broad Run HS";"Apr 28, 2026, 23:00:00";"20";"1.1";"0.28";"97.21";"8.89"
"Broad Run HS";"Apr 28, 2026, 22:00:00";"19";"1.46";"0.29";"95.41";"9.22"
"Broad Run HS";"Apr 28, 2026, 21:00:00";"18";"2.48";"0.28";"92.07";"9.45"
"Broad Run HS";"Apr 28, 2026, 20:00:00";"17";"2.87";"0.28";"88.56";"10.13"
"Broad Run HS";"Apr 28, 2026, 19:00:00";"16";"3.64";"0.28";"85.28";"8.87"
"Broad Run HS";"Apr 28, 2026, 18:00:00";"16";"3.21";"0.29";"82.75";"7.47"
"Broad Run HS";"Apr 28, 2026, 17:00:00";"15";"3.75";"0.29";"78.59";"7.08"
"Broad Run HS";"Apr 28, 2026, 16:00:00";"15";"4.41";"0.29";"76.49";"3.74"
"Broad Run HS";"Apr 28, 2026, 15:00:00";"15";"4.59";"0.29";"77.68";"3.23"
"Broad Run HS";"Apr 28, 2026, 14:00:00";"15";"5.86";"0.29";"72.41";"3.16"
"Broad Run HS";"Apr 28, 2026, 13:00:00";"15";"6.94";"0.26";"69.21";"2.65"
"Broad Run HS";"Apr 28, 2026, 12:00:00";"15";"8.09";"0.35";"67.49";"3.62"
"Broad Run HS";"Apr 28, 2026, 11:00:00";"15";"5.96";"0.24";"63.82";"2.84"
"Broad Run HS";"Apr 28, 2026, 10:00:00";"15";"4.99";"0.23";"57.73";"3.12"
"Broad Run HS";"Apr 28, 2026, 09:00:00";"16";"4.63";"0.24";"59.94";"3.03"
"Broad Run HS";"Apr 28, 2026, 08:00:00";"16";"6.68";"0.25";"59.64";"3.09"
"Broad Run HS";"Apr 28, 2026, 07:00:00";"17";"4.89";"0.22";"59.19";"2.92"
"Broad Run HS";"Apr 28, 2026, 06:00:00";"19";"4.33";"0.22";"58.54";"2.72"
"Broad Run HS";"Apr 28, 2026, 05:00:00";"22";"4.63";"0.21";"58.32";"2.7"
"Broad Run HS";"Apr 28, 2026, 04:00:00";"24";"4.57";"0.22";"57.27";"2.91"
"Broad Run HS";"Apr 28, 2026, 03:00:00";"26";"5.04";"0.23";"56.08";"2.83"
"Broad Run HS";"Apr 28, 2026, 02:00:00";"29";"7.17";"0.25";"56.73";"3.34"
"Broad Run HS";"Apr 28, 2026, 01:00:00";"30";"8.75";"0.26";"56.09";"3.24"
"Broad Run HS";"Apr 28, 2026, 00:00:00";"31";"11.13";"0.31";"59.64";"3.47"
"Broad Run HS";"Apr 27, 2026, 23:00:00";"31";"12.12";"0.32";"61.87";"3.66"
"Broad Run HS";"Apr 27, 2026, 22:00:00";"31";"10.42";"0.32";"63.91";"3.75"
"Broad Run HS";"Apr 27, 2026, 21:00:00";"31";"9.88";"0.31";"63.23";"3.72"
"Broad Run HS";"Apr 27, 2026, 20:00:00";"31";"8.02";"0.3";"63.74";"3.95"
"Broad Run HS";"Apr 27, 2026, 19:00:00";"31";"7.18";"0.32";"63.6";"4.85"
"Broad Run HS";"Apr 27, 2026, 18:00:00";"30";"6.62";"0.33";"61.44";"5.66"
"Broad Run HS";"Apr 27, 2026, 17:00:00";"30";"4.03";"0.32";"60.54";"4.69"
"Broad Run HS";"Apr 27, 2026, 16:00:00";"29";"1.79";"0.3";"61.12";"4.23"
"Broad Run HS";"Apr 27, 2026, 15:00:00";"29";"0.62";"0.29";"64.63";"3.24"
"Broad Run HS";"Apr 27, 2026, 14:00:00";"29";"0.08";"0.28";"67.61";"3.19"
"Broad Run HS";"Apr 27, 2026, 13:00:00";"29";"0.12";"0.28";"73.94";"3.37"
"Broad Run HS";"Apr 27, 2026, 12:00:00";"29";"0.28";"0.28";"79.29";"3.31"
"Broad Run HS";"Apr 27, 2026, 11:00:00";"30";"6.23";"0.32";"84.7";"4.5"
"Broad Run HS";"Apr 27, 2026, 10:00:00";"30";"8.05";"0.32";"83.81";"4.62"
"Broad Run HS";"Apr 27, 2026, 09:00:00";"30";"6.56";"0.35";"82.1";"6.18"
"Broad Run HS";"Apr 27, 2026, 08:00:00";"30";"3.22";"0.32";"69.07";"6.34"
"Broad Run HS";"Apr 27, 2026, 07:00:00";"29";"0.25";"0.26";"60.32";"17.94"
"Broad Run HS";"Apr 27, 2026, 06:00:00";"26";"0.23";"0.24";"61.98";"19.36"
"Broad Run HS";"Apr 27, 2026, 05:00:00";"23";"0.71";"0.22";"64.71";"15.46"
"Broad Run HS";"Apr 27, 2026, 04:00:00";"21";"2.52";"0.24";"65.41";"13.84"
"Broad Run HS";"Apr 27, 2026, 03:00:00";"19";"3.12";"0.24";"64.56";"16.43"
"Broad Run HS";"Apr 27, 2026, 02:00:00";"17";"4.74";"0.24";"64.25";"12.16"
"Broad Run HS";"Apr 27, 2026, 01:00:00";"15";"5.96";"0.23";"65.03";"7.9"
"Broad Run HS";"Apr 27, 2026, 00:00:00";"14";"7.08";"0.26";"66.54";"4.16"
"Broad Run HS";"Apr 26, 2026, 23:00:00";"15";"7.76";"0.25";"66.49";"2.93"
"Broad Run HS";"Apr 26, 2026, 22:00:00";"17";"8.69";"0.25";"65.74";"2.75"
"Broad Run HS";"Apr 26, 2026, 21:00:00";"19";"9.32";"0.25";"66.11";"2.87"
"Broad Run HS";"Apr 26, 2026, 20:00:00";"20";"9.68";"0.25";"66.1";"3.44"
"Broad Run HS";"Apr 26, 2026, 19:00:00";"21";"9.58";"0.26";"67.18";"2.52"
"Broad Run HS";"Apr 26, 2026, 18:00:00";"23";"9.25";"0.25";"67.57";"2.55"
"Broad Run HS";"Apr 26, 2026, 17:00:00";"25";"8.9";"0.25";"67.98";"2.43"
"Broad Run HS";"Apr 26, 2026, 16:00:00";"26";"8.18";"0.25";"70.03";"1.77"
"Broad Run HS";"Apr 26, 2026, 15:00:00";"28";"7.44";"0.25";"70.15";"2.55"
"Broad Run HS";"Apr 26, 2026, 14:00:00";"30";"7.14";"0.26";"71.36";"4.49"
"Broad Run HS";"Apr 26, 2026, 13:00:00";"31";"7.42";"0.24";"69.81";"5.51"
"Broad Run HS";"Apr 26, 2026, 12:00:00";"32";"6";"0.24";"71.62";"6.31"
"Broad Run HS";"Apr 26, 2026, 11:00:00";"34";"6.19";"0.23";"70.56";"7"
"Broad Run HS";"Apr 26, 2026, 10:00:00";"35";"6.23";"0.21";"67.82";"5.24"
"Broad Run HS";"Apr 26, 2026, 09:00:00";"36";"6.2";"0.2";"66.31";"3.53"
"Broad Run HS";"Apr 26, 2026, 08:00:00";"38";"6.27";"0.19";"66.09";"1.72"
"Broad Run HS";"Apr 26, 2026, 07:00:00";"39";"6.18";"0.18";"66.64";"1.42"
"Broad Run HS";"Apr 26, 2026, 06:00:00";"41";"6.04";"0.19";"68.34";"2.41"
"Broad Run HS";"Apr 26, 2026, 05:00:00";"42";"5.99";"0.19";"69.83";"2.88"
"Broad Run HS";"Apr 26, 2026, 04:00:00";"43";"5.45";"0.19";"72.41";"2.47"
"Broad Run HS";"Apr 26, 2026, 03:00:00";"43";"5.93";"0.19";"74.25";"1.88"
"Broad Run HS";"Apr 26, 2026, 02:00:00";"44";"5.98";"0.2";"77.8";"1.92"
"Broad Run HS";"Apr 26, 2026, 01:00:00";"46";"6.2";"0.2";"82.96";"3.33"
"Broad Run HS";"Apr 26, 2026, 00:00:00";"46";"6.03";"0.22";"87.47";"11.84"
"Broad Run HS";"Apr 25, 2026, 23:00:00";"46";"7.09";"0.22";"87.65";"14.99"
"Broad Run HS";"Apr 25, 2026, 22:00:00";"44";"7.14";"0.22";"88.49";"10.05"
"Broad Run HS";"Apr 25, 2026, 21:00:00";"44";"7.82";"0.22";"89.8";"10.77"
"Broad Run HS";"Apr 25, 2026, 20:00:00";"43";"8.6";"0.23";"88.69";"11.34"
"Broad Run HS";"Apr 25, 2026, 19:00:00";"43";"9.28";"0.24";"88.83";"11.64"
"Broad Run HS";"Apr 25, 2026, 18:00:00";"42";"9.11";"0.25";"91.63";"11.97"
"Broad Run HS";"Apr 25, 2026, 17:00:00";"41";"9.12";"0.26";"84.83";"10.6"
"Broad Run HS";"Apr 25, 2026, 16:00:00";"41";"8.56";"0.27";"85.93";"10.95"
"Broad Run HS";"Apr 25, 2026, 15:00:00";"41";"7.6";"0.28";"90.35";"12.87"
"Broad Run HS";"Apr 25, 2026, 14:00:00";"41";"7.7";"0.29";"94.07";"13.66"
"Broad Run HS";"Apr 25, 2026, 13:00:00";"41";"7.78";"0.28";"93.84";"13.25"
"Broad Run HS";"Apr 25, 2026, 12:00:00";"40";"8.05";"0.28";"93.11";"13.65"
"Broad Run HS";"Apr 25, 2026, 11:00:00";"39";"8.31";"0.27";"89.57";"13.79"
"Broad Run HS";"Apr 25, 2026, 10:00:00";"38";"8.5";"0.26";"86.59";"13.01"
"Broad Run HS";"Apr 25, 2026, 09:00:00";"37";"8.27";"0.25";"86.01";"11.41"
"Broad Run HS";"Apr 25, 2026, 08:00:00";"36";"8.73";"0.24";"82.23";"12.16"
"Broad Run HS";"Apr 25, 2026, 07:00:00";"35";"6.82";"0.24";"80.83";"8.2"
"Broad Run HS";"Apr 25, 2026, 06:00:00";"35";"6.55";"0.26";"85.38";"8.39"
"Broad Run HS";"Apr 25, 2026, 05:00:00";"34";"7.86";"0.28";"82.21";"7.95"
"Broad Run HS";"Apr 25, 2026, 04:00:00";"34";"9.68";"0.3";"82.78";"7.59"
"Broad Run HS";"Apr 25, 2026, 03:00:00";"34";"8.61";"0.31";"89.22";"7.7"
"Broad Run HS";"Apr 25, 2026, 02:00:00";"33";"10.4";"0.34";"93.5";"8.4"
"Broad Run HS";"Apr 25, 2026, 01:00:00";"32";"11.07";"0.36";"91.79";"8.46"
"Broad Run HS";"Apr 25, 2026, 00:00:00";"32";"11.42";"0.36";"88.16";"7.79"
"Broad Run HS";"Apr 24, 2026, 23:00:00";"32";"12.14";"0.36";"85.53";"7.59"
"Broad Run HS";"Apr 24, 2026, 22:00:00";"32";"10.89";"0.38";"90";"6.89"
"Broad Run HS";"Apr 24, 2026, 21:00:00";"32";"10.19";"0.4";"94.37";"7.03"
"Broad Run HS";"Apr 24, 2026, 20:00:00";"32";"10.69";"0.38";"85.83";"7.39"
"Broad Run HS";"Apr 24, 2026, 19:00:00";"32";"7.96";"0.38";"77.03";"8.43"
"Broad Run HS";"Apr 24, 2026, 18:00:00";"31";"5.56";"0.38";"75.51";"8.89"
"Broad Run HS";"Apr 24, 2026, 17:00:00";"31";"4.6";"0.37";"72.76";"10"
"Broad Run HS";"Apr 24, 2026, 16:00:00";"30";"5.54";"0.35";"66.35";"10.87"
"Broad Run HS";"Apr 24, 2026, 15:00:00";"29";"0.35";"0.34";"63.06";"11.81"
"Broad Run HS";"Apr 24, 2026, 14:00:00";"28";"0.52";"0.35";"71.15";"10.44"
"Broad Run HS";"Apr 24, 2026, 13:00:00";"28";"2.32";"0.34";"75";"8.9"
"Broad Run HS";"Apr 24, 2026, 12:00:00";"28";"1.59";"0.34";"79.54";"9.72"
"Broad Run HS";"Apr 24, 2026, 11:00:00";"27";"3.77";"0.34";"81.41";"9.13"
"Broad Run HS";"Apr 24, 2026, 10:00:00";"27";"7.61";"0.39";"94.26";"7.56"
"Broad Run HS";"Apr 24, 2026, 09:00:00";"26";"8.44";"0.41";"103.32";"5.9"
"Broad Run HS";"Apr 24, 2026, 08:00:00";"27";"9.7";"0.38";"92.18";"5.46"
"Broad Run HS";"Apr 24, 2026, 07:00:00";"27";"6.44";"0.3";"83.28";"6.32"
"Broad Run HS";"Apr 24, 2026, 06:00:00";"27";"6.44";"0.29";"81.08";"5.43"
"Broad Run HS";"Apr 24, 2026, 05:00:00";"28";"4.82";"0.28";"81.74";"5.41"
"Broad Run HS";"Apr 24, 2026, 04:00:00";"28";"5.87";"0.3";"80.68";"4.71"
"Broad Run HS";"Apr 24, 2026, 03:00:00";"28";"4.99";"0.3";"81.32";"4.99"
"Broad Run HS";"Apr 24, 2026, 02:00:00";"29";"4.83";"0.33";"85.9";"4.51"
"Broad Run HS";"Apr 24, 2026, 01:00:00";"29";"6.05";"0.39";"92.16";"6.44"
"Broad Run HS";"Apr 24, 2026, 00:00:00";"29";"6.68";"0.45";"89.99";"6.92"
"Broad Run HS";"Apr 23, 2026, 23:00:00";"29";"9.82";"0.49";"88.23";"6.49"
"Broad Run HS";"Apr 23, 2026, 22:00:00";"29";"10.26";"0.55";"87.93";"7.09"
"Broad Run HS";"Apr 23, 2026, 21:00:00";"29";"7.09";"0.41";"75.73";"6.87"
"Broad Run HS";"Apr 23, 2026, 20:00:00";"29";"4.64";"0.4";"65.53";"8.63"
"Broad Run HS";"Apr 23, 2026, 19:00:00";"28";"2.67";"0.34";"58.7";"4.98"
"Broad Run HS";"Apr 23, 2026, 18:00:00";"29";"0.95";"0.33";"56.83";"4.61"
"Broad Run HS";"Apr 23, 2026, 17:00:00";"29";"0.41";"0.34";"60.5";"5.71"
"Broad Run HS";"Apr 23, 2026, 16:00:00";"29";"1.18";"0.33";"63.06";"5.97"
"Broad Run HS";"Apr 23, 2026, 15:00:00";"29";"1.97";"0.33";"66.95";"7.13"
"Broad Run HS";"Apr 23, 2026, 14:00:00";"29";"3.44";"0.34";"71.48";"8.35"
"Broad Run HS";"Apr 23, 2026, 13:00:00";"29";"3.73";"0.34";"74.31";"7.73"
"Broad Run HS";"Apr 23, 2026, 12:00:00";"29";"5.04";"0.35";"78.23";"7.6"
"Broad Run HS";"Apr 23, 2026, 11:00:00";"29";"5.58";"0.33";"79.4";"6.56"
"Broad Run HS";"Apr 23, 2026, 10:00:00";"29";"8.48";"0.36";"91.76";"5.92"
"Broad Run HS";"Apr 23, 2026, 09:00:00";"29";"11.31";"0.39";"100.01";"5.97"
"Broad Run HS";"Apr 23, 2026, 08:00:00";"28";"10.01";"0.37";"85.82";"5.88"
"Broad Run HS";"Apr 23, 2026, 07:00:00";"28";"2.91";"0.26";"73.53";"9.43"
"Broad Run HS";"Apr 23, 2026, 06:00:00";"27";"3.75";"0.25";"70.82";"9.49"
"Broad Run HS";"Apr 23, 2026, 05:00:00";"27";"4.43";"0.25";"67.76";"7.36"
"Broad Run HS";"Apr 23, 2026, 04:00:00";"26";"5.17";"0.26";"65.61";"6.57"
"Broad Run HS";"Apr 23, 2026, 03:00:00";"26";"6.72";"0.27";"65.4";"6.53"
"Broad Run HS";"Apr 23, 2026, 02:00:00";"26";"7.83";"0.3";"64.4";"6.34"
"Broad Run HS";"Apr 23, 2026, 01:00:00";"26";"7.71";"0.32";"62.39";"6.47"
"Broad Run HS";"Apr 23, 2026, 00:00:00";"26";"7.58";"0.31";"62.26";"6.45"
"Broad Run HS";"Apr 22, 2026, 23:00:00";"26";"7.63";"0.3";"62.35";"6.25"
"Broad Run HS";"Apr 22, 2026, 22:00:00";"26";"8.42";"0.35";"63.43";"7"
"Broad Run HS";"Apr 22, 2026, 21:00:00";"25";"6.79";"0.34";"61.87";"6.71"
"Broad Run HS";"Apr 22, 2026, 20:00:00";"25";"5.32";"0.31";"52.74";"6.24"
"Broad Run HS";"Apr 22, 2026, 19:00:00";"24";"4.35";"0.31";"49.53";"6.06"
"Broad Run HS";"Apr 22, 2026, 18:00:00";"24";"3.01";"0.33";"52.43";"6.21"
"Broad Run HS";"Apr 22, 2026, 17:00:00";"23";"4.69";"0.32";"50.39";"6.87"
"Broad Run HS";"Apr 22, 2026, 16:00:00";"23";"3.24";"0.32";"50.42";"7.05"
"Broad Run HS";"Apr 22, 2026, 15:00:00";"23";"5.92";"0.34";"54.99";"7.21"
"Broad Run HS";"Apr 22, 2026, 14:00:00";"22";"6.56";"0.35";"61.41";"7.25"
"Broad Run HS";"Apr 22, 2026, 13:00:00";"22";"12.63";"0.37";"60.18";"7.67"
"Broad Run HS";"Apr 22, 2026, 12:00:00";"22";"13.5";"0.38";"55.07";"6.86"
"Broad Run HS";"Apr 22, 2026, 11:00:00";"21";"8.93";"0.32";"50.26";"5.11"
"Broad Run HS";"Apr 22, 2026, 10:00:00";"21";"9.17";"0.3";"46.67";"5.02"
"Broad Run HS";"Apr 22, 2026, 09:00:00";"22";"10.44";"0.28";"44.33";"4.94"
"Broad Run HS";"Apr 22, 2026, 08:00:00";"22";"10.29";"0.25";"42.1";"4.59"
"Broad Run HS";"Apr 22, 2026, 07:00:00";"22";"9.72";"0.23";"40.13";"4.79"
"Broad Run HS";"Apr 22, 2026, 06:00:00";"22";"9.16";"0.23";"39.94";"4.45"
"Broad Run HS";"Apr 22, 2026, 05:00:00";"22";"8.7";"0.23";"39.83";"5.22"
"Broad Run HS";"Apr 22, 2026, 04:00:00";"22";"8.34";"0.23";"39.82";"5.96"
"Broad Run HS";"Apr 22, 2026, 03:00:00";"23";"8.95";"0.24";"39.69";"6.66"
"Broad Run HS";"Apr 22, 2026, 02:00:00";"22";"10.09";"0.24";"38.99";"6.15"
"Broad Run HS";"Apr 22, 2026, 01:00:00";"23";"11.84";"0.25";"38.2";"5.23"
"Broad Run HS";"Apr 22, 2026, 00:00:00";"23";"14.07";"0.27";"37.35";"5.79"
"Broad Run HS";"Apr 21, 2026, 23:00:00";"23";"13.88";"0.27";"36.14";"5.28"
"Broad Run HS";"Apr 21, 2026, 22:00:00";"22";"11.29";"0.26";"32.83";"4.15"
"Broad Run HS";"Apr 21, 2026, 21:00:00";"22";"8.93";"0.26";"30.97";"3.78"
"Broad Run HS";"Apr 21, 2026, 20:00:00";"22";"8.42";"0.25";"30.95";"3.63"
"Broad Run HS";"Apr 21, 2026, 19:00:00";"22";"7.23";"0.26";"31.04";"3.61"
"Broad Run HS";"Apr 21, 2026, 18:00:00";"22";"6.39";"0.26";"31.55";"4.19"
"Broad Run HS";"Apr 21, 2026, 17:00:00";"22";"6.02";"0.26";"31.87";"4.71"
"Broad Run HS";"Apr 21, 2026, 16:00:00";"22";"6.01";"0.25";"31.94";"5.27"
"Broad Run HS";"Apr 21, 2026, 15:00:00";"21";"5.21";"0.24";"32.27";"5.52"
"Broad Run HS";"Apr 21, 2026, 14:00:00";"21";"4.68";"0.23";"33.46";"5.15"
"Broad Run HS";"Apr 21, 2026, 13:00:00";"21";"4.38";"0.23";"33.9";"5.18"
"Broad Run HS";"Apr 21, 2026, 12:00:00";"20";"3.99";"0.23";"35.81";"5.04"
"Broad Run HS";"Apr 21, 2026, 11:00:00";"20";"5.59";"0.23";"39.1";"5.03"
"Broad Run HS";"Apr 21, 2026, 10:00:00";"20";"8.02";"0.27";"45.72";"7.17"
"Broad Run HS";"Apr 21, 2026, 09:00:00";"20";"0";"0";"0";"7.03"
"Broad Run HS";"Apr 21, 2026, 08:00:00";"19";"0";"0";"0";"0"
"Broad Run HS";"Apr 21, 2026, 07:00:00";"19";"13.14";"0.06";"36.43";"6.44"
"Broad Run HS";"Apr 21, 2026, 06:00:00";"19";"13.46";"0.03";"37.25";"4.88"
"Broad Run HS";"Apr 21, 2026, 05:00:00";"18";"11.96";"0.03";"36.15";"5.36"
"Broad Run HS";"Apr 21, 2026, 04:00:00";"18";"12.13";"0.03";"35.45";"6.3"
"Broad Run HS";"Apr 21, 2026, 03:00:00";"17";"12.24";"0.05";"35.63";"6.28"
"Broad Run HS";"Apr 21, 2026, 02:00:00";"17";"13.83";"0.07";"34.6";"7.36"
"Broad Run HS";"Apr 21, 2026, 01:00:00";"16";"14.18";"0.06";"34.54";"5.71"
"Broad Run HS";"Apr 21, 2026, 00:00:00";"16";"13.51";"0.07";"33.22";"4.62"
"Broad Run HS";"Apr 20, 2026, 23:00:00";"16";"12.77";"0.06";"31.05";"4.71"
"Broad Run HS";"Apr 20, 2026, 22:00:00";"16";"11.39";"0.09";"29.63";"3.78"
"Broad Run HS";"Apr 20, 2026, 21:00:00";"16";"9.56";"0.09";"28.52";"3.45"
"Broad Run HS";"Apr 20, 2026, 20:00:00";"16";"8.57";"0.11";"28.47";"3.94"
"Broad Run HS";"Apr 20, 2026, 19:00:00";"16";"7.33";"0.13";"29.88";"3.44"
"Broad Run HS";"Apr 20, 2026, 18:00:00";"16";"6.89";"0.15";"31.93";"3.43"
"Broad Run HS";"Apr 20, 2026, 17:00:00";"16";"5.98";"0.15";"34.6";"2.9"
"Broad Run HS";"Apr 20, 2026, 16:00:00";"16";"5.52";"0.15";"38.53";"2.82"
"Broad Run HS";"Apr 20, 2026, 15:00:00";"16";"5.48";"0.15";"45.1";"2.89"
"Broad Run HS";"Apr 20, 2026, 14:00:00";"17";"6.55";"0.16";"52.47";"3.21"
"Broad Run HS";"Apr 20, 2026, 13:00:00";"16";"8.04";"0.15";"57.29";"3.93"
"Broad Run HS";"Apr 20, 2026, 12:00:00";"16";"9.14";"0.14";"64.59";"3.35"
"Broad Run HS";"Apr 20, 2026, 11:00:00";"16";"10.91";"0.1";"46.24";"4.71"
"Broad Run HS";"Apr 20, 2026, 10:00:00";"16";"7.89";"0.14";"49.4";"5.02"
"Broad Run HS";"Apr 20, 2026, 09:00:00";"16";"8.96";"0.12";"48.28";"4.48"
"Broad Run HS";"Apr 20, 2026, 08:00:00";"15";"9.03";"0.11";"47.27";"3.91"
"Broad Run HS";"Apr 20, 2026, 07:00:00";"15";"8.91";"0.1";"47.73";"3.18"
"Broad Run HS";"Apr 20, 2026, 06:00:00";"15";"8.12";"0.1";"48.68";"2.93"
"Broad Run HS";"Apr 20, 2026, 05:00:00";"16";"8.33";"0.1";"50.23";"3.51"
"Broad Run HS";"Apr 20, 2026, 04:00:00";"18";"4.95";"0.09";"51.27";"3.25"
"Broad Run HS";"Apr 20, 2026, 03:00:00";"20";"4.99";"0.1";"50.82";"3.5"
"Broad Run HS";"Apr 20, 2026, 02:00:00";"22";"5.71";"0.1";"48.68";"3.96"
"Broad Run HS";"Apr 20, 2026, 01:00:00";"23";"7.34";"0.11";"47.59";"4.2"
"Broad Run HS";"Apr 20, 2026, 00:00:00";"24";"8.38";"0.12";"45.25";"5.03"
"Broad Run HS";"Apr 19, 2026, 23:00:00";"25";"10.11";"0.11";"44.33";"4.28"
"Broad Run HS";"Apr 19, 2026, 22:00:00";"26";"8.06";"0.11";"43.31";"3.75"
"Broad Run HS";"Apr 19, 2026, 21:00:00";"27";"6.42";"0.12";"42.24";"3.79"
"Broad Run HS";"Apr 19, 2026, 20:00:00";"28";"5.96";"0.14";"42.48";"3.51"
"Broad Run HS";"Apr 19, 2026, 19:00:00";"29";"4.63";"0.15";"44.94";"3.2"
"Broad Run HS";"Apr 19, 2026, 18:00:00";"30";"3.85";"0.16";"49.37";"3.55"
"Broad Run HS";"Apr 19, 2026, 17:00:00";"32";"3.27";"0.18";"57.82";"3.76"
"Broad Run HS";"Apr 19, 2026, 16:00:00";"32";"3.85";"0.16";"62.63";"4.68"
"Broad Run HS";"Apr 19, 2026, 15:00:00";"33";"2.39";"0.18";"73.3";"3.77"
"Broad Run HS";"Apr 19, 2026, 14:00:00";"34";"4.01";"0.17";"78.25";"2.84"
"Broad Run HS";"Apr 19, 2026, 13:00:00";"34";"5.07";"0.12";"76.83";"2.9"
"Broad Run HS";"Apr 19, 2026, 12:00:00";"34";"5.81";"0.13";"82.18";"2.86"
"Broad Run HS";"Apr 19, 2026, 11:00:00";"35";"6.34";"0.12";"80.32";"2.81"
"Broad Run HS";"Apr 19, 2026, 10:00:00";"35";"5.78";"0.11";"80.73";"3.56"
"Broad Run HS";"Apr 19, 2026, 09:00:00";"35";"5.06";"0.11";"77.92";"2.97"
"Broad Run HS";"Apr 19, 2026, 08:00:00";"35";"4.34";"0.12";"78.52";"1.87"
"Broad Run HS";"Apr 19, 2026, 07:00:00";"36";"3.55";"0.14";"92.22";"1.4"
"Broad Run HS";"Apr 19, 2026, 06:00:00";"36";"2.49";"0.22";"132";"9.19"
"Broad Run HS";"Apr 19, 2026, 05:00:00";"36";"1.43";"0.27";"154.52";"18.9"
"Broad Run HS";"Apr 19, 2026, 04:00:00";"33";"3.06";"0.28";"146.76";"13.19"
"Broad Run HS";"Apr 19, 2026, 03:00:00";"31";"3.67";"0.28";"141.64";"13.57"
"Broad Run HS";"Apr 19, 2026, 02:00:00";"30";"4.54";"0.31";"130.21";"12.17"
"Broad Run HS";"Apr 19, 2026, 01:00:00";"28";"4.77";"0.32";"115.48";"10.27"
"Broad Run HS";"Apr 19, 2026, 00:00:00";"27";"5.54";"0.33";"108.42";"9.21"
"Broad Run HS";"Apr 18, 2026, 23:00:00";"26";"7.04";"0.33";"101.57";"9.4"
"Broad Run HS";"Apr 18, 2026, 22:00:00";"25";"5.7";"0.34";"97.28";"9.19"
"Broad Run HS";"Apr 18, 2026, 21:00:00";"24";"4.79";"0.35";"94.03";"9.36"
"Broad Run HS";"Apr 18, 2026, 20:00:00";"23";"3.84";"0.36";"91.24";"9.55"
"Broad Run HS";"Apr 18, 2026, 19:00:00";"22";"2.05";"0.37";"93.37";"10.27"
"Broad Run HS";"Apr 18, 2026, 18:00:00";"20";"1.05";"0.39";"96.61";"11.11"
"Broad Run HS";"Apr 18, 2026, 17:00:00";"19";"0.28";"0.38";"89.27";"9.1"
"Broad Run HS";"Apr 18, 2026, 16:00:00";"18";"0.13";"0.34";"79.25";"10.26"
"Broad Run HS";"Apr 18, 2026, 15:00:00";"17";"0";"0.33";"77.61";"4.73"
"Broad Run HS";"Apr 18, 2026, 14:00:00";"17";"1.64";"0.32";"79.12";"4.56"
"Broad Run HS";"Apr 18, 2026, 13:00:00";"16";"0.7";"0.35";"85.89";"4.48"
"Broad Run HS";"Apr 18, 2026, 12:00:00";"16";"0.95";"0.38";"96.02";"4.95"
"Broad Run HS";"Apr 18, 2026, 11:00:00";"16";"2.55";"0.41";"103.4";"5.7"
"Broad Run HS";"Apr 18, 2026, 10:00:00";"16";"3.94";"0.44";"125.75";"5.11"
"Broad Run HS";"Apr 18, 2026, 09:00:00";"16";"2.88";"0.38";"132.96";"3.41"
"Broad Run HS";"Apr 18, 2026, 08:00:00";"16";"1.08";"0.27";"116.36";"3.26"
"Broad Run HS";"Apr 18, 2026, 07:00:00";"16";"0";"0.22";"104.41";"5.53"
"Broad Run HS";"Apr 18, 2026, 06:00:00";"16";"0.07";"0.22";"103.17";"5.15"
"Broad Run HS";"Apr 18, 2026, 05:00:00";"17";"0.23";"0.24";"101.07";"4.17"
"Broad Run HS";"Apr 18, 2026, 04:00:00";"17";"1.18";"0.24";"96.45";"3.95"
"Broad Run HS";"Apr 18, 2026, 03:00:00";"17";"0.91";"0.26";"93.14";"3.68"
"Broad Run HS";"Apr 18, 2026, 02:00:00";"17";"2.77";"0.29";"91.47";"3.36"
"Broad Run HS";"Apr 18, 2026, 01:00:00";"17";"2.94";"0.34";"89.23";"4.34"
"Broad Run HS";"Apr 18, 2026, 00:00:00";"17";"4.36";"0.36";"87.04";"3.54"
"Broad Run HS";"Apr 17, 2026, 23:00:00";"18";"5.29";"0.36";"83.93";"2.94"
"Broad Run HS";"Apr 17, 2026, 22:00:00";"19";"8.5";"0.45";"83.43";"3.16"
"Broad Run HS";"Apr 17, 2026, 21:00:00";"20";"1.09";"0.35";"75.81";"3.05"
"Broad Run HS";"Apr 17, 2026, 20:00:00";"21";"0.52";"0.34";"64.26";"2.28"
"Broad Run HS";"Apr 17, 2026, 19:00:00";"23";"0";"0.33";"64.34";"2.49"
"Broad Run HS";"Apr 17, 2026, 18:00:00";"24";"0";"0.33";"67.43";"3.29"
"Broad Run HS";"Apr 17, 2026, 17:00:00";"26";"0";"0.33";"67.4";"3.17"
"Broad Run HS";"Apr 17, 2026, 16:00:00";"27";"0.05";"0.33";"68.14";"3.8"
"Broad Run HS";"Apr 17, 2026, 15:00:00";"28";"0.12";"0.32";"66.39";"4.04"
"Broad Run HS";"Apr 17, 2026, 14:00:00";"29";"0";"0.31";"66.35";"2.83"
"Broad Run HS";"Apr 17, 2026, 13:00:00";"30";"1.11";"0.31";"69.02";"3.76"
"Broad Run HS";"Apr 17, 2026, 12:00:00";"31";"0.27";"0.31";"72.49";"4.24"
"Broad Run HS";"Apr 17, 2026, 11:00:00";"31";"0.65";"0.32";"80.14";"5.04"
"Broad Run HS";"Apr 17, 2026, 10:00:00";"32";"2";"0.32";"88.28";"4.99"
"Broad Run HS";"Apr 17, 2026, 09:00:00";"33";"3.5";"0.36";"100.33";"4.53"
"Broad Run HS";"Apr 17, 2026, 08:00:00";"33";"2.46";"0.36";"99.38";"4.58"
"Broad Run HS";"Apr 17, 2026, 07:00:00";"34";"3.14";"0.29";"102.7";"5.5"
"Broad Run HS";"Apr 17, 2026, 06:00:00";"34";"1.62";"0.3";"101.41";"5.97"
"Broad Run HS";"Apr 17, 2026, 05:00:00";"34";"1.1";"0.32";"95.43";"5.26"
"Broad Run HS";"Apr 17, 2026, 04:00:00";"34";"1.04";"0.33";"88.77";"4.8"
"Broad Run HS";"Apr 17, 2026, 03:00:00";"35";"0.23";"0.34";"85.9";"4.2"
"Broad Run HS";"Apr 17, 2026, 02:00:00";"35";"0.31";"0.35";"81.4";"3.9"
"Broad Run HS";"Apr 17, 2026, 01:00:00";"36";"0.04";"0.36";"72.68";"4.26"
"Broad Run HS";"Apr 17, 2026, 00:00:00";"36";"0";"0.37";"66.8";"7.72"
"Broad Run HS";"Apr 16, 2026, 23:00:00";"36";"0";"0.38";"59.92";"9.38"
"Broad Run HS";"Apr 16, 2026, 22:00:00";"36";"0";"0.39";"56.97";"9.65"
"Broad Run HS";"Apr 16, 2026, 21:00:00";"36";"0";"0.4";"55.42";"10.46"
"Broad Run HS";"Apr 16, 2026, 20:00:00";"35";"0";"0.41";"52.81";"10.69"
"Broad Run HS";"Apr 16, 2026, 19:00:00";"35";"0";"0.4";"46.02";"10.67"
"Broad Run HS";"Apr 16, 2026, 18:00:00";"34";"0";"0.38";"41.11";"12.84"
"Broad Run HS";"Apr 16, 2026, 17:00:00";"33";"0";"0.38";"44.47";"9.85"
"Broad Run HS";"Apr 16, 2026, 16:00:00";"33";"0";"0.38";"49.72";"9.08"
"Broad Run HS";"Apr 16, 2026, 15:00:00";"32";"0";"0.4";"59.26";"8.9"
"Broad Run HS";"Apr 16, 2026, 14:00:00";"32";"0";"0.4";"68.3";"9.2"
"Broad Run HS";"Apr 16, 2026, 13:00:00";"31";"0";"0.37";"66.22";"8.34"
"Broad Run HS";"Apr 16, 2026, 12:00:00";"31";"0";"0.41";"79.47";"8.58"
"Broad Run HS";"Apr 16, 2026, 11:00:00";"31";"0";"0.42";"87.45";"8.43"
"Broad Run HS";"Apr 16, 2026, 10:00:00";"30";"0.77";"0.44";"97.12";"8.69"
"Broad Run HS";"Apr 16, 2026, 09:00:00";"30";"5.19";"0.44";"109.24";"7.58"
"Broad Run HS";"Apr 16, 2026, 08:00:00";"29";"5.83";"0.38";"105.15";"6.96"
"Broad Run HS";"Apr 16, 2026, 07:00:00";"29";"3.5";"0.32";"92.27";"6.89"
"Broad Run HS";"Apr 16, 2026, 06:00:00";"29";"2";"0.31";"88.66";"6.67"
"Broad Run HS";"Apr 16, 2026, 05:00:00";"29";"0.51";"0.31";"85.33";"6.66"
"Broad Run HS";"Apr 16, 2026, 04:00:00";"29";"0.45";"0.33";"85.7";"6.88"
"Broad Run HS";"Apr 16, 2026, 03:00:00";"29";"0.54";"0.34";"79.42";"7.07"
"Broad Run HS";"Apr 16, 2026, 02:00:00";"29";"0.02";"0.34";"74.1";"6.83"
"Broad Run HS";"Apr 16, 2026, 01:00:00";"28";"0";"0.35";"74.4";"6.91"
"Broad Run HS";"Apr 16, 2026, 00:00:00";"28";"0";"0.37";"75.53";"7.71"
"Broad Run HS";"Apr 15, 2026, 23:00:00";"27";"0";"0.38";"73.52";"8.24"
"Broad Run HS";"Apr 15, 2026, 22:00:00";"26";"0";"0.39";"74.63";"8.55"
"Broad Run HS";"Apr 15, 2026, 21:00:00";"26";"0";"0.4";"71.67";"7.88"
"Broad Run HS";"Apr 15, 2026, 20:00:00";"26";"0";"0.39";"67.26";"8.07"
"Broad Run HS";"Apr 15, 2026, 19:00:00";"26";"0";"0.37";"59.45";"7.69"
"Broad Run HS";"Apr 15, 2026, 18:00:00";"26";"0";"0.37";"61.21";"6.72"
"Broad Run HS";"Apr 15, 2026, 17:00:00";"26";"0";"0.35";"60.04";"6.19"
"Broad Run HS";"Apr 15, 2026, 16:00:00";"26";"0";"0.35";"64.92";"6.18"
"Broad Run HS";"Apr 15, 2026, 15:00:00";"26";"0";"0.33";"71.3";"6.81"
"Broad Run HS";"Apr 15, 2026, 14:00:00";"25";"0";"0.33";"77.39";"6.49"
"Broad Run HS";"Apr 15, 2026, 13:00:00";"25";"0";"0.37";"85.46";"6.52"
"Broad Run HS";"Apr 15, 2026, 12:00:00";"25";"0";"0.31";"98.23";"7.05"
"Broad Run HS";"Apr 15, 2026, 11:00:00";"25";"0";"0.37";"124.99";"6.91"
"Broad Run HS";"Apr 15, 2026, 10:00:00";"25";"1.08";"0.4";"153.94";"6.01"
"Broad Run HS";"Apr 15, 2026, 09:00:00";"25";"4.1";"0.39";"190.04";"4.72"
"Broad Run HS";"Apr 15, 2026, 08:00:00";"26";"0.31";"0.31";"187.91";"5.74"
"Broad Run HS";"Apr 15, 2026, 07:00:00";"26";"0.07";"0.26";"173.37";"6"
"Broad Run HS";"Apr 15, 2026, 06:00:00";"26";"0";"0.25";"171.33";"7.31"
"Broad Run HS";"Apr 15, 2026, 05:00:00";"26";"0.25";"0.26";"172.85";"6.02"
"Broad Run HS";"Apr 15, 2026, 04:00:00";"26";"0.4";"0.27";"171.63";"5.67"
"Broad Run HS";"Apr 15, 2026, 03:00:00";"26";"0.79";"0.3";"162.5";"5.51"
"Broad Run HS";"Apr 15, 2026, 02:00:00";"26";"1.71";"0.31";"155.52";"5.04"
"Broad Run HS";"Apr 15, 2026, 01:00:00";"26";"2.82";"0.33";"133.97";"4.7"
"Broad Run HS";"Apr 15, 2026, 00:00:00";"26";"3.3";"0.34";"111.42";"3.65"
"Broad Run HS";"Apr 14, 2026, 23:00:00";"27";"2.98";"0.35";"86.33";"3.66"
"Broad Run HS";"Apr 14, 2026, 22:00:00";"28";"0.05";"0.36";"74.83";"6.38"
"Broad Run HS";"Apr 14, 2026, 21:00:00";"28";"0";"0.37";"74.07";"7.2"
"Broad Run HS";"Apr 14, 2026, 20:00:00";"28";"0";"0.39";"75.15";"7.67"
"Broad Run HS";"Apr 14, 2026, 19:00:00";"28";"0.15";"0.4";"76.69";"7.23"
"Broad Run HS";"Apr 14, 2026, 18:00:00";"28";"0";"0.36";"65.55";"6.65"
"Broad Run HS";"Apr 14, 2026, 17:00:00";"29";"0";"0.35";"64.27";"5.86"
"Broad Run HS";"Apr 14, 2026, 16:00:00";"29";"0";"0.33";"61.71";"5.35"
"Broad Run HS";"Apr 14, 2026, 15:00:00";"30";"0";"0.33";"64.51";"5.19"
"Broad Run HS";"Apr 14, 2026, 14:00:00";"31";"0";"0.32";"69.77";"5.12"
"Broad Run HS";"Apr 14, 2026, 13:00:00";"32";"0";"0.3";"71.43";"5.25"
"Broad Run HS";"Apr 14, 2026, 12:00:00";"33";"0";"0.32";"75.38";"6.05"
"Broad Run HS";"Apr 14, 2026, 11:00:00";"34";"2.12";"0.4";"89.03";"7.57"
"Broad Run HS";"Apr 14, 2026, 10:00:00";"34";"7.68";"0.44";"100.03";"9.01"
"Broad Run HS";"Apr 14, 2026, 09:00:00";"35";"13.7";"0.44";"110.42";"8.06"
"Broad Run HS";"Apr 14, 2026, 08:00:00";"35";"8.86";"0.39";"104.74";"6.16"
"Broad Run HS";"Apr 14, 2026, 07:00:00";"35";"3.32";"0.31";"96.49";"6.41"
"Broad Run HS";"Apr 14, 2026, 06:00:00";"36";"1.96";"0.26";"93.65";"6.29"
"Broad Run HS";"Apr 14, 2026, 05:00:00";"35";"2.7";"0.26";"89.4";"5.93"
"Broad Run HS";"Apr 14, 2026, 04:00:00";"35";"2.99";"0.25";"86.27";"6.39"
"Broad Run HS";"Apr 14, 2026, 03:00:00";"35";"4.33";"0.26";"84.5";"6.18"
"Broad Run HS";"Apr 14, 2026, 02:00:00";"35";"3.87";"0.27";"81.77";"6.44"
"Broad Run HS";"Apr 14, 2026, 01:00:00";"34";"4.29";"0.29";"80.92";"6.03"
"Broad Run HS";"Apr 14, 2026, 00:00:00";"34";"4.33";"0.32";"79.14";"6.45"
"Broad Run HS";"Apr 13, 2026, 23:00:00";"33";"4.92";"0.34";"76.42";"6.88"
"Broad Run HS";"Apr 13, 2026, 22:00:00";"33";"4.5";"0.34";"73.21";"7.75"
"Broad Run HS";"Apr 13, 2026, 21:00:00";"32";"3.87";"0.34";"69.89";"7.64"
"Broad Run HS";"Apr 13, 2026, 20:00:00";"31";"2.96";"0.34";"64.98";"8.09"
"Broad Run HS";"Apr 13, 2026, 19:00:00";"30";"1.36";"0.34";"65.53";"8.84"
"Broad Run HS";"Apr 13, 2026, 18:00:00";"29";"1.92";"0.36";"67.73";"8.78"
"Broad Run HS";"Apr 13, 2026, 17:00:00";"28";"2.06";"0.35";"69.34";"9.43"
"Broad Run HS";"Apr 13, 2026, 16:00:00";"27";"2.84";"0.34";"69.69";"10.1"
"Broad Run HS";"Apr 13, 2026, 15:00:00";"26";"2.13";"0.34";"71.85";"9.76"
"Broad Run HS";"Apr 13, 2026, 14:00:00";"25";"2.3";"0.34";"77.04";"10.73"
"Broad Run HS";"Apr 13, 2026, 13:00:00";"24";"4.34";"0.35";"83.29";"11.26"
"Broad Run HS";"Apr 13, 2026, 12:00:00";"22";"4.52";"0.34";"85.21";"11.4"
"Broad Run HS";"Apr 13, 2026, 11:00:00";"21";"3.9";"0.36";"91.34";"11.69"
"Broad Run HS";"Apr 13, 2026, 10:00:00";"20";"4.76";"0.36";"102.17";"11.01"
"Broad Run HS";"Apr 13, 2026, 09:00:00";"19";"6.83";"0.37";"119.79";"9.75"
"Broad Run HS";"Apr 13, 2026, 08:00:00";"18";"9.3";"0.33";"131.64";"8.28"
"Broad Run HS";"Apr 13, 2026, 07:00:00";"18";"8.87";"0.28";"126.05";"6.82"
"Broad Run HS";"Apr 13, 2026, 06:00:00";"17";"7.52";"0.26";"109.46";"5.87"
"Broad Run HS";"Apr 13, 2026, 05:00:00";"17";"7.31";"0.25";"92.34";"5.1"
"Broad Run HS";"Apr 13, 2026, 04:00:00";"17";"7.24";"0.23";"80.48";"4.58"
"Broad Run HS";"Apr 13, 2026, 03:00:00";"18";"7.63";"0.23";"73.2";"4.31"
"Broad Run HS";"Apr 13, 2026, 02:00:00";"18";"8.2";"0.23";"66.93";"3.81"
"Broad Run HS";"Apr 13, 2026, 01:00:00";"18";"9.14";"0.23";"61.54";"3.59"
"Broad Run HS";"Apr 13, 2026, 00:00:00";"18";"11.78";"0.24";"58.58";"3.39"
"Broad Run HS";"Apr 12, 2026, 23:00:00";"19";"10.99";"0.26";"56.97";"3.12"
"Broad Run HS";"Apr 12, 2026, 22:00:00";"19";"11.73";"0.26";"55.69";"2.94"
"Broad Run HS";"Apr 12, 2026, 21:00:00";"19";"8.36";"0.26";"55.39";"2.57"
"Broad Run HS";"Apr 12, 2026, 20:00:00";"20";"7.65";"0.28";"57.6";"2.74"
"Broad Run HS";"Apr 12, 2026, 19:00:00";"20";"9.12";"0.3";"57.82";"3.22"
"Broad Run HS";"Apr 12, 2026, 18:00:00";"20";"6.52";"0.3";"56.53";"3.37"
"Broad Run HS";"Apr 12, 2026, 17:00:00";"20";"4.84";"0.3";"53.13";"3.37"
"Broad Run HS";"Apr 12, 2026, 16:00:00";"20";"2.57";"0.3";"49.19";"3.59"
"Broad Run HS";"Apr 12, 2026, 15:00:00";"19";"2.51";"0.3";"51.61";"3.25"
"Broad Run HS";"Apr 12, 2026, 14:00:00";"20";"3.42";"0.29";"57.19";"3.95"
"Broad Run HS";"Apr 12, 2026, 13:00:00";"20";"4.08";"0.29";"62.51";"3.97"
"Broad Run HS";"Apr 12, 2026, 12:00:00";"20";"4.56";"0.29";"65.79";"4.97"
"Broad Run HS";"Apr 12, 2026, 11:00:00";"20";"6.83";"0.3";"65.6";"5.91"
"Broad Run HS";"Apr 12, 2026, 10:00:00";"20";"6.67";"0.3";"63.41";"5.65"
"Broad Run HS";"Apr 12, 2026, 09:00:00";"19";"6.54";"0.26";"58.45";"4.68"
"Broad Run HS";"Apr 12, 2026, 08:00:00";"19";"5.56";"0.2";"53.97";"3.96"
"Broad Run HS";"Apr 12, 2026, 07:00:00";"19";"3.55";"0.17";"52.43";"4.83"
"Broad Run HS";"Apr 12, 2026, 06:00:00";"19";"3.83";"0.18";"52.47";"5.13"
"Broad Run HS";"Apr 12, 2026, 05:00:00";"19";"4.27";"0.18";"50.85";"6.53"
"Broad Run HS";"Apr 12, 2026, 04:00:00";"20";"5.24";"0.2";"49.58";"5.99"
"Broad Run HS";"Apr 12, 2026, 03:00:00";"20";"6.85";"0.22";"48.16";"6.01"
"Broad Run HS";"Apr 12, 2026, 02:00:00";"20";"6.81";"0.24";"47.44";"5.57"
"Broad Run HS";"Apr 12, 2026, 01:00:00";"21";"8.7";"0.27";"46.95";"4.34"
"Broad Run HS";"Apr 12, 2026, 00:00:00";"21";"9.68";"0.3";"47";"5.25"
"Broad Run HS";"Apr 11, 2026, 23:00:00";"21";"9.55";"0.3";"46.39";"4.66"
"Broad Run HS";"Apr 11, 2026, 22:00:00";"22";"7.76";"0.31";"49.26";"5.37"
"Broad Run HS";"Apr 11, 2026, 21:00:00";"22";"5.32";"0.27";"48.96";"4.21"
"Broad Run HS";"Apr 11, 2026, 20:00:00";"23";"4.32";"0.29";"47.11";"3.68"
"Broad Run HS";"Apr 11, 2026, 19:00:00";"24";"2.48";"0.27";"41.05";"2.64"
"Broad Run HS";"Apr 11, 2026, 18:00:00";"24";"2.02";"0.27";"39.58";"2.78"
"Broad Run HS";"Apr 11, 2026, 17:00:00";"25";"2.08";"0.26";"39.94";"2.72"
"Broad Run HS";"Apr 11, 2026, 16:00:00";"26";"2.02";"0.27";"42.75";"3.27"
"Broad Run HS";"Apr 11, 2026, 15:00:00";"26";"1.79";"0.27";"46.52";"3.56"
"Broad Run HS";"Apr 11, 2026, 14:00:00";"27";"2.34";"0.28";"52.84";"4.35"
"Broad Run HS";"Apr 11, 2026, 13:00:00";"27";"3.52";"0.26";"56.99";"4.86"
"Broad Run HS";"Apr 11, 2026, 12:00:00";"28";"4.54";"0.25";"59.82";"5.16"
"Broad Run HS";"Apr 11, 2026, 11:00:00";"29";"4.93";"0.26";"64.18";"4.72"
"Broad Run HS";"Apr 11, 2026, 10:00:00";"30";"5.19";"0.25";"66.94";"4.48"
"Broad Run HS";"Apr 11, 2026, 09:00:00";"31";"5.92";"0.25";"70.62";"4.66"
"Broad Run HS";"Apr 11, 2026, 08:00:00";"33";"6.96";"0.27";"78.91";"3.84"
"Broad Run HS";"Apr 11, 2026, 07:00:00";"34";"7.62";"0.26";"79.75";"5.12"
"Broad Run HS";"Apr 11, 2026, 06:00:00";"35";"8.57";"0.27";"72.99";"5.68"
"Broad Run HS";"Apr 11, 2026, 05:00:00";"35";"7.96";"0.29";"70.07";"7.25"
"Broad Run HS";"Apr 11, 2026, 04:00:00";"35";"8.37";"0.3";"66.48";"7.16"
"Broad Run HS";"Apr 11, 2026, 03:00:00";"36";"6.35";"0.28";"62";"8.11"
"Broad Run HS";"Apr 11, 2026, 02:00:00";"36";"5.78";"0.29";"58.87";"8.09"
"Broad Run HS";"Apr 11, 2026, 01:00:00";"36";"5.61";"0.29";"55.76";"6.66"
"Broad Run HS";"Apr 11, 2026, 00:00:00";"36";"6.04";"0.31";"54.89";"7.14"
"Broad Run HS";"Apr 10, 2026, 23:00:00";"36";"11.89";"0.34";"56.98";"7.7"
"Broad Run HS";"Apr 10, 2026, 22:00:00";"36";"13.43";"0.38";"57.03";"8.13"
"Broad Run HS";"Apr 10, 2026, 21:00:00";"37";"10.73";"0.36";"50.08";"7.64"
"Broad Run HS";"Apr 10, 2026, 20:00:00";"39";"11.72";"0.34";"43.18";"7.33"
"Broad Run HS";"Apr 10, 2026, 19:00:00";"38";"7.41";"0.34";"35.72";"6.64"
"Broad Run HS";"Apr 10, 2026, 18:00:00";"38";"4.25";"0.32";"38.22";"5.87"
"Broad Run HS";"Apr 10, 2026, 17:00:00";"38";"1.55";"0.32";"40.78";"6.64"
"Broad Run HS";"Apr 10, 2026, 16:00:00";"38";"0.42";"0.31";"42.39";"6.55"
"Broad Run HS";"Apr 10, 2026, 15:00:00";"38";"2.73";"0.31";"48.71";"7.5"
"Broad Run HS";"Apr 10, 2026, 14:00:00";"37";"2.5";"0.3";"55.38";"8.05"
"Broad Run HS";"Apr 10, 2026, 13:00:00";"37";"3.83";"0.29";"61.97";"8.37"
"Broad Run HS";"Apr 10, 2026, 12:00:00";"36";"5.49";"0.27";"62.21";"10.97"
"Broad Run HS";"Apr 10, 2026, 11:00:00";"35";"7.71";"0.25";"60.78";"11.29"
"Broad Run HS";"Apr 10, 2026, 10:00:00";"35";"9.11";"0.21";"59.36";"11.36"
"Broad Run HS";"Apr 10, 2026, 09:00:00";"35";"12.73";"0.17";"55.61";"11.28"
"Broad Run HS";"Apr 10, 2026, 08:00:00";"34";"12.5";"0.13";"50.48";"10.05"
"Broad Run HS";"Apr 10, 2026, 07:00:00";"33";"9.81";"0.1";"48.04";"10.67"
"Broad Run HS";"Apr 10, 2026, 06:00:00";"33";"11.98";"0.1";"47.64";"8.44"
"Broad Run HS";"Apr 10, 2026, 05:00:00";"33";"7.81";"0.08";"45.4";"8.97"
"Broad Run HS";"Apr 10, 2026, 04:00:00";"33";"7.98";"0.09";"44.15";"8.6"
"Broad Run HS";"Apr 10, 2026, 03:00:00";"32";"9.61";"0.11";"40.96";"7.93"
"Broad Run HS";"Apr 10, 2026, 02:00:00";"32";"10.44";"0.13";"37.02";"7.87"
"Broad Run HS";"Apr 10, 2026, 01:00:00";"32";"11.86";"0.14";"34.17";"7.68"
"Broad Run HS";"Apr 10, 2026, 00:00:00";"32";"14.77";"0.18";"33.47";"7.27"
"Broad Run HS";"Apr 9, 2026, 23:00:00";"33";"10.78";"0.17";"32.06";"7.74"
"Broad Run HS";"Apr 9, 2026, 22:00:00";"33";"12.98";"0.22";"31.97";"13.36"
"Broad Run HS";"Apr 9, 2026, 21:00:00";"32";"10.16";"0.23";"32.08";"18.65"
"Broad Run HS";"Apr 9, 2026, 20:00:00";"30";"8.16";"0.22";"31.77";"6.82"
"Broad Run HS";"Apr 9, 2026, 19:00:00";"30";"9.47";"0.24";"32.53";"5.34"
"Broad Run HS";"Apr 9, 2026, 18:00:00";"30";"7.14";"0.23";"32.23";"4.95"
"Broad Run HS";"Apr 9, 2026, 17:00:00";"31";"5.7";"0.23";"32.21";"5.19"
"Broad Run HS";"Apr 9, 2026, 16:00:00";"31";"5.49";"0.22";"32.15";"4.87"
"Broad Run HS";"Apr 9, 2026, 15:00:00";"31";"6.17";"0.22";"33.43";"4.78"
"Broad Run HS";"Apr 9, 2026, 14:00:00";"32";"7.06";"0.21";"34.88";"5.1"
"Broad Run HS";"Apr 9, 2026, 13:00:00";"32";"6.93";"0.19";"37.2";"6.21"
"Broad Run HS";"Apr 9, 2026, 12:00:00";"33";"7.32";"0.16";"47.91";"6.86"
"Broad Run HS";"Apr 9, 2026, 11:00:00";"33";"9.36";"0.14";"38.4";"8.88"
"Broad Run HS";"Apr 9, 2026, 10:00:00";"33";"11.92";"0.11";"36.41";"8.56"
"Broad Run HS";"Apr 9, 2026, 09:00:00";"32";"12.11";"0.08";"33.54";"7.38"
"Broad Run HS";"Apr 9, 2026, 08:00:00";"32";"13";"0.05";"30.05";"7.44"
"Broad Run HS";"Apr 9, 2026, 07:00:00";"32";"11.7";"0.05";"28.18";"8.42"
"Broad Run HS";"Apr 9, 2026, 06:00:00";"31";"11.13";"0.06";"26.84";"7.51"
"Broad Run HS";"Apr 9, 2026, 05:00:00";"31";"11.21";"0.06";"24.98";"7.51"
"Broad Run HS";"Apr 9, 2026, 04:00:00";"30";"11.09";"0.07";"24.83";"6.08"
"Broad Run HS";"Apr 9, 2026, 03:00:00";"30";"11.12";"0.07";"21.95";"6.3"
"Broad Run HS";"Apr 9, 2026, 02:00:00";"30";"11.56";"0.09";"20.33";"7.13"
"Broad Run HS";"Apr 9, 2026, 01:00:00";"29";"11.7";"0.11";"19.22";"9.33"
"Broad Run HS";"Apr 9, 2026, 00:00:00";"28";"11.51";"0.12";"17.6";"10.82"
"Broad Run HS";"Apr 8, 2026, 23:00:00";"27";"11.02";"0.13";"15.7";"9.91"
"Broad Run HS";"Apr 8, 2026, 22:00:00";"26";"10";"0.13";"14.03";"8.72"
"Broad Run HS";"Apr 8, 2026, 21:00:00";"25";"9.58";"0.13";"12.89";"6.56"
"Broad Run HS";"Apr 8, 2026, 20:00:00";"24";"9.42";"0.16";"13.75";"6.45"
"Broad Run HS";"Apr 8, 2026, 19:00:00";"24";"7.49";"0.17";"13.71";"6.5"
"Broad Run HS";"Apr 8, 2026, 18:00:00";"23";"7.17";"0.2";"14.88";"6.98"
"Broad Run HS";"Apr 8, 2026, 17:00:00";"23";"5.9";"0.21";"16.3";"7.08"
"Broad Run HS";"Apr 8, 2026, 16:00:00";"22";"7.57";"0.22";"17.19";"7.63"
"Broad Run HS";"Apr 8, 2026, 15:00:00";"22";"6.99";"0.21";"16.98";"7.41"
"Broad Run HS";"Apr 8, 2026, 14:00:00";"21";"6.51";"0.22";"18.37";"7.18"
"Broad Run HS";"Apr 8, 2026, 13:00:00";"20";"7.55";"0.32";"22.02";"8.08"
"Broad Run HS";"Apr 8, 2026, 12:00:00";"20";"4.17";"0.18";"16.8";"8.8"
"Broad Run HS";"Apr 8, 2026, 11:00:00";"20";"4.69";"0.13";"17.55";"8.57"
"Broad Run HS";"Apr 8, 2026, 10:00:00";"19";"6.53";"0.08";"19.15";"6.23"
"Broad Run HS";"Apr 8, 2026, 09:00:00";"19";"7.86";"0.07";"20.6";"5.88"
"Broad Run HS";"Apr 8, 2026, 08:00:00";"19";"12.18";"0.19";"21.66";"5.81"
"Broad Run HS";"Apr 8, 2026, 07:00:00";"18";"11.58";"0.21";"21.69";"5.39"
"Broad Run HS";"Apr 8, 2026, 06:00:00";"18";"8.03";"0.06";"18.49";"5.42"
"Broad Run HS";"Apr 8, 2026, 05:00:00";"18";"7.66";"0.05";"17.41";"4.45"
"Broad Run HS";"Apr 8, 2026, 04:00:00";"18";"7.63";"0.04";"17.03";"4.57"
"Broad Run HS";"Apr 8, 2026, 03:00:00";"18";"7.56";"0.04";"16.45";"4.22"
"Broad Run HS";"Apr 8, 2026, 02:00:00";"18";"7.44";"0.05";"16.23";"3.64"
"Broad Run HS";"Apr 8, 2026, 01:00:00";"19";"7.93";"0.07";"16.28";"3.5"
"Broad Run HS";"Apr 8, 2026, 00:00:00";"19";"7.87";"0.08";"15.86";"3.28"
"Broad Run HS";"Apr 7, 2026, 23:00:00";"17";"9.63";"0";"14.82";"2.74"
"Broad Run HS";"Apr 7, 2026, 22:00:00";"18";"9.13";"0";"15.82";"2.58"
"Broad Run HS";"Apr 7, 2026, 21:00:00";"19";"7.36";"0";"16.72";"2.71"
"Broad Run HS";"Apr 7, 2026, 20:00:00";"19";"5.5";"0";"17.67";"3.04"
"Broad Run HS";"Apr 7, 2026, 19:00:00";"19";"4.3";"0";"19.25";"3.27"
"Broad Run HS";"Apr 7, 2026, 19:00:00";"19";"4.3";"0";"19.25";"3.27"
"Broad Run HS";"Apr 7, 2026, 18:00:00";"20";"3.52";"0";"20.86";"3.4"
"Broad Run HS";"Apr 7, 2026, 18:00:00";"20";"3.52";"0";"20.86";"3.4"
"Broad Run HS";"Apr 7, 2026, 17:00:00";"19";"3.13";"0";"21.65";"3.33"
"Broad Run HS";"Apr 7, 2026, 17:00:00";"19";"3.13";"0";"21.65";"3.33"
"Broad Run HS";"Apr 7, 2026, 16:00:00";"19";"2.61";"0";"22.59";"3.3"
"Broad Run HS";"Apr 7, 2026, 16:00:00";"19";"2.61";"0";"22.59";"3.3"
"Broad Run HS";"Apr 7, 2026, 15:00:00";"20";"2.14";"0";"21.71";"3.52"
"Broad Run HS";"Apr 7, 2026, 15:00:00";"20";"2.14";"0";"21.71";"3.52"
"Broad Run HS";"Apr 7, 2026, 14:00:00";"20";"2.41";"0";"21.86";"3.37"
"Broad Run HS";"Apr 7, 2026, 14:00:00";"20";"2.41";"0";"21.86";"3.37"
"Broad Run HS";"Apr 7, 2026, 13:00:00";"20";"2.82";"0";"21.51";"4.49"
"Broad Run HS";"Apr 7, 2026, 13:00:00";"20";"2.82";"0";"21.51";"4.49"
"Broad Run HS";"Apr 7, 2026, 12:00:00";"20";"3.31";"0";"20.46";"4.47"
"Broad Run HS";"Apr 7, 2026, 12:00:00";"20";"3.31";"0";"20.46";"4.47"
"Broad Run HS";"Apr 7, 2026, 11:00:00";"20";"3.19";"0";"20.55";"4.64"
"Broad Run HS";"Apr 7, 2026, 11:00:00";"20";"3.19";"0";"20.55";"4.64"
"Broad Run HS";"Apr 7, 2026, 10:00:00";"19";"3.33";"0";"20";"4.14"
"Broad Run HS";"Apr 7, 2026, 10:00:00";"19";"3.33";"0";"20";"4.14"
"Broad Run HS";"Apr 7, 2026, 09:00:00";"19";"3.68";"0";"19.18";"3.41"
"Broad Run HS";"Apr 7, 2026, 09:00:00";"19";"3.68";"0";"19.18";"3.41"
"Broad Run HS";"Apr 7, 2026, 08:00:00";"19";"4.63";"0";"18.8";"2.42"
"Broad Run HS";"Apr 7, 2026, 08:00:00";"19";"4.63";"0";"18.8";"2.42"
"Broad Run HS";"Apr 7, 2026, 07:00:00";"19";"4.56";"0";"19.65";"2.71"
"Broad Run HS";"Apr 7, 2026, 07:00:00";"19";"4.56";"0";"19.65";"2.71"
"Broad Run HS";"Apr 7, 2026, 06:00:00";"19";"6.41";"0";"21.76";"3.34"
"Broad Run HS";"Apr 7, 2026, 06:00:00";"19";"6.41";"0";"21.76";"3.34"
"Broad Run HS";"Apr 7, 2026, 05:00:00";"19";"6.53";"0";"21.97";"5.88"
"Broad Run HS";"Apr 7, 2026, 05:00:00";"19";"6.53";"0";"21.97";"5.88"
"Broad Run HS";"Apr 7, 2026, 04:00:00";"18";"6.2";"0";"22.27";"3.29"
"Broad Run HS";"Apr 7, 2026, 04:00:00";"18";"6.2";"0";"22.27";"3.29"
"Broad Run HS";"Apr 7, 2026, 03:00:00";"18";"7.41";"0";"24.76";"9.86"
"Broad Run HS";"Apr 7, 2026, 03:00:00";"18";"7.41";"0";"24.76";"9.86"
"Broad Run HS";"Apr 7, 2026, 02:00:00";"16";"7.99";"0";"25.65";"6.76"
"Broad Run HS";"Apr 7, 2026, 02:00:00";"16";"7.99";"0";"25.65";"6.76"
"Broad Run HS";"Apr 7, 2026, 01:00:00";"15";"8.45";"0";"25.32";"3.64"
"Broad Run HS";"Apr 7, 2026, 01:00:00";"15";"8.45";"0";"25.32";"3.64"
"Broad Run HS";"Apr 7, 2026, 00:00:00";"15";"9.33";"0";"26.09";"6.41"
"Broad Run HS";"Apr 7, 2026, 00:00:00";"15";"9.33";"0";"26.09";"6.41"
"Broad Run HS";"Apr 6, 2026, 23:00:00";"14";"9.98";"0";"25.76";"5.36"
"Broad Run HS";"Apr 6, 2026, 23:00:00";"14";"9.98";"0";"25.76";"5.36"
"Broad Run HS";"Apr 6, 2026, 22:00:00";"13";"10.41";"0";"26.4";"10.66"
"Broad Run HS";"Apr 6, 2026, 22:00:00";"13";"10.41";"0";"26.4";"10.66"
"Broad Run HS";"Apr 6, 2026, 21:00:00";"12";"6.83";"0";"26.32";"4.11"
"Broad Run HS";"Apr 6, 2026, 21:00:00";"12";"6.83";"0";"26.32";"4.11"
"Broad Run HS";"Apr 6, 2026, 20:00:00";"11";"4.44";"0";"26.36";"3.59"
"Broad Run HS";"Apr 6, 2026, 20:00:00";"11";"4.44";"0";"26.36";"3.59"
"Broad Run HS";"Apr 6, 2026, 19:00:00";"11";"2.73";"0";"27.02";"3.44"
"Broad Run HS";"Apr 6, 2026, 19:00:00";"11";"2.73";"0";"27.02";"3.44"
"Broad Run HS";"Apr 6, 2026, 18:00:00";"10";"2.04";"0";"27.6";"2.79"
"Broad Run HS";"Apr 6, 2026, 18:00:00";"10";"2.04";"0";"27.6";"2.79"
"Broad Run HS";"Apr 6, 2026, 17:00:00";"10";"1.76";"0";"28.3";"3.45"
"Broad Run HS";"Apr 6, 2026, 17:00:00";"10";"1.76";"0";"28.3";"3.45"
"Broad Run HS";"Apr 6, 2026, 16:00:00";"10";"1.61";"0";"27.77";"4.23"
"Broad Run HS";"Apr 6, 2026, 16:00:00";"10";"1.61";"0";"27.77";"4.23"
"Broad Run HS";"Apr 6, 2026, 15:00:00";"9";"0.97";"0";"28.43";"4.54"
"Broad Run HS";"Apr 6, 2026, 15:00:00";"9";"0.97";"0";"28.43";"4.54"
"Broad Run HS";"Apr 6, 2026, 14:00:00";"8";"1.67";"0";"27.06";"4.49"
"Broad Run HS";"Apr 6, 2026, 14:00:00";"8";"1.67";"0";"27.06";"4.49"
"Broad Run HS";"Apr 6, 2026, 13:00:00";"8";"1.86";"0";"26.18";"3.97"
"Broad Run HS";"Apr 6, 2026, 13:00:00";"8";"1.86";"0";"26.18";"3.97"
"Broad Run HS";"Apr 6, 2026, 12:00:00";"7";"2.4";"0";"25.12";"3.67"
"Broad Run HS";"Apr 6, 2026, 12:00:00";"7";"2.4";"0";"25.12";"3.67"
"Broad Run HS";"Apr 6, 2026, 11:00:00";"7";"2.86";"0";"23.14";"3.21"
"Broad Run HS";"Apr 6, 2026, 11:00:00";"7";"2.86";"0";"23.14";"3.21"
"Broad Run HS";"Apr 6, 2026, 10:00:00";"7";"3.65";"0";"21.85";"2.82"
"Broad Run HS";"Apr 6, 2026, 10:00:00";"7";"3.65";"0";"21.85";"2.82"
"Broad Run HS";"Apr 6, 2026, 09:00:00";"7";"4.62";"0";"20.97";"2.81"
"Broad Run HS";"Apr 6, 2026, 09:00:00";"7";"4.62";"0";"20.97";"2.81"
"Broad Run HS";"Apr 6, 2026, 08:00:00";"8";"5.85";"0";"20.03";"2.47"
"Broad Run HS";"Apr 6, 2026, 08:00:00";"8";"5.85";"0";"20.03";"2.47"
"Broad Run HS";"Apr 6, 2026, 07:00:00";"8";"4.85";"0";"19.64";"2.34"
"Broad Run HS";"Apr 6, 2026, 07:00:00";"8";"4.85";"0";"19.64";"2.34"
"Broad Run HS";"Apr 6, 2026, 06:00:00";"9";"4.6";"0";"20.47";"1.7"
"Broad Run HS";"Apr 6, 2026, 06:00:00";"9";"4.6";"0";"20.47";"1.7"
"Broad Run HS";"Apr 6, 2026, 05:00:00";"9";"3.71";"0";"20.79";"1.6"
"Broad Run HS";"Apr 6, 2026, 05:00:00";"9";"3.71";"0";"20.79";"1.6"
"Broad Run HS";"Apr 6, 2026, 04:00:00";"10";"3.2";"0";"20.75";"1.56"
"Broad Run HS";"Apr 6, 2026, 04:00:00";"10";"3.2";"0";"20.75";"1.56"
"Broad Run HS";"Apr 6, 2026, 03:00:00";"10";"2.85";"0";"21.72";"1.41"
"Broad Run HS";"Apr 6, 2026, 03:00:00";"10";"2.85";"0";"21.72";"1.41"
"Broad Run HS";"Apr 6, 2026, 02:00:00";"11";"2.47";"0";"23.09";"1.45"
"Broad Run HS";"Apr 6, 2026, 02:00:00";"11";"2.47";"0";"23.09";"1.45"
"Broad Run HS";"Apr 6, 2026, 01:00:00";"11";"2.19";"0";"23.9";"1.32"
"Broad Run HS";"Apr 6, 2026, 01:00:00";"11";"2.19";"0";"23.9";"1.32"
"Broad Run HS";"Apr 6, 2026, 00:00:00";"12";"1.81";"0";"24.66";"1.37"
"Broad Run HS";"Apr 6, 2026, 00:00:00";"12";"1.81";"0";"24.66";"1.37"
"Broad Run HS";"Apr 5, 2026, 23:00:00";"13";"1.5";"0";"26.55";"1.01"
"Broad Run HS";"Apr 5, 2026, 23:00:00";"13";"1.5";"0";"26.55";"1.01"
"Broad Run HS";"Apr 5, 2026, 22:00:00";"14";"0.96";"0";"28.53";"0.95"
"Broad Run HS";"Apr 5, 2026, 22:00:00";"14";"0.96";"0";"28.53";"0.95"
"Broad Run HS";"Apr 5, 2026, 21:00:00";"16";"0.67";"0";"29.79";"0.84"
"Broad Run HS";"Apr 5, 2026, 21:00:00";"16";"0.67";"0";"29.79";"0.84"
"Broad Run HS";"Apr 5, 2026, 20:00:00";"17";"0.17";"0";"32.49";"1.79"
"Broad Run HS";"Apr 5, 2026, 20:00:00";"17";"0.17";"0";"32.49";"1.79"
"Broad Run HS";"Apr 5, 2026, 19:00:00";"18";"0";"0";"36.49";"1.16"
"Broad Run HS";"Apr 5, 2026, 19:00:00";"18";"0";"0";"36.49";"1.16"
"Broad Run HS";"Apr 5, 2026, 18:00:00";"19";"0";"0";"44.34";"1.2"
"Broad Run HS";"Apr 5, 2026, 18:00:00";"19";"0";"0";"44.34";"1.2"
"Broad Run HS";"Apr 5, 2026, 17:00:00";"20";"0";"0";"51.77";"0.86"
"Broad Run HS";"Apr 5, 2026, 17:00:00";"20";"0";"0";"51.77";"0.86"
"Broad Run HS";"Apr 5, 2026, 16:00:00";"21";"0.18";"0";"55.17";"0.74"
"Broad Run HS";"Apr 5, 2026, 16:00:00";"21";"0.18";"0";"55.17";"0.74"
"Broad Run HS";"Apr 5, 2026, 15:00:00";"22";"0.82";"0";"53.43";"0.96"
"Broad Run HS";"Apr 5, 2026, 15:00:00";"22";"0.82";"0";"53.43";"0.96"
"Broad Run HS";"Apr 5, 2026, 14:00:00";"23";"1.02";"0";"61.71";"0.59"
"Broad Run HS";"Apr 5, 2026, 14:00:00";"23";"1.02";"0";"61.71";"0.59"
"Broad Run HS";"Apr 5, 2026, 13:00:00";"24";"1.36";"0";"68.8";"1.36"
"Broad Run HS";"Apr 5, 2026, 13:00:00";"24";"1.36";"0";"68.8";"1.36"
"Broad Run HS";"Apr 5, 2026, 12:00:00";"25";"0.62";"0";"62.18";"1.08"
"Broad Run HS";"Apr 5, 2026, 12:00:00";"25";"0.62";"0";"62.18";"1.08"
"Broad Run HS";"Apr 5, 2026, 11:00:00";"27";"0.2";"0";"68.38";"2.69"
"Broad Run HS";"Apr 5, 2026, 11:00:00";"27";"0.2";"0";"68.38";"2.69"
"Broad Run HS";"Apr 5, 2026, 10:00:00";"27";"0.1";"0";"73.45";"5.99"
"Broad Run HS";"Apr 5, 2026, 10:00:00";"27";"0.1";"0";"73.45";"5.99"
"Broad Run HS";"Apr 5, 2026, 09:00:00";"28";"0.01";"0";"70.06";"4.94"
"Broad Run HS";"Apr 5, 2026, 09:00:00";"28";"0.01";"0";"70.06";"4.94"
"Broad Run HS";"Apr 5, 2026, 08:00:00";"28";"0.17";"0";"66.32";"4.74"
"Broad Run HS";"Apr 5, 2026, 08:00:00";"28";"0.17";"0";"66.32";"4.74"
"Broad Run HS";"Apr 5, 2026, 07:00:00";"29";"0.04";"0";"63.27";"4.82"
"Broad Run HS";"Apr 5, 2026, 07:00:00";"29";"0.04";"0";"63.27";"4.82"
"Broad Run HS";"Apr 5, 2026, 06:00:00";"29";"0";"0";"61.14";"4.49"
"Broad Run HS";"Apr 5, 2026, 06:00:00";"29";"0";"0";"61.14";"4.49"
"Broad Run HS";"Apr 5, 2026, 05:00:00";"30";"0";"0";"61.52";"4.82"
"Broad Run HS";"Apr 5, 2026, 05:00:00";"30";"0";"0";"61.52";"4.82"
"Broad Run HS";"Apr 5, 2026, 04:00:00";"30";"0";"0";"60.57";"5"
"Broad Run HS";"Apr 5, 2026, 04:00:00";"30";"0";"0";"60.57";"5"
"Broad Run HS";"Apr 5, 2026, 03:00:00";"31";"0";"0";"59.74";"4.82"
"Broad Run HS";"Apr 5, 2026, 03:00:00";"31";"0";"0";"59.74";"4.82"
"Broad Run HS";"Apr 5, 2026, 02:00:00";"31";"0";"0";"60.01";"5.73"
"Broad Run HS";"Apr 5, 2026, 02:00:00";"31";"0";"0";"60.01";"5.73"
"Broad Run HS";"Apr 5, 2026, 01:00:00";"31";"0";"0";"58.86";"6.26"
"Broad Run HS";"Apr 5, 2026, 01:00:00";"31";"0";"0";"58.86";"6.26"
"Broad Run HS";"Apr 5, 2026, 00:00:00";"32";"0";"0";"58.07";"7.11"
"Broad Run HS";"Apr 5, 2026, 00:00:00";"32";"0";"0";"58.07";"7.11"
"Broad Run HS";"Apr 4, 2026, 23:00:00";"32";"0";"0";"55.7";"7.25"
"Broad Run HS";"Apr 4, 2026, 23:00:00";"32";"0";"0";"55.7";"7.25"
"Broad Run HS";"Apr 4, 2026, 22:00:00";"32";"0.04";"0";"55.65";"8.5"
"Broad Run HS";"Apr 4, 2026, 22:00:00";"32";"0.04";"0";"55.65";"8.5"
"Broad Run HS";"Apr 4, 2026, 21:00:00";"32";"0";"0";"56.95";"7.65"
"Broad Run HS";"Apr 4, 2026, 21:00:00";"32";"0";"0";"56.95";"7.65"
"Broad Run HS";"Apr 4, 2026, 20:00:00";"32";"0";"0";"60";"7.28"
"Broad Run HS";"Apr 4, 2026, 20:00:00";"32";"0";"0";"60";"7.28"
"Broad Run HS";"Apr 4, 2026, 19:00:00";"32";"0";"0";"66.76";"6.2"
"Broad Run HS";"Apr 4, 2026, 19:00:00";"32";"0";"0";"66.76";"6.2"
"Broad Run HS";"Apr 4, 2026, 18:00:00";"32";"0";"0";"74.28";"6.27"
"Broad Run HS";"Apr 4, 2026, 18:00:00";"32";"0";"0";"74.28";"6.27"
"Broad Run HS";"Apr 4, 2026, 17:00:00";"32";"0";"0";"78.29";"6.34"
"Broad Run HS";"Apr 4, 2026, 17:00:00";"32";"0";"0";"78.29";"6.34"
"Broad Run HS";"Apr 4, 2026, 16:00:00";"32";"0";"0";"88.73";"6.9"
"Broad Run HS";"Apr 4, 2026, 16:00:00";"32";"0";"0";"88.73";"6.9"
"Broad Run HS";"Apr 4, 2026, 15:00:00";"32";"0";"0";"92.02";"7.44"
"Broad Run HS";"Apr 4, 2026, 15:00:00";"32";"0";"0";"92.02";"7.44"
"Broad Run HS";"Apr 4, 2026, 14:00:00";"33";"0";"0";"94.05";"8.02"
"Broad Run HS";"Apr 4, 2026, 14:00:00";"33";"0";"0";"94.05";"8.02"
"Broad Run HS";"Apr 4, 2026, 13:00:00";"33";"0";"0";"94.21";"8.17"
"Broad Run HS";"Apr 4, 2026, 13:00:00";"33";"0";"0";"94.21";"8.17"
"Broad Run HS";"Apr 4, 2026, 12:00:00";"33";"0";"0";"91.05";"8.6"
"Broad Run HS";"Apr 4, 2026, 12:00:00";"33";"0";"0";"91.05";"8.6"
"Broad Run HS";"Apr 4, 2026, 11:00:00";"33";"0.07";"0";"93.73";"7.55"
"Broad Run HS";"Apr 4, 2026, 11:00:00";"33";"0.07";"0";"93.73";"7.55"
"Broad Run HS";"Apr 4, 2026, 10:00:00";"33";"2.85";"0";"88.85";"7.26"
"Broad Run HS";"Apr 4, 2026, 10:00:00";"33";"2.85";"0";"88.85";"7.26"
"Broad Run HS";"Apr 4, 2026, 09:00:00";"34";"3.26";"0";"76.16";"8.36"
"Broad Run HS";"Apr 4, 2026, 09:00:00";"34";"3.26";"0";"76.16";"8.36"
"Broad Run HS";"Apr 4, 2026, 08:00:00";"34";"1.5";"0";"75.26";"7.11"
"Broad Run HS";"Apr 4, 2026, 08:00:00";"34";"1.5";"0";"75.26";"7.11"
"Broad Run HS";"Apr 4, 2026, 07:00:00";"35";"0.79";"0";"70.19";"7.75"
"Broad Run HS";"Apr 4, 2026, 07:00:00";"35";"0.79";"0";"70.19";"7.75"
"Broad Run HS";"Apr 4, 2026, 06:00:00";"36";"1.05";"0";"68.3";"7.68"
"Broad Run HS";"Apr 4, 2026, 06:00:00";"36";"1.05";"0";"68.3";"7.68"
"Broad Run HS";"Apr 4, 2026, 05:00:00";"36";"0.86";"0";"66.86";"7.27"
"Broad Run HS";"Apr 4, 2026, 05:00:00";"36";"0.86";"0";"66.86";"7.27"
"Broad Run HS";"Apr 4, 2026, 04:00:00";"35";"0.47";"0";"66.12";"7.8"
"Broad Run HS";"Apr 4, 2026, 04:00:00";"35";"0.47";"0";"66.12";"7.8"
"Broad Run HS";"Apr 4, 2026, 03:00:00";"35";"0.19";"0";"65.64";"7.87"
"Broad Run HS";"Apr 4, 2026, 03:00:00";"35";"0.19";"0";"65.64";"7.87"
"Broad Run HS";"Apr 4, 2026, 02:00:00";"34";"0.08";"0";"66.49";"7.71"
"Broad Run HS";"Apr 4, 2026, 02:00:00";"34";"0.08";"0";"66.49";"7.71"
"Broad Run HS";"Apr 4, 2026, 01:00:00";"34";"0.06";"0";"67.75";"7.55"
"Broad Run HS";"Apr 4, 2026, 01:00:00";"34";"0.06";"0";"67.75";"7.55"
"Broad Run HS";"Apr 4, 2026, 00:00:00";"34";"0.02";"0";"68.54";"7.42"
"Broad Run HS";"Apr 4, 2026, 00:00:00";"34";"0.02";"0";"68.54";"7.42"
"Broad Run HS";"Apr 3, 2026, 23:00:00";"35";"0.16";"0";"70.17";"7.21"
"Broad Run HS";"Apr 3, 2026, 23:00:00";"35";"0.16";"0";"70.17";"7.21"
"Broad Run HS";"Apr 3, 2026, 22:00:00";"35";"0.01";"0";"70.52";"7.68"
"Broad Run HS";"Apr 3, 2026, 22:00:00";"35";"0.01";"0";"70.52";"7.68"
"Broad Run HS";"Apr 3, 2026, 21:00:00";"36";"0";"0";"70.9";"8.37"
"Broad Run HS";"Apr 3, 2026, 21:00:00";"36";"0";"0";"70.9";"8.37"
"Broad Run HS";"Apr 3, 2026, 20:00:00";"36";"0";"0";"75.21";"8.34"
"Broad Run HS";"Apr 3, 2026, 20:00:00";"36";"0";"0";"75.21";"8.34"
"Broad Run HS";"Apr 3, 2026, 19:00:00";"36";"0";"0";"80.34";"6.64"
"Broad Run HS";"Apr 3, 2026, 19:00:00";"36";"0";"0";"80.34";"6.64"
"Broad Run HS";"Apr 3, 2026, 18:00:00";"37";"0";"0";"86.29";"6.67"
"Broad Run HS";"Apr 3, 2026, 18:00:00";"37";"0";"0";"86.29";"6.67"
"Broad Run HS";"Apr 3, 2026, 17:00:00";"37";"0";"0";"92.6";"7.05"
"Broad Run HS";"Apr 3, 2026, 17:00:00";"37";"0";"0";"92.6";"7.05"
"Broad Run HS";"Apr 3, 2026, 16:00:00";"37";"0";"0";"97.09";"7.92"
"Broad Run HS";"Apr 3, 2026, 16:00:00";"37";"0";"0";"97.09";"7.92"
"Broad Run HS";"Apr 3, 2026, 15:00:00";"38";"0.18";"0";"98.99";"9.18"
"Broad Run HS";"Apr 3, 2026, 15:00:00";"38";"0.18";"0";"98.99";"9.18"
"Broad Run HS";"Apr 3, 2026, 14:00:00";"39";"1.98";"0";"81.53";"10.79"
"Broad Run HS";"Apr 3, 2026, 14:00:00";"39";"1.98";"0";"81.53";"10.79"
"Broad Run HS";"Apr 3, 2026, 13:00:00";"41";"2.65";"0";"64.16";"9.91"
"Broad Run HS";"Apr 3, 2026, 13:00:00";"41";"2.65";"0";"64.16";"9.91"
"Broad Run HS";"Apr 3, 2026, 12:00:00";"43";"3.88";"0";"55.75";"7.69"
"Broad Run HS";"Apr 3, 2026, 12:00:00";"43";"3.88";"0";"55.75";"7.69"
"Broad Run HS";"Apr 3, 2026, 11:00:00";"45";"5.53";"0";"50.51";"7.31"
"Broad Run HS";"Apr 3, 2026, 11:00:00";"45";"5.53";"0";"50.51";"7.31"
"Broad Run HS";"Apr 3, 2026, 10:00:00";"48";"6.71";"0";"45.63";"11.75"
"Broad Run HS";"Apr 3, 2026, 10:00:00";"48";"6.71";"0";"45.63";"11.75"
"Broad Run HS";"Apr 3, 2026, 09:00:00";"50";"6.8";"0";"42.95";"9.53"
"Broad Run HS";"Apr 3, 2026, 09:00:00";"50";"6.8";"0";"42.95";"9.53"
"Broad Run HS";"Apr 3, 2026, 08:00:00";"52";"9.81";"0";"42.16";"12.25"
"Broad Run HS";"Apr 3, 2026, 08:00:00";"52";"9.81";"0";"42.16";"12.25"
"Broad Run HS";"Apr 3, 2026, 07:00:00";"52";"6.11";"0";"41.05";"11.83"
"Broad Run HS";"Apr 3, 2026, 07:00:00";"52";"6.11";"0";"41.05";"11.83"
"Broad Run HS";"Apr 3, 2026, 06:00:00";"52";"4.08";"0";"39.44";"6.09"
"Broad Run HS";"Apr 3, 2026, 06:00:00";"52";"4.08";"0";"39.44";"6.09"
"Broad Run HS";"Apr 3, 2026, 05:00:00";"53";"3.55";"0";"39.42";"4.59"
"Broad Run HS";"Apr 3, 2026, 05:00:00";"53";"3.55";"0";"39.42";"4.59"
"Broad Run HS";"Apr 3, 2026, 04:00:00";"54";"3.65";"0";"39.23";"5.13"
"Broad Run HS";"Apr 3, 2026, 04:00:00";"54";"3.65";"0";"39.23";"5.13"
"Broad Run HS";"Apr 3, 2026, 03:00:00";"55";"2.81";"0";"38.41";"5.95"
"Broad Run HS";"Apr 3, 2026, 03:00:00";"55";"2.81";"0";"38.41";"5.95"
"Broad Run HS";"Apr 3, 2026, 02:00:00";"55";"3";"0";"38.48";"6"
"Broad Run HS";"Apr 3, 2026, 02:00:00";"55";"3";"0";"38.48";"6"
"Broad Run HS";"Apr 3, 2026, 01:00:00";"55";"3.53";"0";"39.07";"8.51"
"Broad Run HS";"Apr 3, 2026, 01:00:00";"55";"3.53";"0";"39.07";"8.51"
"Broad Run HS";"Apr 3, 2026, 00:00:00";"55";"3.41";"0";"38.84";"9.76"
"Broad Run HS";"Apr 3, 2026, 00:00:00";"55";"3.41";"0";"38.84";"9.76"
"Broad Run HS";"Apr 2, 2026, 23:00:00";"55";"3.67";"0";"38.95";"10.59"
"Broad Run HS";"Apr 2, 2026, 23:00:00";"55";"3.67";"0";"38.95";"10.59"
"Broad Run HS";"Apr 2, 2026, 22:00:00";"55";"3.51";"0";"39.56";"9.85"
"Broad Run HS";"Apr 2, 2026, 22:00:00";"55";"3.51";"0";"39.56";"9.85"
"Broad Run HS";"Apr 2, 2026, 21:00:00";"54";"2.97";"0";"40.3";"9.68"
"Broad Run HS";"Apr 2, 2026, 21:00:00";"54";"2.97";"0";"40.3";"9.68"
"Broad Run HS";"Apr 2, 2026, 20:00:00";"54";"3.12";"0";"42.47";"10.69"
"Broad Run HS";"Apr 2, 2026, 20:00:00";"54";"3.12";"0";"42.47";"10.69"
"Broad Run HS";"Apr 2, 2026, 19:00:00";"54";"3.01";"0";"44.41";"8.97"
"Broad Run HS";"Apr 2, 2026, 19:00:00";"54";"3.01";"0";"44.41";"8.97"
"Broad Run HS";"Apr 2, 2026, 18:00:00";"54";"2.72";"0";"45.6";"8.75"
"Broad Run HS";"Apr 2, 2026, 18:00:00";"54";"2.72";"0";"45.6";"8.75"
"Broad Run HS";"Apr 2, 2026, 17:00:00";"54";"2.45";"0";"47.98";"7.83"
"Broad Run HS";"Apr 2, 2026, 17:00:00";"54";"2.45";"0";"47.98";"7.83"
"Broad Run HS";"Apr 2, 2026, 16:00:00";"53";"2.71";"0";"49.47";"10.88"
"Broad Run HS";"Apr 2, 2026, 16:00:00";"53";"2.71";"0";"49.47";"10.88"
"Broad Run HS";"Apr 2, 2026, 15:00:00";"53";"3.69";"0";"49.8";"19.5"
"Broad Run HS";"Apr 2, 2026, 15:00:00";"53";"3.69";"0";"49.8";"19.5"
"Broad Run HS";"Apr 2, 2026, 14:00:00";"52";"4.16";"0";"49.41";"20.27"
"Broad Run HS";"Apr 2, 2026, 14:00:00";"52";"4.16";"0";"49.41";"20.27"
"Broad Run HS";"Apr 2, 2026, 13:00:00";"50";"3.62";"0";"50.4";"20.77"
"Broad Run HS";"Apr 2, 2026, 13:00:00";"50";"3.62";"0";"50.4";"20.77"
"Broad Run HS";"Apr 2, 2026, 12:00:00";"48";"3.87";"0";"51.47";"21.52"
"Broad Run HS";"Apr 2, 2026, 12:00:00";"48";"3.87";"0";"51.47";"21.52"
"Broad Run HS";"Apr 2, 2026, 11:00:00";"45";"3.28";"0";"53.4";"22.91"
"Broad Run HS";"Apr 2, 2026, 11:00:00";"45";"3.28";"0";"53.4";"22.91"
"Broad Run HS";"Apr 2, 2026, 10:00:00";"42";"4.1";"0";"54.98";"25.8"
"Broad Run HS";"Apr 2, 2026, 10:00:00";"42";"4.1";"0";"54.98";"25.8"
"Broad Run HS";"Apr 2, 2026, 09:00:00";"39";"2.41";"0";"52.87";"24.62"
"Broad Run HS";"Apr 2, 2026, 09:00:00";"39";"2.41";"0";"52.87";"24.62"
"Broad Run HS";"Apr 2, 2026, 08:00:00";"37";"1.83";"0";"52.74";"16.56"
"Broad Run HS";"Apr 2, 2026, 08:00:00";"37";"1.83";"0";"52.74";"16.56"
"Broad Run HS";"Apr 2, 2026, 07:00:00";"36";"1.25";"0";"54.55";"14.73"
"Broad Run HS";"Apr 2, 2026, 07:00:00";"36";"1.25";"0";"54.55";"14.73"
"Broad Run HS";"Apr 2, 2026, 06:00:00";"35";"1.51";"0";"60.3";"13.77"
"Broad Run HS";"Apr 2, 2026, 06:00:00";"35";"1.51";"0";"60.3";"13.77"
"Broad Run HS";"Apr 2, 2026, 05:00:00";"34";"1.77";"0";"66.09";"17.77"
"Broad Run HS";"Apr 2, 2026, 05:00:00";"34";"1.77";"0";"66.09";"17.77"
"Broad Run HS";"Apr 2, 2026, 04:00:00";"33";"1.61";"0";"66.63";"8.92"
"Broad Run HS";"Apr 2, 2026, 04:00:00";"33";"1.61";"0";"66.63";"8.92"
"Broad Run HS";"Apr 2, 2026, 03:00:00";"33";"1.88";"0";"67.76";"9.55"
"Broad Run HS";"Apr 2, 2026, 03:00:00";"33";"1.88";"0";"67.76";"9.55"
"Broad Run HS";"Apr 2, 2026, 02:00:00";"33";"1.75";"0";"67.82";"9.67"
"Broad Run HS";"Apr 2, 2026, 02:00:00";"33";"1.75";"0";"67.82";"9.67"
"Broad Run HS";"Apr 2, 2026, 01:00:00";"32";"2.68";"0";"65.86";"6.75"
"Broad Run HS";"Apr 2, 2026, 01:00:00";"32";"2.68";"0";"65.86";"6.75"
"Broad Run HS";"Apr 2, 2026, 00:00:00";"33";"3";"0";"67.14";"6.43"
"Broad Run HS";"Apr 2, 2026, 00:00:00";"33";"3";"0";"67.14";"6.43"
"Broad Run HS";"Apr 1, 2026, 23:00:00";"33";"2.83";"0";"67.46";"6.95"
"Broad Run HS";"Apr 1, 2026, 23:00:00";"33";"2.83";"0";"67.46";"6.95"
"Broad Run HS";"Apr 1, 2026, 22:00:00";"34";"3.83";"0";"70.76";"8.2"
"Broad Run HS";"Apr 1, 2026, 22:00:00";"34";"3.83";"0";"70.76";"8.2"
"Broad Run HS";"Apr 1, 2026, 21:00:00";"34";"3.91";"0";"68.89";"8.16"
"Broad Run HS";"Apr 1, 2026, 21:00:00";"34";"3.91";"0";"68.89";"8.16"
"Broad Run HS";"Apr 1, 2026, 20:00:00";"35";"1.76";"0";"65.53";"6.87"
"Broad Run HS";"Apr 1, 2026, 20:00:00";"35";"1.76";"0";"65.53";"6.87"
"Broad Run HS";"Apr 1, 2026, 19:00:00";"35";"0.68";"0";"56.63";"8.02"
"Broad Run HS";"Apr 1, 2026, 19:00:00";"35";"0.68";"0";"56.63";"8.02"
"Broad Run HS";"Apr 1, 2026, 18:00:00";"35";"0.04";"0";"51.52";"5.74"
"Broad Run HS";"Apr 1, 2026, 18:00:00";"35";"0.04";"0";"51.52";"5.74"
"Broad Run HS";"Apr 1, 2026, 17:00:00";"35";"0";"0";"60.89";"6.39"
"Broad Run HS";"Apr 1, 2026, 17:00:00";"35";"0";"0";"60.89";"6.39"
"Broad Run HS";"Apr 1, 2026, 16:00:00";"36";"0";"0";"70.27";"6.02"
"Broad Run HS";"Apr 1, 2026, 16:00:00";"36";"0";"0";"70.27";"6.02"
"Broad Run HS";"Apr 1, 2026, 15:00:00";"36";"0";"0";"69.4";"5.72"
"Broad Run HS";"Apr 1, 2026, 15:00:00";"36";"0";"0";"69.4";"5.72"
"Broad Run HS";"Apr 1, 2026, 14:00:00";"37";"0";"0";"67.52";"5.97"
"Broad Run HS";"Apr 1, 2026, 14:00:00";"37";"0";"0";"67.52";"5.97"
"Broad Run HS";"Apr 1, 2026, 13:00:00";"37";"0";"0";"62.53";"6.02"
"Broad Run HS";"Apr 1, 2026, 13:00:00";"37";"0";"0";"62.53";"6.02"
"Broad Run HS";"Apr 1, 2026, 12:00:00";"38";"0";"0";"58.72";"5.3"
"Broad Run HS";"Apr 1, 2026, 12:00:00";"38";"0";"0";"58.72";"5.3"
"Broad Run HS";"Apr 1, 2026, 11:00:00";"38";"0";"0";"54.93";"5.69"
"Broad Run HS";"Apr 1, 2026, 11:00:00";"38";"0";"0";"54.93";"5.69"
"Broad Run HS";"Apr 1, 2026, 10:00:00";"39";"1.48";"0";"54.58";"9.34"
"Broad Run HS";"Apr 1, 2026, 10:00:00";"39";"1.48";"0";"54.58";"9.34"
"Broad Run HS";"Apr 1, 2026, 09:00:00";"38";"4.36";"0";"53.41";"10.43"
"Broad Run HS";"Apr 1, 2026, 09:00:00";"38";"4.36";"0";"53.41";"10.43"
"Broad Run HS";"Apr 1, 2026, 08:00:00";"38";"6.19";"0";"49.64";"10.27"
"Broad Run HS";"Apr 1, 2026, 08:00:00";"38";"6.19";"0";"49.64";"10.27"
"Broad Run HS";"Apr 1, 2026, 07:00:00";"37";"3.92";"0";"47.4";"10.39"
"Broad Run HS";"Apr 1, 2026, 07:00:00";"37";"3.92";"0";"47.4";"10.39"
"Broad Run HS";"Apr 1, 2026, 06:00:00";"37";"2.09";"0";"47.19";"10.25"
"Broad Run HS";"Apr 1, 2026, 06:00:00";"37";"2.09";"0";"47.19";"10.25"
"Broad Run HS";"Apr 1, 2026, 05:00:00";"36";"1.14";"0";"47.62";"9.4"
"Broad Run HS";"Apr 1, 2026, 05:00:00";"36";"1.14";"0";"47.62";"9.4"
"Broad Run HS";"Apr 1, 2026, 04:00:00";"36";"1.24";"0";"45.88";"8.86"
"Broad Run HS";"Apr 1, 2026, 04:00:00";"36";"1.24";"0";"45.88";"8.86"
"Broad Run HS";"Apr 1, 2026, 03:00:00";"35";"1.22";"0";"44.05";"8.18"
"Broad Run HS";"Apr 1, 2026, 03:00:00";"35";"1.22";"0";"44.05";"8.18"
"Broad Run HS";"Apr 1, 2026, 02:00:00";"35";"0.06";"0";"43.99";"8.17"
"Broad Run HS";"Apr 1, 2026, 02:00:00";"35";"0.06";"0";"43.99";"8.17"
"Broad Run HS";"Apr 1, 2026, 01:00:00";"35";"0";"0";"44.14";"8.7"
"Broad Run HS";"Apr 1, 2026, 01:00:00";"35";"0";"0";"44.14";"8.7"
"Broad Run HS";"Apr 1, 2026, 00:00:00";"35";"0";"0";"43.87";"9.33"
"Broad Run HS";"Apr 1, 2026, 00:00:00";"35";"0";"0";"43.87";"9.33"
"Broad Run HS";"Mar 31, 2026, 23:00:00";"34";"0";"0";"43.12";"10.18"
"Broad Run HS";"Mar 31, 2026, 23:00:00";"34";"0";"0";"43.12";"10.18"
"Broad Run HS";"Mar 31, 2026, 22:00:00";"34";"0";"0";"43.68";"10.77"
"Broad Run HS";"Mar 31, 2026, 22:00:00";"34";"0";"0";"43.68";"10.77"
"Broad Run HS";"Mar 31, 2026, 21:00:00";"33";"0";"0";"46.48";"10.01"
"Broad Run HS";"Mar 31, 2026, 21:00:00";"33";"0";"0";"46.48";"10.01"
"Broad Run HS";"Mar 31, 2026, 20:00:00";"33";"0";"0";"49.61";"9.65"
"Broad Run HS";"Mar 31, 2026, 20:00:00";"33";"0";"0";"49.61";"9.65"
"Broad Run HS";"Mar 31, 2026, 19:00:00";"32";"0";"0";"53.62";"8.31"
"Broad Run HS";"Mar 31, 2026, 19:00:00";"32";"0";"0";"53.62";"8.31"
"Broad Run HS";"Mar 31, 2026, 18:00:00";"32";"0";"0";"56.39";"8.07"
"Broad Run HS";"Mar 31, 2026, 18:00:00";"32";"0";"0";"56.39";"8.07"
"Broad Run HS";"Mar 31, 2026, 17:00:00";"32";"0";"0";"59.82";"8.28"
"Broad Run HS";"Mar 31, 2026, 17:00:00";"32";"0";"0";"59.82";"8.28"
"Broad Run HS";"Mar 31, 2026, 16:00:00";"32";"0";"0";"59.82";"8.26"
"Broad Run HS";"Mar 31, 2026, 16:00:00";"32";"0";"0";"59.82";"8.26"
"Broad Run HS";"Mar 31, 2026, 15:00:00";"31";"0";"0";"58.29";"8.57"
"Broad Run HS";"Mar 31, 2026, 15:00:00";"31";"0";"0";"58.29";"8.57"
"Broad Run HS";"Mar 31, 2026, 14:00:00";"31";"0";"0";"56.76";"8.83"
"Broad Run HS";"Mar 31, 2026, 14:00:00";"31";"0";"0";"56.76";"8.83"
"Broad Run HS";"Mar 31, 2026, 13:00:00";"31";"0";"0";"51.07";"8.13"
"Broad Run HS";"Mar 31, 2026, 13:00:00";"31";"0";"0";"51.07";"8.13"
"Broad Run HS";"Mar 31, 2026, 12:00:00";"30";"0";"0";"47.75";"8.99"
"Broad Run HS";"Mar 31, 2026, 12:00:00";"30";"0";"0";"47.75";"8.99"
"Broad Run HS";"Mar 31, 2026, 11:00:00";"30";"0.86";"0";"47.52";"8.51"
"Broad Run HS";"Mar 31, 2026, 11:00:00";"30";"0.86";"0";"47.52";"8.51"
"Broad Run HS";"Mar 31, 2026, 10:00:00";"29";"1.39";"0";"44.64";"7.75"
"Broad Run HS";"Mar 31, 2026, 10:00:00";"29";"1.39";"0";"44.64";"7.75"
"Broad Run HS";"Mar 31, 2026, 09:00:00";"29";"2.57";"0";"40.36";"7.08"
"Broad Run HS";"Mar 31, 2026, 09:00:00";"29";"2.57";"0";"40.36";"7.08"
"Broad Run HS";"Mar 31, 2026, 08:00:00";"29";"3.23";"0";"37.39";"7.1"
"Broad Run HS";"Mar 31, 2026, 08:00:00";"29";"3.23";"0";"37.39";"7.1"
"Broad Run HS";"Mar 31, 2026, 07:00:00";"28";"1.43";"0";"36.97";"7.31"
"Broad Run HS";"Mar 31, 2026, 07:00:00";"28";"1.43";"0";"36.97";"7.31"
"Broad Run HS";"Mar 31, 2026, 06:00:00";"28";"1.02";"0";"37.96";"6.99"
"Broad Run HS";"Mar 31, 2026, 06:00:00";"28";"1.02";"0";"37.96";"6.99"
"Broad Run HS";"Mar 31, 2026, 05:00:00";"27";"0.5";"0";"38.28";"6.85"
"Broad Run HS";"Mar 31, 2026, 05:00:00";"27";"0.5";"0";"38.28";"6.85"
"Broad Run HS";"Mar 31, 2026, 04:00:00";"27";"0.61";"0";"38.26";"6.89"
"Broad Run HS";"Mar 31, 2026, 04:00:00";"27";"0.61";"0";"38.26";"6.89"
"Broad Run HS";"Mar 31, 2026, 03:00:00";"26";"0.71";"0";"38.19";"6.92"
"Broad Run HS";"Mar 31, 2026, 03:00:00";"26";"0.71";"0";"38.19";"6.92"
"Broad Run HS";"Mar 31, 2026, 02:00:00";"25";"0.68";"0";"38.65";"7.13"
"Broad Run HS";"Mar 31, 2026, 02:00:00";"25";"0.68";"0";"38.65";"7.13"
"Broad Run HS";"Mar 31, 2026, 01:00:00";"24";"0.28";"0";"39.14";"7.35"
"Broad Run HS";"Mar 31, 2026, 01:00:00";"24";"0.28";"0";"39.14";"7.35"
"Broad Run HS";"Mar 31, 2026, 00:00:00";"23";"0.01";"0";"40.38";"7.56"
"Broad Run HS";"Mar 31, 2026, 00:00:00";"23";"0.01";"0";"40.38";"7.56"
"Broad Run HS";"Mar 30, 2026, 23:00:00";"23";"0.02";"0";"40.42";"7.2"
"Broad Run HS";"Mar 30, 2026, 23:00:00";"23";"0.02";"0";"40.42";"7.2"
"Broad Run HS";"Mar 30, 2026, 22:00:00";"23";"0.02";"0";"39.71";"7.22"
"Broad Run HS";"Mar 30, 2026, 22:00:00";"23";"0.02";"0";"39.71";"7.22"
"Broad Run HS";"Mar 30, 2026, 21:00:00";"22";"0";"0";"40.99";"6.82"
"Broad Run HS";"Mar 30, 2026, 21:00:00";"22";"0";"0";"40.99";"6.82"
"Broad Run HS";"Mar 30, 2026, 20:00:00";"21";"0";"0";"43.03";"6.76"
"Broad Run HS";"Mar 30, 2026, 20:00:00";"21";"0";"0";"43.03";"6.76"
"Broad Run HS";"Mar 30, 2026, 19:00:00";"21";"0";"0";"43.27";"6.75"
"Broad Run HS";"Mar 30, 2026, 19:00:00";"21";"0";"0";"43.27";"6.75"
"Broad Run HS";"Mar 30, 2026, 18:00:00";"20";"0";"0";"42.72";"6.87"
"Broad Run HS";"Mar 30, 2026, 18:00:00";"20";"0";"0";"42.72";"6.87"
"Broad Run HS";"Mar 30, 2026, 17:00:00";"19";"0";"0";"42.46";"7.01"
"Broad Run HS";"Mar 30, 2026, 17:00:00";"19";"0";"0";"42.46";"7.01"
"Broad Run HS";"Mar 30, 2026, 16:00:00";"18";"0.23";"0";"42.97";"7.07"
"Broad Run HS";"Mar 30, 2026, 16:00:00";"18";"0.23";"0";"42.97";"7.07"
"Broad Run HS";"Mar 30, 2026, 15:00:00";"17";"0.62";"0";"41.21";"7.28"
"Broad Run HS";"Mar 30, 2026, 15:00:00";"17";"0.62";"0";"41.21";"7.28"
"Broad Run HS";"Mar 30, 2026, 14:00:00";"17";"2";"0";"37.92";"6.45"
"Broad Run HS";"Mar 30, 2026, 14:00:00";"17";"2";"0";"37.92";"6.45"
"Broad Run HS";"Mar 30, 2026, 13:00:00";"16";"3.93";"0";"35.76";"6.06"
"Broad Run HS";"Mar 30, 2026, 13:00:00";"16";"3.93";"0";"35.76";"6.06"
"Broad Run HS";"Mar 30, 2026, 12:00:00";"15";"6.23";"0";"30.02";"5.91"
"Broad Run HS";"Mar 30, 2026, 12:00:00";"15";"6.23";"0";"30.02";"5.91"
"Broad Run HS";"Mar 30, 2026, 11:00:00";"15";"6.21";"0";"25.76";"6.1"
"Broad Run HS";"Mar 30, 2026, 11:00:00";"15";"6.21";"0";"25.76";"6.1"
"Broad Run HS";"Mar 30, 2026, 10:00:00";"15";"6.7";"0";"24.53";"5.68"
"Broad Run HS";"Mar 30, 2026, 10:00:00";"15";"6.7";"0";"24.53";"5.68"
"Broad Run HS";"Mar 30, 2026, 09:00:00";"14";"6.22";"0";"22.52";"5.61"
"Broad Run HS";"Mar 30, 2026, 09:00:00";"14";"6.22";"0";"22.52";"5.61"
"Broad Run HS";"Mar 30, 2026, 08:00:00";"15";"3.99";"0";"21.37";"4.51"
"Broad Run HS";"Mar 30, 2026, 08:00:00";"15";"3.99";"0";"21.37";"4.51"
"Broad Run HS";"Mar 30, 2026, 07:00:00";"15";"2.86";"0";"20.26";"4.5"
"Broad Run HS";"Mar 30, 2026, 07:00:00";"15";"2.86";"0";"20.26";"4.5"
"Broad Run HS";"Mar 30, 2026, 06:00:00";"15";"2.22";"0";"19.7";"4.17"
"Broad Run HS";"Mar 30, 2026, 06:00:00";"15";"2.22";"0";"19.7";"4.17"
"Broad Run HS";"Mar 30, 2026, 05:00:00";"15";"1.59";"0";"19.4";"3.77"
"Broad Run HS";"Mar 30, 2026, 05:00:00";"15";"1.59";"0";"19.4";"3.77"
"Broad Run HS";"Mar 30, 2026, 04:00:00";"16";"0.99";"0";"19.45";"3.06"
"Broad Run HS";"Mar 30, 2026, 04:00:00";"16";"0.99";"0";"19.45";"3.06"
"Broad Run HS";"Mar 30, 2026, 03:00:00";"16";"0.45";"0";"19.76";"2.24"
"Broad Run HS";"Mar 30, 2026, 03:00:00";"16";"0.45";"0";"19.76";"2.24"
"Broad Run HS";"Mar 30, 2026, 02:00:00";"16";"0.23";"0";"19.65";"1.42"
"Broad Run HS";"Mar 30, 2026, 02:00:00";"16";"0.23";"0";"19.65";"1.42"
"Broad Run HS";"Mar 30, 2026, 01:00:00";"16";"0.37";"0";"19.95";"1.72"
"Broad Run HS";"Mar 30, 2026, 01:00:00";"16";"0.37";"0";"19.95";"1.72"
"Broad Run HS";"Mar 30, 2026, 00:00:00";"17";"1.15";"0";"20.84";"4.05"
"Broad Run HS";"Mar 30, 2026, 00:00:00";"17";"1.15";"0";"20.84";"4.05"
"Broad Run HS";"Mar 29, 2026, 23:00:00";"18";"1.64";"0";"21.71";"5.86"
"Broad Run HS";"Mar 29, 2026, 23:00:00";"18";"1.64";"0";"21.71";"5.86"
"Broad Run HS";"Mar 29, 2026, 22:00:00";"18";"2.25";"0";"22.09";"5.18"
"Broad Run HS";"Mar 29, 2026, 22:00:00";"18";"2.25";"0";"22.09";"5.18"
"Broad Run HS";"Mar 29, 2026, 21:00:00";"19";"1.55";"0";"22.4";"2.22"
"Broad Run HS";"Mar 29, 2026, 21:00:00";"19";"1.55";"0";"22.4";"2.22"
"Broad Run HS";"Mar 29, 2026, 20:00:00";"19";"0.54";"0";"23.33";"2.18"
"Broad Run HS";"Mar 29, 2026, 20:00:00";"19";"0.54";"0";"23.33";"2.18"
"Broad Run HS";"Mar 29, 2026, 19:00:00";"19";"0.19";"0";"24";"2.28"
"Broad Run HS";"Mar 29, 2026, 19:00:00";"19";"0.19";"0";"24";"2.28"
"Broad Run HS";"Mar 29, 2026, 18:00:00";"19";"0";"0";"26.02";"2.4"
"Broad Run HS";"Mar 29, 2026, 18:00:00";"19";"0";"0";"26.02";"2.4"
"Broad Run HS";"Mar 29, 2026, 17:00:00";"19";"0";"0";"26.36";"2.37"
"Broad Run HS";"Mar 29, 2026, 17:00:00";"19";"0";"0";"26.36";"2.37"
"Broad Run HS";"Mar 29, 2026, 16:00:00";"19";"0";"0";"26.63";"2.6"
"Broad Run HS";"Mar 29, 2026, 16:00:00";"19";"0";"0";"26.63";"2.6"
"Broad Run HS";"Mar 29, 2026, 15:00:00";"19";"0";"0";"25.31";"2.76"
"Broad Run HS";"Mar 29, 2026, 15:00:00";"19";"0";"0";"25.31";"2.76"
"Broad Run HS";"Mar 29, 2026, 14:00:00";"20";"0";"0";"23.96";"2.81"
"Broad Run HS";"Mar 29, 2026, 14:00:00";"20";"0";"0";"23.96";"2.81"
"Broad Run HS";"Mar 29, 2026, 13:00:00";"20";"0";"0";"23.06";"2.82"
"Broad Run HS";"Mar 29, 2026, 13:00:00";"20";"0";"0";"23.06";"2.82"
"Broad Run HS";"Mar 29, 2026, 12:00:00";"20";"0";"0";"21.89";"3.26"
"Broad Run HS";"Mar 29, 2026, 12:00:00";"20";"0";"0";"21.89";"3.26"
"Broad Run HS";"Mar 29, 2026, 11:00:00";"20";"0.4";"0";"20.55";"3.48"
"Broad Run HS";"Mar 29, 2026, 11:00:00";"20";"0.4";"0";"20.55";"3.48"
"Broad Run HS";"Mar 29, 2026, 10:00:00";"20";"3.62";"0";"19.78";"5.3"
"Broad Run HS";"Mar 29, 2026, 10:00:00";"20";"3.62";"0";"19.78";"5.3"
"Broad Run HS";"Mar 29, 2026, 09:00:00";"20";"7.16";"0";"20.05";"7.26"
"Broad Run HS";"Mar 29, 2026, 09:00:00";"20";"7.16";"0";"20.05";"7.26"
"Broad Run HS";"Mar 29, 2026, 08:00:00";"20";"16.4";"0";"20.51";"6.47"
"Broad Run HS";"Mar 29, 2026, 08:00:00";"20";"16.4";"0";"20.51";"6.47"
"Broad Run HS";"Mar 29, 2026, 07:00:00";"20";"16.93";"0";"18.75";"5.67"
"Broad Run HS";"Mar 29, 2026, 07:00:00";"20";"16.93";"0";"18.75";"5.67"
"Broad Run HS";"Mar 29, 2026, 06:00:00";"19";"13.99";"0";"17.87";"4.71"
"Broad Run HS";"Mar 29, 2026, 06:00:00";"19";"13.99";"0";"17.87";"4.71"
"Broad Run HS";"Mar 29, 2026, 05:00:00";"19";"12.64";"0";"17.52";"4.88"
"Broad Run HS";"Mar 29, 2026, 05:00:00";"19";"12.64";"0";"17.52";"4.88"
"Broad Run HS";"Mar 29, 2026, 04:00:00";"19";"15.89";"0";"16.84";"4.16"
"Broad Run HS";"Mar 29, 2026, 04:00:00";"19";"15.89";"0";"16.84";"4.16"
"Broad Run HS";"Mar 29, 2026, 03:00:00";"19";"18.8";"0";"16.65";"3.88"
"Broad Run HS";"Mar 29, 2026, 03:00:00";"19";"18.8";"0";"16.65";"3.88"
"Broad Run HS";"Mar 29, 2026, 02:00:00";"19";"14.32";"0";"16.23";"3.81"
"Broad Run HS";"Mar 29, 2026, 02:00:00";"19";"14.32";"0";"16.23";"3.81"
"Broad Run HS";"Mar 29, 2026, 01:00:00";"20";"19.15";"0";"16.46";"5.27"
"Broad Run HS";"Mar 29, 2026, 01:00:00";"20";"19.15";"0";"16.46";"5.27"
"Broad Run HS";"Mar 29, 2026, 00:00:00";"20";"18.71";"0";"16.8";"6.38"
"Broad Run HS";"Mar 29, 2026, 00:00:00";"20";"18.71";"0";"16.8";"6.38"
"Broad Run HS";"Mar 28, 2026, 23:00:00";"19";"14.52";"0";"17.26";"9.88"
"Broad Run HS";"Mar 28, 2026, 23:00:00";"19";"14.52";"0";"17.26";"9.88"
"Broad Run HS";"Mar 28, 2026, 22:00:00";"18";"11.02";"0";"19.94";"9.61"
"Broad Run HS";"Mar 28, 2026, 22:00:00";"18";"11.02";"0";"19.94";"9.61"
"Broad Run HS";"Mar 28, 2026, 21:00:00";"17";"5.82";"0";"18.77";"3.62"
"Broad Run HS";"Mar 28, 2026, 21:00:00";"17";"5.82";"0";"18.77";"3.62"
"Broad Run HS";"Mar 28, 2026, 20:00:00";"18";"1.92";"0";"17.73";"2.75"
"Broad Run HS";"Mar 28, 2026, 20:00:00";"18";"1.92";"0";"17.73";"2.75"
"Broad Run HS";"Mar 28, 2026, 19:00:00";"17";"0.8";"0";"18.43";"2.95"
"Broad Run HS";"Mar 28, 2026, 19:00:00";"17";"0.8";"0";"18.43";"2.95"
"Broad Run HS";"Mar 28, 2026, 18:00:00";"17";"0.07";"0";"18.89";"2.59"
"Broad Run HS";"Mar 28, 2026, 18:00:00";"17";"0.07";"0";"18.89";"2.59"
"Broad Run HS";"Mar 28, 2026, 17:00:00";"17";"0.1";"0";"19.67";"2.26"
"Broad Run HS";"Mar 28, 2026, 17:00:00";"17";"0.1";"0";"19.67";"2.26"
"Broad Run HS";"Mar 28, 2026, 16:00:00";"17";"0.32";"0";"19.58";"2.61"
"Broad Run HS";"Mar 28, 2026, 16:00:00";"17";"0.32";"0";"19.58";"2.61"
"Broad Run HS";"Mar 28, 2026, 15:00:00";"17";"0.47";"0";"19.11";"3.27"
"Broad Run HS";"Mar 28, 2026, 15:00:00";"17";"0.47";"0";"19.11";"3.27"
"Broad Run HS";"Mar 28, 2026, 14:00:00";"17";"0.33";"0";"18.65";"3.41"
"Broad Run HS";"Mar 28, 2026, 14:00:00";"17";"0.33";"0";"18.65";"3.41"
"Broad Run HS";"Mar 28, 2026, 13:00:00";"17";"0.74";"0";"17.54";"3.89"
"Broad Run HS";"Mar 28, 2026, 13:00:00";"17";"0.74";"0";"17.54";"3.89"
"Broad Run HS";"Mar 28, 2026, 12:00:00";"17";"0.68";"0";"17.32";"4.35"
"Broad Run HS";"Mar 28, 2026, 12:00:00";"17";"0.68";"0";"17.32";"4.35"
"Broad Run HS";"Mar 28, 2026, 11:00:00";"16";"0.77";"0";"17.06";"4.83"
"Broad Run HS";"Mar 28, 2026, 11:00:00";"16";"0.77";"0";"17.06";"4.83"
"Broad Run HS";"Mar 28, 2026, 10:00:00";"16";"1.26";"0";"16.92";"5.13"
"Broad Run HS";"Mar 28, 2026, 10:00:00";"16";"1.26";"0";"16.92";"5.13"
"Broad Run HS";"Mar 28, 2026, 09:00:00";"15";"1.62";"0";"16.92";"5.34"
"Broad Run HS";"Mar 28, 2026, 09:00:00";"15";"1.62";"0";"16.92";"5.34"
"Broad Run HS";"Mar 28, 2026, 08:00:00";"15";"2.05";"0";"17.03";"4.81"
"Broad Run HS";"Mar 28, 2026, 08:00:00";"15";"2.05";"0";"17.03";"4.81"
"Broad Run HS";"Mar 28, 2026, 07:00:00";"14";"0.66";"0";"18.08";"4.45"
"Broad Run HS";"Mar 28, 2026, 07:00:00";"14";"0.66";"0";"18.08";"4.45"
"Broad Run HS";"Mar 28, 2026, 06:00:00";"14";"0.15";"0";"20.1";"4.22"
"Broad Run HS";"Mar 28, 2026, 06:00:00";"14";"0.15";"0";"20.1";"4.22"
"Broad Run HS";"Mar 28, 2026, 05:00:00";"13";"0.07";"0";"23.64";"4.63"
"Broad Run HS";"Mar 28, 2026, 05:00:00";"13";"0.07";"0";"23.64";"4.63"
"Broad Run HS";"Mar 28, 2026, 04:00:00";"14";"0.11";"0";"25.25";"3.82"
"Broad Run HS";"Mar 28, 2026, 04:00:00";"14";"0.11";"0";"25.25";"3.82"
"Broad Run HS";"Mar 28, 2026, 03:00:00";"16";"5.84";"0";"24.25";"4.89"
"Broad Run HS";"Mar 28, 2026, 03:00:00";"16";"5.84";"0";"24.25";"4.89"
"Broad Run HS";"Mar 28, 2026, 02:00:00";"18";"3.37";"0";"24.21";"5.7"
"Broad Run HS";"Mar 28, 2026, 02:00:00";"18";"3.37";"0";"24.21";"5.7"
"Broad Run HS";"Mar 28, 2026, 01:00:00";"19";"1.92";"0";"25.76";"4.09"
"Broad Run HS";"Mar 28, 2026, 01:00:00";"19";"1.92";"0";"25.76";"4.09"
"Broad Run HS";"Mar 28, 2026, 00:00:00";"21";"1.27";"0";"26.87";"2.2"
"Broad Run HS";"Mar 28, 2026, 00:00:00";"21";"1.27";"0";"26.87";"2.2"
"Broad Run HS";"Mar 27, 2026, 23:00:00";"23";"3.27";"0";"27.63";"2.69"
"Broad Run HS";"Mar 27, 2026, 23:00:00";"23";"3.27";"0";"27.63";"2.69"
"Broad Run HS";"Mar 27, 2026, 22:00:00";"25";"3.72";"0";"27.54";"8.55"
"Broad Run HS";"Mar 27, 2026, 22:00:00";"25";"3.72";"0";"27.54";"8.55"
"Broad Run HS";"Mar 27, 2026, 21:00:00";"26";"2.9";"0";"27.71";"4.8"
"Broad Run HS";"Mar 27, 2026, 21:00:00";"26";"2.9";"0";"27.71";"4.8"
"Broad Run HS";"Mar 27, 2026, 20:00:00";"28";"1.35";"0";"26.98";"2.24"
"Broad Run HS";"Mar 27, 2026, 20:00:00";"28";"1.35";"0";"26.98";"2.24"
"Broad Run HS";"Mar 27, 2026, 19:00:00";"30";"1.05";"0";"26.49";"2.31"
"Broad Run HS";"Mar 27, 2026, 19:00:00";"30";"1.05";"0";"26.49";"2.31"
"Broad Run HS";"Mar 27, 2026, 18:00:00";"32";"0.38";"0";"27.62";"1.99"
"Broad Run HS";"Mar 27, 2026, 18:00:00";"32";"0.38";"0";"27.62";"1.99"
"Broad Run HS";"Mar 27, 2026, 17:00:00";"33";"0";"0";"29.43";"1.91"
"Broad Run HS";"Mar 27, 2026, 17:00:00";"33";"0";"0";"29.43";"1.91"
"Broad Run HS";"Mar 27, 2026, 16:00:00";"35";"0";"0";"30.93";"2.66"
"Broad Run HS";"Mar 27, 2026, 16:00:00";"35";"0";"0";"30.93";"2.66"
"Broad Run HS";"Mar 27, 2026, 15:00:00";"37";"0";"0";"31.94";"2.8"
"Broad Run HS";"Mar 27, 2026, 15:00:00";"37";"0";"0";"31.94";"2.8"
"Broad Run HS";"Mar 27, 2026, 14:00:00";"38";"0";"0";"34.67";"2.76"
"Broad Run HS";"Mar 27, 2026, 14:00:00";"38";"0";"0";"34.67";"2.76"
"Broad Run HS";"Mar 27, 2026, 13:00:00";"40";"0.67";"0";"39.31";"2.2"
"Broad Run HS";"Mar 27, 2026, 13:00:00";"40";"0.67";"0";"39.31";"2.2"
"Broad Run HS";"Mar 27, 2026, 12:00:00";"41";"1.94";"0";"39.55";"2.14"
"Broad Run HS";"Mar 27, 2026, 12:00:00";"41";"1.94";"0";"39.55";"2.14"
"Broad Run HS";"Mar 27, 2026, 11:00:00";"43";"1.95";"0";"40.22";"1.72"
"Broad Run HS";"Mar 27, 2026, 11:00:00";"43";"1.95";"0";"40.22";"1.72"
"Broad Run HS";"Mar 27, 2026, 10:00:00";"45";"1.92";"0";"40.86";"1.33"
"Broad Run HS";"Mar 27, 2026, 10:00:00";"45";"1.92";"0";"40.86";"1.33"
"Broad Run HS";"Mar 27, 2026, 09:00:00";"46";"2.18";"0";"46.53";"2.09"
"Broad Run HS";"Mar 27, 2026, 09:00:00";"46";"2.18";"0";"46.53";"2.09"
"Broad Run HS";"Mar 27, 2026, 08:00:00";"48";"2.98";"0";"47.98";"1.86"
"Broad Run HS";"Mar 27, 2026, 08:00:00";"48";"2.98";"0";"47.98";"1.86"
"Broad Run HS";"Mar 27, 2026, 07:00:00";"50";"0.3";"0";"47.55";"1.63"
"Broad Run HS";"Mar 27, 2026, 07:00:00";"50";"0.3";"0";"47.55";"1.63"
"Broad Run HS";"Mar 27, 2026, 06:00:00";"51";"0.22";"0";"48.74";"2.82"
"Broad Run HS";"Mar 27, 2026, 06:00:00";"51";"0.22";"0";"48.74";"2.82"
"Broad Run HS";"Mar 27, 2026, 05:00:00";"52";"0";"0";"50.55";"10.89"
"Broad Run HS";"Mar 27, 2026, 05:00:00";"52";"0";"0";"50.55";"10.89"
"Broad Run HS";"Mar 27, 2026, 04:00:00";"52";"0";"0";"49.23";"13.66"
"Broad Run HS";"Mar 27, 2026, 04:00:00";"52";"0";"0";"49.23";"13.66"
"Broad Run HS";"Mar 27, 2026, 03:00:00";"51";"0";"0";"45.75";"13.69"
"Broad Run HS";"Mar 27, 2026, 03:00:00";"51";"0";"0";"45.75";"13.69"
"Broad Run HS";"Mar 27, 2026, 02:00:00";"51";"0";"0";"43.88";"14.57"
"Broad Run HS";"Mar 27, 2026, 02:00:00";"51";"0";"0";"43.88";"14.57"
"Broad Run HS";"Mar 27, 2026, 01:00:00";"49";"0";"0";"43.39";"14.71"
"Broad Run HS";"Mar 27, 2026, 01:00:00";"49";"0";"0";"43.39";"14.71"
"Broad Run HS";"Mar 27, 2026, 00:00:00";"48";"0";"0";"43.25";"15.23"
"Broad Run HS";"Mar 27, 2026, 00:00:00";"48";"0";"0";"43.25";"15.23"
"Broad Run HS";"Mar 26, 2026, 23:00:00";"46";"0";"0";"42.9";"14.74"
"Broad Run HS";"Mar 26, 2026, 23:00:00";"46";"0";"0";"42.9";"14.74"
"Broad Run HS";"Mar 26, 2026, 22:00:00";"45";"0";"0";"42.74";"14.43"
"Broad Run HS";"Mar 26, 2026, 22:00:00";"45";"0";"0";"42.74";"14.43"
"Broad Run HS";"Mar 26, 2026, 21:00:00";"44";"0";"0";"42.27";"13.38"
"Broad Run HS";"Mar 26, 2026, 21:00:00";"44";"0";"0";"42.27";"13.38"
"Broad Run HS";"Mar 26, 2026, 20:00:00";"42";"0";"0";"43.97";"13.23"
"Broad Run HS";"Mar 26, 2026, 20:00:00";"42";"0";"0";"43.97";"13.23"
"Broad Run HS";"Mar 26, 2026, 19:00:00";"41";"0";"0";"46.84";"12.71"
"Broad Run HS";"Mar 26, 2026, 19:00:00";"41";"0";"0";"46.84";"12.71"
"Broad Run HS";"Mar 26, 2026, 18:00:00";"40";"0";"0";"48.93";"12.02"
"Broad Run HS";"Mar 26, 2026, 18:00:00";"40";"0";"0";"48.93";"12.02"
"Broad Run HS";"Mar 26, 2026, 17:00:00";"39";"0";"0";"47.47";"12.13"
"Broad Run HS";"Mar 26, 2026, 17:00:00";"39";"0";"0";"47.47";"12.13"
"Broad Run HS";"Mar 26, 2026, 16:00:00";"38";"0";"0";"48.97";"11.77"
"Broad Run HS";"Mar 26, 2026, 16:00:00";"38";"0";"0";"48.97";"11.77"
"Broad Run HS";"Mar 26, 2026, 15:00:00";"38";"0";"0";"47.05";"11.29"
"Broad Run HS";"Mar 26, 2026, 15:00:00";"38";"0";"0";"47.05";"11.29"
"Broad Run HS";"Mar 26, 2026, 14:00:00";"39";"0";"0";"94.37";"11.82"
"Broad Run HS";"Mar 26, 2026, 14:00:00";"39";"0";"0";"94.37";"11.82"
"Broad Run HS";"Mar 26, 2026, 13:00:00";"38";"0";"0";"63.57";"11.33"
"Broad Run HS";"Mar 26, 2026, 13:00:00";"38";"0";"0";"63.57";"11.33"
"Broad Run HS";"Mar 26, 2026, 12:00:00";"37";"0.14";"0";"38.23";"11.52"
"Broad Run HS";"Mar 26, 2026, 12:00:00";"37";"0.14";"0";"38.23";"11.52"
"Broad Run HS";"Mar 26, 2026, 11:00:00";"36";"2.23";"0";"32.26";"11.21"
"Broad Run HS";"Mar 26, 2026, 11:00:00";"36";"2.23";"0";"32.26";"11.21"
"Broad Run HS";"Mar 26, 2026, 10:00:00";"36";"3.8";"0";"26.79";"11.08"
"Broad Run HS";"Mar 26, 2026, 10:00:00";"36";"3.8";"0";"26.79";"11.08"
"Broad Run HS";"Mar 26, 2026, 09:00:00";"35";"5.17";"0";"23.94";"11.23"
"Broad Run HS";"Mar 26, 2026, 09:00:00";"35";"5.17";"0";"23.94";"11.23"
"Broad Run HS";"Mar 26, 2026, 08:00:00";"34";"6.29";"0";"22.35";"11.22"
"Broad Run HS";"Mar 26, 2026, 08:00:00";"34";"6.29";"0";"22.35";"11.22"
"Broad Run HS";"Mar 26, 2026, 07:00:00";"32";"4.18";"0";"21.96";"10.63"
"Broad Run HS";"Mar 26, 2026, 07:00:00";"32";"4.18";"0";"21.96";"10.63"
"Broad Run HS";"Mar 26, 2026, 06:00:00";"31";"3.65";"0";"22.22";"11.19"
"Broad Run HS";"Mar 26, 2026, 06:00:00";"31";"3.65";"0";"22.22";"11.19"
"Broad Run HS";"Mar 26, 2026, 05:00:00";"30";"3.19";"0";"22.38";"10.99"
"Broad Run HS";"Mar 26, 2026, 05:00:00";"30";"3.19";"0";"22.38";"10.99"
"Broad Run HS";"Mar 26, 2026, 04:00:00";"28";"3.22";"0";"22.51";"9.64"
"Broad Run HS";"Mar 26, 2026, 04:00:00";"28";"3.22";"0";"22.51";"9.64"
"Broad Run HS";"Mar 26, 2026, 03:00:00";"27";"3.62";"0";"22.36";"7.07"
"Broad Run HS";"Mar 26, 2026, 03:00:00";"27";"3.62";"0";"22.36";"7.07"
"Broad Run HS";"Mar 26, 2026, 02:00:00";"26";"3.68";"0";"22.16";"5.86"
"Broad Run HS";"Mar 26, 2026, 02:00:00";"26";"3.68";"0";"22.16";"5.86"
"Broad Run HS";"Mar 26, 2026, 01:00:00";"26";"5.2";"0";"22.6";"6.4"
"Broad Run HS";"Mar 26, 2026, 01:00:00";"26";"5.2";"0";"22.6";"6.4"
"Broad Run HS";"Mar 26, 2026, 00:00:00";"26";"9.2";"0";"23.74";"6.93"
"Broad Run HS";"Mar 26, 2026, 00:00:00";"26";"9.2";"0";"23.74";"6.93"
"Broad Run HS";"Mar 25, 2026, 23:00:00";"25";"7.34";"0";"23.6";"6.35"
"Broad Run HS";"Mar 25, 2026, 23:00:00";"25";"7.34";"0";"23.6";"6.35"
"Broad Run HS";"Mar 25, 2026, 22:00:00";"25";"7.88";"0";"24.15";"6.8"
"Broad Run HS";"Mar 25, 2026, 22:00:00";"25";"7.88";"0";"24.15";"6.8"
"Broad Run HS";"Mar 25, 2026, 21:00:00";"24";"4.62";"0";"23.68";"6.37"
"Broad Run HS";"Mar 25, 2026, 21:00:00";"24";"4.62";"0";"23.68";"6.37"
"Broad Run HS";"Mar 25, 2026, 20:00:00";"23";"3.13";"0";"23.98";"8.18"
"Broad Run HS";"Mar 25, 2026, 20:00:00";"23";"3.13";"0";"23.98";"8.18"
"Broad Run HS";"Mar 25, 2026, 19:00:00";"22";"3.11";"0";"24.98";"5.99"
"Broad Run HS";"Mar 25, 2026, 19:00:00";"22";"3.11";"0";"24.98";"5.99"
"Broad Run HS";"Mar 25, 2026, 18:00:00";"22";"2.19";"0";"25.8";"4.95"
"Broad Run HS";"Mar 25, 2026, 18:00:00";"22";"2.19";"0";"25.8";"4.95"
"Broad Run HS";"Mar 25, 2026, 17:00:00";"21";"1.32";"0";"25.65";"7.72"
"Broad Run HS";"Mar 25, 2026, 17:00:00";"21";"1.32";"0";"25.65";"7.72"
"Broad Run HS";"Mar 25, 2026, 16:00:00";"20";"0.84";"0";"25.95";"10.72"
"Broad Run HS";"Mar 25, 2026, 16:00:00";"20";"0.84";"0";"25.95";"10.72"
"Broad Run HS";"Mar 25, 2026, 15:00:00";"19";"0.64";"0";"26.65";"15.33"
"Broad Run HS";"Mar 25, 2026, 15:00:00";"19";"0.64";"0";"26.65";"15.33"
"Broad Run HS";"Mar 25, 2026, 14:00:00";"17";"0.62";"0";"23.6";"6.65"
"Broad Run HS";"Mar 25, 2026, 14:00:00";"17";"0.62";"0";"23.6";"6.65"
"Broad Run HS";"Mar 25, 2026, 13:00:00";"16";"1.79";"0";"22.42";"6.86"
"Broad Run HS";"Mar 25, 2026, 13:00:00";"16";"1.79";"0";"22.42";"6.86"
"Broad Run HS";"Mar 25, 2026, 12:00:00";"16";"3.72";"0";"22.18";"6.74"
"Broad Run HS";"Mar 25, 2026, 12:00:00";"16";"3.72";"0";"22.18";"6.74"
"Broad Run HS";"Mar 25, 2026, 11:00:00";"15";"4.53";"0";"22.51";"6.9"
"Broad Run HS";"Mar 25, 2026, 11:00:00";"15";"4.53";"0";"22.51";"6.9"
"Broad Run HS";"Mar 25, 2026, 10:00:00";"14";"6.67";"0";"21.64";"6.44"
"Broad Run HS";"Mar 25, 2026, 10:00:00";"14";"6.67";"0";"21.64";"6.44"
"Broad Run HS";"Mar 25, 2026, 09:00:00";"13";"7.14";"0";"19.9";"4.63"
"Broad Run HS";"Mar 25, 2026, 09:00:00";"13";"7.14";"0";"19.9";"4.63"
"Broad Run HS";"Mar 25, 2026, 08:00:00";"13";"9.47";"0";"19.1";"3.85"
"Broad Run HS";"Mar 25, 2026, 08:00:00";"13";"9.47";"0";"19.1";"3.85"
"Broad Run HS";"Mar 25, 2026, 07:00:00";"13";"6.85";"0";"18.74";"3.36"
"Broad Run HS";"Mar 25, 2026, 07:00:00";"13";"6.85";"0";"18.74";"3.36"
"Broad Run HS";"Mar 25, 2026, 06:00:00";"12";"6.09";"0";"18.17";"3.04"
"Broad Run HS";"Mar 25, 2026, 06:00:00";"12";"6.09";"0";"18.17";"3.04"
"Broad Run HS";"Mar 25, 2026, 05:00:00";"12";"4.73";"0";"17.58";"3.09"
"Broad Run HS";"Mar 25, 2026, 05:00:00";"12";"4.73";"0";"17.58";"3.09"
"Broad Run HS";"Mar 25, 2026, 04:00:00";"12";"4.68";"0";"17.02";"3.1"
"Broad Run HS";"Mar 25, 2026, 04:00:00";"12";"4.68";"0";"17.02";"3.1"
"Broad Run HS";"Mar 25, 2026, 03:00:00";"12";"4.42";"0";"16.81";"3.13"
"Broad Run HS";"Mar 25, 2026, 03:00:00";"12";"4.42";"0";"16.81";"3.13"
"Broad Run HS";"Mar 25, 2026, 02:00:00";"11";"4.82";"0";"16.57";"3.45"
"Broad Run HS";"Mar 25, 2026, 02:00:00";"11";"4.82";"0";"16.57";"3.45"
"Broad Run HS";"Mar 25, 2026, 01:00:00";"11";"6.44";"0";"16.48";"4.17"
"Broad Run HS";"Mar 25, 2026, 01:00:00";"11";"6.44";"0";"16.48";"4.17"
"Broad Run HS";"Mar 25, 2026, 00:00:00";"11";"8.87";"0";"16.88";"4.79"
"Broad Run HS";"Mar 25, 2026, 00:00:00";"11";"8.87";"0";"16.88";"4.79"
"Broad Run HS";"Mar 24, 2026, 23:00:00";"11";"7.37";"0";"17.55";"3.22"
"Broad Run HS";"Mar 24, 2026, 23:00:00";"11";"7.37";"0";"17.55";"3.22"
"Broad Run HS";"Mar 24, 2026, 22:00:00";"10";"8.84";"0";"17.55";"2.67"
"Broad Run HS";"Mar 24, 2026, 22:00:00";"10";"8.84";"0";"17.55";"2.67"
"Broad Run HS";"Mar 24, 2026, 21:00:00";"10";"4.3";"0";"17.89";"2.13"
"Broad Run HS";"Mar 24, 2026, 21:00:00";"10";"4.3";"0";"17.89";"2.13"
"Broad Run HS";"Mar 24, 2026, 20:00:00";"10";"2.36";"0";"17.69";"2.17"
"Broad Run HS";"Mar 24, 2026, 20:00:00";"10";"2.36";"0";"17.69";"2.17"
"Broad Run HS";"Mar 24, 2026, 19:00:00";"10";"0.88";"0";"18.4";"2.74"
"Broad Run HS";"Mar 24, 2026, 19:00:00";"10";"0.88";"0";"18.4";"2.74"
"Broad Run HS";"Mar 24, 2026, 18:00:00";"10";"0.54";"0";"19.63";"2.69"
"Broad Run HS";"Mar 24, 2026, 18:00:00";"10";"0.54";"0";"19.63";"2.69"
"Broad Run HS";"Mar 24, 2026, 17:00:00";"10";"0.17";"0";"20.15";"2.2"
"Broad Run HS";"Mar 24, 2026, 17:00:00";"10";"0.17";"0";"20.15";"2.2"
"Broad Run HS";"Mar 24, 2026, 16:00:00";"10";"0.18";"0";"20.62";"2.9"
"Broad Run HS";"Mar 24, 2026, 16:00:00";"10";"0.18";"0";"20.62";"2.9"
"Broad Run HS";"Mar 24, 2026, 15:00:00";"9";"0.64";"0";"20.19";"3.01"
"Broad Run HS";"Mar 24, 2026, 15:00:00";"9";"0.64";"0";"20.19";"3.01"
"Broad Run HS";"Mar 24, 2026, 14:00:00";"9";"0.42";"0";"18.76";"2.94"
"Broad Run HS";"Mar 24, 2026, 14:00:00";"9";"0.42";"0";"18.76";"2.94"
"Broad Run HS";"Mar 24, 2026, 13:00:00";"8";"0.48";"0";"19.48";"3.09"
"Broad Run HS";"Mar 24, 2026, 13:00:00";"8";"0.48";"0";"19.48";"3.09"
"Broad Run HS";"Mar 24, 2026, 12:00:00";"8";"0.59";"0";"18.52";"2.49"
"Broad Run HS";"Mar 24, 2026, 12:00:00";"8";"0.59";"0";"18.52";"2.49"
"Broad Run HS";"Mar 24, 2026, 11:00:00";"8";"0.99";"0";"17.15";"2.23"
"Broad Run HS";"Mar 24, 2026, 11:00:00";"8";"0.99";"0";"17.15";"2.23"
"Broad Run HS";"Mar 24, 2026, 10:00:00";"8";"2.67";"0";"15.84";"2.02"
"Broad Run HS";"Mar 24, 2026, 10:00:00";"8";"2.67";"0";"15.84";"2.02"
"Broad Run HS";"Mar 24, 2026, 09:00:00";"8";"5.24";"0";"14.95";"2.4"
"Broad Run HS";"Mar 24, 2026, 09:00:00";"8";"5.24";"0";"14.95";"2.4"
"Broad Run HS";"Mar 24, 2026, 08:00:00";"9";"7.07";"0";"14.37";"2.13"
"Broad Run HS";"Mar 24, 2026, 08:00:00";"9";"7.07";"0";"14.37";"2.13"
"Broad Run HS";"Mar 24, 2026, 07:00:00";"11";"6.08";"0";"14.32";"1.91"
"Broad Run HS";"Mar 24, 2026, 07:00:00";"11";"6.08";"0";"14.32";"1.91"
"Broad Run HS";"Mar 24, 2026, 06:00:00";"13";"5.43";"0";"14.2";"1.86"
"Broad Run HS";"Mar 24, 2026, 06:00:00";"13";"5.43";"0";"14.2";"1.86"
"Broad Run HS";"Mar 24, 2026, 05:00:00";"14";"3.45";"0";"14.45";"1.57"
"Broad Run HS";"Mar 24, 2026, 05:00:00";"14";"3.45";"0";"14.45";"1.57"
"Broad Run HS";"Mar 24, 2026, 04:00:00";"15";"2.44";"0";"14.51";"2.36"
"Broad Run HS";"Mar 24, 2026, 04:00:00";"15";"2.44";"0";"14.51";"2.36"
"Broad Run HS";"Mar 24, 2026, 03:00:00";"16";"1.81";"0";"14.82";"2.1"
"Broad Run HS";"Mar 24, 2026, 03:00:00";"16";"1.81";"0";"14.82";"2.1"
"Broad Run HS";"Mar 24, 2026, 02:00:00";"16";"1.9";"0";"15.33";"1.9"
"Broad Run HS";"Mar 24, 2026, 02:00:00";"16";"1.9";"0";"15.33";"1.9"
"Broad Run HS";"Mar 24, 2026, 01:00:00";"17";"1.56";"0";"15.73";"2.92"
"Broad Run HS";"Mar 24, 2026, 01:00:00";"17";"1.56";"0";"15.73";"2.92"
"Broad Run HS";"Mar 24, 2026, 00:00:00";"17";"1.04";"0";"16.14";"2.59"
"Broad Run HS";"Mar 24, 2026, 00:00:00";"17";"1.04";"0";"16.14";"2.59"
"Broad Run HS";"Mar 23, 2026, 23:00:00";"18";"1.02";"0";"17.03";"2.25"
"Broad Run HS";"Mar 23, 2026, 23:00:00";"18";"1.02";"0";"17.03";"2.25"
"Broad Run HS";"Mar 23, 2026, 22:00:00";"18";"0.48";"0";"18.25";"1.8"
"Broad Run HS";"Mar 23, 2026, 22:00:00";"18";"0.48";"0";"18.25";"1.8"
"Broad Run HS";"Mar 23, 2026, 21:00:00";"19";"0.09";"0";"19.53";"1.77"
"Broad Run HS";"Mar 23, 2026, 21:00:00";"19";"0.09";"0";"19.53";"1.77"
"Broad Run HS";"Mar 23, 2026, 20:00:00";"20";"0.01";"0";"20.74";"1.35"
"Broad Run HS";"Mar 23, 2026, 20:00:00";"20";"0.01";"0";"20.74";"1.35"
"Broad Run HS";"Mar 23, 2026, 19:00:00";"20";"0";"0";"21.74";"1.82"
"Broad Run HS";"Mar 23, 2026, 19:00:00";"20";"0";"0";"21.74";"1.82"
"Broad Run HS";"Mar 23, 2026, 18:00:00";"21";"0";"0";"22.6";"1.72"
"Broad Run HS";"Mar 23, 2026, 18:00:00";"21";"0";"0";"22.6";"1.72"
"Broad Run HS";"Mar 23, 2026, 17:00:00";"21";"0";"0";"24.33";"1.23"
"Broad Run HS";"Mar 23, 2026, 17:00:00";"21";"0";"0";"24.33";"1.23"
"Broad Run HS";"Mar 23, 2026, 16:00:00";"22";"0";"0";"27.34";"0.83"
"Broad Run HS";"Mar 23, 2026, 16:00:00";"22";"0";"0";"27.34";"0.83"
"Broad Run HS";"Mar 23, 2026, 15:00:00";"23";"0";"0";"31.25";"0.71"
"Broad Run HS";"Mar 23, 2026, 15:00:00";"23";"0";"0";"31.25";"0.71"
"Broad Run HS";"Mar 23, 2026, 14:00:00";"24";"0";"0";"35.17";"0.85"
"Broad Run HS";"Mar 23, 2026, 14:00:00";"24";"0";"0";"35.17";"0.85"
"Broad Run HS";"Mar 23, 2026, 13:00:00";"25";"0";"0";"42.27";"1.01"
"Broad Run HS";"Mar 23, 2026, 13:00:00";"25";"0";"0";"42.27";"1.01"
"Broad Run HS";"Mar 23, 2026, 12:00:00";"26";"0";"0";"51.47";"1.94"
"Broad Run HS";"Mar 23, 2026, 12:00:00";"26";"0";"0";"51.47";"1.94"
"Broad Run HS";"Mar 23, 2026, 11:00:00";"28";"0.27";"0";"60.99";"2.47"
"Broad Run HS";"Mar 23, 2026, 11:00:00";"28";"0.27";"0";"60.99";"2.47"
"Broad Run HS";"Mar 23, 2026, 10:00:00";"29";"1.43";"0";"54.22";"2.8"
"Broad Run HS";"Mar 23, 2026, 10:00:00";"29";"1.43";"0";"54.22";"2.8"
"Broad Run HS";"Mar 23, 2026, 09:00:00";"30";"1.89";"0";"51.23";"6.15"
"Broad Run HS";"Mar 23, 2026, 09:00:00";"30";"1.89";"0";"51.23";"6.15"
"Broad Run HS";"Mar 23, 2026, 08:00:00";"31";"2.88";"0";"49.21";"13.06"
"Broad Run HS";"Mar 23, 2026, 08:00:00";"31";"2.88";"0";"49.21";"13.06"
"Broad Run HS";"Mar 23, 2026, 07:00:00";"32";"0.52";"0";"50.58";"15.03"
"Broad Run HS";"Mar 23, 2026, 07:00:00";"32";"0.52";"0";"50.58";"15.03"
"Broad Run HS";"Mar 23, 2026, 06:00:00";"33";"0";"0";"50.55";"7.47"
"Broad Run HS";"Mar 23, 2026, 06:00:00";"33";"0";"0";"50.55";"7.47"
"Broad Run HS";"Mar 23, 2026, 05:00:00";"34";"0.07";"0";"49.98";"5.55"
"Broad Run HS";"Mar 23, 2026, 05:00:00";"34";"0.07";"0";"49.98";"5.55"
"Broad Run HS";"Mar 23, 2026, 04:00:00";"35";"0.11";"0";"48.33";"8.39"
"Broad Run HS";"Mar 23, 2026, 04:00:00";"35";"0.11";"0";"48.33";"8.39"
"Broad Run HS";"Mar 23, 2026, 03:00:00";"35";"0.11";"0";"49.39";"5.62"
"Broad Run HS";"Mar 23, 2026, 03:00:00";"35";"0.11";"0";"49.39";"5.62"
"Broad Run HS";"Mar 23, 2026, 02:00:00";"36";"0";"0";"49.22";"4.56"
"Broad Run HS";"Mar 23, 2026, 02:00:00";"36";"0";"0";"49.22";"4.56"
"Broad Run HS";"Mar 23, 2026, 01:00:00";"37";"0";"0";"50.7";"5.05"
"Broad Run HS";"Mar 23, 2026, 01:00:00";"37";"0";"0";"50.7";"5.05"
"Broad Run HS";"Mar 23, 2026, 00:00:00";"38";"0";"0";"49.88";"5.62"
"Broad Run HS";"Mar 23, 2026, 00:00:00";"38";"0";"0";"49.88";"5.62"
"Broad Run HS";"Mar 22, 2026, 23:00:00";"38";"0";"0";"45.88";"6.14"
"Broad Run HS";"Mar 22, 2026, 23:00:00";"38";"0";"0";"45.88";"6.14"
"Broad Run HS";"Mar 22, 2026, 22:00:00";"38";"0";"0";"46.53";"6.01"
"Broad Run HS";"Mar 22, 2026, 22:00:00";"38";"0";"0";"46.53";"6.01"
"Broad Run HS";"Mar 22, 2026, 21:00:00";"39";"0";"0";"47.4";"4.98"
"Broad Run HS";"Mar 22, 2026, 21:00:00";"39";"0";"0";"47.4";"4.98"
"Broad Run HS";"Mar 22, 2026, 20:00:00";"39";"0";"0";"51.16";"4.58"
"Broad Run HS";"Mar 22, 2026, 20:00:00";"39";"0";"0";"51.16";"4.58"
"Broad Run HS";"Mar 22, 2026, 19:00:00";"39";"0";"0";"55.75";"4.42"
"Broad Run HS";"Mar 22, 2026, 19:00:00";"39";"0";"0";"55.75";"4.42"
"Broad Run HS";"Mar 22, 2026, 18:00:00";"39";"0";"0";"60.12";"4.13"
"Broad Run HS";"Mar 22, 2026, 18:00:00";"39";"0";"0";"60.12";"4.13"
"Broad Run HS";"Mar 22, 2026, 17:00:00";"40";"0";"0";"64.45";"4.31"
"Broad Run HS";"Mar 22, 2026, 17:00:00";"40";"0";"0";"64.45";"4.31"
"Broad Run HS";"Mar 22, 2026, 16:00:00";"40";"0";"0";"65.85";"6.14"
"Broad Run HS";"Mar 22, 2026, 16:00:00";"40";"0";"0";"65.85";"6.14"
"Broad Run HS";"Mar 22, 2026, 15:00:00";"40";"0";"0";"62.14";"7.31"
"Broad Run HS";"Mar 22, 2026, 15:00:00";"40";"0";"0";"62.14";"7.31"
"Broad Run HS";"Mar 22, 2026, 14:00:00";"40";"0";"0";"58.8";"7.92"
"Broad Run HS";"Mar 22, 2026, 14:00:00";"40";"0";"0";"58.8";"7.92"
"Broad Run HS";"Mar 22, 2026, 13:00:00";"40";"0";"0";"59.65";"9.88"
"Broad Run HS";"Mar 22, 2026, 13:00:00";"40";"0";"0";"59.65";"9.88"
"Broad Run HS";"Mar 22, 2026, 12:00:00";"40";"0.27";"0";"58.18";"9.85"
"Broad Run HS";"Mar 22, 2026, 12:00:00";"40";"0.27";"0";"58.18";"9.85"
"Broad Run HS";"Mar 22, 2026, 11:00:00";"41";"1.65";"0";"50.1";"9.34"
"Broad Run HS";"Mar 22, 2026, 11:00:00";"41";"1.65";"0";"50.1";"9.34"
"Broad Run HS";"Mar 22, 2026, 10:00:00";"41";"4.79";"0";"43.91";"9.55"
"Broad Run HS";"Mar 22, 2026, 10:00:00";"41";"4.79";"0";"43.91";"9.55"
"Broad Run HS";"Mar 22, 2026, 09:00:00";"40";"7.85";"0";"38.96";"9.5"
"Broad Run HS";"Mar 22, 2026, 09:00:00";"40";"7.85";"0";"38.96";"9.5"
"Broad Run HS";"Mar 22, 2026, 08:00:00";"39";"4.52";"0";"34.83";"17.68"
"Broad Run HS";"Mar 22, 2026, 08:00:00";"39";"4.52";"0";"34.83";"17.68"
"Broad Run HS";"Mar 22, 2026, 07:00:00";"38";"2.13";"0";"35.85";"21.67"
"Broad Run HS";"Mar 22, 2026, 07:00:00";"38";"2.13";"0";"35.85";"21.67"
"Broad Run HS";"Mar 22, 2026, 06:00:00";"35";"3.02";"0";"36.34";"13.45"
"Broad Run HS";"Mar 22, 2026, 06:00:00";"35";"3.02";"0";"36.34";"13.45"
"Broad Run HS";"Mar 22, 2026, 05:00:00";"34";"4.77";"0";"35.49";"9.87"
"Broad Run HS";"Mar 22, 2026, 05:00:00";"34";"4.77";"0";"35.49";"9.87"
"Broad Run HS";"Mar 22, 2026, 04:00:00";"34";"5.89";"0";"35.27";"10.51"
"Broad Run HS";"Mar 22, 2026, 04:00:00";"34";"5.89";"0";"35.27";"10.51"
"Broad Run HS";"Mar 22, 2026, 03:00:00";"32";"6.72";"0";"34.47";"11.4"
"Broad Run HS";"Mar 22, 2026, 03:00:00";"32";"6.72";"0";"34.47";"11.4"
"Broad Run HS";"Mar 22, 2026, 02:00:00";"31";"3.96";"0";"10.97";"11.85"
"Broad Run HS";"Mar 22, 2026, 02:00:00";"31";"3.96";"0";"10.97";"11.85"
"Broad Run HS";"Mar 22, 2026, 01:00:00";"29";"3.1";"0";"10.44";"10.23"
"Broad Run HS";"Mar 22, 2026, 01:00:00";"29";"3.1";"0";"10.44";"10.23"
"Broad Run HS";"Mar 22, 2026, 00:00:00";"28";"2.31";"0";"9.65";"7.57"
"Broad Run HS";"Mar 22, 2026, 00:00:00";"28";"2.31";"0";"9.65";"7.57"
"Broad Run HS";"Mar 21, 2026, 23:00:00";"28";"2.35";"0";"10.97";"6.63"
"Broad Run HS";"Mar 21, 2026, 23:00:00";"28";"2.35";"0";"10.97";"6.63"
"Broad Run HS";"Mar 21, 2026, 22:00:00";"27";"1.19";"0";"14.35";"6.98"
"Broad Run HS";"Mar 21, 2026, 22:00:00";"27";"1.19";"0";"14.35";"6.98"
"Broad Run HS";"Mar 21, 2026, 21:00:00";"26";"1.09";"0";"17.31";"7.14"
"Broad Run HS";"Mar 21, 2026, 21:00:00";"26";"1.09";"0";"17.31";"7.14"
"Broad Run HS";"Mar 21, 2026, 20:00:00";"26";"0.05";"0";"20.12";"6.15"
"Broad Run HS";"Mar 21, 2026, 20:00:00";"26";"0.05";"0";"20.12";"6.15"
"Broad Run HS";"Mar 21, 2026, 19:00:00";"26";"0";"0";"19.65";"5.43"
"Broad Run HS";"Mar 21, 2026, 19:00:00";"26";"0";"0";"19.65";"5.43"
"Broad Run HS";"Mar 21, 2026, 18:00:00";"26";"0";"0";"18.67";"4.94"
"Broad Run HS";"Mar 21, 2026, 18:00:00";"26";"0";"0";"18.67";"4.94"
"Broad Run HS";"Mar 21, 2026, 17:00:00";"26";"0";"0";"19.61";"5.43"
"Broad Run HS";"Mar 21, 2026, 17:00:00";"26";"0";"0";"19.61";"5.43"
"Broad Run HS";"Mar 21, 2026, 16:00:00";"25";"0";"0";"21.07";"6.18"
"Broad Run HS";"Mar 21, 2026, 16:00:00";"25";"0";"0";"21.07";"6.18"
"Broad Run HS";"Mar 21, 2026, 15:00:00";"25";"0";"0";"23.08";"8.41"
"Broad Run HS";"Mar 21, 2026, 15:00:00";"25";"0";"0";"23.08";"8.41"
"Broad Run HS";"Mar 21, 2026, 14:00:00";"25";"0";"0";"25.45";"8.88"
"Broad Run HS";"Mar 21, 2026, 14:00:00";"25";"0";"0";"25.45";"8.88"
"Broad Run HS";"Mar 21, 2026, 13:00:00";"24";"0";"0";"28.57";"11.27"
"Broad Run HS";"Mar 21, 2026, 13:00:00";"24";"0";"0";"28.57";"11.27"
"Broad Run HS";"Mar 21, 2026, 12:00:00";"23";"0.07";"0";"27.35";"11.17"
"Broad Run HS";"Mar 21, 2026, 12:00:00";"23";"0.07";"0";"27.35";"11.17"
"Broad Run HS";"Mar 21, 2026, 11:00:00";"22";"1.11";"0";"28.05";"10.69"
"Broad Run HS";"Mar 21, 2026, 11:00:00";"22";"1.11";"0";"28.05";"10.69"
"Broad Run HS";"Mar 21, 2026, 10:00:00";"22";"4.03";"0";"26.9";"7.13"
"Broad Run HS";"Mar 21, 2026, 10:00:00";"22";"4.03";"0";"26.9";"7.13"
"Broad Run HS";"Mar 21, 2026, 09:00:00";"22";"6.36";"0";"19.54";"3.32"
"Broad Run HS";"Mar 21, 2026, 09:00:00";"22";"6.36";"0";"19.54";"3.32"
"Broad Run HS";"Mar 21, 2026, 08:00:00";"22";"4.65";"0";"15.38";"0"
"Broad Run HS";"Mar 21, 2026, 08:00:00";"22";"4.65";"0";"15.38";"0"
"Broad Run HS";"Mar 21, 2026, 07:00:00";"22";"2.4";"0";"16.11";"0"
"Broad Run HS";"Mar 21, 2026, 07:00:00";"22";"2.4";"0";"16.11";"0"
"Broad Run HS";"Mar 21, 2026, 06:00:00";"23";"2.06";"0";"16.6";"0"
"Broad Run HS";"Mar 21, 2026, 06:00:00";"23";"2.06";"0";"16.6";"0"
"Broad Run HS";"Mar 21, 2026, 05:00:00";"23";"2.33";"0";"15.67";"6.74"
"Broad Run HS";"Mar 21, 2026, 05:00:00";"23";"2.33";"0";"15.67";"6.74"
"Broad Run HS";"Mar 21, 2026, 04:00:00";"23";"4.15";"0";"13.16";"3.61"
"Broad Run HS";"Mar 21, 2026, 04:00:00";"23";"4.15";"0";"13.16";"3.61"
"Broad Run HS";"Mar 21, 2026, 03:00:00";"23";"4.16";"0";"11.72";"3.12"
"Broad Run HS";"Mar 21, 2026, 03:00:00";"23";"4.16";"0";"11.72";"3.12"
"Broad Run HS";"Mar 21, 2026, 02:00:00";"24";"2.84";"0";"14.1";"3.1"
"Broad Run HS";"Mar 21, 2026, 02:00:00";"24";"2.84";"0";"14.1";"3.1"
"Broad Run HS";"Mar 21, 2026, 01:00:00";"24";"1.74";"0";"16.31";"6.8"
"Broad Run HS";"Mar 21, 2026, 01:00:00";"24";"1.74";"0";"16.31";"6.8"
"Broad Run HS";"Mar 21, 2026, 00:00:00";"24";"1.53";"0";"13.77";"3.88"
"Broad Run HS";"Mar 21, 2026, 00:00:00";"24";"1.53";"0";"13.77";"3.88"
"Broad Run HS";"Mar 20, 2026, 23:00:00";"24";"2.56";"0";"12.51";"3.67"
"Broad Run HS";"Mar 20, 2026, 23:00:00";"24";"2.56";"0";"12.51";"3.67"
"Broad Run HS";"Mar 20, 2026, 22:00:00";"25";"3.5";"0";"11.93";"3.86"
"Broad Run HS";"Mar 20, 2026, 22:00:00";"25";"3.5";"0";"11.93";"3.86"
"Broad Run HS";"Mar 20, 2026, 21:00:00";"25";"9.63";"0";"13.04";"4.13"
"Broad Run HS";"Mar 20, 2026, 21:00:00";"25";"9.63";"0";"13.04";"4.13"
"Broad Run HS";"Mar 20, 2026, 20:00:00";"25";"1.75";"0";"13.25";"4.87"
"Broad Run HS";"Mar 20, 2026, 20:00:00";"25";"1.75";"0";"13.25";"4.87"
"Broad Run HS";"Mar 20, 2026, 19:00:00";"25";"0.65";"0";"15.24";"5.5"
"Broad Run HS";"Mar 20, 2026, 19:00:00";"25";"0.65";"0";"15.24";"5.5"
"Broad Run HS";"Mar 20, 2026, 18:00:00";"25";"0";"0";"14.97";"4.94"
"Broad Run HS";"Mar 20, 2026, 18:00:00";"25";"0";"0";"14.97";"4.94"
"Broad Run HS";"Mar 20, 2026, 17:00:00";"25";"0";"0";"12.94";"4.58"
"Broad Run HS";"Mar 20, 2026, 17:00:00";"25";"0";"0";"12.94";"4.58"
"Broad Run HS";"Mar 20, 2026, 16:00:00";"25";"0";"0";"13.6";"5.12"
"Broad Run HS";"Mar 20, 2026, 16:00:00";"25";"0";"0";"13.6";"5.12"
"Broad Run HS";"Mar 20, 2026, 15:00:00";"25";"0";"0";"14.73";"5.45"
"Broad Run HS";"Mar 20, 2026, 15:00:00";"25";"0";"0";"14.73";"5.45"
"Broad Run HS";"Mar 20, 2026, 14:00:00";"25";"0.01";"0";"16.36";"5.57"
"Broad Run HS";"Mar 20, 2026, 14:00:00";"25";"0.01";"0";"16.36";"5.57"
"Broad Run HS";"Mar 20, 2026, 13:00:00";"25";"0";"0";"16.51";"5.89"
"Broad Run HS";"Mar 20, 2026, 13:00:00";"25";"0";"0";"16.51";"5.89"
"Broad Run HS";"Mar 20, 2026, 12:00:00";"25";"1.03";"0";"12.83";"6.93"
"Broad Run HS";"Mar 20, 2026, 12:00:00";"25";"1.03";"0";"12.83";"6.93"
"Broad Run HS";"Mar 20, 2026, 11:00:00";"25";"4.41";"0";"9.81";"7.73"
"Broad Run HS";"Mar 20, 2026, 11:00:00";"25";"4.41";"0";"9.81";"7.73"
"Broad Run HS";"Mar 20, 2026, 10:00:00";"24";"9.09";"0";"8.52";"7.59"
"Broad Run HS";"Mar 20, 2026, 10:00:00";"24";"9.09";"0";"8.52";"7.59"
"Broad Run HS";"Mar 20, 2026, 09:00:00";"24";"10.09";"0";"4.88";"6.63"
"Broad Run HS";"Mar 20, 2026, 09:00:00";"24";"10.09";"0";"4.88";"6.63"
"Broad Run HS";"Mar 20, 2026, 08:00:00";"24";"11.22";"0";"2.72";"5.99"
"Broad Run HS";"Mar 20, 2026, 08:00:00";"24";"11.22";"0";"2.72";"5.99"
"Broad Run HS";"Mar 20, 2026, 07:00:00";"23";"11.02";"0";"2.05";"6.13"
"Broad Run HS";"Mar 20, 2026, 07:00:00";"23";"11.02";"0";"2.05";"6.13"
"Broad Run HS";"Mar 20, 2026, 06:00:00";"23";"7.89";"0";"1.31";"5.96"
"Broad Run HS";"Mar 20, 2026, 06:00:00";"23";"7.89";"0";"1.31";"5.96"
"Broad Run HS";"Mar 20, 2026, 05:00:00";"23";"6.53";"0";"0.31";"6.33"
"Broad Run HS";"Mar 20, 2026, 05:00:00";"23";"6.53";"0";"0.31";"6.33"
"Broad Run HS";"Mar 20, 2026, 04:00:00";"22";"6.98";"0";"0.02";"7.33"
"Broad Run HS";"Mar 20, 2026, 04:00:00";"22";"6.98";"0";"0.02";"7.33"
"Broad Run HS";"Mar 20, 2026, 03:00:00";"21";"5.99";"0";"0";"6.04"
"Broad Run HS";"Mar 20, 2026, 03:00:00";"21";"5.99";"0";"0";"6.04"
"Broad Run HS";"Mar 20, 2026, 02:00:00";"21";"6.14";"0";"0";"4.79"
"Broad Run HS";"Mar 20, 2026, 02:00:00";"21";"6.14";"0";"0";"4.79"
"Broad Run HS";"Mar 20, 2026, 01:00:00";"21";"6.93";"0";"0";"4.98"
"Broad Run HS";"Mar 20, 2026, 01:00:00";"21";"6.93";"0";"0";"4.98"
"Broad Run HS";"Mar 20, 2026, 00:00:00";"21";"6.52";"0";"0";"5.62"
"Broad Run HS";"Mar 20, 2026, 00:00:00";"21";"6.52";"0";"0";"5.62"
"Broad Run HS";"Mar 19, 2026, 23:00:00";"20";"5.19";"0";"0";"6.95"
"Broad Run HS";"Mar 19, 2026, 23:00:00";"20";"5.19";"0";"0";"6.95"
"Broad Run HS";"Mar 19, 2026, 22:00:00";"20";"4.89";"0";"0.19";"5.92"
"Broad Run HS";"Mar 19, 2026, 22:00:00";"20";"4.89";"0";"0.19";"5.92"
"Broad Run HS";"Mar 19, 2026, 21:00:00";"20";"11.11";"0";"1.2";"5.62"
"Broad Run HS";"Mar 19, 2026, 21:00:00";"20";"11.11";"0";"1.2";"5.62"
"Broad Run HS";"Mar 19, 2026, 20:00:00";"19";"3.15";"0";"2.05";"4.63"
"Broad Run HS";"Mar 19, 2026, 20:00:00";"19";"3.15";"0";"2.05";"4.63"
"Broad Run HS";"Mar 19, 2026, 19:00:00";"19";"0.6";"0";"3.93";"5.2"
"Broad Run HS";"Mar 19, 2026, 19:00:00";"19";"0.6";"0";"3.93";"5.2"
"Broad Run HS";"Mar 19, 2026, 18:00:00";"19";"0.01";"0";"5.41";"5.17"
"Broad Run HS";"Mar 19, 2026, 18:00:00";"19";"0.01";"0";"5.41";"5.17"
"Broad Run HS";"Mar 19, 2026, 17:00:00";"18";"0";"0";"7.89";"4.98"
"Broad Run HS";"Mar 19, 2026, 17:00:00";"18";"0";"0";"7.89";"4.98"
"Broad Run HS";"Mar 19, 2026, 16:00:00";"18";"0";"0";"7.42";"5.44"
"Broad Run HS";"Mar 19, 2026, 16:00:00";"18";"0";"0";"7.42";"5.44"
"Broad Run HS";"Mar 19, 2026, 15:00:00";"18";"0.03";"0";"8.72";"5.07"
"Broad Run HS";"Mar 19, 2026, 15:00:00";"18";"0.03";"0";"8.72";"5.07"
"Broad Run HS";"Mar 19, 2026, 14:00:00";"18";"0.19";"0";"5.5";"5.29"
"Broad Run HS";"Mar 19, 2026, 14:00:00";"18";"0.19";"0";"5.5";"5.29"
"Broad Run HS";"Mar 19, 2026, 13:00:00";"17";"1.76";"0";"3.22";"5.01"
"Broad Run HS";"Mar 19, 2026, 13:00:00";"17";"1.76";"0";"3.22";"5.01"
"Broad Run HS";"Mar 19, 2026, 12:00:00";"17";"2.54";"0";"1.14";"4.97"
"Broad Run HS";"Mar 19, 2026, 12:00:00";"17";"2.54";"0";"1.14";"4.97"
"Broad Run HS";"Mar 19, 2026, 11:00:00";"17";"4.81";"0";"0.05";"5.18"
"Broad Run HS";"Mar 19, 2026, 11:00:00";"17";"4.81";"0";"0.05";"5.18"
"Broad Run HS";"Mar 19, 2026, 10:00:00";"16";"8.77";"0";"0";"5.01"
"Broad Run HS";"Mar 19, 2026, 10:00:00";"16";"8.77";"0";"0";"5.01"
"Broad Run HS";"Mar 19, 2026, 09:00:00";"16";"10.03";"0";"0";"5.1"
"Broad Run HS";"Mar 19, 2026, 09:00:00";"16";"10.03";"0";"0";"5.1"
"Broad Run HS";"Mar 19, 2026, 08:00:00";"16";"8.46";"0";"0";"4.37"
"Broad Run HS";"Mar 19, 2026, 08:00:00";"16";"8.46";"0";"0";"4.37"
"Broad Run HS";"Mar 19, 2026, 07:00:00";"16";"6.78";"0";"0";"4.29"
"Broad Run HS";"Mar 19, 2026, 07:00:00";"16";"6.78";"0";"0";"4.29"
"Broad Run HS";"Mar 19, 2026, 06:00:00";"16";"7.3";"0";"0";"3.52"
"Broad Run HS";"Mar 19, 2026, 06:00:00";"16";"7.3";"0";"0";"3.52"
"Broad Run HS";"Mar 19, 2026, 05:00:00";"17";"6.57";"0";"0";"3.25"
"Broad Run HS";"Mar 19, 2026, 05:00:00";"17";"6.57";"0";"0";"3.25"
"Broad Run HS";"Mar 19, 2026, 04:00:00";"17";"6.49";"0";"0";"3.37"
"Broad Run HS";"Mar 19, 2026, 04:00:00";"17";"6.49";"0";"0";"3.37"
"Broad Run HS";"Mar 19, 2026, 03:00:00";"17";"6.38";"0";"0";"3.9"
"Broad Run HS";"Mar 19, 2026, 03:00:00";"17";"6.38";"0";"0";"3.9"
"Broad Run HS";"Mar 19, 2026, 02:00:00";"17";"6.72";"0";"0";"4.26"
"Broad Run HS";"Mar 19, 2026, 02:00:00";"17";"6.72";"0";"0";"4.26"
"Broad Run HS";"Mar 19, 2026, 01:00:00";"17";"8.01";"0";"0";"4.37"
"Broad Run HS";"Mar 19, 2026, 01:00:00";"17";"8.01";"0";"0";"4.37"
"Broad Run HS";"Mar 19, 2026, 00:00:00";"17";"8.19";"0";"0";"4.31"
"Broad Run HS";"Mar 19, 2026, 00:00:00";"17";"8.19";"0";"0";"4.31"
"Broad Run HS";"Mar 18, 2026, 23:00:00";"16";"6.31";"0";"0";"3.88"
"Broad Run HS";"Mar 18, 2026, 23:00:00";"16";"6.31";"0";"0";"3.88"
"Broad Run HS";"Mar 18, 2026, 22:00:00";"16";"6.43";"0";"0";"4.07"
"Broad Run HS";"Mar 18, 2026, 22:00:00";"16";"6.43";"0";"0";"4.07"
"Broad Run HS";"Mar 18, 2026, 21:00:00";"16";"7.54";"0";"0";"3.81"
"Broad Run HS";"Mar 18, 2026, 21:00:00";"16";"7.54";"0";"0";"3.81"
"Broad Run HS";"Mar 18, 2026, 20:00:00";"15";"5.2";"0";"0";"2.92"
"Broad Run HS";"Mar 18, 2026, 20:00:00";"15";"5.2";"0";"0";"2.92"
"Broad Run HS";"Mar 18, 2026, 19:00:00";"15";"2.98";"0";"0";"3.3"
"Broad Run HS";"Mar 18, 2026, 19:00:00";"15";"2.98";"0";"0";"3.3"
"Broad Run HS";"Mar 18, 2026, 18:00:00";"15";"2.15";"0";"0";"3.43"
"Broad Run HS";"Mar 18, 2026, 18:00:00";"15";"2.15";"0";"0";"3.43"
"Broad Run HS";"Mar 18, 2026, 17:00:00";"15";"1.85";"0";"0";"3.96"
"Broad Run HS";"Mar 18, 2026, 17:00:00";"15";"1.85";"0";"0";"3.96"
"Broad Run HS";"Mar 18, 2026, 16:00:00";"14";"1.73";"0";"0";"3.57"
"Broad Run HS";"Mar 18, 2026, 16:00:00";"14";"1.73";"0";"0";"3.57"
"Broad Run HS";"Mar 18, 2026, 15:00:00";"14";"1.15";"0";"0";"3.26"
"Broad Run HS";"Mar 18, 2026, 15:00:00";"14";"1.15";"0";"0";"3.26"
"Broad Run HS";"Mar 18, 2026, 14:00:00";"14";"1.48";"0";"0";"3.26"
"Broad Run HS";"Mar 18, 2026, 14:00:00";"14";"1.48";"0";"0";"3.26"
"Broad Run HS";"Mar 18, 2026, 13:00:00";"13";"0.96";"0";"0";"3.37"
"Broad Run HS";"Mar 18, 2026, 13:00:00";"13";"0.96";"0";"0";"3.37"
"Broad Run HS";"Mar 18, 2026, 12:00:00";"13";"1.14";"0";"0";"3.06"
"Broad Run HS";"Mar 18, 2026, 12:00:00";"13";"1.14";"0";"0";"3.06"
"Broad Run HS";"Mar 18, 2026, 11:00:00";"13";"2.91";"0";"0";"3.9"
"Broad Run HS";"Mar 18, 2026, 11:00:00";"13";"2.91";"0";"0";"3.9"
"Broad Run HS";"Mar 18, 2026, 10:00:00";"12";"5.18";"0";"0";"4.77"
"Broad Run HS";"Mar 18, 2026, 10:00:00";"12";"5.18";"0";"0";"4.77"
"Broad Run HS";"Mar 18, 2026, 09:00:00";"12";"6.53";"0";"0";"4.69"
"Broad Run HS";"Mar 18, 2026, 09:00:00";"12";"6.53";"0";"0";"4.69"
"Broad Run HS";"Mar 18, 2026, 08:00:00";"11";"9.18";"0";"0";"5.41"
"Broad Run HS";"Mar 18, 2026, 08:00:00";"11";"9.18";"0";"0";"5.41"
"Broad Run HS";"Mar 18, 2026, 07:00:00";"10";"6.81";"0";"0";"4.52"
"Broad Run HS";"Mar 18, 2026, 07:00:00";"10";"6.81";"0";"0";"4.52"
"Broad Run HS";"Mar 18, 2026, 06:00:00";"10";"6.08";"0";"0";"4.12"
"Broad Run HS";"Mar 18, 2026, 06:00:00";"10";"6.08";"0";"0";"4.12"
"Broad Run HS";"Mar 18, 2026, 05:00:00";"9";"5.42";"0";"0";"4.18"
"Broad Run HS";"Mar 18, 2026, 05:00:00";"9";"5.42";"0";"0";"4.18"
"Broad Run HS";"Mar 18, 2026, 04:00:00";"9";"5.06";"0";"0";"3.88"
"Broad Run HS";"Mar 18, 2026, 04:00:00";"9";"5.06";"0";"0";"3.88"
"Broad Run HS";"Mar 18, 2026, 03:00:00";"8";"4.62";"0";"0";"3.81"
"Broad Run HS";"Mar 18, 2026, 03:00:00";"8";"4.62";"0";"0";"3.81"
"Broad Run HS";"Mar 18, 2026, 02:00:00";"8";"4.2";"0";"0";"3.76"
"Broad Run HS";"Mar 18, 2026, 02:00:00";"8";"4.2";"0";"0";"3.76"
"Broad Run HS";"Mar 18, 2026, 01:00:00";"7";"4.06";"0";"0";"3.21"
"Broad Run HS";"Mar 18, 2026, 01:00:00";"7";"4.06";"0";"0";"3.21"
"Broad Run HS";"Mar 18, 2026, 00:00:00";"7";"4.43";"0";"0";"2.76"
"Broad Run HS";"Mar 18, 2026, 00:00:00";"7";"4.43";"0";"0";"2.76"
"Broad Run HS";"Mar 17, 2026, 23:00:00";"7";"3.6";"0";"0";"2.2"
"Broad Run HS";"Mar 17, 2026, 23:00:00";"7";"3.6";"0";"0";"2.2"
"Broad Run HS";"Mar 17, 2026, 22:00:00";"6";"3.42";"0";"0";"2.3"
"Broad Run HS";"Mar 17, 2026, 22:00:00";"6";"3.42";"0";"0";"2.3"
"Broad Run HS";"Mar 17, 2026, 21:00:00";"6";"2.76";"0";"0";"2.08"
"Broad Run HS";"Mar 17, 2026, 21:00:00";"6";"2.76";"0";"0";"2.08"
"Broad Run HS";"Mar 17, 2026, 20:00:00";"6";"2.7";"0";"0";"1.97"
"Broad Run HS";"Mar 17, 2026, 20:00:00";"6";"2.7";"0";"0";"1.97"
"Broad Run HS";"Mar 17, 2026, 19:00:00";"6";"2.04";"0";"0";"1.65"
"Broad Run HS";"Mar 17, 2026, 19:00:00";"6";"2.04";"0";"0";"1.65"
"Broad Run HS";"Mar 17, 2026, 18:00:00";"6";"0.8";"0";"0";"1.5"
"Broad Run HS";"Mar 17, 2026, 18:00:00";"6";"0.8";"0";"0";"1.5"
"Broad Run HS";"Mar 17, 2026, 17:00:00";"6";"0.58";"0";"0";"1.4"
"Broad Run HS";"Mar 17, 2026, 17:00:00";"6";"0.58";"0";"0";"1.4"
"Broad Run HS";"Mar 17, 2026, 16:00:00";"6";"0.63";"0";"0";"1.63"
"Broad Run HS";"Mar 17, 2026, 16:00:00";"6";"0.63";"0";"0";"1.63"
"Broad Run HS";"Mar 17, 2026, 15:00:00";"6";"0.98";"0";"0";"1.65"
"Broad Run HS";"Mar 17, 2026, 15:00:00";"6";"0.98";"0";"0";"1.65"
"Broad Run HS";"Mar 17, 2026, 14:00:00";"6";"0.52";"0";"0";"1.65"
"Broad Run HS";"Mar 17, 2026, 14:00:00";"6";"0.52";"0";"0";"1.65"
"Broad Run HS";"Mar 17, 2026, 13:00:00";"6";"0.1";"0";"0";"1.51"
"Broad Run HS";"Mar 17, 2026, 13:00:00";"6";"0.1";"0";"0";"1.51"
"Broad Run HS";"Mar 17, 2026, 12:00:00";"7";"0";"0";"0";"1.7"
"Broad Run HS";"Mar 17, 2026, 12:00:00";"7";"0";"0";"0";"1.7"
"Broad Run HS";"Mar 17, 2026, 11:00:00";"7";"0";"0";"0";"1.58"
"Broad Run HS";"Mar 17, 2026, 11:00:00";"7";"0";"0";"0";"1.58"
"Broad Run HS";"Mar 17, 2026, 10:00:00";"7";"0.21";"0";"0";"1.63"
"Broad Run HS";"Mar 17, 2026, 10:00:00";"7";"0.21";"0";"0";"1.63"
"Broad Run HS";"Mar 17, 2026, 09:00:00";"8";"1.31";"0";"0";"1.37"
"Broad Run HS";"Mar 17, 2026, 09:00:00";"8";"1.31";"0";"0";"1.37"
"Broad Run HS";"Mar 17, 2026, 08:00:00";"8";"1.2";"0";"0";"1.34"
"Broad Run HS";"Mar 17, 2026, 08:00:00";"8";"1.2";"0";"0";"1.34"
"Broad Run HS";"Mar 17, 2026, 07:00:00";"8";"0.28";"0";"0";"1.47"
"Broad Run HS";"Mar 17, 2026, 07:00:00";"8";"0.28";"0";"0";"1.47"
"Broad Run HS";"Mar 17, 2026, 06:00:00";"9";"0.23";"0";"0";"1.4"
"Broad Run HS";"Mar 17, 2026, 06:00:00";"9";"0.23";"0";"0";"1.4"
"Broad Run HS";"Mar 17, 2026, 05:00:00";"10";"0";"0";"0.65";"1.31"
"Broad Run HS";"Mar 17, 2026, 05:00:00";"10";"0";"0";"0.65";"1.31"
"Broad Run HS";"Mar 17, 2026, 04:00:00";"10";"0";"0";"1.84";"1.07"
"Broad Run HS";"Mar 17, 2026, 04:00:00";"10";"0";"0";"1.84";"1.07"
"Broad Run HS";"Mar 17, 2026, 03:00:00";"11";"0";"0";"4.18";"0.96"
"Broad Run HS";"Mar 17, 2026, 03:00:00";"11";"0";"0";"4.18";"0.96"
"Broad Run HS";"Mar 17, 2026, 02:00:00";"12";"0";"0";"5.93";"0.64"
"Broad Run HS";"Mar 17, 2026, 02:00:00";"12";"0";"0";"5.93";"0.64"
"Broad Run HS";"Mar 17, 2026, 01:00:00";"12";"0.05";"0";"6.75";"0.48"
"Broad Run HS";"Mar 17, 2026, 01:00:00";"12";"0.05";"0";"6.75";"0.48"
"Broad Run HS";"Mar 17, 2026, 00:00:00";"13";"0.41";"0";"6.5";"0.5"
"Broad Run HS";"Mar 17, 2026, 00:00:00";"13";"0.41";"0";"6.5";"0.5"
"Broad Run HS";"Mar 16, 2026, 23:00:00";"14";"0.68";"0";"6.32";"0.43"
"Broad Run HS";"Mar 16, 2026, 23:00:00";"14";"0.68";"0";"6.32";"0.43"
"Broad Run HS";"Mar 16, 2026, 22:00:00";"16";"0.07";"0";"8.37";"0.36"
"Broad Run HS";"Mar 16, 2026, 22:00:00";"16";"0.07";"0";"8.37";"0.36"
"Broad Run HS";"Mar 16, 2026, 21:00:00";"17";"0";"0";"25.29";"0.64"
"Broad Run HS";"Mar 16, 2026, 21:00:00";"17";"0";"0";"25.29";"0.64"
"Broad Run HS";"Mar 16, 2026, 20:00:00";"18";"0";"0";"47.85";"1.88"
"Broad Run HS";"Mar 16, 2026, 20:00:00";"18";"0";"0";"47.85";"1.88"
"Broad Run HS";"Mar 16, 2026, 19:00:00";"18";"3";"0";"48.4";"2.42"
"Broad Run HS";"Mar 16, 2026, 19:00:00";"18";"3";"0";"48.4";"2.42"
"Broad Run HS";"Mar 16, 2026, 18:00:00";"19";"1.83";"0";"41.02";"1.99"
"Broad Run HS";"Mar 16, 2026, 18:00:00";"19";"1.83";"0";"41.02";"1.99"
"Broad Run HS";"Mar 16, 2026, 17:00:00";"19";"0.23";"0";"37.77";"1.08"
"Broad Run HS";"Mar 16, 2026, 17:00:00";"19";"0.23";"0";"37.77";"1.08"
"Broad Run HS";"Mar 16, 2026, 16:00:00";"20";"0";"0";"39.46";"1.1"
"Broad Run HS";"Mar 16, 2026, 16:00:00";"20";"0";"0";"39.46";"1.1"
"Broad Run HS";"Mar 16, 2026, 15:00:00";"20";"0";"0";"42.83";"2.29"
"Broad Run HS";"Mar 16, 2026, 15:00:00";"20";"0";"0";"42.83";"2.29"
"Broad Run HS";"Mar 16, 2026, 14:00:00";"21";"0";"0";"41.85";"3.67"
"Broad Run HS";"Mar 16, 2026, 14:00:00";"21";"0";"0";"41.85";"3.67"
"Broad Run HS";"Mar 16, 2026, 13:00:00";"20";"0.34";"0";"44.46";"3.81"
"Broad Run HS";"Mar 16, 2026, 13:00:00";"20";"0.34";"0";"44.46";"3.81"
"Broad Run HS";"Mar 16, 2026, 12:00:00";"20";"0";"0";"42.57";"3.39"
"Broad Run HS";"Mar 16, 2026, 12:00:00";"20";"0";"0";"42.57";"3.39"
"Broad Run HS";"Mar 16, 2026, 11:00:00";"20";"0";"0";"51.56";"3.29"
"Broad Run HS";"Mar 16, 2026, 11:00:00";"20";"0";"0";"51.56";"3.29"
"Broad Run HS";"Mar 16, 2026, 10:00:00";"20";"0.02";"0";"48.41";"3.91"
"Broad Run HS";"Mar 16, 2026, 10:00:00";"20";"0.02";"0";"48.41";"3.91"
"Broad Run HS";"Mar 16, 2026, 09:00:00";"20";"0.8";"0";"41.1";"3.8"
"Broad Run HS";"Mar 16, 2026, 09:00:00";"20";"0.8";"0";"41.1";"3.8"
"Broad Run HS";"Mar 16, 2026, 08:00:00";"20";"1.15";"0";"36.84";"3.66"
"Broad Run HS";"Mar 16, 2026, 08:00:00";"20";"1.15";"0";"36.84";"3.66"
"Broad Run HS";"Mar 16, 2026, 07:00:00";"19";"1.85";"0";"34.05";"4.42"
"Broad Run HS";"Mar 16, 2026, 07:00:00";"19";"1.85";"0";"34.05";"4.42"
"Broad Run HS";"Mar 16, 2026, 06:00:00";"19";"0.71";"0";"31.2";"4.99"
"Broad Run HS";"Mar 16, 2026, 06:00:00";"19";"0.71";"0";"31.2";"4.99"
"Broad Run HS";"Mar 16, 2026, 05:00:00";"19";"1.32";"0";"24.69";"5"
"Broad Run HS";"Mar 16, 2026, 05:00:00";"19";"1.32";"0";"24.69";"5"
"Broad Run HS";"Mar 16, 2026, 04:00:00";"18";"2.43";"0";"22.43";"5.21"
"Broad Run HS";"Mar 16, 2026, 04:00:00";"18";"2.43";"0";"22.43";"5.21"
"Broad Run HS";"Mar 16, 2026, 03:00:00";"18";"3.52";"0";"17.67";"4.76"
"Broad Run HS";"Mar 16, 2026, 03:00:00";"18";"3.52";"0";"17.67";"4.76"
"Broad Run HS";"Mar 16, 2026, 02:00:00";"18";"3.81";"0";"12.18";"2.97"
"Broad Run HS";"Mar 16, 2026, 02:00:00";"18";"3.81";"0";"12.18";"2.97"
"Broad Run HS";"Mar 16, 2026, 01:00:00";"18";"3.75";"0";"8.46";"4.8"
"Broad Run HS";"Mar 16, 2026, 01:00:00";"18";"3.75";"0";"8.46";"4.8"
"Broad Run HS";"Mar 16, 2026, 00:00:00";"18";"3.42";"0";"7.18";"9.88"
"Broad Run HS";"Mar 16, 2026, 00:00:00";"18";"3.42";"0";"7.18";"9.88"
"Broad Run HS";"Mar 15, 2026, 23:00:00";"18";"5";"0";"4.79";"8.06"
"Broad Run HS";"Mar 15, 2026, 23:00:00";"18";"5";"0";"4.79";"8.06"
"Broad Run HS";"Mar 15, 2026, 22:00:00";"17";"3.66";"0";"2.75";"7.17"
"Broad Run HS";"Mar 15, 2026, 22:00:00";"17";"3.66";"0";"2.75";"7.17"
"Broad Run HS";"Mar 15, 2026, 21:00:00";"17";"3.03";"0";"1.75";"5.77"
"Broad Run HS";"Mar 15, 2026, 21:00:00";"17";"3.03";"0";"1.75";"5.77"
"Broad Run HS";"Mar 15, 2026, 20:00:00";"16";"2.43";"0";"1.09";"5.06"
"Broad Run HS";"Mar 15, 2026, 20:00:00";"16";"2.43";"0";"1.09";"5.06"
"Broad Run HS";"Mar 15, 2026, 19:00:00";"16";"1.99";"0";"1.28";"5.22"
"Broad Run HS";"Mar 15, 2026, 19:00:00";"16";"1.99";"0";"1.28";"5.22"
"Broad Run HS";"Mar 15, 2026, 18:00:00";"15";"0.67";"0";"0.46";"5.14"
"Broad Run HS";"Mar 15, 2026, 18:00:00";"15";"0.67";"0";"0.46";"5.14"
"Broad Run HS";"Mar 15, 2026, 17:00:00";"15";"0.2";"0";"0.27";"4.21"
"Broad Run HS";"Mar 15, 2026, 17:00:00";"15";"0.2";"0";"0.27";"4.21"
"Broad Run HS";"Mar 15, 2026, 16:00:00";"14";"0.01";"0";"0.19";"3.78"
"Broad Run HS";"Mar 15, 2026, 16:00:00";"14";"0.01";"0";"0.19";"3.78"
"Broad Run HS";"Mar 15, 2026, 15:00:00";"14";"0";"0";"0.08";"3.7"
"Broad Run HS";"Mar 15, 2026, 15:00:00";"14";"0";"0";"0.08";"3.7"
"Broad Run HS";"Mar 15, 2026, 14:00:00";"14";"0.12";"0";"0";"3.15"
"Broad Run HS";"Mar 15, 2026, 14:00:00";"14";"0.12";"0";"0";"3.15"
"Broad Run HS";"Mar 15, 2026, 13:00:00";"13";"0.1";"0";"0";"2.54"
"Broad Run HS";"Mar 15, 2026, 13:00:00";"13";"0.1";"0";"0";"2.54"
"Broad Run HS";"Mar 15, 2026, 12:00:00";"13";"0.53";"0";"0";"2.63"
"Broad Run HS";"Mar 15, 2026, 12:00:00";"13";"0.53";"0";"0";"2.63"
"Broad Run HS";"Mar 15, 2026, 11:00:00";"13";"1.58";"0";"0";"2.65"
"Broad Run HS";"Mar 15, 2026, 11:00:00";"13";"1.58";"0";"0";"2.65"
"Broad Run HS";"Mar 15, 2026, 10:00:00";"13";"3.69";"0";"0";"2.75"
"Broad Run HS";"Mar 15, 2026, 10:00:00";"13";"3.69";"0";"0";"2.75"
"Broad Run HS";"Mar 15, 2026, 09:00:00";"13";"3.84";"0";"0";"2.75"
"Broad Run HS";"Mar 15, 2026, 09:00:00";"13";"3.84";"0";"0";"2.75"
"Broad Run HS";"Mar 15, 2026, 08:00:00";"13";"3.88";"0";"0";"2.44"
"Broad Run HS";"Mar 15, 2026, 08:00:00";"13";"3.88";"0";"0";"2.44"
"Broad Run HS";"Mar 15, 2026, 07:00:00";"12";"6.4";"0";"0";"2.66"
"Broad Run HS";"Mar 15, 2026, 07:00:00";"12";"6.4";"0";"0";"2.66"
"Broad Run HS";"Mar 15, 2026, 06:00:00";"12";"5.13";"0";"0";"2.81"
"Broad Run HS";"Mar 15, 2026, 06:00:00";"12";"5.13";"0";"0";"2.81"
"Broad Run HS";"Mar 15, 2026, 05:00:00";"12";"6.39";"0";"0";"2.75"
"Broad Run HS";"Mar 15, 2026, 05:00:00";"12";"6.39";"0";"0";"2.75"
"Broad Run HS";"Mar 15, 2026, 04:00:00";"12";"9.25";"0";"0";"2.86"
"Broad Run HS";"Mar 15, 2026, 04:00:00";"12";"9.25";"0";"0";"2.86"
"Broad Run HS";"Mar 15, 2026, 03:00:00";"12";"12.31";"0";"0";"3.32"
"Broad Run HS";"Mar 15, 2026, 03:00:00";"12";"12.31";"0";"0";"3.32"
"Broad Run HS";"Mar 15, 2026, 02:00:00";"14";"14.29";"0";"0.15";"3.99"
"Broad Run HS";"Mar 15, 2026, 02:00:00";"14";"14.29";"0";"0.15";"3.99"
"Broad Run HS";"Mar 15, 2026, 01:00:00";"12";"12.39";"0";"0";"5.75"
"Broad Run HS";"Mar 15, 2026, 01:00:00";"12";"12.39";"0";"0";"5.75"
"Broad Run HS";"Mar 15, 2026, 00:00:00";"13";"12.77";"0";"0.3";"7.16"
"Broad Run HS";"Mar 15, 2026, 00:00:00";"13";"12.77";"0";"0.3";"7.16"
"Broad Run HS";"Mar 14, 2026, 23:00:00";"10";"9.52";"0";"0.01";"6.71"
"Broad Run HS";"Mar 14, 2026, 23:00:00";"10";"9.52";"0";"0.01";"6.71"
"Broad Run HS";"Mar 14, 2026, 22:00:00";"9";"4";"0";"1.33";"3.76"
"Broad Run HS";"Mar 14, 2026, 22:00:00";"9";"4";"0";"1.33";"3.76"
"Broad Run HS";"Mar 14, 2026, 21:00:00";"8";"2.45";"0";"2.75";"3.29"
"Broad Run HS";"Mar 14, 2026, 21:00:00";"8";"2.45";"0";"2.75";"3.29"
"Broad Run HS";"Mar 14, 2026, 20:00:00";"8";"0.87";"0";"2.17";"2.5"
"Broad Run HS";"Mar 14, 2026, 20:00:00";"8";"0.87";"0";"2.17";"2.5"
"Broad Run HS";"Mar 14, 2026, 19:00:00";"8";"0";"0";"1.61";"2.01"
"Broad Run HS";"Mar 14, 2026, 19:00:00";"8";"0";"0";"1.61";"2.01"
"Broad Run HS";"Mar 14, 2026, 18:00:00";"8";"0";"0";"2.22";"1.72"
"Broad Run HS";"Mar 14, 2026, 18:00:00";"8";"0";"0";"2.22";"1.72"
"Broad Run HS";"Mar 14, 2026, 17:00:00";"8";"0";"0";"2.49";"1.62"
"Broad Run HS";"Mar 14, 2026, 17:00:00";"8";"0";"0";"2.49";"1.62"
"Broad Run HS";"Mar 14, 2026, 16:00:00";"8";"0";"0";"3.18";"1.74"
"Broad Run HS";"Mar 14, 2026, 16:00:00";"8";"0";"0";"3.18";"1.74"
"Broad Run HS";"Mar 14, 2026, 15:00:00";"8";"0";"0";"6.08";"1.79"
"Broad Run HS";"Mar 14, 2026, 15:00:00";"8";"0";"0";"6.08";"1.79"
"Broad Run HS";"Mar 14, 2026, 14:00:00";"8";"0";"0";"0.86";"1.52"
"Broad Run HS";"Mar 14, 2026, 14:00:00";"8";"0";"0";"0.86";"1.52"
"Broad Run HS";"Mar 14, 2026, 13:00:00";"8";"0";"0";"0.46";"1.53"
"Broad Run HS";"Mar 14, 2026, 13:00:00";"8";"0";"0";"0.46";"1.53"
"Broad Run HS";"Mar 14, 2026, 12:00:00";"8";"0";"0";"0.02";"1.82"
"Broad Run HS";"Mar 14, 2026, 12:00:00";"8";"0";"0";"0.02";"1.82"
"Broad Run HS";"Mar 14, 2026, 11:00:00";"8";"0";"0";"0";"2.06"
"Broad Run HS";"Mar 14, 2026, 11:00:00";"8";"0";"0";"0";"2.06"
"Broad Run HS";"Mar 14, 2026, 10:00:00";"9";"0.04";"0";"0";"2.28"
"Broad Run HS";"Mar 14, 2026, 10:00:00";"9";"0.04";"0";"0";"2.28"
"Broad Run HS";"Mar 14, 2026, 09:00:00";"9";"0";"0";"0";"1.75"
"Broad Run HS";"Mar 14, 2026, 09:00:00";"9";"0";"0";"0";"1.75"
"Broad Run HS";"Mar 14, 2026, 08:00:00";"9";"0";"0";"0";"1.36"
"Broad Run HS";"Mar 14, 2026, 08:00:00";"9";"0";"0";"0";"1.36"
"Broad Run HS";"Mar 14, 2026, 07:00:00";"9";"0";"0";"0";"1.25"
"Broad Run HS";"Mar 14, 2026, 07:00:00";"9";"0";"0";"0";"1.25"
"Broad Run HS";"Mar 14, 2026, 06:00:00";"10";"0";"0";"0";"1.2"
"Broad Run HS";"Mar 14, 2026, 06:00:00";"10";"0";"0";"0";"1.2"
"Broad Run HS";"Mar 14, 2026, 05:00:00";"10";"0";"0";"0.18";"1.24"
"Broad Run HS";"Mar 14, 2026, 05:00:00";"10";"0";"0";"0.18";"1.24"
"Broad Run HS";"Mar 14, 2026, 04:00:00";"10";"0.64";"0";"0";"1.56"
"Broad Run HS";"Mar 14, 2026, 04:00:00";"10";"0.64";"0";"0";"1.56"
"Broad Run HS";"Mar 14, 2026, 03:00:00";"10";"0.83";"0";"0";"2.03"
"Broad Run HS";"Mar 14, 2026, 03:00:00";"10";"0.83";"0";"0";"2.03"
"Broad Run HS";"Mar 14, 2026, 02:00:00";"10";"0.17";"0";"0.01";"1.87"
"Broad Run HS";"Mar 14, 2026, 02:00:00";"10";"0.17";"0";"0.01";"1.87"
"Broad Run HS";"Mar 14, 2026, 01:00:00";"10";"0.1";"0";"0.05";"1.98"
"Broad Run HS";"Mar 14, 2026, 01:00:00";"10";"0.1";"0";"0.05";"1.98"
"Broad Run HS";"Mar 14, 2026, 00:00:00";"10";"0";"0";"0.24";"2.19"
"Broad Run HS";"Mar 14, 2026, 00:00:00";"10";"0";"0";"0.24";"2.19"
"Broad Run HS";"Mar 13, 2026, 23:00:00";"11";"0.07";"0";"0.83";"2.19"
"Broad Run HS";"Mar 13, 2026, 23:00:00";"11";"0.07";"0";"0.83";"2.19"
"Broad Run HS";"Mar 13, 2026, 22:00:00";"11";"0";"0";"1.03";"2.14"
"Broad Run HS";"Mar 13, 2026, 22:00:00";"11";"0";"0";"1.03";"2.14"
"Broad Run HS";"Mar 13, 2026, 21:00:00";"11";"0";"0";"0.91";"1.84"
"Broad Run HS";"Mar 13, 2026, 21:00:00";"11";"0";"0";"0.91";"1.84"
"Broad Run HS";"Mar 13, 2026, 20:00:00";"11";"0";"0";"1.13";"1.74"
"Broad Run HS";"Mar 13, 2026, 20:00:00";"11";"0";"0";"1.13";"1.74"
"Broad Run HS";"Mar 13, 2026, 19:00:00";"11";"0";"0";"1.68";"1.64"
"Broad Run HS";"Mar 13, 2026, 19:00:00";"11";"0";"0";"1.68";"1.64"
"Broad Run HS";"Mar 13, 2026, 18:00:00";"11";"0";"0";"1.83";"1.51"
"Broad Run HS";"Mar 13, 2026, 18:00:00";"11";"0";"0";"1.83";"1.51"
"Broad Run HS";"Mar 13, 2026, 17:00:00";"11";"0";"0";"1.8";"1.57"
"Broad Run HS";"Mar 13, 2026, 17:00:00";"11";"0";"0";"1.8";"1.57"
"Broad Run HS";"Mar 13, 2026, 16:00:00";"11";"0";"0";"0.92";"2.17"
"Broad Run HS";"Mar 13, 2026, 16:00:00";"11";"0";"0";"0.92";"2.17"
"Broad Run HS";"Mar 13, 2026, 15:00:00";"11";"0";"0";"0.51";"2.15"
"Broad Run HS";"Mar 13, 2026, 15:00:00";"11";"0";"0";"0.51";"2.15"
"Broad Run HS";"Mar 13, 2026, 14:00:00";"11";"0";"0";"0.88";"2.02"
"Broad Run HS";"Mar 13, 2026, 14:00:00";"11";"0";"0";"0.88";"2.02"
"Broad Run HS";"Mar 13, 2026, 13:00:00";"12";"0";"0";"0.97";"2.48"
"Broad Run HS";"Mar 13, 2026, 13:00:00";"12";"0";"0";"0.97";"2.48"
"Broad Run HS";"Mar 13, 2026, 12:00:00";"12";"0";"0";"1.48";"2.42"
"Broad Run HS";"Mar 13, 2026, 12:00:00";"12";"0";"0";"1.48";"2.42"
"Broad Run HS";"Mar 13, 2026, 11:00:00";"12";"1.74";"0";"3.62";"3.68"
"Broad Run HS";"Mar 13, 2026, 11:00:00";"12";"1.74";"0";"3.62";"3.68"
"Broad Run HS";"Mar 13, 2026, 10:00:00";"12";"8.58";"0";"4.47";"3.91"
"Broad Run HS";"Mar 13, 2026, 10:00:00";"12";"8.58";"0";"4.47";"3.91"
"Broad Run HS";"Mar 13, 2026, 09:00:00";"13";"12.61";"0";"3.79";"3.58"
"Broad Run HS";"Mar 13, 2026, 09:00:00";"13";"12.61";"0";"3.79";"3.58"
"Broad Run HS";"Mar 13, 2026, 08:00:00";"18";"18.42";"0";"2.8";"2.95"
"Broad Run HS";"Mar 13, 2026, 08:00:00";"18";"18.42";"0";"2.8";"2.95"
"Broad Run HS";"Mar 13, 2026, 07:00:00";"17";"16.99";"0";"2.38";"2.77"
"Broad Run HS";"Mar 13, 2026, 07:00:00";"17";"16.99";"0";"2.38";"2.77"
"Broad Run HS";"Mar 13, 2026, 06:00:00";"13";"12.82";"0";"1.84";"2.52"
"Broad Run HS";"Mar 13, 2026, 06:00:00";"13";"12.82";"0";"1.84";"2.52"
"Broad Run HS";"Mar 13, 2026, 05:00:00";"11";"11.29";"0";"1.4";"2.28"
"Broad Run HS";"Mar 13, 2026, 05:00:00";"11";"11.29";"0";"1.4";"2.28"
"Broad Run HS";"Mar 13, 2026, 04:00:00";"11";"11.43";"0";"0.38";"2.23"
"Broad Run HS";"Mar 13, 2026, 04:00:00";"11";"11.43";"0";"0.38";"2.23"
"Broad Run HS";"Mar 13, 2026, 03:00:00";"17";"17.18";"0";"0.16";"2.27"
"Broad Run HS";"Mar 13, 2026, 03:00:00";"17";"17.18";"0";"0.16";"2.27"
"Broad Run HS";"Mar 13, 2026, 02:00:00";"17";"16.94";"0";"0";"2.83"
"Broad Run HS";"Mar 13, 2026, 02:00:00";"17";"16.94";"0";"0";"2.83"
"Broad Run HS";"Mar 13, 2026, 01:00:00";"13";"12.63";"0";"0";"2.48"
"Broad Run HS";"Mar 13, 2026, 01:00:00";"13";"12.63";"0";"0";"2.48"
"Broad Run HS";"Mar 13, 2026, 00:00:00";"11";"5.85";"0";"0";"2.65"
"Broad Run HS";"Mar 13, 2026, 00:00:00";"11";"5.85";"0";"0";"2.65"
"Broad Run HS";"Mar 12, 2026, 23:00:00";"11";"1.53";"0";"0";"2.51"
"Broad Run HS";"Mar 12, 2026, 23:00:00";"11";"1.53";"0";"0";"2.51"
"Broad Run HS";"Mar 12, 2026, 22:00:00";"12";"0.06";"0";"0";"2.31"
"Broad Run HS";"Mar 12, 2026, 22:00:00";"12";"0.06";"0";"0";"2.31"
"Broad Run HS";"Mar 12, 2026, 21:00:00";"15";"0";"0";"0.01";"2.23"
"Broad Run HS";"Mar 12, 2026, 21:00:00";"15";"0";"0";"0.01";"2.23"
"Broad Run HS";"Mar 12, 2026, 20:00:00";"16";"0";"0";"0.43";"2.74"
"Broad Run HS";"Mar 12, 2026, 20:00:00";"16";"0";"0";"0.43";"2.74"
"Broad Run HS";"Mar 12, 2026, 19:00:00";"17";"0";"0";"2.07";"2.34"
"Broad Run HS";"Mar 12, 2026, 19:00:00";"17";"0";"0";"2.07";"2.34"
"Broad Run HS";"Mar 12, 2026, 18:00:00";"18";"0";"0";"4.26";"2.17"
"Broad Run HS";"Mar 12, 2026, 18:00:00";"18";"0";"0";"4.26";"2.17"
"Broad Run HS";"Mar 12, 2026, 17:00:00";"19";"0";"0";"6.71";"1.71"
"Broad Run HS";"Mar 12, 2026, 17:00:00";"19";"0";"0";"6.71";"1.71"
"Broad Run HS";"Mar 12, 2026, 16:00:00";"19";"0";"0";"7.46";"1.46"
"Broad Run HS";"Mar 12, 2026, 16:00:00";"19";"0";"0";"7.46";"1.46"
"Broad Run HS";"Mar 12, 2026, 15:00:00";"20";"0.37";"0";"7.43";"1.84"
"Broad Run HS";"Mar 12, 2026, 15:00:00";"20";"0.37";"0";"7.43";"1.84"
"Broad Run HS";"Mar 12, 2026, 14:00:00";"22";"2.99";"0";"5.04";"5.46"
"Broad Run HS";"Mar 12, 2026, 14:00:00";"22";"2.99";"0";"5.04";"5.46"
"Broad Run HS";"Mar 12, 2026, 13:00:00";"22";"1.03";"0";"4.44";"4.44"
"Broad Run HS";"Mar 12, 2026, 13:00:00";"22";"1.03";"0";"4.44";"4.44"
"Broad Run HS";"Mar 12, 2026, 12:00:00";"23";"0.33";"0";"3.54";"2.75"
"Broad Run HS";"Mar 12, 2026, 12:00:00";"23";"0.33";"0";"3.54";"2.75"
"Broad Run HS";"Mar 12, 2026, 11:00:00";"24";"0";"0";"4.47";"1.64"
"Broad Run HS";"Mar 12, 2026, 11:00:00";"24";"0";"0";"4.47";"1.64"
"Broad Run HS";"Mar 12, 2026, 10:00:00";"25";"0.01";"0";"5.95";"0.82"
"Broad Run HS";"Mar 12, 2026, 10:00:00";"25";"0.01";"0";"5.95";"0.82"
"Broad Run HS";"Mar 12, 2026, 09:00:00";"26";"0";"0";"5.94";"0.51"
"Broad Run HS";"Mar 12, 2026, 09:00:00";"26";"0";"0";"5.94";"0.51"
"Broad Run HS";"Mar 12, 2026, 08:00:00";"27";"0";"0";"7.91";"0.67"
"Broad Run HS";"Mar 12, 2026, 08:00:00";"27";"0";"0";"7.91";"0.67"
"Broad Run HS";"Mar 12, 2026, 07:00:00";"28";"0";"0";"13.02";"0.31"
"Broad Run HS";"Mar 12, 2026, 07:00:00";"28";"0";"0";"13.02";"0.31"
"Broad Run HS";"Mar 12, 2026, 06:00:00";"29";"0";"0";"20.56";"0.22"
"Broad Run HS";"Mar 12, 2026, 06:00:00";"29";"0";"0";"20.56";"0.22"
"Broad Run HS";"Mar 12, 2026, 05:00:00";"30";"0";"0";"30.58";"2.21"
"Broad Run HS";"Mar 12, 2026, 05:00:00";"30";"0";"0";"30.58";"2.21"
"Broad Run HS";"Mar 12, 2026, 04:00:00";"31";"0";"0";"33.87";"3.79"
"Broad Run HS";"Mar 12, 2026, 04:00:00";"31";"0";"0";"33.87";"3.79"
"Broad Run HS";"Mar 12, 2026, 03:00:00";"31";"0";"0";"29.64";"3.41"
"Broad Run HS";"Mar 12, 2026, 03:00:00";"31";"0";"0";"29.64";"3.41"
"Broad Run HS";"Mar 12, 2026, 02:00:00";"31";"0";"0";"29.65";"4.38"
"Broad Run HS";"Mar 12, 2026, 02:00:00";"31";"0";"0";"29.65";"4.38"
"Broad Run HS";"Mar 12, 2026, 01:00:00";"32";"0";"0";"28.77";"5.14"
"Broad Run HS";"Mar 12, 2026, 01:00:00";"32";"0";"0";"28.77";"5.14"
"Broad Run HS";"Mar 12, 2026, 00:00:00";"32";"0";"0";"38.59";"5.33"
"Broad Run HS";"Mar 12, 2026, 00:00:00";"32";"0";"0";"38.59";"5.33"
"Broad Run HS";"Mar 11, 2026, 23:00:00";"32";"0.8";"0";"40.99";"10.87"
"Broad Run HS";"Mar 11, 2026, 23:00:00";"32";"0.8";"0";"40.99";"10.87"
"Broad Run HS";"Mar 11, 2026, 22:00:00";"31";"0.94";"0";"42.41";"15.57"
"Broad Run HS";"Mar 11, 2026, 22:00:00";"31";"0.94";"0";"42.41";"15.57"
"Broad Run HS";"Mar 11, 2026, 21:00:00";"29";"0";"0";"45.36";"10.26"
"Broad Run HS";"Mar 11, 2026, 21:00:00";"29";"0";"0";"45.36";"10.26"
"Broad Run HS";"Mar 11, 2026, 20:00:00";"28";"0";"0";"39.66";"8.94"
"Broad Run HS";"Mar 11, 2026, 20:00:00";"28";"0";"0";"39.66";"8.94"
"Broad Run HS";"Mar 11, 2026, 19:00:00";"27";"0";"0";"34.71";"6.42"
"Broad Run HS";"Mar 11, 2026, 19:00:00";"27";"0";"0";"34.71";"6.42"
"Broad Run HS";"Mar 11, 2026, 18:00:00";"27";"0";"0";"36.12";"6.15"
"Broad Run HS";"Mar 11, 2026, 18:00:00";"27";"0";"0";"36.12";"6.15"
"Broad Run HS";"Mar 11, 2026, 17:00:00";"26";"0";"0";"37.23";"6.42"
"Broad Run HS";"Mar 11, 2026, 17:00:00";"26";"0";"0";"37.23";"6.42"
"Broad Run HS";"Mar 11, 2026, 16:00:00";"26";"0";"0";"38.05";"7.4"
"Broad Run HS";"Mar 11, 2026, 16:00:00";"26";"0";"0";"38.05";"7.4"
"Broad Run HS";"Mar 11, 2026, 15:00:00";"25";"0";"0";"31.96";"8.87"
"Broad Run HS";"Mar 11, 2026, 15:00:00";"25";"0";"0";"31.96";"8.87"
"Broad Run HS";"Mar 11, 2026, 14:00:00";"25";"0";"0";"30.21";"8.8"
"Broad Run HS";"Mar 11, 2026, 14:00:00";"25";"0";"0";"30.21";"8.8"
"Broad Run HS";"Mar 11, 2026, 13:00:00";"24";"0";"0";"33.1";"8.84"
"Broad Run HS";"Mar 11, 2026, 13:00:00";"24";"0";"0";"33.1";"8.84"
"Broad Run HS";"Mar 11, 2026, 12:00:00";"23";"0.07";"0";"33.43";"8.36"
"Broad Run HS";"Mar 11, 2026, 12:00:00";"23";"0.07";"0";"33.43";"8.36"
"Broad Run HS";"Mar 11, 2026, 11:00:00";"23";"4.64";"0";"31.95";"7.72"
"Broad Run HS";"Mar 11, 2026, 11:00:00";"23";"4.64";"0";"31.95";"7.72"
"Broad Run HS";"Mar 11, 2026, 10:00:00";"22";"7.34";"0";"28.06";"7.24"
"Broad Run HS";"Mar 11, 2026, 10:00:00";"22";"7.34";"0";"28.06";"7.24"
"Broad Run HS";"Mar 11, 2026, 09:00:00";"22";"7.87";"0";"23.44";"5.55"
"Broad Run HS";"Mar 11, 2026, 09:00:00";"22";"7.87";"0";"23.44";"5.55"
"Broad Run HS";"Mar 11, 2026, 08:00:00";"21";"4.21";"0";"19.35";"6.81"
"Broad Run HS";"Mar 11, 2026, 08:00:00";"21";"4.21";"0";"19.35";"6.81"
"Broad Run HS";"Mar 11, 2026, 07:00:00";"21";"0.45";"0";"18.14";"6.09"
"Broad Run HS";"Mar 11, 2026, 07:00:00";"21";"0.45";"0";"18.14";"6.09"
"Broad Run HS";"Mar 11, 2026, 06:00:00";"21";"0";"0";"19.4";"5.64"
"Broad Run HS";"Mar 11, 2026, 06:00:00";"21";"0";"0";"19.4";"5.64"
"Broad Run HS";"Mar 11, 2026, 05:00:00";"20";"0";"0";"19.03";"5.56"
"Broad Run HS";"Mar 11, 2026, 05:00:00";"20";"0";"0";"19.03";"5.56"
"Broad Run HS";"Mar 11, 2026, 04:00:00";"20";"0";"0";"19.34";"5.68"
"Broad Run HS";"Mar 11, 2026, 04:00:00";"20";"0";"0";"19.34";"5.68"
"Broad Run HS";"Mar 11, 2026, 03:00:00";"20";"0";"0";"21.08";"5.83"
"Broad Run HS";"Mar 11, 2026, 03:00:00";"20";"0";"0";"21.08";"5.83"
"Broad Run HS";"Mar 11, 2026, 02:00:00";"19";"0";"0";"19.82";"5.89"
"Broad Run HS";"Mar 11, 2026, 02:00:00";"19";"0";"0";"19.82";"5.89"
"Broad Run HS";"Mar 11, 2026, 01:00:00";"19";"0";"0";"19.4";"5.85"
"Broad Run HS";"Mar 11, 2026, 01:00:00";"19";"0";"0";"19.4";"5.85"
"Broad Run HS";"Mar 11, 2026, 00:00:00";"18";"0";"0";"19.07";"5.55"
"Broad Run HS";"Mar 11, 2026, 00:00:00";"18";"0";"0";"19.07";"5.55"
"Broad Run HS";"Mar 10, 2026, 23:00:00";"18";"0";"0";"21.04";"4.83"
"Broad Run HS";"Mar 10, 2026, 23:00:00";"18";"0";"0";"21.04";"4.83"
"Broad Run HS";"Mar 10, 2026, 22:00:00";"18";"1.98";"0";"24";"4.97"
"Broad Run HS";"Mar 10, 2026, 22:00:00";"18";"1.98";"0";"24";"4.97"
"Broad Run HS";"Mar 10, 2026, 21:00:00";"18";"0";"0";"19.85";"4.75"
"Broad Run HS";"Mar 10, 2026, 21:00:00";"18";"0";"0";"19.85";"4.75"
"Broad Run HS";"Mar 10, 2026, 20:00:00";"17";"0";"0";"18.74";"3.92"
"Broad Run HS";"Mar 10, 2026, 20:00:00";"17";"0";"0";"18.74";"3.92"
"Broad Run HS";"Mar 10, 2026, 19:00:00";"17";"0";"0";"21.53";"3.86"
"Broad Run HS";"Mar 10, 2026, 19:00:00";"17";"0";"0";"21.53";"3.86"
"Broad Run HS";"Mar 10, 2026, 18:00:00";"16";"0";"0";"23.08";"3.8"
"Broad Run HS";"Mar 10, 2026, 18:00:00";"16";"0";"0";"23.08";"3.8"
"Broad Run HS";"Mar 10, 2026, 17:00:00";"16";"0";"0";"25.69";"3.76"
"Broad Run HS";"Mar 10, 2026, 17:00:00";"16";"0";"0";"25.69";"3.76"
"Broad Run HS";"Mar 10, 2026, 16:00:00";"16";"0";"0";"27.39";"4.24"
"Broad Run HS";"Mar 10, 2026, 16:00:00";"16";"0";"0";"27.39";"4.24"
"Broad Run HS";"Mar 10, 2026, 15:00:00";"15";"0";"0";"29.47";"5.3"
"Broad Run HS";"Mar 10, 2026, 15:00:00";"15";"0";"0";"29.47";"5.3"
"Broad Run HS";"Mar 10, 2026, 14:00:00";"15";"0";"0";"28.91";"4.85"
"Broad Run HS";"Mar 10, 2026, 14:00:00";"15";"0";"0";"28.91";"4.85"
"Broad Run HS";"Mar 10, 2026, 13:00:00";"14";"0";"0";"26.94";"5.32"
"Broad Run HS";"Mar 10, 2026, 13:00:00";"14";"0";"0";"26.94";"5.32"
"Broad Run HS";"Mar 10, 2026, 12:00:00";"14";"1.39";"0";"32.69";"6.29"
"Broad Run HS";"Mar 10, 2026, 12:00:00";"14";"1.39";"0";"32.69";"6.29"
"Broad Run HS";"Mar 10, 2026, 11:00:00";"13";"0.93";"0";"29.93";"4.05"
"Broad Run HS";"Mar 10, 2026, 11:00:00";"13";"0.93";"0";"29.93";"4.05"
"Broad Run HS";"Mar 10, 2026, 10:00:00";"13";"4.82";"0";"24.16";"3.28"
"Broad Run HS";"Mar 10, 2026, 10:00:00";"13";"4.82";"0";"24.16";"3.28"
"Broad Run HS";"Mar 10, 2026, 09:00:00";"13";"8.55";"0";"18.46";"3.72"
"Broad Run HS";"Mar 10, 2026, 09:00:00";"13";"8.55";"0";"18.46";"3.72"
"Broad Run HS";"Mar 10, 2026, 08:00:00";"13";"7.77";"0";"13.93";"4.68"
"Broad Run HS";"Mar 10, 2026, 08:00:00";"13";"7.77";"0";"13.93";"4.68"
"Broad Run HS";"Mar 10, 2026, 07:00:00";"13";"7.22";"0";"12.36";"4.85"
"Broad Run HS";"Mar 10, 2026, 07:00:00";"13";"7.22";"0";"12.36";"4.85"
"Broad Run HS";"Mar 10, 2026, 06:00:00";"13";"5.2";"0";"11.94";"4.2"
"Broad Run HS";"Mar 10, 2026, 06:00:00";"13";"5.2";"0";"11.94";"4.2"
"Broad Run HS";"Mar 10, 2026, 05:00:00";"13";"4.12";"0";"11.59";"3.67"
"Broad Run HS";"Mar 10, 2026, 05:00:00";"13";"4.12";"0";"11.59";"3.67"
"Broad Run HS";"Mar 10, 2026, 04:00:00";"13";"2.88";"0";"11.02";"3.62"
"Broad Run HS";"Mar 10, 2026, 04:00:00";"13";"2.88";"0";"11.02";"3.62"
"Broad Run HS";"Mar 10, 2026, 03:00:00";"13";"2.66";"0";"11.89";"3.46"
"Broad Run HS";"Mar 10, 2026, 03:00:00";"13";"2.66";"0";"11.89";"3.46"
"Broad Run HS";"Mar 10, 2026, 02:00:00";"13";"1.35";"0";"12.58";"3.29"
"Broad Run HS";"Mar 10, 2026, 02:00:00";"13";"1.35";"0";"12.58";"3.29"
"Broad Run HS";"Mar 10, 2026, 01:00:00";"13";"1.34";"0";"13.6";"3.2"
"Broad Run HS";"Mar 10, 2026, 01:00:00";"13";"1.34";"0";"13.6";"3.2"
"Broad Run HS";"Mar 10, 2026, 00:00:00";"13";"3.5";"0";"13.86";"3.71"
"Broad Run HS";"Mar 10, 2026, 00:00:00";"13";"3.5";"0";"13.86";"3.71"
"Broad Run HS";"Mar 9, 2026, 23:00:00";"13";"1.45";"0";"15.7";"3.21"
"Broad Run HS";"Mar 9, 2026, 23:00:00";"13";"1.45";"0";"15.7";"3.21"
"Broad Run HS";"Mar 9, 2026, 22:00:00";"12";"1.28";"0";"17.14";"2.95"
"Broad Run HS";"Mar 9, 2026, 22:00:00";"12";"1.28";"0";"17.14";"2.95"
"Broad Run HS";"Mar 9, 2026, 21:00:00";"12";"2.96";"0";"21.07";"2.59"
"Broad Run HS";"Mar 9, 2026, 21:00:00";"12";"2.96";"0";"21.07";"2.59"
"Broad Run HS";"Mar 9, 2026, 20:00:00";"14";"0";"0";"19.69";"2.08"
"Broad Run HS";"Mar 9, 2026, 20:00:00";"14";"0";"0";"19.69";"2.08"
"Broad Run HS";"Mar 9, 2026, 19:00:00";"15";"0";"0";"14.44";"1.68"
"Broad Run HS";"Mar 9, 2026, 19:00:00";"15";"0";"0";"14.44";"1.68"
"Broad Run HS";"Mar 9, 2026, 18:00:00";"15";"0";"0";"13.61";"1.57"
"Broad Run HS";"Mar 9, 2026, 18:00:00";"15";"0";"0";"13.61";"1.57"
"Broad Run HS";"Mar 9, 2026, 17:00:00";"15";"0";"0";"16.48";"1.62"
"Broad Run HS";"Mar 9, 2026, 17:00:00";"15";"0";"0";"16.48";"1.62"
"Broad Run HS";"Mar 9, 2026, 16:00:00";"15";"0";"0";"17.48";"1.62"
"Broad Run HS";"Mar 9, 2026, 16:00:00";"15";"0";"0";"17.48";"1.62"
"Broad Run HS";"Mar 9, 2026, 15:00:00";"15";"0";"0";"17.29";"1.98"
"Broad Run HS";"Mar 9, 2026, 15:00:00";"15";"0";"0";"17.29";"1.98"
"Broad Run HS";"Mar 9, 2026, 14:00:00";"15";"0";"0";"23.41";"2.32"
"Broad Run HS";"Mar 9, 2026, 14:00:00";"15";"0";"0";"23.41";"2.32"
"Broad Run HS";"Mar 9, 2026, 13:00:00";"14";"0";"0";"21.81";"1.89"
"Broad Run HS";"Mar 9, 2026, 13:00:00";"14";"0";"0";"21.81";"1.89"
"Broad Run HS";"Mar 9, 2026, 12:00:00";"15";"0";"0";"34.07";"2.29"
"Broad Run HS";"Mar 9, 2026, 12:00:00";"15";"0";"0";"34.07";"2.29"
"Broad Run HS";"Mar 9, 2026, 11:00:00";"15";"0.26";"0";"52.95";"2.62"
"Broad Run HS";"Mar 9, 2026, 11:00:00";"15";"0.26";"0";"52.95";"2.62"
"Broad Run HS";"Mar 9, 2026, 10:00:00";"15";"6.89";"0";"24.37";"3.01"
"Broad Run HS";"Mar 9, 2026, 10:00:00";"15";"6.89";"0";"24.37";"3.01"
"Broad Run HS";"Mar 9, 2026, 09:00:00";"15";"9.71";"0";"14.36";"3.17"
"Broad Run HS";"Mar 9, 2026, 09:00:00";"15";"9.71";"0";"14.36";"3.17"
"Broad Run HS";"Mar 9, 2026, 08:00:00";"16";"9.18";"0";"12.45";"6.05"
"Broad Run HS";"Mar 9, 2026, 08:00:00";"16";"9.18";"0";"12.45";"6.05"
"Broad Run HS";"Mar 9, 2026, 07:00:00";"17";"7.84";"0";"11.03";"4.5"
"Broad Run HS";"Mar 9, 2026, 07:00:00";"17";"7.84";"0";"11.03";"4.5"
"Broad Run HS";"Mar 9, 2026, 06:00:00";"17";"5.56";"0";"12.05";"4.93"
"Broad Run HS";"Mar 9, 2026, 06:00:00";"17";"5.56";"0";"12.05";"4.93"
"Broad Run HS";"Mar 9, 2026, 05:00:00";"17";"3.49";"0";"16.04";"3.72"
"Broad Run HS";"Mar 9, 2026, 05:00:00";"17";"3.49";"0";"16.04";"3.72"
"Broad Run HS";"Mar 9, 2026, 04:00:00";"18";"3.03";"0";"11.05";"3.74"
"Broad Run HS";"Mar 9, 2026, 04:00:00";"18";"3.03";"0";"11.05";"3.74"
"Broad Run HS";"Mar 9, 2026, 03:00:00";"18";"2.37";"0";"11.25";"3.37"
"Broad Run HS";"Mar 9, 2026, 03:00:00";"18";"2.37";"0";"11.25";"3.37"
"Broad Run HS";"Mar 9, 2026, 02:00:00";"18";"1.55";"0";"11.71";"3.23"
"Broad Run HS";"Mar 9, 2026, 02:00:00";"18";"1.55";"0";"11.71";"3.23"
"Broad Run HS";"Mar 9, 2026, 01:00:00";"18";"0.65";"0";"11.79";"2.78"
"Broad Run HS";"Mar 9, 2026, 01:00:00";"18";"0.65";"0";"11.79";"2.78"
"Broad Run HS";"Mar 9, 2026, 00:00:00";"21";"0.49";"0";"12.87";"2.44"
"Broad Run HS";"Mar 9, 2026, 00:00:00";"21";"0.49";"0";"12.87";"2.44"
"Broad Run HS";"Mar 8, 2026, 23:00:00";"22";"0.16";"0";"15.2";"2.78"
"Broad Run HS";"Mar 8, 2026, 23:00:00";"22";"0.16";"0";"15.2";"2.78"
"Broad Run HS";"Mar 8, 2026, 22:00:00";"24";"1.29";"0";"18.33";"2.93"
"Broad Run HS";"Mar 8, 2026, 22:00:00";"24";"1.29";"0";"18.33";"2.93"
"Broad Run HS";"Mar 8, 2026, 21:00:00";"25";"0.01";"0";"29.33";"13.4"
"Broad Run HS";"Mar 8, 2026, 21:00:00";"25";"0.01";"0";"29.33";"13.4"
"Broad Run HS";"Mar 8, 2026, 20:00:00";"24";"0";"0";"27.22";"4.34"
"Broad Run HS";"Mar 8, 2026, 20:00:00";"24";"0";"0";"27.22";"4.34"
"Broad Run HS";"Mar 8, 2026, 19:00:00";"24";"0";"0";"26.72";"2.02"
"Broad Run HS";"Mar 8, 2026, 19:00:00";"24";"0";"0";"26.72";"2.02"
"Broad Run HS";"Mar 8, 2026, 18:00:00";"26";"0";"0";"26.52";"1.82"
"Broad Run HS";"Mar 8, 2026, 18:00:00";"26";"0";"0";"26.52";"1.82"
"Broad Run HS";"Mar 8, 2026, 17:00:00";"27";"0";"0";"28.6";"1.75"
"Broad Run HS";"Mar 8, 2026, 17:00:00";"27";"0";"0";"28.6";"1.75"
"Broad Run HS";"Mar 8, 2026, 16:00:00";"28";"0";"0";"35.53";"1.35"
"Broad Run HS";"Mar 8, 2026, 16:00:00";"28";"0";"0";"35.53";"1.35"
"Broad Run HS";"Mar 8, 2026, 15:00:00";"30";"0";"0";"40.38";"1.29"
"Broad Run HS";"Mar 8, 2026, 15:00:00";"30";"0";"0";"40.38";"1.29"
"Broad Run HS";"Mar 8, 2026, 14:00:00";"32";"0";"0";"45.57";"1.03"
"Broad Run HS";"Mar 8, 2026, 14:00:00";"32";"0";"0";"45.57";"1.03"
"Broad Run HS";"Mar 8, 2026, 13:00:00";"33";"0";"0";"60.04";"2.14"
"Broad Run HS";"Mar 8, 2026, 13:00:00";"33";"0";"0";"60.04";"2.14"
"Broad Run HS";"Mar 8, 2026, 12:00:00";"34";"0";"0";"67.15";"2.43"
"Broad Run HS";"Mar 8, 2026, 12:00:00";"34";"0";"0";"67.15";"2.43"
"Broad Run HS";"Mar 8, 2026, 11:00:00";"35";"0";"0";"66.18";"2.8"
"Broad Run HS";"Mar 8, 2026, 11:00:00";"35";"0";"0";"66.18";"2.8"
"Broad Run HS";"Mar 8, 2026, 10:00:00";"37";"0";"0";"57.57";"4.32"
"Broad Run HS";"Mar 8, 2026, 10:00:00";"37";"0";"0";"57.57";"4.32"
"Broad Run HS";"Mar 8, 2026, 09:00:00";"38";"0";"0";"52.25";"9.35"
"Broad Run HS";"Mar 8, 2026, 09:00:00";"38";"0";"0";"52.25";"9.35"
"Broad Run HS";"Mar 8, 2026, 08:00:00";"38";"0";"0";"55.27";"10.08"
"Broad Run HS";"Mar 8, 2026, 08:00:00";"38";"0";"0";"55.27";"10.08"
"Broad Run HS";"Mar 8, 2026, 07:00:00";"38";"0";"0";"55.59";"6.83"
"Broad Run HS";"Mar 8, 2026, 07:00:00";"38";"0";"0";"55.59";"6.83"
"Broad Run HS";"Mar 8, 2026, 06:00:00";"38";"0";"0";"58.47";"6.78"
"Broad Run HS";"Mar 8, 2026, 06:00:00";"38";"0";"0";"58.47";"6.78"
"Broad Run HS";"Mar 8, 2026, 05:00:00";"39";"0";"0";"57.72";"6.22"
"Broad Run HS";"Mar 8, 2026, 05:00:00";"39";"0";"0";"57.72";"6.22"
"Broad Run HS";"Mar 8, 2026, 04:00:00";"41";"0";"0";"49.73";"4.12"
"Broad Run HS";"Mar 8, 2026, 04:00:00";"41";"0";"0";"49.73";"4.12"
"Broad Run HS";"Mar 8, 2026, 03:00:00";"44";"0.53";"0";"46.15";"0"
"Broad Run HS";"Mar 8, 2026, 03:00:00";"44";"0.53";"0";"46.15";"0"
"Broad Run HS";"Mar 8, 2026, 01:00:00";"45";"4.09";"0";"39.65";"0"
"Broad Run HS";"Mar 8, 2026, 01:00:00";"45";"4.09";"0";"39.65";"0"
"Broad Run HS";"Mar 8, 2026, 00:00:00";"46";"0";"0";"40.42";"17.82"
"Broad Run HS";"Mar 8, 2026, 00:00:00";"46";"0";"0";"40.42";"17.82"
"Broad Run HS";"Mar 7, 2026, 23:00:00";"46";"0";"0";"47.79";"10.09"
"Broad Run HS";"Mar 7, 2026, 23:00:00";"46";"0";"0";"47.79";"10.09"
"Broad Run HS";"Mar 7, 2026, 22:00:00";"48";"0";"0";"51.45";"8.7"
"Broad Run HS";"Mar 7, 2026, 22:00:00";"48";"0";"0";"51.45";"8.7"
"Broad Run HS";"Mar 7, 2026, 21:00:00";"51";"0";"0";"48.44";"8.37"
"Broad Run HS";"Mar 7, 2026, 21:00:00";"51";"0";"0";"48.44";"8.37"
"Broad Run HS";"Mar 7, 2026, 20:00:00";"52";"1.64";"0";"51.74";"8.47"
"Broad Run HS";"Mar 7, 2026, 20:00:00";"52";"1.64";"0";"51.74";"8.47"
"Broad Run HS";"Mar 7, 2026, 19:00:00";"54";"1.09";"0";"55.29";"8.81"
"Broad Run HS";"Mar 7, 2026, 19:00:00";"54";"1.09";"0";"55.29";"8.81"
"Broad Run HS";"Mar 7, 2026, 18:00:00";"55";"0";"0";"55.62";"9.18"
"Broad Run HS";"Mar 7, 2026, 18:00:00";"55";"0";"0";"55.62";"9.18"
"Broad Run HS";"Mar 7, 2026, 17:00:00";"56";"0";"0";"46.4";"8.13"
"Broad Run HS";"Mar 7, 2026, 17:00:00";"56";"0";"0";"46.4";"8.13"
"Broad Run HS";"Mar 7, 2026, 16:00:00";"58";"0";"0";"38.3";"9.25"
"Broad Run HS";"Mar 7, 2026, 16:00:00";"58";"0";"0";"38.3";"9.25"
"Broad Run HS";"Mar 7, 2026, 15:00:00";"59";"0";"0";"31.77";"10.43"
"Broad Run HS";"Mar 7, 2026, 15:00:00";"59";"0";"0";"31.77";"10.43"
"Broad Run HS";"Mar 7, 2026, 14:00:00";"60";"0";"0";"27.04";"10.15"
"Broad Run HS";"Mar 7, 2026, 14:00:00";"60";"0";"0";"27.04";"10.15"
"Broad Run HS";"Mar 7, 2026, 13:00:00";"61";"0";"0";"23.4";"9.08"
"Broad Run HS";"Mar 7, 2026, 13:00:00";"61";"0";"0";"23.4";"9.08"
"Broad Run HS";"Mar 7, 2026, 12:00:00";"62";"0";"0";"19.75";"7.83"
"Broad Run HS";"Mar 7, 2026, 12:00:00";"62";"0";"0";"19.75";"7.83"
"Broad Run HS";"Mar 7, 2026, 11:00:00";"63";"0.19";"0";"16.82";"7.91"
"Broad Run HS";"Mar 7, 2026, 11:00:00";"63";"0.19";"0";"16.82";"7.91"
"Broad Run HS";"Mar 7, 2026, 10:00:00";"64";"0.23";"0";"13.69";"10.75"
"Broad Run HS";"Mar 7, 2026, 10:00:00";"64";"0.23";"0";"13.69";"10.75"
"Broad Run HS";"Mar 7, 2026, 09:00:00";"66";"1.21";"0";"12.77";"11.67"
"Broad Run HS";"Mar 7, 2026, 09:00:00";"66";"1.21";"0";"12.77";"11.67"
"Broad Run HS";"Mar 7, 2026, 08:00:00";"67";"1.6";"0";"12.41";"8.86"
"Broad Run HS";"Mar 7, 2026, 08:00:00";"67";"1.6";"0";"12.41";"8.86"
"Broad Run HS";"Mar 7, 2026, 07:00:00";"68";"1.22";"0";"12.39";"8.52"
"Broad Run HS";"Mar 7, 2026, 07:00:00";"68";"1.22";"0";"12.39";"8.52"
"Broad Run HS";"Mar 7, 2026, 06:00:00";"69";"0.47";"0";"12.23";"9.09"
"Broad Run HS";"Mar 7, 2026, 06:00:00";"69";"0.47";"0";"12.23";"9.09"
"Broad Run HS";"Mar 7, 2026, 05:00:00";"70";"0.01";"0";"12.4";"9.99"
"Broad Run HS";"Mar 7, 2026, 05:00:00";"70";"0.01";"0";"12.4";"9.99"
"Broad Run HS";"Mar 7, 2026, 04:00:00";"71";"0";"0";"13.63";"14.63"
"Broad Run HS";"Mar 7, 2026, 04:00:00";"71";"0";"0";"13.63";"14.63"
"Broad Run HS";"Mar 7, 2026, 03:00:00";"72";"0.14";"0";"13.85";"19.89"
"Broad Run HS";"Mar 7, 2026, 03:00:00";"72";"0.14";"0";"13.85";"19.89"
"Broad Run HS";"Mar 7, 2026, 02:00:00";"3";"0.08";"0";"15.33";"17.39"
"Broad Run HS";"Mar 7, 2026, 02:00:00";"3";"0.08";"0";"15.33";"17.39"
"Broad Run HS";"Mar 7, 2026, 01:00:00";"4";"0";"0";"16.36";"15.53"
"Broad Run HS";"Mar 7, 2026, 01:00:00";"4";"0";"0";"16.36";"15.53"
"Broad Run HS";"Mar 7, 2026, 00:00:00";"4";"0";"0";"16.29";"18.83"
"Broad Run HS";"Mar 7, 2026, 00:00:00";"4";"0";"0";"16.29";"18.83"
"Broad Run HS";"Mar 6, 2026, 23:00:00";"4";"0";"0";"16.5";"24.99"
"Broad Run HS";"Mar 6, 2026, 23:00:00";"4";"0";"0";"16.5";"24.99"
"Broad Run HS";"Mar 6, 2026, 22:00:00";"4";"0.05";"0";"16.47";"25.41"
"Broad Run HS";"Mar 6, 2026, 22:00:00";"4";"0.05";"0";"16.47";"25.41"
"Broad Run HS";"Mar 6, 2026, 21:00:00";"4";"0.06";"0";"16.54";"25.29"
"Broad Run HS";"Mar 6, 2026, 21:00:00";"4";"0.06";"0";"16.54";"25.29"
"Broad Run HS";"Mar 6, 2026, 20:00:00";"4";"0.17";"0";"17.4";"23.11"
"Broad Run HS";"Mar 6, 2026, 20:00:00";"4";"0.17";"0";"17.4";"23.11"
"Broad Run HS";"Mar 6, 2026, 19:00:00";"5";"0.28";"0";"19.29";"21.69"
"Broad Run HS";"Mar 6, 2026, 19:00:00";"5";"0.28";"0";"19.29";"21.69"
"Broad Run HS";"Mar 6, 2026, 18:00:00";"5";"0.32";"0";"21.63";"22.44"
"Broad Run HS";"Mar 6, 2026, 18:00:00";"5";"0.32";"0";"21.63";"22.44"
"Broad Run HS";"Mar 6, 2026, 17:00:00";"5";"0.57";"0";"23.94";"26.63"
"Broad Run HS";"Mar 6, 2026, 17:00:00";"5";"0.57";"0";"23.94";"26.63"
"Broad Run HS";"Mar 6, 2026, 16:00:00";"5";"0.2";"0";"26.23";"22.59"
"Broad Run HS";"Mar 6, 2026, 16:00:00";"5";"0.2";"0";"26.23";"22.59"
"Broad Run HS";"Mar 6, 2026, 15:00:00";"5";"0";"0";"27.08";"22.1"
"Broad Run HS";"Mar 6, 2026, 15:00:00";"5";"0";"0";"27.08";"22.1"
"Broad Run HS";"Mar 6, 2026, 14:00:00";"5";"0";"0";"27.33";"23.13"
"Broad Run HS";"Mar 6, 2026, 14:00:00";"5";"0";"0";"27.33";"23.13"
"Broad Run HS";"Mar 6, 2026, 13:00:00";"5";"0.17";"0";"27.36";"19.8"
"Broad Run HS";"Mar 6, 2026, 13:00:00";"5";"0.17";"0";"27.36";"19.8"
"Broad Run HS";"Mar 6, 2026, 12:00:00";"5";"0.24";"0";"25.84";"15.2"
"Broad Run HS";"Mar 6, 2026, 12:00:00";"5";"0.24";"0";"25.84";"15.2"
"Broad Run HS";"Mar 6, 2026, 11:00:00";"5";"1.18";"0";"23.4";"25.89"
"Broad Run HS";"Mar 6, 2026, 11:00:00";"5";"1.18";"0";"23.4";"25.89"
"Broad Run HS";"Mar 6, 2026, 10:00:00";"5";"1.73";"0";"23.77";"29.47"
"Broad Run HS";"Mar 6, 2026, 10:00:00";"5";"1.73";"0";"23.77";"29.47"
"Broad Run HS";"Mar 6, 2026, 09:00:00";"5";"3.3";"0";"24.73";"0"
"Broad Run HS";"Mar 6, 2026, 09:00:00";"5";"3.3";"0";"24.73";"0"
"Broad Run HS";"Mar 6, 2026, 08:00:00";"5";"4.45";"0";"25.26";"0"
"Broad Run HS";"Mar 6, 2026, 08:00:00";"5";"4.45";"0";"25.26";"0"
"Broad Run HS";"Mar 6, 2026, 07:00:00";"5";"2.9";"0";"24.56";"0"
"Broad Run HS";"Mar 6, 2026, 07:00:00";"5";"2.9";"0";"24.56";"0"
"Broad Run HS";"Mar 6, 2026, 06:00:00";"5";"2.03";"0";"25.59";"0"
"Broad Run HS";"Mar 6, 2026, 06:00:00";"5";"2.03";"0";"25.59";"0"
"Broad Run HS";"Mar 6, 2026, 05:00:00";"5";"2.63";"0";"24.67";"0"
"Broad Run HS";"Mar 6, 2026, 05:00:00";"5";"2.63";"0";"24.67";"0"
"Broad Run HS";"Mar 6, 2026, 04:00:00";"5";"3.35";"0";"26.34";"0"
"Broad Run HS";"Mar 6, 2026, 04:00:00";"5";"3.35";"0";"26.34";"0"
"Broad Run HS";"Mar 6, 2026, 03:00:00";"5";"3.24";"0";"26.49";"0"
"Broad Run HS";"Mar 6, 2026, 03:00:00";"5";"3.24";"0";"26.49";"0"
"Broad Run HS";"Mar 6, 2026, 02:00:00";"6";"5.87";"0";"27.21";"0"
"Broad Run HS";"Mar 6, 2026, 02:00:00";"6";"5.87";"0";"27.21";"0"
"Broad Run HS";"Mar 6, 2026, 01:00:00";"8";"7.83";"0";"27.81";"0"
"Broad Run HS";"Mar 6, 2026, 01:00:00";"8";"7.83";"0";"27.81";"0"
"Broad Run HS";"Mar 6, 2026, 00:00:00";"8";"7.57";"0";"27.22";"0"
"Broad Run HS";"Mar 6, 2026, 00:00:00";"8";"7.57";"0";"27.22";"0"
"Broad Run HS";"Mar 5, 2026, 23:00:00";"8";"7.57";"0";"25.43";"0"
"Broad Run HS";"Mar 5, 2026, 23:00:00";"8";"7.57";"0";"25.43";"0"
"Broad Run HS";"Mar 5, 2026, 22:00:00";"7";"7.04";"0";"24.97";"39.53"
"Broad Run HS";"Mar 5, 2026, 22:00:00";"7";"7.04";"0";"24.97";"39.53"
"Broad Run HS";"Mar 5, 2026, 21:00:00";"6";"4.98";"0";"27.03";"32.13"
"Broad Run HS";"Mar 5, 2026, 21:00:00";"6";"4.98";"0";"27.03";"32.13"
"Broad Run HS";"Mar 5, 2026, 20:00:00";"8";"8.04";"0";"28.73";"28.98"
"Broad Run HS";"Mar 5, 2026, 20:00:00";"8";"8.04";"0";"28.73";"28.98"
"Broad Run HS";"Mar 5, 2026, 19:00:00";"11";"10.99";"0";"32.64";"31.66"
"Broad Run HS";"Mar 5, 2026, 19:00:00";"11";"10.99";"0";"32.64";"31.66"
"Broad Run HS";"Mar 5, 2026, 18:00:00";"6";"5.09";"0";"32.79";"26.03"
"Broad Run HS";"Mar 5, 2026, 18:00:00";"6";"5.09";"0";"32.79";"26.03"
"Broad Run HS";"Mar 5, 2026, 17:00:00";"6";"0.89";"0";"34.02";"24.53"
"Broad Run HS";"Mar 5, 2026, 17:00:00";"6";"0.89";"0";"34.02";"24.53"
"Broad Run HS";"Mar 5, 2026, 16:00:00";"6";"1.16";"0";"35.27";"28.28"
"Broad Run HS";"Mar 5, 2026, 16:00:00";"6";"1.16";"0";"35.27";"28.28"
"Broad Run HS";"Mar 5, 2026, 15:00:00";"5";"2.04";"0";"35.18";"35.05"
"Broad Run HS";"Mar 5, 2026, 15:00:00";"5";"2.04";"0";"35.18";"35.05"
"Broad Run HS";"Mar 5, 2026, 14:00:00";"5";"2.2";"0";"33.12";"34.93"
"Broad Run HS";"Mar 5, 2026, 14:00:00";"5";"2.2";"0";"33.12";"34.93"
"Broad Run HS";"Mar 5, 2026, 13:00:00";"5";"1.74";"0";"31.26";"28.68"
"Broad Run HS";"Mar 5, 2026, 13:00:00";"5";"1.74";"0";"31.26";"28.68"
"Broad Run HS";"Mar 5, 2026, 12:00:00";"5";"2.27";"0";"26.77";"36.16"
"Broad Run HS";"Mar 5, 2026, 12:00:00";"5";"2.27";"0";"26.77";"36.16"
"Broad Run HS";"Mar 5, 2026, 11:00:00";"5";"3.17";"0";"24.51";"0"
"Broad Run HS";"Mar 5, 2026, 11:00:00";"5";"3.17";"0";"24.51";"0"
"Broad Run HS";"Mar 5, 2026, 10:00:00";"5";"4.52";"0";"23.89";"0"
"Broad Run HS";"Mar 5, 2026, 10:00:00";"5";"4.52";"0";"23.89";"0"
"Broad Run HS";"Mar 5, 2026, 09:00:00";"5";"4.42";"0";"22.15";"0"
"Broad Run HS";"Mar 5, 2026, 09:00:00";"5";"4.42";"0";"22.15";"0"
"Broad Run HS";"Mar 5, 2026, 08:00:00";"5";"5.12";"0";"20.25";"0"
"Broad Run HS";"Mar 5, 2026, 08:00:00";"5";"5.12";"0";"20.25";"0"
"Broad Run HS";"Mar 5, 2026, 07:00:00";"6";"6.19";"0";"20.34";"0"
"Broad Run HS";"Mar 5, 2026, 07:00:00";"6";"6.19";"0";"20.34";"0"
"Broad Run HS";"Mar 5, 2026, 06:00:00";"7";"6.33";"0";"19.22";"0"
"Broad Run HS";"Mar 5, 2026, 06:00:00";"7";"6.33";"0";"19.22";"0"
"Broad Run HS";"Mar 5, 2026, 05:00:00";"6";"5.92";"0";"18.03";"0"
"Broad Run HS";"Mar 5, 2026, 05:00:00";"6";"5.92";"0";"18.03";"0"
"Broad Run HS";"Mar 5, 2026, 04:00:00";"8";"8";"0";"19.37";"0"
"Broad Run HS";"Mar 5, 2026, 04:00:00";"8";"8";"0";"19.37";"0"
"Broad Run HS";"Mar 5, 2026, 03:00:00";"7";"6.29";"0";"18.83";"0"
"Broad Run HS";"Mar 5, 2026, 03:00:00";"7";"6.29";"0";"18.83";"0"
"Broad Run HS";"Mar 5, 2026, 02:00:00";"4";"3.08";"0";"17.41";"0"
"Broad Run HS";"Mar 5, 2026, 02:00:00";"4";"3.08";"0";"17.41";"0"
"Broad Run HS";"Mar 5, 2026, 01:00:00";"75";"3.47";"0";"17.29";"0"
"Broad Run HS";"Mar 5, 2026, 01:00:00";"75";"3.47";"0";"17.29";"0"
"Broad Run HS";"Mar 5, 2026, 00:00:00";"74";"3.69";"0";"17.07";"0"
"Broad Run HS";"Mar 5, 2026, 00:00:00";"74";"3.69";"0";"17.07";"0"
"Broad Run HS";"Mar 4, 2026, 23:00:00";"73";"3.63";"0";"17.08";"0"
"Broad Run HS";"Mar 4, 2026, 23:00:00";"73";"3.63";"0";"17.08";"0"
"Broad Run HS";"Mar 4, 2026, 22:00:00";"72";"3.22";"0";"17.04";"0"
"Broad Run HS";"Mar 4, 2026, 22:00:00";"72";"3.22";"0";"17.04";"0"
"Broad Run HS";"Mar 4, 2026, 21:00:00";"71";"2.69";"0";"17.31";"0"
"Broad Run HS";"Mar 4, 2026, 21:00:00";"71";"2.69";"0";"17.31";"0"
"Broad Run HS";"Mar 4, 2026, 20:00:00";"70";"2.85";"0";"17.79";"0"
"Broad Run HS";"Mar 4, 2026, 20:00:00";"70";"2.85";"0";"17.79";"0"
"Broad Run HS";"Mar 4, 2026, 19:00:00";"69";"2.24";"0";"17.98";"33.46"
"Broad Run HS";"Mar 4, 2026, 19:00:00";"69";"2.24";"0";"17.98";"33.46"
"Broad Run HS";"Mar 4, 2026, 18:00:00";"67";"0.87";"0";"18.25";"26.91"
"Broad Run HS";"Mar 4, 2026, 18:00:00";"67";"0.87";"0";"18.25";"26.91"
"Broad Run HS";"Mar 4, 2026, 17:00:00";"65";"0.23";"0";"17.71";"24.81"
"Broad Run HS";"Mar 4, 2026, 17:00:00";"65";"0.23";"0";"17.71";"24.81"
"Broad Run HS";"Mar 4, 2026, 16:00:00";"64";"1.61";"0";"17.16";"22.38"
"Broad Run HS";"Mar 4, 2026, 16:00:00";"64";"1.61";"0";"17.16";"22.38"
"Broad Run HS";"Mar 4, 2026, 15:00:00";"63";"2.09";"0";"16.33";"21.39"
"Broad Run HS";"Mar 4, 2026, 15:00:00";"63";"2.09";"0";"16.33";"21.39"
"Broad Run HS";"Mar 4, 2026, 14:00:00";"62";"1.82";"0";"14.69";"31.12"
"Broad Run HS";"Mar 4, 2026, 14:00:00";"62";"1.82";"0";"14.69";"31.12"
"Broad Run HS";"Mar 4, 2026, 13:00:00";"61";"1.9";"0";"15.02";"31.18"
"Broad Run HS";"Mar 4, 2026, 13:00:00";"61";"1.9";"0";"15.02";"31.18"
"Broad Run HS";"Mar 4, 2026, 12:00:00";"60";"1.5";"0";"15.58";"27.69"
"Broad Run HS";"Mar 4, 2026, 12:00:00";"60";"1.5";"0";"15.58";"27.69"
"Broad Run HS";"Mar 4, 2026, 11:00:00";"58";"0";"0";"17.12";"15.39"
"Broad Run HS";"Mar 4, 2026, 11:00:00";"58";"0";"0";"17.12";"15.39"
"Broad Run HS";"Mar 4, 2026, 10:00:00";"59";"0.09";"0";"18.62";"11.88"
"Broad Run HS";"Mar 4, 2026, 10:00:00";"59";"0.09";"0";"18.62";"11.88"
"Broad Run HS";"Mar 4, 2026, 09:00:00";"61";"5.78";"0";"15.72";"14.18"
"Broad Run HS";"Mar 4, 2026, 09:00:00";"61";"5.78";"0";"15.72";"14.18"
"Broad Run HS";"Mar 4, 2026, 08:00:00";"63";"6.89";"0";"13.38";"25.68"
"Broad Run HS";"Mar 4, 2026, 08:00:00";"63";"6.89";"0";"13.38";"25.68"
"Broad Run HS";"Mar 4, 2026, 07:00:00";"64";"7.46";"0";"12.58";"30"
"Broad Run HS";"Mar 4, 2026, 07:00:00";"64";"7.46";"0";"12.58";"30"
"Broad Run HS";"Mar 4, 2026, 06:00:00";"64";"6.71";"0";"12.21";"27.81"
"Broad Run HS";"Mar 4, 2026, 06:00:00";"64";"6.71";"0";"12.21";"27.81"
"Broad Run HS";"Mar 4, 2026, 05:00:00";"64";"4.92";"0";"11.98";"26.54"
"Broad Run HS";"Mar 4, 2026, 05:00:00";"64";"4.92";"0";"11.98";"26.54"
"Broad Run HS";"Mar 4, 2026, 04:00:00";"64";"2.71";"0";"12.39";"21.99"
"Broad Run HS";"Mar 4, 2026, 04:00:00";"64";"2.71";"0";"12.39";"21.99"
"Broad Run HS";"Mar 4, 2026, 03:00:00";"64";"0.27";"0";"11.76";"18.09"
"Broad Run HS";"Mar 4, 2026, 03:00:00";"64";"0.27";"0";"11.76";"18.09"
"Broad Run HS";"Mar 4, 2026, 02:00:00";"64";"0";"0";"9.46";"15.06"
"Broad Run HS";"Mar 4, 2026, 02:00:00";"64";"0";"0";"9.46";"15.06"
"Broad Run HS";"Mar 4, 2026, 01:00:00";"64";"0.05";"0";"7.88";"12.61"
"Broad Run HS";"Mar 4, 2026, 01:00:00";"64";"0.05";"0";"7.88";"12.61"
"Broad Run HS";"Mar 4, 2026, 00:00:00";"65";"0.26";"0";"6.92";"12.75"
"Broad Run HS";"Mar 4, 2026, 00:00:00";"65";"0.26";"0";"6.92";"12.75"
"Broad Run HS";"Mar 3, 2026, 23:00:00";"66";"0.4";"0";"6.44";"13.15"
"Broad Run HS";"Mar 3, 2026, 23:00:00";"66";"0.4";"0";"6.44";"13.15"
"Broad Run HS";"Mar 3, 2026, 22:00:00";"67";"0.69";"0";"5.58";"11.46"
"Broad Run HS";"Mar 3, 2026, 22:00:00";"67";"0.69";"0";"5.58";"11.46"
"Broad Run HS";"Mar 3, 2026, 21:00:00";"68";"2.65";"0";"5.33";"8.87"
"Broad Run HS";"Mar 3, 2026, 21:00:00";"68";"2.65";"0";"5.33";"8.87"
"Broad Run HS";"Mar 3, 2026, 20:00:00";"69";"5.62";"0";"5.51";"9.24"
"Broad Run HS";"Mar 3, 2026, 20:00:00";"69";"5.62";"0";"5.51";"9.24"
"Broad Run HS";"Mar 3, 2026, 19:00:00";"70";"2.58";"0";"5.24";"8.71"
"Broad Run HS";"Mar 3, 2026, 19:00:00";"70";"2.58";"0";"5.24";"8.71"
"Broad Run HS";"Mar 3, 2026, 18:00:00";"71";"2.95";"0";"4.85";"9.18"
"Broad Run HS";"Mar 3, 2026, 18:00:00";"71";"2.95";"0";"4.85";"9.18"
"Broad Run HS";"Mar 3, 2026, 17:00:00";"71";"4.63";"0";"4.39";"9.64"
"Broad Run HS";"Mar 3, 2026, 17:00:00";"71";"4.63";"0";"4.39";"9.64"
"Broad Run HS";"Mar 3, 2026, 16:00:00";"71";"4.66";"0";"4.37";"11.52"
"Broad Run HS";"Mar 3, 2026, 16:00:00";"71";"4.66";"0";"4.37";"11.52"
"Broad Run HS";"Mar 3, 2026, 15:00:00";"71";"6.49";"0";"4";"13.21"
"Broad Run HS";"Mar 3, 2026, 15:00:00";"71";"6.49";"0";"4";"13.21"
"Broad Run HS";"Mar 3, 2026, 14:00:00";"71";"13.45";"0";"4.67";"18.58"
"Broad Run HS";"Mar 3, 2026, 14:00:00";"71";"13.45";"0";"4.67";"18.58"
"Broad Run HS";"Mar 3, 2026, 13:00:00";"70";"14.2";"0";"3.84";"18.84"
"Broad Run HS";"Mar 3, 2026, 13:00:00";"70";"14.2";"0";"3.84";"18.84"
"Broad Run HS";"Mar 3, 2026, 12:00:00";"69";"8.7";"0";"2.06";"12.21"
"Broad Run HS";"Mar 3, 2026, 12:00:00";"69";"8.7";"0";"2.06";"12.21"
"Broad Run HS";"Mar 3, 2026, 11:00:00";"68";"7.16";"0";"2.12";"26.75"
"Broad Run HS";"Mar 3, 2026, 11:00:00";"68";"7.16";"0";"2.12";"26.75"
"Broad Run HS";"Mar 3, 2026, 10:00:00";"66";"6.59";"0";"1.57";"33.08"
"Broad Run HS";"Mar 3, 2026, 10:00:00";"66";"6.59";"0";"1.57";"33.08"
"Broad Run HS";"Mar 3, 2026, 09:00:00";"64";"5.76";"0";"1.25";"36.12"
"Broad Run HS";"Mar 3, 2026, 09:00:00";"64";"5.76";"0";"1.25";"36.12"
"Broad Run HS";"Mar 3, 2026, 08:00:00";"61";"6.11";"0";"2";"32.18"
"Broad Run HS";"Mar 3, 2026, 08:00:00";"61";"6.11";"0";"2";"32.18"
"Broad Run HS";"Mar 3, 2026, 07:00:00";"59";"8.19";"0";"2.05";"30.06"
"Broad Run HS";"Mar 3, 2026, 07:00:00";"59";"8.19";"0";"2.05";"30.06"
"Broad Run HS";"Mar 3, 2026, 06:00:00";"56";"6.97";"0";"2.36";"29.87"
"Broad Run HS";"Mar 3, 2026, 06:00:00";"56";"6.97";"0";"2.36";"29.87"
"Broad Run HS";"Mar 3, 2026, 05:00:00";"54";"5.35";"0";"1.89";"23.19"
"Broad Run HS";"Mar 3, 2026, 05:00:00";"54";"5.35";"0";"1.89";"23.19"
"Broad Run HS";"Mar 3, 2026, 04:00:00";"52";"6.24";"0";"1";"20.24"
"Broad Run HS";"Mar 3, 2026, 04:00:00";"52";"6.24";"0";"1";"20.24"
"Broad Run HS";"Mar 3, 2026, 03:00:00";"51";"5.66";"0";"0.62";"22.62"
"Broad Run HS";"Mar 3, 2026, 03:00:00";"51";"5.66";"0";"0.62";"22.62"
"Broad Run HS";"Mar 3, 2026, 02:00:00";"48";"4.52";"0";"0.4";"19"
"Broad Run HS";"Mar 3, 2026, 02:00:00";"48";"4.52";"0";"0.4";"19"
"Broad Run HS";"Mar 3, 2026, 01:00:00";"45";"5.19";"0";"0.66";"22.48"
"Broad Run HS";"Mar 3, 2026, 01:00:00";"45";"5.19";"0";"0.66";"22.48"
"Broad Run HS";"Mar 3, 2026, 00:00:00";"42";"5.01";"0";"0.27";"23.35"
"Broad Run HS";"Mar 3, 2026, 00:00:00";"42";"5.01";"0";"0.27";"23.35"