sep=;
"Location";"Date";"NO2 (ppb)";"VOCs (ppb)";"PM2.5 (µg/m³)"
"Belfort Park Dr";"Aug 10, 2026, 23:00:00";"18.79";"42.61";"7.75"
"Belfort Park Dr";"Aug 10, 2026, 22:00:00";"13.87";"41.19";"7.36"
"Belfort Park Dr";"Aug 10, 2026, 21:00:00";"6.66";"42.82";"8.9"
"Belfort Park Dr";"Aug 10, 2026, 20:00:00";"9.46";"39.83";"7.96"
"Belfort Park Dr";"Aug 10, 2026, 19:00:00";"9.5";"36.3";"7.6"
"Belfort Park Dr";"Aug 10, 2026, 18:00:00";"8.66";"27.53";"9.39"
"Belfort Park Dr";"Aug 10, 2026, 17:00:00";"5.78";"21.63";"8.4"
"Belfort Park Dr";"Aug 10, 2026, 16:00:00";"0.54";"18.88";"17.11"
"Belfort Park Dr";"Aug 10, 2026, 15:00:00";"0";"18.55";"16.39"
"Belfort Park Dr";"Aug 10, 2026, 14:00:00";"0";"22.75";"17.71"
"Belfort Park Dr";"Aug 10, 2026, 13:00:00";"0";"27.98";"19.62"
"Belfort Park Dr";"Aug 10, 2026, 12:00:00";"0";"30.31";"19.35"
"Belfort Park Dr";"Aug 10, 2026, 11:00:00";"0";"46.34";"22.45"
"Belfort Park Dr";"Aug 10, 2026, 10:00:00";"0.26";"59.37";"19.8"
"Belfort Park Dr";"Aug 10, 2026, 09:00:00";"5.85";"64.67";"14.73"
"Belfort Park Dr";"Aug 10, 2026, 08:00:00";"7.13";"56.35";"12.44"
"Belfort Park Dr";"Aug 10, 2026, 07:00:00";"6.18";"51.37";"17.03"
"Belfort Park Dr";"Aug 10, 2026, 06:00:00";"5.07";"45.69";"17.69"
"Belfort Park Dr";"Aug 10, 2026, 05:00:00";"2.35";"40.06";"16.39"
"Belfort Park Dr";"Aug 10, 2026, 04:00:00";"2.25";"37.91";"16.92"
"Belfort Park Dr";"Aug 10, 2026, 03:00:00";"2.95";"36.96";"17.05"
"Belfort Park Dr";"Aug 10, 2026, 02:00:00";"4.74";"36.79";"16.24"
"Belfort Park Dr";"Aug 10, 2026, 01:00:00";"10.47";"34.55";"16.73"
"Belfort Park Dr";"Aug 10, 2026, 00:00:00";"9.82";"33.08";"16.76"
"Belfort Park Dr";"Aug 9, 2026, 23:00:00";"19.98";"34.19";"17.21"
"Belfort Park Dr";"Aug 9, 2026, 22:00:00";"7.62";"30.33";"17.36"
"Belfort Park Dr";"Aug 9, 2026, 21:00:00";"1.5";"27.7";"17.72"
"Belfort Park Dr";"Aug 9, 2026, 20:00:00";"0.6";"23.48";"18.83"
"Belfort Park Dr";"Aug 9, 2026, 19:00:00";"1.13";"15.95";"18.62"
"Belfort Park Dr";"Aug 9, 2026, 18:00:00";"0.42";"9.2";"18.33"
"Belfort Park Dr";"Aug 9, 2026, 17:00:00";"0";"9.45";"15.69"
"Belfort Park Dr";"Aug 9, 2026, 16:00:00";"0";"13.09";"13.61"
"Belfort Park Dr";"Aug 9, 2026, 15:00:00";"0";"15.18";"14.82"
"Belfort Park Dr";"Aug 9, 2026, 14:00:00";"0";"29.22";"15.06"
"Belfort Park Dr";"Aug 9, 2026, 13:00:00";"0";"47.94";"15.18"
"Belfort Park Dr";"Aug 9, 2026, 12:00:00";"0";"48.67";"13.16"
"Belfort Park Dr";"Aug 9, 2026, 11:00:00";"0";"63.75";"12.93"
"Belfort Park Dr";"Aug 9, 2026, 10:00:00";"0";"74.14";"11.55"
"Belfort Park Dr";"Aug 9, 2026, 09:00:00";"2.15";"80.11";"8.14"
"Belfort Park Dr";"Aug 9, 2026, 08:00:00";"4.76";"69.56";"6.92"
"Belfort Park Dr";"Aug 9, 2026, 07:00:00";"3.45";"62.27";"7.04"
"Belfort Park Dr";"Aug 9, 2026, 06:00:00";"6.65";"52.45";"6.91"
"Belfort Park Dr";"Aug 9, 2026, 05:00:00";"5.21";"52.73";"6.38"
"Belfort Park Dr";"Aug 9, 2026, 04:00:00";"6.29";"40.31";"7.06"
"Belfort Park Dr";"Aug 9, 2026, 03:00:00";"3.43";"38.3";"7.1"
"Belfort Park Dr";"Aug 9, 2026, 02:00:00";"5.13";"37.65";"6.9"
"Belfort Park Dr";"Aug 9, 2026, 01:00:00";"17.62";"37.44";"6.67"
"Belfort Park Dr";"Aug 9, 2026, 00:00:00";"24.4";"39.28";"7.43"
"Belfort Park Dr";"Aug 8, 2026, 23:00:00";"20.46";"39.84";"7.82"
"Belfort Park Dr";"Aug 8, 2026, 22:00:00";"13.83";"37.66";"7.94"
"Belfort Park Dr";"Aug 8, 2026, 21:00:00";"10.26";"35.36";"7.79"
"Belfort Park Dr";"Aug 8, 2026, 20:00:00";"3.7";"38.83";"8.29"
"Belfort Park Dr";"Aug 8, 2026, 19:00:00";"0.04";"38.36";"9.18"
"Belfort Park Dr";"Aug 8, 2026, 18:00:00";"0";"40.69";"9.78"
"Belfort Park Dr";"Aug 8, 2026, 17:00:00";"1.01";"51.17";"10.66"
"Belfort Park Dr";"Aug 8, 2026, 16:00:00";"0.16";"44.84";"11.55"
"Belfort Park Dr";"Aug 8, 2026, 15:00:00";"0";"49.79";"10.71"
"Belfort Park Dr";"Aug 8, 2026, 14:00:00";"0";"59.62";"7.74"
"Belfort Park Dr";"Aug 8, 2026, 13:00:00";"0";"63.28";"7.39"
"Belfort Park Dr";"Aug 8, 2026, 12:00:00";"0";"65.14";"6.03"
"Belfort Park Dr";"Aug 8, 2026, 11:00:00";"0.01";"81.97";"4.95"
"Belfort Park Dr";"Aug 8, 2026, 10:00:00";"1.11";"110.36";"4.38"
"Belfort Park Dr";"Aug 8, 2026, 09:00:00";"5.73";"91.48";"3.58"
"Belfort Park Dr";"Aug 8, 2026, 08:00:00";"11.88";"82.31";"3.99"
"Belfort Park Dr";"Aug 8, 2026, 07:00:00";"5.05";"72.42";"6.16"
"Belfort Park Dr";"Aug 8, 2026, 06:00:00";"2.99";"72.13";"5.33"
"Belfort Park Dr";"Aug 8, 2026, 05:00:00";"3.35";"69.72";"4.06"
"Belfort Park Dr";"Aug 8, 2026, 04:00:00";"9.29";"69.49";"3.51"
"Belfort Park Dr";"Aug 8, 2026, 03:00:00";"5.95";"61.57";"3.45"
"Belfort Park Dr";"Aug 8, 2026, 02:00:00";"8.95";"54.18";"3.17"
"Belfort Park Dr";"Aug 8, 2026, 01:00:00";"15.3";"57.33";"3.07"
"Belfort Park Dr";"Aug 8, 2026, 00:00:00";"12.49";"50.92";"4.08"
"Belfort Park Dr";"Aug 7, 2026, 23:00:00";"6.54";"48.33";"3.38"
"Belfort Park Dr";"Aug 7, 2026, 22:00:00";"11.76";"47.04";"2.53"
"Belfort Park Dr";"Aug 7, 2026, 21:00:00";"14.6";"59.24";"3.11"
"Belfort Park Dr";"Aug 7, 2026, 20:00:00";"3.54";"74.33";"3.66"
"Belfort Park Dr";"Aug 7, 2026, 19:00:00";"0.58";"84.03";"4.12"
"Belfort Park Dr";"Aug 7, 2026, 18:00:00";"0.04";"80.1";"5.6"
"Belfort Park Dr";"Aug 7, 2026, 17:00:00";"0.12";"76.82";"5.32"
"Belfort Park Dr";"Aug 7, 2026, 16:00:00";"0.47";"62.28";"5.05"
"Belfort Park Dr";"Aug 7, 2026, 15:00:00";"0";"67.53";"5.61"
"Belfort Park Dr";"Aug 7, 2026, 14:00:00";"0";"75.29";"4.79"
"Belfort Park Dr";"Aug 7, 2026, 13:00:00";"0";"74.37";"4.24"
"Belfort Park Dr";"Aug 7, 2026, 12:00:00";"0";"111.45";"4.6"
"Belfort Park Dr";"Aug 7, 2026, 11:00:00";"0.25";"125.16";"4.25"
"Belfort Park Dr";"Aug 7, 2026, 10:00:00";"6.19";"111.55";"4.29"
"Belfort Park Dr";"Aug 7, 2026, 09:00:00";"9.99";"100.73";"3.35"
"Belfort Park Dr";"Aug 7, 2026, 08:00:00";"6.95";"92.86";"3.84"
"Belfort Park Dr";"Aug 7, 2026, 07:00:00";"5.51";"78.92";"8.12"
"Belfort Park Dr";"Aug 7, 2026, 06:00:00";"4.9";"78.77";"6.35"
"Belfort Park Dr";"Aug 7, 2026, 05:00:00";"3.52";"76.82";"4.47"
"Belfort Park Dr";"Aug 7, 2026, 04:00:00";"3.51";"76.32";"3.55"
"Belfort Park Dr";"Aug 7, 2026, 03:00:00";"4.6";"76.31";"4.27"
"Belfort Park Dr";"Aug 7, 2026, 02:00:00";"4.34";"78.12";"5.31"
"Belfort Park Dr";"Aug 7, 2026, 01:00:00";"5.92";"76.84";"5.68"
"Belfort Park Dr";"Aug 7, 2026, 00:00:00";"7.89";"73.93";"5.12"
"Belfort Park Dr";"Aug 6, 2026, 23:00:00";"8.23";"66.42";"3.63"
"Belfort Park Dr";"Aug 6, 2026, 22:00:00";"10.86";"65.45";"2.6"
"Belfort Park Dr";"Aug 6, 2026, 21:00:00";"7.4";"66.79";"2.91"
"Belfort Park Dr";"Aug 6, 2026, 20:00:00";"8.34";"68.18";"6.8"
"Belfort Park Dr";"Aug 6, 2026, 19:00:00";"4.07";"87.11";"6.3"
"Belfort Park Dr";"Aug 6, 2026, 18:00:00";"3.66";"89.04";"5.16"
"Belfort Park Dr";"Aug 6, 2026, 17:00:00";"9.19";"75.01";"5.18"
"Belfort Park Dr";"Aug 6, 2026, 16:00:00";"7.5";"62.84";"4.44"
"Belfort Park Dr";"Aug 6, 2026, 15:00:00";"0";"71.34";"10.17"
"Belfort Park Dr";"Aug 6, 2026, 14:00:00";"0.06";"83.01";"11.02"
"Belfort Park Dr";"Aug 6, 2026, 13:00:00";"0";"100.4";"10.78"
"Belfort Park Dr";"Aug 6, 2026, 12:00:00";"0";"125.04";"11.99"
"Belfort Park Dr";"Aug 6, 2026, 11:00:00";"0";"142.44";"11.44"
"Belfort Park Dr";"Aug 6, 2026, 10:00:00";"0";"133.62";"10.8"
"Belfort Park Dr";"Aug 6, 2026, 09:00:00";"0.88";"109.53";"10.45"
"Belfort Park Dr";"Aug 6, 2026, 08:00:00";"6.49";"92.68";"9.73"
"Belfort Park Dr";"Aug 6, 2026, 07:00:00";"5.81";"84.05";"10.8"
"Belfort Park Dr";"Aug 6, 2026, 06:00:00";"3.45";"81.86";"10.18"
"Belfort Park Dr";"Aug 6, 2026, 05:00:00";"2.55";"77.69";"10.61"
"Belfort Park Dr";"Aug 6, 2026, 04:00:00";"1.25";"76.23";"10.35"
"Belfort Park Dr";"Aug 6, 2026, 03:00:00";"2.53";"71.03";"10.51"
"Belfort Park Dr";"Aug 6, 2026, 02:00:00";"2.49";"71.67";"10.41"
"Belfort Park Dr";"Aug 6, 2026, 01:00:00";"4.68";"68.78";"10.73"
"Belfort Park Dr";"Aug 6, 2026, 00:00:00";"4.28";"68.2";"11.51"
"Belfort Park Dr";"Aug 5, 2026, 23:00:00";"3.09";"65.81";"10.51"
"Belfort Park Dr";"Aug 5, 2026, 22:00:00";"5.06";"65.17";"9.94"
"Belfort Park Dr";"Aug 5, 2026, 21:00:00";"0.36";"72.72";"4.42"
"Belfort Park Dr";"Aug 5, 2026, 20:00:00";"1.13";"75.62";"2.79"
"Belfort Park Dr";"Aug 5, 2026, 19:00:00";"0.04";"86.84";"2.1"
"Belfort Park Dr";"Aug 5, 2026, 18:00:00";"0";"99.85";"1.35"
"Belfort Park Dr";"Aug 5, 2026, 17:00:00";"0";"112.7";"1.47"
"Belfort Park Dr";"Aug 5, 2026, 16:00:00";"0.1";"97.91";"1.84"
"Belfort Park Dr";"Aug 5, 2026, 15:00:00";"3.48";"82.88";"2.66"
"Belfort Park Dr";"Aug 5, 2026, 14:00:00";"0.42";"85.7";"1.94"
"Belfort Park Dr";"Aug 5, 2026, 13:00:00";"0.52";"99.3";"2.36"
"Belfort Park Dr";"Aug 5, 2026, 12:00:00";"1.03";"90.76";"2.71"
"Belfort Park Dr";"Aug 5, 2026, 11:00:00";"0.22";"97.74";"2.42"
"Belfort Park Dr";"Aug 5, 2026, 10:00:00";"2.24";"81.16";"2.4"
"Belfort Park Dr";"Aug 5, 2026, 09:00:00";"3.23";"71.86";"3.7"
"Belfort Park Dr";"Aug 5, 2026, 08:00:00";"3.99";"67.72";"5.75"
"Belfort Park Dr";"Aug 5, 2026, 07:00:00";"3.36";"58.07";"7.86"
"Belfort Park Dr";"Aug 5, 2026, 06:00:00";"3.06";"50.83";"8.91"
"Belfort Park Dr";"Aug 5, 2026, 05:00:00";"2.86";"44.72";"7.87"
"Belfort Park Dr";"Aug 5, 2026, 04:00:00";"3";"32.06";"5.58"
"Belfort Park Dr";"Aug 5, 2026, 03:00:00";"3.69";"24.73";"3.48"
"Belfort Park Dr";"Aug 5, 2026, 02:00:00";"2.06";"25.19";"3.52"
"Belfort Park Dr";"Aug 5, 2026, 01:00:00";"1.85";"23.99";"3.7"
"Belfort Park Dr";"Aug 5, 2026, 00:00:00";"1.77";"21.96";"3.75"
"Belfort Park Dr";"Aug 4, 2026, 23:00:00";"2.15";"21.39";"3.61"
"Belfort Park Dr";"Aug 4, 2026, 22:00:00";"2.43";"21.13";"3.79"
"Belfort Park Dr";"Aug 4, 2026, 21:00:00";"2.39";"19.44";"4.12"
"Belfort Park Dr";"Aug 4, 2026, 20:00:00";"1.78";"17.6";"4.4"
"Belfort Park Dr";"Aug 4, 2026, 19:00:00";"1.72";"15.14";"4.83"
"Belfort Park Dr";"Aug 4, 2026, 18:00:00";"1.42";"13.53";"5.19"
"Belfort Park Dr";"Aug 4, 2026, 17:00:00";"0.33";"14.13";"4.61"
"Belfort Park Dr";"Aug 4, 2026, 16:00:00";"1.29";"16.4";"5.03"
"Belfort Park Dr";"Aug 4, 2026, 15:00:00";"0";"16.1";"4.86"
"Belfort Park Dr";"Aug 4, 2026, 14:00:00";"0";"16.05";"4.83"
"Belfort Park Dr";"Aug 4, 2026, 13:00:00";"0";"13.36";"3.85"
"Belfort Park Dr";"Aug 4, 2026, 12:00:00";"0.12";"17.1";"3.97"
"Belfort Park Dr";"Aug 4, 2026, 11:00:00";"0.39";"20.52";"3.62"
"Belfort Park Dr";"Aug 4, 2026, 10:00:00";"1.55";"24.17";"3.65"
"Belfort Park Dr";"Aug 4, 2026, 09:00:00";"4.97";"29.25";"3.55"
"Belfort Park Dr";"Aug 4, 2026, 08:00:00";"10.22";"34.36";"4.23"
"Belfort Park Dr";"Aug 4, 2026, 07:00:00";"6.98";"32.13";"4.77"
"Belfort Park Dr";"Aug 4, 2026, 06:00:00";"4.99";"28.91";"4.54"
"Belfort Park Dr";"Aug 4, 2026, 05:00:00";"3.48";"26.31";"4.67"
"Belfort Park Dr";"Aug 4, 2026, 04:00:00";"3.06";"22.46";"4.68"
"Belfort Park Dr";"Aug 4, 2026, 03:00:00";"3.08";"20.03";"5.01"
"Belfort Park Dr";"Aug 4, 2026, 02:00:00";"3.47";"19.16";"5.28"
"Belfort Park Dr";"Aug 4, 2026, 01:00:00";"3.09";"13.52";"4.58"
"Belfort Park Dr";"Aug 4, 2026, 00:00:00";"3.28";"9.1";"4.64"
"Belfort Park Dr";"Aug 3, 2026, 23:00:00";"3.19";"9.86";"4.95"
"Belfort Park Dr";"Aug 3, 2026, 22:00:00";"3.71";"15.03";"5.49"
"Belfort Park Dr";"Aug 3, 2026, 21:00:00";"4.17";"16.71";"6.37"
"Belfort Park Dr";"Aug 3, 2026, 20:00:00";"2.96";"17.51";"5.38"
"Belfort Park Dr";"Aug 3, 2026, 19:00:00";"3.69";"14.24";"4.32"
"Belfort Park Dr";"Aug 3, 2026, 18:00:00";"3.11";"15.69";"3.02"
"Belfort Park Dr";"Aug 3, 2026, 17:00:00";"0.39";"21.71";"1.44"
"Belfort Park Dr";"Aug 3, 2026, 16:00:00";"0";"39.67";"1.08"
"Belfort Park Dr";"Aug 3, 2026, 15:00:00";"0";"53.18";"2.44"
"Belfort Park Dr";"Aug 3, 2026, 14:00:00";"0.36";"67.23";"5.35"
"Belfort Park Dr";"Aug 3, 2026, 13:00:00";"0";"85.14";"6.35"
"Belfort Park Dr";"Aug 3, 2026, 12:00:00";"0.3";"116.1";"8.21"
"Belfort Park Dr";"Aug 3, 2026, 11:00:00";"0";"116.5";"7.15"
"Belfort Park Dr";"Aug 3, 2026, 10:00:00";"0.53";"117.84";"8.27"
"Belfort Park Dr";"Aug 3, 2026, 09:00:00";"1.76";"100.72";"8.58"
"Belfort Park Dr";"Aug 3, 2026, 08:00:00";"7.11";"94.33";"8.25"
"Belfort Park Dr";"Aug 3, 2026, 07:00:00";"5.08";"92.4";"8.15"
"Belfort Park Dr";"Aug 3, 2026, 06:00:00";"3.3";"88.59";"6.74"
"Belfort Park Dr";"Aug 3, 2026, 05:00:00";"4.28";"83.84";"5.22"
"Belfort Park Dr";"Aug 3, 2026, 04:00:00";"3.29";"85.74";"3.94"
"Belfort Park Dr";"Aug 3, 2026, 03:00:00";"3.92";"82.55";"4.52"
"Belfort Park Dr";"Aug 3, 2026, 02:00:00";"3.9";"79.08";"5.45"
"Belfort Park Dr";"Aug 3, 2026, 01:00:00";"6.54";"77.78";"4.58"
"Belfort Park Dr";"Aug 3, 2026, 00:00:00";"6.74";"69.73";"4.77"
"Belfort Park Dr";"Aug 2, 2026, 23:00:00";"4.21";"66.63";"4.13"
"Belfort Park Dr";"Aug 2, 2026, 22:00:00";"3.95";"65.02";"3.95"
"Belfort Park Dr";"Aug 2, 2026, 21:00:00";"2.97";"65.83";"5.92"
"Belfort Park Dr";"Aug 2, 2026, 20:00:00";"2.39";"67.27";"8.24"
"Belfort Park Dr";"Aug 2, 2026, 19:00:00";"2.06";"67.02";"6.27"
"Belfort Park Dr";"Aug 2, 2026, 18:00:00";"2.02";"67.26";"6.27"
"Belfort Park Dr";"Aug 2, 2026, 17:00:00";"2.16";"68.91";"6.72"
"Belfort Park Dr";"Aug 2, 2026, 16:00:00";"0.54";"68.18";"6.81"
"Belfort Park Dr";"Aug 2, 2026, 15:00:00";"1.19";"68.94";"6.46"
"Belfort Park Dr";"Aug 2, 2026, 14:00:00";"4.36";"61.59";"8.01"
"Belfort Park Dr";"Aug 2, 2026, 13:00:00";"1.99";"62.12";"9.41"
"Belfort Park Dr";"Aug 2, 2026, 12:00:00";"3.25";"49.26";"8.98"
"Belfort Park Dr";"Aug 2, 2026, 11:00:00";"3.19";"39.04";"8.35"
"Belfort Park Dr";"Aug 2, 2026, 10:00:00";"2.69";"30.57";"7.4"
"Belfort Park Dr";"Aug 2, 2026, 09:00:00";"3.18";"22.35";"6.43"
"Belfort Park Dr";"Aug 2, 2026, 08:00:00";"3.07";"15.5";"5.86"
"Belfort Park Dr";"Aug 2, 2026, 07:00:00";"2.46";"9.14";"5.67"
"Belfort Park Dr";"Aug 2, 2026, 06:00:00";"2.05";"5.98";"5.49"
"Belfort Park Dr";"Aug 2, 2026, 05:00:00";"1.67";"1.98";"5.53"
"Belfort Park Dr";"Aug 2, 2026, 04:00:00";"1.59";"0.07";"5.51"
"Belfort Park Dr";"Aug 2, 2026, 03:00:00";"1.47";"0";"5.79"
"Belfort Park Dr";"Aug 2, 2026, 02:00:00";"1.37";"0";"6.33"
"Belfort Park Dr";"Aug 2, 2026, 01:00:00";"0.55";"0.24";"7.36"
"Belfort Park Dr";"Aug 2, 2026, 00:00:00";"0.67";"3.04";"9.8"
"Belfort Park Dr";"Aug 1, 2026, 23:00:00";"1.61";"5.56";"11.99"
"Belfort Park Dr";"Aug 1, 2026, 22:00:00";"1.54";"4.53";"13.69"
"Belfort Park Dr";"Aug 1, 2026, 21:00:00";"1.2";"5.38";"14.94"
"Belfort Park Dr";"Aug 1, 2026, 20:00:00";"0.82";"4.27";"17.12"
"Belfort Park Dr";"Aug 1, 2026, 19:00:00";"0.31";"3.07";"17.13"
"Belfort Park Dr";"Aug 1, 2026, 18:00:00";"0.67";"2.91";"13.07"
"Belfort Park Dr";"Aug 1, 2026, 17:00:00";"0.4";"0.17";"11.71"
"Belfort Park Dr";"Aug 1, 2026, 16:00:00";"0.18";"0.55";"11.04"
"Belfort Park Dr";"Aug 1, 2026, 15:00:00";"0.23";"0";"9.18"
"Belfort Park Dr";"Aug 1, 2026, 14:00:00";"0.06";"2.17";"9.03"
"Belfort Park Dr";"Aug 1, 2026, 13:00:00";"0.6";"2.5";"8.48"
"Belfort Park Dr";"Aug 1, 2026, 12:00:00";"1.71";"4.29";"7.71"
"Belfort Park Dr";"Aug 1, 2026, 11:00:00";"0.28";"12.37";"7.65"
"Belfort Park Dr";"Aug 1, 2026, 10:00:00";"4.33";"8.75";"6.65"
"Belfort Park Dr";"Aug 1, 2026, 09:00:00";"5.04";"5.42";"5.72"
"Belfort Park Dr";"Aug 1, 2026, 08:00:00";"10.09";"11.2";"5.06"
"Belfort Park Dr";"Aug 1, 2026, 07:00:00";"7.1";"10.52";"5.16"
"Belfort Park Dr";"Aug 1, 2026, 06:00:00";"5.4";"3.35";"5.25"
"Belfort Park Dr";"Aug 1, 2026, 05:00:00";"3.3";"0.05";"4.85"
"Belfort Park Dr";"Aug 1, 2026, 04:00:00";"4.35";"0";"5.48"
"Belfort Park Dr";"Aug 1, 2026, 03:00:00";"6.61";"0";"6.61"
"Belfort Park Dr";"Aug 1, 2026, 02:00:00";"7.15";"0";"6.68"
"Belfort Park Dr";"Aug 1, 2026, 01:00:00";"17.64";"0";"7.55"
"Belfort Park Dr";"Aug 1, 2026, 00:00:00";"8.67";"0";"8.3"
"Belfort Park Dr";"Jul 31, 2026, 23:00:00";"6.66";"0";"9.37"
"Belfort Park Dr";"Jul 31, 2026, 22:00:00";"7.1";"0";"10.1"
"Belfort Park Dr";"Jul 31, 2026, 21:00:00";"4.87";"0";"10.11"
"Belfort Park Dr";"Jul 31, 2026, 20:00:00";"2.02";"0";"10.2"
"Belfort Park Dr";"Jul 31, 2026, 19:00:00";"2.34";"0";"10.64"
"Belfort Park Dr";"Jul 31, 2026, 18:00:00";"0.72";"0";"10.86"
"Belfort Park Dr";"Jul 31, 2026, 17:00:00";"0.54";"0";"10.34"
"Belfort Park Dr";"Jul 31, 2026, 16:00:00";"0.87";"0";"10.68"
"Belfort Park Dr";"Jul 31, 2026, 15:00:00";"0.63";"1.75";"9.89"
"Belfort Park Dr";"Jul 31, 2026, 14:00:00";"0.66";"0";"9.41"
"Belfort Park Dr";"Jul 31, 2026, 13:00:00";"0.23";"0";"8.86"
"Belfort Park Dr";"Jul 31, 2026, 12:00:00";"0";"0.26";"7.45"
"Belfort Park Dr";"Jul 31, 2026, 11:00:00";"0";"1.91";"7.36"
"Belfort Park Dr";"Jul 31, 2026, 10:00:00";"0.17";"0.14";"6.64"
"Belfort Park Dr";"Jul 31, 2026, 09:00:00";"4.68";"0.74";"4.27"
"Belfort Park Dr";"Jul 31, 2026, 08:00:00";"9.75";"8";"3.89"
"Belfort Park Dr";"Jul 31, 2026, 07:00:00";"8.59";"6.92";"4.06"
"Belfort Park Dr";"Jul 31, 2026, 06:00:00";"5.26";"3.24";"4.55"
"Belfort Park Dr";"Jul 31, 2026, 05:00:00";"4.01";"0";"4.81"
"Belfort Park Dr";"Jul 31, 2026, 04:00:00";"2.58";"0";"3.88"
"Belfort Park Dr";"Jul 31, 2026, 03:00:00";"2.5";"0";"3.48"
"Belfort Park Dr";"Jul 31, 2026, 02:00:00";"2.15";"0";"3.78"
"Belfort Park Dr";"Jul 31, 2026, 01:00:00";"2.17";"0";"3.55"
"Belfort Park Dr";"Jul 31, 2026, 00:00:00";"1.83";"0";"3.42"
"Belfort Park Dr";"Jul 30, 2026, 23:00:00";"2.33";"0";"3.65"
"Belfort Park Dr";"Jul 30, 2026, 22:00:00";"1.58";"0";"3.67"
"Belfort Park Dr";"Jul 30, 2026, 21:00:00";"1.92";"0";"3.85"
"Belfort Park Dr";"Jul 30, 2026, 20:00:00";"1.93";"0";"3.92"
"Belfort Park Dr";"Jul 30, 2026, 19:00:00";"2.7";"0";"3.88"
"Belfort Park Dr";"Jul 30, 2026, 18:00:00";"2.1";"0";"3.65"
"Belfort Park Dr";"Jul 30, 2026, 17:00:00";"1.36";"0";"3.72"
"Belfort Park Dr";"Jul 30, 2026, 16:00:00";"0.12";"0";"3.73"
"Belfort Park Dr";"Jul 30, 2026, 15:00:00";"1.08";"0";"3.82"
"Belfort Park Dr";"Jul 30, 2026, 14:00:00";"1.02";"0";"3.74"
"Belfort Park Dr";"Jul 30, 2026, 13:00:00";"0";"0";"3.88"
"Belfort Park Dr";"Jul 30, 2026, 12:00:00";"0";"0";"3.95"
"Belfort Park Dr";"Jul 30, 2026, 11:00:00";"0";"0";"3.79"
"Belfort Park Dr";"Jul 30, 2026, 10:00:00";"1.03";"0";"3.69"
"Belfort Park Dr";"Jul 30, 2026, 09:00:00";"2.61";"0";"3.25"
"Belfort Park Dr";"Jul 30, 2026, 08:00:00";"4.31";"0.57";"3.41"
"Belfort Park Dr";"Jul 30, 2026, 07:00:00";"4.25";"0.69";"3.46"
"Belfort Park Dr";"Jul 30, 2026, 06:00:00";"3.24";"0";"3.56"
"Belfort Park Dr";"Jul 30, 2026, 05:00:00";"2.26";"0";"4.36"
"Belfort Park Dr";"Jul 30, 2026, 04:00:00";"1.82";"0";"5"
"Belfort Park Dr";"Jul 30, 2026, 03:00:00";"1.66";"0";"5.47"
"Belfort Park Dr";"Jul 30, 2026, 02:00:00";"1.92";"0";"6.15"
"Belfort Park Dr";"Jul 30, 2026, 01:00:00";"2.42";"0";"7"
"Belfort Park Dr";"Jul 30, 2026, 00:00:00";"2.72";"0";"7.7"
"Belfort Park Dr";"Jul 29, 2026, 23:00:00";"2.51";"0";"7.37"
"Belfort Park Dr";"Jul 29, 2026, 22:00:00";"2.5";"0";"7.7"
"Belfort Park Dr";"Jul 29, 2026, 21:00:00";"3.46";"0";"9.92"
"Belfort Park Dr";"Jul 29, 2026, 20:00:00";"2.6";"0";"9.73"
"Belfort Park Dr";"Jul 29, 2026, 19:00:00";"3.03";"0";"10.21"
"Belfort Park Dr";"Jul 29, 2026, 18:00:00";"1.89";"0.22";"11.57"
"Belfort Park Dr";"Jul 29, 2026, 17:00:00";"1.22";"1.35";"11.21"
"Belfort Park Dr";"Jul 29, 2026, 16:00:00";"0.1";"2.37";"11.89"
"Belfort Park Dr";"Jul 29, 2026, 15:00:00";"0.89";"0.97";"12.13"
"Belfort Park Dr";"Jul 29, 2026, 14:00:00";"0.68";"3.85";"10.48"
"Belfort Park Dr";"Jul 29, 2026, 13:00:00";"0.51";"7.85";"11.3"
"Belfort Park Dr";"Jul 29, 2026, 12:00:00";"0";"17.4";"13.85"
"Belfort Park Dr";"Jul 29, 2026, 11:00:00";"0.01";"25.9";"15.2"
"Belfort Park Dr";"Jul 29, 2026, 10:00:00";"0.97";"37.49";"12.5"
"Belfort Park Dr";"Jul 29, 2026, 09:00:00";"4.42";"47.35";"12.83"
"Belfort Park Dr";"Jul 29, 2026, 08:00:00";"8.38";"53.78";"14.26"
"Belfort Park Dr";"Jul 29, 2026, 07:00:00";"5.7";"49.84";"14.51"
"Belfort Park Dr";"Jul 29, 2026, 06:00:00";"4.99";"50.81";"12.69"
"Belfort Park Dr";"Jul 29, 2026, 05:00:00";"3.65";"51.29";"11.05"
"Belfort Park Dr";"Jul 29, 2026, 04:00:00";"2.82";"51.89";"10.38"
"Belfort Park Dr";"Jul 29, 2026, 03:00:00";"3.46";"51.13";"8.29"
"Belfort Park Dr";"Jul 29, 2026, 02:00:00";"3.44";"50.87";"8.79"
"Belfort Park Dr";"Jul 29, 2026, 01:00:00";"3.22";"50.27";"9.55"
"Belfort Park Dr";"Jul 29, 2026, 00:00:00";"4.44";"43.85";"8.35"
"Belfort Park Dr";"Jul 28, 2026, 23:00:00";"5.03";"44.09";"8.07"
"Belfort Park Dr";"Jul 28, 2026, 22:00:00";"5.54";"41.48";"7.34"
"Belfort Park Dr";"Jul 28, 2026, 21:00:00";"5.93";"39.28";"8.04"
"Belfort Park Dr";"Jul 28, 2026, 20:00:00";"5.21";"28";"7.35"
"Belfort Park Dr";"Jul 28, 2026, 19:00:00";"4.08";"22.75";"9.73"
"Belfort Park Dr";"Jul 28, 2026, 18:00:00";"5.25";"22.62";"11.55"
"Belfort Park Dr";"Jul 28, 2026, 17:00:00";"0.7";"27.24";"16.62"
"Belfort Park Dr";"Jul 28, 2026, 16:00:00";"0.7";"37.19";"17.46"
"Belfort Park Dr";"Jul 28, 2026, 15:00:00";"0";"44.16";"22.78"
"Belfort Park Dr";"Jul 28, 2026, 14:00:00";"0";"48.44";"21.91"
"Belfort Park Dr";"Jul 28, 2026, 13:00:00";"0.31";"48.39";"19.42"
"Belfort Park Dr";"Jul 28, 2026, 12:00:00";"3.73";"35.49";"18.26"
"Belfort Park Dr";"Jul 28, 2026, 11:00:00";"4.07";"28.69";"17.14"
"Belfort Park Dr";"Jul 28, 2026, 10:00:00";"7.62";"28.17";"17.13"
"Belfort Park Dr";"Jul 28, 2026, 09:00:00";"7.87";"28.48";"16.23"
"Belfort Park Dr";"Jul 28, 2026, 08:00:00";"8.58";"27.8";"15.83"
"Belfort Park Dr";"Jul 28, 2026, 07:00:00";"4.31";"22.56";"15.28"
"Belfort Park Dr";"Jul 28, 2026, 06:00:00";"5.62";"27.97";"15.08"
"Belfort Park Dr";"Jul 28, 2026, 05:00:00";"4.33";"31.77";"14.97"
"Belfort Park Dr";"Jul 28, 2026, 04:00:00";"4.14";"24.93";"14.76"
"Belfort Park Dr";"Jul 28, 2026, 03:00:00";"3.54";"20.75";"14.9"
"Belfort Park Dr";"Jul 28, 2026, 02:00:00";"4.56";"18.44";"14.66"
"Belfort Park Dr";"Jul 28, 2026, 01:00:00";"8.81";"9.01";"14.9"
"Belfort Park Dr";"Jul 28, 2026, 00:00:00";"10.87";"5.84";"13.95"
"Belfort Park Dr";"Jul 27, 2026, 23:00:00";"9.3";"11.75";"14.44"
"Belfort Park Dr";"Jul 27, 2026, 22:00:00";"10.34";"10.52";"14.94"
"Belfort Park Dr";"Jul 27, 2026, 21:00:00";"5.21";"0.37";"15.04"
"Belfort Park Dr";"Jul 27, 2026, 20:00:00";"1.88";"1.4";"15.25"
"Belfort Park Dr";"Jul 27, 2026, 19:00:00";"1.88";"6.43";"14.54"
"Belfort Park Dr";"Jul 27, 2026, 18:00:00";"1.94";"6.97";"14.7"
"Belfort Park Dr";"Jul 27, 2026, 17:00:00";"0.03";"5.53";"13.8"
"Belfort Park Dr";"Jul 27, 2026, 16:00:00";"0.68";"6.98";"14.42"
"Belfort Park Dr";"Jul 27, 2026, 15:00:00";"0.04";"9.54";"14.78"
"Belfort Park Dr";"Jul 27, 2026, 14:00:00";"0";"10.03";"11.03"
"Belfort Park Dr";"Jul 27, 2026, 13:00:00";"0.05";"15.29";"9.6"
"Belfort Park Dr";"Jul 27, 2026, 12:00:00";"0";"25.52";"9.77"
"Belfort Park Dr";"Jul 27, 2026, 11:00:00";"0";"35.75";"9.38"
"Belfort Park Dr";"Jul 27, 2026, 10:00:00";"3.61";"41.08";"8.42"
"Belfort Park Dr";"Jul 27, 2026, 09:00:00";"6.65";"41";"7"
"Belfort Park Dr";"Jul 27, 2026, 08:00:00";"11.09";"46.55";"12.75"
"Belfort Park Dr";"Jul 27, 2026, 07:00:00";"13.2";"42.55";"18.31"
"Belfort Park Dr";"Jul 27, 2026, 06:00:00";"8.52";"36.03";"19.56"
"Belfort Park Dr";"Jul 27, 2026, 05:00:00";"6.04";"34.31";"17.38"
"Belfort Park Dr";"Jul 27, 2026, 04:00:00";"4.18";"35.96";"14.37"
"Belfort Park Dr";"Jul 27, 2026, 03:00:00";"3.07";"29.68";"13.45"
"Belfort Park Dr";"Jul 27, 2026, 02:00:00";"2.95";"28.23";"7.57"
"Belfort Park Dr";"Jul 27, 2026, 01:00:00";"3.11";"21.96";"7.04"
"Belfort Park Dr";"Jul 27, 2026, 00:00:00";"4.7";"21.37";"8.1"
"Belfort Park Dr";"Jul 26, 2026, 23:00:00";"5.43";"17.64";"14.41"
"Belfort Park Dr";"Jul 26, 2026, 22:00:00";"5.05";"12.95";"8.42"
"Belfort Park Dr";"Jul 26, 2026, 21:00:00";"2.51";"5.43";"8.27"
"Belfort Park Dr";"Jul 26, 2026, 20:00:00";"2.14";"6.94";"8.41"
"Belfort Park Dr";"Jul 26, 2026, 19:00:00";"1.46";"6.72";"9.7"
"Belfort Park Dr";"Jul 26, 2026, 18:00:00";"0.57";"6.53";"8.46"
"Belfort Park Dr";"Jul 26, 2026, 17:00:00";"0.16";"5.77";"8.5"
"Belfort Park Dr";"Jul 26, 2026, 16:00:00";"0.63";"8.57";"8.56"
"Belfort Park Dr";"Jul 26, 2026, 15:00:00";"0.51";"6.29";"8.5"
"Belfort Park Dr";"Jul 26, 2026, 14:00:00";"0.36";"13.61";"7.89"
"Belfort Park Dr";"Jul 26, 2026, 13:00:00";"0.27";"14.39";"7.64"
"Belfort Park Dr";"Jul 26, 2026, 12:00:00";"0.06";"16.01";"6.19"
"Belfort Park Dr";"Jul 26, 2026, 11:00:00";"1.86";"13.37";"4.98"
"Belfort Park Dr";"Jul 26, 2026, 10:00:00";"4.71";"11.99";"4.47"
"Belfort Park Dr";"Jul 26, 2026, 09:00:00";"2.99";"19.6";"3.38"
"Belfort Park Dr";"Jul 26, 2026, 08:00:00";"4.47";"25.6";"3.62"
"Belfort Park Dr";"Jul 26, 2026, 07:00:00";"4.03";"24.56";"5.2"
"Belfort Park Dr";"Jul 26, 2026, 06:00:00";"4.29";"21.45";"4.65"
"Belfort Park Dr";"Jul 26, 2026, 05:00:00";"3.48";"17.1";"4.03"
"Belfort Park Dr";"Jul 26, 2026, 04:00:00";"4.1";"11.73";"3.76"
"Belfort Park Dr";"Jul 26, 2026, 03:00:00";"4.3";"10.16";"3.75"
"Belfort Park Dr";"Jul 26, 2026, 02:00:00";"4.52";"8.8";"3.75"
"Belfort Park Dr";"Jul 26, 2026, 01:00:00";"9.34";"8.89";"4.13"
"Belfort Park Dr";"Jul 26, 2026, 00:00:00";"12.07";"5.96";"4.24"
"Belfort Park Dr";"Jul 25, 2026, 23:00:00";"8.14";"0.25";"3.65"
"Belfort Park Dr";"Jul 25, 2026, 22:00:00";"10.59";"0";"4.02"
"Belfort Park Dr";"Jul 25, 2026, 21:00:00";"5.67";"0";"4.17"
"Belfort Park Dr";"Jul 25, 2026, 20:00:00";"5.28";"0";"4.23"
"Belfort Park Dr";"Jul 25, 2026, 19:00:00";"5.56";"0";"4.18"
"Belfort Park Dr";"Jul 25, 2026, 18:00:00";"1.32";"0";"4.63"
"Belfort Park Dr";"Jul 25, 2026, 17:00:00";"1.17";"0";"4.47"
"Belfort Park Dr";"Jul 25, 2026, 16:00:00";"0.82";"0";"4.04"
"Belfort Park Dr";"Jul 25, 2026, 15:00:00";"3.07";"0";"3"
"Belfort Park Dr";"Jul 25, 2026, 14:00:00";"3.03";"0";"3.56"
"Belfort Park Dr";"Jul 25, 2026, 13:00:00";"0.77";"0";"4.47"
"Belfort Park Dr";"Jul 25, 2026, 12:00:00";"0.37";"0";"4.25"
"Belfort Park Dr";"Jul 25, 2026, 11:00:00";"1.59";"0.02";"3.22"
"Belfort Park Dr";"Jul 25, 2026, 10:00:00";"4.73";"7.26";"2.65"
"Belfort Park Dr";"Jul 25, 2026, 09:00:00";"9.64";"13.04";"2.83"
"Belfort Park Dr";"Jul 25, 2026, 08:00:00";"8.21";"15.05";"2.66"
"Belfort Park Dr";"Jul 25, 2026, 07:00:00";"6.83";"12.93";"2.86"
"Belfort Park Dr";"Jul 25, 2026, 06:00:00";"5.55";"9.35";"2.86"
"Belfort Park Dr";"Jul 25, 2026, 05:00:00";"5.23";"6.26";"3.01"
"Belfort Park Dr";"Jul 25, 2026, 04:00:00";"6.49";"0.29";"3.21"
"Belfort Park Dr";"Jul 25, 2026, 03:00:00";"4.83";"0";"3.21"
"Belfort Park Dr";"Jul 25, 2026, 02:00:00";"4.02";"0";"2.97"
"Belfort Park Dr";"Jul 25, 2026, 01:00:00";"4.17";"0";"3.03"
"Belfort Park Dr";"Jul 25, 2026, 00:00:00";"3.85";"0";"3.04"
"Belfort Park Dr";"Jul 24, 2026, 23:00:00";"4.7";"0";"3.3"
"Belfort Park Dr";"Jul 24, 2026, 22:00:00";"4.36";"0";"3.99"
"Belfort Park Dr";"Jul 24, 2026, 21:00:00";"4.14";"0";"4.99"
"Belfort Park Dr";"Jul 24, 2026, 20:00:00";"3.42";"0";"5.02"
"Belfort Park Dr";"Jul 24, 2026, 19:00:00";"2.52";"0";"4.56"
"Belfort Park Dr";"Jul 24, 2026, 18:00:00";"2.82";"0";"4.13"
"Belfort Park Dr";"Jul 24, 2026, 17:00:00";"1.61";"0";"3.96"
"Belfort Park Dr";"Jul 24, 2026, 16:00:00";"0.37";"0";"3.59"
"Belfort Park Dr";"Jul 24, 2026, 15:00:00";"0.73";"0";"3.56"
"Belfort Park Dr";"Jul 24, 2026, 14:00:00";"0.22";"0";"3.62"
"Belfort Park Dr";"Jul 24, 2026, 13:00:00";"1.16";"0";"4.1"
"Belfort Park Dr";"Jul 24, 2026, 12:00:00";"0.3";"0";"4.34"
"Belfort Park Dr";"Jul 24, 2026, 11:00:00";"0.49";"0";"3.79"
"Belfort Park Dr";"Jul 24, 2026, 10:00:00";"4.94";"1.84";"4.05"
"Belfort Park Dr";"Jul 24, 2026, 09:00:00";"13.41";"17.98";"4.03"
"Belfort Park Dr";"Jul 24, 2026, 08:00:00";"13.29";"9.34";"3.76"
"Belfort Park Dr";"Jul 24, 2026, 07:00:00";"10.45";"4.69";"7.42"
"Belfort Park Dr";"Jul 24, 2026, 06:00:00";"7.27";"1.83";"7.51"
"Belfort Park Dr";"Jul 24, 2026, 05:00:00";"5.97";"0.23";"5.59"
"Belfort Park Dr";"Jul 24, 2026, 04:00:00";"4.86";"0";"4.52"
"Belfort Park Dr";"Jul 24, 2026, 03:00:00";"5.89";"0";"4.03"
"Belfort Park Dr";"Jul 24, 2026, 02:00:00";"6.11";"0";"3.87"
"Belfort Park Dr";"Jul 24, 2026, 01:00:00";"6.29";"0";"4.01"
"Belfort Park Dr";"Jul 24, 2026, 00:00:00";"6.2";"0";"3.63"
"Belfort Park Dr";"Jul 23, 2026, 23:00:00";"6.87";"1.61";"4.67"
"Belfort Park Dr";"Jul 23, 2026, 22:00:00";"7.38";"0";"5.18"
"Belfort Park Dr";"Jul 23, 2026, 21:00:00";"4.68";"0";"3.87"
"Belfort Park Dr";"Jul 23, 2026, 20:00:00";"3.05";"0";"3.49"
"Belfort Park Dr";"Jul 23, 2026, 19:00:00";"3.52";"0";"3.58"
"Belfort Park Dr";"Jul 23, 2026, 18:00:00";"2.38";"0";"3.67"
"Belfort Park Dr";"Jul 23, 2026, 17:00:00";"0.22";"0";"3.55"
"Belfort Park Dr";"Jul 23, 2026, 16:00:00";"0.37";"0";"3.29"
"Belfort Park Dr";"Jul 23, 2026, 15:00:00";"0";"0";"3.27"
"Belfort Park Dr";"Jul 23, 2026, 14:00:00";"0";"0";"3.4"
"Belfort Park Dr";"Jul 23, 2026, 13:00:00";"0";"0";"2.82"
"Belfort Park Dr";"Jul 23, 2026, 12:00:00";"0";"0";"2.74"
"Belfort Park Dr";"Jul 23, 2026, 11:00:00";"0.19";"0";"3.15"
"Belfort Park Dr";"Jul 23, 2026, 10:00:00";"2.88";"0";"2.87"
"Belfort Park Dr";"Jul 23, 2026, 09:00:00";"4.85";"0.23";"2.51"
"Belfort Park Dr";"Jul 23, 2026, 08:00:00";"8";"0.61";"1.9"
"Belfort Park Dr";"Jul 23, 2026, 07:00:00";"8.51";"1.28";"1.95"
"Belfort Park Dr";"Jul 23, 2026, 06:00:00";"4.81";"0";"2.21"
"Belfort Park Dr";"Jul 23, 2026, 05:00:00";"3.68";"0";"2.87"
"Belfort Park Dr";"Jul 23, 2026, 04:00:00";"2.24";"0";"4.09"
"Belfort Park Dr";"Jul 23, 2026, 03:00:00";"2.49";"0";"4.89"
"Belfort Park Dr";"Jul 23, 2026, 02:00:00";"2.37";"0";"5.9"
"Belfort Park Dr";"Jul 23, 2026, 01:00:00";"2.21";"0";"6.55"
"Belfort Park Dr";"Jul 23, 2026, 00:00:00";"1.91";"0";"6.67"
"Belfort Park Dr";"Jul 22, 2026, 23:00:00";"1.61";"0";"7.05"
"Belfort Park Dr";"Jul 22, 2026, 22:00:00";"2.48";"0";"7.75"
"Belfort Park Dr";"Jul 22, 2026, 21:00:00";"1.99";"0";"8.85"
"Belfort Park Dr";"Jul 22, 2026, 20:00:00";"2.23";"0";"9.07"
"Belfort Park Dr";"Jul 22, 2026, 19:00:00";"2.07";"2.28";"10.25"
"Belfort Park Dr";"Jul 22, 2026, 18:00:00";"1.83";"3.54";"10.82"
"Belfort Park Dr";"Jul 22, 2026, 17:00:00";"0";"7.84";"10.79"
"Belfort Park Dr";"Jul 22, 2026, 16:00:00";"0";"14.71";"11.17"
"Belfort Park Dr";"Jul 22, 2026, 15:00:00";"0";"17.2";"11.9"
"Belfort Park Dr";"Jul 22, 2026, 14:00:00";"0.31";"25.8";"12.65"
"Belfort Park Dr";"Jul 22, 2026, 13:00:00";"0";"33.07";"12.82"
"Belfort Park Dr";"Jul 22, 2026, 12:00:00";"0.38";"47.25";"13.08"
"Belfort Park Dr";"Jul 22, 2026, 11:00:00";"0.19";"55.35";"13.8"
"Belfort Park Dr";"Jul 22, 2026, 10:00:00";"2.98";"65.3";"9.49"
"Belfort Park Dr";"Jul 22, 2026, 09:00:00";"24.6";"61.56";"6.93"
"Belfort Park Dr";"Jul 22, 2026, 08:00:00";"10.86";"68.45";"4.17"
"Belfort Park Dr";"Jul 22, 2026, 07:00:00";"7.69";"60.53";"4.14"
"Belfort Park Dr";"Jul 22, 2026, 06:00:00";"7.43";"59.18";"3.53"
"Belfort Park Dr";"Jul 22, 2026, 05:00:00";"6";"52";"3.11"
"Belfort Park Dr";"Jul 22, 2026, 04:00:00";"6.74";"52.2";"2.93"
"Belfort Park Dr";"Jul 22, 2026, 03:00:00";"5.92";"45.47";"2.68"
"Belfort Park Dr";"Jul 22, 2026, 02:00:00";"6.81";"102.66";"3.43"
"Belfort Park Dr";"Jul 22, 2026, 01:00:00";"10.73";"111.3";"3.09"
"Belfort Park Dr";"Jul 22, 2026, 00:00:00";"7.22";"103.65";"1.74"
"Belfort Park Dr";"Jul 21, 2026, 23:00:00";"10.34";"92.73";"3.1"
"Belfort Park Dr";"Jul 21, 2026, 22:00:00";"3.29";"102.16";"4.82"
"Belfort Park Dr";"Jul 21, 2026, 21:00:00";"2.83";"111.94";"7.83"
"Belfort Park Dr";"Jul 21, 2026, 20:00:00";"1.48";"127.04";"7.95"
"Belfort Park Dr";"Jul 21, 2026, 19:00:00";"3.27";"130.93";"6.46"
"Belfort Park Dr";"Jul 21, 2026, 18:00:00";"3.03";"131.1";"7.71"
"Belfort Park Dr";"Jul 21, 2026, 17:00:00";"0.19";"136.92";"9.02"
"Belfort Park Dr";"Jul 21, 2026, 16:00:00";"0";"140.58";"8.72"
"Belfort Park Dr";"Jul 21, 2026, 15:00:00";"0";"148.56";"7.74"
"Belfort Park Dr";"Jul 21, 2026, 14:00:00";"0";"147.66";"6.94"
"Belfort Park Dr";"Jul 21, 2026, 13:00:00";"0";"145.79";"6.19"
"Belfort Park Dr";"Jul 21, 2026, 12:00:00";"0.24";"137.31";"7.11"
"Belfort Park Dr";"Jul 21, 2026, 11:00:00";"0.52";"136.19";"9.08"
"Belfort Park Dr";"Jul 21, 2026, 10:00:00";"4.37";"128.1";"9.87"
"Belfort Park Dr";"Jul 21, 2026, 09:00:00";"6.61";"118.58";"11.45"
"Belfort Park Dr";"Jul 21, 2026, 08:00:00";"3.44";"119.37";"12.69"
"Belfort Park Dr";"Jul 21, 2026, 07:00:00";"4.82";"118.49";"13.84"
"Belfort Park Dr";"Jul 21, 2026, 06:00:00";"3.29";"114.2";"14.85"
"Belfort Park Dr";"Jul 21, 2026, 05:00:00";"1.68";"105.93";"15.87"
"Belfort Park Dr";"Jul 21, 2026, 04:00:00";"1.7";"102.73";"17.96"
"Belfort Park Dr";"Jul 21, 2026, 03:00:00";"1.93";"96.74";"21.56"
"Belfort Park Dr";"Jul 21, 2026, 02:00:00";"2.13";"90.88";"23.05"
"Belfort Park Dr";"Jul 21, 2026, 01:00:00";"2.07";"82.86";"23.9"
"Belfort Park Dr";"Jul 21, 2026, 00:00:00";"1.86";"77.51";"24.5"
"Belfort Park Dr";"Jul 20, 2026, 23:00:00";"2.41";"66.26";"24.05"
"Belfort Park Dr";"Jul 20, 2026, 22:00:00";"1.65";"61.38";"24.35"
"Belfort Park Dr";"Jul 20, 2026, 21:00:00";"0.47";"59.72";"25.33"
"Belfort Park Dr";"Jul 20, 2026, 20:00:00";"0.01";"57.9";"27.63"
"Belfort Park Dr";"Jul 20, 2026, 19:00:00";"0.14";"57.3";"29.96"
"Belfort Park Dr";"Jul 20, 2026, 18:00:00";"0.17";"57.73";"32.17"
"Belfort Park Dr";"Jul 20, 2026, 17:00:00";"0.09";"59.8";"32.17"
"Belfort Park Dr";"Jul 20, 2026, 16:00:00";"0.11";"59.48";"31.77"
"Belfort Park Dr";"Jul 20, 2026, 15:00:00";"0.64";"57.12";"31.28"
"Belfort Park Dr";"Jul 20, 2026, 14:00:00";"0.44";"57.56";"29.58"
"Belfort Park Dr";"Jul 20, 2026, 13:00:00";"0.13";"57.85";"27.1"
"Belfort Park Dr";"Jul 20, 2026, 12:00:00";"0";"59.87";"26"
"Belfort Park Dr";"Jul 20, 2026, 11:00:00";"0.47";"63.11";"23.73"
"Belfort Park Dr";"Jul 20, 2026, 10:00:00";"2.01";"61.88";"20.37"
"Belfort Park Dr";"Jul 20, 2026, 09:00:00";"4.53";"71.28";"18.45"
"Belfort Park Dr";"Jul 20, 2026, 08:00:00";"9.69";"76.78";"14.5"
"Belfort Park Dr";"Jul 20, 2026, 07:00:00";"8.08";"73.75";"14.39"
"Belfort Park Dr";"Jul 20, 2026, 06:00:00";"5.25";"66.43";"15.87"
"Belfort Park Dr";"Jul 20, 2026, 05:00:00";"3.81";"64.39";"16.01"
"Belfort Park Dr";"Jul 20, 2026, 04:00:00";"3.77";"61.28";"16.84"
"Belfort Park Dr";"Jul 20, 2026, 03:00:00";"3.53";"59.25";"17.13"
"Belfort Park Dr";"Jul 20, 2026, 02:00:00";"0";"0";"17.86"
"Belfort Park Dr";"Jul 20, 2026, 01:00:00";"2.15";"57.67";"18.11"
"Belfort Park Dr";"Jul 20, 2026, 00:00:00";"4.61";"58.52";"20.69"
"Belfort Park Dr";"Jul 19, 2026, 23:00:00";"3.81";"57.41";"24.34"
"Belfort Park Dr";"Jul 19, 2026, 22:00:00";"2.7";"54.77";"26.31"
"Belfort Park Dr";"Jul 19, 2026, 21:00:00";"1.83";"56.64";"28.5"
"Belfort Park Dr";"Jul 19, 2026, 20:00:00";"1.17";"56.08";"33.79"
"Belfort Park Dr";"Jul 19, 2026, 19:00:00";"0.56";"57.26";"35.91"
"Belfort Park Dr";"Jul 19, 2026, 18:00:00";"0.02";"65.58";"38"
"Belfort Park Dr";"Jul 19, 2026, 17:00:00";"0";"71.55";"43.02"
"Belfort Park Dr";"Jul 19, 2026, 16:00:00";"0";"79.62";"46.45"
"Belfort Park Dr";"Jul 19, 2026, 15:00:00";"0.07";"87.8";"48.82"
"Belfort Park Dr";"Jul 19, 2026, 14:00:00";"0";"94.26";"51.63"
"Belfort Park Dr";"Jul 19, 2026, 13:00:00";"0";"103.71";"50.75"
"Belfort Park Dr";"Jul 19, 2026, 12:00:00";"0";"104.11";"46.29"
"Belfort Park Dr";"Jul 19, 2026, 11:00:00";"0";"108.04";"35.05"
"Belfort Park Dr";"Jul 19, 2026, 10:00:00";"0.22";"105.38";"24.62"
"Belfort Park Dr";"Jul 19, 2026, 09:00:00";"0.09";"104.95";"15.76"
"Belfort Park Dr";"Jul 19, 2026, 08:00:00";"0.51";"103.49";"6.36"
"Belfort Park Dr";"Jul 19, 2026, 07:00:00";"0.69";"97.88";"6.94"
"Belfort Park Dr";"Jul 19, 2026, 06:00:00";"0.2";"98.06";"6.98"
"Belfort Park Dr";"Jul 19, 2026, 05:00:00";"0";"99.94";"5.87"
"Belfort Park Dr";"Jul 19, 2026, 04:00:00";"0.1";"103.93";"4.99"
"Belfort Park Dr";"Jul 19, 2026, 03:00:00";"2.19";"111.47";"6.19"
"Belfort Park Dr";"Jul 19, 2026, 02:00:00";"0.78";"122.8";"8.49"
"Belfort Park Dr";"Jul 19, 2026, 01:00:00";"8.21";"133.16";"11.4"
"Belfort Park Dr";"Jul 19, 2026, 00:00:00";"7.79";"139.51";"12.84"
"Belfort Park Dr";"Jul 18, 2026, 23:00:00";"8.23";"141.84";"13.47"
"Belfort Park Dr";"Jul 18, 2026, 22:00:00";"4.14";"139.74";"12.54"
"Belfort Park Dr";"Jul 18, 2026, 21:00:00";"8.34";"139.15";"12.67"
"Belfort Park Dr";"Jul 18, 2026, 20:00:00";"8.46";"125.49";"10.38"
"Belfort Park Dr";"Jul 18, 2026, 19:00:00";"5.68";"115.23";"8.92"
"Belfort Park Dr";"Jul 18, 2026, 18:00:00";"3.69";"99.25";"8.94"
"Belfort Park Dr";"Jul 18, 2026, 17:00:00";"4.01";"95.99";"19.19"
"Belfort Park Dr";"Jul 18, 2026, 16:00:00";"1.74";"123.51";"28.09"
"Belfort Park Dr";"Jul 18, 2026, 15:00:00";"0.54";"143.59";"57.24"
"Belfort Park Dr";"Jul 18, 2026, 14:00:00";"0";"163.59";"64.8"
"Belfort Park Dr";"Jul 18, 2026, 13:00:00";"0";"166.39";"60.24"
"Belfort Park Dr";"Jul 18, 2026, 12:00:00";"0.66";"141.79";"54.91"
"Belfort Park Dr";"Jul 18, 2026, 11:00:00";"2.02";"122.73";"53.61"
"Belfort Park Dr";"Jul 18, 2026, 10:00:00";"2.19";"113.41";"50.5"
"Belfort Park Dr";"Jul 18, 2026, 09:00:00";"2.99";"98.82";"49.33"
"Belfort Park Dr";"Jul 18, 2026, 08:00:00";"2.76";"87.76";"51.01"
"Belfort Park Dr";"Jul 18, 2026, 07:00:00";"1.93";"80.45";"53.7"
"Belfort Park Dr";"Jul 18, 2026, 06:00:00";"0.61";"78.04";"57.24"
"Belfort Park Dr";"Jul 18, 2026, 05:00:00";"0.26";"82.75";"59.26"
"Belfort Park Dr";"Jul 18, 2026, 04:00:00";"0.88";"83.34";"60.51"
"Belfort Park Dr";"Jul 18, 2026, 03:00:00";"2.75";"79.45";"62.14"
"Belfort Park Dr";"Jul 18, 2026, 02:00:00";"1.68";"77.55";"65.45"
"Belfort Park Dr";"Jul 18, 2026, 01:00:00";"3.62";"71.71";"71.94"
"Belfort Park Dr";"Jul 18, 2026, 00:00:00";"1.91";"70.7";"74.55"
"Belfort Park Dr";"Jul 17, 2026, 23:00:00";"2.76";"74.57";"72.97"
"Belfort Park Dr";"Jul 17, 2026, 22:00:00";"2.09";"71.45";"76.66"
"Belfort Park Dr";"Jul 17, 2026, 21:00:00";"1.99";"65.88";"92.07"
"Belfort Park Dr";"Jul 17, 2026, 20:00:00";"0.91";"64.19";"97.23"
"Belfort Park Dr";"Jul 17, 2026, 19:00:00";"0.19";"73.35";"94.32"
"Belfort Park Dr";"Jul 17, 2026, 18:00:00";"0.18";"77.19";"90.57"
"Belfort Park Dr";"Jul 17, 2026, 17:00:00";"0.16";"77.6";"89.68"
"Belfort Park Dr";"Jul 17, 2026, 16:00:00";"0";"79.78";"88.8"
"Belfort Park Dr";"Jul 17, 2026, 15:00:00";"0";"76";"90.5"
"Belfort Park Dr";"Jul 17, 2026, 14:00:00";"0.59";"74.36";"89.39"
"Belfort Park Dr";"Jul 17, 2026, 13:00:00";"0";"73.11";"89.84"
"Belfort Park Dr";"Jul 17, 2026, 12:00:00";"0.06";"67.37";"87.37"
"Belfort Park Dr";"Jul 17, 2026, 11:00:00";"0";"67.16";"94.94"
"Belfort Park Dr";"Jul 17, 2026, 10:00:00";"1.2";"67.84";"110.14"
"Belfort Park Dr";"Jul 17, 2026, 09:00:00";"9.74";"75.7";"93.83"
"Belfort Park Dr";"Jul 17, 2026, 08:00:00";"13.37";"80.03";"78.88"
"Belfort Park Dr";"Jul 17, 2026, 07:00:00";"14";"76";"87.92"
"Belfort Park Dr";"Jul 17, 2026, 06:00:00";"5.51";"66.41";"94.67"
"Belfort Park Dr";"Jul 17, 2026, 05:00:00";"2.58";"61.39";"108.9"
"Belfort Park Dr";"Jul 17, 2026, 04:00:00";"0.57";"59.59";"122.33"
"Belfort Park Dr";"Jul 17, 2026, 03:00:00";"0.07";"59.57";"132.18"
"Belfort Park Dr";"Jul 17, 2026, 02:00:00";"0.18";"65.14";"116.19"
"Belfort Park Dr";"Jul 17, 2026, 01:00:00";"0.09";"70.23";"105.7"
"Belfort Park Dr";"Jul 17, 2026, 00:00:00";"0";"80.59";"97.64"
"Belfort Park Dr";"Jul 16, 2026, 23:00:00";"0";"104.31";"61.3"
"Belfort Park Dr";"Jul 16, 2026, 22:00:00";"0.05";"118.62";"40.33"
"Belfort Park Dr";"Jul 16, 2026, 21:00:00";"0.63";"105.92";"16.24"
"Belfort Park Dr";"Jul 16, 2026, 20:00:00";"0";"105.93";"17.16"
"Belfort Park Dr";"Jul 16, 2026, 19:00:00";"0";"111.33";"20.49"
"Belfort Park Dr";"Jul 16, 2026, 18:00:00";"0";"115.24";"20.23"
"Belfort Park Dr";"Jul 16, 2026, 17:00:00";"0";"127.8";"17.93"
"Belfort Park Dr";"Jul 16, 2026, 16:00:00";"0";"132.25";"17.58"
"Belfort Park Dr";"Jul 16, 2026, 15:00:00";"0";"141.41";"18.91"
"Belfort Park Dr";"Jul 16, 2026, 14:00:00";"0";"136.91";"18.38"
"Belfort Park Dr";"Jul 16, 2026, 13:00:00";"0";"142.58";"16.62"
"Belfort Park Dr";"Jul 16, 2026, 12:00:00";"0";"147.03";"17.2"
"Belfort Park Dr";"Jul 16, 2026, 11:00:00";"0";"142.68";"16.68"
"Belfort Park Dr";"Jul 16, 2026, 10:00:00";"0";"131.9";"14.52"
"Belfort Park Dr";"Jul 16, 2026, 09:00:00";"0.06";"120.25";"13.29"
"Belfort Park Dr";"Jul 16, 2026, 08:00:00";"2.37";"105.08";"13.22"
"Belfort Park Dr";"Jul 16, 2026, 07:00:00";"2.63";"100.27";"13.89"
"Belfort Park Dr";"Jul 16, 2026, 06:00:00";"0.82";"99.73";"13.22"
"Belfort Park Dr";"Jul 16, 2026, 05:00:00";"0.08";"99.67";"13.59"
"Belfort Park Dr";"Jul 16, 2026, 04:00:00";"0.34";"101.32";"14.05"
"Belfort Park Dr";"Jul 16, 2026, 03:00:00";"0";"102.58";"14.05"
"Belfort Park Dr";"Jul 16, 2026, 02:00:00";"0.12";"105.57";"13.31"
"Belfort Park Dr";"Jul 16, 2026, 01:00:00";"0";"106.15";"12.5"
"Belfort Park Dr";"Jul 16, 2026, 00:00:00";"0";"108.43";"12.71"
"Belfort Park Dr";"Jul 15, 2026, 23:00:00";"1.43";"114.57";"12.41"
"Belfort Park Dr";"Jul 15, 2026, 22:00:00";"0";"113.34";"11.72"
"Belfort Park Dr";"Jul 15, 2026, 21:00:00";"0";"109.12";"11.57"
"Belfort Park Dr";"Jul 15, 2026, 20:00:00";"0.93";"109.77";"11.85"
"Belfort Park Dr";"Jul 15, 2026, 19:00:00";"0.67";"112.81";"11.84"
"Belfort Park Dr";"Jul 15, 2026, 18:00:00";"0.82";"116.46";"12.14"
"Belfort Park Dr";"Jul 15, 2026, 17:00:00";"0";"118.12";"11.48"
"Belfort Park Dr";"Jul 15, 2026, 16:00:00";"0";"121.75";"11.96"
"Belfort Park Dr";"Jul 15, 2026, 15:00:00";"0";"124.65";"12.73"
"Belfort Park Dr";"Jul 15, 2026, 14:00:00";"0";"121.91";"12.99"
"Belfort Park Dr";"Jul 15, 2026, 13:00:00";"0";"128.08";"13.72"
"Belfort Park Dr";"Jul 15, 2026, 12:00:00";"0";"130.29";"13.95"
"Belfort Park Dr";"Jul 15, 2026, 11:00:00";"0";"129.93";"13.13"
"Belfort Park Dr";"Jul 15, 2026, 10:00:00";"0.79";"124.61";"11.14"
"Belfort Park Dr";"Jul 15, 2026, 09:00:00";"9.45";"115.3";"9.63"
"Belfort Park Dr";"Jul 15, 2026, 08:00:00";"17.75";"97.84";"9.14"
"Belfort Park Dr";"Jul 15, 2026, 07:00:00";"18.71";"89.53";"9.44"
"Belfort Park Dr";"Jul 15, 2026, 06:00:00";"14.32";"82.85";"8.99"
"Belfort Park Dr";"Jul 15, 2026, 05:00:00";"6.87";"76.9";"8.91"
"Belfort Park Dr";"Jul 15, 2026, 04:00:00";"5.73";"77.15";"8.92"
"Belfort Park Dr";"Jul 15, 2026, 03:00:00";"3.34";"76.73";"8.63"
"Belfort Park Dr";"Jul 15, 2026, 02:00:00";"3.11";"73.75";"8.67"
"Belfort Park Dr";"Jul 15, 2026, 01:00:00";"1.6";"77.25";"8.73"
"Belfort Park Dr";"Jul 15, 2026, 00:00:00";"0.39";"78.23";"8.46"
"Belfort Park Dr";"Jul 14, 2026, 23:00:00";"1.83";"79.73";"8.67"
"Belfort Park Dr";"Jul 14, 2026, 22:00:00";"1.07";"79.24";"8.67"
"Belfort Park Dr";"Jul 14, 2026, 21:00:00";"2.79";"79.3";"9.28"
"Belfort Park Dr";"Jul 14, 2026, 20:00:00";"0.04";"76.13";"9.38"
"Belfort Park Dr";"Jul 14, 2026, 19:00:00";"0.47";"81.21";"9.7"
"Belfort Park Dr";"Jul 14, 2026, 18:00:00";"0";"80.84";"10.11"
"Belfort Park Dr";"Jul 14, 2026, 17:00:00";"0";"87.37";"9.89"
"Belfort Park Dr";"Jul 14, 2026, 16:00:00";"0.01";"88.05";"9.97"
"Belfort Park Dr";"Jul 14, 2026, 15:00:00";"0";"90.16";"10.41"
"Belfort Park Dr";"Jul 14, 2026, 14:00:00";"0";"96.97";"9.58"
"Belfort Park Dr";"Jul 14, 2026, 13:00:00";"0";"102.24";"9.11"
"Belfort Park Dr";"Jul 14, 2026, 12:00:00";"0";"100.21";"9.35"
"Belfort Park Dr";"Jul 14, 2026, 11:00:00";"0";"104.45";"9.8"
"Belfort Park Dr";"Jul 14, 2026, 10:00:00";"2.98";"103.88";"8.38"
"Belfort Park Dr";"Jul 14, 2026, 09:00:00";"11.33";"92.92";"7.83"
"Belfort Park Dr";"Jul 14, 2026, 08:00:00";"16.2";"91.54";"6.82"
"Belfort Park Dr";"Jul 14, 2026, 07:00:00";"15.22";"85.15";"7.18"
"Belfort Park Dr";"Jul 14, 2026, 06:00:00";"9.58";"79.89";"6.96"
"Belfort Park Dr";"Jul 14, 2026, 05:00:00";"5.74";"74.86";"6.35"
"Belfort Park Dr";"Jul 14, 2026, 04:00:00";"4.24";"67.18";"6.33"
"Belfort Park Dr";"Jul 14, 2026, 03:00:00";"4.8";"60.55";"6.36"
"Belfort Park Dr";"Jul 14, 2026, 02:00:00";"5.6";"60.65";"6.57"
"Belfort Park Dr";"Jul 14, 2026, 01:00:00";"4.7";"61.71";"6.62"
"Belfort Park Dr";"Jul 14, 2026, 00:00:00";"8.26";"62.36";"7"
"Belfort Park Dr";"Jul 13, 2026, 23:00:00";"2.4";"55.67";"7.44"
"Belfort Park Dr";"Jul 13, 2026, 22:00:00";"1.78";"50.77";"8.28"
"Belfort Park Dr";"Jul 13, 2026, 21:00:00";"1.43";"48.57";"9.18"
"Belfort Park Dr";"Jul 13, 2026, 20:00:00";"0.84";"46.52";"9.82"
"Belfort Park Dr";"Jul 13, 2026, 19:00:00";"0.5";"43.78";"9.38"
"Belfort Park Dr";"Jul 13, 2026, 18:00:00";"0.34";"49.82";"8.75"
"Belfort Park Dr";"Jul 13, 2026, 17:00:00";"0.1";"54.77";"8.48"
"Belfort Park Dr";"Jul 13, 2026, 16:00:00";"0";"57.81";"8.66"
"Belfort Park Dr";"Jul 13, 2026, 15:00:00";"0";"59.63";"8.58"
"Belfort Park Dr";"Jul 13, 2026, 14:00:00";"0";"65.4";"8.73"
"Belfort Park Dr";"Jul 13, 2026, 13:00:00";"0";"68.07";"7.74"
"Belfort Park Dr";"Jul 13, 2026, 12:00:00";"0";"78.53";"7.53"
"Belfort Park Dr";"Jul 13, 2026, 11:00:00";"0";"89.68";"6.95"
"Belfort Park Dr";"Jul 13, 2026, 10:00:00";"0";"96.7";"6.02"
"Belfort Park Dr";"Jul 13, 2026, 09:00:00";"3.16";"99.41";"4.97"
"Belfort Park Dr";"Jul 13, 2026, 08:00:00";"9.24";"92.16";"5.6"
"Belfort Park Dr";"Jul 13, 2026, 07:00:00";"7.07";"79.01";"8.78"
"Belfort Park Dr";"Jul 13, 2026, 06:00:00";"5.46";"77.76";"9.83"
"Belfort Park Dr";"Jul 13, 2026, 05:00:00";"2.96";"77.79";"7.98"
"Belfort Park Dr";"Jul 13, 2026, 04:00:00";"2.61";"78.41";"7.95"
"Belfort Park Dr";"Jul 13, 2026, 03:00:00";"2.38";"81.13";"7.48"
"Belfort Park Dr";"Jul 13, 2026, 02:00:00";"2.17";"76.13";"7.65"
"Belfort Park Dr";"Jul 13, 2026, 01:00:00";"1.15";"72.95";"6.88"
"Belfort Park Dr";"Jul 13, 2026, 00:00:00";"1.02";"75.07";"7.25"
"Belfort Park Dr";"Jul 12, 2026, 23:00:00";"0.8";"74.26";"7.6"
"Belfort Park Dr";"Jul 12, 2026, 22:00:00";"2.74";"80.16";"7.92"
"Belfort Park Dr";"Jul 12, 2026, 21:00:00";"0.75";"80.09";"7.85"
"Belfort Park Dr";"Jul 12, 2026, 20:00:00";"0.91";"81.95";"7.99"
"Belfort Park Dr";"Jul 12, 2026, 19:00:00";"3.63";"93.32";"8.03"
"Belfort Park Dr";"Jul 12, 2026, 18:00:00";"0.34";"97.65";"7.63"
"Belfort Park Dr";"Jul 12, 2026, 17:00:00";"0.65";"109.79";"8.37"
"Belfort Park Dr";"Jul 12, 2026, 16:00:00";"0";"134.01";"9.43"
"Belfort Park Dr";"Jul 12, 2026, 15:00:00";"0";"140";"9.66"
"Belfort Park Dr";"Jul 12, 2026, 14:00:00";"0";"146.92";"9.38"
"Belfort Park Dr";"Jul 12, 2026, 13:00:00";"0";"149.69";"8.64"
"Belfort Park Dr";"Jul 12, 2026, 12:00:00";"0";"151";"8.64"
"Belfort Park Dr";"Jul 12, 2026, 11:00:00";"0";"143.83";"8.59"
"Belfort Park Dr";"Jul 12, 2026, 10:00:00";"0.04";"144.79";"9.51"
"Belfort Park Dr";"Jul 12, 2026, 09:00:00";"0.32";"144.11";"15.27"
"Belfort Park Dr";"Jul 12, 2026, 08:00:00";"0.75";"140.73";"23.58"
"Belfort Park Dr";"Jul 12, 2026, 07:00:00";"1.06";"133.54";"24.04"
"Belfort Park Dr";"Jul 12, 2026, 06:00:00";"1.24";"131.06";"24.7"
"Belfort Park Dr";"Jul 12, 2026, 05:00:00";"1.91";"127.57";"22.42"
"Belfort Park Dr";"Jul 12, 2026, 04:00:00";"0.82";"125.64";"26.85"
"Belfort Park Dr";"Jul 12, 2026, 03:00:00";"1.31";"124.68";"24.18"
"Belfort Park Dr";"Jul 12, 2026, 02:00:00";"2.66";"122.93";"21.52"
"Belfort Park Dr";"Jul 12, 2026, 01:00:00";"3.23";"119.08";"25"
"Belfort Park Dr";"Jul 12, 2026, 00:00:00";"3.69";"114.16";"20.08"
"Belfort Park Dr";"Jul 11, 2026, 23:00:00";"3.67";"98.34";"11.76"
"Belfort Park Dr";"Jul 11, 2026, 22:00:00";"0.98";"107.1";"11.45"
"Belfort Park Dr";"Jul 11, 2026, 21:00:00";"0.13";"115.95";"12.7"
"Belfort Park Dr";"Jul 11, 2026, 20:00:00";"0";"114.79";"11.89"
"Belfort Park Dr";"Jul 11, 2026, 19:00:00";"0.24";"111.84";"11.62"
"Belfort Park Dr";"Jul 11, 2026, 18:00:00";"0";"113.33";"12.47"
"Belfort Park Dr";"Jul 11, 2026, 17:00:00";"0";"118.56";"13.51"
"Belfort Park Dr";"Jul 11, 2026, 16:00:00";"0";"124.45";"13.32"
"Belfort Park Dr";"Jul 11, 2026, 15:00:00";"0";"130.7";"14.81"
"Belfort Park Dr";"Jul 11, 2026, 14:00:00";"0";"135.9";"14.72"
"Belfort Park Dr";"Jul 11, 2026, 13:00:00";"0";"140.32";"13.65"
"Belfort Park Dr";"Jul 11, 2026, 12:00:00";"0";"146.52";"11.45"
"Belfort Park Dr";"Jul 11, 2026, 11:00:00";"0";"150.85";"8.48"
"Belfort Park Dr";"Jul 11, 2026, 10:00:00";"0";"146.59";"6.78"
"Belfort Park Dr";"Jul 11, 2026, 09:00:00";"0.21";"129.16";"5.86"
"Belfort Park Dr";"Jul 11, 2026, 08:00:00";"2.78";"122.66";"5.47"
"Belfort Park Dr";"Jul 11, 2026, 07:00:00";"2.13";"116.77";"5.5"
"Belfort Park Dr";"Jul 11, 2026, 06:00:00";"0.51";"115.8";"5.97"
"Belfort Park Dr";"Jul 11, 2026, 05:00:00";"0.25";"125.32";"6.49"
"Belfort Park Dr";"Jul 11, 2026, 04:00:00";"0.26";"129.9";"8.31"
"Belfort Park Dr";"Jul 11, 2026, 03:00:00";"1.64";"128.68";"8.39"
"Belfort Park Dr";"Jul 11, 2026, 02:00:00";"3.27";"131.42";"11.18"
"Belfort Park Dr";"Jul 11, 2026, 01:00:00";"7.84";"132.45";"12.13"
"Belfort Park Dr";"Jul 11, 2026, 00:00:00";"8.79";"127.54";"12.51"
"Belfort Park Dr";"Jul 10, 2026, 23:00:00";"6.88";"119.97";"10.5"
"Belfort Park Dr";"Jul 10, 2026, 22:00:00";"8.31";"114.62";"7.33"
"Belfort Park Dr";"Jul 10, 2026, 21:00:00";"2.63";"124.66";"6.65"
"Belfort Park Dr";"Jul 10, 2026, 20:00:00";"4.02";"123.35";"7.23"
"Belfort Park Dr";"Jul 10, 2026, 19:00:00";"0.03";"149.1";"11.81"
"Belfort Park Dr";"Jul 10, 2026, 18:00:00";"0";"145.8";"11.49"
"Belfort Park Dr";"Jul 10, 2026, 17:00:00";"1.2";"152.98";"14.26"
"Belfort Park Dr";"Jul 10, 2026, 16:00:00";"0.08";"142.81";"16.77"
"Belfort Park Dr";"Jul 10, 2026, 15:00:00";"0.27";"136.63";"15.85"
"Belfort Park Dr";"Jul 10, 2026, 14:00:00";"0";"140.8";"17.43"
"Belfort Park Dr";"Jul 10, 2026, 13:00:00";"0.24";"149.93";"18.26"
"Belfort Park Dr";"Jul 10, 2026, 12:00:00";"0";"166.04";"17.86"
"Belfort Park Dr";"Jul 10, 2026, 11:00:00";"0";"166.38";"15.33"
"Belfort Park Dr";"Jul 10, 2026, 10:00:00";"0";"164.55";"12.84"
"Belfort Park Dr";"Jul 10, 2026, 09:00:00";"0.56";"151.75";"10.82"
"Belfort Park Dr";"Jul 10, 2026, 08:00:00";"5.02";"138.68";"8.42"
"Belfort Park Dr";"Jul 10, 2026, 07:00:00";"6.61";"129.36";"11.03"
"Belfort Park Dr";"Jul 10, 2026, 06:00:00";"2.87";"125.47";"12.24"
"Belfort Park Dr";"Jul 10, 2026, 05:00:00";"0.54";"127.25";"9.18"
"Belfort Park Dr";"Jul 10, 2026, 04:00:00";"0.24";"129";"9.19"
"Belfort Park Dr";"Jul 10, 2026, 03:00:00";"0.1";"133.42";"7.64"
"Belfort Park Dr";"Jul 10, 2026, 02:00:00";"2.4";"141.71";"7.94"
"Belfort Park Dr";"Jul 10, 2026, 01:00:00";"4.31";"146.7";"6.62"
"Belfort Park Dr";"Jul 10, 2026, 00:00:00";"5.05";"148.63";"7.89"
"Belfort Park Dr";"Jul 9, 2026, 23:00:00";"2.34";"146.56";"11.03"
"Belfort Park Dr";"Jul 9, 2026, 22:00:00";"3.76";"145.83";"10.43"
"Belfort Park Dr";"Jul 9, 2026, 21:00:00";"2.19";"150.6";"5.91"
"Belfort Park Dr";"Jul 9, 2026, 20:00:00";"1.93";"159.81";"5.94"
"Belfort Park Dr";"Jul 9, 2026, 19:00:00";"2.72";"150.39";"6.51"
"Belfort Park Dr";"Jul 9, 2026, 18:00:00";"4.47";"134.5";"8.44"
"Belfort Park Dr";"Jul 9, 2026, 17:00:00";"3.44";"134.26";"12.63"
"Belfort Park Dr";"Jul 9, 2026, 16:00:00";"1.23";"145.86";"3.84"
"Belfort Park Dr";"Jul 9, 2026, 15:00:00";"0.06";"191.71";"12.14"
"Belfort Park Dr";"Jul 9, 2026, 14:00:00";"0";"203.33";"14.55"
"Belfort Park Dr";"Jul 9, 2026, 13:00:00";"0";"195.83";"14.35"
"Belfort Park Dr";"Jul 9, 2026, 12:00:00";"0";"182.94";"13.16"
"Belfort Park Dr";"Jul 9, 2026, 11:00:00";"0.08";"177.99";"12.84"
"Belfort Park Dr";"Jul 9, 2026, 10:00:00";"0.93";"170.35";"11.83"
"Belfort Park Dr";"Jul 9, 2026, 09:00:00";"2.72";"155.27";"10.44"
"Belfort Park Dr";"Jul 9, 2026, 08:00:00";"5.48";"148.3";"10.99"
"Belfort Park Dr";"Jul 9, 2026, 07:00:00";"3.98";"141.33";"10.88"
"Belfort Park Dr";"Jul 9, 2026, 06:00:00";"2.86";"141.04";"8.81"
"Belfort Park Dr";"Jul 9, 2026, 05:00:00";"1.76";"139.59";"8.63"
"Belfort Park Dr";"Jul 9, 2026, 04:00:00";"1.45";"135.78";"8.23"
"Belfort Park Dr";"Jul 9, 2026, 03:00:00";"0.73";"130.33";"7.95"
"Belfort Park Dr";"Jul 9, 2026, 02:00:00";"1.22";"127.42";"7.81"
"Belfort Park Dr";"Jul 9, 2026, 01:00:00";"0.59";"121.75";"7.9"
"Belfort Park Dr";"Jul 9, 2026, 00:00:00";"0.76";"122.9";"8.24"
"Belfort Park Dr";"Jul 8, 2026, 23:00:00";"1.04";"119.73";"9.16"
"Belfort Park Dr";"Jul 8, 2026, 22:00:00";"0.32";"118.27";"8.71"
"Belfort Park Dr";"Jul 8, 2026, 21:00:00";"0.17";"120.23";"8.92"
"Belfort Park Dr";"Jul 8, 2026, 20:00:00";"0.03";"126.08";"9.24"
"Belfort Park Dr";"Jul 8, 2026, 19:00:00";"0";"125.86";"7.61"
"Belfort Park Dr";"Jul 8, 2026, 18:00:00";"0";"133.23";"8.68"
"Belfort Park Dr";"Jul 8, 2026, 17:00:00";"0.02";"133.81";"8.5"
"Belfort Park Dr";"Jul 8, 2026, 16:00:00";"0";"144.97";"8.92"
"Belfort Park Dr";"Jul 8, 2026, 15:00:00";"0";"133.56";"8.97"
"Belfort Park Dr";"Jul 8, 2026, 14:00:00";"0";"129.5";"8.12"
"Belfort Park Dr";"Jul 8, 2026, 13:00:00";"0.35";"127.71";"7.49"
"Belfort Park Dr";"Jul 8, 2026, 12:00:00";"0.39";"127.35";"7.22"
"Belfort Park Dr";"Jul 8, 2026, 11:00:00";"0.74";"127.95";"6.94"
"Belfort Park Dr";"Jul 8, 2026, 10:00:00";"1.59";"125.76";"8.41"
"Belfort Park Dr";"Jul 8, 2026, 09:00:00";"1.87";"122.87";"10.17"
"Belfort Park Dr";"Jul 8, 2026, 08:00:00";"2.37";"129.44";"22.4"
"Belfort Park Dr";"Jul 8, 2026, 07:00:00";"2.44";"128.4";"0"
"Belfort Park Dr";"Jul 8, 2026, 06:00:00";"0.96";"127.59";"0"
"Belfort Park Dr";"Jul 8, 2026, 05:00:00";"0.37";"127.63";"0"
"Belfort Park Dr";"Jul 8, 2026, 04:00:00";"0.14";"131.69";"0"
"Belfort Park Dr";"Jul 8, 2026, 03:00:00";"0.23";"134.47";"0"
"Belfort Park Dr";"Jul 8, 2026, 02:00:00";"0.27";"132.51";"0"
"Belfort Park Dr";"Jul 8, 2026, 01:00:00";"0.91";"132.34";"17.78"
"Belfort Park Dr";"Jul 8, 2026, 00:00:00";"7.94";"135.39";"15.54"
"Belfort Park Dr";"Jul 7, 2026, 23:00:00";"3.79";"134.72";"18.61"
"Belfort Park Dr";"Jul 7, 2026, 22:00:00";"2.07";"136.72";"20.51"
"Belfort Park Dr";"Jul 7, 2026, 21:00:00";"1.95";"137.86";"17.47"
"Belfort Park Dr";"Jul 7, 2026, 20:00:00";"0.1";"137.35";"16.88"
"Belfort Park Dr";"Jul 7, 2026, 19:00:00";"0.66";"133.97";"15.66"
"Belfort Park Dr";"Jul 7, 2026, 18:00:00";"0";"141.08";"13.77"
"Belfort Park Dr";"Jul 7, 2026, 17:00:00";"0";"149.8";"14.26"
"Belfort Park Dr";"Jul 7, 2026, 16:00:00";"0";"149.44";"16.13"
"Belfort Park Dr";"Jul 7, 2026, 15:00:00";"0";"143.98";"16"
"Belfort Park Dr";"Jul 7, 2026, 14:00:00";"0.05";"134.8";"15.96"
"Belfort Park Dr";"Jul 7, 2026, 13:00:00";"0.25";"133.43";"14.42"
"Belfort Park Dr";"Jul 7, 2026, 12:00:00";"0.2";"128.83";"12.58"
"Belfort Park Dr";"Jul 7, 2026, 11:00:00";"0.66";"126.28";"14.24"
"Belfort Park Dr";"Jul 7, 2026, 10:00:00";"1.24";"124.86";"18.25"
"Belfort Park Dr";"Jul 7, 2026, 09:00:00";"2.23";"123.58";"32.32"
"Belfort Park Dr";"Jul 7, 2026, 08:00:00";"2.56";"124.05";"0"
"Belfort Park Dr";"Jul 7, 2026, 07:00:00";"3.06";"123.25";"0"
"Belfort Park Dr";"Jul 7, 2026, 06:00:00";"1.83";"119.08";"0"
"Belfort Park Dr";"Jul 7, 2026, 05:00:00";"1.09";"120.35";"0"
"Belfort Park Dr";"Jul 7, 2026, 04:00:00";"1.19";"118.28";"22.74"
"Belfort Park Dr";"Jul 7, 2026, 03:00:00";"2.11";"117.38";"17.61"
"Belfort Park Dr";"Jul 7, 2026, 02:00:00";"1.18";"108.71";"10.71"
"Belfort Park Dr";"Jul 7, 2026, 01:00:00";"1.97";"96.82";"7.7"
"Belfort Park Dr";"Jul 7, 2026, 00:00:00";"1.91";"96.46";"15.88"
"Belfort Park Dr";"Jul 6, 2026, 23:00:00";"4.17";"94.61";"20.24"
"Belfort Park Dr";"Jul 6, 2026, 22:00:00";"2.05";"93.62";"12.6"
"Belfort Park Dr";"Jul 6, 2026, 21:00:00";"0.04";"99.29";"11.45"
"Belfort Park Dr";"Jul 6, 2026, 20:00:00";"0";"118.06";"13.35"
"Belfort Park Dr";"Jul 6, 2026, 19:00:00";"0";"120.58";"12.8"
"Belfort Park Dr";"Jul 6, 2026, 18:00:00";"0";"121.08";"12.65"
"Belfort Park Dr";"Jul 6, 2026, 17:00:00";"0.01";"121.95";"14.76"
"Belfort Park Dr";"Jul 6, 2026, 16:00:00";"0";"124.82";"14.91"
"Belfort Park Dr";"Jul 6, 2026, 15:00:00";"0";"123.05";"16.45"
"Belfort Park Dr";"Jul 6, 2026, 14:00:00";"0";"132.56";"15.17"
"Belfort Park Dr";"Jul 6, 2026, 13:00:00";"0";"137.42";"11.8"
"Belfort Park Dr";"Jul 6, 2026, 12:00:00";"0.28";"122.44";"10.12"
"Belfort Park Dr";"Jul 6, 2026, 11:00:00";"0.38";"116.51";"10.33"
"Belfort Park Dr";"Jul 6, 2026, 10:00:00";"1.38";"107.62";"9.85"
"Belfort Park Dr";"Jul 6, 2026, 09:00:00";"2.2";"108.47";"6.8"
"Belfort Park Dr";"Jul 6, 2026, 08:00:00";"5.43";"103.47";"7.85"
"Belfort Park Dr";"Jul 6, 2026, 07:00:00";"4.79";"98";"12.71"
"Belfort Park Dr";"Jul 6, 2026, 06:00:00";"3.56";"93.81";"13.95"
"Belfort Park Dr";"Jul 6, 2026, 05:00:00";"2.29";"94.46";"16.75"
"Belfort Park Dr";"Jul 6, 2026, 04:00:00";"1.67";"90.86";"16.15"
"Belfort Park Dr";"Jul 6, 2026, 03:00:00";"1.01";"86.7";"13.22"
"Belfort Park Dr";"Jul 6, 2026, 02:00:00";"1.45";"78.28";"10.32"
"Belfort Park Dr";"Jul 6, 2026, 01:00:00";"1.23";"71.39";"12.76"
"Belfort Park Dr";"Jul 6, 2026, 00:00:00";"1.08";"63";"10.32"
"Belfort Park Dr";"Jul 5, 2026, 23:00:00";"0.32";"60.43";"12.16"
"Belfort Park Dr";"Jul 5, 2026, 22:00:00";"0.05";"56.04";"12.77"
"Belfort Park Dr";"Jul 5, 2026, 21:00:00";"0.02";"56.59";"10.25"
"Belfort Park Dr";"Jul 5, 2026, 20:00:00";"0.37";"76.56";"16.48"
"Belfort Park Dr";"Jul 5, 2026, 19:00:00";"0";"96.09";"23.59"
"Belfort Park Dr";"Jul 5, 2026, 18:00:00";"0";"87.54";"22.45"
"Belfort Park Dr";"Jul 5, 2026, 17:00:00";"0";"78.87";"17.87"
"Belfort Park Dr";"Jul 5, 2026, 16:00:00";"0";"80.27";"16.95"
"Belfort Park Dr";"Jul 5, 2026, 15:00:00";"0";"74.86";"15.04"
"Belfort Park Dr";"Jul 5, 2026, 14:00:00";"0";"80.61";"13.04"
"Belfort Park Dr";"Jul 5, 2026, 13:00:00";"0";"86.59";"12.61"
"Belfort Park Dr";"Jul 5, 2026, 12:00:00";"0";"93.86";"12.24"
"Belfort Park Dr";"Jul 5, 2026, 11:00:00";"0";"95.36";"12.39"
"Belfort Park Dr";"Jul 5, 2026, 10:00:00";"0";"98.75";"11.72"
"Belfort Park Dr";"Jul 5, 2026, 09:00:00";"0.03";"92.37";"10.41"
"Belfort Park Dr";"Jul 5, 2026, 08:00:00";"2.3";"82.48";"12.35"
"Belfort Park Dr";"Jul 5, 2026, 07:00:00";"2.2";"76.8";"14.88"
"Belfort Park Dr";"Jul 5, 2026, 06:00:00";"3.18";"69.98";"14.89"
"Belfort Park Dr";"Jul 5, 2026, 05:00:00";"4.87";"71.69";"15.03"
"Belfort Park Dr";"Jul 5, 2026, 04:00:00";"7.81";"70.14";"15.93"
"Belfort Park Dr";"Jul 5, 2026, 03:00:00";"2.84";"66.5";"13.78"
"Belfort Park Dr";"Jul 5, 2026, 02:00:00";"1.45";"58.09";"15.12"
"Belfort Park Dr";"Jul 5, 2026, 01:00:00";"0.72";"58.33";"14.67"
"Belfort Park Dr";"Jul 5, 2026, 00:00:00";"0.23";"56.93";"18.33"
"Belfort Park Dr";"Jul 4, 2026, 23:00:00";"1.46";"56.56";"28.43"
"Belfort Park Dr";"Jul 4, 2026, 22:00:00";"1.28";"50.87";"8.47"
"Belfort Park Dr";"Jul 4, 2026, 21:00:00";"0.1";"52.57";"7.91"
"Belfort Park Dr";"Jul 4, 2026, 20:00:00";"0.09";"57.16";"11.97"
"Belfort Park Dr";"Jul 4, 2026, 19:00:00";"0";"71.58";"17.83"
"Belfort Park Dr";"Jul 4, 2026, 18:00:00";"0";"77.87";"18.11"
"Belfort Park Dr";"Jul 4, 2026, 17:00:00";"0";"77.61";"15.13"
"Belfort Park Dr";"Jul 4, 2026, 16:00:00";"0";"83.62";"14.32"
"Belfort Park Dr";"Jul 4, 2026, 15:00:00";"0";"84.31";"14.1"
"Belfort Park Dr";"Jul 4, 2026, 14:00:00";"0";"91.9";"10.17"
"Belfort Park Dr";"Jul 4, 2026, 13:00:00";"0";"101.35";"9"
"Belfort Park Dr";"Jul 4, 2026, 12:00:00";"0";"107";"10.42"
"Belfort Park Dr";"Jul 4, 2026, 11:00:00";"0";"100.6";"10.28"
"Belfort Park Dr";"Jul 4, 2026, 10:00:00";"0";"91.84";"10.7"
"Belfort Park Dr";"Jul 4, 2026, 09:00:00";"0";"73.63";"8.16"
"Belfort Park Dr";"Jul 4, 2026, 08:00:00";"0";"61.01";"6.53"
"Belfort Park Dr";"Jul 4, 2026, 07:00:00";"0";"61.49";"8.85"
"Belfort Park Dr";"Jul 4, 2026, 06:00:00";"0";"75.25";"12.24"
"Belfort Park Dr";"Jul 4, 2026, 05:00:00";"0";"87.04";"14.79"
"Belfort Park Dr";"Jul 4, 2026, 04:00:00";"0";"94.1";"15.94"
"Belfort Park Dr";"Jul 4, 2026, 03:00:00";"0";"103.18";"16.97"
"Belfort Park Dr";"Jul 4, 2026, 02:00:00";"0.2";"110.76";"16.82"
"Belfort Park Dr";"Jul 4, 2026, 01:00:00";"0";"118.22";"16.61"
"Belfort Park Dr";"Jul 4, 2026, 00:00:00";"0";"120.84";"17.65"
"Belfort Park Dr";"Jul 3, 2026, 23:00:00";"0";"116.8";"18.57"
"Belfort Park Dr";"Jul 3, 2026, 22:00:00";"0";"109.67";"18.83"
"Belfort Park Dr";"Jul 3, 2026, 21:00:00";"0";"105.22";"18.5"
"Belfort Park Dr";"Jul 3, 2026, 20:00:00";"0";"99.52";"19.03"
"Belfort Park Dr";"Jul 3, 2026, 19:00:00";"0";"98.87";"18.53"
"Belfort Park Dr";"Jul 3, 2026, 18:00:00";"0";"103.16";"17.57"
"Belfort Park Dr";"Jul 3, 2026, 17:00:00";"0";"107.83";"15.76"
"Belfort Park Dr";"Jul 3, 2026, 16:00:00";"0";"107.34";"15"
"Belfort Park Dr";"Jul 3, 2026, 15:00:00";"0";"108.3";"14.96"
"Belfort Park Dr";"Jul 3, 2026, 14:00:00";"0";"122.13";"15.6"
"Belfort Park Dr";"Jul 3, 2026, 13:00:00";"0";"131.82";"15.92"
"Belfort Park Dr";"Jul 3, 2026, 12:00:00";"0";"135.26";"17.78"
"Belfort Park Dr";"Jul 3, 2026, 11:00:00";"0";"144.81";"20.16"
"Belfort Park Dr";"Jul 3, 2026, 10:00:00";"0";"146.96";"21.01"
"Belfort Park Dr";"Jul 3, 2026, 09:00:00";"0";"137.51";"20.29"
"Belfort Park Dr";"Jul 3, 2026, 08:00:00";"0.05";"116.83";"20.24"
"Belfort Park Dr";"Jul 3, 2026, 07:00:00";"0.38";"105.48";"20.85"
"Belfort Park Dr";"Jul 3, 2026, 06:00:00";"0.62";"99.3";"21.22"
"Belfort Park Dr";"Jul 3, 2026, 05:00:00";"2.1";"95.73";"19.56"
"Belfort Park Dr";"Jul 3, 2026, 04:00:00";"0";"93.91";"18.82"
"Belfort Park Dr";"Jul 3, 2026, 03:00:00";"0.06";"95.89";"17.13"
"Belfort Park Dr";"Jul 3, 2026, 02:00:00";"0";"99.65";"17.94"
"Belfort Park Dr";"Jul 3, 2026, 01:00:00";"0.15";"104.83";"18.28"
"Belfort Park Dr";"Jul 3, 2026, 00:00:00";"0.1";"116.88";"18.76"
"Belfort Park Dr";"Jul 2, 2026, 23:00:00";"0";"119.73";"19.1"
"Belfort Park Dr";"Jul 2, 2026, 22:00:00";"0.17";"108.47";"20.45"
"Belfort Park Dr";"Jul 2, 2026, 21:00:00";"0";"106.79";"21.84"
"Belfort Park Dr";"Jul 2, 2026, 20:00:00";"0";"105.91";"22.24"
"Belfort Park Dr";"Jul 2, 2026, 19:00:00";"0";"102.85";"23.09"
"Belfort Park Dr";"Jul 2, 2026, 18:00:00";"0";"110.27";"22.02"
"Belfort Park Dr";"Jul 2, 2026, 17:00:00";"0";"116.02";"21.52"
"Belfort Park Dr";"Jul 2, 2026, 16:00:00";"0";"121.43";"21.19"
"Belfort Park Dr";"Jul 2, 2026, 15:00:00";"0";"130.84";"22.06"
"Belfort Park Dr";"Jul 2, 2026, 14:00:00";"0";"147.45";"23.39"
"Belfort Park Dr";"Jul 2, 2026, 13:00:00";"0";"156.23";"23.72"
"Belfort Park Dr";"Jul 2, 2026, 12:00:00";"0";"156.61";"25.47"
"Belfort Park Dr";"Jul 2, 2026, 11:00:00";"0";"159.21";"25.16"
"Belfort Park Dr";"Jul 2, 2026, 10:00:00";"0";"160.97";"23.54"
"Belfort Park Dr";"Jul 2, 2026, 09:00:00";"0.13";"156.81";"20.62"
"Belfort Park Dr";"Jul 2, 2026, 08:00:00";"1.3";"130.31";"19.15"
"Belfort Park Dr";"Jul 2, 2026, 07:00:00";"7.2";"118.51";"21.19"
"Belfort Park Dr";"Jul 2, 2026, 06:00:00";"11.64";"114.84";"20.47"
"Belfort Park Dr";"Jul 2, 2026, 05:00:00";"4.13";"115.79";"18.36"
"Belfort Park Dr";"Jul 2, 2026, 04:00:00";"0.75";"119.26";"18"
"Belfort Park Dr";"Jul 2, 2026, 03:00:00";"0.86";"136.13";"17.74"
"Belfort Park Dr";"Jul 2, 2026, 02:00:00";"1.81";"144.55";"17.72"
"Belfort Park Dr";"Jul 2, 2026, 01:00:00";"8.11";"144.21";"18.19"
"Belfort Park Dr";"Jul 2, 2026, 00:00:00";"9.14";"142.56";"18.25"
"Belfort Park Dr";"Jul 1, 2026, 23:00:00";"1.06";"133.33";"19.16"
"Belfort Park Dr";"Jul 1, 2026, 22:00:00";"0";"129.21";"21.18"
"Belfort Park Dr";"Jul 1, 2026, 21:00:00";"0";"124.97";"22.68"
"Belfort Park Dr";"Jul 1, 2026, 20:00:00";"0";"117.9";"23.12"
"Belfort Park Dr";"Jul 1, 2026, 19:00:00";"0";"114.16";"21.62"
"Belfort Park Dr";"Jul 1, 2026, 18:00:00";"0";"137.56";"22.64"
"Belfort Park Dr";"Jul 1, 2026, 17:00:00";"0";"147.7";"21.43"
"Belfort Park Dr";"Jul 1, 2026, 16:00:00";"0";"140.78";"21.72"
"Belfort Park Dr";"Jul 1, 2026, 15:00:00";"0";"141.38";"20.7"
"Belfort Park Dr";"Jul 1, 2026, 14:00:00";"0";"149.2";"19.57"
"Belfort Park Dr";"Jul 1, 2026, 13:00:00";"0";"151.13";"19.33"
"Belfort Park Dr";"Jul 1, 2026, 12:00:00";"0";"152.65";"17.61"
"Belfort Park Dr";"Jul 1, 2026, 11:00:00";"0.07";"136.32";"13.89"
"Belfort Park Dr";"Jul 1, 2026, 10:00:00";"6.36";"111.98";"10.68"
"Belfort Park Dr";"Jul 1, 2026, 09:00:00";"6.46";"87.29";"8.29"
"Belfort Park Dr";"Jul 1, 2026, 08:00:00";"9.12";"74.49";"7.68"
"Belfort Park Dr";"Jul 1, 2026, 07:00:00";"10.4";"69.85";"6.7"
"Belfort Park Dr";"Jul 1, 2026, 06:00:00";"8.41";"67.67";"6.11"
"Belfort Park Dr";"Jul 1, 2026, 05:00:00";"6.25";"62.36";"6.46"
"Belfort Park Dr";"Jul 1, 2026, 04:00:00";"3.29";"60.88";"5.53"
"Belfort Park Dr";"Jul 1, 2026, 03:00:00";"3.34";"64.42";"5.74"
"Belfort Park Dr";"Jul 1, 2026, 02:00:00";"3.09";"61.03";"5.42"
"Belfort Park Dr";"Jul 1, 2026, 01:00:00";"2.5";"59.64";"4.94"
"Belfort Park Dr";"Jul 1, 2026, 00:00:00";"3.1";"59.82";"5.33"
"Belfort Park Dr";"Jun 30, 2026, 23:00:00";"2.34";"63.41";"5.03"
"Belfort Park Dr";"Jun 30, 2026, 22:00:00";"1.53";"65.23";"5.43"
"Belfort Park Dr";"Jun 30, 2026, 21:00:00";"0.31";"70.78";"6.13"
"Belfort Park Dr";"Jun 30, 2026, 20:00:00";"0.02";"83.02";"7.85"
"Belfort Park Dr";"Jun 30, 2026, 19:00:00";"0.45";"91.44";"8.87"
"Belfort Park Dr";"Jun 30, 2026, 18:00:00";"0.03";"96.48";"9.32"
"Belfort Park Dr";"Jun 30, 2026, 17:00:00";"0";"100.97";"9.56"
"Belfort Park Dr";"Jun 30, 2026, 16:00:00";"0";"102.99";"9.42"
"Belfort Park Dr";"Jun 30, 2026, 15:00:00";"0.06";"102.52";"9.11"
"Belfort Park Dr";"Jun 30, 2026, 14:00:00";"0";"101.8";"9.25"
"Belfort Park Dr";"Jun 30, 2026, 13:00:00";"0";"105.54";"8.82"
"Belfort Park Dr";"Jun 30, 2026, 12:00:00";"0";"116.55";"9.09"
"Belfort Park Dr";"Jun 30, 2026, 11:00:00";"0";"118.89";"9.58"
"Belfort Park Dr";"Jun 30, 2026, 10:00:00";"4.69";"124.8";"10.07"
"Belfort Park Dr";"Jun 30, 2026, 09:00:00";"9.14";"114.38";"9.94"
"Belfort Park Dr";"Jun 30, 2026, 08:00:00";"12.88";"105.9";"10.33"
"Belfort Park Dr";"Jun 30, 2026, 07:00:00";"15.28";"102.06";"10.63"
"Belfort Park Dr";"Jun 30, 2026, 06:00:00";"11.66";"97";"10.03"
"Belfort Park Dr";"Jun 30, 2026, 05:00:00";"7.72";"90.11";"9.93"
"Belfort Park Dr";"Jun 30, 2026, 04:00:00";"5.49";"86.94";"9.31"
"Belfort Park Dr";"Jun 30, 2026, 03:00:00";"6.83";"86.72";"9.02"
"Belfort Park Dr";"Jun 30, 2026, 02:00:00";"4.16";"78.64";"8.77"
"Belfort Park Dr";"Jun 30, 2026, 01:00:00";"2.99";"75.28";"8.33"
"Belfort Park Dr";"Jun 30, 2026, 00:00:00";"3.59";"76.72";"8.44"
"Belfort Park Dr";"Jun 29, 2026, 23:00:00";"3.72";"71.77";"7.36"
"Belfort Park Dr";"Jun 29, 2026, 22:00:00";"2.83";"70.5";"7.12"
"Belfort Park Dr";"Jun 29, 2026, 21:00:00";"1.16";"77.45";"8.25"
"Belfort Park Dr";"Jun 29, 2026, 20:00:00";"1.74";"93.88";"10.67"
"Belfort Park Dr";"Jun 29, 2026, 19:00:00";"0.98";"91.95";"11.92"
"Belfort Park Dr";"Jun 29, 2026, 18:00:00";"0.04";"108.35";"17.72"
"Belfort Park Dr";"Jun 29, 2026, 17:00:00";"0.08";"116.21";"12.97"
"Belfort Park Dr";"Jun 29, 2026, 16:00:00";"0.32";"120.47";"9.68"
"Belfort Park Dr";"Jun 29, 2026, 15:00:00";"0";"129.6";"9.49"
"Belfort Park Dr";"Jun 29, 2026, 14:00:00";"0";"140.38";"9.03"
"Belfort Park Dr";"Jun 29, 2026, 13:00:00";"0";"153.31";"8.81"
"Belfort Park Dr";"Jun 29, 2026, 12:00:00";"0";"159.4";"10.3"
"Belfort Park Dr";"Jun 29, 2026, 11:00:00";"0.47";"151.04";"10.2"
"Belfort Park Dr";"Jun 29, 2026, 10:00:00";"2.19";"143.2";"11.41"
"Belfort Park Dr";"Jun 29, 2026, 09:00:00";"3.46";"141.59";"13.47"
"Belfort Park Dr";"Jun 29, 2026, 08:00:00";"6.1";"140.81";"15.92"
"Belfort Park Dr";"Jun 29, 2026, 07:00:00";"5.44";"132";"15.72"
"Belfort Park Dr";"Jun 29, 2026, 06:00:00";"2.38";"123.99";"19.64"
"Belfort Park Dr";"Jun 29, 2026, 05:00:00";"1.09";"124.36";"18.24"
"Belfort Park Dr";"Jun 29, 2026, 04:00:00";"1.56";"125.64";"18.23"
"Belfort Park Dr";"Jun 29, 2026, 03:00:00";"1.63";"132.63";"14.7"
"Belfort Park Dr";"Jun 29, 2026, 02:00:00";"1.6";"132.06";"11.97"
"Belfort Park Dr";"Jun 29, 2026, 01:00:00";"2.45";"124.47";"11.28"
"Belfort Park Dr";"Jun 29, 2026, 00:00:00";"4.15";"126.22";"13.39"
"Belfort Park Dr";"Jun 28, 2026, 23:00:00";"3.74";"126.94";"12.55"
"Belfort Park Dr";"Jun 28, 2026, 22:00:00";"3.71";"126.35";"12.22"
"Belfort Park Dr";"Jun 28, 2026, 21:00:00";"1.6";"125.71";"6.09"
"Belfort Park Dr";"Jun 28, 2026, 20:00:00";"0.29";"127.56";"4.6"
"Belfort Park Dr";"Jun 28, 2026, 19:00:00";"0.49";"132.18";"3.94"
"Belfort Park Dr";"Jun 28, 2026, 18:00:00";"1.23";"132.85";"3.83"
"Belfort Park Dr";"Jun 28, 2026, 17:00:00";"2.14";"131.35";"6.42"
"Belfort Park Dr";"Jun 28, 2026, 16:00:00";"2.69";"130.47";"6.37"
"Belfort Park Dr";"Jun 28, 2026, 15:00:00";"2.04";"129.15";"5.6"
"Belfort Park Dr";"Jun 28, 2026, 14:00:00";"2.48";"129.72";"5.63"
"Belfort Park Dr";"Jun 28, 2026, 13:00:00";"2.99";"126.82";"5.76"
"Belfort Park Dr";"Jun 28, 2026, 12:00:00";"3.36";"122.36";"6.92"
"Belfort Park Dr";"Jun 28, 2026, 11:00:00";"3.74";"116.51";"14.8"
"Belfort Park Dr";"Jun 28, 2026, 10:00:00";"3.3";"114.37";"0"
"Belfort Park Dr";"Jun 28, 2026, 09:00:00";"3.08";"111.81";"0"
"Belfort Park Dr";"Jun 28, 2026, 08:00:00";"2.7";"112.79";"0"
"Belfort Park Dr";"Jun 28, 2026, 07:00:00";"2.34";"111.27";"0"
"Belfort Park Dr";"Jun 28, 2026, 06:00:00";"2.27";"111.13";"0"
"Belfort Park Dr";"Jun 28, 2026, 05:00:00";"2.61";"110.03";"0"
"Belfort Park Dr";"Jun 28, 2026, 04:00:00";"2.43";"110.66";"0"
"Belfort Park Dr";"Jun 28, 2026, 03:00:00";"2.54";"108.78";"0"
"Belfort Park Dr";"Jun 28, 2026, 02:00:00";"2.48";"107.95";"0"
"Belfort Park Dr";"Jun 28, 2026, 01:00:00";"3.5";"105.2";"0"
"Belfort Park Dr";"Jun 28, 2026, 00:00:00";"3.64";"101.79";"0"
"Belfort Park Dr";"Jun 27, 2026, 23:00:00";"3.85";"96.62";"29.61"
"Belfort Park Dr";"Jun 27, 2026, 22:00:00";"4.09";"93.02";"20.88"
"Belfort Park Dr";"Jun 27, 2026, 21:00:00";"1.81";"95.67";"11.44"
"Belfort Park Dr";"Jun 27, 2026, 20:00:00";"0.49";"95.36";"6.56"
"Belfort Park Dr";"Jun 27, 2026, 19:00:00";"0.48";"101.26";"8.03"
"Belfort Park Dr";"Jun 27, 2026, 18:00:00";"0.52";"102.71";"6.35"
"Belfort Park Dr";"Jun 27, 2026, 17:00:00";"0.28";"102.27";"6.97"
"Belfort Park Dr";"Jun 27, 2026, 16:00:00";"0.13";"102.89";"7.46"
"Belfort Park Dr";"Jun 27, 2026, 15:00:00";"0.12";"106.95";"8.19"
"Belfort Park Dr";"Jun 27, 2026, 14:00:00";"0.01";"112.17";"8.26"
"Belfort Park Dr";"Jun 27, 2026, 13:00:00";"0.34";"108.4";"6.39"
"Belfort Park Dr";"Jun 27, 2026, 12:00:00";"0.1";"108.84";"6.37"
"Belfort Park Dr";"Jun 27, 2026, 11:00:00";"2.47";"107.42";"6.57"
"Belfort Park Dr";"Jun 27, 2026, 10:00:00";"5.51";"105.03";"9.44"
"Belfort Park Dr";"Jun 27, 2026, 09:00:00";"4.01";"106.44";"12.36"
"Belfort Park Dr";"Jun 27, 2026, 08:00:00";"3.84";"100.53";"17.08"
"Belfort Park Dr";"Jun 27, 2026, 07:00:00";"4.6";"90.82";"13.81"
"Belfort Park Dr";"Jun 27, 2026, 06:00:00";"7.03";"77.66";"8.29"
"Belfort Park Dr";"Jun 27, 2026, 05:00:00";"3.92";"78.14";"6.59"
"Belfort Park Dr";"Jun 27, 2026, 04:00:00";"2.91";"76.42";"6.38"
"Belfort Park Dr";"Jun 27, 2026, 03:00:00";"2.62";"74.03";"6.16"
"Belfort Park Dr";"Jun 27, 2026, 02:00:00";"2.64";"71.9";"5.86"
"Belfort Park Dr";"Jun 27, 2026, 01:00:00";"5.36";"73.1";"6.45"
"Belfort Park Dr";"Jun 27, 2026, 00:00:00";"8.78";"74.33";"7.89"
"Belfort Park Dr";"Jun 26, 2026, 23:00:00";"10.52";"83.85";"10.25"
"Belfort Park Dr";"Jun 26, 2026, 22:00:00";"15.17";"80.48";"8.28"
"Belfort Park Dr";"Jun 26, 2026, 21:00:00";"11.58";"67.21";"6.55"
"Belfort Park Dr";"Jun 26, 2026, 20:00:00";"16.63";"73.6";"6.71"
"Belfort Park Dr";"Jun 26, 2026, 19:00:00";"14.32";"67.56";"7.62"
"Belfort Park Dr";"Jun 26, 2026, 18:00:00";"5.75";"73.25";"5.02"
"Belfort Park Dr";"Jun 26, 2026, 17:00:00";"3.15";"61.9";"4.45"
"Belfort Park Dr";"Jun 26, 2026, 16:00:00";"1.1";"68.71";"4.58"
"Belfort Park Dr";"Jun 26, 2026, 15:00:00";"0";"66.61";"4.36"
"Belfort Park Dr";"Jun 26, 2026, 14:00:00";"0.14";"73.68";"4.78"
"Belfort Park Dr";"Jun 26, 2026, 13:00:00";"0";"72.71";"4.16"
"Belfort Park Dr";"Jun 26, 2026, 12:00:00";"0.02";"64.5";"4.27"
"Belfort Park Dr";"Jun 26, 2026, 11:00:00";"3.79";"58.23";"5.24"
"Belfort Park Dr";"Jun 26, 2026, 10:00:00";"15.28";"52.16";"6.26"
"Belfort Park Dr";"Jun 26, 2026, 09:00:00";"15.3";"47.64";"6.44"
"Belfort Park Dr";"Jun 26, 2026, 08:00:00";"16.69";"45.46";"5.75"
"Belfort Park Dr";"Jun 26, 2026, 07:00:00";"8.06";"41.51";"5.13"
"Belfort Park Dr";"Jun 26, 2026, 06:00:00";"7.11";"40.08";"5.32"
"Belfort Park Dr";"Jun 26, 2026, 05:00:00";"5.3";"35.3";"5.28"
"Belfort Park Dr";"Jun 26, 2026, 04:00:00";"3.45";"32.28";"4.93"
"Belfort Park Dr";"Jun 26, 2026, 03:00:00";"3.81";"31.05";"4.49"
"Belfort Park Dr";"Jun 26, 2026, 02:00:00";"4.48";"29.82";"4.62"
"Belfort Park Dr";"Jun 26, 2026, 01:00:00";"4.89";"27.69";"4.69"
"Belfort Park Dr";"Jun 26, 2026, 00:00:00";"3.6";"28.61";"4.37"
"Belfort Park Dr";"Jun 25, 2026, 23:00:00";"2.65";"27.78";"4.33"
"Belfort Park Dr";"Jun 25, 2026, 22:00:00";"2.5";"29.72";"3.96"
"Belfort Park Dr";"Jun 25, 2026, 21:00:00";"2.33";"32.01";"3.72"
"Belfort Park Dr";"Jun 25, 2026, 20:00:00";"1.25";"31.71";"3.3"
"Belfort Park Dr";"Jun 25, 2026, 19:00:00";"1.05";"33.12";"3.44"
"Belfort Park Dr";"Jun 25, 2026, 18:00:00";"1.46";"34.53";"3.14"
"Belfort Park Dr";"Jun 25, 2026, 17:00:00";"0.37";"38.42";"2.98"
"Belfort Park Dr";"Jun 25, 2026, 16:00:00";"0.3";"37.57";"3"
"Belfort Park Dr";"Jun 25, 2026, 15:00:00";"1.19";"40.45";"3.26"
"Belfort Park Dr";"Jun 25, 2026, 14:00:00";"0.32";"42.47";"3.53"
"Belfort Park Dr";"Jun 25, 2026, 13:00:00";"0.51";"39.9";"3.49"
"Belfort Park Dr";"Jun 25, 2026, 12:00:00";"0.25";"37.99";"3.49"
"Belfort Park Dr";"Jun 25, 2026, 11:00:00";"1.7";"34.9";"3.8"
"Belfort Park Dr";"Jun 25, 2026, 10:00:00";"8.1";"36.56";"3.76"
"Belfort Park Dr";"Jun 25, 2026, 09:00:00";"11.07";"40.24";"3.7"
"Belfort Park Dr";"Jun 25, 2026, 08:00:00";"16.33";"43.2";"3.37"
"Belfort Park Dr";"Jun 25, 2026, 07:00:00";"17.84";"42.2";"3.18"
"Belfort Park Dr";"Jun 25, 2026, 06:00:00";"14.92";"44.8";"2.93"
"Belfort Park Dr";"Jun 25, 2026, 05:00:00";"9.95";"42.24";"3.04"
"Belfort Park Dr";"Jun 25, 2026, 04:00:00";"9.59";"42.92";"2.99"
"Belfort Park Dr";"Jun 25, 2026, 03:00:00";"10.18";"41.06";"2.64"
"Belfort Park Dr";"Jun 25, 2026, 02:00:00";"11.63";"33.41";"2.65"
"Belfort Park Dr";"Jun 25, 2026, 01:00:00";"9.06";"28.56";"2.06"
"Belfort Park Dr";"Jun 25, 2026, 00:00:00";"8.41";"36.81";"3.65"
"Belfort Park Dr";"Jun 24, 2026, 23:00:00";"6.29";"32.33";"3.44"
"Belfort Park Dr";"Jun 24, 2026, 22:00:00";"5.88";"27.53";"2.4"
"Belfort Park Dr";"Jun 24, 2026, 21:00:00";"2.76";"21.08";"1.54"
"Belfort Park Dr";"Jun 24, 2026, 20:00:00";"1.45";"20.46";"1.48"
"Belfort Park Dr";"Jun 24, 2026, 19:00:00";"2.5";"23.08";"1.4"
"Belfort Park Dr";"Jun 24, 2026, 18:00:00";"1.79";"31.06";"1.55"
"Belfort Park Dr";"Jun 24, 2026, 17:00:00";"0.43";"37.6";"1.54"
"Belfort Park Dr";"Jun 24, 2026, 16:00:00";"0.05";"39.1";"1.42"
"Belfort Park Dr";"Jun 24, 2026, 15:00:00";"0.14";"39.86";"1.5"
"Belfort Park Dr";"Jun 24, 2026, 14:00:00";"0.41";"41.79";"1.41"
"Belfort Park Dr";"Jun 24, 2026, 13:00:00";"0";"44.18";"1.62"
"Belfort Park Dr";"Jun 24, 2026, 12:00:00";"0";"44.44";"1.75"
"Belfort Park Dr";"Jun 24, 2026, 11:00:00";"0.2";"41.37";"2.19"
"Belfort Park Dr";"Jun 24, 2026, 10:00:00";"3.43";"39.03";"2.13"
"Belfort Park Dr";"Jun 24, 2026, 09:00:00";"5.49";"43.43";"1.89"
"Belfort Park Dr";"Jun 24, 2026, 08:00:00";"7.75";"42.7";"1.86"
"Belfort Park Dr";"Jun 24, 2026, 07:00:00";"6.96";"38.88";"2.19"
"Belfort Park Dr";"Jun 24, 2026, 06:00:00";"5.22";"37.81";"1.84"
"Belfort Park Dr";"Jun 24, 2026, 05:00:00";"2.73";"38.09";"1.7"
"Belfort Park Dr";"Jun 24, 2026, 04:00:00";"1.78";"41.84";"1.75"
"Belfort Park Dr";"Jun 24, 2026, 03:00:00";"1.54";"45.45";"1.48"
"Belfort Park Dr";"Jun 24, 2026, 02:00:00";"2.56";"48.47";"1.55"
"Belfort Park Dr";"Jun 24, 2026, 01:00:00";"3.48";"52.28";"1.49"
"Belfort Park Dr";"Jun 24, 2026, 00:00:00";"5.38";"61.16";"1.88"
"Belfort Park Dr";"Jun 23, 2026, 23:00:00";"7.93";"69.44";"3.04"
"Belfort Park Dr";"Jun 23, 2026, 22:00:00";"8.33";"64.46";"3.66"
"Belfort Park Dr";"Jun 23, 2026, 21:00:00";"5.81";"58.44";"1.3"
"Belfort Park Dr";"Jun 23, 2026, 20:00:00";"2.14";"57.44";"0.99"
"Belfort Park Dr";"Jun 23, 2026, 19:00:00";"2.86";"57.47";"0.91"
"Belfort Park Dr";"Jun 23, 2026, 18:00:00";"2.67";"61.88";"1.06"
"Belfort Park Dr";"Jun 23, 2026, 17:00:00";"3.53";"69.34";"1.04"
"Belfort Park Dr";"Jun 23, 2026, 16:00:00";"5.32";"71.68";"2.36"
"Belfort Park Dr";"Jun 23, 2026, 15:00:00";"4.44";"67.18";"4.28"
"Belfort Park Dr";"Jun 23, 2026, 14:00:00";"4.15";"69.7";"3.69"
"Belfort Park Dr";"Jun 23, 2026, 13:00:00";"4.09";"74.65";"2.78"
"Belfort Park Dr";"Jun 23, 2026, 12:00:00";"4.3";"76.4";"5.55"
"Belfort Park Dr";"Jun 23, 2026, 11:00:00";"4.61";"79.48";"13.44"
"Belfort Park Dr";"Jun 23, 2026, 10:00:00";"5.29";"77.25";"13.23"
"Belfort Park Dr";"Jun 23, 2026, 09:00:00";"5.82";"75.11";"7.44"
"Belfort Park Dr";"Jun 23, 2026, 08:00:00";"7.36";"76.75";"4.34"
"Belfort Park Dr";"Jun 23, 2026, 07:00:00";"4.67";"76.12";"3.93"
"Belfort Park Dr";"Jun 23, 2026, 06:00:00";"3.79";"80.27";"4.65"
"Belfort Park Dr";"Jun 23, 2026, 05:00:00";"3.03";"80.05";"4.68"
"Belfort Park Dr";"Jun 23, 2026, 04:00:00";"2.83";"75.85";"4.02"
"Belfort Park Dr";"Jun 23, 2026, 03:00:00";"3.83";"73.44";"2.74"
"Belfort Park Dr";"Jun 23, 2026, 02:00:00";"4.41";"66.95";"3"
"Belfort Park Dr";"Jun 23, 2026, 01:00:00";"4.3";"64.46";"2.85"
"Belfort Park Dr";"Jun 23, 2026, 00:00:00";"4.06";"62.86";"2.5"
"Belfort Park Dr";"Jun 22, 2026, 23:00:00";"5.44";"61.86";"3.37"
"Belfort Park Dr";"Jun 22, 2026, 22:00:00";"11.43";"64.8";"4.26"
"Belfort Park Dr";"Jun 22, 2026, 21:00:00";"10.45";"61.11";"4.85"
"Belfort Park Dr";"Jun 22, 2026, 20:00:00";"12.65";"60.03";"10.04"
"Belfort Park Dr";"Jun 22, 2026, 19:00:00";"2.54";"52.21";"9.58"
"Belfort Park Dr";"Jun 22, 2026, 18:00:00";"0.81";"62.25";"7.54"
"Belfort Park Dr";"Jun 22, 2026, 17:00:00";"1.02";"60.11";"7.38"
"Belfort Park Dr";"Jun 22, 2026, 16:00:00";"0.2";"54.22";"7.17"
"Belfort Park Dr";"Jun 22, 2026, 15:00:00";"0";"54.63";"6.24"
"Belfort Park Dr";"Jun 22, 2026, 14:00:00";"0.33";"52.42";"6.95"
"Belfort Park Dr";"Jun 22, 2026, 13:00:00";"2.32";"42.76";"7.47"
"Belfort Park Dr";"Jun 22, 2026, 12:00:00";"2.62";"41.45";"7.17"
"Belfort Park Dr";"Jun 22, 2026, 11:00:00";"2.82";"43.14";"6.97"
"Belfort Park Dr";"Jun 22, 2026, 10:00:00";"4.54";"42.55";"5.74"
"Belfort Park Dr";"Jun 22, 2026, 09:00:00";"8.97";"33.06";"4.27"
"Belfort Park Dr";"Jun 22, 2026, 08:00:00";"11.76";"36.64";"4.47"
"Belfort Park Dr";"Jun 22, 2026, 07:00:00";"8.16";"34.12";"4.01"
"Belfort Park Dr";"Jun 22, 2026, 06:00:00";"5.19";"31.65";"4.06"
"Belfort Park Dr";"Jun 22, 2026, 05:00:00";"4.17";"30.32";"4.87"
"Belfort Park Dr";"Jun 22, 2026, 04:00:00";"3.84";"25.49";"4.01"
"Belfort Park Dr";"Jun 22, 2026, 03:00:00";"3.27";"16.7";"3.45"
"Belfort Park Dr";"Jun 22, 2026, 02:00:00";"4";"15.73";"3.44"
"Belfort Park Dr";"Jun 22, 2026, 01:00:00";"2.9";"18.09";"3.13"
"Belfort Park Dr";"Jun 22, 2026, 00:00:00";"3.87";"22.69";"4.4"
"Belfort Park Dr";"Jun 21, 2026, 23:00:00";"5.08";"21.11";"5.08"
"Belfort Park Dr";"Jun 21, 2026, 22:00:00";"3.4";"15.21";"3.61"
"Belfort Park Dr";"Jun 21, 2026, 21:00:00";"2.06";"13.37";"2.41"
"Belfort Park Dr";"Jun 21, 2026, 20:00:00";"0.68";"12.74";"2.17"
"Belfort Park Dr";"Jun 21, 2026, 19:00:00";"0.39";"15.38";"2.02"
"Belfort Park Dr";"Jun 21, 2026, 18:00:00";"1.22";"19.04";"1.93"
"Belfort Park Dr";"Jun 21, 2026, 17:00:00";"0.07";"20.75";"1.97"
"Belfort Park Dr";"Jun 21, 2026, 16:00:00";"0";"22.69";"2.04"
"Belfort Park Dr";"Jun 21, 2026, 15:00:00";"0";"19.29";"2.1"
"Belfort Park Dr";"Jun 21, 2026, 14:00:00";"0.18";"20.74";"1.95"
"Belfort Park Dr";"Jun 21, 2026, 13:00:00";"0.06";"25.56";"1.86"
"Belfort Park Dr";"Jun 21, 2026, 12:00:00";"0.01";"26.81";"2.31"
"Belfort Park Dr";"Jun 21, 2026, 11:00:00";"0.21";"25.57";"4.01"
"Belfort Park Dr";"Jun 21, 2026, 10:00:00";"0.51";"25.54";"3.19"
"Belfort Park Dr";"Jun 21, 2026, 09:00:00";"2.03";"19.44";"1.8"
"Belfort Park Dr";"Jun 21, 2026, 08:00:00";"2.57";"20.18";"1.56"
"Belfort Park Dr";"Jun 21, 2026, 07:00:00";"2.49";"21.18";"1.79"
"Belfort Park Dr";"Jun 21, 2026, 06:00:00";"1.9";"18.13";"1.88"
"Belfort Park Dr";"Jun 21, 2026, 05:00:00";"1.32";"15.13";"1.63"
"Belfort Park Dr";"Jun 21, 2026, 04:00:00";"1.84";"12.57";"1.68"
"Belfort Park Dr";"Jun 21, 2026, 03:00:00";"1.88";"10.21";"1.5"
"Belfort Park Dr";"Jun 21, 2026, 02:00:00";"3.22";"10.05";"1.6"
"Belfort Park Dr";"Jun 21, 2026, 01:00:00";"4.67";"9.21";"1.51"
"Belfort Park Dr";"Jun 21, 2026, 00:00:00";"0.93";"9.14";"1.65"
"Belfort Park Dr";"Jun 20, 2026, 23:00:00";"1.22";"9.66";"1.6"
"Belfort Park Dr";"Jun 20, 2026, 22:00:00";"0.18";"9.11";"1.28"
"Belfort Park Dr";"Jun 20, 2026, 21:00:00";"0.64";"10.29";"1.31"
"Belfort Park Dr";"Jun 20, 2026, 20:00:00";"0.17";"12.27";"1.04"
"Belfort Park Dr";"Jun 20, 2026, 19:00:00";"1.29";"14.37";"0.98"
"Belfort Park Dr";"Jun 20, 2026, 18:00:00";"1.19";"16.95";"1.05"
"Belfort Park Dr";"Jun 20, 2026, 17:00:00";"0.47";"19.91";"1.1"
"Belfort Park Dr";"Jun 20, 2026, 16:00:00";"0.05";"23.84";"1.37"
"Belfort Park Dr";"Jun 20, 2026, 15:00:00";"0.27";"23.79";"0.92"
"Belfort Park Dr";"Jun 20, 2026, 14:00:00";"0.1";"23.54";"1.34"
"Belfort Park Dr";"Jun 20, 2026, 13:00:00";"0.17";"24.85";"1.12"
"Belfort Park Dr";"Jun 20, 2026, 12:00:00";"0.07";"24.78";"1.14"
"Belfort Park Dr";"Jun 20, 2026, 11:00:00";"0.59";"23.31";"1.42"
"Belfort Park Dr";"Jun 20, 2026, 10:00:00";"0.68";"18.6";"1.5"
"Belfort Park Dr";"Jun 20, 2026, 09:00:00";"2.96";"15.34";"1.58"
"Belfort Park Dr";"Jun 20, 2026, 08:00:00";"5.22";"19.01";"1.76"
"Belfort Park Dr";"Jun 20, 2026, 05:00:00";"2.73";"17.7";"1.69"
"Belfort Park Dr";"Jun 20, 2026, 04:00:00";"2.46";"17.54";"1.61"
"Belfort Park Dr";"Jun 20, 2026, 03:00:00";"2.47";"16.21";"1.59"
"Belfort Park Dr";"Jun 20, 2026, 02:00:00";"4.29";"15.03";"1.78"
"Belfort Park Dr";"Jun 20, 2026, 01:00:00";"5.34";"14.05";"1.79"
"Belfort Park Dr";"Jun 20, 2026, 00:00:00";"2.86";"12.85";"1.69"
"Belfort Park Dr";"Jun 19, 2026, 23:00:00";"1.93";"11.12";"1.44"
"Belfort Park Dr";"Jun 19, 2026, 22:00:00";"6.69";"10.01";"1.27"
"Belfort Park Dr";"Jun 19, 2026, 21:00:00";"3.05";"10.02";"1.4"
"Belfort Park Dr";"Jun 19, 2026, 20:00:00";"1.83";"11.97";"1.53"
"Belfort Park Dr";"Jun 19, 2026, 19:00:00";"1.8";"18.07";"1.39"
"Belfort Park Dr";"Jun 19, 2026, 18:00:00";"1.93";"22.01";"1.29"
"Belfort Park Dr";"Jun 19, 2026, 17:00:00";"0.39";"26.79";"1.36"
"Belfort Park Dr";"Jun 19, 2026, 16:00:00";"1.29";"26.57";"1.71"
"Belfort Park Dr";"Jun 19, 2026, 15:00:00";"0.87";"30.17";"1.38"
"Belfort Park Dr";"Jun 19, 2026, 14:00:00";"0.2";"30.79";"1.43"
"Belfort Park Dr";"Jun 19, 2026, 13:00:00";"0.21";"30.09";"2.8"
"Belfort Park Dr";"Jun 19, 2026, 12:00:00";"1.1";"23.74";"1.94"
"Belfort Park Dr";"Jun 19, 2026, 11:00:00";"4.71";"20.25";"1.12"
"Belfort Park Dr";"Jun 19, 2026, 10:00:00";"5.21";"19.99";"1.42"
"Belfort Park Dr";"Jun 19, 2026, 09:00:00";"6.54";"23.05";"1.63"
"Belfort Park Dr";"Jun 19, 2026, 08:00:00";"6.15";"23.94";"2.08"
"Belfort Park Dr";"Jun 19, 2026, 07:00:00";"9.73";"22.76";"2.48"
"Belfort Park Dr";"Jun 19, 2026, 06:00:00";"3.97";"20.59";"2.45"
"Belfort Park Dr";"Jun 19, 2026, 05:00:00";"2.46";"18.69";"2.32"
"Belfort Park Dr";"Jun 19, 2026, 04:00:00";"1.3";"18.2";"1.89"
"Belfort Park Dr";"Jun 19, 2026, 03:00:00";"1.08";"17.38";"1.84"
"Belfort Park Dr";"Jun 19, 2026, 02:00:00";"1.73";"16.48";"1.6"
"Belfort Park Dr";"Jun 19, 2026, 01:00:00";"0.99";"17.47";"1.55"
"Belfort Park Dr";"Jun 19, 2026, 00:00:00";"1.26";"20.31";"1.62"
"Belfort Park Dr";"Jun 18, 2026, 23:00:00";"5.75";"22.11";"1.81"
"Belfort Park Dr";"Jun 18, 2026, 22:00:00";"3.3";"28.44";"2.25"
"Belfort Park Dr";"Jun 18, 2026, 21:00:00";"1.46";"32.08";"2.4"
"Belfort Park Dr";"Jun 18, 2026, 20:00:00";"2.16";"37.46";"2.29"
"Belfort Park Dr";"Jun 18, 2026, 19:00:00";"20";"42.5";"2.72"
"Belfort Park Dr";"Jun 18, 2026, 18:00:00";"0.01";"45.65";"2.68"
"Belfort Park Dr";"Jun 18, 2026, 17:00:00";"0.61";"49.4";"3.09"
"Belfort Park Dr";"Jun 18, 2026, 16:00:00";"1.83";"50.24";"3.53"
"Belfort Park Dr";"Jun 18, 2026, 15:00:00";"3.19";"54.56";"5.16"
"Belfort Park Dr";"Jun 18, 2026, 14:00:00";"0.84";"65.78";"6.57"
"Belfort Park Dr";"Jun 18, 2026, 13:00:00";"4.85";"60.3";"7.01"
"Belfort Park Dr";"Jun 18, 2026, 12:00:00";"10.44";"48.29";"6.07"
"Belfort Park Dr";"Jun 18, 2026, 11:00:00";"11.06";"44.93";"5.43"
"Belfort Park Dr";"Jun 18, 2026, 10:00:00";"13.22";"40.47";"4.99"
"Belfort Park Dr";"Jun 18, 2026, 09:00:00";"11.27";"39.27";"4.72"
"Belfort Park Dr";"Jun 18, 2026, 08:00:00";"12.16";"38.75";"6.48"
"Belfort Park Dr";"Jun 18, 2026, 07:00:00";"10.49";"35.94";"6.19"
"Belfort Park Dr";"Jun 18, 2026, 06:00:00";"7.87";"38.65";"7.53"
"Belfort Park Dr";"Jun 18, 2026, 05:00:00";"5.44";"38.66";"8.45"
"Belfort Park Dr";"Jun 18, 2026, 04:00:00";"3.98";"38.04";"9.21"
"Belfort Park Dr";"Jun 18, 2026, 03:00:00";"3.68";"34.92";"8.41"
"Belfort Park Dr";"Jun 18, 2026, 02:00:00";"3.6";"30.32";"7.88"
"Belfort Park Dr";"Jun 18, 2026, 01:00:00";"2.87";"30.45";"6.09"
"Belfort Park Dr";"Jun 18, 2026, 00:00:00";"2.61";"30.02";"4.88"
"Belfort Park Dr";"Jun 17, 2026, 23:00:00";"2.52";"26.86";"4.22"
"Belfort Park Dr";"Jun 17, 2026, 22:00:00";"1.94";"26.34";"3.65"
"Belfort Park Dr";"Jun 17, 2026, 21:00:00";"0.88";"26.09";"2.62"
"Belfort Park Dr";"Jun 17, 2026, 20:00:00";"2";"26.76";"2.41"
"Belfort Park Dr";"Jun 17, 2026, 19:00:00";"1.72";"27.19";"2.32"
"Belfort Park Dr";"Jun 17, 2026, 18:00:00";"3.16";"30.86";"2.71"
"Belfort Park Dr";"Jun 17, 2026, 17:00:00";"1.3";"31.43";"2.16"
"Belfort Park Dr";"Jun 17, 2026, 16:00:00";"0.4";"35.22";"2.66"
"Belfort Park Dr";"Jun 17, 2026, 15:00:00";"0.67";"35.99";"2.75"
"Belfort Park Dr";"Jun 17, 2026, 14:00:00";"0.26";"39.33";"2.14"
"Belfort Park Dr";"Jun 17, 2026, 13:00:00";"0.2";"41.31";"2.54"
"Belfort Park Dr";"Jun 17, 2026, 12:00:00";"0.01";"41.96";"2.88"
"Belfort Park Dr";"Jun 17, 2026, 11:00:00";"1.41";"43.02";"3.97"
"Belfort Park Dr";"Jun 17, 2026, 10:00:00";"7.46";"43.62";"4.38"
"Belfort Park Dr";"Jun 17, 2026, 09:00:00";"8.17";"43.51";"4.76"
"Belfort Park Dr";"Jun 17, 2026, 08:00:00";"12.66";"45.02";"4.19"
"Belfort Park Dr";"Jun 17, 2026, 07:00:00";"10.89";"43.09";"4.77"
"Belfort Park Dr";"Jun 17, 2026, 06:00:00";"9.43";"39.57";"4.43"
"Belfort Park Dr";"Jun 17, 2026, 05:00:00";"5.62";"36.83";"2.89"
"Belfort Park Dr";"Jun 17, 2026, 04:00:00";"5.31";"33.77";"2.55"
"Belfort Park Dr";"Jun 17, 2026, 03:00:00";"4.93";"28.95";"2.31"
"Belfort Park Dr";"Jun 17, 2026, 02:00:00";"3.86";"26.21";"1.72"
"Belfort Park Dr";"Jun 17, 2026, 01:00:00";"3.62";"21.86";"1.58"
"Belfort Park Dr";"Jun 17, 2026, 00:00:00";"3.6";"19.4";"1.88"
"Belfort Park Dr";"Jun 16, 2026, 23:00:00";"3.84";"17.41";"1.93"
"Belfort Park Dr";"Jun 16, 2026, 22:00:00";"3.62";"14.7";"1.6"
"Belfort Park Dr";"Jun 16, 2026, 21:00:00";"2.37";"11.83";"1.57"
"Belfort Park Dr";"Jun 16, 2026, 20:00:00";"2.95";"10.54";"1.22"
"Belfort Park Dr";"Jun 16, 2026, 19:00:00";"2.45";"9.2";"1.44"
"Belfort Park Dr";"Jun 16, 2026, 18:00:00";"1.78";"10.36";"1.61"
"Belfort Park Dr";"Jun 16, 2026, 17:00:00";"0.65";"11.79";"1.12"
"Belfort Park Dr";"Jun 16, 2026, 16:00:00";"0.24";"12.35";"1.57"
"Belfort Park Dr";"Jun 16, 2026, 15:00:00";"1.6";"11.2";"1.52"
"Belfort Park Dr";"Jun 16, 2026, 14:00:00";"0.47";"17.18";"1.34"
"Belfort Park Dr";"Jun 16, 2026, 13:00:00";"0.08";"18.58";"1.01"
"Belfort Park Dr";"Jun 16, 2026, 12:00:00";"0.09";"19.3";"0.97"
"Belfort Park Dr";"Jun 16, 2026, 11:00:00";"0.41";"17.39";"0.93"
"Belfort Park Dr";"Jun 16, 2026, 10:00:00";"1.83";"16.08";"1.31"
"Belfort Park Dr";"Jun 16, 2026, 09:00:00";"5.63";"24.52";"1.16"
"Belfort Park Dr";"Jun 16, 2026, 08:00:00";"10.46";"22.99";"1.35"
"Belfort Park Dr";"Jun 16, 2026, 07:00:00";"12.29";"20.44";"1.78"
"Belfort Park Dr";"Jun 16, 2026, 06:00:00";"8.03";"18.17";"1.44"
"Belfort Park Dr";"Jun 16, 2026, 05:00:00";"4.83";"16.79";"0.83"
"Belfort Park Dr";"Jun 16, 2026, 04:00:00";"3.36";"16.65";"0.9"
"Belfort Park Dr";"Jun 16, 2026, 03:00:00";"2.66";"16.62";"0.83"
"Belfort Park Dr";"Jun 16, 2026, 02:00:00";"2.67";"18.26";"1.11"
"Belfort Park Dr";"Jun 16, 2026, 01:00:00";"3.02";"20.1";"1.51"
"Belfort Park Dr";"Jun 16, 2026, 00:00:00";"2.68";"22.07";"2.12"
"Belfort Park Dr";"Jun 15, 2026, 23:00:00";"3.58";"21.63";"1.58"
"Belfort Park Dr";"Jun 15, 2026, 22:00:00";"3.39";"20.96";"2.33"
"Belfort Park Dr";"Jun 15, 2026, 21:00:00";"2.55";"17.78";"3.05"
"Belfort Park Dr";"Jun 15, 2026, 20:00:00";"2.31";"15.91";"3.45"
"Belfort Park Dr";"Jun 15, 2026, 19:00:00";"1.39";"14.82";"2.85"
"Belfort Park Dr";"Jun 15, 2026, 18:00:00";"1.5";"18.41";"2.87"
"Belfort Park Dr";"Jun 15, 2026, 17:00:00";"1.49";"18.64";"2.37"
"Belfort Park Dr";"Jun 15, 2026, 16:00:00";"0.73";"21.76";"1.84"
"Belfort Park Dr";"Jun 15, 2026, 15:00:00";"0.45";"26.45";"1.68"
"Belfort Park Dr";"Jun 15, 2026, 14:00:00";"0.61";"27.69";"1.97"
"Belfort Park Dr";"Jun 15, 2026, 13:00:00";"1.04";"25.3";"3.55"
"Belfort Park Dr";"Jun 15, 2026, 12:00:00";"0.76";"26.49";"3.82"
"Belfort Park Dr";"Jun 15, 2026, 11:00:00";"0.19";"28.48";"3.44"
"Belfort Park Dr";"Jun 15, 2026, 10:00:00";"0.49";"24.75";"3.77"
"Belfort Park Dr";"Jun 15, 2026, 09:00:00";"2.86";"30.57";"3.77"
"Belfort Park Dr";"Jun 15, 2026, 08:00:00";"3.84";"35.66";"3.08"
"Belfort Park Dr";"Jun 15, 2026, 07:00:00";"4.54";"35.6";"1.96"
"Belfort Park Dr";"Jun 15, 2026, 06:00:00";"2.34";"36.28";"1.02"
"Belfort Park Dr";"Jun 15, 2026, 05:00:00";"1.86";"37.39";"1.22"
"Belfort Park Dr";"Jun 15, 2026, 04:00:00";"0.72";"36.89";"1.15"
"Belfort Park Dr";"Jun 15, 2026, 03:00:00";"0.64";"42.03";"0.91"
"Belfort Park Dr";"Jun 15, 2026, 02:00:00";"0.89";"43.56";"0.82"
"Belfort Park Dr";"Jun 15, 2026, 01:00:00";"1.07";"53.8";"2.72"
"Belfort Park Dr";"Jun 15, 2026, 00:00:00";"6.77";"62.99";"6.36"
"Belfort Park Dr";"Jun 14, 2026, 23:00:00";"5.73";"60.29";"6.41"
"Belfort Park Dr";"Jun 14, 2026, 22:00:00";"2.07";"63.13";"6.69"
"Belfort Park Dr";"Jun 14, 2026, 21:00:00";"1.69";"76.03";"9.55"
"Belfort Park Dr";"Jun 14, 2026, 20:00:00";"1.78";"77.6";"10.24"
"Belfort Park Dr";"Jun 14, 2026, 19:00:00";"0.2";"72.28";"10.52"
"Belfort Park Dr";"Jun 14, 2026, 18:00:00";"0.02";"66.98";"8.82"
"Belfort Park Dr";"Jun 14, 2026, 17:00:00";"0";"69.09";"7.37"
"Belfort Park Dr";"Jun 14, 2026, 16:00:00";"0";"67.13";"7.95"
"Belfort Park Dr";"Jun 14, 2026, 15:00:00";"0.14";"63.15";"6.89"
"Belfort Park Dr";"Jun 14, 2026, 14:00:00";"0";"65.6";"6.85"
"Belfort Park Dr";"Jun 14, 2026, 13:00:00";"0";"67.63";"6.14"
"Belfort Park Dr";"Jun 14, 2026, 12:00:00";"0";"65.32";"5.29"
"Belfort Park Dr";"Jun 14, 2026, 11:00:00";"0.06";"77.97";"6.05"
"Belfort Park Dr";"Jun 14, 2026, 10:00:00";"2.14";"75.56";"6.86"
"Belfort Park Dr";"Jun 14, 2026, 09:00:00";"5.56";"63.99";"6.5"
"Belfort Park Dr";"Jun 14, 2026, 08:00:00";"6.42";"61.32";"5.75"
"Belfort Park Dr";"Jun 14, 2026, 07:00:00";"6.01";"58.07";"5.28"
"Belfort Park Dr";"Jun 14, 2026, 06:00:00";"3.87";"57.52";"5.18"
"Belfort Park Dr";"Jun 14, 2026, 05:00:00";"4.41";"52.35";"4.16"
"Belfort Park Dr";"Jun 14, 2026, 04:00:00";"4.3";"54.54";"3.66"
"Belfort Park Dr";"Jun 14, 2026, 03:00:00";"4.12";"52.32";"3.98"
"Belfort Park Dr";"Jun 14, 2026, 02:00:00";"2.7";"47.5";"3.87"
"Belfort Park Dr";"Jun 14, 2026, 01:00:00";"7.88";"50.21";"4.01"
"Belfort Park Dr";"Jun 14, 2026, 00:00:00";"8.13";"47.82";"3.49"
"Belfort Park Dr";"Jun 13, 2026, 23:00:00";"13.42";"46.15";"3.16"
"Belfort Park Dr";"Jun 13, 2026, 22:00:00";"2.89";"44.91";"2.74"
"Belfort Park Dr";"Jun 13, 2026, 21:00:00";"2.26";"47.74";"3.32"
"Belfort Park Dr";"Jun 13, 2026, 20:00:00";"0.67";"46.52";"2.17"
"Belfort Park Dr";"Jun 13, 2026, 19:00:00";"0.13";"46.01";"2.07"
"Belfort Park Dr";"Jun 13, 2026, 18:00:00";"0.17";"51.62";"1.9"
"Belfort Park Dr";"Jun 13, 2026, 17:00:00";"0";"53.05";"1.82"
"Belfort Park Dr";"Jun 13, 2026, 16:00:00";"0.12";"58.61";"1.77"
"Belfort Park Dr";"Jun 13, 2026, 15:00:00";"0";"61.23";"3.83"
"Belfort Park Dr";"Jun 13, 2026, 14:00:00";"0.02";"67.17";"1.88"
"Belfort Park Dr";"Jun 13, 2026, 13:00:00";"0";"65.23";"1.74"
"Belfort Park Dr";"Jun 13, 2026, 12:00:00";"0";"66.54";"1.75"
"Belfort Park Dr";"Jun 13, 2026, 11:00:00";"0";"65.28";"1.81"
"Belfort Park Dr";"Jun 13, 2026, 10:00:00";"0.17";"66.44";"2.1"
"Belfort Park Dr";"Jun 13, 2026, 09:00:00";"0.85";"71.72";"2.84"
"Belfort Park Dr";"Jun 13, 2026, 08:00:00";"4.64";"72.68";"2.85"
"Belfort Park Dr";"Jun 13, 2026, 07:00:00";"3.4";"71.07";"3.92"
"Belfort Park Dr";"Jun 13, 2026, 06:00:00";"2.63";"69.87";"4.31"
"Belfort Park Dr";"Jun 13, 2026, 05:00:00";"0.4";"70.33";"3.81"
"Belfort Park Dr";"Jun 13, 2026, 04:00:00";"0.1";"74.23";"3.7"
"Belfort Park Dr";"Jun 13, 2026, 03:00:00";"0";"85.15";"4.1"
"Belfort Park Dr";"Jun 13, 2026, 02:00:00";"1.08";"102.62";"6.76"
"Belfort Park Dr";"Jun 13, 2026, 01:00:00";"1.96";"105.17";"6.26"
"Belfort Park Dr";"Jun 13, 2026, 00:00:00";"9.09";"102.73";"5.14"
"Belfort Park Dr";"Jun 12, 2026, 23:00:00";"22.35";"99.06";"5.24"
"Belfort Park Dr";"Jun 12, 2026, 22:00:00";"14.58";"86.9";"4.72"
"Belfort Park Dr";"Jun 12, 2026, 21:00:00";"12.63";"77.92";"4.69"
"Belfort Park Dr";"Jun 12, 2026, 20:00:00";"2.46";"75.78";"5.15"
"Belfort Park Dr";"Jun 12, 2026, 19:00:00";"0.89";"112.5";"5.02"
"Belfort Park Dr";"Jun 12, 2026, 18:00:00";"1.56";"115.27";"5.35"
"Belfort Park Dr";"Jun 12, 2026, 17:00:00";"1.6";"111.75";"5.19"
"Belfort Park Dr";"Jun 12, 2026, 16:00:00";"0";"110.65";"5.26"
"Belfort Park Dr";"Jun 12, 2026, 15:00:00";"0";"119.18";"5.98"
"Belfort Park Dr";"Jun 12, 2026, 14:00:00";"0";"118.17";"5.68"
"Belfort Park Dr";"Jun 12, 2026, 13:00:00";"0";"119.59";"6.47"
"Belfort Park Dr";"Jun 12, 2026, 12:00:00";"0";"135.16";"7.04"
"Belfort Park Dr";"Jun 12, 2026, 11:00:00";"0";"134.58";"8.4"
"Belfort Park Dr";"Jun 12, 2026, 10:00:00";"0.75";"125.72";"7.08"
"Belfort Park Dr";"Jun 12, 2026, 09:00:00";"7.29";"104.91";"5.87"
"Belfort Park Dr";"Jun 12, 2026, 08:00:00";"13.8";"90.05";"4.42"
"Belfort Park Dr";"Jun 12, 2026, 07:00:00";"16.44";"90.2";"4.23"
"Belfort Park Dr";"Jun 12, 2026, 06:00:00";"15.25";"87.53";"4.32"
"Belfort Park Dr";"Jun 12, 2026, 05:00:00";"10.79";"90.76";"4.62"
"Belfort Park Dr";"Jun 12, 2026, 04:00:00";"11.81";"86.5";"3.56"
"Belfort Park Dr";"Jun 12, 2026, 03:00:00";"12.71";"86.3";"3.93"
"Belfort Park Dr";"Jun 12, 2026, 02:00:00";"11.6";"88.79";"5.32"
"Belfort Park Dr";"Jun 12, 2026, 01:00:00";"13.01";"92.09";"7.08"
"Belfort Park Dr";"Jun 12, 2026, 00:00:00";"13.86";"86.29";"7.37"
"Belfort Park Dr";"Jun 11, 2026, 23:00:00";"4.11";"76.88";"5.86"
"Belfort Park Dr";"Jun 11, 2026, 22:00:00";"2.12";"74.14";"6.73"
"Belfort Park Dr";"Jun 11, 2026, 21:00:00";"3.81";"80.99";"5.9"
"Belfort Park Dr";"Jun 11, 2026, 20:00:00";"0";"100.32";"10.76"
"Belfort Park Dr";"Jun 11, 2026, 19:00:00";"0.59";"105.79";"9.89"
"Belfort Park Dr";"Jun 11, 2026, 18:00:00";"0";"116.31";"11.04"
"Belfort Park Dr";"Jun 11, 2026, 17:00:00";"0";"120.91";"10.5"
"Belfort Park Dr";"Jun 11, 2026, 16:00:00";"0";"122.88";"9.67"
"Belfort Park Dr";"Jun 11, 2026, 15:00:00";"0";"136.14";"10.59"
"Belfort Park Dr";"Jun 11, 2026, 14:00:00";"0";"147.12";"10.81"
"Belfort Park Dr";"Jun 11, 2026, 13:00:00";"0";"143.77";"13"
"Belfort Park Dr";"Jun 11, 2026, 12:00:00";"0";"155.02";"11.95"
"Belfort Park Dr";"Jun 11, 2026, 11:00:00";"0";"157.8";"11.31"
"Belfort Park Dr";"Jun 11, 2026, 10:00:00";"0";"153.51";"9.28"
"Belfort Park Dr";"Jun 11, 2026, 09:00:00";"1.92";"136.62";"7.59"
"Belfort Park Dr";"Jun 11, 2026, 08:00:00";"9.13";"121.51";"6.67"
"Belfort Park Dr";"Jun 11, 2026, 07:00:00";"8.03";"109.91";"5.71"
"Belfort Park Dr";"Jun 11, 2026, 06:00:00";"9.5";"106.28";"4.96"
"Belfort Park Dr";"Jun 11, 2026, 05:00:00";"5.11";"111.18";"4.63"
"Belfort Park Dr";"Jun 11, 2026, 04:00:00";"3.55";"112.25";"3.95"
"Belfort Park Dr";"Jun 11, 2026, 03:00:00";"3.45";"109.03";"3.78"
"Belfort Park Dr";"Jun 11, 2026, 02:00:00";"6.12";"110.46";"3.78"
"Belfort Park Dr";"Jun 11, 2026, 01:00:00";"6.84";"112.96";"3.15"
"Belfort Park Dr";"Jun 11, 2026, 00:00:00";"9.61";"113.57";"4.02"
"Belfort Park Dr";"Jun 10, 2026, 23:00:00";"4.98";"119.77";"4.64"
"Belfort Park Dr";"Jun 10, 2026, 22:00:00";"4.96";"119.75";"6.17"
"Belfort Park Dr";"Jun 10, 2026, 21:00:00";"2.36";"121.85";"4.55"
"Belfort Park Dr";"Jun 10, 2026, 20:00:00";"4.18";"120.36";"4.04"
"Belfort Park Dr";"Jun 10, 2026, 19:00:00";"5.93";"112.4";"3.88"
"Belfort Park Dr";"Jun 10, 2026, 18:00:00";"3.56";"106.6";"3.59"
"Belfort Park Dr";"Jun 10, 2026, 17:00:00";"5.59";"81.06";"3.28"
"Belfort Park Dr";"Jun 10, 2026, 16:00:00";"10.92";"84.37";"4.88"
"Belfort Park Dr";"Jun 10, 2026, 15:00:00";"0.32";"120.72";"12.47"
"Belfort Park Dr";"Jun 10, 2026, 14:00:00";"0.04";"123.77";"11.76"
"Belfort Park Dr";"Jun 10, 2026, 13:00:00";"0";"116.04";"11.63"
"Belfort Park Dr";"Jun 10, 2026, 12:00:00";"1.19";"106.75";"11.82"
"Belfort Park Dr";"Jun 10, 2026, 11:00:00";"3.58";"96.53";"10.86"
"Belfort Park Dr";"Jun 10, 2026, 10:00:00";"8.05";"79.87";"10.84"
"Belfort Park Dr";"Jun 10, 2026, 09:00:00";"9.45";"70.03";"11.58"
"Belfort Park Dr";"Jun 10, 2026, 08:00:00";"11.92";"61.45";"11.66"
"Belfort Park Dr";"Jun 10, 2026, 07:00:00";"7.82";"51.93";"9.64"
"Belfort Park Dr";"Jun 10, 2026, 06:00:00";"6.43";"48.18";"6.45"
"Belfort Park Dr";"Jun 10, 2026, 05:00:00";"4.44";"44.94";"6.22"
"Belfort Park Dr";"Jun 10, 2026, 04:00:00";"3.61";"42.19";"5.65"
"Belfort Park Dr";"Jun 10, 2026, 03:00:00";"2.95";"40.52";"5.41"
"Belfort Park Dr";"Jun 10, 2026, 02:00:00";"2.58";"37.18";"4.92"
"Belfort Park Dr";"Jun 10, 2026, 01:00:00";"2.02";"34.37";"4.67"
"Belfort Park Dr";"Jun 10, 2026, 00:00:00";"1.38";"32.61";"4.75"
"Belfort Park Dr";"Jun 9, 2026, 23:00:00";"1.55";"32.63";"4.64"
"Belfort Park Dr";"Jun 9, 2026, 22:00:00";"2.03";"33.39";"4.39"
"Belfort Park Dr";"Jun 9, 2026, 21:00:00";"1.61";"34.5";"4.49"
"Belfort Park Dr";"Jun 9, 2026, 20:00:00";"2.22";"34.51";"5.17"
"Belfort Park Dr";"Jun 9, 2026, 19:00:00";"3.22";"35.72";"5.68"
"Belfort Park Dr";"Jun 9, 2026, 18:00:00";"2.22";"36.48";"6.82"
"Belfort Park Dr";"Jun 9, 2026, 17:00:00";"0.52";"40.86";"7.8"
"Belfort Park Dr";"Jun 9, 2026, 16:00:00";"0.3";"44.45";"8.21"
"Belfort Park Dr";"Jun 9, 2026, 15:00:00";"0.54";"37.95";"7.29"
"Belfort Park Dr";"Jun 9, 2026, 14:00:00";"1.48";"33.4";"6.62"
"Belfort Park Dr";"Jun 9, 2026, 13:00:00";"1.52";"28.24";"5.55"
"Belfort Park Dr";"Jun 9, 2026, 12:00:00";"2.38";"23.27";"4.61"
"Belfort Park Dr";"Jun 9, 2026, 11:00:00";"4.28";"24.91";"3.48"
"Belfort Park Dr";"Jun 9, 2026, 10:00:00";"7.78";"29.61";"3.71"
"Belfort Park Dr";"Jun 9, 2026, 09:00:00";"9";"30.41";"3.61"
"Belfort Park Dr";"Jun 9, 2026, 08:00:00";"8.68";"27.98";"3.52"
"Belfort Park Dr";"Jun 9, 2026, 07:00:00";"7.09";"23.15";"3.17"
"Belfort Park Dr";"Jun 9, 2026, 06:00:00";"4.99";"21.18";"1.8"
"Belfort Park Dr";"Jun 9, 2026, 05:00:00";"2.39";"20.34";"1.77"
"Belfort Park Dr";"Jun 9, 2026, 04:00:00";"2.41";"22.26";"1.74"
"Belfort Park Dr";"Jun 9, 2026, 03:00:00";"2.2";"21.63";"1.93"
"Belfort Park Dr";"Jun 9, 2026, 02:00:00";"0";"42.51";"2.08"
"Belfort Park Dr";"Jun 9, 2026, 01:00:00";"0";"43.71";"2.18"
"Belfort Park Dr";"Jun 9, 2026, 00:00:00";"0";"42.63";"1.82"
"Belfort Park Dr";"Jun 8, 2026, 23:00:00";"0";"43.87";"2.44"
"Belfort Park Dr";"Jun 8, 2026, 22:00:00";"0";"47.86";"3.26"
"Belfort Park Dr";"Jun 8, 2026, 21:00:00";"0";"47.99";"3.55"
"Belfort Park Dr";"Jun 8, 2026, 20:00:00";"0";"48.51";"3.85"
"Belfort Park Dr";"Jun 8, 2026, 19:00:00";"0";"50.57";"4.07"
"Belfort Park Dr";"Jun 8, 2026, 18:00:00";"0";"54.97";"4.29"
"Belfort Park Dr";"Jun 8, 2026, 17:00:00";"0";"58.36";"4.53"
"Belfort Park Dr";"Jun 8, 2026, 16:00:00";"0";"57.49";"4.41"
"Belfort Park Dr";"Jun 8, 2026, 15:00:00";"0";"58.38";"4.25"
"Belfort Park Dr";"Jun 8, 2026, 14:00:00";"0";"61.36";"3.17"
"Belfort Park Dr";"Jun 8, 2026, 13:00:00";"0";"61.22";"2.98"
"Belfort Park Dr";"Jun 8, 2026, 12:00:00";"0";"62.86";"3.08"
"Belfort Park Dr";"Jun 8, 2026, 11:00:00";"0";"60.18";"3.17"
"Belfort Park Dr";"Jun 8, 2026, 10:00:00";"0";"58.07";"3.16"
"Belfort Park Dr";"Jun 8, 2026, 09:00:00";"0";"57.52";"2.6"
"Belfort Park Dr";"Jun 8, 2026, 08:00:00";"1.93";"57.02";"2.97"
"Belfort Park Dr";"Jun 8, 2026, 07:00:00";"2.13";"52.64";"3.64"
"Belfort Park Dr";"Jun 8, 2026, 06:00:00";"0.6";"52.36";"4.22"
"Belfort Park Dr";"Jun 8, 2026, 05:00:00";"0";"51.92";"4.01"
"Belfort Park Dr";"Jun 8, 2026, 04:00:00";"0";"51.91";"3.47"
"Belfort Park Dr";"Jun 8, 2026, 03:00:00";"0";"51.42";"3.09"
"Belfort Park Dr";"Jun 8, 2026, 02:00:00";"0.05";"55.82";"3.67"
"Belfort Park Dr";"Jun 8, 2026, 01:00:00";"0";"55.79";"3.99"
"Belfort Park Dr";"Jun 8, 2026, 00:00:00";"0";"52.49";"3.63"
"Belfort Park Dr";"Jun 7, 2026, 23:00:00";"0";"50.83";"3.43"
"Belfort Park Dr";"Jun 7, 2026, 22:00:00";"0.21";"54.92";"3.85"
"Belfort Park Dr";"Jun 7, 2026, 21:00:00";"0";"57.17";"3.24"
"Belfort Park Dr";"Jun 7, 2026, 20:00:00";"0";"60.16";"2.61"
"Belfort Park Dr";"Jun 7, 2026, 19:00:00";"0";"67.8";"2.86"
"Belfort Park Dr";"Jun 7, 2026, 18:00:00";"0";"80.76";"3.78"
"Belfort Park Dr";"Jun 7, 2026, 17:00:00";"0";"95.04";"3.4"
"Belfort Park Dr";"Jun 7, 2026, 16:00:00";"0";"100.22";"3.58"
"Belfort Park Dr";"Jun 7, 2026, 15:00:00";"0";"101.34";"4.24"
"Belfort Park Dr";"Jun 7, 2026, 14:00:00";"0";"95.9";"5.01"
"Belfort Park Dr";"Jun 7, 2026, 13:00:00";"0";"98.37";"5.61"
"Belfort Park Dr";"Jun 7, 2026, 12:00:00";"0";"101.22";"6.42"
"Belfort Park Dr";"Jun 7, 2026, 11:00:00";"0";"105.57";"6.7"
"Belfort Park Dr";"Jun 7, 2026, 10:00:00";"0";"93.72";"7.45"
"Belfort Park Dr";"Jun 7, 2026, 09:00:00";"0";"83";"5.92"
"Belfort Park Dr";"Jun 7, 2026, 08:00:00";"0";"71.93";"5.19"
"Belfort Park Dr";"Jun 7, 2026, 07:00:00";"0";"68.7";"5.21"
"Belfort Park Dr";"Jun 7, 2026, 06:00:00";"0";"66.07";"4.47"
"Belfort Park Dr";"Jun 7, 2026, 05:00:00";"0";"64.88";"3.67"
"Belfort Park Dr";"Jun 7, 2026, 04:00:00";"0.02";"63.88";"3.52"
"Belfort Park Dr";"Jun 7, 2026, 03:00:00";"0";"67.19";"3.43"
"Belfort Park Dr";"Jun 7, 2026, 02:00:00";"0";"64.37";"3.34"
"Belfort Park Dr";"Jun 7, 2026, 01:00:00";"0";"61.55";"3.51"
"Belfort Park Dr";"Jun 7, 2026, 00:00:00";"0";"61.57";"4.17"
"Belfort Park Dr";"Jun 6, 2026, 23:00:00";"0";"61.98";"5.52"
"Belfort Park Dr";"Jun 6, 2026, 22:00:00";"0";"60.94";"5.57"
"Belfort Park Dr";"Jun 6, 2026, 21:00:00";"0";"65.52";"5.38"
"Belfort Park Dr";"Jun 6, 2026, 20:00:00";"0";"65.1";"4.04"
"Belfort Park Dr";"Jun 6, 2026, 19:00:00";"0";"70.72";"5.93"
"Belfort Park Dr";"Jun 6, 2026, 18:00:00";"0";"75.96";"7.22"
"Belfort Park Dr";"Jun 6, 2026, 17:00:00";"0";"76.08";"6.41"
"Belfort Park Dr";"Jun 6, 2026, 16:00:00";"0";"74.27";"6.72"
"Belfort Park Dr";"Jun 6, 2026, 15:00:00";"0";"72.46";"6.42"
"Belfort Park Dr";"Jun 6, 2026, 14:00:00";"0";"70.87";"7.1"
"Belfort Park Dr";"Jun 6, 2026, 13:00:00";"3.96";"72.84";"7.46"
"Belfort Park Dr";"Jun 6, 2026, 12:00:00";"0.33";"69.13";"6.85"
"Belfort Park Dr";"Jun 6, 2026, 11:00:00";"0";"64.49";"7.09"
"Belfort Park Dr";"Jun 6, 2026, 10:00:00";"0";"68.11";"7.02"
"Belfort Park Dr";"Jun 6, 2026, 09:00:00";"5.06";"71.22";"6.5"
"Belfort Park Dr";"Jun 6, 2026, 08:00:00";"7.12";"69.33";"6.41"
"Belfort Park Dr";"Jun 6, 2026, 07:00:00";"11.07";"65.03";"7.07"
"Belfort Park Dr";"Jun 6, 2026, 06:00:00";"3.75";"66.13";"6.82"
"Belfort Park Dr";"Jun 6, 2026, 05:00:00";"2.35";"60.84";"6.21"
"Belfort Park Dr";"Jun 6, 2026, 04:00:00";"2.56";"58.3";"6.58"
"Belfort Park Dr";"Jun 6, 2026, 03:00:00";"1.57";"55.82";"6.54"
"Belfort Park Dr";"Jun 6, 2026, 02:00:00";"3.75";"54.17";"6.97"
"Belfort Park Dr";"Jun 6, 2026, 01:00:00";"0.4";"52.62";"6.57"
"Belfort Park Dr";"Jun 6, 2026, 00:00:00";"6.19";"53.78";"6.34"
"Belfort Park Dr";"Jun 5, 2026, 23:00:00";"0";"53.83";"5.85"
"Belfort Park Dr";"Jun 5, 2026, 22:00:00";"0";"56.99";"5.25"
"Belfort Park Dr";"Jun 5, 2026, 21:00:00";"0";"57.21";"5.2"
"Belfort Park Dr";"Jun 5, 2026, 20:00:00";"0";"58.94";"4.86"
"Belfort Park Dr";"Jun 5, 2026, 19:00:00";"3.33";"61.79";"5"
"Belfort Park Dr";"Jun 5, 2026, 18:00:00";"0";"71.02";"4.66"
"Belfort Park Dr";"Jun 5, 2026, 17:00:00";"0";"78.78";"4.36"
"Belfort Park Dr";"Jun 5, 2026, 16:00:00";"1.55";"80.45";"4.48"
"Belfort Park Dr";"Jun 5, 2026, 15:00:00";"0.2";"75.79";"4.41"
"Belfort Park Dr";"Jun 5, 2026, 14:00:00";"0";"77.96";"4.85"
"Belfort Park Dr";"Jun 5, 2026, 13:00:00";"0";"88.72";"4.46"
"Belfort Park Dr";"Jun 5, 2026, 12:00:00";"0";"83.83";"4.62"
"Belfort Park Dr";"Jun 5, 2026, 11:00:00";"0";"76.5";"4.28"
"Belfort Park Dr";"Jun 5, 2026, 10:00:00";"0";"67.18";"5.24"
"Belfort Park Dr";"Jun 5, 2026, 09:00:00";"3.58";"57.76";"5.21"
"Belfort Park Dr";"Jun 5, 2026, 08:00:00";"12.2";"67.43";"4.79"
"Belfort Park Dr";"Jun 5, 2026, 07:00:00";"12.57";"60.8";"5.45"
"Belfort Park Dr";"Jun 5, 2026, 06:00:00";"6.21";"54.09";"5.09"
"Belfort Park Dr";"Jun 5, 2026, 05:00:00";"6.06";"56.94";"4.65"
"Belfort Park Dr";"Jun 5, 2026, 04:00:00";"4.23";"52.91";"4.75"
"Belfort Park Dr";"Jun 5, 2026, 03:00:00";"11.38";"59.35";"5.3"
"Belfort Park Dr";"Jun 5, 2026, 02:00:00";"17.5";"63.24";"5.8"
"Belfort Park Dr";"Jun 5, 2026, 01:00:00";"32.19";"57.15";"6.93"
"Belfort Park Dr";"Jun 5, 2026, 00:00:00";"31.48";"48.42";"6.15"
"Belfort Park Dr";"Jun 4, 2026, 23:00:00";"14.8";"43.9";"5.29"
"Belfort Park Dr";"Jun 4, 2026, 22:00:00";"0.09";"38.91";"4.19"
"Belfort Park Dr";"Jun 4, 2026, 21:00:00";"0";"39.8";"4.01"
"Belfort Park Dr";"Jun 4, 2026, 20:00:00";"0";"41.13";"3.93"
"Belfort Park Dr";"Jun 4, 2026, 19:00:00";"0";"43.29";"3.74"
"Belfort Park Dr";"Jun 4, 2026, 18:00:00";"0";"51.25";"3.83"
"Belfort Park Dr";"Jun 4, 2026, 17:00:00";"0";"60.61";"3.63"
"Belfort Park Dr";"Jun 4, 2026, 16:00:00";"0";"63.67";"3.39"
"Belfort Park Dr";"Jun 4, 2026, 15:00:00";"0";"68.06";"3.46"
"Belfort Park Dr";"Jun 4, 2026, 14:00:00";"0";"70.77";"3.09"
"Belfort Park Dr";"Jun 4, 2026, 13:00:00";"0";"70.92";"3.11"
"Belfort Park Dr";"Jun 4, 2026, 12:00:00";"0";"68.96";"3.25"
"Belfort Park Dr";"Jun 4, 2026, 11:00:00";"0";"67";"3.66"
"Belfort Park Dr";"Jun 4, 2026, 10:00:00";"0.21";"55.97";"4.94"
"Belfort Park Dr";"Jun 4, 2026, 09:00:00";"9.51";"47.27";"4.88"
"Belfort Park Dr";"Jun 4, 2026, 08:00:00";"16.42";"48.47";"4.56"
"Belfort Park Dr";"Jun 4, 2026, 07:00:00";"12.01";"48.75";"4.57"
"Belfort Park Dr";"Jun 4, 2026, 06:00:00";"6.9";"45.23";"3.71"
"Belfort Park Dr";"Jun 4, 2026, 05:00:00";"4.5";"42.9";"3.82"
"Belfort Park Dr";"Jun 4, 2026, 04:00:00";"5.89";"40.31";"3.74"
"Belfort Park Dr";"Jun 4, 2026, 03:00:00";"10.29";"38.93";"4.54"
"Belfort Park Dr";"Jun 4, 2026, 02:00:00";"1.27";"36.94";"4.64"
"Belfort Park Dr";"Jun 4, 2026, 01:00:00";"0.8";"35.62";"3.56"
"Belfort Park Dr";"Jun 4, 2026, 00:00:00";"0.13";"35.97";"3.46"
"Belfort Park Dr";"Jun 3, 2026, 23:00:00";"1.86";"49.2";"5.81"
"Belfort Park Dr";"Jun 3, 2026, 22:00:00";"1.66";"44.32";"5.47"
"Belfort Park Dr";"Jun 3, 2026, 21:00:00";"0.76";"34.94";"3.22"
"Belfort Park Dr";"Jun 3, 2026, 20:00:00";"0.05";"34.45";"2.59"
"Belfort Park Dr";"Jun 3, 2026, 19:00:00";"0";"36.07";"2.64"
"Belfort Park Dr";"Jun 3, 2026, 18:00:00";"0";"43.85";"2.46"
"Belfort Park Dr";"Jun 3, 2026, 17:00:00";"0";"49.07";"2.47"
"Belfort Park Dr";"Jun 3, 2026, 16:00:00";"0";"51.81";"2.28"
"Belfort Park Dr";"Jun 3, 2026, 15:00:00";"0";"51.94";"2.15"
"Belfort Park Dr";"Jun 3, 2026, 14:00:00";"0";"52.65";"2.3"
"Belfort Park Dr";"Jun 3, 2026, 13:00:00";"0";"53.43";"2.66"
"Belfort Park Dr";"Jun 3, 2026, 12:00:00";"0.21";"49.16";"2.69"
"Belfort Park Dr";"Jun 3, 2026, 11:00:00";"0";"45.18";"2.98"
"Belfort Park Dr";"Jun 3, 2026, 10:00:00";"0.39";"43.06";"3.26"
"Belfort Park Dr";"Jun 3, 2026, 09:00:00";"4.96";"46.05";"3.38"
"Belfort Park Dr";"Jun 3, 2026, 08:00:00";"9.01";"41.9";"2.93"
"Belfort Park Dr";"Jun 3, 2026, 07:00:00";"4.33";"39.57";"3.87"
"Belfort Park Dr";"Jun 3, 2026, 06:00:00";"2.52";"37.01";"3.67"
"Belfort Park Dr";"Jun 3, 2026, 05:00:00";"0.42";"35.94";"3.91"
"Belfort Park Dr";"Jun 3, 2026, 04:00:00";"0.19";"34.69";"3.55"
"Belfort Park Dr";"Jun 3, 2026, 03:00:00";"0.42";"35.47";"3.39"
"Belfort Park Dr";"Jun 3, 2026, 02:00:00";"1.93";"38.8";"3.54"
"Belfort Park Dr";"Jun 3, 2026, 01:00:00";"3.33";"39.99";"3.82"
"Belfort Park Dr";"Jun 3, 2026, 00:00:00";"4.87";"43";"4.37"
"Belfort Park Dr";"Jun 2, 2026, 23:00:00";"3.36";"59.93";"4.72"
"Belfort Park Dr";"Jun 2, 2026, 22:00:00";"3.87";"36.33";"3.03"
"Belfort Park Dr";"Jun 2, 2026, 21:00:00";"1.46";"36.8";"2.38"
"Belfort Park Dr";"Jun 2, 2026, 20:00:00";"0";"30.57";"1.99"
"Belfort Park Dr";"Jun 2, 2026, 19:00:00";"0";"28.25";"2.37"
"Belfort Park Dr";"Jun 2, 2026, 18:00:00";"0";"29.68";"2.13"
"Belfort Park Dr";"Jun 2, 2026, 17:00:00";"0";"34.92";"2.21"
"Belfort Park Dr";"Jun 2, 2026, 16:00:00";"0";"38.75";"2.29"
"Belfort Park Dr";"Jun 2, 2026, 15:00:00";"0";"37.81";"2.35"
"Belfort Park Dr";"Jun 2, 2026, 14:00:00";"0";"37.99";"2.15"
"Belfort Park Dr";"Jun 2, 2026, 13:00:00";"0";"36.35";"2.54"
"Belfort Park Dr";"Jun 2, 2026, 12:00:00";"0";"36.22";"3.11"
"Belfort Park Dr";"Jun 2, 2026, 11:00:00";"0";"36.36";"4.18"
"Belfort Park Dr";"Jun 2, 2026, 10:00:00";"0.12";"40.67";"5.11"
"Belfort Park Dr";"Jun 2, 2026, 09:00:00";"0.66";"41.15";"5.18"
"Belfort Park Dr";"Jun 2, 2026, 08:00:00";"1.54";"35.43";"4.58"
"Belfort Park Dr";"Jun 2, 2026, 07:00:00";"1.92";"32.46";"5.71"
"Belfort Park Dr";"Jun 2, 2026, 06:00:00";"0.45";"30.53";"5.44"
"Belfort Park Dr";"Jun 2, 2026, 05:00:00";"0";"29.05";"4.67"
"Belfort Park Dr";"Jun 2, 2026, 04:00:00";"0";"28.21";"4.47"
"Belfort Park Dr";"Jun 2, 2026, 03:00:00";"0";"28.58";"3.93"
"Belfort Park Dr";"Jun 2, 2026, 02:00:00";"0";"27.95";"3.61"
"Belfort Park Dr";"Jun 2, 2026, 01:00:00";"0";"28.66";"2.89"
"Belfort Park Dr";"Jun 2, 2026, 00:00:00";"0";"31.26";"2.97"
"Belfort Park Dr";"Jun 1, 2026, 23:00:00";"0";"33.83";"3.39"
"Belfort Park Dr";"Jun 1, 2026, 22:00:00";"0";"36.94";"3.5"
"Belfort Park Dr";"Jun 1, 2026, 21:00:00";"0.08";"37.08";"2.98"
"Belfort Park Dr";"Jun 1, 2026, 20:00:00";"0.62";"33.09";"2.34"
"Belfort Park Dr";"Jun 1, 2026, 19:00:00";"0.09";"34.66";"2.45"
"Belfort Park Dr";"Jun 1, 2026, 18:00:00";"0.06";"36.99";"2.26"
"Belfort Park Dr";"Jun 1, 2026, 17:00:00";"0";"42.71";"2.42"
"Belfort Park Dr";"Jun 1, 2026, 16:00:00";"0";"44.9";"2.59"
"Belfort Park Dr";"Jun 1, 2026, 15:00:00";"0";"46.98";"2.56"
"Belfort Park Dr";"Jun 1, 2026, 14:00:00";"0";"47.27";"2.1"
"Belfort Park Dr";"Jun 1, 2026, 13:00:00";"0";"47.23";"2.04"
"Belfort Park Dr";"Jun 1, 2026, 12:00:00";"0";"47.41";"2.09"
"Belfort Park Dr";"Jun 1, 2026, 11:00:00";"0";"47.17";"2.41"
"Belfort Park Dr";"Jun 1, 2026, 10:00:00";"0.08";"46.57";"3.7"
"Belfort Park Dr";"Jun 1, 2026, 09:00:00";"0.66";"45";"3.46"
"Belfort Park Dr";"Jun 1, 2026, 08:00:00";"4.88";"43.23";"3.03"
"Belfort Park Dr";"Jun 1, 2026, 07:00:00";"5.54";"39.8";"4.02"
"Belfort Park Dr";"Jun 1, 2026, 06:00:00";"2.59";"56.38";"4.5"
"Belfort Park Dr";"Jun 1, 2026, 05:00:00";"1.88";"42.58";"3.65"
"Belfort Park Dr";"Jun 1, 2026, 04:00:00";"0.07";"42.46";"2.85"
"Belfort Park Dr";"Jun 1, 2026, 03:00:00";"0";"41.48";"2.43"
"Belfort Park Dr";"Jun 1, 2026, 02:00:00";"0";"40.28";"2.55"
"Belfort Park Dr";"Jun 1, 2026, 01:00:00";"0";"37.39";"2.64"
"Belfort Park Dr";"Jun 1, 2026, 00:00:00";"0";"37.26";"3.1"
"Belfort Park Dr";"May 31, 2026, 23:00:00";"0.07";"35.03";"2.36"
"Belfort Park Dr";"May 31, 2026, 22:00:00";"0.07";"34.29";"2.71"
"Belfort Park Dr";"May 31, 2026, 21:00:00";"0.19";"31.38";"2.33"
"Belfort Park Dr";"May 31, 2026, 20:00:00";"0";"30.24";"1.76"
"Belfort Park Dr";"May 31, 2026, 19:00:00";"0.04";"29.22";"1.75"
"Belfort Park Dr";"May 31, 2026, 18:00:00";"0";"29.05";"1.72"
"Belfort Park Dr";"May 31, 2026, 17:00:00";"0";"32.12";"1.57"
"Belfort Park Dr";"May 31, 2026, 16:00:00";"0";"33.77";"1.61"
"Belfort Park Dr";"May 31, 2026, 15:00:00";"0";"34.03";"1.89"
"Belfort Park Dr";"May 31, 2026, 14:00:00";"0";"36.11";"1.8"
"Belfort Park Dr";"May 31, 2026, 13:00:00";"0";"38.99";"1.78"
"Belfort Park Dr";"May 31, 2026, 12:00:00";"0";"36.45";"2.09"
"Belfort Park Dr";"May 31, 2026, 11:00:00";"0";"37.33";"2.15"
"Belfort Park Dr";"May 31, 2026, 10:00:00";"0";"40.94";"2.38"
"Belfort Park Dr";"May 31, 2026, 09:00:00";"0";"37.83";"2.42"
"Belfort Park Dr";"May 31, 2026, 08:00:00";"0";"34.11";"2.16"
"Belfort Park Dr";"May 31, 2026, 07:00:00";"0.27";"33";"3.2"
"Belfort Park Dr";"May 31, 2026, 06:00:00";"0.08";"32.36";"3.4"
"Belfort Park Dr";"May 31, 2026, 05:00:00";"0.34";"31.61";"3.31"
"Belfort Park Dr";"May 31, 2026, 04:00:00";"0";"29.31";"2.58"
"Belfort Park Dr";"May 31, 2026, 03:00:00";"0";"28.44";"2.17"
"Belfort Park Dr";"May 31, 2026, 02:00:00";"0";"27.41";"1.56"
"Belfort Park Dr";"May 31, 2026, 01:00:00";"1.01";"29.39";"2.01"
"Belfort Park Dr";"May 31, 2026, 00:00:00";"0.33";"30.33";"2.22"
"Belfort Park Dr";"May 30, 2026, 23:00:00";"0.43";"31.18";"2.38"
"Belfort Park Dr";"May 30, 2026, 22:00:00";"0.35";"31.5";"1.8"
"Belfort Park Dr";"May 30, 2026, 21:00:00";"0";"33.04";"1.5"
"Belfort Park Dr";"May 30, 2026, 20:00:00";"0";"33.12";"1.09"
"Belfort Park Dr";"May 30, 2026, 19:00:00";"0";"31.83";"1.18"
"Belfort Park Dr";"May 30, 2026, 18:00:00";"0";"30.7";"1.03"
"Belfort Park Dr";"May 30, 2026, 17:00:00";"0";"33.78";"0.88"
"Belfort Park Dr";"May 30, 2026, 16:00:00";"0";"35.16";"1.05"
"Belfort Park Dr";"May 30, 2026, 15:00:00";"0";"36.82";"1.17"
"Belfort Park Dr";"May 30, 2026, 14:00:00";"0";"35.14";"1.2"
"Belfort Park Dr";"May 30, 2026, 13:00:00";"0";"35.31";"1.4"
"Belfort Park Dr";"May 30, 2026, 12:00:00";"0";"33.92";"1.69"
"Belfort Park Dr";"May 30, 2026, 11:00:00";"0";"33.03";"2.52"
"Belfort Park Dr";"May 30, 2026, 10:00:00";"0";"37.01";"3.71"
"Belfort Park Dr";"May 30, 2026, 09:00:00";"0";"38";"4.84"
"Belfort Park Dr";"May 30, 2026, 08:00:00";"0";"42.53";"6.03"
"Belfort Park Dr";"May 30, 2026, 07:00:00";"0";"41.65";"6.78"
"Belfort Park Dr";"May 30, 2026, 06:00:00";"0";"40.16";"6.09"
"Belfort Park Dr";"May 30, 2026, 05:00:00";"0.03";"41.75";"6.03"
"Belfort Park Dr";"May 30, 2026, 04:00:00";"0";"42.44";"5.82"
"Belfort Park Dr";"May 30, 2026, 03:00:00";"0";"42.45";"5.42"
"Belfort Park Dr";"May 30, 2026, 02:00:00";"0.23";"43.64";"5.38"
"Belfort Park Dr";"May 30, 2026, 01:00:00";"0.12";"45.27";"4.4"
"Belfort Park Dr";"May 30, 2026, 00:00:00";"0.28";"47.98";"2.55"
"Belfort Park Dr";"May 29, 2026, 23:00:00";"0";"48.41";"2.11"
"Belfort Park Dr";"May 29, 2026, 22:00:00";"0";"44.71";"2.3"
"Belfort Park Dr";"May 29, 2026, 21:00:00";"0";"42.51";"1.81"
"Belfort Park Dr";"May 29, 2026, 20:00:00";"0";"41.41";"1.58"
"Belfort Park Dr";"May 29, 2026, 19:00:00";"0";"42.46";"1.35"
"Belfort Park Dr";"May 29, 2026, 18:00:00";"0";"42.89";"1.28"
"Belfort Park Dr";"May 29, 2026, 17:00:00";"0";"46.75";"1.44"
"Belfort Park Dr";"May 29, 2026, 16:00:00";"0";"48.58";"1.16"
"Belfort Park Dr";"May 29, 2026, 15:00:00";"0";"49.69";"0.85"
"Belfort Park Dr";"May 29, 2026, 14:00:00";"0";"53.19";"0.84"
"Belfort Park Dr";"May 29, 2026, 13:00:00";"0";"52.87";"0.96"
"Belfort Park Dr";"May 29, 2026, 12:00:00";"0";"50.82";"1.1"
"Belfort Park Dr";"May 29, 2026, 11:00:00";"0";"48.75";"1.3"
"Belfort Park Dr";"May 29, 2026, 10:00:00";"0";"48.72";"1.27"
"Belfort Park Dr";"May 29, 2026, 09:00:00";"0.51";"51.83";"1.12"
"Belfort Park Dr";"May 29, 2026, 08:00:00";"6.65";"47.87";"1.42"
"Belfort Park Dr";"May 29, 2026, 07:00:00";"6.83";"45.31";"1.45"
"Belfort Park Dr";"May 29, 2026, 06:00:00";"2.58";"40.39";"1.19"
"Belfort Park Dr";"May 29, 2026, 05:00:00";"0";"38.47";"1.39"
"Belfort Park Dr";"May 29, 2026, 04:00:00";"0";"39.1";"0.91"
"Belfort Park Dr";"May 29, 2026, 03:00:00";"0";"39.97";"0.8"
"Belfort Park Dr";"May 29, 2026, 02:00:00";"0";"41.7";"0.99"
"Belfort Park Dr";"May 29, 2026, 01:00:00";"0.01";"44.19";"1.26"
"Belfort Park Dr";"May 29, 2026, 00:00:00";"0.19";"45.01";"1.24"
"Belfort Park Dr";"May 28, 2026, 23:00:00";"0";"46.89";"1.46"
"Belfort Park Dr";"May 28, 2026, 22:00:00";"0.39";"47.04";"1.41"
"Belfort Park Dr";"May 28, 2026, 21:00:00";"0";"44.32";"1.15"
"Belfort Park Dr";"May 28, 2026, 20:00:00";"0";"43.35";"1.23"
"Belfort Park Dr";"May 28, 2026, 19:00:00";"0";"46.42";"1.33"
"Belfort Park Dr";"May 28, 2026, 18:00:00";"0";"52.12";"1.38"
"Belfort Park Dr";"May 28, 2026, 17:00:00";"0";"56.93";"1.35"
"Belfort Park Dr";"May 28, 2026, 16:00:00";"0";"63.75";"1.29"
"Belfort Park Dr";"May 28, 2026, 15:00:00";"0";"67.02";"1.27"
"Belfort Park Dr";"May 28, 2026, 14:00:00";"0";"67.37";"1.31"
"Belfort Park Dr";"May 28, 2026, 13:00:00";"0";"70.93";"1.43"
"Belfort Park Dr";"May 28, 2026, 12:00:00";"0";"77.55";"1.71"
"Belfort Park Dr";"May 28, 2026, 11:00:00";"0";"74.34";"2.01"
"Belfort Park Dr";"May 28, 2026, 10:00:00";"0";"83.28";"3"
"Belfort Park Dr";"May 28, 2026, 09:00:00";"0.22";"101.5";"3.31"
"Belfort Park Dr";"May 28, 2026, 08:00:00";"0.42";"114.43";"3.63"
"Belfort Park Dr";"May 28, 2026, 07:00:00";"0.01";"120.08";"5.09"
"Belfort Park Dr";"May 28, 2026, 06:00:00";"0";"125.16";"5.71"
"Belfort Park Dr";"May 28, 2026, 05:00:00";"0";"131.01";"5.65"
"Belfort Park Dr";"May 28, 2026, 04:00:00";"0";"135.48";"4.86"
"Belfort Park Dr";"May 28, 2026, 03:00:00";"0";"136.76";"4.21"
"Belfort Park Dr";"May 28, 2026, 02:00:00";"0";"136.77";"3.63"
"Belfort Park Dr";"May 28, 2026, 01:00:00";"0";"138.84";"2.6"
"Belfort Park Dr";"May 28, 2026, 00:00:00";"0";"146.07";"1.8"
"Belfort Park Dr";"May 27, 2026, 23:00:00";"0";"153.38";"2.36"
"Belfort Park Dr";"May 27, 2026, 22:00:00";"0";"148.39";"2.22"
"Belfort Park Dr";"May 27, 2026, 21:00:00";"0";"144.26";"1.91"
"Belfort Park Dr";"May 27, 2026, 20:00:00";"0";"148.65";"1.18"
"Belfort Park Dr";"May 27, 2026, 19:00:00";"0";"156.76";"1.83"
"Belfort Park Dr";"May 27, 2026, 18:00:00";"0";"169.41";"2.38"
"Belfort Park Dr";"May 27, 2026, 17:00:00";"0";"183.34";"1.25"
"Belfort Park Dr";"May 27, 2026, 16:00:00";"0";"187.22";"1.72"
"Belfort Park Dr";"May 27, 2026, 15:00:00";"0";"173.38";"2"
"Belfort Park Dr";"May 27, 2026, 14:00:00";"0";"176.33";"1.67"
"Belfort Park Dr";"May 27, 2026, 13:00:00";"0";"178.47";"2.39"
"Belfort Park Dr";"May 27, 2026, 12:00:00";"0";"187.37";"2.83"
"Belfort Park Dr";"May 27, 2026, 11:00:00";"0";"189.82";"5.41"
"Belfort Park Dr";"May 27, 2026, 10:00:00";"0";"183.12";"9.62"
"Belfort Park Dr";"May 27, 2026, 09:00:00";"0";"180.05";"12.49"
"Belfort Park Dr";"May 27, 2026, 08:00:00";"0.18";"174.27";"15.22"
"Belfort Park Dr";"May 27, 2026, 07:00:00";"0.07";"161.93";"17.58"
"Belfort Park Dr";"May 27, 2026, 06:00:00";"0";"161.1";"14.72"
"Belfort Park Dr";"May 27, 2026, 05:00:00";"0";"155.2";"12.35"
"Belfort Park Dr";"May 27, 2026, 04:00:00";"0";"155.41";"11.75"
"Belfort Park Dr";"May 27, 2026, 03:00:00";"0";"152.83";"12.1"
"Belfort Park Dr";"May 27, 2026, 02:00:00";"0";"155.25";"12.83"
"Belfort Park Dr";"May 27, 2026, 01:00:00";"0";"153.78";"12.04"
"Belfort Park Dr";"May 27, 2026, 00:00:00";"0.02";"154.8";"10.86"
"Belfort Park Dr";"May 26, 2026, 23:00:00";"1.97";"152.81";"9.64"
"Belfort Park Dr";"May 26, 2026, 22:00:00";"2.76";"147.3";"8.65"
"Belfort Park Dr";"May 26, 2026, 21:00:00";"0.04";"146.12";"5.37"
"Belfort Park Dr";"May 26, 2026, 20:00:00";"0";"147.05";"4.49"
"Belfort Park Dr";"May 26, 2026, 19:00:00";"0";"145.34";"4.01"
"Belfort Park Dr";"May 26, 2026, 18:00:00";"0";"147.49";"3.58"
"Belfort Park Dr";"May 26, 2026, 17:00:00";"0";"146.34";"3.33"
"Belfort Park Dr";"May 26, 2026, 16:00:00";"0";"152.92";"4.01"
"Belfort Park Dr";"May 26, 2026, 15:00:00";"0";"158.02";"4.83"
"Belfort Park Dr";"May 26, 2026, 14:00:00";"0";"166.84";"8.73"
"Belfort Park Dr";"May 26, 2026, 13:00:00";"0";"167.22";"9.46"
"Belfort Park Dr";"May 26, 2026, 12:00:00";"0";"165.19";"10.72"
"Belfort Park Dr";"May 26, 2026, 11:00:00";"0";"171.04";"18.82"
"Belfort Park Dr";"May 26, 2026, 10:00:00";"0.14";"172.29";"29.33"
"Belfort Park Dr";"May 26, 2026, 09:00:00";"0.28";"164.44";"25.81"
"Belfort Park Dr";"May 26, 2026, 08:00:00";"0.42";"155.87";"24.98"
"Belfort Park Dr";"May 26, 2026, 07:00:00";"0";"141.54";"0"
"Belfort Park Dr";"May 26, 2026, 06:00:00";"0";"136.42";"0"
"Belfort Park Dr";"May 26, 2026, 05:00:00";"0";"138.32";"0"
"Belfort Park Dr";"May 26, 2026, 04:00:00";"0";"145.9";"0"
"Belfort Park Dr";"May 26, 2026, 03:00:00";"0";"150.57";"26.53"
"Belfort Park Dr";"May 26, 2026, 02:00:00";"0";"152.31";"20.2"
"Belfort Park Dr";"May 26, 2026, 01:00:00";"0";"152.44";"17.47"
"Belfort Park Dr";"May 26, 2026, 00:00:00";"0";"153.33";"13.31"
"Belfort Park Dr";"May 25, 2026, 23:00:00";"0";"149.52";"11.9"
"Belfort Park Dr";"May 25, 2026, 22:00:00";"0.37";"152.56";"8.2"
"Belfort Park Dr";"May 25, 2026, 21:00:00";"0";"148.97";"5.56"
"Belfort Park Dr";"May 25, 2026, 20:00:00";"0";"145.47";"3.77"
"Belfort Park Dr";"May 25, 2026, 19:00:00";"0";"146.52";"3.23"
"Belfort Park Dr";"May 25, 2026, 18:00:00";"0";"154.38";"2.95"
"Belfort Park Dr";"May 25, 2026, 17:00:00";"0";"162.52";"2.86"
"Belfort Park Dr";"May 25, 2026, 16:00:00";"0";"168.56";"3.25"
"Belfort Park Dr";"May 25, 2026, 15:00:00";"0";"175.24";"4.19"
"Belfort Park Dr";"May 25, 2026, 14:00:00";"0";"178.69";"5.5"
"Belfort Park Dr";"May 25, 2026, 13:00:00";"0";"178.42";"6.75"
"Belfort Park Dr";"May 25, 2026, 12:00:00";"0";"169.99";"5.53"
"Belfort Park Dr";"May 25, 2026, 11:00:00";"0.33";"155.72";"7.34"
"Belfort Park Dr";"May 25, 2026, 10:00:00";"0.79";"142.1";"10.23"
"Belfort Park Dr";"May 25, 2026, 09:00:00";"0";"130.27";"10.41"
"Belfort Park Dr";"May 25, 2026, 08:00:00";"0";"123.37";"10.09"
"Belfort Park Dr";"May 25, 2026, 07:00:00";"0";"118.19";"7.96"
"Belfort Park Dr";"May 25, 2026, 06:00:00";"0";"119.15";"0"
"Belfort Park Dr";"May 25, 2026, 05:00:00";"0";"109.56";"0"
"Belfort Park Dr";"May 25, 2026, 04:00:00";"0";"108.35";"0"
"Belfort Park Dr";"May 25, 2026, 03:00:00";"0";"107.81";"0"
"Belfort Park Dr";"May 25, 2026, 02:00:00";"0";"106.48";"0"
"Belfort Park Dr";"May 25, 2026, 01:00:00";"0";"103.37";"0"
"Belfort Park Dr";"May 25, 2026, 00:00:00";"0";"101.3";"25.35"
"Belfort Park Dr";"May 24, 2026, 23:00:00";"0";"99.74";"24.32"
"Belfort Park Dr";"May 24, 2026, 22:00:00";"0.06";"101.12";"33.41"
"Belfort Park Dr";"May 24, 2026, 21:00:00";"0.15";"101.34";"32.83"
"Belfort Park Dr";"May 24, 2026, 20:00:00";"0.03";"99.12";"22.79"
"Belfort Park Dr";"May 24, 2026, 19:00:00";"0";"97.42";"18.76"
"Belfort Park Dr";"May 24, 2026, 18:00:00";"0";"99.22";"12.79"
"Belfort Park Dr";"May 24, 2026, 17:00:00";"0";"99.07";"9.6"
"Belfort Park Dr";"May 24, 2026, 16:00:00";"0";"100.52";"7.57"
"Belfort Park Dr";"May 24, 2026, 15:00:00";"0";"101.55";"5.02"
"Belfort Park Dr";"May 24, 2026, 14:00:00";"0";"92.63";"4.36"
"Belfort Park Dr";"May 24, 2026, 13:00:00";"0";"88.48";"3.79"
"Belfort Park Dr";"May 24, 2026, 12:00:00";"0";"81.59";"3.45"
"Belfort Park Dr";"May 24, 2026, 11:00:00";"0";"74.02";"2.82"
"Belfort Park Dr";"May 24, 2026, 10:00:00";"0.05";"66.73";"2.99"
"Belfort Park Dr";"May 24, 2026, 09:00:00";"0";"62.01";"3.58"
"Belfort Park Dr";"May 24, 2026, 08:00:00";"0.12";"58.02";"3.77"
"Belfort Park Dr";"May 24, 2026, 07:00:00";"0";"56.46";"2.76"
"Belfort Park Dr";"May 24, 2026, 06:00:00";"0";"56.13";"2.32"
"Belfort Park Dr";"May 24, 2026, 05:00:00";"0";"57.29";"2.33"
"Belfort Park Dr";"May 24, 2026, 04:00:00";"0.19";"58.24";"1.87"
"Belfort Park Dr";"May 24, 2026, 03:00:00";"0.04";"58.71";"3.28"
"Belfort Park Dr";"May 24, 2026, 02:00:00";"0.04";"59.2";"4.62"
"Belfort Park Dr";"May 24, 2026, 01:00:00";"0.45";"60.1";"9.34"
"Belfort Park Dr";"May 24, 2026, 00:00:00";"1.36";"59.31";"9.21"
"Belfort Park Dr";"May 23, 2026, 23:00:00";"0.53";"57.97";"6.82"
"Belfort Park Dr";"May 23, 2026, 22:00:00";"0.34";"56.84";"5.92"
"Belfort Park Dr";"May 23, 2026, 21:00:00";"0.16";"56.5";"5.77"
"Belfort Park Dr";"May 23, 2026, 20:00:00";"0.05";"58.62";"5.52"
"Belfort Park Dr";"May 23, 2026, 19:00:00";"1.02";"63.38";"5.33"
"Belfort Park Dr";"May 23, 2026, 18:00:00";"0.86";"64.21";"4.73"
"Belfort Park Dr";"May 23, 2026, 17:00:00";"0.47";"63.36";"3.39"
"Belfort Park Dr";"May 23, 2026, 16:00:00";"0.24";"62.29";"2.66"
"Belfort Park Dr";"May 23, 2026, 15:00:00";"0.28";"61.41";"1.49"
"Belfort Park Dr";"May 23, 2026, 14:00:00";"0.24";"60.09";"1.05"
"Belfort Park Dr";"May 23, 2026, 13:00:00";"0.56";"59.45";"1.79"
"Belfort Park Dr";"May 23, 2026, 12:00:00";"0.94";"57.55";"2.89"
"Belfort Park Dr";"May 23, 2026, 11:00:00";"0.73";"56.06";"3.66"
"Belfort Park Dr";"May 23, 2026, 10:00:00";"0.46";"54.99";"5.54"
"Belfort Park Dr";"May 23, 2026, 09:00:00";"0.21";"52.83";"5.97"
"Belfort Park Dr";"May 23, 2026, 08:00:00";"0.75";"51.58";"6.32"
"Belfort Park Dr";"May 23, 2026, 07:00:00";"0.2";"50.78";"8.55"
"Belfort Park Dr";"May 23, 2026, 06:00:00";"0.2";"49.33";"6.3"
"Belfort Park Dr";"May 23, 2026, 05:00:00";"0.18";"48.92";"7.39"
"Belfort Park Dr";"May 23, 2026, 04:00:00";"0.05";"48.99";"7.27"
"Belfort Park Dr";"May 23, 2026, 03:00:00";"0";"49.52";"6.49"
"Belfort Park Dr";"May 23, 2026, 02:00:00";"0.57";"48.92";"7.71"
"Belfort Park Dr";"May 23, 2026, 01:00:00";"0.12";"48.12";"6.16"
"Belfort Park Dr";"May 23, 2026, 00:00:00";"0";"48.36";"5.79"
"Belfort Park Dr";"May 22, 2026, 23:00:00";"0.28";"49.13";"4.8"
"Belfort Park Dr";"May 22, 2026, 22:00:00";"0.03";"48.09";"3.62"
"Belfort Park Dr";"May 22, 2026, 21:00:00";"0";"47.71";"1.95"
"Belfort Park Dr";"May 22, 2026, 20:00:00";"0";"50.21";"1.76"
"Belfort Park Dr";"May 22, 2026, 19:00:00";"0.05";"55.19";"1.71"
"Belfort Park Dr";"May 22, 2026, 18:00:00";"0";"57.59";"1.96"
"Belfort Park Dr";"May 22, 2026, 17:00:00";"0.05";"62.53";"1.72"
"Belfort Park Dr";"May 22, 2026, 16:00:00";"0";"65.09";"2.4"
"Belfort Park Dr";"May 22, 2026, 15:00:00";"0";"67.65";"5.9"
"Belfort Park Dr";"May 22, 2026, 14:00:00";"0.04";"65.83";"3.56"
"Belfort Park Dr";"May 22, 2026, 13:00:00";"0.07";"64.25";"4.02"
"Belfort Park Dr";"May 22, 2026, 12:00:00";"0";"61.58";"3.28"
"Belfort Park Dr";"May 22, 2026, 11:00:00";"0";"63.94";"7.19"
"Belfort Park Dr";"May 22, 2026, 10:00:00";"0.03";"67.57";"21.03"
"Belfort Park Dr";"May 22, 2026, 09:00:00";"0.76";"64.44";"28.64"
"Belfort Park Dr";"May 22, 2026, 08:00:00";"1.38";"62.49";"31.57"
"Belfort Park Dr";"May 22, 2026, 07:00:00";"0.01";"59.08";"37.17"
"Belfort Park Dr";"May 22, 2026, 06:00:00";"0.02";"57.83";"20.93"
"Belfort Park Dr";"May 22, 2026, 05:00:00";"0";"55.8";"15.08"
"Belfort Park Dr";"May 22, 2026, 04:00:00";"0";"54.17";"29.5"
"Belfort Park Dr";"May 22, 2026, 03:00:00";"0";"53.59";"34.66"
"Belfort Park Dr";"May 22, 2026, 02:00:00";"0";"54.78";"36.43"
"Belfort Park Dr";"May 22, 2026, 01:00:00";"0";"53.69";"25.76"
"Belfort Park Dr";"May 22, 2026, 00:00:00";"0";"51.73";"20.76"
"Belfort Park Dr";"May 21, 2026, 23:00:00";"0.11";"50.91";"16.98"
"Belfort Park Dr";"May 21, 2026, 22:00:00";"0.12";"49.59";"12.78"
"Belfort Park Dr";"May 21, 2026, 21:00:00";"0.4";"49.25";"8.34"
"Belfort Park Dr";"May 21, 2026, 20:00:00";"0.13";"49.18";"6.45"
"Belfort Park Dr";"May 21, 2026, 19:00:00";"0.31";"50.5";"5.1"
"Belfort Park Dr";"May 21, 2026, 18:00:00";"0.27";"50.65";"2.72"
"Belfort Park Dr";"May 21, 2026, 17:00:00";"0.06";"51.87";"1.44"
"Belfort Park Dr";"May 21, 2026, 16:00:00";"0";"52.37";"1.33"
"Belfort Park Dr";"May 21, 2026, 15:00:00";"0";"57.88";"1.56"
"Belfort Park Dr";"May 21, 2026, 14:00:00";"0";"59.8";"1.89"
"Belfort Park Dr";"May 21, 2026, 13:00:00";"0";"63.24";"2.27"
"Belfort Park Dr";"May 21, 2026, 12:00:00";"0";"64.7";"2.57"
"Belfort Park Dr";"May 21, 2026, 11:00:00";"0";"69.94";"3.15"
"Belfort Park Dr";"May 21, 2026, 10:00:00";"0";"75.16";"3.86"
"Belfort Park Dr";"May 21, 2026, 09:00:00";"0";"79.21";"4.54"
"Belfort Park Dr";"May 21, 2026, 08:00:00";"0.73";"81.29";"5.92"
"Belfort Park Dr";"May 21, 2026, 07:00:00";"0.53";"81.55";"8.78"
"Belfort Park Dr";"May 21, 2026, 06:00:00";"0";"86.47";"10.65"
"Belfort Park Dr";"May 21, 2026, 05:00:00";"0";"100.6";"25.07"
"Belfort Park Dr";"May 21, 2026, 04:00:00";"0";"105.41";"24.95"
"Belfort Park Dr";"May 21, 2026, 03:00:00";"0";"105.15";"24"
"Belfort Park Dr";"May 21, 2026, 02:00:00";"0.64";"98.2";"14.5"
"Belfort Park Dr";"May 21, 2026, 01:00:00";"0.02";"98.66";"19.22"
"Belfort Park Dr";"May 21, 2026, 00:00:00";"0.48";"98.16";"17.37"
"Belfort Park Dr";"May 20, 2026, 23:00:00";"1.55";"87.18";"11.1"
"Belfort Park Dr";"May 20, 2026, 22:00:00";"0.25";"82.05";"15.24"
"Belfort Park Dr";"May 20, 2026, 21:00:00";"0.21";"78.26";"12.41"
"Belfort Park Dr";"May 20, 2026, 20:00:00";"0.08";"79.59";"9.48"
"Belfort Park Dr";"May 20, 2026, 19:00:00";"0";"74.87";"9.81"
"Belfort Park Dr";"May 20, 2026, 18:00:00";"0.05";"71.69";"9.8"
"Belfort Park Dr";"May 20, 2026, 17:00:00";"0.36";"74.43";"6.8"
"Belfort Park Dr";"May 20, 2026, 16:00:00";"0";"91.66";"7.53"
"Belfort Park Dr";"May 20, 2026, 15:00:00";"0";"103.68";"7.24"
"Belfort Park Dr";"May 20, 2026, 14:00:00";"0";"103.75";"6.09"
"Belfort Park Dr";"May 20, 2026, 13:00:00";"0";"110.71";"5.64"
"Belfort Park Dr";"May 20, 2026, 12:00:00";"0";"115.06";"7.09"
"Belfort Park Dr";"May 20, 2026, 11:00:00";"0";"108.38";"7.83"
"Belfort Park Dr";"May 20, 2026, 10:00:00";"0.28";"97.36";"7.22"
"Belfort Park Dr";"May 20, 2026, 09:00:00";"7.1";"92.44";"7.67"
"Belfort Park Dr";"May 20, 2026, 08:00:00";"10.09";"86.04";"5.94"
"Belfort Park Dr";"May 20, 2026, 07:00:00";"8.94";"72.88";"6.05"
"Belfort Park Dr";"May 20, 2026, 06:00:00";"4.56";"67.3";"5.73"
"Belfort Park Dr";"May 20, 2026, 05:00:00";"0.65";"68.35";"5.81"
"Belfort Park Dr";"May 20, 2026, 04:00:00";"1.14";"65.86";"5.72"
"Belfort Park Dr";"May 20, 2026, 03:00:00";"6.2";"59.44";"4.63"
"Belfort Park Dr";"May 20, 2026, 02:00:00";"0.03";"62.64";"4.23"
"Belfort Park Dr";"May 20, 2026, 01:00:00";"0.84";"61.61";"3.96"
"Belfort Park Dr";"May 20, 2026, 00:00:00";"6.93";"67.78";"4.45"
"Belfort Park Dr";"May 19, 2026, 23:00:00";"20.74";"68.54";"4.66"
"Belfort Park Dr";"May 19, 2026, 22:00:00";"2.45";"62.94";"4.11"
"Belfort Park Dr";"May 19, 2026, 21:00:00";"2.07";"68.04";"3.89"
"Belfort Park Dr";"May 19, 2026, 20:00:00";"8.17";"66.83";"3.41"
"Belfort Park Dr";"May 19, 2026, 19:00:00";"1.38";"60.23";"3.07"
"Belfort Park Dr";"May 19, 2026, 18:00:00";"0";"78.39";"4.47"
"Belfort Park Dr";"May 19, 2026, 17:00:00";"0";"90.45";"5.46"
"Belfort Park Dr";"May 19, 2026, 16:00:00";"0";"103.71";"5.46"
"Belfort Park Dr";"May 19, 2026, 15:00:00";"0";"100.47";"5.41"
"Belfort Park Dr";"May 19, 2026, 14:00:00";"0";"106.26";"5.45"
"Belfort Park Dr";"May 19, 2026, 13:00:00";"0";"111.64";"5.36"
"Belfort Park Dr";"May 19, 2026, 12:00:00";"0";"109.37";"5.73"
"Belfort Park Dr";"May 19, 2026, 11:00:00";"0";"102.12";"6.28"
"Belfort Park Dr";"May 19, 2026, 10:00:00";"0.13";"91.68";"9.14"
"Belfort Park Dr";"May 19, 2026, 09:00:00";"9.1";"74.82";"10.07"
"Belfort Park Dr";"May 19, 2026, 08:00:00";"5.46";"60.95";"9.34"
"Belfort Park Dr";"May 19, 2026, 07:00:00";"5.8";"58.95";"9.81"
"Belfort Park Dr";"May 19, 2026, 06:00:00";"0.71";"57.91";"9.55"
"Belfort Park Dr";"May 19, 2026, 05:00:00";"0.04";"57.84";"9.83"
"Belfort Park Dr";"May 19, 2026, 04:00:00";"0";"59.6";"10.19"
"Belfort Park Dr";"May 19, 2026, 03:00:00";"0";"62.29";"10.4"
"Belfort Park Dr";"May 19, 2026, 02:00:00";"0";"66.36";"10.31"
"Belfort Park Dr";"May 19, 2026, 01:00:00";"0.24";"68.34";"10.13"
"Belfort Park Dr";"May 19, 2026, 00:00:00";"0";"71.57";"10.01"
"Belfort Park Dr";"May 18, 2026, 23:00:00";"0";"74.94";"9.32"
"Belfort Park Dr";"May 18, 2026, 22:00:00";"0";"80.68";"9.52"
"Belfort Park Dr";"May 18, 2026, 21:00:00";"0";"87.81";"9.95"
"Belfort Park Dr";"May 18, 2026, 20:00:00";"0";"89.06";"9.94"
"Belfort Park Dr";"May 18, 2026, 19:00:00";"0";"93.52";"9.88"
"Belfort Park Dr";"May 18, 2026, 18:00:00";"0";"99.87";"10"
"Belfort Park Dr";"May 18, 2026, 17:00:00";"0";"107.58";"8.75"
"Belfort Park Dr";"May 18, 2026, 16:00:00";"0";"115.21";"8.44"
"Belfort Park Dr";"May 18, 2026, 15:00:00";"0";"127.34";"7.81"
"Belfort Park Dr";"May 18, 2026, 14:00:00";"0";"141.19";"7.69"
"Belfort Park Dr";"May 18, 2026, 13:00:00";"0";"132.86";"9.31"
"Belfort Park Dr";"May 18, 2026, 12:00:00";"0";"122.4";"9.79"
"Belfort Park Dr";"May 18, 2026, 11:00:00";"4.16";"120.03";"10.52"
"Belfort Park Dr";"May 18, 2026, 10:00:00";"7.41";"106.09";"9.95"
"Belfort Park Dr";"May 18, 2026, 09:00:00";"13.29";"90.59";"9.01"
"Belfort Park Dr";"May 18, 2026, 08:00:00";"14.5";"95.04";"7.82"
"Belfort Park Dr";"May 18, 2026, 07:00:00";"14.61";"84";"9.4"
"Belfort Park Dr";"May 18, 2026, 06:00:00";"7.87";"75.25";"7.8"
"Belfort Park Dr";"May 18, 2026, 05:00:00";"0.1";"75.75";"7.94"
"Belfort Park Dr";"May 18, 2026, 04:00:00";"0.39";"69.54";"6.76"
"Belfort Park Dr";"May 18, 2026, 03:00:00";"0.39";"67.51";"6.47"
"Belfort Park Dr";"May 18, 2026, 02:00:00";"1.25";"63.45";"6.48"
"Belfort Park Dr";"May 18, 2026, 01:00:00";"1.22";"61.74";"6.04"
"Belfort Park Dr";"May 18, 2026, 00:00:00";"0";"61.42";"6.04"
"Belfort Park Dr";"May 17, 2026, 23:00:00";"0";"66.34";"5.52"
"Belfort Park Dr";"May 17, 2026, 22:00:00";"0";"70.29";"5.21"
"Belfort Park Dr";"May 17, 2026, 21:00:00";"0.45";"68.28";"4.84"
"Belfort Park Dr";"May 17, 2026, 20:00:00";"0.01";"72.68";"3.84"
"Belfort Park Dr";"May 17, 2026, 19:00:00";"0";"78.78";"3.84"
"Belfort Park Dr";"May 17, 2026, 18:00:00";"0";"83.9";"3.89"
"Belfort Park Dr";"May 17, 2026, 17:00:00";"0";"97.46";"3.44"
"Belfort Park Dr";"May 17, 2026, 16:00:00";"0";"98.93";"2.7"
"Belfort Park Dr";"May 17, 2026, 15:00:00";"0";"96.34";"2.56"
"Belfort Park Dr";"May 17, 2026, 14:00:00";"0";"91.37";"3.6"
"Belfort Park Dr";"May 17, 2026, 13:00:00";"0.07";"84.73";"4.74"
"Belfort Park Dr";"May 17, 2026, 12:00:00";"3";"84.59";"5.78"
"Belfort Park Dr";"May 17, 2026, 11:00:00";"9.82";"78.6";"5.98"
"Belfort Park Dr";"May 17, 2026, 10:00:00";"10.17";"80.1";"5.58"
"Belfort Park Dr";"May 17, 2026, 09:00:00";"4.36";"74.06";"4.77"
"Belfort Park Dr";"May 17, 2026, 08:00:00";"6.53";"71.49";"4.78"
"Belfort Park Dr";"May 17, 2026, 07:00:00";"0.71";"61.77";"8.32"
"Belfort Park Dr";"May 17, 2026, 06:00:00";"0.06";"59.71";"7.19"
"Belfort Park Dr";"May 17, 2026, 05:00:00";"0.03";"58.38";"6.53"
"Belfort Park Dr";"May 17, 2026, 04:00:00";"0.21";"59.54";"5.07"
"Belfort Park Dr";"May 17, 2026, 03:00:00";"0.78";"58.99";"4.92"
"Belfort Park Dr";"May 17, 2026, 02:00:00";"0.77";"58";"4.25"
"Belfort Park Dr";"May 17, 2026, 01:00:00";"2.28";"58.77";"3.35"
"Belfort Park Dr";"May 17, 2026, 00:00:00";"3.39";"58";"3.16"
"Belfort Park Dr";"May 16, 2026, 23:00:00";"3.7";"57.93";"3.42"
"Belfort Park Dr";"May 16, 2026, 22:00:00";"0.68";"55.84";"2.96"
"Belfort Park Dr";"May 16, 2026, 21:00:00";"0.19";"53.58";"3.42"
"Belfort Park Dr";"May 16, 2026, 20:00:00";"0.11";"51.25";"3.63"
"Belfort Park Dr";"May 16, 2026, 19:00:00";"0.12";"51.66";"2.32"
"Belfort Park Dr";"May 16, 2026, 18:00:00";"0";"53.46";"3.8"
"Belfort Park Dr";"May 16, 2026, 17:00:00";"0.11";"56.59";"2.96"
"Belfort Park Dr";"May 16, 2026, 16:00:00";"0";"58.8";"2.3"
"Belfort Park Dr";"May 16, 2026, 15:00:00";"0";"55.01";"1.55"
"Belfort Park Dr";"May 16, 2026, 14:00:00";"0";"51.01";"1.6"
"Belfort Park Dr";"May 16, 2026, 13:00:00";"0.11";"51.19";"2.35"
"Belfort Park Dr";"May 16, 2026, 12:00:00";"0.53";"47.4";"2.48"
"Belfort Park Dr";"May 16, 2026, 11:00:00";"2.62";"46.93";"2.87"
"Belfort Park Dr";"May 16, 2026, 10:00:00";"4.54";"48.09";"3.2"
"Belfort Park Dr";"May 16, 2026, 09:00:00";"6.92";"43.83";"3.52"
"Belfort Park Dr";"May 16, 2026, 08:00:00";"8.44";"36.57";"3.55"
"Belfort Park Dr";"May 16, 2026, 07:00:00";"5.03";"39.75";"4.75"
"Belfort Park Dr";"May 16, 2026, 06:00:00";"2.47";"37.36";"3.95"
"Belfort Park Dr";"May 16, 2026, 05:00:00";"2.26";"33.01";"2.97"
"Belfort Park Dr";"May 16, 2026, 04:00:00";"4.84";"40.12";"3.63"
"Belfort Park Dr";"May 16, 2026, 03:00:00";"5.94";"36.93";"3.05"
"Belfort Park Dr";"May 16, 2026, 02:00:00";"6.61";"35.71";"2.47"
"Belfort Park Dr";"May 16, 2026, 01:00:00";"5.63";"33.92";"2.43"
"Belfort Park Dr";"May 16, 2026, 00:00:00";"4.65";"35.8";"2.56"
"Belfort Park Dr";"May 15, 2026, 23:00:00";"8.09";"48.06";"7.94"
"Belfort Park Dr";"May 15, 2026, 22:00:00";"8.26";"43.7";"3.42"
"Belfort Park Dr";"May 15, 2026, 21:00:00";"4.02";"40.21";"1.93"
"Belfort Park Dr";"May 15, 2026, 20:00:00";"2.25";"38.27";"1.34"
"Belfort Park Dr";"May 15, 2026, 19:00:00";"0.92";"36.74";"1.56"
"Belfort Park Dr";"May 15, 2026, 18:00:00";"0.28";"36.17";"1.1"
"Belfort Park Dr";"May 15, 2026, 17:00:00";"0.1";"40.29";"1.14"
"Belfort Park Dr";"May 15, 2026, 16:00:00";"0";"41.5";"1.24"
"Belfort Park Dr";"May 15, 2026, 15:00:00";"0.01";"38.12";"1.63"
"Belfort Park Dr";"May 15, 2026, 14:00:00";"0";"36.18";"1.65"
"Belfort Park Dr";"May 15, 2026, 13:00:00";"0";"36.29";"1.78"
"Belfort Park Dr";"May 15, 2026, 12:00:00";"0.48";"37.72";"1.72"
"Belfort Park Dr";"May 15, 2026, 11:00:00";"0.8";"37.86";"1.52"
"Belfort Park Dr";"May 15, 2026, 10:00:00";"1.43";"32.51";"1.68"
"Belfort Park Dr";"May 15, 2026, 09:00:00";"1.98";"30.43";"2.52"
"Belfort Park Dr";"May 15, 2026, 08:00:00";"4.51";"29.74";"3.15"
"Belfort Park Dr";"May 15, 2026, 07:00:00";"4.05";"27.8";"3.24"
"Belfort Park Dr";"May 15, 2026, 06:00:00";"1.45";"27.36";"3.17"
"Belfort Park Dr";"May 15, 2026, 05:00:00";"0.49";"26.87";"3.03"
"Belfort Park Dr";"May 15, 2026, 04:00:00";"0.6";"27.31";"2.13"
"Belfort Park Dr";"May 15, 2026, 03:00:00";"0.81";"27.35";"1.65"
"Belfort Park Dr";"May 15, 2026, 02:00:00";"1.13";"26.21";"1.67"
"Belfort Park Dr";"May 15, 2026, 01:00:00";"0.97";"25.79";"2.09"
"Belfort Park Dr";"May 15, 2026, 00:00:00";"0.58";"25.48";"2.45"
"Belfort Park Dr";"May 14, 2026, 23:00:00";"0.64";"25.53";"4.16"
"Belfort Park Dr";"May 14, 2026, 22:00:00";"0.6";"25.67";"2.06"
"Belfort Park Dr";"May 14, 2026, 21:00:00";"0.5";"26.17";"0.98"
"Belfort Park Dr";"May 14, 2026, 20:00:00";"0.17";"27.33";"0.95"
"Belfort Park Dr";"May 14, 2026, 19:00:00";"0.04";"29.29";"0.76"
"Belfort Park Dr";"May 14, 2026, 18:00:00";"1.2";"32.42";"0.97"
"Belfort Park Dr";"May 14, 2026, 17:00:00";"0.23";"35.11";"1.03"
"Belfort Park Dr";"May 14, 2026, 16:00:00";"0.49";"37.45";"0.97"
"Belfort Park Dr";"May 14, 2026, 15:00:00";"0.31";"37.9";"1.24"
"Belfort Park Dr";"May 14, 2026, 14:00:00";"0.4";"36.95";"1.39"
"Belfort Park Dr";"May 14, 2026, 13:00:00";"0.13";"40.17";"2.05"
"Belfort Park Dr";"May 14, 2026, 12:00:00";"0.09";"46.33";"2.9"
"Belfort Park Dr";"May 14, 2026, 11:00:00";"0.31";"48.44";"3.22"