sep=;
"Location";"Date";"AQI";"NO2 (ppb)";"CO (ppm)";"VOCs (ppb)";"PM2.5 (µg/m³)"
"Belfort Park Dr";"Sep 11, 2026, 23:00:00";"31";"6.4";"0.2";"47.91";"5.04"
"Belfort Park Dr";"Sep 11, 2026, 22:00:00";"33";"7.05";"0.22";"43.35";"5.24"
"Belfort Park Dr";"Sep 11, 2026, 21:00:00";"34";"6.62";"0.25";"41.77";"7"
"Belfort Park Dr";"Sep 11, 2026, 20:00:00";"33";"6.02";"0.25";"41.22";"6.04"
"Belfort Park Dr";"Sep 11, 2026, 19:00:00";"31";"3.43";"0.2";"46.95";"5.87"
"Belfort Park Dr";"Sep 11, 2026, 18:00:00";"30";"1.11";"0.19";"52.57";"5.37"
"Belfort Park Dr";"Sep 11, 2026, 17:00:00";"29";"0.16";"0.18";"52.51";"4.94"
"Belfort Park Dr";"Sep 11, 2026, 16:00:00";"31";"0.8";"0.17";"52.41";"5.28"
"Belfort Park Dr";"Sep 11, 2026, 15:00:00";"33";"0.45";"0.17";"54.68";"5.02"
"Belfort Park Dr";"Sep 11, 2026, 14:00:00";"37";"0.6";"0.19";"54.08";"6.03"
"Belfort Park Dr";"Sep 11, 2026, 13:00:00";"40";"1.08";"0.16";"57.36";"6.64"
"Belfort Park Dr";"Sep 11, 2026, 12:00:00";"44";"2.4";"0.15";"62.58";"6.95"
"Belfort Park Dr";"Sep 11, 2026, 11:00:00";"49";"5.26";"0.18";"64.7";"6.45"
"Belfort Park Dr";"Sep 11, 2026, 10:00:00";"55";"8.28";"0.18";"70.58";"6.4"
"Belfort Park Dr";"Sep 11, 2026, 09:00:00";"64";"13.24";"0.26";"76.18";"14.02"
"Belfort Park Dr";"Sep 11, 2026, 08:00:00";"66";"9.07";"0.16";"63.6";"18.81"
"Belfort Park Dr";"Sep 11, 2026, 07:00:00";"63";"5.97";"0.1";"54.87";"15.34"
"Belfort Park Dr";"Sep 11, 2026, 06:00:00";"64";"5.06";"0.09";"48.21";"16.2"
"Belfort Park Dr";"Sep 11, 2026, 05:00:00";"63";"3.06";"0.1";"44.85";"16.73"
"Belfort Park Dr";"Sep 11, 2026, 04:00:00";"60";"3.25";"0.11";"28.96";"16.8"
"Belfort Park Dr";"Sep 11, 2026, 03:00:00";"54";"1.62";"0.11";"22.48";"11.17"
"Belfort Park Dr";"Sep 11, 2026, 02:00:00";"54";"1.19";"0.11";"22.94";"10.8"
"Belfort Park Dr";"Sep 11, 2026, 01:00:00";"52";"1.34";"0.12";"22.06";"10.14"
"Belfort Park Dr";"Sep 11, 2026, 00:00:00";"52";"2.47";"0.14";"23.09";"9.95"
"Belfort Park Dr";"Sep 10, 2026, 23:00:00";"48";"1.97";"0.19";"24.69";"8.87"
"Belfort Park Dr";"Sep 10, 2026, 22:00:00";"45";"1.89";"0.17";"24.88";"8.44"
"Belfort Park Dr";"Sep 10, 2026, 21:00:00";"44";"4.12";"0.24";"28.39";"7.95"
"Belfort Park Dr";"Sep 10, 2026, 20:00:00";"44";"3.16";"0.2";"29.39";"9.72"
"Belfort Park Dr";"Sep 10, 2026, 19:00:00";"34";"2.78";"0.2";"33.89";"6.86"
"Belfort Park Dr";"Sep 10, 2026, 18:00:00";"30";"0.92";"0.19";"35.12";"6.11"
"Belfort Park Dr";"Sep 10, 2026, 17:00:00";"26";"0.68";"0.2";"39.65";"4.64"
"Belfort Park Dr";"Sep 10, 2026, 16:00:00";"26";"1.01";"0.23";"41.8";"4.94"
"Belfort Park Dr";"Sep 10, 2026, 15:00:00";"25";"0.13";"0.21";"41.96";"4.96"
"Belfort Park Dr";"Sep 10, 2026, 14:00:00";"22";"0.35";"0.2";"44.56";"3.4"
"Belfort Park Dr";"Sep 10, 2026, 13:00:00";"25";"0.09";"0.19";"45.88";"3.64"
"Belfort Park Dr";"Sep 10, 2026, 12:00:00";"30";"0.54";"0.19";"46.03";"4.02"
"Belfort Park Dr";"Sep 10, 2026, 11:00:00";"34";"6.61";"0.24";"38.84";"6.62"
"Belfort Park Dr";"Sep 10, 2026, 10:00:00";"32";"15.99";"0.31";"33.59";"6.47"
"Belfort Park Dr";"Sep 10, 2026, 09:00:00";"30";"13.88";"0.23";"23.8";"5.93"
"Belfort Park Dr";"Sep 10, 2026, 08:00:00";"29";"16.49";"0.22";"22.93";"6.02"
"Belfort Park Dr";"Sep 10, 2026, 07:00:00";"27";"10.51";"0.19";"20.87";"5.27"
"Belfort Park Dr";"Sep 10, 2026, 06:00:00";"27";"4";"0.14";"16.11";"4.9"
"Belfort Park Dr";"Sep 10, 2026, 05:00:00";"27";"4.51";"0.14";"11.58";"4.56"
"Belfort Park Dr";"Sep 10, 2026, 04:00:00";"27";"4.25";"0.13";"9.41";"4.6"
"Belfort Park Dr";"Sep 10, 2026, 03:00:00";"27";"3.69";"0.13";"7.56";"4.45"
"Belfort Park Dr";"Sep 10, 2026, 02:00:00";"28";"4.19";"0.14";"6.91";"4.51"
"Belfort Park Dr";"Sep 10, 2026, 01:00:00";"28";"4.12";"0.14";"8.58";"4.88"
"Belfort Park Dr";"Sep 10, 2026, 00:00:00";"29";"8.18";"0.18";"10.97";"4.77"
"Belfort Park Dr";"Sep 9, 2026, 23:00:00";"29";"3.79";"0.19";"14.95";"5.03"
"Belfort Park Dr";"Sep 9, 2026, 22:00:00";"29";"3.87";"0.21";"18.08";"5.38"
"Belfort Park Dr";"Sep 9, 2026, 21:00:00";"29";"3.18";"0.22";"21.16";"5.03"
"Belfort Park Dr";"Sep 9, 2026, 20:00:00";"29";"3.75";"0.22";"22.17";"5.16"
"Belfort Park Dr";"Sep 9, 2026, 19:00:00";"30";"5.92";"0.22";"23.56";"5.79"
"Belfort Park Dr";"Sep 9, 2026, 18:00:00";"29";"3.22";"0.21";"23.77";"5.53"
"Belfort Park Dr";"Sep 9, 2026, 17:00:00";"28";"1.23";"0.21";"23.49";"5.14"
"Belfort Park Dr";"Sep 9, 2026, 16:00:00";"28";"0.03";"0.19";"20.9";"4.74"
"Belfort Park Dr";"Sep 9, 2026, 15:00:00";"29";"0.13";"0.18";"23.05";"4.88"
"Belfort Park Dr";"Sep 9, 2026, 14:00:00";"29";"0.38";"0.17";"24.32";"5.19"
"Belfort Park Dr";"Sep 9, 2026, 13:00:00";"30";"0";"0.17";"25.99";"5.45"
"Belfort Park Dr";"Sep 9, 2026, 12:00:00";"29";"0.67";"0.19";"30.39";"5.67"
"Belfort Park Dr";"Sep 9, 2026, 11:00:00";"28";"2.99";"0.19";"25.53";"5.53"
"Belfort Park Dr";"Sep 9, 2026, 10:00:00";"26";"8";"0.2";"24.34";"5.09"
"Belfort Park Dr";"Sep 9, 2026, 09:00:00";"24";"8.09";"0.17";"31.77";"4.75"
"Belfort Park Dr";"Sep 9, 2026, 08:00:00";"24";"10.13";"0.16";"32.19";"4.71"
"Belfort Park Dr";"Sep 9, 2026, 07:00:00";"23";"10.45";"0.15";"30.93";"4.66"
"Belfort Park Dr";"Sep 9, 2026, 06:00:00";"22";"7.28";"0.14";"30.34";"4.29"
"Belfort Park Dr";"Sep 9, 2026, 05:00:00";"22";"4.66";"0.12";"30.18";"3.98"
"Belfort Park Dr";"Sep 9, 2026, 04:00:00";"22";"4.6";"0.12";"25.81";"3.64"
"Belfort Park Dr";"Sep 9, 2026, 03:00:00";"22";"4.44";"0.13";"24.23";"3.58"
"Belfort Park Dr";"Sep 9, 2026, 02:00:00";"22";"3.74";"0.14";"24.62";"3.65"
"Belfort Park Dr";"Sep 9, 2026, 01:00:00";"23";"8.88";"0.17";"21.19";"3.86"
"Belfort Park Dr";"Sep 9, 2026, 00:00:00";"23";"14.73";"0.23";"17.61";"3.87"
"Belfort Park Dr";"Sep 8, 2026, 23:00:00";"24";"9.71";"0.23";"14.63";"4.06"
"Belfort Park Dr";"Sep 8, 2026, 22:00:00";"24";"8.64";"0.25";"17.17";"4"
"Belfort Park Dr";"Sep 8, 2026, 21:00:00";"24";"6.98";"0.24";"16.34";"4.41"
"Belfort Park Dr";"Sep 8, 2026, 20:00:00";"24";"4.93";"0.22";"16.44";"4.42"
"Belfort Park Dr";"Sep 8, 2026, 19:00:00";"24";"2.78";"0.21";"21.92";"4.71"
"Belfort Park Dr";"Sep 8, 2026, 18:00:00";"23";"2.78";"0.18";"15.25";"4.01"
"Belfort Park Dr";"Sep 8, 2026, 17:00:00";"23";"0.05";"0.16";"13.36";"4.14"
"Belfort Park Dr";"Sep 8, 2026, 16:00:00";"24";"0.48";"0.18";"18.72";"4.08"
"Belfort Park Dr";"Sep 8, 2026, 15:00:00";"24";"0.19";"0.17";"18.54";"4.17"
"Belfort Park Dr";"Sep 8, 2026, 14:00:00";"25";"0";"0.17";"22.4";"4.29"
"Belfort Park Dr";"Sep 8, 2026, 13:00:00";"27";"0";"0.17";"24.04";"4.42"
"Belfort Park Dr";"Sep 8, 2026, 12:00:00";"28";"0.3";"0.17";"25.19";"5.23"
"Belfort Park Dr";"Sep 8, 2026, 11:00:00";"27";"2.92";"0.21";"27.9";"4.45"
"Belfort Park Dr";"Sep 8, 2026, 10:00:00";"28";"12.44";"0.33";"42.53";"4.51"
"Belfort Park Dr";"Sep 8, 2026, 09:00:00";"30";"11.86";"0.33";"45.43";"3.91"
"Belfort Park Dr";"Sep 8, 2026, 08:00:00";"38";"10.01";"0.24";"35.23";"6.88"
"Belfort Park Dr";"Sep 8, 2026, 07:00:00";"38";"7.15";"0.22";"33.33";"7.44"
"Belfort Park Dr";"Sep 8, 2026, 06:00:00";"35";"5.89";"0.1";"28.09";"7.19"
"Belfort Park Dr";"Sep 8, 2026, 05:00:00";"31";"4.69";"0.1";"27.74";"6.59"
"Belfort Park Dr";"Sep 8, 2026, 04:00:00";"25";"5.39";"0.1";"25.17";"4.97"
"Belfort Park Dr";"Sep 8, 2026, 03:00:00";"22";"5.68";"0.11";"23.29";"4.25"
"Belfort Park Dr";"Sep 8, 2026, 02:00:00";"19";"4.6";"0.12";"21.91";"3.88"
"Belfort Park Dr";"Sep 8, 2026, 01:00:00";"17";"6.47";"0.15";"19.26";"3.14"
"Belfort Park Dr";"Sep 8, 2026, 00:00:00";"17";"7.03";"0.15";"19.44";"2.94"
"Belfort Park Dr";"Sep 7, 2026, 23:00:00";"17";"7.58";"0.16";"21";"2.97"
"Belfort Park Dr";"Sep 7, 2026, 22:00:00";"18";"9.52";"0.21";"19.05";"3.15"
"Belfort Park Dr";"Sep 7, 2026, 21:00:00";"17";"0";"0";"0";"3.31"
"Belfort Park Dr";"Sep 7, 2026, 20:00:00";"16";"6.2";"0.19";"5.78";"3.61"
"Belfort Park Dr";"Sep 7, 2026, 19:00:00";"12";"4.22";"0.15";"0.87";"2.25"
"Belfort Park Dr";"Sep 7, 2026, 18:00:00";"10";"1.24";"0.15";"1.94";"1.75"
"Belfort Park Dr";"Sep 7, 2026, 17:00:00";"10";"0.17";"0.14";"3.45";"1.77"
"Belfort Park Dr";"Sep 7, 2026, 16:00:00";"10";"1.01";"0.14";"4.94";"1.75"
"Belfort Park Dr";"Sep 7, 2026, 15:00:00";"10";"1.17";"0.13";"6.74";"1.57"
"Belfort Park Dr";"Sep 7, 2026, 14:00:00";"12";"0.14";"0.12";"7.82";"1.7"
"Belfort Park Dr";"Sep 7, 2026, 13:00:00";"13";"0";"0.12";"14.88";"1.9"
"Belfort Park Dr";"Sep 7, 2026, 12:00:00";"16";"0";"0.13";"21.27";"2.22"
"Belfort Park Dr";"Sep 7, 2026, 11:00:00";"19";"0";"0.14";"23.74";"2.98"
"Belfort Park Dr";"Sep 7, 2026, 10:00:00";"22";"2.91";"0.14";"31.53";"2.88"
"Belfort Park Dr";"Sep 7, 2026, 09:00:00";"28";"4.89";"0.11";"39.48";"2.93"
"Belfort Park Dr";"Sep 7, 2026, 08:00:00";"40";"4.33";"0.08";"32.78";"7.27"
"Belfort Park Dr";"Sep 7, 2026, 07:00:00";"40";"4.18";"0.08";"31.53";"8.65"
"Belfort Park Dr";"Sep 7, 2026, 06:00:00";"33";"3.37";"0.09";"31.69";"5.89"
"Belfort Park Dr";"Sep 7, 2026, 05:00:00";"33";"3.74";"0.08";"32.47";"5.62"
"Belfort Park Dr";"Sep 7, 2026, 04:00:00";"34";"3.86";"0.1";"32.3";"5.39"
"Belfort Park Dr";"Sep 7, 2026, 03:00:00";"38";"4.55";"0.15";"33.06";"7.77"
"Belfort Park Dr";"Sep 7, 2026, 02:00:00";"32";"5.3";"0.18";"31.55";"6.38"
"Belfort Park Dr";"Sep 7, 2026, 01:00:00";"27";"6.84";"0.23";"32.79";"5.11"
"Belfort Park Dr";"Sep 7, 2026, 00:00:00";"26";"7.43";"0.29";"34.03";"5.01"
"Belfort Park Dr";"Sep 6, 2026, 23:00:00";"24";"5.1";"0.19";"27.13";"3.87"
"Belfort Park Dr";"Sep 6, 2026, 22:00:00";"27";"5.26";"0.21";"21.44";"3.17"
"Belfort Park Dr";"Sep 6, 2026, 21:00:00";"36";"5.14";"0.21";"13.8";"2.83"
"Belfort Park Dr";"Sep 6, 2026, 20:00:00";"53";"6.31";"0.21";"9.86";"12.57"
"Belfort Park Dr";"Sep 6, 2026, 19:00:00";"43";"4.35";"0.21";"10.06";"13.49"
"Belfort Park Dr";"Sep 6, 2026, 18:00:00";"11";"1.65";"0.17";"12.9";"2.35"
"Belfort Park Dr";"Sep 6, 2026, 17:00:00";"9";"0.66";"0.16";"13.21";"1.53"
"Belfort Park Dr";"Sep 6, 2026, 16:00:00";"9";"0";"0.16";"15.43";"1.47"
"Belfort Park Dr";"Sep 6, 2026, 15:00:00";"10";"0";"0.15";"18.93";"1.61"
"Belfort Park Dr";"Sep 6, 2026, 14:00:00";"12";"0";"0.16";"23.36";"1.75"
"Belfort Park Dr";"Sep 6, 2026, 13:00:00";"13";"0";"0.15";"28.65";"1.91"
"Belfort Park Dr";"Sep 6, 2026, 12:00:00";"15";"0";"0.14";"32.98";"2.42"
"Belfort Park Dr";"Sep 6, 2026, 11:00:00";"18";"0";"0.13";"36.11";"2.72"
"Belfort Park Dr";"Sep 6, 2026, 10:00:00";"20";"1.9";"0.13";"39.78";"2.4"
"Belfort Park Dr";"Sep 6, 2026, 09:00:00";"27";"4.78";"0.11";"48.95";"2.51"
"Belfort Park Dr";"Sep 6, 2026, 08:00:00";"40";"3.93";"0.15";"44.56";"7.12"
"Belfort Park Dr";"Sep 6, 2026, 07:00:00";"40";"3.45";"0.1";"42.83";"9.02"
"Belfort Park Dr";"Sep 6, 2026, 06:00:00";"30";"3.13";"0.1";"44.22";"5.6"
"Belfort Park Dr";"Sep 6, 2026, 05:00:00";"29";"2.93";"0.09";"44.29";"4.45"
"Belfort Park Dr";"Sep 6, 2026, 04:00:00";"32";"2.82";"0.09";"43.13";"5.53"
"Belfort Park Dr";"Sep 6, 2026, 03:00:00";"32";"3.5";"0.13";"46.42";"6.63"
"Belfort Park Dr";"Sep 6, 2026, 02:00:00";"29";"5.61";"0.19";"49.44";"6.15"
"Belfort Park Dr";"Sep 6, 2026, 01:00:00";"27";"4.59";"0.18";"45.29";"5.25"
"Belfort Park Dr";"Sep 6, 2026, 00:00:00";"27";"4.39";"0.17";"41.8";"4.39"
"Belfort Park Dr";"Sep 5, 2026, 23:00:00";"27";"2.92";"0.17";"37.28";"4.52"
"Belfort Park Dr";"Sep 5, 2026, 22:00:00";"28";"2.93";"0.19";"37.56";"4.76"
"Belfort Park Dr";"Sep 5, 2026, 21:00:00";"28";"2.62";"0.18";"40.14";"4.99"
"Belfort Park Dr";"Sep 5, 2026, 20:00:00";"29";"2.66";"0.2";"45.22";"4.63"
"Belfort Park Dr";"Sep 5, 2026, 19:00:00";"29";"0.8";"0.16";"46.59";"4.69"
"Belfort Park Dr";"Sep 5, 2026, 18:00:00";"30";"0.29";"0.19";"53.15";"5.96"
"Belfort Park Dr";"Sep 5, 2026, 17:00:00";"29";"0.24";"0.18";"60.08";"5.03"
"Belfort Park Dr";"Sep 5, 2026, 16:00:00";"30";"0";"0.18";"65.81";"5.52"
"Belfort Park Dr";"Sep 5, 2026, 15:00:00";"29";"0";"0.17";"67.26";"5.08"
"Belfort Park Dr";"Sep 5, 2026, 14:00:00";"30";"0.13";"0.16";"70.52";"5.47"
"Belfort Park Dr";"Sep 5, 2026, 13:00:00";"30";"0.1";"0.21";"71.32";"5.28"
"Belfort Park Dr";"Sep 5, 2026, 12:00:00";"30";"0";"0.17";"65.44";"5.49"
"Belfort Park Dr";"Sep 5, 2026, 11:00:00";"30";"0.24";"0.15";"71.13";"5.21"
"Belfort Park Dr";"Sep 5, 2026, 10:00:00";"30";"0.64";"0.17";"75.63";"5.63"
"Belfort Park Dr";"Sep 5, 2026, 09:00:00";"30";"2.45";"0.17";"75.58";"4.86"
"Belfort Park Dr";"Sep 5, 2026, 08:00:00";"33";"4.33";"0.14";"71.82";"5.73"
"Belfort Park Dr";"Sep 5, 2026, 07:00:00";"33";"3.57";"0.11";"65.59";"7.12"
"Belfort Park Dr";"Sep 5, 2026, 06:00:00";"27";"2.56";"0.13";"65.23";"5.29"
"Belfort Park Dr";"Sep 5, 2026, 05:00:00";"24";"1.8";"0.1";"61.67";"4.18"
"Belfort Park Dr";"Sep 5, 2026, 04:00:00";"25";"1.53";"0.15";"63.05";"4.35"
"Belfort Park Dr";"Sep 5, 2026, 03:00:00";"27";"1.98";"0.17";"63.85";"4.95"
"Belfort Park Dr";"Sep 5, 2026, 02:00:00";"25";"4.03";"0.13";"63.38";"4.71"
"Belfort Park Dr";"Sep 5, 2026, 01:00:00";"24";"6.57";"0.15";"64.53";"4.5"
"Belfort Park Dr";"Sep 5, 2026, 00:00:00";"22";"9.22";"0.18";"66.43";"4.21"
"Belfort Park Dr";"Sep 4, 2026, 23:00:00";"21";"10.12";"0.2";"64.14";"3.86"
"Belfort Park Dr";"Sep 4, 2026, 22:00:00";"20";"10.28";"0.2";"61.55";"3.92"
"Belfort Park Dr";"Sep 4, 2026, 21:00:00";"19";"3.51";"0.16";"59.84";"3.51"
"Belfort Park Dr";"Sep 4, 2026, 20:00:00";"19";"7.35";"0.17";"62.43";"3.38"
"Belfort Park Dr";"Sep 4, 2026, 19:00:00";"19";"3.75";"0.2";"64.56";"2.69"
"Belfort Park Dr";"Sep 4, 2026, 18:00:00";"22";"2.92";"0.19";"70.3";"2.88"
"Belfort Park Dr";"Sep 4, 2026, 17:00:00";"28";"3.94";"0.23";"95.21";"4.99"
"Belfort Park Dr";"Sep 4, 2026, 16:00:00";"29";"1.06";"0.29";"97.61";"5.45"
"Belfort Park Dr";"Sep 4, 2026, 15:00:00";"27";"0";"0.29";"92.07";"5.3"
"Belfort Park Dr";"Sep 4, 2026, 14:00:00";"25";"0";"0.27";"90.52";"4.66"
"Belfort Park Dr";"Sep 4, 2026, 13:00:00";"24";"0";"0.21";"88.9";"3.95"
"Belfort Park Dr";"Sep 4, 2026, 12:00:00";"25";"0";"0.19";"98.36";"4.02"
"Belfort Park Dr";"Sep 4, 2026, 11:00:00";"27";"0";"0.18";"115.18";"3.8"
"Belfort Park Dr";"Sep 4, 2026, 10:00:00";"33";"3.28";"0.2";"115.81";"3.79"
"Belfort Park Dr";"Sep 4, 2026, 09:00:00";"45";"8.87";"0.18";"102.91";"4.93"
"Belfort Park Dr";"Sep 4, 2026, 08:00:00";"56";"8.24";"0.18";"96.23";"9.7"
"Belfort Park Dr";"Sep 4, 2026, 07:00:00";"59";"8.1";"0.18";"98.33";"14.11"
"Belfort Park Dr";"Sep 4, 2026, 06:00:00";"57";"12.59";"0.22";"95.36";"10.39"
"Belfort Park Dr";"Sep 4, 2026, 05:00:00";"60";"7.71";"0.1";"89.32";"14.43"
"Belfort Park Dr";"Sep 4, 2026, 04:00:00";"58";"5.04";"0.08";"83.1";"12.83"
"Belfort Park Dr";"Sep 4, 2026, 03:00:00";"59";"5";"0.08";"80.95";"15.87"
"Belfort Park Dr";"Sep 4, 2026, 02:00:00";"54";"7.96";"0.08";"73.43";"11.05"
"Belfort Park Dr";"Sep 4, 2026, 01:00:00";"52";"5.48";"0.08";"61.3";"8.16"
"Belfort Park Dr";"Sep 4, 2026, 00:00:00";"54";"2.38";"0.12";"78.44";"9.92"
"Belfort Park Dr";"Sep 3, 2026, 23:00:00";"55";"2.35";"0.28";"117.6";"10.47"
"Belfort Park Dr";"Sep 3, 2026, 22:00:00";"55";"6.58";"0.31";"110.69";"10.86"
"Belfort Park Dr";"Sep 3, 2026, 21:00:00";"55";"5.91";"0.3";"112.07";"11.33"
"Belfort Park Dr";"Sep 3, 2026, 20:00:00";"55";"4.37";"0.29";"115.01";"10.95"
"Belfort Park Dr";"Sep 3, 2026, 19:00:00";"56";"1.89";"0.26";"104.5";"11.44"
"Belfort Park Dr";"Sep 3, 2026, 18:00:00";"56";"0.99";"0.23";"90.71";"12.09"
"Belfort Park Dr";"Sep 3, 2026, 17:00:00";"54";"0";"0.23";"91.79";"11.95"
"Belfort Park Dr";"Sep 3, 2026, 16:00:00";"53";"0";"0.24";"100.17";"11.35"
"Belfort Park Dr";"Sep 3, 2026, 15:00:00";"45";"0";"0.21";"103.46";"8.95"
"Belfort Park Dr";"Sep 3, 2026, 14:00:00";"41";"0";"0.18";"98.45";"7.35"
"Belfort Park Dr";"Sep 3, 2026, 13:00:00";"41";"0.11";"0.21";"110.66";"6.92"
"Belfort Park Dr";"Sep 3, 2026, 12:00:00";"43";"1.37";"0.2";"107.53";"8.28"
"Belfort Park Dr";"Sep 3, 2026, 11:00:00";"40";"1.99";"0.2";"108.5";"7.25"
"Belfort Park Dr";"Sep 3, 2026, 10:00:00";"39";"3.93";"0.23";"92.63";"7.66"
"Belfort Park Dr";"Sep 3, 2026, 09:00:00";"37";"3.86";"0.25";"89.28";"6.29"
"Belfort Park Dr";"Sep 3, 2026, 08:00:00";"38";"6.52";"0.22";"86.99";"7.29"
"Belfort Park Dr";"Sep 3, 2026, 07:00:00";"35";"7.54";"0.27";"83.5";"6.84"
"Belfort Park Dr";"Sep 3, 2026, 06:00:00";"33";"4.8";"0.14";"80.41";"6.95"
"Belfort Park Dr";"Sep 3, 2026, 05:00:00";"27";"3.65";"0.1";"77.78";"4.86"
"Belfort Park Dr";"Sep 3, 2026, 04:00:00";"27";"5.44";"0.12";"77.12";"4.08"
"Belfort Park Dr";"Sep 3, 2026, 03:00:00";"32";"7.53";"0.19";"78.6";"4.72"
"Belfort Park Dr";"Sep 3, 2026, 02:00:00";"37";"9.47";"0.29";"95.17";"6.69"
"Belfort Park Dr";"Sep 3, 2026, 01:00:00";"36";"7.19";"0.28";"89.3";"6.49"
"Belfort Park Dr";"Sep 3, 2026, 00:00:00";"37";"5.37";"0.21";"81.26";"7.01"
"Belfort Park Dr";"Sep 2, 2026, 23:00:00";"33";"7.71";"0.18";"79.59";"6.11"
"Belfort Park Dr";"Sep 2, 2026, 22:00:00";"33";"8.77";"0.18";"78.06";"6.46"
"Belfort Park Dr";"Sep 2, 2026, 21:00:00";"29";"4.62";"0.19";"78.32";"6.39"
"Belfort Park Dr";"Sep 2, 2026, 20:00:00";"23";"10.25";"0.23";"73.07";"4.96"
"Belfort Park Dr";"Sep 2, 2026, 19:00:00";"18";"3.69";"0.18";"65.59";"2.81"
"Belfort Park Dr";"Sep 2, 2026, 18:00:00";"21";"4.18";"0.22";"77.34";"2.74"
"Belfort Park Dr";"Sep 2, 2026, 17:00:00";"27";"17.61";"0.32";"75.22";"4.25"
"Belfort Park Dr";"Sep 2, 2026, 16:00:00";"30";"4.75";"0.21";"68.14";"3.8"
"Belfort Park Dr";"Sep 2, 2026, 15:00:00";"39";"6.6";"0.18";"79.01";"3.98"
"Belfort Park Dr";"Sep 2, 2026, 14:00:00";"53";"1.52";"0.26";"105.12";"10.1"
"Belfort Park Dr";"Sep 2, 2026, 13:00:00";"52";"0";"0.29";"113.31";"11.02"
"Belfort Park Dr";"Sep 2, 2026, 12:00:00";"48";"0";"0.24";"110.75";"9.82"
"Belfort Park Dr";"Sep 2, 2026, 11:00:00";"44";"0";"0.22";"112.44";"8.57"
"Belfort Park Dr";"Sep 2, 2026, 10:00:00";"42";"0.62";"0.23";"110.8";"6.97"
"Belfort Park Dr";"Sep 2, 2026, 09:00:00";"42";"7.48";"0.27";"95.32";"6.3"
"Belfort Park Dr";"Sep 2, 2026, 08:00:00";"47";"12.22";"0.29";"84.83";"8.63"
"Belfort Park Dr";"Sep 2, 2026, 07:00:00";"47";"9.29";"0.27";"77.83";"8.97"
"Belfort Park Dr";"Sep 2, 2026, 06:00:00";"45";"6.57";"0.18";"70.32";"8.01"
"Belfort Park Dr";"Sep 2, 2026, 05:00:00";"45";"4.05";"0.13";"63.73";"7.81"
"Belfort Park Dr";"Sep 2, 2026, 04:00:00";"46";"4.7";"0.13";"61.05";"7.86"
"Belfort Park Dr";"Sep 2, 2026, 03:00:00";"47";"5.89";"0.14";"61.5";"8.08"
"Belfort Park Dr";"Sep 2, 2026, 02:00:00";"49";"1.55";"0.11";"61.76";"8.72"
"Belfort Park Dr";"Sep 2, 2026, 01:00:00";"49";"0.38";"0.12";"64.96";"7.88"
"Belfort Park Dr";"Sep 2, 2026, 00:00:00";"52";"0.15";"0.12";"67.93";"8.09"
"Belfort Park Dr";"Sep 1, 2026, 23:00:00";"54";"0.31";"0.14";"72.8";"9.02"
"Belfort Park Dr";"Sep 1, 2026, 22:00:00";"57";"1.07";"0.18";"84.4";"10.75"
"Belfort Park Dr";"Sep 1, 2026, 21:00:00";"58";"0.93";"0.19";"94.26";"11.31"
"Belfort Park Dr";"Sep 1, 2026, 20:00:00";"58";"0.36";"0.2";"102.19";"11.59"
"Belfort Park Dr";"Sep 1, 2026, 19:00:00";"59";"2";"0.22";"106.8";"12.85"
"Belfort Park Dr";"Sep 1, 2026, 18:00:00";"59";"1.77";"0.23";"99.5";"13.02"
"Belfort Park Dr";"Sep 1, 2026, 17:00:00";"58";"0";"0.24";"102.77";"12.8"
"Belfort Park Dr";"Sep 1, 2026, 16:00:00";"59";"0.35";"0.23";"111.79";"13.33"
"Belfort Park Dr";"Sep 1, 2026, 15:00:00";"58";"0.9";"0.23";"120.58";"13.41"
"Belfort Park Dr";"Sep 1, 2026, 14:00:00";"58";"0";"0.22";"123.49";"13.01"
"Belfort Park Dr";"Sep 1, 2026, 13:00:00";"57";"0";"0.21";"130.14";"13.18"
"Belfort Park Dr";"Sep 1, 2026, 12:00:00";"57";"0";"0.19";"130.66";"13.22"
"Belfort Park Dr";"Sep 1, 2026, 11:00:00";"56";"0";"0.17";"133.19";"12.37"
"Belfort Park Dr";"Sep 1, 2026, 10:00:00";"55";"0.54";"0.18";"133.37";"11.01"
"Belfort Park Dr";"Sep 1, 2026, 09:00:00";"54";"10.11";"0.23";"124.73";"9.68"
"Belfort Park Dr";"Sep 1, 2026, 08:00:00";"56";"16.26";"0.29";"125.57";"10.62"
"Belfort Park Dr";"Sep 1, 2026, 07:00:00";"57";"13.34";"0.26";"117.6";"11.82"
"Belfort Park Dr";"Sep 1, 2026, 06:00:00";"57";"8.09";"0.18";"120.18";"11.91"
"Belfort Park Dr";"Sep 1, 2026, 05:00:00";"57";"2.88";"0.15";"118.1";"10.87"
"Belfort Park Dr";"Sep 1, 2026, 04:00:00";"57";"5.01";"0.18";"114.78";"11.66"
"Belfort Park Dr";"Sep 1, 2026, 03:00:00";"58";"7.73";"0.21";"110.65";"12.89"
"Belfort Park Dr";"Sep 1, 2026, 02:00:00";"58";"7.06";"0.18";"102.43";"12.4"
"Belfort Park Dr";"Sep 1, 2026, 01:00:00";"58";"4.81";"0.15";"101.05";"11.03"
"Belfort Park Dr";"Sep 1, 2026, 00:00:00";"59";"11.34";"0.23";"108.51";"12.15"
"Belfort Park Dr";"Aug 31, 2026, 23:00:00";"60";"15.23";"0.32";"104.15";"13.93"
"Belfort Park Dr";"Aug 31, 2026, 22:00:00";"61";"8.28";"0.31";"105.55";"15.42"
"Belfort Park Dr";"Aug 31, 2026, 21:00:00";"59";"5.57";"0.26";"103.69";"14.25"
"Belfort Park Dr";"Aug 31, 2026, 20:00:00";"58";"4.36";"0.27";"110.78";"13.48"
"Belfort Park Dr";"Aug 31, 2026, 19:00:00";"57";"1.81";"0.24";"114.16";"12.18"
"Belfort Park Dr";"Aug 31, 2026, 18:00:00";"57";"0.8";"0.24";"118.69";"11.6"
"Belfort Park Dr";"Aug 31, 2026, 17:00:00";"59";"2.52";"0.25";"122.52";"12.91"
"Belfort Park Dr";"Aug 31, 2026, 16:00:00";"59";"1.96";"0.24";"125.7";"12.89"
"Belfort Park Dr";"Aug 31, 2026, 15:00:00";"59";"0.1";"0.2";"124.92";"13.84"
"Belfort Park Dr";"Aug 31, 2026, 14:00:00";"57";"0";"0.18";"130.55";"12.92"
"Belfort Park Dr";"Aug 31, 2026, 13:00:00";"56";"0";"0.18";"137.28";"12.01"
"Belfort Park Dr";"Aug 31, 2026, 12:00:00";"55";"0.1";"0.17";"134.07";"11.78"
"Belfort Park Dr";"Aug 31, 2026, 11:00:00";"53";"0.14";"0.18";"130.99";"9.03"
"Belfort Park Dr";"Aug 31, 2026, 10:00:00";"55";"2.48";"0.16";"112.39";"8.39"
"Belfort Park Dr";"Aug 31, 2026, 09:00:00";"61";"5.97";"0.16";"107.86";"11.76"
"Belfort Park Dr";"Aug 31, 2026, 08:00:00";"65";"9.02";"0.2";"102.13";"15.92"
"Belfort Park Dr";"Aug 31, 2026, 07:00:00";"65";"6.54";"0.12";"97.71";"14.35"
"Belfort Park Dr";"Aug 31, 2026, 06:00:00";"69";"4.73";"0.12";"95.33";"17.7"
"Belfort Park Dr";"Aug 31, 2026, 05:00:00";"71";"4.41";"0.1";"95.19";"19.01"
"Belfort Park Dr";"Aug 31, 2026, 04:00:00";"71";"3.75";"0.1";"93.34";"19.4"
"Belfort Park Dr";"Aug 31, 2026, 03:00:00";"72";"3.66";"0.12";"93.62";"20.9"
"Belfort Park Dr";"Aug 31, 2026, 02:00:00";"71";"6.05";"0.15";"97.75";"22.48"
"Belfort Park Dr";"Aug 31, 2026, 01:00:00";"65";"7.34";"0.15";"100.92";"18.39"
"Belfort Park Dr";"Aug 31, 2026, 00:00:00";"60";"9.77";"0.16";"91.2";"15.8"
"Belfort Park Dr";"Aug 30, 2026, 23:00:00";"57";"11.35";"0.15";"82.1";"13.63"
"Belfort Park Dr";"Aug 30, 2026, 22:00:00";"54";"8.68";"0.13";"73.69";"12.97"
"Belfort Park Dr";"Aug 30, 2026, 21:00:00";"48";"5.65";"0.11";"65.54";"8.67"
"Belfort Park Dr";"Aug 30, 2026, 20:00:00";"48";"4.12";"0.09";"51.71";"7.17"
"Belfort Park Dr";"Aug 30, 2026, 19:00:00";"52";"2.17";"0.16";"69.57";"8.48"
"Belfort Park Dr";"Aug 30, 2026, 18:00:00";"53";"0.15";"0.14";"75.54";"9.79"
"Belfort Park Dr";"Aug 30, 2026, 17:00:00";"53";"0.78";"0.13";"75.84";"9.78"
"Belfort Park Dr";"Aug 30, 2026, 16:00:00";"53";"0";"0.13";"78.82";"10.22"
"Belfort Park Dr";"Aug 30, 2026, 15:00:00";"52";"0";"0.12";"85.13";"9.85"
"Belfort Park Dr";"Aug 30, 2026, 14:00:00";"51";"0.4";"0.13";"81.42";"8.86"
"Belfort Park Dr";"Aug 30, 2026, 13:00:00";"52";"0.63";"0.1";"73.9";"9.27"
"Belfort Park Dr";"Aug 30, 2026, 12:00:00";"53";"1.55";"0.11";"75.54";"10.02"
"Belfort Park Dr";"Aug 30, 2026, 11:00:00";"52";"2.67";"0.1";"74.42";"9.63"
"Belfort Park Dr";"Aug 30, 2026, 10:00:00";"52";"5.94";"0.11";"75.02";"8.99"
"Belfort Park Dr";"Aug 30, 2026, 09:00:00";"53";"5.01";"0.11";"71.93";"9.84"
"Belfort Park Dr";"Aug 30, 2026, 08:00:00";"53";"4.52";"0.11";"60.97";"10.4"
"Belfort Park Dr";"Aug 30, 2026, 07:00:00";"52";"4.24";"0.11";"57.6";"10.59"
"Belfort Park Dr";"Aug 30, 2026, 06:00:00";"45";"4.66";"0.11";"54.75";"10.12"
"Belfort Park Dr";"Aug 30, 2026, 05:00:00";"32";"3.81";"0.12";"51.7";"6.7"
"Belfort Park Dr";"Aug 30, 2026, 04:00:00";"29";"3.54";"0.11";"41.79";"5.6"
"Belfort Park Dr";"Aug 30, 2026, 03:00:00";"28";"3.63";"0.11";"34.18";"4.56"
"Belfort Park Dr";"Aug 30, 2026, 02:00:00";"29";"4.27";"0.13";"31.88";"4.46"
"Belfort Park Dr";"Aug 30, 2026, 01:00:00";"30";"5.05";"0.17";"32.85";"5.1"
"Belfort Park Dr";"Aug 30, 2026, 00:00:00";"32";"8.14";"0.18";"27.97";"5.5"
"Belfort Park Dr";"Aug 29, 2026, 23:00:00";"33";"5.83";"0.19";"25.12";"5.41"
"Belfort Park Dr";"Aug 29, 2026, 22:00:00";"36";"5.44";"0.2";"24.97";"6.38"
"Belfort Park Dr";"Aug 29, 2026, 21:00:00";"36";"4.37";"0.18";"24.39";"6.63"
"Belfort Park Dr";"Aug 29, 2026, 20:00:00";"35";"3.33";"0.17";"21.79";"6.17"
"Belfort Park Dr";"Aug 29, 2026, 19:00:00";"35";"3.07";"0.17";"22.84";"7.03"
"Belfort Park Dr";"Aug 29, 2026, 18:00:00";"31";"2.15";"0.15";"25.23";"6.46"
"Belfort Park Dr";"Aug 29, 2026, 17:00:00";"27";"0.16";"0.16";"26.97";"4.91"
"Belfort Park Dr";"Aug 29, 2026, 16:00:00";"25";"1.11";"0.13";"26.01";"4.86"
"Belfort Park Dr";"Aug 29, 2026, 15:00:00";"24";"0.01";"0.12";"25.74";"4.77"
"Belfort Park Dr";"Aug 29, 2026, 14:00:00";"21";"0";"0.12";"27.8";"4.08"
"Belfort Park Dr";"Aug 29, 2026, 13:00:00";"19";"0";"0.09";"25.95";"3.2"
"Belfort Park Dr";"Aug 29, 2026, 12:00:00";"19";"0.04";"0.07";"25.55";"3.01"
"Belfort Park Dr";"Aug 29, 2026, 11:00:00";"22";"0.02";"0.07";"23.92";"3.33"
"Belfort Park Dr";"Aug 29, 2026, 10:00:00";"26";"1.52";"0.06";"29.56";"4.23"
"Belfort Park Dr";"Aug 29, 2026, 09:00:00";"28";"4.23";"0.05";"43.32";"4.4"
"Belfort Park Dr";"Aug 29, 2026, 08:00:00";"32";"4.91";"0.05";"42.32";"5.4"
"Belfort Park Dr";"Aug 29, 2026, 07:00:00";"34";"4.33";"0.03";"42.69";"5.53"
"Belfort Park Dr";"Aug 29, 2026, 06:00:00";"38";"3.51";"0.03";"44.58";"6.08"
"Belfort Park Dr";"Aug 29, 2026, 05:00:00";"41";"2.71";"0.03";"46.7";"6.48"
"Belfort Park Dr";"Aug 29, 2026, 04:00:00";"44";"2.31";"0.04";"51.5";"6.52"
"Belfort Park Dr";"Aug 29, 2026, 03:00:00";"50";"2.81";"0.07";"55.56";"8.43"
"Belfort Park Dr";"Aug 29, 2026, 02:00:00";"52";"2.91";"0.08";"55.85";"8.21"
"Belfort Park Dr";"Aug 29, 2026, 01:00:00";"52";"5.29";"0.17";"58.4";"10.74"
"Belfort Park Dr";"Aug 29, 2026, 00:00:00";"52";"7.74";"0.24";"56.86";"10.23"
"Belfort Park Dr";"Aug 28, 2026, 23:00:00";"49";"8.14";"0.32";"51.78";"9.41"
"Belfort Park Dr";"Aug 28, 2026, 22:00:00";"47";"5.96";"0.21";"45.72";"8.19"
"Belfort Park Dr";"Aug 28, 2026, 21:00:00";"47";"5.41";"0.21";"48.71";"7.94"
"Belfort Park Dr";"Aug 28, 2026, 20:00:00";"49";"2.62";"0.18";"51";"8.14"
"Belfort Park Dr";"Aug 28, 2026, 19:00:00";"51";"2.76";"0.18";"55.77";"8.38"
"Belfort Park Dr";"Aug 28, 2026, 18:00:00";"53";"2.35";"0.18";"59.71";"9.19"
"Belfort Park Dr";"Aug 28, 2026, 17:00:00";"53";"2.04";"0.19";"59.53";"10.31"
"Belfort Park Dr";"Aug 28, 2026, 16:00:00";"53";"0.21";"0.2";"68.21";"10.32"
"Belfort Park Dr";"Aug 28, 2026, 15:00:00";"53";"0.1";"0.21";"78.2";"10.83"
"Belfort Park Dr";"Aug 28, 2026, 14:00:00";"51";"0";"0.21";"79.32";"10.55"
"Belfort Park Dr";"Aug 28, 2026, 13:00:00";"45";"0";"0.16";"81.59";"9.14"
"Belfort Park Dr";"Aug 28, 2026, 12:00:00";"42";"0";"0.16";"84.05";"7.85"
"Belfort Park Dr";"Aug 28, 2026, 11:00:00";"39";"0.8";"0.13";"82.05";"6.73"
"Belfort Park Dr";"Aug 28, 2026, 10:00:00";"41";"3.08";"0.14";"76.62";"6.22"
"Belfort Park Dr";"Aug 28, 2026, 09:00:00";"45";"8.63";"0.16";"78.95";"6.05"
"Belfort Park Dr";"Aug 28, 2026, 08:00:00";"52";"8.83";"0.15";"78.99";"9.54"
"Belfort Park Dr";"Aug 28, 2026, 07:00:00";"53";"6.18";"0.09";"73.62";"9.6"
"Belfort Park Dr";"Aug 28, 2026, 06:00:00";"53";"4.79";"0.06";"71.92";"9.64"
"Belfort Park Dr";"Aug 28, 2026, 05:00:00";"53";"3.1";"0.05";"70.93";"9.95"
"Belfort Park Dr";"Aug 28, 2026, 04:00:00";"53";"4.38";"0.07";"71.75";"10.39"
"Belfort Park Dr";"Aug 28, 2026, 03:00:00";"53";"3.71";"0.06";"70.63";"10.34"
"Belfort Park Dr";"Aug 28, 2026, 02:00:00";"52";"4.78";"0.06";"72.82";"10.43"
"Belfort Park Dr";"Aug 28, 2026, 01:00:00";"48";"19.39";"0.2";"79.77";"9.39"
"Belfort Park Dr";"Aug 28, 2026, 00:00:00";"45";"11.51";"0.16";"68.31";"7.32"
"Belfort Park Dr";"Aug 27, 2026, 23:00:00";"49";"6.02";"0.1";"55.6";"8.93"
"Belfort Park Dr";"Aug 27, 2026, 22:00:00";"47";"4.77";"0.07";"42.04";"8.15"
"Belfort Park Dr";"Aug 27, 2026, 21:00:00";"49";"4.7";"0.1";"42.68";"6.55"
"Belfort Park Dr";"Aug 27, 2026, 20:00:00";"56";"4";"0.19";"58.57";"10.19"
"Belfort Park Dr";"Aug 27, 2026, 19:00:00";"57";"6.33";"0.19";"68.18";"11.57"
"Belfort Park Dr";"Aug 27, 2026, 18:00:00";"57";"3.1";"0.16";"54.55";"11.48"
"Belfort Park Dr";"Aug 27, 2026, 17:00:00";"59";"0.74";"0.15";"57.33";"12.49"
"Belfort Park Dr";"Aug 27, 2026, 16:00:00";"60";"0.48";"0.15";"66.04";"12.85"
"Belfort Park Dr";"Aug 27, 2026, 15:00:00";"61";"0.52";"0.16";"71.23";"14.4"
"Belfort Park Dr";"Aug 27, 2026, 14:00:00";"61";"0.21";"0.18";"76.58";"14.55"
"Belfort Park Dr";"Aug 27, 2026, 13:00:00";"60";"1.87";"0.18";"72.64";"14.93"
"Belfort Park Dr";"Aug 27, 2026, 12:00:00";"57";"2.82";"0.18";"66.24";"13.87"
"Belfort Park Dr";"Aug 27, 2026, 11:00:00";"54";"4.37";"0.14";"57.08";"11.93"
"Belfort Park Dr";"Aug 27, 2026, 10:00:00";"50";"6.09";"0.14";"58.73";"10.42"
"Belfort Park Dr";"Aug 27, 2026, 09:00:00";"46";"10.52";"0.16";"59.31";"9.2"
"Belfort Park Dr";"Aug 27, 2026, 08:00:00";"44";"8.95";"0.13";"57.3";"8.51"
"Belfort Park Dr";"Aug 27, 2026, 07:00:00";"43";"9.1";"0.13";"53.97";"8.37"
"Belfort Park Dr";"Aug 27, 2026, 06:00:00";"42";"5.75";"0.1";"48.15";"7.78"
"Belfort Park Dr";"Aug 27, 2026, 05:00:00";"40";"3.75";"0.07";"42.73";"7.28"
"Belfort Park Dr";"Aug 27, 2026, 04:00:00";"40";"3.71";"0.07";"39.29";"7.04"
"Belfort Park Dr";"Aug 27, 2026, 03:00:00";"42";"3.89";"0.08";"35.72";"6.94"
"Belfort Park Dr";"Aug 27, 2026, 02:00:00";"43";"3.62";"0.08";"28.48";"7.12"
"Belfort Park Dr";"Aug 27, 2026, 01:00:00";"45";"3.21";"0.09";"23.67";"7.45"
"Belfort Park Dr";"Aug 27, 2026, 00:00:00";"48";"3.05";"0.11";"21.02";"7.65"
"Belfort Park Dr";"Aug 26, 2026, 23:00:00";"50";"3.69";"0.13";"21.85";"7.96"
"Belfort Park Dr";"Aug 26, 2026, 22:00:00";"52";"4.31";"0.16";"23.3";"8.2"
"Belfort Park Dr";"Aug 26, 2026, 21:00:00";"53";"3.88";"0.15";"22.48";"8.92"
"Belfort Park Dr";"Aug 26, 2026, 20:00:00";"54";"3.87";"0.17";"21.81";"10.23"
"Belfort Park Dr";"Aug 26, 2026, 19:00:00";"54";"2.75";"0.15";"21.37";"10.91"
"Belfort Park Dr";"Aug 26, 2026, 18:00:00";"53";"2.11";"0.14";"21.5";"10.74"
"Belfort Park Dr";"Aug 26, 2026, 17:00:00";"52";"1.83";"0.12";"20.85";"9.87"
"Belfort Park Dr";"Aug 26, 2026, 16:00:00";"50";"0.89";"0.1";"20.72";"9.07"
"Belfort Park Dr";"Aug 26, 2026, 15:00:00";"50";"0.36";"0.1";"22.6";"9.49"
"Belfort Park Dr";"Aug 26, 2026, 14:00:00";"48";"0.07";"0.08";"21.4";"8.1"
"Belfort Park Dr";"Aug 26, 2026, 13:00:00";"51";"0";"0.09";"25.26";"9.01"
"Belfort Park Dr";"Aug 26, 2026, 12:00:00";"52";"0.73";"0.1";"27.17";"10"
"Belfort Park Dr";"Aug 26, 2026, 11:00:00";"47";"5.15";"0.17";"33.44";"10"
"Belfort Park Dr";"Aug 26, 2026, 10:00:00";"38";"10.95";"0.25";"42.79";"7.36"
"Belfort Park Dr";"Aug 26, 2026, 09:00:00";"35";"17.29";"0.34";"54.65";"5.27"
"Belfort Park Dr";"Aug 26, 2026, 08:00:00";"42";"16.83";"0.33";"53.17";"5.56"
"Belfort Park Dr";"Aug 26, 2026, 07:00:00";"50";"10.52";"0.28";"50.68";"8.82"
"Belfort Park Dr";"Aug 26, 2026, 06:00:00";"52";"5.8";"0.15";"44.87";"10.66"
"Belfort Park Dr";"Aug 26, 2026, 05:00:00";"45";"7.9";"0.17";"44.59";"9.59"
"Belfort Park Dr";"Aug 26, 2026, 04:00:00";"39";"10.58";"0.18";"43.32";"7.96"
"Belfort Park Dr";"Aug 26, 2026, 03:00:00";"37";"15.17";"0.21";"46.13";"7.32"
"Belfort Park Dr";"Aug 26, 2026, 02:00:00";"35";"18.97";"0.2";"41.62";"6.03"
"Belfort Park Dr";"Aug 26, 2026, 01:00:00";"35";"22.3";"0.22";"33.89";"6.26"
"Belfort Park Dr";"Aug 26, 2026, 00:00:00";"35";"12.79";"0.23";"32.24";"6.07"
"Belfort Park Dr";"Aug 25, 2026, 23:00:00";"36";"8.39";"0.29";"31.9";"6.47"
"Belfort Park Dr";"Aug 25, 2026, 22:00:00";"36";"7.49";"0.23";"24.21";"6.18"
"Belfort Park Dr";"Aug 25, 2026, 21:00:00";"38";"6.74";"0.2";"19.09";"6.38"
"Belfort Park Dr";"Aug 25, 2026, 20:00:00";"39";"5.83";"0.18";"14.54";"7.02"
"Belfort Park Dr";"Aug 25, 2026, 19:00:00";"39";"4.37";"0.16";"15.07";"7.35"
"Belfort Park Dr";"Aug 25, 2026, 18:00:00";"38";"2.49";"0.17";"16.05";"6.38"
"Belfort Park Dr";"Aug 25, 2026, 17:00:00";"39";"1.87";"0.16";"13.99";"6.16"
"Belfort Park Dr";"Aug 25, 2026, 16:00:00";"45";"3.49";"0.16";"15.13";"6.48"
"Belfort Park Dr";"Aug 25, 2026, 15:00:00";"52";"3.29";"0.14";"17.32";"8.34"
"Belfort Park Dr";"Aug 25, 2026, 14:00:00";"54";"0.96";"0.15";"15.5";"10.01"
"Belfort Park Dr";"Aug 25, 2026, 13:00:00";"54";"0.22";"0.13";"17.62";"9.86"
"Belfort Park Dr";"Aug 25, 2026, 12:00:00";"54";"0.33";"0.12";"17.47";"10.72"
"Belfort Park Dr";"Aug 25, 2026, 11:00:00";"54";"0";"0.11";"16.27";"11.42"
"Belfort Park Dr";"Aug 25, 2026, 10:00:00";"54";"2.86";"0.12";"13.03";"11.88"
"Belfort Park Dr";"Aug 25, 2026, 09:00:00";"52";"10.81";"0.13";"26.16";"10.02"
"Belfort Park Dr";"Aug 25, 2026, 08:00:00";"52";"16.08";"0.19";"26.85";"9.47"
"Belfort Park Dr";"Aug 25, 2026, 07:00:00";"50";"15.17";"0.17";"25.86";"9.32"
"Belfort Park Dr";"Aug 25, 2026, 06:00:00";"49";"7.39";"0.05";"20.79";"8.75"
"Belfort Park Dr";"Aug 25, 2026, 05:00:00";"48";"6.05";"0.03";"20.57";"8.52"
"Belfort Park Dr";"Aug 25, 2026, 04:00:00";"49";"5.33";"0.04";"19.91";"8.15"
"Belfort Park Dr";"Aug 25, 2026, 03:00:00";"52";"5.24";"0.04";"20.09";"8.25"
"Belfort Park Dr";"Aug 25, 2026, 02:00:00";"55";"6.09";"0.06";"19.5";"9.28"
"Belfort Park Dr";"Aug 25, 2026, 01:00:00";"57";"4.71";"0.06";"18.75";"9.63"
"Belfort Park Dr";"Aug 25, 2026, 00:00:00";"59";"6.1";"0.09";"19.77";"12.1"
"Belfort Park Dr";"Aug 24, 2026, 23:00:00";"60";"8.25";"0.11";"16.9";"13.95"
"Belfort Park Dr";"Aug 24, 2026, 22:00:00";"61";"8.46";"0.14";"13.62";"15.4"
"Belfort Park Dr";"Aug 24, 2026, 21:00:00";"60";"5.31";"0.14";"4.52";"14.84"
"Belfort Park Dr";"Aug 24, 2026, 20:00:00";"57";"7.52";"0.14";"3.69";"13.77"
"Belfort Park Dr";"Aug 24, 2026, 19:00:00";"54";"4.61";"0.13";"7.18";"11.06"
"Belfort Park Dr";"Aug 24, 2026, 18:00:00";"54";"2.65";"0.15";"12.27";"10.24"
"Belfort Park Dr";"Aug 24, 2026, 17:00:00";"54";"1.17";"0.16";"14.2";"10.39"
"Belfort Park Dr";"Aug 24, 2026, 16:00:00";"55";"0.97";"0.14";"14.47";"11.3"
"Belfort Park Dr";"Aug 24, 2026, 15:00:00";"54";"1.15";"0.15";"16.66";"10.95"
"Belfort Park Dr";"Aug 24, 2026, 14:00:00";"53";"0.56";"0.13";"17.84";"10.74"
"Belfort Park Dr";"Aug 24, 2026, 13:00:00";"52";"0.38";"0.12";"17.86";"10.38"
"Belfort Park Dr";"Aug 24, 2026, 12:00:00";"47";"0";"0.11";"19.44";"9.81"
"Belfort Park Dr";"Aug 24, 2026, 11:00:00";"38";"0.15";"0.12";"20.48";"8.43"
"Belfort Park Dr";"Aug 24, 2026, 10:00:00";"30";"2.99";"0.13";"21.02";"6.54"
"Belfort Park Dr";"Aug 24, 2026, 09:00:00";"29";"8.34";"0.15";"30.37";"4.8"
"Belfort Park Dr";"Aug 24, 2026, 08:00:00";"29";"9.62";"0.11";"29.91";"4.96"
"Belfort Park Dr";"Aug 24, 2026, 07:00:00";"30";"8.7";"0.1";"29.36";"5.23"
"Belfort Park Dr";"Aug 24, 2026, 06:00:00";"30";"9.54";"0.09";"30.09";"5.02"
"Belfort Park Dr";"Aug 24, 2026, 05:00:00";"30";"8.42";"0.09";"29.58";"4.98"
"Belfort Park Dr";"Aug 24, 2026, 04:00:00";"32";"8.95";"0.1";"30.53";"5.21"
"Belfort Park Dr";"Aug 24, 2026, 03:00:00";"33";"9.7";"0.08";"25.93";"5.36"
"Belfort Park Dr";"Aug 24, 2026, 02:00:00";"33";"6.19";"0.05";"24.14";"5.56"
"Belfort Park Dr";"Aug 24, 2026, 01:00:00";"34";"3.7";"0.05";"20.84";"5.94"
"Belfort Park Dr";"Aug 24, 2026, 00:00:00";"34";"3.42";"0.06";"18.48";"6.27"
"Belfort Park Dr";"Aug 23, 2026, 23:00:00";"34";"4.67";"0.07";"16.05";"6.28"
"Belfort Park Dr";"Aug 23, 2026, 22:00:00";"34";"3.14";"0.08";"12.13";"6.17"
"Belfort Park Dr";"Aug 23, 2026, 21:00:00";"33";"3.87";"0.11";"12.43";"6.38"
"Belfort Park Dr";"Aug 23, 2026, 20:00:00";"32";"4.47";"0.1";"11.51";"5.71"
"Belfort Park Dr";"Aug 23, 2026, 19:00:00";"31";"4.42";"0.09";"10.95";"5.3"
"Belfort Park Dr";"Aug 23, 2026, 18:00:00";"32";"2.21";"0.09";"15.77";"5.34"
"Belfort Park Dr";"Aug 23, 2026, 17:00:00";"34";"0.69";"0.09";"16.94";"5.5"
"Belfort Park Dr";"Aug 23, 2026, 16:00:00";"38";"0.03";"0.1";"21.26";"5.98"
"Belfort Park Dr";"Aug 23, 2026, 15:00:00";"43";"0";"0.09";"27.79";"7"
"Belfort Park Dr";"Aug 23, 2026, 14:00:00";"47";"0.71";"0.09";"38.94";"9.11"
"Belfort Park Dr";"Aug 23, 2026, 13:00:00";"43";"0";"0.09";"43.36";"8.42"
"Belfort Park Dr";"Aug 23, 2026, 12:00:00";"39";"0";"0.09";"56.72";"7.99"
"Belfort Park Dr";"Aug 23, 2026, 11:00:00";"33";"0";"0.09";"68.48";"7.25"
"Belfort Park Dr";"Aug 23, 2026, 10:00:00";"25";"2.22";"0.07";"73.3";"4.74"
"Belfort Park Dr";"Aug 23, 2026, 09:00:00";"24";"4.46";"0.05";"84.54";"2.96"
"Belfort Park Dr";"Aug 23, 2026, 08:00:00";"32";"4.66";"0.02";"75.95";"4.88"
"Belfort Park Dr";"Aug 23, 2026, 07:00:00";"37";"4.12";"0.03";"73.09";"7.35"
"Belfort Park Dr";"Aug 23, 2026, 06:00:00";"34";"3.18";"0.01";"75.25";"6.81"
"Belfort Park Dr";"Aug 23, 2026, 05:00:00";"29";"4.73";"0.01";"73.4";"6.59"
"Belfort Park Dr";"Aug 23, 2026, 04:00:00";"22";"5.63";"0";"72.22";"4.65"
"Belfort Park Dr";"Aug 23, 2026, 03:00:00";"18";"5.58";"0.02";"72.25";"3.17"
"Belfort Park Dr";"Aug 23, 2026, 02:00:00";"19";"7.14";"0.04";"71.11";"3.09"
"Belfort Park Dr";"Aug 23, 2026, 01:00:00";"20";"6.15";"0.04";"71.93";"3.79"
"Belfort Park Dr";"Aug 23, 2026, 00:00:00";"19";"6.75";"0.07";"70.41";"2.89"
"Belfort Park Dr";"Aug 22, 2026, 23:00:00";"22";"6.02";"0.1";"62.63";"4.57"
"Belfort Park Dr";"Aug 22, 2026, 22:00:00";"18";"5.34";"0.1";"52.77";"3.04"
"Belfort Park Dr";"Aug 22, 2026, 21:00:00";"19";"4.62";"0.09";"46.12";"2.77"
"Belfort Park Dr";"Aug 22, 2026, 20:00:00";"22";"4.14";"0.11";"44.65";"3.35"
"Belfort Park Dr";"Aug 22, 2026, 19:00:00";"26";"2.91";"0.12";"47.29";"4.2"
"Belfort Park Dr";"Aug 22, 2026, 18:00:00";"28";"1.78";"0.12";"51.69";"4.35"
"Belfort Park Dr";"Aug 22, 2026, 17:00:00";"30";"0.71";"0.13";"57.1";"4.79"
"Belfort Park Dr";"Aug 22, 2026, 16:00:00";"31";"0.52";"0.11";"55.81";"4.88"
"Belfort Park Dr";"Aug 22, 2026, 15:00:00";"33";"0.71";"0.13";"57.92";"5.75"
"Belfort Park Dr";"Aug 22, 2026, 14:00:00";"34";"1.54";"0.12";"53.24";"6.23"
"Belfort Park Dr";"Aug 22, 2026, 13:00:00";"33";"1.59";"0.12";"53.05";"5.86"
"Belfort Park Dr";"Aug 22, 2026, 12:00:00";"34";"2.3";"0.09";"48.29";"6.42"
"Belfort Park Dr";"Aug 22, 2026, 11:00:00";"31";"2.52";"0.1";"49.67";"6.09"
"Belfort Park Dr";"Aug 22, 2026, 10:00:00";"28";"3.66";"0.07";"50.97";"5.19"
"Belfort Park Dr";"Aug 22, 2026, 09:00:00";"28";"4.7";"0.08";"54.25";"4.77"
"Belfort Park Dr";"Aug 22, 2026, 08:00:00";"29";"4.68";"0.05";"51.16";"4.55"
"Belfort Park Dr";"Aug 22, 2026, 07:00:00";"33";"4.44";"0.06";"48.54";"4.88"
"Belfort Park Dr";"Aug 22, 2026, 06:00:00";"38";"5.79";"0.11";"47.29";"5.52"
"Belfort Park Dr";"Aug 22, 2026, 05:00:00";"45";"5.71";"0.15";"50.91";"7.46"
"Belfort Park Dr";"Aug 22, 2026, 04:00:00";"48";"5.7";"0.13";"47.34";"7.87"
"Belfort Park Dr";"Aug 22, 2026, 03:00:00";"52";"5.23";"0.12";"43.65";"8.93"
"Belfort Park Dr";"Aug 22, 2026, 02:00:00";"53";"5.91";"0.15";"39.75";"8.82"
"Belfort Park Dr";"Aug 22, 2026, 01:00:00";"56";"7.5";"0.21";"38.13";"9.8"
"Belfort Park Dr";"Aug 22, 2026, 00:00:00";"59";"7.79";"0.22";"34.91";"10.71"
"Belfort Park Dr";"Aug 21, 2026, 23:00:00";"62";"8.68";"0.28";"32.51";"13.62"
"Belfort Park Dr";"Aug 21, 2026, 22:00:00";"65";"7.56";"0.27";"28.48";"18.94"
"Belfort Park Dr";"Aug 21, 2026, 21:00:00";"60";"7.19";"0.18";"15.44";"14.01"
"Belfort Park Dr";"Aug 21, 2026, 20:00:00";"59";"5.36";"0.21";"13.01";"13.62"
"Belfort Park Dr";"Aug 21, 2026, 19:00:00";"58";"5.48";"0.19";"13.38";"12.56"
"Belfort Park Dr";"Aug 21, 2026, 18:00:00";"58";"4.74";"0.14";"10.66";"12.41"
"Belfort Park Dr";"Aug 21, 2026, 17:00:00";"58";"3.11";"0.15";"12.86";"12.74"
"Belfort Park Dr";"Aug 21, 2026, 16:00:00";"59";"0.92";"0.14";"13.05";"13.06"
"Belfort Park Dr";"Aug 21, 2026, 15:00:00";"58";"0.34";"0.13";"14.97";"14.16"
"Belfort Park Dr";"Aug 21, 2026, 14:00:00";"56";"0";"0.1";"19.73";"13.27"
"Belfort Park Dr";"Aug 21, 2026, 13:00:00";"52";"0.05";"0.1";"27.02";"10.75"
"Belfort Park Dr";"Aug 21, 2026, 12:00:00";"48";"0.05";"0.1";"30.53";"10.02"
"Belfort Park Dr";"Aug 21, 2026, 11:00:00";"43";"0.9";"0.11";"34.59";"8.58"
"Belfort Park Dr";"Aug 21, 2026, 10:00:00";"38";"3.28";"0.08";"37.99";"6.97"
"Belfort Park Dr";"Aug 21, 2026, 09:00:00";"37";"6.37";"0.08";"49.09";"6.65"
"Belfort Park Dr";"Aug 21, 2026, 08:00:00";"37";"8.22";"0.09";"45.93";"6.31"
"Belfort Park Dr";"Aug 21, 2026, 07:00:00";"38";"7.8";"0.06";"44.78";"6.98"
"Belfort Park Dr";"Aug 21, 2026, 06:00:00";"37";"5.62";"0.04";"44.34";"6.79"
"Belfort Park Dr";"Aug 21, 2026, 05:00:00";"37";"4.17";"0.02";"43.41";"6.38"
"Belfort Park Dr";"Aug 21, 2026, 04:00:00";"37";"3.61";"0.02";"45.05";"7.19"
"Belfort Park Dr";"Aug 21, 2026, 03:00:00";"34";"3.99";"0.02";"44.81";"6.87"
"Belfort Park Dr";"Aug 21, 2026, 02:00:00";"30";"3.87";"0.03";"43.16";"6.21"
"Belfort Park Dr";"Aug 21, 2026, 01:00:00";"26";"3.71";"0.03";"39.69";"5.9"
"Belfort Park Dr";"Aug 21, 2026, 00:00:00";"19";"3.42";"0.04";"35.65";"4.45"
"Belfort Park Dr";"Aug 20, 2026, 23:00:00";"14";"4.44";"0.04";"34.36";"2.9"
"Belfort Park Dr";"Aug 20, 2026, 22:00:00";"12";"4.16";"0.05";"33.73";"1.85"
"Belfort Park Dr";"Aug 20, 2026, 21:00:00";"13";"3.6";"0.03";"33.35";"1.6"
"Belfort Park Dr";"Aug 20, 2026, 20:00:00";"16";"2.04";"0.06";"35.62";"1.45"
"Belfort Park Dr";"Aug 20, 2026, 19:00:00";"24";"1.18";"0.14";"59.28";"3.43"
"Belfort Park Dr";"Aug 20, 2026, 18:00:00";"29";"0.47";"0.18";"73.43";"4.53"
"Belfort Park Dr";"Aug 20, 2026, 17:00:00";"33";"3.47";"0.17";"78.78";"3.48"
"Belfort Park Dr";"Aug 20, 2026, 16:00:00";"47";"2.27";"0.16";"84.36";"5.14"
"Belfort Park Dr";"Aug 20, 2026, 15:00:00";"56";"0.03";"0.22";"92.53";"12.11"
"Belfort Park Dr";"Aug 20, 2026, 14:00:00";"55";"0.1";"0.21";"91.72";"11.99"
"Belfort Park Dr";"Aug 20, 2026, 13:00:00";"54";"1.17";"0.27";"97.04";"12.33"
"Belfort Park Dr";"Aug 20, 2026, 12:00:00";"48";"5.95";"0.35";"87.74";"10.79"
"Belfort Park Dr";"Aug 20, 2026, 11:00:00";"38";"5.21";"0.28";"70";"7.36"
"Belfort Park Dr";"Aug 20, 2026, 10:00:00";"36";"5.69";"0.24";"57.72";"6.53"
"Belfort Park Dr";"Aug 20, 2026, 09:00:00";"36";"6.11";"0.23";"58.32";"6.15"
"Belfort Park Dr";"Aug 20, 2026, 08:00:00";"37";"6.87";"0.24";"59.79";"6.61"
"Belfort Park Dr";"Aug 20, 2026, 07:00:00";"37";"5.98";"0.19";"55.94";"6.33"
"Belfort Park Dr";"Aug 20, 2026, 06:00:00";"38";"3.92";"0.17";"54.32";"6.29"
"Belfort Park Dr";"Aug 20, 2026, 05:00:00";"40";"2.75";"0.14";"54.11";"6.52"
"Belfort Park Dr";"Aug 20, 2026, 04:00:00";"41";"3.92";"0.13";"54.15";"6.74"
"Belfort Park Dr";"Aug 20, 2026, 03:00:00";"42";"2.36";"0.14";"52.69";"6.6"
"Belfort Park Dr";"Aug 20, 2026, 02:00:00";"45";"3.95";"0.19";"54.37";"7.59"
"Belfort Park Dr";"Aug 20, 2026, 01:00:00";"47";"6.27";"0.23";"49.8";"8.37"
"Belfort Park Dr";"Aug 20, 2026, 00:00:00";"47";"6.09";"0.26";"47.2";"8.99"
"Belfort Park Dr";"Aug 19, 2026, 23:00:00";"44";"4.69";"0.24";"44.52";"7.98"
"Belfort Park Dr";"Aug 19, 2026, 22:00:00";"43";"6.07";"0.23";"41.45";"7.66"
"Belfort Park Dr";"Aug 19, 2026, 21:00:00";"43";"0.97";"0.17";"36.65";"7.54"
"Belfort Park Dr";"Aug 19, 2026, 20:00:00";"43";"1.25";"0.17";"36.85";"8.1"
"Belfort Park Dr";"Aug 19, 2026, 19:00:00";"40";"1.9";"0.18";"37.73";"7.94"
"Belfort Park Dr";"Aug 19, 2026, 18:00:00";"37";"0.64";"0.18";"37.54";"7.21"
"Belfort Park Dr";"Aug 19, 2026, 17:00:00";"32";"0.09";"0.19";"37.37";"6.27"
"Belfort Park Dr";"Aug 19, 2026, 16:00:00";"30";"0.35";"0.18";"37.64";"5.76"
"Belfort Park Dr";"Aug 19, 2026, 15:00:00";"29";"0.09";"0.18";"34.5";"5.62"
"Belfort Park Dr";"Aug 19, 2026, 14:00:00";"27";"0";"0.19";"41.22";"5.26"
"Belfort Park Dr";"Aug 19, 2026, 13:00:00";"25";"0";"0.15";"38.11";"4.89"
"Belfort Park Dr";"Aug 19, 2026, 12:00:00";"22";"0";"0.12";"39.07";"3.96"
"Belfort Park Dr";"Aug 19, 2026, 11:00:00";"22";"0";"0.15";"48.27";"3.82"
"Belfort Park Dr";"Aug 19, 2026, 10:00:00";"23";"0.81";"0.18";"51.05";"3.89"
"Belfort Park Dr";"Aug 19, 2026, 09:00:00";"23";"8.9";"0.2";"56.34";"3.54"
"Belfort Park Dr";"Aug 19, 2026, 08:00:00";"27";"12.75";"0.26";"61.15";"3.67"
"Belfort Park Dr";"Aug 19, 2026, 07:00:00";"33";"10.36";"0.23";"56.45";"5.72"
"Belfort Park Dr";"Aug 19, 2026, 06:00:00";"34";"7.15";"0.14";"56.8";"5.5"
"Belfort Park Dr";"Aug 19, 2026, 05:00:00";"37";"4.47";"0.06";"54.89";"4.82"
"Belfort Park Dr";"Aug 19, 2026, 04:00:00";"46";"5.43";"0.08";"62.64";"7.82"
"Belfort Park Dr";"Aug 19, 2026, 03:00:00";"48";"7.42";"0.12";"62.59";"8.88"
"Belfort Park Dr";"Aug 19, 2026, 02:00:00";"48";"5.4";"0.18";"59.93";"9.46"
"Belfort Park Dr";"Aug 19, 2026, 01:00:00";"43";"6.18";"0.2";"58.07";"8.28"
"Belfort Park Dr";"Aug 19, 2026, 00:00:00";"41";"6";"0.24";"56.1";"7.77"
"Belfort Park Dr";"Aug 18, 2026, 23:00:00";"40";"5.26";"0.23";"48.35";"7.85"
"Belfort Park Dr";"Aug 18, 2026, 22:00:00";"38";"5.61";"0.33";"46.73";"6.86"
"Belfort Park Dr";"Aug 18, 2026, 21:00:00";"37";"4.25";"0.28";"50.08";"6.81"
"Belfort Park Dr";"Aug 18, 2026, 20:00:00";"37";"2.35";"0.24";"48.27";"6.45"
"Belfort Park Dr";"Aug 18, 2026, 19:00:00";"37";"1.59";"0.23";"47.72";"6.84"
"Belfort Park Dr";"Aug 18, 2026, 18:00:00";"37";"2.67";"0.25";"50.88";"6.72"
"Belfort Park Dr";"Aug 18, 2026, 17:00:00";"35";"0.04";"0.23";"51.72";"5.93"
"Belfort Park Dr";"Aug 18, 2026, 16:00:00";"36";"0.42";"0.23";"56.58";"5.35"
"Belfort Park Dr";"Aug 18, 2026, 15:00:00";"42";"0";"0.21";"73.82";"6.94"
"Belfort Park Dr";"Aug 18, 2026, 14:00:00";"44";"0";"0.24";"99.82";"8.08"
"Belfort Park Dr";"Aug 18, 2026, 13:00:00";"44";"0";"0.23";"118.68";"7.98"
"Belfort Park Dr";"Aug 18, 2026, 12:00:00";"43";"0";"0.24";"115.39";"8.04"
"Belfort Park Dr";"Aug 18, 2026, 11:00:00";"42";"0";"0.21";"108.31";"7.41"
"Belfort Park Dr";"Aug 18, 2026, 10:00:00";"42";"0.3";"0.21";"103.46";"7.61"
"Belfort Park Dr";"Aug 18, 2026, 09:00:00";"42";"1.59";"0.23";"103.56";"7"
"Belfort Park Dr";"Aug 18, 2026, 08:00:00";"44";"4.07";"0.21";"99.84";"6.69"
"Belfort Park Dr";"Aug 18, 2026, 07:00:00";"52";"4";"0.19";"99.02";"8.86"
"Belfort Park Dr";"Aug 18, 2026, 06:00:00";"52";"2.72";"0.16";"98.6";"9.71"
"Belfort Park Dr";"Aug 18, 2026, 05:00:00";"52";"1.37";"0.12";"96.58";"10.66"
"Belfort Park Dr";"Aug 18, 2026, 04:00:00";"45";"0.99";"0.12";"96.35";"8.86"
"Belfort Park Dr";"Aug 18, 2026, 03:00:00";"42";"1.27";"0.13";"97.7";"7.92"
"Belfort Park Dr";"Aug 18, 2026, 02:00:00";"39";"1.81";"0.15";"98.21";"7.66"
"Belfort Park Dr";"Aug 18, 2026, 01:00:00";"37";"4.87";"0.15";"97.16";"7.76"
"Belfort Park Dr";"Aug 18, 2026, 00:00:00";"30";"8.69";"0.17";"95.95";"5.1"
"Belfort Park Dr";"Aug 17, 2026, 23:00:00";"31";"8.28";"0.21";"83.92";"6"
"Belfort Park Dr";"Aug 17, 2026, 22:00:00";"29";"5.03";"0.18";"77.23";"5.3"
"Belfort Park Dr";"Aug 17, 2026, 21:00:00";"28";"3.13";"0.19";"75.89";"4.84"
"Belfort Park Dr";"Aug 17, 2026, 20:00:00";"28";"2.61";"0.19";"81.52";"4.1"
"Belfort Park Dr";"Aug 17, 2026, 19:00:00";"33";"3.96";"0.21";"90.77";"4.47"
"Belfort Park Dr";"Aug 17, 2026, 18:00:00";"40";"0.33";"0.21";"96.63";"7.96"
"Belfort Park Dr";"Aug 17, 2026, 17:00:00";"35";"0.34";"0.21";"90.51";"6.47"
"Belfort Park Dr";"Aug 17, 2026, 16:00:00";"34";"0";"0.25";"106.18";"6.56"
"Belfort Park Dr";"Aug 17, 2026, 15:00:00";"32";"0";"0.25";"111.03";"6.3"
"Belfort Park Dr";"Aug 17, 2026, 14:00:00";"29";"0";"0.23";"117.71";"5.64"
"Belfort Park Dr";"Aug 17, 2026, 13:00:00";"28";"0";"0.25";"127.73";"5.07"
"Belfort Park Dr";"Aug 17, 2026, 12:00:00";"27";"0";"0.27";"143.37";"5.28"
"Belfort Park Dr";"Aug 17, 2026, 11:00:00";"27";"0";"0.23";"162.64";"5.1"
"Belfort Park Dr";"Aug 17, 2026, 10:00:00";"25";"0.09";"0.2";"158.21";"4.64"
"Belfort Park Dr";"Aug 17, 2026, 09:00:00";"24";"1.52";"0.17";"129.65";"4.07"
"Belfort Park Dr";"Aug 17, 2026, 08:00:00";"24";"11.27";"0.17";"116.16";"3.96"
"Belfort Park Dr";"Aug 17, 2026, 07:00:00";"27";"8.66";"0.15";"115.09";"4.54"
"Belfort Park Dr";"Aug 17, 2026, 06:00:00";"28";"6.95";"0.14";"121.42";"5.07"
"Belfort Park Dr";"Aug 17, 2026, 05:00:00";"29";"1.51";"0.08";"117.37";"4.81"
"Belfort Park Dr";"Aug 17, 2026, 04:00:00";"30";"2.46";"0.09";"118.81";"4.98"
"Belfort Park Dr";"Aug 17, 2026, 03:00:00";"33";"1.98";"0.12";"128.53";"5.58"
"Belfort Park Dr";"Aug 17, 2026, 02:00:00";"34";"6.32";"0.15";"96.37";"5.83"
"Belfort Park Dr";"Aug 17, 2026, 01:00:00";"35";"5.43";"0.16";"111.05";"5.69"
"Belfort Park Dr";"Aug 17, 2026, 00:00:00";"39";"12.43";"0.23";"121.25";"6.11"
"Belfort Park Dr";"Aug 16, 2026, 23:00:00";"44";"14.42";"0.25";"117.81";"6.93"
"Belfort Park Dr";"Aug 16, 2026, 22:00:00";"48";"6.25";"0.21";"114.31";"7.17"
"Belfort Park Dr";"Aug 16, 2026, 21:00:00";"53";"5.99";"0.19";"116.9";"8.29"
"Belfort Park Dr";"Aug 16, 2026, 20:00:00";"54";"2.59";"0.18";"83.51";"10.11"
"Belfort Park Dr";"Aug 16, 2026, 19:00:00";"55";"0.75";"0.19";"100.61";"11.94"
"Belfort Park Dr";"Aug 16, 2026, 18:00:00";"54";"0.01";"0.2";"107.65";"10.79"
"Belfort Park Dr";"Aug 16, 2026, 17:00:00";"54";"1.87";"0.19";"100.08";"9.51"
"Belfort Park Dr";"Aug 16, 2026, 16:00:00";"55";"2.81";"0.19";"91.28";"10.28"
"Belfort Park Dr";"Aug 16, 2026, 15:00:00";"55";"2.69";"0.19";"86.09";"10.34"
"Belfort Park Dr";"Aug 16, 2026, 14:00:00";"56";"3.41";"0.2";"76.09";"10.07"
"Belfort Park Dr";"Aug 16, 2026, 13:00:00";"57";"3.63";"0.18";"67.03";"11.28"
"Belfort Park Dr";"Aug 16, 2026, 12:00:00";"58";"2.98";"0.18";"61.81";"11.6"
"Belfort Park Dr";"Aug 16, 2026, 11:00:00";"59";"4.03";"0.17";"55.63";"11.76"
"Belfort Park Dr";"Aug 16, 2026, 10:00:00";"60";"2.75";"0.19";"60.75";"12.35"
"Belfort Park Dr";"Aug 16, 2026, 09:00:00";"60";"3.08";"0.21";"60.8";"12.71"
"Belfort Park Dr";"Aug 16, 2026, 08:00:00";"60";"3.34";"0.22";"63.45";"13.01"
"Belfort Park Dr";"Aug 16, 2026, 07:00:00";"61";"3.43";"0.23";"61.24";"13.53"
"Belfort Park Dr";"Aug 16, 2026, 06:00:00";"61";"3.15";"0.24";"53.99";"14.13"
"Belfort Park Dr";"Aug 16, 2026, 05:00:00";"61";"2.28";"0.23";"47.28";"13.82"
"Belfort Park Dr";"Aug 16, 2026, 04:00:00";"62";"2.59";"0.24";"44.09";"14.05"
"Belfort Park Dr";"Aug 16, 2026, 03:00:00";"62";"3.01";"0.27";"39.42";"14.38"
"Belfort Park Dr";"Aug 16, 2026, 02:00:00";"62";"2.78";"0.24";"33.75";"14.35"
"Belfort Park Dr";"Aug 16, 2026, 01:00:00";"62";"2.38";"0.23";"29.02";"14.02"
"Belfort Park Dr";"Aug 16, 2026, 00:00:00";"63";"1.96";"0.23";"30.43";"14.38"
"Belfort Park Dr";"Aug 15, 2026, 23:00:00";"63";"1.75";"0.26";"33.24";"14.03"
"Belfort Park Dr";"Aug 15, 2026, 22:00:00";"64";"1.15";"0.29";"36.02";"14.94"
"Belfort Park Dr";"Aug 15, 2026, 21:00:00";"64";"3.21";"0.31";"42.6";"15.29"
"Belfort Park Dr";"Aug 15, 2026, 20:00:00";"65";"3.26";"0.3";"46.55";"17.1"
"Belfort Park Dr";"Aug 15, 2026, 19:00:00";"64";"2.16";"0.29";"44.77";"16.9"
"Belfort Park Dr";"Aug 15, 2026, 18:00:00";"63";"1.33";"0.27";"43.1";"16.14"
"Belfort Park Dr";"Aug 15, 2026, 17:00:00";"63";"0";"0.27";"42.12";"16.2"
"Belfort Park Dr";"Aug 15, 2026, 16:00:00";"62";"0.2";"0.27";"39.96";"16.67"
"Belfort Park Dr";"Aug 15, 2026, 15:00:00";"60";"0.05";"0.26";"43.76";"15.22"
"Belfort Park Dr";"Aug 15, 2026, 14:00:00";"60";"0.12";"0.23";"45.36";"14.52"
"Belfort Park Dr";"Aug 15, 2026, 13:00:00";"59";"0";"0.23";"49.58";"13.64"
"Belfort Park Dr";"Aug 15, 2026, 12:00:00";"59";"0";"0.19";"52.67";"12.38"
"Belfort Park Dr";"Aug 15, 2026, 11:00:00";"59";"0";"0.2";"65.32";"13.39"
"Belfort Park Dr";"Aug 15, 2026, 10:00:00";"59";"0.37";"0.2";"68.57";"13.07"
"Belfort Park Dr";"Aug 15, 2026, 09:00:00";"59";"3.3";"0.2";"65.81";"11.59"
"Belfort Park Dr";"Aug 15, 2026, 08:00:00";"60";"4.54";"0.19";"67.77";"11.87"
"Belfort Park Dr";"Aug 15, 2026, 07:00:00";"61";"4.26";"0.18";"65.45";"13.97"
"Belfort Park Dr";"Aug 15, 2026, 06:00:00";"62";"2.93";"0.16";"65.1";"15.19"
"Belfort Park Dr";"Aug 15, 2026, 05:00:00";"61";"1.84";"0.16";"62.64";"15.06"
"Belfort Park Dr";"Aug 15, 2026, 04:00:00";"61";"1.48";"0.17";"60.29";"14.25"
"Belfort Park Dr";"Aug 15, 2026, 03:00:00";"61";"1.33";"0.17";"57.48";"13.9"
"Belfort Park Dr";"Aug 15, 2026, 02:00:00";"61";"1.12";"0.17";"56.55";"13.18"
"Belfort Park Dr";"Aug 15, 2026, 01:00:00";"62";"2.38";"0.2";"56.89";"13.21"
"Belfort Park Dr";"Aug 15, 2026, 00:00:00";"63";"3.4";"0.22";"56.19";"13.82"
"Belfort Park Dr";"Aug 14, 2026, 23:00:00";"65";"3.55";"0.25";"58.82";"14.06"
"Belfort Park Dr";"Aug 14, 2026, 22:00:00";"67";"2.61";"0.27";"61.19";"16.69"
"Belfort Park Dr";"Aug 14, 2026, 21:00:00";"67";"2.83";"0.27";"58.31";"17.42"
"Belfort Park Dr";"Aug 14, 2026, 20:00:00";"67";"3";"0.26";"62.66";"17.71"
"Belfort Park Dr";"Aug 14, 2026, 19:00:00";"66";"2.12";"0.24";"63.92";"16.78"
"Belfort Park Dr";"Aug 14, 2026, 18:00:00";"66";"0.99";"0.24";"65.24";"15.88"
"Belfort Park Dr";"Aug 14, 2026, 17:00:00";"67";"0.57";"0.23";"71.01";"17.36"
"Belfort Park Dr";"Aug 14, 2026, 16:00:00";"68";"0.29";"0.26";"70.71";"18.11"
"Belfort Park Dr";"Aug 14, 2026, 15:00:00";"68";"1.94";"0.25";"68.16";"17.15"
"Belfort Park Dr";"Aug 14, 2026, 14:00:00";"69";"4.24";"0.24";"60.02";"19.03"
"Belfort Park Dr";"Aug 14, 2026, 13:00:00";"67";"3.66";"0.29";"58.87";"18.7"
"Belfort Park Dr";"Aug 14, 2026, 12:00:00";"65";"2.3";"0.36";"63.82";"17.81"
"Belfort Park Dr";"Aug 14, 2026, 11:00:00";"64";"3.06";"0.32";"62";"16.87"
"Belfort Park Dr";"Aug 14, 2026, 10:00:00";"62";"3.45";"0.45";"60.75";"16.48"
"Belfort Park Dr";"Aug 14, 2026, 09:00:00";"59";"2.93";"0.24";"59.8";"15.12"
"Belfort Park Dr";"Aug 14, 2026, 08:00:00";"57";"6.66";"0.28";"61.92";"13.54"
"Belfort Park Dr";"Aug 14, 2026, 07:00:00";"55";"10.93";"0.3";"59.49";"12.32"
"Belfort Park Dr";"Aug 14, 2026, 06:00:00";"55";"4.9";"0.23";"55.84";"11.75"
"Belfort Park Dr";"Aug 14, 2026, 05:00:00";"54";"2.1";"0.19";"54.84";"12.09"
"Belfort Park Dr";"Aug 14, 2026, 04:00:00";"54";"1.11";"0.2";"57.86";"10.99"
"Belfort Park Dr";"Aug 14, 2026, 03:00:00";"53";"1.79";"0.23";"61.5";"10.14"
"Belfort Park Dr";"Aug 14, 2026, 02:00:00";"53";"2.54";"0.25";"59.57";"10.07"
"Belfort Park Dr";"Aug 14, 2026, 01:00:00";"54";"3.71";"0.28";"55.62";"9.91"
"Belfort Park Dr";"Aug 14, 2026, 00:00:00";"54";"3.37";"0.28";"50.13";"10.01"
"Belfort Park Dr";"Aug 13, 2026, 23:00:00";"54";"4.47";"0.32";"47.45";"10.39"
"Belfort Park Dr";"Aug 13, 2026, 22:00:00";"54";"4.4";"0.34";"49.4";"10.85"
"Belfort Park Dr";"Aug 13, 2026, 21:00:00";"54";"4.11";"0.3";"46.85";"10.84"
"Belfort Park Dr";"Aug 13, 2026, 20:00:00";"53";"1";"0.28";"47.64";"10.03"
"Belfort Park Dr";"Aug 13, 2026, 19:00:00";"53";"0.85";"0.27";"45.26";"10.83"
"Belfort Park Dr";"Aug 13, 2026, 18:00:00";"53";"0.95";"0.27";"44.75";"10.19"
"Belfort Park Dr";"Aug 13, 2026, 17:00:00";"52";"0.09";"0.3";"41.97";"9.51"
"Belfort Park Dr";"Aug 13, 2026, 16:00:00";"52";"0";"0.27";"36.51";"8.74"
"Belfort Park Dr";"Aug 13, 2026, 15:00:00";"53";"0.03";"0.27";"39.28";"9.35"
"Belfort Park Dr";"Aug 13, 2026, 14:00:00";"54";"0.02";"0.29";"44.29";"10.67"
"Belfort Park Dr";"Aug 13, 2026, 13:00:00";"54";"0";"0.25";"44.86";"10.62"
"Belfort Park Dr";"Aug 13, 2026, 12:00:00";"54";"0";"0.22";"43.5";"10.3"
"Belfort Park Dr";"Aug 13, 2026, 11:00:00";"54";"0";"0.19";"43.54";"11.22"
"Belfort Park Dr";"Aug 13, 2026, 10:00:00";"53";"0.53";"0.2";"42.68";"10.99"
"Belfort Park Dr";"Aug 13, 2026, 09:00:00";"49";"1.97";"0.18";"36.52";"8.96"
"Belfort Park Dr";"Aug 13, 2026, 08:00:00";"48";"6.2";"0.18";"32.06";"8.48"
"Belfort Park Dr";"Aug 13, 2026, 07:00:00";"48";"3.88";"0.14";"30.54";"8.09"
"Belfort Park Dr";"Aug 13, 2026, 06:00:00";"50";"3.37";"0.13";"30.46";"7.82"
"Belfort Park Dr";"Aug 13, 2026, 05:00:00";"54";"2.8";"0.13";"30.87";"8.48"
"Belfort Park Dr";"Aug 13, 2026, 04:00:00";"57";"2.05";"0.17";"38.8";"11.29"
"Belfort Park Dr";"Aug 13, 2026, 03:00:00";"59";"3.1";"0.18";"40.8";"12.4"
"Belfort Park Dr";"Aug 13, 2026, 02:00:00";"61";"3.71";"0.19";"14.83";"13.15"
"Belfort Park Dr";"Aug 13, 2026, 01:00:00";"62";"5.04";"0.21";"12.48";"13.66"
"Belfort Park Dr";"Aug 13, 2026, 00:00:00";"64";"3.46";"0.21";"11.6";"14.77"
"Belfort Park Dr";"Aug 12, 2026, 23:00:00";"65";"2.01";"0.22";"11.26";"14.95"
"Belfort Park Dr";"Aug 12, 2026, 22:00:00";"67";"1.59";"0.22";"10.54";"15.64"
"Belfort Park Dr";"Aug 12, 2026, 21:00:00";"68";"1.86";"0.22";"12.16";"16.01"
"Belfort Park Dr";"Aug 12, 2026, 20:00:00";"70";"1.72";"0.22";"13.73";"17.66"
"Belfort Park Dr";"Aug 12, 2026, 19:00:00";"72";"1.19";"0.23";"13.6";"19.55"
"Belfort Park Dr";"Aug 12, 2026, 18:00:00";"73";"0.44";"0.22";"14.16";"20.38"
"Belfort Park Dr";"Aug 12, 2026, 17:00:00";"73";"0";"0.24";"12.79";"21.74"
"Belfort Park Dr";"Aug 12, 2026, 16:00:00";"71";"0.09";"0.25";"21.63";"21.41"
"Belfort Park Dr";"Aug 12, 2026, 15:00:00";"69";"0.14";"0.23";"23.38";"19.46"
"Belfort Park Dr";"Aug 12, 2026, 14:00:00";"66";"0";"0.23";"22.99";"18.79"
"Belfort Park Dr";"Aug 12, 2026, 13:00:00";"63";"0.03";"0.25";"26.94";"16.61"
"Belfort Park Dr";"Aug 12, 2026, 12:00:00";"61";"0";"0.23";"28.45";"15.83"
"Belfort Park Dr";"Aug 12, 2026, 11:00:00";"58";"0.22";"0.23";"27.33";"14.61"
"Belfort Park Dr";"Aug 12, 2026, 10:00:00";"54";"2.44";"0.22";"18.92";"12.73"
"Belfort Park Dr";"Aug 12, 2026, 09:00:00";"52";"5.29";"0.22";"18.59";"9.92"
"Belfort Park Dr";"Aug 12, 2026, 08:00:00";"52";"7.53";"0.2";"22.13";"9.16"
"Belfort Park Dr";"Aug 12, 2026, 07:00:00";"52";"6.21";"0.16";"19.57";"9.61"
"Belfort Park Dr";"Aug 12, 2026, 06:00:00";"50";"4.07";"0.15";"15.07";"9.39"
"Belfort Park Dr";"Aug 12, 2026, 05:00:00";"49";"2.89";"0.13";"10.79";"8.6"
"Belfort Park Dr";"Aug 12, 2026, 04:00:00";"49";"2.03";"0.12";"8.14";"8.91"
"Belfort Park Dr";"Aug 12, 2026, 03:00:00";"49";"2.28";"0.12";"9.46";"8.29"
"Belfort Park Dr";"Aug 12, 2026, 02:00:00";"52";"2.84";"0.13";"9.54";"8.24"
"Belfort Park Dr";"Aug 12, 2026, 01:00:00";"54";"2.94";"0.14";"8.95";"9"
"Belfort Park Dr";"Aug 12, 2026, 00:00:00";"56";"2.55";"0.15";"5.98";"10.29"
"Belfort Park Dr";"Aug 11, 2026, 23:00:00";"59";"2.17";"0.19";"5.95";"11.67"
"Belfort Park Dr";"Aug 11, 2026, 22:00:00";"61";"2.52";"0.19";"8.35";"12.53"
"Belfort Park Dr";"Aug 11, 2026, 21:00:00";"62";"3.46";"0.2";"10.37";"13.89"
"Belfort Park Dr";"Aug 11, 2026, 20:00:00";"64";"3.56";"0.21";"14.09";"15.51"
"Belfort Park Dr";"Aug 11, 2026, 19:00:00";"64";"2.76";"0.23";"16.8";"16.88"
"Belfort Park Dr";"Aug 11, 2026, 18:00:00";"63";"0.22";"0.2";"19.27";"14.26"
"Belfort Park Dr";"Aug 11, 2026, 17:00:00";"65";"0.25";"0.22";"32.64";"15.07"
"Belfort Park Dr";"Aug 11, 2026, 16:00:00";"67";"0";"0.22";"32.93";"16.53"
"Belfort Park Dr";"Aug 11, 2026, 15:00:00";"69";"0";"0.22";"37.39";"18.11"
"Belfort Park Dr";"Aug 11, 2026, 14:00:00";"70";"0";"0.22";"44.29";"20.19"
"Belfort Park Dr";"Aug 11, 2026, 13:00:00";"68";"0";"0.23";"52.17";"20.96"
"Belfort Park Dr";"Aug 11, 2026, 12:00:00";"62";"0.12";"0.24";"59.71";"16.83"
"Belfort Park Dr";"Aug 11, 2026, 11:00:00";"58";"0.8";"0.21";"49.56";"13.08"
"Belfort Park Dr";"Aug 11, 2026, 10:00:00";"57";"4.58";"0.22";"54.46";"11.04"
"Belfort Park Dr";"Aug 11, 2026, 09:00:00";"60";"8.13";"0.24";"56.25";"10.91"
"Belfort Park Dr";"Aug 11, 2026, 08:00:00";"65";"14.08";"0.3";"57.34";"19.9"
"Belfort Park Dr";"Aug 11, 2026, 07:00:00";"59";"5.47";"0.18";"48.87";"18.24"
"Belfort Park Dr";"Aug 11, 2026, 06:00:00";"42";"2.81";"0.14";"46.99";"9.19"
"Belfort Park Dr";"Aug 11, 2026, 05:00:00";"37";"2.12";"0.12";"48.89";"6.83"
"Belfort Park Dr";"Aug 11, 2026, 04:00:00";"37";"5.63";"0.13";"46.65";"6.01"
"Belfort Park Dr";"Aug 11, 2026, 03:00:00";"38";"2.68";"0.12";"45.95";"6.86"
"Belfort Park Dr";"Aug 11, 2026, 02:00:00";"37";"2.52";"0.12";"45.96";"6.55"
"Belfort Park Dr";"Aug 11, 2026, 01:00:00";"38";"5.41";"0.13";"41.87";"6.26"
"Belfort Park Dr";"Aug 11, 2026, 00:00:00";"40";"10.72";"0.15";"42.63";"6.52"
"Belfort Park Dr";"Aug 10, 2026, 23:00:00";"44";"18.79";"0.24";"42.61";"7.75"
"Belfort Park Dr";"Aug 10, 2026, 22:00:00";"45";"13.87";"0.19";"41.19";"7.36"
"Belfort Park Dr";"Aug 10, 2026, 21:00:00";"49";"6.66";"0.16";"42.82";"8.9"
"Belfort Park Dr";"Aug 10, 2026, 20:00:00";"48";"9.46";"0.18";"39.83";"7.96"
"Belfort Park Dr";"Aug 10, 2026, 19:00:00";"52";"9.5";"0.25";"36.3";"7.6"
"Belfort Park Dr";"Aug 10, 2026, 18:00:00";"55";"8.66";"0.22";"27.53";"9.39"
"Belfort Park Dr";"Aug 10, 2026, 17:00:00";"58";"5.78";"0.24";"21.63";"8.4"
"Belfort Park Dr";"Aug 10, 2026, 16:00:00";"67";"0.54";"0.26";"18.88";"17.11"
"Belfort Park Dr";"Aug 10, 2026, 15:00:00";"67";"0";"0.27";"18.55";"16.39"
"Belfort Park Dr";"Aug 10, 2026, 14:00:00";"69";"0";"0.26";"22.75";"17.71"
"Belfort Park Dr";"Aug 10, 2026, 13:00:00";"71";"0";"0.24";"27.98";"19.62"
"Belfort Park Dr";"Aug 10, 2026, 12:00:00";"71";"0";"0.23";"30.31";"19.35"
"Belfort Park Dr";"Aug 10, 2026, 11:00:00";"71";"0";"0.27";"46.34";"22.45"
"Belfort Park Dr";"Aug 10, 2026, 10:00:00";"66";"0.26";"0.3";"59.37";"19.8"
"Belfort Park Dr";"Aug 10, 2026, 09:00:00";"63";"5.85";"0.34";"64.67";"14.73"
"Belfort Park Dr";"Aug 10, 2026, 08:00:00";"64";"7.13";"0.35";"56.35";"12.44"
"Belfort Park Dr";"Aug 10, 2026, 07:00:00";"66";"6.18";"0.32";"51.37";"17.03"
"Belfort Park Dr";"Aug 10, 2026, 06:00:00";"66";"5.07";"0.28";"45.69";"17.69"
"Belfort Park Dr";"Aug 10, 2026, 05:00:00";"66";"2.35";"0.22";"40.06";"16.39"
"Belfort Park Dr";"Aug 10, 2026, 04:00:00";"66";"2.25";"0.26";"37.91";"16.92"
"Belfort Park Dr";"Aug 10, 2026, 03:00:00";"66";"2.95";"0.32";"36.96";"17.05"
"Belfort Park Dr";"Aug 10, 2026, 02:00:00";"66";"4.74";"0.27";"36.79";"16.24"
"Belfort Park Dr";"Aug 10, 2026, 01:00:00";"66";"10.47";"0.27";"34.55";"16.73"
"Belfort Park Dr";"Aug 10, 2026, 00:00:00";"67";"9.82";"0.29";"33.08";"16.76"
"Belfort Park Dr";"Aug 9, 2026, 23:00:00";"67";"19.98";"0.36";"34.19";"17.21"
"Belfort Park Dr";"Aug 9, 2026, 22:00:00";"67";"7.62";"0.32";"30.33";"17.36"
"Belfort Park Dr";"Aug 9, 2026, 21:00:00";"68";"1.5";"0.27";"27.7";"17.72"
"Belfort Park Dr";"Aug 9, 2026, 20:00:00";"68";"0.6";"0.27";"23.48";"18.83"
"Belfort Park Dr";"Aug 9, 2026, 19:00:00";"67";"1.13";"0.27";"15.95";"18.62"
"Belfort Park Dr";"Aug 9, 2026, 18:00:00";"65";"0.42";"0.28";"9.2";"18.33"
"Belfort Park Dr";"Aug 9, 2026, 17:00:00";"62";"0";"0.3";"9.45";"15.69"
"Belfort Park Dr";"Aug 9, 2026, 16:00:00";"61";"0";"0.29";"13.09";"13.61"
"Belfort Park Dr";"Aug 9, 2026, 15:00:00";"62";"0";"0.26";"15.18";"14.82"
"Belfort Park Dr";"Aug 9, 2026, 14:00:00";"61";"0";"0.27";"29.22";"15.06"
"Belfort Park Dr";"Aug 9, 2026, 13:00:00";"60";"0";"0.27";"47.94";"15.18"
"Belfort Park Dr";"Aug 9, 2026, 12:00:00";"57";"0";"0.2";"48.67";"13.16"
"Belfort Park Dr";"Aug 9, 2026, 11:00:00";"55";"0";"0.21";"63.75";"12.93"
"Belfort Park Dr";"Aug 9, 2026, 10:00:00";"52";"0";"0.19";"74.14";"11.55"
"Belfort Park Dr";"Aug 9, 2026, 09:00:00";"40";"2.15";"0.25";"80.11";"8.14"
"Belfort Park Dr";"Aug 9, 2026, 08:00:00";"39";"4.76";"0.26";"69.56";"6.92"
"Belfort Park Dr";"Aug 9, 2026, 07:00:00";"39";"3.45";"0.23";"62.27";"7.04"
"Belfort Park Dr";"Aug 9, 2026, 06:00:00";"39";"6.65";"0.26";"52.45";"6.91"
"Belfort Park Dr";"Aug 9, 2026, 05:00:00";"38";"5.21";"0.25";"52.73";"6.38"
"Belfort Park Dr";"Aug 9, 2026, 04:00:00";"40";"6.29";"0.19";"40.31";"7.06"
"Belfort Park Dr";"Aug 9, 2026, 03:00:00";"40";"3.43";"0.2";"38.3";"7.1"
"Belfort Park Dr";"Aug 9, 2026, 02:00:00";"40";"5.13";"0.23";"37.65";"6.9"
"Belfort Park Dr";"Aug 9, 2026, 01:00:00";"41";"17.62";"0.26";"37.44";"6.67"
"Belfort Park Dr";"Aug 9, 2026, 00:00:00";"44";"24.4";"0.39";"39.28";"7.43"
"Belfort Park Dr";"Aug 8, 2026, 23:00:00";"45";"20.46";"0.33";"39.84";"7.82"
"Belfort Park Dr";"Aug 8, 2026, 22:00:00";"45";"13.83";"0.3";"37.66";"7.94"
"Belfort Park Dr";"Aug 8, 2026, 21:00:00";"47";"10.26";"0.26";"35.36";"7.79"
"Belfort Park Dr";"Aug 8, 2026, 20:00:00";"50";"3.7";"0.22";"38.83";"8.29"
"Belfort Park Dr";"Aug 8, 2026, 19:00:00";"52";"0.04";"0.21";"38.36";"9.18"
"Belfort Park Dr";"Aug 8, 2026, 18:00:00";"53";"0";"0.24";"40.69";"9.78"
"Belfort Park Dr";"Aug 8, 2026, 17:00:00";"54";"1.01";"0.26";"51.17";"10.66"
"Belfort Park Dr";"Aug 8, 2026, 16:00:00";"54";"0.16";"0.27";"44.84";"11.55"
"Belfort Park Dr";"Aug 8, 2026, 15:00:00";"49";"0";"0.27";"49.79";"10.71"
"Belfort Park Dr";"Aug 8, 2026, 14:00:00";"39";"0";"0.26";"59.62";"7.74"
"Belfort Park Dr";"Aug 8, 2026, 13:00:00";"35";"0";"0.21";"63.28";"7.39"
"Belfort Park Dr";"Aug 8, 2026, 12:00:00";"30";"0";"0.21";"65.14";"6.03"
"Belfort Park Dr";"Aug 8, 2026, 11:00:00";"26";"0.01";"0.21";"81.97";"4.95"
"Belfort Park Dr";"Aug 8, 2026, 10:00:00";"24";"1.11";"0.28";"110.36";"4.38"
"Belfort Park Dr";"Aug 8, 2026, 09:00:00";"23";"5.73";"0.31";"91.48";"3.58"
"Belfort Park Dr";"Aug 8, 2026, 08:00:00";"26";"11.88";"0.34";"82.31";"3.99"
"Belfort Park Dr";"Aug 8, 2026, 07:00:00";"30";"5.05";"0.21";"72.42";"6.16"
"Belfort Park Dr";"Aug 8, 2026, 06:00:00";"25";"2.99";"0.16";"72.13";"5.33"
"Belfort Park Dr";"Aug 8, 2026, 05:00:00";"21";"3.35";"0.16";"69.72";"4.06"
"Belfort Park Dr";"Aug 8, 2026, 04:00:00";"19";"9.29";"0.18";"69.49";"3.51"
"Belfort Park Dr";"Aug 8, 2026, 03:00:00";"19";"5.95";"0.2";"61.57";"3.45"
"Belfort Park Dr";"Aug 8, 2026, 02:00:00";"18";"8.95";"0.19";"54.18";"3.17"
"Belfort Park Dr";"Aug 8, 2026, 01:00:00";"19";"15.3";"0.21";"57.33";"3.07"
"Belfort Park Dr";"Aug 8, 2026, 00:00:00";"20";"12.49";"0.25";"50.92";"4.08"
"Belfort Park Dr";"Aug 7, 2026, 23:00:00";"18";"6.54";"0.2";"48.33";"3.38"
"Belfort Park Dr";"Aug 7, 2026, 22:00:00";"17";"11.76";"0.26";"47.04";"2.53"
"Belfort Park Dr";"Aug 7, 2026, 21:00:00";"21";"14.6";"0.29";"59.24";"3.11"
"Belfort Park Dr";"Aug 7, 2026, 20:00:00";"24";"3.54";"0.28";"74.33";"3.66"
"Belfort Park Dr";"Aug 7, 2026, 19:00:00";"27";"0.58";"0.25";"84.03";"4.12"
"Belfort Park Dr";"Aug 7, 2026, 18:00:00";"30";"0.04";"0.27";"80.1";"5.6"
"Belfort Park Dr";"Aug 7, 2026, 17:00:00";"29";"0.12";"0.27";"76.82";"5.32"
"Belfort Park Dr";"Aug 7, 2026, 16:00:00";"28";"0.47";"0.26";"62.28";"5.05"
"Belfort Park Dr";"Aug 7, 2026, 15:00:00";"28";"0";"0.26";"67.53";"5.61"
"Belfort Park Dr";"Aug 7, 2026, 14:00:00";"25";"0";"0.25";"75.29";"4.79"
"Belfort Park Dr";"Aug 7, 2026, 13:00:00";"24";"0";"0.22";"74.37";"4.24"
"Belfort Park Dr";"Aug 7, 2026, 12:00:00";"25";"0";"0.25";"111.45";"4.6"
"Belfort Park Dr";"Aug 7, 2026, 11:00:00";"24";"0.25";"0.26";"125.16";"4.25"
"Belfort Park Dr";"Aug 7, 2026, 10:00:00";"24";"6.19";"0.33";"111.55";"4.29"
"Belfort Park Dr";"Aug 7, 2026, 09:00:00";"24";"9.99";"0.31";"100.73";"3.35"
"Belfort Park Dr";"Aug 7, 2026, 08:00:00";"29";"6.95";"0.28";"92.86";"3.84"
"Belfort Park Dr";"Aug 7, 2026, 07:00:00";"38";"5.51";"0.27";"78.92";"8.12"
"Belfort Park Dr";"Aug 7, 2026, 06:00:00";"30";"4.9";"0.18";"78.77";"6.35"
"Belfort Park Dr";"Aug 7, 2026, 05:00:00";"24";"3.52";"0.15";"76.82";"4.47"
"Belfort Park Dr";"Aug 7, 2026, 04:00:00";"23";"3.51";"0.15";"76.32";"3.55"
"Belfort Park Dr";"Aug 7, 2026, 03:00:00";"27";"4.6";"0.15";"76.31";"4.27"
"Belfort Park Dr";"Aug 7, 2026, 02:00:00";"29";"4.34";"0.18";"78.12";"5.31"
"Belfort Park Dr";"Aug 7, 2026, 01:00:00";"28";"5.92";"0.19";"76.84";"5.68"
"Belfort Park Dr";"Aug 7, 2026, 00:00:00";"24";"7.89";"0.2";"73.93";"5.12"
"Belfort Park Dr";"Aug 6, 2026, 23:00:00";"20";"8.23";"0.16";"66.42";"3.63"
"Belfort Park Dr";"Aug 6, 2026, 22:00:00";"20";"10.86";"0.15";"65.45";"2.6"
"Belfort Park Dr";"Aug 6, 2026, 21:00:00";"26";"7.4";"0.2";"66.79";"2.91"
"Belfort Park Dr";"Aug 6, 2026, 20:00:00";"36";"8.34";"0.24";"68.18";"6.8"
"Belfort Park Dr";"Aug 6, 2026, 19:00:00";"34";"4.07";"0.27";"87.11";"6.3"
"Belfort Park Dr";"Aug 6, 2026, 18:00:00";"32";"3.66";"0.28";"89.04";"5.16"
"Belfort Park Dr";"Aug 6, 2026, 17:00:00";"35";"9.19";"0.27";"75.01";"5.18"
"Belfort Park Dr";"Aug 6, 2026, 16:00:00";"42";"7.5";"0.23";"62.84";"4.44"
"Belfort Park Dr";"Aug 6, 2026, 15:00:00";"54";"0";"0.3";"71.34";"10.17"
"Belfort Park Dr";"Aug 6, 2026, 14:00:00";"55";"0.06";"0.28";"83.01";"11.02"
"Belfort Park Dr";"Aug 6, 2026, 13:00:00";"55";"0";"0.26";"100.4";"10.78"
"Belfort Park Dr";"Aug 6, 2026, 12:00:00";"55";"0";"0.27";"125.04";"11.99"
"Belfort Park Dr";"Aug 6, 2026, 11:00:00";"54";"0";"0.24";"142.44";"11.44"
"Belfort Park Dr";"Aug 6, 2026, 10:00:00";"54";"0";"0.23";"133.62";"10.8"
"Belfort Park Dr";"Aug 6, 2026, 09:00:00";"54";"0.88";"0.22";"109.53";"10.45"
"Belfort Park Dr";"Aug 6, 2026, 08:00:00";"53";"6.49";"0.23";"92.68";"9.73"
"Belfort Park Dr";"Aug 6, 2026, 07:00:00";"54";"5.81";"0.22";"84.05";"10.8"
"Belfort Park Dr";"Aug 6, 2026, 06:00:00";"54";"3.45";"0.2";"81.86";"10.18"
"Belfort Park Dr";"Aug 6, 2026, 05:00:00";"54";"2.55";"0.19";"77.69";"10.61"
"Belfort Park Dr";"Aug 6, 2026, 04:00:00";"54";"1.25";"0.19";"76.23";"10.35"
"Belfort Park Dr";"Aug 6, 2026, 03:00:00";"54";"2.53";"0.19";"71.03";"10.51"
"Belfort Park Dr";"Aug 6, 2026, 02:00:00";"54";"2.49";"0.2";"71.67";"10.41"
"Belfort Park Dr";"Aug 6, 2026, 01:00:00";"54";"4.68";"0.23";"68.78";"10.73"
"Belfort Park Dr";"Aug 6, 2026, 00:00:00";"53";"4.28";"0.23";"68.2";"11.51"
"Belfort Park Dr";"Aug 5, 2026, 23:00:00";"48";"3.09";"0.22";"65.81";"10.51"
"Belfort Park Dr";"Aug 5, 2026, 22:00:00";"37";"5.06";"0.21";"65.17";"9.94"
"Belfort Park Dr";"Aug 5, 2026, 21:00:00";"19";"0.36";"0.22";"72.72";"4.42"
"Belfort Park Dr";"Aug 5, 2026, 20:00:00";"13";"1.13";"0.2";"75.62";"2.79"
"Belfort Park Dr";"Aug 5, 2026, 19:00:00";"10";"0.04";"0.19";"86.84";"2.1"
"Belfort Park Dr";"Aug 5, 2026, 18:00:00";"9";"0";"0.17";"99.85";"1.35"
"Belfort Park Dr";"Aug 5, 2026, 17:00:00";"10";"0";"0.19";"112.7";"1.47"
"Belfort Park Dr";"Aug 5, 2026, 16:00:00";"12";"0.1";"0.17";"97.91";"1.84"
"Belfort Park Dr";"Aug 5, 2026, 15:00:00";"14";"3.48";"0.18";"82.88";"2.66"
"Belfort Park Dr";"Aug 5, 2026, 14:00:00";"13";"0.42";"0.13";"85.7";"1.94"
"Belfort Park Dr";"Aug 5, 2026, 13:00:00";"15";"0.52";"0.15";"99.3";"2.36"
"Belfort Park Dr";"Aug 5, 2026, 12:00:00";"17";"1.03";"0.15";"90.76";"2.71"
"Belfort Park Dr";"Aug 5, 2026, 11:00:00";"18";"0.22";"0.16";"97.74";"2.42"
"Belfort Park Dr";"Aug 5, 2026, 10:00:00";"22";"2.24";"0.16";"81.16";"2.4"
"Belfort Park Dr";"Aug 5, 2026, 09:00:00";"29";"3.23";"0.18";"71.86";"3.7"
"Belfort Park Dr";"Aug 5, 2026, 08:00:00";"38";"3.99";"0.17";"67.72";"5.75"
"Belfort Park Dr";"Aug 5, 2026, 07:00:00";"43";"3.36";"0.18";"58.07";"7.86"
"Belfort Park Dr";"Aug 5, 2026, 06:00:00";"42";"3.06";"0.15";"50.83";"8.91"
"Belfort Park Dr";"Aug 5, 2026, 05:00:00";"35";"2.86";"0.15";"44.72";"7.87"
"Belfort Park Dr";"Aug 5, 2026, 04:00:00";"24";"3";"0.14";"32.06";"5.58"
"Belfort Park Dr";"Aug 5, 2026, 03:00:00";"20";"3.69";"0.15";"24.73";"3.48"
"Belfort Park Dr";"Aug 5, 2026, 02:00:00";"21";"2.06";"0.11";"25.19";"3.52"
"Belfort Park Dr";"Aug 5, 2026, 01:00:00";"22";"1.85";"0.12";"23.99";"3.7"
"Belfort Park Dr";"Aug 5, 2026, 00:00:00";"22";"1.77";"0.13";"21.96";"3.75"
"Belfort Park Dr";"Aug 4, 2026, 23:00:00";"23";"2.15";"0.15";"21.39";"3.61"
"Belfort Park Dr";"Aug 4, 2026, 22:00:00";"24";"2.43";"0.19";"21.13";"3.79"
"Belfort Park Dr";"Aug 4, 2026, 21:00:00";"25";"2.39";"0.19";"19.44";"4.12"
"Belfort Park Dr";"Aug 4, 2026, 20:00:00";"26";"1.78";"0.19";"17.6";"4.4"
"Belfort Park Dr";"Aug 4, 2026, 19:00:00";"27";"1.72";"0.2";"15.14";"4.83"
"Belfort Park Dr";"Aug 4, 2026, 18:00:00";"27";"1.42";"0.2";"13.53";"5.19"
"Belfort Park Dr";"Aug 4, 2026, 17:00:00";"25";"0.33";"0.2";"14.13";"4.61"
"Belfort Park Dr";"Aug 4, 2026, 16:00:00";"25";"1.29";"0.21";"16.4";"5.03"
"Belfort Park Dr";"Aug 4, 2026, 15:00:00";"24";"0";"0.21";"16.1";"4.86"
"Belfort Park Dr";"Aug 4, 2026, 14:00:00";"23";"0";"0.18";"16.05";"4.83"
"Belfort Park Dr";"Aug 4, 2026, 13:00:00";"22";"0";"0.14";"13.36";"3.85"
"Belfort Park Dr";"Aug 4, 2026, 12:00:00";"22";"0.12";"0.13";"17.1";"3.97"
"Belfort Park Dr";"Aug 4, 2026, 11:00:00";"22";"0.39";"0.13";"20.52";"3.62"
"Belfort Park Dr";"Aug 4, 2026, 10:00:00";"23";"1.55";"0.52";"24.17";"3.65"
"Belfort Park Dr";"Aug 4, 2026, 09:00:00";"23";"4.97";"0.23";"29.25";"3.55"
"Belfort Park Dr";"Aug 4, 2026, 08:00:00";"25";"10.22";"0.17";"34.36";"4.23"
"Belfort Park Dr";"Aug 4, 2026, 07:00:00";"27";"6.98";"0.11";"32.13";"4.77"
"Belfort Park Dr";"Aug 4, 2026, 06:00:00";"27";"4.99";"0.07";"28.91";"4.54"
"Belfort Park Dr";"Aug 4, 2026, 05:00:00";"27";"3.48";"0.06";"26.31";"4.67"
"Belfort Park Dr";"Aug 4, 2026, 04:00:00";"27";"3.06";"0.06";"22.46";"4.68"
"Belfort Park Dr";"Aug 4, 2026, 03:00:00";"28";"3.08";"0.07";"20.03";"5.01"
"Belfort Park Dr";"Aug 4, 2026, 02:00:00";"28";"3.47";"0.08";"19.16";"5.28"
"Belfort Park Dr";"Aug 4, 2026, 01:00:00";"27";"3.09";"0.09";"13.52";"4.58"
"Belfort Park Dr";"Aug 4, 2026, 00:00:00";"28";"3.28";"0.1";"9.1";"4.64"
"Belfort Park Dr";"Aug 3, 2026, 23:00:00";"29";"3.19";"0.14";"9.86";"4.95"
"Belfort Park Dr";"Aug 3, 2026, 22:00:00";"30";"3.71";"0.16";"15.03";"5.49"
"Belfort Park Dr";"Aug 3, 2026, 21:00:00";"30";"4.17";"0.17";"16.71";"6.37"
"Belfort Park Dr";"Aug 3, 2026, 20:00:00";"25";"2.96";"0.16";"17.51";"5.38"
"Belfort Park Dr";"Aug 3, 2026, 19:00:00";"19";"3.69";"0.16";"14.24";"4.32"
"Belfort Park Dr";"Aug 3, 2026, 18:00:00";"14";"3.11";"0.15";"15.69";"3.02"
"Belfort Park Dr";"Aug 3, 2026, 17:00:00";"12";"0.39";"0.16";"21.71";"1.44"
"Belfort Park Dr";"Aug 3, 2026, 16:00:00";"15";"0";"0.19";"39.67";"1.08"
"Belfort Park Dr";"Aug 3, 2026, 15:00:00";"24";"0";"0.18";"53.18";"2.44"
"Belfort Park Dr";"Aug 3, 2026, 14:00:00";"35";"0.36";"0.16";"67.23";"5.35"
"Belfort Park Dr";"Aug 3, 2026, 13:00:00";"40";"0";"0.31";"85.14";"6.35"
"Belfort Park Dr";"Aug 3, 2026, 12:00:00";"44";"0.3";"0.59";"116.1";"8.21"
"Belfort Park Dr";"Aug 3, 2026, 11:00:00";"43";"0";"0.13";"116.5";"7.15"
"Belfort Park Dr";"Aug 3, 2026, 10:00:00";"45";"0.53";"0.13";"117.84";"8.27"
"Belfort Park Dr";"Aug 3, 2026, 09:00:00";"45";"1.76";"0.12";"100.72";"8.58"
"Belfort Park Dr";"Aug 3, 2026, 08:00:00";"43";"7.11";"0.15";"94.33";"8.25"
"Belfort Park Dr";"Aug 3, 2026, 07:00:00";"39";"5.08";"0.12";"92.4";"8.15"
"Belfort Park Dr";"Aug 3, 2026, 06:00:00";"32";"3.3";"0.08";"88.59";"6.74"
"Belfort Park Dr";"Aug 3, 2026, 05:00:00";"27";"4.28";"0.07";"83.84";"5.22"
"Belfort Park Dr";"Aug 3, 2026, 04:00:00";"24";"3.29";"0.06";"85.74";"3.94"
"Belfort Park Dr";"Aug 3, 2026, 03:00:00";"27";"3.92";"0.07";"82.55";"4.52"
"Belfort Park Dr";"Aug 3, 2026, 02:00:00";"28";"3.9";"0.07";"79.08";"5.45"
"Belfort Park Dr";"Aug 3, 2026, 01:00:00";"26";"6.54";"0.07";"77.78";"4.58"
"Belfort Park Dr";"Aug 3, 2026, 00:00:00";"27";"6.74";"0.06";"69.73";"4.77"
"Belfort Park Dr";"Aug 2, 2026, 23:00:00";"27";"4.21";"0.06";"66.63";"4.13"
"Belfort Park Dr";"Aug 2, 2026, 22:00:00";"29";"3.95";"0.07";"65.02";"3.95"
"Belfort Park Dr";"Aug 2, 2026, 21:00:00";"38";"2.97";"0.09";"65.83";"5.92"
"Belfort Park Dr";"Aug 2, 2026, 20:00:00";"40";"2.39";"0.11";"67.27";"8.24"
"Belfort Park Dr";"Aug 2, 2026, 19:00:00";"37";"2.06";"0.11";"67.02";"6.27"
"Belfort Park Dr";"Aug 2, 2026, 18:00:00";"38";"2.02";"0.11";"67.26";"6.27"
"Belfort Park Dr";"Aug 2, 2026, 17:00:00";"39";"2.16";"0.12";"68.91";"6.72"
"Belfort Park Dr";"Aug 2, 2026, 16:00:00";"40";"0.54";"0.11";"68.18";"6.81"
"Belfort Park Dr";"Aug 2, 2026, 15:00:00";"42";"1.19";"0.13";"68.94";"6.46"
"Belfort Park Dr";"Aug 2, 2026, 14:00:00";"47";"4.36";"0.12";"61.59";"8.01"
"Belfort Park Dr";"Aug 2, 2026, 13:00:00";"48";"1.99";"0.13";"62.12";"9.41"
"Belfort Park Dr";"Aug 2, 2026, 12:00:00";"44";"3.25";"0.12";"49.26";"8.98"
"Belfort Park Dr";"Aug 2, 2026, 11:00:00";"41";"3.19";"0.11";"39.04";"8.35"
"Belfort Park Dr";"Aug 2, 2026, 10:00:00";"38";"2.69";"0.11";"30.57";"7.4"
"Belfort Park Dr";"Aug 2, 2026, 09:00:00";"34";"3.18";"0.11";"22.35";"6.43"
"Belfort Park Dr";"Aug 2, 2026, 08:00:00";"32";"3.07";"0.09";"15.5";"5.86"
"Belfort Park Dr";"Aug 2, 2026, 07:00:00";"32";"2.46";"0.08";"9.14";"5.67"
"Belfort Park Dr";"Aug 2, 2026, 06:00:00";"32";"2.05";"0.08";"5.98";"5.49"
"Belfort Park Dr";"Aug 2, 2026, 05:00:00";"33";"1.67";"0.08";"1.98";"5.53"
"Belfort Park Dr";"Aug 2, 2026, 04:00:00";"34";"1.59";"0.09";"0.07";"5.51"
"Belfort Park Dr";"Aug 2, 2026, 03:00:00";"38";"1.47";"0.09";"0";"5.79"
"Belfort Park Dr";"Aug 2, 2026, 02:00:00";"44";"1.37";"0.1";"0";"6.33"
"Belfort Park Dr";"Aug 2, 2026, 01:00:00";"52";"0.55";"0.11";"0.24";"7.36"
"Belfort Park Dr";"Aug 2, 2026, 00:00:00";"56";"0.67";"0.14";"3.04";"9.8"
"Belfort Park Dr";"Aug 1, 2026, 23:00:00";"59";"1.61";"0.17";"5.56";"11.99"
"Belfort Park Dr";"Aug 1, 2026, 22:00:00";"62";"1.54";"0.18";"4.53";"13.69"
"Belfort Park Dr";"Aug 1, 2026, 21:00:00";"63";"1.2";"0.19";"5.38";"14.94"
"Belfort Park Dr";"Aug 1, 2026, 20:00:00";"64";"0.82";"0.2";"4.27";"17.12"
"Belfort Park Dr";"Aug 1, 2026, 19:00:00";"62";"0.31";"0.2";"3.07";"17.13"
"Belfort Park Dr";"Aug 1, 2026, 18:00:00";"57";"0.67";"0.21";"2.91";"13.07"
"Belfort Park Dr";"Aug 1, 2026, 17:00:00";"55";"0.4";"0.18";"0.17";"11.71"
"Belfort Park Dr";"Aug 1, 2026, 16:00:00";"53";"0.18";"0.18";"0.55";"11.04"
"Belfort Park Dr";"Aug 1, 2026, 15:00:00";"49";"0.23";"0.15";"0";"9.18"
"Belfort Park Dr";"Aug 1, 2026, 14:00:00";"47";"0.06";"0.16";"2.17";"9.03"
"Belfort Park Dr";"Aug 1, 2026, 13:00:00";"43";"0.6";"0.17";"2.5";"8.48"
"Belfort Park Dr";"Aug 1, 2026, 12:00:00";"39";"1.71";"0.16";"4.29";"7.71"
"Belfort Park Dr";"Aug 1, 2026, 11:00:00";"37";"0.28";"0.18";"12.37";"7.65"
"Belfort Park Dr";"Aug 1, 2026, 10:00:00";"34";"4.33";"0.19";"8.75";"6.65"
"Belfort Park Dr";"Aug 1, 2026, 09:00:00";"30";"5.04";"0.17";"5.42";"5.72"
"Belfort Park Dr";"Aug 1, 2026, 08:00:00";"29";"10.09";"0.19";"11.2";"5.06"
"Belfort Park Dr";"Aug 1, 2026, 07:00:00";"29";"7.1";"0.15";"10.52";"5.16"
"Belfort Park Dr";"Aug 1, 2026, 06:00:00";"30";"5.4";"0.12";"3.35";"5.25"
"Belfort Park Dr";"Aug 1, 2026, 05:00:00";"31";"3.3";"0.11";"0.05";"4.85"
"Belfort Park Dr";"Aug 1, 2026, 04:00:00";"35";"4.35";"0.12";"0";"5.48"
"Belfort Park Dr";"Aug 1, 2026, 03:00:00";"41";"6.61";"0.14";"0";"6.61"
"Belfort Park Dr";"Aug 1, 2026, 02:00:00";"44";"7.15";"0.16";"0";"6.68"
"Belfort Park Dr";"Aug 1, 2026, 01:00:00";"49";"17.64";"0.2";"0";"7.55"
"Belfort Park Dr";"Aug 1, 2026, 00:00:00";"52";"8.67";"0.21";"0";"8.3"
"Belfort Park Dr";"Jul 31, 2026, 23:00:00";"53";"6.66";"0.28";"0";"9.37"
"Belfort Park Dr";"Jul 31, 2026, 22:00:00";"53";"7.1";"0.27";"0";"10.1"
"Belfort Park Dr";"Jul 31, 2026, 21:00:00";"54";"4.87";"0.21";"0";"10.11"
"Belfort Park Dr";"Jul 31, 2026, 20:00:00";"54";"2.02";"0.18";"0";"10.2"
"Belfort Park Dr";"Jul 31, 2026, 19:00:00";"54";"2.34";"0.17";"0";"10.64"
"Belfort Park Dr";"Jul 31, 2026, 18:00:00";"54";"0.72";"0.17";"0";"10.86"
"Belfort Park Dr";"Jul 31, 2026, 17:00:00";"53";"0.54";"0.19";"0";"10.34"
"Belfort Park Dr";"Jul 31, 2026, 16:00:00";"53";"0.87";"0.17";"0";"10.68"
"Belfort Park Dr";"Jul 31, 2026, 15:00:00";"52";"0.63";"0.17";"1.75";"9.89"
"Belfort Park Dr";"Jul 31, 2026, 14:00:00";"48";"0.66";"0.15";"0";"9.41"
"Belfort Park Dr";"Jul 31, 2026, 13:00:00";"44";"0.23";"0.16";"0";"8.86"
"Belfort Park Dr";"Jul 31, 2026, 12:00:00";"39";"0";"0.15";"0.26";"7.45"
"Belfort Park Dr";"Jul 31, 2026, 11:00:00";"35";"0";"0.13";"1.91";"7.36"
"Belfort Park Dr";"Jul 31, 2026, 10:00:00";"30";"0.17";"0.14";"0.14";"6.64"
"Belfort Park Dr";"Jul 31, 2026, 09:00:00";"23";"4.68";"0.16";"0.74";"4.27"
"Belfort Park Dr";"Jul 31, 2026, 08:00:00";"23";"9.75";"0.18";"8";"3.89"
"Belfort Park Dr";"Jul 31, 2026, 07:00:00";"23";"8.59";"0.11";"6.92";"4.06"
"Belfort Park Dr";"Jul 31, 2026, 06:00:00";"23";"5.26";"0.08";"3.24";"4.55"
"Belfort Park Dr";"Jul 31, 2026, 05:00:00";"23";"4.01";"0.06";"0";"4.81"
"Belfort Park Dr";"Jul 31, 2026, 04:00:00";"20";"2.58";"0.06";"0";"3.88"
"Belfort Park Dr";"Jul 31, 2026, 03:00:00";"20";"2.5";"0.08";"0";"3.48"
"Belfort Park Dr";"Jul 31, 2026, 02:00:00";"20";"2.15";"0.1";"0";"3.78"
"Belfort Park Dr";"Jul 31, 2026, 01:00:00";"20";"2.17";"0.11";"0";"3.55"
"Belfort Park Dr";"Jul 31, 2026, 00:00:00";"21";"1.83";"0.12";"0";"3.42"
"Belfort Park Dr";"Jul 30, 2026, 23:00:00";"21";"2.33";"0.13";"0";"3.65"
"Belfort Park Dr";"Jul 30, 2026, 22:00:00";"21";"1.58";"0.15";"0";"3.67"
"Belfort Park Dr";"Jul 30, 2026, 21:00:00";"22";"1.92";"0.17";"0";"3.85"
"Belfort Park Dr";"Jul 30, 2026, 20:00:00";"21";"1.93";"0.16";"0";"3.92"
"Belfort Park Dr";"Jul 30, 2026, 19:00:00";"21";"2.7";"0.19";"0";"3.88"
"Belfort Park Dr";"Jul 30, 2026, 18:00:00";"21";"2.1";"0.18";"0";"3.65"
"Belfort Park Dr";"Jul 30, 2026, 17:00:00";"21";"1.36";"0.19";"0";"3.72"
"Belfort Park Dr";"Jul 30, 2026, 16:00:00";"21";"0.12";"0.18";"0";"3.73"
"Belfort Park Dr";"Jul 30, 2026, 15:00:00";"21";"1.08";"0.16";"0";"3.82"
"Belfort Park Dr";"Jul 30, 2026, 14:00:00";"21";"1.02";"0.15";"0";"3.74"
"Belfort Park Dr";"Jul 30, 2026, 13:00:00";"22";"0";"0.14";"0";"3.88"
"Belfort Park Dr";"Jul 30, 2026, 12:00:00";"22";"0";"0.11";"0";"3.95"
"Belfort Park Dr";"Jul 30, 2026, 11:00:00";"20";"0";"0.1";"0";"3.79"
"Belfort Park Dr";"Jul 30, 2026, 10:00:00";"20";"1.03";"0.08";"0";"3.69"
"Belfort Park Dr";"Jul 30, 2026, 09:00:00";"19";"2.61";"0.07";"0";"3.25"
"Belfort Park Dr";"Jul 30, 2026, 08:00:00";"20";"4.31";"0.04";"0.57";"3.41"
"Belfort Park Dr";"Jul 30, 2026, 07:00:00";"22";"4.25";"0.05";"0.69";"3.46"
"Belfort Park Dr";"Jul 30, 2026, 06:00:00";"24";"3.24";"0.04";"0";"3.56"
"Belfort Park Dr";"Jul 30, 2026, 05:00:00";"28";"2.26";"0.04";"0";"4.36"
"Belfort Park Dr";"Jul 30, 2026, 04:00:00";"31";"1.82";"0.04";"0";"5"
"Belfort Park Dr";"Jul 30, 2026, 03:00:00";"34";"1.66";"0.05";"0";"5.47"
"Belfort Park Dr";"Jul 30, 2026, 02:00:00";"38";"1.92";"0.06";"0";"6.15"
"Belfort Park Dr";"Jul 30, 2026, 01:00:00";"43";"2.42";"0.07";"0";"7"
"Belfort Park Dr";"Jul 30, 2026, 00:00:00";"45";"2.72";"0.09";"0";"7.7"
"Belfort Park Dr";"Jul 29, 2026, 23:00:00";"46";"2.51";"0.1";"0";"7.37"
"Belfort Park Dr";"Jul 29, 2026, 22:00:00";"50";"2.5";"0.12";"0";"7.7"
"Belfort Park Dr";"Jul 29, 2026, 21:00:00";"54";"3.46";"0.16";"0";"9.92"
"Belfort Park Dr";"Jul 29, 2026, 20:00:00";"54";"2.6";"0.14";"0";"9.73"
"Belfort Park Dr";"Jul 29, 2026, 19:00:00";"55";"3.03";"0.15";"0";"10.21"
"Belfort Park Dr";"Jul 29, 2026, 18:00:00";"56";"1.89";"0.16";"0.22";"11.57"
"Belfort Park Dr";"Jul 29, 2026, 17:00:00";"57";"1.22";"0.16";"1.35";"11.21"
"Belfort Park Dr";"Jul 29, 2026, 16:00:00";"57";"0.1";"0.16";"2.37";"11.89"
"Belfort Park Dr";"Jul 29, 2026, 15:00:00";"57";"0.89";"0.14";"0.97";"12.13"
"Belfort Park Dr";"Jul 29, 2026, 14:00:00";"56";"0.68";"0.13";"3.85";"10.48"
"Belfort Park Dr";"Jul 29, 2026, 13:00:00";"58";"0.51";"0.1";"7.85";"11.3"
"Belfort Park Dr";"Jul 29, 2026, 12:00:00";"60";"0";"0.11";"17.4";"13.85"
"Belfort Park Dr";"Jul 29, 2026, 11:00:00";"60";"0.01";"0.11";"25.9";"15.2"
"Belfort Park Dr";"Jul 29, 2026, 10:00:00";"58";"0.97";"0.12";"37.49";"12.5"
"Belfort Park Dr";"Jul 29, 2026, 09:00:00";"59";"4.42";"0.16";"47.35";"12.83"
"Belfort Park Dr";"Jul 29, 2026, 08:00:00";"60";"8.38";"0.16";"53.78";"14.26"
"Belfort Park Dr";"Jul 29, 2026, 07:00:00";"59";"5.7";"0.09";"49.84";"14.51"
"Belfort Park Dr";"Jul 29, 2026, 06:00:00";"55";"4.99";"0.09";"50.81";"12.69"
"Belfort Park Dr";"Jul 29, 2026, 05:00:00";"53";"3.65";"0.06";"51.29";"11.05"
"Belfort Park Dr";"Jul 29, 2026, 04:00:00";"52";"2.82";"0.05";"51.89";"10.38"
"Belfort Park Dr";"Jul 29, 2026, 03:00:00";"48";"3.46";"0.04";"51.13";"8.29"
"Belfort Park Dr";"Jul 29, 2026, 02:00:00";"49";"3.44";"0.05";"50.87";"8.79"
"Belfort Park Dr";"Jul 29, 2026, 01:00:00";"49";"3.22";"0.07";"50.27";"9.55"
"Belfort Park Dr";"Jul 29, 2026, 00:00:00";"46";"4.44";"0.14";"43.85";"8.35"
"Belfort Park Dr";"Jul 28, 2026, 23:00:00";"45";"5.03";"0.11";"44.09";"8.07"
"Belfort Park Dr";"Jul 28, 2026, 22:00:00";"45";"5.54";"0.14";"41.48";"7.34"
"Belfort Park Dr";"Jul 28, 2026, 21:00:00";"50";"5.93";"0.15";"39.28";"8.04"
"Belfort Park Dr";"Jul 28, 2026, 20:00:00";"53";"5.21";"0.14";"28";"7.35"
"Belfort Park Dr";"Jul 28, 2026, 19:00:00";"57";"4.08";"0.12";"22.75";"9.73"
"Belfort Park Dr";"Jul 28, 2026, 18:00:00";"62";"5.25";"0.17";"22.62";"11.55"
"Belfort Park Dr";"Jul 28, 2026, 17:00:00";"69";"0.7";"0.17";"27.24";"16.62"
"Belfort Park Dr";"Jul 28, 2026, 16:00:00";"71";"0.7";"0.18";"37.19";"17.46"
"Belfort Park Dr";"Jul 28, 2026, 15:00:00";"73";"0";"0.2";"44.16";"22.78"
"Belfort Park Dr";"Jul 28, 2026, 14:00:00";"70";"0";"0.21";"48.44";"21.91"
"Belfort Park Dr";"Jul 28, 2026, 13:00:00";"67";"0.31";"0.22";"48.39";"19.42"
"Belfort Park Dr";"Jul 28, 2026, 12:00:00";"65";"3.73";"0.22";"35.49";"18.26"
"Belfort Park Dr";"Jul 28, 2026, 11:00:00";"64";"4.07";"0.2";"28.69";"17.14"
"Belfort Park Dr";"Jul 28, 2026, 10:00:00";"64";"7.62";"0.22";"28.17";"17.13"
"Belfort Park Dr";"Jul 28, 2026, 09:00:00";"63";"7.87";"0.23";"28.48";"16.23"
"Belfort Park Dr";"Jul 28, 2026, 08:00:00";"62";"8.58";"0.21";"27.8";"15.83"
"Belfort Park Dr";"Jul 28, 2026, 07:00:00";"62";"4.31";"0.19";"22.56";"15.28"
"Belfort Park Dr";"Jul 28, 2026, 06:00:00";"62";"5.62";"0.19";"27.97";"15.08"
"Belfort Park Dr";"Jul 28, 2026, 05:00:00";"62";"4.33";"0.16";"31.77";"14.97"
"Belfort Park Dr";"Jul 28, 2026, 04:00:00";"62";"4.14";"0.16";"24.93";"14.76"
"Belfort Park Dr";"Jul 28, 2026, 03:00:00";"62";"3.54";"0.17";"20.75";"14.9"
"Belfort Park Dr";"Jul 28, 2026, 02:00:00";"62";"4.56";"0.19";"18.44";"14.66"
"Belfort Park Dr";"Jul 28, 2026, 01:00:00";"62";"8.81";"0.19";"9.01";"14.9"
"Belfort Park Dr";"Jul 28, 2026, 00:00:00";"61";"10.87";"0.23";"5.84";"13.95"
"Belfort Park Dr";"Jul 27, 2026, 23:00:00";"62";"9.3";"0.23";"11.75";"14.44"
"Belfort Park Dr";"Jul 27, 2026, 22:00:00";"62";"10.34";"0.24";"10.52";"14.94"
"Belfort Park Dr";"Jul 27, 2026, 21:00:00";"62";"5.21";"0.2";"0.37";"15.04"
"Belfort Park Dr";"Jul 27, 2026, 20:00:00";"62";"1.88";"0.17";"1.4";"15.25"
"Belfort Park Dr";"Jul 27, 2026, 19:00:00";"61";"1.88";"0.19";"6.43";"14.54"
"Belfort Park Dr";"Jul 27, 2026, 18:00:00";"61";"1.94";"0.21";"6.97";"14.7"
"Belfort Park Dr";"Jul 27, 2026, 17:00:00";"60";"0.03";"0.19";"5.53";"13.8"
"Belfort Park Dr";"Jul 27, 2026, 16:00:00";"60";"0.68";"0.21";"6.98";"14.42"
"Belfort Park Dr";"Jul 27, 2026, 15:00:00";"58";"0.04";"0.2";"9.54";"14.78"
"Belfort Park Dr";"Jul 27, 2026, 14:00:00";"54";"0";"0.17";"10.03";"11.03"
"Belfort Park Dr";"Jul 27, 2026, 13:00:00";"52";"0.05";"0.15";"15.29";"9.6"
"Belfort Park Dr";"Jul 27, 2026, 12:00:00";"52";"0";"0.14";"25.52";"9.77"
"Belfort Park Dr";"Jul 27, 2026, 11:00:00";"52";"0";"0.15";"35.75";"9.38"
"Belfort Park Dr";"Jul 27, 2026, 10:00:00";"53";"3.61";"0.16";"41.08";"8.42"
"Belfort Park Dr";"Jul 27, 2026, 09:00:00";"55";"6.65";"0.16";"41";"7"
"Belfort Park Dr";"Jul 27, 2026, 08:00:00";"63";"11.09";"0.18";"46.55";"12.75"
"Belfort Park Dr";"Jul 27, 2026, 07:00:00";"68";"13.2";"0.25";"42.55";"18.31"
"Belfort Park Dr";"Jul 27, 2026, 06:00:00";"67";"8.52";"0.11";"36.03";"19.56"
"Belfort Park Dr";"Jul 27, 2026, 05:00:00";"62";"6.04";"0.09";"34.31";"17.38"
"Belfort Park Dr";"Jul 27, 2026, 04:00:00";"58";"4.18";"0.1";"35.96";"14.37"
"Belfort Park Dr";"Jul 27, 2026, 03:00:00";"54";"3.07";"0.11";"29.68";"13.45"
"Belfort Park Dr";"Jul 27, 2026, 02:00:00";"44";"2.95";"0.13";"28.23";"7.57"
"Belfort Park Dr";"Jul 27, 2026, 01:00:00";"47";"3.11";"0.14";"21.96";"7.04"
"Belfort Park Dr";"Jul 27, 2026, 00:00:00";"53";"4.7";"0.17";"21.37";"8.1"
"Belfort Park Dr";"Jul 26, 2026, 23:00:00";"56";"5.43";"0.17";"17.64";"14.41"
"Belfort Park Dr";"Jul 26, 2026, 22:00:00";"47";"5.05";"0.19";"12.95";"8.42"
"Belfort Park Dr";"Jul 26, 2026, 21:00:00";"48";"2.51";"0.19";"5.43";"8.27"
"Belfort Park Dr";"Jul 26, 2026, 20:00:00";"49";"2.14";"0.18";"6.94";"8.41"
"Belfort Park Dr";"Jul 26, 2026, 19:00:00";"50";"1.46";"0.18";"6.72";"9.7"
"Belfort Park Dr";"Jul 26, 2026, 18:00:00";"47";"0.57";"0.19";"6.53";"8.46"
"Belfort Park Dr";"Jul 26, 2026, 17:00:00";"47";"0.16";"0.16";"5.77";"8.5"
"Belfort Park Dr";"Jul 26, 2026, 16:00:00";"46";"0.63";"0.15";"8.57";"8.56"
"Belfort Park Dr";"Jul 26, 2026, 15:00:00";"44";"0.51";"0.12";"6.29";"8.5"
"Belfort Park Dr";"Jul 26, 2026, 14:00:00";"40";"0.36";"0.13";"13.61";"7.89"
"Belfort Park Dr";"Jul 26, 2026, 13:00:00";"37";"0.27";"0.12";"14.39";"7.64"
"Belfort Park Dr";"Jul 26, 2026, 12:00:00";"29";"0.06";"0.11";"16.01";"6.19"
"Belfort Park Dr";"Jul 26, 2026, 11:00:00";"25";"1.86";"0.09";"13.37";"4.98"
"Belfort Park Dr";"Jul 26, 2026, 10:00:00";"23";"4.71";"0.11";"11.99";"4.47"
"Belfort Park Dr";"Jul 26, 2026, 09:00:00";"22";"2.99";"0.11";"19.6";"3.38"
"Belfort Park Dr";"Jul 26, 2026, 08:00:00";"24";"4.47";"0.11";"25.6";"3.62"
"Belfort Park Dr";"Jul 26, 2026, 07:00:00";"25";"4.03";"0.08";"24.56";"5.2"
"Belfort Park Dr";"Jul 26, 2026, 06:00:00";"23";"4.29";"0.09";"21.45";"4.65"
"Belfort Park Dr";"Jul 26, 2026, 05:00:00";"22";"3.48";"0.07";"17.1";"4.03"
"Belfort Park Dr";"Jul 26, 2026, 04:00:00";"22";"4.1";"0.07";"11.73";"3.76"
"Belfort Park Dr";"Jul 26, 2026, 03:00:00";"22";"4.3";"0.09";"10.16";"3.75"
"Belfort Park Dr";"Jul 26, 2026, 02:00:00";"22";"4.52";"0.11";"8.8";"3.75"
"Belfort Park Dr";"Jul 26, 2026, 01:00:00";"23";"9.34";"0.18";"8.89";"4.13"
"Belfort Park Dr";"Jul 26, 2026, 00:00:00";"23";"12.07";"0.19";"5.96";"4.24"
"Belfort Park Dr";"Jul 25, 2026, 23:00:00";"22";"8.14";"0.14";"0.25";"3.65"
"Belfort Park Dr";"Jul 25, 2026, 22:00:00";"23";"10.59";"0.15";"0";"4.02"
"Belfort Park Dr";"Jul 25, 2026, 21:00:00";"24";"5.67";"0.11";"0";"4.17"
"Belfort Park Dr";"Jul 25, 2026, 20:00:00";"24";"5.28";"0.1";"0";"4.23"
"Belfort Park Dr";"Jul 25, 2026, 19:00:00";"24";"5.56";"0.11";"0";"4.18"
"Belfort Park Dr";"Jul 25, 2026, 18:00:00";"24";"1.32";"0.1";"0";"4.63"
"Belfort Park Dr";"Jul 25, 2026, 17:00:00";"23";"1.17";"0.1";"0";"4.47"
"Belfort Park Dr";"Jul 25, 2026, 16:00:00";"20";"0.82";"0.1";"0";"4.04"
"Belfort Park Dr";"Jul 25, 2026, 15:00:00";"19";"3.07";"0.08";"0";"3"
"Belfort Park Dr";"Jul 25, 2026, 14:00:00";"21";"3.03";"0.08";"0";"3.56"
"Belfort Park Dr";"Jul 25, 2026, 13:00:00";"22";"0.77";"0.08";"0";"4.47"
"Belfort Park Dr";"Jul 25, 2026, 12:00:00";"19";"0.37";"0.07";"0";"4.25"
"Belfort Park Dr";"Jul 25, 2026, 11:00:00";"17";"1.59";"0.07";"0.02";"3.22"
"Belfort Park Dr";"Jul 25, 2026, 10:00:00";"16";"4.73";"0.05";"7.26";"2.65"
"Belfort Park Dr";"Jul 25, 2026, 09:00:00";"16";"9.64";"0.06";"13.04";"2.83"
"Belfort Park Dr";"Jul 25, 2026, 08:00:00";"16";"8.21";"0.05";"15.05";"2.66"
"Belfort Park Dr";"Jul 25, 2026, 07:00:00";"17";"6.83";"0.03";"12.93";"2.86"
"Belfort Park Dr";"Jul 25, 2026, 06:00:00";"17";"5.55";"0.02";"9.35";"2.86"
"Belfort Park Dr";"Jul 25, 2026, 05:00:00";"18";"5.23";"0.03";"6.26";"3.01"
"Belfort Park Dr";"Jul 25, 2026, 04:00:00";"18";"6.49";"0.04";"0.29";"3.21"
"Belfort Park Dr";"Jul 25, 2026, 03:00:00";"18";"4.83";"0.04";"0";"3.21"
"Belfort Park Dr";"Jul 25, 2026, 02:00:00";"18";"4.02";"0.06";"0";"2.97"
"Belfort Park Dr";"Jul 25, 2026, 01:00:00";"19";"4.17";"0.07";"0";"3.03"
"Belfort Park Dr";"Jul 25, 2026, 00:00:00";"20";"3.85";"0.07";"0";"3.04"
"Belfort Park Dr";"Jul 24, 2026, 23:00:00";"23";"4.7";"0.08";"0";"3.3"
"Belfort Park Dr";"Jul 24, 2026, 22:00:00";"24";"4.36";"0.09";"0";"3.99"
"Belfort Park Dr";"Jul 24, 2026, 21:00:00";"25";"4.14";"0.1";"0";"4.99"
"Belfort Park Dr";"Jul 24, 2026, 20:00:00";"24";"3.42";"0.12";"0";"5.02"
"Belfort Park Dr";"Jul 24, 2026, 19:00:00";"23";"2.52";"0.13";"0";"4.56"
"Belfort Park Dr";"Jul 24, 2026, 18:00:00";"22";"2.82";"0.14";"0";"4.13"
"Belfort Park Dr";"Jul 24, 2026, 17:00:00";"22";"1.61";"0.13";"0";"3.96"
"Belfort Park Dr";"Jul 24, 2026, 16:00:00";"20";"0.37";"0.12";"0";"3.59"
"Belfort Park Dr";"Jul 24, 2026, 15:00:00";"21";"0.73";"0.11";"0";"3.56"
"Belfort Park Dr";"Jul 24, 2026, 14:00:00";"22";"0.22";"0.12";"0";"3.62"
"Belfort Park Dr";"Jul 24, 2026, 13:00:00";"23";"1.16";"0.1";"0";"4.1"
"Belfort Park Dr";"Jul 24, 2026, 12:00:00";"24";"0.3";"0.14";"0";"4.34"
"Belfort Park Dr";"Jul 24, 2026, 11:00:00";"23";"0.49";"0.12";"0";"3.79"
"Belfort Park Dr";"Jul 24, 2026, 10:00:00";"24";"4.94";"0.19";"1.84";"4.05"
"Belfort Park Dr";"Jul 24, 2026, 09:00:00";"26";"13.41";"0.21";"17.98";"4.03"
"Belfort Park Dr";"Jul 24, 2026, 08:00:00";"29";"13.29";"0.17";"9.34";"3.76"
"Belfort Park Dr";"Jul 24, 2026, 07:00:00";"38";"10.45";"0.16";"4.69";"7.42"
"Belfort Park Dr";"Jul 24, 2026, 06:00:00";"35";"7.27";"0.07";"1.83";"7.51"
"Belfort Park Dr";"Jul 24, 2026, 05:00:00";"27";"5.97";"0.04";"0.23";"5.59"
"Belfort Park Dr";"Jul 24, 2026, 04:00:00";"23";"4.86";"0.04";"0";"4.52"
"Belfort Park Dr";"Jul 24, 2026, 03:00:00";"23";"5.89";"0.08";"0";"4.03"
"Belfort Park Dr";"Jul 24, 2026, 02:00:00";"22";"6.11";"0.11";"0";"3.87"
"Belfort Park Dr";"Jul 24, 2026, 01:00:00";"23";"6.29";"0.11";"0";"4.01"
"Belfort Park Dr";"Jul 24, 2026, 00:00:00";"23";"6.2";"0.1";"0";"3.63"
"Belfort Park Dr";"Jul 23, 2026, 23:00:00";"25";"6.87";"0.13";"1.61";"4.67"
"Belfort Park Dr";"Jul 23, 2026, 22:00:00";"24";"7.38";"0.17";"0";"5.18"
"Belfort Park Dr";"Jul 23, 2026, 21:00:00";"20";"4.68";"0.08";"0";"3.87"
"Belfort Park Dr";"Jul 23, 2026, 20:00:00";"19";"3.05";"0.09";"0";"3.49"
"Belfort Park Dr";"Jul 23, 2026, 19:00:00";"20";"3.52";"0.11";"0";"3.58"
"Belfort Park Dr";"Jul 23, 2026, 18:00:00";"20";"2.38";"0.12";"0";"3.67"
"Belfort Park Dr";"Jul 23, 2026, 17:00:00";"19";"0.22";"0.11";"0";"3.55"
"Belfort Park Dr";"Jul 23, 2026, 16:00:00";"18";"0.37";"0.11";"0";"3.29"
"Belfort Park Dr";"Jul 23, 2026, 15:00:00";"18";"0";"0.09";"0";"3.27"
"Belfort Park Dr";"Jul 23, 2026, 14:00:00";"18";"0";"0.09";"0";"3.4"
"Belfort Park Dr";"Jul 23, 2026, 13:00:00";"16";"0";"0.08";"0";"2.82"
"Belfort Park Dr";"Jul 23, 2026, 12:00:00";"16";"0";"0.16";"0";"2.74"
"Belfort Park Dr";"Jul 23, 2026, 11:00:00";"16";"0.19";"0.13";"0";"3.15"
"Belfort Park Dr";"Jul 23, 2026, 10:00:00";"15";"2.88";"0.08";"0";"2.87"
"Belfort Park Dr";"Jul 23, 2026, 09:00:00";"13";"4.85";"0.11";"0.23";"2.51"
"Belfort Park Dr";"Jul 23, 2026, 08:00:00";"12";"8";"0.08";"0.61";"1.9"
"Belfort Park Dr";"Jul 23, 2026, 07:00:00";"14";"8.51";"0.05";"1.28";"1.95"
"Belfort Park Dr";"Jul 23, 2026, 06:00:00";"17";"4.81";"0.04";"0";"2.21"
"Belfort Park Dr";"Jul 23, 2026, 05:00:00";"22";"3.68";"0.02";"0";"2.87"
"Belfort Park Dr";"Jul 23, 2026, 04:00:00";"27";"2.24";"0.03";"0";"4.09"
"Belfort Park Dr";"Jul 23, 2026, 03:00:00";"32";"2.49";"0.04";"0";"4.89"
"Belfort Park Dr";"Jul 23, 2026, 02:00:00";"35";"2.37";"0.06";"0";"5.9"
"Belfort Park Dr";"Jul 23, 2026, 01:00:00";"39";"2.21";"0.07";"0";"6.55"
"Belfort Park Dr";"Jul 23, 2026, 00:00:00";"40";"1.91";"0.09";"0";"6.67"
"Belfort Park Dr";"Jul 22, 2026, 23:00:00";"44";"1.61";"0.11";"0";"7.05"
"Belfort Park Dr";"Jul 22, 2026, 22:00:00";"49";"2.48";"0.25";"0";"7.75"
"Belfort Park Dr";"Jul 22, 2026, 21:00:00";"53";"1.99";"0.17";"0";"8.85"
"Belfort Park Dr";"Jul 22, 2026, 20:00:00";"53";"2.23";"0.17";"0";"9.07"
"Belfort Park Dr";"Jul 22, 2026, 19:00:00";"54";"2.07";"0.2";"2.28";"10.25"
"Belfort Park Dr";"Jul 22, 2026, 18:00:00";"55";"1.83";"0.21";"3.54";"10.82"
"Belfort Park Dr";"Jul 22, 2026, 17:00:00";"55";"0";"0.22";"7.84";"10.79"
"Belfort Park Dr";"Jul 22, 2026, 16:00:00";"56";"0";"0.22";"14.71";"11.17"
"Belfort Park Dr";"Jul 22, 2026, 15:00:00";"57";"0";"0.19";"17.2";"11.9"
"Belfort Park Dr";"Jul 22, 2026, 14:00:00";"58";"0.31";"0.16";"25.8";"12.65"
"Belfort Park Dr";"Jul 22, 2026, 13:00:00";"57";"0";"0.16";"33.07";"12.82"
"Belfort Park Dr";"Jul 22, 2026, 12:00:00";"57";"0.38";"0.16";"47.25";"13.08"
"Belfort Park Dr";"Jul 22, 2026, 11:00:00";"54";"0.19";"0.14";"55.35";"13.8"
"Belfort Park Dr";"Jul 22, 2026, 10:00:00";"42";"2.98";"0.14";"65.3";"9.49"
"Belfort Park Dr";"Jul 22, 2026, 09:00:00";"30";"24.6";"0.14";"61.56";"6.93"
"Belfort Park Dr";"Jul 22, 2026, 08:00:00";"22";"10.86";"0.15";"68.45";"4.17"
"Belfort Park Dr";"Jul 22, 2026, 07:00:00";"21";"7.69";"0.12";"60.53";"4.14"
"Belfort Park Dr";"Jul 22, 2026, 06:00:00";"18";"7.43";"0.09";"59.18";"3.53"
"Belfort Park Dr";"Jul 22, 2026, 05:00:00";"17";"6";"0.06";"52";"3.11"
"Belfort Park Dr";"Jul 22, 2026, 04:00:00";"17";"6.74";"0.04";"52.2";"2.93"
"Belfort Park Dr";"Jul 22, 2026, 03:00:00";"17";"5.92";"0.03";"45.47";"2.68"
"Belfort Park Dr";"Jul 22, 2026, 02:00:00";"18";"6.81";"0.05";"102.66";"3.43"
"Belfort Park Dr";"Jul 22, 2026, 01:00:00";"18";"10.73";"0.07";"111.3";"3.09"
"Belfort Park Dr";"Jul 22, 2026, 00:00:00";"18";"7.22";"0.08";"103.65";"1.74"
"Belfort Park Dr";"Jul 21, 2026, 23:00:00";"26";"10.34";"0.1";"92.73";"3.1"
"Belfort Park Dr";"Jul 21, 2026, 22:00:00";"35";"3.29";"0.07";"102.16";"4.82"
"Belfort Park Dr";"Jul 21, 2026, 21:00:00";"43";"2.83";"0.11";"111.94";"7.83"
"Belfort Park Dr";"Jul 21, 2026, 20:00:00";"43";"1.48";"0.14";"127.04";"7.95"
"Belfort Park Dr";"Jul 21, 2026, 19:00:00";"40";"3.27";"0.17";"130.93";"6.46"
"Belfort Park Dr";"Jul 21, 2026, 18:00:00";"45";"3.03";"0.17";"131.1";"7.71"
"Belfort Park Dr";"Jul 21, 2026, 17:00:00";"48";"0.19";"0.16";"136.92";"9.02"
"Belfort Park Dr";"Jul 21, 2026, 16:00:00";"45";"0";"0.14";"140.58";"8.72"
"Belfort Park Dr";"Jul 21, 2026, 15:00:00";"42";"0";"0.16";"148.56";"7.74"
"Belfort Park Dr";"Jul 21, 2026, 14:00:00";"40";"0";"0.14";"147.66";"6.94"
"Belfort Park Dr";"Jul 21, 2026, 13:00:00";"42";"0";"0.14";"145.79";"6.19"
"Belfort Park Dr";"Jul 21, 2026, 12:00:00";"48";"0.24";"0.14";"137.31";"7.11"
"Belfort Park Dr";"Jul 21, 2026, 11:00:00";"53";"0.52";"0.15";"136.19";"9.08"
"Belfort Park Dr";"Jul 21, 2026, 10:00:00";"55";"4.37";"0.19";"128.1";"9.87"
"Belfort Park Dr";"Jul 21, 2026, 09:00:00";"58";"6.61";"0.22";"118.58";"11.45"
"Belfort Park Dr";"Jul 21, 2026, 08:00:00";"60";"3.44";"0.25";"119.37";"12.69"
"Belfort Park Dr";"Jul 21, 2026, 07:00:00";"63";"4.82";"0.29";"118.49";"13.84"
"Belfort Park Dr";"Jul 21, 2026, 06:00:00";"65";"3.29";"0.31";"114.2";"14.85"
"Belfort Park Dr";"Jul 21, 2026, 05:00:00";"68";"1.68";"0.32";"105.93";"15.87"
"Belfort Park Dr";"Jul 21, 2026, 04:00:00";"73";"1.7";"0.37";"102.73";"17.96"
"Belfort Park Dr";"Jul 21, 2026, 03:00:00";"78";"1.93";"0.45";"96.74";"21.56"
"Belfort Park Dr";"Jul 21, 2026, 02:00:00";"80";"2.13";"0.48";"90.88";"23.05"
"Belfort Park Dr";"Jul 21, 2026, 01:00:00";"82";"2.07";"0.5";"82.86";"23.9"
"Belfort Park Dr";"Jul 21, 2026, 00:00:00";"83";"1.86";"0.51";"77.51";"24.5"
"Belfort Park Dr";"Jul 20, 2026, 23:00:00";"84";"2.41";"0.47";"66.26";"24.05"
"Belfort Park Dr";"Jul 20, 2026, 22:00:00";"86";"1.65";"0.42";"61.38";"24.35"
"Belfort Park Dr";"Jul 20, 2026, 21:00:00";"87";"0.47";"0.39";"59.72";"25.33"
"Belfort Park Dr";"Jul 20, 2026, 20:00:00";"89";"0.01";"0.38";"57.9";"27.63"
"Belfort Park Dr";"Jul 20, 2026, 19:00:00";"92";"0.14";"0.37";"57.3";"29.96"
"Belfort Park Dr";"Jul 20, 2026, 18:00:00";"94";"0.17";"0.37";"57.73";"32.17"
"Belfort Park Dr";"Jul 20, 2026, 17:00:00";"93";"0.09";"0.37";"59.8";"32.17"
"Belfort Park Dr";"Jul 20, 2026, 16:00:00";"91";"0.11";"0.37";"59.48";"31.77"
"Belfort Park Dr";"Jul 20, 2026, 15:00:00";"89";"0.64";"0.35";"57.12";"31.28"
"Belfort Park Dr";"Jul 20, 2026, 14:00:00";"86";"0.44";"0.31";"57.56";"29.58"
"Belfort Park Dr";"Jul 20, 2026, 13:00:00";"81";"0.13";"0.26";"57.85";"27.1"
"Belfort Park Dr";"Jul 20, 2026, 12:00:00";"77";"0";"0.25";"59.87";"26"
"Belfort Park Dr";"Jul 20, 2026, 11:00:00";"72";"0.47";"0.26";"63.11";"23.73"
"Belfort Park Dr";"Jul 20, 2026, 10:00:00";"68";"2.01";"0.28";"61.88";"20.37"
"Belfort Park Dr";"Jul 20, 2026, 09:00:00";"65";"4.53";"0.3";"71.28";"18.45"
"Belfort Park Dr";"Jul 20, 2026, 08:00:00";"62";"9.69";"0.43";"76.78";"14.5"
"Belfort Park Dr";"Jul 20, 2026, 07:00:00";"63";"8.08";"0.38";"73.75";"14.39"
"Belfort Park Dr";"Jul 20, 2026, 06:00:00";"65";"5.25";"0.32";"66.43";"15.87"
"Belfort Park Dr";"Jul 20, 2026, 05:00:00";"66";"3.81";"0.3";"64.39";"16.01"
"Belfort Park Dr";"Jul 20, 2026, 04:00:00";"67";"3.77";"0.28";"61.28";"16.84"
"Belfort Park Dr";"Jul 20, 2026, 03:00:00";"68";"3.53";"0.29";"59.25";"17.13"
"Belfort Park Dr";"Jul 20, 2026, 02:00:00";"71";"0";"0";"0";"17.86"
"Belfort Park Dr";"Jul 20, 2026, 01:00:00";"73";"2.15";"0.36";"57.67";"18.11"
"Belfort Park Dr";"Jul 20, 2026, 00:00:00";"79";"4.61";"0.44";"58.52";"20.69"
"Belfort Park Dr";"Jul 19, 2026, 23:00:00";"84";"3.81";"0.48";"57.41";"24.34"
"Belfort Park Dr";"Jul 19, 2026, 22:00:00";"89";"2.7";"0.51";"54.77";"26.31"
"Belfort Park Dr";"Jul 19, 2026, 21:00:00";"95";"1.83";"0.53";"56.64";"28.5"
"Belfort Park Dr";"Jul 19, 2026, 20:00:00";"103";"1.17";"0.58";"56.08";"33.79"
"Belfort Park Dr";"Jul 19, 2026, 19:00:00";"109";"0.56";"0.6";"57.26";"35.91"
"Belfort Park Dr";"Jul 19, 2026, 18:00:00";"116";"0.02";"0.64";"65.58";"38"
"Belfort Park Dr";"Jul 19, 2026, 17:00:00";"125";"0";"0.66";"71.55";"43.02"
"Belfort Park Dr";"Jul 19, 2026, 16:00:00";"131";"0";"0.68";"79.62";"46.45"
"Belfort Park Dr";"Jul 19, 2026, 15:00:00";"133";"0.07";"0.68";"87.8";"48.82"
"Belfort Park Dr";"Jul 19, 2026, 14:00:00";"131";"0";"0.67";"94.26";"51.63"
"Belfort Park Dr";"Jul 19, 2026, 13:00:00";"121";"0";"0.62";"103.71";"50.75"
"Belfort Park Dr";"Jul 19, 2026, 12:00:00";"103";"0";"0.51";"104.11";"46.29"
"Belfort Park Dr";"Jul 19, 2026, 11:00:00";"84";"0";"0.35";"108.04";"35.05"
"Belfort Park Dr";"Jul 19, 2026, 10:00:00";"68";"0.22";"0.24";"105.38";"24.62"
"Belfort Park Dr";"Jul 19, 2026, 09:00:00";"55";"0.09";"0.17";"104.95";"15.76"
"Belfort Park Dr";"Jul 19, 2026, 08:00:00";"37";"0.51";"0.09";"103.49";"6.36"
"Belfort Park Dr";"Jul 19, 2026, 07:00:00";"38";"0.69";"0.07";"97.88";"6.94"
"Belfort Park Dr";"Jul 19, 2026, 06:00:00";"37";"0.2";"0.05";"98.06";"6.98"
"Belfort Park Dr";"Jul 19, 2026, 05:00:00";"35";"0";"0.04";"99.94";"5.87"
"Belfort Park Dr";"Jul 19, 2026, 04:00:00";"37";"0.1";"0.04";"103.93";"4.99"
"Belfort Park Dr";"Jul 19, 2026, 03:00:00";"46";"2.19";"0.07";"111.47";"6.19"
"Belfort Park Dr";"Jul 19, 2026, 02:00:00";"54";"0.78";"0.09";"122.8";"8.49"
"Belfort Park Dr";"Jul 19, 2026, 01:00:00";"57";"8.21";"0.16";"133.16";"11.4"
"Belfort Park Dr";"Jul 19, 2026, 00:00:00";"59";"7.79";"0.23";"139.51";"12.84"
"Belfort Park Dr";"Jul 18, 2026, 23:00:00";"59";"8.23";"0.26";"141.84";"13.47"
"Belfort Park Dr";"Jul 18, 2026, 22:00:00";"58";"4.14";"0.23";"139.74";"12.54"
"Belfort Park Dr";"Jul 18, 2026, 21:00:00";"58";"8.34";"0.25";"139.15";"12.67"
"Belfort Park Dr";"Jul 18, 2026, 20:00:00";"58";"8.46";"0.23";"125.49";"10.38"
"Belfort Park Dr";"Jul 18, 2026, 19:00:00";"62";"5.68";"0.22";"115.23";"8.92"
"Belfort Park Dr";"Jul 18, 2026, 18:00:00";"72";"3.69";"0.15";"99.25";"8.94"
"Belfort Park Dr";"Jul 18, 2026, 17:00:00";"93";"4.01";"0.15";"95.99";"19.19"
"Belfort Park Dr";"Jul 18, 2026, 16:00:00";"121";"1.74";"0.22";"123.51";"28.09"
"Belfort Park Dr";"Jul 18, 2026, 15:00:00";"153";"0.54";"0.36";"143.59";"57.24"
"Belfort Park Dr";"Jul 18, 2026, 14:00:00";"153";"0";"0.49";"163.59";"64.8"
"Belfort Park Dr";"Jul 18, 2026, 13:00:00";"150";"0";"0.53";"166.39";"60.24"
"Belfort Park Dr";"Jul 18, 2026, 12:00:00";"146";"0.66";"0.59";"141.79";"54.91"
"Belfort Park Dr";"Jul 18, 2026, 11:00:00";"144";"2.02";"0.59";"122.73";"53.61"
"Belfort Park Dr";"Jul 18, 2026, 10:00:00";"143";"2.19";"0.55";"113.41";"50.5"
"Belfort Park Dr";"Jul 18, 2026, 09:00:00";"145";"2.99";"0.54";"98.82";"49.33"
"Belfort Park Dr";"Jul 18, 2026, 08:00:00";"148";"2.76";"0.55";"87.76";"51.01"
"Belfort Park Dr";"Jul 18, 2026, 07:00:00";"153";"1.93";"0.56";"80.45";"53.7"
"Belfort Park Dr";"Jul 18, 2026, 06:00:00";"155";"0.61";"0.57";"78.04";"57.24"
"Belfort Park Dr";"Jul 18, 2026, 05:00:00";"157";"0.26";"0.61";"82.75";"59.26"
"Belfort Park Dr";"Jul 18, 2026, 04:00:00";"158";"0.88";"0.69";"83.34";"60.51"
"Belfort Park Dr";"Jul 18, 2026, 03:00:00";"161";"2.75";"0.74";"79.45";"62.14"
"Belfort Park Dr";"Jul 18, 2026, 02:00:00";"164";"1.68";"0.78";"77.55";"65.45"
"Belfort Park Dr";"Jul 18, 2026, 01:00:00";"168";"3.62";"0.85";"71.71";"71.94"
"Belfort Park Dr";"Jul 18, 2026, 00:00:00";"170";"1.91";"0.87";"70.7";"74.55"
"Belfort Park Dr";"Jul 17, 2026, 23:00:00";"172";"2.76";"0.87";"74.57";"72.97"
"Belfort Park Dr";"Jul 17, 2026, 22:00:00";"175";"2.09";"0.88";"71.45";"76.66"
"Belfort Park Dr";"Jul 17, 2026, 21:00:00";"178";"1.99";"0.89";"65.88";"92.07"
"Belfort Park Dr";"Jul 17, 2026, 20:00:00";"178";"0.91";"0.82";"64.19";"97.23"
"Belfort Park Dr";"Jul 17, 2026, 19:00:00";"177";"0.19";"0.79";"73.35";"94.32"
"Belfort Park Dr";"Jul 17, 2026, 18:00:00";"176";"0.18";"0.78";"77.19";"90.57"
"Belfort Park Dr";"Jul 17, 2026, 17:00:00";"176";"0.16";"0.77";"77.6";"89.68"
"Belfort Park Dr";"Jul 17, 2026, 16:00:00";"176";"0";"0.76";"79.78";"88.8"
"Belfort Park Dr";"Jul 17, 2026, 15:00:00";"176";"0";"0.75";"76";"90.5"
"Belfort Park Dr";"Jul 17, 2026, 14:00:00";"176";"0.59";"0.72";"74.36";"89.39"
"Belfort Park Dr";"Jul 17, 2026, 13:00:00";"177";"0";"0.68";"73.11";"89.84"
"Belfort Park Dr";"Jul 17, 2026, 12:00:00";"178";"0.06";"0.62";"67.37";"87.37"
"Belfort Park Dr";"Jul 17, 2026, 11:00:00";"181";"0";"0.75";"67.16";"94.94"
"Belfort Park Dr";"Jul 17, 2026, 10:00:00";"183";"1.2";"1.02";"67.84";"110.14"
"Belfort Park Dr";"Jul 17, 2026, 09:00:00";"176";"9.74";"1.34";"75.7";"93.83"
"Belfort Park Dr";"Jul 17, 2026, 08:00:00";"174";"13.37";"1.45";"80.03";"78.88"
"Belfort Park Dr";"Jul 17, 2026, 07:00:00";"180";"14";"1.44";"76";"87.92"
"Belfort Park Dr";"Jul 17, 2026, 06:00:00";"186";"5.51";"1.4";"66.41";"94.67"
"Belfort Park Dr";"Jul 17, 2026, 05:00:00";"193";"2.58";"1.43";"61.39";"108.9"
"Belfort Park Dr";"Jul 17, 2026, 04:00:00";"197";"0.57";"1.5";"59.59";"122.33"
"Belfort Park Dr";"Jul 17, 2026, 03:00:00";"195";"0.07";"1.58";"59.57";"132.18"
"Belfort Park Dr";"Jul 17, 2026, 02:00:00";"184";"0.18";"1.18";"65.14";"116.19"
"Belfort Park Dr";"Jul 17, 2026, 01:00:00";"175";"0.09";"0.92";"70.23";"105.7"
"Belfort Park Dr";"Jul 17, 2026, 00:00:00";"163";"0";"0.79";"80.59";"97.64"
"Belfort Park Dr";"Jul 16, 2026, 23:00:00";"125";"0";"0.49";"104.31";"61.3"
"Belfort Park Dr";"Jul 16, 2026, 22:00:00";"88";"0.05";"0.39";"118.62";"40.33"
"Belfort Park Dr";"Jul 16, 2026, 21:00:00";"68";"0.63";"0.26";"105.92";"16.24"
"Belfort Park Dr";"Jul 16, 2026, 20:00:00";"69";"0";"0.26";"105.93";"17.16"
"Belfort Park Dr";"Jul 16, 2026, 19:00:00";"71";"0";"0.28";"111.33";"20.49"
"Belfort Park Dr";"Jul 16, 2026, 18:00:00";"69";"0";"0.29";"115.24";"20.23"
"Belfort Park Dr";"Jul 16, 2026, 17:00:00";"67";"0";"0.33";"127.8";"17.93"
"Belfort Park Dr";"Jul 16, 2026, 16:00:00";"67";"0";"0.33";"132.25";"17.58"
"Belfort Park Dr";"Jul 16, 2026, 15:00:00";"67";"0";"0.33";"141.41";"18.91"
"Belfort Park Dr";"Jul 16, 2026, 14:00:00";"65";"0";"0.32";"136.91";"18.38"
"Belfort Park Dr";"Jul 16, 2026, 13:00:00";"63";"0";"0.31";"142.58";"16.62"
"Belfort Park Dr";"Jul 16, 2026, 12:00:00";"63";"0";"0.31";"147.03";"17.2"
"Belfort Park Dr";"Jul 16, 2026, 11:00:00";"61";"0";"0.28";"142.68";"16.68"
"Belfort Park Dr";"Jul 16, 2026, 10:00:00";"60";"0";"0.24";"131.9";"14.52"
"Belfort Park Dr";"Jul 16, 2026, 09:00:00";"59";"0.06";"0.24";"120.25";"13.29"
"Belfort Park Dr";"Jul 16, 2026, 08:00:00";"59";"2.37";"0.22";"105.08";"13.22"
"Belfort Park Dr";"Jul 16, 2026, 07:00:00";"59";"2.63";"0.22";"100.27";"13.89"
"Belfort Park Dr";"Jul 16, 2026, 06:00:00";"59";"0.82";"0.21";"99.73";"13.22"
"Belfort Park Dr";"Jul 16, 2026, 05:00:00";"59";"0.08";"0.19";"99.67";"13.59"
"Belfort Park Dr";"Jul 16, 2026, 04:00:00";"59";"0.34";"0.18";"101.32";"14.05"
"Belfort Park Dr";"Jul 16, 2026, 03:00:00";"58";"0";"0.19";"102.58";"14.05"
"Belfort Park Dr";"Jul 16, 2026, 02:00:00";"57";"0.12";"0.2";"105.57";"13.31"
"Belfort Park Dr";"Jul 16, 2026, 01:00:00";"57";"0";"0.21";"106.15";"12.5"
"Belfort Park Dr";"Jul 16, 2026, 00:00:00";"57";"0";"0.23";"108.43";"12.71"
"Belfort Park Dr";"Jul 15, 2026, 23:00:00";"57";"1.43";"0.25";"114.57";"12.41"
"Belfort Park Dr";"Jul 15, 2026, 22:00:00";"57";"0";"0.25";"113.34";"11.72"
"Belfort Park Dr";"Jul 15, 2026, 21:00:00";"57";"0";"0.25";"109.12";"11.57"
"Belfort Park Dr";"Jul 15, 2026, 20:00:00";"57";"0.93";"0.26";"109.77";"11.85"
"Belfort Park Dr";"Jul 15, 2026, 19:00:00";"57";"0.67";"0.27";"112.81";"11.84"
"Belfort Park Dr";"Jul 15, 2026, 18:00:00";"57";"0.82";"0.29";"116.46";"12.14"
"Belfort Park Dr";"Jul 15, 2026, 17:00:00";"57";"0";"0.31";"118.12";"11.48"
"Belfort Park Dr";"Jul 15, 2026, 16:00:00";"58";"0";"0.31";"121.75";"11.96"
"Belfort Park Dr";"Jul 15, 2026, 15:00:00";"58";"0";"0.31";"124.65";"12.73"
"Belfort Park Dr";"Jul 15, 2026, 14:00:00";"58";"0";"0.28";"121.91";"12.99"
"Belfort Park Dr";"Jul 15, 2026, 13:00:00";"58";"0";"0.26";"128.08";"13.72"
"Belfort Park Dr";"Jul 15, 2026, 12:00:00";"57";"0";"0.25";"130.29";"13.95"
"Belfort Park Dr";"Jul 15, 2026, 11:00:00";"55";"0";"0.24";"129.93";"13.13"
"Belfort Park Dr";"Jul 15, 2026, 10:00:00";"52";"0.79";"0.24";"124.61";"11.14"
"Belfort Park Dr";"Jul 15, 2026, 09:00:00";"50";"9.45";"0.26";"115.3";"9.63"
"Belfort Park Dr";"Jul 15, 2026, 08:00:00";"50";"17.75";"0.28";"97.84";"9.14"
"Belfort Park Dr";"Jul 15, 2026, 07:00:00";"50";"18.71";"0.27";"89.53";"9.44"
"Belfort Park Dr";"Jul 15, 2026, 06:00:00";"49";"14.32";"0.24";"82.85";"8.99"
"Belfort Park Dr";"Jul 15, 2026, 05:00:00";"49";"6.87";"0.18";"76.9";"8.91"
"Belfort Park Dr";"Jul 15, 2026, 04:00:00";"49";"5.73";"0.17";"77.15";"8.92"
"Belfort Park Dr";"Jul 15, 2026, 03:00:00";"49";"3.34";"0.18";"76.73";"8.63"
"Belfort Park Dr";"Jul 15, 2026, 02:00:00";"50";"3.11";"0.19";"73.75";"8.67"
"Belfort Park Dr";"Jul 15, 2026, 01:00:00";"50";"1.6";"0.19";"77.25";"8.73"
"Belfort Park Dr";"Jul 15, 2026, 00:00:00";"51";"0.39";"0.2";"78.23";"8.46"
"Belfort Park Dr";"Jul 14, 2026, 23:00:00";"52";"1.83";"0.22";"79.73";"8.67"
"Belfort Park Dr";"Jul 14, 2026, 22:00:00";"52";"1.07";"0.22";"79.24";"8.67"
"Belfort Park Dr";"Jul 14, 2026, 21:00:00";"52";"2.79";"0.22";"79.3";"9.28"
"Belfort Park Dr";"Jul 14, 2026, 20:00:00";"52";"0.04";"0.22";"76.13";"9.38"
"Belfort Park Dr";"Jul 14, 2026, 19:00:00";"53";"0.47";"0.22";"81.21";"9.7"
"Belfort Park Dr";"Jul 14, 2026, 18:00:00";"53";"0";"0.21";"80.84";"10.11"
"Belfort Park Dr";"Jul 14, 2026, 17:00:00";"53";"0";"0.22";"87.37";"9.89"
"Belfort Park Dr";"Jul 14, 2026, 16:00:00";"53";"0.01";"0.23";"88.05";"9.97"
"Belfort Park Dr";"Jul 14, 2026, 15:00:00";"52";"0";"0.23";"90.16";"10.41"
"Belfort Park Dr";"Jul 14, 2026, 14:00:00";"51";"0";"0.22";"96.97";"9.58"
"Belfort Park Dr";"Jul 14, 2026, 13:00:00";"49";"0";"0.22";"102.24";"9.11"
"Belfort Park Dr";"Jul 14, 2026, 12:00:00";"49";"0";"0.19";"100.21";"9.35"
"Belfort Park Dr";"Jul 14, 2026, 11:00:00";"47";"0";"0.19";"104.45";"9.8"
"Belfort Park Dr";"Jul 14, 2026, 10:00:00";"41";"2.98";"0.2";"103.88";"8.38"
"Belfort Park Dr";"Jul 14, 2026, 09:00:00";"39";"11.33";"0.25";"92.92";"7.83"
"Belfort Park Dr";"Jul 14, 2026, 08:00:00";"38";"16.2";"0.3";"91.54";"6.82"
"Belfort Park Dr";"Jul 14, 2026, 07:00:00";"38";"15.22";"0.23";"85.15";"7.18"
"Belfort Park Dr";"Jul 14, 2026, 06:00:00";"37";"9.58";"0.17";"79.89";"6.96"
"Belfort Park Dr";"Jul 14, 2026, 05:00:00";"37";"5.74";"0.13";"74.86";"6.35"
"Belfort Park Dr";"Jul 14, 2026, 04:00:00";"37";"4.24";"0.12";"67.18";"6.33"
"Belfort Park Dr";"Jul 14, 2026, 03:00:00";"38";"4.8";"0.12";"60.55";"6.36"
"Belfort Park Dr";"Jul 14, 2026, 02:00:00";"40";"5.6";"0.14";"60.65";"6.57"
"Belfort Park Dr";"Jul 14, 2026, 01:00:00";"42";"4.7";"0.16";"61.71";"6.62"
"Belfort Park Dr";"Jul 14, 2026, 00:00:00";"45";"8.26";"0.18";"62.36";"7"
"Belfort Park Dr";"Jul 13, 2026, 23:00:00";"48";"2.4";"0.18";"55.67";"7.44"
"Belfort Park Dr";"Jul 13, 2026, 22:00:00";"49";"1.78";"0.18";"50.77";"8.28"
"Belfort Park Dr";"Jul 13, 2026, 21:00:00";"52";"1.43";"0.18";"48.57";"9.18"
"Belfort Park Dr";"Jul 13, 2026, 20:00:00";"52";"0.84";"0.17";"46.52";"9.82"
"Belfort Park Dr";"Jul 13, 2026, 19:00:00";"50";"0.5";"0.16";"43.78";"9.38"
"Belfort Park Dr";"Jul 13, 2026, 18:00:00";"48";"0.34";"0.17";"49.82";"8.75"
"Belfort Park Dr";"Jul 13, 2026, 17:00:00";"47";"0.1";"0.17";"54.77";"8.48"
"Belfort Park Dr";"Jul 13, 2026, 16:00:00";"47";"0";"0.16";"57.81";"8.66"
"Belfort Park Dr";"Jul 13, 2026, 15:00:00";"47";"0";"0.15";"59.63";"8.58"
"Belfort Park Dr";"Jul 13, 2026, 14:00:00";"45";"0";"0.15";"65.4";"8.73"
"Belfort Park Dr";"Jul 13, 2026, 13:00:00";"41";"0";"0.15";"68.07";"7.74"
"Belfort Park Dr";"Jul 13, 2026, 12:00:00";"39";"0";"0.16";"78.53";"7.53"
"Belfort Park Dr";"Jul 13, 2026, 11:00:00";"37";"0";"0.15";"89.68";"6.95"
"Belfort Park Dr";"Jul 13, 2026, 10:00:00";"34";"0";"0.13";"96.7";"6.02"
"Belfort Park Dr";"Jul 13, 2026, 09:00:00";"34";"3.16";"0.17";"99.41";"4.97"
"Belfort Park Dr";"Jul 13, 2026, 08:00:00";"41";"9.24";"0.22";"92.16";"5.6"
"Belfort Park Dr";"Jul 13, 2026, 07:00:00";"47";"7.07";"0.21";"79.01";"8.78"
"Belfort Park Dr";"Jul 13, 2026, 06:00:00";"47";"5.46";"0.15";"77.76";"9.83"
"Belfort Park Dr";"Jul 13, 2026, 05:00:00";"43";"2.96";"0.12";"77.79";"7.98"
"Belfort Park Dr";"Jul 13, 2026, 04:00:00";"43";"2.61";"0.11";"78.41";"7.95"
"Belfort Park Dr";"Jul 13, 2026, 03:00:00";"42";"2.38";"0.12";"81.13";"7.48"
"Belfort Park Dr";"Jul 13, 2026, 02:00:00";"42";"2.17";"0.13";"76.13";"7.65"
"Belfort Park Dr";"Jul 13, 2026, 01:00:00";"42";"1.15";"0.1";"72.95";"6.88"
"Belfort Park Dr";"Jul 13, 2026, 00:00:00";"43";"1.02";"0.11";"75.07";"7.25"
"Belfort Park Dr";"Jul 12, 2026, 23:00:00";"45";"0.8";"0.13";"74.26";"7.6"
"Belfort Park Dr";"Jul 12, 2026, 22:00:00";"45";"2.74";"0.15";"80.16";"7.92"
"Belfort Park Dr";"Jul 12, 2026, 21:00:00";"46";"0.75";"0.14";"80.09";"7.85"
"Belfort Park Dr";"Jul 12, 2026, 20:00:00";"45";"0.91";"0.12";"81.95";"7.99"
"Belfort Park Dr";"Jul 12, 2026, 19:00:00";"45";"3.63";"0.15";"93.32";"8.03"
"Belfort Park Dr";"Jul 12, 2026, 18:00:00";"46";"0.34";"0.15";"97.65";"7.63"
"Belfort Park Dr";"Jul 12, 2026, 17:00:00";"50";"0.65";"0.15";"109.79";"8.37"
"Belfort Park Dr";"Jul 12, 2026, 16:00:00";"52";"0";"0.19";"134.01";"9.43"
"Belfort Park Dr";"Jul 12, 2026, 15:00:00";"52";"0";"0.19";"140";"9.66"
"Belfort Park Dr";"Jul 12, 2026, 14:00:00";"52";"0";"0.19";"146.92";"9.38"
"Belfort Park Dr";"Jul 12, 2026, 13:00:00";"52";"0";"0.19";"149.69";"8.64"
"Belfort Park Dr";"Jul 12, 2026, 12:00:00";"53";"0";"0.18";"151";"8.64"
"Belfort Park Dr";"Jul 12, 2026, 11:00:00";"56";"0";"0.18";"143.83";"8.59"
"Belfort Park Dr";"Jul 12, 2026, 10:00:00";"62";"0.04";"0.17";"144.79";"9.51"
"Belfort Park Dr";"Jul 12, 2026, 09:00:00";"71";"0.32";"0.15";"144.11";"15.27"
"Belfort Park Dr";"Jul 12, 2026, 08:00:00";"79";"0.75";"0.15";"140.73";"23.58"
"Belfort Park Dr";"Jul 12, 2026, 07:00:00";"79";"1.06";"0.14";"133.54";"24.04"
"Belfort Park Dr";"Jul 12, 2026, 06:00:00";"79";"1.24";"0.14";"131.06";"24.7"
"Belfort Park Dr";"Jul 12, 2026, 05:00:00";"78";"1.91";"0.14";"127.57";"22.42"
"Belfort Park Dr";"Jul 12, 2026, 04:00:00";"81";"0.82";"0.15";"125.64";"26.85"
"Belfort Park Dr";"Jul 12, 2026, 03:00:00";"76";"1.31";"0.14";"124.68";"24.18"
"Belfort Park Dr";"Jul 12, 2026, 02:00:00";"74";"2.66";"0.15";"122.93";"21.52"
"Belfort Park Dr";"Jul 12, 2026, 01:00:00";"73";"3.23";"0.16";"119.08";"25"
"Belfort Park Dr";"Jul 12, 2026, 00:00:00";"63";"3.69";"0.17";"114.16";"20.08"
"Belfort Park Dr";"Jul 11, 2026, 23:00:00";"57";"3.67";"0.16";"98.34";"11.76"
"Belfort Park Dr";"Jul 11, 2026, 22:00:00";"57";"0.98";"0.22";"107.1";"11.45"
"Belfort Park Dr";"Jul 11, 2026, 21:00:00";"58";"0.13";"0.26";"115.95";"12.7"
"Belfort Park Dr";"Jul 11, 2026, 20:00:00";"57";"0";"0.23";"114.79";"11.89"
"Belfort Park Dr";"Jul 11, 2026, 19:00:00";"57";"0.24";"0.23";"111.84";"11.62"
"Belfort Park Dr";"Jul 11, 2026, 18:00:00";"59";"0";"0.22";"113.33";"12.47"
"Belfort Park Dr";"Jul 11, 2026, 17:00:00";"60";"0";"0.22";"118.56";"13.51"
"Belfort Park Dr";"Jul 11, 2026, 16:00:00";"60";"0";"0.23";"124.45";"13.32"
"Belfort Park Dr";"Jul 11, 2026, 15:00:00";"60";"0";"0.24";"130.7";"14.81"
"Belfort Park Dr";"Jul 11, 2026, 14:00:00";"59";"0";"0.21";"135.9";"14.72"
"Belfort Park Dr";"Jul 11, 2026, 13:00:00";"56";"0";"0.2";"140.32";"13.65"
"Belfort Park Dr";"Jul 11, 2026, 12:00:00";"52";"0";"0.19";"146.52";"11.45"
"Belfort Park Dr";"Jul 11, 2026, 11:00:00";"41";"0";"0.2";"150.85";"8.48"
"Belfort Park Dr";"Jul 11, 2026, 10:00:00";"35";"0";"0.2";"146.59";"6.78"
"Belfort Park Dr";"Jul 11, 2026, 09:00:00";"33";"0.21";"0.16";"129.16";"5.86"
"Belfort Park Dr";"Jul 11, 2026, 08:00:00";"33";"2.78";"0.15";"122.66";"5.47"
"Belfort Park Dr";"Jul 11, 2026, 07:00:00";"34";"2.13";"0.14";"116.77";"5.5"
"Belfort Park Dr";"Jul 11, 2026, 06:00:00";"38";"0.51";"0.1";"115.8";"5.97"
"Belfort Park Dr";"Jul 11, 2026, 05:00:00";"44";"0.25";"0.12";"125.32";"6.49"
"Belfort Park Dr";"Jul 11, 2026, 04:00:00";"50";"0.26";"0.13";"129.9";"8.31"
"Belfort Park Dr";"Jul 11, 2026, 03:00:00";"53";"1.64";"0.16";"128.68";"8.39"
"Belfort Park Dr";"Jul 11, 2026, 02:00:00";"56";"3.27";"0.2";"131.42";"11.18"
"Belfort Park Dr";"Jul 11, 2026, 01:00:00";"56";"7.84";"0.25";"132.45";"12.13"
"Belfort Park Dr";"Jul 11, 2026, 00:00:00";"55";"8.79";"0.22";"127.54";"12.51"
"Belfort Park Dr";"Jul 10, 2026, 23:00:00";"51";"6.88";"0.19";"119.97";"10.5"
"Belfort Park Dr";"Jul 10, 2026, 22:00:00";"44";"8.31";"0.22";"114.62";"7.33"
"Belfort Park Dr";"Jul 10, 2026, 21:00:00";"46";"2.63";"0.24";"124.66";"6.65"
"Belfort Park Dr";"Jul 10, 2026, 20:00:00";"53";"4.02";"0.19";"123.35";"7.23"
"Belfort Park Dr";"Jul 10, 2026, 19:00:00";"58";"0.03";"0.23";"149.1";"11.81"
"Belfort Park Dr";"Jul 10, 2026, 18:00:00";"60";"0";"0.2";"145.8";"11.49"
"Belfort Park Dr";"Jul 10, 2026, 17:00:00";"63";"1.2";"0.23";"152.98";"14.26"
"Belfort Park Dr";"Jul 10, 2026, 16:00:00";"65";"0.08";"0.22";"142.81";"16.77"
"Belfort Park Dr";"Jul 10, 2026, 15:00:00";"65";"0.27";"0.2";"136.63";"15.85"
"Belfort Park Dr";"Jul 10, 2026, 14:00:00";"66";"0";"0.2";"140.8";"17.43"
"Belfort Park Dr";"Jul 10, 2026, 13:00:00";"66";"0.24";"0.19";"149.93";"18.26"
"Belfort Park Dr";"Jul 10, 2026, 12:00:00";"64";"0";"0.2";"166.04";"17.86"
"Belfort Park Dr";"Jul 10, 2026, 11:00:00";"60";"0";"0.19";"166.38";"15.33"
"Belfort Park Dr";"Jul 10, 2026, 10:00:00";"56";"0";"0.24";"164.55";"12.84"
"Belfort Park Dr";"Jul 10, 2026, 09:00:00";"53";"0.56";"0.26";"151.75";"10.82"
"Belfort Park Dr";"Jul 10, 2026, 08:00:00";"52";"5.02";"0.18";"138.68";"8.42"
"Belfort Park Dr";"Jul 10, 2026, 07:00:00";"54";"6.61";"0.21";"129.36";"11.03"
"Belfort Park Dr";"Jul 10, 2026, 06:00:00";"54";"2.87";"0.16";"125.47";"12.24"
"Belfort Park Dr";"Jul 10, 2026, 05:00:00";"49";"0.54";"0.09";"127.25";"9.18"
"Belfort Park Dr";"Jul 10, 2026, 04:00:00";"47";"0.24";"0.08";"129";"9.19"
"Belfort Park Dr";"Jul 10, 2026, 03:00:00";"43";"0.1";"0.08";"133.42";"7.64"
"Belfort Park Dr";"Jul 10, 2026, 02:00:00";"44";"2.4";"0.11";"141.71";"7.94"
"Belfort Park Dr";"Jul 10, 2026, 01:00:00";"43";"4.31";"0.14";"146.7";"6.62"
"Belfort Park Dr";"Jul 10, 2026, 00:00:00";"49";"5.05";"0.14";"148.63";"7.89"
"Belfort Park Dr";"Jul 9, 2026, 23:00:00";"53";"2.34";"0.16";"146.56";"11.03"
"Belfort Park Dr";"Jul 9, 2026, 22:00:00";"47";"3.76";"0.17";"145.83";"10.43"
"Belfort Park Dr";"Jul 9, 2026, 21:00:00";"36";"2.19";"0.14";"150.6";"5.91"
"Belfort Park Dr";"Jul 9, 2026, 20:00:00";"39";"1.93";"0.17";"159.81";"5.94"
"Belfort Park Dr";"Jul 9, 2026, 19:00:00";"44";"2.72";"0.18";"150.39";"6.51"
"Belfort Park Dr";"Jul 9, 2026, 18:00:00";"52";"4.47";"0.16";"134.5";"8.44"
"Belfort Park Dr";"Jul 9, 2026, 17:00:00";"54";"3.44";"0.16";"134.26";"12.63"
"Belfort Park Dr";"Jul 9, 2026, 16:00:00";"47";"1.23";"0.16";"145.86";"3.84"
"Belfort Park Dr";"Jul 9, 2026, 15:00:00";"59";"0.06";"0.2";"191.71";"12.14"
"Belfort Park Dr";"Jul 9, 2026, 14:00:00";"60";"0";"0.21";"203.33";"14.55"
"Belfort Park Dr";"Jul 9, 2026, 13:00:00";"59";"0";"0.21";"195.83";"14.35"
"Belfort Park Dr";"Jul 9, 2026, 12:00:00";"57";"0";"0.2";"182.94";"13.16"
"Belfort Park Dr";"Jul 9, 2026, 11:00:00";"56";"0.08";"0.19";"177.99";"12.84"
"Belfort Park Dr";"Jul 9, 2026, 10:00:00";"54";"0.93";"0.19";"170.35";"11.83"
"Belfort Park Dr";"Jul 9, 2026, 09:00:00";"53";"2.72";"0.2";"155.27";"10.44"
"Belfort Park Dr";"Jul 9, 2026, 08:00:00";"53";"5.48";"0.2";"148.3";"10.99"
"Belfort Park Dr";"Jul 9, 2026, 07:00:00";"51";"3.98";"0.17";"141.33";"10.88"
"Belfort Park Dr";"Jul 9, 2026, 06:00:00";"47";"2.86";"0.17";"141.04";"8.81"
"Belfort Park Dr";"Jul 9, 2026, 05:00:00";"47";"1.76";"0.15";"139.59";"8.63"
"Belfort Park Dr";"Jul 9, 2026, 04:00:00";"46";"1.45";"0.14";"135.78";"8.23"
"Belfort Park Dr";"Jul 9, 2026, 03:00:00";"46";"0.73";"0.14";"130.33";"7.95"
"Belfort Park Dr";"Jul 9, 2026, 02:00:00";"47";"1.22";"0.16";"127.42";"7.81"
"Belfort Park Dr";"Jul 9, 2026, 01:00:00";"48";"0.59";"0.15";"121.75";"7.9"
"Belfort Park Dr";"Jul 9, 2026, 00:00:00";"48";"0.76";"0.17";"122.9";"8.24"
"Belfort Park Dr";"Jul 8, 2026, 23:00:00";"49";"1.04";"0.18";"119.73";"9.16"
"Belfort Park Dr";"Jul 8, 2026, 22:00:00";"48";"0.32";"0.18";"118.27";"8.71"
"Belfort Park Dr";"Jul 8, 2026, 21:00:00";"48";"0.17";"0.17";"120.23";"8.92"
"Belfort Park Dr";"Jul 8, 2026, 20:00:00";"48";"0.03";"0.19";"126.08";"9.24"
"Belfort Park Dr";"Jul 8, 2026, 19:00:00";"45";"0";"0.18";"125.86";"7.61"
"Belfort Park Dr";"Jul 8, 2026, 18:00:00";"48";"0";"0.21";"133.23";"8.68"
"Belfort Park Dr";"Jul 8, 2026, 17:00:00";"48";"0.02";"0.2";"133.81";"8.5"
"Belfort Park Dr";"Jul 8, 2026, 16:00:00";"48";"0";"0.21";"144.97";"8.92"
"Belfort Park Dr";"Jul 8, 2026, 15:00:00";"47";"0";"0.18";"133.56";"8.97"
"Belfort Park Dr";"Jul 8, 2026, 14:00:00";"44";"0";"0.17";"129.5";"8.12"
"Belfort Park Dr";"Jul 8, 2026, 13:00:00";"43";"0.35";"0.18";"127.71";"7.49"
"Belfort Park Dr";"Jul 8, 2026, 12:00:00";"44";"0.39";"0.16";"127.35";"7.22"
"Belfort Park Dr";"Jul 8, 2026, 11:00:00";"49";"0.74";"0.16";"127.95";"6.94"
"Belfort Park Dr";"Jul 8, 2026, 10:00:00";"55";"1.59";"0.14";"125.76";"8.41"
"Belfort Park Dr";"Jul 8, 2026, 09:00:00";"61";"1.87";"0.15";"122.87";"10.17"
"Belfort Park Dr";"Jul 8, 2026, 08:00:00";"2";"2.37";"0.18";"129.44";"22.4"
"Belfort Park Dr";"Jul 8, 2026, 07:00:00";"2";"2.44";"0.16";"128.4";"0"
"Belfort Park Dr";"Jul 8, 2026, 06:00:00";"2";"0.96";"0.14";"127.59";"0"
"Belfort Park Dr";"Jul 8, 2026, 05:00:00";"2";"0.37";"0.12";"127.63";"0"
"Belfort Park Dr";"Jul 8, 2026, 04:00:00";"3";"0.14";"0.13";"131.69";"0"
"Belfort Park Dr";"Jul 8, 2026, 03:00:00";"3";"0.23";"0.14";"134.47";"0"
"Belfort Park Dr";"Jul 8, 2026, 02:00:00";"67";"0.27";"0.14";"132.51";"0"
"Belfort Park Dr";"Jul 8, 2026, 01:00:00";"67";"0.91";"0.18";"132.34";"17.78"
"Belfort Park Dr";"Jul 8, 2026, 00:00:00";"66";"7.94";"0.23";"135.39";"15.54"
"Belfort Park Dr";"Jul 7, 2026, 23:00:00";"68";"3.79";"0.28";"134.72";"18.61"
"Belfort Park Dr";"Jul 7, 2026, 22:00:00";"68";"2.07";"0.27";"136.72";"20.51"
"Belfort Park Dr";"Jul 7, 2026, 21:00:00";"65";"1.95";"0.25";"137.86";"17.47"
"Belfort Park Dr";"Jul 7, 2026, 20:00:00";"64";"0.1";"0.23";"137.35";"16.88"
"Belfort Park Dr";"Jul 7, 2026, 19:00:00";"62";"0.66";"0.22";"133.97";"15.66"
"Belfort Park Dr";"Jul 7, 2026, 18:00:00";"61";"0";"0.21";"141.08";"13.77"
"Belfort Park Dr";"Jul 7, 2026, 17:00:00";"62";"0";"0.2";"149.8";"14.26"
"Belfort Park Dr";"Jul 7, 2026, 16:00:00";"64";"0";"0.21";"149.44";"16.13"
"Belfort Park Dr";"Jul 7, 2026, 15:00:00";"64";"0";"0.21";"143.98";"16"
"Belfort Park Dr";"Jul 7, 2026, 14:00:00";"63";"0.05";"0.2";"134.8";"15.96"
"Belfort Park Dr";"Jul 7, 2026, 13:00:00";"62";"0.25";"0.2";"133.43";"14.42"
"Belfort Park Dr";"Jul 7, 2026, 12:00:00";"63";"0.2";"0.18";"128.83";"12.58"
"Belfort Park Dr";"Jul 7, 2026, 11:00:00";"68";"0.66";"0.17";"126.28";"14.24"
"Belfort Park Dr";"Jul 7, 2026, 10:00:00";"77";"1.24";"0.17";"124.86";"18.25"
"Belfort Park Dr";"Jul 7, 2026, 09:00:00";"2";"2.23";"0.18";"123.58";"32.32"
"Belfort Park Dr";"Jul 7, 2026, 08:00:00";"2";"2.56";"0.18";"124.05";"0"
"Belfort Park Dr";"Jul 7, 2026, 07:00:00";"3";"3.06";"0.17";"123.25";"0"
"Belfort Park Dr";"Jul 7, 2026, 06:00:00";"2";"1.83";"0.15";"119.08";"0"
"Belfort Park Dr";"Jul 7, 2026, 05:00:00";"69";"1.09";"0.14";"120.35";"0"
"Belfort Park Dr";"Jul 7, 2026, 04:00:00";"69";"1.19";"0.11";"118.28";"22.74"
"Belfort Park Dr";"Jul 7, 2026, 03:00:00";"61";"2.11";"0.1";"117.38";"17.61"
"Belfort Park Dr";"Jul 7, 2026, 02:00:00";"56";"1.18";"0.14";"108.71";"10.71"
"Belfort Park Dr";"Jul 7, 2026, 01:00:00";"57";"1.97";"0.15";"96.82";"7.7"
"Belfort Park Dr";"Jul 7, 2026, 00:00:00";"64";"1.91";"0.16";"96.46";"15.88"
"Belfort Park Dr";"Jul 6, 2026, 23:00:00";"65";"4.17";"0.19";"94.61";"20.24"
"Belfort Park Dr";"Jul 6, 2026, 22:00:00";"58";"2.05";"0.21";"93.62";"12.6"
"Belfort Park Dr";"Jul 6, 2026, 21:00:00";"58";"0.04";"0.23";"99.29";"11.45"
"Belfort Park Dr";"Jul 6, 2026, 20:00:00";"59";"0";"0.25";"118.06";"13.35"
"Belfort Park Dr";"Jul 6, 2026, 19:00:00";"59";"0";"0.26";"120.58";"12.8"
"Belfort Park Dr";"Jul 6, 2026, 18:00:00";"60";"0";"0.25";"121.08";"12.65"
"Belfort Park Dr";"Jul 6, 2026, 17:00:00";"62";"0.01";"0.25";"121.95";"14.76"
"Belfort Park Dr";"Jul 6, 2026, 16:00:00";"62";"0";"0.25";"124.82";"14.91"
"Belfort Park Dr";"Jul 6, 2026, 15:00:00";"62";"0";"0.22";"123.05";"16.45"
"Belfort Park Dr";"Jul 6, 2026, 14:00:00";"59";"0";"0.25";"132.56";"15.17"
"Belfort Park Dr";"Jul 6, 2026, 13:00:00";"55";"0";"0.24";"137.42";"11.8"
"Belfort Park Dr";"Jul 6, 2026, 12:00:00";"53";"0.28";"0.21";"122.44";"10.12"
"Belfort Park Dr";"Jul 6, 2026, 11:00:00";"53";"0.38";"0.2";"116.51";"10.33"
"Belfort Park Dr";"Jul 6, 2026, 10:00:00";"52";"1.38";"0.18";"107.62";"9.85"
"Belfort Park Dr";"Jul 6, 2026, 09:00:00";"49";"2.2";"0.19";"108.47";"6.8"
"Belfort Park Dr";"Jul 6, 2026, 08:00:00";"54";"5.43";"0.21";"103.47";"7.85"
"Belfort Park Dr";"Jul 6, 2026, 07:00:00";"60";"4.79";"0.18";"98";"12.71"
"Belfort Park Dr";"Jul 6, 2026, 06:00:00";"62";"3.56";"0.16";"93.81";"13.95"
"Belfort Park Dr";"Jul 6, 2026, 05:00:00";"63";"2.29";"0.18";"94.46";"16.75"
"Belfort Park Dr";"Jul 6, 2026, 04:00:00";"61";"1.67";"0.14";"90.86";"16.15"
"Belfort Park Dr";"Jul 6, 2026, 03:00:00";"57";"1.01";"0.14";"86.7";"13.22"
"Belfort Park Dr";"Jul 6, 2026, 02:00:00";"55";"1.45";"0.16";"78.28";"10.32"
"Belfort Park Dr";"Jul 6, 2026, 01:00:00";"57";"1.23";"0.17";"71.39";"12.76"
"Belfort Park Dr";"Jul 6, 2026, 00:00:00";"56";"1.08";"0.18";"63";"10.32"
"Belfort Park Dr";"Jul 5, 2026, 23:00:00";"59";"0.32";"0.22";"60.43";"12.16"
"Belfort Park Dr";"Jul 5, 2026, 22:00:00";"60";"0.05";"0.23";"56.04";"12.77"
"Belfort Park Dr";"Jul 5, 2026, 21:00:00";"62";"0.02";"0.21";"56.59";"10.25"
"Belfort Park Dr";"Jul 5, 2026, 20:00:00";"70";"0.37";"0.27";"76.56";"16.48"
"Belfort Park Dr";"Jul 5, 2026, 19:00:00";"75";"0";"0.35";"96.09";"23.59"
"Belfort Park Dr";"Jul 5, 2026, 18:00:00";"71";"0";"0.37";"87.54";"22.45"
"Belfort Park Dr";"Jul 5, 2026, 17:00:00";"65";"0";"0.34";"78.87";"17.87"
"Belfort Park Dr";"Jul 5, 2026, 16:00:00";"62";"0";"0.34";"80.27";"16.95"
"Belfort Park Dr";"Jul 5, 2026, 15:00:00";"60";"0";"0.31";"74.86";"15.04"
"Belfort Park Dr";"Jul 5, 2026, 14:00:00";"58";"0";"0.3";"80.61";"13.04"
"Belfort Park Dr";"Jul 5, 2026, 13:00:00";"58";"0";"0.28";"86.59";"12.61"
"Belfort Park Dr";"Jul 5, 2026, 12:00:00";"57";"0";"0.25";"93.86";"12.24"
"Belfort Park Dr";"Jul 5, 2026, 11:00:00";"57";"0";"0.21";"95.36";"12.39"
"Belfort Park Dr";"Jul 5, 2026, 10:00:00";"57";"0";"0.2";"98.75";"11.72"
"Belfort Park Dr";"Jul 5, 2026, 09:00:00";"57";"0.03";"0.18";"92.37";"10.41"
"Belfort Park Dr";"Jul 5, 2026, 08:00:00";"60";"2.3";"0.17";"82.48";"12.35"
"Belfort Park Dr";"Jul 5, 2026, 07:00:00";"62";"2.2";"0.15";"76.8";"14.88"
"Belfort Park Dr";"Jul 5, 2026, 06:00:00";"62";"3.18";"0.16";"69.98";"14.89"
"Belfort Park Dr";"Jul 5, 2026, 05:00:00";"63";"4.87";"0.16";"71.69";"15.03"
"Belfort Park Dr";"Jul 5, 2026, 04:00:00";"63";"7.81";"0.17";"70.14";"15.93"
"Belfort Park Dr";"Jul 5, 2026, 03:00:00";"62";"2.84";"0.16";"66.5";"13.78"
"Belfort Park Dr";"Jul 5, 2026, 02:00:00";"64";"1.45";"0.16";"58.09";"15.12"
"Belfort Park Dr";"Jul 5, 2026, 01:00:00";"66";"0.72";"0.15";"58.33";"14.67"
"Belfort Park Dr";"Jul 5, 2026, 00:00:00";"69";"0.23";"0.22";"56.93";"18.33"
"Belfort Park Dr";"Jul 4, 2026, 23:00:00";"70";"1.46";"0.21";"56.56";"28.43"
"Belfort Park Dr";"Jul 4, 2026, 22:00:00";"53";"1.28";"0.22";"50.87";"8.47"
"Belfort Park Dr";"Jul 4, 2026, 21:00:00";"55";"0.1";"0.22";"52.57";"7.91"
"Belfort Park Dr";"Jul 4, 2026, 20:00:00";"61";"0.09";"0.25";"57.16";"11.97"
"Belfort Park Dr";"Jul 4, 2026, 19:00:00";"66";"0";"0.33";"71.58";"17.83"
"Belfort Park Dr";"Jul 4, 2026, 18:00:00";"65";"0";"0.4";"77.87";"18.11"
"Belfort Park Dr";"Jul 4, 2026, 17:00:00";"61";"0";"0.4";"77.61";"15.13"
"Belfort Park Dr";"Jul 4, 2026, 16:00:00";"59";"0";"0.42";"83.62";"14.32"
"Belfort Park Dr";"Jul 4, 2026, 15:00:00";"57";"0";"0.42";"84.31";"14.1"
"Belfort Park Dr";"Jul 4, 2026, 14:00:00";"53";"0";"0.4";"91.9";"10.17"
"Belfort Park Dr";"Jul 4, 2026, 13:00:00";"52";"0";"0.37";"101.35";"9"
"Belfort Park Dr";"Jul 4, 2026, 12:00:00";"53";"0";"0.36";"107";"10.42"
"Belfort Park Dr";"Jul 4, 2026, 11:00:00";"53";"0";"0.31";"100.6";"10.28"
"Belfort Park Dr";"Jul 4, 2026, 10:00:00";"52";"0";"0.26";"91.84";"10.7"
"Belfort Park Dr";"Jul 4, 2026, 09:00:00";"48";"0";"0.21";"73.63";"8.16"
"Belfort Park Dr";"Jul 4, 2026, 08:00:00";"50";"0";"0.16";"61.01";"6.53"
"Belfort Park Dr";"Jul 4, 2026, 07:00:00";"56";"0";"0.16";"61.49";"8.85"
"Belfort Park Dr";"Jul 4, 2026, 06:00:00";"62";"0";"0.18";"75.25";"12.24"
"Belfort Park Dr";"Jul 4, 2026, 05:00:00";"65";"0";"0.21";"87.04";"14.79"
"Belfort Park Dr";"Jul 4, 2026, 04:00:00";"67";"0";"0.24";"94.1";"15.94"
"Belfort Park Dr";"Jul 4, 2026, 03:00:00";"67";"0";"0.27";"103.18";"16.97"
"Belfort Park Dr";"Jul 4, 2026, 02:00:00";"67";"0.2";"0.28";"110.76";"16.82"
"Belfort Park Dr";"Jul 4, 2026, 01:00:00";"67";"0";"0.29";"118.22";"16.61"
"Belfort Park Dr";"Jul 4, 2026, 00:00:00";"68";"0";"0.31";"120.84";"17.65"
"Belfort Park Dr";"Jul 3, 2026, 23:00:00";"68";"0";"0.33";"116.8";"18.57"
"Belfort Park Dr";"Jul 3, 2026, 22:00:00";"68";"0";"0.32";"109.67";"18.83"
"Belfort Park Dr";"Jul 3, 2026, 21:00:00";"68";"0";"0.33";"105.22";"18.5"
"Belfort Park Dr";"Jul 3, 2026, 20:00:00";"67";"0";"0.35";"99.52";"19.03"
"Belfort Park Dr";"Jul 3, 2026, 19:00:00";"66";"0";"0.37";"98.87";"18.53"
"Belfort Park Dr";"Jul 3, 2026, 18:00:00";"65";"0";"0.4";"103.16";"17.57"
"Belfort Park Dr";"Jul 3, 2026, 17:00:00";"64";"0";"0.42";"107.83";"15.76"
"Belfort Park Dr";"Jul 3, 2026, 16:00:00";"65";"0";"0.42";"107.34";"15"
"Belfort Park Dr";"Jul 3, 2026, 15:00:00";"66";"0";"0.4";"108.3";"14.96"
"Belfort Park Dr";"Jul 3, 2026, 14:00:00";"68";"0";"0.4";"122.13";"15.6"
"Belfort Park Dr";"Jul 3, 2026, 13:00:00";"69";"0";"0.38";"131.82";"15.92"
"Belfort Park Dr";"Jul 3, 2026, 12:00:00";"71";"0";"0.37";"135.26";"17.78"
"Belfort Park Dr";"Jul 3, 2026, 11:00:00";"72";"0";"0.35";"144.81";"20.16"
"Belfort Park Dr";"Jul 3, 2026, 10:00:00";"72";"0";"0.32";"146.96";"21.01"
"Belfort Park Dr";"Jul 3, 2026, 09:00:00";"71";"0";"0.27";"137.51";"20.29"
"Belfort Park Dr";"Jul 3, 2026, 08:00:00";"71";"0.05";"0.28";"116.83";"20.24"
"Belfort Park Dr";"Jul 3, 2026, 07:00:00";"71";"0.38";"0.26";"105.48";"20.85"
"Belfort Park Dr";"Jul 3, 2026, 06:00:00";"71";"0.62";"0.24";"99.3";"21.22"
"Belfort Park Dr";"Jul 3, 2026, 05:00:00";"70";"2.1";"0.23";"95.73";"19.56"
"Belfort Park Dr";"Jul 3, 2026, 04:00:00";"69";"0";"0.23";"93.91";"18.82"
"Belfort Park Dr";"Jul 3, 2026, 03:00:00";"69";"0.06";"0.24";"95.89";"17.13"
"Belfort Park Dr";"Jul 3, 2026, 02:00:00";"71";"0";"0.24";"99.65";"17.94"
"Belfort Park Dr";"Jul 3, 2026, 01:00:00";"72";"0.15";"0.25";"104.83";"18.28"
"Belfort Park Dr";"Jul 3, 2026, 00:00:00";"73";"0.1";"0.29";"116.88";"18.76"
"Belfort Park Dr";"Jul 2, 2026, 23:00:00";"74";"0";"0.32";"119.73";"19.1"
"Belfort Park Dr";"Jul 2, 2026, 22:00:00";"75";"0.17";"0.32";"108.47";"20.45"
"Belfort Park Dr";"Jul 2, 2026, 21:00:00";"76";"0";"0.33";"106.79";"21.84"
"Belfort Park Dr";"Jul 2, 2026, 20:00:00";"76";"0";"0.34";"105.91";"22.24"
"Belfort Park Dr";"Jul 2, 2026, 19:00:00";"76";"0";"0.36";"102.85";"23.09"
"Belfort Park Dr";"Jul 2, 2026, 18:00:00";"76";"0";"0.39";"110.27";"22.02"
"Belfort Park Dr";"Jul 2, 2026, 17:00:00";"76";"0";"0.4";"116.02";"21.52"
"Belfort Park Dr";"Jul 2, 2026, 16:00:00";"76";"0";"0.41";"121.43";"21.19"
"Belfort Park Dr";"Jul 2, 2026, 15:00:00";"77";"0";"0.41";"130.84";"22.06"
"Belfort Park Dr";"Jul 2, 2026, 14:00:00";"78";"0";"0.42";"147.45";"23.39"
"Belfort Park Dr";"Jul 2, 2026, 13:00:00";"78";"0";"0.41";"156.23";"23.72"
"Belfort Park Dr";"Jul 2, 2026, 12:00:00";"78";"0";"0.37";"156.61";"25.47"
"Belfort Park Dr";"Jul 2, 2026, 11:00:00";"76";"0";"0.34";"159.21";"25.16"
"Belfort Park Dr";"Jul 2, 2026, 10:00:00";"73";"0";"0.29";"160.97";"23.54"
"Belfort Park Dr";"Jul 2, 2026, 09:00:00";"71";"0.13";"0.3";"156.81";"20.62"
"Belfort Park Dr";"Jul 2, 2026, 08:00:00";"71";"1.3";"0.26";"130.31";"19.15"
"Belfort Park Dr";"Jul 2, 2026, 07:00:00";"71";"7.2";"0.28";"118.51";"21.19"
"Belfort Park Dr";"Jul 2, 2026, 06:00:00";"70";"11.64";"0.26";"114.84";"20.47"
"Belfort Park Dr";"Jul 2, 2026, 05:00:00";"69";"4.13";"0.26";"115.79";"18.36"
"Belfort Park Dr";"Jul 2, 2026, 04:00:00";"69";"0.75";"0.22";"119.26";"18"
"Belfort Park Dr";"Jul 2, 2026, 03:00:00";"70";"0.86";"0.28";"136.13";"17.74"
"Belfort Park Dr";"Jul 2, 2026, 02:00:00";"71";"1.81";"0.33";"144.55";"17.72"
"Belfort Park Dr";"Jul 2, 2026, 01:00:00";"72";"8.11";"0.37";"144.21";"18.19"
"Belfort Park Dr";"Jul 2, 2026, 00:00:00";"73";"9.14";"0.4";"142.56";"18.25"
"Belfort Park Dr";"Jul 1, 2026, 23:00:00";"74";"1.06";"0.33";"133.33";"19.16"
"Belfort Park Dr";"Jul 1, 2026, 22:00:00";"75";"0";"0.32";"129.21";"21.18"
"Belfort Park Dr";"Jul 1, 2026, 21:00:00";"76";"0";"0.33";"124.97";"22.68"
"Belfort Park Dr";"Jul 1, 2026, 20:00:00";"76";"0";"0.33";"117.9";"23.12"
"Belfort Park Dr";"Jul 1, 2026, 19:00:00";"75";"0";"0.32";"114.16";"21.62"
"Belfort Park Dr";"Jul 1, 2026, 18:00:00";"75";"0";"0.36";"137.56";"22.64"
"Belfort Park Dr";"Jul 1, 2026, 17:00:00";"74";"0";"0.4";"147.7";"21.43"
"Belfort Park Dr";"Jul 1, 2026, 16:00:00";"73";"0";"0.35";"140.78";"21.72"
"Belfort Park Dr";"Jul 1, 2026, 15:00:00";"71";"0";"0.35";"141.38";"20.7"
"Belfort Park Dr";"Jul 1, 2026, 14:00:00";"68";"0";"0.35";"149.2";"19.57"
"Belfort Park Dr";"Jul 1, 2026, 13:00:00";"66";"0";"0.33";"151.13";"19.33"
"Belfort Park Dr";"Jul 1, 2026, 12:00:00";"62";"0";"0.33";"152.65";"17.61"
"Belfort Park Dr";"Jul 1, 2026, 11:00:00";"56";"0.07";"0.31";"136.32";"13.89"
"Belfort Park Dr";"Jul 1, 2026, 10:00:00";"51";"6.36";"0.32";"111.98";"10.68"
"Belfort Park Dr";"Jul 1, 2026, 09:00:00";"42";"6.46";"0.25";"87.29";"8.29"
"Belfort Park Dr";"Jul 1, 2026, 08:00:00";"38";"9.12";"0.25";"74.49";"7.68"
"Belfort Park Dr";"Jul 1, 2026, 07:00:00";"35";"10.4";"0.25";"69.85";"6.7"
"Belfort Park Dr";"Jul 1, 2026, 06:00:00";"34";"8.41";"0.23";"67.67";"6.11"
"Belfort Park Dr";"Jul 1, 2026, 05:00:00";"33";"6.25";"0.18";"62.36";"6.46"
"Belfort Park Dr";"Jul 1, 2026, 04:00:00";"31";"3.29";"0.17";"60.88";"5.53"
"Belfort Park Dr";"Jul 1, 2026, 03:00:00";"31";"3.34";"0.19";"64.42";"5.74"
"Belfort Park Dr";"Jul 1, 2026, 02:00:00";"30";"3.09";"0.19";"61.03";"5.42"
"Belfort Park Dr";"Jul 1, 2026, 01:00:00";"29";"2.5";"0.18";"59.64";"4.94"
"Belfort Park Dr";"Jul 1, 2026, 00:00:00";"31";"3.1";"0.19";"59.82";"5.33"
"Belfort Park Dr";"Jun 30, 2026, 23:00:00";"32";"2.34";"0.2";"63.41";"5.03"
"Belfort Park Dr";"Jun 30, 2026, 22:00:00";"37";"1.53";"0.21";"65.23";"5.43"
"Belfort Park Dr";"Jun 30, 2026, 21:00:00";"43";"0.31";"0.21";"70.78";"6.13"
"Belfort Park Dr";"Jun 30, 2026, 20:00:00";"50";"0.02";"0.23";"83.02";"7.85"
"Belfort Park Dr";"Jun 30, 2026, 19:00:00";"52";"0.45";"0.23";"91.44";"8.87"
"Belfort Park Dr";"Jun 30, 2026, 18:00:00";"52";"0.03";"0.24";"96.48";"9.32"
"Belfort Park Dr";"Jun 30, 2026, 17:00:00";"52";"0";"0.23";"100.97";"9.56"
"Belfort Park Dr";"Jun 30, 2026, 16:00:00";"52";"0";"0.23";"102.99";"9.42"
"Belfort Park Dr";"Jun 30, 2026, 15:00:00";"52";"0.06";"0.22";"102.52";"9.11"
"Belfort Park Dr";"Jun 30, 2026, 14:00:00";"52";"0";"0.21";"101.8";"9.25"
"Belfort Park Dr";"Jun 30, 2026, 13:00:00";"52";"0";"0.18";"105.54";"8.82"
"Belfort Park Dr";"Jun 30, 2026, 12:00:00";"52";"0";"0.19";"116.55";"9.09"
"Belfort Park Dr";"Jun 30, 2026, 11:00:00";"53";"0";"0.19";"118.89";"9.58"
"Belfort Park Dr";"Jun 30, 2026, 10:00:00";"53";"4.69";"0.25";"124.8";"10.07"
"Belfort Park Dr";"Jun 30, 2026, 09:00:00";"53";"9.14";"0.26";"114.38";"9.94"
"Belfort Park Dr";"Jun 30, 2026, 08:00:00";"53";"12.88";"0.27";"105.9";"10.33"
"Belfort Park Dr";"Jun 30, 2026, 07:00:00";"53";"15.28";"0.28";"102.06";"10.63"
"Belfort Park Dr";"Jun 30, 2026, 06:00:00";"52";"11.66";"0.24";"97";"10.03"
"Belfort Park Dr";"Jun 30, 2026, 05:00:00";"52";"7.72";"0.17";"90.11";"9.93"
"Belfort Park Dr";"Jun 30, 2026, 04:00:00";"50";"5.49";"0.16";"86.94";"9.31"
"Belfort Park Dr";"Jun 30, 2026, 03:00:00";"49";"6.83";"0.16";"86.72";"9.02"
"Belfort Park Dr";"Jun 30, 2026, 02:00:00";"48";"4.16";"0.17";"78.64";"8.77"
"Belfort Park Dr";"Jun 30, 2026, 01:00:00";"46";"2.99";"0.17";"75.28";"8.33"
"Belfort Park Dr";"Jun 30, 2026, 00:00:00";"46";"3.59";"0.2";"76.72";"8.44"
"Belfort Park Dr";"Jun 29, 2026, 23:00:00";"44";"3.72";"0.2";"71.77";"7.36"
"Belfort Park Dr";"Jun 29, 2026, 22:00:00";"48";"2.83";"0.2";"70.5";"7.12"
"Belfort Park Dr";"Jun 29, 2026, 21:00:00";"53";"1.16";"0.21";"77.45";"8.25"
"Belfort Park Dr";"Jun 29, 2026, 20:00:00";"57";"1.74";"0.23";"93.88";"10.67"
"Belfort Park Dr";"Jun 29, 2026, 19:00:00";"59";"0.98";"0.23";"91.95";"11.92"
"Belfort Park Dr";"Jun 29, 2026, 18:00:00";"61";"0.04";"0.25";"108.35";"17.72"
"Belfort Park Dr";"Jun 29, 2026, 17:00:00";"55";"0.08";"0.25";"116.21";"12.97"
"Belfort Park Dr";"Jun 29, 2026, 16:00:00";"52";"0.32";"0.29";"120.47";"9.68"
"Belfort Park Dr";"Jun 29, 2026, 15:00:00";"52";"0";"0.21";"129.6";"9.49"
"Belfort Park Dr";"Jun 29, 2026, 14:00:00";"52";"0";"0.2";"140.38";"9.03"
"Belfort Park Dr";"Jun 29, 2026, 13:00:00";"53";"0";"0.23";"153.31";"8.81"
"Belfort Park Dr";"Jun 29, 2026, 12:00:00";"55";"0";"0.22";"159.4";"10.3"
"Belfort Park Dr";"Jun 29, 2026, 11:00:00";"57";"0.47";"0.23";"151.04";"10.2"
"Belfort Park Dr";"Jun 29, 2026, 10:00:00";"60";"2.19";"0.26";"143.2";"11.41"
"Belfort Park Dr";"Jun 29, 2026, 09:00:00";"63";"3.46";"0.31";"141.59";"13.47"
"Belfort Park Dr";"Jun 29, 2026, 08:00:00";"65";"6.1";"0.28";"140.81";"15.92"
"Belfort Park Dr";"Jun 29, 2026, 07:00:00";"66";"5.44";"0.27";"132";"15.72"
"Belfort Park Dr";"Jun 29, 2026, 06:00:00";"69";"2.38";"0.23";"123.99";"19.64"
"Belfort Park Dr";"Jun 29, 2026, 05:00:00";"66";"1.09";"0.23";"124.36";"18.24"
"Belfort Park Dr";"Jun 29, 2026, 04:00:00";"64";"1.56";"0.21";"125.64";"18.23"
"Belfort Park Dr";"Jun 29, 2026, 03:00:00";"59";"1.63";"0.21";"132.63";"14.7"
"Belfort Park Dr";"Jun 29, 2026, 02:00:00";"57";"1.6";"0.22";"132.06";"11.97"
"Belfort Park Dr";"Jun 29, 2026, 01:00:00";"56";"2.45";"0.2";"124.47";"11.28"
"Belfort Park Dr";"Jun 29, 2026, 00:00:00";"57";"4.15";"0.33";"126.22";"13.39"
"Belfort Park Dr";"Jun 28, 2026, 23:00:00";"54";"3.74";"0.3";"126.94";"12.55"
"Belfort Park Dr";"Jun 28, 2026, 22:00:00";"49";"3.71";"0.3";"126.35";"12.22"
"Belfort Park Dr";"Jun 28, 2026, 21:00:00";"30";"1.6";"0.2";"125.71";"6.09"
"Belfort Park Dr";"Jun 28, 2026, 20:00:00";"25";"0.29";"0.21";"127.56";"4.6"
"Belfort Park Dr";"Jun 28, 2026, 19:00:00";"25";"0.49";"0.2";"132.18";"3.94"
"Belfort Park Dr";"Jun 28, 2026, 18:00:00";"28";"1.23";"0.19";"132.85";"3.83"
"Belfort Park Dr";"Jun 28, 2026, 17:00:00";"35";"2.14";"0.2";"131.35";"6.42"
"Belfort Park Dr";"Jun 28, 2026, 16:00:00";"34";"2.69";"0.19";"130.47";"6.37"
"Belfort Park Dr";"Jun 28, 2026, 15:00:00";"34";"2.04";"0.18";"129.15";"5.6"
"Belfort Park Dr";"Jun 28, 2026, 14:00:00";"36";"2.48";"0.18";"129.72";"5.63"
"Belfort Park Dr";"Jun 28, 2026, 13:00:00";"41";"2.99";"0.18";"126.82";"5.76"
"Belfort Park Dr";"Jun 28, 2026, 12:00:00";"52";"3.36";"0.17";"122.36";"6.92"
"Belfort Park Dr";"Jun 28, 2026, 11:00:00";"3";"3.74";"0.16";"116.51";"14.8"
"Belfort Park Dr";"Jun 28, 2026, 10:00:00";"3";"3.3";"0.17";"114.37";"0"
"Belfort Park Dr";"Jun 28, 2026, 09:00:00";"3";"3.08";"0.16";"111.81";"0"
"Belfort Park Dr";"Jun 28, 2026, 08:00:00";"2";"2.7";"0.16";"112.79";"0"
"Belfort Park Dr";"Jun 28, 2026, 07:00:00";"2";"2.34";"0.16";"111.27";"0"
"Belfort Park Dr";"Jun 28, 2026, 06:00:00";"3";"2.27";"0.16";"111.13";"0"
"Belfort Park Dr";"Jun 28, 2026, 05:00:00";"3";"2.61";"0.17";"110.03";"0"
"Belfort Park Dr";"Jun 28, 2026, 04:00:00";"3";"2.43";"0.18";"110.66";"0"
"Belfort Park Dr";"Jun 28, 2026, 03:00:00";"3";"2.54";"0.19";"108.78";"0"
"Belfort Park Dr";"Jun 28, 2026, 02:00:00";"3";"2.48";"0.2";"107.95";"0"
"Belfort Park Dr";"Jun 28, 2026, 01:00:00";"3";"3.5";"0.25";"105.2";"0"
"Belfort Park Dr";"Jun 28, 2026, 00:00:00";"76";"3.64";"0.24";"101.79";"0"
"Belfort Park Dr";"Jun 27, 2026, 23:00:00";"76";"3.85";"0.21";"96.62";"29.61"
"Belfort Park Dr";"Jun 27, 2026, 22:00:00";"62";"4.09";"0.22";"93.02";"20.88"
"Belfort Park Dr";"Jun 27, 2026, 21:00:00";"50";"1.81";"0.22";"95.67";"11.44"
"Belfort Park Dr";"Jun 27, 2026, 20:00:00";"39";"0.49";"0.18";"95.36";"6.56"
"Belfort Park Dr";"Jun 27, 2026, 19:00:00";"42";"0.48";"0.2";"101.26";"8.03"
"Belfort Park Dr";"Jun 27, 2026, 18:00:00";"38";"0.52";"0.2";"102.71";"6.35"
"Belfort Park Dr";"Jun 27, 2026, 17:00:00";"41";"0.28";"0.19";"102.27";"6.97"
"Belfort Park Dr";"Jun 27, 2026, 16:00:00";"43";"0.13";"0.19";"102.89";"7.46"
"Belfort Park Dr";"Jun 27, 2026, 15:00:00";"44";"0.12";"0.2";"106.95";"8.19"
"Belfort Park Dr";"Jun 27, 2026, 14:00:00";"43";"0.01";"0.2";"112.17";"8.26"
"Belfort Park Dr";"Jun 27, 2026, 13:00:00";"39";"0.34";"0.18";"108.4";"6.39"
"Belfort Park Dr";"Jun 27, 2026, 12:00:00";"43";"0.1";"0.18";"108.84";"6.37"
"Belfort Park Dr";"Jun 27, 2026, 11:00:00";"50";"2.47";"0.18";"107.42";"6.57"
"Belfort Park Dr";"Jun 27, 2026, 10:00:00";"55";"5.51";"0.19";"105.03";"9.44"
"Belfort Park Dr";"Jun 27, 2026, 09:00:00";"59";"4.01";"0.21";"106.44";"12.36"
"Belfort Park Dr";"Jun 27, 2026, 08:00:00";"60";"3.84";"0.2";"100.53";"17.08"
"Belfort Park Dr";"Jun 27, 2026, 07:00:00";"54";"4.6";"0.17";"90.82";"13.81"
"Belfort Park Dr";"Jun 27, 2026, 06:00:00";"40";"7.03";"0.22";"77.66";"8.29"
"Belfort Park Dr";"Jun 27, 2026, 05:00:00";"36";"3.92";"0.16";"78.14";"6.59"
"Belfort Park Dr";"Jun 27, 2026, 04:00:00";"35";"2.91";"0.15";"76.42";"6.38"
"Belfort Park Dr";"Jun 27, 2026, 03:00:00";"35";"2.62";"0.16";"74.03";"6.16"
"Belfort Park Dr";"Jun 27, 2026, 02:00:00";"37";"2.64";"0.16";"71.9";"5.86"
"Belfort Park Dr";"Jun 27, 2026, 01:00:00";"42";"5.36";"0.2";"73.1";"6.45"
"Belfort Park Dr";"Jun 27, 2026, 00:00:00";"47";"8.78";"0.27";"74.33";"7.89"
"Belfort Park Dr";"Jun 26, 2026, 23:00:00";"49";"10.52";"0.31";"83.85";"10.25"
"Belfort Park Dr";"Jun 26, 2026, 22:00:00";"41";"15.17";"0.3";"80.48";"8.28"
"Belfort Park Dr";"Jun 26, 2026, 21:00:00";"36";"11.58";"0.24";"67.21";"6.55"
"Belfort Park Dr";"Jun 26, 2026, 20:00:00";"35";"16.63";"0.31";"73.6";"6.71"
"Belfort Park Dr";"Jun 26, 2026, 19:00:00";"34";"14.32";"0.36";"67.56";"7.62"
"Belfort Park Dr";"Jun 26, 2026, 18:00:00";"27";"5.75";"0.31";"73.25";"5.02"
"Belfort Park Dr";"Jun 26, 2026, 17:00:00";"25";"3.15";"0.25";"61.9";"4.45"
"Belfort Park Dr";"Jun 26, 2026, 16:00:00";"26";"1.1";"0.24";"68.71";"4.58"
"Belfort Park Dr";"Jun 26, 2026, 15:00:00";"26";"0";"0.22";"66.61";"4.36"
"Belfort Park Dr";"Jun 26, 2026, 14:00:00";"27";"0.14";"0.24";"73.68";"4.78"
"Belfort Park Dr";"Jun 26, 2026, 13:00:00";"27";"0";"0.21";"72.71";"4.16"
"Belfort Park Dr";"Jun 26, 2026, 12:00:00";"29";"0.02";"0.22";"64.5";"4.27"
"Belfort Park Dr";"Jun 26, 2026, 11:00:00";"32";"3.79";"0.23";"58.23";"5.24"
"Belfort Park Dr";"Jun 26, 2026, 10:00:00";"33";"15.28";"0.25";"52.16";"6.26"
"Belfort Park Dr";"Jun 26, 2026, 09:00:00";"32";"15.3";"0.29";"47.64";"6.44"
"Belfort Park Dr";"Jun 26, 2026, 08:00:00";"30";"16.69";"0.26";"45.46";"5.75"
"Belfort Park Dr";"Jun 26, 2026, 07:00:00";"28";"8.06";"0.19";"41.51";"5.13"
"Belfort Park Dr";"Jun 26, 2026, 06:00:00";"28";"7.11";"0.18";"40.08";"5.32"
"Belfort Park Dr";"Jun 26, 2026, 05:00:00";"28";"5.3";"0.16";"35.3";"5.28"
"Belfort Park Dr";"Jun 26, 2026, 04:00:00";"26";"3.45";"0.16";"32.28";"4.93"
"Belfort Park Dr";"Jun 26, 2026, 03:00:00";"25";"3.81";"0.16";"31.05";"4.49"
"Belfort Park Dr";"Jun 26, 2026, 02:00:00";"25";"4.48";"0.18";"29.82";"4.62"
"Belfort Park Dr";"Jun 26, 2026, 01:00:00";"24";"4.89";"0.18";"27.69";"4.69"
"Belfort Park Dr";"Jun 26, 2026, 00:00:00";"23";"3.6";"0.19";"28.61";"4.37"
"Belfort Park Dr";"Jun 25, 2026, 23:00:00";"22";"2.65";"0.19";"27.78";"4.33"
"Belfort Park Dr";"Jun 25, 2026, 22:00:00";"20";"2.5";"0.19";"29.72";"3.96"
"Belfort Park Dr";"Jun 25, 2026, 21:00:00";"19";"2.33";"0.2";"32.01";"3.72"
"Belfort Park Dr";"Jun 25, 2026, 20:00:00";"18";"1.25";"0.19";"31.71";"3.3"
"Belfort Park Dr";"Jun 25, 2026, 19:00:00";"18";"1.05";"0.19";"33.12";"3.44"
"Belfort Park Dr";"Jun 25, 2026, 18:00:00";"18";"1.46";"0.18";"34.53";"3.14"
"Belfort Park Dr";"Jun 25, 2026, 17:00:00";"18";"0.37";"0.18";"38.42";"2.98"
"Belfort Park Dr";"Jun 25, 2026, 16:00:00";"19";"0.3";"0.17";"37.57";"3"
"Belfort Park Dr";"Jun 25, 2026, 15:00:00";"19";"1.19";"0.16";"40.45";"3.26"
"Belfort Park Dr";"Jun 25, 2026, 14:00:00";"20";"0.32";"0.16";"42.47";"3.53"
"Belfort Park Dr";"Jun 25, 2026, 13:00:00";"20";"0.51";"0.16";"39.9";"3.49"
"Belfort Park Dr";"Jun 25, 2026, 12:00:00";"20";"0.25";"0.15";"37.99";"3.49"
"Belfort Park Dr";"Jun 25, 2026, 11:00:00";"20";"1.7";"0.15";"34.9";"3.8"
"Belfort Park Dr";"Jun 25, 2026, 10:00:00";"20";"8.1";"0.2";"36.56";"3.76"
"Belfort Park Dr";"Jun 25, 2026, 09:00:00";"19";"11.07";"0.19";"40.24";"3.7"
"Belfort Park Dr";"Jun 25, 2026, 08:00:00";"18";"16.33";"0.25";"43.2";"3.37"
"Belfort Park Dr";"Jun 25, 2026, 07:00:00";"17";"17.84";"0.24";"42.2";"3.18"
"Belfort Park Dr";"Jun 25, 2026, 06:00:00";"17";"14.92";"0.23";"44.8";"2.93"
"Belfort Park Dr";"Jun 25, 2026, 05:00:00";"17";"9.95";"0.18";"42.24";"3.04"
"Belfort Park Dr";"Jun 25, 2026, 04:00:00";"16";"9.59";"0.18";"42.92";"2.99"
"Belfort Park Dr";"Jun 25, 2026, 03:00:00";"15";"10.18";"0.19";"41.06";"2.64"
"Belfort Park Dr";"Jun 25, 2026, 02:00:00";"15";"11.63";"0.2";"33.41";"2.65"
"Belfort Park Dr";"Jun 25, 2026, 01:00:00";"15";"9.06";"0.19";"28.56";"2.06"
"Belfort Park Dr";"Jun 25, 2026, 00:00:00";"18";"8.41";"0.23";"36.81";"3.65"
"Belfort Park Dr";"Jun 24, 2026, 23:00:00";"15";"6.29";"0.21";"32.33";"3.44"
"Belfort Park Dr";"Jun 24, 2026, 22:00:00";"10";"5.88";"0.21";"27.53";"2.4"
"Belfort Park Dr";"Jun 24, 2026, 21:00:00";"9";"2.76";"0.15";"21.08";"1.54"
"Belfort Park Dr";"Jun 24, 2026, 20:00:00";"8";"1.45";"0.13";"20.46";"1.48"
"Belfort Park Dr";"Jun 24, 2026, 19:00:00";"8";"2.5";"0.14";"23.08";"1.4"
"Belfort Park Dr";"Jun 24, 2026, 18:00:00";"9";"1.79";"0.15";"31.06";"1.55"
"Belfort Park Dr";"Jun 24, 2026, 17:00:00";"9";"0.43";"0.16";"37.6";"1.54"
"Belfort Park Dr";"Jun 24, 2026, 16:00:00";"9";"0.05";"0.15";"39.1";"1.42"
"Belfort Park Dr";"Jun 24, 2026, 15:00:00";"9";"0.14";"0.14";"39.86";"1.5"
"Belfort Park Dr";"Jun 24, 2026, 14:00:00";"9";"0.41";"0.12";"41.79";"1.41"
"Belfort Park Dr";"Jun 24, 2026, 13:00:00";"10";"0";"0.11";"44.18";"1.62"
"Belfort Park Dr";"Jun 24, 2026, 12:00:00";"11";"0";"0.11";"44.44";"1.75"
"Belfort Park Dr";"Jun 24, 2026, 11:00:00";"12";"0.2";"0.11";"41.37";"2.19"
"Belfort Park Dr";"Jun 24, 2026, 10:00:00";"12";"3.43";"0.12";"39.03";"2.13"
"Belfort Park Dr";"Jun 24, 2026, 09:00:00";"11";"5.49";"0.1";"43.43";"1.89"
"Belfort Park Dr";"Jun 24, 2026, 08:00:00";"11";"7.75";"0.08";"42.7";"1.86"
"Belfort Park Dr";"Jun 24, 2026, 07:00:00";"11";"6.96";"0.09";"38.88";"2.19"
"Belfort Park Dr";"Jun 24, 2026, 06:00:00";"10";"5.22";"0.05";"37.81";"1.84"
"Belfort Park Dr";"Jun 24, 2026, 05:00:00";"9";"2.73";"0.02";"38.09";"1.7"
"Belfort Park Dr";"Jun 24, 2026, 04:00:00";"9";"1.78";"0.02";"41.84";"1.75"
"Belfort Park Dr";"Jun 24, 2026, 03:00:00";"9";"1.54";"0.03";"45.45";"1.48"
"Belfort Park Dr";"Jun 24, 2026, 02:00:00";"10";"2.56";"0.04";"48.47";"1.55"
"Belfort Park Dr";"Jun 24, 2026, 01:00:00";"10";"3.48";"0.06";"52.28";"1.49"
"Belfort Park Dr";"Jun 24, 2026, 00:00:00";"13";"5.38";"0.14";"61.16";"1.88"
"Belfort Park Dr";"Jun 23, 2026, 23:00:00";"15";"7.93";"0.19";"69.44";"3.04"
"Belfort Park Dr";"Jun 23, 2026, 22:00:00";"14";"8.33";"0.25";"64.46";"3.66"
"Belfort Park Dr";"Jun 23, 2026, 21:00:00";"7";"5.81";"0.14";"58.44";"1.3"
"Belfort Park Dr";"Jun 23, 2026, 20:00:00";"7";"2.14";"0.09";"57.44";"0.99"
"Belfort Park Dr";"Jun 23, 2026, 19:00:00";"7";"2.86";"0.09";"57.47";"0.91"
"Belfort Park Dr";"Jun 23, 2026, 18:00:00";"9";"2.67";"0.09";"61.88";"1.06"
"Belfort Park Dr";"Jun 23, 2026, 17:00:00";"13";"3.53";"0.11";"69.34";"1.04"
"Belfort Park Dr";"Jun 23, 2026, 16:00:00";"19";"5.32";"0.12";"71.68";"2.36"
"Belfort Park Dr";"Jun 23, 2026, 15:00:00";"25";"4.44";"0.1";"67.18";"4.28"
"Belfort Park Dr";"Jun 23, 2026, 14:00:00";"26";"4.15";"0.11";"69.7";"3.69"
"Belfort Park Dr";"Jun 23, 2026, 13:00:00";"32";"4.09";"0.13";"74.65";"2.78"
"Belfort Park Dr";"Jun 23, 2026, 12:00:00";"48";"4.3";"0.12";"76.4";"5.55"
"Belfort Park Dr";"Jun 23, 2026, 11:00:00";"56";"4.61";"0.13";"79.48";"13.44"
"Belfort Park Dr";"Jun 23, 2026, 10:00:00";"52";"5.29";"0.14";"77.25";"13.23"
"Belfort Park Dr";"Jun 23, 2026, 09:00:00";"33";"5.82";"0.15";"75.11";"7.44"
"Belfort Park Dr";"Jun 23, 2026, 08:00:00";"24";"7.36";"0.17";"76.75";"4.34"
"Belfort Park Dr";"Jun 23, 2026, 07:00:00";"23";"4.67";"0.12";"76.12";"3.93"
"Belfort Park Dr";"Jun 23, 2026, 06:00:00";"24";"3.79";"0.11";"80.27";"4.65"
"Belfort Park Dr";"Jun 23, 2026, 05:00:00";"23";"3.03";"0.09";"80.05";"4.68"
"Belfort Park Dr";"Jun 23, 2026, 04:00:00";"19";"2.83";"0.08";"75.85";"4.02"
"Belfort Park Dr";"Jun 23, 2026, 03:00:00";"17";"3.83";"0.09";"73.44";"2.74"
"Belfort Park Dr";"Jun 23, 2026, 02:00:00";"17";"4.41";"0.13";"66.95";"3"
"Belfort Park Dr";"Jun 23, 2026, 01:00:00";"18";"4.3";"0.14";"64.46";"2.85"
"Belfort Park Dr";"Jun 23, 2026, 00:00:00";"20";"4.06";"0.14";"62.86";"2.5"
"Belfort Park Dr";"Jun 22, 2026, 23:00:00";"25";"5.44";"0.17";"61.86";"3.37"
"Belfort Park Dr";"Jun 22, 2026, 22:00:00";"32";"11.43";"0.22";"64.8";"4.26"
"Belfort Park Dr";"Jun 22, 2026, 21:00:00";"39";"10.45";"0.25";"61.11";"4.85"
"Belfort Park Dr";"Jun 22, 2026, 20:00:00";"52";"12.65";"0.3";"60.03";"10.04"
"Belfort Park Dr";"Jun 22, 2026, 19:00:00";"47";"2.54";"0.26";"52.21";"9.58"
"Belfort Park Dr";"Jun 22, 2026, 18:00:00";"41";"0.81";"0.3";"62.25";"7.54"
"Belfort Park Dr";"Jun 22, 2026, 17:00:00";"40";"1.02";"0.29";"60.11";"7.38"
"Belfort Park Dr";"Jun 22, 2026, 16:00:00";"38";"0.2";"0.25";"54.22";"7.17"
"Belfort Park Dr";"Jun 22, 2026, 15:00:00";"37";"0";"0.25";"54.63";"6.24"
"Belfort Park Dr";"Jun 22, 2026, 14:00:00";"39";"0.33";"0.25";"52.42";"6.95"
"Belfort Park Dr";"Jun 22, 2026, 13:00:00";"39";"2.32";"0.23";"42.76";"7.47"
"Belfort Park Dr";"Jun 22, 2026, 12:00:00";"37";"2.62";"0.22";"41.45";"7.17"
"Belfort Park Dr";"Jun 22, 2026, 11:00:00";"33";"2.82";"0.24";"43.14";"6.97"
"Belfort Park Dr";"Jun 22, 2026, 10:00:00";"28";"4.54";"0.27";"42.55";"5.74"
"Belfort Park Dr";"Jun 22, 2026, 09:00:00";"24";"8.97";"0.28";"33.06";"4.27"
"Belfort Park Dr";"Jun 22, 2026, 08:00:00";"24";"11.76";"0.32";"36.64";"4.47"
"Belfort Park Dr";"Jun 22, 2026, 07:00:00";"23";"8.16";"0.25";"34.12";"4.01"
"Belfort Park Dr";"Jun 22, 2026, 06:00:00";"23";"5.19";"0.22";"31.65";"4.06"
"Belfort Park Dr";"Jun 22, 2026, 05:00:00";"24";"4.17";"0.21";"30.32";"4.87"
"Belfort Park Dr";"Jun 22, 2026, 04:00:00";"21";"3.84";"0.21";"25.49";"4.01"
"Belfort Park Dr";"Jun 22, 2026, 03:00:00";"20";"3.27";"0.18";"16.7";"3.45"
"Belfort Park Dr";"Jun 22, 2026, 02:00:00";"20";"4";"0.2";"15.73";"3.44"
"Belfort Park Dr";"Jun 22, 2026, 01:00:00";"20";"2.9";"0.2";"18.09";"3.13"
"Belfort Park Dr";"Jun 22, 2026, 00:00:00";"23";"3.87";"0.27";"22.69";"4.4"
"Belfort Park Dr";"Jun 21, 2026, 23:00:00";"23";"5.08";"0.28";"21.11";"5.08"
"Belfort Park Dr";"Jun 21, 2026, 22:00:00";"17";"3.4";"0.25";"15.21";"3.61"
"Belfort Park Dr";"Jun 21, 2026, 21:00:00";"13";"2.06";"0.2";"13.37";"2.41"
"Belfort Park Dr";"Jun 21, 2026, 20:00:00";"12";"0.68";"0.2";"12.74";"2.17"
"Belfort Park Dr";"Jun 21, 2026, 19:00:00";"11";"0.39";"0.21";"15.38";"2.02"
"Belfort Park Dr";"Jun 21, 2026, 18:00:00";"11";"1.22";"0.21";"19.04";"1.93"
"Belfort Park Dr";"Jun 21, 2026, 17:00:00";"12";"0.07";"0.18";"20.75";"1.97"
"Belfort Park Dr";"Jun 21, 2026, 16:00:00";"12";"0";"0.19";"22.69";"2.04"
"Belfort Park Dr";"Jun 21, 2026, 15:00:00";"12";"0";"0.18";"19.29";"2.1"
"Belfort Park Dr";"Jun 21, 2026, 14:00:00";"12";"0.18";"0.17";"20.74";"1.95"
"Belfort Park Dr";"Jun 21, 2026, 13:00:00";"13";"0.06";"0.16";"25.56";"1.86"
"Belfort Park Dr";"Jun 21, 2026, 12:00:00";"15";"0.01";"0.16";"26.81";"2.31"
"Belfort Park Dr";"Jun 21, 2026, 11:00:00";"18";"0.21";"0.18";"25.57";"4.01"
"Belfort Park Dr";"Jun 21, 2026, 10:00:00";"14";"0.51";"0.18";"25.54";"3.19"
"Belfort Park Dr";"Jun 21, 2026, 09:00:00";"10";"2.03";"0.18";"19.44";"1.8"
"Belfort Park Dr";"Jun 21, 2026, 08:00:00";"9";"2.57";"0.15";"20.18";"1.56"
"Belfort Park Dr";"Jun 21, 2026, 07:00:00";"10";"2.49";"0.13";"21.18";"1.79"
"Belfort Park Dr";"Jun 21, 2026, 06:00:00";"10";"1.9";"0.14";"18.13";"1.88"
"Belfort Park Dr";"Jun 21, 2026, 05:00:00";"9";"1.32";"0.14";"15.13";"1.63"
"Belfort Park Dr";"Jun 21, 2026, 04:00:00";"9";"1.84";"0.14";"12.57";"1.68"
"Belfort Park Dr";"Jun 21, 2026, 03:00:00";"9";"1.88";"0.14";"10.21";"1.5"
"Belfort Park Dr";"Jun 21, 2026, 02:00:00";"9";"3.22";"0.15";"10.05";"1.6"
"Belfort Park Dr";"Jun 21, 2026, 01:00:00";"9";"4.67";"0.16";"9.21";"1.51"
"Belfort Park Dr";"Jun 21, 2026, 00:00:00";"9";"0.93";"0.16";"9.14";"1.65"
"Belfort Park Dr";"Jun 20, 2026, 23:00:00";"8";"1.22";"0.18";"9.66";"1.6"
"Belfort Park Dr";"Jun 20, 2026, 22:00:00";"7";"0.18";"0.19";"9.11";"1.28"
"Belfort Park Dr";"Jun 20, 2026, 21:00:00";"7";"0.64";"0.19";"10.29";"1.31"
"Belfort Park Dr";"Jun 20, 2026, 20:00:00";"6";"0.17";"0.21";"12.27";"1.04"
"Belfort Park Dr";"Jun 20, 2026, 19:00:00";"6";"1.29";"0.24";"14.37";"0.98"
"Belfort Park Dr";"Jun 20, 2026, 18:00:00";"7";"1.19";"0.21";"16.95";"1.05"
"Belfort Park Dr";"Jun 20, 2026, 17:00:00";"7";"0.47";"0.22";"19.91";"1.1"
"Belfort Park Dr";"Jun 20, 2026, 16:00:00";"7";"0.05";"0.22";"23.84";"1.37"
"Belfort Park Dr";"Jun 20, 2026, 15:00:00";"7";"0.27";"0.21";"23.79";"0.92"
"Belfort Park Dr";"Jun 20, 2026, 14:00:00";"8";"0.1";"0.17";"23.54";"1.34"
"Belfort Park Dr";"Jun 20, 2026, 13:00:00";"7";"0.17";"0.17";"24.85";"1.12"
"Belfort Park Dr";"Jun 20, 2026, 12:00:00";"8";"0.07";"0.16";"24.78";"1.14"
"Belfort Park Dr";"Jun 20, 2026, 11:00:00";"9";"0.59";"0.16";"23.31";"1.42"
"Belfort Park Dr";"Jun 20, 2026, 10:00:00";"9";"0.68";"0.15";"18.6";"1.5"
"Belfort Park Dr";"Jun 20, 2026, 09:00:00";"9";"2.96";"0.15";"15.34";"1.58"
"Belfort Park Dr";"Jun 20, 2026, 08:00:00";"5";"5.22";"0.14";"19.01";"1.76"
"Belfort Park Dr";"Jun 20, 2026, 07:00:00";"2";"0";"0";"0";"0"
"Belfort Park Dr";"Jun 20, 2026, 05:00:00";"9";"2.73";"0.12";"17.7";"1.69"
"Belfort Park Dr";"Jun 20, 2026, 04:00:00";"9";"2.46";"0.11";"17.54";"1.61"
"Belfort Park Dr";"Jun 20, 2026, 03:00:00";"9";"2.47";"0.12";"16.21";"1.59"
"Belfort Park Dr";"Jun 20, 2026, 02:00:00";"9";"4.29";"0.13";"15.03";"1.78"
"Belfort Park Dr";"Jun 20, 2026, 01:00:00";"9";"5.34";"0.14";"14.05";"1.79"
"Belfort Park Dr";"Jun 20, 2026, 00:00:00";"9";"2.86";"0.13";"12.85";"1.69"
"Belfort Park Dr";"Jun 19, 2026, 23:00:00";"8";"1.93";"0.13";"11.12";"1.44"
"Belfort Park Dr";"Jun 19, 2026, 22:00:00";"8";"6.69";"0.16";"10.01";"1.27"
"Belfort Park Dr";"Jun 19, 2026, 21:00:00";"8";"3.05";"0.16";"10.02";"1.4"
"Belfort Park Dr";"Jun 19, 2026, 20:00:00";"8";"1.83";"0.16";"11.97";"1.53"
"Belfort Park Dr";"Jun 19, 2026, 19:00:00";"8";"1.8";"0.19";"18.07";"1.39"
"Belfort Park Dr";"Jun 19, 2026, 18:00:00";"8";"1.93";"0.18";"22.01";"1.29"
"Belfort Park Dr";"Jun 19, 2026, 17:00:00";"10";"0.39";"0.19";"26.79";"1.36"
"Belfort Park Dr";"Jun 19, 2026, 16:00:00";"14";"1.29";"0.19";"26.57";"1.71"
"Belfort Park Dr";"Jun 19, 2026, 15:00:00";"11";"0.87";"0.19";"30.17";"1.38"
"Belfort Park Dr";"Jun 19, 2026, 14:00:00";"15";"0.2";"0.17";"30.79";"1.43"
"Belfort Park Dr";"Jun 19, 2026, 13:00:00";"19";"0.21";"0.18";"30.09";"2.8"
"Belfort Park Dr";"Jun 19, 2026, 12:00:00";"9";"1.1";"0.17";"23.74";"1.94"
"Belfort Park Dr";"Jun 19, 2026, 11:00:00";"8";"4.71";"0.17";"20.25";"1.12"
"Belfort Park Dr";"Jun 19, 2026, 10:00:00";"10";"5.21";"0.16";"19.99";"1.42"
"Belfort Park Dr";"Jun 19, 2026, 09:00:00";"11";"6.54";"0.18";"23.05";"1.63"
"Belfort Park Dr";"Jun 19, 2026, 08:00:00";"13";"6.15";"0.17";"23.94";"2.08"
"Belfort Park Dr";"Jun 19, 2026, 07:00:00";"13";"9.73";"0.17";"22.76";"2.48"
"Belfort Park Dr";"Jun 19, 2026, 06:00:00";"13";"3.97";"0.15";"20.59";"2.45"
"Belfort Park Dr";"Jun 19, 2026, 05:00:00";"12";"2.46";"0.13";"18.69";"2.32"
"Belfort Park Dr";"Jun 19, 2026, 04:00:00";"10";"1.3";"0.13";"18.2";"1.89"
"Belfort Park Dr";"Jun 19, 2026, 03:00:00";"10";"1.08";"0.12";"17.38";"1.84"
"Belfort Park Dr";"Jun 19, 2026, 02:00:00";"9";"1.73";"0.11";"16.48";"1.6"
"Belfort Park Dr";"Jun 19, 2026, 01:00:00";"10";"0.99";"0.11";"17.47";"1.55"
"Belfort Park Dr";"Jun 19, 2026, 00:00:00";"10";"1.26";"0.13";"20.31";"1.62"
"Belfort Park Dr";"Jun 18, 2026, 23:00:00";"12";"5.75";"0.14";"22.11";"1.81"
"Belfort Park Dr";"Jun 18, 2026, 22:00:00";"13";"3.3";"0.16";"28.44";"2.25"
"Belfort Park Dr";"Jun 18, 2026, 21:00:00";"14";"1.46";"0.17";"32.08";"2.4"
"Belfort Park Dr";"Jun 18, 2026, 20:00:00";"15";"2.16";"0.16";"37.46";"2.29"
"Belfort Park Dr";"Jun 18, 2026, 19:00:00";"19";"20";"0.2";"42.5";"2.72"
"Belfort Park Dr";"Jun 18, 2026, 18:00:00";"18";"0.01";"0.18";"45.65";"2.68"
"Belfort Park Dr";"Jun 18, 2026, 17:00:00";"22";"0.61";"0.19";"49.4";"3.09"
"Belfort Park Dr";"Jun 18, 2026, 16:00:00";"26";"1.83";"0.18";"50.24";"3.53"
"Belfort Park Dr";"Jun 18, 2026, 15:00:00";"33";"3.19";"0.2";"54.56";"5.16"
"Belfort Park Dr";"Jun 18, 2026, 14:00:00";"36";"0.84";"0.22";"65.78";"6.57"
"Belfort Park Dr";"Jun 18, 2026, 13:00:00";"35";"4.85";"0.24";"60.3";"7.01"
"Belfort Park Dr";"Jun 18, 2026, 12:00:00";"32";"10.44";"0.25";"48.29";"6.07"
"Belfort Park Dr";"Jun 18, 2026, 11:00:00";"30";"11.06";"0.22";"44.93";"5.43"
"Belfort Park Dr";"Jun 18, 2026, 10:00:00";"30";"13.22";"0.27";"40.47";"4.99"
"Belfort Park Dr";"Jun 18, 2026, 09:00:00";"32";"11.27";"0.24";"39.27";"4.72"
"Belfort Park Dr";"Jun 18, 2026, 08:00:00";"38";"12.16";"0.22";"38.75";"6.48"
"Belfort Park Dr";"Jun 18, 2026, 07:00:00";"39";"10.49";"0.25";"35.94";"6.19"
"Belfort Park Dr";"Jun 18, 2026, 06:00:00";"44";"7.87";"0.22";"38.65";"7.53"
"Belfort Park Dr";"Jun 18, 2026, 05:00:00";"47";"5.44";"0.2";"38.66";"8.45"
"Belfort Park Dr";"Jun 18, 2026, 04:00:00";"47";"3.98";"0.2";"38.04";"9.21"
"Belfort Park Dr";"Jun 18, 2026, 03:00:00";"42";"3.68";"0.21";"34.92";"8.41"
"Belfort Park Dr";"Jun 18, 2026, 02:00:00";"37";"3.6";"0.21";"30.32";"7.88"
"Belfort Park Dr";"Jun 18, 2026, 01:00:00";"29";"2.87";"0.22";"30.45";"6.09"
"Belfort Park Dr";"Jun 18, 2026, 00:00:00";"24";"2.61";"0.24";"30.02";"4.88"
"Belfort Park Dr";"Jun 17, 2026, 23:00:00";"20";"2.52";"0.24";"26.86";"4.22"
"Belfort Park Dr";"Jun 17, 2026, 22:00:00";"17";"1.94";"0.24";"26.34";"3.65"
"Belfort Park Dr";"Jun 17, 2026, 21:00:00";"14";"0.88";"0.22";"26.09";"2.62"
"Belfort Park Dr";"Jun 17, 2026, 20:00:00";"14";"2";"0.23";"26.76";"2.41"
"Belfort Park Dr";"Jun 17, 2026, 19:00:00";"14";"1.72";"0.21";"27.19";"2.32"
"Belfort Park Dr";"Jun 17, 2026, 18:00:00";"14";"3.16";"0.22";"30.86";"2.71"
"Belfort Park Dr";"Jun 17, 2026, 17:00:00";"14";"1.3";"0.2";"31.43";"2.16"
"Belfort Park Dr";"Jun 17, 2026, 16:00:00";"15";"0.4";"0.2";"35.22";"2.66"
"Belfort Park Dr";"Jun 17, 2026, 15:00:00";"15";"0.67";"0.19";"35.99";"2.75"
"Belfort Park Dr";"Jun 17, 2026, 14:00:00";"14";"0.26";"0.17";"39.33";"2.14"
"Belfort Park Dr";"Jun 17, 2026, 13:00:00";"17";"0.2";"0.17";"41.31";"2.54"
"Belfort Park Dr";"Jun 17, 2026, 12:00:00";"20";"0.01";"0.16";"41.96";"2.88"
"Belfort Park Dr";"Jun 17, 2026, 11:00:00";"23";"1.41";"0.19";"43.02";"3.97"
"Belfort Park Dr";"Jun 17, 2026, 10:00:00";"25";"7.46";"0.22";"43.62";"4.38"
"Belfort Park Dr";"Jun 17, 2026, 09:00:00";"25";"8.17";"0.2";"43.51";"4.76"
"Belfort Park Dr";"Jun 17, 2026, 08:00:00";"23";"12.66";"0.25";"45.02";"4.19"
"Belfort Park Dr";"Jun 17, 2026, 07:00:00";"23";"10.89";"0.29";"43.09";"4.77"
"Belfort Park Dr";"Jun 17, 2026, 06:00:00";"20";"9.43";"0.18";"39.57";"4.43"
"Belfort Park Dr";"Jun 17, 2026, 05:00:00";"14";"5.62";"0.14";"36.83";"2.89"
"Belfort Park Dr";"Jun 17, 2026, 04:00:00";"13";"5.31";"0.13";"33.77";"2.55"
"Belfort Park Dr";"Jun 17, 2026, 03:00:00";"12";"4.93";"0.14";"28.95";"2.31"
"Belfort Park Dr";"Jun 17, 2026, 02:00:00";"10";"3.86";"0.14";"26.21";"1.72"
"Belfort Park Dr";"Jun 17, 2026, 01:00:00";"9";"3.62";"0.15";"21.86";"1.58"
"Belfort Park Dr";"Jun 17, 2026, 00:00:00";"10";"3.6";"0.17";"19.4";"1.88"
"Belfort Park Dr";"Jun 16, 2026, 23:00:00";"10";"3.84";"0.18";"17.41";"1.93"
"Belfort Park Dr";"Jun 16, 2026, 22:00:00";"9";"3.62";"0.18";"14.7";"1.6"
"Belfort Park Dr";"Jun 16, 2026, 21:00:00";"8";"2.37";"0.17";"11.83";"1.57"
"Belfort Park Dr";"Jun 16, 2026, 20:00:00";"8";"2.95";"0.16";"10.54";"1.22"
"Belfort Park Dr";"Jun 16, 2026, 19:00:00";"8";"2.45";"0.17";"9.2";"1.44"
"Belfort Park Dr";"Jun 16, 2026, 18:00:00";"8";"1.78";"0.17";"10.36";"1.61"
"Belfort Park Dr";"Jun 16, 2026, 17:00:00";"7";"0.65";"0.17";"11.79";"1.12"
"Belfort Park Dr";"Jun 16, 2026, 16:00:00";"8";"0.24";"0.16";"12.35";"1.57"
"Belfort Park Dr";"Jun 16, 2026, 15:00:00";"8";"1.6";"0.15";"11.2";"1.52"
"Belfort Park Dr";"Jun 16, 2026, 14:00:00";"7";"0.47";"0.14";"17.18";"1.34"
"Belfort Park Dr";"Jun 16, 2026, 13:00:00";"6";"0.08";"0.13";"18.58";"1.01"
"Belfort Park Dr";"Jun 16, 2026, 12:00:00";"6";"0.09";"0.12";"19.3";"0.97"
"Belfort Park Dr";"Jun 16, 2026, 11:00:00";"7";"0.41";"0.11";"17.39";"0.93"
"Belfort Park Dr";"Jun 16, 2026, 10:00:00";"7";"1.83";"0.11";"16.08";"1.31"
"Belfort Park Dr";"Jun 16, 2026, 09:00:00";"7";"5.63";"0.15";"24.52";"1.16"
"Belfort Park Dr";"Jun 16, 2026, 08:00:00";"10";"10.46";"0.17";"22.99";"1.35"
"Belfort Park Dr";"Jun 16, 2026, 07:00:00";"12";"12.29";"0.16";"20.44";"1.78"
"Belfort Park Dr";"Jun 16, 2026, 06:00:00";"8";"8.03";"0.08";"18.17";"1.44"
"Belfort Park Dr";"Jun 16, 2026, 05:00:00";"5";"4.83";"0.07";"16.79";"0.83"
"Belfort Park Dr";"Jun 16, 2026, 04:00:00";"6";"3.36";"0.06";"16.65";"0.9"
"Belfort Park Dr";"Jun 16, 2026, 03:00:00";"7";"2.66";"0.07";"16.62";"0.83"
"Belfort Park Dr";"Jun 16, 2026, 02:00:00";"8";"2.67";"0.09";"18.26";"1.11"
"Belfort Park Dr";"Jun 16, 2026, 01:00:00";"10";"3.02";"0.09";"20.1";"1.51"
"Belfort Park Dr";"Jun 16, 2026, 00:00:00";"12";"2.68";"0.1";"22.07";"2.12"
"Belfort Park Dr";"Jun 15, 2026, 23:00:00";"12";"3.58";"0.12";"21.63";"1.58"
"Belfort Park Dr";"Jun 15, 2026, 22:00:00";"15";"3.39";"0.14";"20.96";"2.33"
"Belfort Park Dr";"Jun 15, 2026, 21:00:00";"17";"2.55";"0.14";"17.78";"3.05"
"Belfort Park Dr";"Jun 15, 2026, 20:00:00";"17";"2.31";"0.14";"15.91";"3.45"
"Belfort Park Dr";"Jun 15, 2026, 19:00:00";"15";"1.39";"0.16";"14.82";"2.85"
"Belfort Park Dr";"Jun 15, 2026, 18:00:00";"14";"1.5";"0.18";"18.41";"2.87"
"Belfort Park Dr";"Jun 15, 2026, 17:00:00";"13";"1.49";"0.17";"18.64";"2.37"
"Belfort Park Dr";"Jun 15, 2026, 16:00:00";"12";"0.73";"0.16";"21.76";"1.84"
"Belfort Park Dr";"Jun 15, 2026, 15:00:00";"13";"0.45";"0.15";"26.45";"1.68"
"Belfort Park Dr";"Jun 15, 2026, 14:00:00";"15";"0.61";"0.16";"27.69";"1.97"
"Belfort Park Dr";"Jun 15, 2026, 13:00:00";"20";"1.04";"0.15";"25.3";"3.55"
"Belfort Park Dr";"Jun 15, 2026, 12:00:00";"20";"0.76";"0.14";"26.49";"3.82"
"Belfort Park Dr";"Jun 15, 2026, 11:00:00";"19";"0.19";"0.14";"28.48";"3.44"
"Belfort Park Dr";"Jun 15, 2026, 10:00:00";"19";"0.49";"0.13";"24.75";"3.77"
"Belfort Park Dr";"Jun 15, 2026, 09:00:00";"17";"2.86";"0.13";"30.57";"3.77"
"Belfort Park Dr";"Jun 15, 2026, 08:00:00";"13";"3.84";"0.11";"35.66";"3.08"
"Belfort Park Dr";"Jun 15, 2026, 07:00:00";"9";"4.54";"0.1";"35.6";"1.96"
"Belfort Park Dr";"Jun 15, 2026, 06:00:00";"7";"2.34";"0.08";"36.28";"1.02"
"Belfort Park Dr";"Jun 15, 2026, 05:00:00";"8";"1.86";"0.09";"37.39";"1.22"
"Belfort Park Dr";"Jun 15, 2026, 04:00:00";"9";"0.72";"0.09";"36.89";"1.15"
"Belfort Park Dr";"Jun 15, 2026, 03:00:00";"10";"0.64";"0.11";"42.03";"0.91"
"Belfort Park Dr";"Jun 15, 2026, 02:00:00";"15";"0.89";"0.12";"43.56";"0.82"
"Belfort Park Dr";"Jun 15, 2026, 01:00:00";"27";"1.07";"0.16";"53.8";"2.72"
"Belfort Park Dr";"Jun 15, 2026, 00:00:00";"39";"6.77";"0.25";"62.99";"6.36"
"Belfort Park Dr";"Jun 14, 2026, 23:00:00";"41";"5.73";"0.25";"60.29";"6.41"
"Belfort Park Dr";"Jun 14, 2026, 22:00:00";"45";"2.07";"0.25";"63.13";"6.69"
"Belfort Park Dr";"Jun 14, 2026, 21:00:00";"52";"1.69";"0.3";"76.03";"9.55"
"Belfort Park Dr";"Jun 14, 2026, 20:00:00";"53";"1.78";"0.3";"77.6";"10.24"
"Belfort Park Dr";"Jun 14, 2026, 19:00:00";"52";"0.2";"0.28";"72.28";"10.52"
"Belfort Park Dr";"Jun 14, 2026, 18:00:00";"44";"0.02";"0.26";"66.98";"8.82"
"Belfort Park Dr";"Jun 14, 2026, 17:00:00";"40";"0";"0.25";"69.09";"7.37"
"Belfort Park Dr";"Jun 14, 2026, 16:00:00";"40";"0";"0.25";"67.13";"7.95"
"Belfort Park Dr";"Jun 14, 2026, 15:00:00";"37";"0.14";"0.21";"63.15";"6.89"
"Belfort Park Dr";"Jun 14, 2026, 14:00:00";"35";"0";"0.21";"65.6";"6.85"
"Belfort Park Dr";"Jun 14, 2026, 13:00:00";"33";"0";"0.21";"67.63";"6.14"
"Belfort Park Dr";"Jun 14, 2026, 12:00:00";"32";"0";"0.21";"65.32";"5.29"
"Belfort Park Dr";"Jun 14, 2026, 11:00:00";"35";"0.06";"0.24";"77.97";"6.05"
"Belfort Park Dr";"Jun 14, 2026, 10:00:00";"35";"2.14";"0.28";"75.56";"6.86"
"Belfort Park Dr";"Jun 14, 2026, 09:00:00";"33";"5.56";"0.27";"63.99";"6.5"
"Belfort Park Dr";"Jun 14, 2026, 08:00:00";"30";"6.42";"0.27";"61.32";"5.75"
"Belfort Park Dr";"Jun 14, 2026, 07:00:00";"28";"6.01";"0.25";"58.07";"5.28"
"Belfort Park Dr";"Jun 14, 2026, 06:00:00";"25";"3.87";"0.22";"57.52";"5.18"
"Belfort Park Dr";"Jun 14, 2026, 05:00:00";"22";"4.41";"0.21";"52.35";"4.16"
"Belfort Park Dr";"Jun 14, 2026, 04:00:00";"21";"4.3";"0.21";"54.54";"3.66"
"Belfort Park Dr";"Jun 14, 2026, 03:00:00";"22";"4.12";"0.22";"52.32";"3.98"
"Belfort Park Dr";"Jun 14, 2026, 02:00:00";"21";"2.7";"0.22";"47.5";"3.87"
"Belfort Park Dr";"Jun 14, 2026, 01:00:00";"20";"7.88";"0.25";"50.21";"4.01"
"Belfort Park Dr";"Jun 14, 2026, 00:00:00";"18";"8.13";"0.26";"47.82";"3.49"
"Belfort Park Dr";"Jun 13, 2026, 23:00:00";"17";"13.42";"0.29";"46.15";"3.16"
"Belfort Park Dr";"Jun 13, 2026, 22:00:00";"15";"2.89";"0.28";"44.91";"2.74"
"Belfort Park Dr";"Jun 13, 2026, 21:00:00";"15";"2.26";"0.26";"47.74";"3.32"
"Belfort Park Dr";"Jun 13, 2026, 20:00:00";"12";"0.67";"0.23";"46.52";"2.17"
"Belfort Park Dr";"Jun 13, 2026, 19:00:00";"12";"0.13";"0.22";"46.01";"2.07"
"Belfort Park Dr";"Jun 13, 2026, 18:00:00";"11";"0.17";"0.22";"51.62";"1.9"
"Belfort Park Dr";"Jun 13, 2026, 17:00:00";"12";"0";"0.22";"53.05";"1.82"
"Belfort Park Dr";"Jun 13, 2026, 16:00:00";"13";"0.12";"0.23";"58.61";"1.77"
"Belfort Park Dr";"Jun 13, 2026, 15:00:00";"16";"0";"0.24";"61.23";"3.83"
"Belfort Park Dr";"Jun 13, 2026, 14:00:00";"10";"0.02";"0.23";"67.17";"1.88"
"Belfort Park Dr";"Jun 13, 2026, 13:00:00";"10";"0";"0.2";"65.23";"1.74"
"Belfort Park Dr";"Jun 13, 2026, 12:00:00";"11";"0";"0.18";"66.54";"1.75"
"Belfort Park Dr";"Jun 13, 2026, 11:00:00";"13";"0";"0.17";"65.28";"1.81"
"Belfort Park Dr";"Jun 13, 2026, 10:00:00";"15";"0.17";"0.17";"66.44";"2.1"
"Belfort Park Dr";"Jun 13, 2026, 09:00:00";"18";"0.85";"0.2";"71.72";"2.84"
"Belfort Park Dr";"Jun 13, 2026, 08:00:00";"19";"4.64";"0.19";"72.68";"2.85"
"Belfort Park Dr";"Jun 13, 2026, 07:00:00";"23";"3.4";"0.16";"71.07";"3.92"
"Belfort Park Dr";"Jun 13, 2026, 06:00:00";"24";"2.63";"0.12";"69.87";"4.31"
"Belfort Park Dr";"Jun 13, 2026, 05:00:00";"24";"0.4";"0.1";"70.33";"3.81"
"Belfort Park Dr";"Jun 13, 2026, 04:00:00";"25";"0.1";"0.1";"74.23";"3.7"
"Belfort Park Dr";"Jun 13, 2026, 03:00:00";"29";"0";"0.12";"85.15";"4.1"
"Belfort Park Dr";"Jun 13, 2026, 02:00:00";"33";"1.08";"0.19";"102.62";"6.76"
"Belfort Park Dr";"Jun 13, 2026, 01:00:00";"30";"1.96";"0.21";"105.17";"6.26"
"Belfort Park Dr";"Jun 13, 2026, 00:00:00";"28";"9.09";"0.23";"102.73";"5.14"
"Belfort Park Dr";"Jun 12, 2026, 23:00:00";"28";"22.35";"0.33";"99.06";"5.24"
"Belfort Park Dr";"Jun 12, 2026, 22:00:00";"27";"14.58";"0.28";"86.9";"4.72"
"Belfort Park Dr";"Jun 12, 2026, 21:00:00";"28";"12.63";"0.31";"77.92";"4.69"
"Belfort Park Dr";"Jun 12, 2026, 20:00:00";"29";"2.46";"0.19";"75.78";"5.15"
"Belfort Park Dr";"Jun 12, 2026, 19:00:00";"29";"0.89";"0.32";"112.5";"5.02"
"Belfort Park Dr";"Jun 12, 2026, 18:00:00";"30";"1.56";"0.34";"115.27";"5.35"
"Belfort Park Dr";"Jun 12, 2026, 17:00:00";"30";"1.6";"0.27";"111.75";"5.19"
"Belfort Park Dr";"Jun 12, 2026, 16:00:00";"32";"0";"0.3";"110.65";"5.26"
"Belfort Park Dr";"Jun 12, 2026, 15:00:00";"34";"0";"0.31";"119.18";"5.98"
"Belfort Park Dr";"Jun 12, 2026, 14:00:00";"35";"0";"0.29";"118.17";"5.68"
"Belfort Park Dr";"Jun 12, 2026, 13:00:00";"38";"0";"0.27";"119.59";"6.47"
"Belfort Park Dr";"Jun 12, 2026, 12:00:00";"40";"0";"0.27";"135.16";"7.04"
"Belfort Park Dr";"Jun 12, 2026, 11:00:00";"40";"0";"0.26";"134.58";"8.4"
"Belfort Park Dr";"Jun 12, 2026, 10:00:00";"34";"0.75";"0.29";"125.72";"7.08"
"Belfort Park Dr";"Jun 12, 2026, 09:00:00";"29";"7.29";"0.32";"104.91";"5.87"
"Belfort Park Dr";"Jun 12, 2026, 08:00:00";"24";"13.8";"0.28";"90.05";"4.42"
"Belfort Park Dr";"Jun 12, 2026, 07:00:00";"24";"16.44";"0.28";"90.2";"4.23"
"Belfort Park Dr";"Jun 12, 2026, 06:00:00";"24";"15.25";"0.24";"87.53";"4.32"
"Belfort Park Dr";"Jun 12, 2026, 05:00:00";"25";"10.79";"0.18";"90.76";"4.62"
"Belfort Park Dr";"Jun 12, 2026, 04:00:00";"24";"11.81";"0.19";"86.5";"3.56"
"Belfort Park Dr";"Jun 12, 2026, 03:00:00";"28";"12.71";"0.17";"86.3";"3.93"
"Belfort Park Dr";"Jun 12, 2026, 02:00:00";"34";"11.6";"0.16";"88.79";"5.32"
"Belfort Park Dr";"Jun 12, 2026, 01:00:00";"39";"13.01";"0.22";"92.09";"7.08"
"Belfort Park Dr";"Jun 12, 2026, 00:00:00";"39";"13.86";"0.25";"86.29";"7.37"
"Belfort Park Dr";"Jun 11, 2026, 23:00:00";"37";"4.11";"0.18";"76.88";"5.86"
"Belfort Park Dr";"Jun 11, 2026, 22:00:00";"42";"2.12";"0.19";"74.14";"6.73"
"Belfort Park Dr";"Jun 11, 2026, 21:00:00";"46";"3.81";"0.2";"80.99";"5.9"
"Belfort Park Dr";"Jun 11, 2026, 20:00:00";"54";"0";"0.27";"100.32";"10.76"
"Belfort Park Dr";"Jun 11, 2026, 19:00:00";"54";"0.59";"0.29";"105.79";"9.89"
"Belfort Park Dr";"Jun 11, 2026, 18:00:00";"54";"0";"0.3";"116.31";"11.04"
"Belfort Park Dr";"Jun 11, 2026, 17:00:00";"54";"0";"0.3";"120.91";"10.5"
"Belfort Park Dr";"Jun 11, 2026, 16:00:00";"54";"0";"0.32";"122.88";"9.67"
"Belfort Park Dr";"Jun 11, 2026, 15:00:00";"55";"0";"0.31";"136.14";"10.59"
"Belfort Park Dr";"Jun 11, 2026, 14:00:00";"56";"0";"0.33";"147.12";"10.81"
"Belfort Park Dr";"Jun 11, 2026, 13:00:00";"57";"0";"0.29";"143.77";"13"
"Belfort Park Dr";"Jun 11, 2026, 12:00:00";"55";"0";"0.28";"155.02";"11.95"
"Belfort Park Dr";"Jun 11, 2026, 11:00:00";"52";"0";"0.27";"157.8";"11.31"
"Belfort Park Dr";"Jun 11, 2026, 10:00:00";"45";"0";"0.31";"153.51";"9.28"
"Belfort Park Dr";"Jun 11, 2026, 09:00:00";"38";"1.92";"0.25";"136.62";"7.59"
"Belfort Park Dr";"Jun 11, 2026, 08:00:00";"33";"9.13";"0.26";"121.51";"6.67"
"Belfort Park Dr";"Jun 11, 2026, 07:00:00";"29";"8.03";"0.24";"109.91";"5.71"
"Belfort Park Dr";"Jun 11, 2026, 06:00:00";"25";"9.5";"0.24";"106.28";"4.96"
"Belfort Park Dr";"Jun 11, 2026, 05:00:00";"24";"5.11";"0.18";"111.18";"4.63"
"Belfort Park Dr";"Jun 11, 2026, 04:00:00";"22";"3.55";"0.18";"112.25";"3.95"
"Belfort Park Dr";"Jun 11, 2026, 03:00:00";"21";"3.45";"0.19";"109.03";"3.78"
"Belfort Park Dr";"Jun 11, 2026, 02:00:00";"21";"6.12";"0.2";"110.46";"3.78"
"Belfort Park Dr";"Jun 11, 2026, 01:00:00";"22";"6.84";"0.21";"112.96";"3.15"
"Belfort Park Dr";"Jun 11, 2026, 00:00:00";"25";"9.61";"0.26";"113.57";"4.02"
"Belfort Park Dr";"Jun 10, 2026, 23:00:00";"28";"4.98";"0.25";"119.77";"4.64"
"Belfort Park Dr";"Jun 10, 2026, 22:00:00";"29";"4.96";"0.28";"119.75";"6.17"
"Belfort Park Dr";"Jun 10, 2026, 21:00:00";"24";"2.36";"0.24";"121.85";"4.55"
"Belfort Park Dr";"Jun 10, 2026, 20:00:00";"23";"4.18";"0.26";"120.36";"4.04"
"Belfort Park Dr";"Jun 10, 2026, 19:00:00";"24";"5.93";"0.27";"112.4";"3.88"
"Belfort Park Dr";"Jun 10, 2026, 18:00:00";"27";"3.56";"0.24";"106.6";"3.59"
"Belfort Park Dr";"Jun 10, 2026, 17:00:00";"33";"5.59";"0.23";"81.06";"3.28"
"Belfort Park Dr";"Jun 10, 2026, 16:00:00";"47";"10.92";"0.16";"84.37";"4.88"
"Belfort Park Dr";"Jun 10, 2026, 15:00:00";"57";"0.32";"0.25";"120.72";"12.47"
"Belfort Park Dr";"Jun 10, 2026, 14:00:00";"56";"0.04";"0.24";"123.77";"11.76"
"Belfort Park Dr";"Jun 10, 2026, 13:00:00";"56";"0";"0.24";"116.04";"11.63"
"Belfort Park Dr";"Jun 10, 2026, 12:00:00";"56";"1.19";"0.24";"106.75";"11.82"
"Belfort Park Dr";"Jun 10, 2026, 11:00:00";"55";"3.58";"0.24";"96.53";"10.86"
"Belfort Park Dr";"Jun 10, 2026, 10:00:00";"54";"8.05";"0.24";"79.87";"10.84"
"Belfort Park Dr";"Jun 10, 2026, 09:00:00";"54";"9.45";"0.29";"70.03";"11.58"
"Belfort Park Dr";"Jun 10, 2026, 08:00:00";"53";"11.92";"0.26";"61.45";"11.66"
"Belfort Park Dr";"Jun 10, 2026, 07:00:00";"44";"7.82";"0.21";"51.93";"9.64"
"Belfort Park Dr";"Jun 10, 2026, 06:00:00";"33";"6.43";"0.21";"48.18";"6.45"
"Belfort Park Dr";"Jun 10, 2026, 05:00:00";"31";"4.44";"0.19";"44.94";"6.22"
"Belfort Park Dr";"Jun 10, 2026, 04:00:00";"30";"3.61";"0.18";"42.19";"5.65"
"Belfort Park Dr";"Jun 10, 2026, 03:00:00";"28";"2.95";"0.19";"40.52";"5.41"
"Belfort Park Dr";"Jun 10, 2026, 02:00:00";"27";"2.58";"0.18";"37.18";"4.92"
"Belfort Park Dr";"Jun 10, 2026, 01:00:00";"27";"2.02";"0.19";"34.37";"4.67"
"Belfort Park Dr";"Jun 10, 2026, 00:00:00";"27";"1.38";"0.19";"32.61";"4.75"
"Belfort Park Dr";"Jun 9, 2026, 23:00:00";"27";"1.55";"0.19";"32.63";"4.64"
"Belfort Park Dr";"Jun 9, 2026, 22:00:00";"27";"2.03";"0.21";"33.39";"4.39"
"Belfort Park Dr";"Jun 9, 2026, 21:00:00";"29";"1.61";"0.22";"34.5";"4.49"
"Belfort Park Dr";"Jun 9, 2026, 20:00:00";"33";"2.22";"0.22";"34.51";"5.17"
"Belfort Park Dr";"Jun 9, 2026, 19:00:00";"36";"3.22";"0.22";"35.72";"5.68"
"Belfort Park Dr";"Jun 9, 2026, 18:00:00";"40";"2.22";"0.22";"36.48";"6.82"
"Belfort Park Dr";"Jun 9, 2026, 17:00:00";"42";"0.52";"0.21";"40.86";"7.8"
"Belfort Park Dr";"Jun 9, 2026, 16:00:00";"41";"0.3";"0.22";"44.45";"8.21"
"Belfort Park Dr";"Jun 9, 2026, 15:00:00";"37";"0.54";"0.21";"37.95";"7.29"
"Belfort Park Dr";"Jun 9, 2026, 14:00:00";"32";"1.48";"0.19";"33.4";"6.62"
"Belfort Park Dr";"Jun 9, 2026, 13:00:00";"27";"1.52";"0.18";"28.24";"5.55"
"Belfort Park Dr";"Jun 9, 2026, 12:00:00";"23";"2.38";"0.15";"23.27";"4.61"
"Belfort Park Dr";"Jun 9, 2026, 11:00:00";"19";"4.28";"0.16";"24.91";"3.48"
"Belfort Park Dr";"Jun 9, 2026, 10:00:00";"20";"7.78";"0.14";"29.61";"3.71"
"Belfort Park Dr";"Jun 9, 2026, 09:00:00";"19";"9";"0.15";"30.41";"3.61"
"Belfort Park Dr";"Jun 9, 2026, 08:00:00";"17";"8.68";"0.13";"27.98";"3.52"
"Belfort Park Dr";"Jun 9, 2026, 07:00:00";"14";"7.09";"0.11";"23.15";"3.17"
"Belfort Park Dr";"Jun 9, 2026, 06:00:00";"10";"4.99";"0.09";"21.18";"1.8"
"Belfort Park Dr";"Jun 9, 2026, 05:00:00";"10";"2.39";"0.07";"20.34";"1.77"
"Belfort Park Dr";"Jun 9, 2026, 04:00:00";"10";"2.41";"0.08";"22.26";"1.74"
"Belfort Park Dr";"Jun 9, 2026, 03:00:00";"12";"2.2";"0.07";"21.63";"1.93"
"Belfort Park Dr";"Jun 9, 2026, 02:00:00";"12";"0";"0.15";"42.51";"2.08"
"Belfort Park Dr";"Jun 9, 2026, 01:00:00";"13";"0";"0.18";"43.71";"2.18"
"Belfort Park Dr";"Jun 9, 2026, 00:00:00";"14";"0";"0.19";"42.63";"1.82"
"Belfort Park Dr";"Jun 8, 2026, 23:00:00";"17";"0";"0.2";"43.87";"2.44"
"Belfort Park Dr";"Jun 8, 2026, 22:00:00";"20";"0";"0.24";"47.86";"3.26"
"Belfort Park Dr";"Jun 8, 2026, 21:00:00";"22";"0";"0.23";"47.99";"3.55"
"Belfort Park Dr";"Jun 8, 2026, 20:00:00";"23";"0";"0.25";"48.51";"3.85"
"Belfort Park Dr";"Jun 8, 2026, 19:00:00";"23";"0";"0.26";"50.57";"4.07"
"Belfort Park Dr";"Jun 8, 2026, 18:00:00";"24";"0";"0.27";"54.97";"4.29"
"Belfort Park Dr";"Jun 8, 2026, 17:00:00";"23";"0";"0.27";"58.36";"4.53"
"Belfort Park Dr";"Jun 8, 2026, 16:00:00";"22";"0";"0.28";"57.49";"4.41"
"Belfort Park Dr";"Jun 8, 2026, 15:00:00";"20";"0";"0.27";"58.38";"4.25"
"Belfort Park Dr";"Jun 8, 2026, 14:00:00";"18";"0";"0.26";"61.36";"3.17"
"Belfort Park Dr";"Jun 8, 2026, 13:00:00";"17";"0";"0.26";"61.22";"2.98"
"Belfort Park Dr";"Jun 8, 2026, 12:00:00";"18";"0";"0.26";"62.86";"3.08"
"Belfort Park Dr";"Jun 8, 2026, 11:00:00";"18";"0";"0.26";"60.18";"3.17"
"Belfort Park Dr";"Jun 8, 2026, 10:00:00";"18";"0";"0.26";"58.07";"3.16"
"Belfort Park Dr";"Jun 8, 2026, 09:00:00";"18";"0";"0.25";"57.52";"2.6"
"Belfort Park Dr";"Jun 8, 2026, 08:00:00";"20";"1.93";"0.24";"57.02";"2.97"
"Belfort Park Dr";"Jun 8, 2026, 07:00:00";"21";"2.13";"0.23";"52.64";"3.64"
"Belfort Park Dr";"Jun 8, 2026, 06:00:00";"22";"0.6";"0.24";"52.36";"4.22"
"Belfort Park Dr";"Jun 8, 2026, 05:00:00";"20";"0";"0.2";"51.92";"4.01"
"Belfort Park Dr";"Jun 8, 2026, 04:00:00";"19";"0";"0.19";"51.91";"3.47"
"Belfort Park Dr";"Jun 8, 2026, 03:00:00";"19";"0";"0.21";"51.42";"3.09"
"Belfort Park Dr";"Jun 8, 2026, 02:00:00";"20";"0.05";"0.25";"55.82";"3.67"
"Belfort Park Dr";"Jun 8, 2026, 01:00:00";"21";"0";"0.3";"55.79";"3.99"
"Belfort Park Dr";"Jun 8, 2026, 00:00:00";"20";"0";"0.29";"52.49";"3.63"
"Belfort Park Dr";"Jun 7, 2026, 23:00:00";"19";"0";"0.29";"50.83";"3.43"
"Belfort Park Dr";"Jun 7, 2026, 22:00:00";"19";"0.21";"0.31";"54.92";"3.85"
"Belfort Park Dr";"Jun 7, 2026, 21:00:00";"18";"0";"0.29";"57.17";"3.24"
"Belfort Park Dr";"Jun 7, 2026, 20:00:00";"17";"0";"0.29";"60.16";"2.61"
"Belfort Park Dr";"Jun 7, 2026, 19:00:00";"19";"0";"0.29";"67.8";"2.86"
"Belfort Park Dr";"Jun 7, 2026, 18:00:00";"22";"0";"0.3";"80.76";"3.78"
"Belfort Park Dr";"Jun 7, 2026, 17:00:00";"22";"0";"0.32";"95.04";"3.4"
"Belfort Park Dr";"Jun 7, 2026, 16:00:00";"24";"0";"0.31";"100.22";"3.58"
"Belfort Park Dr";"Jun 7, 2026, 15:00:00";"27";"0";"0.31";"101.34";"4.24"
"Belfort Park Dr";"Jun 7, 2026, 14:00:00";"31";"0";"0.3";"95.9";"5.01"
"Belfort Park Dr";"Jun 7, 2026, 13:00:00";"34";"0";"0.29";"98.37";"5.61"
"Belfort Park Dr";"Jun 7, 2026, 12:00:00";"36";"0";"0.28";"101.22";"6.42"
"Belfort Park Dr";"Jun 7, 2026, 11:00:00";"37";"0";"0.29";"105.57";"6.7"
"Belfort Park Dr";"Jun 7, 2026, 10:00:00";"36";"0";"0.27";"93.72";"7.45"
"Belfort Park Dr";"Jun 7, 2026, 09:00:00";"29";"0";"0.27";"83";"5.92"
"Belfort Park Dr";"Jun 7, 2026, 08:00:00";"27";"0";"0.24";"71.93";"5.19"
"Belfort Park Dr";"Jun 7, 2026, 07:00:00";"25";"0";"0.23";"68.7";"5.21"
"Belfort Park Dr";"Jun 7, 2026, 06:00:00";"22";"0";"0.2";"66.07";"4.47"
"Belfort Park Dr";"Jun 7, 2026, 05:00:00";"20";"0";"0.21";"64.88";"3.67"
"Belfort Park Dr";"Jun 7, 2026, 04:00:00";"20";"0.02";"0.23";"63.88";"3.52"
"Belfort Park Dr";"Jun 7, 2026, 03:00:00";"20";"0";"0.26";"67.19";"3.43"
"Belfort Park Dr";"Jun 7, 2026, 02:00:00";"21";"0";"0.26";"64.37";"3.34"
"Belfort Park Dr";"Jun 7, 2026, 01:00:00";"23";"0";"0.3";"61.55";"3.51"
"Belfort Park Dr";"Jun 7, 2026, 00:00:00";"27";"0";"0.33";"61.57";"4.17"
"Belfort Park Dr";"Jun 6, 2026, 23:00:00";"30";"0";"0.37";"61.98";"5.52"
"Belfort Park Dr";"Jun 6, 2026, 22:00:00";"30";"0";"0.35";"60.94";"5.57"
"Belfort Park Dr";"Jun 6, 2026, 21:00:00";"30";"0";"0.33";"65.52";"5.38"
"Belfort Park Dr";"Jun 6, 2026, 20:00:00";"30";"0";"0.29";"65.1";"4.04"
"Belfort Park Dr";"Jun 6, 2026, 19:00:00";"37";"0";"0.3";"70.72";"5.93"
"Belfort Park Dr";"Jun 6, 2026, 18:00:00";"38";"0";"0.31";"75.96";"7.22"
"Belfort Park Dr";"Jun 6, 2026, 17:00:00";"38";"0";"0.3";"76.08";"6.41"
"Belfort Park Dr";"Jun 6, 2026, 16:00:00";"38";"0";"0.29";"74.27";"6.72"
"Belfort Park Dr";"Jun 6, 2026, 15:00:00";"38";"0";"0.29";"72.46";"6.42"
"Belfort Park Dr";"Jun 6, 2026, 14:00:00";"39";"0";"0.28";"70.87";"7.1"
"Belfort Park Dr";"Jun 6, 2026, 13:00:00";"39";"3.96";"0.28";"72.84";"7.46"
"Belfort Park Dr";"Jun 6, 2026, 12:00:00";"38";"0.33";"0.26";"69.13";"6.85"
"Belfort Park Dr";"Jun 6, 2026, 11:00:00";"38";"0";"0.26";"64.49";"7.09"
"Belfort Park Dr";"Jun 6, 2026, 10:00:00";"37";"0";"0.27";"68.11";"7.02"
"Belfort Park Dr";"Jun 6, 2026, 09:00:00";"37";"5.06";"0.36";"71.22";"6.5"
"Belfort Park Dr";"Jun 6, 2026, 08:00:00";"37";"7.12";"0.35";"69.33";"6.41"
"Belfort Park Dr";"Jun 6, 2026, 07:00:00";"37";"11.07";"0.38";"65.03";"7.07"
"Belfort Park Dr";"Jun 6, 2026, 06:00:00";"37";"3.75";"0.33";"66.13";"6.82"
"Belfort Park Dr";"Jun 6, 2026, 05:00:00";"35";"2.35";"0.31";"60.84";"6.21"
"Belfort Park Dr";"Jun 6, 2026, 04:00:00";"37";"2.56";"0.33";"58.3";"6.58"
"Belfort Park Dr";"Jun 6, 2026, 03:00:00";"36";"1.57";"0.32";"55.82";"6.54"
"Belfort Park Dr";"Jun 6, 2026, 02:00:00";"35";"3.75";"0.35";"54.17";"6.97"
"Belfort Park Dr";"Jun 6, 2026, 01:00:00";"33";"0.4";"0.34";"52.62";"6.57"
"Belfort Park Dr";"Jun 6, 2026, 00:00:00";"32";"6.19";"0.36";"53.78";"6.34"
"Belfort Park Dr";"Jun 5, 2026, 23:00:00";"29";"0";"0.32";"53.83";"5.85"
"Belfort Park Dr";"Jun 5, 2026, 22:00:00";"27";"0";"0.34";"56.99";"5.25"
"Belfort Park Dr";"Jun 5, 2026, 21:00:00";"27";"0";"0.34";"57.21";"5.2"
"Belfort Park Dr";"Jun 5, 2026, 20:00:00";"27";"0";"0.3";"58.94";"4.86"
"Belfort Park Dr";"Jun 5, 2026, 19:00:00";"26";"3.33";"0.32";"61.79";"5"
"Belfort Park Dr";"Jun 5, 2026, 18:00:00";"25";"0";"0.3";"71.02";"4.66"
"Belfort Park Dr";"Jun 5, 2026, 17:00:00";"25";"0";"0.31";"78.78";"4.36"
"Belfort Park Dr";"Jun 5, 2026, 16:00:00";"26";"1.55";"0.33";"80.45";"4.48"
"Belfort Park Dr";"Jun 5, 2026, 15:00:00";"26";"0.2";"0.31";"75.79";"4.41"
"Belfort Park Dr";"Jun 5, 2026, 14:00:00";"27";"0";"0.28";"77.96";"4.85"
"Belfort Park Dr";"Jun 5, 2026, 13:00:00";"27";"0";"0.33";"88.72";"4.46"
"Belfort Park Dr";"Jun 5, 2026, 12:00:00";"27";"0";"0.27";"83.83";"4.62"
"Belfort Park Dr";"Jun 5, 2026, 11:00:00";"27";"0";"0.26";"76.5";"4.28"
"Belfort Park Dr";"Jun 5, 2026, 10:00:00";"29";"0";"0.28";"67.18";"5.24"
"Belfort Park Dr";"Jun 5, 2026, 09:00:00";"29";"3.58";"0.33";"57.76";"5.21"
"Belfort Park Dr";"Jun 5, 2026, 08:00:00";"28";"12.2";"0.54";"67.43";"4.79"
"Belfort Park Dr";"Jun 5, 2026, 07:00:00";"29";"12.57";"0.57";"60.8";"5.45"
"Belfort Park Dr";"Jun 5, 2026, 06:00:00";"28";"6.21";"0.3";"54.09";"5.09"
"Belfort Park Dr";"Jun 5, 2026, 05:00:00";"28";"6.06";"0.32";"56.94";"4.65"
"Belfort Park Dr";"Jun 5, 2026, 04:00:00";"29";"4.23";"0.28";"52.91";"4.75"
"Belfort Park Dr";"Jun 5, 2026, 03:00:00";"32";"11.38";"0.37";"59.35";"5.3"
"Belfort Park Dr";"Jun 5, 2026, 02:00:00";"33";"17.5";"0.44";"63.24";"5.8"
"Belfort Park Dr";"Jun 5, 2026, 01:00:00";"34";"32.19";"0.52";"57.15";"6.93"
"Belfort Park Dr";"Jun 5, 2026, 00:00:00";"30";"31.48";"0.5";"48.42";"6.15"
"Belfort Park Dr";"Jun 4, 2026, 23:00:00";"25";"14.8";"0.4";"43.9";"5.29"
"Belfort Park Dr";"Jun 4, 2026, 22:00:00";"22";"0.09";"0.3";"38.91";"4.19"
"Belfort Park Dr";"Jun 4, 2026, 21:00:00";"22";"0";"0.27";"39.8";"4.01"
"Belfort Park Dr";"Jun 4, 2026, 20:00:00";"21";"0";"0.27";"41.13";"3.93"
"Belfort Park Dr";"Jun 4, 2026, 19:00:00";"20";"0";"0.27";"43.29";"3.74"
"Belfort Park Dr";"Jun 4, 2026, 18:00:00";"20";"0";"0.28";"51.25";"3.83"
"Belfort Park Dr";"Jun 4, 2026, 17:00:00";"19";"0";"0.3";"60.61";"3.63"
"Belfort Park Dr";"Jun 4, 2026, 16:00:00";"19";"0";"0.3";"63.67";"3.39"
"Belfort Park Dr";"Jun 4, 2026, 15:00:00";"19";"0";"0.28";"68.06";"3.46"
"Belfort Park Dr";"Jun 4, 2026, 14:00:00";"19";"0";"0.26";"70.77";"3.09"
"Belfort Park Dr";"Jun 4, 2026, 13:00:00";"20";"0";"0.24";"70.92";"3.11"
"Belfort Park Dr";"Jun 4, 2026, 12:00:00";"22";"0";"0.26";"68.96";"3.25"
"Belfort Park Dr";"Jun 4, 2026, 11:00:00";"24";"0";"0.28";"67";"3.66"
"Belfort Park Dr";"Jun 4, 2026, 10:00:00";"27";"0.21";"0.41";"55.97";"4.94"
"Belfort Park Dr";"Jun 4, 2026, 09:00:00";"25";"9.51";"0.34";"47.27";"4.88"
"Belfort Park Dr";"Jun 4, 2026, 08:00:00";"24";"16.42";"0.41";"48.47";"4.56"
"Belfort Park Dr";"Jun 4, 2026, 07:00:00";"23";"12.01";"0.39";"48.75";"4.57"
"Belfort Park Dr";"Jun 4, 2026, 06:00:00";"22";"6.9";"0.28";"45.23";"3.71"
"Belfort Park Dr";"Jun 4, 2026, 05:00:00";"22";"4.5";"0.23";"42.9";"3.82"
"Belfort Park Dr";"Jun 4, 2026, 04:00:00";"23";"5.89";"0.23";"40.31";"3.74"
"Belfort Park Dr";"Jun 4, 2026, 03:00:00";"25";"10.29";"0.24";"38.93";"4.54"
"Belfort Park Dr";"Jun 4, 2026, 02:00:00";"24";"1.27";"0.23";"36.94";"4.64"
"Belfort Park Dr";"Jun 4, 2026, 01:00:00";"22";"0.8";"0.24";"35.62";"3.56"
"Belfort Park Dr";"Jun 4, 2026, 00:00:00";"24";"0.13";"0.26";"35.97";"3.46"
"Belfort Park Dr";"Jun 3, 2026, 23:00:00";"28";"1.86";"0.35";"49.2";"5.81"
"Belfort Park Dr";"Jun 3, 2026, 22:00:00";"23";"1.66";"0.36";"44.32";"5.47"
"Belfort Park Dr";"Jun 3, 2026, 21:00:00";"15";"0.76";"0.27";"34.94";"3.22"
"Belfort Park Dr";"Jun 3, 2026, 20:00:00";"14";"0.05";"0.24";"34.45";"2.59"
"Belfort Park Dr";"Jun 3, 2026, 19:00:00";"14";"0";"0.25";"36.07";"2.64"
"Belfort Park Dr";"Jun 3, 2026, 18:00:00";"14";"0";"0.25";"43.85";"2.46"
"Belfort Park Dr";"Jun 3, 2026, 17:00:00";"13";"0";"0.25";"49.07";"2.47"
"Belfort Park Dr";"Jun 3, 2026, 16:00:00";"13";"0";"0.24";"51.81";"2.28"
"Belfort Park Dr";"Jun 3, 2026, 15:00:00";"13";"0";"0.22";"51.94";"2.15"
"Belfort Park Dr";"Jun 3, 2026, 14:00:00";"15";"0";"0.21";"52.65";"2.3"
"Belfort Park Dr";"Jun 3, 2026, 13:00:00";"17";"0";"0.22";"53.43";"2.66"
"Belfort Park Dr";"Jun 3, 2026, 12:00:00";"17";"0.21";"0.22";"49.16";"2.69"
"Belfort Park Dr";"Jun 3, 2026, 11:00:00";"18";"0";"0.21";"45.18";"2.98"
"Belfort Park Dr";"Jun 3, 2026, 10:00:00";"19";"0.39";"0.23";"43.06";"3.26"
"Belfort Park Dr";"Jun 3, 2026, 09:00:00";"19";"4.96";"0.26";"46.05";"3.38"
"Belfort Park Dr";"Jun 3, 2026, 08:00:00";"19";"9.01";"0.35";"41.9";"2.93"
"Belfort Park Dr";"Jun 3, 2026, 07:00:00";"21";"4.33";"0.35";"39.57";"3.87"
"Belfort Park Dr";"Jun 3, 2026, 06:00:00";"21";"2.52";"0.21";"37.01";"3.67"
"Belfort Park Dr";"Jun 3, 2026, 05:00:00";"21";"0.42";"0.18";"35.94";"3.91"
"Belfort Park Dr";"Jun 3, 2026, 04:00:00";"20";"0.19";"0.17";"34.69";"3.55"
"Belfort Park Dr";"Jun 3, 2026, 03:00:00";"20";"0.42";"0.2";"35.47";"3.39"
"Belfort Park Dr";"Jun 3, 2026, 02:00:00";"21";"1.93";"0.26";"38.8";"3.54"
"Belfort Park Dr";"Jun 3, 2026, 01:00:00";"22";"3.33";"0.3";"39.99";"3.82"
"Belfort Park Dr";"Jun 3, 2026, 00:00:00";"23";"4.87";"0.37";"43";"4.37"
"Belfort Park Dr";"Jun 2, 2026, 23:00:00";"20";"3.36";"0.33";"59.93";"4.72"
"Belfort Park Dr";"Jun 2, 2026, 22:00:00";"15";"3.87";"0.3";"36.33";"3.03"
"Belfort Park Dr";"Jun 2, 2026, 21:00:00";"13";"1.46";"0.28";"36.8";"2.38"
"Belfort Park Dr";"Jun 2, 2026, 20:00:00";"12";"0";"0.22";"30.57";"1.99"
"Belfort Park Dr";"Jun 2, 2026, 19:00:00";"13";"0";"0.21";"28.25";"2.37"
"Belfort Park Dr";"Jun 2, 2026, 18:00:00";"13";"0";"0.22";"29.68";"2.13"
"Belfort Park Dr";"Jun 2, 2026, 17:00:00";"13";"0";"0.23";"34.92";"2.21"
"Belfort Park Dr";"Jun 2, 2026, 16:00:00";"13";"0";"0.24";"38.75";"2.29"
"Belfort Park Dr";"Jun 2, 2026, 15:00:00";"14";"0";"0.21";"37.81";"2.35"
"Belfort Park Dr";"Jun 2, 2026, 14:00:00";"15";"0";"0.19";"37.99";"2.15"
"Belfort Park Dr";"Jun 2, 2026, 13:00:00";"18";"0";"0.18";"36.35";"2.54"
"Belfort Park Dr";"Jun 2, 2026, 12:00:00";"22";"0";"0.18";"36.22";"3.11"
"Belfort Park Dr";"Jun 2, 2026, 11:00:00";"26";"0";"0.18";"36.36";"4.18"
"Belfort Park Dr";"Jun 2, 2026, 10:00:00";"28";"0.12";"0.18";"40.67";"5.11"
"Belfort Park Dr";"Jun 2, 2026, 09:00:00";"28";"0.66";"0.18";"41.15";"5.18"
"Belfort Park Dr";"Jun 2, 2026, 08:00:00";"28";"1.54";"0.17";"35.43";"4.58"
"Belfort Park Dr";"Jun 2, 2026, 07:00:00";"30";"1.92";"0.14";"32.46";"5.71"
"Belfort Park Dr";"Jun 2, 2026, 06:00:00";"27";"0.45";"0.12";"30.53";"5.44"
"Belfort Park Dr";"Jun 2, 2026, 05:00:00";"24";"0";"0.11";"29.05";"4.67"
"Belfort Park Dr";"Jun 2, 2026, 04:00:00";"23";"0";"0.11";"28.21";"4.47"
"Belfort Park Dr";"Jun 2, 2026, 03:00:00";"20";"0";"0.13";"28.58";"3.93"
"Belfort Park Dr";"Jun 2, 2026, 02:00:00";"18";"0";"0.13";"27.95";"3.61"
"Belfort Park Dr";"Jun 2, 2026, 01:00:00";"17";"0";"0.15";"28.66";"2.89"
"Belfort Park Dr";"Jun 2, 2026, 00:00:00";"17";"0";"0.18";"31.26";"2.97"
"Belfort Park Dr";"Jun 1, 2026, 23:00:00";"18";"0";"0.2";"33.83";"3.39"
"Belfort Park Dr";"Jun 1, 2026, 22:00:00";"17";"0";"0.25";"36.94";"3.5"
"Belfort Park Dr";"Jun 1, 2026, 21:00:00";"15";"0.08";"0.26";"37.08";"2.98"
"Belfort Park Dr";"Jun 1, 2026, 20:00:00";"13";"0.62";"0.25";"33.09";"2.34"
"Belfort Park Dr";"Jun 1, 2026, 19:00:00";"14";"0.09";"0.25";"34.66";"2.45"
"Belfort Park Dr";"Jun 1, 2026, 18:00:00";"13";"0.06";"0.24";"36.99";"2.26"
"Belfort Park Dr";"Jun 1, 2026, 17:00:00";"14";"0";"0.23";"42.71";"2.42"
"Belfort Park Dr";"Jun 1, 2026, 16:00:00";"14";"0";"0.23";"44.9";"2.59"
"Belfort Park Dr";"Jun 1, 2026, 15:00:00";"13";"0";"0.22";"46.98";"2.56"
"Belfort Park Dr";"Jun 1, 2026, 14:00:00";"12";"0";"0.23";"47.27";"2.1"
"Belfort Park Dr";"Jun 1, 2026, 13:00:00";"13";"0";"0.23";"47.23";"2.04"
"Belfort Park Dr";"Jun 1, 2026, 12:00:00";"14";"0";"0.24";"47.41";"2.09"
"Belfort Park Dr";"Jun 1, 2026, 11:00:00";"17";"0";"0.36";"47.17";"2.41"
"Belfort Park Dr";"Jun 1, 2026, 10:00:00";"20";"0.08";"0.38";"46.57";"3.7"
"Belfort Park Dr";"Jun 1, 2026, 09:00:00";"19";"0.66";"0.29";"45";"3.46"
"Belfort Park Dr";"Jun 1, 2026, 08:00:00";"19";"4.88";"0.27";"43.23";"3.03"
"Belfort Park Dr";"Jun 1, 2026, 07:00:00";"22";"5.54";"0.25";"39.8";"4.02"
"Belfort Park Dr";"Jun 1, 2026, 06:00:00";"22";"2.59";"0.23";"56.38";"4.5"
"Belfort Park Dr";"Jun 1, 2026, 05:00:00";"18";"1.88";"0.28";"42.58";"3.65"
"Belfort Park Dr";"Jun 1, 2026, 04:00:00";"15";"0.07";"0.23";"42.46";"2.85"
"Belfort Park Dr";"Jun 1, 2026, 03:00:00";"14";"0";"0.24";"41.48";"2.43"
"Belfort Park Dr";"Jun 1, 2026, 02:00:00";"15";"0";"0.24";"40.28";"2.55"
"Belfort Park Dr";"Jun 1, 2026, 01:00:00";"15";"0";"0.24";"37.39";"2.64"
"Belfort Park Dr";"Jun 1, 2026, 00:00:00";"15";"0";"0.24";"37.26";"3.1"
"Belfort Park Dr";"May 31, 2026, 23:00:00";"13";"0.07";"0.24";"35.03";"2.36"
"Belfort Park Dr";"May 31, 2026, 22:00:00";"13";"0.07";"0.25";"34.29";"2.71"
"Belfort Park Dr";"May 31, 2026, 21:00:00";"11";"0.19";"0.24";"31.38";"2.33"
"Belfort Park Dr";"May 31, 2026, 20:00:00";"10";"0";"0.21";"30.24";"1.76"
"Belfort Park Dr";"May 31, 2026, 19:00:00";"10";"0.04";"0.2";"29.22";"1.75"
"Belfort Park Dr";"May 31, 2026, 18:00:00";"9";"0";"0.2";"29.05";"1.72"
"Belfort Park Dr";"May 31, 2026, 17:00:00";"9";"0";"0.2";"32.12";"1.57"
"Belfort Park Dr";"May 31, 2026, 16:00:00";"10";"0";"0.2";"33.77";"1.61"
"Belfort Park Dr";"May 31, 2026, 15:00:00";"10";"0";"0.2";"34.03";"1.89"
"Belfort Park Dr";"May 31, 2026, 14:00:00";"11";"0";"0.19";"36.11";"1.8"
"Belfort Park Dr";"May 31, 2026, 13:00:00";"11";"0";"0.19";"38.99";"1.78"
"Belfort Park Dr";"May 31, 2026, 12:00:00";"12";"0";"0.19";"36.45";"2.09"
"Belfort Park Dr";"May 31, 2026, 11:00:00";"13";"0";"0.19";"37.33";"2.15"
"Belfort Park Dr";"May 31, 2026, 10:00:00";"14";"0";"0.19";"40.94";"2.38"
"Belfort Park Dr";"May 31, 2026, 09:00:00";"14";"0";"0.18";"37.83";"2.42"
"Belfort Park Dr";"May 31, 2026, 08:00:00";"15";"0";"0.13";"34.11";"2.16"
"Belfort Park Dr";"May 31, 2026, 07:00:00";"18";"0.27";"0.13";"33";"3.2"
"Belfort Park Dr";"May 31, 2026, 06:00:00";"18";"0.08";"0.13";"32.36";"3.4"
"Belfort Park Dr";"May 31, 2026, 05:00:00";"15";"0.34";"0.16";"31.61";"3.31"
"Belfort Park Dr";"May 31, 2026, 04:00:00";"13";"0";"0.14";"29.31";"2.58"
"Belfort Park Dr";"May 31, 2026, 03:00:00";"11";"0";"0.17";"28.44";"2.17"
"Belfort Park Dr";"May 31, 2026, 02:00:00";"10";"0";"0.15";"27.41";"1.56"
"Belfort Park Dr";"May 31, 2026, 01:00:00";"12";"1.01";"0.22";"29.39";"2.01"
"Belfort Park Dr";"May 31, 2026, 00:00:00";"12";"0.33";"0.27";"30.33";"2.22"
"Belfort Park Dr";"May 30, 2026, 23:00:00";"11";"0.43";"0.25";"31.18";"2.38"
"Belfort Park Dr";"May 30, 2026, 22:00:00";"9";"0.35";"0.23";"31.5";"1.8"
"Belfort Park Dr";"May 30, 2026, 21:00:00";"7";"0";"0.22";"33.04";"1.5"
"Belfort Park Dr";"May 30, 2026, 20:00:00";"8";"0";"0.2";"33.12";"1.09"
"Belfort Park Dr";"May 30, 2026, 19:00:00";"14";"0";"0.21";"31.83";"1.18"
"Belfort Park Dr";"May 30, 2026, 18:00:00";"14";"0";"0.22";"30.7";"1.03"
"Belfort Park Dr";"May 30, 2026, 17:00:00";"14";"0";"0.25";"33.78";"0.88"
"Belfort Park Dr";"May 30, 2026, 16:00:00";"14";"0";"0.24";"35.16";"1.05"
"Belfort Park Dr";"May 30, 2026, 15:00:00";"14";"0";"0.24";"36.82";"1.17"
"Belfort Park Dr";"May 30, 2026, 14:00:00";"14";"0";"0.23";"35.14";"1.2"
"Belfort Park Dr";"May 30, 2026, 13:00:00";"14";"0";"0.23";"35.31";"1.4"
"Belfort Park Dr";"May 30, 2026, 12:00:00";"14";"0";"0.22";"33.92";"1.69"
"Belfort Park Dr";"May 30, 2026, 11:00:00";"14";"0";"0.21";"33.03";"2.52"
"Belfort Park Dr";"May 30, 2026, 10:00:00";"14";"0";"0.21";"37.01";"3.71"
"Belfort Park Dr";"May 30, 2026, 09:00:00";"13";"0";"0.2";"38";"4.84"
"Belfort Park Dr";"May 30, 2026, 08:00:00";"12";"0";"0.24";"42.53";"6.03"
"Belfort Park Dr";"May 30, 2026, 07:00:00";"12";"0";"0.21";"41.65";"6.78"
"Belfort Park Dr";"May 30, 2026, 06:00:00";"11";"0";"0.2";"40.16";"6.09"
"Belfort Park Dr";"May 30, 2026, 05:00:00";"10";"0.03";"0.2";"41.75";"6.03"
"Belfort Park Dr";"May 30, 2026, 04:00:00";"9";"0";"0.19";"42.44";"5.82"
"Belfort Park Dr";"May 30, 2026, 03:00:00";"8";"0";"0.19";"42.45";"5.42"
"Belfort Park Dr";"May 30, 2026, 02:00:00";"7";"0.23";"0.2";"43.64";"5.38"
"Belfort Park Dr";"May 30, 2026, 01:00:00";"7";"0.12";"0.22";"45.27";"4.4"
"Belfort Park Dr";"May 30, 2026, 00:00:00";"6";"0.28";"0.25";"47.98";"2.55"
"Belfort Park Dr";"May 29, 2026, 23:00:00";"6";"0";"0.27";"48.41";"2.11"
"Belfort Park Dr";"May 29, 2026, 22:00:00";"6";"0";"0.27";"44.71";"2.3"
"Belfort Park Dr";"May 29, 2026, 21:00:00";"6";"0";"0.27";"42.51";"1.81"
"Belfort Park Dr";"May 29, 2026, 20:00:00";"6";"0";"0.26";"41.41";"1.58"
"Belfort Park Dr";"May 29, 2026, 19:00:00";"5";"0";"0.25";"42.46";"1.35"
"Belfort Park Dr";"May 29, 2026, 18:00:00";"5";"0";"0.25";"42.89";"1.28"
"Belfort Park Dr";"May 29, 2026, 17:00:00";"5";"0";"0.26";"46.75";"1.44"
"Belfort Park Dr";"May 29, 2026, 16:00:00";"5";"0";"0.24";"48.58";"1.16"
"Belfort Park Dr";"May 29, 2026, 15:00:00";"5";"0";"0.24";"49.69";"0.85"
"Belfort Park Dr";"May 29, 2026, 14:00:00";"6";"0";"0.24";"53.19";"0.84"
"Belfort Park Dr";"May 29, 2026, 13:00:00";"6";"0";"0.23";"52.87";"0.96"
"Belfort Park Dr";"May 29, 2026, 12:00:00";"6";"0";"0.22";"50.82";"1.1"
"Belfort Park Dr";"May 29, 2026, 11:00:00";"6";"0";"0.21";"48.75";"1.3"
"Belfort Park Dr";"May 29, 2026, 10:00:00";"6";"0";"0.22";"48.72";"1.27"
"Belfort Park Dr";"May 29, 2026, 09:00:00";"6";"0.51";"0.24";"51.83";"1.12"
"Belfort Park Dr";"May 29, 2026, 08:00:00";"7";"6.65";"0.31";"47.87";"1.42"
"Belfort Park Dr";"May 29, 2026, 07:00:00";"7";"6.83";"0.34";"45.31";"1.45"
"Belfort Park Dr";"May 29, 2026, 06:00:00";"8";"2.58";"0.2";"40.39";"1.19"
"Belfort Park Dr";"May 29, 2026, 05:00:00";"8";"0";"0.14";"38.47";"1.39"
"Belfort Park Dr";"May 29, 2026, 04:00:00";"9";"0";"0.14";"39.1";"0.91"
"Belfort Park Dr";"May 29, 2026, 03:00:00";"10";"0";"0.15";"39.97";"0.8"
"Belfort Park Dr";"May 29, 2026, 02:00:00";"10";"0";"0.16";"41.7";"0.99"
"Belfort Park Dr";"May 29, 2026, 01:00:00";"11";"0.01";"0.19";"44.19";"1.26"
"Belfort Park Dr";"May 29, 2026, 00:00:00";"11";"0.19";"0.21";"45.01";"1.24"
"Belfort Park Dr";"May 28, 2026, 23:00:00";"11";"0";"0.22";"46.89";"1.46"
"Belfort Park Dr";"May 28, 2026, 22:00:00";"11";"0.39";"0.26";"47.04";"1.41"
"Belfort Park Dr";"May 28, 2026, 21:00:00";"12";"0";"0.26";"44.32";"1.15"
"Belfort Park Dr";"May 28, 2026, 20:00:00";"12";"0";"0.27";"43.35";"1.23"
"Belfort Park Dr";"May 28, 2026, 19:00:00";"12";"0";"0.26";"46.42";"1.33"
"Belfort Park Dr";"May 28, 2026, 18:00:00";"12";"0";"0.27";"52.12";"1.38"
"Belfort Park Dr";"May 28, 2026, 17:00:00";"12";"0";"0.27";"56.93";"1.35"
"Belfort Park Dr";"May 28, 2026, 16:00:00";"12";"0";"0.27";"63.75";"1.29"
"Belfort Park Dr";"May 28, 2026, 15:00:00";"12";"0";"0.26";"67.02";"1.27"
"Belfort Park Dr";"May 28, 2026, 14:00:00";"12";"0";"0.25";"67.37";"1.31"
"Belfort Park Dr";"May 28, 2026, 13:00:00";"12";"0";"0.25";"70.93";"1.43"
"Belfort Park Dr";"May 28, 2026, 12:00:00";"12";"0";"0.25";"77.55";"1.71"
"Belfort Park Dr";"May 28, 2026, 11:00:00";"13";"0";"0.23";"74.34";"2.01"
"Belfort Park Dr";"May 28, 2026, 10:00:00";"13";"0";"0.24";"83.28";"3"
"Belfort Park Dr";"May 28, 2026, 09:00:00";"14";"0.22";"0.26";"101.5";"3.31"
"Belfort Park Dr";"May 28, 2026, 08:00:00";"16";"0.42";"0.29";"114.43";"3.63"
"Belfort Park Dr";"May 28, 2026, 07:00:00";"18";"0.01";"0.26";"120.08";"5.09"
"Belfort Park Dr";"May 28, 2026, 06:00:00";"20";"0";"0.24";"125.16";"5.71"
"Belfort Park Dr";"May 28, 2026, 05:00:00";"22";"0";"0.22";"131.01";"5.65"
"Belfort Park Dr";"May 28, 2026, 04:00:00";"23";"0";"0.21";"135.48";"4.86"
"Belfort Park Dr";"May 28, 2026, 03:00:00";"24";"0";"0.2";"136.76";"4.21"
"Belfort Park Dr";"May 28, 2026, 02:00:00";"25";"0";"0.2";"136.77";"3.63"
"Belfort Park Dr";"May 28, 2026, 01:00:00";"27";"0";"0.21";"138.84";"2.6"
"Belfort Park Dr";"May 28, 2026, 00:00:00";"29";"0";"0.22";"146.07";"1.8"
"Belfort Park Dr";"May 27, 2026, 23:00:00";"30";"0";"0.25";"153.38";"2.36"
"Belfort Park Dr";"May 27, 2026, 22:00:00";"31";"0";"0.25";"148.39";"2.22"
"Belfort Park Dr";"May 27, 2026, 21:00:00";"33";"0";"0.24";"144.26";"1.91"
"Belfort Park Dr";"May 27, 2026, 20:00:00";"33";"0";"0.26";"148.65";"1.18"
"Belfort Park Dr";"May 27, 2026, 19:00:00";"34";"0";"0.27";"156.76";"1.83"
"Belfort Park Dr";"May 27, 2026, 18:00:00";"34";"0";"0.29";"169.41";"2.38"
"Belfort Park Dr";"May 27, 2026, 17:00:00";"34";"0";"0.33";"183.34";"1.25"
"Belfort Park Dr";"May 27, 2026, 16:00:00";"35";"0";"0.29";"187.22";"1.72"
"Belfort Park Dr";"May 27, 2026, 15:00:00";"35";"0";"0.26";"173.38";"2"
"Belfort Park Dr";"May 27, 2026, 14:00:00";"36";"0";"0.25";"176.33";"1.67"
"Belfort Park Dr";"May 27, 2026, 13:00:00";"37";"0";"0.26";"178.47";"2.39"
"Belfort Park Dr";"May 27, 2026, 12:00:00";"38";"0";"0.28";"187.37";"2.83"
"Belfort Park Dr";"May 27, 2026, 11:00:00";"39";"0";"0.3";"189.82";"5.41"
"Belfort Park Dr";"May 27, 2026, 10:00:00";"42";"0";"0.3";"183.12";"9.62"
"Belfort Park Dr";"May 27, 2026, 09:00:00";"45";"0";"0.29";"180.05";"12.49"
"Belfort Park Dr";"May 27, 2026, 08:00:00";"47";"0.18";"0.3";"174.27";"15.22"
"Belfort Park Dr";"May 27, 2026, 07:00:00";"49";"0.07";"0.31";"161.93";"17.58"
"Belfort Park Dr";"May 27, 2026, 06:00:00";"48";"0";"0.27";"161.1";"14.72"
"Belfort Park Dr";"May 27, 2026, 05:00:00";"47";"0";"0.27";"155.2";"12.35"
"Belfort Park Dr";"May 27, 2026, 04:00:00";"47";"0";"0.26";"155.41";"11.75"
"Belfort Park Dr";"May 27, 2026, 03:00:00";"47";"0";"0.26";"152.83";"12.1"
"Belfort Park Dr";"May 27, 2026, 02:00:00";"50";"0";"0.26";"155.25";"12.83"
"Belfort Park Dr";"May 27, 2026, 01:00:00";"51";"0";"0.25";"153.78";"12.04"
"Belfort Park Dr";"May 27, 2026, 00:00:00";"52";"0.02";"0.26";"154.8";"10.86"
"Belfort Park Dr";"May 26, 2026, 23:00:00";"52";"1.97";"0.3";"152.81";"9.64"
"Belfort Park Dr";"May 26, 2026, 22:00:00";"52";"2.76";"0.34";"147.3";"8.65"
"Belfort Park Dr";"May 26, 2026, 21:00:00";"52";"0.04";"0.37";"146.12";"5.37"
"Belfort Park Dr";"May 26, 2026, 20:00:00";"52";"0";"0.36";"147.05";"4.49"
"Belfort Park Dr";"May 26, 2026, 19:00:00";"52";"0";"0.34";"145.34";"4.01"
"Belfort Park Dr";"May 26, 2026, 18:00:00";"52";"0";"0.32";"147.49";"3.58"
"Belfort Park Dr";"May 26, 2026, 17:00:00";"52";"0";"0.29";"146.34";"3.33"
"Belfort Park Dr";"May 26, 2026, 16:00:00";"52";"0";"0.3";"152.92";"4.01"
"Belfort Park Dr";"May 26, 2026, 15:00:00";"52";"0";"0.29";"158.02";"4.83"
"Belfort Park Dr";"May 26, 2026, 14:00:00";"52";"0";"0.33";"166.84";"8.73"
"Belfort Park Dr";"May 26, 2026, 13:00:00";"51";"0";"0.34";"167.22";"9.46"
"Belfort Park Dr";"May 26, 2026, 12:00:00";"51";"0";"0.32";"165.19";"10.72"
"Belfort Park Dr";"May 26, 2026, 11:00:00";"51";"0";"0.34";"171.04";"18.82"
"Belfort Park Dr";"May 26, 2026, 10:00:00";"48";"0.14";"0.41";"172.29";"29.33"
"Belfort Park Dr";"May 26, 2026, 09:00:00";"44";"0.28";"0.49";"164.44";"25.81"
"Belfort Park Dr";"May 26, 2026, 08:00:00";"41";"0.42";"0.53";"155.87";"24.98"
"Belfort Park Dr";"May 26, 2026, 07:00:00";"38";"0";"0.38";"141.54";"0"
"Belfort Park Dr";"May 26, 2026, 06:00:00";"38";"0";"0.35";"136.42";"0"
"Belfort Park Dr";"May 26, 2026, 05:00:00";"38";"0";"0.35";"138.32";"0"
"Belfort Park Dr";"May 26, 2026, 04:00:00";"38";"0";"0.37";"145.9";"0"
"Belfort Park Dr";"May 26, 2026, 03:00:00";"38";"0";"0.36";"150.57";"26.53"
"Belfort Park Dr";"May 26, 2026, 02:00:00";"34";"0";"0.34";"152.31";"20.2"
"Belfort Park Dr";"May 26, 2026, 01:00:00";"31";"0";"0.35";"152.44";"17.47"
"Belfort Park Dr";"May 26, 2026, 00:00:00";"29";"0";"0.34";"153.33";"13.31"
"Belfort Park Dr";"May 25, 2026, 23:00:00";"32";"0";"0.33";"149.52";"11.9"
"Belfort Park Dr";"May 25, 2026, 22:00:00";"35";"0.37";"0.36";"152.56";"8.2"
"Belfort Park Dr";"May 25, 2026, 21:00:00";"40";"0";"0.3";"148.97";"5.56"
"Belfort Park Dr";"May 25, 2026, 20:00:00";"47";"0";"0.26";"145.47";"3.77"
"Belfort Park Dr";"May 25, 2026, 19:00:00";"51";"0";"0.25";"146.52";"3.23"
"Belfort Park Dr";"May 25, 2026, 18:00:00";"53";"0";"0.25";"154.38";"2.95"
"Belfort Park Dr";"May 25, 2026, 17:00:00";"54";"0";"0.25";"162.52";"2.86"
"Belfort Park Dr";"May 25, 2026, 16:00:00";"55";"0";"0.27";"168.56";"3.25"
"Belfort Park Dr";"May 25, 2026, 15:00:00";"55";"0";"0.29";"175.24";"4.19"
"Belfort Park Dr";"May 25, 2026, 14:00:00";"55";"0";"0.26";"178.69";"5.5"
"Belfort Park Dr";"May 25, 2026, 13:00:00";"55";"0";"0.28";"178.42";"6.75"
"Belfort Park Dr";"May 25, 2026, 12:00:00";"55";"0";"0.24";"169.99";"5.53"
"Belfort Park Dr";"May 25, 2026, 11:00:00";"55";"0.33";"0.26";"155.72";"7.34"
"Belfort Park Dr";"May 25, 2026, 10:00:00";"54";"0.79";"0.28";"142.1";"10.23"
"Belfort Park Dr";"May 25, 2026, 09:00:00";"53";"0";"0.26";"130.27";"10.41"
"Belfort Park Dr";"May 25, 2026, 08:00:00";"52";"0";"0.26";"123.37";"10.09"
"Belfort Park Dr";"May 25, 2026, 07:00:00";"52";"0";"0.23";"118.19";"7.96"
"Belfort Park Dr";"May 25, 2026, 06:00:00";"51";"0";"0.22";"119.15";"0"
"Belfort Park Dr";"May 25, 2026, 05:00:00";"49";"0";"0.23";"109.56";"0"
"Belfort Park Dr";"May 25, 2026, 04:00:00";"47";"0";"0.24";"108.35";"0"
"Belfort Park Dr";"May 25, 2026, 03:00:00";"45";"0";"0.25";"107.81";"0"
"Belfort Park Dr";"May 25, 2026, 02:00:00";"44";"0";"0.24";"106.48";"0"
"Belfort Park Dr";"May 25, 2026, 01:00:00";"43";"0";"0.24";"103.37";"0"
"Belfort Park Dr";"May 25, 2026, 00:00:00";"43";"0";"0.24";"101.3";"25.35"
"Belfort Park Dr";"May 24, 2026, 23:00:00";"40";"0";"0.24";"99.74";"24.32"
"Belfort Park Dr";"May 24, 2026, 22:00:00";"37";"0.06";"0.26";"101.12";"33.41"
"Belfort Park Dr";"May 24, 2026, 21:00:00";"32";"0.15";"0.26";"101.34";"32.83"
"Belfort Park Dr";"May 24, 2026, 20:00:00";"28";"0.03";"0.25";"99.12";"22.79"
"Belfort Park Dr";"May 24, 2026, 19:00:00";"25";"0";"0.23";"97.42";"18.76"
"Belfort Park Dr";"May 24, 2026, 18:00:00";"22";"0";"0.22";"99.22";"12.79"
"Belfort Park Dr";"May 24, 2026, 17:00:00";"21";"0";"0.21";"99.07";"9.6"
"Belfort Park Dr";"May 24, 2026, 16:00:00";"20";"0";"0.2";"100.52";"7.57"
"Belfort Park Dr";"May 24, 2026, 15:00:00";"19";"0";"0.19";"101.55";"5.02"
"Belfort Park Dr";"May 24, 2026, 14:00:00";"18";"0";"0.19";"92.63";"4.36"
"Belfort Park Dr";"May 24, 2026, 13:00:00";"18";"0";"0.18";"88.48";"3.79"
"Belfort Park Dr";"May 24, 2026, 12:00:00";"17";"0";"0.16";"81.59";"3.45"
"Belfort Park Dr";"May 24, 2026, 11:00:00";"17";"0";"0.14";"74.02";"2.82"
"Belfort Park Dr";"May 24, 2026, 10:00:00";"17";"0.05";"0.13";"66.73";"2.99"
"Belfort Park Dr";"May 24, 2026, 09:00:00";"18";"0";"0.11";"62.01";"3.58"
"Belfort Park Dr";"May 24, 2026, 08:00:00";"18";"0.12";"0.09";"58.02";"3.77"
"Belfort Park Dr";"May 24, 2026, 07:00:00";"19";"0";"0.08";"56.46";"2.76"
"Belfort Park Dr";"May 24, 2026, 06:00:00";"20";"0";"0.07";"56.13";"2.32"
"Belfort Park Dr";"May 24, 2026, 05:00:00";"20";"0";"0.07";"57.29";"2.33"
"Belfort Park Dr";"May 24, 2026, 04:00:00";"21";"0.19";"0.08";"58.24";"1.87"
"Belfort Park Dr";"May 24, 2026, 03:00:00";"22";"0.04";"0.08";"58.71";"3.28"
"Belfort Park Dr";"May 24, 2026, 02:00:00";"23";"0.04";"0.09";"59.2";"4.62"
"Belfort Park Dr";"May 24, 2026, 01:00:00";"23";"0.45";"0.1";"60.1";"9.34"
"Belfort Park Dr";"May 24, 2026, 00:00:00";"23";"1.36";"0.1";"59.31";"9.21"
"Belfort Park Dr";"May 23, 2026, 23:00:00";"22";"0.53";"0.1";"57.97";"6.82"
"Belfort Park Dr";"May 23, 2026, 22:00:00";"22";"0.34";"0.09";"56.84";"5.92"
"Belfort Park Dr";"May 23, 2026, 21:00:00";"21";"0.16";"0.09";"56.5";"5.77"
"Belfort Park Dr";"May 23, 2026, 20:00:00";"21";"0.05";"0.1";"58.62";"5.52"
"Belfort Park Dr";"May 23, 2026, 19:00:00";"20";"1.02";"0.16";"63.38";"5.33"
"Belfort Park Dr";"May 23, 2026, 18:00:00";"19";"0.86";"0.16";"64.21";"4.73"
"Belfort Park Dr";"May 23, 2026, 17:00:00";"19";"0.47";"0.13";"63.36";"3.39"
"Belfort Park Dr";"May 23, 2026, 16:00:00";"19";"0.24";"0.13";"62.29";"2.66"
"Belfort Park Dr";"May 23, 2026, 15:00:00";"19";"0.28";"0.12";"61.41";"1.49"
"Belfort Park Dr";"May 23, 2026, 14:00:00";"19";"0.24";"0.12";"60.09";"1.05"
"Belfort Park Dr";"May 23, 2026, 13:00:00";"20";"0.56";"0.12";"59.45";"1.79"
"Belfort Park Dr";"May 23, 2026, 12:00:00";"20";"0.94";"0.11";"57.55";"2.89"
"Belfort Park Dr";"May 23, 2026, 11:00:00";"20";"0.73";"0.12";"56.06";"3.66"
"Belfort Park Dr";"May 23, 2026, 10:00:00";"21";"0.46";"0.09";"54.99";"5.54"
"Belfort Park Dr";"May 23, 2026, 09:00:00";"24";"0.21";"0.08";"52.83";"5.97"
"Belfort Park Dr";"May 23, 2026, 08:00:00";"28";"0.75";"0.07";"51.58";"6.32"
"Belfort Park Dr";"May 23, 2026, 07:00:00";"32";"0.2";"0.07";"50.78";"8.55"
"Belfort Park Dr";"May 23, 2026, 06:00:00";"37";"0.2";"0.06";"49.33";"6.3"
"Belfort Park Dr";"May 23, 2026, 05:00:00";"39";"0.18";"0.05";"48.92";"7.39"
"Belfort Park Dr";"May 23, 2026, 04:00:00";"41";"0.05";"0.06";"48.99";"7.27"
"Belfort Park Dr";"May 23, 2026, 03:00:00";"45";"0";"0.07";"49.52";"6.49"
"Belfort Park Dr";"May 23, 2026, 02:00:00";"49";"0.57";"0.07";"48.92";"7.71"
"Belfort Park Dr";"May 23, 2026, 01:00:00";"53";"0.12";"0.07";"48.12";"6.16"
"Belfort Park Dr";"May 23, 2026, 00:00:00";"54";"0";"0.07";"48.36";"5.79"
"Belfort Park Dr";"May 22, 2026, 23:00:00";"56";"0.28";"0.09";"49.13";"4.8"
"Belfort Park Dr";"May 22, 2026, 22:00:00";"57";"0.03";"0.08";"48.09";"3.62"
"Belfort Park Dr";"May 22, 2026, 21:00:00";"58";"0";"0.07";"47.71";"1.95"
"Belfort Park Dr";"May 22, 2026, 20:00:00";"58";"0";"0.08";"50.21";"1.76"
"Belfort Park Dr";"May 22, 2026, 19:00:00";"58";"0.05";"0.12";"55.19";"1.71"
"Belfort Park Dr";"May 22, 2026, 18:00:00";"59";"0";"0.14";"57.59";"1.96"
"Belfort Park Dr";"May 22, 2026, 17:00:00";"59";"0.05";"0.16";"62.53";"1.72"
"Belfort Park Dr";"May 22, 2026, 16:00:00";"59";"0";"0.17";"65.09";"2.4"
"Belfort Park Dr";"May 22, 2026, 15:00:00";"59";"0";"0.19";"67.65";"5.9"
"Belfort Park Dr";"May 22, 2026, 14:00:00";"58";"0.04";"0.19";"65.83";"3.56"
"Belfort Park Dr";"May 22, 2026, 13:00:00";"58";"0.07";"0.18";"64.25";"4.02"
"Belfort Park Dr";"May 22, 2026, 12:00:00";"58";"0";"0.15";"61.58";"3.28"
"Belfort Park Dr";"May 22, 2026, 11:00:00";"58";"0";"0.16";"63.94";"7.19"
"Belfort Park Dr";"May 22, 2026, 10:00:00";"58";"0.03";"0.2";"67.57";"21.03"
"Belfort Park Dr";"May 22, 2026, 09:00:00";"56";"0.76";"0.2";"64.44";"28.64"
"Belfort Park Dr";"May 22, 2026, 08:00:00";"54";"1.38";"0.2";"62.49";"31.57"
"Belfort Park Dr";"May 22, 2026, 07:00:00";"52";"0.01";"0.18";"59.08";"37.17"
"Belfort Park Dr";"May 22, 2026, 06:00:00";"48";"0.02";"0.14";"57.83";"20.93"
"Belfort Park Dr";"May 22, 2026, 05:00:00";"46";"0";"0.12";"55.8";"15.08"
"Belfort Park Dr";"May 22, 2026, 04:00:00";"48";"0";"0.11";"54.17";"29.5"
"Belfort Park Dr";"May 22, 2026, 03:00:00";"47";"0";"0.11";"53.59";"34.66"
"Belfort Park Dr";"May 22, 2026, 02:00:00";"45";"0";"0.15";"54.78";"36.43"
"Belfort Park Dr";"May 22, 2026, 01:00:00";"41";"0";"0.11";"53.69";"25.76"
"Belfort Park Dr";"May 22, 2026, 00:00:00";"40";"0";"0.14";"51.73";"20.76"
"Belfort Park Dr";"May 21, 2026, 23:00:00";"40";"0.11";"0.13";"50.91";"16.98"
"Belfort Park Dr";"May 21, 2026, 22:00:00";"39";"0.12";"0.12";"49.59";"12.78"
"Belfort Park Dr";"May 21, 2026, 21:00:00";"39";"0.4";"0.13";"49.25";"8.34"
"Belfort Park Dr";"May 21, 2026, 20:00:00";"40";"0.13";"0.14";"49.18";"6.45"
"Belfort Park Dr";"May 21, 2026, 19:00:00";"40";"0.31";"0.16";"50.5";"5.1"
"Belfort Park Dr";"May 21, 2026, 18:00:00";"41";"0.27";"0.16";"50.65";"2.72"
"Belfort Park Dr";"May 21, 2026, 17:00:00";"42";"0.06";"0.16";"51.87";"1.44"
"Belfort Park Dr";"May 21, 2026, 16:00:00";"43";"0";"0.14";"52.37";"1.33"
"Belfort Park Dr";"May 21, 2026, 15:00:00";"44";"0";"0.17";"57.88";"1.56"
"Belfort Park Dr";"May 21, 2026, 14:00:00";"45";"0";"0.17";"59.8";"1.89"
"Belfort Park Dr";"May 21, 2026, 13:00:00";"46";"0";"0.18";"63.24";"2.27"
"Belfort Park Dr";"May 21, 2026, 12:00:00";"47";"0";"0.18";"64.7";"2.57"
"Belfort Park Dr";"May 21, 2026, 11:00:00";"47";"0";"0.2";"69.94";"3.15"
"Belfort Park Dr";"May 21, 2026, 10:00:00";"48";"0";"0.21";"75.16";"3.86"
"Belfort Park Dr";"May 21, 2026, 09:00:00";"49";"0";"0.24";"79.21";"4.54"
"Belfort Park Dr";"May 21, 2026, 08:00:00";"49";"0.73";"0.23";"81.29";"5.92"
"Belfort Park Dr";"May 21, 2026, 07:00:00";"49";"0.53";"0.2";"81.55";"8.78"
"Belfort Park Dr";"May 21, 2026, 06:00:00";"49";"0";"0.18";"86.47";"10.65"
"Belfort Park Dr";"May 21, 2026, 05:00:00";"48";"0";"0.2";"100.6";"25.07"
"Belfort Park Dr";"May 21, 2026, 04:00:00";"45";"0";"0.22";"105.41";"24.95"
"Belfort Park Dr";"May 21, 2026, 03:00:00";"41";"0";"0.23";"105.15";"24"
"Belfort Park Dr";"May 21, 2026, 02:00:00";"38";"0.64";"0.22";"98.2";"14.5"
"Belfort Park Dr";"May 21, 2026, 01:00:00";"36";"0.02";"0.23";"98.66";"19.22"
"Belfort Park Dr";"May 21, 2026, 00:00:00";"34";"0.48";"0.28";"98.16";"17.37"
"Belfort Park Dr";"May 20, 2026, 23:00:00";"31";"1.55";"0.28";"87.18";"11.1"
"Belfort Park Dr";"May 20, 2026, 22:00:00";"30";"0.25";"0.24";"82.05";"15.24"
"Belfort Park Dr";"May 20, 2026, 21:00:00";"28";"0.21";"0.27";"78.26";"12.41"
"Belfort Park Dr";"May 20, 2026, 20:00:00";"27";"0.08";"0.33";"79.59";"9.48"
"Belfort Park Dr";"May 20, 2026, 19:00:00";"26";"0";"0.34";"74.87";"9.81"
"Belfort Park Dr";"May 20, 2026, 18:00:00";"25";"0.05";"0.37";"71.69";"9.8"
"Belfort Park Dr";"May 20, 2026, 17:00:00";"24";"0.36";"0.35";"74.43";"6.8"
"Belfort Park Dr";"May 20, 2026, 16:00:00";"23";"0";"0.35";"91.66";"7.53"
"Belfort Park Dr";"May 20, 2026, 15:00:00";"23";"0";"0.36";"103.68";"7.24"
"Belfort Park Dr";"May 20, 2026, 14:00:00";"23";"0";"0.34";"103.75";"6.09"
"Belfort Park Dr";"May 20, 2026, 13:00:00";"23";"0";"0.32";"110.71";"5.64"
"Belfort Park Dr";"May 20, 2026, 12:00:00";"23";"0";"0.32";"115.06";"7.09"
"Belfort Park Dr";"May 20, 2026, 11:00:00";"22";"0";"0.31";"108.38";"7.83"
"Belfort Park Dr";"May 20, 2026, 10:00:00";"22";"0.28";"0.32";"97.36";"7.22"
"Belfort Park Dr";"May 20, 2026, 09:00:00";"22";"7.1";"0.44";"92.44";"7.67"
"Belfort Park Dr";"May 20, 2026, 08:00:00";"23";"10.09";"0.52";"86.04";"5.94"
"Belfort Park Dr";"May 20, 2026, 07:00:00";"23";"8.94";"0.45";"72.88";"6.05"
"Belfort Park Dr";"May 20, 2026, 06:00:00";"24";"4.56";"0.29";"67.3";"5.73"
"Belfort Park Dr";"May 20, 2026, 05:00:00";"25";"0.65";"0.26";"68.35";"5.81"
"Belfort Park Dr";"May 20, 2026, 04:00:00";"25";"1.14";"0.3";"65.86";"5.72"
"Belfort Park Dr";"May 20, 2026, 03:00:00";"26";"6.2";"0.3";"59.44";"4.63"
"Belfort Park Dr";"May 20, 2026, 02:00:00";"27";"0.03";"0.28";"62.64";"4.23"
"Belfort Park Dr";"May 20, 2026, 01:00:00";"28";"0.84";"0.3";"61.61";"3.96"
"Belfort Park Dr";"May 20, 2026, 00:00:00";"29";"6.93";"0.36";"67.78";"4.45"
"Belfort Park Dr";"May 19, 2026, 23:00:00";"30";"20.74";"0.42";"68.54";"4.66"
"Belfort Park Dr";"May 19, 2026, 22:00:00";"31";"2.45";"0.39";"62.94";"4.11"
"Belfort Park Dr";"May 19, 2026, 21:00:00";"32";"2.07";"0.36";"68.04";"3.89"
"Belfort Park Dr";"May 19, 2026, 20:00:00";"33";"8.17";"0.35";"66.83";"3.41"
"Belfort Park Dr";"May 19, 2026, 19:00:00";"34";"1.38";"0.34";"60.23";"3.07"
"Belfort Park Dr";"May 19, 2026, 18:00:00";"35";"0";"0.34";"78.39";"4.47"
"Belfort Park Dr";"May 19, 2026, 17:00:00";"36";"0";"0.37";"90.45";"5.46"
"Belfort Park Dr";"May 19, 2026, 16:00:00";"37";"0";"0.39";"103.71";"5.46"
"Belfort Park Dr";"May 19, 2026, 15:00:00";"37";"0";"0.37";"100.47";"5.41"
"Belfort Park Dr";"May 19, 2026, 14:00:00";"38";"0";"0.37";"106.26";"5.45"
"Belfort Park Dr";"May 19, 2026, 13:00:00";"38";"0";"0.36";"111.64";"5.36"
"Belfort Park Dr";"May 19, 2026, 12:00:00";"39";"0";"0.34";"109.37";"5.73"
"Belfort Park Dr";"May 19, 2026, 11:00:00";"40";"0";"0.31";"102.12";"6.28"
"Belfort Park Dr";"May 19, 2026, 10:00:00";"40";"0.13";"0.34";"91.68";"9.14"
"Belfort Park Dr";"May 19, 2026, 09:00:00";"41";"9.1";"0.39";"74.82";"10.07"
"Belfort Park Dr";"May 19, 2026, 08:00:00";"40";"5.46";"0.33";"60.95";"9.34"
"Belfort Park Dr";"May 19, 2026, 07:00:00";"40";"5.8";"0.32";"58.95";"9.81"
"Belfort Park Dr";"May 19, 2026, 06:00:00";"40";"0.71";"0.29";"57.91";"9.55"
"Belfort Park Dr";"May 19, 2026, 05:00:00";"40";"0.04";"0.28";"57.84";"9.83"
"Belfort Park Dr";"May 19, 2026, 04:00:00";"39";"0";"0.29";"59.6";"10.19"
"Belfort Park Dr";"May 19, 2026, 03:00:00";"39";"0";"0.29";"62.29";"10.4"
"Belfort Park Dr";"May 19, 2026, 02:00:00";"38";"0";"0.31";"66.36";"10.31"
"Belfort Park Dr";"May 19, 2026, 01:00:00";"37";"0.24";"0.33";"68.34";"10.13"
"Belfort Park Dr";"May 19, 2026, 00:00:00";"37";"0";"0.35";"71.57";"10.01"
"Belfort Park Dr";"May 18, 2026, 23:00:00";"36";"0";"0.35";"74.94";"9.32"
"Belfort Park Dr";"May 18, 2026, 22:00:00";"35";"0";"0.36";"80.68";"9.52"
"Belfort Park Dr";"May 18, 2026, 21:00:00";"35";"0";"0.38";"87.81";"9.95"
"Belfort Park Dr";"May 18, 2026, 20:00:00";"34";"0";"0.38";"89.06";"9.94"
"Belfort Park Dr";"May 18, 2026, 19:00:00";"33";"0";"0.4";"93.52";"9.88"
"Belfort Park Dr";"May 18, 2026, 18:00:00";"32";"0";"0.4";"99.87";"10"
"Belfort Park Dr";"May 18, 2026, 17:00:00";"31";"0";"0.45";"107.58";"8.75"
"Belfort Park Dr";"May 18, 2026, 16:00:00";"30";"0";"0.41";"115.21";"8.44"
"Belfort Park Dr";"May 18, 2026, 15:00:00";"29";"0";"0.4";"127.34";"7.81"
"Belfort Park Dr";"May 18, 2026, 14:00:00";"28";"0";"0.38";"141.19";"7.69"
"Belfort Park Dr";"May 18, 2026, 13:00:00";"27";"0";"0.37";"132.86";"9.31"
"Belfort Park Dr";"May 18, 2026, 12:00:00";"26";"0";"0.35";"122.4";"9.79"
"Belfort Park Dr";"May 18, 2026, 11:00:00";"26";"4.16";"0.4";"120.03";"10.52"
"Belfort Park Dr";"May 18, 2026, 10:00:00";"25";"7.41";"0.44";"106.09";"9.95"
"Belfort Park Dr";"May 18, 2026, 09:00:00";"24";"13.29";"0.48";"90.59";"9.01"
"Belfort Park Dr";"May 18, 2026, 08:00:00";"23";"14.5";"0.54";"95.04";"7.82"
"Belfort Park Dr";"May 18, 2026, 07:00:00";"23";"14.61";"0.49";"84";"9.4"
"Belfort Park Dr";"May 18, 2026, 06:00:00";"23";"7.87";"0.35";"75.25";"7.8"
"Belfort Park Dr";"May 18, 2026, 05:00:00";"22";"0.1";"0.32";"75.75";"7.94"
"Belfort Park Dr";"May 18, 2026, 04:00:00";"22";"0.39";"0.28";"69.54";"6.76"
"Belfort Park Dr";"May 18, 2026, 03:00:00";"22";"0.39";"0.29";"67.51";"6.47"
"Belfort Park Dr";"May 18, 2026, 02:00:00";"22";"1.25";"0.31";"63.45";"6.48"
"Belfort Park Dr";"May 18, 2026, 01:00:00";"21";"1.22";"0.31";"61.74";"6.04"
"Belfort Park Dr";"May 18, 2026, 00:00:00";"21";"0";"0.31";"61.42";"6.04"
"Belfort Park Dr";"May 17, 2026, 23:00:00";"20";"0";"0.33";"66.34";"5.52"
"Belfort Park Dr";"May 17, 2026, 22:00:00";"20";"0";"0.33";"70.29";"5.21"
"Belfort Park Dr";"May 17, 2026, 21:00:00";"20";"0.45";"0.32";"68.28";"4.84"
"Belfort Park Dr";"May 17, 2026, 20:00:00";"19";"0.01";"0.27";"72.68";"3.84"
"Belfort Park Dr";"May 17, 2026, 19:00:00";"19";"0";"0.27";"78.78";"3.84"
"Belfort Park Dr";"May 17, 2026, 18:00:00";"19";"0";"0.25";"83.9";"3.89"
"Belfort Park Dr";"May 17, 2026, 17:00:00";"19";"0";"0.26";"97.46";"3.44"
"Belfort Park Dr";"May 17, 2026, 16:00:00";"19";"0";"0.24";"98.93";"2.7"
"Belfort Park Dr";"May 17, 2026, 15:00:00";"19";"0";"0.25";"96.34";"2.56"
"Belfort Park Dr";"May 17, 2026, 14:00:00";"19";"0";"0.24";"91.37";"3.6"
"Belfort Park Dr";"May 17, 2026, 13:00:00";"18";"0.07";"0.28";"84.73";"4.74"
"Belfort Park Dr";"May 17, 2026, 12:00:00";"18";"3";"0.33";"84.59";"5.78"
"Belfort Park Dr";"May 17, 2026, 11:00:00";"17";"9.82";"0.36";"78.6";"5.98"
"Belfort Park Dr";"May 17, 2026, 10:00:00";"17";"10.17";"0.36";"80.1";"5.58"
"Belfort Park Dr";"May 17, 2026, 09:00:00";"16";"4.36";"0.3";"74.06";"4.77"
"Belfort Park Dr";"May 17, 2026, 08:00:00";"16";"6.53";"0.42";"71.49";"4.78"
"Belfort Park Dr";"May 17, 2026, 07:00:00";"16";"0.71";"0.25";"61.77";"8.32"
"Belfort Park Dr";"May 17, 2026, 06:00:00";"15";"0.06";"0.23";"59.71";"7.19"
"Belfort Park Dr";"May 17, 2026, 05:00:00";"15";"0.03";"0.21";"58.38";"6.53"
"Belfort Park Dr";"May 17, 2026, 04:00:00";"14";"0.21";"0.22";"59.54";"5.07"
"Belfort Park Dr";"May 17, 2026, 03:00:00";"14";"0.78";"0.22";"58.99";"4.92"
"Belfort Park Dr";"May 17, 2026, 02:00:00";"14";"0.77";"0.22";"58";"4.25"
"Belfort Park Dr";"May 17, 2026, 01:00:00";"13";"2.28";"0.27";"58.77";"3.35"
"Belfort Park Dr";"May 17, 2026, 00:00:00";"13";"3.39";"0.29";"58";"3.16"
"Belfort Park Dr";"May 16, 2026, 23:00:00";"13";"3.7";"0.39";"57.93";"3.42"
"Belfort Park Dr";"May 16, 2026, 22:00:00";"14";"0.68";"0.3";"55.84";"2.96"
"Belfort Park Dr";"May 16, 2026, 21:00:00";"14";"0.19";"0.3";"53.58";"3.42"
"Belfort Park Dr";"May 16, 2026, 20:00:00";"14";"0.11";"0.27";"51.25";"3.63"
"Belfort Park Dr";"May 16, 2026, 19:00:00";"13";"0.12";"0.26";"51.66";"2.32"
"Belfort Park Dr";"May 16, 2026, 18:00:00";"13";"0";"0.26";"53.46";"3.8"
"Belfort Park Dr";"May 16, 2026, 17:00:00";"13";"0.11";"0.25";"56.59";"2.96"
"Belfort Park Dr";"May 16, 2026, 16:00:00";"12";"0";"0.23";"58.8";"2.3"
"Belfort Park Dr";"May 16, 2026, 15:00:00";"12";"0";"0.21";"55.01";"1.55"
"Belfort Park Dr";"May 16, 2026, 14:00:00";"12";"0";"0.2";"51.01";"1.6"
"Belfort Park Dr";"May 16, 2026, 13:00:00";"12";"0.11";"0.23";"51.19";"2.35"
"Belfort Park Dr";"May 16, 2026, 12:00:00";"12";"0.53";"0.24";"47.4";"2.48"
"Belfort Park Dr";"May 16, 2026, 11:00:00";"12";"2.62";"0.25";"46.93";"2.87"
"Belfort Park Dr";"May 16, 2026, 10:00:00";"12";"4.54";"0.26";"48.09";"3.2"
"Belfort Park Dr";"May 16, 2026, 09:00:00";"11";"6.92";"0.26";"43.83";"3.52"
"Belfort Park Dr";"May 16, 2026, 08:00:00";"11";"8.44";"0.22";"36.57";"3.55"
"Belfort Park Dr";"May 16, 2026, 07:00:00";"11";"5.03";"0.23";"39.75";"4.75"
"Belfort Park Dr";"May 16, 2026, 06:00:00";"11";"2.47";"0.18";"37.36";"3.95"
"Belfort Park Dr";"May 16, 2026, 05:00:00";"11";"2.26";"0.17";"33.01";"2.97"
"Belfort Park Dr";"May 16, 2026, 04:00:00";"11";"4.84";"0.24";"40.12";"3.63"
"Belfort Park Dr";"May 16, 2026, 03:00:00";"10";"5.94";"0.24";"36.93";"3.05"
"Belfort Park Dr";"May 16, 2026, 02:00:00";"10";"6.61";"0.27";"35.71";"2.47"
"Belfort Park Dr";"May 16, 2026, 01:00:00";"10";"5.63";"0.26";"33.92";"2.43"
"Belfort Park Dr";"May 16, 2026, 00:00:00";"10";"4.65";"0.28";"35.8";"2.56"
"Belfort Park Dr";"May 15, 2026, 23:00:00";"10";"8.09";"0.47";"48.06";"7.94"
"Belfort Park Dr";"May 15, 2026, 22:00:00";"9";"8.26";"0.42";"43.7";"3.42"
"Belfort Park Dr";"May 15, 2026, 21:00:00";"9";"4.02";"0.32";"40.21";"1.93"
"Belfort Park Dr";"May 15, 2026, 20:00:00";"9";"2.25";"0.25";"38.27";"1.34"
"Belfort Park Dr";"May 15, 2026, 19:00:00";"9";"0.92";"0.23";"36.74";"1.56"
"Belfort Park Dr";"May 15, 2026, 18:00:00";"9";"0.28";"0.22";"36.17";"1.1"
"Belfort Park Dr";"May 15, 2026, 17:00:00";"9";"0.1";"0.22";"40.29";"1.14"
"Belfort Park Dr";"May 15, 2026, 16:00:00";"9";"0";"0.23";"41.5";"1.24"
"Belfort Park Dr";"May 15, 2026, 15:00:00";"9";"0.01";"0.22";"38.12";"1.63"
"Belfort Park Dr";"May 15, 2026, 14:00:00";"9";"0";"0.2";"36.18";"1.65"
"Belfort Park Dr";"May 15, 2026, 13:00:00";"9";"0";"0.19";"36.29";"1.78"
"Belfort Park Dr";"May 15, 2026, 12:00:00";"9";"0.48";"0.18";"37.72";"1.72"
"Belfort Park Dr";"May 15, 2026, 11:00:00";"9";"0.8";"0.18";"37.86";"1.52"
"Belfort Park Dr";"May 15, 2026, 10:00:00";"9";"1.43";"0.16";"32.51";"1.68"
"Belfort Park Dr";"May 15, 2026, 09:00:00";"10";"1.98";"0.15";"30.43";"2.52"
"Belfort Park Dr";"May 15, 2026, 08:00:00";"10";"4.51";"0.15";"29.74";"3.15"
"Belfort Park Dr";"May 15, 2026, 07:00:00";"11";"4.05";"0.12";"27.8";"3.24"
"Belfort Park Dr";"May 15, 2026, 06:00:00";"14";"1.45";"0.1";"27.36";"3.17"
"Belfort Park Dr";"May 15, 2026, 05:00:00";"16";"0.49";"0.08";"26.87";"3.03"
"Belfort Park Dr";"May 15, 2026, 04:00:00";"18";"0.6";"0.08";"27.31";"2.13"
"Belfort Park Dr";"May 15, 2026, 03:00:00";"20";"0.81";"0.08";"27.35";"1.65"
"Belfort Park Dr";"May 15, 2026, 02:00:00";"23";"1.13";"0.08";"26.21";"1.67"
"Belfort Park Dr";"May 15, 2026, 01:00:00";"26";"0.97";"0.08";"25.79";"2.09"
"Belfort Park Dr";"May 15, 2026, 00:00:00";"28";"0.58";"0.08";"25.48";"2.45"
"Belfort Park Dr";"May 14, 2026, 23:00:00";"29";"0.64";"0.1";"25.53";"4.16"
"Belfort Park Dr";"May 14, 2026, 22:00:00";"29";"0.6";"0.1";"25.67";"2.06"
"Belfort Park Dr";"May 14, 2026, 21:00:00";"30";"0.5";"0.11";"26.17";"0.98"
"Belfort Park Dr";"May 14, 2026, 20:00:00";"30";"0.17";"0.12";"27.33";"0.95"
"Belfort Park Dr";"May 14, 2026, 19:00:00";"30";"0.04";"0.13";"29.29";"0.76"
"Belfort Park Dr";"May 14, 2026, 18:00:00";"31";"1.2";"0.16";"32.42";"0.97"
"Belfort Park Dr";"May 14, 2026, 17:00:00";"31";"0.23";"0.15";"35.11";"1.03"
"Belfort Park Dr";"May 14, 2026, 16:00:00";"32";"0.49";"0.16";"37.45";"0.97"
"Belfort Park Dr";"May 14, 2026, 15:00:00";"32";"0.31";"0.16";"37.9";"1.24"
"Belfort Park Dr";"May 14, 2026, 14:00:00";"32";"0.4";"0.15";"36.95";"1.39"
"Belfort Park Dr";"May 14, 2026, 13:00:00";"33";"0.13";"0.16";"40.17";"2.05"
"Belfort Park Dr";"May 14, 2026, 12:00:00";"33";"0.09";"0.2";"46.33";"2.9"
"Belfort Park Dr";"May 14, 2026, 11:00:00";"33";"0.31";"0.42";"48.44";"3.22"