sep=;
"Location";"Date";"NO2 (ppb)";"VOCs (ppb)";"PM2.5 (µg/m³)"
"Dulles Airport";"Aug 10, 2026, 23:00:00";"19.27";"387.35";"7.26"
"Dulles Airport";"Aug 10, 2026, 22:00:00";"18.64";"348.49";"7.95"
"Dulles Airport";"Aug 10, 2026, 21:00:00";"11.73";"323.95";"8.61"
"Dulles Airport";"Aug 10, 2026, 20:00:00";"15.49";"325.56";"6.78"
"Dulles Airport";"Aug 10, 2026, 19:00:00";"14.85";"263.7";"7.43"
"Dulles Airport";"Aug 10, 2026, 18:00:00";"10.48";"185.73";"9.62"
"Dulles Airport";"Aug 10, 2026, 17:00:00";"13.81";"68.67";"7.96"
"Dulles Airport";"Aug 10, 2026, 16:00:00";"0.08";"28.11";"13.65"
"Dulles Airport";"Aug 10, 2026, 15:00:00";"0";"25.07";"13.76"
"Dulles Airport";"Aug 10, 2026, 14:00:00";"0";"27.38";"13.53"
"Dulles Airport";"Aug 10, 2026, 13:00:00";"0";"41.33";"14.78"
"Dulles Airport";"Aug 10, 2026, 12:00:00";"0";"54.51";"16.03"
"Dulles Airport";"Aug 10, 2026, 11:00:00";"0";"104.45";"17.13"
"Dulles Airport";"Aug 10, 2026, 10:00:00";"0.1";"242.58";"11.85"
"Dulles Airport";"Aug 10, 2026, 09:00:00";"5.53";"514.49";"11.37"
"Dulles Airport";"Aug 10, 2026, 08:00:00";"5.67";"513.65";"17.52"
"Dulles Airport";"Aug 10, 2026, 07:00:00";"3.87";"411.6";"0"
"Dulles Airport";"Aug 10, 2026, 06:00:00";"2.76";"362.41";"0"
"Dulles Airport";"Aug 10, 2026, 05:00:00";"3.52";"355.98";"0"
"Dulles Airport";"Aug 10, 2026, 04:00:00";"5.1";"336";"0"
"Dulles Airport";"Aug 10, 2026, 03:00:00";"7.84";"325.98";"0"
"Dulles Airport";"Aug 10, 2026, 02:00:00";"8.13";"291.5";"15.07"
"Dulles Airport";"Aug 10, 2026, 01:00:00";"14.95";"257.57";"15.05"
"Dulles Airport";"Aug 10, 2026, 00:00:00";"10.77";"213.93";"13.85"
"Dulles Airport";"Aug 9, 2026, 23:00:00";"16.2";"155.17";"14.01"
"Dulles Airport";"Aug 9, 2026, 22:00:00";"14.06";"98.53";"11.99"
"Dulles Airport";"Aug 9, 2026, 21:00:00";"6.57";"66.07";"11.2"
"Dulles Airport";"Aug 9, 2026, 20:00:00";"2.67";"49.02";"12.09"
"Dulles Airport";"Aug 9, 2026, 19:00:00";"0";"17.73";"13.25"
"Dulles Airport";"Aug 9, 2026, 18:00:00";"0";"11.32";"14.14"
"Dulles Airport";"Aug 9, 2026, 17:00:00";"0";"4.85";"13.14"
"Dulles Airport";"Aug 9, 2026, 16:00:00";"0";"2.78";"11.66"
"Dulles Airport";"Aug 9, 2026, 15:00:00";"0";"7.14";"12.59"
"Dulles Airport";"Aug 9, 2026, 14:00:00";"0";"28.69";"12.18"
"Dulles Airport";"Aug 9, 2026, 13:00:00";"0";"57.71";"11.95"
"Dulles Airport";"Aug 9, 2026, 12:00:00";"0";"101.73";"9.37"
"Dulles Airport";"Aug 9, 2026, 11:00:00";"0";"158.67";"7.56"
"Dulles Airport";"Aug 9, 2026, 10:00:00";"0";"257.62";"6.87"
"Dulles Airport";"Aug 9, 2026, 09:00:00";"0.4";"492.01";"5.77"
"Dulles Airport";"Aug 9, 2026, 08:00:00";"7.37";"620.41";"6.62"
"Dulles Airport";"Aug 9, 2026, 07:00:00";"6.31";"537.97";"8.74"
"Dulles Airport";"Aug 9, 2026, 06:00:00";"2.03";"467.88";"8.47"
"Dulles Airport";"Aug 9, 2026, 05:00:00";"6.13";"414.57";"8.31"
"Dulles Airport";"Aug 9, 2026, 04:00:00";"8.21";"334.8";"10.09"
"Dulles Airport";"Aug 9, 2026, 03:00:00";"9.94";"293.53";"8.75"
"Dulles Airport";"Aug 9, 2026, 02:00:00";"10.36";"262.44";"6.59"
"Dulles Airport";"Aug 9, 2026, 01:00:00";"17.48";"211.35";"5.08"
"Dulles Airport";"Aug 9, 2026, 00:00:00";"19.57";"167.93";"4.71"
"Dulles Airport";"Aug 8, 2026, 23:00:00";"12.59";"146.35";"4.81"
"Dulles Airport";"Aug 8, 2026, 22:00:00";"15.21";"112.23";"4.68"
"Dulles Airport";"Aug 8, 2026, 21:00:00";"19.1";"75";"5.05"
"Dulles Airport";"Aug 8, 2026, 20:00:00";"14.48";"44.75";"5.58"
"Dulles Airport";"Aug 8, 2026, 19:00:00";"0.32";"35.19";"6.43"
"Dulles Airport";"Aug 8, 2026, 18:00:00";"0";"36.92";"6.82"
"Dulles Airport";"Aug 8, 2026, 17:00:00";"3.46";"68.25";"6.67"
"Dulles Airport";"Aug 8, 2026, 16:00:00";"0.25";"40.43";"8.47"
"Dulles Airport";"Aug 8, 2026, 15:00:00";"0";"37.08";"8.97"
"Dulles Airport";"Aug 8, 2026, 14:00:00";"0";"57.16";"6.11"
"Dulles Airport";"Aug 8, 2026, 13:00:00";"0";"79.24";"5.71"
"Dulles Airport";"Aug 8, 2026, 12:00:00";"0";"127.76";"3.89"
"Dulles Airport";"Aug 8, 2026, 11:00:00";"0";"221.63";"3.14"
"Dulles Airport";"Aug 8, 2026, 10:00:00";"4.66";"496.13";"2.79"
"Dulles Airport";"Aug 8, 2026, 09:00:00";"6.48";"706.77";"3.65"
"Dulles Airport";"Aug 8, 2026, 08:00:00";"8.66";"659.87";"0"
"Dulles Airport";"Aug 8, 2026, 07:00:00";"5.44";"451.68";"0"
"Dulles Airport";"Aug 8, 2026, 06:00:00";"4.62";"454.11";"0"
"Dulles Airport";"Aug 8, 2026, 05:00:00";"1.73";"434.33";"0"
"Dulles Airport";"Aug 8, 2026, 04:00:00";"5.6";"451.47";"6.43"
"Dulles Airport";"Aug 8, 2026, 03:00:00";"14.21";"425.66";"6.08"
"Dulles Airport";"Aug 8, 2026, 02:00:00";"11.47";"436.25";"4.44"
"Dulles Airport";"Aug 8, 2026, 01:00:00";"15.8";"414.85";"3.53"
"Dulles Airport";"Aug 8, 2026, 00:00:00";"21.98";"404.5";"4.35"
"Dulles Airport";"Aug 7, 2026, 23:00:00";"10.66";"284.19";"3.66"
"Dulles Airport";"Aug 7, 2026, 22:00:00";"15.15";"183.93";"1.85"
"Dulles Airport";"Aug 7, 2026, 21:00:00";"17.68";"143.32";"2.38"
"Dulles Airport";"Aug 7, 2026, 20:00:00";"3.72";"149.06";"2.79"
"Dulles Airport";"Aug 7, 2026, 19:00:00";"4.01";"131.43";"3.44"
"Dulles Airport";"Aug 7, 2026, 18:00:00";"0.22";"96.03";"3.92"
"Dulles Airport";"Aug 7, 2026, 17:00:00";"0.04";"78.01";"3.55"
"Dulles Airport";"Aug 7, 2026, 16:00:00";"0.65";"60.33";"3.91"
"Dulles Airport";"Aug 7, 2026, 15:00:00";"0";"70.6";"4.04"
"Dulles Airport";"Aug 7, 2026, 14:00:00";"0";"68.55";"3.3"
"Dulles Airport";"Aug 7, 2026, 13:00:00";"0";"105.39";"3.25"
"Dulles Airport";"Aug 7, 2026, 12:00:00";"0";"170.73";"3.06"
"Dulles Airport";"Aug 7, 2026, 11:00:00";"0";"316.03";"2.94"
"Dulles Airport";"Aug 7, 2026, 10:00:00";"8.26";"572.83";"2.5"
"Dulles Airport";"Aug 7, 2026, 09:00:00";"14.18";"710.27";"3.27"
"Dulles Airport";"Aug 7, 2026, 08:00:00";"8.24";"604.19";"0"
"Dulles Airport";"Aug 7, 2026, 07:00:00";"5.94";"486.21";"0"
"Dulles Airport";"Aug 7, 2026, 06:00:00";"6.6";"475.18";"0"
"Dulles Airport";"Aug 7, 2026, 05:00:00";"7.92";"484.21";"0"
"Dulles Airport";"Aug 7, 2026, 04:00:00";"8.64";"480.13";"0"
"Dulles Airport";"Aug 7, 2026, 03:00:00";"10.27";"491.8";"0"
"Dulles Airport";"Aug 7, 2026, 02:00:00";"10.89";"493.82";"0"
"Dulles Airport";"Aug 7, 2026, 01:00:00";"15.07";"500.2";"6.72"
"Dulles Airport";"Aug 7, 2026, 00:00:00";"13.85";"511.78";"6.24"
"Dulles Airport";"Aug 6, 2026, 23:00:00";"12.05";"493.63";"5.17"
"Dulles Airport";"Aug 6, 2026, 22:00:00";"15.47";"443.84";"3.04"
"Dulles Airport";"Aug 6, 2026, 21:00:00";"14.22";"416.49";"2.7"
"Dulles Airport";"Aug 6, 2026, 20:00:00";"14.24";"415.16";"6.09"
"Dulles Airport";"Aug 6, 2026, 19:00:00";"6.18";"310.7";"4.05"
"Dulles Airport";"Aug 6, 2026, 18:00:00";"0.52";"276.35";"3.17"
"Dulles Airport";"Aug 6, 2026, 17:00:00";"15.33";"218.04";"3.51"
"Dulles Airport";"Aug 6, 2026, 16:00:00";"18.71";"69.28";"3.75"
"Dulles Airport";"Aug 6, 2026, 15:00:00";"0";"61.51";"7.12"
"Dulles Airport";"Aug 6, 2026, 14:00:00";"0";"84.34";"7.21"
"Dulles Airport";"Aug 6, 2026, 13:00:00";"0";"141.4";"8.24"
"Dulles Airport";"Aug 6, 2026, 12:00:00";"0";"189.92";"8.42"
"Dulles Airport";"Aug 6, 2026, 11:00:00";"0";"318.44";"8.46"
"Dulles Airport";"Aug 6, 2026, 10:00:00";"1.03";"582.86";"7.16"
"Dulles Airport";"Aug 6, 2026, 09:00:00";"1.61";"757.89";"7.59"
"Dulles Airport";"Aug 6, 2026, 08:00:00";"5.22";"792.38";"8.22"
"Dulles Airport";"Aug 6, 2026, 07:00:00";"8.07";"722.5";"10.07"
"Dulles Airport";"Aug 6, 2026, 06:00:00";"6.35";"676.34";"10.21"
"Dulles Airport";"Aug 6, 2026, 05:00:00";"3.55";"645.15";"9.76"
"Dulles Airport";"Aug 6, 2026, 04:00:00";"2.89";"616.84";"8.48"
"Dulles Airport";"Aug 6, 2026, 03:00:00";"6.13";"550.97";"8.22"
"Dulles Airport";"Aug 6, 2026, 02:00:00";"5.98";"446.18";"8.83"
"Dulles Airport";"Aug 6, 2026, 01:00:00";"17.53";"372.8";"9.44"
"Dulles Airport";"Aug 6, 2026, 00:00:00";"22.99";"320.96";"8.97"
"Dulles Airport";"Aug 5, 2026, 23:00:00";"13.61";"250.26";"8.35"
"Dulles Airport";"Aug 5, 2026, 22:00:00";"7.81";"204.23";"7.13"
"Dulles Airport";"Aug 5, 2026, 21:00:00";"9.68";"195.18";"3.95"
"Dulles Airport";"Aug 5, 2026, 20:00:00";"2.92";"200.23";"3.56"
"Dulles Airport";"Aug 5, 2026, 19:00:00";"0.23";"185.51";"1.13"
"Dulles Airport";"Aug 5, 2026, 18:00:00";"0";"186.1";"0.98"
"Dulles Airport";"Aug 5, 2026, 17:00:00";"0";"231.36";"1.03"
"Dulles Airport";"Aug 5, 2026, 16:00:00";"0.75";"291.28";"1.24"
"Dulles Airport";"Aug 5, 2026, 15:00:00";"1.5";"378.72";"1.55"
"Dulles Airport";"Aug 5, 2026, 14:00:00";"0.69";"343.49";"1.31"
"Dulles Airport";"Aug 5, 2026, 13:00:00";"0.17";"353.48";"1.48"
"Dulles Airport";"Aug 5, 2026, 12:00:00";"0.8";"404.18";"1.33"
"Dulles Airport";"Aug 5, 2026, 11:00:00";"0.23";"512.09";"1.76"
"Dulles Airport";"Aug 5, 2026, 10:00:00";"3.25";"623.89";"1.4"
"Dulles Airport";"Aug 5, 2026, 09:00:00";"4.3";"648.28";"1.71"
"Dulles Airport";"Aug 5, 2026, 08:00:00";"8.62";"642.5";"3.26"
"Dulles Airport";"Aug 5, 2026, 07:00:00";"9.78";"578.32";"4.61"
"Dulles Airport";"Aug 5, 2026, 06:00:00";"11.5";"510.91";"5.68"
"Dulles Airport";"Aug 5, 2026, 05:00:00";"7.38";"426.6";"5.04"
"Dulles Airport";"Aug 5, 2026, 04:00:00";"7.99";"328.9";"4.28"
"Dulles Airport";"Aug 5, 2026, 03:00:00";"10.25";"212.1";"2.94"
"Dulles Airport";"Aug 5, 2026, 02:00:00";"5.32";"152.68";"2.78"
"Dulles Airport";"Aug 5, 2026, 01:00:00";"4.48";"124.7";"2.67"
"Dulles Airport";"Aug 5, 2026, 00:00:00";"5.25";"97.55";"2.56"
"Dulles Airport";"Aug 4, 2026, 23:00:00";"5.49";"81.89";"2.53"
"Dulles Airport";"Aug 4, 2026, 22:00:00";"6";"67.24";"2.65"
"Dulles Airport";"Aug 4, 2026, 21:00:00";"5.14";"50.99";"2.68"
"Dulles Airport";"Aug 4, 2026, 20:00:00";"4.11";"35.67";"3.21"
"Dulles Airport";"Aug 4, 2026, 19:00:00";"3.04";"23.34";"3.48"
"Dulles Airport";"Aug 4, 2026, 18:00:00";"0";"16.26";"3.68"
"Dulles Airport";"Aug 4, 2026, 17:00:00";"0";"14.69";"3.69"
"Dulles Airport";"Aug 4, 2026, 16:00:00";"0.29";"24.09";"3.94"
"Dulles Airport";"Aug 4, 2026, 15:00:00";"0";"21.62";"4.59"
"Dulles Airport";"Aug 4, 2026, 14:00:00";"0";"21.96";"3.68"
"Dulles Airport";"Aug 4, 2026, 13:00:00";"0";"22.61";"3.21"
"Dulles Airport";"Aug 4, 2026, 12:00:00";"0.28";"33.52";"2.96"
"Dulles Airport";"Aug 4, 2026, 11:00:00";"1.19";"50.87";"2.95"
"Dulles Airport";"Aug 4, 2026, 10:00:00";"6.03";"79.58";"2.64"
"Dulles Airport";"Aug 4, 2026, 09:00:00";"15.81";"111.29";"2.76"
"Dulles Airport";"Aug 4, 2026, 08:00:00";"14.71";"154.71";"3.03"
"Dulles Airport";"Aug 4, 2026, 07:00:00";"18.02";"124.72";"3.07"
"Dulles Airport";"Aug 4, 2026, 06:00:00";"19.13";"107.89";"2.9"
"Dulles Airport";"Aug 4, 2026, 05:00:00";"17.28";"95.34";"3.1"
"Dulles Airport";"Aug 4, 2026, 04:00:00";"17.76";"78.69";"3.37"
"Dulles Airport";"Aug 4, 2026, 03:00:00";"15.13";"71.94";"3.5"
"Dulles Airport";"Aug 4, 2026, 02:00:00";"13.46";"62.99";"4.05"
"Dulles Airport";"Aug 4, 2026, 01:00:00";"20.96";"37.37";"3.82"
"Dulles Airport";"Aug 4, 2026, 00:00:00";"20.19";"32.07";"3.41"
"Dulles Airport";"Aug 3, 2026, 23:00:00";"20.46";"27.17";"3.45"
"Dulles Airport";"Aug 3, 2026, 22:00:00";"22.23";"28.71";"4.18"
"Dulles Airport";"Aug 3, 2026, 21:00:00";"22.45";"21.96";"4.51"
"Dulles Airport";"Aug 3, 2026, 20:00:00";"18.93";"14.71";"3.77"
"Dulles Airport";"Aug 3, 2026, 19:00:00";"5.29";"4.95";"4.13"
"Dulles Airport";"Aug 3, 2026, 18:00:00";"0.79";"7.82";"2.49"
"Dulles Airport";"Aug 3, 2026, 17:00:00";"0";"16.18";"1.28"
"Dulles Airport";"Aug 3, 2026, 16:00:00";"0.1";"37.83";"0.9"
"Dulles Airport";"Aug 3, 2026, 15:00:00";"0";"65.68";"1.83"
"Dulles Airport";"Aug 3, 2026, 14:00:00";"0.12";"91.22";"3.88"
"Dulles Airport";"Aug 3, 2026, 13:00:00";"0";"117.79";"4.9"
"Dulles Airport";"Aug 3, 2026, 12:00:00";"0";"176.58";"5.82"
"Dulles Airport";"Aug 3, 2026, 11:00:00";"0";"336.12";"5.92"
"Dulles Airport";"Aug 3, 2026, 10:00:00";"1.14";"680.7";"5.9"
"Dulles Airport";"Aug 3, 2026, 09:00:00";"4.27";"848.3";"6.61"
"Dulles Airport";"Aug 3, 2026, 08:00:00";"6.27";"870.37";"7.57"
"Dulles Airport";"Aug 3, 2026, 07:00:00";"6.02";"858.78";"8.09"
"Dulles Airport";"Aug 3, 2026, 06:00:00";"4.53";"816.74";"7.42"
"Dulles Airport";"Aug 3, 2026, 05:00:00";"5.22";"795.56";"5.82"
"Dulles Airport";"Aug 3, 2026, 04:00:00";"6.2";"801.48";"4.16"
"Dulles Airport";"Aug 3, 2026, 03:00:00";"8.07";"787.78";"5.7"
"Dulles Airport";"Aug 3, 2026, 02:00:00";"5.5";"765.19";"6.49"
"Dulles Airport";"Aug 3, 2026, 01:00:00";"9.5";"782.48";"5.11"
"Dulles Airport";"Aug 3, 2026, 00:00:00";"10.86";"741.22";"4.99"
"Dulles Airport";"Aug 2, 2026, 23:00:00";"11.7";"717.59";"4.26"
"Dulles Airport";"Aug 2, 2026, 22:00:00";"17.71";"666.78";"4.3"
"Dulles Airport";"Aug 2, 2026, 21:00:00";"10.04";"595.35";"5.84"
"Dulles Airport";"Aug 2, 2026, 20:00:00";"7.56";"510.06";"7.3"
"Dulles Airport";"Aug 2, 2026, 19:00:00";"7.45";"473.21";"4.26"
"Dulles Airport";"Aug 2, 2026, 18:00:00";"3.16";"505.44";"4.42"
"Dulles Airport";"Aug 2, 2026, 17:00:00";"3.22";"505.1";"5.65"
"Dulles Airport";"Aug 2, 2026, 16:00:00";"2.24";"395.26";"5.13"
"Dulles Airport";"Aug 2, 2026, 15:00:00";"6.24";"495.67";"4.77"
"Dulles Airport";"Aug 2, 2026, 14:00:00";"10.23";"589.12";"5.37"
"Dulles Airport";"Aug 2, 2026, 13:00:00";"7.08";"615.23";"7.53"
"Dulles Airport";"Aug 2, 2026, 12:00:00";"7.14";"501.19";"7.74"
"Dulles Airport";"Aug 2, 2026, 11:00:00";"7.54";"392.94";"7.16"
"Dulles Airport";"Aug 2, 2026, 10:00:00";"10.35";"274.31";"5.75"
"Dulles Airport";"Aug 2, 2026, 09:00:00";"0";"0";"4.77"
"Dulles Airport";"Aug 2, 2026, 08:00:00";"7.68";"184.22";"4.09"
"Dulles Airport";"Aug 2, 2026, 07:00:00";"7.42";"149.58";"4"
"Dulles Airport";"Aug 2, 2026, 06:00:00";"7.08";"124.96";"3.85"
"Dulles Airport";"Aug 2, 2026, 05:00:00";"8.21";"111.12";"4.13"
"Dulles Airport";"Aug 2, 2026, 04:00:00";"8.27";"99.61";"3.91"
"Dulles Airport";"Aug 2, 2026, 03:00:00";"8.86";"95.39";"4.19"
"Dulles Airport";"Aug 2, 2026, 02:00:00";"7.88";"78.68";"4.63"
"Dulles Airport";"Aug 2, 2026, 01:00:00";"5.69";"59.94";"5.34"
"Dulles Airport";"Aug 2, 2026, 00:00:00";"6.69";"66.9";"7.02"
"Dulles Airport";"Aug 1, 2026, 23:00:00";"8.76";"76.6";"8.6"
"Dulles Airport";"Aug 1, 2026, 22:00:00";"8.58";"55.73";"10.12"
"Dulles Airport";"Aug 1, 2026, 21:00:00";"4.78";"47.06";"11.1"
"Dulles Airport";"Aug 1, 2026, 20:00:00";"3.75";"39.13";"12.79"
"Dulles Airport";"Aug 1, 2026, 19:00:00";"3.82";"33.27";"12.87"
"Dulles Airport";"Aug 1, 2026, 18:00:00";"5.2";"29.5";"10.03"
"Dulles Airport";"Aug 1, 2026, 17:00:00";"2.1";"23.23";"7.59"
"Dulles Airport";"Aug 1, 2026, 16:00:00";"0.95";"20.75";"6.86"
"Dulles Airport";"Aug 1, 2026, 15:00:00";"0";"19.15";"6.2"
"Dulles Airport";"Aug 1, 2026, 14:00:00";"0.04";"31.44";"5.64"
"Dulles Airport";"Aug 1, 2026, 13:00:00";"0.37";"46.65";"5.06"
"Dulles Airport";"Aug 1, 2026, 12:00:00";"1.12";"62.22";"4.7"
"Dulles Airport";"Aug 1, 2026, 11:00:00";"0.54";"88.32";"4.69"
"Dulles Airport";"Aug 1, 2026, 10:00:00";"8.35";"151.63";"4.08"
"Dulles Airport";"Aug 1, 2026, 09:00:00";"20.16";"284.19";"4.55"
"Dulles Airport";"Aug 1, 2026, 08:00:00";"12.46";"278.72";"5.54"
"Dulles Airport";"Aug 1, 2026, 07:00:00";"12.45";"177.99";"8.13"
"Dulles Airport";"Aug 1, 2026, 06:00:00";"10.14";"161.45";"7.24"
"Dulles Airport";"Aug 1, 2026, 05:00:00";"12.93";"152.72";"7.69"
"Dulles Airport";"Aug 1, 2026, 04:00:00";"16.27";"139.87";"6.42"
"Dulles Airport";"Aug 1, 2026, 03:00:00";"16.68";"121.35";"6.96"
"Dulles Airport";"Aug 1, 2026, 02:00:00";"25.22";"103.37";"6.51"
"Dulles Airport";"Aug 1, 2026, 01:00:00";"22.71";"87.6";"6.33"
"Dulles Airport";"Aug 1, 2026, 00:00:00";"20.48";"70.9";"6.41"
"Dulles Airport";"Jul 31, 2026, 23:00:00";"11.68";"49.97";"6.06"
"Dulles Airport";"Jul 31, 2026, 22:00:00";"10.8";"31.45";"6.52"
"Dulles Airport";"Jul 31, 2026, 21:00:00";"7.58";"17.96";"6.81"
"Dulles Airport";"Jul 31, 2026, 20:00:00";"3.63";"6.99";"7.59"
"Dulles Airport";"Jul 31, 2026, 19:00:00";"2.03";"0";"8.04"
"Dulles Airport";"Jul 31, 2026, 18:00:00";"0.19";"0";"8.22"
"Dulles Airport";"Jul 31, 2026, 17:00:00";"0.22";"0.36";"8.12"
"Dulles Airport";"Jul 31, 2026, 16:00:00";"0.23";"0.18";"8.28"
"Dulles Airport";"Jul 31, 2026, 15:00:00";"0.14";"1.37";"7.92"
"Dulles Airport";"Jul 31, 2026, 14:00:00";"1.7";"7.54";"7.21"
"Dulles Airport";"Jul 31, 2026, 13:00:00";"2.29";"16.03";"7.27"
"Dulles Airport";"Jul 31, 2026, 12:00:00";"0";"20.69";"5.77"
"Dulles Airport";"Jul 31, 2026, 11:00:00";"1.16";"31.63";"5.26"
"Dulles Airport";"Jul 31, 2026, 10:00:00";"11.51";"54.71";"4.49"
"Dulles Airport";"Jul 31, 2026, 09:00:00";"10.26";"81.46";"3.06"
"Dulles Airport";"Jul 31, 2026, 08:00:00";"11.43";"101.06";"3.76"
"Dulles Airport";"Jul 31, 2026, 07:00:00";"16.12";"88.06";"3.01"
"Dulles Airport";"Jul 31, 2026, 06:00:00";"6.46";"69.19";"3.45"
"Dulles Airport";"Jul 31, 2026, 05:00:00";"5.68";"59.38";"2.56"
"Dulles Airport";"Jul 31, 2026, 04:00:00";"8.51";"60.26";"2.4"
"Dulles Airport";"Jul 31, 2026, 03:00:00";"5.38";"52.29";"2.44"
"Dulles Airport";"Jul 31, 2026, 02:00:00";"5.1";"45.69";"2.25"
"Dulles Airport";"Jul 31, 2026, 01:00:00";"5.59";"40.93";"2.15"
"Dulles Airport";"Jul 31, 2026, 00:00:00";"11.24";"22.89";"2.14"
"Dulles Airport";"Jul 30, 2026, 23:00:00";"11.41";"12.49";"2.36"
"Dulles Airport";"Jul 30, 2026, 22:00:00";"8.12";"9.11";"2.6"
"Dulles Airport";"Jul 30, 2026, 21:00:00";"8.33";"7";"2.7"
"Dulles Airport";"Jul 30, 2026, 20:00:00";"6.94";"5.74";"2.62"
"Dulles Airport";"Jul 30, 2026, 19:00:00";"4.78";"5.32";"2.66"
"Dulles Airport";"Jul 30, 2026, 18:00:00";"4.45";"5.18";"2.65"
"Dulles Airport";"Jul 30, 2026, 17:00:00";"4.29";"4.59";"2.96"
"Dulles Airport";"Jul 30, 2026, 16:00:00";"0.56";"3.31";"3.22"
"Dulles Airport";"Jul 30, 2026, 15:00:00";"4.88";"4.73";"3.2"
"Dulles Airport";"Jul 30, 2026, 14:00:00";"2.08";"3.13";"3.18"
"Dulles Airport";"Jul 30, 2026, 13:00:00";"0.16";"3.91";"3.25"
"Dulles Airport";"Jul 30, 2026, 12:00:00";"0";"7.74";"3.12"
"Dulles Airport";"Jul 30, 2026, 11:00:00";"0.12";"14.52";"2.56"
"Dulles Airport";"Jul 30, 2026, 10:00:00";"2.73";"27.88";"2.22"
"Dulles Airport";"Jul 30, 2026, 09:00:00";"5.36";"48.64";"2.04"
"Dulles Airport";"Jul 30, 2026, 08:00:00";"6.76";"59.86";"2.19"
"Dulles Airport";"Jul 30, 2026, 07:00:00";"6.87";"54.01";"2.29"
"Dulles Airport";"Jul 30, 2026, 06:00:00";"6.74";"51.5";"2.54"
"Dulles Airport";"Jul 30, 2026, 05:00:00";"6.66";"49.5";"2.85"
"Dulles Airport";"Jul 30, 2026, 04:00:00";"7.45";"46.79";"3.37"
"Dulles Airport";"Jul 30, 2026, 03:00:00";"8.21";"39.05";"4.14"
"Dulles Airport";"Jul 30, 2026, 02:00:00";"5.54";"32.09";"5.14"
"Dulles Airport";"Jul 30, 2026, 01:00:00";"5.43";"26.58";"5.35"
"Dulles Airport";"Jul 30, 2026, 00:00:00";"6.44";"24.02";"22.07"
"Dulles Airport";"Jul 29, 2026, 23:00:00";"6.2";"22";"5.51"
"Dulles Airport";"Jul 29, 2026, 22:00:00";"5.08";"17.94";"6.09"
"Dulles Airport";"Jul 29, 2026, 21:00:00";"5.13";"16.95";"6.33"
"Dulles Airport";"Jul 29, 2026, 20:00:00";"4.69";"13.23";"6.85"
"Dulles Airport";"Jul 29, 2026, 19:00:00";"5.01";"11.9";"6.7"
"Dulles Airport";"Jul 29, 2026, 18:00:00";"2.17";"9.76";"8.56"
"Dulles Airport";"Jul 29, 2026, 17:00:00";"0.7";"10.75";"8.97"
"Dulles Airport";"Jul 29, 2026, 16:00:00";"0.35";"12.41";"9.97"
"Dulles Airport";"Jul 29, 2026, 15:00:00";"0.66";"16.14";"9.4"
"Dulles Airport";"Jul 29, 2026, 14:00:00";"0.29";"18.45";"8.77"
"Dulles Airport";"Jul 29, 2026, 13:00:00";"1.16";"23.14";"9.97"
"Dulles Airport";"Jul 29, 2026, 12:00:00";"0";"37.36";"11.28"
"Dulles Airport";"Jul 29, 2026, 11:00:00";"0.09";"67.76";"10.59"
"Dulles Airport";"Jul 29, 2026, 10:00:00";"2.7";"130.5";"9.43"
"Dulles Airport";"Jul 29, 2026, 09:00:00";"7.71";"204.91";"10.25"
"Dulles Airport";"Jul 29, 2026, 08:00:00";"7.1";"267.96";"10.6"
"Dulles Airport";"Jul 29, 2026, 07:00:00";"6.69";"288.67";"10.16"
"Dulles Airport";"Jul 29, 2026, 06:00:00";"5.53";"302.07";"8.23"
"Dulles Airport";"Jul 29, 2026, 05:00:00";"4.84";"300.78";"7.2"
"Dulles Airport";"Jul 29, 2026, 04:00:00";"6.04";"331.19";"5.99"
"Dulles Airport";"Jul 29, 2026, 03:00:00";"3.77";"303.56";"5.84"
"Dulles Airport";"Jul 29, 2026, 02:00:00";"3.94";"278.06";"5.66"
"Dulles Airport";"Jul 29, 2026, 01:00:00";"4.87";"291.93";"4.7"
"Dulles Airport";"Jul 29, 2026, 00:00:00";"7.69";"303.46";"3.87"
"Dulles Airport";"Jul 28, 2026, 23:00:00";"10.46";"241.87";"3.71"
"Dulles Airport";"Jul 28, 2026, 22:00:00";"10.25";"182.4";"4.3"
"Dulles Airport";"Jul 28, 2026, 21:00:00";"5.78";"139.37";"4.18"
"Dulles Airport";"Jul 28, 2026, 20:00:00";"11.62";"133.25";"3.9"
"Dulles Airport";"Jul 28, 2026, 19:00:00";"19.39";"116.88";"5.67"
"Dulles Airport";"Jul 28, 2026, 18:00:00";"3.21";"59.7";"7.93"
"Dulles Airport";"Jul 28, 2026, 17:00:00";"0.2";"66.17";"11.8"
"Dulles Airport";"Jul 28, 2026, 16:00:00";"0.85";"74.91";"14.83"
"Dulles Airport";"Jul 28, 2026, 15:00:00";"0";"89.97";"16.82"
"Dulles Airport";"Jul 28, 2026, 14:00:00";"0";"124.39";"16.03"
"Dulles Airport";"Jul 28, 2026, 13:00:00";"0";"176.93";"14.13"
"Dulles Airport";"Jul 28, 2026, 12:00:00";"4.12";"230.85";"12.24"
"Dulles Airport";"Jul 28, 2026, 11:00:00";"4.37";"228.37";"12.28"
"Dulles Airport";"Jul 28, 2026, 10:00:00";"4.6";"233.09";"12.17"
"Dulles Airport";"Jul 28, 2026, 09:00:00";"7.3";"245.67";"11.28"
"Dulles Airport";"Jul 28, 2026, 08:00:00";"11.55";"254.12";"10.9"
"Dulles Airport";"Jul 28, 2026, 07:00:00";"10.87";"239.89";"10.95"
"Dulles Airport";"Jul 28, 2026, 06:00:00";"8.87";"229.78";"11.12"
"Dulles Airport";"Jul 28, 2026, 05:00:00";"5.92";"205.47";"10.53"
"Dulles Airport";"Jul 28, 2026, 04:00:00";"4.18";"179.38";"10.4"
"Dulles Airport";"Jul 28, 2026, 03:00:00";"10.57";"161.47";"9.9"
"Dulles Airport";"Jul 28, 2026, 02:00:00";"7.89";"156.44";"9.47"
"Dulles Airport";"Jul 28, 2026, 01:00:00";"14.52";"131.3";"9.75"
"Dulles Airport";"Jul 28, 2026, 00:00:00";"17.43";"92.94";"9.54"
"Dulles Airport";"Jul 27, 2026, 23:00:00";"13.42";"68.1";"9.67"
"Dulles Airport";"Jul 27, 2026, 22:00:00";"17.41";"52.97";"9.13"
"Dulles Airport";"Jul 27, 2026, 21:00:00";"5.89";"46.62";"9.55"
"Dulles Airport";"Jul 27, 2026, 20:00:00";"5.2";"32.6";"9.89"
"Dulles Airport";"Jul 27, 2026, 19:00:00";"0.09";"18.5";"10.46"
"Dulles Airport";"Jul 27, 2026, 18:00:00";"0";"13.99";"10.75"
"Dulles Airport";"Jul 27, 2026, 17:00:00";"0";"17.22";"11.5"
"Dulles Airport";"Jul 27, 2026, 16:00:00";"0.44";"18.25";"12.19"
"Dulles Airport";"Jul 27, 2026, 15:00:00";"0.15";"22.43";"12.77"
"Dulles Airport";"Jul 27, 2026, 14:00:00";"1.24";"30.18";"9"
"Dulles Airport";"Jul 27, 2026, 13:00:00";"0.19";"42.11";"7.16"
"Dulles Airport";"Jul 27, 2026, 12:00:00";"0.95";"67.66";"6.73"
"Dulles Airport";"Jul 27, 2026, 11:00:00";"0.21";"116.87";"6.69"
"Dulles Airport";"Jul 27, 2026, 10:00:00";"2.71";"201.06";"5.85"
"Dulles Airport";"Jul 27, 2026, 09:00:00";"6.23";"280.91";"6.39"
"Dulles Airport";"Jul 27, 2026, 08:00:00";"9.26";"290.55";"12.07"
"Dulles Airport";"Jul 27, 2026, 07:00:00";"6.76";"253.13";"12.65"
"Dulles Airport";"Jul 27, 2026, 06:00:00";"5.86";"255.41";"11.55"
"Dulles Airport";"Jul 27, 2026, 05:00:00";"3.98";"292.23";"15.98"
"Dulles Airport";"Jul 27, 2026, 04:00:00";"2.26";"335.03";"16.5"
"Dulles Airport";"Jul 27, 2026, 03:00:00";"3.79";"333.73";"11.55"
"Dulles Airport";"Jul 27, 2026, 02:00:00";"3.68";"245.14";"6.04"
"Dulles Airport";"Jul 27, 2026, 01:00:00";"9.32";"261.56";"5.32"
"Dulles Airport";"Jul 27, 2026, 00:00:00";"13.77";"241.4";"10.94"
"Dulles Airport";"Jul 26, 2026, 23:00:00";"10.89";"165.24";"10.66"
"Dulles Airport";"Jul 26, 2026, 22:00:00";"13.28";"91.86";"6.07"
"Dulles Airport";"Jul 26, 2026, 21:00:00";"13.8";"56.64";"6.64"
"Dulles Airport";"Jul 26, 2026, 20:00:00";"4.3";"36.4";"6.37"
"Dulles Airport";"Jul 26, 2026, 19:00:00";"0";"48.68";"5.39"
"Dulles Airport";"Jul 26, 2026, 18:00:00";"0";"26.23";"5.62"
"Dulles Airport";"Jul 26, 2026, 17:00:00";"0";"19.43";"6.03"
"Dulles Airport";"Jul 26, 2026, 16:00:00";"0";"15.56";"6.31"
"Dulles Airport";"Jul 26, 2026, 15:00:00";"0";"20.63";"6.28"
"Dulles Airport";"Jul 26, 2026, 14:00:00";"0.9";"41.31";"5.51"
"Dulles Airport";"Jul 26, 2026, 13:00:00";"0";"62.74";"5.13"
"Dulles Airport";"Jul 26, 2026, 12:00:00";"0.07";"94.73";"3.95"
"Dulles Airport";"Jul 26, 2026, 11:00:00";"0.25";"130.29";"3.37"
"Dulles Airport";"Jul 26, 2026, 10:00:00";"6.92";"165.17";"2.94"
"Dulles Airport";"Jul 26, 2026, 09:00:00";"3.83";"207.95";"2.91"
"Dulles Airport";"Jul 26, 2026, 08:00:00";"10.03";"267.97";"5.36"
"Dulles Airport";"Jul 26, 2026, 07:00:00";"6.39";"197.83";"6.82"
"Dulles Airport";"Jul 26, 2026, 06:00:00";"3.03";"180.99";"6.29"
"Dulles Airport";"Jul 26, 2026, 05:00:00";"5.96";"210.86";"4.53"
"Dulles Airport";"Jul 26, 2026, 04:00:00";"13.58";"204.79";"4.3"
"Dulles Airport";"Jul 26, 2026, 03:00:00";"12.49";"202.46";"4.12"
"Dulles Airport";"Jul 26, 2026, 02:00:00";"12.66";"185.27";"4.37"
"Dulles Airport";"Jul 26, 2026, 01:00:00";"15.84";"145.9";"5.37"
"Dulles Airport";"Jul 26, 2026, 00:00:00";"20.15";"110.8";"4.16"
"Dulles Airport";"Jul 25, 2026, 23:00:00";"10.85";"83.7";"3.24"
"Dulles Airport";"Jul 25, 2026, 22:00:00";"10.57";"56.01";"2.97"
"Dulles Airport";"Jul 25, 2026, 21:00:00";"13.36";"36.49";"2.86"
"Dulles Airport";"Jul 25, 2026, 20:00:00";"8.35";"25.14";"2.68"
"Dulles Airport";"Jul 25, 2026, 19:00:00";"9.13";"24.67";"2.73"
"Dulles Airport";"Jul 25, 2026, 18:00:00";"1.49";"21.28";"2.9"
"Dulles Airport";"Jul 25, 2026, 17:00:00";"0.9";"24.24";"2.87"
"Dulles Airport";"Jul 25, 2026, 16:00:00";"0.41";"30.24";"2.72"
"Dulles Airport";"Jul 25, 2026, 15:00:00";"3.49";"42.35";"2.03"
"Dulles Airport";"Jul 25, 2026, 14:00:00";"4.81";"39.84";"2.46"
"Dulles Airport";"Jul 25, 2026, 13:00:00";"2.92";"36.36";"2.62"
"Dulles Airport";"Jul 25, 2026, 12:00:00";"1.24";"36.18";"2.71"
"Dulles Airport";"Jul 25, 2026, 11:00:00";"3.03";"73.06";"2.13"
"Dulles Airport";"Jul 25, 2026, 10:00:00";"16.23";"124.09";"1.9"
"Dulles Airport";"Jul 25, 2026, 09:00:00";"12.11";"144.79";"1.6"
"Dulles Airport";"Jul 25, 2026, 08:00:00";"12.67";"161.3";"1.9"
"Dulles Airport";"Jul 25, 2026, 07:00:00";"7.72";"149.3";"3.11"
"Dulles Airport";"Jul 25, 2026, 06:00:00";"6.23";"140.84";"2.83"
"Dulles Airport";"Jul 25, 2026, 05:00:00";"7.4";"133.2";"2.5"
"Dulles Airport";"Jul 25, 2026, 04:00:00";"7.85";"98.86";"2.65"
"Dulles Airport";"Jul 25, 2026, 03:00:00";"7.82";"60.48";"2.44"
"Dulles Airport";"Jul 25, 2026, 02:00:00";"7.78";"34.55";"2.03"
"Dulles Airport";"Jul 25, 2026, 01:00:00";"6.65";"31.49";"1.84"
"Dulles Airport";"Jul 25, 2026, 00:00:00";"6.19";"29.59";"1.96"
"Dulles Airport";"Jul 24, 2026, 23:00:00";"7.4";"24.29";"2.04"
"Dulles Airport";"Jul 24, 2026, 22:00:00";"7.98";"19.72";"2.57"
"Dulles Airport";"Jul 24, 2026, 21:00:00";"6.99";"9.24";"3.09"
"Dulles Airport";"Jul 24, 2026, 20:00:00";"5.66";"6.35";"2.97"
"Dulles Airport";"Jul 24, 2026, 19:00:00";"5.16";"5.57";"3.05"
"Dulles Airport";"Jul 24, 2026, 18:00:00";"8.05";"2.32";"3.13"
"Dulles Airport";"Jul 24, 2026, 17:00:00";"1.84";"0.5";"2.81"
"Dulles Airport";"Jul 24, 2026, 16:00:00";"0.22";"0.46";"2.56"
"Dulles Airport";"Jul 24, 2026, 15:00:00";"0.18";"2.63";"2.65"
"Dulles Airport";"Jul 24, 2026, 14:00:00";"0.02";"5.22";"2.72"
"Dulles Airport";"Jul 24, 2026, 13:00:00";"0.01";"7.69";"2.86"
"Dulles Airport";"Jul 24, 2026, 12:00:00";"0.01";"17.73";"2.88"
"Dulles Airport";"Jul 24, 2026, 11:00:00";"1.17";"42.44";"2.53"
"Dulles Airport";"Jul 24, 2026, 10:00:00";"16.21";"121.89";"3.04"
"Dulles Airport";"Jul 24, 2026, 09:00:00";"12.99";"148.51";"3.78"
"Dulles Airport";"Jul 24, 2026, 08:00:00";"8.77";"135.06";"4.43"
"Dulles Airport";"Jul 24, 2026, 07:00:00";"7.38";"88.55";"6.45"
"Dulles Airport";"Jul 24, 2026, 06:00:00";"8.54";"79.08";"7.38"
"Dulles Airport";"Jul 24, 2026, 05:00:00";"10.57";"76.45";"5.98"
"Dulles Airport";"Jul 24, 2026, 04:00:00";"10.32";"70.18";"5.46"
"Dulles Airport";"Jul 24, 2026, 03:00:00";"16.64";"59.31";"4.63"
"Dulles Airport";"Jul 24, 2026, 02:00:00";"18.73";"52.05";"3.58"
"Dulles Airport";"Jul 24, 2026, 01:00:00";"15.86";"41.73";"2.79"
"Dulles Airport";"Jul 24, 2026, 00:00:00";"9.15";"31.4";"2.34"
"Dulles Airport";"Jul 23, 2026, 23:00:00";"9.07";"27.31";"2.47"
"Dulles Airport";"Jul 23, 2026, 22:00:00";"14.29";"21.58";"2.27"
"Dulles Airport";"Jul 23, 2026, 21:00:00";"14.72";"6.74";"2.57"
"Dulles Airport";"Jul 23, 2026, 20:00:00";"10.58";"0";"3.1"
"Dulles Airport";"Jul 23, 2026, 19:00:00";"8.42";"0";"2.78"
"Dulles Airport";"Jul 23, 2026, 18:00:00";"2.33";"0";"2.72"
"Dulles Airport";"Jul 23, 2026, 17:00:00";"3.98";"0";"2.67"
"Dulles Airport";"Jul 23, 2026, 16:00:00";"2.97";"0";"2.69"
"Dulles Airport";"Jul 23, 2026, 15:00:00";"2.97";"0";"2.71"
"Dulles Airport";"Jul 23, 2026, 14:00:00";"2.74";"0";"2.53"
"Dulles Airport";"Jul 23, 2026, 13:00:00";"2.94";"0";"2.55"
"Dulles Airport";"Jul 23, 2026, 12:00:00";"3.1";"1.45";"2.25"
"Dulles Airport";"Jul 23, 2026, 11:00:00";"3.91";"9.11";"2.06"
"Dulles Airport";"Jul 23, 2026, 10:00:00";"10.04";"25.33";"1.92"
"Dulles Airport";"Jul 23, 2026, 09:00:00";"11.75";"31.2";"1.8"
"Dulles Airport";"Jul 23, 2026, 08:00:00";"11.09";"34.27";"1.49"
"Dulles Airport";"Jul 23, 2026, 07:00:00";"10.07";"30.6";"1.28"
"Dulles Airport";"Jul 23, 2026, 06:00:00";"7.96";"27.81";"1.34"
"Dulles Airport";"Jul 23, 2026, 05:00:00";"7.62";"26.21";"1.8"
"Dulles Airport";"Jul 23, 2026, 04:00:00";"7.51";"23.11";"2.65"
"Dulles Airport";"Jul 23, 2026, 03:00:00";"7.74";"17.77";"3.38"
"Dulles Airport";"Jul 23, 2026, 02:00:00";"7.18";"16.34";"4.08"
"Dulles Airport";"Jul 23, 2026, 01:00:00";"15.93";"15.64";"4.67"
"Dulles Airport";"Jul 23, 2026, 00:00:00";"14.86";"11.73";"4.86"
"Dulles Airport";"Jul 22, 2026, 23:00:00";"15.42";"10.56";"4.96"
"Dulles Airport";"Jul 22, 2026, 22:00:00";"8.1";"9.08";"5.75"
"Dulles Airport";"Jul 22, 2026, 21:00:00";"5.49";"8.61";"6.07"
"Dulles Airport";"Jul 22, 2026, 20:00:00";"1.27";"5.39";"6.42"
"Dulles Airport";"Jul 22, 2026, 19:00:00";"0";"7.16";"7.28"
"Dulles Airport";"Jul 22, 2026, 18:00:00";"0.03";"7.29";"8.04"
"Dulles Airport";"Jul 22, 2026, 17:00:00";"0";"9";"9.07"
"Dulles Airport";"Jul 22, 2026, 16:00:00";"0";"15.21";"9.45"
"Dulles Airport";"Jul 22, 2026, 15:00:00";"0";"30.67";"9.47"
"Dulles Airport";"Jul 22, 2026, 14:00:00";"0";"48.23";"8.71"
"Dulles Airport";"Jul 22, 2026, 13:00:00";"0";"75.45";"9.03"
"Dulles Airport";"Jul 22, 2026, 12:00:00";"0";"112.7";"9.09"
"Dulles Airport";"Jul 22, 2026, 11:00:00";"0";"171.12";"8.64"
"Dulles Airport";"Jul 22, 2026, 10:00:00";"0.88";"375.84";"5.97"
"Dulles Airport";"Jul 22, 2026, 09:00:00";"4.83";"651.73";"4.78"
"Dulles Airport";"Jul 22, 2026, 08:00:00";"3.44";"561.4";"4.97"
"Dulles Airport";"Jul 22, 2026, 07:00:00";"6.55";"458.91";"4.73"
"Dulles Airport";"Jul 22, 2026, 06:00:00";"3.23";"404.21";"5.37"
"Dulles Airport";"Jul 22, 2026, 05:00:00";"5.67";"430.05";"5.02"
"Dulles Airport";"Jul 22, 2026, 04:00:00";"7.23";"404.37";"4.71"
"Dulles Airport";"Jul 22, 2026, 03:00:00";"11.17";"434.19";"3.55"
"Dulles Airport";"Jul 22, 2026, 02:00:00";"8.94";"391.67";"3.72"
"Dulles Airport";"Jul 22, 2026, 01:00:00";"13.58";"377.42";"2.82"
"Dulles Airport";"Jul 22, 2026, 00:00:00";"14.75";"418.66";"1.62"
"Dulles Airport";"Jul 21, 2026, 23:00:00";"18.33";"369.11";"3.5"
"Dulles Airport";"Jul 21, 2026, 22:00:00";"6.7";"319.24";"4.02"
"Dulles Airport";"Jul 21, 2026, 21:00:00";"11.19";"351.39";"4.39"
"Dulles Airport";"Jul 21, 2026, 20:00:00";"5.26";"302.01";"5.12"
"Dulles Airport";"Jul 21, 2026, 19:00:00";"2.31";"237.38";"4.66"
"Dulles Airport";"Jul 21, 2026, 18:00:00";"0.69";"169.73";"5.79"
"Dulles Airport";"Jul 21, 2026, 17:00:00";"0";"144.04";"8.3"
"Dulles Airport";"Jul 21, 2026, 16:00:00";"0";"162.76";"6.1"
"Dulles Airport";"Jul 21, 2026, 15:00:00";"0.27";"168.74";"6.27"
"Dulles Airport";"Jul 21, 2026, 14:00:00";"0";"178.51";"5.6"
"Dulles Airport";"Jul 21, 2026, 13:00:00";"0";"201.26";"6.38"
"Dulles Airport";"Jul 21, 2026, 12:00:00";"0";"233.26";"4.88"
"Dulles Airport";"Jul 21, 2026, 11:00:00";"0";"295.98";"6.46"
"Dulles Airport";"Jul 21, 2026, 10:00:00";"0.76";"374.23";"8.01"
"Dulles Airport";"Jul 21, 2026, 09:00:00";"3.87";"399.27";"8.54"
"Dulles Airport";"Jul 21, 2026, 08:00:00";"5.13";"390.56";"9.52"
"Dulles Airport";"Jul 21, 2026, 07:00:00";"4.83";"400.1";"10.28"
"Dulles Airport";"Jul 21, 2026, 06:00:00";"2.91";"378.62";"11.63"
"Dulles Airport";"Jul 21, 2026, 05:00:00";"6.64";"337.8";"12.13"
"Dulles Airport";"Jul 21, 2026, 04:00:00";"5.97";"291.38";"14.4"
"Dulles Airport";"Jul 21, 2026, 03:00:00";"6.41";"251.01";"16.23"
"Dulles Airport";"Jul 21, 2026, 02:00:00";"5.68";"206.12";"16.74"
"Dulles Airport";"Jul 21, 2026, 01:00:00";"6.03";"159.29";"17.63"
"Dulles Airport";"Jul 21, 2026, 00:00:00";"7.53";"121.93";"17.69"
"Dulles Airport";"Jul 20, 2026, 23:00:00";"7.49";"80.21";"17.56"
"Dulles Airport";"Jul 20, 2026, 22:00:00";"6.77";"42.04";"17.81"
"Dulles Airport";"Jul 20, 2026, 21:00:00";"3.88";"31.47";"19.14"
"Dulles Airport";"Jul 20, 2026, 20:00:00";"0.74";"23.26";"22.5"
"Dulles Airport";"Jul 20, 2026, 19:00:00";"0.05";"18.77";"24.04"
"Dulles Airport";"Jul 20, 2026, 18:00:00";"0";"18";"24.43"
"Dulles Airport";"Jul 20, 2026, 17:00:00";"0";"19.46";"24.32"
"Dulles Airport";"Jul 20, 2026, 16:00:00";"1.08";"23.21";"25.73"
"Dulles Airport";"Jul 20, 2026, 15:00:00";"0";"20.27";"24.24"
"Dulles Airport";"Jul 20, 2026, 14:00:00";"0.09";"22.08";"22.4"
"Dulles Airport";"Jul 20, 2026, 13:00:00";"0";"22.03";"21.9"
"Dulles Airport";"Jul 20, 2026, 12:00:00";"0";"27.69";"20.34"
"Dulles Airport";"Jul 20, 2026, 11:00:00";"0.25";"45.79";"17.3"
"Dulles Airport";"Jul 20, 2026, 10:00:00";"10.95";"70.82";"15.2"
"Dulles Airport";"Jul 20, 2026, 09:00:00";"12.95";"140.34";"13.11"
"Dulles Airport";"Jul 20, 2026, 08:00:00";"8.3";"206.6";"10.76"
"Dulles Airport";"Jul 20, 2026, 07:00:00";"4.02";"179.56";"15.02"
"Dulles Airport";"Jul 20, 2026, 06:00:00";"4.04";"138.55";"15.94"
"Dulles Airport";"Jul 20, 2026, 05:00:00";"4.5";"124.18";"15.06"
"Dulles Airport";"Jul 20, 2026, 04:00:00";"8.07";"91.09";"14.19"
"Dulles Airport";"Jul 20, 2026, 03:00:00";"4.2";"77.14";"13.44"
"Dulles Airport";"Jul 20, 2026, 02:00:00";"5.63";"66.8";"12.53"
"Dulles Airport";"Jul 20, 2026, 01:00:00";"14.97";"47.41";"13.24"
"Dulles Airport";"Jul 20, 2026, 00:00:00";"16.37";"45.4";"13.98"
"Dulles Airport";"Jul 19, 2026, 23:00:00";"7.4";"48.58";"13.65"
"Dulles Airport";"Jul 19, 2026, 22:00:00";"6.14";"34.42";"16.82"
"Dulles Airport";"Jul 19, 2026, 21:00:00";"15.79";"24.21";"20.29"
"Dulles Airport";"Jul 19, 2026, 20:00:00";"11.64";"16.25";"28.45"
"Dulles Airport";"Jul 19, 2026, 19:00:00";"9.65";"19.44";"28.41"
"Dulles Airport";"Jul 19, 2026, 18:00:00";"3.77";"23.81";"31.87"
"Dulles Airport";"Jul 19, 2026, 17:00:00";"0.99";"28.85";"34.16"
"Dulles Airport";"Jul 19, 2026, 16:00:00";"0.04";"37.75";"36.97"
"Dulles Airport";"Jul 19, 2026, 15:00:00";"0";"45.46";"40.62"
"Dulles Airport";"Jul 19, 2026, 14:00:00";"0.06";"57.15";"41.65"
"Dulles Airport";"Jul 19, 2026, 13:00:00";"0.26";"76.1";"37.51"
"Dulles Airport";"Jul 19, 2026, 12:00:00";"0";"99.82";"30.99"
"Dulles Airport";"Jul 19, 2026, 11:00:00";"0";"127.23";"25.19"
"Dulles Airport";"Jul 19, 2026, 10:00:00";"0.05";"166.2";"16.71"
"Dulles Airport";"Jul 19, 2026, 09:00:00";"0.97";"202.15";"12.81"
"Dulles Airport";"Jul 19, 2026, 08:00:00";"2.71";"270.79";"4.87"
"Dulles Airport";"Jul 19, 2026, 07:00:00";"5.28";"310.82";"5.09"
"Dulles Airport";"Jul 19, 2026, 06:00:00";"3.23";"334.05";"5.37"
"Dulles Airport";"Jul 19, 2026, 05:00:00";"0.04";"457.34";"6.66"
"Dulles Airport";"Jul 19, 2026, 04:00:00";"1.01";"536.81";"10.17"
"Dulles Airport";"Jul 19, 2026, 03:00:00";"0.64";"562.8";"16.74"
"Dulles Airport";"Jul 19, 2026, 02:00:00";"1.13";"579.88";"14.99"
"Dulles Airport";"Jul 19, 2026, 01:00:00";"11.43";"579.67";"13.36"
"Dulles Airport";"Jul 19, 2026, 00:00:00";"9.88";"602.48";"15.08"
"Dulles Airport";"Jul 18, 2026, 23:00:00";"9.27";"601.86";"13.24"
"Dulles Airport";"Jul 18, 2026, 22:00:00";"5.51";"583.04";"13.87"
"Dulles Airport";"Jul 18, 2026, 21:00:00";"12.81";"510.1";"10.85"
"Dulles Airport";"Jul 18, 2026, 20:00:00";"9.05";"478.31";"8.25"
"Dulles Airport";"Jul 18, 2026, 19:00:00";"13.85";"437.03";"6.98"
"Dulles Airport";"Jul 18, 2026, 18:00:00";"9.56";"307.95";"7"
"Dulles Airport";"Jul 18, 2026, 17:00:00";"8.28";"168.54";"14.28"
"Dulles Airport";"Jul 18, 2026, 16:00:00";"0.75";"146.74";"25.21"
"Dulles Airport";"Jul 18, 2026, 15:00:00";"0";"148.87";"43.21"
"Dulles Airport";"Jul 18, 2026, 14:00:00";"0";"201.35";"47.81"
"Dulles Airport";"Jul 18, 2026, 13:00:00";"0";"248.75";"45.61"
"Dulles Airport";"Jul 18, 2026, 12:00:00";"0";"281.93";"41.41"
"Dulles Airport";"Jul 18, 2026, 11:00:00";"5.72";"271.27";"38.38"
"Dulles Airport";"Jul 18, 2026, 10:00:00";"7.81";"271.86";"36.47"
"Dulles Airport";"Jul 18, 2026, 09:00:00";"5.9";"256.98";"36.38"
"Dulles Airport";"Jul 18, 2026, 08:00:00";"10.97";"238";"36.24"
"Dulles Airport";"Jul 18, 2026, 07:00:00";"7.35";"211.41";"37.7"
"Dulles Airport";"Jul 18, 2026, 06:00:00";"4.66";"196.94";"39.58"
"Dulles Airport";"Jul 18, 2026, 05:00:00";"5.19";"225.02";"38.36"
"Dulles Airport";"Jul 18, 2026, 04:00:00";"2.02";"230.5";"36.89"
"Dulles Airport";"Jul 18, 2026, 03:00:00";"6.89";"192.53";"38.33"
"Dulles Airport";"Jul 18, 2026, 02:00:00";"3.92";"163.25";"40.22"
"Dulles Airport";"Jul 18, 2026, 01:00:00";"17.32";"138.78";"43.88"
"Dulles Airport";"Jul 18, 2026, 00:00:00";"14.56";"108.63";"44.82"
"Dulles Airport";"Jul 17, 2026, 23:00:00";"3.69";"78.14";"47.37"
"Dulles Airport";"Jul 17, 2026, 22:00:00";"5.95";"55.05";"51.34"
"Dulles Airport";"Jul 17, 2026, 21:00:00";"2.81";"37.4";"59.08"
"Dulles Airport";"Jul 17, 2026, 20:00:00";"14.41";"23.49";"79.25"
"Dulles Airport";"Jul 17, 2026, 19:00:00";"1.17";"25.49";"76.9"
"Dulles Airport";"Jul 17, 2026, 18:00:00";"0.75";"7.19";"82.87"
"Dulles Airport";"Jul 17, 2026, 17:00:00";"0";"0";"86.81"
"Dulles Airport";"Jul 17, 2026, 16:00:00";"0";"0";"86.89"
"Dulles Airport";"Jul 17, 2026, 15:00:00";"0";"0";"87.06"
"Dulles Airport";"Jul 17, 2026, 14:00:00";"1.68";"0.17";"85.35"
"Dulles Airport";"Jul 17, 2026, 13:00:00";"0";"0.37";"82.54"
"Dulles Airport";"Jul 17, 2026, 12:00:00";"0";"1.32";"78.8"
"Dulles Airport";"Jul 17, 2026, 11:00:00";"0";"20.92";"75.65"
"Dulles Airport";"Jul 17, 2026, 10:00:00";"1.81";"53.71";"81.49"
"Dulles Airport";"Jul 17, 2026, 09:00:00";"5.09";"98.57";"66.49"
"Dulles Airport";"Jul 17, 2026, 08:00:00";"13.81";"92.65";"69.61"
"Dulles Airport";"Jul 17, 2026, 07:00:00";"17.12";"64.29";"69.17"
"Dulles Airport";"Jul 17, 2026, 06:00:00";"18.82";"56.17";"71.55"
"Dulles Airport";"Jul 17, 2026, 05:00:00";"11.92";"32.54";"86.41"
"Dulles Airport";"Jul 17, 2026, 04:00:00";"5.48";"19.05";"111.16"
"Dulles Airport";"Jul 17, 2026, 03:00:00";"9.14";"23.3";"114.71"
"Dulles Airport";"Jul 17, 2026, 02:00:00";"14.43";"25.8";"109.52"
"Dulles Airport";"Jul 17, 2026, 01:00:00";"7.57";"24.37";"99.24"
"Dulles Airport";"Jul 17, 2026, 00:00:00";"4.05";"38.93";"78.27"
"Dulles Airport";"Jul 16, 2026, 23:00:00";"0";"60.07";"53.23"
"Dulles Airport";"Jul 16, 2026, 22:00:00";"0";"88.47";"17.02"
"Dulles Airport";"Jul 16, 2026, 21:00:00";"0";"57.69";"11.27"
"Dulles Airport";"Jul 16, 2026, 20:00:00";"0";"51.22";"12.46"
"Dulles Airport";"Jul 16, 2026, 19:00:00";"0";"52.88";"14.59"
"Dulles Airport";"Jul 16, 2026, 18:00:00";"0";"46.63";"16.32"
"Dulles Airport";"Jul 16, 2026, 17:00:00";"0";"47.36";"14.58"
"Dulles Airport";"Jul 16, 2026, 16:00:00";"0";"61.46";"13.92"
"Dulles Airport";"Jul 16, 2026, 15:00:00";"0";"78.35";"14.19"
"Dulles Airport";"Jul 16, 2026, 14:00:00";"0";"79.98";"14.96"
"Dulles Airport";"Jul 16, 2026, 13:00:00";"0";"92.18";"13.53"
"Dulles Airport";"Jul 16, 2026, 12:00:00";"0";"112.58";"12.98"
"Dulles Airport";"Jul 16, 2026, 11:00:00";"0";"131.84";"12.88"
"Dulles Airport";"Jul 16, 2026, 10:00:00";"0";"137.13";"11.91"
"Dulles Airport";"Jul 16, 2026, 09:00:00";"0";"142.59";"10.49"
"Dulles Airport";"Jul 16, 2026, 08:00:00";"0.8";"167.81";"13.01"
"Dulles Airport";"Jul 16, 2026, 07:00:00";"3.53";"128.83";"11.03"
"Dulles Airport";"Jul 16, 2026, 06:00:00";"0.69";"113.81";"11.19"
"Dulles Airport";"Jul 16, 2026, 05:00:00";"3.46";"116";"10.8"
"Dulles Airport";"Jul 16, 2026, 04:00:00";"0.54";"118.47";"10.72"
"Dulles Airport";"Jul 16, 2026, 03:00:00";"0";"121.19";"10.17"
"Dulles Airport";"Jul 16, 2026, 02:00:00";"0";"123.51";"9.4"
"Dulles Airport";"Jul 16, 2026, 01:00:00";"0";"135.1";"8.69"
"Dulles Airport";"Jul 16, 2026, 00:00:00";"0";"151.7";"9.17"
"Dulles Airport";"Jul 15, 2026, 23:00:00";"1.77";"154.21";"9.13"
"Dulles Airport";"Jul 15, 2026, 22:00:00";"0.72";"107.17";"8.64"
"Dulles Airport";"Jul 15, 2026, 21:00:00";"0";"73.17";"8.35"
"Dulles Airport";"Jul 15, 2026, 20:00:00";"0";"71.21";"8.08"
"Dulles Airport";"Jul 15, 2026, 19:00:00";"0";"68.24";"8.23"
"Dulles Airport";"Jul 15, 2026, 18:00:00";"0";"65.19";"8.35"
"Dulles Airport";"Jul 15, 2026, 17:00:00";"0";"56.39";"9.4"
"Dulles Airport";"Jul 15, 2026, 16:00:00";"0";"53.94";"9.68"
"Dulles Airport";"Jul 15, 2026, 15:00:00";"0";"60.71";"9.6"
"Dulles Airport";"Jul 15, 2026, 14:00:00";"0";"68.6";"9.55"
"Dulles Airport";"Jul 15, 2026, 13:00:00";"0";"91.54";"9.77"
"Dulles Airport";"Jul 15, 2026, 12:00:00";"0";"111.65";"9.77"
"Dulles Airport";"Jul 15, 2026, 11:00:00";"0";"145.9";"8.94"
"Dulles Airport";"Jul 15, 2026, 10:00:00";"0";"199.62";"7.43"
"Dulles Airport";"Jul 15, 2026, 09:00:00";"4.98";"320.84";"7.6"
"Dulles Airport";"Jul 15, 2026, 08:00:00";"16.81";"413.71";"9.25"
"Dulles Airport";"Jul 15, 2026, 07:00:00";"8.77";"276.14";"14.22"
"Dulles Airport";"Jul 15, 2026, 06:00:00";"5.9";"254.39";"9.85"
"Dulles Airport";"Jul 15, 2026, 05:00:00";"6.25";"242.52";"9.84"
"Dulles Airport";"Jul 15, 2026, 04:00:00";"6.39";"225.54";"9.99"
"Dulles Airport";"Jul 15, 2026, 03:00:00";"7.28";"214.39";"9.43"
"Dulles Airport";"Jul 15, 2026, 02:00:00";"5.15";"164.84";"9.37"
"Dulles Airport";"Jul 15, 2026, 01:00:00";"8.32";"139.75";"6.93"
"Dulles Airport";"Jul 15, 2026, 00:00:00";"5.78";"110.79";"5.71"
"Dulles Airport";"Jul 14, 2026, 23:00:00";"6.71";"95.16";"5.98"
"Dulles Airport";"Jul 14, 2026, 22:00:00";"7.95";"70.91";"6.17"
"Dulles Airport";"Jul 14, 2026, 21:00:00";"6.26";"58.83";"6.29"
"Dulles Airport";"Jul 14, 2026, 20:00:00";"0.73";"46.19";"6.28"
"Dulles Airport";"Jul 14, 2026, 19:00:00";"0";"38.87";"6.64"
"Dulles Airport";"Jul 14, 2026, 18:00:00";"0";"26.13";"7.07"
"Dulles Airport";"Jul 14, 2026, 17:00:00";"0";"28.68";"7.62"
"Dulles Airport";"Jul 14, 2026, 16:00:00";"0";"30.48";"7.7"
"Dulles Airport";"Jul 14, 2026, 15:00:00";"0";"29.64";"8.19"
"Dulles Airport";"Jul 14, 2026, 14:00:00";"0";"34.08";"7.86"
"Dulles Airport";"Jul 14, 2026, 13:00:00";"0";"31.1";"6.72"
"Dulles Airport";"Jul 14, 2026, 12:00:00";"0";"71.63";"6.97"
"Dulles Airport";"Jul 14, 2026, 11:00:00";"0";"121.55";"6.61"
"Dulles Airport";"Jul 14, 2026, 10:00:00";"2.29";"220.98";"5.05"
"Dulles Airport";"Jul 14, 2026, 09:00:00";"6.32";"285.98";"4.91"
"Dulles Airport";"Jul 14, 2026, 08:00:00";"17.23";"277.85";"5.44"
"Dulles Airport";"Jul 14, 2026, 07:00:00";"4.67";"207.5";"8.27"
"Dulles Airport";"Jul 14, 2026, 06:00:00";"4.11";"192.46";"7.34"
"Dulles Airport";"Jul 14, 2026, 05:00:00";"6.32";"179";"6.41"
"Dulles Airport";"Jul 14, 2026, 04:00:00";"6.31";"153.06";"6.45"
"Dulles Airport";"Jul 14, 2026, 03:00:00";"14.06";"139.51";"6.77"
"Dulles Airport";"Jul 14, 2026, 02:00:00";"8.22";"133.35";"5.83"
"Dulles Airport";"Jul 14, 2026, 01:00:00";"12.49";"117.12";"5"
"Dulles Airport";"Jul 14, 2026, 00:00:00";"18.34";"92.39";"5.16"
"Dulles Airport";"Jul 13, 2026, 23:00:00";"13.39";"62.13";"5.43"
"Dulles Airport";"Jul 13, 2026, 22:00:00";"17.5";"39.73";"5.35"
"Dulles Airport";"Jul 13, 2026, 21:00:00";"13.39";"29.57";"5.67"
"Dulles Airport";"Jul 13, 2026, 20:00:00";"3.27";"11.42";"7.12"
"Dulles Airport";"Jul 13, 2026, 19:00:00";"0";"1.1";"6.73"
"Dulles Airport";"Jul 13, 2026, 18:00:00";"0";"0.14";"6.52"
"Dulles Airport";"Jul 13, 2026, 17:00:00";"0";"0.96";"6.35"
"Dulles Airport";"Jul 13, 2026, 16:00:00";"0";"3.8";"6.89"
"Dulles Airport";"Jul 13, 2026, 15:00:00";"0";"8.16";"6.4"
"Dulles Airport";"Jul 13, 2026, 14:00:00";"0";"15.35";"6.42"
"Dulles Airport";"Jul 13, 2026, 13:00:00";"0";"22.82";"5.95"
"Dulles Airport";"Jul 13, 2026, 12:00:00";"0";"31.84";"5.45"
"Dulles Airport";"Jul 13, 2026, 11:00:00";"0";"89.93";"4.72"
"Dulles Airport";"Jul 13, 2026, 10:00:00";"0.22";"190.32";"3.67"
"Dulles Airport";"Jul 13, 2026, 09:00:00";"6.29";"294.99";"4.72"
"Dulles Airport";"Jul 13, 2026, 08:00:00";"7.43";"332.15";"5.81"
"Dulles Airport";"Jul 13, 2026, 07:00:00";"3.14";"220.22";"0"
"Dulles Airport";"Jul 13, 2026, 06:00:00";"2.09";"195.7";"0"
"Dulles Airport";"Jul 13, 2026, 05:00:00";"2.47";"189.88";"0"
"Dulles Airport";"Jul 13, 2026, 04:00:00";"3.51";"191.02";"0"
"Dulles Airport";"Jul 13, 2026, 03:00:00";"3.45";"195.62";"0"
"Dulles Airport";"Jul 13, 2026, 02:00:00";"3.42";"208.66";"9.09"
"Dulles Airport";"Jul 13, 2026, 01:00:00";"11.38";"227.92";"9.39"
"Dulles Airport";"Jul 13, 2026, 00:00:00";"7.92";"214.07";"8.51"
"Dulles Airport";"Jul 12, 2026, 23:00:00";"9.41";"175.91";"6.64"
"Dulles Airport";"Jul 12, 2026, 22:00:00";"9.85";"144.61";"5.58"
"Dulles Airport";"Jul 12, 2026, 21:00:00";"10.14";"118.14";"5.26"
"Dulles Airport";"Jul 12, 2026, 20:00:00";"13.63";"101.96";"5.17"
"Dulles Airport";"Jul 12, 2026, 19:00:00";"11.33";"126.86";"5.09"
"Dulles Airport";"Jul 12, 2026, 18:00:00";"9.17";"142.5";"5.05"
"Dulles Airport";"Jul 12, 2026, 17:00:00";"6.15";"126.48";"6.83"
"Dulles Airport";"Jul 12, 2026, 16:00:00";"0";"89.74";"6.53"
"Dulles Airport";"Jul 12, 2026, 15:00:00";"0";"114.17";"7.01"
"Dulles Airport";"Jul 12, 2026, 14:00:00";"0";"131.1";"6.06"
"Dulles Airport";"Jul 12, 2026, 13:00:00";"0";"163.41";"6.47"
"Dulles Airport";"Jul 12, 2026, 12:00:00";"0";"211.67";"6.77"
"Dulles Airport";"Jul 12, 2026, 11:00:00";"0.45";"280.94";"6.51"
"Dulles Airport";"Jul 12, 2026, 10:00:00";"0.86";"313.72";"6.68"
"Dulles Airport";"Jul 12, 2026, 09:00:00";"2.1";"405.1";"6.38"
"Dulles Airport";"Jul 12, 2026, 08:00:00";"2.98";"500.62";"7.47"
"Dulles Airport";"Jul 12, 2026, 07:00:00";"3.98";"524.9";"8.4"
"Dulles Airport";"Jul 12, 2026, 06:00:00";"3.63";"532.18";"9.9"
"Dulles Airport";"Jul 12, 2026, 05:00:00";"4.07";"535.62";"11.44"
"Dulles Airport";"Jul 12, 2026, 04:00:00";"3.42";"505.46";"11.84"
"Dulles Airport";"Jul 12, 2026, 03:00:00";"4.06";"502.66";"10.73"
"Dulles Airport";"Jul 12, 2026, 02:00:00";"5.99";"482.05";"11.12"
"Dulles Airport";"Jul 12, 2026, 01:00:00";"3.62";"409.18";"14.35"
"Dulles Airport";"Jul 12, 2026, 00:00:00";"5.97";"332.14";"13.51"
"Dulles Airport";"Jul 11, 2026, 23:00:00";"8.85";"233.05";"7.12"
"Dulles Airport";"Jul 11, 2026, 22:00:00";"0.88";"179.46";"8.37"
"Dulles Airport";"Jul 11, 2026, 21:00:00";"0";"151.07";"9.29"
"Dulles Airport";"Jul 11, 2026, 20:00:00";"0";"83.56";"9.62"
"Dulles Airport";"Jul 11, 2026, 19:00:00";"0";"54.85";"9.35"
"Dulles Airport";"Jul 11, 2026, 18:00:00";"0";"51.46";"9.55"
"Dulles Airport";"Jul 11, 2026, 17:00:00";"0";"59.18";"11.08"
"Dulles Airport";"Jul 11, 2026, 16:00:00";"0";"69.17";"11.39"
"Dulles Airport";"Jul 11, 2026, 15:00:00";"0";"84.99";"11.45"
"Dulles Airport";"Jul 11, 2026, 14:00:00";"0";"102.39";"9.35"
"Dulles Airport";"Jul 11, 2026, 13:00:00";"0";"119.82";"8.62"
"Dulles Airport";"Jul 11, 2026, 12:00:00";"0";"136.25";"7.74"
"Dulles Airport";"Jul 11, 2026, 11:00:00";"0";"161.59";"6.51"
"Dulles Airport";"Jul 11, 2026, 10:00:00";"0";"216.99";"5.13"
"Dulles Airport";"Jul 11, 2026, 09:00:00";"0.42";"274.6";"4.7"
"Dulles Airport";"Jul 11, 2026, 08:00:00";"1.4";"360.17";"4.92"
"Dulles Airport";"Jul 11, 2026, 07:00:00";"3.08";"378.72";"5.68"
"Dulles Airport";"Jul 11, 2026, 06:00:00";"1.42";"380.42";"8.17"
"Dulles Airport";"Jul 11, 2026, 05:00:00";"1.21";"436.63";"10.26"
"Dulles Airport";"Jul 11, 2026, 04:00:00";"1.33";"489.14";"13.78"
"Dulles Airport";"Jul 11, 2026, 03:00:00";"3.23";"483.4";"16.91"
"Dulles Airport";"Jul 11, 2026, 02:00:00";"4.22";"465.87";"17.53"
"Dulles Airport";"Jul 11, 2026, 01:00:00";"5.69";"411.71";"18.75"
"Dulles Airport";"Jul 11, 2026, 00:00:00";"3.37";"373.48";"17.53"
"Dulles Airport";"Jul 10, 2026, 23:00:00";"3.94";"337.39";"12.79"
"Dulles Airport";"Jul 10, 2026, 22:00:00";"22.07";"292.54";"8.85"
"Dulles Airport";"Jul 10, 2026, 21:00:00";"5.83";"207.55";"7.02"
"Dulles Airport";"Jul 10, 2026, 20:00:00";"8.66";"180.73";"4.96"
"Dulles Airport";"Jul 10, 2026, 19:00:00";"1.05";"166.64";"8.54"
"Dulles Airport";"Jul 10, 2026, 18:00:00";"0";"182.22";"9.44"
"Dulles Airport";"Jul 10, 2026, 17:00:00";"0";"279.23";"11.84"
"Dulles Airport";"Jul 10, 2026, 16:00:00";"0.11";"195.75";"12.99"
"Dulles Airport";"Jul 10, 2026, 15:00:00";"0";"131.45";"11.49"
"Dulles Airport";"Jul 10, 2026, 14:00:00";"1.29";"122.64";"12.54"
"Dulles Airport";"Jul 10, 2026, 13:00:00";"0";"129.88";"13.27"
"Dulles Airport";"Jul 10, 2026, 12:00:00";"0";"161.95";"11.94"
"Dulles Airport";"Jul 10, 2026, 11:00:00";"0";"208.65";"10.31"
"Dulles Airport";"Jul 10, 2026, 10:00:00";"0";"309.77";"9.59"
"Dulles Airport";"Jul 10, 2026, 09:00:00";"0.38";"489.12";"11.26"
"Dulles Airport";"Jul 10, 2026, 08:00:00";"5.86";"666.6";"16.35"
"Dulles Airport";"Jul 10, 2026, 07:00:00";"1.83";"553.76";"0"
"Dulles Airport";"Jul 10, 2026, 06:00:00";"2.28";"485.82";"0"
"Dulles Airport";"Jul 10, 2026, 05:00:00";"1.63";"510.85";"0"
"Dulles Airport";"Jul 10, 2026, 04:00:00";"4.55";"462.92";"0"
"Dulles Airport";"Jul 10, 2026, 03:00:00";"6.22";"524.62";"0"
"Dulles Airport";"Jul 10, 2026, 02:00:00";"12.15";"598.3";"0"
"Dulles Airport";"Jul 10, 2026, 01:00:00";"14.17";"567.43";"0"
"Dulles Airport";"Jul 10, 2026, 00:00:00";"9.46";"525.73";"0"
"Dulles Airport";"Jul 9, 2026, 23:00:00";"1.52";"434.44";"0"
"Dulles Airport";"Jul 9, 2026, 22:00:00";"0.93";"440.85";"0"
"Dulles Airport";"Jul 9, 2026, 21:00:00";"1";"443.21";"2.99"
"Dulles Airport";"Jul 9, 2026, 20:00:00";"0.84";"458.42";"2.41"
"Dulles Airport";"Jul 9, 2026, 19:00:00";"6.45";"617.06";"3.84"
"Dulles Airport";"Jul 9, 2026, 18:00:00";"6.96";"538.74";"8.13"
"Dulles Airport";"Jul 9, 2026, 17:00:00";"9.79";"464.79";"10.42"
"Dulles Airport";"Jul 9, 2026, 16:00:00";"7.58";"222.51";"4.24"
"Dulles Airport";"Jul 9, 2026, 15:00:00";"0";"252.98";"8.68"
"Dulles Airport";"Jul 9, 2026, 14:00:00";"0";"318.72";"10.47"
"Dulles Airport";"Jul 9, 2026, 13:00:00";"0";"413.09";"9.85"
"Dulles Airport";"Jul 9, 2026, 12:00:00";"0";"488.47";"9.99"
"Dulles Airport";"Jul 9, 2026, 11:00:00";"0.11";"584.71";"9.03"
"Dulles Airport";"Jul 9, 2026, 10:00:00";"0.45";"684.07";"8.5"
"Dulles Airport";"Jul 9, 2026, 09:00:00";"2.19";"716.83";"7.86"
"Dulles Airport";"Jul 9, 2026, 08:00:00";"5.77";"688.55";"8.12"
"Dulles Airport";"Jul 9, 2026, 07:00:00";"5.31";"627.27";"8.61"
"Dulles Airport";"Jul 9, 2026, 06:00:00";"3.61";"587.48";"6.95"
"Dulles Airport";"Jul 9, 2026, 05:00:00";"4.36";"589.23";"6.68"
"Dulles Airport";"Jul 9, 2026, 04:00:00";"7.27";"553.21";"6.54"
"Dulles Airport";"Jul 9, 2026, 03:00:00";"5.68";"518.85";"6.95"
"Dulles Airport";"Jul 9, 2026, 02:00:00";"5.87";"474.52";"6.6"
"Dulles Airport";"Jul 9, 2026, 01:00:00";"10.78";"371.65";"9.8"
"Dulles Airport";"Jul 9, 2026, 00:00:00";"20.5";"331.38";"6.77"
"Dulles Airport";"Jul 8, 2026, 23:00:00";"16.64";"279.47";"8.87"
"Dulles Airport";"Jul 8, 2026, 22:00:00";"9.38";"239.62";"7.25"
"Dulles Airport";"Jul 8, 2026, 21:00:00";"2.59";"207.45";"7.66"
"Dulles Airport";"Jul 8, 2026, 20:00:00";"1.61";"164.77";"6.73"
"Dulles Airport";"Jul 8, 2026, 19:00:00";"3.57";"161.33";"6.43"
"Dulles Airport";"Jul 8, 2026, 18:00:00";"0.32";"174.55";"5.83"
"Dulles Airport";"Jul 8, 2026, 17:00:00";"0.07";"181.7";"6.63"
"Dulles Airport";"Jul 8, 2026, 16:00:00";"0";"214.94";"6.04"
"Dulles Airport";"Jul 8, 2026, 15:00:00";"0.35";"256.37";"6.15"
"Dulles Airport";"Jul 8, 2026, 14:00:00";"0.99";"312.02";"5.16"
"Dulles Airport";"Jul 8, 2026, 13:00:00";"1.01";"344.91";"5.03"
"Dulles Airport";"Jul 8, 2026, 12:00:00";"3.06";"395";"4.92"
"Dulles Airport";"Jul 8, 2026, 11:00:00";"3.18";"469.42";"5.08"
"Dulles Airport";"Jul 8, 2026, 10:00:00";"4.94";"507.56";"6.05"
"Dulles Airport";"Jul 8, 2026, 09:00:00";"5.9";"529.59";"6.18"
"Dulles Airport";"Jul 8, 2026, 08:00:00";"6.95";"575.9";"11.49"
"Dulles Airport";"Jul 8, 2026, 07:00:00";"7.92";"576.66";"12.78"
"Dulles Airport";"Jul 8, 2026, 06:00:00";"6.86";"574.15";"12.76"
"Dulles Airport";"Jul 8, 2026, 05:00:00";"5.15";"591.91";"12.94"
"Dulles Airport";"Jul 8, 2026, 04:00:00";"3.31";"629.08";"18.62"
"Dulles Airport";"Jul 8, 2026, 03:00:00";"3.12";"706.66";"20.6"
"Dulles Airport";"Jul 8, 2026, 02:00:00";"2.37";"693.18";"20.94"
"Dulles Airport";"Jul 8, 2026, 01:00:00";"1.69";"657.63";"0"
"Dulles Airport";"Jul 8, 2026, 00:00:00";"0.35";"591.44";"0"
"Dulles Airport";"Jul 7, 2026, 23:00:00";"0.44";"548.95";"0"
"Dulles Airport";"Jul 7, 2026, 22:00:00";"0";"517.28";"0"
"Dulles Airport";"Jul 7, 2026, 21:00:00";"0.21";"525.79";"0"
"Dulles Airport";"Jul 7, 2026, 20:00:00";"0.05";"481.77";"12.27"
"Dulles Airport";"Jul 7, 2026, 19:00:00";"0.16";"328.28";"12.14"
"Dulles Airport";"Jul 7, 2026, 18:00:00";"0";"220.22";"10.75"
"Dulles Airport";"Jul 7, 2026, 17:00:00";"0";"215.59";"11.42"
"Dulles Airport";"Jul 7, 2026, 16:00:00";"0";"247.41";"12.87"
"Dulles Airport";"Jul 7, 2026, 15:00:00";"0";"284.15";"11.27"
"Dulles Airport";"Jul 7, 2026, 14:00:00";"0.46";"314.76";"10.22"
"Dulles Airport";"Jul 7, 2026, 13:00:00";"0.04";"370.76";"7.99"
"Dulles Airport";"Jul 7, 2026, 12:00:00";"0.48";"458.9";"9.27"
"Dulles Airport";"Jul 7, 2026, 11:00:00";"0.59";"545.35";"8.85"
"Dulles Airport";"Jul 7, 2026, 10:00:00";"2.42";"591.79";"13.8"
"Dulles Airport";"Jul 7, 2026, 09:00:00";"4.43";"618.94";"20.71"
"Dulles Airport";"Jul 7, 2026, 08:00:00";"4.07";"619.89";"23.77"
"Dulles Airport";"Jul 7, 2026, 07:00:00";"5.03";"648.08";"30.36"
"Dulles Airport";"Jul 7, 2026, 06:00:00";"2.94";"654.73";"18.36"
"Dulles Airport";"Jul 7, 2026, 05:00:00";"2.41";"647.2";"17.05"
"Dulles Airport";"Jul 7, 2026, 04:00:00";"2.1";"616.28";"11.23"
"Dulles Airport";"Jul 7, 2026, 03:00:00";"3.05";"592.36";"11.79"
"Dulles Airport";"Jul 7, 2026, 02:00:00";"7.6";"605.67";"12.77"
"Dulles Airport";"Jul 7, 2026, 01:00:00";"9.16";"572.42";"9.59"
"Dulles Airport";"Jul 7, 2026, 00:00:00";"4.87";"504.6";"12.04"
"Dulles Airport";"Jul 6, 2026, 23:00:00";"5.57";"378.31";"16.9"
"Dulles Airport";"Jul 6, 2026, 22:00:00";"5.9";"212.75";"10.57"
"Dulles Airport";"Jul 6, 2026, 21:00:00";"0.22";"139.6";"7.17"
"Dulles Airport";"Jul 6, 2026, 20:00:00";"0";"173.8";"10.59"
"Dulles Airport";"Jul 6, 2026, 19:00:00";"0";"178.83";"9.67"
"Dulles Airport";"Jul 6, 2026, 18:00:00";"0";"161.8";"9.7"
"Dulles Airport";"Jul 6, 2026, 17:00:00";"0";"143.84";"11.04"
"Dulles Airport";"Jul 6, 2026, 16:00:00";"0";"150.43";"11.05"
"Dulles Airport";"Jul 6, 2026, 15:00:00";"0";"148.36";"10.97"
"Dulles Airport";"Jul 6, 2026, 14:00:00";"0";"179.24";"10.29"
"Dulles Airport";"Jul 6, 2026, 13:00:00";"0";"226.26";"8.7"
"Dulles Airport";"Jul 6, 2026, 12:00:00";"0.03";"294.95";"7.69"
"Dulles Airport";"Jul 6, 2026, 11:00:00";"0.51";"352.73";"7.15"
"Dulles Airport";"Jul 6, 2026, 10:00:00";"1.13";"381.74";"6.17"
"Dulles Airport";"Jul 6, 2026, 09:00:00";"2.46";"433.04";"5.05"
"Dulles Airport";"Jul 6, 2026, 08:00:00";"6.36";"504.07";"9.24"
"Dulles Airport";"Jul 6, 2026, 07:00:00";"2.91";"479.74";"13.48"
"Dulles Airport";"Jul 6, 2026, 06:00:00";"2.9";"460.48";"14.43"
"Dulles Airport";"Jul 6, 2026, 05:00:00";"1.6";"430.95";"14.86"
"Dulles Airport";"Jul 6, 2026, 04:00:00";"2.26";"406.55";"13.54"
"Dulles Airport";"Jul 6, 2026, 03:00:00";"2.61";"382.62";"11.35"
"Dulles Airport";"Jul 6, 2026, 02:00:00";"2.84";"347.66";"9.55"
"Dulles Airport";"Jul 6, 2026, 01:00:00";"2.77";"310.26";"8.82"
"Dulles Airport";"Jul 6, 2026, 00:00:00";"4.65";"202.36";"6.24"
"Dulles Airport";"Jul 5, 2026, 23:00:00";"1.83";"112.37";"7.94"
"Dulles Airport";"Jul 5, 2026, 22:00:00";"2.97";"78.45";"9.07"
"Dulles Airport";"Jul 5, 2026, 21:00:00";"3.32";"52.73";"7.77"
"Dulles Airport";"Jul 5, 2026, 20:00:00";"4.87";"53.67";"10.82"
"Dulles Airport";"Jul 5, 2026, 19:00:00";"0";"67.18";"17.94"
"Dulles Airport";"Jul 5, 2026, 18:00:00";"0";"36.71";"17.36"
"Dulles Airport";"Jul 5, 2026, 17:00:00";"0";"12.6";"14.19"
"Dulles Airport";"Jul 5, 2026, 16:00:00";"0";"8.26";"12.2"
"Dulles Airport";"Jul 5, 2026, 15:00:00";"0";"11.61";"11.73"
"Dulles Airport";"Jul 5, 2026, 14:00:00";"0";"12.67";"9.97"
"Dulles Airport";"Jul 5, 2026, 13:00:00";"0";"26.47";"10.17"
"Dulles Airport";"Jul 5, 2026, 12:00:00";"0";"53.65";"9.98"
"Dulles Airport";"Jul 5, 2026, 11:00:00";"0";"97.36";"10.22"
"Dulles Airport";"Jul 5, 2026, 10:00:00";"2.64";"131.75";"7.6"
"Dulles Airport";"Jul 5, 2026, 09:00:00";"0";"188.96";"6.84"
"Dulles Airport";"Jul 5, 2026, 08:00:00";"1.39";"337.86";"9.82"
"Dulles Airport";"Jul 5, 2026, 07:00:00";"1.38";"345.98";"13.74"
"Dulles Airport";"Jul 5, 2026, 06:00:00";"2.31";"331.53";"12.31"
"Dulles Airport";"Jul 5, 2026, 05:00:00";"2.66";"317.12";"14.7"
"Dulles Airport";"Jul 5, 2026, 04:00:00";"4.35";"304.09";"16.17"
"Dulles Airport";"Jul 5, 2026, 03:00:00";"17.01";"288.61";"16.61"
"Dulles Airport";"Jul 5, 2026, 02:00:00";"4.79";"206.86";"13.54"
"Dulles Airport";"Jul 5, 2026, 01:00:00";"1.39";"181.73";"13.67"
"Dulles Airport";"Jul 5, 2026, 00:00:00";"2.06";"173.17";"13.1"
"Dulles Airport";"Jul 4, 2026, 23:00:00";"6.59";"194.06";"14.73"
"Dulles Airport";"Jul 4, 2026, 22:00:00";"8.84";"143";"7.45"
"Dulles Airport";"Jul 4, 2026, 21:00:00";"4.93";"63.02";"5.91"
"Dulles Airport";"Jul 4, 2026, 20:00:00";"0.09";"33.46";"7.66"
"Dulles Airport";"Jul 4, 2026, 19:00:00";"0";"39.72";"12.6"
"Dulles Airport";"Jul 4, 2026, 18:00:00";"0";"22.68";"15.6"
"Dulles Airport";"Jul 4, 2026, 17:00:00";"0";"2.78";"12.57"
"Dulles Airport";"Jul 4, 2026, 16:00:00";"0";"2.55";"12.16"
"Dulles Airport";"Jul 4, 2026, 15:00:00";"0";"2.56";"11.04"
"Dulles Airport";"Jul 4, 2026, 14:00:00";"0";"2.03";"8.78"
"Dulles Airport";"Jul 4, 2026, 13:00:00";"0";"10.42";"7.99"
"Dulles Airport";"Jul 4, 2026, 12:00:00";"0";"40.86";"8.41"
"Dulles Airport";"Jul 4, 2026, 11:00:00";"0";"73.46";"9.7"
"Dulles Airport";"Jul 4, 2026, 10:00:00";"0";"105.76";"9.19"
"Dulles Airport";"Jul 4, 2026, 09:00:00";"0";"94.53";"6.67"
"Dulles Airport";"Jul 4, 2026, 08:00:00";"0";"95.22";"4.81"
"Dulles Airport";"Jul 4, 2026, 07:00:00";"0";"115.02";"5.98"
"Dulles Airport";"Jul 4, 2026, 06:00:00";"0";"165.41";"7.98"
"Dulles Airport";"Jul 4, 2026, 05:00:00";"0";"225.29";"9.91"
"Dulles Airport";"Jul 4, 2026, 04:00:00";"0";"282.85";"12.85"
"Dulles Airport";"Jul 4, 2026, 03:00:00";"0";"269.95";"13.34"
"Dulles Airport";"Jul 4, 2026, 02:00:00";"0";"244.15";"12.89"
"Dulles Airport";"Jul 4, 2026, 01:00:00";"0";"249.73";"11.71"
"Dulles Airport";"Jul 4, 2026, 00:00:00";"0";"240.06";"13.64"
"Dulles Airport";"Jul 3, 2026, 23:00:00";"0";"193.01";"13.37"
"Dulles Airport";"Jul 3, 2026, 22:00:00";"0";"152.2";"11.97"
"Dulles Airport";"Jul 3, 2026, 21:00:00";"0";"95.19";"14.16"
"Dulles Airport";"Jul 3, 2026, 20:00:00";"0";"60.21";"14.97"
"Dulles Airport";"Jul 3, 2026, 19:00:00";"0";"42";"14.43"
"Dulles Airport";"Jul 3, 2026, 18:00:00";"0";"37.92";"14.13"
"Dulles Airport";"Jul 3, 2026, 17:00:00";"0";"35.24";"13.7"
"Dulles Airport";"Jul 3, 2026, 16:00:00";"0";"33.51";"12.86"
"Dulles Airport";"Jul 3, 2026, 15:00:00";"0";"34.26";"12.81"
"Dulles Airport";"Jul 3, 2026, 14:00:00";"0";"39.14";"12.35"
"Dulles Airport";"Jul 3, 2026, 13:00:00";"0";"57.93";"12.47"
"Dulles Airport";"Jul 3, 2026, 12:00:00";"0";"106.98";"14.73"
"Dulles Airport";"Jul 3, 2026, 11:00:00";"0";"172.82";"15.86"
"Dulles Airport";"Jul 3, 2026, 10:00:00";"0";"253.38";"14.8"
"Dulles Airport";"Jul 3, 2026, 09:00:00";"0";"276.06";"15.74"
"Dulles Airport";"Jul 3, 2026, 08:00:00";"0";"328";"14.55"
"Dulles Airport";"Jul 3, 2026, 07:00:00";"0.48";"347.03";"13.92"
"Dulles Airport";"Jul 3, 2026, 06:00:00";"0.65";"324.52";"14.79"
"Dulles Airport";"Jul 3, 2026, 05:00:00";"0.56";"258.44";"13.79"
"Dulles Airport";"Jul 3, 2026, 04:00:00";"0.21";"222.7";"12.55"
"Dulles Airport";"Jul 3, 2026, 03:00:00";"0.03";"204.18";"11.89"
"Dulles Airport";"Jul 3, 2026, 02:00:00";"0";"179.48";"12.21"
"Dulles Airport";"Jul 3, 2026, 01:00:00";"0";"188.52";"11.83"
"Dulles Airport";"Jul 3, 2026, 00:00:00";"0";"238.53";"11.82"
"Dulles Airport";"Jul 2, 2026, 23:00:00";"1.22";"188.01";"11.62"
"Dulles Airport";"Jul 2, 2026, 22:00:00";"4.98";"141.05";"11.73"
"Dulles Airport";"Jul 2, 2026, 21:00:00";"0";"109.63";"14.35"
"Dulles Airport";"Jul 2, 2026, 20:00:00";"0";"85.48";"16.31"
"Dulles Airport";"Jul 2, 2026, 19:00:00";"0";"49.81";"16.58"
"Dulles Airport";"Jul 2, 2026, 18:00:00";"0";"44.93";"17.46"
"Dulles Airport";"Jul 2, 2026, 17:00:00";"0";"42.36";"17.08"
"Dulles Airport";"Jul 2, 2026, 16:00:00";"0";"52.26";"18.18"
"Dulles Airport";"Jul 2, 2026, 15:00:00";"0";"52.43";"18.17"
"Dulles Airport";"Jul 2, 2026, 14:00:00";"0";"80.66";"18.33"
"Dulles Airport";"Jul 2, 2026, 13:00:00";"0";"118.4";"20.57"
"Dulles Airport";"Jul 2, 2026, 12:00:00";"0";"148.35";"21.65"
"Dulles Airport";"Jul 2, 2026, 11:00:00";"0";"198.85";"18.82"
"Dulles Airport";"Jul 2, 2026, 10:00:00";"0";"280.84";"16.32"
"Dulles Airport";"Jul 2, 2026, 09:00:00";"0";"374.62";"14.89"
"Dulles Airport";"Jul 2, 2026, 08:00:00";"1.54";"542.67";"12.88"
"Dulles Airport";"Jul 2, 2026, 07:00:00";"2.7";"570.29";"18.27"
"Dulles Airport";"Jul 2, 2026, 06:00:00";"2.03";"496.27";"18.58"
"Dulles Airport";"Jul 2, 2026, 05:00:00";"2.93";"460.2";"18.68"
"Dulles Airport";"Jul 2, 2026, 04:00:00";"8.51";"433.74";"18.56"
"Dulles Airport";"Jul 2, 2026, 03:00:00";"3.48";"407.78";"16.89"
"Dulles Airport";"Jul 2, 2026, 02:00:00";"1.73";"369.58";"15.14"
"Dulles Airport";"Jul 2, 2026, 01:00:00";"15.68";"349.52";"13.73"
"Dulles Airport";"Jul 2, 2026, 00:00:00";"7.26";"287.4";"13.83"
"Dulles Airport";"Jul 1, 2026, 23:00:00";"0";"210.82";"13.9"
"Dulles Airport";"Jul 1, 2026, 22:00:00";"0.04";"161.38";"14.22"
"Dulles Airport";"Jul 1, 2026, 21:00:00";"0";"116.28";"16.26"
"Dulles Airport";"Jul 1, 2026, 20:00:00";"0";"82.39";"18.14"
"Dulles Airport";"Jul 1, 2026, 19:00:00";"0";"69.71";"18.13"
"Dulles Airport";"Jul 1, 2026, 18:00:00";"0";"70.63";"17.95"
"Dulles Airport";"Jul 1, 2026, 17:00:00";"0";"79.67";"17.9"
"Dulles Airport";"Jul 1, 2026, 16:00:00";"0";"92";"17.44"
"Dulles Airport";"Jul 1, 2026, 15:00:00";"0";"101.49";"17.03"
"Dulles Airport";"Jul 1, 2026, 14:00:00";"0";"111.88";"16.35"
"Dulles Airport";"Jul 1, 2026, 13:00:00";"0";"151.84";"14.66"
"Dulles Airport";"Jul 1, 2026, 12:00:00";"0";"171.2";"12.94"
"Dulles Airport";"Jul 1, 2026, 11:00:00";"0";"169.59";"9.4"
"Dulles Airport";"Jul 1, 2026, 10:00:00";"0.66";"182.73";"6.57"
"Dulles Airport";"Jul 1, 2026, 09:00:00";"2.06";"174.96";"5.32"
"Dulles Airport";"Jul 1, 2026, 08:00:00";"9.76";"166.56";"4.71"
"Dulles Airport";"Jul 1, 2026, 07:00:00";"13.94";"154";"4.26"
"Dulles Airport";"Jul 1, 2026, 06:00:00";"8.41";"139.65";"4.08"
"Dulles Airport";"Jul 1, 2026, 05:00:00";"6.41";"127.28";"3.79"
"Dulles Airport";"Jul 1, 2026, 04:00:00";"6.09";"109.56";"4"
"Dulles Airport";"Jul 1, 2026, 03:00:00";"7.23";"90.68";"3.77"
"Dulles Airport";"Jul 1, 2026, 02:00:00";"6.03";"82.68";"3.4"
"Dulles Airport";"Jul 1, 2026, 01:00:00";"11.1";"74.98";"3.41"
"Dulles Airport";"Jul 1, 2026, 00:00:00";"24.47";"67.71";"3.08"
"Dulles Airport";"Jun 30, 2026, 23:00:00";"12.39";"60.66";"3.09"
"Dulles Airport";"Jun 30, 2026, 22:00:00";"11.05";"53.76";"3.44"
"Dulles Airport";"Jun 30, 2026, 21:00:00";"5.75";"57.69";"4.09"
"Dulles Airport";"Jun 30, 2026, 20:00:00";"3.06";"67.99";"5.09"
"Dulles Airport";"Jun 30, 2026, 19:00:00";"0";"72.93";"5.84"
"Dulles Airport";"Jun 30, 2026, 18:00:00";"0";"80.29";"6.27"
"Dulles Airport";"Jun 30, 2026, 17:00:00";"0";"92.45";"6.47"
"Dulles Airport";"Jun 30, 2026, 16:00:00";"0";"94.78";"6.71"
"Dulles Airport";"Jun 30, 2026, 15:00:00";"0";"97.67";"6.81"
"Dulles Airport";"Jun 30, 2026, 14:00:00";"0";"108.01";"5.84"
"Dulles Airport";"Jun 30, 2026, 13:00:00";"0";"125.26";"6.29"
"Dulles Airport";"Jun 30, 2026, 12:00:00";"0";"176.61";"5.96"
"Dulles Airport";"Jun 30, 2026, 11:00:00";"0";"230.6";"6.23"
"Dulles Airport";"Jun 30, 2026, 10:00:00";"1.57";"322.34";"6.15"
"Dulles Airport";"Jun 30, 2026, 09:00:00";"7.91";"414.02";"7.24"
"Dulles Airport";"Jun 30, 2026, 08:00:00";"12.63";"441.33";"9.3"
"Dulles Airport";"Jun 30, 2026, 07:00:00";"14.53";"375.77";"13.57"
"Dulles Airport";"Jun 30, 2026, 06:00:00";"5.76";"305.65";"15.09"
"Dulles Airport";"Jun 30, 2026, 05:00:00";"4.5";"311.07";"12.58"
"Dulles Airport";"Jun 30, 2026, 04:00:00";"5.17";"282.8";"11.53"
"Dulles Airport";"Jun 30, 2026, 03:00:00";"13.01";"274.53";"11.52"
"Dulles Airport";"Jun 30, 2026, 02:00:00";"7.32";"248.83";"12.38"
"Dulles Airport";"Jun 30, 2026, 01:00:00";"26.2";"225.06";"11.56"
"Dulles Airport";"Jun 30, 2026, 00:00:00";"21.53";"176.23";"9.25"
"Dulles Airport";"Jun 29, 2026, 23:00:00";"15.71";"137.25";"6.26"
"Dulles Airport";"Jun 29, 2026, 22:00:00";"8.51";"130.33";"6.45"
"Dulles Airport";"Jun 29, 2026, 21:00:00";"4.3";"108.23";"6.81"
"Dulles Airport";"Jun 29, 2026, 20:00:00";"2.6";"92.47";"6.73"
"Dulles Airport";"Jun 29, 2026, 19:00:00";"1.1";"96.3";"9.54"
"Dulles Airport";"Jun 29, 2026, 18:00:00";"0";"111.44";"11.62"
"Dulles Airport";"Jun 29, 2026, 17:00:00";"0";"133.39";"8.77"
"Dulles Airport";"Jun 29, 2026, 16:00:00";"0.28";"118.92";"7.13"
"Dulles Airport";"Jun 29, 2026, 15:00:00";"0";"115.98";"6.61"
"Dulles Airport";"Jun 29, 2026, 14:00:00";"0";"150.89";"6.08"
"Dulles Airport";"Jun 29, 2026, 13:00:00";"0";"210.72";"7.15"
"Dulles Airport";"Jun 29, 2026, 12:00:00";"0";"325.77";"9.1"
"Dulles Airport";"Jun 29, 2026, 11:00:00";"2";"432.08";"8.95"
"Dulles Airport";"Jun 29, 2026, 10:00:00";"6.48";"587.17";"18.1"
"Dulles Airport";"Jun 29, 2026, 09:00:00";"7.98";"687.47";"20.87"
"Dulles Airport";"Jun 29, 2026, 08:00:00";"2.45";"712.86";"15.92"
"Dulles Airport";"Jun 29, 2026, 07:00:00";"1";"593.46";"16.65"
"Dulles Airport";"Jun 29, 2026, 06:00:00";"1.39";"516.69";"0"
"Dulles Airport";"Jun 29, 2026, 05:00:00";"0.75";"458.72";"0"
"Dulles Airport";"Jun 29, 2026, 04:00:00";"0.83";"488.7";"0"
"Dulles Airport";"Jun 29, 2026, 03:00:00";"0.38";"538.51";"0"
"Dulles Airport";"Jun 29, 2026, 02:00:00";"0.69";"553.93";"11.94"
"Dulles Airport";"Jun 29, 2026, 01:00:00";"3.09";"512.82";"13.39"
"Dulles Airport";"Jun 29, 2026, 00:00:00";"0.74";"498.62";"0"
"Dulles Airport";"Jun 28, 2026, 23:00:00";"0.29";"457.48";"0"
"Dulles Airport";"Jun 28, 2026, 22:00:00";"0.27";"460.08";"0"
"Dulles Airport";"Jun 28, 2026, 21:00:00";"0.49";"472.26";"0"
"Dulles Airport";"Jun 28, 2026, 20:00:00";"0.37";"426.92";"3.29"
"Dulles Airport";"Jun 28, 2026, 19:00:00";"0";"418.28";"2.73"
"Dulles Airport";"Jun 28, 2026, 18:00:00";"1.62";"478.14";"2.41"
"Dulles Airport";"Jun 28, 2026, 17:00:00";"2.14";"508.08";"2.44"
"Dulles Airport";"Jun 28, 2026, 16:00:00";"3.89";"521.76";"2.56"
"Dulles Airport";"Jun 28, 2026, 15:00:00";"2.99";"539.59";"2.46"
"Dulles Airport";"Jun 28, 2026, 14:00:00";"3.72";"579.86";"2.42"
"Dulles Airport";"Jun 28, 2026, 13:00:00";"4.18";"596.47";"2.8"
"Dulles Airport";"Jun 28, 2026, 12:00:00";"4.77";"601.4";"3.87"
"Dulles Airport";"Jun 28, 2026, 11:00:00";"4.2";"577.64";"7.15"
"Dulles Airport";"Jun 28, 2026, 10:00:00";"3.9";"589.96";"9.42"
"Dulles Airport";"Jun 28, 2026, 09:00:00";"4.34";"581.21";"21.98"
"Dulles Airport";"Jun 28, 2026, 08:00:00";"4.41";"575.03";"31.38"
"Dulles Airport";"Jun 28, 2026, 07:00:00";"3.95";"552.77";"32.08"
"Dulles Airport";"Jun 28, 2026, 06:00:00";"3.07";"543.65";"28.14"
"Dulles Airport";"Jun 28, 2026, 05:00:00";"3.97";"537.66";"27.33"
"Dulles Airport";"Jun 28, 2026, 04:00:00";"3.82";"523.86";"24.27"
"Dulles Airport";"Jun 28, 2026, 03:00:00";"3.88";"514.19";"27.69"
"Dulles Airport";"Jun 28, 2026, 02:00:00";"3.7";"510.11";"33.54"
"Dulles Airport";"Jun 28, 2026, 01:00:00";"4.7";"500.57";"29.6"
"Dulles Airport";"Jun 28, 2026, 00:00:00";"6.79";"474.55";"27.66"
"Dulles Airport";"Jun 27, 2026, 23:00:00";"6.65";"444.67";"19.92"
"Dulles Airport";"Jun 27, 2026, 22:00:00";"6.53";"383.16";"16.6"
"Dulles Airport";"Jun 27, 2026, 21:00:00";"2.28";"304.78";"9.59"
"Dulles Airport";"Jun 27, 2026, 20:00:00";"0.86";"192.74";"4.72"
"Dulles Airport";"Jun 27, 2026, 19:00:00";"0.2";"186.67";"4.81"
"Dulles Airport";"Jun 27, 2026, 18:00:00";"0.27";"158.85";"4.61"
"Dulles Airport";"Jun 27, 2026, 17:00:00";"0.66";"144.44";"3.59"
"Dulles Airport";"Jun 27, 2026, 16:00:00";"0.01";"143.8";"3.46"
"Dulles Airport";"Jun 27, 2026, 15:00:00";"0";"149.43";"4.34"
"Dulles Airport";"Jun 27, 2026, 14:00:00";"1.7";"157.47";"4.38"
"Dulles Airport";"Jun 27, 2026, 13:00:00";"0";"209.19";"4.62"
"Dulles Airport";"Jun 27, 2026, 12:00:00";"1.19";"277.61";"5.21"
"Dulles Airport";"Jun 27, 2026, 11:00:00";"0.41";"430.63";"5.17"
"Dulles Airport";"Jun 27, 2026, 10:00:00";"2.49";"503.98";"6.25"
"Dulles Airport";"Jun 27, 2026, 09:00:00";"11.72";"520.47";"9.87"
"Dulles Airport";"Jun 27, 2026, 08:00:00";"5.26";"570.18";"15.17"
"Dulles Airport";"Jun 27, 2026, 07:00:00";"3.34";"509.03";"14.46"
"Dulles Airport";"Jun 27, 2026, 06:00:00";"4.03";"491.12";"11.39"
"Dulles Airport";"Jun 27, 2026, 05:00:00";"3.11";"398.24";"12.45"
"Dulles Airport";"Jun 27, 2026, 04:00:00";"2.02";"385.3";"11.13"
"Dulles Airport";"Jun 27, 2026, 03:00:00";"2.04";"389.76";"11.37"
"Dulles Airport";"Jun 27, 2026, 02:00:00";"2.18";"372.13";"9.55"
"Dulles Airport";"Jun 27, 2026, 01:00:00";"8.27";"372.19";"9.14"
"Dulles Airport";"Jun 27, 2026, 00:00:00";"19.17";"416.91";"7.52"
"Dulles Airport";"Jun 26, 2026, 23:00:00";"15.1";"349.81";"10.46"
"Dulles Airport";"Jun 26, 2026, 22:00:00";"10.18";"301.33";"8.06"
"Dulles Airport";"Jun 26, 2026, 21:00:00";"12.78";"277.03";"7.06"
"Dulles Airport";"Jun 26, 2026, 20:00:00";"17.18";"238.07";"5.28"
"Dulles Airport";"Jun 26, 2026, 19:00:00";"18.6";"232.97";"5.13"
"Dulles Airport";"Jun 26, 2026, 18:00:00";"7.28";"166.95";"5.2"
"Dulles Airport";"Jun 26, 2026, 17:00:00";"1.65";"55.35";"3.14"
"Dulles Airport";"Jun 26, 2026, 16:00:00";"0.26";"43.7";"3.3"
"Dulles Airport";"Jun 26, 2026, 15:00:00";"0";"45.12";"3.28"
"Dulles Airport";"Jun 26, 2026, 14:00:00";"0";"58.11";"3.13"
"Dulles Airport";"Jun 26, 2026, 13:00:00";"0";"63.38";"2.75"
"Dulles Airport";"Jun 26, 2026, 12:00:00";"0";"67.49";"2.97"
"Dulles Airport";"Jun 26, 2026, 11:00:00";"0";"82.66";"3.08"
"Dulles Airport";"Jun 26, 2026, 10:00:00";"8.79";"110.91";"4.72"
"Dulles Airport";"Jun 26, 2026, 09:00:00";"11.04";"133.45";"4.91"
"Dulles Airport";"Jun 26, 2026, 08:00:00";"13.9";"148.78";"7.32"
"Dulles Airport";"Jun 26, 2026, 07:00:00";"7.48";"115.98";"4.12"
"Dulles Airport";"Jun 26, 2026, 06:00:00";"8.61";"93.04";"3.53"
"Dulles Airport";"Jun 26, 2026, 05:00:00";"5.68";"75.93";"3.22"
"Dulles Airport";"Jun 26, 2026, 04:00:00";"6.2";"61.12";"3.28"
"Dulles Airport";"Jun 26, 2026, 03:00:00";"6.26";"52.31";"2.68"
"Dulles Airport";"Jun 26, 2026, 02:00:00";"6.83";"52.51";"2.53"
"Dulles Airport";"Jun 26, 2026, 01:00:00";"12.28";"53.15";"2.71"
"Dulles Airport";"Jun 26, 2026, 00:00:00";"34.39";"38.71";"2.85"
"Dulles Airport";"Jun 25, 2026, 23:00:00";"22.95";"31.78";"2.55"
"Dulles Airport";"Jun 25, 2026, 22:00:00";"18.8";"27.56";"2.43"
"Dulles Airport";"Jun 25, 2026, 21:00:00";"8.53";"22.59";"2.23"
"Dulles Airport";"Jun 25, 2026, 20:00:00";"11.57";"20.45";"2.29"
"Dulles Airport";"Jun 25, 2026, 19:00:00";"4.54";"16.51";"2.26"
"Dulles Airport";"Jun 25, 2026, 18:00:00";"0.95";"15.18";"2.07"
"Dulles Airport";"Jun 25, 2026, 17:00:00";"0";"16.09";"3.1"
"Dulles Airport";"Jun 25, 2026, 16:00:00";"0.18";"21.63";"2.1"
"Dulles Airport";"Jun 25, 2026, 15:00:00";"1.26";"23.61";"3.93"
"Dulles Airport";"Jun 25, 2026, 14:00:00";"0.29";"31.53";"3.02"
"Dulles Airport";"Jun 25, 2026, 13:00:00";"0.03";"40.41";"2.18"
"Dulles Airport";"Jun 25, 2026, 12:00:00";"0";"53.21";"3.1"
"Dulles Airport";"Jun 25, 2026, 11:00:00";"0.05";"71.35";"3.17"
"Dulles Airport";"Jun 25, 2026, 10:00:00";"5.11";"117.42";"2.39"
"Dulles Airport";"Jun 25, 2026, 09:00:00";"10.6";"171.13";"3.59"
"Dulles Airport";"Jun 25, 2026, 08:00:00";"12.76";"213.1";"4.95"
"Dulles Airport";"Jun 25, 2026, 07:00:00";"7.02";"169.05";"6.16"
"Dulles Airport";"Jun 25, 2026, 06:00:00";"7.57";"146.34";"6.4"
"Dulles Airport";"Jun 25, 2026, 05:00:00";"5.95";"120.1";"5.46"
"Dulles Airport";"Jun 25, 2026, 04:00:00";"8.07";"123.24";"5.55"
"Dulles Airport";"Jun 25, 2026, 03:00:00";"9.59";"103.23";"4.5"
"Dulles Airport";"Jun 25, 2026, 02:00:00";"15.95";"89.68";"3.12"
"Dulles Airport";"Jun 25, 2026, 01:00:00";"20.09";"73.55";"1.93"
"Dulles Airport";"Jun 25, 2026, 00:00:00";"15.06";"61.66";"1.96"
"Dulles Airport";"Jun 24, 2026, 23:00:00";"16.81";"49.73";"1.37"
"Dulles Airport";"Jun 24, 2026, 22:00:00";"9.81";"38.12";"1.17"
"Dulles Airport";"Jun 24, 2026, 21:00:00";"4.28";"25.35";"1.08"
"Dulles Airport";"Jun 24, 2026, 20:00:00";"1.93";"7.22";"1.04"
"Dulles Airport";"Jun 24, 2026, 19:00:00";"2.43";"1.3";"0.94"
"Dulles Airport";"Jun 24, 2026, 18:00:00";"0.14";"1.36";"0.9"
"Dulles Airport";"Jun 24, 2026, 17:00:00";"0.15";"3.98";"1.08"
"Dulles Airport";"Jun 24, 2026, 16:00:00";"0.02";"5.4";"1.11"
"Dulles Airport";"Jun 24, 2026, 15:00:00";"0.25";"5.67";"1.1"
"Dulles Airport";"Jun 24, 2026, 14:00:00";"0.19";"6.08";"1.26"
"Dulles Airport";"Jun 24, 2026, 13:00:00";"0.56";"9.31";"1.16"
"Dulles Airport";"Jun 24, 2026, 12:00:00";"0.09";"17.12";"1.29"
"Dulles Airport";"Jun 24, 2026, 11:00:00";"0.46";"35.4";"1.52"
"Dulles Airport";"Jun 24, 2026, 10:00:00";"3.48";"53.75";"1.56"
"Dulles Airport";"Jun 24, 2026, 09:00:00";"4.34";"75.76";"1.38"
"Dulles Airport";"Jun 24, 2026, 08:00:00";"5.44";"87.99";"1.4"
"Dulles Airport";"Jun 24, 2026, 07:00:00";"3.83";"73.77";"2.59"
"Dulles Airport";"Jun 24, 2026, 06:00:00";"3.75";"57.97";"1.64"
"Dulles Airport";"Jun 24, 2026, 05:00:00";"3.55";"54.23";"1.17"
"Dulles Airport";"Jun 24, 2026, 04:00:00";"2.83";"64.99";"1.22"
"Dulles Airport";"Jun 24, 2026, 03:00:00";"2.6";"103.4";"1.26"
"Dulles Airport";"Jun 24, 2026, 02:00:00";"2.96";"145.05";"2.85"
"Dulles Airport";"Jun 24, 2026, 01:00:00";"2.03";"152.96";"4.39"
"Dulles Airport";"Jun 24, 2026, 00:00:00";"2.22";"154.48";"0"
"Dulles Airport";"Jun 23, 2026, 23:00:00";"1.91";"139.39";"13.35"
"Dulles Airport";"Jun 23, 2026, 22:00:00";"1.62";"127.97";"1.69"
"Dulles Airport";"Jun 23, 2026, 21:00:00";"1.02";"124.58";"1.15"
"Dulles Airport";"Jun 23, 2026, 20:00:00";"1.93";"94.64";"0.6"
"Dulles Airport";"Jun 23, 2026, 19:00:00";"1.86";"107.59";"0.67"
"Dulles Airport";"Jun 23, 2026, 18:00:00";"3.37";"152.53";"0.67"
"Dulles Airport";"Jun 23, 2026, 17:00:00";"5.35";"208.07";"0.57"
"Dulles Airport";"Jun 23, 2026, 16:00:00";"7.44";"287.13";"0.78"
"Dulles Airport";"Jun 23, 2026, 15:00:00";"4.76";"299.66";"1.25"
"Dulles Airport";"Jun 23, 2026, 14:00:00";"4.67";"337.81";"1.08"
"Dulles Airport";"Jun 23, 2026, 13:00:00";"3.93";"360.44";"1.15"
"Dulles Airport";"Jun 23, 2026, 12:00:00";"4.68";"392.95";"2.55"
"Dulles Airport";"Jun 23, 2026, 11:00:00";"4.64";"423.76";"6.19"
"Dulles Airport";"Jun 23, 2026, 10:00:00";"6.35";"422";"7.79"
"Dulles Airport";"Jun 23, 2026, 09:00:00";"5.92";"392.51";"5.21"
"Dulles Airport";"Jun 23, 2026, 08:00:00";"4.72";"430.03";"4.64"
"Dulles Airport";"Jun 23, 2026, 07:00:00";"4.09";"420.46";"0"
"Dulles Airport";"Jun 23, 2026, 06:00:00";"0.76";"401.7";"0"
"Dulles Airport";"Jun 23, 2026, 05:00:00";"1.79";"398.14";"6.68"
"Dulles Airport";"Jun 23, 2026, 04:00:00";"1.22";"410.6";"4.81"
"Dulles Airport";"Jun 23, 2026, 03:00:00";"3.64";"409.95";"4.26"
"Dulles Airport";"Jun 23, 2026, 02:00:00";"5.34";"427.38";"3.71"
"Dulles Airport";"Jun 23, 2026, 01:00:00";"9.08";"402.06";"3.09"
"Dulles Airport";"Jun 23, 2026, 00:00:00";"15.79";"391.55";"2.35"
"Dulles Airport";"Jun 22, 2026, 23:00:00";"13.55";"393.45";"3.22"
"Dulles Airport";"Jun 22, 2026, 22:00:00";"9.75";"392.9";"4.2"
"Dulles Airport";"Jun 22, 2026, 21:00:00";"20.29";"362.5";"4.75"
"Dulles Airport";"Jun 22, 2026, 20:00:00";"17.39";"367.08";"7.22"
"Dulles Airport";"Jun 22, 2026, 19:00:00";"7.32";"273.04";"7.82"
"Dulles Airport";"Jun 22, 2026, 18:00:00";"1.54";"214.32";"6.99"
"Dulles Airport";"Jun 22, 2026, 17:00:00";"4.64";"99.29";"5.58"
"Dulles Airport";"Jun 22, 2026, 16:00:00";"0";"54.48";"4.97"
"Dulles Airport";"Jun 22, 2026, 15:00:00";"0";"56.99";"4.6"
"Dulles Airport";"Jun 22, 2026, 14:00:00";"0";"67.09";"4.52"
"Dulles Airport";"Jun 22, 2026, 13:00:00";"2.42";"66.9";"4.78"
"Dulles Airport";"Jun 22, 2026, 12:00:00";"0.23";"71.19";"4.23"
"Dulles Airport";"Jun 22, 2026, 11:00:00";"0.07";"94.4";"4.15"
"Dulles Airport";"Jun 22, 2026, 10:00:00";"4.39";"135.29";"3.86"
"Dulles Airport";"Jun 22, 2026, 09:00:00";"12.96";"152";"2.76"
"Dulles Airport";"Jun 22, 2026, 08:00:00";"12.97";"154.91";"3.34"
"Dulles Airport";"Jun 22, 2026, 07:00:00";"7.12";"120.33";"4.17"
"Dulles Airport";"Jun 22, 2026, 06:00:00";"6.73";"99.64";"3.15"
"Dulles Airport";"Jun 22, 2026, 05:00:00";"6.39";"91.29";"3.06"
"Dulles Airport";"Jun 22, 2026, 04:00:00";"7.8";"77.03";"2.64"
"Dulles Airport";"Jun 22, 2026, 03:00:00";"9";"59.21";"2.46"
"Dulles Airport";"Jun 22, 2026, 02:00:00";"9.25";"44.27";"2.23"
"Dulles Airport";"Jun 22, 2026, 01:00:00";"4.9";"37.06";"2.3"
"Dulles Airport";"Jun 22, 2026, 00:00:00";"3.73";"31.78";"1.91"
"Dulles Airport";"Jun 21, 2026, 23:00:00";"3.41";"27.47";"2.02"
"Dulles Airport";"Jun 21, 2026, 22:00:00";"2.8";"17.31";"1.61"
"Dulles Airport";"Jun 21, 2026, 21:00:00";"3.77";"4.69";"1.36"
"Dulles Airport";"Jun 21, 2026, 20:00:00";"2.38";"0";"1.34"
"Dulles Airport";"Jun 21, 2026, 19:00:00";"1.47";"0";"1.2"
"Dulles Airport";"Jun 21, 2026, 18:00:00";"0.07";"0";"1.18"
"Dulles Airport";"Jun 21, 2026, 17:00:00";"0";"0";"1.32"
"Dulles Airport";"Jun 21, 2026, 16:00:00";"0";"0";"1.56"
"Dulles Airport";"Jun 21, 2026, 15:00:00";"0.09";"2.02";"1.57"
"Dulles Airport";"Jun 21, 2026, 14:00:00";"0.09";"3.51";"1.4"
"Dulles Airport";"Jun 21, 2026, 13:00:00";"0";"3.59";"1.37"
"Dulles Airport";"Jun 21, 2026, 12:00:00";"0";"12.91";"1.66"
"Dulles Airport";"Jun 21, 2026, 11:00:00";"0.1";"27.77";"2.42"
"Dulles Airport";"Jun 21, 2026, 10:00:00";"1.3";"43.47";"1.94"
"Dulles Airport";"Jun 21, 2026, 09:00:00";"3.15";"53.02";"1.11"
"Dulles Airport";"Jun 21, 2026, 08:00:00";"4.23";"58.56";"1.09"
"Dulles Airport";"Jun 21, 2026, 07:00:00";"5.07";"49.77";"1.19"
"Dulles Airport";"Jun 21, 2026, 06:00:00";"4.74";"46.18";"1.08"
"Dulles Airport";"Jun 21, 2026, 05:00:00";"3.93";"47.6";"0.99"
"Dulles Airport";"Jun 21, 2026, 04:00:00";"5.23";"43.23";"1.01"
"Dulles Airport";"Jun 21, 2026, 03:00:00";"5.22";"38.53";"0.81"
"Dulles Airport";"Jun 21, 2026, 02:00:00";"3.13";"33.71";"1.12"
"Dulles Airport";"Jun 21, 2026, 01:00:00";"3.31";"31.03";"0.77"
"Dulles Airport";"Jun 21, 2026, 00:00:00";"3.72";"22.46";"0.87"
"Dulles Airport";"Jun 20, 2026, 23:00:00";"3.69";"10.78";"1.14"
"Dulles Airport";"Jun 20, 2026, 22:00:00";"4.98";"5.49";"1.05"
"Dulles Airport";"Jun 20, 2026, 21:00:00";"4.09";"0";"0.83"
"Dulles Airport";"Jun 20, 2026, 20:00:00";"1.82";"0";"0.75"
"Dulles Airport";"Jun 20, 2026, 19:00:00";"0.22";"0";"0.65"
"Dulles Airport";"Jun 20, 2026, 18:00:00";"0.02";"0";"0.55"
"Dulles Airport";"Jun 20, 2026, 17:00:00";"0";"0";"0.56"
"Dulles Airport";"Jun 20, 2026, 16:00:00";"0";"0";"0.53"
"Dulles Airport";"Jun 20, 2026, 15:00:00";"0";"0";"0.6"
"Dulles Airport";"Jun 20, 2026, 14:00:00";"0";"0";"0.6"
"Dulles Airport";"Jun 20, 2026, 13:00:00";"0";"0";"0.68"
"Dulles Airport";"Jun 20, 2026, 12:00:00";"0";"0.67";"0.78"
"Dulles Airport";"Jun 20, 2026, 11:00:00";"0";"3.93";"1.13"
"Dulles Airport";"Jun 20, 2026, 10:00:00";"0.74";"9.91";"0.98"
"Dulles Airport";"Jun 20, 2026, 09:00:00";"3.01";"20.41";"1.11"
"Dulles Airport";"Jun 20, 2026, 08:00:00";"8.66";"29.1";"1.37"
"Dulles Airport";"Jun 20, 2026, 07:00:00";"6.19";"27.09";"1.03"
"Dulles Airport";"Jun 20, 2026, 06:00:00";"5.52";"24.06";"0.94"
"Dulles Airport";"Jun 20, 2026, 05:00:00";"5.68";"24.16";"1"
"Dulles Airport";"Jun 20, 2026, 04:00:00";"5.37";"23.76";"0.94"
"Dulles Airport";"Jun 20, 2026, 03:00:00";"5.18";"22.1";"1.05"
"Dulles Airport";"Jun 20, 2026, 02:00:00";"5.05";"20.14";"0.99"
"Dulles Airport";"Jun 20, 2026, 01:00:00";"5.42";"19.32";"1.08"
"Dulles Airport";"Jun 20, 2026, 00:00:00";"4.79";"16.85";"1.04"
"Dulles Airport";"Jun 19, 2026, 23:00:00";"4.47";"16.11";"1.04"
"Dulles Airport";"Jun 19, 2026, 22:00:00";"5.36";"16.84";"1.06"
"Dulles Airport";"Jun 19, 2026, 21:00:00";"5.27";"2.16";"0.9"
"Dulles Airport";"Jun 19, 2026, 20:00:00";"2.96";"0";"0.79"
"Dulles Airport";"Jun 19, 2026, 19:00:00";"2.42";"0";"0.87"
"Dulles Airport";"Jun 19, 2026, 18:00:00";"0.98";"0";"0.87"
"Dulles Airport";"Jun 19, 2026, 17:00:00";"0.46";"0.84";"0.91"
"Dulles Airport";"Jun 19, 2026, 16:00:00";"0.03";"3.4";"0.98"
"Dulles Airport";"Jun 19, 2026, 15:00:00";"0.48";"8.28";"0.86"
"Dulles Airport";"Jun 19, 2026, 14:00:00";"0.14";"15.05";"1.05"
"Dulles Airport";"Jun 19, 2026, 13:00:00";"0.05";"20.39";"0.77"
"Dulles Airport";"Jun 19, 2026, 12:00:00";"2.27";"25.05";"1.01"
"Dulles Airport";"Jun 19, 2026, 11:00:00";"5.17";"26.01";"1"
"Dulles Airport";"Jun 19, 2026, 10:00:00";"5.95";"37.24";"0.81"
"Dulles Airport";"Jun 19, 2026, 09:00:00";"8.63";"44.87";"0.93"
"Dulles Airport";"Jun 19, 2026, 08:00:00";"6.89";"54.83";"1.14"
"Dulles Airport";"Jun 19, 2026, 07:00:00";"5.05";"61.41";"1.35"
"Dulles Airport";"Jun 19, 2026, 06:00:00";"3.79";"71.94";"1.06"
"Dulles Airport";"Jun 19, 2026, 05:00:00";"3.72";"73.34";"1.06"
"Dulles Airport";"Jun 19, 2026, 04:00:00";"3.28";"76.44";"1.08"
"Dulles Airport";"Jun 19, 2026, 03:00:00";"2.8";"52.15";"1.02"
"Dulles Airport";"Jun 19, 2026, 02:00:00";"4";"55.21";"1.42"
"Dulles Airport";"Jun 19, 2026, 01:00:00";"2.01";"17.57";"1.1"
"Dulles Airport";"Jun 19, 2026, 00:00:00";"1.44";"30.49";"1.18"
"Dulles Airport";"Jun 18, 2026, 23:00:00";"4.92";"64.79";"1.5"
"Dulles Airport";"Jun 18, 2026, 22:00:00";"4.36";"55.67";"1.75"
"Dulles Airport";"Jun 18, 2026, 21:00:00";"4.7";"61.14";"1.72"
"Dulles Airport";"Jun 18, 2026, 20:00:00";"1.22";"52.59";"1.64"
"Dulles Airport";"Jun 18, 2026, 19:00:00";"1.98";"58.22";"1.79"
"Dulles Airport";"Jun 18, 2026, 18:00:00";"0.05";"71.24";"1.94"
"Dulles Airport";"Jun 18, 2026, 17:00:00";"0.22";"68.82";"2"
"Dulles Airport";"Jun 18, 2026, 16:00:00";"0.44";"76.92";"2.51"
"Dulles Airport";"Jun 18, 2026, 15:00:00";"0.51";"101.09";"4.73"
"Dulles Airport";"Jun 18, 2026, 14:00:00";"0.28";"129.56";"4.34"
"Dulles Airport";"Jun 18, 2026, 13:00:00";"0.27";"162.42";"4.55"
"Dulles Airport";"Jun 18, 2026, 12:00:00";"11.01";"167.52";"4.13"
"Dulles Airport";"Jun 18, 2026, 11:00:00";"8.47";"160.94";"3.68"
"Dulles Airport";"Jun 18, 2026, 10:00:00";"8.1";"128.17";"3.12"
"Dulles Airport";"Jun 18, 2026, 09:00:00";"11.03";"127.48";"3"
"Dulles Airport";"Jun 18, 2026, 08:00:00";"10.72";"125.94";"3.38"
"Dulles Airport";"Jun 18, 2026, 07:00:00";"9.42";"110.39";"4.08"
"Dulles Airport";"Jun 18, 2026, 06:00:00";"7.51";"117.95";"5.67"
"Dulles Airport";"Jun 18, 2026, 05:00:00";"8.28";"121.67";"6.34"
"Dulles Airport";"Jun 18, 2026, 04:00:00";"9.92";"110.81";"6.36"
"Dulles Airport";"Jun 18, 2026, 03:00:00";"10.74";"91.24";"5"
"Dulles Airport";"Jun 18, 2026, 02:00:00";"6.51";"67.01";"4.21"
"Dulles Airport";"Jun 18, 2026, 01:00:00";"8.82";"53.61";"3.03"
"Dulles Airport";"Jun 18, 2026, 00:00:00";"13.62";"43.76";"2.94"
"Dulles Airport";"Jun 17, 2026, 23:00:00";"16.38";"30.63";"2.3"
"Dulles Airport";"Jun 17, 2026, 22:00:00";"14.13";"24.57";"1.94"
"Dulles Airport";"Jun 17, 2026, 21:00:00";"10.53";"19.9";"1.91"
"Dulles Airport";"Jun 17, 2026, 20:00:00";"8.56";"17.89";"2.02"
"Dulles Airport";"Jun 17, 2026, 19:00:00";"3.74";"13.91";"1.51"
"Dulles Airport";"Jun 17, 2026, 18:00:00";"0";"13.58";"1.67"
"Dulles Airport";"Jun 17, 2026, 17:00:00";"3.05";"13.15";"2.25"
"Dulles Airport";"Jun 17, 2026, 16:00:00";"0";"14.45";"1.83"
"Dulles Airport";"Jun 17, 2026, 15:00:00";"0.37";"17.48";"1.89"
"Dulles Airport";"Jun 17, 2026, 14:00:00";"0";"19.23";"1.57"
"Dulles Airport";"Jun 17, 2026, 13:00:00";"0";"28.29";"1.84"
"Dulles Airport";"Jun 17, 2026, 12:00:00";"0";"38.87";"3.14"
"Dulles Airport";"Jun 17, 2026, 11:00:00";"0";"73.38";"2.79"
"Dulles Airport";"Jun 17, 2026, 10:00:00";"4.61";"120.25";"2.47"
"Dulles Airport";"Jun 17, 2026, 09:00:00";"12.27";"164.04";"2.62"
"Dulles Airport";"Jun 17, 2026, 08:00:00";"15.58";"180.3";"7.43"
"Dulles Airport";"Jun 17, 2026, 07:00:00";"4.98";"113.19";"10.08"
"Dulles Airport";"Jun 17, 2026, 06:00:00";"3.73";"92.45";"8.14"
"Dulles Airport";"Jun 17, 2026, 05:00:00";"6.06";"93.32";"6.62"
"Dulles Airport";"Jun 17, 2026, 04:00:00";"7.88";"75.02";"4.58"
"Dulles Airport";"Jun 17, 2026, 03:00:00";"9.96";"68.8";"2.93"
"Dulles Airport";"Jun 17, 2026, 02:00:00";"7.26";"55.73";"1.31"
"Dulles Airport";"Jun 17, 2026, 01:00:00";"7.23";"41.98";"1.1"
"Dulles Airport";"Jun 17, 2026, 00:00:00";"9.25";"33.07";"1.09"
"Dulles Airport";"Jun 16, 2026, 23:00:00";"8.67";"27.86";"1.15"
"Dulles Airport";"Jun 16, 2026, 22:00:00";"13.17";"24.43";"1.11"
"Dulles Airport";"Jun 16, 2026, 21:00:00";"9.59";"18.88";"1.06"
"Dulles Airport";"Jun 16, 2026, 20:00:00";"7.16";"6.23";"0.93"
"Dulles Airport";"Jun 16, 2026, 19:00:00";"2.95";"1.67";"1.11"
"Dulles Airport";"Jun 16, 2026, 18:00:00";"2.52";"0.38";"0.89"
"Dulles Airport";"Jun 16, 2026, 17:00:00";"0.73";"0";"0.78"
"Dulles Airport";"Jun 16, 2026, 16:00:00";"1.23";"0";"1.02"
"Dulles Airport";"Jun 16, 2026, 15:00:00";"0.74";"0";"1.08"
"Dulles Airport";"Jun 16, 2026, 14:00:00";"0.27";"0";"0.97"
"Dulles Airport";"Jun 16, 2026, 13:00:00";"0.72";"0.09";"0.89"
"Dulles Airport";"Jun 16, 2026, 12:00:00";"0.66";"0.43";"0.96"
"Dulles Airport";"Jun 16, 2026, 11:00:00";"0.28";"5.27";"0.8"
"Dulles Airport";"Jun 16, 2026, 10:00:00";"2.53";"21.6";"0.75"
"Dulles Airport";"Jun 16, 2026, 09:00:00";"4.73";"32.44";"1.08"
"Dulles Airport";"Jun 16, 2026, 08:00:00";"4.77";"42.09";"0.96"
"Dulles Airport";"Jun 16, 2026, 07:00:00";"5.34";"36.58";"0.59"
"Dulles Airport";"Jun 16, 2026, 06:00:00";"4.35";"32.19";"0.69"
"Dulles Airport";"Jun 16, 2026, 05:00:00";"5";"31.6";"1.29"
"Dulles Airport";"Jun 16, 2026, 04:00:00";"2.76";"26.09";"0.55"
"Dulles Airport";"Jun 16, 2026, 03:00:00";"3.18";"25.24";"0.69"
"Dulles Airport";"Jun 16, 2026, 02:00:00";"4.99";"29.55";"0.95"
"Dulles Airport";"Jun 16, 2026, 01:00:00";"3.91";"35";"0.89"
"Dulles Airport";"Jun 16, 2026, 00:00:00";"3.96";"37.16";"1.2"
"Dulles Airport";"Jun 15, 2026, 23:00:00";"4.66";"34.85";"1.47"
"Dulles Airport";"Jun 15, 2026, 22:00:00";"3.78";"32.16";"1.79"
"Dulles Airport";"Jun 15, 2026, 21:00:00";"3.72";"18.91";"1.93"
"Dulles Airport";"Jun 15, 2026, 20:00:00";"2.46";"12.26";"2.32"
"Dulles Airport";"Jun 15, 2026, 19:00:00";"0.53";"9.08";"1.63"
"Dulles Airport";"Jun 15, 2026, 18:00:00";"0.93";"15.29";"1.95"
"Dulles Airport";"Jun 15, 2026, 17:00:00";"1.33";"13.19";"1.59"
"Dulles Airport";"Jun 15, 2026, 16:00:00";"0.77";"12.11";"1.25"
"Dulles Airport";"Jun 15, 2026, 15:00:00";"0.26";"9.9";"1.1"
"Dulles Airport";"Jun 15, 2026, 14:00:00";"0";"10.92";"1.32"
"Dulles Airport";"Jun 15, 2026, 13:00:00";"0.64";"17.07";"1.87"
"Dulles Airport";"Jun 15, 2026, 12:00:00";"0.5";"21.44";"3.11"
"Dulles Airport";"Jun 15, 2026, 11:00:00";"0.26";"27.66";"3.19"
"Dulles Airport";"Jun 15, 2026, 10:00:00";"1.04";"39.01";"3.48"
"Dulles Airport";"Jun 15, 2026, 09:00:00";"1.66";"52.51";"3.11"
"Dulles Airport";"Jun 15, 2026, 08:00:00";"2.95";"62.7";"2.71"
"Dulles Airport";"Jun 15, 2026, 07:00:00";"3.62";"67.44";"1.47"
"Dulles Airport";"Jun 15, 2026, 06:00:00";"3.4";"75.07";"0.73"
"Dulles Airport";"Jun 15, 2026, 05:00:00";"2.94";"76.51";"0.66"
"Dulles Airport";"Jun 15, 2026, 04:00:00";"2.58";"80.39";"0.72"
"Dulles Airport";"Jun 15, 2026, 03:00:00";"1.21";"102.79";"0.54"
"Dulles Airport";"Jun 15, 2026, 02:00:00";"1.83";"121.71";"0.5"
"Dulles Airport";"Jun 15, 2026, 01:00:00";"0.99";"136.81";"1.67"
"Dulles Airport";"Jun 15, 2026, 00:00:00";"9.7";"165.08";"4.44"
"Dulles Airport";"Jun 14, 2026, 23:00:00";"5.71";"138.28";"4.09"
"Dulles Airport";"Jun 14, 2026, 22:00:00";"4.86";"116.68";"4.47"
"Dulles Airport";"Jun 14, 2026, 21:00:00";"1.48";"128.32";"6.19"
"Dulles Airport";"Jun 14, 2026, 20:00:00";"3.23";"123.83";"6.77"
"Dulles Airport";"Jun 14, 2026, 19:00:00";"0.6";"109.91";"7.06"
"Dulles Airport";"Jun 14, 2026, 18:00:00";"0";"90.03";"6.01"
"Dulles Airport";"Jun 14, 2026, 17:00:00";"0";"87.3";"5.41"
"Dulles Airport";"Jun 14, 2026, 16:00:00";"0";"91.33";"5.28"
"Dulles Airport";"Jun 14, 2026, 15:00:00";"0";"79.53";"5.27"
"Dulles Airport";"Jun 14, 2026, 14:00:00";"0";"90.15";"5.01"
"Dulles Airport";"Jun 14, 2026, 13:00:00";"0";"114.82";"4.05"
"Dulles Airport";"Jun 14, 2026, 12:00:00";"0";"128.43";"3.39"
"Dulles Airport";"Jun 14, 2026, 11:00:00";"0";"176.34";"3.64"
"Dulles Airport";"Jun 14, 2026, 10:00:00";"7.4";"284.19";"4.04"
"Dulles Airport";"Jun 14, 2026, 09:00:00";"11.27";"367.77";"6.24"
"Dulles Airport";"Jun 14, 2026, 08:00:00";"5.77";"393.94";"10.76"
"Dulles Airport";"Jun 14, 2026, 07:00:00";"2.8";"316.48";"11.82"
"Dulles Airport";"Jun 14, 2026, 06:00:00";"3.24";"265.22";"13.24"
"Dulles Airport";"Jun 14, 2026, 05:00:00";"3.94";"237.14";"11.34"
"Dulles Airport";"Jun 14, 2026, 04:00:00";"1.55";"230.45";"11.35"
"Dulles Airport";"Jun 14, 2026, 03:00:00";"1.71";"230.75";"11.02"
"Dulles Airport";"Jun 14, 2026, 02:00:00";"3.19";"202.6";"9.88"
"Dulles Airport";"Jun 14, 2026, 01:00:00";"4.53";"193.59";"7.4"
"Dulles Airport";"Jun 14, 2026, 00:00:00";"7.13";"163.46";"4.12"
"Dulles Airport";"Jun 13, 2026, 23:00:00";"3.41";"134.45";"2.67"
"Dulles Airport";"Jun 13, 2026, 22:00:00";"0.92";"111.97";"1.91"
"Dulles Airport";"Jun 13, 2026, 21:00:00";"0";"103.82";"1.49"
"Dulles Airport";"Jun 13, 2026, 20:00:00";"0.09";"83.9";"1.26"
"Dulles Airport";"Jun 13, 2026, 19:00:00";"0";"36.84";"1.27"
"Dulles Airport";"Jun 13, 2026, 18:00:00";"0";"31.55";"1.34"
"Dulles Airport";"Jun 13, 2026, 17:00:00";"0";"30.6";"1.34"
"Dulles Airport";"Jun 13, 2026, 16:00:00";"0";"28.8";"1.42"
"Dulles Airport";"Jun 13, 2026, 15:00:00";"0";"35.75";"1.42"
"Dulles Airport";"Jun 13, 2026, 14:00:00";"0";"43.66";"1.5"
"Dulles Airport";"Jun 13, 2026, 13:00:00";"0";"52.44";"1.28"
"Dulles Airport";"Jun 13, 2026, 12:00:00";"0";"65.5";"1.5"
"Dulles Airport";"Jun 13, 2026, 11:00:00";"0";"90.61";"1.39"
"Dulles Airport";"Jun 13, 2026, 10:00:00";"0";"150.97";"1.53"
"Dulles Airport";"Jun 13, 2026, 09:00:00";"0.23";"264.35";"2.31"
"Dulles Airport";"Jun 13, 2026, 08:00:00";"1.75";"397.2";"4.12"
"Dulles Airport";"Jun 13, 2026, 07:00:00";"0.72";"363.62";"0"
"Dulles Airport";"Jun 13, 2026, 06:00:00";"0.29";"324.96";"0"
"Dulles Airport";"Jun 13, 2026, 05:00:00";"0.32";"356.41";"0"
"Dulles Airport";"Jun 13, 2026, 04:00:00";"0";"355.08";"0"
"Dulles Airport";"Jun 13, 2026, 03:00:00";"0";"451.67";"8.53"
"Dulles Airport";"Jun 13, 2026, 02:00:00";"0.37";"550.49";"9.68"
"Dulles Airport";"Jun 13, 2026, 01:00:00";"0.46";"575.08";"9.49"
"Dulles Airport";"Jun 13, 2026, 00:00:00";"8.56";"554.74";"6.84"
"Dulles Airport";"Jun 12, 2026, 23:00:00";"24.89";"513.9";"5.16"
"Dulles Airport";"Jun 12, 2026, 22:00:00";"14.28";"436.15";"4.47"
"Dulles Airport";"Jun 12, 2026, 21:00:00";"18.46";"361.94";"3.73"
"Dulles Airport";"Jun 12, 2026, 20:00:00";"5.07";"255.41";"4.02"
"Dulles Airport";"Jun 12, 2026, 19:00:00";"3.56";"290.57";"4.43"
"Dulles Airport";"Jun 12, 2026, 18:00:00";"3.18";"317.49";"4.04"
"Dulles Airport";"Jun 12, 2026, 17:00:00";"1.2";"261.62";"4.78"
"Dulles Airport";"Jun 12, 2026, 16:00:00";"0";"129.19";"4.69"
"Dulles Airport";"Jun 12, 2026, 15:00:00";"0";"108.86";"4.48"
"Dulles Airport";"Jun 12, 2026, 14:00:00";"0";"112.49";"3.9"
"Dulles Airport";"Jun 12, 2026, 13:00:00";"0";"149.97";"4.79"
"Dulles Airport";"Jun 12, 2026, 12:00:00";"0";"207.23";"4.97"
"Dulles Airport";"Jun 12, 2026, 11:00:00";"0";"317.58";"5.21"
"Dulles Airport";"Jun 12, 2026, 10:00:00";"0.19";"448.87";"4.29"
"Dulles Airport";"Jun 12, 2026, 09:00:00";"3.86";"539.61";"3.45"
"Dulles Airport";"Jun 12, 2026, 08:00:00";"10.51";"536.66";"4.69"
"Dulles Airport";"Jun 12, 2026, 07:00:00";"6.55";"456.96";"0"
"Dulles Airport";"Jun 12, 2026, 06:00:00";"2.84";"392.08";"0"
"Dulles Airport";"Jun 12, 2026, 05:00:00";"3.91";"392.41";"0"
"Dulles Airport";"Jun 12, 2026, 04:00:00";"5.59";"371.63";"0"
"Dulles Airport";"Jun 12, 2026, 03:00:00";"2.61";"372.51";"0"
"Dulles Airport";"Jun 12, 2026, 02:00:00";"3.54";"402.19";"0"
"Dulles Airport";"Jun 12, 2026, 01:00:00";"6.49";"432.04";"10.36"
"Dulles Airport";"Jun 12, 2026, 00:00:00";"9.25";"408.51";"10.18"
"Dulles Airport";"Jun 11, 2026, 23:00:00";"6.4";"374.34";"8.97"
"Dulles Airport";"Jun 11, 2026, 22:00:00";"4.07";"290.81";"7.71"
"Dulles Airport";"Jun 11, 2026, 21:00:00";"7.01";"178.76";"5.93"
"Dulles Airport";"Jun 11, 2026, 20:00:00";"0.39";"122.94";"6.98"
"Dulles Airport";"Jun 11, 2026, 19:00:00";"0";"128.13";"7.06"
"Dulles Airport";"Jun 11, 2026, 18:00:00";"0";"137.18";"8"
"Dulles Airport";"Jun 11, 2026, 17:00:00";"0";"141.09";"8.32"
"Dulles Airport";"Jun 11, 2026, 16:00:00";"0";"142.18";"7.9"
"Dulles Airport";"Jun 11, 2026, 15:00:00";"0";"162.76";"8.36"
"Dulles Airport";"Jun 11, 2026, 14:00:00";"0";"189.94";"8.15"
"Dulles Airport";"Jun 11, 2026, 13:00:00";"0";"203.7";"9.48"
"Dulles Airport";"Jun 11, 2026, 12:00:00";"0";"227.53";"9.35"
"Dulles Airport";"Jun 11, 2026, 11:00:00";"0";"273.43";"8.39"
"Dulles Airport";"Jun 11, 2026, 10:00:00";"0";"365.37";"5.89"
"Dulles Airport";"Jun 11, 2026, 09:00:00";"0.67";"511.12";"5.65"
"Dulles Airport";"Jun 11, 2026, 08:00:00";"1.62";"600.67";"6.08"
"Dulles Airport";"Jun 11, 2026, 07:00:00";"2.92";"609.54";"7.81"
"Dulles Airport";"Jun 11, 2026, 06:00:00";"4.13";"579.43";"0"
"Dulles Airport";"Jun 11, 2026, 05:00:00";"1.45";"525.4";"0"
"Dulles Airport";"Jun 11, 2026, 04:00:00";"1.86";"531.04";"0"
"Dulles Airport";"Jun 11, 2026, 03:00:00";"5.48";"535.09";"6.67"
"Dulles Airport";"Jun 11, 2026, 02:00:00";"3.57";"524.73";"5.96"
"Dulles Airport";"Jun 11, 2026, 01:00:00";"12.08";"501.1";"5.3"
"Dulles Airport";"Jun 11, 2026, 00:00:00";"16.5";"522.39";"4.05"
"Dulles Airport";"Jun 10, 2026, 23:00:00";"7.51";"507.44";"4.74"
"Dulles Airport";"Jun 10, 2026, 22:00:00";"16.45";"464.17";"5.38"
"Dulles Airport";"Jun 10, 2026, 21:00:00";"7.32";"402.67";"3.98"
"Dulles Airport";"Jun 10, 2026, 20:00:00";"2.73";"394.78";"3.41"
"Dulles Airport";"Jun 10, 2026, 19:00:00";"0.93";"390.72";"2.47"
"Dulles Airport";"Jun 10, 2026, 18:00:00";"4.47";"397.06";"1.38"
"Dulles Airport";"Jun 10, 2026, 17:00:00";"7.08";"414.74";"3.18"
"Dulles Airport";"Jun 10, 2026, 16:00:00";"4.71";"257.04";"3.57"
"Dulles Airport";"Jun 10, 2026, 15:00:00";"0.04";"263.97";"9.52"
"Dulles Airport";"Jun 10, 2026, 14:00:00";"0";"319.68";"8.63"
"Dulles Airport";"Jun 10, 2026, 13:00:00";"0";"351.05";"8.29"
"Dulles Airport";"Jun 10, 2026, 12:00:00";"0";"422.58";"8.76"
"Dulles Airport";"Jun 10, 2026, 11:00:00";"1.16";"503.29";"8.11"
"Dulles Airport";"Jun 10, 2026, 10:00:00";"5.52";"529.45";"8.04"
"Dulles Airport";"Jun 10, 2026, 09:00:00";"6.56";"473.64";"10.75"
"Dulles Airport";"Jun 10, 2026, 08:00:00";"10.55";"389.46";"11.36"
"Dulles Airport";"Jun 10, 2026, 07:00:00";"8.36";"253.95";"8.32"
"Dulles Airport";"Jun 10, 2026, 06:00:00";"6.1";"160.27";"4.34"
"Dulles Airport";"Jun 10, 2026, 05:00:00";"7.01";"145.47";"4.11"
"Dulles Airport";"Jun 10, 2026, 04:00:00";"6.96";"142.48";"3.58"
"Dulles Airport";"Jun 10, 2026, 03:00:00";"4.39";"133.54";"3.62"
"Dulles Airport";"Jun 10, 2026, 02:00:00";"3.44";"117.4";"3.68"
"Dulles Airport";"Jun 10, 2026, 01:00:00";"3.26";"103.94";"3.19"
"Dulles Airport";"Jun 10, 2026, 00:00:00";"13.01";"95.19";"3.19"
"Dulles Airport";"Jun 9, 2026, 23:00:00";"9.42";"86.04";"2.99"
"Dulles Airport";"Jun 9, 2026, 22:00:00";"5.92";"80.61";"3.24"
"Dulles Airport";"Jun 9, 2026, 21:00:00";"5.45";"73.57";"3.38"
"Dulles Airport";"Jun 9, 2026, 20:00:00";"3.8";"71.34";"3"
"Dulles Airport";"Jun 9, 2026, 19:00:00";"2.8";"68.84";"3.69"
"Dulles Airport";"Jun 9, 2026, 18:00:00";"2.37";"63.35";"3.86"
"Dulles Airport";"Jun 9, 2026, 17:00:00";"0.2";"59.88";"4.44"
"Dulles Airport";"Jun 9, 2026, 16:00:00";"0";"63.17";"5.81"
"Dulles Airport";"Jun 9, 2026, 15:00:00";"0";"57.55";"6.13"
"Dulles Airport";"Jun 9, 2026, 14:00:00";"0.25";"50.86";"4.47"
"Dulles Airport";"Jun 9, 2026, 13:00:00";"0.07";"44.04";"3.56"
"Dulles Airport";"Jun 9, 2026, 12:00:00";"1.06";"43.62";"3.23"
"Dulles Airport";"Jun 9, 2026, 11:00:00";"1.09";"50.95";"2.47"
"Dulles Airport";"Jun 9, 2026, 10:00:00";"5.33";"65.5";"2.98"
"Dulles Airport";"Jun 9, 2026, 09:00:00";"7.99";"71.35";"2.86"
"Dulles Airport";"Jun 9, 2026, 08:00:00";"9.83";"67.85";"3.36"
"Dulles Airport";"Jun 9, 2026, 07:00:00";"8.5";"57.12";"2.26"
"Dulles Airport";"Jun 9, 2026, 06:00:00";"5.57";"46.32";"1.65"
"Dulles Airport";"Jun 9, 2026, 05:00:00";"3.72";"43.41";"1.28"
"Dulles Airport";"Jun 9, 2026, 04:00:00";"3.67";"46.9";"1.6"
"Dulles Airport";"Jun 9, 2026, 03:00:00";"4.05";"43.15";"1.62"
"Dulles Airport";"Jun 9, 2026, 02:00:00";"3.59";"38.44";"1.55"
"Dulles Airport";"Jun 9, 2026, 01:00:00";"3.21";"42.06";"1.42"
"Dulles Airport";"Jun 9, 2026, 00:00:00";"4.2";"42.81";"1.44"
"Dulles Airport";"Jun 8, 2026, 23:00:00";"3.35";"46";"1.6"
"Dulles Airport";"Jun 8, 2026, 22:00:00";"3.74";"54.72";"2.14"
"Dulles Airport";"Jun 8, 2026, 21:00:00";"2.74";"46.42";"2.36"
"Dulles Airport";"Jun 8, 2026, 20:00:00";"2.42";"42.5";"2.55"
"Dulles Airport";"Jun 8, 2026, 19:00:00";"0.19";"45.8";"2.73"
"Dulles Airport";"Jun 8, 2026, 18:00:00";"0.58";"48.1";"2.88"
"Dulles Airport";"Jun 8, 2026, 17:00:00";"0.11";"46.99";"3.33"
"Dulles Airport";"Jun 8, 2026, 16:00:00";"0.73";"44.36";"3.05"
"Dulles Airport";"Jun 8, 2026, 15:00:00";"0";"46.54";"3.2"
"Dulles Airport";"Jun 8, 2026, 14:00:00";"0.02";"48.53";"2.44"
"Dulles Airport";"Jun 8, 2026, 13:00:00";"0";"52.7";"2.2"
"Dulles Airport";"Jun 8, 2026, 12:00:00";"0";"59.51";"4.09"
"Dulles Airport";"Jun 8, 2026, 11:00:00";"0.03";"63.36";"2.16"
"Dulles Airport";"Jun 8, 2026, 10:00:00";"1.73";"74.03";"2.03"
"Dulles Airport";"Jun 8, 2026, 09:00:00";"4.26";"77.89";"2.5"
"Dulles Airport";"Jun 8, 2026, 08:00:00";"6.29";"79.27";"2.08"
"Dulles Airport";"Jun 8, 2026, 07:00:00";"8.31";"78.19";"1.92"
"Dulles Airport";"Jun 8, 2026, 06:00:00";"4.9";"73.12";"2.28"
"Dulles Airport";"Jun 8, 2026, 05:00:00";"5.36";"70.14";"2.16"
"Dulles Airport";"Jun 8, 2026, 04:00:00";"4.18";"65.12";"2.18"
"Dulles Airport";"Jun 8, 2026, 03:00:00";"4.78";"61.87";"1.98"
"Dulles Airport";"Jun 8, 2026, 02:00:00";"2.9";"70.01";"1.84"
"Dulles Airport";"Jun 8, 2026, 01:00:00";"4.12";"59.83";"2.21"
"Dulles Airport";"Jun 8, 2026, 00:00:00";"2.92";"50.02";"1.98"
"Dulles Airport";"Jun 7, 2026, 23:00:00";"2.26";"36.21";"2.11"
"Dulles Airport";"Jun 7, 2026, 22:00:00";"1.67";"21.87";"2.07"
"Dulles Airport";"Jun 7, 2026, 21:00:00";"1.21";"17.69";"2.04"
"Dulles Airport";"Jun 7, 2026, 20:00:00";"0";"14.99";"1.93"
"Dulles Airport";"Jun 7, 2026, 19:00:00";"0";"15.03";"1.98"
"Dulles Airport";"Jun 7, 2026, 18:00:00";"0";"18.41";"2.31"
"Dulles Airport";"Jun 7, 2026, 17:00:00";"0";"25.5";"2.76"
"Dulles Airport";"Jun 7, 2026, 16:00:00";"0";"35.26";"2.9"
"Dulles Airport";"Jun 7, 2026, 15:00:00";"0";"47.96";"3.43"
"Dulles Airport";"Jun 7, 2026, 14:00:00";"0";"68.13";"3.87"
"Dulles Airport";"Jun 7, 2026, 13:00:00";"0";"85.97";"4.41"
"Dulles Airport";"Jun 7, 2026, 12:00:00";"0";"109.01";"5.24"
"Dulles Airport";"Jun 7, 2026, 11:00:00";"0";"118.69";"5.04"
"Dulles Airport";"Jun 7, 2026, 10:00:00";"0";"142.64";"4.64"
"Dulles Airport";"Jun 7, 2026, 09:00:00";"0";"172.97";"3.8"
"Dulles Airport";"Jun 7, 2026, 08:00:00";"1.42";"230.98";"2.64"
"Dulles Airport";"Jun 7, 2026, 07:00:00";"1.5";"230.12";"3.38"
"Dulles Airport";"Jun 7, 2026, 06:00:00";"2.17";"202.09";"3.43"
"Dulles Airport";"Jun 7, 2026, 05:00:00";"2.12";"190.68";"2.62"
"Dulles Airport";"Jun 7, 2026, 04:00:00";"2.81";"180.71";"2.14"
"Dulles Airport";"Jun 7, 2026, 03:00:00";"3.17";"188.11";"2.14"
"Dulles Airport";"Jun 7, 2026, 02:00:00";"3.11";"152.27";"2.09"
"Dulles Airport";"Jun 7, 2026, 01:00:00";"3.39";"125.16";"3.27"
"Dulles Airport";"Jun 7, 2026, 00:00:00";"1.44";"109.25";"1.91"
"Dulles Airport";"Jun 6, 2026, 23:00:00";"1.02";"97.41";"1.74"
"Dulles Airport";"Jun 6, 2026, 22:00:00";"2.1";"83.92";"2.23"
"Dulles Airport";"Jun 6, 2026, 21:00:00";"0.41";"77.85";"2.34"
"Dulles Airport";"Jun 6, 2026, 20:00:00";"0.06";"54.76";"2.83"
"Dulles Airport";"Jun 6, 2026, 19:00:00";"0.21";"58.16";"4.16"
"Dulles Airport";"Jun 6, 2026, 18:00:00";"0";"58.13";"4.84"
"Dulles Airport";"Jun 6, 2026, 17:00:00";"0";"54.52";"4.64"
"Dulles Airport";"Jun 6, 2026, 16:00:00";"0";"58.17";"4.78"
"Dulles Airport";"Jun 6, 2026, 15:00:00";"0.04";"61.22";"4.71"
"Dulles Airport";"Jun 6, 2026, 14:00:00";"0";"67.07";"4.71"
"Dulles Airport";"Jun 6, 2026, 13:00:00";"0.13";"70.64";"4.99"
"Dulles Airport";"Jun 6, 2026, 12:00:00";"0";"66.25";"4.63"
"Dulles Airport";"Jun 6, 2026, 11:00:00";"0";"86.95";"5.03"
"Dulles Airport";"Jun 6, 2026, 10:00:00";"0.6";"137.35";"4.21"
"Dulles Airport";"Jun 6, 2026, 09:00:00";"16.83";"202.57";"4.87"
"Dulles Airport";"Jun 6, 2026, 08:00:00";"6.07";"248.25";"5.29"
"Dulles Airport";"Jun 6, 2026, 07:00:00";"4.57";"169.16";"8.82"
"Dulles Airport";"Jun 6, 2026, 06:00:00";"4.51";"142.61";"10.71"
"Dulles Airport";"Jun 6, 2026, 05:00:00";"4.8";"134.92";"9.8"
"Dulles Airport";"Jun 6, 2026, 04:00:00";"7.56";"131.29";"7.44"
"Dulles Airport";"Jun 6, 2026, 03:00:00";"12.44";"117.63";"6.49"
"Dulles Airport";"Jun 6, 2026, 02:00:00";"20.12";"104.35";"5.48"
"Dulles Airport";"Jun 6, 2026, 01:00:00";"24.92";"92.21";"4.73"
"Dulles Airport";"Jun 6, 2026, 00:00:00";"15.8";"78.95";"4.34"
"Dulles Airport";"Jun 5, 2026, 23:00:00";"10.65";"64.72";"3.77"
"Dulles Airport";"Jun 5, 2026, 22:00:00";"16.74";"45.35";"3.63"
"Dulles Airport";"Jun 5, 2026, 21:00:00";"10.18";"37.46";"4.11"
"Dulles Airport";"Jun 5, 2026, 20:00:00";"5.69";"31.36";"3.45"
"Dulles Airport";"Jun 5, 2026, 19:00:00";"0.27";"25.42";"3.31"
"Dulles Airport";"Jun 5, 2026, 18:00:00";"0";"22.25";"3.14"
"Dulles Airport";"Jun 5, 2026, 17:00:00";"0";"21.61";"3.05"
"Dulles Airport";"Jun 5, 2026, 16:00:00";"0";"23.01";"3.32"
"Dulles Airport";"Jun 5, 2026, 15:00:00";"0.13";"22.17";"3.13"
"Dulles Airport";"Jun 5, 2026, 14:00:00";"0";"22.74";"3.14"
"Dulles Airport";"Jun 5, 2026, 13:00:00";"0";"24.26";"3.19"
"Dulles Airport";"Jun 5, 2026, 12:00:00";"0";"30.87";"3.47"
"Dulles Airport";"Jun 5, 2026, 11:00:00";"0";"43.48";"3.23"
"Dulles Airport";"Jun 5, 2026, 10:00:00";"0.37";"65.98";"3.12"
"Dulles Airport";"Jun 5, 2026, 09:00:00";"5.81";"107.02";"2.7"
"Dulles Airport";"Jun 5, 2026, 08:00:00";"7.99";"140.1";"2.78"
"Dulles Airport";"Jun 5, 2026, 07:00:00";"3.84";"97.55";"6.27"
"Dulles Airport";"Jun 5, 2026, 06:00:00";"2.75";"85.24";"6.14"
"Dulles Airport";"Jun 5, 2026, 05:00:00";"5.48";"84.39";"5.66"
"Dulles Airport";"Jun 5, 2026, 04:00:00";"6.56";"74.24";"4.53"
"Dulles Airport";"Jun 5, 2026, 03:00:00";"12.58";"63.08";"4.1"
"Dulles Airport";"Jun 5, 2026, 02:00:00";"22.94";"58.03";"3.97"
"Dulles Airport";"Jun 5, 2026, 01:00:00";"18.09";"49.64";"3.34"
"Dulles Airport";"Jun 5, 2026, 00:00:00";"15.62";"40.09";"3.13"
"Dulles Airport";"Jun 4, 2026, 23:00:00";"14.12";"36.35";"2.83"
"Dulles Airport";"Jun 4, 2026, 22:00:00";"4.48";"30.69";"2.55"
"Dulles Airport";"Jun 4, 2026, 21:00:00";"1.69";"24.78";"2.57"
"Dulles Airport";"Jun 4, 2026, 20:00:00";"1.21";"11.53";"2.67"
"Dulles Airport";"Jun 4, 2026, 19:00:00";"0";"5";"2.55"
"Dulles Airport";"Jun 4, 2026, 18:00:00";"0";"3.62";"2.5"
"Dulles Airport";"Jun 4, 2026, 17:00:00";"0";"3.4";"2.49"
"Dulles Airport";"Jun 4, 2026, 16:00:00";"0";"3.88";"2.55"
"Dulles Airport";"Jun 4, 2026, 15:00:00";"0";"4.22";"2.65"
"Dulles Airport";"Jun 4, 2026, 14:00:00";"0";"5.07";"2.42"
"Dulles Airport";"Jun 4, 2026, 13:00:00";"0";"7.95";"2.53"
"Dulles Airport";"Jun 4, 2026, 12:00:00";"0";"14.39";"2.52"
"Dulles Airport";"Jun 4, 2026, 11:00:00";"0";"24.88";"2.96"
"Dulles Airport";"Jun 4, 2026, 10:00:00";"0.54";"42.73";"2.51"
"Dulles Airport";"Jun 4, 2026, 09:00:00";"4.58";"62.73";"2.3"
"Dulles Airport";"Jun 4, 2026, 08:00:00";"6.24";"77.81";"1.86"
"Dulles Airport";"Jun 4, 2026, 07:00:00";"6.77";"55.14";"5.02"
"Dulles Airport";"Jun 4, 2026, 06:00:00";"5.22";"48.19";"5.72"
"Dulles Airport";"Jun 4, 2026, 05:00:00";"7.22";"43.17";"4.14"
"Dulles Airport";"Jun 4, 2026, 04:00:00";"9.69";"38.9";"3.37"
"Dulles Airport";"Jun 4, 2026, 03:00:00";"12.88";"36.34";"3.22"
"Dulles Airport";"Jun 4, 2026, 02:00:00";"11.11";"29.69";"2.69"
"Dulles Airport";"Jun 4, 2026, 01:00:00";"26.23";"27.49";"2.33"
"Dulles Airport";"Jun 4, 2026, 00:00:00";"17.16";"25.51";"2.43"
"Dulles Airport";"Jun 3, 2026, 23:00:00";"8.66";"23.91";"2.04"
"Dulles Airport";"Jun 3, 2026, 22:00:00";"7.99";"24.31";"1.83"
"Dulles Airport";"Jun 3, 2026, 21:00:00";"8.67";"13.08";"1.73"
"Dulles Airport";"Jun 3, 2026, 20:00:00";"3.67";"2.28";"1.56"
"Dulles Airport";"Jun 3, 2026, 19:00:00";"1.73";"0.16";"1.65"
"Dulles Airport";"Jun 3, 2026, 18:00:00";"0.12";"0.09";"1.69"
"Dulles Airport";"Jun 3, 2026, 17:00:00";"0";"0.31";"1.58"
"Dulles Airport";"Jun 3, 2026, 16:00:00";"0";"1";"1.82"
"Dulles Airport";"Jun 3, 2026, 15:00:00";"0.07";"1.97";"1.8"
"Dulles Airport";"Jun 3, 2026, 14:00:00";"0";"3.92";"1.76"
"Dulles Airport";"Jun 3, 2026, 13:00:00";"0";"5.48";"1.97"
"Dulles Airport";"Jun 3, 2026, 12:00:00";"0.02";"7.98";"1.99"
"Dulles Airport";"Jun 3, 2026, 11:00:00";"0";"14.37";"2.15"
"Dulles Airport";"Jun 3, 2026, 10:00:00";"1.93";"32.74";"2.44"
"Dulles Airport";"Jun 3, 2026, 09:00:00";"4.67";"49.13";"1.86"
"Dulles Airport";"Jun 3, 2026, 08:00:00";"6.51";"58.63";"2.51"
"Dulles Airport";"Jun 3, 2026, 07:00:00";"5.83";"40.82";"4.96"
"Dulles Airport";"Jun 3, 2026, 06:00:00";"3.02";"36.25";"4.69"
"Dulles Airport";"Jun 3, 2026, 05:00:00";"4.23";"34.36";"4.52"
"Dulles Airport";"Jun 3, 2026, 04:00:00";"4.13";"32.4";"3.1"
"Dulles Airport";"Jun 3, 2026, 03:00:00";"4.43";"31.44";"3.12"
"Dulles Airport";"Jun 3, 2026, 02:00:00";"4.8";"27.37";"3"
"Dulles Airport";"Jun 3, 2026, 01:00:00";"4.61";"22.33";"2.38"
"Dulles Airport";"Jun 3, 2026, 00:00:00";"5.69";"18.13";"1.91"
"Dulles Airport";"Jun 2, 2026, 23:00:00";"6.09";"15.45";"1.88"
"Dulles Airport";"Jun 2, 2026, 22:00:00";"4.55";"17.04";"1.59"
"Dulles Airport";"Jun 2, 2026, 21:00:00";"4.69";"9.8";"1.36"
"Dulles Airport";"Jun 2, 2026, 20:00:00";"3.98";"0.01";"1.32"
"Dulles Airport";"Jun 2, 2026, 19:00:00";"2.8";"0";"1.55"
"Dulles Airport";"Jun 2, 2026, 18:00:00";"0.82";"0";"1.27"
"Dulles Airport";"Jun 2, 2026, 17:00:00";"0.87";"0";"1.7"
"Dulles Airport";"Jun 2, 2026, 16:00:00";"0.56";"0";"1.63"
"Dulles Airport";"Jun 2, 2026, 15:00:00";"0.38";"0";"2.01"
"Dulles Airport";"Jun 2, 2026, 14:00:00";"0.09";"0.14";"1.92"
"Dulles Airport";"Jun 2, 2026, 13:00:00";"0.04";"4.61";"2.15"
"Dulles Airport";"Jun 2, 2026, 12:00:00";"0.61";"14.31";"2.71"
"Dulles Airport";"Jun 2, 2026, 11:00:00";"1.29";"24.65";"3.6"
"Dulles Airport";"Jun 2, 2026, 10:00:00";"3.81";"32.69";"3.58"
"Dulles Airport";"Jun 2, 2026, 09:00:00";"7.22";"38.25";"4.1"
"Dulles Airport";"Jun 2, 2026, 08:00:00";"9.64";"40.71";"3.65"
"Dulles Airport";"Jun 2, 2026, 07:00:00";"9.57";"38.08";"3.37"
"Dulles Airport";"Jun 2, 2026, 06:00:00";"8.31";"31.44";"4.2"
"Dulles Airport";"Jun 2, 2026, 05:00:00";"8.13";"27.82";"3.73"
"Dulles Airport";"Jun 2, 2026, 04:00:00";"6.39";"26.11";"3.14"
"Dulles Airport";"Jun 2, 2026, 03:00:00";"6.26";"22.79";"2.8"
"Dulles Airport";"Jun 2, 2026, 02:00:00";"5.68";"19.47";"2.21"
"Dulles Airport";"Jun 2, 2026, 01:00:00";"6.52";"19.18";"1.89"
"Dulles Airport";"Jun 2, 2026, 00:00:00";"6.34";"18.11";"1.98"
"Dulles Airport";"Jun 1, 2026, 23:00:00";"5.74";"20.45";"1.95"
"Dulles Airport";"Jun 1, 2026, 22:00:00";"6.47";"16.83";"1.97"
"Dulles Airport";"Jun 1, 2026, 21:00:00";"6.65";"8.96";"2.04"
"Dulles Airport";"Jun 1, 2026, 20:00:00";"3.95";"1.67";"1.69"
"Dulles Airport";"Jun 1, 2026, 19:00:00";"3.83";"0.35";"1.71"
"Dulles Airport";"Jun 1, 2026, 18:00:00";"1.98";"0";"1.63"
"Dulles Airport";"Jun 1, 2026, 17:00:00";"0.59";"0.05";"1.56"
"Dulles Airport";"Jun 1, 2026, 16:00:00";"0.03";"0.76";"1.85"
"Dulles Airport";"Jun 1, 2026, 15:00:00";"0.18";"3.26";"1.81"
"Dulles Airport";"Jun 1, 2026, 14:00:00";"0.17";"5.51";"3.65"
"Dulles Airport";"Jun 1, 2026, 13:00:00";"0";"7.8";"1.27"
"Dulles Airport";"Jun 1, 2026, 12:00:00";"0";"11.79";"1.6"
"Dulles Airport";"Jun 1, 2026, 11:00:00";"0.14";"17";"1.95"
"Dulles Airport";"Jun 1, 2026, 10:00:00";"2.4";"34.97";"2.3"
"Dulles Airport";"Jun 1, 2026, 09:00:00";"5.51";"49.13";"3.23"
"Dulles Airport";"Jun 1, 2026, 08:00:00";"8.89";"68.6";"2.08"
"Dulles Airport";"Jun 1, 2026, 07:00:00";"7.1";"61.03";"3.64"
"Dulles Airport";"Jun 1, 2026, 06:00:00";"3.63";"55.66";"4.99"
"Dulles Airport";"Jun 1, 2026, 05:00:00";"4.71";"55.89";"4.46"
"Dulles Airport";"Jun 1, 2026, 04:00:00";"6.81";"54.39";"3.34"
"Dulles Airport";"Jun 1, 2026, 03:00:00";"7.84";"57.05";"2.53"
"Dulles Airport";"Jun 1, 2026, 02:00:00";"9.5";"46.03";"1.88"
"Dulles Airport";"Jun 1, 2026, 01:00:00";"11.03";"37.41";"1.83"
"Dulles Airport";"Jun 1, 2026, 00:00:00";"8.69";"34.37";"1.7"
"Dulles Airport";"May 31, 2026, 23:00:00";"18.5";"28.29";"2.07"
"Dulles Airport";"May 31, 2026, 22:00:00";"18.12";"23.07";"1.62"
"Dulles Airport";"May 31, 2026, 21:00:00";"15.28";"18.31";"1.71"
"Dulles Airport";"May 31, 2026, 20:00:00";"7.36";"3.52";"1.52"
"Dulles Airport";"May 31, 2026, 19:00:00";"0.9";"0";"1.09"
"Dulles Airport";"May 31, 2026, 18:00:00";"0.14";"0";"1.21"
"Dulles Airport";"May 31, 2026, 17:00:00";"0";"0";"1.11"
"Dulles Airport";"May 31, 2026, 16:00:00";"0";"0";"1.13"
"Dulles Airport";"May 31, 2026, 15:00:00";"0.11";"0.01";"1.22"
"Dulles Airport";"May 31, 2026, 14:00:00";"0.93";"0.8";"1.34"
"Dulles Airport";"May 31, 2026, 13:00:00";"0";"1.56";"1.32"
"Dulles Airport";"May 31, 2026, 12:00:00";"0.86";"7";"1.31"
"Dulles Airport";"May 31, 2026, 11:00:00";"0";"16.99";"1.44"
"Dulles Airport";"May 31, 2026, 10:00:00";"1.74";"28.15";"1.64"
"Dulles Airport";"May 31, 2026, 09:00:00";"1.8";"38.3";"1.33"
"Dulles Airport";"May 31, 2026, 08:00:00";"3.89";"50.83";"1.72"
"Dulles Airport";"May 31, 2026, 07:00:00";"0";"0";"4.58"
"Dulles Airport";"May 31, 2026, 06:00:00";"3.41";"29.43";"4.77"
"Dulles Airport";"May 31, 2026, 05:00:00";"3.33";"28.81";"3.16"
"Dulles Airport";"May 31, 2026, 04:00:00";"5.47";"28.05";"2.77"
"Dulles Airport";"May 31, 2026, 03:00:00";"5.18";"26.08";"1.78"
"Dulles Airport";"May 31, 2026, 02:00:00";"4.88";"24.18";"0.95"
"Dulles Airport";"May 31, 2026, 01:00:00";"5.17";"22.11";"0.62"
"Dulles Airport";"May 31, 2026, 00:00:00";"4.93";"20.02";"0.76"
"Dulles Airport";"May 30, 2026, 23:00:00";"4.87";"17.9";"0.71"
"Dulles Airport";"May 30, 2026, 22:00:00";"5";"14.89";"0.77"
"Dulles Airport";"May 30, 2026, 21:00:00";"4.27";"12.97";"0.66"
"Dulles Airport";"May 30, 2026, 20:00:00";"2.91";"9.79";"0.81"
"Dulles Airport";"May 30, 2026, 19:00:00";"1.51";"5.91";"0.62"
"Dulles Airport";"May 30, 2026, 18:00:00";"0.3";"3.4";"1.24"
"Dulles Airport";"May 30, 2026, 17:00:00";"0.27";"4.39";"0.68"
"Dulles Airport";"May 30, 2026, 16:00:00";"0.01";"4.81";"0.63"
"Dulles Airport";"May 30, 2026, 15:00:00";"0.13";"5.03";"0.73"
"Dulles Airport";"May 30, 2026, 14:00:00";"0.32";"4.87";"0.75"
"Dulles Airport";"May 30, 2026, 13:00:00";"0.27";"5.79";"1.01"
"Dulles Airport";"May 30, 2026, 12:00:00";"0.23";"8.03";"1.1"
"Dulles Airport";"May 30, 2026, 11:00:00";"0.02";"13.48";"1.9"
"Dulles Airport";"May 30, 2026, 10:00:00";"1.2";"24.91";"2.97"
"Dulles Airport";"May 30, 2026, 09:00:00";"1.13";"31.16";"3.64"
"Dulles Airport";"May 30, 2026, 08:00:00";"1.08";"44.87";"4.45"
"Dulles Airport";"May 30, 2026, 07:00:00";"1.73";"50.74";"3.38"
"Dulles Airport";"May 30, 2026, 06:00:00";"3.19";"61.64";"3.1"
"Dulles Airport";"May 30, 2026, 05:00:00";"2.27";"62.63";"3.07"
"Dulles Airport";"May 30, 2026, 04:00:00";"2.15";"60.49";"2.64"
"Dulles Airport";"May 30, 2026, 03:00:00";"3";"54.48";"2.39"
"Dulles Airport";"May 30, 2026, 02:00:00";"3.34";"64.51";"2.19"
"Dulles Airport";"May 30, 2026, 01:00:00";"4.77";"60.95";"1.61"
"Dulles Airport";"May 30, 2026, 00:00:00";"4.78";"51.72";"1.47"
"Dulles Airport";"May 29, 2026, 23:00:00";"6.33";"45.76";"1.38"
"Dulles Airport";"May 29, 2026, 22:00:00";"11.14";"37.67";"1.32"
"Dulles Airport";"May 29, 2026, 21:00:00";"11.41";"29.91";"1.31"
"Dulles Airport";"May 29, 2026, 20:00:00";"5.62";"20.3";"1.06"
"Dulles Airport";"May 29, 2026, 19:00:00";"0.89";"13.8";"0.88"
"Dulles Airport";"May 29, 2026, 18:00:00";"0";"11.44";"0.89"
"Dulles Airport";"May 29, 2026, 17:00:00";"0";"9.46";"0.9"
"Dulles Airport";"May 29, 2026, 16:00:00";"0";"7.81";"0.76"
"Dulles Airport";"May 29, 2026, 15:00:00";"0";"7.83";"0.58"
"Dulles Airport";"May 29, 2026, 14:00:00";"0.14";"8.83";"0.61"
"Dulles Airport";"May 29, 2026, 13:00:00";"0.55";"9.9";"0.7"
"Dulles Airport";"May 29, 2026, 12:00:00";"0";"10.78";"0.62"
"Dulles Airport";"May 29, 2026, 11:00:00";"0.04";"21.62";"0.63"
"Dulles Airport";"May 29, 2026, 10:00:00";"1.39";"37.21";"0.97"
"Dulles Airport";"May 29, 2026, 09:00:00";"4";"46.69";"0.91"
"Dulles Airport";"May 29, 2026, 08:00:00";"5.97";"53.37";"0.58"
"Dulles Airport";"May 29, 2026, 07:00:00";"5";"39.63";"1.71"
"Dulles Airport";"May 29, 2026, 06:00:00";"4.54";"34.21";"1.12"
"Dulles Airport";"May 29, 2026, 05:00:00";"6.14";"30.73";"0.96"
"Dulles Airport";"May 29, 2026, 04:00:00";"6.3";"27.94";"0.84"
"Dulles Airport";"May 29, 2026, 03:00:00";"5.25";"24.88";"0.64"
"Dulles Airport";"May 29, 2026, 02:00:00";"5.1";"24.05";"0.76"
"Dulles Airport";"May 29, 2026, 01:00:00";"6.03";"26.03";"0.83"
"Dulles Airport";"May 29, 2026, 00:00:00";"5.69";"25.54";"0.89"
"Dulles Airport";"May 28, 2026, 23:00:00";"5.36";"24.68";"1.14"
"Dulles Airport";"May 28, 2026, 22:00:00";"4.48";"17.74";"0.91"
"Dulles Airport";"May 28, 2026, 21:00:00";"3.64";"12.28";"0.79"
"Dulles Airport";"May 28, 2026, 20:00:00";"1.11";"8.01";"0.72"
"Dulles Airport";"May 28, 2026, 19:00:00";"0";"10.34";"0.85"
"Dulles Airport";"May 28, 2026, 18:00:00";"0.99";"12.6";"0.93"
"Dulles Airport";"May 28, 2026, 17:00:00";"0.09";"13.23";"1.49"
"Dulles Airport";"May 28, 2026, 16:00:00";"0";"17.82";"1.03"
"Dulles Airport";"May 28, 2026, 15:00:00";"0.21";"20";"1.19"
"Dulles Airport";"May 28, 2026, 14:00:00";"0";"23.25";"1.13"
"Dulles Airport";"May 28, 2026, 13:00:00";"0";"29.51";"1.02"
"Dulles Airport";"May 28, 2026, 12:00:00";"0";"39.46";"1.23"
"Dulles Airport";"May 28, 2026, 11:00:00";"0";"48.4";"1.35"
"Dulles Airport";"May 28, 2026, 10:00:00";"0";"80.83";"1.8"
"Dulles Airport";"May 28, 2026, 09:00:00";"0.3";"125.15";"2.37"
"Dulles Airport";"May 28, 2026, 08:00:00";"1.62";"191.06";"2.58"
"Dulles Airport";"May 28, 2026, 07:00:00";"1.79";"271.35";"4.24"
"Dulles Airport";"May 28, 2026, 06:00:00";"0.95";"300.55";"3.83"
"Dulles Airport";"May 28, 2026, 05:00:00";"1.08";"331.13";"4.47"
"Dulles Airport";"May 28, 2026, 04:00:00";"1.05";"364.59";"4.62"
"Dulles Airport";"May 28, 2026, 03:00:00";"0.53";"358.6";"5.82"
"Dulles Airport";"May 28, 2026, 02:00:00";"1.41";"350.79";"3.53"
"Dulles Airport";"May 28, 2026, 01:00:00";"6.87";"393.47";"2.47"
"Dulles Airport";"May 28, 2026, 00:00:00";"2.02";"406.07";"3.02"
"Dulles Airport";"May 27, 2026, 23:00:00";"2.87";"399.84";"2.64"
"Dulles Airport";"May 27, 2026, 22:00:00";"4.13";"384.08";"1.86"
"Dulles Airport";"May 27, 2026, 21:00:00";"3.29";"318.57";"1.66"
"Dulles Airport";"May 27, 2026, 20:00:00";"0.04";"250.62";"1.02"
"Dulles Airport";"May 27, 2026, 19:00:00";"0";"184.11";"0.77"
"Dulles Airport";"May 27, 2026, 18:00:00";"0";"188.68";"0.87"
"Dulles Airport";"May 27, 2026, 17:00:00";"0";"228.88";"0.81"
"Dulles Airport";"May 27, 2026, 16:00:00";"0";"277.19";"1.53"
"Dulles Airport";"May 27, 2026, 15:00:00";"0";"325.82";"1.37"
"Dulles Airport";"May 27, 2026, 14:00:00";"0";"341.55";"1.15"
"Dulles Airport";"May 27, 2026, 13:00:00";"0.3";"332.58";"1.35"
"Dulles Airport";"May 27, 2026, 12:00:00";"0";"350.92";"2.67"
"Dulles Airport";"May 27, 2026, 11:00:00";"0";"448.59";"4.76"
"Dulles Airport";"May 27, 2026, 10:00:00";"0.25";"563.72";"8.1"
"Dulles Airport";"May 27, 2026, 09:00:00";"0.99";"595.39";"12.54"
"Dulles Airport";"May 27, 2026, 08:00:00";"3.65";"597.85";"16.2"
"Dulles Airport";"May 27, 2026, 07:00:00";"4.9";"582.11";"18.77"
"Dulles Airport";"May 27, 2026, 06:00:00";"1.94";"541.6";"17.11"
"Dulles Airport";"May 27, 2026, 05:00:00";"2.43";"542.37";"14.4"
"Dulles Airport";"May 27, 2026, 04:00:00";"4.54";"503.24";"12.99"
"Dulles Airport";"May 27, 2026, 03:00:00";"1.7";"438.69";"12.3"
"Dulles Airport";"May 27, 2026, 02:00:00";"0.59";"441.4";"13.71"
"Dulles Airport";"May 27, 2026, 01:00:00";"1.95";"453.97";"10.12"
"Dulles Airport";"May 27, 2026, 00:00:00";"2.26";"428.21";"10.36"
"Dulles Airport";"May 26, 2026, 23:00:00";"4.06";"407.21";"8.56"
"Dulles Airport";"May 26, 2026, 22:00:00";"9.29";"391.21";"6.75"
"Dulles Airport";"May 26, 2026, 21:00:00";"4.37";"371.69";"5.93"
"Dulles Airport";"May 26, 2026, 20:00:00";"0";"354.65";"3.15"
"Dulles Airport";"May 26, 2026, 19:00:00";"0.04";"292.86";"2.86"
"Dulles Airport";"May 26, 2026, 18:00:00";"0";"275.02";"2.76"
"Dulles Airport";"May 26, 2026, 17:00:00";"0";"284.12";"2.45"
"Dulles Airport";"May 26, 2026, 16:00:00";"0";"304.64";"2.83"
"Dulles Airport";"May 26, 2026, 15:00:00";"0.06";"350.01";"3.08"
"Dulles Airport";"May 26, 2026, 14:00:00";"1.05";"424.14";"5.57"
"Dulles Airport";"May 26, 2026, 13:00:00";"0.9";"437.7";"5.22"
"Dulles Airport";"May 26, 2026, 12:00:00";"0.89";"469.88";"6.03"
"Dulles Airport";"May 26, 2026, 11:00:00";"0.23";"542.42";"15.24"
"Dulles Airport";"May 26, 2026, 10:00:00";"5.22";"594.14";"21.33"
"Dulles Airport";"May 26, 2026, 09:00:00";"7.23";"571.99";"19.72"
"Dulles Airport";"May 26, 2026, 08:00:00";"0.11";"489.39";"16.65"
"Dulles Airport";"May 26, 2026, 07:00:00";"0";"424.87";"13"
"Dulles Airport";"May 26, 2026, 06:00:00";"0.13";"377.15";"14.56"
"Dulles Airport";"May 26, 2026, 05:00:00";"0";"340.89";"0"
"Dulles Airport";"May 26, 2026, 04:00:00";"2.33";"365.95";"0"
"Dulles Airport";"May 26, 2026, 03:00:00";"0.21";"368.84";"0"
"Dulles Airport";"May 26, 2026, 02:00:00";"0.97";"404.21";"0"
"Dulles Airport";"May 26, 2026, 01:00:00";"0.18";"415.05";"0"
"Dulles Airport";"May 26, 2026, 00:00:00";"0";"406.49";"0"
"Dulles Airport";"May 25, 2026, 23:00:00";"0.15";"393.14";"8.63"
"Dulles Airport";"May 25, 2026, 22:00:00";"0";"374.22";"5.11"
"Dulles Airport";"May 25, 2026, 21:00:00";"0";"349.41";"3.23"
"Dulles Airport";"May 25, 2026, 20:00:00";"0";"307.82";"2.36"
"Dulles Airport";"May 25, 2026, 19:00:00";"0";"300.5";"1.95"
"Dulles Airport";"May 25, 2026, 18:00:00";"0";"293.98";"1.93"
"Dulles Airport";"May 25, 2026, 17:00:00";"0";"301.73";"1.92"
"Dulles Airport";"May 25, 2026, 16:00:00";"0";"365.92";"1.93"
"Dulles Airport";"May 25, 2026, 15:00:00";"0";"412.44";"2.61"
"Dulles Airport";"May 25, 2026, 14:00:00";"0";"457.07";"4.64"
"Dulles Airport";"May 25, 2026, 13:00:00";"0";"472.49";"4.9"
"Dulles Airport";"May 25, 2026, 12:00:00";"0";"495.94";"4.24"
"Dulles Airport";"May 25, 2026, 11:00:00";"0";"542.14";"4.57"
"Dulles Airport";"May 25, 2026, 10:00:00";"4.93";"518.77";"6.94"
"Dulles Airport";"May 25, 2026, 09:00:00";"0.97";"498.83";"11.64"
"Dulles Airport";"May 25, 2026, 08:00:00";"3.55";"459.51";"12.86"
"Dulles Airport";"May 25, 2026, 07:00:00";"5.41";"425.31";"16.86"
"Dulles Airport";"May 25, 2026, 06:00:00";"0.8";"411.43";"0"
"Dulles Airport";"May 25, 2026, 05:00:00";"1.54";"404.05";"0"
"Dulles Airport";"May 25, 2026, 04:00:00";"3.78";"362.08";"0"
"Dulles Airport";"May 25, 2026, 03:00:00";"0.31";"336.79";"22.44"
"Dulles Airport";"May 25, 2026, 02:00:00";"1.09";"335.74";"19.55"
"Dulles Airport";"May 25, 2026, 01:00:00";"2.83";"331.08";"18.4"
"Dulles Airport";"May 25, 2026, 00:00:00";"3.14";"327.42";"21.74"
"Dulles Airport";"May 24, 2026, 23:00:00";"4.42";"325.77";"23.85"
"Dulles Airport";"May 24, 2026, 22:00:00";"4.67";"315.85";"26.34"
"Dulles Airport";"May 24, 2026, 21:00:00";"5.49";"287.54";"21.57"
"Dulles Airport";"May 24, 2026, 20:00:00";"5.15";"256.88";"15.65"
"Dulles Airport";"May 24, 2026, 19:00:00";"5.88";"240.8";"12.7"
"Dulles Airport";"May 24, 2026, 18:00:00";"3.22";"228.08";"8.86"
"Dulles Airport";"May 24, 2026, 17:00:00";"1.5";"223.52";"5.29"
"Dulles Airport";"May 24, 2026, 16:00:00";"1.09";"227.35";"4.05"
"Dulles Airport";"May 24, 2026, 15:00:00";"1.73";"220.66";"3.19"
"Dulles Airport";"May 24, 2026, 14:00:00";"2.09";"218.83";"2.68"
"Dulles Airport";"May 24, 2026, 13:00:00";"2.1";"222.96";"2.41"
"Dulles Airport";"May 24, 2026, 12:00:00";"2.64";"224.99";"2.09"
"Dulles Airport";"May 24, 2026, 11:00:00";"3.2";"214.26";"1.75"
"Dulles Airport";"May 24, 2026, 10:00:00";"4.1";"199.48";"1.57"
"Dulles Airport";"May 24, 2026, 09:00:00";"4.99";"189.22";"1.21"
"Dulles Airport";"May 24, 2026, 08:00:00";"7.41";"180.83";"0.78"
"Dulles Airport";"May 24, 2026, 07:00:00";"6.1";"170.99";"0.71"
"Dulles Airport";"May 24, 2026, 06:00:00";"5.7";"171.01";"0.7"
"Dulles Airport";"May 24, 2026, 05:00:00";"5.85";"177.19";"0.68"
"Dulles Airport";"May 24, 2026, 04:00:00";"5.51";"185.1";"0.47"
"Dulles Airport";"May 24, 2026, 03:00:00";"5.98";"187.47";"0.93"
"Dulles Airport";"May 24, 2026, 02:00:00";"6.16";"187.62";"1.32"
"Dulles Airport";"May 24, 2026, 01:00:00";"6.09";"190.12";"2.75"
"Dulles Airport";"May 24, 2026, 00:00:00";"7.25";"189.12";"2.7"
"Dulles Airport";"May 23, 2026, 23:00:00";"6.99";"182.67";"1.72"
"Dulles Airport";"May 23, 2026, 22:00:00";"7.65";"174.35";"1.82"
"Dulles Airport";"May 23, 2026, 21:00:00";"7.74";"171.43";"1.99"
"Dulles Airport";"May 23, 2026, 20:00:00";"7.02";"179.83";"1.81"
"Dulles Airport";"May 23, 2026, 19:00:00";"7.73";"198.87";"2.1"
"Dulles Airport";"May 23, 2026, 18:00:00";"7.82";"194.51";"1.89"
"Dulles Airport";"May 23, 2026, 17:00:00";"7.71";"195.65";"1.22"
"Dulles Airport";"May 23, 2026, 16:00:00";"6.93";"186.41";"0.99"
"Dulles Airport";"May 23, 2026, 15:00:00";"6.87";"183.99";"0.71"
"Dulles Airport";"May 23, 2026, 14:00:00";"7.22";"185.58";"0.56"
"Dulles Airport";"May 23, 2026, 13:00:00";"7.14";"180.13";"0.88"
"Dulles Airport";"May 23, 2026, 12:00:00";"7.9";"177.87";"1.03"
"Dulles Airport";"May 23, 2026, 11:00:00";"7.49";"169.83";"1.12"
"Dulles Airport";"May 23, 2026, 10:00:00";"7.47";"168.49";"1.91"
"Dulles Airport";"May 23, 2026, 09:00:00";"7.63";"160.29";"2.03"
"Dulles Airport";"May 23, 2026, 08:00:00";"7.89";"151.86";"2.12"
"Dulles Airport";"May 23, 2026, 07:00:00";"7.98";"146.18";"2.28"
"Dulles Airport";"May 23, 2026, 06:00:00";"8.54";"140.86";"2.25"
"Dulles Airport";"May 23, 2026, 05:00:00";"8.4";"136.39";"2.45"
"Dulles Airport";"May 23, 2026, 04:00:00";"7.42";"138.67";"2.22"
"Dulles Airport";"May 23, 2026, 03:00:00";"7.24";"141.3";"2.07"
"Dulles Airport";"May 23, 2026, 02:00:00";"7.21";"136.26";"2.44"
"Dulles Airport";"May 23, 2026, 01:00:00";"7.22";"131.99";"2.01"
"Dulles Airport";"May 23, 2026, 00:00:00";"7.03";"129.51";"2.25"
"Dulles Airport";"May 22, 2026, 23:00:00";"7.1";"124.89";"1.86"
"Dulles Airport";"May 22, 2026, 22:00:00";"5.92";"120.05";"1.65"
"Dulles Airport";"May 22, 2026, 21:00:00";"5.59";"126.72";"1.4"
"Dulles Airport";"May 22, 2026, 20:00:00";"5.35";"140.8";"1.34"
"Dulles Airport";"May 22, 2026, 19:00:00";"4.92";"165.78";"1.57"
"Dulles Airport";"May 22, 2026, 18:00:00";"4.64";"178.94";"1.57"
"Dulles Airport";"May 22, 2026, 17:00:00";"3.82";"204.24";"1.32"
"Dulles Airport";"May 22, 2026, 16:00:00";"3.59";"227.44";"1.24"
"Dulles Airport";"May 22, 2026, 15:00:00";"4.01";"230.93";"1.5"
"Dulles Airport";"May 22, 2026, 14:00:00";"4.78";"226.17";"1.68"
"Dulles Airport";"May 22, 2026, 13:00:00";"7.13";"208.73";"3.34"
"Dulles Airport";"May 22, 2026, 12:00:00";"5.88";"196.18";"1.84"
"Dulles Airport";"May 22, 2026, 11:00:00";"5.66";"200.77";"4.29"
"Dulles Airport";"May 22, 2026, 10:00:00";"4.53";"209.1";"9.13"
"Dulles Airport";"May 22, 2026, 09:00:00";"4.34";"204.06";"8.23"
"Dulles Airport";"May 22, 2026, 08:00:00";"5.12";"199.37";"10.99"
"Dulles Airport";"May 22, 2026, 07:00:00";"3.91";"195.7";"12.93"
"Dulles Airport";"May 22, 2026, 06:00:00";"3.87";"195.65";"9.49"
"Dulles Airport";"May 22, 2026, 05:00:00";"3.31";"193.39";"8.62"
"Dulles Airport";"May 22, 2026, 04:00:00";"3.85";"184.5";"10.57"
"Dulles Airport";"May 22, 2026, 03:00:00";"4.03";"179.91";"14.41"
"Dulles Airport";"May 22, 2026, 02:00:00";"2.72";"185.49";"15.72"
"Dulles Airport";"May 22, 2026, 01:00:00";"3.02";"180.55";"10.64"
"Dulles Airport";"May 22, 2026, 00:00:00";"4.93";"170.89";"7.6"
"Dulles Airport";"May 21, 2026, 23:00:00";"5.34";"163.65";"6.22"
"Dulles Airport";"May 21, 2026, 22:00:00";"5.79";"154.23";"4.86"
"Dulles Airport";"May 21, 2026, 21:00:00";"6.26";"147.81";"3.09"
"Dulles Airport";"May 21, 2026, 20:00:00";"7.05";"143.17";"2.75"
"Dulles Airport";"May 21, 2026, 19:00:00";"6.95";"134.42";"2.77"
"Dulles Airport";"May 21, 2026, 18:00:00";"5.75";"118.83";"1.37"
"Dulles Airport";"May 21, 2026, 17:00:00";"4.85";"116.82";"1"
"Dulles Airport";"May 21, 2026, 16:00:00";"3.92";"121.51";"1.05"
"Dulles Airport";"May 21, 2026, 15:00:00";"3.07";"148.88";"1.03"
"Dulles Airport";"May 21, 2026, 14:00:00";"2.09";"154.17";"1.33"
"Dulles Airport";"May 21, 2026, 13:00:00";"2.37";"173.25";"1.7"
"Dulles Airport";"May 21, 2026, 12:00:00";"2.61";"178.46";"1.78"
"Dulles Airport";"May 21, 2026, 11:00:00";"1.45";"196.13";"2.08"
"Dulles Airport";"May 21, 2026, 10:00:00";"1.82";"228.97";"2.28"
"Dulles Airport";"May 21, 2026, 09:00:00";"3.21";"272.39";"2.7"
"Dulles Airport";"May 21, 2026, 08:00:00";"2.58";"290.69";"2.81"
"Dulles Airport";"May 21, 2026, 07:00:00";"2.54";"311.83";"3.29"
"Dulles Airport";"May 21, 2026, 06:00:00";"1.42";"339";"3.85"
"Dulles Airport";"May 21, 2026, 05:00:00";"1.16";"456.24";"9.92"
"Dulles Airport";"May 21, 2026, 04:00:00";"3.43";"451.65";"0"
"Dulles Airport";"May 21, 2026, 03:00:00";"7.39";"442.46";"0"
"Dulles Airport";"May 21, 2026, 02:00:00";"12.79";"440.76";"0"
"Dulles Airport";"May 21, 2026, 01:00:00";"0.76";"437.41";"8.75"
"Dulles Airport";"May 21, 2026, 00:00:00";"6.09";"431.55";"12.82"
"Dulles Airport";"May 20, 2026, 23:00:00";"10.21";"417.11";"9.44"
"Dulles Airport";"May 20, 2026, 22:00:00";"4.34";"392.8";"6.96"
"Dulles Airport";"May 20, 2026, 21:00:00";"3.88";"344.47";"7.74"
"Dulles Airport";"May 20, 2026, 20:00:00";"3.2";"335.64";"6.47"
"Dulles Airport";"May 20, 2026, 19:00:00";"2.58";"285.14";"6.33"
"Dulles Airport";"May 20, 2026, 18:00:00";"3.31";"198.17";"5.5"
"Dulles Airport";"May 20, 2026, 17:00:00";"6.02";"108.81";"5.08"
"Dulles Airport";"May 20, 2026, 16:00:00";"0";"78.51";"5.18"
"Dulles Airport";"May 20, 2026, 15:00:00";"0";"89.12";"5.37"
"Dulles Airport";"May 20, 2026, 14:00:00";"0";"97";"4.68"
"Dulles Airport";"May 20, 2026, 13:00:00";"0";"108.93";"4.47"
"Dulles Airport";"May 20, 2026, 12:00:00";"0";"137.88";"4.92"
"Dulles Airport";"May 20, 2026, 11:00:00";"0";"166.63";"5.83"
"Dulles Airport";"May 20, 2026, 10:00:00";"1.31";"220.68";"5"
"Dulles Airport";"May 20, 2026, 09:00:00";"5.66";"296.37";"4.37"
"Dulles Airport";"May 20, 2026, 08:00:00";"7.33";"315.43";"4.52"
"Dulles Airport";"May 20, 2026, 07:00:00";"2.28";"255";"7.13"
"Dulles Airport";"May 20, 2026, 06:00:00";"1.25";"242.14";"6.47"
"Dulles Airport";"May 20, 2026, 05:00:00";"3.54";"252.08";"6.97"
"Dulles Airport";"May 20, 2026, 04:00:00";"5.3";"260.78";"5.7"
"Dulles Airport";"May 20, 2026, 03:00:00";"8.87";"222.8";"3.86"
"Dulles Airport";"May 20, 2026, 02:00:00";"0.63";"179.67";"3.83"
"Dulles Airport";"May 20, 2026, 01:00:00";"1.25";"183.3";"2.9"
"Dulles Airport";"May 20, 2026, 00:00:00";"3.93";"163.7";"3.53"
"Dulles Airport";"May 19, 2026, 23:00:00";"10.03";"132.97";"3.15"
"Dulles Airport";"May 19, 2026, 22:00:00";"5.34";"107.44";"2.47"
"Dulles Airport";"May 19, 2026, 21:00:00";"0.41";"97.1";"2.15"
"Dulles Airport";"May 19, 2026, 20:00:00";"21.56";"87.52";"2.89"
"Dulles Airport";"May 19, 2026, 19:00:00";"17.54";"71.47";"2.4"
"Dulles Airport";"May 19, 2026, 18:00:00";"1.25";"64.83";"3.27"
"Dulles Airport";"May 19, 2026, 17:00:00";"0";"71.78";"3.96"
"Dulles Airport";"May 19, 2026, 16:00:00";"0";"71.64";"4.12"
"Dulles Airport";"May 19, 2026, 15:00:00";"0";"78.91";"3.89"
"Dulles Airport";"May 19, 2026, 14:00:00";"0";"83.28";"3.94"
"Dulles Airport";"May 19, 2026, 13:00:00";"0";"90.44";"3.88"
"Dulles Airport";"May 19, 2026, 12:00:00";"0";"98.84";"4.2"
"Dulles Airport";"May 19, 2026, 11:00:00";"0";"113.55";"4.39"
"Dulles Airport";"May 19, 2026, 10:00:00";"2.51";"139.63";"5.69"
"Dulles Airport";"May 19, 2026, 09:00:00";"7.51";"146.97";"6.19"
"Dulles Airport";"May 19, 2026, 08:00:00";"9.04";"157.01";"5.59"
"Dulles Airport";"May 19, 2026, 07:00:00";"15.63";"153.93";"5.68"
"Dulles Airport";"May 19, 2026, 06:00:00";"7.54";"155.94";"5.71"
"Dulles Airport";"May 19, 2026, 05:00:00";"8.17";"159.27";"5.65"
"Dulles Airport";"May 19, 2026, 04:00:00";"8.84";"153.38";"6.65"
"Dulles Airport";"May 19, 2026, 03:00:00";"6.13";"141.82";"6.8"
"Dulles Airport";"May 19, 2026, 02:00:00";"21.39";"127.67";"6.48"
"Dulles Airport";"May 19, 2026, 01:00:00";"18.56";"119.21";"6.37"
"Dulles Airport";"May 19, 2026, 00:00:00";"40.11";"103.6";"6.27"
"Dulles Airport";"May 18, 2026, 23:00:00";"27.51";"92.95";"7.04"
"Dulles Airport";"May 18, 2026, 22:00:00";"14.82";"87.16";"6.94"
"Dulles Airport";"May 18, 2026, 21:00:00";"5.8";"86.53";"6.47"
"Dulles Airport";"May 18, 2026, 20:00:00";"3.14";"85.08";"6.51"
"Dulles Airport";"May 18, 2026, 19:00:00";"1.42";"84.96";"6.43"
"Dulles Airport";"May 18, 2026, 18:00:00";"0";"88.42";"6.45"
"Dulles Airport";"May 18, 2026, 17:00:00";"0";"80.78";"5.63"
"Dulles Airport";"May 18, 2026, 16:00:00";"0";"87.82";"6.05"
"Dulles Airport";"May 18, 2026, 15:00:00";"0";"91.99";"6.13"
"Dulles Airport";"May 18, 2026, 14:00:00";"0";"104.09";"5.81"
"Dulles Airport";"May 18, 2026, 13:00:00";"0";"115.85";"6.17"
"Dulles Airport";"May 18, 2026, 12:00:00";"0";"156.07";"7.27"
"Dulles Airport";"May 18, 2026, 11:00:00";"0";"205.49";"7.43"
"Dulles Airport";"May 18, 2026, 10:00:00";"14.95";"257.23";"5.7"
"Dulles Airport";"May 18, 2026, 09:00:00";"19.43";"307.44";"5.41"
"Dulles Airport";"May 18, 2026, 08:00:00";"15.69";"297.88";"8.83"
"Dulles Airport";"May 18, 2026, 07:00:00";"1.99";"234.95";"13.27"
"Dulles Airport";"May 18, 2026, 06:00:00";"2.8";"225.71";"14.51"
"Dulles Airport";"May 18, 2026, 05:00:00";"3.87";"221.68";"12.3"
"Dulles Airport";"May 18, 2026, 04:00:00";"3.24";"216.89";"9.1"
"Dulles Airport";"May 18, 2026, 03:00:00";"3.4";"208.07";"6.68"
"Dulles Airport";"May 18, 2026, 02:00:00";"4.99";"192.2";"5.14"
"Dulles Airport";"May 18, 2026, 01:00:00";"15.68";"167.88";"4.72"
"Dulles Airport";"May 18, 2026, 00:00:00";"35.24";"156.96";"3.77"
"Dulles Airport";"May 17, 2026, 23:00:00";"15.61";"150.57";"3.98"
"Dulles Airport";"May 17, 2026, 22:00:00";"17.49";"126.9";"3.32"
"Dulles Airport";"May 17, 2026, 21:00:00";"18.26";"107.69";"2.93"
"Dulles Airport";"May 17, 2026, 20:00:00";"3.19";"103.33";"2.54"
"Dulles Airport";"May 17, 2026, 19:00:00";"1.19";"84.67";"2.55"
"Dulles Airport";"May 17, 2026, 18:00:00";"0";"89.11";"2.6"
"Dulles Airport";"May 17, 2026, 17:00:00";"0";"95.67";"2.56"
"Dulles Airport";"May 17, 2026, 16:00:00";"0";"101.17";"2.2"
"Dulles Airport";"May 17, 2026, 15:00:00";"0";"110.87";"2"
"Dulles Airport";"May 17, 2026, 14:00:00";"0";"140.94";"2.97"
"Dulles Airport";"May 17, 2026, 13:00:00";"0.96";"191.15";"3.54"
"Dulles Airport";"May 17, 2026, 12:00:00";"5.64";"218.05";"3.44"
"Dulles Airport";"May 17, 2026, 11:00:00";"8.63";"263.25";"4.33"
"Dulles Airport";"May 17, 2026, 10:00:00";"14.55";"238.57";"3.42"
"Dulles Airport";"May 17, 2026, 09:00:00";"11.2";"258.25";"3.42"
"Dulles Airport";"May 17, 2026, 08:00:00";"10.82";"253.81";"5.41"
"Dulles Airport";"May 17, 2026, 07:00:00";"4.68";"191.75";"9.98"
"Dulles Airport";"May 17, 2026, 06:00:00";"4.29";"186.3";"8.47"
"Dulles Airport";"May 17, 2026, 05:00:00";"3.04";"190.53";"6.02"
"Dulles Airport";"May 17, 2026, 04:00:00";"2.66";"200.48";"5.48"
"Dulles Airport";"May 17, 2026, 03:00:00";"2.56";"195.5";"4.99"
"Dulles Airport";"May 17, 2026, 02:00:00";"4.58";"182.67";"3.73"
"Dulles Airport";"May 17, 2026, 01:00:00";"3.51";"175.2";"3.02"
"Dulles Airport";"May 17, 2026, 00:00:00";"3.77";"143.67";"3.17"
"Dulles Airport";"May 16, 2026, 23:00:00";"4.39";"127.44";"2.33"
"Dulles Airport";"May 16, 2026, 22:00:00";"5.97";"114.94";"1.8"
"Dulles Airport";"May 16, 2026, 21:00:00";"7.73";"96.55";"2.01"
"Dulles Airport";"May 16, 2026, 20:00:00";"7.88";"80.48";"2.23"
"Dulles Airport";"May 16, 2026, 19:00:00";"8.49";"63.18";"1.62"
"Dulles Airport";"May 16, 2026, 18:00:00";"6.23";"44.84";"2.32"
"Dulles Airport";"May 16, 2026, 17:00:00";"1.9";"44.98";"2.05"
"Dulles Airport";"May 16, 2026, 16:00:00";"0.76";"44.36";"1.81"
"Dulles Airport";"May 16, 2026, 15:00:00";"0.02";"40.22";"1.05"
"Dulles Airport";"May 16, 2026, 14:00:00";"0";"43.58";"1"
"Dulles Airport";"May 16, 2026, 13:00:00";"0.51";"55.76";"1.5"
"Dulles Airport";"May 16, 2026, 12:00:00";"1.32";"63.59";"1.78"
"Dulles Airport";"May 16, 2026, 11:00:00";"4.56";"82.33";"2.05"
"Dulles Airport";"May 16, 2026, 10:00:00";"18.37";"97.51";"1.64"
"Dulles Airport";"May 16, 2026, 09:00:00";"12.58";"106.71";"1.74"
"Dulles Airport";"May 16, 2026, 08:00:00";"16.05";"109.57";"3.7"
"Dulles Airport";"May 16, 2026, 07:00:00";"4.58";"73.23";"0"
"Dulles Airport";"May 16, 2026, 06:00:00";"4.74";"68.97";"0"
"Dulles Airport";"May 16, 2026, 05:00:00";"8";"66.06";"9.67"
"Dulles Airport";"May 16, 2026, 04:00:00";"4.72";"62.13";"7.44"
"Dulles Airport";"May 16, 2026, 03:00:00";"8.83";"61.66";"5.07"
"Dulles Airport";"May 16, 2026, 02:00:00";"17.65";"60.88";"2.67"
"Dulles Airport";"May 16, 2026, 01:00:00";"27.68";"59.37";"2.52"
"Dulles Airport";"May 16, 2026, 00:00:00";"18.35";"50.98";"2.27"
"Dulles Airport";"May 15, 2026, 23:00:00";"6.06";"44.14";"1.07"
"Dulles Airport";"May 15, 2026, 22:00:00";"5.16";"42.14";"0.84"
"Dulles Airport";"May 15, 2026, 21:00:00";"4.48";"44.03";"0.86"
"Dulles Airport";"May 15, 2026, 20:00:00";"6.13";"34.38";"0.71"
"Dulles Airport";"May 15, 2026, 19:00:00";"4.38";"26.89";"0.59"
"Dulles Airport";"May 15, 2026, 18:00:00";"4.46";"27.9";"0.76"
"Dulles Airport";"May 15, 2026, 17:00:00";"3.95";"28.12";"0.86"
"Dulles Airport";"May 15, 2026, 16:00:00";"3.08";"31.29";"0.76"
"Dulles Airport";"May 15, 2026, 15:00:00";"3.6";"34.31";"1.52"
"Dulles Airport";"May 15, 2026, 14:00:00";"3.92";"37.32";"1.31"
"Dulles Airport";"May 15, 2026, 13:00:00";"3.92";"40.81";"0.97"
"Dulles Airport";"May 15, 2026, 12:00:00";"4.15";"42.44";"1.09"
"Dulles Airport";"May 15, 2026, 11:00:00";"4.3";"43.99";"1.14"
"Dulles Airport";"May 15, 2026, 10:00:00";"5.98";"43.19";"1.37"
"Dulles Airport";"May 15, 2026, 09:00:00";"7.1";"43.79";"1.85"
"Dulles Airport";"May 15, 2026, 08:00:00";"8.54";"42.92";"1.9"
"Dulles Airport";"May 15, 2026, 07:00:00";"7.94";"41.66";"1.69"
"Dulles Airport";"May 15, 2026, 06:00:00";"7.35";"42.26";"2"
"Dulles Airport";"May 15, 2026, 05:00:00";"7.19";"43.01";"1.84"
"Dulles Airport";"May 15, 2026, 04:00:00";"6.12";"46.05";"1.31"
"Dulles Airport";"May 15, 2026, 03:00:00";"4.89";"46.65";"0.95"
"Dulles Airport";"May 15, 2026, 02:00:00";"5.31";"43.07";"1.11"
"Dulles Airport";"May 15, 2026, 01:00:00";"6.44";"37.3";"1.21"
"Dulles Airport";"May 15, 2026, 00:00:00";"7.2";"35.28";"1.39"
"Dulles Airport";"May 14, 2026, 23:00:00";"7.43";"33.48";"1.8"
"Dulles Airport";"May 14, 2026, 22:00:00";"7.39";"32.56";"1.29"
"Dulles Airport";"May 14, 2026, 21:00:00";"7.18";"32.92";"0.51"
"Dulles Airport";"May 14, 2026, 20:00:00";"6.59";"33.11";"0.39"
"Dulles Airport";"May 14, 2026, 19:00:00";"6.62";"33.43";"0.42"
"Dulles Airport";"May 14, 2026, 18:00:00";"6.38";"35.76";"0.76"
"Dulles Airport";"May 14, 2026, 17:00:00";"5.29";"36.96";"0.4"
"Dulles Airport";"May 14, 2026, 16:00:00";"5.31";"39.05";"0.56"
"Dulles Airport";"May 14, 2026, 15:00:00";"4.65";"40.46";"0.65"
"Dulles Airport";"May 14, 2026, 14:00:00";"4.69";"42.72";"0.78"
"Dulles Airport";"May 14, 2026, 13:00:00";"4.47";"48.01";"1.52"
"Dulles Airport";"May 14, 2026, 12:00:00";"3.93";"55.02";"1.73"
"Dulles Airport";"May 14, 2026, 11:00:00";"4.34";"61.06";"1.98"
"Dulles Airport";"May 14, 2026, 10:00:00";"5.11";"75.13";"2.64"
"Dulles Airport";"May 14, 2026, 09:00:00";"6.63";"84.73";"3.18"
"Dulles Airport";"May 14, 2026, 08:00:00";"8.99";"97.42";"3.97"
"Dulles Airport";"May 14, 2026, 07:00:00";"8.64";"111.36";"5.31"
"Dulles Airport";"May 14, 2026, 06:00:00";"9.14";"128.77";"7.48"
"Dulles Airport";"May 14, 2026, 05:00:00";"8.51";"134.85";"5.47"
"Dulles Airport";"May 14, 2026, 04:00:00";"10.56";"145.3";"4.93"
"Dulles Airport";"May 14, 2026, 03:00:00";"9.35";"146.43";"7.47"
"Dulles Airport";"May 14, 2026, 02:00:00";"8.38";"133.88";"12.77"
"Dulles Airport";"May 14, 2026, 01:00:00";"14.79";"129.6";"19.75"
"Dulles Airport";"May 14, 2026, 00:00:00";"16.68";"124.81";"10.77"
"Dulles Airport";"May 13, 2026, 23:00:00";"23.85";"118.56";"4.12"
"Dulles Airport";"May 13, 2026, 22:00:00";"16.5";"105.58";"4.07"
"Dulles Airport";"May 13, 2026, 21:00:00";"11.34";"74.55";"1.45"
"Dulles Airport";"May 13, 2026, 20:00:00";"16.56";"89.78";"1.94"
"Dulles Airport";"May 13, 2026, 19:00:00";"15.07";"89.42";"1.87"
"Dulles Airport";"May 13, 2026, 18:00:00";"14.8";"80.13";"1.99"
"Dulles Airport";"May 13, 2026, 17:00:00";"14.33";"79.29";"2.05"
"Dulles Airport";"May 13, 2026, 16:00:00";"12.71";"54.41";"2.22"
"Dulles Airport";"May 13, 2026, 15:00:00";"8.2";"35.45";"2.8"
"Dulles Airport";"May 13, 2026, 14:00:00";"6.15";"34";"2.06"
"Dulles Airport";"May 13, 2026, 13:00:00";"3.9";"35.07";"1.85"
"Dulles Airport";"May 13, 2026, 12:00:00";"9.29";"39.57";"2.43"
"Dulles Airport";"May 13, 2026, 11:00:00";"7.69";"43.89";"2.63"
"Dulles Airport";"May 13, 2026, 10:00:00";"8";"43.93";"2.79"
"Dulles Airport";"May 13, 2026, 09:00:00";"10.6";"41.11";"2.43"
"Dulles Airport";"May 13, 2026, 08:00:00";"12.19";"37.71";"2.29"
"Dulles Airport";"May 13, 2026, 07:00:00";"12.35";"33.94";"1.71"
"Dulles Airport";"May 13, 2026, 06:00:00";"11.54";"33.06";"1.58"
"Dulles Airport";"May 13, 2026, 05:00:00";"10.18";"33.66";"1.58"
"Dulles Airport";"May 13, 2026, 04:00:00";"9.85";"34.68";"1.32"
"Dulles Airport";"May 13, 2026, 03:00:00";"9.33";"35.73";"1.39"
"Dulles Airport";"May 13, 2026, 02:00:00";"10.81";"38.79";"1.22"
"Dulles Airport";"May 13, 2026, 01:00:00";"12.61";"40.65";"1.53"
"Dulles Airport";"May 13, 2026, 00:00:00";"12.9";"40.41";"1.44"
"Dulles Airport";"May 12, 2026, 23:00:00";"11.64";"40.34";"1.31"
"Dulles Airport";"May 12, 2026, 22:00:00";"10.85";"38.26";"1.51"
"Dulles Airport";"May 12, 2026, 21:00:00";"9.61";"34.93";"1.34"
"Dulles Airport";"May 12, 2026, 20:00:00";"12.9";"29.8";"1.29"
"Dulles Airport";"May 12, 2026, 19:00:00";"7.45";"26.79";"1.35"
"Dulles Airport";"May 12, 2026, 18:00:00";"5.01";"24.64";"1.25"
"Dulles Airport";"May 12, 2026, 17:00:00";"5.12";"25.11";"1.25"
"Dulles Airport";"May 12, 2026, 16:00:00";"6.15";"25.84";"1.24"
"Dulles Airport";"May 12, 2026, 15:00:00";"4.65";"26.79";"1.52"
"Dulles Airport";"May 12, 2026, 14:00:00";"3.49";"28.74";"2.34"
"Dulles Airport";"May 12, 2026, 13:00:00";"5.33";"31.58";"2.73"
"Dulles Airport";"May 12, 2026, 12:00:00";"3.71";"34.73";"2.32"
"Dulles Airport";"May 12, 2026, 11:00:00";"3.25";"38.21";"2.1"
"Dulles Airport";"May 12, 2026, 10:00:00";"6.62";"40.02";"2.18"
"Dulles Airport";"May 12, 2026, 09:00:00";"9.25";"46.19";"1.77"
"Dulles Airport";"May 12, 2026, 08:00:00";"8.83";"54.02";"2.39"
"Dulles Airport";"May 12, 2026, 07:00:00";"3.62";"45.42";"0"
"Dulles Airport";"May 12, 2026, 06:00:00";"2.83";"41.65";"0"
"Dulles Airport";"May 12, 2026, 05:00:00";"0.99";"41.92";"0"
"Dulles Airport";"May 12, 2026, 04:00:00";"1.03";"41.27";"0"
"Dulles Airport";"May 12, 2026, 03:00:00";"4.52";"42.07";"0"
"Dulles Airport";"May 12, 2026, 02:00:00";"4.7";"41.78";"0"
"Dulles Airport";"May 12, 2026, 01:00:00";"8.87";"41.95";"2.32"
"Dulles Airport";"May 12, 2026, 00:00:00";"27.06";"41.01";"1.62"
"Dulles Airport";"May 11, 2026, 23:00:00";"14.53";"35.64";"1.54"
"Dulles Airport";"May 11, 2026, 22:00:00";"15.38";"33.65";"1.42"
"Dulles Airport";"May 11, 2026, 21:00:00";"13.7";"31.9";"0.98"
"Dulles Airport";"May 11, 2026, 20:00:00";"3.89";"32.29";"0.7"
"Dulles Airport";"May 11, 2026, 19:00:00";"5.16";"27.71";"0.68"
"Dulles Airport";"May 11, 2026, 18:00:00";"3.37";"27.96";"1.04"
"Dulles Airport";"May 11, 2026, 17:00:00";"4.63";"33.59";"1.76"
"Dulles Airport";"May 11, 2026, 16:00:00";"6.26";"42.5";"2.28"
"Dulles Airport";"May 11, 2026, 15:00:00";"9.51";"47.07";"2.12"
"Dulles Airport";"May 11, 2026, 14:00:00";"10.28";"50.3";"1.89"
"Dulles Airport";"May 11, 2026, 13:00:00";"6.58";"45.43";"1.15"
"Dulles Airport";"May 11, 2026, 12:00:00";"7.2";"52.01";"1.12"
"Dulles Airport";"May 11, 2026, 11:00:00";"10.27";"61.65";"1.46"
"Dulles Airport";"May 11, 2026, 10:00:00";"9.68";"56.12";"1.55"
"Dulles Airport";"May 11, 2026, 09:00:00";"11.82";"39.05";"1.22"
"Dulles Airport";"May 11, 2026, 08:00:00";"0";"0";"0.75"
"Dulles Airport";"May 11, 2026, 07:00:00";"7.6";"30.22";"0.84"
"Dulles Airport";"May 11, 2026, 06:00:00";"5.91";"33.79";"0.87"
"Dulles Airport";"May 11, 2026, 05:00:00";"4.97";"37.84";"1.16"
"Dulles Airport";"May 11, 2026, 04:00:00";"4.35";"43.98";"1.26"
"Dulles Airport";"May 11, 2026, 03:00:00";"4.27";"67.42";"1.97"
"Dulles Airport";"May 11, 2026, 02:00:00";"4.01";"110.69";"2.85"
"Dulles Airport";"May 11, 2026, 01:00:00";"4.16";"159.06";"4.15"
"Dulles Airport";"May 11, 2026, 00:00:00";"5.67";"202.04";"5.65"
"Dulles Airport";"May 10, 2026, 23:00:00";"4.07";"226.9";"7.41"
"Dulles Airport";"May 10, 2026, 22:00:00";"1.62";"215.26";"7.45"
"Dulles Airport";"May 10, 2026, 21:00:00";"3.99";"203.16";"4.36"
"Dulles Airport";"May 10, 2026, 20:00:00";"4.06";"204.05";"5.49"
"Dulles Airport";"May 10, 2026, 19:00:00";"6.43";"182.86";"3.34"
"Dulles Airport";"May 10, 2026, 18:00:00";"6.47";"207.16";"4.23"
"Dulles Airport";"May 10, 2026, 17:00:00";"4.12";"153.9";"5.07"
"Dulles Airport";"May 10, 2026, 16:00:00";"5.01";"113.78";"3.23"
"Dulles Airport";"May 10, 2026, 15:00:00";"0.94";"43.33";"1.88"
"Dulles Airport";"May 10, 2026, 14:00:00";"0.26";"48.92";"1.79"
"Dulles Airport";"May 10, 2026, 13:00:00";"0";"59.84";"1.79"
"Dulles Airport";"May 10, 2026, 12:00:00";"0";"75.4";"2.09"
"Dulles Airport";"May 10, 2026, 11:00:00";"12.13";"105.9";"3.02"
"Dulles Airport";"May 10, 2026, 10:00:00";"32.46";"150.04";"7.07"
"Dulles Airport";"May 10, 2026, 09:00:00";"9.35";"165.06";"8.39"
"Dulles Airport";"May 10, 2026, 08:00:00";"7.14";"133.2";"0"
"Dulles Airport";"May 10, 2026, 07:00:00";"3.92";"88.53";"0"
"Dulles Airport";"May 10, 2026, 06:00:00";"1.71";"80.5";"0"
"Dulles Airport";"May 10, 2026, 05:00:00";"3.25";"87.04";"0"
"Dulles Airport";"May 10, 2026, 04:00:00";"3.32";"94.93";"0"
"Dulles Airport";"May 10, 2026, 03:00:00";"4.8";"95.13";"0"
"Dulles Airport";"May 10, 2026, 02:00:00";"5.13";"93.16";"0"
"Dulles Airport";"May 10, 2026, 01:00:00";"4.52";"79.45";"9.13"
"Dulles Airport";"May 10, 2026, 00:00:00";"5.76";"73.51";"5.78"
"Dulles Airport";"May 9, 2026, 23:00:00";"6.96";"65.35";"3.63"
"Dulles Airport";"May 9, 2026, 22:00:00";"8.88";"59.02";"2.75"
"Dulles Airport";"May 9, 2026, 21:00:00";"8.69";"57.08";"2.04"
"Dulles Airport";"May 9, 2026, 20:00:00";"4.59";"54.15";"1.98"
"Dulles Airport";"May 9, 2026, 19:00:00";"6.5";"41.84";"2.12"
"Dulles Airport";"May 9, 2026, 18:00:00";"5.18";"36.36";"2.15"
"Dulles Airport";"May 9, 2026, 17:00:00";"4.39";"38.37";"2.37"
"Dulles Airport";"May 9, 2026, 16:00:00";"4.29";"42.54";"3.1"
"Dulles Airport";"May 9, 2026, 15:00:00";"3.71";"44.31";"3.01"
"Dulles Airport";"May 9, 2026, 14:00:00";"5.45";"43.69";"3.08"
"Dulles Airport";"May 9, 2026, 13:00:00";"4.95";"41.92";"3.04"
"Dulles Airport";"May 9, 2026, 12:00:00";"5.94";"42.15";"2.72"
"Dulles Airport";"May 9, 2026, 11:00:00";"7.04";"41.66";"2.44"
"Dulles Airport";"May 9, 2026, 10:00:00";"10.81";"38.31";"1.97"
"Dulles Airport";"May 9, 2026, 09:00:00";"9.63";"34.83";"1.66"
"Dulles Airport";"May 9, 2026, 08:00:00";"13.6";"31.38";"1.64"
"Dulles Airport";"May 9, 2026, 07:00:00";"11.72";"30.07";"1.39"
"Dulles Airport";"May 9, 2026, 06:00:00";"9.03";"28.27";"2.07"
"Dulles Airport";"May 9, 2026, 05:00:00";"8.61";"27.61";"1.57"
"Dulles Airport";"May 9, 2026, 04:00:00";"8.01";"26.84";"1.61"
"Dulles Airport";"May 9, 2026, 03:00:00";"10.31";"26.45";"1.53"
"Dulles Airport";"May 9, 2026, 02:00:00";"8.8";"25.71";"1.56"
"Dulles Airport";"May 9, 2026, 01:00:00";"10.15";"26.16";"1.5"
"Dulles Airport";"May 9, 2026, 00:00:00";"28.64";"26.43";"1.81"
"Dulles Airport";"May 8, 2026, 23:00:00";"24.17";"26.98";"1.99"
"Dulles Airport";"May 8, 2026, 22:00:00";"21.98";"28.63";"1.94"
"Dulles Airport";"May 8, 2026, 21:00:00";"21.38";"26.63";"2.01"
"Dulles Airport";"May 8, 2026, 20:00:00";"16.83";"25.8";"2"
"Dulles Airport";"May 8, 2026, 19:00:00";"10.6";"22.49";"1.49"
"Dulles Airport";"May 8, 2026, 18:00:00";"7.5";"18.98";"1.29"
"Dulles Airport";"May 8, 2026, 17:00:00";"4.65";"16.65";"1.27"
"Dulles Airport";"May 8, 2026, 16:00:00";"5.64";"17.45";"1.63"
"Dulles Airport";"May 8, 2026, 15:00:00";"4.02";"18.61";"2.29"
"Dulles Airport";"May 8, 2026, 14:00:00";"6.19";"21.93";"1.29"
"Dulles Airport";"May 8, 2026, 13:00:00";"2.65";"26.3";"1.43"
"Dulles Airport";"May 8, 2026, 12:00:00";"2.82";"30.5";"1.67"
"Dulles Airport";"May 8, 2026, 11:00:00";"4.19";"35.26";"1.88"
"Dulles Airport";"May 8, 2026, 10:00:00";"4.53";"39.23";"1.48"
"Dulles Airport";"May 8, 2026, 09:00:00";"9.86";"46.1";"1.34"
"Dulles Airport";"May 8, 2026, 08:00:00";"9.74";"42.69";"3.13"
"Dulles Airport";"May 8, 2026, 07:00:00";"4.95";"34.22";"4.29"
"Dulles Airport";"May 8, 2026, 06:00:00";"4.92";"35.2";"3.36"
"Dulles Airport";"May 8, 2026, 05:00:00";"5.99";"35.54";"2.74"
"Dulles Airport";"May 8, 2026, 04:00:00";"7.63";"35.4";"1.59"
"Dulles Airport";"May 8, 2026, 03:00:00";"6.15";"39.31";"1.78"
"Dulles Airport";"May 8, 2026, 02:00:00";"10.41";"43.76";"2.63"
"Dulles Airport";"May 8, 2026, 01:00:00";"12.32";"44.53";"6.6"
"Dulles Airport";"May 8, 2026, 00:00:00";"14.75";"43.81";"4.03"
"Dulles Airport";"May 7, 2026, 23:00:00";"13.02";"42.59";"3.02"
"Dulles Airport";"May 7, 2026, 22:00:00";"13.26";"40.76";"2.24"
"Dulles Airport";"May 7, 2026, 21:00:00";"14.61";"36.02";"2.21"
"Dulles Airport";"May 7, 2026, 20:00:00";"11.64";"36.06";"2.02"
"Dulles Airport";"May 7, 2026, 19:00:00";"11.66";"35.29";"2.61"
"Dulles Airport";"May 7, 2026, 18:00:00";"10.08";"35.88";"2.33"
"Dulles Airport";"May 7, 2026, 17:00:00";"9.96";"31.3";"2.04"
"Dulles Airport";"May 7, 2026, 16:00:00";"7.59";"27.76";"2.19"
"Dulles Airport";"May 7, 2026, 15:00:00";"3.99";"28.22";"1.98"
"Dulles Airport";"May 7, 2026, 14:00:00";"5.4";"32.61";"2.21"
"Dulles Airport";"May 7, 2026, 13:00:00";"8.55";"31.7";"2.57"
"Dulles Airport";"May 7, 2026, 12:00:00";"7.73";"29.61";"2.19"
"Dulles Airport";"May 7, 2026, 11:00:00";"8.76";"31.39";"1.65"
"Dulles Airport";"May 7, 2026, 10:00:00";"8.71";"32.14";"1.87"
"Dulles Airport";"May 7, 2026, 09:00:00";"8.92";"38.5";"1.63"
"Dulles Airport";"May 7, 2026, 08:00:00";"8.3";"43.57";"1.39"
"Dulles Airport";"May 7, 2026, 07:00:00";"8.04";"47.9";"1.59"
"Dulles Airport";"May 7, 2026, 06:00:00";"7.68";"60.68";"1.65"
"Dulles Airport";"May 7, 2026, 05:00:00";"7.87";"67.53";"1.79"
"Dulles Airport";"May 7, 2026, 04:00:00";"8.06";"71.36";"2.37"
"Dulles Airport";"May 7, 2026, 03:00:00";"7.72";"76.07";"3.01"
"Dulles Airport";"May 7, 2026, 02:00:00";"7.35";"99.09";"4.98"
"Dulles Airport";"May 7, 2026, 01:00:00";"6.93";"102.08";"2.24"
"Dulles Airport";"May 7, 2026, 00:00:00";"6.58";"96.79";"1.18"
"Dulles Airport";"May 6, 2026, 23:00:00";"5.2";"120.3";"1.12"
"Dulles Airport";"May 6, 2026, 22:00:00";"4.78";"158.26";"1.42"
"Dulles Airport";"May 6, 2026, 21:00:00";"6.67";"196.66";"3.24"
"Dulles Airport";"May 6, 2026, 20:00:00";"8.58";"182.63";"3.64"
"Dulles Airport";"May 6, 2026, 19:00:00";"6.31";"182.06";"3.43"
"Dulles Airport";"May 6, 2026, 18:00:00";"5.5";"186.95";"3.22"
"Dulles Airport";"May 6, 2026, 17:00:00";"5.22";"192.91";"3.17"
"Dulles Airport";"May 6, 2026, 16:00:00";"6.69";"193.62";"2.96"
"Dulles Airport";"May 6, 2026, 15:00:00";"7";"196.66";"2.75"
"Dulles Airport";"May 6, 2026, 14:00:00";"10.31";"203.35";"2.89"
"Dulles Airport";"May 6, 2026, 13:00:00";"10.52";"211.89";"2.75"
"Dulles Airport";"May 6, 2026, 12:00:00";"11.8";"214.64";"3.15"
"Dulles Airport";"May 6, 2026, 11:00:00";"11.28";"194.7";"4.06"
"Dulles Airport";"May 6, 2026, 10:00:00";"19.14";"178.49";"4.83"
"Dulles Airport";"May 6, 2026, 09:00:00";"13.87";"145.01";"3.61"
"Dulles Airport";"May 6, 2026, 08:00:00";"11.74";"99.76";"3.11"
"Dulles Airport";"May 6, 2026, 07:00:00";"20.32";"77.23";"2.46"
"Dulles Airport";"May 6, 2026, 06:00:00";"10.35";"66.25";"2.7"
"Dulles Airport";"May 6, 2026, 05:00:00";"9.25";"58.74";"3.24"
"Dulles Airport";"May 6, 2026, 04:00:00";"9.8";"53.72";"3.15"
"Dulles Airport";"May 6, 2026, 03:00:00";"11.88";"49.7";"3.45"
"Dulles Airport";"May 6, 2026, 02:00:00";"7.99";"45.06";"3.69"
"Dulles Airport";"May 6, 2026, 01:00:00";"10.91";"40.48";"3.87"
"Dulles Airport";"May 6, 2026, 00:00:00";"27.57";"35.76";"3.46"
"Dulles Airport";"May 5, 2026, 23:00:00";"13.48";"30.36";"2.99"
"Dulles Airport";"May 5, 2026, 22:00:00";"10.4";"26.78";"2.8"
"Dulles Airport";"May 5, 2026, 21:00:00";"11.26";"21.75";"2.93"
"Dulles Airport";"May 5, 2026, 20:00:00";"9.11";"19.43";"2.79"
"Dulles Airport";"May 5, 2026, 19:00:00";"10.67";"21.37";"2.93"
"Dulles Airport";"May 5, 2026, 18:00:00";"6.42";"23.75";"2.71"
"Dulles Airport";"May 5, 2026, 17:00:00";"5.26";"24.98";"3.05"
"Dulles Airport";"May 5, 2026, 16:00:00";"1.92";"27.95";"3.37"
"Dulles Airport";"May 5, 2026, 15:00:00";"1.2";"34.01";"2.99"
"Dulles Airport";"May 5, 2026, 14:00:00";"0.24";"36.72";"2.9"
"Dulles Airport";"May 5, 2026, 13:00:00";"0.19";"38.99";"3"
"Dulles Airport";"May 5, 2026, 12:00:00";"0.84";"44.88";"3.02"
"Dulles Airport";"May 5, 2026, 11:00:00";"4.14";"48.76";"3.11"
"Dulles Airport";"May 5, 2026, 10:00:00";"9.08";"56.1";"3.02"
"Dulles Airport";"May 5, 2026, 09:00:00";"9.76";"55.04";"2.92"
"Dulles Airport";"May 5, 2026, 08:00:00";"11.83";"52.3";"2.68"
"Dulles Airport";"May 5, 2026, 07:00:00";"11.14";"51.23";"1.96"
"Dulles Airport";"May 5, 2026, 06:00:00";"10.16";"52";"1.97"
"Dulles Airport";"May 5, 2026, 05:00:00";"10.99";"53.37";"2.05"
"Dulles Airport";"May 5, 2026, 04:00:00";"12.49";"54.82";"1.98"
"Dulles Airport";"May 5, 2026, 03:00:00";"12.51";"55.71";"1.86"
"Dulles Airport";"May 5, 2026, 02:00:00";"14.23";"54.91";"2.73"
"Dulles Airport";"May 5, 2026, 01:00:00";"10.84";"50.2";"1.73"
"Dulles Airport";"May 5, 2026, 00:00:00";"16.73";"45.33";"2.35"
"Dulles Airport";"May 4, 2026, 23:00:00";"13.06";"41.69";"1.65"
"Dulles Airport";"May 4, 2026, 22:00:00";"11.51";"39.13";"1.88"
"Dulles Airport";"May 4, 2026, 21:00:00";"13.1";"36.69";"1.99"
"Dulles Airport";"May 4, 2026, 20:00:00";"10.89";"32.85";"2.15"
"Dulles Airport";"May 4, 2026, 19:00:00";"12.41";"29.41";"1.89"
"Dulles Airport";"May 4, 2026, 18:00:00";"5.26";"28.37";"2.19"
"Dulles Airport";"May 4, 2026, 17:00:00";"3.03";"29.59";"1.78"
"Dulles Airport";"May 4, 2026, 16:00:00";"2.78";"30.24";"1.77"
"Dulles Airport";"May 4, 2026, 15:00:00";"3.94";"31.19";"1.88"
"Dulles Airport";"May 4, 2026, 14:00:00";"1.78";"32";"1.78"
"Dulles Airport";"May 4, 2026, 13:00:00";"1.22";"33.14";"1.72"
"Dulles Airport";"May 4, 2026, 12:00:00";"1.99";"36.35";"1.76"
"Dulles Airport";"May 4, 2026, 11:00:00";"2.68";"41.03";"1.75"
"Dulles Airport";"May 4, 2026, 10:00:00";"16.56";"41.33";"2.58"
"Dulles Airport";"May 4, 2026, 09:00:00";"15.31";"38.52";"2.8"
"Dulles Airport";"May 4, 2026, 08:00:00";"15.07";"38.14";"1.63"
"Dulles Airport";"May 4, 2026, 07:00:00";"15.69";"36.59";"1.45"
"Dulles Airport";"May 4, 2026, 06:00:00";"10";"37.26";"1.29"
"Dulles Airport";"May 4, 2026, 05:00:00";"8.47";"39.6";"1.66"
"Dulles Airport";"May 4, 2026, 04:00:00";"11.83";"37.55";"1.57"
"Dulles Airport";"May 4, 2026, 03:00:00";"15";"34.34";"1.52"
"Dulles Airport";"May 4, 2026, 02:00:00";"19.55";"28.68";"2.25"
"Dulles Airport";"May 4, 2026, 01:00:00";"27.02";"25.39";"2.22"
"Dulles Airport";"May 4, 2026, 00:00:00";"36.32";"23.23";"1.8"
"Dulles Airport";"May 3, 2026, 23:00:00";"13.06";"21.28";"2.06"
"Dulles Airport";"May 3, 2026, 22:00:00";"6.8";"21.84";"1.24"
"Dulles Airport";"May 3, 2026, 21:00:00";"5.39";"24.67";"1.37"
"Dulles Airport";"May 3, 2026, 20:00:00";"7.83";"22.15";"0.98"
"Dulles Airport";"May 3, 2026, 19:00:00";"6.6";"22.35";"1.12"
"Dulles Airport";"May 3, 2026, 18:00:00";"4.95";"23.01";"1.18"
"Dulles Airport";"May 3, 2026, 17:00:00";"5.57";"23.08";"1.23"
"Dulles Airport";"May 3, 2026, 16:00:00";"5.13";"23.08";"1.18"
"Dulles Airport";"May 3, 2026, 15:00:00";"4.57";"23.23";"1.23"
"Dulles Airport";"May 3, 2026, 14:00:00";"4.55";"23.65";"1.06"
"Dulles Airport";"May 3, 2026, 13:00:00";"3.53";"23.58";"1.21"
"Dulles Airport";"May 3, 2026, 12:00:00";"4.32";"23.46";"1.48"
"Dulles Airport";"May 3, 2026, 11:00:00";"4.43";"23.22";"1.93"
"Dulles Airport";"May 3, 2026, 10:00:00";"5.1";"23.53";"1.91"
"Dulles Airport";"May 3, 2026, 09:00:00";"5.33";"24.44";"1.46"
"Dulles Airport";"May 3, 2026, 08:00:00";"6.68";"25.54";"1.15"
"Dulles Airport";"May 3, 2026, 07:00:00";"7.11";"24.27";"1.5"
"Dulles Airport";"May 3, 2026, 06:00:00";"7.85";"23.81";"1.34"
"Dulles Airport";"May 3, 2026, 05:00:00";"8.87";"22.59";"1.67"
"Dulles Airport";"May 3, 2026, 04:00:00";"9.44";"21.14";"1.99"
"Dulles Airport";"May 3, 2026, 03:00:00";"10.16";"19.5";"1.82"
"Dulles Airport";"May 3, 2026, 02:00:00";"9.36";"19.09";"1.73"
"Dulles Airport";"May 3, 2026, 01:00:00";"9.62";"19.46";"1.96"
"Dulles Airport";"May 3, 2026, 00:00:00";"9.81";"19.24";"1.67"
"Dulles Airport";"May 2, 2026, 23:00:00";"9.31";"19.63";"1.78"
"Dulles Airport";"May 2, 2026, 22:00:00";"8.93";"19.88";"1.81"
"Dulles Airport";"May 2, 2026, 21:00:00";"8.74";"19.93";"1.86"
"Dulles Airport";"May 2, 2026, 20:00:00";"8.05";"20.49";"2.05"
"Dulles Airport";"May 2, 2026, 19:00:00";"7.6";"21.43";"1.84"
"Dulles Airport";"May 2, 2026, 18:00:00";"6.6";"22.74";"1.82"
"Dulles Airport";"May 2, 2026, 17:00:00";"6.04";"23.69";"1.89"
"Dulles Airport";"May 2, 2026, 16:00:00";"4.8";"24.64";"1.95"
"Dulles Airport";"May 2, 2026, 15:00:00";"3.68";"25.18";"2.56"
"Dulles Airport";"May 2, 2026, 14:00:00";"4.6";"25.92";"2.23"
"Dulles Airport";"May 2, 2026, 13:00:00";"6.19";"25.58";"1.85"
"Dulles Airport";"May 2, 2026, 12:00:00";"4.74";"26.37";"2.2"
"Dulles Airport";"May 2, 2026, 11:00:00";"5.33";"27.28";"2.67"
"Dulles Airport";"May 2, 2026, 10:00:00";"6.63";"27.21";"2.58"
"Dulles Airport";"May 2, 2026, 09:00:00";"7.92";"26.36";"2.55"
"Dulles Airport";"May 2, 2026, 08:00:00";"8.5";"25.68";"2.55"
"Dulles Airport";"May 2, 2026, 07:00:00";"8.96";"26.51";"0.89"
"Dulles Airport";"May 2, 2026, 06:00:00";"8.54";"27.06";"0.71"
"Dulles Airport";"May 2, 2026, 05:00:00";"8.4";"28.2";"0.96"
"Dulles Airport";"May 2, 2026, 04:00:00";"8.19";"31.31";"1.12"
"Dulles Airport";"May 2, 2026, 03:00:00";"8.89";"33.6";"1.35"
"Dulles Airport";"May 2, 2026, 02:00:00";"8.98";"33.49";"1.39"
"Dulles Airport";"May 2, 2026, 01:00:00";"8.6";"35.69";"0.94"
"Dulles Airport";"May 2, 2026, 00:00:00";"8.56";"37.32";"0.98"
"Dulles Airport";"May 1, 2026, 23:00:00";"16.13";"36.38";"1.01"
"Dulles Airport";"May 1, 2026, 22:00:00";"12.06";"32.07";"1.09"
"Dulles Airport";"May 1, 2026, 21:00:00";"14.87";"29.87";"1.14"
"Dulles Airport";"May 1, 2026, 20:00:00";"11.97";"28.95";"1.04"
"Dulles Airport";"May 1, 2026, 19:00:00";"9.08";"29.98";"0.77"
"Dulles Airport";"May 1, 2026, 18:00:00";"6.33";"31.14";"0.81"
"Dulles Airport";"May 1, 2026, 17:00:00";"6.25";"32.73";"1.01"
"Dulles Airport";"May 1, 2026, 16:00:00";"4.69";"34.34";"0.98"
"Dulles Airport";"May 1, 2026, 15:00:00";"4.07";"35.15";"1.01"
"Dulles Airport";"May 1, 2026, 14:00:00";"5.6";"38.24";"4.52"
"Dulles Airport";"May 1, 2026, 13:00:00";"4.68";"39.02";"1.53"
"Dulles Airport";"May 1, 2026, 12:00:00";"5.42";"39.89";"2.8"
"Dulles Airport";"May 1, 2026, 11:00:00";"3.92";"42.04";"1.37"
"Dulles Airport";"May 1, 2026, 10:00:00";"8.18";"43.36";"1.25"
"Dulles Airport";"May 1, 2026, 09:00:00";"9.08";"47.79";"0.97"
"Dulles Airport";"May 1, 2026, 08:00:00";"6.18";"48.81";"1.2"
"Dulles Airport";"May 1, 2026, 07:00:00";"5.83";"43.69";"1.2"
"Dulles Airport";"May 1, 2026, 06:00:00";"7.17";"41.26";"1.04"
"Dulles Airport";"May 1, 2026, 05:00:00";"7.22";"39.38";"0.95"
"Dulles Airport";"May 1, 2026, 04:00:00";"6.55";"36.55";"1.43"
"Dulles Airport";"May 1, 2026, 03:00:00";"5.59";"34.49";"2.53"
"Dulles Airport";"May 1, 2026, 02:00:00";"6.39";"33.64";"2.22"
"Dulles Airport";"May 1, 2026, 01:00:00";"5.76";"32.15";"1.49"
"Dulles Airport";"May 1, 2026, 00:00:00";"7.2";"31.01";"1"
"Dulles Airport";"Apr 30, 2026, 23:00:00";"8.58";"30.07";"0.78"
"Dulles Airport";"Apr 30, 2026, 22:00:00";"8.56";"29.49";"0.84"
"Dulles Airport";"Apr 30, 2026, 21:00:00";"8.57";"30.69";"0.87"
"Dulles Airport";"Apr 30, 2026, 20:00:00";"7.87";"33.89";"0.93"
"Dulles Airport";"Apr 30, 2026, 19:00:00";"6.97";"36.23";"0.46"
"Dulles Airport";"Apr 30, 2026, 18:00:00";"5.44";"38.91";"0.95"
"Dulles Airport";"Apr 30, 2026, 17:00:00";"4.98";"37.64";"0.94"
"Dulles Airport";"Apr 30, 2026, 16:00:00";"3.91";"39.75";"1.04"
"Dulles Airport";"Apr 30, 2026, 15:00:00";"2.52";"43.91";"1.03"
"Dulles Airport";"Apr 30, 2026, 14:00:00";"1.86";"51.06";"1.17"
"Dulles Airport";"Apr 30, 2026, 13:00:00";"1.9";"57.54";"1.42"
"Dulles Airport";"Apr 30, 2026, 12:00:00";"2.16";"69.95";"1.58"
"Dulles Airport";"Apr 30, 2026, 11:00:00";"2.34";"87.02";"2.11"
"Dulles Airport";"Apr 30, 2026, 10:00:00";"2.84";"115.83";"2.11"
"Dulles Airport";"Apr 30, 2026, 09:00:00";"5.76";"141.7";"3.38"
"Dulles Airport";"Apr 30, 2026, 08:00:00";"6.81";"138.78";"0"
"Dulles Airport";"Apr 30, 2026, 07:00:00";"4.32";"130.55";"0"
"Dulles Airport";"Apr 30, 2026, 06:00:00";"1.83";"139.64";"0"
"Dulles Airport";"Apr 30, 2026, 05:00:00";"1.45";"154.63";"0"
"Dulles Airport";"Apr 30, 2026, 04:00:00";"1.45";"180.21";"0"
"Dulles Airport";"Apr 30, 2026, 03:00:00";"3.03";"209.36";"4.17"
"Dulles Airport";"Apr 30, 2026, 02:00:00";"2.39";"217.78";"14.93"
"Dulles Airport";"Apr 30, 2026, 01:00:00";"4.72";"218.65";"8.3"
"Dulles Airport";"Apr 30, 2026, 00:00:00";"6.24";"220.84";"8.38"
"Dulles Airport";"Apr 29, 2026, 23:00:00";"8.68";"221.28";"7.61"
"Dulles Airport";"Apr 29, 2026, 22:00:00";"8.04";"227.78";"6.95"
"Dulles Airport";"Apr 29, 2026, 21:00:00";"8.39";"231.61";"8.29"
"Dulles Airport";"Apr 29, 2026, 20:00:00";"7.56";"228.53";"8.19"
"Dulles Airport";"Apr 29, 2026, 19:00:00";"10.1";"218.66";"9.54"
"Dulles Airport";"Apr 29, 2026, 18:00:00";"11.4";"201.19";"8.59"
"Dulles Airport";"Apr 29, 2026, 17:00:00";"9.64";"188.67";"7.34"
"Dulles Airport";"Apr 29, 2026, 16:00:00";"9.41";"182.6";"6.75"
"Dulles Airport";"Apr 29, 2026, 15:00:00";"10.01";"149.83";"7"
"Dulles Airport";"Apr 29, 2026, 14:00:00";"13.05";"132.33";"5.99"
"Dulles Airport";"Apr 29, 2026, 13:00:00";"12.12";"112.18";"4.73"
"Dulles Airport";"Apr 29, 2026, 12:00:00";"12.68";"92.44";"3.01"
"Dulles Airport";"Apr 29, 2026, 11:00:00";"12.59";"83.26";"2.37"
"Dulles Airport";"Apr 29, 2026, 10:00:00";"14.71";"84";"3.33"
"Dulles Airport";"Apr 29, 2026, 09:00:00";"9.81";"78.59";"1.73"
"Dulles Airport";"Apr 29, 2026, 08:00:00";"10.43";"78.13";"1.69"
"Dulles Airport";"Apr 29, 2026, 07:00:00";"8.6";"75.72";"1.71"
"Dulles Airport";"Apr 29, 2026, 06:00:00";"6.89";"79.5";"1.46"
"Dulles Airport";"Apr 29, 2026, 05:00:00";"5.27";"91.96";"1.44"
"Dulles Airport";"Apr 29, 2026, 04:00:00";"5.15";"97.69";"1.5"
"Dulles Airport";"Apr 29, 2026, 03:00:00";"4.02";"109.84";"1.73"
"Dulles Airport";"Apr 29, 2026, 02:00:00";"5.98";"129.57";"3.83"
"Dulles Airport";"Apr 29, 2026, 01:00:00";"9.12";"126.25";"3.77"
"Dulles Airport";"Apr 29, 2026, 00:00:00";"26.64";"121.34";"4.04"
"Dulles Airport";"Apr 28, 2026, 23:00:00";"13.13";"117.39";"3.96"
"Dulles Airport";"Apr 28, 2026, 22:00:00";"8.49";"112";"4.14"
"Dulles Airport";"Apr 28, 2026, 21:00:00";"11.04";"106.2";"4.49"
"Dulles Airport";"Apr 28, 2026, 20:00:00";"8.71";"101.25";"4.2"
"Dulles Airport";"Apr 28, 2026, 19:00:00";"7.9";"96.63";"4.02"
"Dulles Airport";"Apr 28, 2026, 18:00:00";"7.96";"91.73";"3.09"
"Dulles Airport";"Apr 28, 2026, 17:00:00";"8.46";"82.59";"3.11"
"Dulles Airport";"Apr 28, 2026, 16:00:00";"6.83";"73.1";"1.62"
"Dulles Airport";"Apr 28, 2026, 15:00:00";"6.98";"71.96";"1.25"
"Dulles Airport";"Apr 28, 2026, 14:00:00";"11.15";"71.85";"1.25"
"Dulles Airport";"Apr 28, 2026, 13:00:00";"11.12";"68.79";"1.01"
"Dulles Airport";"Apr 28, 2026, 12:00:00";"11.77";"66.58";"1.08"
"Dulles Airport";"Apr 28, 2026, 11:00:00";"12.62";"64.62";"1.21"
"Dulles Airport";"Apr 28, 2026, 10:00:00";"12.62";"54.53";"1.5"
"Dulles Airport";"Apr 28, 2026, 09:00:00";"13.81";"47.91";"1.52"
"Dulles Airport";"Apr 28, 2026, 08:00:00";"14.95";"48.23";"1.37"
"Dulles Airport";"Apr 28, 2026, 07:00:00";"16.01";"49.49";"1.4"
"Dulles Airport";"Apr 28, 2026, 06:00:00";"9.05";"48.04";"1.31"
"Dulles Airport";"Apr 28, 2026, 05:00:00";"9.2";"46.56";"1.19"
"Dulles Airport";"Apr 28, 2026, 04:00:00";"11.65";"46.48";"1.37"
"Dulles Airport";"Apr 28, 2026, 03:00:00";"12.61";"46.47";"1.49"
"Dulles Airport";"Apr 28, 2026, 02:00:00";"11.97";"44.92";"1.41"
"Dulles Airport";"Apr 28, 2026, 01:00:00";"12.45";"43.41";"1.66"
"Dulles Airport";"Apr 28, 2026, 00:00:00";"12.68";"41.92";"1.54"
"Dulles Airport";"Apr 27, 2026, 23:00:00";"12.27";"45.48";"2.79"
"Dulles Airport";"Apr 27, 2026, 22:00:00";"12.54";"44.79";"1.64"
"Dulles Airport";"Apr 27, 2026, 21:00:00";"12.47";"43.62";"1.82"
"Dulles Airport";"Apr 27, 2026, 20:00:00";"9.09";"40.69";"1.57"
"Dulles Airport";"Apr 27, 2026, 19:00:00";"8.38";"38.45";"1.97"
"Dulles Airport";"Apr 27, 2026, 18:00:00";"7.36";"39.99";"2.72"
"Dulles Airport";"Apr 27, 2026, 17:00:00";"6.49";"40.43";"3.02"
"Dulles Airport";"Apr 27, 2026, 16:00:00";"5.27";"41.22";"2.29"
"Dulles Airport";"Apr 27, 2026, 15:00:00";"3.77";"44.17";"1.75"
"Dulles Airport";"Apr 27, 2026, 14:00:00";"1.54";"48.83";"1.41"
"Dulles Airport";"Apr 27, 2026, 13:00:00";"2.71";"56.42";"1.69"
"Dulles Airport";"Apr 27, 2026, 12:00:00";"5.33";"67.76";"2.18"
"Dulles Airport";"Apr 27, 2026, 11:00:00";"8.07";"81.59";"1.94"
"Dulles Airport";"Apr 27, 2026, 10:00:00";"9.33";"93.82";"2.16"
"Dulles Airport";"Apr 27, 2026, 09:00:00";"9.74";"99.91";"0"
"Dulles Airport";"Apr 27, 2026, 08:00:00";"4.07";"63.11";"0"
"Dulles Airport";"Apr 27, 2026, 07:00:00";"1.58";"47.94";"0"
"Dulles Airport";"Apr 27, 2026, 06:00:00";"1.25";"46.59";"0"
"Dulles Airport";"Apr 27, 2026, 05:00:00";"1.72";"49.06";"0"
"Dulles Airport";"Apr 27, 2026, 04:00:00";"2.1";"51";"0"
"Dulles Airport";"Apr 27, 2026, 03:00:00";"1.43";"51.64";"0"
"Dulles Airport";"Apr 27, 2026, 02:00:00";"2.83";"53.54";"15.79"
"Dulles Airport";"Apr 27, 2026, 01:00:00";"3.94";"54.77";"10.85"
"Dulles Airport";"Apr 27, 2026, 00:00:00";"6.74";"61.86";"5.81"
"Dulles Airport";"Apr 26, 2026, 23:00:00";"7.07";"58.71";"1.42"
"Dulles Airport";"Apr 26, 2026, 22:00:00";"7.12";"55.69";"1.27"
"Dulles Airport";"Apr 26, 2026, 21:00:00";"7.44";"54.7";"1.33"
"Dulles Airport";"Apr 26, 2026, 20:00:00";"7.46";"54.65";"1.39"
"Dulles Airport";"Apr 26, 2026, 19:00:00";"7.08";"55.61";"1.05"
"Dulles Airport";"Apr 26, 2026, 18:00:00";"6.39";"55.71";"1.18"
"Dulles Airport";"Apr 26, 2026, 17:00:00";"6.04";"56.01";"1.05"
"Dulles Airport";"Apr 26, 2026, 16:00:00";"5.88";"56.72";"0.85"
"Dulles Airport";"Apr 26, 2026, 15:00:00";"5.88";"58.69";"1.05"
"Dulles Airport";"Apr 26, 2026, 14:00:00";"6.05";"60.05";"2.23"
"Dulles Airport";"Apr 26, 2026, 13:00:00";"5.28";"61.2";"2.48"
"Dulles Airport";"Apr 26, 2026, 12:00:00";"5.32";"66.4";"1.53"
"Dulles Airport";"Apr 26, 2026, 11:00:00";"5.76";"67.3";"1.15"
"Dulles Airport";"Apr 26, 2026, 10:00:00";"5.84";"64.58";"1.18"
"Dulles Airport";"Apr 26, 2026, 09:00:00";"5.73";"61.2";"0.76"
"Dulles Airport";"Apr 26, 2026, 08:00:00";"5.9";"59.94";"0.74"
"Dulles Airport";"Apr 26, 2026, 07:00:00";"6.41";"59.64";"0.7"
"Dulles Airport";"Apr 26, 2026, 06:00:00";"5.88";"61.24";"0.71"
"Dulles Airport";"Apr 26, 2026, 05:00:00";"5.92";"66.58";"1.45"
"Dulles Airport";"Apr 26, 2026, 04:00:00";"5.64";"70.07";"0.95"
"Dulles Airport";"Apr 26, 2026, 03:00:00";"6.05";"73.93";"0.88"
"Dulles Airport";"Apr 26, 2026, 02:00:00";"5.85";"81.13";"1.11"
"Dulles Airport";"Apr 26, 2026, 01:00:00";"6.67";"91.01";"2.48"
"Dulles Airport";"Apr 26, 2026, 00:00:00";"7.48";"96.48";"9.44"
"Dulles Airport";"Apr 25, 2026, 23:00:00";"6.82";"96.18";"5.7"
"Dulles Airport";"Apr 25, 2026, 22:00:00";"6.91";"96.7";"6.45"
"Dulles Airport";"Apr 25, 2026, 21:00:00";"5.62";"99.78";"7.11"
"Dulles Airport";"Apr 25, 2026, 20:00:00";"7.32";"96.16";"7.6"
"Dulles Airport";"Apr 25, 2026, 19:00:00";"6.26";"100.26";"7.16"
"Dulles Airport";"Apr 25, 2026, 18:00:00";"6.2";"102.39";"8.9"
"Dulles Airport";"Apr 25, 2026, 17:00:00";"6.8";"78.5";"6.26"
"Dulles Airport";"Apr 25, 2026, 16:00:00";"5.37";"78.29";"6.14"
"Dulles Airport";"Apr 25, 2026, 15:00:00";"4.61";"86.68";"7.15"
"Dulles Airport";"Apr 25, 2026, 14:00:00";"4.09";"99.91";"7.92"
"Dulles Airport";"Apr 25, 2026, 13:00:00";"4.86";"105.92";"7.38"
"Dulles Airport";"Apr 25, 2026, 12:00:00";"5.43";"108.27";"7.37"
"Dulles Airport";"Apr 25, 2026, 11:00:00";"6.16";"104.53";"7.41"
"Dulles Airport";"Apr 25, 2026, 10:00:00";"6.07";"100.36";"6.69"
"Dulles Airport";"Apr 25, 2026, 09:00:00";"5.83";"98.91";"5.62"
"Dulles Airport";"Apr 25, 2026, 08:00:00";"6.23";"91.08";"5.27"
"Dulles Airport";"Apr 25, 2026, 07:00:00";"6.02";"82.26";"4.19"
"Dulles Airport";"Apr 25, 2026, 06:00:00";"5.33";"94.72";"4.1"
"Dulles Airport";"Apr 25, 2026, 05:00:00";"6.29";"93.32";"3.43"
"Dulles Airport";"Apr 25, 2026, 04:00:00";"5.83";"81.96";"3.41"
"Dulles Airport";"Apr 25, 2026, 03:00:00";"5.56";"92.23";"3.48"
"Dulles Airport";"Apr 25, 2026, 02:00:00";"5.62";"113.4";"5.72"
"Dulles Airport";"Apr 25, 2026, 01:00:00";"4.88";"112.76";"6.25"
"Dulles Airport";"Apr 25, 2026, 00:00:00";"6.4";"101.05";"5.37"
"Dulles Airport";"Apr 24, 2026, 23:00:00";"6.43";"85.11";"4.04"
"Dulles Airport";"Apr 24, 2026, 22:00:00";"5.04";"82.88";"3.9"
"Dulles Airport";"Apr 24, 2026, 21:00:00";"5.68";"81.31";"3.51"
"Dulles Airport";"Apr 24, 2026, 20:00:00";"7.52";"68.46";"3.79"
"Dulles Airport";"Apr 24, 2026, 19:00:00";"6.33";"58.04";"3.52"
"Dulles Airport";"Apr 24, 2026, 18:00:00";"3.75";"57.95";"4.43"
"Dulles Airport";"Apr 24, 2026, 17:00:00";"5.15";"68.98";"5.86"
"Dulles Airport";"Apr 24, 2026, 16:00:00";"3.78";"48.77";"6.28"
"Dulles Airport";"Apr 24, 2026, 15:00:00";"0";"53.05";"5.52"
"Dulles Airport";"Apr 24, 2026, 14:00:00";"0.52";"58.25";"5"
"Dulles Airport";"Apr 24, 2026, 13:00:00";"0.32";"64.8";"4"
"Dulles Airport";"Apr 24, 2026, 12:00:00";"1.32";"70.31";"4.91"
"Dulles Airport";"Apr 24, 2026, 11:00:00";"1.3";"83";"4.15"
"Dulles Airport";"Apr 24, 2026, 10:00:00";"2.84";"101.87";"3.17"
"Dulles Airport";"Apr 24, 2026, 09:00:00";"6.3";"127.96";"2.58"
"Dulles Airport";"Apr 24, 2026, 08:00:00";"3.82";"138.05";"3.55"
"Dulles Airport";"Apr 24, 2026, 07:00:00";"4.53";"114";"4.27"
"Dulles Airport";"Apr 24, 2026, 06:00:00";"3.58";"105.46";"5.56"
"Dulles Airport";"Apr 24, 2026, 05:00:00";"3.41";"105.25";"4.66"
"Dulles Airport";"Apr 24, 2026, 04:00:00";"1.77";"100.57";"4.56"
"Dulles Airport";"Apr 24, 2026, 03:00:00";"3.03";"92.23";"5.18"
"Dulles Airport";"Apr 24, 2026, 02:00:00";"5.38";"87.74";"4.18"
"Dulles Airport";"Apr 24, 2026, 01:00:00";"13.55";"82.63";"3.86"
"Dulles Airport";"Apr 24, 2026, 00:00:00";"21.39";"80.35";"3.4"
"Dulles Airport";"Apr 23, 2026, 23:00:00";"11.85";"71.78";"3.01"
"Dulles Airport";"Apr 23, 2026, 22:00:00";"4.29";"64.44";"2.41"
"Dulles Airport";"Apr 23, 2026, 21:00:00";"1.28";"64.67";"2.78"
"Dulles Airport";"Apr 23, 2026, 20:00:00";"0.02";"65.83";"2.84"
"Dulles Airport";"Apr 23, 2026, 19:00:00";"0.54";"46.42";"2.24"
"Dulles Airport";"Apr 23, 2026, 18:00:00";"0";"42.1";"2.31"
"Dulles Airport";"Apr 23, 2026, 17:00:00";"0";"43.62";"2.72"
"Dulles Airport";"Apr 23, 2026, 16:00:00";"0";"46.05";"2.96"
"Dulles Airport";"Apr 23, 2026, 15:00:00";"0";"51.64";"3.27"
"Dulles Airport";"Apr 23, 2026, 14:00:00";"0.05";"54.11";"3.56"
"Dulles Airport";"Apr 23, 2026, 13:00:00";"0.31";"61.76";"3.83"
"Dulles Airport";"Apr 23, 2026, 12:00:00";"0.03";"74.13";"3.35"
"Dulles Airport";"Apr 23, 2026, 11:00:00";"2.69";"82.91";"2.75"
"Dulles Airport";"Apr 23, 2026, 10:00:00";"6.43";"109.23";"2.37"
"Dulles Airport";"Apr 23, 2026, 09:00:00";"9.83";"125.97";"2.09"
"Dulles Airport";"Apr 23, 2026, 08:00:00";"5.71";"91.7";"5.28"
"Dulles Airport";"Apr 23, 2026, 07:00:00";"4.81";"74.98";"5.65"
"Dulles Airport";"Apr 23, 2026, 06:00:00";"5.02";"75.58";"5.99"
"Dulles Airport";"Apr 23, 2026, 05:00:00";"3.52";"68.78";"6.01"
"Dulles Airport";"Apr 23, 2026, 04:00:00";"3.5";"64.22";"4.05"
"Dulles Airport";"Apr 23, 2026, 03:00:00";"4.01";"57.15";"3.56"
"Dulles Airport";"Apr 23, 2026, 02:00:00";"1.81";"48.69";"3.27"
"Dulles Airport";"Apr 23, 2026, 01:00:00";"4.46";"44.67";"3.21"
"Dulles Airport";"Apr 23, 2026, 00:00:00";"4.95";"42.08";"3.14"
"Dulles Airport";"Apr 22, 2026, 23:00:00";"6.32";"41.3";"3.23"
"Dulles Airport";"Apr 22, 2026, 22:00:00";"6.15";"41.07";"3.38"
"Dulles Airport";"Apr 22, 2026, 21:00:00";"5.48";"40.25";"3.33"
"Dulles Airport";"Apr 22, 2026, 20:00:00";"3.93";"34.47";"2.9"
"Dulles Airport";"Apr 22, 2026, 19:00:00";"1.73";"35.1";"2.94"
"Dulles Airport";"Apr 22, 2026, 18:00:00";"2.99";"41.91";"3.31"
"Dulles Airport";"Apr 22, 2026, 17:00:00";"3.93";"40.32";"3.43"
"Dulles Airport";"Apr 22, 2026, 16:00:00";"2.81";"42.12";"3.67"
"Dulles Airport";"Apr 22, 2026, 15:00:00";"2.64";"44.04";"3.61"
"Dulles Airport";"Apr 22, 2026, 14:00:00";"10.12";"49.8";"4.08"
"Dulles Airport";"Apr 22, 2026, 13:00:00";"12.89";"53.74";"3.84"
"Dulles Airport";"Apr 22, 2026, 12:00:00";"16.74";"55.17";"3.2"
"Dulles Airport";"Apr 22, 2026, 11:00:00";"18.38";"42.6";"3.04"
"Dulles Airport";"Apr 22, 2026, 10:00:00";"19.28";"34.78";"3.14"
"Dulles Airport";"Apr 22, 2026, 09:00:00";"11.29";"31.86";"3.06"
"Dulles Airport";"Apr 22, 2026, 08:00:00";"15.37";"28.63";"2.19"
"Dulles Airport";"Apr 22, 2026, 07:00:00";"16.07";"26.16";"2.15"
"Dulles Airport";"Apr 22, 2026, 06:00:00";"10.84";"24.94";"2.22"
"Dulles Airport";"Apr 22, 2026, 05:00:00";"9.58";"24.16";"2.26"
"Dulles Airport";"Apr 22, 2026, 04:00:00";"8.94";"23.84";"2.51"
"Dulles Airport";"Apr 22, 2026, 03:00:00";"10.6";"23.99";"2.53"
"Dulles Airport";"Apr 22, 2026, 02:00:00";"13.05";"23.75";"2.51"
"Dulles Airport";"Apr 22, 2026, 01:00:00";"12.89";"23.98";"2.29"
"Dulles Airport";"Apr 22, 2026, 00:00:00";"14.75";"23.66";"2.2"
"Dulles Airport";"Apr 21, 2026, 23:00:00";"12.37";"23.1";"2.61"
"Dulles Airport";"Apr 21, 2026, 22:00:00";"10.68";"22.59";"2.41"
"Dulles Airport";"Apr 21, 2026, 21:00:00";"11.97";"21.72";"1.81"
"Dulles Airport";"Apr 21, 2026, 20:00:00";"11.75";"21.24";"2.18"
"Dulles Airport";"Apr 21, 2026, 19:00:00";"8.62";"22.14";"1.76"
"Dulles Airport";"Apr 21, 2026, 18:00:00";"4.98";"22.81";"1.93"
"Dulles Airport";"Apr 21, 2026, 17:00:00";"4.51";"23.32";"2.17"
"Dulles Airport";"Apr 21, 2026, 16:00:00";"4.31";"23.28";"2.49"
"Dulles Airport";"Apr 21, 2026, 15:00:00";"3.91";"23.34";"2.9"
"Dulles Airport";"Apr 21, 2026, 14:00:00";"3.8";"23.32";"2.68"
"Dulles Airport";"Apr 21, 2026, 13:00:00";"2.98";"23.22";"2.74"
"Dulles Airport";"Apr 21, 2026, 12:00:00";"3.11";"23.65";"2.47"
"Dulles Airport";"Apr 21, 2026, 11:00:00";"9.22";"24.83";"2.73"
"Dulles Airport";"Apr 21, 2026, 10:00:00";"9.6";"25.89";"2.65"
"Dulles Airport";"Apr 21, 2026, 09:00:00";"18.05";"29.76";"4.25"
"Dulles Airport";"Apr 21, 2026, 08:00:00";"0";"0";"3.52"
"Dulles Airport";"Apr 21, 2026, 07:00:00";"9.53";"21.13";"3.17"
"Dulles Airport";"Apr 21, 2026, 06:00:00";"6.06";"20.67";"3.19"
"Dulles Airport";"Apr 21, 2026, 05:00:00";"7.89";"20.34";"3.78"
"Dulles Airport";"Apr 21, 2026, 04:00:00";"10.85";"19.75";"3.81"
"Dulles Airport";"Apr 21, 2026, 03:00:00";"9.55";"17.92";"3.17"
"Dulles Airport";"Apr 21, 2026, 02:00:00";"8.07";"16.48";"2.14"
"Dulles Airport";"Apr 21, 2026, 01:00:00";"7.64";"16.21";"1.92"
"Dulles Airport";"Apr 21, 2026, 00:00:00";"8.69";"14.63";"1.41"
"Dulles Airport";"Apr 20, 2026, 23:00:00";"9.21";"14.72";"1.7"
"Dulles Airport";"Apr 20, 2026, 22:00:00";"8.08";"14.24";"1.65"
"Dulles Airport";"Apr 20, 2026, 21:00:00";"7.72";"14.37";"1.64"
"Dulles Airport";"Apr 20, 2026, 20:00:00";"6.83";"14.87";"1.59"
"Dulles Airport";"Apr 20, 2026, 19:00:00";"5.31";"16.13";"1.64"
"Dulles Airport";"Apr 20, 2026, 18:00:00";"4.98";"16.82";"1.69"
"Dulles Airport";"Apr 20, 2026, 17:00:00";"4.11";"18.16";"1.49"
"Dulles Airport";"Apr 20, 2026, 16:00:00";"4.19";"19.22";"1.23"
"Dulles Airport";"Apr 20, 2026, 15:00:00";"3.78";"21.55";"1.84"
"Dulles Airport";"Apr 20, 2026, 14:00:00";"3.65";"25.25";"1.46"
"Dulles Airport";"Apr 20, 2026, 13:00:00";"5.11";"27.39";"1.72"
"Dulles Airport";"Apr 20, 2026, 12:00:00";"5.96";"30.5";"1.95"
"Dulles Airport";"Apr 20, 2026, 11:00:00";"8.63";"29.74";"2.18"
"Dulles Airport";"Apr 20, 2026, 10:00:00";"5.33";"30.8";"2.21"
"Dulles Airport";"Apr 20, 2026, 09:00:00";"6.29";"31.35";"2.03"
"Dulles Airport";"Apr 20, 2026, 08:00:00";"6.53";"31.18";"1.83"
"Dulles Airport";"Apr 20, 2026, 07:00:00";"6.3";"31.87";"1.47"
"Dulles Airport";"Apr 20, 2026, 06:00:00";"5.57";"32.56";"1.37"
"Dulles Airport";"Apr 20, 2026, 05:00:00";"5.02";"34.78";"1.35"
"Dulles Airport";"Apr 20, 2026, 04:00:00";"4.98";"37.39";"1.91"
"Dulles Airport";"Apr 20, 2026, 03:00:00";"5.17";"35.21";"2.06"
"Dulles Airport";"Apr 20, 2026, 02:00:00";"5.95";"31.8";"2.64"
"Dulles Airport";"Apr 20, 2026, 01:00:00";"5.75";"27.36";"3.09"
"Dulles Airport";"Apr 20, 2026, 00:00:00";"5.65";"24.53";"3.29"
"Dulles Airport";"Apr 19, 2026, 23:00:00";"6.27";"22.31";"2.29"
"Dulles Airport";"Apr 19, 2026, 22:00:00";"3.96";"22.29";"2.06"
"Dulles Airport";"Apr 19, 2026, 21:00:00";"4.81";"20.1";"1.55"
"Dulles Airport";"Apr 19, 2026, 20:00:00";"3.5";"19.95";"1.57"
"Dulles Airport";"Apr 19, 2026, 19:00:00";"2.16";"21.72";"1.8"
"Dulles Airport";"Apr 19, 2026, 18:00:00";"0.72";"25";"2.12"
"Dulles Airport";"Apr 19, 2026, 17:00:00";"1.18";"30.37";"2.04"
"Dulles Airport";"Apr 19, 2026, 16:00:00";"0.58";"36.38";"2.05"
"Dulles Airport";"Apr 19, 2026, 15:00:00";"0.8";"49.55";"2.09"
"Dulles Airport";"Apr 19, 2026, 14:00:00";"2.41";"71.53";"1.31"
"Dulles Airport";"Apr 19, 2026, 13:00:00";"3.75";"73.42";"1.28"
"Dulles Airport";"Apr 19, 2026, 12:00:00";"4.03";"82.46";"1.65"
"Dulles Airport";"Apr 19, 2026, 11:00:00";"4.12";"79.3";"1.79"
"Dulles Airport";"Apr 19, 2026, 10:00:00";"4.16";"79.08";"2.12"
"Dulles Airport";"Apr 19, 2026, 09:00:00";"3.73";"72.1";"1.78"
"Dulles Airport";"Apr 19, 2026, 08:00:00";"2.42";"69.19";"1.01"
"Dulles Airport";"Apr 19, 2026, 07:00:00";"2.14";"100.09";"0.88"
"Dulles Airport";"Apr 19, 2026, 06:00:00";"1.34";"161.66";"4.48"
"Dulles Airport";"Apr 19, 2026, 05:00:00";"1.49";"180.45";"6.39"
"Dulles Airport";"Apr 19, 2026, 04:00:00";"3.88";"168.25";"6.63"
"Dulles Airport";"Apr 19, 2026, 03:00:00";"6.12";"170.88";"6.24"
"Dulles Airport";"Apr 19, 2026, 02:00:00";"2.13";"161.18";"7.33"
"Dulles Airport";"Apr 19, 2026, 01:00:00";"3.25";"127.61";"5.56"
"Dulles Airport";"Apr 19, 2026, 00:00:00";"7.04";"111.14";"5.21"
"Dulles Airport";"Apr 18, 2026, 23:00:00";"5.26";"94.87";"4.71"
"Dulles Airport";"Apr 18, 2026, 22:00:00";"2.71";"88.89";"4.95"
"Dulles Airport";"Apr 18, 2026, 21:00:00";"2.49";"82.88";"4.73"
"Dulles Airport";"Apr 18, 2026, 20:00:00";"0.75";"76.93";"4.68"
"Dulles Airport";"Apr 18, 2026, 19:00:00";"0";"77.92";"4.9"
"Dulles Airport";"Apr 18, 2026, 18:00:00";"0";"80.99";"4.8"
"Dulles Airport";"Apr 18, 2026, 17:00:00";"0";"77.03";"4.35"
"Dulles Airport";"Apr 18, 2026, 16:00:00";"0";"62.78";"2.88"
"Dulles Airport";"Apr 18, 2026, 15:00:00";"0";"63.47";"2.17"
"Dulles Airport";"Apr 18, 2026, 14:00:00";"0.42";"67.78";"2.02"
"Dulles Airport";"Apr 18, 2026, 13:00:00";"0";"77.16";"1.86"
"Dulles Airport";"Apr 18, 2026, 12:00:00";"0";"101.36";"2.13"
"Dulles Airport";"Apr 18, 2026, 11:00:00";"2.12";"135.69";"2.29"
"Dulles Airport";"Apr 18, 2026, 10:00:00";"7.99";"172.86";"2.57"
"Dulles Airport";"Apr 18, 2026, 09:00:00";"11.67";"189.76";"2.73"
"Dulles Airport";"Apr 18, 2026, 08:00:00";"1.77";"129.96";"4.88"
"Dulles Airport";"Apr 18, 2026, 07:00:00";"0.55";"103.97";"5.44"
"Dulles Airport";"Apr 18, 2026, 06:00:00";"0.46";"104.23";"4.81"
"Dulles Airport";"Apr 18, 2026, 05:00:00";"0.65";"101.15";"3.86"
"Dulles Airport";"Apr 18, 2026, 04:00:00";"2.65";"97.77";"3.67"
"Dulles Airport";"Apr 18, 2026, 03:00:00";"2.3";"87.02";"2.87"
"Dulles Airport";"Apr 18, 2026, 02:00:00";"4";"78.75";"2.36"
"Dulles Airport";"Apr 18, 2026, 01:00:00";"6.44";"69.78";"1.86"
"Dulles Airport";"Apr 18, 2026, 00:00:00";"3.67";"61.27";"1.72"
"Dulles Airport";"Apr 17, 2026, 23:00:00";"1.93";"58.16";"1.45"
"Dulles Airport";"Apr 17, 2026, 22:00:00";"0.41";"57.91";"1.25"
"Dulles Airport";"Apr 17, 2026, 21:00:00";"1.11";"44.87";"1.21"
"Dulles Airport";"Apr 17, 2026, 20:00:00";"0.78";"35.54";"1.08"
"Dulles Airport";"Apr 17, 2026, 19:00:00";"0.08";"38.79";"1.38"
"Dulles Airport";"Apr 17, 2026, 18:00:00";"0.04";"41.74";"1.6"
"Dulles Airport";"Apr 17, 2026, 17:00:00";"0";"41.68";"1.66"
"Dulles Airport";"Apr 17, 2026, 16:00:00";"0.67";"43.31";"2.17"
"Dulles Airport";"Apr 17, 2026, 15:00:00";"0.02";"41.74";"1.98"
"Dulles Airport";"Apr 17, 2026, 14:00:00";"0";"42.82";"1.52"
"Dulles Airport";"Apr 17, 2026, 13:00:00";"0";"45.93";"2.08"
"Dulles Airport";"Apr 17, 2026, 12:00:00";"0";"54.93";"2.35"
"Dulles Airport";"Apr 17, 2026, 11:00:00";"0.13";"64.49";"2.59"
"Dulles Airport";"Apr 17, 2026, 10:00:00";"0.37";"77.98";"2.33"
"Dulles Airport";"Apr 17, 2026, 09:00:00";"3.07";"95.23";"2.19"
"Dulles Airport";"Apr 17, 2026, 08:00:00";"3.3";"89.7";"2.31"
"Dulles Airport";"Apr 17, 2026, 07:00:00";"0.92";"89.71";"3.21"
"Dulles Airport";"Apr 17, 2026, 06:00:00";"0.75";"88.18";"3.16"
"Dulles Airport";"Apr 17, 2026, 05:00:00";"0.74";"83.43";"2.87"
"Dulles Airport";"Apr 17, 2026, 04:00:00";"0.25";"74.97";"2.91"
"Dulles Airport";"Apr 17, 2026, 03:00:00";"0.05";"68.05";"2.47"
"Dulles Airport";"Apr 17, 2026, 02:00:00";"0";"62.77";"2.47"
"Dulles Airport";"Apr 17, 2026, 01:00:00";"0";"52.03";"2.25"
"Dulles Airport";"Apr 17, 2026, 00:00:00";"0";"43.42";"3.64"
"Dulles Airport";"Apr 16, 2026, 23:00:00";"0.84";"39.22";"4.36"
"Dulles Airport";"Apr 16, 2026, 22:00:00";"8.65";"38.92";"4.49"
"Dulles Airport";"Apr 16, 2026, 21:00:00";"14.02";"40.62";"4.69"
"Dulles Airport";"Apr 16, 2026, 20:00:00";"6.38";"43.76";"4.79"
"Dulles Airport";"Apr 16, 2026, 19:00:00";"7.81";"45.59";"4.98"
"Dulles Airport";"Apr 16, 2026, 18:00:00";"2.37";"47.58";"4.69"
"Dulles Airport";"Apr 16, 2026, 17:00:00";"0";"54.51";"4.74"
"Dulles Airport";"Apr 16, 2026, 16:00:00";"0";"62.02";"4.52"
"Dulles Airport";"Apr 16, 2026, 15:00:00";"0";"67.58";"4.13"
"Dulles Airport";"Apr 16, 2026, 14:00:00";"0";"74.14";"4.09"
"Dulles Airport";"Apr 16, 2026, 13:00:00";"1.69";"80.82";"5.08"
"Dulles Airport";"Apr 16, 2026, 12:00:00";"0";"75.57";"4.37"
"Dulles Airport";"Apr 16, 2026, 11:00:00";"7.09";"96.19";"6.69"
"Dulles Airport";"Apr 16, 2026, 10:00:00";"12.79";"108.53";"5.07"
"Dulles Airport";"Apr 16, 2026, 09:00:00";"18.45";"132.35";"3.86"
"Dulles Airport";"Apr 16, 2026, 08:00:00";"7.79";"114.28";"3.46"
"Dulles Airport";"Apr 16, 2026, 07:00:00";"5.47";"93.95";"3.82"
"Dulles Airport";"Apr 16, 2026, 06:00:00";"2.12";"84.73";"3.31"
"Dulles Airport";"Apr 16, 2026, 05:00:00";"2.78";"80.91";"3.35"
"Dulles Airport";"Apr 16, 2026, 04:00:00";"7.31";"77.16";"3.31"
"Dulles Airport";"Apr 16, 2026, 03:00:00";"5.31";"78.83";"2.94"
"Dulles Airport";"Apr 16, 2026, 02:00:00";"5.16";"79.15";"3.02"
"Dulles Airport";"Apr 16, 2026, 01:00:00";"4.7";"76.41";"3.13"
"Dulles Airport";"Apr 16, 2026, 00:00:00";"7.33";"62.53";"3.42"
"Dulles Airport";"Apr 15, 2026, 23:00:00";"7.04";"64.26";"3.74"
"Dulles Airport";"Apr 15, 2026, 22:00:00";"32.39";"67.4";"4.05"
"Dulles Airport";"Apr 15, 2026, 21:00:00";"24.16";"64.6";"4.75"
"Dulles Airport";"Apr 15, 2026, 20:00:00";"11.48";"64.76";"3.97"
"Dulles Airport";"Apr 15, 2026, 19:00:00";"0.68";"61.53";"3.58"
"Dulles Airport";"Apr 15, 2026, 18:00:00";"0";"66.32";"3.92"
"Dulles Airport";"Apr 15, 2026, 17:00:00";"0";"72.19";"4.06"
"Dulles Airport";"Apr 15, 2026, 16:00:00";"0";"76.48";"3.66"
"Dulles Airport";"Apr 15, 2026, 15:00:00";"0";"78.43";"4"
"Dulles Airport";"Apr 15, 2026, 14:00:00";"0";"86.5";"3.68"
"Dulles Airport";"Apr 15, 2026, 13:00:00";"0";"93.83";"3.83"
"Dulles Airport";"Apr 15, 2026, 12:00:00";"0";"108.66";"3.87"
"Dulles Airport";"Apr 15, 2026, 11:00:00";"1.3";"184";"3.73"
"Dulles Airport";"Apr 15, 2026, 10:00:00";"10.04";"250.17";"3.49"
"Dulles Airport";"Apr 15, 2026, 09:00:00";"13.28";"259.98";"3.69"
"Dulles Airport";"Apr 15, 2026, 08:00:00";"6.29";"216.01";"5.34"
"Dulles Airport";"Apr 15, 2026, 07:00:00";"2.98";"177.3";"6.17"
"Dulles Airport";"Apr 15, 2026, 06:00:00";"2.42";"170.59";"0"
"Dulles Airport";"Apr 15, 2026, 05:00:00";"2.45";"174.23";"0"
"Dulles Airport";"Apr 15, 2026, 04:00:00";"5.99";"170.46";"4.7"
"Dulles Airport";"Apr 15, 2026, 03:00:00";"10.36";"173.36";"3.56"
"Dulles Airport";"Apr 15, 2026, 02:00:00";"6.23";"149.22";"2.65"
"Dulles Airport";"Apr 15, 2026, 01:00:00";"2.36";"137.54";"2.09"
"Dulles Airport";"Apr 15, 2026, 00:00:00";"4.27";"117.77";"1.99"
"Dulles Airport";"Apr 14, 2026, 23:00:00";"3.85";"87.39";"2.4"
"Dulles Airport";"Apr 14, 2026, 22:00:00";"6.81";"67.36";"3.79"
"Dulles Airport";"Apr 14, 2026, 21:00:00";"11.71";"65.28";"4.52"
"Dulles Airport";"Apr 14, 2026, 20:00:00";"4.71";"64.76";"4.46"
"Dulles Airport";"Apr 14, 2026, 19:00:00";"2.1";"65.24";"4.14"
"Dulles Airport";"Apr 14, 2026, 18:00:00";"0.38";"66.36";"3.83"
"Dulles Airport";"Apr 14, 2026, 17:00:00";"0";"68.89";"3.52"
"Dulles Airport";"Apr 14, 2026, 16:00:00";"0";"69.17";"3.14"
"Dulles Airport";"Apr 14, 2026, 15:00:00";"0";"69.34";"3.12"
"Dulles Airport";"Apr 14, 2026, 14:00:00";"0";"70.85";"2.91"
"Dulles Airport";"Apr 14, 2026, 13:00:00";"0";"74.87";"3.05"
"Dulles Airport";"Apr 14, 2026, 12:00:00";"0";"88.53";"3.03"
"Dulles Airport";"Apr 14, 2026, 11:00:00";"5.31";"124.3";"4.49"
"Dulles Airport";"Apr 14, 2026, 10:00:00";"26.76";"150.32";"5.27"
"Dulles Airport";"Apr 14, 2026, 09:00:00";"23.52";"159.84";"4.39"
"Dulles Airport";"Apr 14, 2026, 08:00:00";"15.1";"135.47";"4.49"
"Dulles Airport";"Apr 14, 2026, 07:00:00";"6.77";"117.7";"4.15"
"Dulles Airport";"Apr 14, 2026, 06:00:00";"4.75";"108.01";"4.55"
"Dulles Airport";"Apr 14, 2026, 05:00:00";"4.95";"99.05";"4.28"
"Dulles Airport";"Apr 14, 2026, 04:00:00";"5.97";"95.27";"4.25"
"Dulles Airport";"Apr 14, 2026, 03:00:00";"6.9";"89.9";"3.67"
"Dulles Airport";"Apr 14, 2026, 02:00:00";"9.9";"88.76";"3.93"
"Dulles Airport";"Apr 14, 2026, 01:00:00";"9.79";"82.47";"3.68"
"Dulles Airport";"Apr 14, 2026, 00:00:00";"26.75";"77.77";"3.74"
"Dulles Airport";"Apr 13, 2026, 23:00:00";"11.99";"73.04";"3.83"
"Dulles Airport";"Apr 13, 2026, 22:00:00";"9.43";"68.32";"3.85"
"Dulles Airport";"Apr 13, 2026, 21:00:00";"10.65";"65.24";"4.02"
"Dulles Airport";"Apr 13, 2026, 20:00:00";"8.5";"63.58";"4.44"
"Dulles Airport";"Apr 13, 2026, 19:00:00";"5.15";"64.3";"4.92"
"Dulles Airport";"Apr 13, 2026, 18:00:00";"3.7";"68.47";"4.91"
"Dulles Airport";"Apr 13, 2026, 17:00:00";"4.94";"73.26";"5.16"
"Dulles Airport";"Apr 13, 2026, 16:00:00";"3.71";"73.43";"6.03"
"Dulles Airport";"Apr 13, 2026, 15:00:00";"1.55";"79.73";"6.34"
"Dulles Airport";"Apr 13, 2026, 14:00:00";"1.52";"94.54";"6.06"
"Dulles Airport";"Apr 13, 2026, 13:00:00";"5.18";"116.19";"5.6"
"Dulles Airport";"Apr 13, 2026, 12:00:00";"5.36";"109.51";"6.49"
"Dulles Airport";"Apr 13, 2026, 11:00:00";"3.65";"124.05";"6.88"
"Dulles Airport";"Apr 13, 2026, 10:00:00";"5.42";"145.83";"5.99"
"Dulles Airport";"Apr 13, 2026, 09:00:00";"7.41";"165.64";"5.43"
"Dulles Airport";"Apr 13, 2026, 08:00:00";"10.54";"174.2";"4.55"
"Dulles Airport";"Apr 13, 2026, 07:00:00";"12.64";"160.41";"4.37"
"Dulles Airport";"Apr 13, 2026, 06:00:00";"14.08";"140.73";"4.12"
"Dulles Airport";"Apr 13, 2026, 05:00:00";"10.35";"117.23";"3.1"
"Dulles Airport";"Apr 13, 2026, 04:00:00";"9.65";"98.36";"3.09"
"Dulles Airport";"Apr 13, 2026, 03:00:00";"12.07";"87.47";"3"
"Dulles Airport";"Apr 13, 2026, 02:00:00";"10.4";"69.15";"2.67"
"Dulles Airport";"Apr 13, 2026, 01:00:00";"11.43";"56.68";"2.63"
"Dulles Airport";"Apr 13, 2026, 00:00:00";"12.97";"48.43";"2.3"
"Dulles Airport";"Apr 12, 2026, 23:00:00";"15.22";"43.29";"1.93"
"Dulles Airport";"Apr 12, 2026, 22:00:00";"15.99";"36.92";"1.78"
"Dulles Airport";"Apr 12, 2026, 21:00:00";"10.18";"34.01";"1.71"
"Dulles Airport";"Apr 12, 2026, 20:00:00";"11.52";"35.37";"1.62"
"Dulles Airport";"Apr 12, 2026, 19:00:00";"11.98";"35.29";"1.74"
"Dulles Airport";"Apr 12, 2026, 18:00:00";"5.94";"36.95";"1.91"
"Dulles Airport";"Apr 12, 2026, 17:00:00";"3.34";"35.95";"1.83"
"Dulles Airport";"Apr 12, 2026, 16:00:00";"2.48";"35.35";"1.65"
"Dulles Airport";"Apr 12, 2026, 15:00:00";"1.66";"37.42";"1.75"
"Dulles Airport";"Apr 12, 2026, 14:00:00";"2.73";"41.35";"2.01"
"Dulles Airport";"Apr 12, 2026, 13:00:00";"2.53";"46.75";"2.2"
"Dulles Airport";"Apr 12, 2026, 12:00:00";"3.03";"53.11";"2.43"
"Dulles Airport";"Apr 12, 2026, 11:00:00";"6.02";"59.76";"2.72"
"Dulles Airport";"Apr 12, 2026, 10:00:00";"8.69";"57.48";"2.83"
"Dulles Airport";"Apr 12, 2026, 09:00:00";"9.81";"52.68";"2.78"
"Dulles Airport";"Apr 12, 2026, 08:00:00";"11.62";"51.22";"3.25"
"Dulles Airport";"Apr 12, 2026, 07:00:00";"9.32";"47.8";"4.77"
"Dulles Airport";"Apr 12, 2026, 06:00:00";"10.65";"44.05";"4.9"
"Dulles Airport";"Apr 12, 2026, 05:00:00";"15.58";"38.93";"5.05"
"Dulles Airport";"Apr 12, 2026, 04:00:00";"13.57";"35.75";"4.37"
"Dulles Airport";"Apr 12, 2026, 03:00:00";"13.46";"35.43";"4"
"Dulles Airport";"Apr 12, 2026, 02:00:00";"14.32";"34.15";"3.33"
"Dulles Airport";"Apr 12, 2026, 01:00:00";"11.03";"31.15";"2.69"
"Dulles Airport";"Apr 12, 2026, 00:00:00";"9.99";"28.62";"2.37"
"Dulles Airport";"Apr 11, 2026, 23:00:00";"9.31";"27.3";"1.97"
"Dulles Airport";"Apr 11, 2026, 22:00:00";"5.23";"28.94";"2.08"
"Dulles Airport";"Apr 11, 2026, 21:00:00";"5.08";"29.46";"1.89"
"Dulles Airport";"Apr 11, 2026, 20:00:00";"4.89";"25.98";"1.54"
"Dulles Airport";"Apr 11, 2026, 19:00:00";"3.94";"23.33";"1.46"
"Dulles Airport";"Apr 11, 2026, 18:00:00";"2.76";"22.54";"1.8"
"Dulles Airport";"Apr 11, 2026, 17:00:00";"1.83";"22.82";"1.85"
"Dulles Airport";"Apr 11, 2026, 16:00:00";"1.2";"24.71";"2.24"
"Dulles Airport";"Apr 11, 2026, 15:00:00";"1.36";"29.28";"2.38"
"Dulles Airport";"Apr 11, 2026, 14:00:00";"2.19";"32.74";"2.68"
"Dulles Airport";"Apr 11, 2026, 13:00:00";"2.44";"35.74";"3.24"
"Dulles Airport";"Apr 11, 2026, 12:00:00";"4.14";"42.23";"3.13"
"Dulles Airport";"Apr 11, 2026, 11:00:00";"4.64";"49.38";"2.7"
"Dulles Airport";"Apr 11, 2026, 10:00:00";"5.65";"57.09";"3.02"
"Dulles Airport";"Apr 11, 2026, 09:00:00";"6.15";"71.18";"2.89"
"Dulles Airport";"Apr 11, 2026, 08:00:00";"7.11";"89.39";"2.37"
"Dulles Airport";"Apr 11, 2026, 07:00:00";"7.22";"81.44";"3.02"
"Dulles Airport";"Apr 11, 2026, 06:00:00";"5.9";"73.66";"3.84"
"Dulles Airport";"Apr 11, 2026, 05:00:00";"6.48";"65.72";"4.26"
"Dulles Airport";"Apr 11, 2026, 04:00:00";"6.48";"59.47";"4.84"
"Dulles Airport";"Apr 11, 2026, 03:00:00";"6.2";"52.88";"5.36"
"Dulles Airport";"Apr 11, 2026, 02:00:00";"6.74";"42.24";"4.84"
"Dulles Airport";"Apr 11, 2026, 01:00:00";"8.16";"37.24";"3.91"
"Dulles Airport";"Apr 11, 2026, 00:00:00";"34.14";"37.98";"3.95"
"Dulles Airport";"Apr 10, 2026, 23:00:00";"24.63";"38";"4.59"
"Dulles Airport";"Apr 10, 2026, 22:00:00";"12.88";"38.75";"5.07"
"Dulles Airport";"Apr 10, 2026, 21:00:00";"12.58";"36.53";"4.52"
"Dulles Airport";"Apr 10, 2026, 20:00:00";"12.23";"30.74";"4.44"
"Dulles Airport";"Apr 10, 2026, 19:00:00";"10.41";"27.91";"4.05"
"Dulles Airport";"Apr 10, 2026, 18:00:00";"3.52";"30.74";"3.57"
"Dulles Airport";"Apr 10, 2026, 17:00:00";"0.13";"34.81";"3.92"
"Dulles Airport";"Apr 10, 2026, 16:00:00";"0.19";"37.3";"4.18"
"Dulles Airport";"Apr 10, 2026, 15:00:00";"1.34";"42.03";"4.28"
"Dulles Airport";"Apr 10, 2026, 14:00:00";"5.88";"47.29";"5.31"
"Dulles Airport";"Apr 10, 2026, 13:00:00";"5.98";"53.35";"5.71"
"Dulles Airport";"Apr 10, 2026, 12:00:00";"8.47";"60.15";"6.65"
"Dulles Airport";"Apr 10, 2026, 11:00:00";"14.35";"68.82";"7.65"
"Dulles Airport";"Apr 10, 2026, 10:00:00";"19.32";"64.9";"7.76"
"Dulles Airport";"Apr 10, 2026, 09:00:00";"17.86";"60.84";"7.37"
"Dulles Airport";"Apr 10, 2026, 08:00:00";"24.05";"51.62";"10.17"
"Dulles Airport";"Apr 10, 2026, 07:00:00";"15.27";"47.27";"8.81"
"Dulles Airport";"Apr 10, 2026, 06:00:00";"10.76";"42.92";"7.84"
"Dulles Airport";"Apr 10, 2026, 05:00:00";"10.88";"40.69";"6.96"
"Dulles Airport";"Apr 10, 2026, 04:00:00";"10.26";"33.29";"7.47"
"Dulles Airport";"Apr 10, 2026, 03:00:00";"10.06";"31.46";"7.86"
"Dulles Airport";"Apr 10, 2026, 02:00:00";"15.43";"33.9";"6.2"
"Dulles Airport";"Apr 10, 2026, 01:00:00";"15.79";"29.31";"5.73"
"Dulles Airport";"Apr 10, 2026, 00:00:00";"11.95";"26.31";"5.22"
"Dulles Airport";"Apr 9, 2026, 23:00:00";"16.66";"26.16";"5.12"
"Dulles Airport";"Apr 9, 2026, 22:00:00";"14.55";"25.03";"6.45"
"Dulles Airport";"Apr 9, 2026, 21:00:00";"11.43";"23.66";"12.97"
"Dulles Airport";"Apr 9, 2026, 20:00:00";"8.17";"23.88";"4.81"
"Dulles Airport";"Apr 9, 2026, 19:00:00";"9.1";"25.22";"3.83"
"Dulles Airport";"Apr 9, 2026, 18:00:00";"6.92";"25.75";"3.5"
"Dulles Airport";"Apr 9, 2026, 17:00:00";"5.37";"25.44";"3.24"
"Dulles Airport";"Apr 9, 2026, 16:00:00";"5.78";"25.11";"3.57"
"Dulles Airport";"Apr 9, 2026, 15:00:00";"5.53";"25.52";"3.18"
"Dulles Airport";"Apr 9, 2026, 14:00:00";"7.59";"26.58";"3.39"
"Dulles Airport";"Apr 9, 2026, 13:00:00";"6.88";"27.6";"3.67"
"Dulles Airport";"Apr 9, 2026, 12:00:00";"8.21";"29.24";"4.56"
"Dulles Airport";"Apr 9, 2026, 11:00:00";"10.37";"29.49";"5.36"
"Dulles Airport";"Apr 9, 2026, 10:00:00";"15.47";"28.25";"4.75"
"Dulles Airport";"Apr 9, 2026, 09:00:00";"17.14";"26.86";"4.68"
"Dulles Airport";"Apr 9, 2026, 08:00:00";"19.44";"23.68";"5.98"
"Dulles Airport";"Apr 9, 2026, 07:00:00";"14.2";"21.46";"6.62"
"Dulles Airport";"Apr 9, 2026, 06:00:00";"14.05";"21.55";"5.78"
"Dulles Airport";"Apr 9, 2026, 05:00:00";"11.73";"19.97";"4.26"
"Dulles Airport";"Apr 9, 2026, 04:00:00";"11.76";"19.28";"3.71"
"Dulles Airport";"Apr 9, 2026, 03:00:00";"12.12";"18.32";"4.16"
"Dulles Airport";"Apr 9, 2026, 02:00:00";"13.24";"16.44";"4.74"
"Dulles Airport";"Apr 9, 2026, 01:00:00";"14";"15.38";"5.23"
"Dulles Airport";"Apr 9, 2026, 00:00:00";"17.58";"15.46";"6.32"
"Dulles Airport";"Apr 8, 2026, 23:00:00";"13";"14.92";"6.24"
"Dulles Airport";"Apr 8, 2026, 22:00:00";"12.01";"13.69";"5.77"
"Dulles Airport";"Apr 8, 2026, 21:00:00";"10.59";"13.15";"4.12"
"Dulles Airport";"Apr 8, 2026, 20:00:00";"9.41";"14.75";"3.87"
"Dulles Airport";"Apr 8, 2026, 19:00:00";"7.81";"15.48";"4.25"
"Dulles Airport";"Apr 8, 2026, 18:00:00";"7.26";"16.3";"4.48"
"Dulles Airport";"Apr 8, 2026, 17:00:00";"7.24";"17.11";"4.8"
"Dulles Airport";"Apr 8, 2026, 16:00:00";"7.82";"17.78";"4.66"
"Dulles Airport";"Apr 8, 2026, 15:00:00";"7.92";"17.62";"4.8"
"Dulles Airport";"Apr 8, 2026, 14:00:00";"8.67";"16.61";"4.62"
"Dulles Airport";"Apr 8, 2026, 13:00:00";"7.53";"15.41";"5.21"
"Dulles Airport";"Apr 8, 2026, 12:00:00";"7.1";"14.9";"4.88"
"Dulles Airport";"Apr 8, 2026, 11:00:00";"7.33";"12.94";"4.23"
"Dulles Airport";"Apr 8, 2026, 10:00:00";"10.47";"12.13";"3.92"
"Dulles Airport";"Apr 8, 2026, 09:00:00";"11.33";"11.67";"3.96"
"Dulles Airport";"Apr 8, 2026, 08:00:00";"17.52";"11.65";"5.04"
"Dulles Airport";"Apr 8, 2026, 07:00:00";"18.61";"11.99";"4.11"
"Dulles Airport";"Apr 8, 2026, 06:00:00";"13.32";"10.9";"4.15"
"Dulles Airport";"Apr 8, 2026, 05:00:00";"10.2";"10.9";"3.36"
"Dulles Airport";"Apr 8, 2026, 04:00:00";"10.56";"11.06";"2.95"
"Dulles Airport";"Apr 8, 2026, 03:00:00";"9.96";"10.83";"2.64"
"Dulles Airport";"Apr 8, 2026, 02:00:00";"9.74";"11.25";"2.25"
"Dulles Airport";"Apr 8, 2026, 01:00:00";"10.33";"11.62";"2.12"
"Dulles Airport";"Apr 8, 2026, 00:00:00";"10.07";"11.43";"1.92"
"Dulles Airport";"Apr 7, 2026, 23:00:00";"9.26";"11.4";"1.77"
"Dulles Airport";"Apr 7, 2026, 22:00:00";"8.48";"11.65";"1.57"
"Dulles Airport";"Apr 7, 2026, 21:00:00";"9.01";"11.91";"1.79"
"Dulles Airport";"Apr 7, 2026, 20:00:00";"7.77";"12.26";"2.84"
"Dulles Airport";"Apr 7, 2026, 19:00:00";"6.33";"13.4";"2.11"
"Dulles Airport";"Apr 7, 2026, 18:00:00";"5.48";"14.72";"2.4"
"Dulles Airport";"Apr 7, 2026, 17:00:00";"4.51";"15.24";"2.49"
"Dulles Airport";"Apr 7, 2026, 16:00:00";"4";"15.61";"2.26"
"Dulles Airport";"Apr 7, 2026, 15:00:00";"3.34";"15.89";"2.04"
"Dulles Airport";"Apr 7, 2026, 14:00:00";"2.91";"16.6";"1.96"
"Dulles Airport";"Apr 7, 2026, 13:00:00";"2.07";"19.04";"2.92"
"Dulles Airport";"Apr 7, 2026, 12:00:00";"2.18";"19.46";"3.33"
"Dulles Airport";"Apr 7, 2026, 11:00:00";"2.45";"19.5";"3.12"
"Dulles Airport";"Apr 7, 2026, 10:00:00";"3.95";"18.28";"2.78"
"Dulles Airport";"Apr 7, 2026, 09:00:00";"4.34";"18.3";"2.29"
"Dulles Airport";"Apr 7, 2026, 08:00:00";"5.5";"18.66";"1.79"
"Dulles Airport";"Apr 7, 2026, 07:00:00";"3.69";"20.97";"1.71"
"Dulles Airport";"Apr 7, 2026, 06:00:00";"5.44";"26.31";"2.2"
"Dulles Airport";"Apr 7, 2026, 05:00:00";"5.54";"28.45";"2.41"
"Dulles Airport";"Apr 7, 2026, 04:00:00";"5.07";"30.28";"2.36"
"Dulles Airport";"Apr 7, 2026, 03:00:00";"15.59";"34.19";"3.2"
"Dulles Airport";"Apr 7, 2026, 02:00:00";"22.48";"37.39";"2.75"
"Dulles Airport";"Apr 7, 2026, 01:00:00";"16.12";"33.97";"2.52"
"Dulles Airport";"Apr 7, 2026, 00:00:00";"8.96";"30.02";"2.37"
"Dulles Airport";"Apr 6, 2026, 23:00:00";"9.59";"29.33";"2.24"
"Dulles Airport";"Apr 6, 2026, 22:00:00";"7.53";"26.89";"2.32"
"Dulles Airport";"Apr 6, 2026, 21:00:00";"5.78";"24.52";"2.38"
"Dulles Airport";"Apr 6, 2026, 20:00:00";"5.65";"21.2";"2.73"
"Dulles Airport";"Apr 6, 2026, 19:00:00";"4.3";"21.37";"2.49"
"Dulles Airport";"Apr 6, 2026, 18:00:00";"3.23";"22.2";"1.95"
"Dulles Airport";"Apr 6, 2026, 17:00:00";"3.58";"22.57";"2.71"
"Dulles Airport";"Apr 6, 2026, 16:00:00";"4.59";"23.39";"2.91"
"Dulles Airport";"Apr 6, 2026, 15:00:00";"2.68";"24.13";"3.19"
"Dulles Airport";"Apr 6, 2026, 14:00:00";"1.43";"23.66";"3.16"
"Dulles Airport";"Apr 6, 2026, 13:00:00";"1.57";"24.22";"2.86"
"Dulles Airport";"Apr 6, 2026, 12:00:00";"1.69";"23.37";"2.58"
"Dulles Airport";"Apr 6, 2026, 11:00:00";"2.76";"22.97";"2.2"
"Dulles Airport";"Apr 6, 2026, 10:00:00";"4.64";"20.99";"1.96"
"Dulles Airport";"Apr 6, 2026, 09:00:00";"5.42";"20.34";"1.63"
"Dulles Airport";"Apr 6, 2026, 08:00:00";"6.52";"20.15";"1.5"
"Dulles Airport";"Apr 6, 2026, 07:00:00";"5.85";"20.13";"1.38"
"Dulles Airport";"Apr 6, 2026, 06:00:00";"5.36";"21.06";"1.27"
"Dulles Airport";"Apr 6, 2026, 05:00:00";"5.14";"20.75";"1.01"
"Dulles Airport";"Apr 6, 2026, 04:00:00";"4.75";"20.7";"0.94"
"Dulles Airport";"Apr 6, 2026, 03:00:00";"4.01";"21.72";"0.97"
"Dulles Airport";"Apr 6, 2026, 02:00:00";"3.42";"23.67";"0.9"
"Dulles Airport";"Apr 6, 2026, 01:00:00";"3.55";"25.18";"1.2"
"Dulles Airport";"Apr 6, 2026, 00:00:00";"3.14";"26.05";"1"
"Dulles Airport";"Apr 5, 2026, 23:00:00";"2.7";"28.93";"0.59"
"Dulles Airport";"Apr 5, 2026, 22:00:00";"2.5";"31.33";"0.54"
"Dulles Airport";"Apr 5, 2026, 21:00:00";"2.12";"32.8";"0.61"
"Dulles Airport";"Apr 5, 2026, 20:00:00";"1.36";"37.45";"0.84"
"Dulles Airport";"Apr 5, 2026, 19:00:00";"0.79";"45.84";"0.84"
"Dulles Airport";"Apr 5, 2026, 18:00:00";"0.01";"63.95";"1.27"
"Dulles Airport";"Apr 5, 2026, 17:00:00";"0.03";"95.19";"0.56"
"Dulles Airport";"Apr 5, 2026, 16:00:00";"0.39";"128.73";"0.46"
"Dulles Airport";"Apr 5, 2026, 15:00:00";"1.21";"145.07";"0.64"
"Dulles Airport";"Apr 5, 2026, 14:00:00";"2.28";"202.25";"0.61"
"Dulles Airport";"Apr 5, 2026, 13:00:00";"4.14";"223.89";"0.81"
"Dulles Airport";"Apr 5, 2026, 12:00:00";"6.77";"206.38";"0.82"
"Dulles Airport";"Apr 5, 2026, 11:00:00";"1.49";"218.04";"2.91"
"Dulles Airport";"Apr 5, 2026, 10:00:00";"0.57";"205.49";"3.61"
"Dulles Airport";"Apr 5, 2026, 09:00:00";"3.05";"192";"3.29"
"Dulles Airport";"Apr 5, 2026, 08:00:00";"2.62";"166.98";"3.2"
"Dulles Airport";"Apr 5, 2026, 07:00:00";"2.78";"143.6";"3.29"
"Dulles Airport";"Apr 5, 2026, 06:00:00";"1.8";"128.73";"3.18"
"Dulles Airport";"Apr 5, 2026, 05:00:00";"0.74";"119.37";"3.24"
"Dulles Airport";"Apr 5, 2026, 04:00:00";"0.74";"116.08";"3.34"
"Dulles Airport";"Apr 5, 2026, 03:00:00";"0.68";"115.89";"3.27"
"Dulles Airport";"Apr 5, 2026, 02:00:00";"0.33";"112.31";"3.69"
"Dulles Airport";"Apr 5, 2026, 01:00:00";"2.74";"108.14";"3.99"
"Dulles Airport";"Apr 5, 2026, 00:00:00";"6.55";"101.36";"4.43"
"Dulles Airport";"Apr 4, 2026, 23:00:00";"6.66";"89.68";"4.92"
"Dulles Airport";"Apr 4, 2026, 22:00:00";"8.48";"75.34";"5.06"
"Dulles Airport";"Apr 4, 2026, 21:00:00";"6.3";"70.73";"5.07"
"Dulles Airport";"Apr 4, 2026, 20:00:00";"3.53";"68.68";"4.91"
"Dulles Airport";"Apr 4, 2026, 19:00:00";"0.32";"73.08";"4.38"
"Dulles Airport";"Apr 4, 2026, 18:00:00";"0";"79.99";"4.52"
"Dulles Airport";"Apr 4, 2026, 17:00:00";"0";"94.17";"4.71"
"Dulles Airport";"Apr 4, 2026, 16:00:00";"0";"107.97";"4.85"
"Dulles Airport";"Apr 4, 2026, 15:00:00";"0";"124.63";"5.2"
"Dulles Airport";"Apr 4, 2026, 14:00:00";"0";"135.32";"5.55"
"Dulles Airport";"Apr 4, 2026, 13:00:00";"0";"152.64";"6.04"
"Dulles Airport";"Apr 4, 2026, 12:00:00";"0";"181.71";"5.55"
"Dulles Airport";"Apr 4, 2026, 11:00:00";"0";"232.71";"4.94"
"Dulles Airport";"Apr 4, 2026, 10:00:00";"5.63";"273.98";"4.66"
"Dulles Airport";"Apr 4, 2026, 09:00:00";"7.1";"276.46";"5.52"
"Dulles Airport";"Apr 4, 2026, 08:00:00";"9.96";"225.36";"5.2"
"Dulles Airport";"Apr 4, 2026, 07:00:00";"5.22";"203.47";"5.92"
"Dulles Airport";"Apr 4, 2026, 06:00:00";"4.11";"193.58";"5.32"
"Dulles Airport";"Apr 4, 2026, 05:00:00";"3.11";"161.49";"5.1"
"Dulles Airport";"Apr 4, 2026, 04:00:00";"2.19";"145.6";"5.21"
"Dulles Airport";"Apr 4, 2026, 03:00:00";"2.43";"136.36";"5.12"
"Dulles Airport";"Apr 4, 2026, 02:00:00";"2.07";"130.84";"5.44"
"Dulles Airport";"Apr 4, 2026, 01:00:00";"3.49";"129.68";"5.3"
"Dulles Airport";"Apr 4, 2026, 00:00:00";"7.98";"126.11";"4.8"
"Dulles Airport";"Apr 3, 2026, 23:00:00";"5.54";"129.45";"4.54"
"Dulles Airport";"Apr 3, 2026, 22:00:00";"15.59";"129.49";"4.92"
"Dulles Airport";"Apr 3, 2026, 21:00:00";"17.53";"123.54";"4.94"
"Dulles Airport";"Apr 3, 2026, 20:00:00";"8.17";"120.82";"6.87"
"Dulles Airport";"Apr 3, 2026, 19:00:00";"2.52";"121.91";"4.62"
"Dulles Airport";"Apr 3, 2026, 18:00:00";"0";"138.28";"4.84"
"Dulles Airport";"Apr 3, 2026, 17:00:00";"0";"157.9";"5.28"
"Dulles Airport";"Apr 3, 2026, 16:00:00";"0";"192.52";"5.33"
"Dulles Airport";"Apr 3, 2026, 15:00:00";"0.22";"251.64";"5.71"
"Dulles Airport";"Apr 3, 2026, 14:00:00";"2.12";"269.85";"6.26"
"Dulles Airport";"Apr 3, 2026, 13:00:00";"3.16";"231.99";"6.38"
"Dulles Airport";"Apr 3, 2026, 12:00:00";"5.2";"201.92";"5.79"
"Dulles Airport";"Apr 3, 2026, 11:00:00";"4.98";"179.85";"4.94"
"Dulles Airport";"Apr 3, 2026, 10:00:00";"10.55";"157.45";"11.64"
"Dulles Airport";"Apr 3, 2026, 09:00:00";"11.81";"137.26";"12.84"
"Dulles Airport";"Apr 3, 2026, 08:00:00";"9.19";"127.88";"15.24"
"Dulles Airport";"Apr 3, 2026, 07:00:00";"4.68";"116.21";"15.34"
"Dulles Airport";"Apr 3, 2026, 06:00:00";"4.1";"110.18";"9.09"
"Dulles Airport";"Apr 3, 2026, 05:00:00";"3.38";"107.38";"8.28"
"Dulles Airport";"Apr 3, 2026, 04:00:00";"2.56";"107.66";"8.06"
"Dulles Airport";"Apr 3, 2026, 03:00:00";"3.18";"108.76";"7.25"
"Dulles Airport";"Apr 3, 2026, 02:00:00";"3.71";"102.71";"6.78"
"Dulles Airport";"Apr 3, 2026, 01:00:00";"3.35";"104.13";"7.63"
"Dulles Airport";"Apr 3, 2026, 00:00:00";"3.8";"104.73";"10.16"
"Dulles Airport";"Apr 2, 2026, 23:00:00";"4.32";"103.33";"11.42"
"Dulles Airport";"Apr 2, 2026, 22:00:00";"4.14";"105.59";"9.39"
"Dulles Airport";"Apr 2, 2026, 21:00:00";"4.25";"111.49";"9.83"
"Dulles Airport";"Apr 2, 2026, 20:00:00";"4.73";"113.2";"9.05"
"Dulles Airport";"Apr 2, 2026, 19:00:00";"3.9";"114.25";"7.05"
"Dulles Airport";"Apr 2, 2026, 18:00:00";"3.68";"118.35";"6.65"
"Dulles Airport";"Apr 2, 2026, 17:00:00";"2.5";"125.97";"6.35"
"Dulles Airport";"Apr 2, 2026, 16:00:00";"3.73";"129.73";"6.88"
"Dulles Airport";"Apr 2, 2026, 15:00:00";"4.36";"134.16";"9.04"
"Dulles Airport";"Apr 2, 2026, 14:00:00";"4.92";"141.09";"15.07"
"Dulles Airport";"Apr 2, 2026, 13:00:00";"5.2";"152.06";"19.25"
"Dulles Airport";"Apr 2, 2026, 12:00:00";"4.19";"169.24";"11.46"
"Dulles Airport";"Apr 2, 2026, 11:00:00";"5.09";"194.01";"14.85"
"Dulles Airport";"Apr 2, 2026, 10:00:00";"5.45";"215.03";"16.5"
"Dulles Airport";"Apr 2, 2026, 09:00:00";"7.26";"194.28";"18.68"
"Dulles Airport";"Apr 2, 2026, 08:00:00";"5.87";"188.06";"11.05"
"Dulles Airport";"Apr 2, 2026, 07:00:00";"4.02";"218.19";"9.62"
"Dulles Airport";"Apr 2, 2026, 06:00:00";"7.83";"266.05";"9.65"
"Dulles Airport";"Apr 2, 2026, 05:00:00";"5.22";"267.99";"8.18"
"Dulles Airport";"Apr 2, 2026, 04:00:00";"6.47";"258.82";"6.39"
"Dulles Airport";"Apr 2, 2026, 03:00:00";"4.55";"255.64";"5.98"
"Dulles Airport";"Apr 2, 2026, 02:00:00";"3.05";"250.49";"5.46"
"Dulles Airport";"Apr 2, 2026, 01:00:00";"6.69";"234.3";"4.77"
"Dulles Airport";"Apr 2, 2026, 00:00:00";"4.23";"242.39";"5.04"
"Dulles Airport";"Apr 1, 2026, 23:00:00";"4.72";"255.54";"5.4"
"Dulles Airport";"Apr 1, 2026, 22:00:00";"9.52";"239.29";"7.74"
"Dulles Airport";"Apr 1, 2026, 21:00:00";"9.82";"211.54";"7.81"
"Dulles Airport";"Apr 1, 2026, 20:00:00";"12.6";"205.36";"5.48"
"Dulles Airport";"Apr 1, 2026, 19:00:00";"7.1";"155.76";"6.81"
"Dulles Airport";"Apr 1, 2026, 18:00:00";"9.66";"93.07";"3.85"
"Dulles Airport";"Apr 1, 2026, 17:00:00";"1.9";"79.33";"4.57"
"Dulles Airport";"Apr 1, 2026, 16:00:00";"0";"74.63";"4.93"
"Dulles Airport";"Apr 1, 2026, 15:00:00";"0";"77.28";"4.27"
"Dulles Airport";"Apr 1, 2026, 14:00:00";"0";"88.32";"4.5"
"Dulles Airport";"Apr 1, 2026, 13:00:00";"0";"100.43";"5.08"
"Dulles Airport";"Apr 1, 2026, 12:00:00";"0";"106.42";"5.2"
"Dulles Airport";"Apr 1, 2026, 11:00:00";"2.19";"129.53";"6.1"
"Dulles Airport";"Apr 1, 2026, 10:00:00";"7.12";"141.06";"6.45"
"Dulles Airport";"Apr 1, 2026, 09:00:00";"6.45";"143.31";"6.65"
"Dulles Airport";"Apr 1, 2026, 08:00:00";"8.06";"123.83";"7.19"
"Dulles Airport";"Apr 1, 2026, 07:00:00";"6.73";"116.3";"6.77"
"Dulles Airport";"Apr 1, 2026, 06:00:00";"5.15";"107.14";"6.88"
"Dulles Airport";"Apr 1, 2026, 05:00:00";"3.55";"103.43";"6.67"
"Dulles Airport";"Apr 1, 2026, 04:00:00";"4.09";"94.37";"6.09"
"Dulles Airport";"Apr 1, 2026, 03:00:00";"3.27";"86.8";"5.74"
"Dulles Airport";"Apr 1, 2026, 02:00:00";"3.11";"81.72";"5.74"
"Dulles Airport";"Apr 1, 2026, 01:00:00";"3.46";"78.93";"5.76"
"Dulles Airport";"Apr 1, 2026, 00:00:00";"8.73";"75.04";"6.17"
"Dulles Airport";"Mar 31, 2026, 23:00:00";"5.62";"70.43";"6.55"
"Dulles Airport";"Mar 31, 2026, 22:00:00";"4.49";"67.19";"7.45"
"Dulles Airport";"Mar 31, 2026, 21:00:00";"4.05";"66.82";"7.08"
"Dulles Airport";"Mar 31, 2026, 20:00:00";"3.1";"65.54";"6.76"
"Dulles Airport";"Mar 31, 2026, 19:00:00";"2.03";"70.81";"6.23"
"Dulles Airport";"Mar 31, 2026, 18:00:00";"0";"76.87";"6"
"Dulles Airport";"Mar 31, 2026, 17:00:00";"0";"83.02";"6.08"
"Dulles Airport";"Mar 31, 2026, 16:00:00";"0";"86.86";"6.04"
"Dulles Airport";"Mar 31, 2026, 15:00:00";"0";"90.16";"6.3"
"Dulles Airport";"Mar 31, 2026, 14:00:00";"1.66";"94.39";"6.14"
"Dulles Airport";"Mar 31, 2026, 13:00:00";"0";"97.47";"6.62"
"Dulles Airport";"Mar 31, 2026, 12:00:00";"0.57";"99.93";"6.01"
"Dulles Airport";"Mar 31, 2026, 11:00:00";"2.76";"104.32";"5.24"
"Dulles Airport";"Mar 31, 2026, 10:00:00";"6.32";"101.32";"5.38"
"Dulles Airport";"Mar 31, 2026, 09:00:00";"8.49";"95.03";"4.61"
"Dulles Airport";"Mar 31, 2026, 08:00:00";"13.15";"87.02";"4.75"
"Dulles Airport";"Mar 31, 2026, 07:00:00";"10.62";"80.49";"4.6"
"Dulles Airport";"Mar 31, 2026, 06:00:00";"7.28";"78.94";"4.73"
"Dulles Airport";"Mar 31, 2026, 05:00:00";"6.13";"77.6";"4.85"
"Dulles Airport";"Mar 31, 2026, 04:00:00";"5.87";"78.52";"4.59"
"Dulles Airport";"Mar 31, 2026, 03:00:00";"6.36";"78.93";"4.78"
"Dulles Airport";"Mar 31, 2026, 02:00:00";"6.92";"77.83";"4.81"
"Dulles Airport";"Mar 31, 2026, 01:00:00";"6.3";"75.97";"4.92"
"Dulles Airport";"Mar 31, 2026, 00:00:00";"8.06";"76.65";"4.96"
"Dulles Airport";"Mar 30, 2026, 23:00:00";"6.11";"77.85";"4.8"
"Dulles Airport";"Mar 30, 2026, 22:00:00";"7.2";"76.05";"4.78"
"Dulles Airport";"Mar 30, 2026, 21:00:00";"7.29";"75.55";"4.59"
"Dulles Airport";"Mar 30, 2026, 20:00:00";"8.15";"77.75";"4.47"
"Dulles Airport";"Mar 30, 2026, 19:00:00";"5.4";"78.25";"4.58"
"Dulles Airport";"Mar 30, 2026, 18:00:00";"4.53";"79.27";"4.08"
"Dulles Airport";"Mar 30, 2026, 17:00:00";"5.45";"77.69";"4.16"
"Dulles Airport";"Mar 30, 2026, 16:00:00";"4.3";"84.26";"4.3"
"Dulles Airport";"Mar 30, 2026, 15:00:00";"5.99";"85.3";"4.38"
"Dulles Airport";"Mar 30, 2026, 14:00:00";"7.44";"80.79";"4.36"
"Dulles Airport";"Mar 30, 2026, 13:00:00";"8.72";"82.8";"3.83"
"Dulles Airport";"Mar 30, 2026, 12:00:00";"11.13";"83.52";"3.83"
"Dulles Airport";"Mar 30, 2026, 11:00:00";"12.31";"61.78";"4.21"
"Dulles Airport";"Mar 30, 2026, 10:00:00";"14.91";"48.43";"3.58"
"Dulles Airport";"Mar 30, 2026, 09:00:00";"12.09";"38.89";"3.54"
"Dulles Airport";"Mar 30, 2026, 08:00:00";"11.73";"28.68";"3.54"
"Dulles Airport";"Mar 30, 2026, 07:00:00";"9.26";"24.57";"2.93"
"Dulles Airport";"Mar 30, 2026, 06:00:00";"9.23";"22.46";"2.59"
"Dulles Airport";"Mar 30, 2026, 05:00:00";"7.84";"21.33";"2.45"
"Dulles Airport";"Mar 30, 2026, 04:00:00";"7.03";"18.49";"2.06"
"Dulles Airport";"Mar 30, 2026, 03:00:00";"6.69";"16.73";"1.55"
"Dulles Airport";"Mar 30, 2026, 02:00:00";"5.65";"16.43";"0.97"
"Dulles Airport";"Mar 30, 2026, 01:00:00";"8.66";"16.29";"2.05"
"Dulles Airport";"Mar 30, 2026, 00:00:00";"11.66";"17.08";"3.83"
"Dulles Airport";"Mar 29, 2026, 23:00:00";"12.48";"18.31";"1.95"
"Dulles Airport";"Mar 29, 2026, 22:00:00";"19.11";"19.85";"3.13"
"Dulles Airport";"Mar 29, 2026, 21:00:00";"12.42";"19.59";"2.23"
"Dulles Airport";"Mar 29, 2026, 20:00:00";"9.95";"20.31";"1.46"
"Dulles Airport";"Mar 29, 2026, 19:00:00";"14.6";"21.2";"1.52"
"Dulles Airport";"Mar 29, 2026, 18:00:00";"7.93";"23.01";"2.33"
"Dulles Airport";"Mar 29, 2026, 17:00:00";"6.06";"24.13";"1.62"
"Dulles Airport";"Mar 29, 2026, 16:00:00";"2.75";"25.22";"1.82"
"Dulles Airport";"Mar 29, 2026, 15:00:00";"1.66";"25.79";"1.91"
"Dulles Airport";"Mar 29, 2026, 14:00:00";"1.6";"25.68";"1.85"
"Dulles Airport";"Mar 29, 2026, 13:00:00";"1.17";"25.31";"1.95"
"Dulles Airport";"Mar 29, 2026, 12:00:00";"1.27";"25.4";"1.99"
"Dulles Airport";"Mar 29, 2026, 11:00:00";"2.44";"24.88";"2.17"
"Dulles Airport";"Mar 29, 2026, 10:00:00";"8.31";"24.89";"3.2"
"Dulles Airport";"Mar 29, 2026, 09:00:00";"16.28";"22.16";"4.88"
"Dulles Airport";"Mar 29, 2026, 08:00:00";"20.46";"22.26";"5.72"
"Dulles Airport";"Mar 29, 2026, 07:00:00";"17.16";"21.12";"5.38"
"Dulles Airport";"Mar 29, 2026, 06:00:00";"17.71";"20.33";"4.81"
"Dulles Airport";"Mar 29, 2026, 05:00:00";"19.65";"23.58";"3.69"
"Dulles Airport";"Mar 29, 2026, 04:00:00";"15.76";"20.83";"2.81"
"Dulles Airport";"Mar 29, 2026, 03:00:00";"13.79";"17.23";"2.65"
"Dulles Airport";"Mar 29, 2026, 02:00:00";"16.74";"16.46";"3"
"Dulles Airport";"Mar 29, 2026, 01:00:00";"11.84";"15.31";"2.78"
"Dulles Airport";"Mar 29, 2026, 00:00:00";"9.81";"14.37";"2.6"
"Dulles Airport";"Mar 28, 2026, 23:00:00";"8.82";"14.08";"2.24"
"Dulles Airport";"Mar 28, 2026, 22:00:00";"9.01";"13.56";"2.17"
"Dulles Airport";"Mar 28, 2026, 21:00:00";"7.85";"14.25";"1.8"
"Dulles Airport";"Mar 28, 2026, 20:00:00";"6.87";"13.17";"1.93"
"Dulles Airport";"Mar 28, 2026, 19:00:00";"5.27";"13.8";"1.72"
"Dulles Airport";"Mar 28, 2026, 18:00:00";"3.94";"14.45";"1.72"
"Dulles Airport";"Mar 28, 2026, 17:00:00";"3.3";"15.14";"1.6"
"Dulles Airport";"Mar 28, 2026, 16:00:00";"3.35";"15.95";"1.81"
"Dulles Airport";"Mar 28, 2026, 15:00:00";"3.87";"16.18";"2.36"
"Dulles Airport";"Mar 28, 2026, 14:00:00";"3.68";"16.2";"2.37"
"Dulles Airport";"Mar 28, 2026, 13:00:00";"4.48";"16.21";"2.38"
"Dulles Airport";"Mar 28, 2026, 12:00:00";"4.52";"16.2";"2.5"
"Dulles Airport";"Mar 28, 2026, 11:00:00";"5.09";"15.82";"2.91"
"Dulles Airport";"Mar 28, 2026, 10:00:00";"6.02";"15.19";"2.94"
"Dulles Airport";"Mar 28, 2026, 09:00:00";"6.69";"15.38";"3.11"
"Dulles Airport";"Mar 28, 2026, 08:00:00";"6.95";"15.67";"3.3"
"Dulles Airport";"Mar 28, 2026, 07:00:00";"6.13";"17.12";"2.65"
"Dulles Airport";"Mar 28, 2026, 06:00:00";"4.74";"19.78";"2.33"
"Dulles Airport";"Mar 28, 2026, 05:00:00";"4.5";"25.6";"2.71"
"Dulles Airport";"Mar 28, 2026, 04:00:00";"4.24";"29.77";"2.5"
"Dulles Airport";"Mar 28, 2026, 03:00:00";"4.58";"30.01";"2.41"
"Dulles Airport";"Mar 28, 2026, 02:00:00";"3.26";"28.69";"2.3"
"Dulles Airport";"Mar 28, 2026, 01:00:00";"4.61";"29.47";"1.59"
"Dulles Airport";"Mar 28, 2026, 00:00:00";"4.48";"31.72";"1.25"
"Dulles Airport";"Mar 27, 2026, 23:00:00";"3.79";"37.46";"1.11"
"Dulles Airport";"Mar 27, 2026, 22:00:00";"5.78";"40.61";"2.11"
"Dulles Airport";"Mar 27, 2026, 21:00:00";"6.05";"41.15";"2.06"
"Dulles Airport";"Mar 27, 2026, 20:00:00";"6.33";"39.42";"1.35"
"Dulles Airport";"Mar 27, 2026, 19:00:00";"6.18";"42.78";"1.36"
"Dulles Airport";"Mar 27, 2026, 18:00:00";"5.94";"41.65";"1.42"
"Dulles Airport";"Mar 27, 2026, 17:00:00";"4.1";"41.88";"1.46"
"Dulles Airport";"Mar 27, 2026, 16:00:00";"4.59";"48.35";"1.86"
"Dulles Airport";"Mar 27, 2026, 15:00:00";"5.36";"55.88";"1.96"
"Dulles Airport";"Mar 27, 2026, 14:00:00";"5.83";"69.84";"1.79"
"Dulles Airport";"Mar 27, 2026, 13:00:00";"6.62";"97.61";"1.43"
"Dulles Airport";"Mar 27, 2026, 12:00:00";"6.57";"111.25";"1.33"
"Dulles Airport";"Mar 27, 2026, 11:00:00";"7.62";"121.96";"0.9"
"Dulles Airport";"Mar 27, 2026, 10:00:00";"7.85";"125.17";"0.98"
"Dulles Airport";"Mar 27, 2026, 09:00:00";"6.71";"165.32";"1.42"
"Dulles Airport";"Mar 27, 2026, 08:00:00";"7.41";"162.28";"1.19"
"Dulles Airport";"Mar 27, 2026, 07:00:00";"5.05";"135";"1.28"
"Dulles Airport";"Mar 27, 2026, 06:00:00";"5.42";"112.02";"2.58"
"Dulles Airport";"Mar 27, 2026, 05:00:00";"4.12";"88.03";"6.14"
"Dulles Airport";"Mar 27, 2026, 04:00:00";"2.56";"77.28";"8.56"
"Dulles Airport";"Mar 27, 2026, 03:00:00";"3.37";"76.98";"9.62"
"Dulles Airport";"Mar 27, 2026, 02:00:00";"2.49";"72.34";"9.41"
"Dulles Airport";"Mar 27, 2026, 01:00:00";"3.16";"69.23";"9.85"
"Dulles Airport";"Mar 27, 2026, 00:00:00";"5.98";"67.9";"9.54"
"Dulles Airport";"Mar 26, 2026, 23:00:00";"4.46";"65.22";"10.1"
"Dulles Airport";"Mar 26, 2026, 22:00:00";"8.89";"63.72";"10.02"
"Dulles Airport";"Mar 26, 2026, 21:00:00";"6.23";"61.4";"9.37"
"Dulles Airport";"Mar 26, 2026, 20:00:00";"8.06";"60.54";"9.23"
"Dulles Airport";"Mar 26, 2026, 19:00:00";"1.33";"60.24";"9"
"Dulles Airport";"Mar 26, 2026, 18:00:00";"0.18";"60.93";"9.03"
"Dulles Airport";"Mar 26, 2026, 17:00:00";"2.99";"58.04";"8.47"
"Dulles Airport";"Mar 26, 2026, 16:00:00";"0.26";"57.98";"8.83"
"Dulles Airport";"Mar 26, 2026, 15:00:00";"0";"54";"8.75"
"Dulles Airport";"Mar 26, 2026, 14:00:00";"0";"50.95";"8.38"
"Dulles Airport";"Mar 26, 2026, 13:00:00";"0.41";"46.85";"8.5"
"Dulles Airport";"Mar 26, 2026, 12:00:00";"2.86";"44.39";"8.15"
"Dulles Airport";"Mar 26, 2026, 11:00:00";"6.03";"40.42";"7.62"
"Dulles Airport";"Mar 26, 2026, 10:00:00";"9.87";"34.97";"7.93"
"Dulles Airport";"Mar 26, 2026, 09:00:00";"12.31";"31.21";"7.54"
"Dulles Airport";"Mar 26, 2026, 08:00:00";"17.18";"27.87";"6.84"
"Dulles Airport";"Mar 26, 2026, 07:00:00";"17.69";"26.49";"7.08"
"Dulles Airport";"Mar 26, 2026, 06:00:00";"10.72";"25.85";"6.23"
"Dulles Airport";"Mar 26, 2026, 05:00:00";"8.64";"25.24";"6.21"
"Dulles Airport";"Mar 26, 2026, 04:00:00";"8.22";"25.96";"5.34"
"Dulles Airport";"Mar 26, 2026, 03:00:00";"8.56";"25.76";"4.59"
"Dulles Airport";"Mar 26, 2026, 02:00:00";"13.31";"25.5";"3.78"
"Dulles Airport";"Mar 26, 2026, 01:00:00";"13.19";"25.71";"4.22"
"Dulles Airport";"Mar 26, 2026, 00:00:00";"14.09";"25.79";"4.19"
"Dulles Airport";"Mar 25, 2026, 23:00:00";"14.77";"25.92";"3.92"
"Dulles Airport";"Mar 25, 2026, 22:00:00";"14.12";"26.24";"3.84"
"Dulles Airport";"Mar 25, 2026, 21:00:00";"10.23";"22.7";"3.76"
"Dulles Airport";"Mar 25, 2026, 20:00:00";"17.52";"20.82";"5.49"
"Dulles Airport";"Mar 25, 2026, 19:00:00";"12.22";"21.24";"4.42"
"Dulles Airport";"Mar 25, 2026, 18:00:00";"6.71";"23.64";"2.99"
"Dulles Airport";"Mar 25, 2026, 17:00:00";"7.61";"23.55";"3.65"
"Dulles Airport";"Mar 25, 2026, 16:00:00";"5.11";"25.46";"3.9"
"Dulles Airport";"Mar 25, 2026, 15:00:00";"4.07";"26.98";"4.95"
"Dulles Airport";"Mar 25, 2026, 14:00:00";"5.09";"25.52";"4.85"
"Dulles Airport";"Mar 25, 2026, 13:00:00";"5.77";"26.2";"3.65"
"Dulles Airport";"Mar 25, 2026, 12:00:00";"7.3";"26.53";"5.03"
"Dulles Airport";"Mar 25, 2026, 11:00:00";"8.11";"26.29";"4.06"
"Dulles Airport";"Mar 25, 2026, 10:00:00";"15.57";"25.64";"3.94"
"Dulles Airport";"Mar 25, 2026, 09:00:00";"16.92";"23.87";"2.82"
"Dulles Airport";"Mar 25, 2026, 08:00:00";"17.42";"22.89";"2.63"
"Dulles Airport";"Mar 25, 2026, 07:00:00";"15.01";"22.21";"2.3"
"Dulles Airport";"Mar 25, 2026, 06:00:00";"14.34";"21.58";"2.07"
"Dulles Airport";"Mar 25, 2026, 05:00:00";"12.83";"21.12";"1.85"
"Dulles Airport";"Mar 25, 2026, 04:00:00";"11.31";"20.22";"1.87"
"Dulles Airport";"Mar 25, 2026, 03:00:00";"8.78";"19.92";"1.78"
"Dulles Airport";"Mar 25, 2026, 02:00:00";"10.38";"19.98";"1.88"
"Dulles Airport";"Mar 25, 2026, 01:00:00";"14.95";"19.03";"3.32"
"Dulles Airport";"Mar 25, 2026, 00:00:00";"14.83";"18.18";"4"
"Dulles Airport";"Mar 24, 2026, 23:00:00";"16";"18.4";"2.75"
"Dulles Airport";"Mar 24, 2026, 22:00:00";"15";"16.95";"1.71"
"Dulles Airport";"Mar 24, 2026, 21:00:00";"15.69";"16.98";"0.98"
"Dulles Airport";"Mar 24, 2026, 20:00:00";"10.1";"16.23";"1.17"
"Dulles Airport";"Mar 24, 2026, 19:00:00";"7.79";"14.93";"2"
"Dulles Airport";"Mar 24, 2026, 18:00:00";"6.45";"16.39";"2.71"
"Dulles Airport";"Mar 24, 2026, 17:00:00";"4.92";"16.62";"1.75"
"Dulles Airport";"Mar 24, 2026, 16:00:00";"3.43";"17.28";"1.8"
"Dulles Airport";"Mar 24, 2026, 15:00:00";"5.58";"17.41";"2.28"
"Dulles Airport";"Mar 24, 2026, 14:00:00";"5.1";"17.14";"2.12"
"Dulles Airport";"Mar 24, 2026, 13:00:00";"5.43";"17.25";"2.19"
"Dulles Airport";"Mar 24, 2026, 12:00:00";"5.09";"16.65";"1.97"
"Dulles Airport";"Mar 24, 2026, 11:00:00";"5.37";"15.34";"1.51"
"Dulles Airport";"Mar 24, 2026, 10:00:00";"7.25";"14.51";"1.38"
"Dulles Airport";"Mar 24, 2026, 09:00:00";"10.22";"14.2";"1.28"
"Dulles Airport";"Mar 24, 2026, 08:00:00";"11.54";"13.69";"1.26"
"Dulles Airport";"Mar 24, 2026, 07:00:00";"9.57";"13.51";"1.03"
"Dulles Airport";"Mar 24, 2026, 06:00:00";"9.01";"13.36";"0.98"
"Dulles Airport";"Mar 24, 2026, 05:00:00";"7.36";"13.43";"1.27"
"Dulles Airport";"Mar 24, 2026, 04:00:00";"7.17";"13.57";"0.97"
"Dulles Airport";"Mar 24, 2026, 03:00:00";"6.58";"13.92";"0.98"
"Dulles Airport";"Mar 24, 2026, 02:00:00";"5.58";"14.7";"1.19"
"Dulles Airport";"Mar 24, 2026, 01:00:00";"5.42";"15.05";"1.13"
"Dulles Airport";"Mar 24, 2026, 00:00:00";"5.27";"15.47";"1.29"
"Dulles Airport";"Mar 23, 2026, 23:00:00";"5.21";"16.41";"1.17"
"Dulles Airport";"Mar 23, 2026, 22:00:00";"4.55";"17.5";"0.92"
"Dulles Airport";"Mar 23, 2026, 21:00:00";"3.87";"19.26";"0.73"
"Dulles Airport";"Mar 23, 2026, 20:00:00";"3.88";"20.1";"0.96"
"Dulles Airport";"Mar 23, 2026, 19:00:00";"3.36";"21.34";"0.95"
"Dulles Airport";"Mar 23, 2026, 18:00:00";"2.58";"22.52";"0.77"
"Dulles Airport";"Mar 23, 2026, 17:00:00";"0.94";"24.56";"0.73"
"Dulles Airport";"Mar 23, 2026, 16:00:00";"0.63";"28.56";"0.57"
"Dulles Airport";"Mar 23, 2026, 15:00:00";"0.19";"36.42";"0.49"
"Dulles Airport";"Mar 23, 2026, 14:00:00";"0.02";"51.18";"0.54"
"Dulles Airport";"Mar 23, 2026, 13:00:00";"0.57";"79.72";"0.73"
"Dulles Airport";"Mar 23, 2026, 12:00:00";"0.48";"112.35";"1.58"
"Dulles Airport";"Mar 23, 2026, 11:00:00";"0.92";"155.29";"1.68"
"Dulles Airport";"Mar 23, 2026, 10:00:00";"6.93";"184.82";"3.63"
"Dulles Airport";"Mar 23, 2026, 09:00:00";"9.55";"174.43";"10.37"
"Dulles Airport";"Mar 23, 2026, 08:00:00";"7.57";"143.71";"0"
"Dulles Airport";"Mar 23, 2026, 07:00:00";"1.36";"147.09";"0"
"Dulles Airport";"Mar 23, 2026, 06:00:00";"3.02";"123.75";"3.64"
"Dulles Airport";"Mar 23, 2026, 05:00:00";"7.42";"123.48";"3.59"
"Dulles Airport";"Mar 23, 2026, 04:00:00";"5.82";"119.64";"7.18"
"Dulles Airport";"Mar 23, 2026, 03:00:00";"5.87";"100.49";"3.54"
"Dulles Airport";"Mar 23, 2026, 02:00:00";"7.87";"79.44";"3.35"
"Dulles Airport";"Mar 23, 2026, 01:00:00";"3.72";"61.46";"3.68"
"Dulles Airport";"Mar 23, 2026, 00:00:00";"3.04";"57.45";"4.07"
"Dulles Airport";"Mar 22, 2026, 23:00:00";"1.45";"52.27";"4.64"
"Dulles Airport";"Mar 22, 2026, 22:00:00";"3.32";"49.02";"4"
"Dulles Airport";"Mar 22, 2026, 21:00:00";"2.56";"45";"3.71"
"Dulles Airport";"Mar 22, 2026, 20:00:00";"3.61";"45.48";"3.83"
"Dulles Airport";"Mar 22, 2026, 19:00:00";"17.42";"51.1";"3.1"
"Dulles Airport";"Mar 22, 2026, 18:00:00";"3.69";"54.6";"2.58"
"Dulles Airport";"Mar 22, 2026, 17:00:00";"0";"64.93";"2.74"
"Dulles Airport";"Mar 22, 2026, 16:00:00";"0";"77.76";"5.56"
"Dulles Airport";"Mar 22, 2026, 15:00:00";"0";"88.4";"5.29"
"Dulles Airport";"Mar 22, 2026, 14:00:00";"0";"102.41";"6.14"
"Dulles Airport";"Mar 22, 2026, 13:00:00";"0.83";"117.52";"6.51"
"Dulles Airport";"Mar 22, 2026, 12:00:00";"4.89";"127.14";"6.13"
"Dulles Airport";"Mar 22, 2026, 11:00:00";"7.1";"119.01";"5.84"
"Dulles Airport";"Mar 22, 2026, 10:00:00";"11.92";"105.62";"6.25"
"Dulles Airport";"Mar 22, 2026, 09:00:00";"12.9";"87.99";"10.28"
"Dulles Airport";"Mar 22, 2026, 08:00:00";"4.4";"63.63";"17.8"
"Dulles Airport";"Mar 22, 2026, 07:00:00";"4.14";"60.09";"14.05"
"Dulles Airport";"Mar 22, 2026, 06:00:00";"11.67";"64.67";"14.46"
"Dulles Airport";"Mar 22, 2026, 05:00:00";"8.63";"72.88";"9.96"
"Dulles Airport";"Mar 22, 2026, 04:00:00";"8.3";"77.23";"7.32"
"Dulles Airport";"Mar 22, 2026, 03:00:00";"12.64";"74.49";"8.33"
"Dulles Airport";"Mar 22, 2026, 02:00:00";"7.74";"50.03";"8.54"
"Dulles Airport";"Mar 22, 2026, 01:00:00";"7.5";"39.84";"7.97"
"Dulles Airport";"Mar 22, 2026, 00:00:00";"6.91";"30.64";"4.29"
"Dulles Airport";"Mar 21, 2026, 23:00:00";"5.85";"30.21";"3.95"
"Dulles Airport";"Mar 21, 2026, 22:00:00";"4.5";"34.22";"4.34"
"Dulles Airport";"Mar 21, 2026, 21:00:00";"3.15";"39.97";"4.31"
"Dulles Airport";"Mar 21, 2026, 20:00:00";"0.29";"43.75";"3.51"
"Dulles Airport";"Mar 21, 2026, 19:00:00";"1.48";"32.35";"3.11"
"Dulles Airport";"Mar 21, 2026, 18:00:00";"0.23";"23.97";"3.22"
"Dulles Airport";"Mar 21, 2026, 17:00:00";"0";"28.44";"3.7"
"Dulles Airport";"Mar 21, 2026, 16:00:00";"0";"34.39";"4.79"
"Dulles Airport";"Mar 21, 2026, 15:00:00";"0";"45.51";"5.41"
"Dulles Airport";"Mar 21, 2026, 14:00:00";"0";"57.98";"6.35"
"Dulles Airport";"Mar 21, 2026, 13:00:00";"0.15";"75.98";"7.7"
"Dulles Airport";"Mar 21, 2026, 12:00:00";"0.42";"99.89";"7.32"
"Dulles Airport";"Mar 21, 2026, 11:00:00";"2.34";"114.28";"6.9"
"Dulles Airport";"Mar 21, 2026, 10:00:00";"7.31";"128.98";"4.37"
"Dulles Airport";"Mar 21, 2026, 09:00:00";"8.26";"85.87";"7.1"
"Dulles Airport";"Mar 21, 2026, 08:00:00";"3.04";"58.1";"0"
"Dulles Airport";"Mar 21, 2026, 07:00:00";"6.08";"75.68";"0"
"Dulles Airport";"Mar 21, 2026, 06:00:00";"0.45";"76.42";"0"
"Dulles Airport";"Mar 21, 2026, 05:00:00";"3.66";"90.64";"0"
"Dulles Airport";"Mar 21, 2026, 04:00:00";"9.07";"92.72";"0"
"Dulles Airport";"Mar 21, 2026, 03:00:00";"14.33";"100.44";"3.18"
"Dulles Airport";"Mar 21, 2026, 02:00:00";"5.85";"97.36";"3.4"
"Dulles Airport";"Mar 21, 2026, 01:00:00";"2.3";"92.74";"5.93"
"Dulles Airport";"Mar 21, 2026, 00:00:00";"8.24";"68.23";"2.74"
"Dulles Airport";"Mar 20, 2026, 23:00:00";"8.5";"72.78";"2.38"
"Dulles Airport";"Mar 20, 2026, 22:00:00";"17.91";"75.32";"2.94"
"Dulles Airport";"Mar 20, 2026, 21:00:00";"29.63";"76.42";"3.21"
"Dulles Airport";"Mar 20, 2026, 20:00:00";"15.36";"66.57";"4.61"
"Dulles Airport";"Mar 20, 2026, 19:00:00";"4.72";"36.79";"3.43"
"Dulles Airport";"Mar 20, 2026, 18:00:00";"2.88";"21.37";"4.9"
"Dulles Airport";"Mar 20, 2026, 17:00:00";"1.44";"21.22";"3.34"
"Dulles Airport";"Mar 20, 2026, 16:00:00";"0.57";"23.49";"3.86"
"Dulles Airport";"Mar 20, 2026, 15:00:00";"0";"26.49";"4.06"
"Dulles Airport";"Mar 20, 2026, 14:00:00";"0.36";"30.74";"4.06"
"Dulles Airport";"Mar 20, 2026, 13:00:00";"0";"35.97";"4.29"
"Dulles Airport";"Mar 20, 2026, 12:00:00";"3.91";"34.26";"4.97"
"Dulles Airport";"Mar 20, 2026, 11:00:00";"9.12";"31.61";"4.7"
"Dulles Airport";"Mar 20, 2026, 10:00:00";"19.73";"26.82";"4.48"
"Dulles Airport";"Mar 20, 2026, 09:00:00";"16.14";"21.77";"3.9"
"Dulles Airport";"Mar 20, 2026, 08:00:00";"20.01";"17.86";"4.62"
"Dulles Airport";"Mar 20, 2026, 07:00:00";"17.72";"16.28";"4.36"
"Dulles Airport";"Mar 20, 2026, 06:00:00";"11.32";"15.15";"4.05"
"Dulles Airport";"Mar 20, 2026, 05:00:00";"8.75";"13.42";"4.12"
"Dulles Airport";"Mar 20, 2026, 04:00:00";"10.49";"11.16";"4.58"
"Dulles Airport";"Mar 20, 2026, 03:00:00";"10.62";"10.67";"5.07"
"Dulles Airport";"Mar 20, 2026, 02:00:00";"14.24";"10.37";"3.46"
"Dulles Airport";"Mar 20, 2026, 01:00:00";"18.33";"7.89";"3.26"
"Dulles Airport";"Mar 20, 2026, 00:00:00";"18.91";"7.42";"3.47"
"Dulles Airport";"Mar 19, 2026, 23:00:00";"13.75";"8.11";"4.17"
"Dulles Airport";"Mar 19, 2026, 22:00:00";"21.3";"9.2";"4"
"Dulles Airport";"Mar 19, 2026, 21:00:00";"23.35";"8.34";"4.18"
"Dulles Airport";"Mar 19, 2026, 20:00:00";"33.95";"9.33";"2.98"
"Dulles Airport";"Mar 19, 2026, 19:00:00";"4.97";"9.85";"3.47"
"Dulles Airport";"Mar 19, 2026, 18:00:00";"2.61";"10.85";"3.64"
"Dulles Airport";"Mar 19, 2026, 17:00:00";"2.22";"11.75";"3.91"
"Dulles Airport";"Mar 19, 2026, 16:00:00";"1.44";"12.27";"3.88"
"Dulles Airport";"Mar 19, 2026, 15:00:00";"1.93";"11.84";"3.53"
"Dulles Airport";"Mar 19, 2026, 14:00:00";"2.85";"11.65";"3.5"
"Dulles Airport";"Mar 19, 2026, 13:00:00";"3.67";"10.49";"3.12"
"Dulles Airport";"Mar 19, 2026, 12:00:00";"4.73";"9.68";"3.06"
"Dulles Airport";"Mar 19, 2026, 11:00:00";"8.74";"8.7";"3.5"
"Dulles Airport";"Mar 19, 2026, 10:00:00";"13.85";"8.09";"2.97"
"Dulles Airport";"Mar 19, 2026, 09:00:00";"14.02";"6.65";"3.07"
"Dulles Airport";"Mar 19, 2026, 08:00:00";"18.09";"6.01";"2.99"
"Dulles Airport";"Mar 19, 2026, 07:00:00";"15.35";"5.47";"2.69"
"Dulles Airport";"Mar 19, 2026, 06:00:00";"12.89";"4.52";"2.29"
"Dulles Airport";"Mar 19, 2026, 05:00:00";"10.76";"3.88";"2.05"
"Dulles Airport";"Mar 19, 2026, 04:00:00";"12.4";"2.54";"2.1"
"Dulles Airport";"Mar 19, 2026, 03:00:00";"12.86";"1.57";"2.29"
"Dulles Airport";"Mar 19, 2026, 02:00:00";"11.05";"0.77";"2.63"
"Dulles Airport";"Mar 19, 2026, 01:00:00";"10.79";"0.21";"2.83"
"Dulles Airport";"Mar 19, 2026, 00:00:00";"9.72";"0";"2.7"
"Dulles Airport";"Mar 18, 2026, 23:00:00";"9.52";"0";"2.53"
"Dulles Airport";"Mar 18, 2026, 22:00:00";"10.48";"0";"2.58"
"Dulles Airport";"Mar 18, 2026, 21:00:00";"10.14";"0";"2.51"
"Dulles Airport";"Mar 18, 2026, 20:00:00";"15.65";"0";"2.02"
"Dulles Airport";"Mar 18, 2026, 19:00:00";"7.52";"0";"2.21"
"Dulles Airport";"Mar 18, 2026, 18:00:00";"6.19";"0";"2.47"
"Dulles Airport";"Mar 18, 2026, 17:00:00";"5.47";"0";"2.54"
"Dulles Airport";"Mar 18, 2026, 16:00:00";"5.23";"0";"2.49"
"Dulles Airport";"Mar 18, 2026, 15:00:00";"5.43";"0";"2.36"
"Dulles Airport";"Mar 18, 2026, 14:00:00";"4.19";"0";"1.8"
"Dulles Airport";"Mar 18, 2026, 13:00:00";"3.29";"0";"2.11"
"Dulles Airport";"Mar 18, 2026, 12:00:00";"2.21";"0";"2"
"Dulles Airport";"Mar 18, 2026, 11:00:00";"5.29";"0";"2.6"
"Dulles Airport";"Mar 18, 2026, 10:00:00";"8.06";"0";"3.1"
"Dulles Airport";"Mar 18, 2026, 09:00:00";"10.05";"0";"3.11"
"Dulles Airport";"Mar 18, 2026, 08:00:00";"10.65";"0";"2.99"
"Dulles Airport";"Mar 18, 2026, 07:00:00";"8.91";"0";"2.84"
"Dulles Airport";"Mar 18, 2026, 06:00:00";"9.89";"0";"2.57"
"Dulles Airport";"Mar 18, 2026, 05:00:00";"7.94";"0";"2.45"
"Dulles Airport";"Mar 18, 2026, 04:00:00";"8.72";"0";"2.37"
"Dulles Airport";"Mar 18, 2026, 03:00:00";"8.12";"0";"2.57"
"Dulles Airport";"Mar 18, 2026, 02:00:00";"7.31";"0";"2.62"
"Dulles Airport";"Mar 18, 2026, 01:00:00";"7.37";"0";"1.88"
"Dulles Airport";"Mar 18, 2026, 00:00:00";"6.75";"0";"1.62"
"Dulles Airport";"Mar 17, 2026, 23:00:00";"6.78";"0";"1.35"
"Dulles Airport";"Mar 17, 2026, 22:00:00";"6.34";"0";"1.51"
"Dulles Airport";"Mar 17, 2026, 21:00:00";"5.72";"0";"1.22"
"Dulles Airport";"Mar 17, 2026, 20:00:00";"5.99";"0";"1.07"
"Dulles Airport";"Mar 17, 2026, 19:00:00";"5.3";"0";"0.88"
"Dulles Airport";"Mar 17, 2026, 18:00:00";"3.62";"0";"0.83"
"Dulles Airport";"Mar 17, 2026, 17:00:00";"3.23";"0.09";"0.86"
"Dulles Airport";"Mar 17, 2026, 16:00:00";"3.15";"0.82";"0.9"
"Dulles Airport";"Mar 17, 2026, 15:00:00";"2.42";"1.36";"0.9"
"Dulles Airport";"Mar 17, 2026, 14:00:00";"2.4";"2";"0.98"
"Dulles Airport";"Mar 17, 2026, 13:00:00";"2.16";"2.26";"0.91"
"Dulles Airport";"Mar 17, 2026, 12:00:00";"1.13";"2.99";"0.98"
"Dulles Airport";"Mar 17, 2026, 11:00:00";"1.84";"3.43";"0.82"
"Dulles Airport";"Mar 17, 2026, 10:00:00";"3.48";"3.32";"0.76"
"Dulles Airport";"Mar 17, 2026, 09:00:00";"4.81";"3.29";"0.73"
"Dulles Airport";"Mar 17, 2026, 08:00:00";"4.77";"2.8";"0.78"
"Dulles Airport";"Mar 17, 2026, 07:00:00";"3.38";"3.27";"0.78"
"Dulles Airport";"Mar 17, 2026, 06:00:00";"2.25";"4.47";"0.96"
"Dulles Airport";"Mar 17, 2026, 05:00:00";"1.31";"5.99";"0.78"
"Dulles Airport";"Mar 17, 2026, 04:00:00";"0.25";"7.33";"0.54"
"Dulles Airport";"Mar 17, 2026, 03:00:00";"0.3";"11.27";"0.35"
"Dulles Airport";"Mar 17, 2026, 02:00:00";"0.85";"14.09";"0.3"
"Dulles Airport";"Mar 17, 2026, 01:00:00";"1.03";"17.35";"0.14"
"Dulles Airport";"Mar 17, 2026, 00:00:00";"3.95";"21.6";"0.25"
"Dulles Airport";"Mar 16, 2026, 23:00:00";"4.56";"23.01";"0.25"
"Dulles Airport";"Mar 16, 2026, 22:00:00";"5.32";"29.83";"0.23"
"Dulles Airport";"Mar 16, 2026, 21:00:00";"2.44";"110.32";"0.72"
"Dulles Airport";"Mar 16, 2026, 20:00:00";"5.46";"218.08";"1.37"
"Dulles Airport";"Mar 16, 2026, 19:00:00";"4.88";"259.38";"1.84"
"Dulles Airport";"Mar 16, 2026, 18:00:00";"6.7";"242.71";"1.92"
"Dulles Airport";"Mar 16, 2026, 17:00:00";"6.76";"205.53";"0.94"
"Dulles Airport";"Mar 16, 2026, 16:00:00";"2.41";"208.8";"0.63"
"Dulles Airport";"Mar 16, 2026, 15:00:00";"3.45";"241.38";"1.18"
"Dulles Airport";"Mar 16, 2026, 14:00:00";"2.7";"247.82";"2.46"
"Dulles Airport";"Mar 16, 2026, 13:00:00";"3.12";"263.64";"2.68"
"Dulles Airport";"Mar 16, 2026, 12:00:00";"1.24";"246.22";"3.04"
"Dulles Airport";"Mar 16, 2026, 11:00:00";"1.82";"259.89";"2.55"
"Dulles Airport";"Mar 16, 2026, 10:00:00";"6.33";"277.09";"2.67"
"Dulles Airport";"Mar 16, 2026, 09:00:00";"8.03";"268.39";"3.03"
"Dulles Airport";"Mar 16, 2026, 08:00:00";"6.77";"258.43";"2.83"
"Dulles Airport";"Mar 16, 2026, 07:00:00";"4.21";"248.66";"3.77"
"Dulles Airport";"Mar 16, 2026, 06:00:00";"2.96";"230.99";"4.77"
"Dulles Airport";"Mar 16, 2026, 05:00:00";"4.79";"211.36";"4.06"
"Dulles Airport";"Mar 16, 2026, 04:00:00";"4.22";"190.77";"4.44"
"Dulles Airport";"Mar 16, 2026, 03:00:00";"6.7";"171.14";"4.09"
"Dulles Airport";"Mar 16, 2026, 02:00:00";"6.89";"133.24";"3.38"
"Dulles Airport";"Mar 16, 2026, 01:00:00";"6.12";"93.46";"4.28"
"Dulles Airport";"Mar 16, 2026, 00:00:00";"5.43";"58.26";"6.77"
"Dulles Airport";"Mar 15, 2026, 23:00:00";"7.14";"34.4";"5.84"
"Dulles Airport";"Mar 15, 2026, 22:00:00";"7.53";"19.83";"4.67"
"Dulles Airport";"Mar 15, 2026, 21:00:00";"6.57";"14.57";"4.13"
"Dulles Airport";"Mar 15, 2026, 20:00:00";"5.88";"12.66";"3.55"
"Dulles Airport";"Mar 15, 2026, 19:00:00";"4.27";"12.64";"3.5"
"Dulles Airport";"Mar 15, 2026, 18:00:00";"2.75";"9.4";"3.15"
"Dulles Airport";"Mar 15, 2026, 17:00:00";"1.76";"8.31";"2.83"
"Dulles Airport";"Mar 15, 2026, 16:00:00";"0.85";"7.95";"2.59"
"Dulles Airport";"Mar 15, 2026, 15:00:00";"0.66";"8.31";"2.33"
"Dulles Airport";"Mar 15, 2026, 14:00:00";"1.1";"6.59";"1.97"
"Dulles Airport";"Mar 15, 2026, 13:00:00";"1.12";"4.04";"1.56"
"Dulles Airport";"Mar 15, 2026, 12:00:00";"2.12";"2.9";"1.58"
"Dulles Airport";"Mar 15, 2026, 11:00:00";"2.92";"2.58";"1.69"
"Dulles Airport";"Mar 15, 2026, 10:00:00";"5.21";"2.57";"1.69"
"Dulles Airport";"Mar 15, 2026, 09:00:00";"7.68";"2.55";"1.82"
"Dulles Airport";"Mar 15, 2026, 08:00:00";"8.95";"2.47";"1.55"
"Dulles Airport";"Mar 15, 2026, 07:00:00";"6.49";"2.34";"1.61"
"Dulles Airport";"Mar 15, 2026, 06:00:00";"6.98";"2.07";"1.33"
"Dulles Airport";"Mar 15, 2026, 05:00:00";"8.48";"1.86";"1.66"
"Dulles Airport";"Mar 15, 2026, 04:00:00";"9.37";"1.57";"1.99"
"Dulles Airport";"Mar 15, 2026, 03:00:00";"5.35";"0.72";"1.75"
"Dulles Airport";"Mar 15, 2026, 02:00:00";"6.67";"0.24";"1.78"
"Dulles Airport";"Mar 15, 2026, 01:00:00";"6.44";"0.45";"1.48"
"Dulles Airport";"Mar 15, 2026, 00:00:00";"7.53";"0.4";"1.7"
"Dulles Airport";"Mar 14, 2026, 23:00:00";"5.17";"0.54";"2.11"
"Dulles Airport";"Mar 14, 2026, 22:00:00";"4.21";"0.29";"1.63"
"Dulles Airport";"Mar 14, 2026, 21:00:00";"2.88";"0.21";"1.67"
"Dulles Airport";"Mar 14, 2026, 20:00:00";"2.68";"0.14";"1.28"
"Dulles Airport";"Mar 14, 2026, 19:00:00";"0.43";"1.12";"1.3"
"Dulles Airport";"Mar 14, 2026, 18:00:00";"0.01";"1.48";"1.24"
"Dulles Airport";"Mar 14, 2026, 17:00:00";"0";"1.57";"1.24"
"Dulles Airport";"Mar 14, 2026, 16:00:00";"0";"1.68";"1.75"
"Dulles Airport";"Mar 14, 2026, 15:00:00";"0";"2.12";"1.77"
"Dulles Airport";"Mar 14, 2026, 14:00:00";"0";"1.72";"1.37"
"Dulles Airport";"Mar 14, 2026, 13:00:00";"0";"1.03";"1.08"
"Dulles Airport";"Mar 14, 2026, 12:00:00";"0";"0.91";"1.11"
"Dulles Airport";"Mar 14, 2026, 11:00:00";"0.04";"0.24";"1.27"
"Dulles Airport";"Mar 14, 2026, 10:00:00";"0.05";"0.04";"1.14"
"Dulles Airport";"Mar 14, 2026, 09:00:00";"0.18";"0";"0.99"
"Dulles Airport";"Mar 14, 2026, 08:00:00";"2.36";"0.03";"0.79"
"Dulles Airport";"Mar 14, 2026, 07:00:00";"0.29";"0.08";"0.77"
"Dulles Airport";"Mar 14, 2026, 06:00:00";"0";"0.11";"0.77"
"Dulles Airport";"Mar 14, 2026, 05:00:00";"1.47";"3.32";"1.02"
"Dulles Airport";"Mar 14, 2026, 04:00:00";"3.99";"6.04";"1.07"
"Dulles Airport";"Mar 14, 2026, 03:00:00";"3.94";"6.71";"1.24"
"Dulles Airport";"Mar 14, 2026, 02:00:00";"3.92";"6.84";"1.2"
"Dulles Airport";"Mar 14, 2026, 01:00:00";"5.81";"6.64";"1.36"
"Dulles Airport";"Mar 14, 2026, 00:00:00";"2.28";"6.52";"1.23"
"Dulles Airport";"Mar 13, 2026, 23:00:00";"0.92";"6.57";"1.36"
"Dulles Airport";"Mar 13, 2026, 22:00:00";"3.6";"7.21";"1.27"
"Dulles Airport";"Mar 13, 2026, 21:00:00";"13.92";"8.13";"1.12"
"Dulles Airport";"Mar 13, 2026, 20:00:00";"25.96";"9.09";"1.18"
"Dulles Airport";"Mar 13, 2026, 19:00:00";"3.98";"9.49";"1.37"
"Dulles Airport";"Mar 13, 2026, 18:00:00";"3.22";"9.89";"1.19"
"Dulles Airport";"Mar 13, 2026, 17:00:00";"3.64";"10.32";"1.72"
"Dulles Airport";"Mar 13, 2026, 16:00:00";"0.94";"8.26";"1.36"
"Dulles Airport";"Mar 13, 2026, 15:00:00";"0.24";"7.72";"1.34"
"Dulles Airport";"Mar 13, 2026, 14:00:00";"1.9";"10.6";"1.45"
"Dulles Airport";"Mar 13, 2026, 13:00:00";"0.02";"9.4";"1.41"
"Dulles Airport";"Mar 13, 2026, 12:00:00";"0.15";"12.03";"1.64"
"Dulles Airport";"Mar 13, 2026, 11:00:00";"3.28";"14.55";"1.79"
"Dulles Airport";"Mar 13, 2026, 10:00:00";"14.29";"13.92";"1.84"
"Dulles Airport";"Mar 13, 2026, 09:00:00";"17.72";"10.51";"1.94"
"Dulles Airport";"Mar 13, 2026, 08:00:00";"27.6";"9.68";"2.32"
"Dulles Airport";"Mar 13, 2026, 07:00:00";"25.87";"9.93";"2.39"
"Dulles Airport";"Mar 13, 2026, 06:00:00";"19.86";"9.13";"2.26"
"Dulles Airport";"Mar 13, 2026, 05:00:00";"15.18";"8.74";"1.82"
"Dulles Airport";"Mar 13, 2026, 04:00:00";"10.65";"8.96";"1.92"
"Dulles Airport";"Mar 13, 2026, 03:00:00";"10.55";"7.21";"1.67"
"Dulles Airport";"Mar 13, 2026, 02:00:00";"8.3";"6.69";"1.58"
"Dulles Airport";"Mar 13, 2026, 01:00:00";"8.14";"6.06";"1.52"
"Dulles Airport";"Mar 13, 2026, 00:00:00";"4.53";"5.02";"1.42"
"Dulles Airport";"Mar 12, 2026, 23:00:00";"3.26";"4.4";"1.29"
"Dulles Airport";"Mar 12, 2026, 22:00:00";"1.29";"1.96";"1.12"
"Dulles Airport";"Mar 12, 2026, 21:00:00";"1.07";"3.32";"1.22"
"Dulles Airport";"Mar 12, 2026, 20:00:00";"0.05";"4.24";"1.24"
"Dulles Airport";"Mar 12, 2026, 19:00:00";"0";"6.88";"1.13"
"Dulles Airport";"Mar 12, 2026, 18:00:00";"0";"11.91";"1.2"
"Dulles Airport";"Mar 12, 2026, 17:00:00";"0.23";"19.82";"0.97"
"Dulles Airport";"Mar 12, 2026, 16:00:00";"2.54";"21.73";"1.23"
"Dulles Airport";"Mar 12, 2026, 15:00:00";"14.22";"20.83";"5.46"
"Dulles Airport";"Mar 12, 2026, 14:00:00";"8.37";"18.51";"6.24"
"Dulles Airport";"Mar 12, 2026, 13:00:00";"5.27";"16.09";"3.09"
"Dulles Airport";"Mar 12, 2026, 12:00:00";"4.94";"16.86";"1.96"
"Dulles Airport";"Mar 12, 2026, 11:00:00";"3.72";"20.3";"0.98"
"Dulles Airport";"Mar 12, 2026, 10:00:00";"3.44";"26.25";"0.43"
"Dulles Airport";"Mar 12, 2026, 09:00:00";"2.28";"27.94";"0.28"
"Dulles Airport";"Mar 12, 2026, 08:00:00";"2.18";"38.28";"0.45"
"Dulles Airport";"Mar 12, 2026, 07:00:00";"0.32";"41.74";"0.2"
"Dulles Airport";"Mar 12, 2026, 06:00:00";"0";"66.71";"0.19"
"Dulles Airport";"Mar 12, 2026, 05:00:00";"0";"75.28";"1.82"
"Dulles Airport";"Mar 12, 2026, 04:00:00";"3.02";"80.09";"2.4"
"Dulles Airport";"Mar 12, 2026, 03:00:00";"0.82";"82.25";"2.9"
"Dulles Airport";"Mar 12, 2026, 02:00:00";"0";"80.08";"2.91"
"Dulles Airport";"Mar 12, 2026, 01:00:00";"0.19";"98.32";"3.19"
"Dulles Airport";"Mar 12, 2026, 00:00:00";"0.57";"138.75";"3.64"
"Dulles Airport";"Mar 11, 2026, 23:00:00";"9.24";"187.27";"5.93"
"Dulles Airport";"Mar 11, 2026, 22:00:00";"1.59";"185.68";"0"
"Dulles Airport";"Mar 11, 2026, 21:00:00";"0.05";"169.94";"0"
"Dulles Airport";"Mar 11, 2026, 20:00:00";"0";"151.5";"6.32"
"Dulles Airport";"Mar 11, 2026, 19:00:00";"0";"77.1";"4.16"
"Dulles Airport";"Mar 11, 2026, 18:00:00";"0";"84.63";"4.5"
"Dulles Airport";"Mar 11, 2026, 17:00:00";"0";"95.17";"4.47"
"Dulles Airport";"Mar 11, 2026, 16:00:00";"0";"106.26";"5.96"
"Dulles Airport";"Mar 11, 2026, 15:00:00";"0";"116.06";"5.95"
"Dulles Airport";"Mar 11, 2026, 14:00:00";"1.62";"125.51";"5.95"
"Dulles Airport";"Mar 11, 2026, 13:00:00";"3";"134.16";"5.87"
"Dulles Airport";"Mar 11, 2026, 12:00:00";"7.33";"139.09";"5.89"
"Dulles Airport";"Mar 11, 2026, 11:00:00";"16.68";"141.29";"5.86"
"Dulles Airport";"Mar 11, 2026, 10:00:00";"12.49";"126.06";"6.08"
"Dulles Airport";"Mar 11, 2026, 09:00:00";"23.68";"94.82";"3.82"
"Dulles Airport";"Mar 11, 2026, 08:00:00";"18.11";"64.4";"4.86"
"Dulles Airport";"Mar 11, 2026, 07:00:00";"11.45";"63.8";"4.99"
"Dulles Airport";"Mar 11, 2026, 06:00:00";"7.61";"66.5";"4.33"
"Dulles Airport";"Mar 11, 2026, 05:00:00";"4.39";"61";"4.54"
"Dulles Airport";"Mar 11, 2026, 04:00:00";"2.27";"59.7";"4.96"
"Dulles Airport";"Mar 11, 2026, 03:00:00";"3.06";"59.08";"4.41"
"Dulles Airport";"Mar 11, 2026, 02:00:00";"4.53";"54.08";"4.38"
"Dulles Airport";"Mar 11, 2026, 01:00:00";"16.76";"47.26";"3.72"
"Dulles Airport";"Mar 11, 2026, 00:00:00";"26.34";"43.42";"4.43"
"Dulles Airport";"Mar 10, 2026, 23:00:00";"19.75";"42.87";"3.98"
"Dulles Airport";"Mar 10, 2026, 22:00:00";"30.72";"43.78";"3.72"
"Dulles Airport";"Mar 10, 2026, 21:00:00";"31.13";"39.09";"2.76"
"Dulles Airport";"Mar 10, 2026, 20:00:00";"14.45";"28.89";"2.81"
"Dulles Airport";"Mar 10, 2026, 19:00:00";"0.38";"25.53";"2.81"
"Dulles Airport";"Mar 10, 2026, 18:00:00";"0";"25.7";"2.65"
"Dulles Airport";"Mar 10, 2026, 17:00:00";"0";"26.5";"2.72"
"Dulles Airport";"Mar 10, 2026, 16:00:00";"0";"33.32";"4.91"
"Dulles Airport";"Mar 10, 2026, 15:00:00";"0";"40.08";"4.26"
"Dulles Airport";"Mar 10, 2026, 14:00:00";"0";"46.39";"3.42"
"Dulles Airport";"Mar 10, 2026, 13:00:00";"0";"46.48";"2.87"
"Dulles Airport";"Mar 10, 2026, 12:00:00";"2.25";"64.89";"3.3"
"Dulles Airport";"Mar 10, 2026, 11:00:00";"19.35";"78.53";"3.24"
"Dulles Airport";"Mar 10, 2026, 10:00:00";"23.07";"70.58";"3.17"
"Dulles Airport";"Mar 10, 2026, 09:00:00";"11.82";"47.77";"3.42"
"Dulles Airport";"Mar 10, 2026, 08:00:00";"7.02";"35.45";"4.58"
"Dulles Airport";"Mar 10, 2026, 07:00:00";"6.83";"34.37";"4.45"
"Dulles Airport";"Mar 10, 2026, 06:00:00";"8.23";"33.95";"3.59"
"Dulles Airport";"Mar 10, 2026, 05:00:00";"6.53";"32.98";"2.98"
"Dulles Airport";"Mar 10, 2026, 04:00:00";"11.76";"33.08";"2.72"
"Dulles Airport";"Mar 10, 2026, 03:00:00";"17.12";"31.72";"3.12"
"Dulles Airport";"Mar 10, 2026, 02:00:00";"13.33";"31.64";"2.64"
"Dulles Airport";"Mar 10, 2026, 01:00:00";"25.17";"30.52";"2.29"
"Dulles Airport";"Mar 10, 2026, 00:00:00";"25.93";"28.37";"1.85"
"Dulles Airport";"Mar 9, 2026, 23:00:00";"23.58";"28.87";"1.89"
"Dulles Airport";"Mar 9, 2026, 22:00:00";"36.78";"28.81";"2.01"
"Dulles Airport";"Mar 9, 2026, 21:00:00";"31.08";"30.86";"1.61"
"Dulles Airport";"Mar 9, 2026, 20:00:00";"12.57";"30.65";"1.48"
"Dulles Airport";"Mar 9, 2026, 19:00:00";"0.1";"21.69";"1.24"
"Dulles Airport";"Mar 9, 2026, 18:00:00";"0";"17.21";"1.21"
"Dulles Airport";"Mar 9, 2026, 17:00:00";"0";"19.15";"1.36"
"Dulles Airport";"Mar 9, 2026, 16:00:00";"0";"23.3";"1.46"
"Dulles Airport";"Mar 9, 2026, 15:00:00";"0";"28.59";"1.52"
"Dulles Airport";"Mar 9, 2026, 14:00:00";"0";"29.5";"1.64"
"Dulles Airport";"Mar 9, 2026, 13:00:00";"0";"35.87";"1.3"
"Dulles Airport";"Mar 9, 2026, 12:00:00";"1.62";"53.44";"2.21"
"Dulles Airport";"Mar 9, 2026, 11:00:00";"9.41";"64.06";"2.16"
"Dulles Airport";"Mar 9, 2026, 10:00:00";"18.55";"63.41";"1.75"
"Dulles Airport";"Mar 9, 2026, 09:00:00";"7.4";"32.2";"4.24"
"Dulles Airport";"Mar 9, 2026, 08:00:00";"6.64";"27.04";"5.72"
"Dulles Airport";"Mar 9, 2026, 07:00:00";"6.34";"26.65";"5.02"
"Dulles Airport";"Mar 9, 2026, 06:00:00";"7.07";"26.59";"4.1"
"Dulles Airport";"Mar 9, 2026, 05:00:00";"8.82";"27.39";"3.79"
"Dulles Airport";"Mar 9, 2026, 04:00:00";"15.29";"29.05";"3.32"
"Dulles Airport";"Mar 9, 2026, 03:00:00";"17.44";"30.73";"3.37"
"Dulles Airport";"Mar 9, 2026, 02:00:00";"21.76";"29.89";"2.31"
"Dulles Airport";"Mar 9, 2026, 01:00:00";"11.21";"30.37";"2.23"
"Dulles Airport";"Mar 9, 2026, 00:00:00";"2.9";"29.66";"2.03"
"Dulles Airport";"Mar 8, 2026, 23:00:00";"2";"27.54";"1.96"
"Dulles Airport";"Mar 8, 2026, 22:00:00";"1.58";"26.57";"1.56"
"Dulles Airport";"Mar 8, 2026, 21:00:00";"0.03";"30.27";"1.5"
"Dulles Airport";"Mar 8, 2026, 20:00:00";"0";"33.25";"1.44"
"Dulles Airport";"Mar 8, 2026, 19:00:00";"0";"34.84";"1.34"
"Dulles Airport";"Mar 8, 2026, 18:00:00";"0";"35.92";"1.17"
"Dulles Airport";"Mar 8, 2026, 17:00:00";"0";"53.02";"1.12"
"Dulles Airport";"Mar 8, 2026, 16:00:00";"0";"78.45";"1"
"Dulles Airport";"Mar 8, 2026, 15:00:00";"0";"91.35";"0.85"
"Dulles Airport";"Mar 8, 2026, 14:00:00";"0";"125.99";"0.72"
"Dulles Airport";"Mar 8, 2026, 13:00:00";"0";"187.85";"1.56"
"Dulles Airport";"Mar 8, 2026, 12:00:00";"0";"221.34";"2.56"
"Dulles Airport";"Mar 8, 2026, 11:00:00";"0.13";"247.11";"2.1"
"Dulles Airport";"Mar 8, 2026, 10:00:00";"0.85";"274.92";"3.22"
"Dulles Airport";"Mar 8, 2026, 09:00:00";"0";"259.99";"3.73"
"Dulles Airport";"Mar 8, 2026, 08:00:00";"0.05";"270.34";"4.66"
"Dulles Airport";"Mar 8, 2026, 07:00:00";"0";"283.11";"5.5"
"Dulles Airport";"Mar 8, 2026, 06:00:00";"0";"296.15";"4.59"
"Dulles Airport";"Mar 8, 2026, 05:00:00";"0";"303.57";"3.96"
"Dulles Airport";"Mar 8, 2026, 04:00:00";"2.12";"278.2";"4.68"
"Dulles Airport";"Mar 8, 2026, 03:00:00";"11.2";"245.16";"10.22"
"Dulles Airport";"Mar 8, 2026, 01:00:00";"6.41";"223.67";"15.42"
"Dulles Airport";"Mar 8, 2026, 00:00:00";"0.07";"235.8";"10.02"
"Dulles Airport";"Mar 7, 2026, 23:00:00";"0.02";"231.38";"6.1"
"Dulles Airport";"Mar 7, 2026, 22:00:00";"4.43";"248.35";"5.86"
"Dulles Airport";"Mar 7, 2026, 21:00:00";"8.74";"215.06";"6.48"
"Dulles Airport";"Mar 7, 2026, 20:00:00";"5.74";"205.5";"6.51"
"Dulles Airport";"Mar 7, 2026, 19:00:00";"5.71";"214.45";"6.64"
"Dulles Airport";"Mar 7, 2026, 18:00:00";"4.64";"226.5";"6.76"
"Dulles Airport";"Mar 7, 2026, 17:00:00";"0.49";"182.99";"6.24"
"Dulles Airport";"Mar 7, 2026, 16:00:00";"0.09";"158.72";"6.74"
"Dulles Airport";"Mar 7, 2026, 15:00:00";"0.17";"144.35";"7.64"
"Dulles Airport";"Mar 7, 2026, 14:00:00";"2.8";"129.6";"6.94"
"Dulles Airport";"Mar 7, 2026, 13:00:00";"3.31";"115.7";"7.37"
"Dulles Airport";"Mar 7, 2026, 12:00:00";"2.36";"106.95";"6.31"
"Dulles Airport";"Mar 7, 2026, 11:00:00";"4.41";"98.48";"6.53"
"Dulles Airport";"Mar 7, 2026, 10:00:00";"6.96";"87.31";"7.7"
"Dulles Airport";"Mar 7, 2026, 09:00:00";"7.66";"75.01";"9.92"
"Dulles Airport";"Mar 7, 2026, 08:00:00";"2.15";"67.01";"9.65"
"Dulles Airport";"Mar 7, 2026, 07:00:00";"1.7";"65.36";"10.18"
"Dulles Airport";"Mar 7, 2026, 06:00:00";"2.22";"64.59";"10.86"
"Dulles Airport";"Mar 7, 2026, 05:00:00";"2.04";"65";"12.71"
"Dulles Airport";"Mar 7, 2026, 04:00:00";"1.57";"65.9";"17.27"
"Dulles Airport";"Mar 7, 2026, 03:00:00";"1.97";"66.4";"19.1"
"Dulles Airport";"Mar 7, 2026, 02:00:00";"1.41";"66.27";"11.86"
"Dulles Airport";"Mar 7, 2026, 01:00:00";"0.81";"68.38";"11.33"
"Dulles Airport";"Mar 7, 2026, 00:00:00";"1.68";"70.48";"14.07"
"Dulles Airport";"Mar 6, 2026, 23:00:00";"2.5";"76.64";"18.95"
"Dulles Airport";"Mar 6, 2026, 22:00:00";"2.44";"79.1";"20.72"
"Dulles Airport";"Mar 6, 2026, 21:00:00";"3.83";"81.78";"23.4"
"Dulles Airport";"Mar 6, 2026, 20:00:00";"4.2";"83.64";"21.29"
"Dulles Airport";"Mar 6, 2026, 19:00:00";"4.79";"86.92";"18.3"
"Dulles Airport";"Mar 6, 2026, 18:00:00";"6.32";"95.1";"18.11"
"Dulles Airport";"Mar 6, 2026, 17:00:00";"4.59";"99.52";"18.81"
"Dulles Airport";"Mar 6, 2026, 16:00:00";"2.54";"103.74";"17.75"
"Dulles Airport";"Mar 6, 2026, 15:00:00";"2.14";"108.02";"18.06"
"Dulles Airport";"Mar 6, 2026, 14:00:00";"1.76";"111.47";"16.63"
"Dulles Airport";"Mar 6, 2026, 13:00:00";"1.57";"112.96";"14.82"
"Dulles Airport";"Mar 6, 2026, 12:00:00";"2.95";"113.32";"12.77"
"Dulles Airport";"Mar 6, 2026, 11:00:00";"3.45";"113.48";"13.56"
"Dulles Airport";"Mar 6, 2026, 10:00:00";"4.74";"118.91";"20"
"Dulles Airport";"Mar 6, 2026, 09:00:00";"7.5";"120.99";"0"
"Dulles Airport";"Mar 6, 2026, 08:00:00";"8.94";"123.76";"0"
"Dulles Airport";"Mar 6, 2026, 07:00:00";"10.38";"126.92";"0"
"Dulles Airport";"Mar 6, 2026, 06:00:00";"6.56";"128.45";"0"
"Dulles Airport";"Mar 6, 2026, 05:00:00";"5.2";"127.64";"0"
"Dulles Airport";"Mar 6, 2026, 04:00:00";"4.62";"130.28";"0"
"Dulles Airport";"Mar 6, 2026, 03:00:00";"6.08";"139.74";"0"
"Dulles Airport";"Mar 6, 2026, 02:00:00";"7.43";"142.96";"0"
"Dulles Airport";"Mar 6, 2026, 01:00:00";"5.89";"142.07";"0"
"Dulles Airport";"Mar 6, 2026, 00:00:00";"8.58";"143.21";"0"
"Dulles Airport";"Mar 5, 2026, 23:00:00";"11.97";"147.02";"0"
"Dulles Airport";"Mar 5, 2026, 22:00:00";"12.41";"127.77";"0"
"Dulles Airport";"Mar 5, 2026, 21:00:00";"6.94";"112.54";"25.42"
"Dulles Airport";"Mar 5, 2026, 20:00:00";"13.01";"120.54";"21.57"
"Dulles Airport";"Mar 5, 2026, 19:00:00";"19.39";"123.84";"26.35"
"Dulles Airport";"Mar 5, 2026, 18:00:00";"14.35";"134.4";"25.7"
"Dulles Airport";"Mar 5, 2026, 17:00:00";"8.33";"144.48";"19.97"
"Dulles Airport";"Mar 5, 2026, 16:00:00";"13.84";"148.69";"22.47"
"Dulles Airport";"Mar 5, 2026, 15:00:00";"11.5";"154.22";"23.25"
"Dulles Airport";"Mar 5, 2026, 14:00:00";"10.67";"150.28";"23.95"
"Dulles Airport";"Mar 5, 2026, 13:00:00";"6.69";"143.9";"19.55"
"Dulles Airport";"Mar 5, 2026, 12:00:00";"6.93";"134.84";"16.35"
"Dulles Airport";"Mar 5, 2026, 11:00:00";"8.1";"127.67";"16.76"
"Dulles Airport";"Mar 5, 2026, 10:00:00";"11.77";"124.69";"24.57"
"Dulles Airport";"Mar 5, 2026, 09:00:00";"10.65";"122.65";"0"
"Dulles Airport";"Mar 5, 2026, 08:00:00";"9.22";"112.99";"0"
"Dulles Airport";"Mar 5, 2026, 07:00:00";"8.47";"107.19";"0"
"Dulles Airport";"Mar 5, 2026, 06:00:00";"10.27";"107.05";"0"
"Dulles Airport";"Mar 5, 2026, 05:00:00";"10.49";"106.78";"0"
"Dulles Airport";"Mar 5, 2026, 04:00:00";"11.69";"108.38";"0"
"Dulles Airport";"Mar 5, 2026, 03:00:00";"12.52";"110.84";"0"
"Dulles Airport";"Mar 5, 2026, 02:00:00";"2.58";"109.76";"0"
"Dulles Airport";"Mar 5, 2026, 01:00:00";"6.19";"113.25";"0"
"Dulles Airport";"Mar 5, 2026, 00:00:00";"8.8";"116.7";"0"
"Dulles Airport";"Mar 4, 2026, 23:00:00";"12.95";"121.42";"0"
"Dulles Airport";"Mar 4, 2026, 22:00:00";"5.83";"116.44";"0"
"Dulles Airport";"Mar 4, 2026, 21:00:00";"5.42";"115.41";"0"
"Dulles Airport";"Mar 4, 2026, 20:00:00";"5.37";"113.64";"23.87"
"Dulles Airport";"Mar 4, 2026, 19:00:00";"6.3";"117.6";"21.43"
"Dulles Airport";"Mar 4, 2026, 18:00:00";"6.09";"118.38";"17.15"
"Dulles Airport";"Mar 4, 2026, 17:00:00";"7.01";"119.56";"13.86"
"Dulles Airport";"Mar 4, 2026, 16:00:00";"6.17";"121.38";"15.04"
"Dulles Airport";"Mar 4, 2026, 15:00:00";"6.21";"114.09";"18.26"
"Dulles Airport";"Mar 4, 2026, 14:00:00";"6.59";"107.31";"19.86"
"Dulles Airport";"Mar 4, 2026, 13:00:00";"8.69";"103.98";"18.38"
"Dulles Airport";"Mar 4, 2026, 12:00:00";"3.9";"104.41";"11.97"
"Dulles Airport";"Mar 4, 2026, 11:00:00";"4.59";"107.02";"8.09"
"Dulles Airport";"Mar 4, 2026, 10:00:00";"7.54";"104.66";"8.28"
"Dulles Airport";"Mar 4, 2026, 09:00:00";"9.55";"96.85";"12.83"
"Dulles Airport";"Mar 4, 2026, 08:00:00";"4.29";"78.31";"18.15"
"Dulles Airport";"Mar 4, 2026, 07:00:00";"4.84";"74.27";"19.12"
"Dulles Airport";"Mar 4, 2026, 06:00:00";"2.52";"71.64";"19.58"
"Dulles Airport";"Mar 4, 2026, 05:00:00";"0.12";"72.22";"0"
"Dulles Airport";"Mar 4, 2026, 04:00:00";"0.49";"76.54";"0"
"Dulles Airport";"Mar 4, 2026, 03:00:00";"1.02";"75";"11.6"
"Dulles Airport";"Mar 4, 2026, 02:00:00";"1.06";"73.14";"10.73"
"Dulles Airport";"Mar 4, 2026, 01:00:00";"2.13";"71.25";"10.49"
"Dulles Airport";"Mar 4, 2026, 00:00:00";"5.33";"67.15";"11.4"
"Dulles Airport";"Mar 3, 2026, 23:00:00";"6.22";"62.68";"10.4"
"Dulles Airport";"Mar 3, 2026, 22:00:00";"9.09";"56.77";"16.53"
"Dulles Airport";"Mar 3, 2026, 21:00:00";"12.62";"52.5";"15.24"
"Dulles Airport";"Mar 3, 2026, 20:00:00";"18.52";"51.34";"11.56"
"Dulles Airport";"Mar 3, 2026, 19:00:00";"17.37";"47.02";"10.66"
"Dulles Airport";"Mar 3, 2026, 18:00:00";"10.49";"45.05";"11.24"
"Dulles Airport";"Mar 3, 2026, 17:00:00";"10.64";"43.98";"9.23"
"Dulles Airport";"Mar 3, 2026, 16:00:00";"9.75";"40.26";"9.19"
"Dulles Airport";"Mar 3, 2026, 15:00:00";"12.74";"35.91";"7.94"
"Dulles Airport";"Mar 3, 2026, 14:00:00";"15.15";"33.12";"9.84"
"Dulles Airport";"Mar 3, 2026, 13:00:00";"12.96";"30.83";"16.97"
"Dulles Airport";"Mar 3, 2026, 12:00:00";"19.9";"26.85";"30.55"
"Dulles Airport";"Mar 3, 2026, 11:00:00";"19.13";"24.28";"0"
"Dulles Airport";"Mar 3, 2026, 10:00:00";"14.01";"21.52";"0"
"Dulles Airport";"Mar 3, 2026, 09:00:00";"8.63";"20.08";"0"
"Dulles Airport";"Mar 3, 2026, 08:00:00";"10.81";"19.24";"0"
"Dulles Airport";"Mar 3, 2026, 07:00:00";"7.57";"18.99";"0"
"Dulles Airport";"Mar 3, 2026, 06:00:00";"8.46";"18.75";"38.27"
"Dulles Airport";"Mar 3, 2026, 05:00:00";"6.79";"18.01";"32.45"
"Dulles Airport";"Mar 3, 2026, 04:00:00";"7.15";"17.77";"32.23"
"Dulles Airport";"Mar 3, 2026, 03:00:00";"6.8";"16.51";"27.54"
"Dulles Airport";"Mar 3, 2026, 02:00:00";"7.22";"15.31";"26.3"
"Dulles Airport";"Mar 3, 2026, 01:00:00";"6.28";"14.19";"24.56"
"Dulles Airport";"Mar 3, 2026, 00:00:00";"8.14";"13.59";"25.49"