sep=;
"Location";"Date";"AQI";"NO2 (ppb)";"CO (ppm)";"VOCs (ppb)";"PM2.5 (µg/m³)"
"Farmwell Station MS";"Sep 11, 2026, 23:00:00";"30";"10.56";"0.17";"0";"4.35"
"Farmwell Station MS";"Sep 11, 2026, 22:00:00";"34";"9.79";"0.23";"1.51";"6.45"
"Farmwell Station MS";"Sep 11, 2026, 21:00:00";"33";"8.13";"0.18";"0";"6.67"
"Farmwell Station MS";"Sep 11, 2026, 20:00:00";"29";"7.33";"0.15";"0";"5.39"
"Farmwell Station MS";"Sep 11, 2026, 19:00:00";"28";"6.65";"0.14";"0";"4.83"
"Farmwell Station MS";"Sep 11, 2026, 18:00:00";"28";"4.87";"0.14";"0";"4.6"
"Farmwell Station MS";"Sep 11, 2026, 17:00:00";"30";"4.27";"0.15";"0";"5.19"
"Farmwell Station MS";"Sep 11, 2026, 16:00:00";"32";"4.41";"0.14";"0";"5.29"
"Farmwell Station MS";"Sep 11, 2026, 15:00:00";"35";"2.41";"0.15";"0";"5.77"
"Farmwell Station MS";"Sep 11, 2026, 14:00:00";"38";"2.88";"0.13";"0";"5.46"
"Farmwell Station MS";"Sep 11, 2026, 13:00:00";"46";"3.02";"0.14";"0";"8.05"
"Farmwell Station MS";"Sep 11, 2026, 12:00:00";"47";"3.03";"0.13";"0";"8.09"
"Farmwell Station MS";"Sep 11, 2026, 11:00:00";"49";"4.16";"0.16";"0";"8.52"
"Farmwell Station MS";"Sep 11, 2026, 10:00:00";"51";"8.14";"0.16";"5.37";"6.45"
"Farmwell Station MS";"Sep 11, 2026, 09:00:00";"57";"7.94";"0.14";"41.3";"9.27"
"Farmwell Station MS";"Sep 11, 2026, 08:00:00";"61";"8.71";"0.11";"55.06";"14.03"
"Farmwell Station MS";"Sep 11, 2026, 07:00:00";"62";"8.4";"0.09";"52.02";"13.7"
"Farmwell Station MS";"Sep 11, 2026, 06:00:00";"64";"7.53";"0.08";"39.03";"16.57"
"Farmwell Station MS";"Sep 11, 2026, 05:00:00";"63";"7.21";"0.11";"32.82";"16.21"
"Farmwell Station MS";"Sep 11, 2026, 04:00:00";"61";"6.93";"0.11";"13.19";"17"
"Farmwell Station MS";"Sep 11, 2026, 03:00:00";"55";"5.28";"0.11";"0";"11.71"
"Farmwell Station MS";"Sep 11, 2026, 02:00:00";"54";"5.16";"0.11";"0";"11.21"
"Farmwell Station MS";"Sep 11, 2026, 01:00:00";"53";"5.41";"0.12";"0";"10.49"
"Farmwell Station MS";"Sep 11, 2026, 00:00:00";"52";"5.34";"0.12";"0";"10.12"
"Farmwell Station MS";"Sep 10, 2026, 23:00:00";"47";"5.6";"0.13";"0";"8.96"
"Farmwell Station MS";"Sep 10, 2026, 22:00:00";"44";"6.38";"0.14";"0";"8.64"
"Farmwell Station MS";"Sep 10, 2026, 21:00:00";"40";"6.59";"0.15";"0";"8.07"
"Farmwell Station MS";"Sep 10, 2026, 20:00:00";"35";"6.81";"0.15";"0";"6.53"
"Farmwell Station MS";"Sep 10, 2026, 19:00:00";"34";"6.72";"0.16";"0";"6.84"
"Farmwell Station MS";"Sep 10, 2026, 18:00:00";"31";"6.48";"0.16";"0";"6.7"
"Farmwell Station MS";"Sep 10, 2026, 17:00:00";"26";"3.35";"0.18";"0";"4.58"
"Farmwell Station MS";"Sep 10, 2026, 16:00:00";"26";"6.99";"0.16";"0";"4.6"
"Farmwell Station MS";"Sep 10, 2026, 15:00:00";"26";"1.49";"0.19";"0";"5.03"
"Farmwell Station MS";"Sep 10, 2026, 14:00:00";"24";"1.61";"0.18";"0";"3.58"
"Farmwell Station MS";"Sep 10, 2026, 13:00:00";"29";"2.31";"0.17";"0";"4.08"
"Farmwell Station MS";"Sep 10, 2026, 12:00:00";"32";"0.96";"0.19";"0";"5.56"
"Farmwell Station MS";"Sep 10, 2026, 11:00:00";"32";"1.51";"0.21";"0";"6.47"
"Farmwell Station MS";"Sep 10, 2026, 10:00:00";"29";"4.21";"0.22";"0";"6.04"
"Farmwell Station MS";"Sep 10, 2026, 09:00:00";"27";"6.92";"0.2";"0";"5.43"
"Farmwell Station MS";"Sep 10, 2026, 08:00:00";"26";"7.86";"0.17";"0";"4.89"
"Farmwell Station MS";"Sep 10, 2026, 07:00:00";"25";"6.63";"0.14";"0";"4.8"
"Farmwell Station MS";"Sep 10, 2026, 06:00:00";"25";"5.78";"0.12";"0";"4.6"
"Farmwell Station MS";"Sep 10, 2026, 05:00:00";"25";"6.37";"0.13";"0";"4.62"
"Farmwell Station MS";"Sep 10, 2026, 04:00:00";"25";"7.24";"0.13";"0";"4.49"
"Farmwell Station MS";"Sep 10, 2026, 03:00:00";"25";"7.3";"0.13";"0";"4.28"
"Farmwell Station MS";"Sep 10, 2026, 02:00:00";"25";"7.09";"0.13";"0";"4.15"
"Farmwell Station MS";"Sep 10, 2026, 01:00:00";"26";"6.9";"0.14";"0";"4.19"
"Farmwell Station MS";"Sep 10, 2026, 00:00:00";"27";"7";"0.15";"0";"4.62"
"Farmwell Station MS";"Sep 9, 2026, 23:00:00";"28";"7.85";"0.17";"0";"4.74"
"Farmwell Station MS";"Sep 9, 2026, 22:00:00";"28";"9.79";"0.18";"0";"4.98"
"Farmwell Station MS";"Sep 9, 2026, 21:00:00";"28";"9.98";"0.19";"0";"4.85"
"Farmwell Station MS";"Sep 9, 2026, 20:00:00";"28";"10.97";"0.2";"0";"5.02"
"Farmwell Station MS";"Sep 9, 2026, 19:00:00";"28";"8.47";"0.2";"0";"5.58"
"Farmwell Station MS";"Sep 9, 2026, 18:00:00";"27";"8.22";"0.19";"0";"4.74"
"Farmwell Station MS";"Sep 9, 2026, 17:00:00";"27";"5.97";"0.18";"0";"4.44"
"Farmwell Station MS";"Sep 9, 2026, 16:00:00";"28";"5.04";"0.19";"0";"4.88"
"Farmwell Station MS";"Sep 9, 2026, 15:00:00";"28";"3.5";"0.19";"0";"4.79"
"Farmwell Station MS";"Sep 9, 2026, 14:00:00";"29";"2.24";"0.18";"0";"4.62"
"Farmwell Station MS";"Sep 9, 2026, 13:00:00";"31";"1.32";"0.17";"0";"5.09"
"Farmwell Station MS";"Sep 9, 2026, 12:00:00";"33";"0.21";"0.18";"0";"5.89"
"Farmwell Station MS";"Sep 9, 2026, 11:00:00";"33";"0.52";"0.17";"0";"6.35"
"Farmwell Station MS";"Sep 9, 2026, 10:00:00";"30";"1.38";"0.19";"0";"5.99"
"Farmwell Station MS";"Sep 9, 2026, 09:00:00";"27";"4.23";"0.16";"1.07";"5.19"
"Farmwell Station MS";"Sep 9, 2026, 08:00:00";"25";"7.08";"0.13";"16.33";"4.98"
"Farmwell Station MS";"Sep 9, 2026, 07:00:00";"23";"5.15";"0.11";"17.9";"4.57"
"Farmwell Station MS";"Sep 9, 2026, 06:00:00";"23";"4.76";"0.11";"15.4";"4.27"
"Farmwell Station MS";"Sep 9, 2026, 05:00:00";"22";"5.07";"0.12";"10.83";"4.07"
"Farmwell Station MS";"Sep 9, 2026, 04:00:00";"22";"5.27";"0.12";"7.41";"4.3"
"Farmwell Station MS";"Sep 9, 2026, 03:00:00";"21";"4.72";"0.12";"0.05";"3.81"
"Farmwell Station MS";"Sep 9, 2026, 02:00:00";"20";"6.13";"0.14";"0";"3.53"
"Farmwell Station MS";"Sep 9, 2026, 01:00:00";"21";"5.97";"0.14";"0";"3.67"
"Farmwell Station MS";"Sep 9, 2026, 00:00:00";"21";"5.56";"0.15";"0";"3.55"
"Farmwell Station MS";"Sep 8, 2026, 23:00:00";"21";"5.96";"0.16";"0";"3.46"
"Farmwell Station MS";"Sep 8, 2026, 22:00:00";"22";"6.98";"0.18";"0";"3.85"
"Farmwell Station MS";"Sep 8, 2026, 21:00:00";"23";"8.47";"0.2";"0";"3.97"
"Farmwell Station MS";"Sep 8, 2026, 20:00:00";"23";"11.28";"0.22";"0";"4.6"
"Farmwell Station MS";"Sep 8, 2026, 19:00:00";"21";"8.22";"0.17";"0";"4.02"
"Farmwell Station MS";"Sep 8, 2026, 18:00:00";"20";"6.3";"0.17";"0";"3.42"
"Farmwell Station MS";"Sep 8, 2026, 17:00:00";"20";"5.68";"0.17";"0";"3.6"
"Farmwell Station MS";"Sep 8, 2026, 16:00:00";"20";"5.53";"0.18";"0";"3.56"
"Farmwell Station MS";"Sep 8, 2026, 15:00:00";"20";"3.67";"0.2";"0";"3.4"
"Farmwell Station MS";"Sep 8, 2026, 14:00:00";"22";"1.35";"0.18";"0";"3.48"
"Farmwell Station MS";"Sep 8, 2026, 13:00:00";"23";"0";"0.16";"0";"3.81"
"Farmwell Station MS";"Sep 8, 2026, 12:00:00";"24";"0";"0.15";"0";"4.21"
"Farmwell Station MS";"Sep 8, 2026, 11:00:00";"24";"0";"0.19";"0.16";"4.13"
"Farmwell Station MS";"Sep 8, 2026, 10:00:00";"25";"4.3";"0.22";"1.94";"5.14"
"Farmwell Station MS";"Sep 8, 2026, 09:00:00";"23";"5.99";"0.18";"40.8";"3.32"
"Farmwell Station MS";"Sep 8, 2026, 08:00:00";"26";"3.48";"0.1";"41.42";"3.88"
"Farmwell Station MS";"Sep 8, 2026, 07:00:00";"31";"2.9";"0.07";"40.22";"5.58"
"Farmwell Station MS";"Sep 8, 2026, 06:00:00";"30";"0";"0";"0";"5.94"
"Farmwell Station MS";"Sep 8, 2026, 05:00:00";"28";"3.42";"0.06";"37.9";"5.68"
"Farmwell Station MS";"Sep 8, 2026, 04:00:00";"24";"3.4";"0.06";"37.72";"4.84"
"Farmwell Station MS";"Sep 8, 2026, 03:00:00";"21";"3.99";"0.08";"37.5";"4.1"
"Farmwell Station MS";"Sep 8, 2026, 02:00:00";"19";"5.61";"0.09";"35.97";"3.48"
"Farmwell Station MS";"Sep 8, 2026, 01:00:00";"18";"6.02";"0.12";"33.42";"3.47"
"Farmwell Station MS";"Sep 8, 2026, 00:00:00";"17";"8.13";"0.17";"28.56";"3.03"
"Farmwell Station MS";"Sep 7, 2026, 23:00:00";"17";"8.81";"0.18";"15.79";"3.07"
"Farmwell Station MS";"Sep 7, 2026, 22:00:00";"15";"8.98";"0.19";"7.83";"2.8"
"Farmwell Station MS";"Sep 7, 2026, 21:00:00";"15";"8.79";"0.17";"5.87";"3.02"
"Farmwell Station MS";"Sep 7, 2026, 20:00:00";"14";"7.82";"0.15";"0.96";"2.91"
"Farmwell Station MS";"Sep 7, 2026, 19:00:00";"11";"7.73";"0.14";"0";"2.26"
"Farmwell Station MS";"Sep 7, 2026, 18:00:00";"9";"5.51";"0.14";"0";"1.68"
"Farmwell Station MS";"Sep 7, 2026, 17:00:00";"9";"4.28";"0.13";"0";"1.62"
"Farmwell Station MS";"Sep 7, 2026, 16:00:00";"9";"4.63";"0.12";"0";"1.57"
"Farmwell Station MS";"Sep 7, 2026, 15:00:00";"10";"2.42";"0.11";"0";"1.57"
"Farmwell Station MS";"Sep 7, 2026, 14:00:00";"10";"3.07";"0.08";"0";"1.5"
"Farmwell Station MS";"Sep 7, 2026, 13:00:00";"13";"0";"0.1";"0";"1.77"
"Farmwell Station MS";"Sep 7, 2026, 12:00:00";"15";"0";"0.12";"0";"2.28"
"Farmwell Station MS";"Sep 7, 2026, 11:00:00";"18";"0.01";"0.13";"0.09";"3.08"
"Farmwell Station MS";"Sep 7, 2026, 10:00:00";"18";"2.15";"0.12";"3.81";"3.27"
"Farmwell Station MS";"Sep 7, 2026, 09:00:00";"17";"3.58";"0.1";"35.13";"2.71"
"Farmwell Station MS";"Sep 7, 2026, 08:00:00";"19";"3.13";"0.07";"40.77";"2.41"
"Farmwell Station MS";"Sep 7, 2026, 07:00:00";"25";"2.02";"0.04";"37.33";"5.14"
"Farmwell Station MS";"Sep 7, 2026, 06:00:00";"21";"3.08";"0.04";"37.98";"4.19"
"Farmwell Station MS";"Sep 7, 2026, 05:00:00";"19";"3.32";"0.05";"38.32";"3.7"
"Farmwell Station MS";"Sep 7, 2026, 04:00:00";"17";"4.41";"0.06";"38.4";"3.05"
"Farmwell Station MS";"Sep 7, 2026, 03:00:00";"16";"4.66";"0.06";"37.61";"2.46"
"Farmwell Station MS";"Sep 7, 2026, 02:00:00";"19";"4.97";"0.09";"36.32";"3.46"
"Farmwell Station MS";"Sep 7, 2026, 01:00:00";"18";"6.47";"0.13";"34.62";"3.09"
"Farmwell Station MS";"Sep 7, 2026, 00:00:00";"18";"7.76";"0.15";"25.34";"3.47"
"Farmwell Station MS";"Sep 6, 2026, 23:00:00";"17";"7.5";"0.15";"10.08";"3.5"
"Farmwell Station MS";"Sep 6, 2026, 22:00:00";"13";"6.51";"0.13";"0.06";"2.4"
"Farmwell Station MS";"Sep 6, 2026, 21:00:00";"13";"7.27";"0.14";"0";"2.53"
"Farmwell Station MS";"Sep 6, 2026, 20:00:00";"11";"7.46";"0.14";"0";"2.13"
"Farmwell Station MS";"Sep 6, 2026, 19:00:00";"10";"6.62";"0.13";"0";"1.83"
"Farmwell Station MS";"Sep 6, 2026, 18:00:00";"9";"5.82";"0.13";"0";"2.06"
"Farmwell Station MS";"Sep 6, 2026, 17:00:00";"7";"4.07";"0.11";"0";"1"
"Farmwell Station MS";"Sep 6, 2026, 16:00:00";"8";"2.03";"0.12";"0";"1.23"
"Farmwell Station MS";"Sep 6, 2026, 15:00:00";"10";"1.69";"0.12";"0";"1.49"
"Farmwell Station MS";"Sep 6, 2026, 14:00:00";"12";"0.33";"0.12";"0";"1.66"
"Farmwell Station MS";"Sep 6, 2026, 13:00:00";"14";"0.16";"0.12";"0";"2.14"
"Farmwell Station MS";"Sep 6, 2026, 12:00:00";"15";"0.03";"0.12";"0";"2.38"
"Farmwell Station MS";"Sep 6, 2026, 11:00:00";"17";"0";"0.13";"0";"2.57"
"Farmwell Station MS";"Sep 6, 2026, 10:00:00";"19";"1.75";"0.12";"0.64";"2.7"
"Farmwell Station MS";"Sep 6, 2026, 09:00:00";"22";"3.79";"0.12";"29.86";"2.94"
"Farmwell Station MS";"Sep 6, 2026, 08:00:00";"28";"3.09";"0.1";"52.42";"3.66"
"Farmwell Station MS";"Sep 6, 2026, 07:00:00";"34";"2.62";"0.06";"46.88";"7.12"
"Farmwell Station MS";"Sep 6, 2026, 06:00:00";"29";"3.1";"0.07";"46.12";"5.76"
"Farmwell Station MS";"Sep 6, 2026, 05:00:00";"28";"3.11";"0.1";"47.42";"5.16"
"Farmwell Station MS";"Sep 6, 2026, 04:00:00";"28";"4.89";"0.11";"47.46";"5.02"
"Farmwell Station MS";"Sep 6, 2026, 03:00:00";"28";"5.01";"0.12";"46.44";"5.15"
"Farmwell Station MS";"Sep 6, 2026, 02:00:00";"28";"5.61";"0.13";"37.28";"5.75"
"Farmwell Station MS";"Sep 6, 2026, 01:00:00";"27";"5.54";"0.14";"14.32";"5.39"
"Farmwell Station MS";"Sep 6, 2026, 00:00:00";"24";"6.27";"0.15";"0";"4.34"
"Farmwell Station MS";"Sep 5, 2026, 23:00:00";"24";"6.1";"0.15";"0";"4.24"
"Farmwell Station MS";"Sep 5, 2026, 22:00:00";"25";"7.09";"0.16";"0";"4.36"
"Farmwell Station MS";"Sep 5, 2026, 21:00:00";"25";"7.05";"0.15";"0";"4.27"
"Farmwell Station MS";"Sep 5, 2026, 20:00:00";"25";"6.59";"0.15";"0";"4.02"
"Farmwell Station MS";"Sep 5, 2026, 19:00:00";"28";"3.59";"0.14";"0";"4.43"
"Farmwell Station MS";"Sep 5, 2026, 18:00:00";"29";"3.72";"0.15";"0";"4.78"
"Farmwell Station MS";"Sep 5, 2026, 17:00:00";"30";"5.03";"0.14";"0";"4.64"
"Farmwell Station MS";"Sep 5, 2026, 16:00:00";"33";"3.2";"0.15";"0";"5.55"
"Farmwell Station MS";"Sep 5, 2026, 15:00:00";"34";"2.42";"0.16";"0";"6.12"
"Farmwell Station MS";"Sep 5, 2026, 14:00:00";"34";"1.75";"0.15";"0";"6.19"
"Farmwell Station MS";"Sep 5, 2026, 13:00:00";"33";"0.7";"0.15";"0";"6.23"
"Farmwell Station MS";"Sep 5, 2026, 12:00:00";"32";"1.51";"0.14";"0";"5.43"
"Farmwell Station MS";"Sep 5, 2026, 11:00:00";"33";"0.97";"0.14";"0";"5.71"
"Farmwell Station MS";"Sep 5, 2026, 10:00:00";"34";"2.31";"0.15";"0";"6.3"
"Farmwell Station MS";"Sep 5, 2026, 09:00:00";"33";"3.17";"0.15";"4.19";"5.76"
"Farmwell Station MS";"Sep 5, 2026, 08:00:00";"33";"5.12";"0.13";"50.74";"5.34"
"Farmwell Station MS";"Sep 5, 2026, 07:00:00";"36";"4.63";"0.1";"53.75";"7.57"
"Farmwell Station MS";"Sep 5, 2026, 06:00:00";"29";"4.62";"0.09";"35.73";"5.88"
"Farmwell Station MS";"Sep 5, 2026, 05:00:00";"25";"3.65";"0.09";"14.26";"4.81"
"Farmwell Station MS";"Sep 5, 2026, 04:00:00";"24";"4.04";"0.1";"2.21";"4.33"
"Farmwell Station MS";"Sep 5, 2026, 03:00:00";"24";"3.74";"0.1";"6.24";"4.43"
"Farmwell Station MS";"Sep 5, 2026, 02:00:00";"24";"3.29";"0.11";"15.19";"4.53"
"Farmwell Station MS";"Sep 5, 2026, 01:00:00";"23";"2.8";"0.12";"19.41";"4.42"
"Farmwell Station MS";"Sep 5, 2026, 00:00:00";"22";"4.08";"0.17";"37.88";"4.2"
"Farmwell Station MS";"Sep 4, 2026, 23:00:00";"20";"4.97";"0.15";"19.4";"3.92"
"Farmwell Station MS";"Sep 4, 2026, 22:00:00";"19";"5.22";"0.14";"1.37";"3.68"
"Farmwell Station MS";"Sep 4, 2026, 21:00:00";"19";"5.54";"0.15";"0";"3.41"
"Farmwell Station MS";"Sep 4, 2026, 20:00:00";"18";"6.92";"0.16";"0";"3.06"
"Farmwell Station MS";"Sep 4, 2026, 19:00:00";"19";"6.48";"0.17";"0";"2.93"
"Farmwell Station MS";"Sep 4, 2026, 18:00:00";"21";"8.66";"0.19";"0";"2.89"
"Farmwell Station MS";"Sep 4, 2026, 17:00:00";"25";"10.61";"0.2";"0";"4.1"
"Farmwell Station MS";"Sep 4, 2026, 16:00:00";"28";"10.48";"0.22";"0";"5.12"
"Farmwell Station MS";"Sep 4, 2026, 15:00:00";"27";"1.78";"0.26";"0";"4.9"
"Farmwell Station MS";"Sep 4, 2026, 14:00:00";"25";"0.32";"0.23";"0";"4.52"
"Farmwell Station MS";"Sep 4, 2026, 13:00:00";"26";"0.62";"0.18";"0";"4.77"
"Farmwell Station MS";"Sep 4, 2026, 12:00:00";"25";"1.09";"0.15";"0";"4.27"
"Farmwell Station MS";"Sep 4, 2026, 11:00:00";"27";"0.23";"0.15";"0";"4.15"
"Farmwell Station MS";"Sep 4, 2026, 10:00:00";"30";"0.03";"0.17";"0";"4.74"
"Farmwell Station MS";"Sep 4, 2026, 09:00:00";"35";"2.34";"0.16";"8.54";"4.45"
"Farmwell Station MS";"Sep 4, 2026, 08:00:00";"45";"4.49";"0.11";"71.42";"6.02"
"Farmwell Station MS";"Sep 4, 2026, 07:00:00";"53";"4.93";"0.12";"75.1";"9.42"
"Farmwell Station MS";"Sep 4, 2026, 06:00:00";"54";"7.64";"0.1";"79";"10.06"
"Farmwell Station MS";"Sep 4, 2026, 05:00:00";"54";"4.63";"0.08";"74.44";"11.31"
"Farmwell Station MS";"Sep 4, 2026, 04:00:00";"53";"6.32";"0.08";"72.06";"9.7"
"Farmwell Station MS";"Sep 4, 2026, 03:00:00";"53";"6.69";"0.08";"61.46";"11.31"
"Farmwell Station MS";"Sep 4, 2026, 02:00:00";"51";"7.43";"0.08";"51.18";"10.49"
"Farmwell Station MS";"Sep 4, 2026, 01:00:00";"44";"10.55";"0.08";"25.79";"7.34"
"Farmwell Station MS";"Sep 4, 2026, 00:00:00";"47";"5.99";"0.11";"0";"6.45"
"Farmwell Station MS";"Sep 3, 2026, 23:00:00";"54";"4.75";"0.25";"0";"9.99"
"Farmwell Station MS";"Sep 3, 2026, 22:00:00";"54";"6.19";"0.26";"0";"10.51"
"Farmwell Station MS";"Sep 3, 2026, 21:00:00";"54";"6.5";"0.26";"0";"10.23"
"Farmwell Station MS";"Sep 3, 2026, 20:00:00";"54";"7.37";"0.25";"0";"10.13"
"Farmwell Station MS";"Sep 3, 2026, 19:00:00";"55";"7.35";"0.23";"0";"10.84"
"Farmwell Station MS";"Sep 3, 2026, 18:00:00";"55";"6.59";"0.22";"0";"12.24"
"Farmwell Station MS";"Sep 3, 2026, 17:00:00";"54";"5.46";"0.22";"0";"11.9"
"Farmwell Station MS";"Sep 3, 2026, 16:00:00";"52";"0.72";"0.23";"0";"11.11"
"Farmwell Station MS";"Sep 3, 2026, 15:00:00";"49";"3.41";"0.2";"0";"9.75"
"Farmwell Station MS";"Sep 3, 2026, 14:00:00";"44";"0.1";"0.17";"0";"7.58"
"Farmwell Station MS";"Sep 3, 2026, 13:00:00";"45";"0.12";"0.2";"0";"7.61"
"Farmwell Station MS";"Sep 3, 2026, 12:00:00";"49";"2.63";"0.17";"0";"8.84"
"Farmwell Station MS";"Sep 3, 2026, 11:00:00";"48";"1.31";"0.19";"0";"8.92"
"Farmwell Station MS";"Sep 3, 2026, 10:00:00";"46";"3.01";"0.17";"0";"7.82"
"Farmwell Station MS";"Sep 3, 2026, 09:00:00";"49";"3.48";"0.15";"34.72";"7.75"
"Farmwell Station MS";"Sep 3, 2026, 08:00:00";"52";"3.96";"0.15";"76.02";"9.02"
"Farmwell Station MS";"Sep 3, 2026, 07:00:00";"54";"4.75";"0.18";"76.2";"11.31"
"Farmwell Station MS";"Sep 3, 2026, 06:00:00";"52";"4.16";"0.19";"63.79";"11.53"
"Farmwell Station MS";"Sep 3, 2026, 05:00:00";"40";"6.18";"0.16";"46.23";"8.83"
"Farmwell Station MS";"Sep 3, 2026, 04:00:00";"32";"5.78";"0.14";"27.36";"5.46"
"Farmwell Station MS";"Sep 3, 2026, 03:00:00";"32";"9.17";"0.22";"35.17";"5.5"
"Farmwell Station MS";"Sep 3, 2026, 02:00:00";"34";"7.84";"0.24";"38.87";"6.05"
"Farmwell Station MS";"Sep 3, 2026, 01:00:00";"34";"6.54";"0.22";"40.19";"5.85"
"Farmwell Station MS";"Sep 3, 2026, 00:00:00";"36";"5.19";"0.18";"34.89";"6.92"
"Farmwell Station MS";"Sep 2, 2026, 23:00:00";"33";"7.75";"0.14";"1.57";"5.65"
"Farmwell Station MS";"Sep 2, 2026, 22:00:00";"34";"7.15";"0.16";"12.16";"6.82"
"Farmwell Station MS";"Sep 2, 2026, 21:00:00";"31";"7.98";"0.17";"1.48";"7"
"Farmwell Station MS";"Sep 2, 2026, 20:00:00";"22";"10.91";"0.19";"0";"5.11"
"Farmwell Station MS";"Sep 2, 2026, 19:00:00";"16";"9.1";"0.17";"0";"2.61"
"Farmwell Station MS";"Sep 2, 2026, 18:00:00";"18";"4.94";"0.22";"0";"2.79"
"Farmwell Station MS";"Sep 2, 2026, 17:00:00";"20";"8.59";"0.19";"0";"2.85"
"Farmwell Station MS";"Sep 2, 2026, 16:00:00";"24";"9.6";"0.17";"0";"2.68"
"Farmwell Station MS";"Sep 2, 2026, 15:00:00";"33";"14.22";"0.16";"0";"2.92"
"Farmwell Station MS";"Sep 2, 2026, 14:00:00";"50";"11.75";"0.21";"0";"7.63"
"Farmwell Station MS";"Sep 2, 2026, 13:00:00";"53";"2.64";"0.28";"0";"10.48"
"Farmwell Station MS";"Sep 2, 2026, 12:00:00";"52";"0.49";"0.25";"0";"10.16"
"Farmwell Station MS";"Sep 2, 2026, 11:00:00";"50";"0.52";"0.23";"0";"10.38"
"Farmwell Station MS";"Sep 2, 2026, 10:00:00";"45";"1.02";"0.23";"0";"9.25"
"Farmwell Station MS";"Sep 2, 2026, 09:00:00";"43";"6.55";"0.22";"0";"8.03"
"Farmwell Station MS";"Sep 2, 2026, 08:00:00";"41";"7.98";"0.18";"18.17";"7.01"
"Farmwell Station MS";"Sep 2, 2026, 07:00:00";"43";"9";"0.17";"17.67";"7.97"
"Farmwell Station MS";"Sep 2, 2026, 06:00:00";"41";"6.14";"0.14";"0.81";"7.35"
"Farmwell Station MS";"Sep 2, 2026, 05:00:00";"41";"5.9";"0.13";"0";"6.83"
"Farmwell Station MS";"Sep 2, 2026, 04:00:00";"44";"6.42";"0.13";"0";"7.35"
"Farmwell Station MS";"Sep 2, 2026, 03:00:00";"45";"6.22";"0.14";"0";"7.64"
"Farmwell Station MS";"Sep 2, 2026, 02:00:00";"47";"6.35";"0.16";"0";"8.12"
"Farmwell Station MS";"Sep 2, 2026, 01:00:00";"47";"5.64";"0.14";"0";"7.74"
"Farmwell Station MS";"Sep 2, 2026, 00:00:00";"50";"4.75";"0.15";"0";"7.73"
"Farmwell Station MS";"Sep 1, 2026, 23:00:00";"53";"5.7";"0.18";"0";"8.67"
"Farmwell Station MS";"Sep 1, 2026, 22:00:00";"56";"6.3";"0.21";"0";"10.68"
"Farmwell Station MS";"Sep 1, 2026, 21:00:00";"56";"7.26";"0.23";"0";"10.53"
"Farmwell Station MS";"Sep 1, 2026, 20:00:00";"56";"7.24";"0.24";"0";"10.97"
"Farmwell Station MS";"Sep 1, 2026, 19:00:00";"57";"7.63";"0.24";"0";"11.77"
"Farmwell Station MS";"Sep 1, 2026, 18:00:00";"56";"6.2";"0.26";"0";"10.58"
"Farmwell Station MS";"Sep 1, 2026, 17:00:00";"57";"5.55";"0.26";"0";"11.32"
"Farmwell Station MS";"Sep 1, 2026, 16:00:00";"58";"2.6";"0.28";"0";"12.45"
"Farmwell Station MS";"Sep 1, 2026, 15:00:00";"59";"8.55";"0.24";"0";"13.19"
"Farmwell Station MS";"Sep 1, 2026, 14:00:00";"59";"4.95";"0.26";"0";"12.98"
"Farmwell Station MS";"Sep 1, 2026, 13:00:00";"58";"1.85";"0.23";"0";"13.02"
"Farmwell Station MS";"Sep 1, 2026, 12:00:00";"58";"0.19";"0.21";"0";"13.14"
"Farmwell Station MS";"Sep 1, 2026, 11:00:00";"57";"0";"0.2";"0";"13.08"
"Farmwell Station MS";"Sep 1, 2026, 10:00:00";"56";"0";"0.18";"0";"12.19"
"Farmwell Station MS";"Sep 1, 2026, 09:00:00";"56";"0.88";"0.19";"0";"9.72"
"Farmwell Station MS";"Sep 1, 2026, 08:00:00";"59";"5.59";"0.18";"19.03";"10.19"
"Farmwell Station MS";"Sep 1, 2026, 07:00:00";"62";"3.8";"0.16";"48.41";"14"
"Farmwell Station MS";"Sep 1, 2026, 06:00:00";"63";"3.09";"0.16";"54.52";"16.66"
"Farmwell Station MS";"Sep 1, 2026, 05:00:00";"62";"2.94";"0.17";"39.34";"17.86"
"Farmwell Station MS";"Sep 1, 2026, 04:00:00";"58";"5.3";"0.2";"32.94";"12.75"
"Farmwell Station MS";"Sep 1, 2026, 03:00:00";"58";"5.86";"0.2";"18.35";"13.25"
"Farmwell Station MS";"Sep 1, 2026, 02:00:00";"58";"6.31";"0.18";"6.19";"12.23"
"Farmwell Station MS";"Sep 1, 2026, 01:00:00";"58";"5.1";"0.19";"11.15";"11.97"
"Farmwell Station MS";"Sep 1, 2026, 00:00:00";"58";"5.14";"0.2";"5.21";"13.57"
"Farmwell Station MS";"Aug 31, 2026, 23:00:00";"58";"7.46";"0.3";"0.01";"12.76"
"Farmwell Station MS";"Aug 31, 2026, 22:00:00";"58";"7.69";"0.28";"0";"13.72"
"Farmwell Station MS";"Aug 31, 2026, 21:00:00";"57";"7.88";"0.29";"0";"12.25"
"Farmwell Station MS";"Aug 31, 2026, 20:00:00";"57";"7.47";"0.27";"0";"11.51"
"Farmwell Station MS";"Aug 31, 2026, 19:00:00";"57";"5.17";"0.21";"0";"11.64"
"Farmwell Station MS";"Aug 31, 2026, 18:00:00";"57";"4.6";"0.23";"0";"12.2"
"Farmwell Station MS";"Aug 31, 2026, 17:00:00";"57";"7.62";"0.24";"0";"12.39"
"Farmwell Station MS";"Aug 31, 2026, 16:00:00";"57";"10.68";"0.24";"0";"12.29"
"Farmwell Station MS";"Aug 31, 2026, 15:00:00";"57";"8.55";"0.22";"0";"13.06"
"Farmwell Station MS";"Aug 31, 2026, 14:00:00";"57";"1.44";"0.22";"0";"12.88"
"Farmwell Station MS";"Aug 31, 2026, 13:00:00";"57";"0.04";"0.2";"0";"12.47"
"Farmwell Station MS";"Aug 31, 2026, 12:00:00";"56";"0.41";"0.19";"0";"12.64"
"Farmwell Station MS";"Aug 31, 2026, 11:00:00";"55";"0.03";"0.2";"0";"11.91"
"Farmwell Station MS";"Aug 31, 2026, 10:00:00";"54";"1.53";"0.17";"0";"10.73"
"Farmwell Station MS";"Aug 31, 2026, 09:00:00";"54";"4.14";"0.17";"16.67";"10.11"
"Farmwell Station MS";"Aug 31, 2026, 08:00:00";"55";"4.79";"0.15";"64.3";"10.6"
"Farmwell Station MS";"Aug 31, 2026, 07:00:00";"56";"4.85";"0.14";"74.4";"10.42"
"Farmwell Station MS";"Aug 31, 2026, 06:00:00";"57";"2.48";"0.12";"73.87";"11.88"
"Farmwell Station MS";"Aug 31, 2026, 05:00:00";"58";"0.92";"0.11";"73.35";"13.35"
"Farmwell Station MS";"Aug 31, 2026, 04:00:00";"57";"2.08";"0.12";"70.92";"12.9"
"Farmwell Station MS";"Aug 31, 2026, 03:00:00";"55";"2.85";"0.11";"63.44";"12.57"
"Farmwell Station MS";"Aug 31, 2026, 02:00:00";"52";"2.93";"0.1";"56.13";"9.26"
"Farmwell Station MS";"Aug 31, 2026, 01:00:00";"52";"4.54";"0.12";"47.67";"10.16"
"Farmwell Station MS";"Aug 31, 2026, 00:00:00";"49";"7.6";"0.15";"46.51";"8.01"
"Farmwell Station MS";"Aug 30, 2026, 23:00:00";"52";"8.96";"0.16";"43.34";"10.23"
"Farmwell Station MS";"Aug 30, 2026, 22:00:00";"49";"9.31";"0.16";"34.81";"10.08"
"Farmwell Station MS";"Aug 30, 2026, 21:00:00";"44";"11.19";"0.15";"12.14";"6.56"
"Farmwell Station MS";"Aug 30, 2026, 20:00:00";"52";"12.21";"0.14";"0";"7.77"
"Farmwell Station MS";"Aug 30, 2026, 19:00:00";"54";"9.24";"0.17";"0";"8.93"
"Farmwell Station MS";"Aug 30, 2026, 18:00:00";"55";"2.97";"0.18";"0";"10.37"
"Farmwell Station MS";"Aug 30, 2026, 17:00:00";"55";"5.61";"0.16";"0";"10.78"
"Farmwell Station MS";"Aug 30, 2026, 16:00:00";"54";"1.02";"0.15";"0";"10.15"
"Farmwell Station MS";"Aug 30, 2026, 15:00:00";"55";"0";"0.18";"0";"11.24"
"Farmwell Station MS";"Aug 30, 2026, 14:00:00";"55";"2.7";"0.17";"0";"10.67"
"Farmwell Station MS";"Aug 30, 2026, 13:00:00";"55";"3.09";"0.12";"0";"11.14"
"Farmwell Station MS";"Aug 30, 2026, 12:00:00";"55";"0.83";"0.15";"0";"11.21"
"Farmwell Station MS";"Aug 30, 2026, 11:00:00";"55";"2.82";"0.16";"0";"10.99"
"Farmwell Station MS";"Aug 30, 2026, 10:00:00";"55";"4.14";"0.15";"16.43";"11.5"
"Farmwell Station MS";"Aug 30, 2026, 09:00:00";"55";"5.39";"0.14";"38.65";"11.71"
"Farmwell Station MS";"Aug 30, 2026, 08:00:00";"54";"8.01";"0.15";"39.3";"10.69"
"Farmwell Station MS";"Aug 30, 2026, 07:00:00";"54";"8.24";"0.15";"32.48";"12.07"
"Farmwell Station MS";"Aug 30, 2026, 06:00:00";"47";"6.62";"0.15";"22.45";"9.66"
"Farmwell Station MS";"Aug 30, 2026, 05:00:00";"39";"6.47";"0.15";"12.83";"8.32"
"Farmwell Station MS";"Aug 30, 2026, 04:00:00";"31";"6.19";"0.16";"2.94";"5.99"
"Farmwell Station MS";"Aug 30, 2026, 03:00:00";"30";"6.86";"0.17";"0";"5.62"
"Farmwell Station MS";"Aug 30, 2026, 02:00:00";"29";"7.3";"0.17";"0";"5.01"
"Farmwell Station MS";"Aug 30, 2026, 01:00:00";"30";"8.26";"0.17";"0";"5.37"
"Farmwell Station MS";"Aug 30, 2026, 00:00:00";"30";"9.99";"0.18";"0";"5.63"
"Farmwell Station MS";"Aug 29, 2026, 23:00:00";"30";"10.71";"0.19";"0";"5.44"
"Farmwell Station MS";"Aug 29, 2026, 22:00:00";"29";"8.12";"0.19";"0";"5.88"
"Farmwell Station MS";"Aug 29, 2026, 21:00:00";"27";"7.17";"0.18";"0";"5.1"
"Farmwell Station MS";"Aug 29, 2026, 20:00:00";"25";"7.6";"0.17";"0";"4.42"
"Farmwell Station MS";"Aug 29, 2026, 19:00:00";"25";"6.74";"0.17";"0";"4.97"
"Farmwell Station MS";"Aug 29, 2026, 18:00:00";"24";"6.28";"0.17";"0";"4.75"
"Farmwell Station MS";"Aug 29, 2026, 17:00:00";"23";"5.39";"0.17";"0";"4.26"
"Farmwell Station MS";"Aug 29, 2026, 16:00:00";"23";"6.94";"0.15";"0";"4.43"
"Farmwell Station MS";"Aug 29, 2026, 15:00:00";"22";"2.29";"0.15";"0";"4.1"
"Farmwell Station MS";"Aug 29, 2026, 14:00:00";"20";"0.63";"0.13";"0";"3.54"
"Farmwell Station MS";"Aug 29, 2026, 13:00:00";"20";"0.83";"0.12";"0";"3.28"
"Farmwell Station MS";"Aug 29, 2026, 12:00:00";"21";"0.16";"0.11";"0";"3.44"
"Farmwell Station MS";"Aug 29, 2026, 11:00:00";"23";"0.14";"0.1";"0.1";"3.77"
"Farmwell Station MS";"Aug 29, 2026, 10:00:00";"25";"0.78";"0.1";"0.13";"3.96"
"Farmwell Station MS";"Aug 29, 2026, 09:00:00";"28";"2.69";"0.09";"2.41";"4.57"
"Farmwell Station MS";"Aug 29, 2026, 08:00:00";"30";"3.71";"0.08";"20.82";"4.54"
"Farmwell Station MS";"Aug 29, 2026, 07:00:00";"35";"3.9";"0.08";"20.71";"5.53"
"Farmwell Station MS";"Aug 29, 2026, 06:00:00";"39";"3.54";"0.08";"21";"6.51"
"Farmwell Station MS";"Aug 29, 2026, 05:00:00";"39";"3.53";"0.09";"18.38";"6.59"
"Farmwell Station MS";"Aug 29, 2026, 04:00:00";"39";"4.81";"0.1";"23.92";"6.32"
"Farmwell Station MS";"Aug 29, 2026, 03:00:00";"43";"4.46";"0.1";"24.44";"7.01"
"Farmwell Station MS";"Aug 29, 2026, 02:00:00";"44";"4.83";"0.1";"19.48";"7.6"
"Farmwell Station MS";"Aug 29, 2026, 01:00:00";"45";"5.92";"0.13";"13.9";"8.44"
"Farmwell Station MS";"Aug 29, 2026, 00:00:00";"44";"7.76";"0.16";"5.29";"8.13"
"Farmwell Station MS";"Aug 28, 2026, 23:00:00";"44";"8.93";"0.2";"0";"8.29"
"Farmwell Station MS";"Aug 28, 2026, 22:00:00";"43";"8.63";"0.16";"0";"7.44"
"Farmwell Station MS";"Aug 28, 2026, 21:00:00";"43";"7.86";"0.15";"0";"6.91"
"Farmwell Station MS";"Aug 28, 2026, 20:00:00";"45";"7.9";"0.15";"0";"6.9"
"Farmwell Station MS";"Aug 28, 2026, 19:00:00";"50";"7.36";"0.15";"0";"7.96"
"Farmwell Station MS";"Aug 28, 2026, 18:00:00";"53";"8.66";"0.17";"0";"8.85"
"Farmwell Station MS";"Aug 28, 2026, 17:00:00";"54";"9.35";"0.15";"0";"10.18"
"Farmwell Station MS";"Aug 28, 2026, 16:00:00";"54";"5.83";"0.16";"0";"10.66"
"Farmwell Station MS";"Aug 28, 2026, 15:00:00";"54";"5.19";"0.17";"0";"11.28"
"Farmwell Station MS";"Aug 28, 2026, 14:00:00";"53";"1.06";"0.17";"0";"11.25"
"Farmwell Station MS";"Aug 28, 2026, 13:00:00";"48";"3.85";"0.14";"0";"10.23"
"Farmwell Station MS";"Aug 28, 2026, 12:00:00";"42";"2.01";"0.13";"0";"9"
"Farmwell Station MS";"Aug 28, 2026, 11:00:00";"39";"2.49";"0.13";"0";"7.5"
"Farmwell Station MS";"Aug 28, 2026, 10:00:00";"38";"2.32";"0.13";"0";"6.7"
"Farmwell Station MS";"Aug 28, 2026, 09:00:00";"37";"4.7";"0.12";"3.14";"6.38"
"Farmwell Station MS";"Aug 28, 2026, 08:00:00";"38";"5.65";"0.09";"33.51";"6.38"
"Farmwell Station MS";"Aug 28, 2026, 07:00:00";"39";"5.86";"0.07";"37.35";"6.41"
"Farmwell Station MS";"Aug 28, 2026, 06:00:00";"42";"5.31";"0.08";"42.17";"6.69"
"Farmwell Station MS";"Aug 28, 2026, 05:00:00";"45";"3.52";"0.07";"42.44";"8.41"
"Farmwell Station MS";"Aug 28, 2026, 04:00:00";"44";"4.75";"0.08";"38.48";"7.53"
"Farmwell Station MS";"Aug 28, 2026, 03:00:00";"45";"4.41";"0.07";"34.55";"7.99"
"Farmwell Station MS";"Aug 28, 2026, 02:00:00";"46";"4.52";"0.08";"25.99";"8.41"
"Farmwell Station MS";"Aug 28, 2026, 01:00:00";"45";"8.52";"0.14";"4.92";"8.78"
"Farmwell Station MS";"Aug 28, 2026, 00:00:00";"42";"12.83";"0.17";"0";"8.19"
"Farmwell Station MS";"Aug 27, 2026, 23:00:00";"37";"10.19";"0.11";"0";"6.87"
"Farmwell Station MS";"Aug 27, 2026, 22:00:00";"36";"10.54";"0.12";"0";"5.2"
"Farmwell Station MS";"Aug 27, 2026, 21:00:00";"43";"11.33";"0.11";"0";"5.7"
"Farmwell Station MS";"Aug 27, 2026, 20:00:00";"53";"9.28";"0.15";"0";"8.24"
"Farmwell Station MS";"Aug 27, 2026, 19:00:00";"56";"10.43";"0.17";"0";"10.68"
"Farmwell Station MS";"Aug 27, 2026, 18:00:00";"57";"10.48";"0.17";"0";"11.07"
"Farmwell Station MS";"Aug 27, 2026, 17:00:00";"59";"8.71";"0.16";"0";"12.31"
"Farmwell Station MS";"Aug 27, 2026, 16:00:00";"60";"5";"0.17";"0";"13.04"
"Farmwell Station MS";"Aug 27, 2026, 15:00:00";"62";"4.06";"0.16";"0";"13.88"
"Farmwell Station MS";"Aug 27, 2026, 14:00:00";"64";"1.85";"0.18";"0";"16.53"
"Farmwell Station MS";"Aug 27, 2026, 13:00:00";"62";"1.78";"0.18";"0";"16.64"
"Farmwell Station MS";"Aug 27, 2026, 12:00:00";"59";"2.03";"0.18";"0";"15.14"
"Farmwell Station MS";"Aug 27, 2026, 11:00:00";"56";"1.46";"0.17";"0";"12.99"
"Farmwell Station MS";"Aug 27, 2026, 10:00:00";"53";"3.78";"0.14";"0";"11.04"
"Farmwell Station MS";"Aug 27, 2026, 09:00:00";"49";"5.91";"0.13";"0.96";"10.03"
"Farmwell Station MS";"Aug 27, 2026, 08:00:00";"47";"8.72";"0.13";"7.76";"9"
"Farmwell Station MS";"Aug 27, 2026, 07:00:00";"46";"11.43";"0.11";"7.61";"8.82"
"Farmwell Station MS";"Aug 27, 2026, 06:00:00";"45";"11.89";"0.11";"2.79";"8.32"
"Farmwell Station MS";"Aug 27, 2026, 05:00:00";"44";"9.89";"0.1";"0";"8.05"
"Farmwell Station MS";"Aug 27, 2026, 04:00:00";"44";"9.12";"0.11";"0";"7.81"
"Farmwell Station MS";"Aug 27, 2026, 03:00:00";"44";"11.33";"0.11";"0";"7.56"
"Farmwell Station MS";"Aug 27, 2026, 02:00:00";"45";"11.72";"0.12";"0";"7.34"
"Farmwell Station MS";"Aug 27, 2026, 01:00:00";"47";"11.27";"0.13";"0";"7.48"
"Farmwell Station MS";"Aug 27, 2026, 00:00:00";"49";"14.52";"0.17";"0";"8.14"
"Farmwell Station MS";"Aug 26, 2026, 23:00:00";"51";"9.94";"0.16";"0";"8.42"
"Farmwell Station MS";"Aug 26, 2026, 22:00:00";"52";"9.72";"0.17";"0";"8.46"
"Farmwell Station MS";"Aug 26, 2026, 21:00:00";"53";"11.74";"0.17";"0";"9.18"
"Farmwell Station MS";"Aug 26, 2026, 20:00:00";"54";"13.41";"0.17";"0";"10.31"
"Farmwell Station MS";"Aug 26, 2026, 19:00:00";"54";"13.19";"0.18";"0";"10.74"
"Farmwell Station MS";"Aug 26, 2026, 18:00:00";"52";"10.7";"0.16";"0";"10.37"
"Farmwell Station MS";"Aug 26, 2026, 17:00:00";"50";"8.06";"0.12";"0";"9.22"
"Farmwell Station MS";"Aug 26, 2026, 16:00:00";"49";"6.34";"0.13";"0";"8.65"
"Farmwell Station MS";"Aug 26, 2026, 15:00:00";"49";"6.37";"0.12";"0";"9.1"
"Farmwell Station MS";"Aug 26, 2026, 14:00:00";"48";"5.43";"0.1";"0";"8.4"
"Farmwell Station MS";"Aug 26, 2026, 13:00:00";"49";"3.45";"0.1";"0";"8.68"
"Farmwell Station MS";"Aug 26, 2026, 12:00:00";"49";"2.87";"0.1";"0";"9.55"
"Farmwell Station MS";"Aug 26, 2026, 11:00:00";"45";"0.14";"0.18";"0";"9.69"
"Farmwell Station MS";"Aug 26, 2026, 10:00:00";"36";"1.49";"0.19";"0";"7.06"
"Farmwell Station MS";"Aug 26, 2026, 09:00:00";"32";"5.63";"0.16";"22.14";"4.5"
"Farmwell Station MS";"Aug 26, 2026, 08:00:00";"39";"4.64";"0.12";"44.58";"4.44"
"Farmwell Station MS";"Aug 26, 2026, 07:00:00";"52";"2.05";"0.06";"39.81";"9.76"
"Farmwell Station MS";"Aug 26, 2026, 06:00:00";"52";"1.21";"0.05";"39.77";"10.16"
"Farmwell Station MS";"Aug 26, 2026, 05:00:00";"48";"2.66";"0.06";"39.32";"10.05"
"Farmwell Station MS";"Aug 26, 2026, 04:00:00";"39";"3.78";"0.06";"37.56";"7.95"
"Farmwell Station MS";"Aug 26, 2026, 03:00:00";"35";"3.77";"0.07";"35.48";"7.74"
"Farmwell Station MS";"Aug 26, 2026, 02:00:00";"31";"4.7";"0.08";"27.51";"5.97"
"Farmwell Station MS";"Aug 26, 2026, 01:00:00";"29";"6.74";"0.1";"21.72";"4.83"
"Farmwell Station MS";"Aug 26, 2026, 00:00:00";"30";"7.78";"0.14";"17.76";"5.14"
"Farmwell Station MS";"Aug 25, 2026, 23:00:00";"32";"8.99";"0.19";"5.23";"5.86"
"Farmwell Station MS";"Aug 25, 2026, 22:00:00";"32";"10.23";"0.17";"0.66";"5.46"
"Farmwell Station MS";"Aug 25, 2026, 21:00:00";"33";"9.79";"0.19";"0";"5.6"
"Farmwell Station MS";"Aug 25, 2026, 20:00:00";"35";"6.51";"0.14";"0";"6.04"
"Farmwell Station MS";"Aug 25, 2026, 19:00:00";"37";"6.81";"0.13";"0";"6.73"
"Farmwell Station MS";"Aug 25, 2026, 18:00:00";"37";"5.98";"0.12";"0";"6.19"
"Farmwell Station MS";"Aug 25, 2026, 17:00:00";"38";"7.01";"0.12";"0";"6.28"
"Farmwell Station MS";"Aug 25, 2026, 16:00:00";"41";"7.21";"0.11";"0";"5.94"
"Farmwell Station MS";"Aug 25, 2026, 15:00:00";"49";"3.39";"0.12";"0";"7.14"
"Farmwell Station MS";"Aug 25, 2026, 14:00:00";"54";"2.8";"0.12";"0";"9.91"
"Farmwell Station MS";"Aug 25, 2026, 13:00:00";"55";"0.28";"0.11";"0";"10.56"
"Farmwell Station MS";"Aug 25, 2026, 12:00:00";"56";"0.77";"0.1";"0";"11.25"
"Farmwell Station MS";"Aug 25, 2026, 11:00:00";"57";"0.49";"0.1";"0";"12.65"
"Farmwell Station MS";"Aug 25, 2026, 10:00:00";"55";"1.99";"0.11";"0";"13.11"
"Farmwell Station MS";"Aug 25, 2026, 09:00:00";"52";"7.67";"0.17";"9.38";"11.24"
"Farmwell Station MS";"Aug 25, 2026, 08:00:00";"40";"11";"0.13";"28.23";"7.67"
"Farmwell Station MS";"Aug 25, 2026, 07:00:00";"39";"5.69";"0.04";"27.43";"6.37"
"Farmwell Station MS";"Aug 25, 2026, 06:00:00";"42";"5.74";"0.02";"26.85";"7.01"
"Farmwell Station MS";"Aug 25, 2026, 05:00:00";"44";"4.94";"0.01";"24.83";"7.11"
"Farmwell Station MS";"Aug 25, 2026, 04:00:00";"48";"5.77";"0.02";"24.75";"7.13"
"Farmwell Station MS";"Aug 25, 2026, 03:00:00";"54";"5.8";"0.04";"24.19";"9.29"
"Farmwell Station MS";"Aug 25, 2026, 02:00:00";"56";"7.26";"0.07";"19.68";"10.35"
"Farmwell Station MS";"Aug 25, 2026, 01:00:00";"57";"7.8";"0.09";"15.03";"11.44"
"Farmwell Station MS";"Aug 25, 2026, 00:00:00";"58";"8.52";"0.12";"9.94";"12.28"
"Farmwell Station MS";"Aug 24, 2026, 23:00:00";"59";"8.73";"0.12";"7.5";"12.6"
"Farmwell Station MS";"Aug 24, 2026, 22:00:00";"60";"9.61";"0.13";"10.16";"13.35"
"Farmwell Station MS";"Aug 24, 2026, 21:00:00";"60";"9.25";"0.14";"5.68";"15.07"
"Farmwell Station MS";"Aug 24, 2026, 20:00:00";"59";"7.82";"0.13";"0";"14.37"
"Farmwell Station MS";"Aug 24, 2026, 19:00:00";"56";"5.82";"0.11";"0";"12.45"
"Farmwell Station MS";"Aug 24, 2026, 18:00:00";"54";"5.76";"0.13";"0";"10.6"
"Farmwell Station MS";"Aug 24, 2026, 17:00:00";"54";"5.6";"0.14";"0";"10.35"
"Farmwell Station MS";"Aug 24, 2026, 16:00:00";"55";"5.82";"0.13";"0";"11.36"
"Farmwell Station MS";"Aug 24, 2026, 15:00:00";"55";"0.24";"0.15";"0";"11.1"
"Farmwell Station MS";"Aug 24, 2026, 14:00:00";"54";"4.52";"0.13";"0";"11.66"
"Farmwell Station MS";"Aug 24, 2026, 13:00:00";"52";"2.33";"0.11";"0";"10.03"
"Farmwell Station MS";"Aug 24, 2026, 12:00:00";"49";"0.08";"0.11";"0";"10.1"
"Farmwell Station MS";"Aug 24, 2026, 11:00:00";"40";"0";"0.12";"0";"8.11"
"Farmwell Station MS";"Aug 24, 2026, 10:00:00";"36";"1.58";"0.14";"0";"7.98"
"Farmwell Station MS";"Aug 24, 2026, 09:00:00";"28";"5.26";"0.11";"3.51";"5.53"
"Farmwell Station MS";"Aug 24, 2026, 08:00:00";"27";"5.17";"0.07";"16.69";"4.73"
"Farmwell Station MS";"Aug 24, 2026, 07:00:00";"27";"4.52";"0.05";"20.61";"4.93"
"Farmwell Station MS";"Aug 24, 2026, 06:00:00";"27";"5.89";"0.06";"24.35";"4.62"
"Farmwell Station MS";"Aug 24, 2026, 05:00:00";"27";"6.63";"0.04";"25.85";"4.23"
"Farmwell Station MS";"Aug 24, 2026, 04:00:00";"29";"6.79";"0.04";"20.63";"4.76"
"Farmwell Station MS";"Aug 24, 2026, 03:00:00";"30";"6.6";"0.04";"19.13";"4.85"
"Farmwell Station MS";"Aug 24, 2026, 02:00:00";"32";"5.94";"0.05";"9.41";"5.42"
"Farmwell Station MS";"Aug 24, 2026, 01:00:00";"32";"6.64";"0.07";"6.9";"5.49"
"Farmwell Station MS";"Aug 24, 2026, 00:00:00";"32";"7.39";"0.08";"4.22";"5.6"
"Farmwell Station MS";"Aug 23, 2026, 23:00:00";"32";"7.94";"0.09";"3.94";"5.46"
"Farmwell Station MS";"Aug 23, 2026, 22:00:00";"34";"9.03";"0.12";"2.52";"5.84"
"Farmwell Station MS";"Aug 23, 2026, 21:00:00";"34";"9.67";"0.12";"0.89";"6.28"
"Farmwell Station MS";"Aug 23, 2026, 20:00:00";"34";"9.11";"0.12";"0";"6.32"
"Farmwell Station MS";"Aug 23, 2026, 19:00:00";"32";"8.89";"0.11";"0";"5.54"
"Farmwell Station MS";"Aug 23, 2026, 18:00:00";"33";"7.04";"0.1";"0";"5.38"
"Farmwell Station MS";"Aug 23, 2026, 17:00:00";"35";"6.24";"0.09";"0";"5.62"
"Farmwell Station MS";"Aug 23, 2026, 16:00:00";"39";"4.79";"0.09";"0";"6.27"
"Farmwell Station MS";"Aug 23, 2026, 15:00:00";"44";"3.26";"0.08";"0";"7.22"
"Farmwell Station MS";"Aug 23, 2026, 14:00:00";"48";"1.07";"0.1";"0";"8.77"
"Farmwell Station MS";"Aug 23, 2026, 13:00:00";"47";"0.36";"0.09";"0";"8.82"
"Farmwell Station MS";"Aug 23, 2026, 12:00:00";"45";"0.19";"0.09";"0";"8.9"
"Farmwell Station MS";"Aug 23, 2026, 11:00:00";"40";"0.2";"0.08";"0";"9.11"
"Farmwell Station MS";"Aug 23, 2026, 10:00:00";"28";"0.07";"0.09";"0";"6.05"
"Farmwell Station MS";"Aug 23, 2026, 09:00:00";"22";"3.15";"0.08";"21.16";"3.74"
"Farmwell Station MS";"Aug 23, 2026, 08:00:00";"4";"4.8";"0.05";"65.43";"3.42"
"Farmwell Station MS";"Aug 23, 2026, 07:00:00";"3";"3.97";"0.04";"59.58";"0"
"Farmwell Station MS";"Aug 23, 2026, 06:00:00";"35";"4.21";"0.03";"57.32";"0"
"Farmwell Station MS";"Aug 23, 2026, 05:00:00";"35";"5.97";"0.03";"58.03";"6.77"
"Farmwell Station MS";"Aug 23, 2026, 04:00:00";"32";"5.75";"0.04";"58.82";"6.82"
"Farmwell Station MS";"Aug 23, 2026, 03:00:00";"25";"8.06";"0.05";"60.4";"5.15"
"Farmwell Station MS";"Aug 23, 2026, 02:00:00";"21";"8.43";"0.04";"55.1";"4.11"
"Farmwell Station MS";"Aug 23, 2026, 01:00:00";"19";"9.53";"0.04";"45.62";"3.15"
"Farmwell Station MS";"Aug 23, 2026, 00:00:00";"21";"9.44";"0.08";"41.6";"3.66"
"Farmwell Station MS";"Aug 22, 2026, 23:00:00";"21";"11.57";"0.11";"31.58";"4.53"
"Farmwell Station MS";"Aug 22, 2026, 22:00:00";"17";"11.31";"0.1";"0.62";"2.83"
"Farmwell Station MS";"Aug 22, 2026, 21:00:00";"18";"10.81";"0.11";"0";"2.73"
"Farmwell Station MS";"Aug 22, 2026, 20:00:00";"22";"10.42";"0.12";"0";"3.25"
"Farmwell Station MS";"Aug 22, 2026, 19:00:00";"24";"10.05";"0.12";"0";"3.94"
"Farmwell Station MS";"Aug 22, 2026, 18:00:00";"27";"9.34";"0.12";"0";"4.37"
"Farmwell Station MS";"Aug 22, 2026, 17:00:00";"29";"8.03";"0.13";"0";"4.76"
"Farmwell Station MS";"Aug 22, 2026, 16:00:00";"32";"7.36";"0.12";"0";"4.97"
"Farmwell Station MS";"Aug 22, 2026, 15:00:00";"36";"6.63";"0.13";"0";"5.92"
"Farmwell Station MS";"Aug 22, 2026, 14:00:00";"38";"8.43";"0.13";"0";"6.34"
"Farmwell Station MS";"Aug 22, 2026, 13:00:00";"39";"8.1";"0.12";"0";"6.4"
"Farmwell Station MS";"Aug 22, 2026, 12:00:00";"40";"8.33";"0.1";"0";"6.87"
"Farmwell Station MS";"Aug 22, 2026, 11:00:00";"41";"5.88";"0.12";"0";"6.32"
"Farmwell Station MS";"Aug 22, 2026, 10:00:00";"44";"4.37";"0.16";"6.92";"6.96"
"Farmwell Station MS";"Aug 22, 2026, 09:00:00";"47";"3.87";"0.16";"28.06";"8.95"
"Farmwell Station MS";"Aug 22, 2026, 08:00:00";"45";"4.78";"0.15";"34.42";"8.16"
"Farmwell Station MS";"Aug 22, 2026, 07:00:00";"44";"4.36";"0.14";"35.17";"8.02"
"Farmwell Station MS";"Aug 22, 2026, 06:00:00";"44";"4.45";"0.13";"35.07";"7.34"
"Farmwell Station MS";"Aug 22, 2026, 05:00:00";"48";"5.33";"0.13";"33.34";"8.15"
"Farmwell Station MS";"Aug 22, 2026, 04:00:00";"50";"5.18";"0.12";"34.22";"8.34"
"Farmwell Station MS";"Aug 22, 2026, 03:00:00";"52";"6.19";"0.12";"29.99";"9.03"
"Farmwell Station MS";"Aug 22, 2026, 02:00:00";"53";"7.53";"0.13";"23.35";"9.4"
"Farmwell Station MS";"Aug 22, 2026, 01:00:00";"54";"8.22";"0.14";"21.93";"9.25"
"Farmwell Station MS";"Aug 22, 2026, 00:00:00";"55";"7.97";"0.15";"17.37";"9.7"
"Farmwell Station MS";"Aug 21, 2026, 23:00:00";"57";"9.14";"0.15";"7.88";"10.07"
"Farmwell Station MS";"Aug 21, 2026, 22:00:00";"58";"10.88";"0.15";"10.7";"11.83"
"Farmwell Station MS";"Aug 21, 2026, 21:00:00";"59";"9.06";"0.13";"7.98";"14.07"
"Farmwell Station MS";"Aug 21, 2026, 20:00:00";"58";"8.7";"0.12";"0.84";"13.16"
"Farmwell Station MS";"Aug 21, 2026, 19:00:00";"58";"9.47";"0.11";"0";"12.88"
"Farmwell Station MS";"Aug 21, 2026, 18:00:00";"58";"9.94";"0.12";"0";"12.58"
"Farmwell Station MS";"Aug 21, 2026, 17:00:00";"58";"9.35";"0.13";"0";"12.71"
"Farmwell Station MS";"Aug 21, 2026, 16:00:00";"58";"6.63";"0.12";"0";"12.94"
"Farmwell Station MS";"Aug 21, 2026, 15:00:00";"58";"3.65";"0.1";"0";"13.27"
"Farmwell Station MS";"Aug 21, 2026, 14:00:00";"57";"1.24";"0.11";"0";"12.38"
"Farmwell Station MS";"Aug 21, 2026, 13:00:00";"55";"1.14";"0.09";"0.37";"11.96"
"Farmwell Station MS";"Aug 21, 2026, 12:00:00";"54";"0.97";"0.09";"3.59";"11.51"
"Farmwell Station MS";"Aug 21, 2026, 11:00:00";"52";"2.11";"0.1";"0";"11.03"
"Farmwell Station MS";"Aug 21, 2026, 10:00:00";"46";"5.16";"0.08";"0.21";"8.49"
"Farmwell Station MS";"Aug 21, 2026, 09:00:00";"44";"7.17";"0.09";"28.26";"8.68"
"Farmwell Station MS";"Aug 21, 2026, 08:00:00";"40";"7.15";"0.08";"51.31";"7.8"
"Farmwell Station MS";"Aug 21, 2026, 07:00:00";"37";"7.33";"0.06";"50.7";"6.54"
"Farmwell Station MS";"Aug 21, 2026, 06:00:00";"37";"6.11";"0.04";"48.63";"7.31"
"Farmwell Station MS";"Aug 21, 2026, 05:00:00";"34";"7.14";"0.03";"46.54";"5.99"
"Farmwell Station MS";"Aug 21, 2026, 04:00:00";"34";"6.54";"0.03";"41.66";"6.36"
"Farmwell Station MS";"Aug 21, 2026, 03:00:00";"33";"6.97";"0.04";"33.72";"6.56"
"Farmwell Station MS";"Aug 21, 2026, 02:00:00";"29";"7.75";"0.04";"26.42";"5.82"
"Farmwell Station MS";"Aug 21, 2026, 01:00:00";"26";"9.23";"0.05";"20.36";"5.76"
"Farmwell Station MS";"Aug 21, 2026, 00:00:00";"20";"9.47";"0.05";"13.44";"4.63"
"Farmwell Station MS";"Aug 20, 2026, 23:00:00";"14";"9.75";"0.04";"8.81";"2.8"
"Farmwell Station MS";"Aug 20, 2026, 22:00:00";"12";"10.21";"0.03";"2.36";"1.88"
"Farmwell Station MS";"Aug 20, 2026, 21:00:00";"12";"9.66";"0.03";"0";"1.47"
"Farmwell Station MS";"Aug 20, 2026, 20:00:00";"16";"8.75";"0.05";"0";"1.48"
"Farmwell Station MS";"Aug 20, 2026, 19:00:00";"24";"6.54";"0.11";"0";"3.03"
"Farmwell Station MS";"Aug 20, 2026, 18:00:00";"30";"2.11";"0.12";"0";"4.09"
"Farmwell Station MS";"Aug 20, 2026, 17:00:00";"38";"8.96";"0.15";"0";"4.36"
"Farmwell Station MS";"Aug 20, 2026, 16:00:00";"50";"9.09";"0.1";"0";"5.94"
"Farmwell Station MS";"Aug 20, 2026, 15:00:00";"57";"2.28";"0.19";"0";"12.33"
"Farmwell Station MS";"Aug 20, 2026, 14:00:00";"57";"0.55";"0.18";"0";"12.6"
"Farmwell Station MS";"Aug 20, 2026, 13:00:00";"56";"3.98";"0.29";"0";"13.18"
"Farmwell Station MS";"Aug 20, 2026, 12:00:00";"53";"7.61";"0.31";"0";"12.27"
"Farmwell Station MS";"Aug 20, 2026, 11:00:00";"44";"6.79";"0.28";"0";"8.97"
"Farmwell Station MS";"Aug 20, 2026, 10:00:00";"42";"5.24";"0.26";"0";"6.84"
"Farmwell Station MS";"Aug 20, 2026, 09:00:00";"42";"5.25";"0.21";"9.21";"6.76"
"Farmwell Station MS";"Aug 20, 2026, 08:00:00";"44";"6.92";"0.18";"33.94";"7.33"
"Farmwell Station MS";"Aug 20, 2026, 07:00:00";"45";"6.84";"0.16";"40.57";"8.93"
"Farmwell Station MS";"Aug 20, 2026, 06:00:00";"43";"3.81";"0.14";"21.58";"8.91"
"Farmwell Station MS";"Aug 20, 2026, 05:00:00";"41";"3.65";"0.14";"11.93";"7.15"
"Farmwell Station MS";"Aug 20, 2026, 04:00:00";"41";"4.34";"0.15";"5.37";"7.39"
"Farmwell Station MS";"Aug 20, 2026, 03:00:00";"40";"3.09";"0.15";"9.98";"6.89"
"Farmwell Station MS";"Aug 20, 2026, 02:00:00";"42";"5.99";"0.18";"14.06";"6.84"
"Farmwell Station MS";"Aug 20, 2026, 01:00:00";"45";"5.94";"0.19";"2.56";"8.08"
"Farmwell Station MS";"Aug 20, 2026, 00:00:00";"45";"8.55";"0.24";"0";"8.69"
"Farmwell Station MS";"Aug 19, 2026, 23:00:00";"41";"7.52";"0.2";"0";"7.27"
"Farmwell Station MS";"Aug 19, 2026, 22:00:00";"42";"8.11";"0.21";"0";"7.52"
"Farmwell Station MS";"Aug 19, 2026, 21:00:00";"40";"8.6";"0.22";"0";"7.53"
"Farmwell Station MS";"Aug 19, 2026, 20:00:00";"39";"7.23";"0.2";"0";"7.54"
"Farmwell Station MS";"Aug 19, 2026, 19:00:00";"37";"5.54";"0.2";"0";"7.24"
"Farmwell Station MS";"Aug 19, 2026, 18:00:00";"34";"6.08";"0.2";"0";"6.57"
"Farmwell Station MS";"Aug 19, 2026, 17:00:00";"30";"5.06";"0.21";"0";"5.88"
"Farmwell Station MS";"Aug 19, 2026, 16:00:00";"28";"9.55";"0.19";"0";"5.54"
"Farmwell Station MS";"Aug 19, 2026, 15:00:00";"27";"3.39";"0.21";"0";"5.24"
"Farmwell Station MS";"Aug 19, 2026, 14:00:00";"24";"2.56";"0.18";"0";"4.6"
"Farmwell Station MS";"Aug 19, 2026, 13:00:00";"23";"1.18";"0.16";"0";"4.35"
"Farmwell Station MS";"Aug 19, 2026, 12:00:00";"23";"0.48";"0.13";"0";"3.87"
"Farmwell Station MS";"Aug 19, 2026, 11:00:00";"23";"0";"0.16";"0.09";"4.02"
"Farmwell Station MS";"Aug 19, 2026, 10:00:00";"24";"0.61";"0.19";"0.71";"4.42"
"Farmwell Station MS";"Aug 19, 2026, 09:00:00";"24";"5.81";"0.2";"3.23";"3.97"
"Farmwell Station MS";"Aug 19, 2026, 08:00:00";"26";"9.27";"0.15";"48";"3.4"
"Farmwell Station MS";"Aug 19, 2026, 07:00:00";"33";"10.6";"0.12";"53.8";"5.93"
"Farmwell Station MS";"Aug 19, 2026, 06:00:00";"33";"5.68";"0.08";"43.36";"5.97"
"Farmwell Station MS";"Aug 19, 2026, 05:00:00";"33";"4.27";"0.07";"34.17";"5.82"
"Farmwell Station MS";"Aug 19, 2026, 04:00:00";"34";"4.99";"0.08";"22.86";"5.48"
"Farmwell Station MS";"Aug 19, 2026, 03:00:00";"37";"5.8";"0.1";"18.4";"5.03"
"Farmwell Station MS";"Aug 19, 2026, 02:00:00";"43";"6.69";"0.12";"25.17";"7.1"
"Farmwell Station MS";"Aug 19, 2026, 01:00:00";"44";"7.85";"0.15";"25.17";"8.36"
"Farmwell Station MS";"Aug 19, 2026, 00:00:00";"43";"7.87";"0.14";"14.02";"8.77"
"Farmwell Station MS";"Aug 18, 2026, 23:00:00";"39";"8.26";"0.17";"0";"7.8"
"Farmwell Station MS";"Aug 18, 2026, 22:00:00";"36";"9.78";"0.21";"0";"6.69"
"Farmwell Station MS";"Aug 18, 2026, 21:00:00";"35";"8.98";"0.17";"0";"6.32"
"Farmwell Station MS";"Aug 18, 2026, 20:00:00";"34";"8.07";"0.17";"0";"6.16"
"Farmwell Station MS";"Aug 18, 2026, 19:00:00";"34";"6.01";"0.17";"0";"6.19"
"Farmwell Station MS";"Aug 18, 2026, 18:00:00";"34";"6.41";"0.17";"0";"6.17"
"Farmwell Station MS";"Aug 18, 2026, 17:00:00";"35";"5.76";"0.15";"0";"5.61"
"Farmwell Station MS";"Aug 18, 2026, 16:00:00";"37";"1.93";"0.15";"0";"5.32"
"Farmwell Station MS";"Aug 18, 2026, 15:00:00";"43";"3.82";"0.14";"0";"6.63"
"Farmwell Station MS";"Aug 18, 2026, 14:00:00";"46";"0.07";"0.17";"0";"7.68"
"Farmwell Station MS";"Aug 18, 2026, 13:00:00";"47";"0";"0.18";"0";"8.99"
"Farmwell Station MS";"Aug 18, 2026, 12:00:00";"46";"0.32";"0.16";"0";"8.13"
"Farmwell Station MS";"Aug 18, 2026, 11:00:00";"47";"0.16";"0.18";"0";"8.35"
"Farmwell Station MS";"Aug 18, 2026, 10:00:00";"45";"0.42";"0.16";"0";"7.86"
"Farmwell Station MS";"Aug 18, 2026, 09:00:00";"45";"0.53";"0.16";"0";"7.83"
"Farmwell Station MS";"Aug 18, 2026, 08:00:00";"46";"3.21";"0.13";"42.6";"7.58"
"Farmwell Station MS";"Aug 18, 2026, 07:00:00";"50";"3.52";"0.11";"72.95";"8.99"
"Farmwell Station MS";"Aug 18, 2026, 06:00:00";"50";"3.07";"0.1";"72.63";"8.82"
"Farmwell Station MS";"Aug 18, 2026, 05:00:00";"51";"1.87";"0.09";"66.28";"9.51"
"Farmwell Station MS";"Aug 18, 2026, 04:00:00";"49";"2.73";"0.09";"65.38";"8.7"
"Farmwell Station MS";"Aug 18, 2026, 03:00:00";"49";"1.92";"0.09";"59.08";"9.18"
"Farmwell Station MS";"Aug 18, 2026, 02:00:00";"48";"3.07";"0.11";"69.94";"8.4"
"Farmwell Station MS";"Aug 18, 2026, 01:00:00";"49";"2.66";"0.11";"61.04";"9.98"
"Farmwell Station MS";"Aug 18, 2026, 00:00:00";"42";"6.25";"0.13";"52.86";"8.89"
"Farmwell Station MS";"Aug 17, 2026, 23:00:00";"33";"6.78";"0.14";"26.92";"6.88"
"Farmwell Station MS";"Aug 17, 2026, 22:00:00";"28";"7.01";"0.14";"0.65";"5.38"
"Farmwell Station MS";"Aug 17, 2026, 21:00:00";"27";"7.59";"0.14";"0";"4.64"
"Farmwell Station MS";"Aug 17, 2026, 20:00:00";"28";"9.03";"0.15";"0";"4.27"
"Farmwell Station MS";"Aug 17, 2026, 19:00:00";"30";"12.84";"0.14";"0";"4.13"
"Farmwell Station MS";"Aug 17, 2026, 18:00:00";"36";"7.24";"0.17";"0";"7.22"
"Farmwell Station MS";"Aug 17, 2026, 17:00:00";"33";"5.66";"0.17";"0";"5.82"
"Farmwell Station MS";"Aug 17, 2026, 16:00:00";"34";"3.84";"0.19";"0";"6.2"
"Farmwell Station MS";"Aug 17, 2026, 15:00:00";"33";"1.92";"0.19";"0";"6.36"
"Farmwell Station MS";"Aug 17, 2026, 14:00:00";"32";"0.56";"0.19";"0";"5.63"
"Farmwell Station MS";"Aug 17, 2026, 13:00:00";"32";"0.76";"0.16";"0";"5.67"
"Farmwell Station MS";"Aug 17, 2026, 12:00:00";"33";"0.73";"0.14";"0";"5.96"
"Farmwell Station MS";"Aug 17, 2026, 11:00:00";"33";"0.27";"0.12";"0";"6.04"
"Farmwell Station MS";"Aug 17, 2026, 10:00:00";"32";"0";"0.13";"0";"5.88"
"Farmwell Station MS";"Aug 17, 2026, 09:00:00";"31";"0.58";"0.11";"8.6";"4.65"
"Farmwell Station MS";"Aug 17, 2026, 08:00:00";"36";"3.18";"0.09";"72.07";"5.26"
"Farmwell Station MS";"Aug 17, 2026, 07:00:00";"43";"2.44";"0.06";"94.44";"7.13"
"Farmwell Station MS";"Aug 17, 2026, 06:00:00";"45";"2.42";"0.05";"89.21";"7.98"
"Farmwell Station MS";"Aug 17, 2026, 05:00:00";"47";"1.8";"0.05";"85.6";"6.99"
"Farmwell Station MS";"Aug 17, 2026, 04:00:00";"53";"1.51";"0.06";"96.16";"7.83"
"Farmwell Station MS";"Aug 17, 2026, 03:00:00";"56";"1.67";"0.08";"103.83";"10.17"
"Farmwell Station MS";"Aug 17, 2026, 02:00:00";"59";"6.58";"0.09";"103.25";"10.61"
"Farmwell Station MS";"Aug 17, 2026, 01:00:00";"63";"7.72";"0.1";"96.55";"11.68"
"Farmwell Station MS";"Aug 17, 2026, 00:00:00";"70";"2.73";"0.14";"98.42";"23.14"
"Farmwell Station MS";"Aug 16, 2026, 23:00:00";"63";"4.66";"0.14";"96.45";"19.09"
"Farmwell Station MS";"Aug 16, 2026, 22:00:00";"56";"8.93";"0.14";"94.21";"14.38"
"Farmwell Station MS";"Aug 16, 2026, 21:00:00";"50";"9.12";"0.08";"66.57";"6.7"
"Farmwell Station MS";"Aug 16, 2026, 20:00:00";"56";"7.76";"0.12";"62.07";"8.39"
"Farmwell Station MS";"Aug 16, 2026, 19:00:00";"60";"7.83";"0.16";"33.86";"15.67"
"Farmwell Station MS";"Aug 16, 2026, 18:00:00";"58";"4.48";"0.17";"0";"12.18"
"Farmwell Station MS";"Aug 16, 2026, 17:00:00";"59";"6.56";"0.16";"25.07";"12.21"
"Farmwell Station MS";"Aug 16, 2026, 16:00:00";"59";"7.48";"0.15";"44.8";"13.11"
"Farmwell Station MS";"Aug 16, 2026, 15:00:00";"59";"6.89";"0.16";"51.25";"12.05"
"Farmwell Station MS";"Aug 16, 2026, 14:00:00";"60";"7.53";"0.16";"40.18";"13.06"
"Farmwell Station MS";"Aug 16, 2026, 13:00:00";"60";"7.16";"0.14";"39.25";"13.81"
"Farmwell Station MS";"Aug 16, 2026, 12:00:00";"60";"8.23";"0.15";"31.34";"13.06"
"Farmwell Station MS";"Aug 16, 2026, 11:00:00";"61";"8.15";"0.14";"10.16";"13.55"
"Farmwell Station MS";"Aug 16, 2026, 10:00:00";"61";"6.79";"0.15";"3.13";"13.43"
"Farmwell Station MS";"Aug 16, 2026, 09:00:00";"62";"6.44";"0.17";"2.19";"14.16"
"Farmwell Station MS";"Aug 16, 2026, 08:00:00";"62";"7.38";"0.17";"12.11";"13.49"
"Farmwell Station MS";"Aug 16, 2026, 07:00:00";"62";"6.14";"0.18";"10.64";"14.18"
"Farmwell Station MS";"Aug 16, 2026, 06:00:00";"62";"5.92";"0.19";"0.3";"14.85"
"Farmwell Station MS";"Aug 16, 2026, 05:00:00";"62";"6.47";"0.19";"0";"14.89"
"Farmwell Station MS";"Aug 16, 2026, 04:00:00";"62";"7.3";"0.21";"0";"14.78"
"Farmwell Station MS";"Aug 16, 2026, 03:00:00";"62";"8.59";"0.21";"0";"15.5"
"Farmwell Station MS";"Aug 16, 2026, 02:00:00";"62";"9.57";"0.19";"0";"14.43"
"Farmwell Station MS";"Aug 16, 2026, 01:00:00";"62";"8.56";"0.19";"0";"14.45"
"Farmwell Station MS";"Aug 16, 2026, 00:00:00";"62";"8.28";"0.21";"0";"15.2"
"Farmwell Station MS";"Aug 15, 2026, 23:00:00";"62";"8.11";"0.22";"0";"15.3"
"Farmwell Station MS";"Aug 15, 2026, 22:00:00";"62";"8.84";"0.25";"0";"15.47"
"Farmwell Station MS";"Aug 15, 2026, 21:00:00";"61";"7.89";"0.21";"0";"14.03"
"Farmwell Station MS";"Aug 15, 2026, 20:00:00";"62";"8.81";"0.2";"0";"14.56"
"Farmwell Station MS";"Aug 15, 2026, 19:00:00";"62";"6.67";"0.2";"0";"15.63"
"Farmwell Station MS";"Aug 15, 2026, 18:00:00";"62";"7.39";"0.21";"0";"15.34"
"Farmwell Station MS";"Aug 15, 2026, 17:00:00";"61";"8.33";"0.21";"0";"14.88"
"Farmwell Station MS";"Aug 15, 2026, 16:00:00";"60";"5.88";"0.23";"0";"14.27"
"Farmwell Station MS";"Aug 15, 2026, 15:00:00";"60";"6.03";"0.2";"0";"14.59"
"Farmwell Station MS";"Aug 15, 2026, 14:00:00";"58";"5.38";"0.18";"0";"13.18"
"Farmwell Station MS";"Aug 15, 2026, 13:00:00";"58";"1.08";"0.17";"0";"12.06"
"Farmwell Station MS";"Aug 15, 2026, 12:00:00";"59";"0";"0.15";"0";"11.36"
"Farmwell Station MS";"Aug 15, 2026, 11:00:00";"61";"0";"0.14";"0";"12.66"
"Farmwell Station MS";"Aug 15, 2026, 10:00:00";"62";"0.12";"0.15";"0";"13.71"
"Farmwell Station MS";"Aug 15, 2026, 09:00:00";"63";"2.51";"0.15";"1.57";"13.94"
"Farmwell Station MS";"Aug 15, 2026, 08:00:00";"65";"4.99";"0.14";"47.29";"14.69"
"Farmwell Station MS";"Aug 15, 2026, 07:00:00";"66";"3.69";"0.12";"62.59";"18.05"
"Farmwell Station MS";"Aug 15, 2026, 06:00:00";"65";"3.98";"0.12";"62.07";"17.94"
"Farmwell Station MS";"Aug 15, 2026, 05:00:00";"63";"3.19";"0.12";"51.6";"17.94"
"Farmwell Station MS";"Aug 15, 2026, 04:00:00";"62";"4.31";"0.12";"38.37";"15.82"
"Farmwell Station MS";"Aug 15, 2026, 03:00:00";"61";"3.03";"0.12";"20.49";"14.86"
"Farmwell Station MS";"Aug 15, 2026, 02:00:00";"60";"3.58";"0.13";"8.21";"13.61"
"Farmwell Station MS";"Aug 15, 2026, 01:00:00";"60";"4.75";"0.16";"0";"13.14"
"Farmwell Station MS";"Aug 15, 2026, 00:00:00";"61";"5.4";"0.17";"0";"13.35"
"Farmwell Station MS";"Aug 14, 2026, 23:00:00";"63";"5.94";"0.19";"0";"14.1"
"Farmwell Station MS";"Aug 14, 2026, 22:00:00";"64";"5.67";"0.19";"0";"14.01"
"Farmwell Station MS";"Aug 14, 2026, 21:00:00";"67";"6.86";"0.2";"0";"15.98"
"Farmwell Station MS";"Aug 14, 2026, 20:00:00";"68";"7.21";"0.19";"0";"17.43"
"Farmwell Station MS";"Aug 14, 2026, 19:00:00";"68";"7.31";"0.16";"0";"17.19"
"Farmwell Station MS";"Aug 14, 2026, 18:00:00";"68";"5.87";"0.14";"0";"16.6"
"Farmwell Station MS";"Aug 14, 2026, 17:00:00";"71";"2.82";"0.14";"0";"18.27"
"Farmwell Station MS";"Aug 14, 2026, 16:00:00";"72";"0.71";"0.2";"0";"21.64"
"Farmwell Station MS";"Aug 14, 2026, 15:00:00";"70";"3.45";"0.2";"0";"19.47"
"Farmwell Station MS";"Aug 14, 2026, 14:00:00";"70";"6.56";"0.18";"0";"19.27"
"Farmwell Station MS";"Aug 14, 2026, 13:00:00";"69";"6.14";"0.19";"0";"19.3"
"Farmwell Station MS";"Aug 14, 2026, 12:00:00";"68";"5.1";"0.2";"0";"18.99"
"Farmwell Station MS";"Aug 14, 2026, 11:00:00";"65";"2.75";"0.18";"0";"17.56"
"Farmwell Station MS";"Aug 14, 2026, 10:00:00";"63";"3.4";"0.18";"0";"16.94"
"Farmwell Station MS";"Aug 14, 2026, 09:00:00";"61";"3.02";"0.17";"0";"15.51"
"Farmwell Station MS";"Aug 14, 2026, 08:00:00";"59";"4.52";"0.16";"1.24";"14.49"
"Farmwell Station MS";"Aug 14, 2026, 07:00:00";"57";"6.08";"0.17";"15.72";"12.98"
"Farmwell Station MS";"Aug 14, 2026, 06:00:00";"55";"3.91";"0.15";"27.56";"12.23"
"Farmwell Station MS";"Aug 14, 2026, 05:00:00";"55";"4.52";"0.15";"5.47";"12.52"
"Farmwell Station MS";"Aug 14, 2026, 04:00:00";"53";"3.96";"0.14";"0";"11.53"
"Farmwell Station MS";"Aug 14, 2026, 03:00:00";"52";"4.73";"0.15";"0";"9.83"
"Farmwell Station MS";"Aug 14, 2026, 02:00:00";"52";"4.22";"0.19";"0";"9.8"
"Farmwell Station MS";"Aug 14, 2026, 01:00:00";"52";"5.8";"0.2";"0";"9.47"
"Farmwell Station MS";"Aug 14, 2026, 00:00:00";"52";"6.35";"0.22";"0";"9.52"
"Farmwell Station MS";"Aug 13, 2026, 23:00:00";"52";"7.27";"0.23";"0";"9.34"
"Farmwell Station MS";"Aug 13, 2026, 22:00:00";"52";"8.14";"0.24";"0";"9.27"
"Farmwell Station MS";"Aug 13, 2026, 21:00:00";"52";"8.25";"0.24";"0";"9.12"
"Farmwell Station MS";"Aug 13, 2026, 20:00:00";"53";"7.07";"0.22";"0";"9.91"
"Farmwell Station MS";"Aug 13, 2026, 19:00:00";"52";"7.33";"0.23";"0";"10.09"
"Farmwell Station MS";"Aug 13, 2026, 18:00:00";"52";"9.24";"0.23";"0";"9.97"
"Farmwell Station MS";"Aug 13, 2026, 17:00:00";"51";"8.5";"0.24";"0";"8.91"
"Farmwell Station MS";"Aug 13, 2026, 16:00:00";"52";"3.48";"0.23";"0";"8.43"
"Farmwell Station MS";"Aug 13, 2026, 15:00:00";"53";"2.5";"0.23";"0";"8.68"
"Farmwell Station MS";"Aug 13, 2026, 14:00:00";"54";"0.66";"0.24";"0";"10.07"
"Farmwell Station MS";"Aug 13, 2026, 13:00:00";"55";"2.38";"0.2";"0";"11.05"
"Farmwell Station MS";"Aug 13, 2026, 12:00:00";"55";"0.78";"0.17";"0";"10.7"
"Farmwell Station MS";"Aug 13, 2026, 11:00:00";"55";"1.63";"0.16";"0";"11.28"
"Farmwell Station MS";"Aug 13, 2026, 10:00:00";"54";"2.01";"0.16";"0";"12.14"
"Farmwell Station MS";"Aug 13, 2026, 09:00:00";"52";"3.97";"0.17";"0";"10.25"
"Farmwell Station MS";"Aug 13, 2026, 08:00:00";"47";"8.04";"0.14";"0";"8.3"
"Farmwell Station MS";"Aug 13, 2026, 07:00:00";"48";"6.89";"0.1";"0";"7.83"
"Farmwell Station MS";"Aug 13, 2026, 06:00:00";"52";"5.79";"0.1";"0";"7.85"
"Farmwell Station MS";"Aug 13, 2026, 05:00:00";"54";"5.3";"0.11";"0";"8.54"
"Farmwell Station MS";"Aug 13, 2026, 04:00:00";"58";"5.65";"0.16";"0";"11.4"
"Farmwell Station MS";"Aug 13, 2026, 03:00:00";"61";"6.43";"0.18";"0.26";"13.56"
"Farmwell Station MS";"Aug 13, 2026, 02:00:00";"62";"5.33";"0.18";"0";"14.08"
"Farmwell Station MS";"Aug 13, 2026, 01:00:00";"62";"6.42";"0.19";"0";"13.85"
"Farmwell Station MS";"Aug 13, 2026, 00:00:00";"64";"6.36";"0.19";"0";"14.26"
"Farmwell Station MS";"Aug 12, 2026, 23:00:00";"65";"6.59";"0.21";"0";"14.79"
"Farmwell Station MS";"Aug 12, 2026, 22:00:00";"67";"6.85";"0.23";"0";"15.17"
"Farmwell Station MS";"Aug 12, 2026, 21:00:00";"68";"7.58";"0.23";"0";"15.89"
"Farmwell Station MS";"Aug 12, 2026, 20:00:00";"70";"8.14";"0.22";"0";"17.44"
"Farmwell Station MS";"Aug 12, 2026, 19:00:00";"73";"5.37";"0.23";"0";"21.34"
"Farmwell Station MS";"Aug 12, 2026, 18:00:00";"72";"6.62";"0.23";"0";"20.28"
"Farmwell Station MS";"Aug 12, 2026, 17:00:00";"72";"6.58";"0.23";"0";"20.56"
"Farmwell Station MS";"Aug 12, 2026, 16:00:00";"71";"1.56";"0.25";"0";"20"
"Farmwell Station MS";"Aug 12, 2026, 15:00:00";"70";"0.98";"0.26";"0";"19.95"
"Farmwell Station MS";"Aug 12, 2026, 14:00:00";"68";"1.3";"0.22";"0";"18.89"
"Farmwell Station MS";"Aug 12, 2026, 13:00:00";"67";"1.31";"0.21";"0";"18.52"
"Farmwell Station MS";"Aug 12, 2026, 12:00:00";"65";"0.66";"0.21";"0";"17.72"
"Farmwell Station MS";"Aug 12, 2026, 11:00:00";"62";"2.7";"0.2";"0";"16.8"
"Farmwell Station MS";"Aug 12, 2026, 10:00:00";"57";"3.78";"0.18";"0";"14.38"
"Farmwell Station MS";"Aug 12, 2026, 09:00:00";"54";"5.84";"0.19";"0";"11.74"
"Farmwell Station MS";"Aug 12, 2026, 08:00:00";"53";"7.85";"0.16";"5.29";"10.42"
"Farmwell Station MS";"Aug 12, 2026, 07:00:00";"52";"7.92";"0.14";"18.34";"9.66"
"Farmwell Station MS";"Aug 12, 2026, 06:00:00";"51";"6.68";"0.12";"5.34";"9.15"
"Farmwell Station MS";"Aug 12, 2026, 05:00:00";"51";"6.75";"0.12";"0";"9.07"
"Farmwell Station MS";"Aug 12, 2026, 04:00:00";"52";"6.9";"0.12";"0";"9.5"
"Farmwell Station MS";"Aug 12, 2026, 03:00:00";"51";"7.1";"0.13";"0";"9.21"
"Farmwell Station MS";"Aug 12, 2026, 02:00:00";"50";"7.5";"0.13";"0";"8.24"
"Farmwell Station MS";"Aug 12, 2026, 01:00:00";"53";"7.3";"0.13";"0";"8.58"
"Farmwell Station MS";"Aug 12, 2026, 00:00:00";"55";"7.34";"0.14";"0";"9.65"
"Farmwell Station MS";"Aug 11, 2026, 23:00:00";"57";"9.02";"0.16";"0";"11.24"
"Farmwell Station MS";"Aug 11, 2026, 22:00:00";"60";"7.97";"0.17";"0";"12.37"
"Farmwell Station MS";"Aug 11, 2026, 21:00:00";"62";"8.87";"0.18";"0";"13.36"
"Farmwell Station MS";"Aug 11, 2026, 20:00:00";"63";"9.45";"0.17";"0";"14.97"
"Farmwell Station MS";"Aug 11, 2026, 19:00:00";"64";"8.21";"0.19";"0";"16.55"
"Farmwell Station MS";"Aug 11, 2026, 18:00:00";"63";"8.43";"0.18";"0";"14.07"
"Farmwell Station MS";"Aug 11, 2026, 17:00:00";"63";"6.51";"0.18";"0";"13.65"
"Farmwell Station MS";"Aug 11, 2026, 16:00:00";"67";"2.18";"0.23";"0";"15.65"
"Farmwell Station MS";"Aug 11, 2026, 15:00:00";"70";"0.31";"0.22";"0";"17.39"
"Farmwell Station MS";"Aug 11, 2026, 14:00:00";"72";"1.24";"0.22";"0";"19.86"
"Farmwell Station MS";"Aug 11, 2026, 13:00:00";"73";"2.83";"0.19";"0";"23.04"
"Farmwell Station MS";"Aug 11, 2026, 12:00:00";"69";"0.03";"0.22";"0";"21.66"
"Farmwell Station MS";"Aug 11, 2026, 11:00:00";"64";"0.38";"0.2";"0";"17.05"
"Farmwell Station MS";"Aug 11, 2026, 10:00:00";"62";"4.62";"0.22";"1.7";"14.91"
"Farmwell Station MS";"Aug 11, 2026, 09:00:00";"61";"8.89";"0.2";"40.59";"13.79"
"Farmwell Station MS";"Aug 11, 2026, 08:00:00";"63";"10.96";"0.19";"56.48";"17.39"
"Farmwell Station MS";"Aug 11, 2026, 07:00:00";"58";"8.45";"0.16";"46.59";"16.81"
"Farmwell Station MS";"Aug 11, 2026, 06:00:00";"48";"5.28";"0.13";"43.99";"10.9"
"Farmwell Station MS";"Aug 11, 2026, 05:00:00";"42";"2.76";"0.12";"60.84";"6.69"
"Farmwell Station MS";"Aug 11, 2026, 04:00:00";"43";"3.39";"0.12";"61.63";"6.71"
"Farmwell Station MS";"Aug 11, 2026, 03:00:00";"43";"3.32";"0.11";"57.07";"6.7"
"Farmwell Station MS";"Aug 11, 2026, 02:00:00";"49";"2.52";"0.11";"57.51";"8.96"
"Farmwell Station MS";"Aug 11, 2026, 01:00:00";"49";"2.98";"0.12";"57.79";"8.71"
"Farmwell Station MS";"Aug 11, 2026, 00:00:00";"49";"4.78";"0.13";"56.13";"8.88"
"Farmwell Station MS";"Aug 10, 2026, 23:00:00";"48";"6.23";"0.14";"54.81";"9.09"
"Farmwell Station MS";"Aug 10, 2026, 22:00:00";"44";"6.07";"0.14";"56.01";"7.48"
"Farmwell Station MS";"Aug 10, 2026, 21:00:00";"47";"6.07";"0.14";"47.27";"8.4"
"Farmwell Station MS";"Aug 10, 2026, 20:00:00";"47";"7.91";"0.16";"38.85";"7.83"
"Farmwell Station MS";"Aug 10, 2026, 19:00:00";"51";"9.66";"0.19";"37.65";"8.65"
"Farmwell Station MS";"Aug 10, 2026, 18:00:00";"52";"9.45";"0.19";"28.93";"8.15"
"Farmwell Station MS";"Aug 10, 2026, 17:00:00";"55";"11.92";"0.16";"2.63";"7.29"
"Farmwell Station MS";"Aug 10, 2026, 16:00:00";"63";"4.24";"0.23";"0";"12.98"
"Farmwell Station MS";"Aug 10, 2026, 15:00:00";"66";"1.72";"0.26";"0";"15.3"
"Farmwell Station MS";"Aug 10, 2026, 14:00:00";"68";"1.02";"0.26";"0";"17.2"
"Farmwell Station MS";"Aug 10, 2026, 13:00:00";"68";"2.3";"0.24";"0";"18.56"
"Farmwell Station MS";"Aug 10, 2026, 12:00:00";"67";"0.01";"0.21";"0";"14.97"
"Farmwell Station MS";"Aug 10, 2026, 11:00:00";"71";"0";"0.22";"0";"21.45"
"Farmwell Station MS";"Aug 10, 2026, 10:00:00";"68";"0";"0.26";"0";"22.49"
"Farmwell Station MS";"Aug 10, 2026, 09:00:00";"63";"0.73";"0.27";"0";"16.63"
"Farmwell Station MS";"Aug 10, 2026, 08:00:00";"62";"4.01";"0.25";"39.86";"13.74"
"Farmwell Station MS";"Aug 10, 2026, 07:00:00";"63";"3.59";"0.2";"63.53";"14.29"
"Farmwell Station MS";"Aug 10, 2026, 06:00:00";"64";"1.52";"0.19";"59.66";"15.66"
"Farmwell Station MS";"Aug 10, 2026, 05:00:00";"64";"2.23";"0.18";"56.04";"15.5"
"Farmwell Station MS";"Aug 10, 2026, 04:00:00";"64";"1.77";"0.18";"45.45";"15.57"
"Farmwell Station MS";"Aug 10, 2026, 03:00:00";"64";"2.05";"0.19";"31";"16.06"
"Farmwell Station MS";"Aug 10, 2026, 02:00:00";"63";"2.35";"0.21";"2.93";"15.36"
"Farmwell Station MS";"Aug 10, 2026, 01:00:00";"64";"2.5";"0.22";"0";"14.98"
"Farmwell Station MS";"Aug 10, 2026, 00:00:00";"64";"2.96";"0.24";"0";"15.03"
"Farmwell Station MS";"Aug 9, 2026, 23:00:00";"65";"3.63";"0.27";"0";"14.98"
"Farmwell Station MS";"Aug 9, 2026, 22:00:00";"65";"4.58";"0.29";"0";"16.35"
"Farmwell Station MS";"Aug 9, 2026, 21:00:00";"66";"5.29";"0.27";"0";"16.63"
"Farmwell Station MS";"Aug 9, 2026, 20:00:00";"67";"5.17";"0.26";"0";"17.92"
"Farmwell Station MS";"Aug 9, 2026, 19:00:00";"66";"3.4";"0.25";"0";"18.01"
"Farmwell Station MS";"Aug 9, 2026, 18:00:00";"64";"1.82";"0.27";"0";"16.4"
"Farmwell Station MS";"Aug 9, 2026, 17:00:00";"62";"3.65";"0.27";"0";"15.36"
"Farmwell Station MS";"Aug 9, 2026, 16:00:00";"61";"2.89";"0.25";"0";"13.5"
"Farmwell Station MS";"Aug 9, 2026, 15:00:00";"62";"2.16";"0.24";"0";"14.77"
"Farmwell Station MS";"Aug 9, 2026, 14:00:00";"63";"0.23";"0.25";"0";"15.56"
"Farmwell Station MS";"Aug 9, 2026, 13:00:00";"62";"1.02";"0.22";"0";"16.78"
"Farmwell Station MS";"Aug 9, 2026, 12:00:00";"59";"0";"0.21";"0";"14.46"
"Farmwell Station MS";"Aug 9, 2026, 11:00:00";"57";"0";"0.18";"0";"13.78"
"Farmwell Station MS";"Aug 9, 2026, 10:00:00";"53";"0";"0.18";"0";"12.27"
"Farmwell Station MS";"Aug 9, 2026, 09:00:00";"45";"0";"0.2";"0";"9.5"
"Farmwell Station MS";"Aug 9, 2026, 08:00:00";"42";"1.02";"0.19";"24.95";"7.28"
"Farmwell Station MS";"Aug 9, 2026, 07:00:00";"42";"1.6";"0.17";"47.29";"8.41"
"Farmwell Station MS";"Aug 9, 2026, 06:00:00";"40";"2.3";"0.17";"51.19";"7.25"
"Farmwell Station MS";"Aug 9, 2026, 05:00:00";"40";"0";"0";"0";"6.99"
"Farmwell Station MS";"Aug 9, 2026, 04:00:00";"41";"1.49";"0.15";"33.26";"7.66"
"Farmwell Station MS";"Aug 9, 2026, 03:00:00";"40";"2.75";"0.15";"16.7";"7.02"
"Farmwell Station MS";"Aug 9, 2026, 02:00:00";"41";"2.89";"0.17";"0";"7.05"
"Farmwell Station MS";"Aug 9, 2026, 01:00:00";"42";"3.6";"0.21";"0";"7.41"
"Farmwell Station MS";"Aug 9, 2026, 00:00:00";"42";"4.05";"0.23";"0";"6.99"
"Farmwell Station MS";"Aug 8, 2026, 23:00:00";"44";"4.38";"0.22";"0";"7.34"
"Farmwell Station MS";"Aug 8, 2026, 22:00:00";"47";"4.18";"0.22";"0";"7.88"
"Farmwell Station MS";"Aug 8, 2026, 21:00:00";"49";"4.54";"0.21";"0";"8.17"
"Farmwell Station MS";"Aug 8, 2026, 20:00:00";"52";"3.82";"0.22";"0";"8.43"
"Farmwell Station MS";"Aug 8, 2026, 19:00:00";"54";"2.09";"0.23";"0";"10.73"
"Farmwell Station MS";"Aug 8, 2026, 18:00:00";"54";"0.92";"0.25";"0";"10.24"
"Farmwell Station MS";"Aug 8, 2026, 17:00:00";"54";"4.91";"0.26";"0";"11.78"
"Farmwell Station MS";"Aug 8, 2026, 16:00:00";"52";"2.91";"0.26";"0";"10.95"
"Farmwell Station MS";"Aug 8, 2026, 15:00:00";"43";"0.02";"0.28";"0";"9.18"
"Farmwell Station MS";"Aug 8, 2026, 14:00:00";"34";"4.45";"0.24";"0";"6.2"
"Farmwell Station MS";"Aug 8, 2026, 13:00:00";"33";"2.93";"0.22";"0";"6.67"
"Farmwell Station MS";"Aug 8, 2026, 12:00:00";"29";"0.23";"0.2";"0";"5.33"
"Farmwell Station MS";"Aug 8, 2026, 11:00:00";"28";"0";"0.2";"0";"5.22"
"Farmwell Station MS";"Aug 8, 2026, 10:00:00";"26";"0";"0.22";"0";"5.21"
"Farmwell Station MS";"Aug 8, 2026, 09:00:00";"23";"0";"0.19";"0";"3.76"
"Farmwell Station MS";"Aug 8, 2026, 08:00:00";"24";"0.88";"0.18";"51.07";"3.56"
"Farmwell Station MS";"Aug 8, 2026, 07:00:00";"29";"1.52";"0.16";"71.55";"5.35"
"Farmwell Station MS";"Aug 8, 2026, 06:00:00";"29";"1.77";"0.15";"64.07";"5.65"
"Farmwell Station MS";"Aug 8, 2026, 05:00:00";"26";"1.63";"0.15";"60.03";"5.1"
"Farmwell Station MS";"Aug 8, 2026, 04:00:00";"23";"2.86";"0.15";"53.46";"4.57"
"Farmwell Station MS";"Aug 8, 2026, 03:00:00";"20";"2.71";"0.15";"35.7";"4.3"
"Farmwell Station MS";"Aug 8, 2026, 02:00:00";"17";"3.68";"0.16";"16.78";"3.27"
"Farmwell Station MS";"Aug 8, 2026, 01:00:00";"15";"3.7";"0.17";"0";"2.91"
"Farmwell Station MS";"Aug 8, 2026, 00:00:00";"15";"4.3";"0.18";"0";"2.72"
"Farmwell Station MS";"Aug 7, 2026, 23:00:00";"14";"4.31";"0.19";"0";"2.27"
"Farmwell Station MS";"Aug 7, 2026, 22:00:00";"15";"5.37";"0.2";"0";"2.64"
"Farmwell Station MS";"Aug 7, 2026, 21:00:00";"17";"5.54";"0.22";"0";"2.75"
"Farmwell Station MS";"Aug 7, 2026, 20:00:00";"17";"6.55";"0.21";"0";"2.57"
"Farmwell Station MS";"Aug 7, 2026, 19:00:00";"20";"9.33";"0.19";"0";"2.43"
"Farmwell Station MS";"Aug 7, 2026, 18:00:00";"26";"1.65";"0.26";"0";"4.85"
"Farmwell Station MS";"Aug 7, 2026, 17:00:00";"25";"4.05";"0.29";"0";"4.7"
"Farmwell Station MS";"Aug 7, 2026, 16:00:00";"24";"9.04";"0.26";"0";"4.76"
"Farmwell Station MS";"Aug 7, 2026, 15:00:00";"22";"7.33";"0.28";"0";"4.33"
"Farmwell Station MS";"Aug 7, 2026, 14:00:00";"19";"1.43";"0.26";"0";"2.71"
"Farmwell Station MS";"Aug 7, 2026, 13:00:00";"24";"0";"0.25";"0";"3.41"
"Farmwell Station MS";"Aug 7, 2026, 12:00:00";"27";"0";"0.24";"0";"4.61"
"Farmwell Station MS";"Aug 7, 2026, 11:00:00";"29";"0";"0.23";"0";"5.91"
"Farmwell Station MS";"Aug 7, 2026, 10:00:00";"24";"0";"0.23";"0";"4.71"
"Farmwell Station MS";"Aug 7, 2026, 09:00:00";"22";"0.73";"0.25";"4.82";"3.97"
"Farmwell Station MS";"Aug 7, 2026, 08:00:00";"3";"3.56";"0.22";"68.62";"3.52"
"Farmwell Station MS";"Aug 7, 2026, 07:00:00";"2";"2.73";"0.16";"81.03";"0"
"Farmwell Station MS";"Aug 7, 2026, 06:00:00";"25";"3.64";"0.14";"77.21";"0"
"Farmwell Station MS";"Aug 7, 2026, 05:00:00";"25";"5.2";"0.14";"75.56";"4.85"
"Farmwell Station MS";"Aug 7, 2026, 04:00:00";"24";"10.16";"0.14";"72.77";"4.24"
"Farmwell Station MS";"Aug 7, 2026, 03:00:00";"24";"7.88";"0.14";"71.12";"4.12"
"Farmwell Station MS";"Aug 7, 2026, 02:00:00";"24";"3.93";"0.14";"63.6";"4.91"
"Farmwell Station MS";"Aug 7, 2026, 01:00:00";"22";"3.54";"0.13";"51.07";"4.21"
"Farmwell Station MS";"Aug 7, 2026, 00:00:00";"19";"4.96";"0.12";"42.58";"3.1"
"Farmwell Station MS";"Aug 6, 2026, 23:00:00";"22";"5.05";"0.13";"45.21";"3.89"
"Farmwell Station MS";"Aug 6, 2026, 22:00:00";"22";"7.48";"0.14";"42.19";"3.59"
"Farmwell Station MS";"Aug 6, 2026, 21:00:00";"23";"8.29";"0.15";"28.78";"3.65"
"Farmwell Station MS";"Aug 6, 2026, 20:00:00";"25";"6.77";"0.17";"0.63";"5.01"
"Farmwell Station MS";"Aug 6, 2026, 19:00:00";"23";"5.95";"0.2";"0";"3.49"
"Farmwell Station MS";"Aug 6, 2026, 18:00:00";"27";"0.84";"0.24";"0";"3.48"
"Farmwell Station MS";"Aug 6, 2026, 17:00:00";"33";"7.63";"0.26";"0";"4.61"
"Farmwell Station MS";"Aug 6, 2026, 16:00:00";"40";"16.65";"0.19";"0";"5.34"
"Farmwell Station MS";"Aug 6, 2026, 15:00:00";"52";"6.72";"0.28";"0";"8.81"
"Farmwell Station MS";"Aug 6, 2026, 14:00:00";"53";"1.45";"0.28";"0";"8.46"
"Farmwell Station MS";"Aug 6, 2026, 13:00:00";"56";"0.26";"0.27";"0";"9.36"
"Farmwell Station MS";"Aug 6, 2026, 12:00:00";"58";"0";"0.23";"0";"11.18"
"Farmwell Station MS";"Aug 6, 2026, 11:00:00";"59";"0";"0.25";"0";"14.42"
"Farmwell Station MS";"Aug 6, 2026, 10:00:00";"58";"0";"0.23";"0";"13.32"
"Farmwell Station MS";"Aug 6, 2026, 09:00:00";"58";"0.03";"0.2";"5.93";"12.87"
"Farmwell Station MS";"Aug 6, 2026, 08:00:00";"58";"1.55";"0.19";"55.12";"12.69"
"Farmwell Station MS";"Aug 6, 2026, 07:00:00";"57";"2.82";"0.17";"66.17";"12.69"
"Farmwell Station MS";"Aug 6, 2026, 06:00:00";"57";"2.5";"0.17";"61.23";"12.26"
"Farmwell Station MS";"Aug 6, 2026, 05:00:00";"57";"2.3";"0.17";"49.52";"12.32"
"Farmwell Station MS";"Aug 6, 2026, 04:00:00";"56";"2.83";"0.18";"37.33";"11.78"
"Farmwell Station MS";"Aug 6, 2026, 03:00:00";"55";"4.6";"0.18";"29.57";"11.02"
"Farmwell Station MS";"Aug 6, 2026, 02:00:00";"55";"5.1";"0.18";"3.59";"11.45"
"Farmwell Station MS";"Aug 6, 2026, 01:00:00";"54";"5.24";"0.18";"0";"11.09"
"Farmwell Station MS";"Aug 6, 2026, 00:00:00";"52";"6.43";"0.18";"0";"10.69"
"Farmwell Station MS";"Aug 5, 2026, 23:00:00";"46";"6.41";"0.17";"0";"10.81"
"Farmwell Station MS";"Aug 5, 2026, 22:00:00";"32";"6.56";"0.17";"0";"8.79"
"Farmwell Station MS";"Aug 5, 2026, 21:00:00";"15";"5.62";"0.17";"0";"3.57"
"Farmwell Station MS";"Aug 5, 2026, 20:00:00";"9";"3.03";"0.2";"0";"1.75"
"Farmwell Station MS";"Aug 5, 2026, 19:00:00";"9";"6.61";"0.18";"0";"1.63"
"Farmwell Station MS";"Aug 5, 2026, 18:00:00";"9";"3.85";"0.15";"0";"1.52"
"Farmwell Station MS";"Aug 5, 2026, 17:00:00";"9";"0";"0.17";"0";"1.22"
"Farmwell Station MS";"Aug 5, 2026, 16:00:00";"10";"0.3";"0.16";"0";"1.74"
"Farmwell Station MS";"Aug 5, 2026, 15:00:00";"12";"3.8";"0.11";"0";"1.71"
"Farmwell Station MS";"Aug 5, 2026, 14:00:00";"13";"0";"0.14";"0";"1.88"
"Farmwell Station MS";"Aug 5, 2026, 13:00:00";"15";"0";"0.15";"0";"2.22"
"Farmwell Station MS";"Aug 5, 2026, 12:00:00";"18";"2.12";"0.16";"3.01";"3.04"
"Farmwell Station MS";"Aug 5, 2026, 11:00:00";"19";"3.51";"0.13";"25.53";"2.52"
"Farmwell Station MS";"Aug 5, 2026, 10:00:00";"24";"5.18";"0.14";"50.59";"2.98"
"Farmwell Station MS";"Aug 5, 2026, 09:00:00";"30";"6.14";"0.14";"60.5";"3.66"
"Farmwell Station MS";"Aug 5, 2026, 08:00:00";"41";"5.96";"0.14";"67.43";"7.09"
"Farmwell Station MS";"Aug 5, 2026, 07:00:00";"42";"6.54";"0.15";"64.55";"8.66"
"Farmwell Station MS";"Aug 5, 2026, 06:00:00";"36";"6.54";"0.15";"56.28";"7.72"
"Farmwell Station MS";"Aug 5, 2026, 05:00:00";"28";"7.85";"0.15";"39.82";"6.13"
"Farmwell Station MS";"Aug 5, 2026, 04:00:00";"23";"7.81";"0.15";"9.37";"4.83"
"Farmwell Station MS";"Aug 5, 2026, 03:00:00";"21";"7.58";"0.16";"0";"3.42"
"Farmwell Station MS";"Aug 5, 2026, 02:00:00";"22";"7.65";"0.17";"0";"3.52"
"Farmwell Station MS";"Aug 5, 2026, 01:00:00";"23";"7.58";"0.17";"0";"4.44"
"Farmwell Station MS";"Aug 5, 2026, 00:00:00";"22";"8.29";"0.19";"0";"3.49"
"Farmwell Station MS";"Aug 4, 2026, 23:00:00";"22";"8.88";"0.21";"0";"3.4"
"Farmwell Station MS";"Aug 4, 2026, 22:00:00";"24";"9.75";"0.22";"0";"3.74"
"Farmwell Station MS";"Aug 4, 2026, 21:00:00";"24";"10.52";"0.23";"0";"4.14"
"Farmwell Station MS";"Aug 4, 2026, 20:00:00";"25";"11.77";"0.24";"0";"4.56"
"Farmwell Station MS";"Aug 4, 2026, 19:00:00";"24";"10.12";"0.22";"0";"4.61"
"Farmwell Station MS";"Aug 4, 2026, 18:00:00";"24";"9.71";"0.22";"0";"4.43"
"Farmwell Station MS";"Aug 4, 2026, 17:00:00";"24";"12.82";"0.22";"0";"4.71"
"Farmwell Station MS";"Aug 4, 2026, 16:00:00";"24";"9.99";"0.24";"0";"4.6"
"Farmwell Station MS";"Aug 4, 2026, 15:00:00";"23";"7.93";"0.24";"0";"4.21"
"Farmwell Station MS";"Aug 4, 2026, 14:00:00";"23";"3.72";"0.2";"0";"3.8"
"Farmwell Station MS";"Aug 4, 2026, 13:00:00";"23";"2.07";"0.17";"0";"3.8"
"Farmwell Station MS";"Aug 4, 2026, 12:00:00";"24";"0.68";"0.16";"0";"3.87"
"Farmwell Station MS";"Aug 4, 2026, 11:00:00";"25";"1.56";"0.16";"0";"4.17"
"Farmwell Station MS";"Aug 4, 2026, 10:00:00";"25";"3.5";"0.16";"0";"4.41"
"Farmwell Station MS";"Aug 4, 2026, 09:00:00";"25";"6.36";"0.15";"3.32";"3.98"
"Farmwell Station MS";"Aug 4, 2026, 08:00:00";"27";"8.06";"0.14";"30.52";"4.57"
"Farmwell Station MS";"Aug 4, 2026, 07:00:00";"27";"7.87";"0.13";"35.28";"4.86"
"Farmwell Station MS";"Aug 4, 2026, 06:00:00";"27";"8.17";"0.12";"32.42";"4.74"
"Farmwell Station MS";"Aug 4, 2026, 05:00:00";"27";"7.39";"0.11";"27.7";"4.84"
"Farmwell Station MS";"Aug 4, 2026, 04:00:00";"27";"7.28";"0.11";"20.19";"4.73"
"Farmwell Station MS";"Aug 4, 2026, 03:00:00";"27";"7.46";"0.13";"15.29";"4.68"
"Farmwell Station MS";"Aug 4, 2026, 02:00:00";"27";"8.12";"0.13";"5.61";"4.71"
"Farmwell Station MS";"Aug 4, 2026, 01:00:00";"27";"8.14";"0.14";"0";"4.68"
"Farmwell Station MS";"Aug 4, 2026, 00:00:00";"28";"8.92";"0.16";"0";"4.77"
"Farmwell Station MS";"Aug 3, 2026, 23:00:00";"29";"9.73";"0.18";"0";"4.93"
"Farmwell Station MS";"Aug 3, 2026, 22:00:00";"30";"10.23";"0.18";"0";"5.48"
"Farmwell Station MS";"Aug 3, 2026, 21:00:00";"29";"10.46";"0.19";"0";"6.31"
"Farmwell Station MS";"Aug 3, 2026, 20:00:00";"24";"10.25";"0.19";"0";"4.97"
"Farmwell Station MS";"Aug 3, 2026, 19:00:00";"20";"9.29";"0.17";"0";"4.38"
"Farmwell Station MS";"Aug 3, 2026, 18:00:00";"15";"8.77";"0.16";"0";"3.18"
"Farmwell Station MS";"Aug 3, 2026, 17:00:00";"12";"7.18";"0.17";"0";"1.5"
"Farmwell Station MS";"Aug 3, 2026, 16:00:00";"15";"4.38";"0.18";"0";"1.03"
"Farmwell Station MS";"Aug 3, 2026, 15:00:00";"24";"2.26";"0.21";"0";"1.97"
"Farmwell Station MS";"Aug 3, 2026, 14:00:00";"37";"4.34";"0.21";"0";"5.28"
"Farmwell Station MS";"Aug 3, 2026, 13:00:00";"44";"4.29";"0.16";"0";"6.69"
"Farmwell Station MS";"Aug 3, 2026, 12:00:00";"50";"0.7";"0.16";"0";"7.95"
"Farmwell Station MS";"Aug 3, 2026, 11:00:00";"54";"0";"0.17";"0";"9.4"
"Farmwell Station MS";"Aug 3, 2026, 10:00:00";"55";"0.03";"0.18";"0";"10.64"
"Farmwell Station MS";"Aug 3, 2026, 09:00:00";"56";"2.72";"0.16";"64.66";"11.7"
"Farmwell Station MS";"Aug 3, 2026, 08:00:00";"55";"4.78";"0.14";"90.77";"11.65"
"Farmwell Station MS";"Aug 3, 2026, 07:00:00";"54";"4.28";"0.11";"95.76";"12.68"
"Farmwell Station MS";"Aug 3, 2026, 06:00:00";"49";"5.21";"0.11";"100.56";"10.3"
"Farmwell Station MS";"Aug 3, 2026, 05:00:00";"39";"5.74";"0.1";"96.15";"8"
"Farmwell Station MS";"Aug 3, 2026, 04:00:00";"35";"6.38";"0.1";"93.94";"6.48"
"Farmwell Station MS";"Aug 3, 2026, 03:00:00";"35";"7.19";"0.1";"90.78";"5.81"
"Farmwell Station MS";"Aug 3, 2026, 02:00:00";"37";"7.15";"0.1";"89.38";"7.21"
"Farmwell Station MS";"Aug 3, 2026, 01:00:00";"34";"8.31";"0.1";"84.86";"6.15"
"Farmwell Station MS";"Aug 3, 2026, 00:00:00";"33";"10.67";"0.1";"81.64";"5.73"
"Farmwell Station MS";"Aug 2, 2026, 23:00:00";"35";"10.34";"0.11";"77.59";"5.81"
"Farmwell Station MS";"Aug 2, 2026, 22:00:00";"38";"10.68";"0.12";"67.54";"5.19"
"Farmwell Station MS";"Aug 2, 2026, 21:00:00";"46";"10.59";"0.14";"53.68";"8.85"
"Farmwell Station MS";"Aug 2, 2026, 20:00:00";"43";"7.35";"0.14";"6.29";"8.69"
"Farmwell Station MS";"Aug 2, 2026, 19:00:00";"37";"9.48";"0.15";"0.45";"5.84"
"Farmwell Station MS";"Aug 2, 2026, 18:00:00";"40";"13.74";"0.17";"0";"6.35"
"Farmwell Station MS";"Aug 2, 2026, 17:00:00";"45";"7.96";"0.16";"0";"8.35"
"Farmwell Station MS";"Aug 2, 2026, 16:00:00";"44";"6.15";"0.16";"0";"6.96"
"Farmwell Station MS";"Aug 2, 2026, 15:00:00";"50";"8.97";"0.17";"0.07";"8.4"
"Farmwell Station MS";"Aug 2, 2026, 14:00:00";"52";"8.57";"0.14";"22.86";"8.07"
"Farmwell Station MS";"Aug 2, 2026, 13:00:00";"55";"7.97";"0.17";"36.37";"12.55"
"Farmwell Station MS";"Aug 2, 2026, 12:00:00";"50";"8.83";"0.17";"24.54";"10.14"
"Farmwell Station MS";"Aug 2, 2026, 11:00:00";"46";"9.49";"0.15";"25.95";"9.5"
"Farmwell Station MS";"Aug 2, 2026, 10:00:00";"42";"10.26";"0.16";"5.08";"8.22"
"Farmwell Station MS";"Aug 2, 2026, 09:00:00";"37";"8.69";"0.15";"0";"7.09"
"Farmwell Station MS";"Aug 2, 2026, 08:00:00";"34";"9.4";"0.14";"0.1";"6.23"
"Farmwell Station MS";"Aug 2, 2026, 07:00:00";"34";"8.21";"0.13";"0";"6.15"
"Farmwell Station MS";"Aug 2, 2026, 06:00:00";"34";"8.09";"0.13";"0";"5.83"
"Farmwell Station MS";"Aug 2, 2026, 05:00:00";"36";"8.27";"0.14";"0";"6.28"
"Farmwell Station MS";"Aug 2, 2026, 04:00:00";"37";"8.37";"0.14";"0";"5.89"
"Farmwell Station MS";"Aug 2, 2026, 03:00:00";"40";"9.66";"0.14";"0";"6.1"
"Farmwell Station MS";"Aug 2, 2026, 02:00:00";"47";"8.65";"0.15";"0";"6.63"
"Farmwell Station MS";"Aug 2, 2026, 01:00:00";"53";"7.67";"0.16";"0";"8.01"
"Farmwell Station MS";"Aug 2, 2026, 00:00:00";"57";"9.13";"0.2";"0";"10.32"
"Farmwell Station MS";"Aug 1, 2026, 23:00:00";"60";"8.62";"0.21";"0";"12.94"
"Farmwell Station MS";"Aug 1, 2026, 22:00:00";"62";"8.59";"0.21";"0";"14.21"
"Farmwell Station MS";"Aug 1, 2026, 21:00:00";"64";"9.3";"0.23";"0";"15.36"
"Farmwell Station MS";"Aug 1, 2026, 20:00:00";"64";"9.48";"0.24";"0";"17.64"
"Farmwell Station MS";"Aug 1, 2026, 19:00:00";"61";"10.27";"0.25";"0";"17.11"
"Farmwell Station MS";"Aug 1, 2026, 18:00:00";"55";"10.75";"0.23";"0";"13.29"
"Farmwell Station MS";"Aug 1, 2026, 17:00:00";"48";"10.67";"0.2";"0";"9.7"
"Farmwell Station MS";"Aug 1, 2026, 16:00:00";"44";"10.15";"0.18";"0";"8.41"
"Farmwell Station MS";"Aug 1, 2026, 15:00:00";"43";"6.65";"0.17";"0";"7.58"
"Farmwell Station MS";"Aug 1, 2026, 14:00:00";"43";"5.61";"0.16";"0";"7.08"
"Farmwell Station MS";"Aug 1, 2026, 13:00:00";"44";"3.05";"0.18";"0";"7.59"
"Farmwell Station MS";"Aug 1, 2026, 12:00:00";"45";"3.77";"0.17";"0";"8.49"
"Farmwell Station MS";"Aug 1, 2026, 11:00:00";"44";"0.98";"0.19";"0";"8.67"
"Farmwell Station MS";"Aug 1, 2026, 10:00:00";"42";"3.57";"0.22";"0";"8.23"
"Farmwell Station MS";"Aug 1, 2026, 09:00:00";"40";"5.88";"0.21";"3.55";"6.85"
"Farmwell Station MS";"Aug 1, 2026, 08:00:00";"40";"5.9";"0.18";"35.26";"6.34"
"Farmwell Station MS";"Aug 1, 2026, 07:00:00";"44";"6.19";"0.17";"49.86";"7.47"
"Farmwell Station MS";"Aug 1, 2026, 06:00:00";"45";"7.07";"0.16";"47.4";"7.82"
"Farmwell Station MS";"Aug 1, 2026, 05:00:00";"46";"7.87";"0.17";"45.84";"7.97"
"Farmwell Station MS";"Aug 1, 2026, 04:00:00";"47";"9.62";"0.19";"41.43";"8.06"
"Farmwell Station MS";"Aug 1, 2026, 03:00:00";"47";"12.17";"0.2";"35.14";"7.7"
"Farmwell Station MS";"Aug 1, 2026, 02:00:00";"49";"9.64";"0.19";"23.78";"8.4"
"Farmwell Station MS";"Aug 1, 2026, 01:00:00";"50";"12.83";"0.22";"10.08";"8.64"
"Farmwell Station MS";"Aug 1, 2026, 00:00:00";"50";"12.1";"0.23";"0.77";"8.38"
"Farmwell Station MS";"Jul 31, 2026, 23:00:00";"50";"10.49";"0.23";"0";"8.11"
"Farmwell Station MS";"Jul 31, 2026, 22:00:00";"52";"9";"0.2";"0";"8.62"
"Farmwell Station MS";"Jul 31, 2026, 21:00:00";"52";"9.46";"0.21";"0.75";"9.81"
"Farmwell Station MS";"Jul 31, 2026, 20:00:00";"52";"7.95";"0.2";"0";"9.38"
"Farmwell Station MS";"Jul 31, 2026, 19:00:00";"52";"9.74";"0.2";"0";"9.43"
"Farmwell Station MS";"Jul 31, 2026, 18:00:00";"52";"7.89";"0.22";"0";"9.83"
"Farmwell Station MS";"Jul 31, 2026, 17:00:00";"52";"4.9";"0.23";"0";"9.72"
"Farmwell Station MS";"Jul 31, 2026, 16:00:00";"52";"3.67";"0.23";"0";"9.62"
"Farmwell Station MS";"Jul 31, 2026, 15:00:00";"50";"5.99";"0.2";"0";"9.35"
"Farmwell Station MS";"Jul 31, 2026, 14:00:00";"48";"2.42";"0.19";"0";"9.14"
"Farmwell Station MS";"Jul 31, 2026, 13:00:00";"44";"3.04";"0.17";"0";"8.86"
"Farmwell Station MS";"Jul 31, 2026, 12:00:00";"38";"1.27";"0.17";"0";"7.28"
"Farmwell Station MS";"Jul 31, 2026, 11:00:00";"36";"2.24";"0.15";"0.2";"7.39"
"Farmwell Station MS";"Jul 31, 2026, 10:00:00";"31";"2.59";"0.16";"0";"6.41"
"Farmwell Station MS";"Jul 31, 2026, 09:00:00";"25";"7.4";"0.18";"0";"5.31"
"Farmwell Station MS";"Jul 31, 2026, 08:00:00";"23";"9.66";"0.13";"9.27";"4.07"
"Farmwell Station MS";"Jul 31, 2026, 07:00:00";"23";"8.17";"0.1";"21.36";"3.86"
"Farmwell Station MS";"Jul 31, 2026, 06:00:00";"24";"7.6";"0.09";"21.22";"4.18"
"Farmwell Station MS";"Jul 31, 2026, 05:00:00";"24";"6.38";"0.09";"14.22";"5.1"
"Farmwell Station MS";"Jul 31, 2026, 04:00:00";"22";"6.02";"0.1";"4.44";"4.03"
"Farmwell Station MS";"Jul 31, 2026, 03:00:00";"22";"6.19";"0.12";"0.08";"3.62"
"Farmwell Station MS";"Jul 31, 2026, 02:00:00";"23";"7.44";"0.15";"0";"5.14"
"Farmwell Station MS";"Jul 31, 2026, 01:00:00";"20";"6.51";"0.15";"0";"3.5"
"Farmwell Station MS";"Jul 31, 2026, 00:00:00";"20";"6.36";"0.16";"0";"3.32"
"Farmwell Station MS";"Jul 30, 2026, 23:00:00";"20";"6.27";"0.17";"0";"3.41"
"Farmwell Station MS";"Jul 30, 2026, 22:00:00";"22";"6.12";"0.16";"0";"3.42"
"Farmwell Station MS";"Jul 30, 2026, 21:00:00";"22";"6.28";"0.16";"0";"4.32"
"Farmwell Station MS";"Jul 30, 2026, 20:00:00";"22";"6.14";"0.16";"0.08";"3.97"
"Farmwell Station MS";"Jul 30, 2026, 19:00:00";"21";"6.39";"0.17";"1.14";"3.95"
"Farmwell Station MS";"Jul 30, 2026, 18:00:00";"21";"6.34";"0.17";"0.84";"3.5"
"Farmwell Station MS";"Jul 30, 2026, 17:00:00";"21";"6.26";"0.16";"0";"3.57"
"Farmwell Station MS";"Jul 30, 2026, 16:00:00";"22";"4.71";"0.17";"0";"3.49"
"Farmwell Station MS";"Jul 30, 2026, 15:00:00";"22";"3.99";"0.16";"0";"3.69"
"Farmwell Station MS";"Jul 30, 2026, 14:00:00";"23";"4.05";"0.15";"0";"3.68"
"Farmwell Station MS";"Jul 30, 2026, 13:00:00";"24";"2.49";"0.13";"0";"3.9"
"Farmwell Station MS";"Jul 30, 2026, 12:00:00";"25";"1.94";"0.13";"1.58";"4.5"
"Farmwell Station MS";"Jul 30, 2026, 11:00:00";"25";"2.68";"0.13";"3.57";"4.55"
"Farmwell Station MS";"Jul 30, 2026, 10:00:00";"24";"4.39";"0.11";"0.47";"4.62"
"Farmwell Station MS";"Jul 30, 2026, 09:00:00";"23";"6.34";"0.11";"0.25";"4.09"
"Farmwell Station MS";"Jul 30, 2026, 08:00:00";"24";"7.95";"0.09";"7.83";"4.44"
"Farmwell Station MS";"Jul 30, 2026, 07:00:00";"22";"6.44";"0.07";"12.53";"3.57"
"Farmwell Station MS";"Jul 30, 2026, 06:00:00";"25";"6.03";"0.07";"6.87";"3.92"
"Farmwell Station MS";"Jul 30, 2026, 05:00:00";"33";"0";"0";"0";"0"
"Farmwell Station MS";"Jul 30, 2026, 04:00:00";"33";"7.73";"0.09";"5.41";"5.27"
"Farmwell Station MS";"Jul 30, 2026, 03:00:00";"35";"8.52";"0.09";"1.27";"5.69"
"Farmwell Station MS";"Jul 30, 2026, 02:00:00";"39";"7.47";"0.07";"0";"6.34"
"Farmwell Station MS";"Jul 30, 2026, 01:00:00";"44";"8.19";"0.09";"0";"7.62"
"Farmwell Station MS";"Jul 30, 2026, 00:00:00";"45";"8.51";"0.1";"0";"7.73"
"Farmwell Station MS";"Jul 29, 2026, 23:00:00";"46";"8.45";"0.1";"0";"7.49"
"Farmwell Station MS";"Jul 29, 2026, 22:00:00";"50";"8.14";"0.12";"0";"7.57"
"Farmwell Station MS";"Jul 29, 2026, 21:00:00";"54";"8.14";"0.12";"0";"10.33"
"Farmwell Station MS";"Jul 29, 2026, 20:00:00";"54";"8.44";"0.13";"0";"9.66"
"Farmwell Station MS";"Jul 29, 2026, 19:00:00";"55";"8.95";"0.13";"0";"10.45"
"Farmwell Station MS";"Jul 29, 2026, 18:00:00";"57";"8.51";"0.13";"0.31";"11.12"
"Farmwell Station MS";"Jul 29, 2026, 17:00:00";"57";"5.86";"0.14";"0.59";"11.55"
"Farmwell Station MS";"Jul 29, 2026, 16:00:00";"57";"4.24";"0.13";"0.34";"11.68"
"Farmwell Station MS";"Jul 29, 2026, 15:00:00";"58";"5.49";"0.12";"2.83";"12.95"
"Farmwell Station MS";"Jul 29, 2026, 14:00:00";"57";"5.38";"0.09";"4.32";"11.21"
"Farmwell Station MS";"Jul 29, 2026, 13:00:00";"60";"3.78";"0.08";"4.96";"11.81"
"Farmwell Station MS";"Jul 29, 2026, 12:00:00";"63";"2.29";"0.08";"4.71";"14.61"
"Farmwell Station MS";"Jul 29, 2026, 11:00:00";"64";"1.65";"0.09";"1.44";"16.71"
"Farmwell Station MS";"Jul 29, 2026, 10:00:00";"62";"2.83";"0.11";"0";"15.31"
"Farmwell Station MS";"Jul 29, 2026, 09:00:00";"60";"5.46";"0.13";"1.12";"15.39"
"Farmwell Station MS";"Jul 29, 2026, 08:00:00";"57";"8.65";"0.14";"42.89";"13.73"
"Farmwell Station MS";"Jul 29, 2026, 07:00:00";"55";"7.7";"0.09";"58.74";"12.77"
"Farmwell Station MS";"Jul 29, 2026, 06:00:00";"51";"8.15";"0.08";"60.47";"10.27"
"Farmwell Station MS";"Jul 29, 2026, 05:00:00";"44";"7.45";"0.07";"62.27";"9.26"
"Farmwell Station MS";"Jul 29, 2026, 04:00:00";"38";"6.76";"0.06";"62.41";"7.54"
"Farmwell Station MS";"Jul 29, 2026, 03:00:00";"34";"6.65";"0.06";"64.75";"5.85"
"Farmwell Station MS";"Jul 29, 2026, 02:00:00";"36";"6.21";"0.07";"64.49";"6.23"
"Farmwell Station MS";"Jul 29, 2026, 01:00:00";"38";"6.82";"0.09";"62.93";"6.86"
"Farmwell Station MS";"Jul 29, 2026, 00:00:00";"37";"7.17";"0.08";"57.87";"7.3"
"Farmwell Station MS";"Jul 28, 2026, 23:00:00";"33";"8.59";"0.1";"49.82";"5.83"
"Farmwell Station MS";"Jul 28, 2026, 22:00:00";"34";"10.01";"0.12";"46.34";"5.55"
"Farmwell Station MS";"Jul 28, 2026, 21:00:00";"38";"9.18";"0.12";"24.63";"5.44"
"Farmwell Station MS";"Jul 28, 2026, 20:00:00";"45";"11.86";"0.14";"2.78";"5.24"
"Farmwell Station MS";"Jul 28, 2026, 19:00:00";"55";"12.86";"0.11";"2.83";"7.24"
"Farmwell Station MS";"Jul 28, 2026, 18:00:00";"62";"10.21";"0.12";"0";"9.79"
"Farmwell Station MS";"Jul 28, 2026, 17:00:00";"73";"9.08";"0.16";"0";"17.29"
"Farmwell Station MS";"Jul 28, 2026, 16:00:00";"77";"9.53";"0.21";"0";"20.1"
"Farmwell Station MS";"Jul 28, 2026, 15:00:00";"81";"9.26";"0.23";"0";"25.84"
"Farmwell Station MS";"Jul 28, 2026, 14:00:00";"79";"1.97";"0.36";"0";"26.33"
"Farmwell Station MS";"Jul 28, 2026, 13:00:00";"75";"3.15";"0.25";"0";"25.1"
"Farmwell Station MS";"Jul 28, 2026, 12:00:00";"70";"2.69";"0.22";"0";"20.86"
"Farmwell Station MS";"Jul 28, 2026, 11:00:00";"68";"3.36";"0.2";"0";"19.68"
"Farmwell Station MS";"Jul 28, 2026, 10:00:00";"67";"5.13";"0.22";"0";"19.21"
"Farmwell Station MS";"Jul 28, 2026, 09:00:00";"66";"8.34";"0.25";"0";"18.96"
"Farmwell Station MS";"Jul 28, 2026, 08:00:00";"64";"17.28";"0.27";"4.37";"17.23"
"Farmwell Station MS";"Jul 28, 2026, 07:00:00";"63";"22.01";"0.25";"15.5";"16.6"
"Farmwell Station MS";"Jul 28, 2026, 06:00:00";"62";"11.41";"0.18";"9.75";"15.28"
"Farmwell Station MS";"Jul 28, 2026, 05:00:00";"62";"11.21";"0.18";"0.49";"15.06"
"Farmwell Station MS";"Jul 28, 2026, 04:00:00";"62";"7.42";"0.16";"0";"15.41"
"Farmwell Station MS";"Jul 28, 2026, 03:00:00";"61";"15.25";"0.21";"0";"15.2"
"Farmwell Station MS";"Jul 28, 2026, 02:00:00";"61";"14.66";"0.21";"0";"14.98"
"Farmwell Station MS";"Jul 28, 2026, 01:00:00";"61";"14.25";"0.2";"0";"14.49"
"Farmwell Station MS";"Jul 28, 2026, 00:00:00";"60";"10.21";"0.19";"0";"14.03"
"Farmwell Station MS";"Jul 27, 2026, 23:00:00";"60";"12.11";"0.21";"0";"13.93"
"Farmwell Station MS";"Jul 27, 2026, 22:00:00";"60";"12.06";"0.21";"0";"13.83"
"Farmwell Station MS";"Jul 27, 2026, 21:00:00";"60";"10.55";"0.2";"0";"14"
"Farmwell Station MS";"Jul 27, 2026, 20:00:00";"60";"9.41";"0.19";"0";"14.79"
"Farmwell Station MS";"Jul 27, 2026, 19:00:00";"59";"7.88";"0.19";"0";"14.07"
"Farmwell Station MS";"Jul 27, 2026, 18:00:00";"59";"7.21";"0.2";"0";"12.97"
"Farmwell Station MS";"Jul 27, 2026, 17:00:00";"59";"4.61";"0.21";"0";"13.46"
"Farmwell Station MS";"Jul 27, 2026, 16:00:00";"58";"4.27";"0.21";"0";"13.26"
"Farmwell Station MS";"Jul 27, 2026, 15:00:00";"58";"3.52";"0.2";"0";"14.49"
"Farmwell Station MS";"Jul 27, 2026, 14:00:00";"55";"3.87";"0.16";"0";"11.66"
"Farmwell Station MS";"Jul 27, 2026, 13:00:00";"53";"2.5";"0.14";"0";"9.48"
"Farmwell Station MS";"Jul 27, 2026, 12:00:00";"54";"1.16";"0.13";"0";"10.17"
"Farmwell Station MS";"Jul 27, 2026, 11:00:00";"55";"1.88";"0.14";"0";"10.5"
"Farmwell Station MS";"Jul 27, 2026, 10:00:00";"56";"4.85";"0.18";"0";"10.67"
"Farmwell Station MS";"Jul 27, 2026, 09:00:00";"57";"10.59";"0.18";"0.5";"10.66"
"Farmwell Station MS";"Jul 27, 2026, 08:00:00";"59";"9.89";"0.12";"35.76";"11.17"
"Farmwell Station MS";"Jul 27, 2026, 07:00:00";"63";"6.14";"0.08";"49.74";"17.28"
"Farmwell Station MS";"Jul 27, 2026, 06:00:00";"59";"5.24";"0.09";"48.72";"13.89"
"Farmwell Station MS";"Jul 27, 2026, 05:00:00";"58";"4.87";"0.09";"44.96";"14.63"
"Farmwell Station MS";"Jul 27, 2026, 04:00:00";"55";"4.8";"0.11";"36.52";"11.99"
"Farmwell Station MS";"Jul 27, 2026, 03:00:00";"54";"5.33";"0.13";"33.49";"11.59"
"Farmwell Station MS";"Jul 27, 2026, 02:00:00";"53";"5.85";"0.16";"21.1";"9.88"
"Farmwell Station MS";"Jul 27, 2026, 01:00:00";"53";"15.29";"0.21";"15.11";"8.54"
"Farmwell Station MS";"Jul 27, 2026, 00:00:00";"56";"14.31";"0.19";"34.09";"11.67"
"Farmwell Station MS";"Jul 26, 2026, 23:00:00";"55";"8.47";"0.15";"10.31";"14.07"
"Farmwell Station MS";"Jul 26, 2026, 22:00:00";"46";"9.6";"0.2";"0";"8.35"
"Farmwell Station MS";"Jul 26, 2026, 21:00:00";"46";"13.08";"0.19";"0";"8.09"
"Farmwell Station MS";"Jul 26, 2026, 20:00:00";"47";"7.36";"0.17";"0";"8.72"
"Farmwell Station MS";"Jul 26, 2026, 19:00:00";"46";"7.33";"0.15";"0.13";"8.65"
"Farmwell Station MS";"Jul 26, 2026, 18:00:00";"44";"4.15";"0.17";"0";"8.14"
"Farmwell Station MS";"Jul 26, 2026, 17:00:00";"43";"7.21";"0.15";"0";"8.02"
"Farmwell Station MS";"Jul 26, 2026, 16:00:00";"41";"5.93";"0.15";"0";"7.46"
"Farmwell Station MS";"Jul 26, 2026, 15:00:00";"40";"6.01";"0.13";"0";"7.38"
"Farmwell Station MS";"Jul 26, 2026, 14:00:00";"39";"1.47";"0.15";"0";"7.23"
"Farmwell Station MS";"Jul 26, 2026, 13:00:00";"38";"1.26";"0.16";"0";"7.36"
"Farmwell Station MS";"Jul 26, 2026, 12:00:00";"36";"2.83";"0.16";"0";"7.52"
"Farmwell Station MS";"Jul 26, 2026, 11:00:00";"30";"2.8";"0.11";"0";"6.1"
"Farmwell Station MS";"Jul 26, 2026, 10:00:00";"28";"2.12";"0.13";"0";"5.48"
"Farmwell Station MS";"Jul 26, 2026, 09:00:00";"25";"4.45";"0.14";"0.74";"4.44"
"Farmwell Station MS";"Jul 26, 2026, 08:00:00";"26";"4.99";"0.11";"25.95";"4.16"
"Farmwell Station MS";"Jul 26, 2026, 07:00:00";"28";"5.44";"0.08";"45.1";"5.4"
"Farmwell Station MS";"Jul 26, 2026, 06:00:00";"27";"5.48";"0.09";"39.23";"5.69"
"Farmwell Station MS";"Jul 26, 2026, 05:00:00";"23";"5.76";"0.11";"33.23";"4.48"
"Farmwell Station MS";"Jul 26, 2026, 04:00:00";"23";"7.44";"0.1";"31.62";"4.06"
"Farmwell Station MS";"Jul 26, 2026, 03:00:00";"23";"7.56";"0.1";"31.91";"4.03"
"Farmwell Station MS";"Jul 26, 2026, 02:00:00";"23";"8.76";"0.12";"32.88";"3.95"
"Farmwell Station MS";"Jul 26, 2026, 01:00:00";"23";"8.74";"0.12";"30.75";"4.37"
"Farmwell Station MS";"Jul 26, 2026, 00:00:00";"22";"8.35";"0.12";"15.58";"4.23"
"Farmwell Station MS";"Jul 25, 2026, 23:00:00";"20";"10.22";"0.12";"2.48";"3.55"
"Farmwell Station MS";"Jul 25, 2026, 22:00:00";"22";"8.91";"0.11";"0";"3.54"
"Farmwell Station MS";"Jul 25, 2026, 21:00:00";"23";"12.1";"0.12";"0";"3.8"
"Farmwell Station MS";"Jul 25, 2026, 20:00:00";"24";"14.56";"0.14";"0";"4.42"
"Farmwell Station MS";"Jul 25, 2026, 19:00:00";"24";"11.9";"0.12";"0.02";"4.02"
"Farmwell Station MS";"Jul 25, 2026, 18:00:00";"26";"10.84";"0.13";"0.2";"5.17"
"Farmwell Station MS";"Jul 25, 2026, 17:00:00";"23";"5.74";"0.12";"0.33";"4.45"
"Farmwell Station MS";"Jul 25, 2026, 16:00:00";"20";"5.71";"0.13";"0";"4.44"
"Farmwell Station MS";"Jul 25, 2026, 15:00:00";"17";"7.3";"0.11";"0";"2.43"
"Farmwell Station MS";"Jul 25, 2026, 14:00:00";"19";"6.98";"0.09";"0";"2.85"
"Farmwell Station MS";"Jul 25, 2026, 13:00:00";"23";"8.67";"0.09";"0.93";"4.13"
"Farmwell Station MS";"Jul 25, 2026, 12:00:00";"22";"4.15";"0.1";"0.91";"4.15"
"Farmwell Station MS";"Jul 25, 2026, 11:00:00";"22";"9.09";"0.13";"2.05";"4.98"
"Farmwell Station MS";"Jul 25, 2026, 10:00:00";"16";"14.81";"0.1";"0.73";"2.83"
"Farmwell Station MS";"Jul 25, 2026, 09:00:00";"16";"10.03";"0.07";"11.77";"2.72"
"Farmwell Station MS";"Jul 25, 2026, 08:00:00";"15";"10.03";"0.06";"26.77";"2.58"
"Farmwell Station MS";"Jul 25, 2026, 07:00:00";"17";"12.83";"0.06";"32.86";"2.57"
"Farmwell Station MS";"Jul 25, 2026, 06:00:00";"19";"10.85";"0.05";"33.36";"3.34"
"Farmwell Station MS";"Jul 25, 2026, 05:00:00";"19";"11.16";"0.06";"33.25";"3.31"
"Farmwell Station MS";"Jul 25, 2026, 04:00:00";"19";"11.76";"0.07";"26.5";"3.28"
"Farmwell Station MS";"Jul 25, 2026, 03:00:00";"19";"11.75";"0.08";"11.59";"3.19"
"Farmwell Station MS";"Jul 25, 2026, 02:00:00";"19";"17.53";"0.11";"3.4";"3.44"
"Farmwell Station MS";"Jul 25, 2026, 01:00:00";"19";"15.77";"0.11";"6.68";"3.27"
"Farmwell Station MS";"Jul 25, 2026, 00:00:00";"20";"10.62";"0.09";"9.67";"3.08"
"Farmwell Station MS";"Jul 24, 2026, 23:00:00";"22";"10.72";"0.09";"12.15";"3.21"
"Farmwell Station MS";"Jul 24, 2026, 22:00:00";"23";"10.91";"0.1";"11.58";"3.7"
"Farmwell Station MS";"Jul 24, 2026, 21:00:00";"24";"10.8";"0.11";"9.83";"4.79"
"Farmwell Station MS";"Jul 24, 2026, 20:00:00";"23";"10.48";"0.12";"6";"4.62"
"Farmwell Station MS";"Jul 24, 2026, 19:00:00";"22";"11.19";"0.14";"4.37";"4.06"
"Farmwell Station MS";"Jul 24, 2026, 18:00:00";"21";"11.61";"0.13";"1.17";"3.65"
"Farmwell Station MS";"Jul 24, 2026, 17:00:00";"21";"11.93";"0.13";"0";"3.45"
"Farmwell Station MS";"Jul 24, 2026, 16:00:00";"22";"9.61";"0.12";"0";"3.56"
"Farmwell Station MS";"Jul 24, 2026, 15:00:00";"23";"9.05";"0.13";"0";"3.98"
"Farmwell Station MS";"Jul 24, 2026, 14:00:00";"23";"12.34";"0.13";"0";"3.83"
"Farmwell Station MS";"Jul 24, 2026, 13:00:00";"24";"15.86";"0.13";"0";"4"
"Farmwell Station MS";"Jul 24, 2026, 12:00:00";"25";"8.26";"0.12";"0";"4.17"
"Farmwell Station MS";"Jul 24, 2026, 11:00:00";"25";"2.35";"0.13";"0.79";"4.48"
"Farmwell Station MS";"Jul 24, 2026, 10:00:00";"26";"2.87";"0.17";"6.99";"5.37"
"Farmwell Station MS";"Jul 24, 2026, 09:00:00";"23";"8.87";"0.13";"18.7";"4.58"
"Farmwell Station MS";"Jul 24, 2026, 08:00:00";"22";"8.94";"0.11";"36.65";"3.79"
"Farmwell Station MS";"Jul 24, 2026, 07:00:00";"23";"8.2";"0.04";"35.44";"4.05"
"Farmwell Station MS";"Jul 24, 2026, 06:00:00";"23";"7.28";"0.01";"34.28";"4.91"
"Farmwell Station MS";"Jul 24, 2026, 05:00:00";"21";"7.64";"0.01";"33.66";"3.91"
"Farmwell Station MS";"Jul 24, 2026, 04:00:00";"20";"9.69";"0.02";"33.88";"3.56"
"Farmwell Station MS";"Jul 24, 2026, 03:00:00";"20";"10.37";"0.06";"34.19";"3.57"
"Farmwell Station MS";"Jul 24, 2026, 02:00:00";"20";"11.21";"0.09";"32.63";"3.67"
"Farmwell Station MS";"Jul 24, 2026, 01:00:00";"20";"11.48";"0.11";"29.51";"3.96"
"Farmwell Station MS";"Jul 24, 2026, 00:00:00";"20";"12.11";"0.11";"24.18";"3.56"
"Farmwell Station MS";"Jul 23, 2026, 23:00:00";"20";"11.1";"0.11";"21.17";"3.43"
"Farmwell Station MS";"Jul 23, 2026, 22:00:00";"21";"12.94";"0.13";"25.3";"4.16"
"Farmwell Station MS";"Jul 23, 2026, 21:00:00";"19";"10.82";"0.12";"7.95";"4.13"
"Farmwell Station MS";"Jul 23, 2026, 20:00:00";"18";"8.83";"0.09";"0";"3.22"
"Farmwell Station MS";"Jul 23, 2026, 19:00:00";"18";"8.18";"0.1";"0";"3.19"
"Farmwell Station MS";"Jul 23, 2026, 18:00:00";"18";"6.83";"0.09";"0";"3.16"
"Farmwell Station MS";"Jul 23, 2026, 17:00:00";"18";"5.22";"0.08";"0";"3.1"
"Farmwell Station MS";"Jul 23, 2026, 16:00:00";"18";"5.23";"0.08";"0";"3.31"
"Farmwell Station MS";"Jul 23, 2026, 15:00:00";"18";"3.41";"0.09";"0";"3.35"
"Farmwell Station MS";"Jul 23, 2026, 14:00:00";"17";"1.82";"0.08";"0";"3.13"
"Farmwell Station MS";"Jul 23, 2026, 13:00:00";"17";"1.38";"0.07";"0";"2.99"
"Farmwell Station MS";"Jul 23, 2026, 12:00:00";"16";"2.5";"0.06";"0.06";"2.87"
"Farmwell Station MS";"Jul 23, 2026, 11:00:00";"17";"1.8";"0.06";"4.71";"3.09"
"Farmwell Station MS";"Jul 23, 2026, 10:00:00";"15";"4.66";"0.06";"8.31";"3.06"
"Farmwell Station MS";"Jul 23, 2026, 09:00:00";"13";"7";"0.07";"14.85";"2.43"
"Farmwell Station MS";"Jul 23, 2026, 08:00:00";"13";"9.13";"0.06";"26.2";"2.1"
"Farmwell Station MS";"Jul 23, 2026, 07:00:00";"14";"9.07";"0.03";"29.64";"2.15"
"Farmwell Station MS";"Jul 23, 2026, 06:00:00";"16";"8.01";"0.03";"26.32";"2.28"
"Farmwell Station MS";"Jul 23, 2026, 05:00:00";"20";"7.7";"0.03";"22.57";"2.58"
"Farmwell Station MS";"Jul 23, 2026, 04:00:00";"25";"7.58";"0.04";"19.78";"3.54"
"Farmwell Station MS";"Jul 23, 2026, 03:00:00";"30";"7.31";"0.05";"17.09";"4.76"
"Farmwell Station MS";"Jul 23, 2026, 02:00:00";"34";"7.31";"0.06";"14.54";"5.6"
"Farmwell Station MS";"Jul 23, 2026, 01:00:00";"36";"7.44";"0.09";"9.06";"6.32"
"Farmwell Station MS";"Jul 23, 2026, 00:00:00";"37";"8.19";"0.11";"5.17";"5.86"
"Farmwell Station MS";"Jul 22, 2026, 23:00:00";"40";"8.5";"0.13";"0.51";"6.34"
"Farmwell Station MS";"Jul 22, 2026, 22:00:00";"45";"8.25";"0.14";"1.97";"7.35"
"Farmwell Station MS";"Jul 22, 2026, 21:00:00";"49";"8.44";"0.16";"4.09";"8.52"
"Farmwell Station MS";"Jul 22, 2026, 20:00:00";"51";"7.87";"0.15";"1.24";"8.6"
"Farmwell Station MS";"Jul 22, 2026, 19:00:00";"52";"6.47";"0.17";"0";"8.8"
"Farmwell Station MS";"Jul 22, 2026, 18:00:00";"54";"6.54";"0.17";"0";"9.77"
"Farmwell Station MS";"Jul 22, 2026, 17:00:00";"55";"5.19";"0.18";"0";"10.51"
"Farmwell Station MS";"Jul 22, 2026, 16:00:00";"56";"2.92";"0.2";"0";"11.46"
"Farmwell Station MS";"Jul 22, 2026, 15:00:00";"57";"1.28";"0.18";"0";"11.42"
"Farmwell Station MS";"Jul 22, 2026, 14:00:00";"58";"3.47";"0.16";"0";"12.16"
"Farmwell Station MS";"Jul 22, 2026, 13:00:00";"58";"0";"0.16";"0";"12.25"
"Farmwell Station MS";"Jul 22, 2026, 12:00:00";"59";"0";"0.13";"0";"14.42"
"Farmwell Station MS";"Jul 22, 2026, 11:00:00";"57";"0";"0.13";"0";"16.04"
"Farmwell Station MS";"Jul 22, 2026, 10:00:00";"45";"0";"0.2";"0";"10.23"
"Farmwell Station MS";"Jul 22, 2026, 09:00:00";"34";"1.6";"0.23";"7.76";"6.7"
"Farmwell Station MS";"Jul 22, 2026, 08:00:00";"32";"5.31";"0.15";"68.66";"5.04"
"Farmwell Station MS";"Jul 22, 2026, 07:00:00";"35";"5.21";"0.08";"80.92";"6.4"
"Farmwell Station MS";"Jul 22, 2026, 06:00:00";"34";"5.75";"0.05";"77.69";"6.66"
"Farmwell Station MS";"Jul 22, 2026, 05:00:00";"30";"6.69";"0.04";"76.91";"5.91"
"Farmwell Station MS";"Jul 22, 2026, 04:00:00";"28";"9.37";"0.04";"73.61";"5.67"
"Farmwell Station MS";"Jul 22, 2026, 03:00:00";"24";"10.72";"0.04";"71.04";"4.4"
"Farmwell Station MS";"Jul 22, 2026, 02:00:00";"23";"17.41";"0.05";"68.64";"4.41"
"Farmwell Station MS";"Jul 22, 2026, 01:00:00";"20";"10.65";"0.03";"60.48";"3.45"
"Farmwell Station MS";"Jul 22, 2026, 00:00:00";"21";"18.39";"0.06";"61.72";"2.45"
"Farmwell Station MS";"Jul 21, 2026, 23:00:00";"28";"17.92";"0.05";"61.92";"3.52"
"Farmwell Station MS";"Jul 21, 2026, 22:00:00";"37";"18.06";"0.04";"39.79";"5.17"
"Farmwell Station MS";"Jul 21, 2026, 21:00:00";"45";"7.55";"0.05";"38.28";"8.18"
"Farmwell Station MS";"Jul 21, 2026, 20:00:00";"44";"7.51";"0.08";"7.15";"7.98"
"Farmwell Station MS";"Jul 21, 2026, 19:00:00";"43";"6.33";"0.1";"0";"7.27"
"Farmwell Station MS";"Jul 21, 2026, 18:00:00";"45";"4.53";"0.14";"0";"8.17"
"Farmwell Station MS";"Jul 21, 2026, 17:00:00";"45";"2.41";"0.1";"0";"7.93"
"Farmwell Station MS";"Jul 21, 2026, 16:00:00";"46";"0.57";"0.09";"0";"8.48"
"Farmwell Station MS";"Jul 21, 2026, 15:00:00";"45";"0.02";"0.06";"0";"7.38"
"Farmwell Station MS";"Jul 21, 2026, 14:00:00";"49";"0";"0.06";"0";"7.79"
"Farmwell Station MS";"Jul 21, 2026, 13:00:00";"53";"0.9";"0.09";"0";"8.51"
"Farmwell Station MS";"Jul 21, 2026, 12:00:00";"55";"0.15";"0.1";"0";"9.59"
"Farmwell Station MS";"Jul 21, 2026, 11:00:00";"57";"0.55";"0.13";"0";"11.07"
"Farmwell Station MS";"Jul 21, 2026, 10:00:00";"60";"2.27";"0.15";"8.3";"11.49"
"Farmwell Station MS";"Jul 21, 2026, 09:00:00";"63";"7.34";"0.19";"30.46";"13.9"
"Farmwell Station MS";"Jul 21, 2026, 08:00:00";"67";"7.94";"0.22";"26.8";"15.68"
"Farmwell Station MS";"Jul 21, 2026, 07:00:00";"68";"8.33";"0.24";"37.21";"16.49"
"Farmwell Station MS";"Jul 21, 2026, 06:00:00";"71";"7.23";"0.28";"36.03";"17.93"
"Farmwell Station MS";"Jul 21, 2026, 05:00:00";"75";"14.62";"0.35";"33.85";"18.79"
"Farmwell Station MS";"Jul 21, 2026, 04:00:00";"79";"17.57";"0.4";"30.74";"21.55"
"Farmwell Station MS";"Jul 21, 2026, 03:00:00";"82";"17.36";"0.45";"21.26";"23.59"
"Farmwell Station MS";"Jul 21, 2026, 02:00:00";"84";"14.86";"0.46";"11.83";"24.81"
"Farmwell Station MS";"Jul 21, 2026, 01:00:00";"86";"17.2";"0.48";"2.96";"25.18"
"Farmwell Station MS";"Jul 21, 2026, 00:00:00";"87";"19.99";"0.51";"0";"26.38"
"Farmwell Station MS";"Jul 20, 2026, 23:00:00";"88";"19.94";"0.48";"0";"26.42"
"Farmwell Station MS";"Jul 20, 2026, 22:00:00";"89";"21.69";"0.42";"0";"26.25"
"Farmwell Station MS";"Jul 20, 2026, 21:00:00";"90";"21.82";"0.4";"0";"27.51"
"Farmwell Station MS";"Jul 20, 2026, 20:00:00";"93";"19.58";"0.37";"4.59";"31.79"
"Farmwell Station MS";"Jul 20, 2026, 19:00:00";"93";"17.13";"0.34";"2.67";"31.78"
"Farmwell Station MS";"Jul 20, 2026, 18:00:00";"92";"16.93";"0.34";"0";"31.26"
"Farmwell Station MS";"Jul 20, 2026, 17:00:00";"92";"14.18";"0.3";"0";"31.77"
"Farmwell Station MS";"Jul 20, 2026, 16:00:00";"90";"6.25";"0.29";"0";"30.17"
"Farmwell Station MS";"Jul 20, 2026, 15:00:00";"90";"13.32";"0.29";"0";"31.12"
"Farmwell Station MS";"Jul 20, 2026, 14:00:00";"88";"18.59";"0.26";"0";"30.89"
"Farmwell Station MS";"Jul 20, 2026, 13:00:00";"84";"15.24";"0.16";"0";"28.25"
"Farmwell Station MS";"Jul 20, 2026, 12:00:00";"80";"3.5";"0.16";"0";"25.74"
"Farmwell Station MS";"Jul 20, 2026, 11:00:00";"77";"1.9";"0.19";"7.27";"25.11"
"Farmwell Station MS";"Jul 20, 2026, 10:00:00";"73";"3.41";"0.21";"3.94";"24.69"
"Farmwell Station MS";"Jul 20, 2026, 09:00:00";"67";"5.06";"0.25";"8.87";"19.48"
"Farmwell Station MS";"Jul 20, 2026, 08:00:00";"63";"8.56";"0.29";"34.44";"16.8"
"Farmwell Station MS";"Jul 20, 2026, 07:00:00";"60";"9.29";"0.27";"48.43";"13.67"
"Farmwell Station MS";"Jul 20, 2026, 06:00:00";"61";"0";"0";"0";"12.85"
"Farmwell Station MS";"Jul 20, 2026, 04:00:00";"65";"6.44";"0.26";"40.83";"15.36"
"Farmwell Station MS";"Jul 20, 2026, 03:00:00";"68";"7.08";"0.24";"34.14";"16.41"
"Farmwell Station MS";"Jul 20, 2026, 02:00:00";"70";"7.53";"0.25";"23.84";"17.73"
"Farmwell Station MS";"Jul 20, 2026, 01:00:00";"73";"7.48";"0.29";"14.41";"18.66"
"Farmwell Station MS";"Jul 20, 2026, 00:00:00";"77";"7.75";"0.34";"8.47";"19.88"
"Farmwell Station MS";"Jul 19, 2026, 23:00:00";"83";"8.22";"0.39";"1.61";"22.24"
"Farmwell Station MS";"Jul 19, 2026, 22:00:00";"89";"7.67";"0.41";"0";"25.22"
"Farmwell Station MS";"Jul 19, 2026, 21:00:00";"97";"7.17";"0.45";"1.15";"29.37"
"Farmwell Station MS";"Jul 19, 2026, 20:00:00";"107";"5.58";"0.49";"5.3";"35.98"
"Farmwell Station MS";"Jul 19, 2026, 19:00:00";"112";"5.42";"0.5";"4.5";"36.65"
"Farmwell Station MS";"Jul 19, 2026, 18:00:00";"119";"5.07";"0.54";"2.17";"38"
"Farmwell Station MS";"Jul 19, 2026, 17:00:00";"130";"4.51";"0.55";"0.2";"44.36"
"Farmwell Station MS";"Jul 19, 2026, 16:00:00";"137";"2.78";"0.56";"0";"48.79"
"Farmwell Station MS";"Jul 19, 2026, 15:00:00";"141";"2.62";"0.56";"0";"51.16"
"Farmwell Station MS";"Jul 19, 2026, 14:00:00";"142";"1.44";"0.57";"0";"54.71"
"Farmwell Station MS";"Jul 19, 2026, 13:00:00";"134";"1.01";"0.55";"0";"57.35"
"Farmwell Station MS";"Jul 19, 2026, 12:00:00";"114";"0.99";"0.42";"0.08";"50.88"
"Farmwell Station MS";"Jul 19, 2026, 11:00:00";"91";"0.85";"0.28";"0";"41.71"
"Farmwell Station MS";"Jul 19, 2026, 10:00:00";"70";"1.88";"0.16";"0";"26.73"
"Farmwell Station MS";"Jul 19, 2026, 09:00:00";"55";"1.88";"0.09";"0";"15.22"
"Farmwell Station MS";"Jul 19, 2026, 08:00:00";"37";"2.94";"0.05";"0.26";"6.59"
"Farmwell Station MS";"Jul 19, 2026, 07:00:00";"37";"4.21";"0.02";"18.48";"6.66"
"Farmwell Station MS";"Jul 19, 2026, 06:00:00";"37";"4.02";"0.01";"6.8";"6.76"
"Farmwell Station MS";"Jul 19, 2026, 05:00:00";"36";"3.74";"0.01";"7.44";"5.78"
"Farmwell Station MS";"Jul 19, 2026, 04:00:00";"39";"2.49";"0.02";"17.48";"5.55"
"Farmwell Station MS";"Jul 19, 2026, 03:00:00";"48";"1.81";"0.03";"32.16";"7.21"
"Farmwell Station MS";"Jul 19, 2026, 02:00:00";"53";"0.83";"0.04";"26.67";"8.17"
"Farmwell Station MS";"Jul 19, 2026, 01:00:00";"56";"3.51";"0.13";"52.09";"11.02"
"Farmwell Station MS";"Jul 19, 2026, 00:00:00";"57";"3.97";"0.16";"59.37";"12.48"
"Farmwell Station MS";"Jul 18, 2026, 23:00:00";"56";"3.81";"0.13";"51.77";"11.78"
"Farmwell Station MS";"Jul 18, 2026, 22:00:00";"55";"5.98";"0.12";"45.05";"10.87"
"Farmwell Station MS";"Jul 18, 2026, 21:00:00";"56";"5.45";"0.13";"39.48";"10.53"
"Farmwell Station MS";"Jul 18, 2026, 20:00:00";"58";"10.58";"0.14";"35.27";"10.23"
"Farmwell Station MS";"Jul 18, 2026, 19:00:00";"63";"10.63";"0.15";"6.45";"10.13"
"Farmwell Station MS";"Jul 18, 2026, 18:00:00";"72";"16.02";"0.14";"6.35";"10.54"
"Farmwell Station MS";"Jul 18, 2026, 17:00:00";"90";"9.86";"0.09";"7.12";"12.73"
"Farmwell Station MS";"Jul 18, 2026, 16:00:00";"129";"9.73";"0.11";"0";"21.06"
"Farmwell Station MS";"Jul 18, 2026, 15:00:00";"163";"9.23";"0.29";"0";"67.31"
"Farmwell Station MS";"Jul 18, 2026, 14:00:00";"164";"0.06";"0.39";"0";"80.02"
"Farmwell Station MS";"Jul 18, 2026, 13:00:00";"163";"0.24";"0.46";"0";"83.58"
"Farmwell Station MS";"Jul 18, 2026, 12:00:00";"158";"4.91";"0.53";"0";"74.58"
"Farmwell Station MS";"Jul 18, 2026, 11:00:00";"157";"6.85";"0.5";"0";"65.41"
"Farmwell Station MS";"Jul 18, 2026, 10:00:00";"156";"12.14";"0.52";"0.25";"61.65"
"Farmwell Station MS";"Jul 18, 2026, 09:00:00";"156";"15.75";"0.52";"5.69";"59.52"
"Farmwell Station MS";"Jul 18, 2026, 08:00:00";"156";"21.83";"0.54";"5.72";"59.85"
"Farmwell Station MS";"Jul 18, 2026, 07:00:00";"157";"28.52";"0.56";"5.32";"60.45"
"Farmwell Station MS";"Jul 18, 2026, 06:00:00";"158";"14.37";"0.54";"0.57";"60.93"
"Farmwell Station MS";"Jul 18, 2026, 05:00:00";"160";"15.19";"0.62";"1.47";"64.19"
"Farmwell Station MS";"Jul 18, 2026, 04:00:00";"161";"13.97";"0.64";"0.87";"67.28"
"Farmwell Station MS";"Jul 18, 2026, 03:00:00";"162";"9.32";"0.66";"3.2";"64.59"
"Farmwell Station MS";"Jul 18, 2026, 02:00:00";"165";"6.69";"0.7";"0.03";"68.89"
"Farmwell Station MS";"Jul 18, 2026, 01:00:00";"168";"7.78";"0.75";"0";"71.63"
"Farmwell Station MS";"Jul 18, 2026, 00:00:00";"170";"6.4";"0.68";"0";"68.51"
"Farmwell Station MS";"Jul 17, 2026, 23:00:00";"175";"6.88";"0.74";"0";"73.41"
"Farmwell Station MS";"Jul 17, 2026, 22:00:00";"181";"6.79";"0.8";"2.71";"86.62"
"Farmwell Station MS";"Jul 17, 2026, 21:00:00";"183";"5.63";"0.78";"8.31";"99.56"
"Farmwell Station MS";"Jul 17, 2026, 20:00:00";"183";"5.1";"0.71";"3.2";"100.97"
"Farmwell Station MS";"Jul 17, 2026, 19:00:00";"183";"3.43";"0.69";"0";"100.39"
"Farmwell Station MS";"Jul 17, 2026, 18:00:00";"183";"4.83";"0.66";"0";"98.39"
"Farmwell Station MS";"Jul 17, 2026, 17:00:00";"183";"6.96";"0.67";"0";"96.93"
"Farmwell Station MS";"Jul 17, 2026, 16:00:00";"184";"5.35";"0.64";"0";"98.91"
"Farmwell Station MS";"Jul 17, 2026, 15:00:00";"184";"5.85";"0.57";"0";"99.16"
"Farmwell Station MS";"Jul 17, 2026, 14:00:00";"185";"4.95";"0.5";"0";"97.16"
"Farmwell Station MS";"Jul 17, 2026, 13:00:00";"187";"3.52";"0.54";"0";"101.06"
"Farmwell Station MS";"Jul 17, 2026, 12:00:00";"190";"0.48";"0.54";"0";"99.99"
"Farmwell Station MS";"Jul 17, 2026, 11:00:00";"193";"0.74";"0.63";"0";"102.71"
"Farmwell Station MS";"Jul 17, 2026, 10:00:00";"200";"1.13";"0.98";"6.2";"128.92"
"Farmwell Station MS";"Jul 17, 2026, 09:00:00";"198";"6.81";"1.1";"8.17";"133.84"
"Farmwell Station MS";"Jul 17, 2026, 08:00:00";"190";"10.31";"1.12";"11.47";"108.44"
"Farmwell Station MS";"Jul 17, 2026, 07:00:00";"191";"12.06";"1.15";"21.75";"101.36"
"Farmwell Station MS";"Jul 17, 2026, 06:00:00";"198";"11.29";"1.23";"11.17";"109.79"
"Farmwell Station MS";"Jul 17, 2026, 05:00:00";"210";"8.93";"1.28";"5.88";"124.82"
"Farmwell Station MS";"Jul 17, 2026, 04:00:00";"219";"8.24";"1.35";"12.8";"144.61"
"Farmwell Station MS";"Jul 17, 2026, 03:00:00";"217";"7.2";"1.45";"13.73";"157.91"
"Farmwell Station MS";"Jul 17, 2026, 02:00:00";"200";"6.44";"1.35";"13.44";"155.93"
"Farmwell Station MS";"Jul 17, 2026, 01:00:00";"178";"5.85";"0.89";"3.78";"119.04"
"Farmwell Station MS";"Jul 17, 2026, 00:00:00";"159";"4.96";"0.62";"0.74";"87.6"
"Farmwell Station MS";"Jul 16, 2026, 23:00:00";"127";"3.69";"0.46";"0";"63.19"
"Farmwell Station MS";"Jul 16, 2026, 22:00:00";"88";"1.56";"0.35";"0";"40.93"
"Farmwell Station MS";"Jul 16, 2026, 21:00:00";"67";"0.95";"0.26";"0";"15.54"
"Farmwell Station MS";"Jul 16, 2026, 20:00:00";"68";"0.77";"0.26";"0";"17.23"
"Farmwell Station MS";"Jul 16, 2026, 19:00:00";"68";"0.3";"0.28";"0";"18.87"
"Farmwell Station MS";"Jul 16, 2026, 18:00:00";"68";"1.39";"0.3";"0";"19.42"
"Farmwell Station MS";"Jul 16, 2026, 17:00:00";"66";"0.74";"0.31";"0";"17.26"
"Farmwell Station MS";"Jul 16, 2026, 16:00:00";"66";"0.1";"0.32";"0";"15.95"
"Farmwell Station MS";"Jul 16, 2026, 15:00:00";"67";"0";"0.34";"0";"17.19"
"Farmwell Station MS";"Jul 16, 2026, 14:00:00";"67";"1.79";"0.31";"0";"18.78"
"Farmwell Station MS";"Jul 16, 2026, 13:00:00";"66";"0.64";"0.28";"0";"16.24"
"Farmwell Station MS";"Jul 16, 2026, 12:00:00";"67";"0";"0.28";"0";"17.33"
"Farmwell Station MS";"Jul 16, 2026, 11:00:00";"67";"0";"0.25";"0";"19.9"
"Farmwell Station MS";"Jul 16, 2026, 10:00:00";"63";"0.07";"0.21";"0";"17.62"
"Farmwell Station MS";"Jul 16, 2026, 09:00:00";"62";"0.7";"0.19";"0";"15.83"
"Farmwell Station MS";"Jul 16, 2026, 08:00:00";"60";"3.39";"0.17";"0";"14.39"
"Farmwell Station MS";"Jul 16, 2026, 07:00:00";"60";"4.43";"0.16";"0";"14.5"
"Farmwell Station MS";"Jul 16, 2026, 06:00:00";"59";"4.08";"0.15";"0";"13.35"
"Farmwell Station MS";"Jul 16, 2026, 05:00:00";"59";"4";"0.15";"0";"13.91"
"Farmwell Station MS";"Jul 16, 2026, 04:00:00";"59";"3.43";"0.15";"0";"14.35"
"Farmwell Station MS";"Jul 16, 2026, 03:00:00";"57";"3.78";"0.16";"0";"13.77"
"Farmwell Station MS";"Jul 16, 2026, 02:00:00";"57";"0.96";"0.17";"0";"12.79"
"Farmwell Station MS";"Jul 16, 2026, 01:00:00";"56";"0.73";"0.18";"0";"12.05"
"Farmwell Station MS";"Jul 16, 2026, 00:00:00";"56";"0.63";"0.2";"0";"12.47"
"Farmwell Station MS";"Jul 15, 2026, 23:00:00";"56";"0.48";"0.22";"0";"12.14"
"Farmwell Station MS";"Jul 15, 2026, 22:00:00";"55";"0.18";"0.24";"0";"10.89"
"Farmwell Station MS";"Jul 15, 2026, 21:00:00";"55";"0";"0.24";"0";"10.66"
"Farmwell Station MS";"Jul 15, 2026, 20:00:00";"56";"0.07";"0.26";"0";"11.26"
"Farmwell Station MS";"Jul 15, 2026, 19:00:00";"55";"0.14";"0.28";"0";"11.48"
"Farmwell Station MS";"Jul 15, 2026, 18:00:00";"55";"0.27";"0.29";"0";"10.8"
"Farmwell Station MS";"Jul 15, 2026, 17:00:00";"55";"0";"0.29";"0";"10.58"
"Farmwell Station MS";"Jul 15, 2026, 16:00:00";"56";"0.22";"0.3";"0";"10.82"
"Farmwell Station MS";"Jul 15, 2026, 15:00:00";"57";"0";"0.29";"0";"11.76"
"Farmwell Station MS";"Jul 15, 2026, 14:00:00";"58";"0";"0.27";"0";"11.96"
"Farmwell Station MS";"Jul 15, 2026, 13:00:00";"59";"0";"0.24";"0";"13.25"
"Farmwell Station MS";"Jul 15, 2026, 12:00:00";"58";"0";"0.24";"0";"13.25"
"Farmwell Station MS";"Jul 15, 2026, 11:00:00";"57";"0";"0.21";"0";"13.81"
"Farmwell Station MS";"Jul 15, 2026, 10:00:00";"55";"0";"0.18";"0";"13.09"
"Farmwell Station MS";"Jul 15, 2026, 09:00:00";"50";"0.11";"0.21";"0";"10.58"
"Farmwell Station MS";"Jul 15, 2026, 08:00:00";"46";"3.06";"0.18";"4.32";"8.93"
"Farmwell Station MS";"Jul 15, 2026, 07:00:00";"45";"4.21";"0.13";"31.61";"8.57"
"Farmwell Station MS";"Jul 15, 2026, 06:00:00";"44";"4.06";"0.12";"28.38";"8.46"
"Farmwell Station MS";"Jul 15, 2026, 05:00:00";"44";"3.43";"0.12";"25.51";"7.73"
"Farmwell Station MS";"Jul 15, 2026, 04:00:00";"44";"3.64";"0.12";"22.19";"7.97"
"Farmwell Station MS";"Jul 15, 2026, 03:00:00";"44";"5.38";"0.13";"19.07";"7.91"
"Farmwell Station MS";"Jul 15, 2026, 02:00:00";"44";"3.61";"0.17";"3.12";"7.6"
"Farmwell Station MS";"Jul 15, 2026, 01:00:00";"45";"3.51";"0.18";"0";"7.76"
"Farmwell Station MS";"Jul 15, 2026, 00:00:00";"45";"3.32";"0.19";"0";"7.65"
"Farmwell Station MS";"Jul 14, 2026, 23:00:00";"46";"2.4";"0.21";"0";"7.42"
"Farmwell Station MS";"Jul 14, 2026, 22:00:00";"48";"2.79";"0.23";"0";"7.88"
"Farmwell Station MS";"Jul 14, 2026, 21:00:00";"48";"2.37";"0.23";"0";"8.54"
"Farmwell Station MS";"Jul 14, 2026, 20:00:00";"48";"2.33";"0.23";"0";"8.98"
"Farmwell Station MS";"Jul 14, 2026, 19:00:00";"49";"1.24";"0.25";"0";"8.99"
"Farmwell Station MS";"Jul 14, 2026, 18:00:00";"48";"0.49";"0.27";"0";"8.81"
"Farmwell Station MS";"Jul 14, 2026, 17:00:00";"47";"0.74";"0.29";"0";"8.72"
"Farmwell Station MS";"Jul 14, 2026, 16:00:00";"46";"0.17";"0.3";"0";"8.31"
"Farmwell Station MS";"Jul 14, 2026, 15:00:00";"46";"0.95";"0.3";"0";"8.19"
"Farmwell Station MS";"Jul 14, 2026, 14:00:00";"46";"0";"0.28";"0";"8.08"
"Farmwell Station MS";"Jul 14, 2026, 13:00:00";"47";"0";"0.25";"0";"8.13"
"Farmwell Station MS";"Jul 14, 2026, 12:00:00";"47";"0";"0.21";"0";"8.64"
"Farmwell Station MS";"Jul 14, 2026, 11:00:00";"47";"0";"0.17";"0";"8.65"
"Farmwell Station MS";"Jul 14, 2026, 10:00:00";"45";"0.17";"0.21";"0";"9.8"
"Farmwell Station MS";"Jul 14, 2026, 09:00:00";"38";"0.98";"0.19";"0";"7.99"
"Farmwell Station MS";"Jul 14, 2026, 08:00:00";"35";"2.88";"0.15";"21.87";"5.75"
"Farmwell Station MS";"Jul 14, 2026, 07:00:00";"37";"5.18";"0.13";"47.85";"6.18"
"Farmwell Station MS";"Jul 14, 2026, 06:00:00";"39";"3.74";"0.12";"42.48";"7.68"
"Farmwell Station MS";"Jul 14, 2026, 05:00:00";"37";"3.61";"0.1";"34.68";"6.56"
"Farmwell Station MS";"Jul 14, 2026, 04:00:00";"37";"8.8";"0.13";"30.74";"6.1"
"Farmwell Station MS";"Jul 14, 2026, 03:00:00";"38";"4.59";"0.11";"26.95";"6.36"
"Farmwell Station MS";"Jul 14, 2026, 02:00:00";"39";"3.61";"0.13";"8.25";"6.47"
"Farmwell Station MS";"Jul 14, 2026, 01:00:00";"40";"5.98";"0.16";"0.11";"6.34"
"Farmwell Station MS";"Jul 14, 2026, 00:00:00";"43";"8.52";"0.17";"0";"6.23"
"Farmwell Station MS";"Jul 13, 2026, 23:00:00";"47";"10.07";"0.19";"0";"7.47"
"Farmwell Station MS";"Jul 13, 2026, 22:00:00";"48";"9.21";"0.21";"0.01";"8.49"
"Farmwell Station MS";"Jul 13, 2026, 21:00:00";"48";"6.43";"0.22";"2.99";"8.98"
"Farmwell Station MS";"Jul 13, 2026, 20:00:00";"47";"10.36";"0.22";"0";"8.83"
"Farmwell Station MS";"Jul 13, 2026, 19:00:00";"47";"12.94";"0.22";"0";"8.55"
"Farmwell Station MS";"Jul 13, 2026, 18:00:00";"46";"6.54";"0.22";"0";"8.18"
"Farmwell Station MS";"Jul 13, 2026, 17:00:00";"47";"6.94";"0.21";"0";"8.66"
"Farmwell Station MS";"Jul 13, 2026, 16:00:00";"45";"2.43";"0.17";"0";"7.9"
"Farmwell Station MS";"Jul 13, 2026, 15:00:00";"47";"3.05";"0.21";"0";"8.69"
"Farmwell Station MS";"Jul 13, 2026, 14:00:00";"44";"0.33";"0.17";"0";"8.57"
"Farmwell Station MS";"Jul 13, 2026, 13:00:00";"42";"0.03";"0.14";"0";"7.66"
"Farmwell Station MS";"Jul 13, 2026, 12:00:00";"40";"2.43";"0.14";"0";"7.21"
"Farmwell Station MS";"Jul 13, 2026, 11:00:00";"40";"0";"0.13";"4.82";"7.39"
"Farmwell Station MS";"Jul 13, 2026, 10:00:00";"39";"0";"0.14";"5.05";"7.14"
"Farmwell Station MS";"Jul 13, 2026, 09:00:00";"38";"1.01";"0.15";"4.11";"6.58"
"Farmwell Station MS";"Jul 13, 2026, 08:00:00";"39";"2.85";"0.16";"48.71";"5.06"
"Farmwell Station MS";"Jul 13, 2026, 07:00:00";"50";"4.41";"0.16";"61.08";"7.34"
"Farmwell Station MS";"Jul 13, 2026, 06:00:00";"54";"2.95";"0.13";"57.56";"11.79"
"Farmwell Station MS";"Jul 13, 2026, 05:00:00";"50";"3.82";"0.12";"56.9";"10.3"
"Farmwell Station MS";"Jul 13, 2026, 04:00:00";"47";"4.62";"0.12";"54.24";"10.02"
"Farmwell Station MS";"Jul 13, 2026, 03:00:00";"42";"6.24";"0.12";"47.08";"7.92"
"Farmwell Station MS";"Jul 13, 2026, 02:00:00";"41";"3.51";"0.11";"31.71";"6.98"
"Farmwell Station MS";"Jul 13, 2026, 01:00:00";"42";"6.73";"0.12";"13.13";"6.9"
"Farmwell Station MS";"Jul 13, 2026, 00:00:00";"44";"6.18";"0.15";"5.23";"7.37"
"Farmwell Station MS";"Jul 12, 2026, 23:00:00";"45";"12.58";"0.19";"0";"8.08"
"Farmwell Station MS";"Jul 12, 2026, 22:00:00";"45";"14.88";"0.19";"0";"8.14"
"Farmwell Station MS";"Jul 12, 2026, 21:00:00";"46";"13.45";"0.18";"0";"7.76"
"Farmwell Station MS";"Jul 12, 2026, 20:00:00";"47";"15.23";"0.19";"0";"7.73"
"Farmwell Station MS";"Jul 12, 2026, 19:00:00";"48";"11.03";"0.18";"0";"7.41"
"Farmwell Station MS";"Jul 12, 2026, 18:00:00";"52";"18.66";"0.22";"0";"7.82"
"Farmwell Station MS";"Jul 12, 2026, 17:00:00";"54";"10.75";"0.17";"0";"9.77"
"Farmwell Station MS";"Jul 12, 2026, 16:00:00";"54";"0.66";"0.17";"0";"9.93"
"Farmwell Station MS";"Jul 12, 2026, 15:00:00";"54";"0.58";"0.17";"0";"10.29"
"Farmwell Station MS";"Jul 12, 2026, 14:00:00";"54";"0";"0.19";"0";"10.61"
"Farmwell Station MS";"Jul 12, 2026, 13:00:00";"54";"0";"0.18";"0";"10.57"
"Farmwell Station MS";"Jul 12, 2026, 12:00:00";"54";"0.14";"0.18";"0";"10.06"
"Farmwell Station MS";"Jul 12, 2026, 11:00:00";"54";"0.42";"0.18";"0";"9.74"
"Farmwell Station MS";"Jul 12, 2026, 10:00:00";"54";"0.47";"0.17";"0";"10.07"
"Farmwell Station MS";"Jul 12, 2026, 09:00:00";"55";"2.53";"0.16";"20.06";"10.19"
"Farmwell Station MS";"Jul 12, 2026, 08:00:00";"56";"2.33";"0.16";"50.45";"11.07"
"Farmwell Station MS";"Jul 12, 2026, 07:00:00";"56";"2.85";"0.15";"70.81";"11.79"
"Farmwell Station MS";"Jul 12, 2026, 06:00:00";"56";"3.32";"0.15";"71.57";"11.89"
"Farmwell Station MS";"Jul 12, 2026, 05:00:00";"55";"3.47";"0.14";"71.79";"11.62"
"Farmwell Station MS";"Jul 12, 2026, 04:00:00";"54";"4.18";"0.14";"70.46";"11.86"
"Farmwell Station MS";"Jul 12, 2026, 03:00:00";"53";"5.32";"0.16";"67.13";"10.27"
"Farmwell Station MS";"Jul 12, 2026, 02:00:00";"52";"5.76";"0.15";"62.87";"10.38"
"Farmwell Station MS";"Jul 12, 2026, 01:00:00";"49";"6.85";"0.14";"52.95";"9.15"
"Farmwell Station MS";"Jul 12, 2026, 00:00:00";"48";"8.08";"0.16";"44.69";"7.68"
"Farmwell Station MS";"Jul 11, 2026, 23:00:00";"52";"14.45";"0.17";"35.17";"7.6"
"Farmwell Station MS";"Jul 11, 2026, 22:00:00";"56";"6.36";"0.18";"0";"9.4"
"Farmwell Station MS";"Jul 11, 2026, 21:00:00";"59";"3.5";"0.23";"0";"13.33"
"Farmwell Station MS";"Jul 11, 2026, 20:00:00";"59";"2.81";"0.21";"0";"13.34"
"Farmwell Station MS";"Jul 11, 2026, 19:00:00";"59";"3.04";"0.21";"0";"12.7"
"Farmwell Station MS";"Jul 11, 2026, 18:00:00";"59";"3.3";"0.2";"0";"12.93"
"Farmwell Station MS";"Jul 11, 2026, 17:00:00";"60";"0.48";"0.22";"0";"13"
"Farmwell Station MS";"Jul 11, 2026, 16:00:00";"61";"0";"0.23";"0";"13.51"
"Farmwell Station MS";"Jul 11, 2026, 15:00:00";"62";"0";"0.2";"0";"15.25"
"Farmwell Station MS";"Jul 11, 2026, 14:00:00";"61";"0";"0.21";"0";"14.78"
"Farmwell Station MS";"Jul 11, 2026, 13:00:00";"60";"0";"0.2";"0";"14.9"
"Farmwell Station MS";"Jul 11, 2026, 12:00:00";"57";"0";"0.17";"0";"14.68"
"Farmwell Station MS";"Jul 11, 2026, 11:00:00";"50";"0";"0.16";"0";"11.06"
"Farmwell Station MS";"Jul 11, 2026, 10:00:00";"41";"0";"0.16";"0";"8.35"
"Farmwell Station MS";"Jul 11, 2026, 09:00:00";"37";"0.6";"0.17";"0";"7.03"
"Farmwell Station MS";"Jul 11, 2026, 08:00:00";"35";"1.55";"0.14";"23.61";"6.14"
"Farmwell Station MS";"Jul 11, 2026, 07:00:00";"37";"2.88";"0.11";"54.37";"6.13"
"Farmwell Station MS";"Jul 11, 2026, 06:00:00";"38";"2.82";"0.1";"59.27";"7.09"
"Farmwell Station MS";"Jul 11, 2026, 05:00:00";"37";"2.46";"0.11";"56.48";"6.29"
"Farmwell Station MS";"Jul 11, 2026, 04:00:00";"39";"3.51";"0.13";"59.89";"6.75"
"Farmwell Station MS";"Jul 11, 2026, 03:00:00";"40";"4.65";"0.13";"59.95";"7.23"
"Farmwell Station MS";"Jul 11, 2026, 02:00:00";"40";"6.34";"0.13";"56.29";"6.6"
"Farmwell Station MS";"Jul 11, 2026, 01:00:00";"44";"6.56";"0.13";"44.68";"6.46"
"Farmwell Station MS";"Jul 11, 2026, 00:00:00";"52";"6.26";"0.16";"38.3";"8.45"
"Farmwell Station MS";"Jul 10, 2026, 23:00:00";"53";"7.74";"0.18";"32.83";"10.03"
"Farmwell Station MS";"Jul 10, 2026, 22:00:00";"53";"9.9";"0.22";"10.37";"10.48"
"Farmwell Station MS";"Jul 10, 2026, 21:00:00";"52";"10.09";"0.21";"0";"7.72"
"Farmwell Station MS";"Jul 10, 2026, 20:00:00";"55";"14.97";"0.22";"0";"8.5"
"Farmwell Station MS";"Jul 10, 2026, 19:00:00";"60";"0";"0.2";"0";"11.64"
"Farmwell Station MS";"Jul 10, 2026, 18:00:00";"63";"0.24";"0.2";"0";"13.91"
"Farmwell Station MS";"Jul 10, 2026, 17:00:00";"66";"0.88";"0.24";"0";"16.19"
"Farmwell Station MS";"Jul 10, 2026, 16:00:00";"67";"2.84";"0.23";"0";"16.91"
"Farmwell Station MS";"Jul 10, 2026, 15:00:00";"68";"0.76";"0.2";"0";"16.74"
"Farmwell Station MS";"Jul 10, 2026, 14:00:00";"70";"0.49";"0.18";"0";"18.43"
"Farmwell Station MS";"Jul 10, 2026, 13:00:00";"71";"0";"0.18";"0";"19.57"
"Farmwell Station MS";"Jul 10, 2026, 12:00:00";"71";"0.34";"0.17";"0";"22.12"
"Farmwell Station MS";"Jul 10, 2026, 11:00:00";"65";"0";"0.17";"0.56";"17.35"
"Farmwell Station MS";"Jul 10, 2026, 10:00:00";"63";"0";"0.17";"0.28";"17.83"
"Farmwell Station MS";"Jul 10, 2026, 09:00:00";"58";"0";"0.16";"0";"13.8"
"Farmwell Station MS";"Jul 10, 2026, 08:00:00";"55";"2.34";"0.15";"20.71";"11.43"
"Farmwell Station MS";"Jul 10, 2026, 07:00:00";"4";"4.96";"0.13";"80.39";"10.48"
"Farmwell Station MS";"Jul 10, 2026, 06:00:00";"2";"0";"0";"0";"0"
"Farmwell Station MS";"Jul 10, 2026, 05:00:00";"2";"2.15";"0.11";"92.24";"0"
"Farmwell Station MS";"Jul 10, 2026, 04:00:00";"2";"2.28";"0.11";"89.83";"0"
"Farmwell Station MS";"Jul 10, 2026, 03:00:00";"50";"1.75";"0.11";"84.39";"0"
"Farmwell Station MS";"Jul 10, 2026, 02:00:00";"50";"3.2";"0.12";"86.84";"8.63"
"Farmwell Station MS";"Jul 10, 2026, 01:00:00";"52";"3.11";"0.13";"95.22";"9.31"
"Farmwell Station MS";"Jul 10, 2026, 00:00:00";"51";"2.95";"0.16";"99.54";"10.59"
"Farmwell Station MS";"Jul 9, 2026, 23:00:00";"43";"4.06";"0.15";"84.91";"9.48"
"Farmwell Station MS";"Jul 9, 2026, 22:00:00";"34";"2.8";"0.13";"60.09";"7.3"
"Farmwell Station MS";"Jul 9, 2026, 21:00:00";"27";"2.4";"0.13";"32.01";"4.62"
"Farmwell Station MS";"Jul 9, 2026, 20:00:00";"28";"0.93";"0.15";"3.23";"4.05"
"Farmwell Station MS";"Jul 9, 2026, 19:00:00";"34";"4.37";"0.16";"30.08";"4.77"
"Farmwell Station MS";"Jul 9, 2026, 18:00:00";"42";"7.31";"0.13";"57.49";"5.49"
"Farmwell Station MS";"Jul 9, 2026, 17:00:00";"52";"8.82";"0.15";"38.15";"8.73"
"Farmwell Station MS";"Jul 9, 2026, 16:00:00";"54";"12.05";"0.13";"5.69";"5.79"
"Farmwell Station MS";"Jul 9, 2026, 15:00:00";"62";"2.53";"0.16";"0";"12.22"
"Farmwell Station MS";"Jul 9, 2026, 14:00:00";"66";"0.28";"0.21";"0";"17.48"
"Farmwell Station MS";"Jul 9, 2026, 13:00:00";"65";"0";"0.22";"0";"17.64"
"Farmwell Station MS";"Jul 9, 2026, 12:00:00";"63";"2.02";"0.24";"0";"16.2"
"Farmwell Station MS";"Jul 9, 2026, 11:00:00";"62";"0.09";"0.2";"0";"14.99"
"Farmwell Station MS";"Jul 9, 2026, 10:00:00";"62";"1.21";"0.22";"25.27";"15.46"
"Farmwell Station MS";"Jul 9, 2026, 09:00:00";"61";"0.39";"0.18";"70.07";"15.61"
"Farmwell Station MS";"Jul 9, 2026, 08:00:00";"58";"0.72";"0.16";"75.96";"14.86"
"Farmwell Station MS";"Jul 9, 2026, 07:00:00";"54";"4.01";"0.17";"71.65";"12.41"
"Farmwell Station MS";"Jul 9, 2026, 06:00:00";"52";"5.07";"0.17";"68.67";"10.21"
"Farmwell Station MS";"Jul 9, 2026, 05:00:00";"52";"6.17";"0.18";"69.5";"9.89"
"Farmwell Station MS";"Jul 9, 2026, 04:00:00";"50";"8.57";"0.19";"61.57";"9.19"
"Farmwell Station MS";"Jul 9, 2026, 03:00:00";"49";"6.28";"0.18";"49.67";"8.53"
"Farmwell Station MS";"Jul 9, 2026, 02:00:00";"50";"8.65";"0.2";"38";"8.38"
"Farmwell Station MS";"Jul 9, 2026, 01:00:00";"52";"13.59";"0.23";"28.77";"8.73"
"Farmwell Station MS";"Jul 9, 2026, 00:00:00";"53";"19.63";"0.25";"13.15";"9.31"
"Farmwell Station MS";"Jul 8, 2026, 23:00:00";"53";"17.65";"0.25";"0.91";"9.76"
"Farmwell Station MS";"Jul 8, 2026, 22:00:00";"53";"25.22";"0.28";"0";"9.93"
"Farmwell Station MS";"Jul 8, 2026, 21:00:00";"53";"25.05";"0.27";"0";"9.47"
"Farmwell Station MS";"Jul 8, 2026, 20:00:00";"54";"25.27";"0.27";"0";"10.41"
"Farmwell Station MS";"Jul 8, 2026, 19:00:00";"54";"16.4";"0.23";"0";"9.44"
"Farmwell Station MS";"Jul 8, 2026, 18:00:00";"55";"7.33";"0.21";"0";"10.68"
"Farmwell Station MS";"Jul 8, 2026, 17:00:00";"55";"1.72";"0.21";"0.23";"11"
"Farmwell Station MS";"Jul 8, 2026, 16:00:00";"56";"2.96";"0.25";"0";"12.43"
"Farmwell Station MS";"Jul 8, 2026, 15:00:00";"54";"5.36";"0.2";"0";"11.02"
"Farmwell Station MS";"Jul 8, 2026, 14:00:00";"54";"2.25";"0.17";"0";"11.53"
"Farmwell Station MS";"Jul 8, 2026, 13:00:00";"52";"2.32";"0.17";"4.85";"10.72"
"Farmwell Station MS";"Jul 8, 2026, 12:00:00";"46";"2.64";"0.16";"0.16";"8.46"
"Farmwell Station MS";"Jul 8, 2026, 11:00:00";"45";"3.27";"0.16";"18.09";"7.16"
"Farmwell Station MS";"Jul 8, 2026, 10:00:00";"50";"3.42";"0.15";"43.81";"8.28"
"Farmwell Station MS";"Jul 8, 2026, 09:00:00";"52";"3.41";"0.14";"61.38";"7.76"
"Farmwell Station MS";"Jul 8, 2026, 08:00:00";"56";"3.32";"0.14";"73.04";"8.51"
"Farmwell Station MS";"Jul 8, 2026, 07:00:00";"62";"3.68";"0.15";"75.43";"14.06"
"Farmwell Station MS";"Jul 8, 2026, 06:00:00";"62";"3.27";"0.14";"71.23";"16.56"
"Farmwell Station MS";"Jul 8, 2026, 05:00:00";"61";"2.84";"0.13";"71.4";"11.94"
"Farmwell Station MS";"Jul 8, 2026, 04:00:00";"63";"2.45";"0.13";"74.93";"14.14"
"Farmwell Station MS";"Jul 8, 2026, 03:00:00";"64";"3.42";"0.15";"78.25";"16.54"
"Farmwell Station MS";"Jul 8, 2026, 02:00:00";"64";"3.48";"0.15";"63.77";"15.66"
"Farmwell Station MS";"Jul 8, 2026, 01:00:00";"64";"3.33";"0.17";"67.69";"14.08"
"Farmwell Station MS";"Jul 8, 2026, 00:00:00";"65";"2.54";"0.2";"76.28";"18.8"
"Farmwell Station MS";"Jul 7, 2026, 23:00:00";"63";"3.64";"0.21";"62.52";"17.25"
"Farmwell Station MS";"Jul 7, 2026, 22:00:00";"62";"3.57";"0.19";"28.97";"14.24"
"Farmwell Station MS";"Jul 7, 2026, 21:00:00";"62";"2.54";"0.19";"5.73";"13.13"
"Farmwell Station MS";"Jul 7, 2026, 20:00:00";"62";"2.09";"0.19";"0";"14.84"
"Farmwell Station MS";"Jul 7, 2026, 19:00:00";"63";"3.72";"0.19";"0";"15"
"Farmwell Station MS";"Jul 7, 2026, 18:00:00";"63";"1.44";"0.16";"0";"13.58"
"Farmwell Station MS";"Jul 7, 2026, 17:00:00";"67";"0";"0.17";"0";"15.75"
"Farmwell Station MS";"Jul 7, 2026, 16:00:00";"70";"0";"0.2";"0";"19.31"
"Farmwell Station MS";"Jul 7, 2026, 15:00:00";"70";"0";"0.19";"0";"19.32"
"Farmwell Station MS";"Jul 7, 2026, 14:00:00";"70";"0.06";"0.18";"0";"19.16"
"Farmwell Station MS";"Jul 7, 2026, 13:00:00";"70";"0";"0.19";"0";"18.75"
"Farmwell Station MS";"Jul 7, 2026, 12:00:00";"70";"0.16";"0.17";"27.56";"18.57"
"Farmwell Station MS";"Jul 7, 2026, 11:00:00";"71";"0.15";"0.17";"39.21";"15.82"
"Farmwell Station MS";"Jul 7, 2026, 10:00:00";"80";"1.11";"0.17";"67.49";"18.86"
"Farmwell Station MS";"Jul 7, 2026, 09:00:00";"2";"1.75";"0.16";"82.13";"35.67"
"Farmwell Station MS";"Jul 7, 2026, 08:00:00";"2";"2.7";"0.17";"84.09";"0"
"Farmwell Station MS";"Jul 7, 2026, 07:00:00";"3";"3.14";"0.17";"85.93";"0"
"Farmwell Station MS";"Jul 7, 2026, 06:00:00";"2";"2.41";"0.15";"86.51";"0"
"Farmwell Station MS";"Jul 7, 2026, 05:00:00";"58";"2.3";"0.12";"83.15";"0"
"Farmwell Station MS";"Jul 7, 2026, 04:00:00";"58";"3.42";"0.12";"79.67";"12.22"
"Farmwell Station MS";"Jul 7, 2026, 03:00:00";"59";"3.9";"0.12";"75.75";"14.16"
"Farmwell Station MS";"Jul 7, 2026, 02:00:00";"57";"5.1";"0.13";"74.05";"11.76"
"Farmwell Station MS";"Jul 7, 2026, 01:00:00";"58";"4.83";"0.12";"69.86";"10.75"
"Farmwell Station MS";"Jul 7, 2026, 00:00:00";"60";"7.56";"0.14";"68.51";"12.37"
"Farmwell Station MS";"Jul 6, 2026, 23:00:00";"61";"7.2";"0.13";"51.61";"15.35"
"Farmwell Station MS";"Jul 6, 2026, 22:00:00";"60";"5.62";"0.15";"17.25";"16.43"
"Farmwell Station MS";"Jul 6, 2026, 21:00:00";"57";"1.23";"0.2";"0";"12.12"
"Farmwell Station MS";"Jul 6, 2026, 20:00:00";"57";"0.01";"0.2";"0";"11.61"
"Farmwell Station MS";"Jul 6, 2026, 19:00:00";"58";"0";"0.21";"0";"11.85"
"Farmwell Station MS";"Jul 6, 2026, 18:00:00";"59";"0.02";"0.2";"0";"11.88"
"Farmwell Station MS";"Jul 6, 2026, 17:00:00";"62";"0.12";"0.18";"0";"14"
"Farmwell Station MS";"Jul 6, 2026, 16:00:00";"63";"0.45";"0.19";"0";"16.41"
"Farmwell Station MS";"Jul 6, 2026, 15:00:00";"61";"0";"0.2";"0";"15.11"
"Farmwell Station MS";"Jul 6, 2026, 14:00:00";"60";"0";"0.19";"0";"14.79"
"Farmwell Station MS";"Jul 6, 2026, 13:00:00";"59";"0";"0.17";"0";"14.14"
"Farmwell Station MS";"Jul 6, 2026, 12:00:00";"57";"0";"0.17";"0";"13.36"
"Farmwell Station MS";"Jul 6, 2026, 11:00:00";"55";"0.16";"0.16";"0.01";"12.96"
"Farmwell Station MS";"Jul 6, 2026, 10:00:00";"53";"0.58";"0.15";"6.36";"9.97"
"Farmwell Station MS";"Jul 6, 2026, 09:00:00";"52";"1.39";"0.15";"28.41";"8.64"
"Farmwell Station MS";"Jul 6, 2026, 08:00:00";"53";"4.31";"0.18";"51.19";"8.38"
"Farmwell Station MS";"Jul 6, 2026, 07:00:00";"55";"4.68";"0.13";"63.27";"11.74"
"Farmwell Station MS";"Jul 6, 2026, 06:00:00";"55";"3.65";"0.12";"64.9";"10.71"
"Farmwell Station MS";"Jul 6, 2026, 05:00:00";"55";"4.01";"0.13";"62.45";"11.71"
"Farmwell Station MS";"Jul 6, 2026, 04:00:00";"53";"3.99";"0.14";"57.81";"10.49"
"Farmwell Station MS";"Jul 6, 2026, 03:00:00";"52";"4.69";"0.15";"56.05";"10.72"
"Farmwell Station MS";"Jul 6, 2026, 02:00:00";"48";"3.99";"0.15";"53.11";"7.57"
"Farmwell Station MS";"Jul 6, 2026, 01:00:00";"53";"5.33";"0.16";"52.38";"9.11"
"Farmwell Station MS";"Jul 6, 2026, 00:00:00";"54";"5.76";"0.16";"45.32";"9.09"
"Farmwell Station MS";"Jul 5, 2026, 23:00:00";"56";"4.52";"0.18";"7.64";"11.33"
"Farmwell Station MS";"Jul 5, 2026, 22:00:00";"57";"2.92";"0.19";"0";"9.86"
"Farmwell Station MS";"Jul 5, 2026, 21:00:00";"62";"3.42";"0.19";"1.28";"10.58"
"Farmwell Station MS";"Jul 5, 2026, 20:00:00";"69";"0.01";"0.27";"0.54";"16.96"
"Farmwell Station MS";"Jul 5, 2026, 19:00:00";"72";"0";"0.35";"0";"23.3"
"Farmwell Station MS";"Jul 5, 2026, 18:00:00";"65";"0";"0.35";"0";"19.49"
"Farmwell Station MS";"Jul 5, 2026, 17:00:00";"60";"0";"0.33";"0";"15.6"
"Farmwell Station MS";"Jul 5, 2026, 16:00:00";"58";"0";"0.33";"0";"14.86"
"Farmwell Station MS";"Jul 5, 2026, 15:00:00";"57";"0";"0.3";"0";"12.48"
"Farmwell Station MS";"Jul 5, 2026, 14:00:00";"57";"0";"0.28";"0";"11.99"
"Farmwell Station MS";"Jul 5, 2026, 13:00:00";"57";"0";"0.26";"0";"11.77"
"Farmwell Station MS";"Jul 5, 2026, 12:00:00";"57";"0";"0.21";"0";"11.88"
"Farmwell Station MS";"Jul 5, 2026, 11:00:00";"56";"0";"0.17";"0";"10.98"
"Farmwell Station MS";"Jul 5, 2026, 10:00:00";"57";"0";"0.15";"0.62";"12.44"
"Farmwell Station MS";"Jul 5, 2026, 09:00:00";"57";"0";"0.15";"0.03";"11.32"
"Farmwell Station MS";"Jul 5, 2026, 08:00:00";"58";"0.21";"0.13";"9.01";"11.39"
"Farmwell Station MS";"Jul 5, 2026, 07:00:00";"60";"0.8";"0.11";"35.95";"12.08"
"Farmwell Station MS";"Jul 5, 2026, 06:00:00";"62";"1.03";"0.11";"35.85";"15.52"
"Farmwell Station MS";"Jul 5, 2026, 05:00:00";"61";"1.24";"0.11";"31.89";"13.33"
"Farmwell Station MS";"Jul 5, 2026, 04:00:00";"62";"2.55";"0.13";"31.14";"16.03"
"Farmwell Station MS";"Jul 5, 2026, 03:00:00";"60";"3.54";"0.13";"23.66";"13"
"Farmwell Station MS";"Jul 5, 2026, 02:00:00";"60";"3.06";"0.13";"24.88";"11.52"
"Farmwell Station MS";"Jul 5, 2026, 01:00:00";"64";"1.57";"0.13";"20.81";"12.9"
"Farmwell Station MS";"Jul 5, 2026, 00:00:00";"70";"2.54";"0.16";"15.52";"21.14"
"Farmwell Station MS";"Jul 4, 2026, 23:00:00";"67";"3.38";"0.19";"9.37";"24.84"
"Farmwell Station MS";"Jul 4, 2026, 22:00:00";"53";"1.88";"0.19";"9.35";"8.63"
"Farmwell Station MS";"Jul 4, 2026, 21:00:00";"55";"0.61";"0.19";"0.6";"8.61"
"Farmwell Station MS";"Jul 4, 2026, 20:00:00";"60";"0";"0.24";"1.04";"12.06"
"Farmwell Station MS";"Jul 4, 2026, 19:00:00";"62";"0";"0.28";"0.72";"15.33"
"Farmwell Station MS";"Jul 4, 2026, 18:00:00";"62";"0";"0.39";"0";"17.42"
"Farmwell Station MS";"Jul 4, 2026, 17:00:00";"57";"0";"0.37";"0";"12.56"
"Farmwell Station MS";"Jul 4, 2026, 16:00:00";"56";"0";"0.39";"0";"12.35"
"Farmwell Station MS";"Jul 4, 2026, 15:00:00";"55";"0";"0.37";"0";"12.45"
"Farmwell Station MS";"Jul 4, 2026, 14:00:00";"52";"0";"0.35";"0";"10.41"
"Farmwell Station MS";"Jul 4, 2026, 13:00:00";"50";"0.02";"0.31";"0";"8.24"
"Farmwell Station MS";"Jul 4, 2026, 12:00:00";"53";"0";"0.28";"0";"9.2"
"Farmwell Station MS";"Jul 4, 2026, 11:00:00";"54";"0";"0.25";"0";"10.25"
"Farmwell Station MS";"Jul 4, 2026, 10:00:00";"54";"0";"0.22";"0";"11.67"
"Farmwell Station MS";"Jul 4, 2026, 09:00:00";"50";"0";"0.16";"0.6";"9.24"
"Farmwell Station MS";"Jul 4, 2026, 08:00:00";"49";"0";"0.14";"0";"7.15"
"Farmwell Station MS";"Jul 4, 2026, 07:00:00";"54";"0.1";"0.12";"0";"8.16"
"Farmwell Station MS";"Jul 4, 2026, 06:00:00";"58";"0.14";"0.13";"0";"10.52"
"Farmwell Station MS";"Jul 4, 2026, 05:00:00";"63";"0";"0.16";"0";"13.27"
"Farmwell Station MS";"Jul 4, 2026, 04:00:00";"65";"0";"0.2";"0";"15.43"
"Farmwell Station MS";"Jul 4, 2026, 03:00:00";"65";"0";"0.21";"0";"15.57"
"Farmwell Station MS";"Jul 4, 2026, 02:00:00";"65";"0";"0.22";"0";"15.58"
"Farmwell Station MS";"Jul 4, 2026, 01:00:00";"66";"0";"0.25";"0";"15.89"
"Farmwell Station MS";"Jul 4, 2026, 00:00:00";"66";"0";"0.28";"0";"16.72"
"Farmwell Station MS";"Jul 3, 2026, 23:00:00";"67";"0";"0.29";"0";"17.14"
"Farmwell Station MS";"Jul 3, 2026, 22:00:00";"67";"0";"0.31";"0";"18"
"Farmwell Station MS";"Jul 3, 2026, 21:00:00";"67";"0";"0.31";"0";"18.71"
"Farmwell Station MS";"Jul 3, 2026, 20:00:00";"66";"0";"0.34";"0";"17.52"
"Farmwell Station MS";"Jul 3, 2026, 19:00:00";"66";"0";"0.36";"0";"17.51"
"Farmwell Station MS";"Jul 3, 2026, 18:00:00";"65";"0";"0.39";"0";"16.51"
"Farmwell Station MS";"Jul 3, 2026, 17:00:00";"65";"0";"0.4";"0";"16.78"
"Farmwell Station MS";"Jul 3, 2026, 16:00:00";"64";"0";"0.38";"0";"15.14"
"Farmwell Station MS";"Jul 3, 2026, 15:00:00";"65";"0";"0.36";"0";"15.05"
"Farmwell Station MS";"Jul 3, 2026, 14:00:00";"68";"0";"0.35";"0";"15.81"
"Farmwell Station MS";"Jul 3, 2026, 13:00:00";"70";"1.14";"0.29";"0";"16.19"
"Farmwell Station MS";"Jul 3, 2026, 12:00:00";"72";"0";"0.31";"0";"17.31"
"Farmwell Station MS";"Jul 3, 2026, 11:00:00";"75";"0";"0.29";"0";"20.79"
"Farmwell Station MS";"Jul 3, 2026, 10:00:00";"76";"0";"0.25";"0";"23.55"
"Farmwell Station MS";"Jul 3, 2026, 09:00:00";"75";"0";"0.23";"0";"24.2"
"Farmwell Station MS";"Jul 3, 2026, 08:00:00";"73";"0";"0.22";"0";"23.64"
"Farmwell Station MS";"Jul 3, 2026, 07:00:00";"70";"0";"0.18";"0.12";"22.27"
"Farmwell Station MS";"Jul 3, 2026, 06:00:00";"68";"0.17";"0.18";"0";"18.19"
"Farmwell Station MS";"Jul 3, 2026, 05:00:00";"67";"0.26";"0.19";"0";"17.95"
"Farmwell Station MS";"Jul 3, 2026, 04:00:00";"67";"0.09";"0.18";"0";"18.16"
"Farmwell Station MS";"Jul 3, 2026, 03:00:00";"67";"0";"0.2";"0";"16.7"
"Farmwell Station MS";"Jul 3, 2026, 02:00:00";"67";"0";"0.2";"0";"16.16"
"Farmwell Station MS";"Jul 3, 2026, 01:00:00";"68";"0";"0.22";"0";"16.43"
"Farmwell Station MS";"Jul 3, 2026, 00:00:00";"69";"0";"0.25";"0";"17"
"Farmwell Station MS";"Jul 2, 2026, 23:00:00";"71";"0";"0.28";"0";"17.54"
"Farmwell Station MS";"Jul 2, 2026, 22:00:00";"73";"0";"0.29";"0";"18.54"
"Farmwell Station MS";"Jul 2, 2026, 21:00:00";"75";"0";"0.29";"0";"20.13"
"Farmwell Station MS";"Jul 2, 2026, 20:00:00";"77";"0";"0.32";"0";"21.69"
"Farmwell Station MS";"Jul 2, 2026, 19:00:00";"77";"0";"0.34";"0";"21.78"
"Farmwell Station MS";"Jul 2, 2026, 18:00:00";"77";"0";"0.36";"0";"22.46"
"Farmwell Station MS";"Jul 2, 2026, 17:00:00";"78";"0";"0.36";"0";"22.74"
"Farmwell Station MS";"Jul 2, 2026, 16:00:00";"79";"0";"0.36";"0";"22.69"
"Farmwell Station MS";"Jul 2, 2026, 15:00:00";"80";"0";"0.35";"0";"24.26"
"Farmwell Station MS";"Jul 2, 2026, 14:00:00";"81";"0";"0.33";"0";"23.86"
"Farmwell Station MS";"Jul 2, 2026, 13:00:00";"82";"0";"0.33";"0";"25.91"
"Farmwell Station MS";"Jul 2, 2026, 12:00:00";"82";"0";"0.3";"0";"26.5"
"Farmwell Station MS";"Jul 2, 2026, 11:00:00";"81";"0";"0.26";"0";"27.64"
"Farmwell Station MS";"Jul 2, 2026, 10:00:00";"77";"0";"0.23";"0";"27.28"
"Farmwell Station MS";"Jul 2, 2026, 09:00:00";"71";"0";"0.24";"0";"23.42"
"Farmwell Station MS";"Jul 2, 2026, 08:00:00";"67";"0.4";"0.23";"0.37";"19.24"
"Farmwell Station MS";"Jul 2, 2026, 07:00:00";"67";"1.73";"0.2";"27.6";"16.47"
"Farmwell Station MS";"Jul 2, 2026, 06:00:00";"67";"1.39";"0.17";"35.88";"17.04"
"Farmwell Station MS";"Jul 2, 2026, 05:00:00";"68";"0.21";"0.16";"16.74";"17.33"
"Farmwell Station MS";"Jul 2, 2026, 04:00:00";"68";"0";"0.18";"0.16";"17.42"
"Farmwell Station MS";"Jul 2, 2026, 03:00:00";"68";"0";"0.2";"0";"16.72"
"Farmwell Station MS";"Jul 2, 2026, 02:00:00";"69";"0.03";"0.22";"0";"17.33"
"Farmwell Station MS";"Jul 2, 2026, 01:00:00";"70";"0";"0.24";"0";"17.62"
"Farmwell Station MS";"Jul 2, 2026, 00:00:00";"71";"0";"0.26";"0";"17.85"
"Farmwell Station MS";"Jul 1, 2026, 23:00:00";"72";"0";"0.29";"0";"18.33"
"Farmwell Station MS";"Jul 1, 2026, 22:00:00";"73";"0";"0.32";"0";"18.96"
"Farmwell Station MS";"Jul 1, 2026, 21:00:00";"74";"0";"0.31";"0";"21.16"
"Farmwell Station MS";"Jul 1, 2026, 20:00:00";"75";"0";"0.32";"0";"21.88"
"Farmwell Station MS";"Jul 1, 2026, 19:00:00";"75";"0";"0.33";"0";"21.79"
"Farmwell Station MS";"Jul 1, 2026, 18:00:00";"74";"0";"0.36";"0";"22.06"
"Farmwell Station MS";"Jul 1, 2026, 17:00:00";"73";"0.09";"0.37";"0";"21.28"
"Farmwell Station MS";"Jul 1, 2026, 16:00:00";"72";"0.1";"0.36";"0";"21.05"
"Farmwell Station MS";"Jul 1, 2026, 15:00:00";"71";"0.33";"0.36";"0";"20.19"
"Farmwell Station MS";"Jul 1, 2026, 14:00:00";"69";"0";"0.33";"0";"20.33"
"Farmwell Station MS";"Jul 1, 2026, 13:00:00";"66";"0";"0.33";"0";"19.22"
"Farmwell Station MS";"Jul 1, 2026, 12:00:00";"62";"0";"0.31";"0";"17.57"
"Farmwell Station MS";"Jul 1, 2026, 11:00:00";"57";"0";"0.27";"0";"14.82"
"Farmwell Station MS";"Jul 1, 2026, 10:00:00";"53";"0";"0.23";"0";"11.89"
"Farmwell Station MS";"Jul 1, 2026, 09:00:00";"42";"0.73";"0.2";"0";"8.99"
"Farmwell Station MS";"Jul 1, 2026, 08:00:00";"33";"3.87";"0.17";"0";"6.78"
"Farmwell Station MS";"Jul 1, 2026, 07:00:00";"32";"5.34";"0.15";"0";"6.11"
"Farmwell Station MS";"Jul 1, 2026, 06:00:00";"30";"4.73";"0.14";"0";"5.83"
"Farmwell Station MS";"Jul 1, 2026, 05:00:00";"29";"3.93";"0.14";"0";"5.35"
"Farmwell Station MS";"Jul 1, 2026, 04:00:00";"28";"4.62";"0.14";"0";"5.2"
"Farmwell Station MS";"Jul 1, 2026, 03:00:00";"27";"7.3";"0.15";"0";"4.72"
"Farmwell Station MS";"Jul 1, 2026, 02:00:00";"28";"6.73";"0.18";"0";"4.94"
"Farmwell Station MS";"Jul 1, 2026, 01:00:00";"28";"8.52";"0.19";"0";"4.81"
"Farmwell Station MS";"Jul 1, 2026, 00:00:00";"29";"11.27";"0.2";"0";"4.87"
"Farmwell Station MS";"Jun 30, 2026, 23:00:00";"31";"8.35";"0.2";"0";"4.74"
"Farmwell Station MS";"Jun 30, 2026, 22:00:00";"35";"9.21";"0.22";"0.13";"5.45"
"Farmwell Station MS";"Jun 30, 2026, 21:00:00";"40";"6.48";"0.22";"0.11";"6.11"
"Farmwell Station MS";"Jun 30, 2026, 20:00:00";"48";"5.87";"0.22";"0.3";"7.86"
"Farmwell Station MS";"Jun 30, 2026, 19:00:00";"50";"3.61";"0.23";"0";"8.63"
"Farmwell Station MS";"Jun 30, 2026, 18:00:00";"50";"1.51";"0.23";"0";"8.9"
"Farmwell Station MS";"Jun 30, 2026, 17:00:00";"50";"0.72";"0.24";"0";"8.48"
"Farmwell Station MS";"Jun 30, 2026, 16:00:00";"52";"0.16";"0.25";"0";"9.47"
"Farmwell Station MS";"Jun 30, 2026, 15:00:00";"53";"0.28";"0.23";"0";"8.87"
"Farmwell Station MS";"Jun 30, 2026, 14:00:00";"54";"0";"0.22";"0";"9.23"
"Farmwell Station MS";"Jun 30, 2026, 13:00:00";"55";"0";"0.2";"0.12";"10.47"
"Farmwell Station MS";"Jun 30, 2026, 12:00:00";"57";"0.07";"0.2";"0";"12.15"
"Farmwell Station MS";"Jun 30, 2026, 11:00:00";"56";"0.03";"0.18";"0";"11.35"
"Farmwell Station MS";"Jun 30, 2026, 10:00:00";"57";"0.07";"0.21";"0";"11.52"
"Farmwell Station MS";"Jun 30, 2026, 09:00:00";"57";"3.07";"0.22";"1.37";"11.5"
"Farmwell Station MS";"Jun 30, 2026, 08:00:00";"58";"6.97";"0.2";"33.12";"11.66"
"Farmwell Station MS";"Jun 30, 2026, 07:00:00";"61";"7.37";"0.17";"53.83";"15.57"
"Farmwell Station MS";"Jun 30, 2026, 06:00:00";"58";"0";"0";"0";"14.63"
"Farmwell Station MS";"Jun 30, 2026, 05:00:00";"54";"5.77";"0.15";"31.56";"12.01"
"Farmwell Station MS";"Jun 30, 2026, 04:00:00";"52";"7.69";"0.16";"15.76";"9.54"
"Farmwell Station MS";"Jun 30, 2026, 03:00:00";"50";"7.96";"0.17";"7.27";"9.18"
"Farmwell Station MS";"Jun 30, 2026, 02:00:00";"48";"8.7";"0.19";"0";"9.03"
"Farmwell Station MS";"Jun 30, 2026, 01:00:00";"46";"16.01";"0.19";"0";"8.46"
"Farmwell Station MS";"Jun 30, 2026, 00:00:00";"45";"12.84";"0.2";"0";"8.07"
"Farmwell Station MS";"Jun 29, 2026, 23:00:00";"45";"10.39";"0.2";"0";"7.87"
"Farmwell Station MS";"Jun 29, 2026, 22:00:00";"47";"9.19";"0.19";"0";"7.03"
"Farmwell Station MS";"Jun 29, 2026, 21:00:00";"52";"9.61";"0.22";"0";"8.47"
"Farmwell Station MS";"Jun 29, 2026, 20:00:00";"55";"10.64";"0.23";"4.09";"9.32"
"Farmwell Station MS";"Jun 29, 2026, 19:00:00";"58";"9.97";"0.23";"4.56";"12.85"
"Farmwell Station MS";"Jun 29, 2026, 18:00:00";"57";"6.6";"0.25";"0.19";"13.97"
"Farmwell Station MS";"Jun 29, 2026, 17:00:00";"53";"3.96";"0.24";"0";"10.74"
"Farmwell Station MS";"Jun 29, 2026, 16:00:00";"52";"5.4";"0.23";"0";"9.69"
"Farmwell Station MS";"Jun 29, 2026, 15:00:00";"52";"0.05";"0.22";"0";"7.96"
"Farmwell Station MS";"Jun 29, 2026, 14:00:00";"55";"1.21";"0.18";"2.95";"8.94"
"Farmwell Station MS";"Jun 29, 2026, 13:00:00";"60";"0";"0.2";"17.14";"10.85"
"Farmwell Station MS";"Jun 29, 2026, 12:00:00";"65";"0";"0.22";"4.93";"14.62"
"Farmwell Station MS";"Jun 29, 2026, 11:00:00";"68";"0.23";"0.23";"12.76";"15.76"
"Farmwell Station MS";"Jun 29, 2026, 10:00:00";"73";"1.59";"0.2";"61.91";"16.79"
"Farmwell Station MS";"Jun 29, 2026, 09:00:00";"80";"2.41";"0.2";"88.35";"22.42"
"Farmwell Station MS";"Jun 29, 2026, 08:00:00";"84";"2.38";"0.19";"95.94";"28.75"
"Farmwell Station MS";"Jun 29, 2026, 07:00:00";"80";"3.14";"0.19";"94.77";"28.3"
"Farmwell Station MS";"Jun 29, 2026, 06:00:00";"73";"1.98";"0.17";"91.95";"23.87"
"Farmwell Station MS";"Jun 29, 2026, 05:00:00";"66";"1.88";"0.17";"86.52";"20.92"
"Farmwell Station MS";"Jun 29, 2026, 04:00:00";"59";"2.26";"0.18";"76.86";"16.04"
"Farmwell Station MS";"Jun 29, 2026, 03:00:00";"54";"3.2";"0.2";"73.9";"11.53"
"Farmwell Station MS";"Jun 29, 2026, 02:00:00";"52";"4.39";"0.2";"70.89";"9.86"
"Farmwell Station MS";"Jun 29, 2026, 01:00:00";"52";"4.71";"0.2";"66.28";"9.91"
"Farmwell Station MS";"Jun 29, 2026, 00:00:00";"48";"5.35";"0.19";"64.73";"8.61"
"Farmwell Station MS";"Jun 28, 2026, 23:00:00";"48";"5.42";"0.2";"65.85";"9.28"
"Farmwell Station MS";"Jun 28, 2026, 22:00:00";"43";"5.03";"0.18";"50.07";"9.6"
"Farmwell Station MS";"Jun 28, 2026, 21:00:00";"33";"4.73";"0.17";"21.76";"6.55"
"Farmwell Station MS";"Jun 28, 2026, 20:00:00";"30";"5.53";"0.18";"2.02";"5.5"
"Farmwell Station MS";"Jun 28, 2026, 19:00:00";"30";"4.28";"0.17";"0";"4.66"
"Farmwell Station MS";"Jun 28, 2026, 18:00:00";"33";"3.64";"0.18";"1.73";"5.2"
"Farmwell Station MS";"Jun 28, 2026, 17:00:00";"38";"5.67";"0.17";"20.32";"6.5"
"Farmwell Station MS";"Jun 28, 2026, 16:00:00";"39";"6";"0.16";"46.02";"7.31"
"Farmwell Station MS";"Jun 28, 2026, 15:00:00";"37";"5.03";"0.16";"37.52";"5.75"
"Farmwell Station MS";"Jun 28, 2026, 14:00:00";"43";"4.58";"0.17";"49.34";"5.82"
"Farmwell Station MS";"Jun 28, 2026, 13:00:00";"52";"4.93";"0.16";"63.3";"7.36"
"Farmwell Station MS";"Jun 28, 2026, 12:00:00";"57";"4.89";"0.15";"70.79";"10.65"
"Farmwell Station MS";"Jun 28, 2026, 11:00:00";"61";"5.77";"0.14";"77.65";"12.52"
"Farmwell Station MS";"Jun 28, 2026, 10:00:00";"4";"4.98";"0.15";"79.63";"17.12"
"Farmwell Station MS";"Jun 28, 2026, 09:00:00";"5";"5.03";"0.16";"81.5";"0"
"Farmwell Station MS";"Jun 28, 2026, 08:00:00";"4";"4.79";"0.15";"81.38";"0"
"Farmwell Station MS";"Jun 28, 2026, 07:00:00";"4";"4.35";"0.16";"79.83";"0"
"Farmwell Station MS";"Jun 28, 2026, 06:00:00";"4";"4.13";"0.17";"78.93";"0"
"Farmwell Station MS";"Jun 28, 2026, 05:00:00";"3";"3.41";"0.18";"76.63";"0"
"Farmwell Station MS";"Jun 28, 2026, 04:00:00";"4";"4.1";"0.18";"76.17";"0"
"Farmwell Station MS";"Jun 28, 2026, 03:00:00";"119";"5.43";"0.18";"73.29";"0"
"Farmwell Station MS";"Jun 28, 2026, 02:00:00";"119";"5.26";"0.17";"70.32";"48.07"
"Farmwell Station MS";"Jun 28, 2026, 01:00:00";"105";"5.75";"0.19";"68.4";"44.27"
"Farmwell Station MS";"Jun 28, 2026, 00:00:00";"90";"7.53";"0.22";"63.04";"36.63"
"Farmwell Station MS";"Jun 27, 2026, 23:00:00";"78";"8.32";"0.21";"57.79";"31.39"
"Farmwell Station MS";"Jun 27, 2026, 22:00:00";"63";"7.62";"0.2";"37.09";"21.66"
"Farmwell Station MS";"Jun 27, 2026, 21:00:00";"50";"5.69";"0.19";"10";"11.13"
"Farmwell Station MS";"Jun 27, 2026, 20:00:00";"45";"3.77";"0.19";"0";"7.42"
"Farmwell Station MS";"Jun 27, 2026, 19:00:00";"46";"3.69";"0.19";"0";"8.38"
"Farmwell Station MS";"Jun 27, 2026, 18:00:00";"45";"3.8";"0.19";"0";"8.29"
"Farmwell Station MS";"Jun 27, 2026, 17:00:00";"45";"6.39";"0.18";"0";"8.22"
"Farmwell Station MS";"Jun 27, 2026, 16:00:00";"44";"2.32";"0.15";"0";"7.54"
"Farmwell Station MS";"Jun 27, 2026, 15:00:00";"47";"0.17";"0.17";"0";"7.77"
"Farmwell Station MS";"Jun 27, 2026, 14:00:00";"50";"0.1";"0.18";"0";"8.8"
"Farmwell Station MS";"Jun 27, 2026, 13:00:00";"49";"0.59";"0.16";"0";"8.3"
"Farmwell Station MS";"Jun 27, 2026, 12:00:00";"52";"0";"0.17";"0";"8.49"
"Farmwell Station MS";"Jun 27, 2026, 11:00:00";"53";"0.94";"0.19";"3.82";"10.2"
"Farmwell Station MS";"Jun 27, 2026, 10:00:00";"53";"2.19";"0.16";"20.62";"8.86"
"Farmwell Station MS";"Jun 27, 2026, 09:00:00";"54";"2.06";"0.19";"30.14";"9.59"
"Farmwell Station MS";"Jun 27, 2026, 08:00:00";"56";"3.69";"0.19";"52.78";"11.57"
"Farmwell Station MS";"Jun 27, 2026, 07:00:00";"56";"3.5";"0.17";"56.25";"13.57"
"Farmwell Station MS";"Jun 27, 2026, 06:00:00";"53";"4.93";"0.17";"49.3";"9.23"
"Farmwell Station MS";"Jun 27, 2026, 05:00:00";"54";"3.51";"0.16";"41.54";"11.66"
"Farmwell Station MS";"Jun 27, 2026, 04:00:00";"50";"4.37";"0.17";"36.73";"9.57"
"Farmwell Station MS";"Jun 27, 2026, 03:00:00";"47";"4.53";"0.18";"27.36";"9.01"
"Farmwell Station MS";"Jun 27, 2026, 02:00:00";"43";"5.87";"0.18";"18.94";"7.43"
"Farmwell Station MS";"Jun 27, 2026, 01:00:00";"44";"5.6";"0.2";"15.61";"8.2"
"Farmwell Station MS";"Jun 27, 2026, 00:00:00";"43";"10.42";"0.24";"15.14";"8.2"
"Farmwell Station MS";"Jun 26, 2026, 23:00:00";"39";"3.95";"0.21";"3.71";"7.89"
"Farmwell Station MS";"Jun 26, 2026, 22:00:00";"35";"3.91";"0.21";"0.06";"6.83"
"Farmwell Station MS";"Jun 26, 2026, 21:00:00";"32";"4.22";"0.22";"0";"6.34"
"Farmwell Station MS";"Jun 26, 2026, 20:00:00";"28";"7.57";"0.23";"0";"5.98"
"Farmwell Station MS";"Jun 26, 2026, 19:00:00";"23";"5.17";"0.23";"0.58";"5.07"
"Farmwell Station MS";"Jun 26, 2026, 18:00:00";"21";"3.33";"0.21";"0.53";"3.35"
"Farmwell Station MS";"Jun 26, 2026, 17:00:00";"22";"5.92";"0.21";"1.42";"3.55"
"Farmwell Station MS";"Jun 26, 2026, 16:00:00";"23";"2.92";"0.2";"0";"3.87"
"Farmwell Station MS";"Jun 26, 2026, 15:00:00";"24";"0.25";"0.24";"0";"4.23"
"Farmwell Station MS";"Jun 26, 2026, 14:00:00";"24";"0.25";"0.22";"0";"3.98"
"Farmwell Station MS";"Jun 26, 2026, 13:00:00";"24";"0.28";"0.2";"0";"4.03"
"Farmwell Station MS";"Jun 26, 2026, 12:00:00";"25";"0.13";"0.19";"0.33";"3.72"
"Farmwell Station MS";"Jun 26, 2026, 11:00:00";"27";"1.79";"0.22";"2.28";"4.98"
"Farmwell Station MS";"Jun 26, 2026, 10:00:00";"26";"5.57";"0.22";"0";"5.04"
"Farmwell Station MS";"Jun 26, 2026, 09:00:00";"25";"7.18";"0.2";"0";"4.71"
"Farmwell Station MS";"Jun 26, 2026, 08:00:00";"25";"6.9";"0.18";"5.34";"4.8"
"Farmwell Station MS";"Jun 26, 2026, 07:00:00";"25";"7.45";"0.16";"12.11";"4.99"
"Farmwell Station MS";"Jun 26, 2026, 06:00:00";"23";"6.28";"0.14";"4.23";"4.37"
"Farmwell Station MS";"Jun 26, 2026, 05:00:00";"22";"6.7";"0.15";"0.48";"4.05"
"Farmwell Station MS";"Jun 26, 2026, 04:00:00";"22";"6.57";"0.15";"0";"4.07"
"Farmwell Station MS";"Jun 26, 2026, 03:00:00";"21";"6.19";"0.16";"0";"3.85"
"Farmwell Station MS";"Jun 26, 2026, 02:00:00";"20";"6.64";"0.17";"0";"3.56"
"Farmwell Station MS";"Jun 26, 2026, 01:00:00";"21";"6.93";"0.17";"1.22";"3.85"
"Farmwell Station MS";"Jun 26, 2026, 00:00:00";"20";"9.77";"0.18";"4.57";"3.93"
"Farmwell Station MS";"Jun 25, 2026, 23:00:00";"19";"6.56";"0.19";"5.81";"3.8"
"Farmwell Station MS";"Jun 25, 2026, 22:00:00";"18";"7.63";"0.19";"5.84";"3.53"
"Farmwell Station MS";"Jun 25, 2026, 21:00:00";"17";"7.12";"0.2";"4.83";"3.45"
"Farmwell Station MS";"Jun 25, 2026, 20:00:00";"15";"8.12";"0.2";"1.16";"2.96"
"Farmwell Station MS";"Jun 25, 2026, 19:00:00";"14";"5.08";"0.18";"0";"2.54"
"Farmwell Station MS";"Jun 25, 2026, 18:00:00";"14";"4.68";"0.19";"0";"2.37"
"Farmwell Station MS";"Jun 25, 2026, 17:00:00";"14";"2.83";"0.17";"0";"2.39"
"Farmwell Station MS";"Jun 25, 2026, 16:00:00";"14";"2.87";"0.17";"0";"2.32"
"Farmwell Station MS";"Jun 25, 2026, 15:00:00";"15";"2.88";"0.14";"0";"2.72"
"Farmwell Station MS";"Jun 25, 2026, 14:00:00";"15";"0.65";"0.14";"0";"2.63"
"Farmwell Station MS";"Jun 25, 2026, 13:00:00";"17";"0.31";"0.14";"0";"2.73"
"Farmwell Station MS";"Jun 25, 2026, 12:00:00";"18";"0.06";"0.13";"2.16";"3.2"
"Farmwell Station MS";"Jun 25, 2026, 11:00:00";"18";"0.39";"0.14";"9.1";"3.12"
"Farmwell Station MS";"Jun 25, 2026, 10:00:00";"18";"2.9";"0.17";"3.05";"3.46"
"Farmwell Station MS";"Jun 25, 2026, 09:00:00";"17";"5.58";"0.19";"12.59";"3.24"
"Farmwell Station MS";"Jun 25, 2026, 08:00:00";"15";"5.69";"0.17";"32.36";"2.76"
"Farmwell Station MS";"Jun 25, 2026, 07:00:00";"14";"5.78";"0.13";"36.26";"2.9"
"Farmwell Station MS";"Jun 25, 2026, 06:00:00";"12";"4.86";"0.1";"35.1";"2.27"
"Farmwell Station MS";"Jun 25, 2026, 05:00:00";"11";"5.81";"0.09";"33.42";"2.01"
"Farmwell Station MS";"Jun 25, 2026, 04:00:00";"11";"5.38";"0.09";"32.4";"2.04"
"Farmwell Station MS";"Jun 25, 2026, 03:00:00";"10";"5.41";"0.11";"29.21";"1.61"
"Farmwell Station MS";"Jun 25, 2026, 02:00:00";"12";"7.2";"0.15";"28.06";"1.89"
"Farmwell Station MS";"Jun 25, 2026, 01:00:00";"13";"8.75";"0.2";"26.39";"2.26"
"Farmwell Station MS";"Jun 25, 2026, 00:00:00";"13";"8.33";"0.2";"21.65";"2.65"
"Farmwell Station MS";"Jun 24, 2026, 23:00:00";"9";"9.02";"0.19";"21.54";"1.91"
"Farmwell Station MS";"Jun 24, 2026, 22:00:00";"9";"8.25";"0.18";"19.03";"1.91"
"Farmwell Station MS";"Jun 24, 2026, 21:00:00";"8";"5.84";"0.16";"1.59";"1.45"
"Farmwell Station MS";"Jun 24, 2026, 20:00:00";"7";"3.96";"0.15";"0";"1.25"
"Farmwell Station MS";"Jun 24, 2026, 19:00:00";"8";"3.65";"0.15";"0";"1.2"
"Farmwell Station MS";"Jun 24, 2026, 18:00:00";"8";"3.1";"0.15";"0";"1.43"
"Farmwell Station MS";"Jun 24, 2026, 17:00:00";"8";"3.11";"0.16";"0";"1.45"
"Farmwell Station MS";"Jun 24, 2026, 16:00:00";"8";"2.18";"0.15";"0";"1.44"
"Farmwell Station MS";"Jun 24, 2026, 15:00:00";"8";"1.7";"0.14";"0";"1.36"
"Farmwell Station MS";"Jun 24, 2026, 14:00:00";"9";"1.48";"0.11";"0";"1.28"
"Farmwell Station MS";"Jun 24, 2026, 13:00:00";"10";"0.94";"0.11";"0";"1.46"
"Farmwell Station MS";"Jun 24, 2026, 12:00:00";"11";"0.09";"0.1";"0";"1.78"
"Farmwell Station MS";"Jun 24, 2026, 11:00:00";"12";"0.18";"0.11";"3.07";"1.96"
"Farmwell Station MS";"Jun 24, 2026, 10:00:00";"13";"2.21";"0.11";"11.87";"2.25"
"Farmwell Station MS";"Jun 24, 2026, 09:00:00";"13";"5.38";"0.11";"13.05";"2.41"
"Farmwell Station MS";"Jun 24, 2026, 08:00:00";"12";"6.23";"0.09";"22.8";"2.26"
"Farmwell Station MS";"Jun 24, 2026, 07:00:00";"12";"5.93";"0.05";"25.8";"2.25"
"Farmwell Station MS";"Jun 24, 2026, 06:00:00";"10";"5.22";"0.04";"24.36";"1.98"
"Farmwell Station MS";"Jun 24, 2026, 05:00:00";"9";"4.57";"0.04";"22.73";"1.79"
"Farmwell Station MS";"Jun 24, 2026, 04:00:00";"9";"3.83";"0.04";"22.98";"1.58"
"Farmwell Station MS";"Jun 24, 2026, 03:00:00";"9";"3.17";"0.05";"23.17";"1.57"
"Farmwell Station MS";"Jun 24, 2026, 02:00:00";"9";"3.63";"0.06";"23.49";"1.59"
"Farmwell Station MS";"Jun 24, 2026, 01:00:00";"8";"4.4";"0.09";"26.85";"1.47"
"Farmwell Station MS";"Jun 24, 2026, 00:00:00";"8";"5.56";"0.12";"33.52";"1.39"
"Farmwell Station MS";"Jun 23, 2026, 23:00:00";"9";"7.24";"0.16";"35.71";"1.56"
"Farmwell Station MS";"Jun 23, 2026, 22:00:00";"8";"6.8";"0.14";"23.36";"1.84"
"Farmwell Station MS";"Jun 23, 2026, 21:00:00";"7";"3.82";"0.1";"0.44";"1.22"
"Farmwell Station MS";"Jun 23, 2026, 20:00:00";"6";"2.62";"0.08";"0";"0.87"
"Farmwell Station MS";"Jun 23, 2026, 19:00:00";"7";"1.39";"0.09";"0";"0.98"
"Farmwell Station MS";"Jun 23, 2026, 18:00:00";"8";"1.5";"0.1";"0";"1.19"
"Farmwell Station MS";"Jun 23, 2026, 17:00:00";"9";"3.41";"0.09";"11.78";"1.08"
"Farmwell Station MS";"Jun 23, 2026, 16:00:00";"12";"4.28";"0.1";"35.52";"1.35"
"Farmwell Station MS";"Jun 23, 2026, 15:00:00";"17";"4.59";"0.08";"48.49";"2.39"
"Farmwell Station MS";"Jun 23, 2026, 14:00:00";"20";"4.1";"0.08";"52.91";"2.3"
"Farmwell Station MS";"Jun 23, 2026, 13:00:00";"27";"3.05";"0.08";"55.77";"2"
"Farmwell Station MS";"Jun 23, 2026, 12:00:00";"42";"3.17";"0.1";"58.57";"4.02"
"Farmwell Station MS";"Jun 23, 2026, 11:00:00";"55";"3.81";"0.11";"60.09";"10.42"
"Farmwell Station MS";"Jun 23, 2026, 10:00:00";"56";"3.97";"0.12";"57.47";"14.99"
"Farmwell Station MS";"Jun 23, 2026, 09:00:00";"43";"4.65";"0.12";"54.73";"9.27"
"Farmwell Station MS";"Jun 23, 2026, 08:00:00";"35";"5.26";"0.11";"59.91";"5.62"
"Farmwell Station MS";"Jun 23, 2026, 07:00:00";"39";"3.66";"0.11";"62.94";"6.64"
"Farmwell Station MS";"Jun 23, 2026, 06:00:00";"41";"2.33";"0.09";"63.13";"8.13"
"Farmwell Station MS";"Jun 23, 2026, 05:00:00";"37";"2.24";"0.08";"62.21";"7.86"
"Farmwell Station MS";"Jun 23, 2026, 04:00:00";"29";"2.1";"0.09";"60.95";"6.21"
"Farmwell Station MS";"Jun 23, 2026, 03:00:00";"24";"2.8";"0.1";"58.22";"5.09"
"Farmwell Station MS";"Jun 23, 2026, 02:00:00";"19";"4.28";"0.1";"53.91";"3.23"
"Farmwell Station MS";"Jun 23, 2026, 01:00:00";"20";"9.72";"0.1";"49.51";"2.95"
"Farmwell Station MS";"Jun 23, 2026, 00:00:00";"25";"5.6";"0.11";"46.53";"3.23"
"Farmwell Station MS";"Jun 22, 2026, 23:00:00";"32";"5.66";"0.12";"44.51";"4.37"
"Farmwell Station MS";"Jun 22, 2026, 22:00:00";"39";"4.5";"0.14";"39.13";"5.93"
"Farmwell Station MS";"Jun 22, 2026, 21:00:00";"43";"4.62";"0.16";"29.69";"7.99"
"Farmwell Station MS";"Jun 22, 2026, 20:00:00";"43";"5.25";"0.19";"30.01";"7.63"
"Farmwell Station MS";"Jun 22, 2026, 19:00:00";"44";"3.36";"0.22";"7.91";"8.95"
"Farmwell Station MS";"Jun 22, 2026, 18:00:00";"37";"2.78";"0.26";"0";"7.5"
"Farmwell Station MS";"Jun 22, 2026, 17:00:00";"33";"3.05";"0.24";"0.41";"6.06"
"Farmwell Station MS";"Jun 22, 2026, 16:00:00";"32";"1.31";"0.2";"0.14";"5.85"
"Farmwell Station MS";"Jun 22, 2026, 15:00:00";"32";"1.19";"0.2";"0";"5.54"
"Farmwell Station MS";"Jun 22, 2026, 14:00:00";"33";"0.84";"0.2";"0.02";"5.64"
"Farmwell Station MS";"Jun 22, 2026, 13:00:00";"34";"4.14";"0.18";"1.3";"6.28"
"Farmwell Station MS";"Jun 22, 2026, 12:00:00";"34";"3.83";"0.18";"1.81";"6.46"
"Farmwell Station MS";"Jun 22, 2026, 11:00:00";"32";"4.83";"0.2";"0";"6.32"
"Farmwell Station MS";"Jun 22, 2026, 10:00:00";"28";"6.38";"0.23";"0";"5.76"
"Farmwell Station MS";"Jun 22, 2026, 09:00:00";"24";"10.57";"0.26";"0.84";"4.94"
"Farmwell Station MS";"Jun 22, 2026, 08:00:00";"23";"8.05";"0.19";"20";"4.22"
"Farmwell Station MS";"Jun 22, 2026, 07:00:00";"22";"7.05";"0.16";"24.34";"4.17"
"Farmwell Station MS";"Jun 22, 2026, 06:00:00";"20";"6.6";"0.14";"22.72";"3.76"
"Farmwell Station MS";"Jun 22, 2026, 05:00:00";"18";"5.98";"0.13";"21.85";"3.44"
"Farmwell Station MS";"Jun 22, 2026, 04:00:00";"18";"5.86";"0.12";"23.32";"3.07"
"Farmwell Station MS";"Jun 22, 2026, 03:00:00";"18";"6.05";"0.14";"23.17";"3.02"
"Farmwell Station MS";"Jun 22, 2026, 02:00:00";"19";"6.31";"0.17";"22.49";"3.25"
"Farmwell Station MS";"Jun 22, 2026, 01:00:00";"19";"6.5";"0.17";"19.3";"3.19"
"Farmwell Station MS";"Jun 22, 2026, 00:00:00";"20";"8.25";"0.24";"18.54";"4.35"
"Farmwell Station MS";"Jun 21, 2026, 23:00:00";"17";"6.8";"0.2";"17.91";"3.7"
"Farmwell Station MS";"Jun 21, 2026, 22:00:00";"13";"5.71";"0.18";"8.39";"2.89"
"Farmwell Station MS";"Jun 21, 2026, 21:00:00";"10";"4.63";"0.16";"0";"1.79"
"Farmwell Station MS";"Jun 21, 2026, 20:00:00";"10";"3.34";"0.16";"0";"1.73"
"Farmwell Station MS";"Jun 21, 2026, 19:00:00";"10";"3.01";"0.16";"0";"1.68"
"Farmwell Station MS";"Jun 21, 2026, 18:00:00";"10";"2.35";"0.15";"0";"1.82"
"Farmwell Station MS";"Jun 21, 2026, 17:00:00";"9";"1.6";"0.14";"0";"1.57"
"Farmwell Station MS";"Jun 21, 2026, 16:00:00";"10";"0.82";"0.13";"0";"1.71"
"Farmwell Station MS";"Jun 21, 2026, 15:00:00";"11";"1.55";"0.14";"0";"1.69"
"Farmwell Station MS";"Jun 21, 2026, 14:00:00";"13";"1.22";"0.13";"0";"1.91"
"Farmwell Station MS";"Jun 21, 2026, 13:00:00";"14";"1.9";"0.12";"0";"2"
"Farmwell Station MS";"Jun 21, 2026, 12:00:00";"17";"0.65";"0.13";"0";"2.4"
"Farmwell Station MS";"Jun 21, 2026, 11:00:00";"20";"1.5";"0.13";"0";"4.03"
"Farmwell Station MS";"Jun 21, 2026, 10:00:00";"18";"2.45";"0.15";"1.72";"4.52"
"Farmwell Station MS";"Jun 21, 2026, 09:00:00";"10";"5.18";"0.14";"0";"2.21"
"Farmwell Station MS";"Jun 21, 2026, 08:00:00";"9";"6.43";"0.13";"9.29";"1.64"
"Farmwell Station MS";"Jun 21, 2026, 07:00:00";"9";"6.09";"0.11";"19.3";"1.67"
"Farmwell Station MS";"Jun 21, 2026, 06:00:00";"9";"5.87";"0.11";"16.18";"1.72"
"Farmwell Station MS";"Jun 21, 2026, 05:00:00";"9";"4.98";"0.1";"17.2";"1.53"
"Farmwell Station MS";"Jun 21, 2026, 04:00:00";"9";"4.53";"0.11";"17.68";"1.58"
"Farmwell Station MS";"Jun 21, 2026, 03:00:00";"9";"4.39";"0.11";"17.15";"1.64"
"Farmwell Station MS";"Jun 21, 2026, 02:00:00";"9";"4.67";"0.12";"16.44";"1.64"
"Farmwell Station MS";"Jun 21, 2026, 01:00:00";"9";"4.75";"0.13";"15.18";"1.57"
"Farmwell Station MS";"Jun 21, 2026, 00:00:00";"9";"4.95";"0.14";"14.21";"1.51"
"Farmwell Station MS";"Jun 20, 2026, 23:00:00";"9";"5.03";"0.16";"11.24";"1.71"
"Farmwell Station MS";"Jun 20, 2026, 22:00:00";"9";"4.59";"0.17";"2.05";"1.9"
"Farmwell Station MS";"Jun 20, 2026, 21:00:00";"7";"4.01";"0.17";"0";"1.27"
"Farmwell Station MS";"Jun 20, 2026, 20:00:00";"5";"2.98";"0.17";"0";"1.02"
"Farmwell Station MS";"Jun 20, 2026, 19:00:00";"5";"2.97";"0.16";"0";"1.01"
"Farmwell Station MS";"Jun 20, 2026, 18:00:00";"4";"2.32";"0.16";"0";"0.83"
"Farmwell Station MS";"Jun 20, 2026, 17:00:00";"4";"1.77";"0.15";"0";"0.67"
"Farmwell Station MS";"Jun 20, 2026, 16:00:00";"5";"2.26";"0.14";"0";"0.75"
"Farmwell Station MS";"Jun 20, 2026, 15:00:00";"5";"2.41";"0.13";"0";"0.74"
"Farmwell Station MS";"Jun 20, 2026, 14:00:00";"5";"1.43";"0.12";"0";"0.83"
"Farmwell Station MS";"Jun 20, 2026, 13:00:00";"7";"1.03";"0.12";"0";"0.87"
"Farmwell Station MS";"Jun 20, 2026, 12:00:00";"8";"1.41";"0.12";"0";"1.16"
"Farmwell Station MS";"Jun 20, 2026, 11:00:00";"9";"1.79";"0.12";"0";"1.39"
"Farmwell Station MS";"Jun 20, 2026, 10:00:00";"9";"3.02";"0.12";"1.12";"1.64"
"Farmwell Station MS";"Jun 20, 2026, 09:00:00";"9";"4.19";"0.12";"5.45";"1.64"
"Farmwell Station MS";"Jun 20, 2026, 08:00:00";"9";"7.77";"0.12";"12.67";"1.77"
"Farmwell Station MS";"Jun 20, 2026, 07:00:00";"9";"0";"0";"0";"1.56"
"Farmwell Station MS";"Jun 20, 2026, 05:00:00";"9";"6.93";"0.09";"18.2";"1.52"
"Farmwell Station MS";"Jun 20, 2026, 04:00:00";"9";"7.1";"0.1";"17.87";"1.46"
"Farmwell Station MS";"Jun 20, 2026, 03:00:00";"9";"6.35";"0.09";"18.16";"1.57"
"Farmwell Station MS";"Jun 20, 2026, 02:00:00";"9";"6.04";"0.1";"18.47";"1.71"
"Farmwell Station MS";"Jun 20, 2026, 01:00:00";"9";"5.76";"0.11";"15.18";"1.58"
"Farmwell Station MS";"Jun 20, 2026, 00:00:00";"9";"5.62";"0.11";"14.94";"1.48"
"Farmwell Station MS";"Jun 19, 2026, 23:00:00";"9";"5.79";"0.12";"14.88";"1.62"
"Farmwell Station MS";"Jun 19, 2026, 22:00:00";"9";"6.15";"0.12";"11.76";"1.77"
"Farmwell Station MS";"Jun 19, 2026, 21:00:00";"8";"5.47";"0.12";"0.79";"1.51"
"Farmwell Station MS";"Jun 19, 2026, 20:00:00";"7";"4.5";"0.12";"0";"1.38"
"Farmwell Station MS";"Jun 19, 2026, 19:00:00";"7";"3.23";"0.12";"0";"1.22"
"Farmwell Station MS";"Jun 19, 2026, 18:00:00";"7";"3.19";"0.12";"0";"1.15"
"Farmwell Station MS";"Jun 19, 2026, 17:00:00";"7";"3.22";"0.12";"0";"1.1"
"Farmwell Station MS";"Jun 19, 2026, 16:00:00";"8";"1.52";"0.12";"0";"1.45"
"Farmwell Station MS";"Jun 19, 2026, 15:00:00";"7";"2.04";"0.13";"0";"1.3"
"Farmwell Station MS";"Jun 19, 2026, 14:00:00";"7";"1.54";"0.13";"0";"1.16"
"Farmwell Station MS";"Jun 19, 2026, 13:00:00";"7";"2.41";"0.13";"1.61";"1.22"
"Farmwell Station MS";"Jun 19, 2026, 12:00:00";"7";"3.54";"0.12";"4.43";"1.3"
"Farmwell Station MS";"Jun 19, 2026, 11:00:00";"7";"4.38";"0.1";"5.23";"1.02"
"Farmwell Station MS";"Jun 19, 2026, 10:00:00";"8";"4.38";"0.11";"4.27";"1.15"
"Farmwell Station MS";"Jun 19, 2026, 09:00:00";"9";"6.04";"0.12";"3.29";"1.39"
"Farmwell Station MS";"Jun 19, 2026, 08:00:00";"10";"6.62";"0.12";"4.53";"1.58"
"Farmwell Station MS";"Jun 19, 2026, 07:00:00";"12";"6.44";"0.12";"2.37";"2.07"
"Farmwell Station MS";"Jun 19, 2026, 06:00:00";"11";"5.54";"0.11";"6.3";"2.11"
"Farmwell Station MS";"Jun 19, 2026, 05:00:00";"10";"4.05";"0.09";"7.77";"1.82"
"Farmwell Station MS";"Jun 19, 2026, 04:00:00";"11";"4.21";"0.1";"5.58";"2.16"
"Farmwell Station MS";"Jun 19, 2026, 03:00:00";"10";"4.18";"0.09";"7.41";"1.61"
"Farmwell Station MS";"Jun 19, 2026, 02:00:00";"11";"3.07";"0.08";"8.64";"1.93"
"Farmwell Station MS";"Jun 19, 2026, 01:00:00";"11";"3.23";"0.09";"8.92";"1.88"
"Farmwell Station MS";"Jun 19, 2026, 00:00:00";"11";"3.42";"0.1";"8.3";"1.83"
"Farmwell Station MS";"Jun 18, 2026, 23:00:00";"12";"2.85";"0.1";"7.32";"1.87"
"Farmwell Station MS";"Jun 18, 2026, 22:00:00";"13";"3.91";"0.14";"1.56";"1.98"
"Farmwell Station MS";"Jun 18, 2026, 21:00:00";"15";"2.99";"0.14";"1.96";"2.95"
"Farmwell Station MS";"Jun 18, 2026, 20:00:00";"14";"0.67";"0.13";"5.22";"2.13"
"Farmwell Station MS";"Jun 18, 2026, 19:00:00";"15";"0.1";"0.14";"2.93";"2.39"
"Farmwell Station MS";"Jun 18, 2026, 18:00:00";"17";"0.1";"0.15";"1.78";"2.51"
"Farmwell Station MS";"Jun 18, 2026, 17:00:00";"20";"0.4";"0.14";"0";"2.58"
"Farmwell Station MS";"Jun 18, 2026, 16:00:00";"25";"0.02";"0.14";"0.1";"3.44"
"Farmwell Station MS";"Jun 18, 2026, 15:00:00";"32";"0.25";"0.16";"0";"4.89"
"Farmwell Station MS";"Jun 18, 2026, 14:00:00";"36";"0";"0.17";"0";"6.77"
"Farmwell Station MS";"Jun 18, 2026, 13:00:00";"34";"0.15";"0.21";"0";"7"
"Farmwell Station MS";"Jun 18, 2026, 12:00:00";"30";"4.89";"0.21";"0.87";"5.76"
"Farmwell Station MS";"Jun 18, 2026, 11:00:00";"29";"8.25";"0.18";"16.35";"5.16"
"Farmwell Station MS";"Jun 18, 2026, 10:00:00";"29";"6.27";"0.18";"9.26";"4.86"
"Farmwell Station MS";"Jun 18, 2026, 09:00:00";"30";"7.42";"0.18";"12.81";"4.76"
"Farmwell Station MS";"Jun 18, 2026, 08:00:00";"34";"7.11";"0.15";"13.88";"5.44"
"Farmwell Station MS";"Jun 18, 2026, 07:00:00";"38";"6.25";"0.16";"7.58";"5.9"
"Farmwell Station MS";"Jun 18, 2026, 06:00:00";"43";"8.28";"0.17";"7.31";"7.59"
"Farmwell Station MS";"Jun 18, 2026, 05:00:00";"43";"7.04";"0.17";"6.56";"8.25"
"Farmwell Station MS";"Jun 18, 2026, 04:00:00";"39";"7.3";"0.19";"2.36";"8.37"
"Farmwell Station MS";"Jun 18, 2026, 03:00:00";"32";"11.9";"0.19";"0";"7.39"
"Farmwell Station MS";"Jun 18, 2026, 02:00:00";"23";"10.33";"0.18";"0";"4.97"
"Farmwell Station MS";"Jun 18, 2026, 01:00:00";"19";"6.89";"0.19";"0.08";"3.66"
"Farmwell Station MS";"Jun 18, 2026, 00:00:00";"18";"10.5";"0.23";"2.94";"3.65"
"Farmwell Station MS";"Jun 17, 2026, 23:00:00";"14";"6.25";"0.21";"6.32";"2.85"
"Farmwell Station MS";"Jun 17, 2026, 22:00:00";"13";"5.63";"0.2";"5.01";"2.47"
"Farmwell Station MS";"Jun 17, 2026, 21:00:00";"13";"5.2";"0.19";"1.04";"2.38"
"Farmwell Station MS";"Jun 17, 2026, 20:00:00";"13";"3.58";"0.18";"0";"2.32"
"Farmwell Station MS";"Jun 17, 2026, 19:00:00";"12";"1.39";"0.18";"0";"2.17"
"Farmwell Station MS";"Jun 17, 2026, 18:00:00";"12";"1.24";"0.18";"0";"2.08"
"Farmwell Station MS";"Jun 17, 2026, 17:00:00";"11";"0.91";"0.17";"0";"1.88"
"Farmwell Station MS";"Jun 17, 2026, 16:00:00";"12";"1.07";"0.2";"0";"2.14"
"Farmwell Station MS";"Jun 17, 2026, 15:00:00";"12";"0.54";"0.17";"0";"1.84"
"Farmwell Station MS";"Jun 17, 2026, 14:00:00";"13";"1.35";"0.16";"0";"1.99"
"Farmwell Station MS";"Jun 17, 2026, 13:00:00";"14";"0.35";"0.13";"0";"2.05"
"Farmwell Station MS";"Jun 17, 2026, 12:00:00";"17";"0";"0.13";"0";"2.07"
"Farmwell Station MS";"Jun 17, 2026, 11:00:00";"21";"0";"0.16";"2.1";"3.43"
"Farmwell Station MS";"Jun 17, 2026, 10:00:00";"23";"0.28";"0.19";"7.16";"4.24"
"Farmwell Station MS";"Jun 17, 2026, 09:00:00";"22";"5.35";"0.18";"4.19";"3.88"
"Farmwell Station MS";"Jun 17, 2026, 08:00:00";"22";"8.66";"0.2";"27.04";"3.2"
"Farmwell Station MS";"Jun 17, 2026, 07:00:00";"25";"8.27";"0.17";"35.48";"4.67"
"Farmwell Station MS";"Jun 17, 2026, 06:00:00";"24";"5.35";"0.09";"33.03";"5.28"
"Farmwell Station MS";"Jun 17, 2026, 05:00:00";"18";"4.47";"0.09";"30.22";"4.15"
"Farmwell Station MS";"Jun 17, 2026, 04:00:00";"13";"5.35";"0.11";"26.02";"2.84"
"Farmwell Station MS";"Jun 17, 2026, 03:00:00";"10";"6.62";"0.13";"22.06";"1.94"
"Farmwell Station MS";"Jun 17, 2026, 02:00:00";"9";"6.82";"0.13";"16.28";"1.72"
"Farmwell Station MS";"Jun 17, 2026, 01:00:00";"9";"7.23";"0.15";"11.96";"1.67"
"Farmwell Station MS";"Jun 17, 2026, 00:00:00";"9";"5.9";"0.15";"12.52";"1.63"
"Farmwell Station MS";"Jun 16, 2026, 23:00:00";"9";"5.69";"0.16";"13.68";"1.78"
"Farmwell Station MS";"Jun 16, 2026, 22:00:00";"8";"5.11";"0.15";"13.29";"1.53"
"Farmwell Station MS";"Jun 16, 2026, 21:00:00";"7";"4.68";"0.15";"8.38";"1.19"
"Farmwell Station MS";"Jun 16, 2026, 20:00:00";"7";"3.74";"0.15";"0.88";"1.28"
"Farmwell Station MS";"Jun 16, 2026, 19:00:00";"7";"2.67";"0.16";"0";"1.25"
"Farmwell Station MS";"Jun 16, 2026, 18:00:00";"6";"2.18";"0.16";"0";"1"
"Farmwell Station MS";"Jun 16, 2026, 17:00:00";"6";"1.51";"0.15";"0";"1.11"
"Farmwell Station MS";"Jun 16, 2026, 16:00:00";"6";"1.16";"0.13";"0";"0.97"
"Farmwell Station MS";"Jun 16, 2026, 15:00:00";"6";"1.43";"0.13";"0";"1.07"
"Farmwell Station MS";"Jun 16, 2026, 14:00:00";"6";"1.04";"0.11";"0";"1.1"
"Farmwell Station MS";"Jun 16, 2026, 13:00:00";"6";"0.38";"0.09";"0";"1.04"
"Farmwell Station MS";"Jun 16, 2026, 12:00:00";"5";"0.13";"0.08";"0";"0.81"
"Farmwell Station MS";"Jun 16, 2026, 11:00:00";"7";"0";"0.08";"0";"1.01"
"Farmwell Station MS";"Jun 16, 2026, 10:00:00";"8";"0";"0.08";"4.25";"0.74"
"Farmwell Station MS";"Jun 16, 2026, 09:00:00";"11";"2.62";"0.1";"22.2";"1.15"
"Farmwell Station MS";"Jun 16, 2026, 08:00:00";"15";"5.64";"0.1";"26.53";"1.91"
"Farmwell Station MS";"Jun 16, 2026, 07:00:00";"21";"6.9";"0.05";"25.67";"5.61"
"Farmwell Station MS";"Jun 16, 2026, 06:00:00";"9";"5.59";"0.02";"24.9";"1.41"
"Farmwell Station MS";"Jun 16, 2026, 05:00:00";"10";"5.02";"0.02";"24.34";"2.3"
"Farmwell Station MS";"Jun 16, 2026, 04:00:00";"7";"5.71";"0.02";"23.01";"1.1"
"Farmwell Station MS";"Jun 16, 2026, 03:00:00";"7";"4.66";"0.04";"22.65";"0.87"
"Farmwell Station MS";"Jun 16, 2026, 02:00:00";"9";"5.09";"0.1";"28.42";"1.2"
"Farmwell Station MS";"Jun 16, 2026, 01:00:00";"10";"4.62";"0.12";"28.41";"1.34"
"Farmwell Station MS";"Jun 16, 2026, 00:00:00";"14";"4.48";"0.13";"27.66";"2.76"
"Farmwell Station MS";"Jun 15, 2026, 23:00:00";"12";"4.96";"0.13";"27.93";"1.6"
"Farmwell Station MS";"Jun 15, 2026, 22:00:00";"15";"5.01";"0.14";"28.21";"2.28"
"Farmwell Station MS";"Jun 15, 2026, 21:00:00";"17";"4";"0.15";"24.79";"2.95"
"Farmwell Station MS";"Jun 15, 2026, 20:00:00";"17";"3.19";"0.14";"18.08";"3.24"
"Farmwell Station MS";"Jun 15, 2026, 19:00:00";"15";"1.31";"0.16";"12.3";"2.85"
"Farmwell Station MS";"Jun 15, 2026, 18:00:00";"14";"2.19";"0.17";"16.22";"2.91"
"Farmwell Station MS";"Jun 15, 2026, 17:00:00";"12";"1.92";"0.16";"12.79";"2.13"
"Farmwell Station MS";"Jun 15, 2026, 16:00:00";"11";"1.28";"0.15";"6.38";"1.82"
"Farmwell Station MS";"Jun 15, 2026, 15:00:00";"12";"0.35";"0.14";"0.43";"1.69"
"Farmwell Station MS";"Jun 15, 2026, 14:00:00";"15";"0.23";"0.16";"5.29";"1.74"
"Farmwell Station MS";"Jun 15, 2026, 13:00:00";"20";"0.19";"0.14";"8.96";"2.99"
"Farmwell Station MS";"Jun 15, 2026, 12:00:00";"24";"0.19";"0.15";"14.34";"4.47"
"Farmwell Station MS";"Jun 15, 2026, 11:00:00";"22";"0.6";"0.14";"18.49";"3.93"
"Farmwell Station MS";"Jun 15, 2026, 10:00:00";"23";"0.9";"0.13";"20.34";"4.54"
"Farmwell Station MS";"Jun 15, 2026, 09:00:00";"19";"2.3";"0.13";"23.09";"4.46"
"Farmwell Station MS";"Jun 15, 2026, 08:00:00";"14";"3.66";"0.12";"29.78";"3.66"
"Farmwell Station MS";"Jun 15, 2026, 07:00:00";"8";"3.65";"0.11";"33.54";"1.76"
"Farmwell Station MS";"Jun 15, 2026, 06:00:00";"6";"3.46";"0.1";"34.12";"1"
"Farmwell Station MS";"Jun 15, 2026, 05:00:00";"7";"3.58";"0.1";"32.7";"0.89"
"Farmwell Station MS";"Jun 15, 2026, 04:00:00";"8";"3.25";"0.11";"26.25";"1.16"
"Farmwell Station MS";"Jun 15, 2026, 03:00:00";"9";"2.35";"0.13";"20.15";"0.77"
"Farmwell Station MS";"Jun 15, 2026, 02:00:00";"13";"3.04";"0.14";"17.65";"0.8"
"Farmwell Station MS";"Jun 15, 2026, 01:00:00";"22";"1.77";"0.16";"4.06";"1.4"
"Farmwell Station MS";"Jun 15, 2026, 00:00:00";"37";"2.87";"0.22";"0.07";"6.03"
"Farmwell Station MS";"Jun 14, 2026, 23:00:00";"39";"1.16";"0.24";"0";"6.09"
"Farmwell Station MS";"Jun 14, 2026, 22:00:00";"45";"0.2";"0.26";"0";"7.18"
"Farmwell Station MS";"Jun 14, 2026, 21:00:00";"50";"0";"0.28";"4.5";"9.15"
"Farmwell Station MS";"Jun 14, 2026, 20:00:00";"49";"0.05";"0.28";"12.69";"9.54"
"Farmwell Station MS";"Jun 14, 2026, 19:00:00";"45";"0.12";"0.28";"13.56";"9.09"
"Farmwell Station MS";"Jun 14, 2026, 18:00:00";"40";"0";"0.26";"6.66";"7.84"
"Farmwell Station MS";"Jun 14, 2026, 17:00:00";"37";"0";"0.25";"6.8";"7.03"
"Farmwell Station MS";"Jun 14, 2026, 16:00:00";"35";"0.04";"0.26";"3.5";"6.67"
"Farmwell Station MS";"Jun 14, 2026, 15:00:00";"34";"0.19";"0.23";"2.8";"6.76"
"Farmwell Station MS";"Jun 14, 2026, 14:00:00";"29";"0";"0.23";"0";"5.62"
"Farmwell Station MS";"Jun 14, 2026, 13:00:00";"28";"0";"0.23";"3.15";"4.65"
"Farmwell Station MS";"Jun 14, 2026, 12:00:00";"29";"0";"0.19";"7.96";"4.26"
"Farmwell Station MS";"Jun 14, 2026, 11:00:00";"34";"0";"0.24";"13.54";"6.13"
"Farmwell Station MS";"Jun 14, 2026, 10:00:00";"35";"0";"0.27";"6.54";"7.58"
"Farmwell Station MS";"Jun 14, 2026, 09:00:00";"27";"0.27";"0.23";"22.23";"4.92"
"Farmwell Station MS";"Jun 14, 2026, 08:00:00";"27";"1.49";"0.21";"46.61";"4.6"
"Farmwell Station MS";"Jun 14, 2026, 07:00:00";"28";"3.79";"0.21";"55.72";"5.74"
"Farmwell Station MS";"Jun 14, 2026, 06:00:00";"25";"4.18";"0.2";"53.32";"5.28"
"Farmwell Station MS";"Jun 14, 2026, 05:00:00";"20";"3.98";"0.18";"49.43";"3.96"
"Farmwell Station MS";"Jun 14, 2026, 04:00:00";"18";"3.12";"0.17";"44.34";"3.29"
"Farmwell Station MS";"Jun 14, 2026, 03:00:00";"17";"2.85";"0.18";"37.2";"2.91"
"Farmwell Station MS";"Jun 14, 2026, 02:00:00";"17";"2.65";"0.2";"26.3";"3.2"
"Farmwell Station MS";"Jun 14, 2026, 01:00:00";"15";"2.84";"0.21";"18.21";"2.89"
"Farmwell Station MS";"Jun 14, 2026, 00:00:00";"15";"2.93";"0.24";"10.25";"2.82"
"Farmwell Station MS";"Jun 13, 2026, 23:00:00";"14";"2.96";"0.26";"6.42";"2.49"
"Farmwell Station MS";"Jun 13, 2026, 22:00:00";"14";"3.24";"0.28";"13.76";"2.71"
"Farmwell Station MS";"Jun 13, 2026, 21:00:00";"14";"2.18";"0.27";"15.41";"3.09"
"Farmwell Station MS";"Jun 13, 2026, 20:00:00";"10";"0.51";"0.26";"4.76";"1.78"
"Farmwell Station MS";"Jun 13, 2026, 19:00:00";"9";"0.94";"0.25";"0.2";"1.76"
"Farmwell Station MS";"Jun 13, 2026, 18:00:00";"9";"0";"0.26";"0";"1.61"
"Farmwell Station MS";"Jun 13, 2026, 17:00:00";"9";"0.43";"0.25";"0";"1.51"
"Farmwell Station MS";"Jun 13, 2026, 16:00:00";"10";"0.82";"0.25";"0";"1.72"
"Farmwell Station MS";"Jun 13, 2026, 15:00:00";"10";"0";"0.26";"0";"1.66"
"Farmwell Station MS";"Jun 13, 2026, 14:00:00";"10";"0";"0.25";"0";"1.7"
"Farmwell Station MS";"Jun 13, 2026, 13:00:00";"10";"0";"0.21";"0";"1.64"
"Farmwell Station MS";"Jun 13, 2026, 12:00:00";"11";"0";"0.18";"0";"1.64"
"Farmwell Station MS";"Jun 13, 2026, 11:00:00";"13";"0";"0.16";"8.17";"1.86"
"Farmwell Station MS";"Jun 13, 2026, 10:00:00";"15";"0";"0.16";"22.06";"2.31"
"Farmwell Station MS";"Jun 13, 2026, 09:00:00";"18";"0";"0.17";"6.96";"3.04"
"Farmwell Station MS";"Jun 13, 2026, 08:00:00";"19";"1.81";"0.17";"15.33";"2.75"
"Farmwell Station MS";"Jun 13, 2026, 07:00:00";"23";"2.76";"0.14";"50.74";"3.31"
"Farmwell Station MS";"Jun 13, 2026, 06:00:00";"27";"1.5";"0.13";"56.94";"5.1"
"Farmwell Station MS";"Jun 13, 2026, 05:00:00";"24";"0.71";"0.13";"48.82";"4.25"
"Farmwell Station MS";"Jun 13, 2026, 04:00:00";"24";"0.22";"0.13";"34.11";"3.39"
"Farmwell Station MS";"Jun 13, 2026, 03:00:00";"30";"0";"0.14";"35.46";"3.53"
"Farmwell Station MS";"Jun 13, 2026, 02:00:00";"40";"0.01";"0.2";"66.67";"7.25"
"Farmwell Station MS";"Jun 13, 2026, 01:00:00";"40";"0.34";"0.23";"73.84";"7.62"
"Farmwell Station MS";"Jun 13, 2026, 00:00:00";"38";"1.61";"0.25";"72.99";"8.06"
"Farmwell Station MS";"Jun 12, 2026, 23:00:00";"31";"3.32";"0.25";"65.94";"6.67"
"Farmwell Station MS";"Jun 12, 2026, 22:00:00";"28";"3.82";"0.25";"54.79";"5.5"
"Farmwell Station MS";"Jun 12, 2026, 21:00:00";"25";"5.97";"0.24";"35.76";"4.39"
"Farmwell Station MS";"Jun 12, 2026, 20:00:00";"25";"4.08";"0.22";"10.18";"4.22"
"Farmwell Station MS";"Jun 12, 2026, 19:00:00";"28";"0.2";"0.28";"6.43";"4.71"
"Farmwell Station MS";"Jun 12, 2026, 18:00:00";"29";"0.3";"0.33";"2.73";"5.81"
"Farmwell Station MS";"Jun 12, 2026, 17:00:00";"26";"1.47";"0.31";"2.17";"4.38"
"Farmwell Station MS";"Jun 12, 2026, 16:00:00";"27";"1.29";"0.32";"0";"4.35"
"Farmwell Station MS";"Jun 12, 2026, 15:00:00";"30";"0.2";"0.33";"0";"4.72"
"Farmwell Station MS";"Jun 12, 2026, 14:00:00";"33";"0";"0.31";"0";"5.2"
"Farmwell Station MS";"Jun 12, 2026, 13:00:00";"36";"0";"0.3";"0";"5.84"
"Farmwell Station MS";"Jun 12, 2026, 12:00:00";"39";"0";"0.28";"1.59";"6.46"
"Farmwell Station MS";"Jun 12, 2026, 11:00:00";"42";"0";"0.28";"9.55";"8.41"
"Farmwell Station MS";"Jun 12, 2026, 10:00:00";"38";"0";"0.27";"0.27";"7.61"
"Farmwell Station MS";"Jun 12, 2026, 09:00:00";"33";"0.34";"0.26";"6.87";"5.8"
"Farmwell Station MS";"Jun 12, 2026, 08:00:00";"33";"2.63";"0.24";"48.64";"4.78"
"Farmwell Station MS";"Jun 12, 2026, 07:00:00";"39";"1.7";"0.2";"80.89";"6.1"
"Farmwell Station MS";"Jun 12, 2026, 06:00:00";"42";"0.52";"0.17";"79.77";"8.22"
"Farmwell Station MS";"Jun 12, 2026, 05:00:00";"39";"0.34";"0.16";"78.6";"7.2"
"Farmwell Station MS";"Jun 12, 2026, 04:00:00";"39";"0.67";"0.16";"77.26";"6.6"
"Farmwell Station MS";"Jun 12, 2026, 03:00:00";"41";"1.33";"0.17";"78.02";"6.35"
"Farmwell Station MS";"Jun 12, 2026, 02:00:00";"45";"1.75";"0.17";"70.34";"7.78"
"Farmwell Station MS";"Jun 12, 2026, 01:00:00";"48";"2.14";"0.19";"69.47";"9.68"
"Farmwell Station MS";"Jun 12, 2026, 00:00:00";"42";"3.5";"0.19";"64.33";"7.86"
"Farmwell Station MS";"Jun 11, 2026, 23:00:00";"39";"4.27";"0.2";"58.66";"7.46"
"Farmwell Station MS";"Jun 11, 2026, 22:00:00";"36";"4.68";"0.22";"43.72";"6.22"
"Farmwell Station MS";"Jun 11, 2026, 21:00:00";"38";"7.19";"0.21";"6.87";"5.42"
"Farmwell Station MS";"Jun 11, 2026, 20:00:00";"47";"0.15";"0.27";"4.53";"7.59"
"Farmwell Station MS";"Jun 11, 2026, 19:00:00";"48";"0";"0.31";"0";"7.75"
"Farmwell Station MS";"Jun 11, 2026, 18:00:00";"52";"0";"0.34";"0";"9.52"
"Farmwell Station MS";"Jun 11, 2026, 17:00:00";"52";"0";"0.33";"0";"9.31"
"Farmwell Station MS";"Jun 11, 2026, 16:00:00";"53";"0";"0.34";"0";"8.94"
"Farmwell Station MS";"Jun 11, 2026, 15:00:00";"55";"0";"0.34";"0";"10.02"
"Farmwell Station MS";"Jun 11, 2026, 14:00:00";"56";"0";"0.32";"0";"11.45"
"Farmwell Station MS";"Jun 11, 2026, 13:00:00";"57";"0";"0.31";"0";"12.48"
"Farmwell Station MS";"Jun 11, 2026, 12:00:00";"56";"0";"0.29";"2.52";"12.31"
"Farmwell Station MS";"Jun 11, 2026, 11:00:00";"54";"0";"0.25";"9.64";"12.05"
"Farmwell Station MS";"Jun 11, 2026, 10:00:00";"50";"0";"0.24";"13.94";"11.06"
"Farmwell Station MS";"Jun 11, 2026, 09:00:00";"40";"0";"0.25";"0.1";"8.1"
"Farmwell Station MS";"Jun 11, 2026, 08:00:00";"34";"0.04";"0.23";"36.39";"6.28"
"Farmwell Station MS";"Jun 11, 2026, 07:00:00";"33";"0.79";"0.2";"76.93";"5.96"
"Farmwell Station MS";"Jun 11, 2026, 06:00:00";"34";"2.15";"0.19";"86.2";"6.33"
"Farmwell Station MS";"Jun 11, 2026, 05:00:00";"33";"0.9";"0.18";"84.96";"6.49"
"Farmwell Station MS";"Jun 11, 2026, 04:00:00";"30";"0.76";"0.18";"80.7";"5.93"
"Farmwell Station MS";"Jun 11, 2026, 03:00:00";"27";"1.01";"0.18";"73.74";"5.23"
"Farmwell Station MS";"Jun 11, 2026, 02:00:00";"25";"1.1";"0.18";"66.08";"4.84"
"Farmwell Station MS";"Jun 11, 2026, 01:00:00";"24";"1.47";"0.19";"52.24";"3.88"
"Farmwell Station MS";"Jun 11, 2026, 00:00:00";"27";"0.82";"0.21";"49.39";"4.31"
"Farmwell Station MS";"Jun 10, 2026, 23:00:00";"29";"2.4";"0.23";"45.07";"5.62"
"Farmwell Station MS";"Jun 10, 2026, 22:00:00";"27";"1.76";"0.21";"6.9";"5.23"
"Farmwell Station MS";"Jun 10, 2026, 21:00:00";"24";"0";"0.22";"0.03";"4.74"
"Farmwell Station MS";"Jun 10, 2026, 20:00:00";"22";"0.12";"0.23";"0";"3.92"
"Farmwell Station MS";"Jun 10, 2026, 19:00:00";"22";"0";"0.22";"0";"3.38"
"Farmwell Station MS";"Jun 10, 2026, 18:00:00";"25";"0.19";"0.27";"0.25";"2.96"
"Farmwell Station MS";"Jun 10, 2026, 17:00:00";"34";"6.27";"0.21";"42.85";"3.47"
"Farmwell Station MS";"Jun 10, 2026, 16:00:00";"48";"4.27";"0.14";"14.38";"4.22"
"Farmwell Station MS";"Jun 10, 2026, 15:00:00";"59";"0.12";"0.22";"0.29";"12.94"
"Farmwell Station MS";"Jun 10, 2026, 14:00:00";"59";"0";"0.26";"0.89";"12.43"
"Farmwell Station MS";"Jun 10, 2026, 13:00:00";"60";"0";"0.23";"0";"14.27"
"Farmwell Station MS";"Jun 10, 2026, 12:00:00";"60";"0";"0.25";"0";"13.75"
"Farmwell Station MS";"Jun 10, 2026, 11:00:00";"59";"0.11";"0.25";"13.23";"13.57"
"Farmwell Station MS";"Jun 10, 2026, 10:00:00";"58";"2.98";"0.25";"48.19";"14.17"
"Farmwell Station MS";"Jun 10, 2026, 09:00:00";"56";"5.21";"0.23";"60.92";"13.57"
"Farmwell Station MS";"Jun 10, 2026, 08:00:00";"51";"7.25";"0.22";"57.86";"11.42"
"Farmwell Station MS";"Jun 10, 2026, 07:00:00";"38";"3.98";"0.19";"42.79";"8.08"
"Farmwell Station MS";"Jun 10, 2026, 06:00:00";"29";"3.63";"0.19";"25.92";"5.78"
"Farmwell Station MS";"Jun 10, 2026, 05:00:00";"28";"3.96";"0.19";"21.02";"5.37"
"Farmwell Station MS";"Jun 10, 2026, 04:00:00";"27";"3.26";"0.19";"17.07";"5.11"
"Farmwell Station MS";"Jun 10, 2026, 03:00:00";"27";"2.99";"0.19";"14.14";"5.48"
"Farmwell Station MS";"Jun 10, 2026, 02:00:00";"24";"2.43";"0.19";"10.55";"4.43"
"Farmwell Station MS";"Jun 10, 2026, 01:00:00";"23";"3.2";"0.19";"6.55";"4.05"
"Farmwell Station MS";"Jun 10, 2026, 00:00:00";"24";"5.11";"0.19";"4.83";"4.28"
"Farmwell Station MS";"Jun 9, 2026, 23:00:00";"24";"2.84";"0.2";"3.73";"4.2"
"Farmwell Station MS";"Jun 9, 2026, 22:00:00";"25";"4.19";"0.21";"3.87";"4.04"
"Farmwell Station MS";"Jun 9, 2026, 21:00:00";"27";"4.83";"0.21";"4.48";"4.39"
"Farmwell Station MS";"Jun 9, 2026, 20:00:00";"28";"4.04";"0.21";"7.22";"4.49"
"Farmwell Station MS";"Jun 9, 2026, 19:00:00";"31";"3.05";"0.22";"9.68";"5.2"
"Farmwell Station MS";"Jun 9, 2026, 18:00:00";"33";"2.2";"0.21";"13.41";"5.25"
"Farmwell Station MS";"Jun 9, 2026, 17:00:00";"37";"0.86";"0.21";"15.98";"6.54"
"Farmwell Station MS";"Jun 9, 2026, 16:00:00";"37";"0.03";"0.22";"7.72";"7.4"
"Farmwell Station MS";"Jun 9, 2026, 15:00:00";"33";"0";"0.21";"13.3";"6.19"
"Farmwell Station MS";"Jun 9, 2026, 14:00:00";"31";"0.59";"0.19";"15.82";"6.19"
"Farmwell Station MS";"Jun 9, 2026, 13:00:00";"28";"0.46";"0.19";"16.79";"5.52"
"Farmwell Station MS";"Jun 9, 2026, 12:00:00";"25";"1.58";"0.17";"15.1";"4.79"
"Farmwell Station MS";"Jun 9, 2026, 11:00:00";"23";"1.41";"0.16";"16.14";"4.51"
"Farmwell Station MS";"Jun 9, 2026, 10:00:00";"21";"4.19";"0.17";"16.44";"3.9"
"Farmwell Station MS";"Jun 9, 2026, 09:00:00";"20";"6.09";"0.16";"25.04";"4.11"
"Farmwell Station MS";"Jun 9, 2026, 08:00:00";"17";"6.52";"0.14";"30.1";"3.61"
"Farmwell Station MS";"Jun 9, 2026, 07:00:00";"13";"5.33";"0.12";"29.64";"2.86"
"Farmwell Station MS";"Jun 9, 2026, 06:00:00";"11";"4.32";"0.11";"28.29";"1.99"
"Farmwell Station MS";"Jun 9, 2026, 05:00:00";"10";"3.63";"0.11";"27.75";"1.8"
"Farmwell Station MS";"Jun 9, 2026, 04:00:00";"11";"3.93";"0.11";"27.28";"1.96"
"Farmwell Station MS";"Jun 9, 2026, 03:00:00";"11";"3.97";"0.11";"25.95";"1.96"
"Farmwell Station MS";"Jun 9, 2026, 02:00:00";"11";"2.98";"0.11";"26.51";"1.71"
"Farmwell Station MS";"Jun 9, 2026, 01:00:00";"12";"3.4";"0.13";"22.58";"2.09"
"Farmwell Station MS";"Jun 9, 2026, 00:00:00";"13";"3.84";"0.14";"20.84";"1.91"
"Farmwell Station MS";"Jun 8, 2026, 23:00:00";"15";"3.64";"0.15";"19.8";"2.24"
"Farmwell Station MS";"Jun 8, 2026, 22:00:00";"18";"3.56";"0.18";"17.25";"2.85"
"Farmwell Station MS";"Jun 8, 2026, 21:00:00";"20";"3.4";"0.18";"16.4";"3.04"
"Farmwell Station MS";"Jun 8, 2026, 20:00:00";"22";"2.75";"0.19";"14.04";"3.36"
"Farmwell Station MS";"Jun 8, 2026, 19:00:00";"23";"1.8";"0.21";"15.94";"4.08"
"Farmwell Station MS";"Jun 8, 2026, 18:00:00";"24";"2.18";"0.21";"15.97";"4.55"
"Farmwell Station MS";"Jun 8, 2026, 17:00:00";"23";"1.13";"0.19";"16.32";"4.51"
"Farmwell Station MS";"Jun 8, 2026, 16:00:00";"20";"0.34";"0.2";"13.76";"3.86"
"Farmwell Station MS";"Jun 8, 2026, 15:00:00";"20";"0.71";"0.22";"16.25";"4.15"
"Farmwell Station MS";"Jun 8, 2026, 14:00:00";"18";"1.1";"0.18";"15.83";"3.52"
"Farmwell Station MS";"Jun 8, 2026, 13:00:00";"18";"0.25";"0.2";"17.14";"2.82"
"Farmwell Station MS";"Jun 8, 2026, 12:00:00";"18";"0.37";"0.19";"17.24";"3.29"
"Farmwell Station MS";"Jun 8, 2026, 11:00:00";"18";"0.82";"0.19";"15.95";"3.7"
"Farmwell Station MS";"Jun 8, 2026, 10:00:00";"17";"0.63";"0.2";"17.57";"3.18"
"Farmwell Station MS";"Jun 8, 2026, 09:00:00";"17";"2.59";"0.18";"14.36";"2.73"
"Farmwell Station MS";"Jun 8, 2026, 08:00:00";"18";"4.5";"0.17";"25.05";"2.96"
"Farmwell Station MS";"Jun 8, 2026, 07:00:00";"18";"5.14";"0.16";"34.05";"3.08"
"Farmwell Station MS";"Jun 8, 2026, 06:00:00";"18";"5.09";"0.15";"35.25";"3.42"
"Farmwell Station MS";"Jun 8, 2026, 05:00:00";"18";"3.94";"0.13";"33.85";"3.49"
"Farmwell Station MS";"Jun 8, 2026, 04:00:00";"17";"3.33";"0.14";"30.9";"3.07"
"Farmwell Station MS";"Jun 8, 2026, 03:00:00";"17";"3.94";"0.16";"28.61";"2.97"
"Farmwell Station MS";"Jun 8, 2026, 02:00:00";"17";"4.81";"0.19";"28.76";"2.81"
"Farmwell Station MS";"Jun 8, 2026, 01:00:00";"18";"4.7";"0.21";"29.6";"3.41"
"Farmwell Station MS";"Jun 8, 2026, 00:00:00";"18";"3.64";"0.2";"23.98";"3.15"
"Farmwell Station MS";"Jun 7, 2026, 23:00:00";"18";"2.81";"0.22";"20.45";"3.31"
"Farmwell Station MS";"Jun 7, 2026, 22:00:00";"17";"2.87";"0.23";"17.13";"3.1"
"Farmwell Station MS";"Jun 7, 2026, 21:00:00";"16";"1.74";"0.22";"8.03";"2.9"
"Farmwell Station MS";"Jun 7, 2026, 20:00:00";"15";"0.67";"0.21";"0.09";"2.5"
"Farmwell Station MS";"Jun 7, 2026, 19:00:00";"17";"0.51";"0.2";"0";"2.75"
"Farmwell Station MS";"Jun 7, 2026, 18:00:00";"19";"0.03";"0.2";"0";"3.07"
"Farmwell Station MS";"Jun 7, 2026, 17:00:00";"20";"0.3";"0.2";"0";"3.25"
"Farmwell Station MS";"Jun 7, 2026, 16:00:00";"23";"0.09";"0.2";"0";"3.56"
"Farmwell Station MS";"Jun 7, 2026, 15:00:00";"26";"0.27";"0.21";"0";"4.03"
"Farmwell Station MS";"Jun 7, 2026, 14:00:00";"29";"0.16";"0.21";"0.44";"4.43"
"Farmwell Station MS";"Jun 7, 2026, 13:00:00";"33";"0.03";"0.2";"3.49";"5.1"
"Farmwell Station MS";"Jun 7, 2026, 12:00:00";"38";"0";"0.2";"12.23";"6.22"
"Farmwell Station MS";"Jun 7, 2026, 11:00:00";"40";"0";"0.2";"14.25";"7.29"
"Farmwell Station MS";"Jun 7, 2026, 10:00:00";"40";"0.04";"0.2";"10.92";"8.11"
"Farmwell Station MS";"Jun 7, 2026, 09:00:00";"34";"0";"0.2";"4.02";"7.47"
"Farmwell Station MS";"Jun 7, 2026, 08:00:00";"26";"1.06";"0.2";"7.07";"5.12"
"Farmwell Station MS";"Jun 7, 2026, 07:00:00";"24";"3.04";"0.17";"36.87";"4.69"
"Farmwell Station MS";"Jun 7, 2026, 06:00:00";"23";"2.06";"0.14";"39.79";"4.95"
"Farmwell Station MS";"Jun 7, 2026, 05:00:00";"20";"2.91";"0.15";"28.15";"3.91"
"Farmwell Station MS";"Jun 7, 2026, 04:00:00";"19";"2.51";"0.17";"28.62";"3.52"
"Farmwell Station MS";"Jun 7, 2026, 03:00:00";"19";"3.99";"0.18";"33.02";"3.43"
"Farmwell Station MS";"Jun 7, 2026, 02:00:00";"19";"3.1";"0.17";"32.11";"3.07"
"Farmwell Station MS";"Jun 7, 2026, 01:00:00";"22";"4.12";"0.2";"28.95";"3.67"
"Farmwell Station MS";"Jun 7, 2026, 00:00:00";"23";"3.74";"0.2";"23.22";"4.06"
"Farmwell Station MS";"Jun 6, 2026, 23:00:00";"23";"3.11";"0.2";"15.95";"4.37"
"Farmwell Station MS";"Jun 6, 2026, 22:00:00";"20";"2.67";"0.21";"8.26";"3.21"
"Farmwell Station MS";"Jun 6, 2026, 21:00:00";"23";"2.2";"0.22";"11.71";"3.73"
"Farmwell Station MS";"Jun 6, 2026, 20:00:00";"25";"0.66";"0.22";"15.97";"3.55"
"Farmwell Station MS";"Jun 6, 2026, 19:00:00";"30";"1";"0.2";"12.15";"4.41"
"Farmwell Station MS";"Jun 6, 2026, 18:00:00";"34";"0";"0.25";"1.38";"6.39"
"Farmwell Station MS";"Jun 6, 2026, 17:00:00";"34";"0";"0.25";"0.21";"5.93"
"Farmwell Station MS";"Jun 6, 2026, 16:00:00";"34";"0";"0.21";"0";"5.73"
"Farmwell Station MS";"Jun 6, 2026, 15:00:00";"34";"0";"0.23";"0";"5.8"
"Farmwell Station MS";"Jun 6, 2026, 14:00:00";"35";"0";"0.23";"9.8";"6.16"
"Farmwell Station MS";"Jun 6, 2026, 13:00:00";"35";"1.53";"0.23";"12.52";"6.99"
"Farmwell Station MS";"Jun 6, 2026, 12:00:00";"34";"0";"0.2";"2.89";"6.17"
"Farmwell Station MS";"Jun 6, 2026, 11:00:00";"33";"0";"0.21";"13.24";"6.57"
"Farmwell Station MS";"Jun 6, 2026, 10:00:00";"32";"0";"0.2";"16.69";"5.86"
"Farmwell Station MS";"Jun 6, 2026, 09:00:00";"32";"0.27";"0.23";"16.36";"5.51"
"Farmwell Station MS";"Jun 6, 2026, 08:00:00";"32";"3.28";"0.21";"24.75";"5.43"
"Farmwell Station MS";"Jun 6, 2026, 07:00:00";"33";"4.42";"0.2";"40.67";"5.23"
"Farmwell Station MS";"Jun 6, 2026, 06:00:00";"36";"3.12";"0.17";"42.42";"6.8"
"Farmwell Station MS";"Jun 6, 2026, 05:00:00";"34";"3.61";"0.19";"40.64";"6.28"
"Farmwell Station MS";"Jun 6, 2026, 04:00:00";"33";"3.38";"0.21";"40.4";"6.23"
"Farmwell Station MS";"Jun 6, 2026, 03:00:00";"32";"2.64";"0.23";"34.83";"5.99"
"Farmwell Station MS";"Jun 6, 2026, 02:00:00";"30";"3.59";"0.25";"26.69";"5.38"
"Farmwell Station MS";"Jun 6, 2026, 01:00:00";"30";"3.56";"0.27";"22.22";"5.83"
"Farmwell Station MS";"Jun 6, 2026, 00:00:00";"29";"4.19";"0.28";"21.74";"5.73"
"Farmwell Station MS";"Jun 5, 2026, 23:00:00";"27";"4.67";"0.28";"17.89";"5.52"
"Farmwell Station MS";"Jun 5, 2026, 22:00:00";"24";"2.86";"0.26";"13.42";"4.86"
"Farmwell Station MS";"Jun 5, 2026, 21:00:00";"23";"0.67";"0.26";"5.83";"4.46"
"Farmwell Station MS";"Jun 5, 2026, 20:00:00";"22";"0";"0.25";"0.03";"3.92"
"Farmwell Station MS";"Jun 5, 2026, 19:00:00";"22";"0";"0.25";"0";"3.72"
"Farmwell Station MS";"Jun 5, 2026, 18:00:00";"22";"0";"0.27";"0";"4.07"
"Farmwell Station MS";"Jun 5, 2026, 17:00:00";"22";"0";"0.28";"0";"3.89"
"Farmwell Station MS";"Jun 5, 2026, 16:00:00";"22";"0.03";"0.27";"0";"3.69"
"Farmwell Station MS";"Jun 5, 2026, 15:00:00";"23";"0";"0.28";"0";"3.93"
"Farmwell Station MS";"Jun 5, 2026, 14:00:00";"24";"0";"0.24";"0";"3.86"
"Farmwell Station MS";"Jun 5, 2026, 13:00:00";"25";"0";"0.24";"0";"4.06"
"Farmwell Station MS";"Jun 5, 2026, 12:00:00";"25";"0.25";"0.2";"0";"4.09"
"Farmwell Station MS";"Jun 5, 2026, 11:00:00";"27";"0.3";"0.18";"0";"4.47"
"Farmwell Station MS";"Jun 5, 2026, 10:00:00";"27";"0.28";"0.21";"5.14";"5.1"
"Farmwell Station MS";"Jun 5, 2026, 09:00:00";"27";"4.33";"0.25";"19.2";"5.54"
"Farmwell Station MS";"Jun 5, 2026, 08:00:00";"25";"7.47";"0.23";"29.83";"4.62"
"Farmwell Station MS";"Jun 5, 2026, 07:00:00";"24";"6.22";"0.16";"35.35";"3.88"
"Farmwell Station MS";"Jun 5, 2026, 06:00:00";"26";"4.11";"0.13";"35.61";"5.14"
"Farmwell Station MS";"Jun 5, 2026, 05:00:00";"24";"3.91";"0.13";"35.13";"4.43"
"Farmwell Station MS";"Jun 5, 2026, 04:00:00";"24";"3.98";"0.14";"33.08";"4.27"
"Farmwell Station MS";"Jun 5, 2026, 03:00:00";"24";"5.83";"0.18";"33.79";"4.42"
"Farmwell Station MS";"Jun 5, 2026, 02:00:00";"24";"5.49";"0.2";"32.04";"3.99"
"Farmwell Station MS";"Jun 5, 2026, 01:00:00";"25";"7.52";"0.28";"32.61";"4.89"
"Farmwell Station MS";"Jun 5, 2026, 00:00:00";"24";"6.78";"0.27";"30.11";"4.33"
"Farmwell Station MS";"Jun 4, 2026, 23:00:00";"23";"5.5";"0.29";"31.09";"4.45"
"Farmwell Station MS";"Jun 4, 2026, 22:00:00";"22";"5.29";"0.28";"21.32";"4.58"
"Farmwell Station MS";"Jun 4, 2026, 21:00:00";"19";"2.43";"0.24";"2.58";"3.91"
"Farmwell Station MS";"Jun 4, 2026, 20:00:00";"19";"0.75";"0.24";"0";"3.41"
"Farmwell Station MS";"Jun 4, 2026, 19:00:00";"18";"0.02";"0.22";"0";"3.22"
"Farmwell Station MS";"Jun 4, 2026, 18:00:00";"18";"0.13";"0.22";"0";"3.51"
"Farmwell Station MS";"Jun 4, 2026, 17:00:00";"17";"0.04";"0.23";"0";"3.03"
"Farmwell Station MS";"Jun 4, 2026, 16:00:00";"17";"0.54";"0.23";"0";"3.12"
"Farmwell Station MS";"Jun 4, 2026, 15:00:00";"17";"0.21";"0.22";"0";"2.92"
"Farmwell Station MS";"Jun 4, 2026, 14:00:00";"18";"0.16";"0.21";"0";"2.86"
"Farmwell Station MS";"Jun 4, 2026, 13:00:00";"19";"0.28";"0.17";"0";"3.11"
"Farmwell Station MS";"Jun 4, 2026, 12:00:00";"21";"0.04";"0.18";"0";"3.3"
"Farmwell Station MS";"Jun 4, 2026, 11:00:00";"23";"0";"0.17";"0";"3.55"
"Farmwell Station MS";"Jun 4, 2026, 10:00:00";"24";"1.14";"0.21";"4.39";"4.03"
"Farmwell Station MS";"Jun 4, 2026, 09:00:00";"24";"5.77";"0.25";"20.36";"4.88"
"Farmwell Station MS";"Jun 4, 2026, 08:00:00";"23";"7.22";"0.21";"29.3";"3.98"
"Farmwell Station MS";"Jun 4, 2026, 07:00:00";"23";"9.17";"0.17";"31.67";"3.72"
"Farmwell Station MS";"Jun 4, 2026, 06:00:00";"26";"5.7";"0.11";"30.4";"5"
"Farmwell Station MS";"Jun 4, 2026, 05:00:00";"24";"5.69";"0.1";"29.97";"5.03"
"Farmwell Station MS";"Jun 4, 2026, 04:00:00";"20";"5.78";"0.11";"28.41";"3.59"
"Farmwell Station MS";"Jun 4, 2026, 03:00:00";"20";"6.69";"0.13";"26.96";"3.6"
"Farmwell Station MS";"Jun 4, 2026, 02:00:00";"20";"6.28";"0.15";"26.34";"3.5"
"Farmwell Station MS";"Jun 4, 2026, 01:00:00";"20";"12.88";"0.2";"27.52";"3.56"
"Farmwell Station MS";"Jun 4, 2026, 00:00:00";"20";"11.56";"0.24";"28.51";"3.61"
"Farmwell Station MS";"Jun 3, 2026, 23:00:00";"20";"9.39";"0.28";"31.3";"4.23"
"Farmwell Station MS";"Jun 3, 2026, 22:00:00";"17";"7.72";"0.29";"25.19";"3.68"
"Farmwell Station MS";"Jun 3, 2026, 21:00:00";"13";"4.69";"0.21";"3.03";"2.65"
"Farmwell Station MS";"Jun 3, 2026, 20:00:00";"12";"2.98";"0.18";"0";"2.06"
"Farmwell Station MS";"Jun 3, 2026, 19:00:00";"13";"1.54";"0.18";"0";"2.47"
"Farmwell Station MS";"Jun 3, 2026, 18:00:00";"12";"1.47";"0.18";"0";"2.13"
"Farmwell Station MS";"Jun 3, 2026, 17:00:00";"12";"0.71";"0.17";"0";"1.92"
"Farmwell Station MS";"Jun 3, 2026, 16:00:00";"13";"1.6";"0.17";"0";"2.15"
"Farmwell Station MS";"Jun 3, 2026, 15:00:00";"13";"0.53";"0.16";"0";"1.99"
"Farmwell Station MS";"Jun 3, 2026, 14:00:00";"14";"0.3";"0.16";"0";"2.45"
"Farmwell Station MS";"Jun 3, 2026, 13:00:00";"15";"0";"0.16";"0";"2.35"
"Farmwell Station MS";"Jun 3, 2026, 12:00:00";"17";"0.4";"0.15";"0";"2.7"
"Farmwell Station MS";"Jun 3, 2026, 11:00:00";"18";"0.01";"0.14";"0.29";"2.74"
"Farmwell Station MS";"Jun 3, 2026, 10:00:00";"20";"0.72";"0.16";"10.27";"3.29"
"Farmwell Station MS";"Jun 3, 2026, 09:00:00";"23";"6.75";"0.21";"26.12";"4.14"
"Farmwell Station MS";"Jun 3, 2026, 08:00:00";"22";"9";"0.18";"26.94";"3.36"
"Farmwell Station MS";"Jun 3, 2026, 07:00:00";"26";"11.44";"0.14";"28.77";"3.66"
"Farmwell Station MS";"Jun 3, 2026, 06:00:00";"31";"6.92";"0.09";"27.37";"5.4"
"Farmwell Station MS";"Jun 3, 2026, 05:00:00";"32";"5.49";"0.06";"25.53";"6.99"
"Farmwell Station MS";"Jun 3, 2026, 04:00:00";"25";"5.69";"0.07";"24.96";"5.48"
"Farmwell Station MS";"Jun 3, 2026, 03:00:00";"19";"5.35";"0.09";"23.94";"4.05"
"Farmwell Station MS";"Jun 3, 2026, 02:00:00";"15";"5.14";"0.09";"22.09";"2.75"
"Farmwell Station MS";"Jun 3, 2026, 01:00:00";"15";"6.14";"0.12";"21.99";"2.69"
"Farmwell Station MS";"Jun 3, 2026, 00:00:00";"16";"6.51";"0.14";"22.72";"2.74"
"Farmwell Station MS";"Jun 2, 2026, 23:00:00";"17";"7.59";"0.17";"24.85";"3.13"
"Farmwell Station MS";"Jun 2, 2026, 22:00:00";"15";"8.02";"0.2";"24.8";"3.59"
"Farmwell Station MS";"Jun 2, 2026, 21:00:00";"11";"5.24";"0.16";"12.42";"2.05"
"Farmwell Station MS";"Jun 2, 2026, 20:00:00";"10";"3.23";"0.15";"0.71";"1.75"
"Farmwell Station MS";"Jun 2, 2026, 19:00:00";"11";"2.55";"0.15";"0";"1.83"
"Farmwell Station MS";"Jun 2, 2026, 18:00:00";"11";"2.15";"0.14";"0";"1.78"
"Farmwell Station MS";"Jun 2, 2026, 17:00:00";"12";"1.08";"0.16";"0";"1.98"
"Farmwell Station MS";"Jun 2, 2026, 16:00:00";"13";"2.1";"0.15";"0";"2.19"
"Farmwell Station MS";"Jun 2, 2026, 15:00:00";"14";"0.47";"0.14";"0";"2.23"
"Farmwell Station MS";"Jun 2, 2026, 14:00:00";"16";"0.3";"0.13";"0";"2.46"
"Farmwell Station MS";"Jun 2, 2026, 13:00:00";"19";"0.16";"0.13";"0";"2.64"
"Farmwell Station MS";"Jun 2, 2026, 12:00:00";"23";"0.28";"0.13";"0";"3.44"
"Farmwell Station MS";"Jun 2, 2026, 11:00:00";"25";"0.38";"0.12";"5.59";"3.86"
"Farmwell Station MS";"Jun 2, 2026, 10:00:00";"30";"2.39";"0.12";"21.65";"4.96"
"Farmwell Station MS";"Jun 2, 2026, 09:00:00";"32";"5.2";"0.13";"26.81";"6.54"
"Farmwell Station MS";"Jun 2, 2026, 08:00:00";"27";"6.75";"0.1";"24.95";"4.84"
"Farmwell Station MS";"Jun 2, 2026, 07:00:00";"26";"7.89";"0.08";"25.89";"4.82"
"Farmwell Station MS";"Jun 2, 2026, 06:00:00";"25";"7.39";"0.07";"25.73";"4.88"
"Farmwell Station MS";"Jun 2, 2026, 05:00:00";"23";"6.1";"0.07";"24.1";"4.71"
"Farmwell Station MS";"Jun 2, 2026, 04:00:00";"20";"6.54";"0.08";"23.29";"4"
"Farmwell Station MS";"Jun 2, 2026, 03:00:00";"18";"6.69";"0.09";"23.05";"3.59"
"Farmwell Station MS";"Jun 2, 2026, 02:00:00";"17";"6.56";"0.1";"22.78";"3.31"
"Farmwell Station MS";"Jun 2, 2026, 01:00:00";"15";"6.5";"0.12";"24.19";"2.6"
"Farmwell Station MS";"Jun 2, 2026, 00:00:00";"15";"7.22";"0.14";"25.37";"2.84"
"Farmwell Station MS";"Jun 1, 2026, 23:00:00";"15";"6.14";"0.16";"27.3";"3"
"Farmwell Station MS";"Jun 1, 2026, 22:00:00";"14";"6.71";"0.19";"26.01";"2.89"
"Farmwell Station MS";"Jun 1, 2026, 21:00:00";"13";"5.37";"0.18";"17.57";"2.58"
"Farmwell Station MS";"Jun 1, 2026, 20:00:00";"12";"4.21";"0.18";"2.65";"2.15"
"Farmwell Station MS";"Jun 1, 2026, 19:00:00";"12";"2.99";"0.18";"0";"2.09"
"Farmwell Station MS";"Jun 1, 2026, 18:00:00";"12";"2.74";"0.17";"0";"2.12"
"Farmwell Station MS";"Jun 1, 2026, 17:00:00";"12";"1.18";"0.17";"0";"1.99"
"Farmwell Station MS";"Jun 1, 2026, 16:00:00";"12";"1.17";"0.16";"0";"2.05"
"Farmwell Station MS";"Jun 1, 2026, 15:00:00";"12";"0.91";"0.15";"0";"2.38"
"Farmwell Station MS";"Jun 1, 2026, 14:00:00";"11";"0.19";"0.15";"0";"1.83"
"Farmwell Station MS";"Jun 1, 2026, 13:00:00";"12";"0.23";"0.14";"0";"1.77"
"Farmwell Station MS";"Jun 1, 2026, 12:00:00";"14";"0";"0.15";"0";"2.3"
"Farmwell Station MS";"Jun 1, 2026, 11:00:00";"14";"0";"0.15";"0.62";"2.16"
"Farmwell Station MS";"Jun 1, 2026, 10:00:00";"17";"0.54";"0.16";"12.76";"2.39"
"Farmwell Station MS";"Jun 1, 2026, 09:00:00";"20";"3.38";"0.17";"27.14";"2.98"
"Farmwell Station MS";"Jun 1, 2026, 08:00:00";"23";"7.06";"0.19";"28.65";"4.34"
"Farmwell Station MS";"Jun 1, 2026, 07:00:00";"23";"8.07";"0.14";"28.39";"4.24"
"Farmwell Station MS";"Jun 1, 2026, 06:00:00";"22";"7.28";"0.11";"29.61";"4.35"
"Farmwell Station MS";"Jun 1, 2026, 05:00:00";"20";"7.52";"0.12";"29.17";"3.89"
"Farmwell Station MS";"Jun 1, 2026, 04:00:00";"19";"9.25";"0.14";"29.08";"3.87"
"Farmwell Station MS";"Jun 1, 2026, 03:00:00";"16";"11.13";"0.17";"27.49";"3.11"
"Farmwell Station MS";"Jun 1, 2026, 02:00:00";"14";"7.41";"0.19";"24.98";"2.52"
"Farmwell Station MS";"Jun 1, 2026, 01:00:00";"14";"6.92";"0.2";"26.06";"2.48"
"Farmwell Station MS";"Jun 1, 2026, 00:00:00";"16";"16.36";"0.23";"27.77";"2.6"
"Farmwell Station MS";"May 31, 2026, 23:00:00";"15";"9.35";"0.2";"27.44";"2.66"
"Farmwell Station MS";"May 31, 2026, 22:00:00";"15";"8.58";"0.19";"24.17";"3.15"
"Farmwell Station MS";"May 31, 2026, 21:00:00";"13";"6.73";"0.19";"14.53";"2.96"
"Farmwell Station MS";"May 31, 2026, 20:00:00";"9";"4.76";"0.19";"0.46";"1.78"
"Farmwell Station MS";"May 31, 2026, 19:00:00";"9";"3.02";"0.18";"0";"1.57"
"Farmwell Station MS";"May 31, 2026, 18:00:00";"8";"1.52";"0.18";"0";"1.48"
"Farmwell Station MS";"May 31, 2026, 17:00:00";"8";"1.45";"0.17";"0";"1.32"
"Farmwell Station MS";"May 31, 2026, 16:00:00";"9";"0.38";"0.17";"0";"1.4"
"Farmwell Station MS";"May 31, 2026, 15:00:00";"10";"0";"0.16";"0";"1.59"
"Farmwell Station MS";"May 31, 2026, 14:00:00";"11";"0";"0.15";"0";"1.81"
"Farmwell Station MS";"May 31, 2026, 13:00:00";"11";"0";"0.14";"0";"1.77"
"Farmwell Station MS";"May 31, 2026, 12:00:00";"12";"0";"0.14";"0";"1.91"
"Farmwell Station MS";"May 31, 2026, 11:00:00";"13";"0";"0.14";"0.85";"2.24"
"Farmwell Station MS";"May 31, 2026, 10:00:00";"14";"0.11";"0.13";"15.08";"2.27"
"Farmwell Station MS";"May 31, 2026, 09:00:00";"15";"1.9";"0.13";"29.5";"2.85"
"Farmwell Station MS";"May 31, 2026, 08:00:00";"15";"3.5";"0.11";"26.48";"2.94"
"Farmwell Station MS";"May 31, 2026, 07:00:00";"14";"4.89";"0.07";"25.91";"2.53"
"Farmwell Station MS";"May 31, 2026, 06:00:00";"14";"5.1";"0.05";"25.67";"2.65"
"Farmwell Station MS";"May 31, 2026, 05:00:00";"14";"5.4";"0.06";"25.9";"2.84"
"Farmwell Station MS";"May 31, 2026, 04:00:00";"12";"5.53";"0.08";"25.36";"2.32"
"Farmwell Station MS";"May 31, 2026, 03:00:00";"10";"5.57";"0.08";"24.55";"2.15"
"Farmwell Station MS";"May 31, 2026, 02:00:00";"9";"5.5";"0.1";"24.21";"1.49"
"Farmwell Station MS";"May 31, 2026, 01:00:00";"9";"5.91";"0.14";"23.99";"1.29"
"Farmwell Station MS";"May 31, 2026, 00:00:00";"10";"6.14";"0.15";"23.06";"1.96"
"Farmwell Station MS";"May 30, 2026, 23:00:00";"9";"5.62";"0.14";"22.78";"1.99"
"Farmwell Station MS";"May 30, 2026, 22:00:00";"7";"4.81";"0.14";"25.24";"1.48"
"Farmwell Station MS";"May 30, 2026, 21:00:00";"6";"3.88";"0.14";"26.57";"1.15"
"Farmwell Station MS";"May 30, 2026, 20:00:00";"5";"2.72";"0.15";"22.34";"0.91"
"Farmwell Station MS";"May 30, 2026, 19:00:00";"13";"1.25";"0.16";"8.82";"1"
"Farmwell Station MS";"May 30, 2026, 18:00:00";"13";"0.27";"0.17";"0.83";"0.87"
"Farmwell Station MS";"May 30, 2026, 17:00:00";"13";"0.14";"0.17";"0";"0.95"
"Farmwell Station MS";"May 30, 2026, 16:00:00";"13";"0.12";"0.17";"0";"0.75"
"Farmwell Station MS";"May 30, 2026, 15:00:00";"13";"0.13";"0.17";"0";"0.99"
"Farmwell Station MS";"May 30, 2026, 14:00:00";"13";"0.11";"0.17";"0";"1.11"
"Farmwell Station MS";"May 30, 2026, 13:00:00";"13";"0.32";"0.15";"0";"1.36"
"Farmwell Station MS";"May 30, 2026, 12:00:00";"13";"0.4";"0.14";"0.11";"1.58"
"Farmwell Station MS";"May 30, 2026, 11:00:00";"13";"0.76";"0.14";"4.81";"2.31"
"Farmwell Station MS";"May 30, 2026, 10:00:00";"13";"1.56";"0.16";"14.18";"3.71"
"Farmwell Station MS";"May 30, 2026, 09:00:00";"12";"3.02";"0.16";"22.73";"4.91"
"Farmwell Station MS";"May 30, 2026, 08:00:00";"12";"3.79";"0.17";"27.68";"6.17"
"Farmwell Station MS";"May 30, 2026, 07:00:00";"11";"4.54";"0.16";"29.54";"6.59"
"Farmwell Station MS";"May 30, 2026, 06:00:00";"10";"4.32";"0.15";"29.88";"6.65"
"Farmwell Station MS";"May 30, 2026, 05:00:00";"9";"4.08";"0.15";"30.92";"6.66"
"Farmwell Station MS";"May 30, 2026, 04:00:00";"8";"4.54";"0.16";"31.15";"5.95"
"Farmwell Station MS";"May 30, 2026, 03:00:00";"7";"6.14";"0.16";"30.03";"4.33"
"Farmwell Station MS";"May 30, 2026, 02:00:00";"7";"6.42";"0.16";"30.28";"3.43"
"Farmwell Station MS";"May 30, 2026, 01:00:00";"7";"6.5";"0.19";"29.02";"2.81"
"Farmwell Station MS";"May 30, 2026, 00:00:00";"6";"5.39";"0.19";"25.97";"2.59"
"Farmwell Station MS";"May 29, 2026, 23:00:00";"6";"5.41";"0.21";"23.77";"2.29"
"Farmwell Station MS";"May 29, 2026, 22:00:00";"6";"5.63";"0.23";"22.23";"2.54"
"Farmwell Station MS";"May 29, 2026, 21:00:00";"5";"4.83";"0.23";"18.15";"1.64"
"Farmwell Station MS";"May 29, 2026, 20:00:00";"5";"2.48";"0.22";"8.1";"1.21"
"Farmwell Station MS";"May 29, 2026, 19:00:00";"5";"0.67";"0.22";"0.98";"1.28"
"Farmwell Station MS";"May 29, 2026, 18:00:00";"5";"0.14";"0.21";"0";"1.38"
"Farmwell Station MS";"May 29, 2026, 17:00:00";"5";"0.01";"0.21";"0";"1.29"
"Farmwell Station MS";"May 29, 2026, 16:00:00";"5";"0.09";"0.2";"0";"1.03"
"Farmwell Station MS";"May 29, 2026, 15:00:00";"5";"0.09";"0.19";"0";"0.77"
"Farmwell Station MS";"May 29, 2026, 14:00:00";"5";"0";"0.19";"0";"0.69"
"Farmwell Station MS";"May 29, 2026, 13:00:00";"5";"0";"0.18";"0";"1.04"
"Farmwell Station MS";"May 29, 2026, 12:00:00";"5";"0";"0.16";"0";"0.84"
"Farmwell Station MS";"May 29, 2026, 11:00:00";"6";"0";"0.16";"6.24";"0.94"
"Farmwell Station MS";"May 29, 2026, 10:00:00";"6";"0";"0.16";"20.04";"1.14"
"Farmwell Station MS";"May 29, 2026, 09:00:00";"6";"1.11";"0.17";"32.07";"1.11"
"Farmwell Station MS";"May 29, 2026, 08:00:00";"6";"5.09";"0.17";"31.48";"1.72"
"Farmwell Station MS";"May 29, 2026, 07:00:00";"9";"8.4";"0.13";"30.29";"1.58"
"Farmwell Station MS";"May 29, 2026, 06:00:00";"7";"6.16";"0.08";"29.45";"1.26"
"Farmwell Station MS";"May 29, 2026, 05:00:00";"8";"5.86";"0.08";"29.45";"1.4"
"Farmwell Station MS";"May 29, 2026, 04:00:00";"9";"7.22";"0.09";"29.4";"1.87"
"Farmwell Station MS";"May 29, 2026, 03:00:00";"9";"7.8";"0.1";"28.16";"0.68"
"Farmwell Station MS";"May 29, 2026, 02:00:00";"10";"5.47";"0.12";"27.61";"0.82"
"Farmwell Station MS";"May 29, 2026, 01:00:00";"11";"4.46";"0.13";"26.98";"0.98"
"Farmwell Station MS";"May 29, 2026, 00:00:00";"11";"4.01";"0.15";"27.96";"1"
"Farmwell Station MS";"May 28, 2026, 23:00:00";"11";"4.03";"0.16";"28.44";"1.19"
"Farmwell Station MS";"May 28, 2026, 22:00:00";"12";"5.28";"0.18";"30.04";"1.36"
"Farmwell Station MS";"May 28, 2026, 21:00:00";"12";"4.4";"0.19";"21.7";"1.36"
"Farmwell Station MS";"May 28, 2026, 20:00:00";"12";"1.96";"0.18";"8.09";"1.09"
"Farmwell Station MS";"May 28, 2026, 19:00:00";"12";"0.74";"0.19";"1.45";"1.17"
"Farmwell Station MS";"May 28, 2026, 18:00:00";"12";"0.27";"0.19";"0.01";"1.02"
"Farmwell Station MS";"May 28, 2026, 17:00:00";"12";"0.25";"0.19";"0";"1.14"
"Farmwell Station MS";"May 28, 2026, 16:00:00";"12";"0.18";"0.19";"0";"1.19"
"Farmwell Station MS";"May 28, 2026, 15:00:00";"12";"0.21";"0.19";"0.83";"1.27"
"Farmwell Station MS";"May 28, 2026, 14:00:00";"12";"0";"0.18";"0.27";"1.37"
"Farmwell Station MS";"May 28, 2026, 13:00:00";"12";"0";"0.17";"8.16";"1.23"
"Farmwell Station MS";"May 28, 2026, 12:00:00";"12";"0";"0.17";"19.07";"1.53"
"Farmwell Station MS";"May 28, 2026, 11:00:00";"13";"0";"0.17";"25.88";"1.94"
"Farmwell Station MS";"May 28, 2026, 10:00:00";"13";"0";"0.18";"23.33";"2.7"
"Farmwell Station MS";"May 28, 2026, 09:00:00";"15";"1.15";"0.19";"21.34";"3.5"
"Farmwell Station MS";"May 28, 2026, 08:00:00";"17";"0.71";"0.2";"35.56";"4.02"
"Farmwell Station MS";"May 28, 2026, 07:00:00";"20";"1.27";"0.19";"57.09";"5.02"
"Farmwell Station MS";"May 28, 2026, 06:00:00";"23";"1.26";"0.19";"64.94";"5.61"
"Farmwell Station MS";"May 28, 2026, 05:00:00";"25";"0.52";"0.18";"68.67";"5.21"
"Farmwell Station MS";"May 28, 2026, 04:00:00";"26";"0.99";"0.17";"75.38";"5.15"
"Farmwell Station MS";"May 28, 2026, 03:00:00";"29";"0.51";"0.15";"76.14";"5.45"
"Farmwell Station MS";"May 28, 2026, 02:00:00";"31";"1.33";"0.15";"73.36";"4.13"
"Farmwell Station MS";"May 28, 2026, 01:00:00";"33";"1.92";"0.16";"70.08";"2.76"
"Farmwell Station MS";"May 28, 2026, 00:00:00";"36";"2.51";"0.16";"71.28";"1.95"
"Farmwell Station MS";"May 27, 2026, 23:00:00";"38";"2.14";"0.19";"82.1";"2.29"
"Farmwell Station MS";"May 27, 2026, 22:00:00";"39";"3.52";"0.21";"76.99";"2.69"
"Farmwell Station MS";"May 27, 2026, 21:00:00";"40";"3.11";"0.23";"31.99";"2.04"
"Farmwell Station MS";"May 27, 2026, 20:00:00";"41";"0.31";"0.22";"0";"1.41"
"Farmwell Station MS";"May 27, 2026, 19:00:00";"41";"0";"0.2";"0.21";"1.39"
"Farmwell Station MS";"May 27, 2026, 18:00:00";"42";"0";"0.19";"9.76";"1.41"
"Farmwell Station MS";"May 27, 2026, 17:00:00";"42";"0";"0.2";"0.74";"1.16"
"Farmwell Station MS";"May 27, 2026, 16:00:00";"42";"0";"0.21";"0";"1.68"
"Farmwell Station MS";"May 27, 2026, 15:00:00";"43";"0";"0.2";"0";"1.76"
"Farmwell Station MS";"May 27, 2026, 14:00:00";"44";"0";"0.22";"8.04";"1.86"
"Farmwell Station MS";"May 27, 2026, 13:00:00";"45";"0.23";"0.18";"21.41";"2.35"
"Farmwell Station MS";"May 27, 2026, 12:00:00";"46";"0";"0.2";"0";"2.34"
"Farmwell Station MS";"May 27, 2026, 11:00:00";"48";"0";"0.24";"40.06";"6.55"
"Farmwell Station MS";"May 27, 2026, 10:00:00";"50";"0";"0.23";"80.75";"11.75"
"Farmwell Station MS";"May 27, 2026, 09:00:00";"51";"0";"0.22";"89.78";"16.93"
"Farmwell Station MS";"May 27, 2026, 08:00:00";"51";"0";"0.21";"100.29";"19.48"
"Farmwell Station MS";"May 27, 2026, 07:00:00";"50";"0";"0.19";"102.28";"20.79"
"Farmwell Station MS";"May 27, 2026, 06:00:00";"48";"0.11";"0.19";"98";"18.11"
"Farmwell Station MS";"May 27, 2026, 05:00:00";"47";"0.16";"0.19";"94.89";"14.08"
"Farmwell Station MS";"May 27, 2026, 04:00:00";"46";"0.24";"0.21";"91.39";"17.04"
"Farmwell Station MS";"May 27, 2026, 03:00:00";"45";"0.25";"0.21";"87.72";"18.46"
"Farmwell Station MS";"May 27, 2026, 02:00:00";"3";"0.4";"0.21";"85.41";"19.09"
"Farmwell Station MS";"May 27, 2026, 01:00:00";"3";"0.63";"0.21";"82.53";"15.52"
"Farmwell Station MS";"May 27, 2026, 00:00:00";"3";"1.82";"0.21";"78.51";"13.59"
"Farmwell Station MS";"May 26, 2026, 23:00:00";"3";"2.18";"0.22";"72.73";"10.48"
"Farmwell Station MS";"May 26, 2026, 22:00:00";"5";"4.45";"0.27";"64.95";"7.76"
"Farmwell Station MS";"May 26, 2026, 21:00:00";"3";"2.35";"0.26";"44.57";"5.67"
"Farmwell Station MS";"May 26, 2026, 20:00:00";"3";"1.93";"0.25";"27.6";"4.5"
"Farmwell Station MS";"May 26, 2026, 19:00:00";"3";"0.36";"0.23";"2.56";"4.23"
"Farmwell Station MS";"May 26, 2026, 18:00:00";"3";"0.97";"0.24";"0";"3.88"
"Farmwell Station MS";"May 26, 2026, 17:00:00";"4";"0";"0.22";"0";"3.92"
"Farmwell Station MS";"May 26, 2026, 16:00:00";"4";"0.05";"0.25";"7.82";"3.48"
"Farmwell Station MS";"May 26, 2026, 15:00:00";"4";"0.27";"0.28";"55.18";"7.21"
"Farmwell Station MS";"May 26, 2026, 14:00:00";"4";"1.01";"0.27";"69.43";"9.92"
"Farmwell Station MS";"May 26, 2026, 13:00:00";"4";"1.11";"0.27";"79.42";"9.54"
"Farmwell Station MS";"May 26, 2026, 12:00:00";"4";"1.66";"0.27";"82.62";"11.62"
"Farmwell Station MS";"May 26, 2026, 11:00:00";"4";"0.47";"0.28";"94.86";"17.3"
"Farmwell Station MS";"May 26, 2026, 10:00:00";"3";"1.22";"0.29";"99.07";"25.22"
"Farmwell Station MS";"May 26, 2026, 09:00:00";"3";"2.14";"0.29";"98.55";"0"
"Farmwell Station MS";"May 26, 2026, 08:00:00";"3";"1.45";"0.26";"93.1";"0"
"Farmwell Station MS";"May 26, 2026, 07:00:00";"39";"0.35";"0.27";"88.25";"0"
"Farmwell Station MS";"May 26, 2026, 06:00:00";"40";"0.14";"0.22";"85.86";"0"
"Farmwell Station MS";"May 26, 2026, 05:00:00";"42";"0.08";"0.23";"86.2";"0"
"Farmwell Station MS";"May 26, 2026, 04:00:00";"42";"0.23";"0.24";"83.57";"0"
"Farmwell Station MS";"May 26, 2026, 03:00:00";"42";"0.51";"0.25";"87.69";"0"
"Farmwell Station MS";"May 26, 2026, 02:00:00";"42";"1.75";"0.26";"88.13";"0"
"Farmwell Station MS";"May 26, 2026, 01:00:00";"42";"2.49";"0.27";"85.35";"18.93"
"Farmwell Station MS";"May 26, 2026, 00:00:00";"44";"3.55";"0.27";"80.65";"14.92"
"Farmwell Station MS";"May 25, 2026, 23:00:00";"47";"4.15";"0.26";"72.49";"11.42"
"Farmwell Station MS";"May 25, 2026, 22:00:00";"51";"3.51";"0.24";"56.39";"8.13"
"Farmwell Station MS";"May 25, 2026, 21:00:00";"51";"1.63";"0.22";"22.77";"4.5"
"Farmwell Station MS";"May 25, 2026, 20:00:00";"52";"0.21";"0.2";"0";"3.03"
"Farmwell Station MS";"May 25, 2026, 19:00:00";"3";"0";"0.2";"0";"3.17"
"Farmwell Station MS";"May 25, 2026, 18:00:00";"3";"0";"0.18";"0";"3.58"
"Farmwell Station MS";"May 25, 2026, 17:00:00";"3";"0";"0.2";"0";"3.99"
"Farmwell Station MS";"May 25, 2026, 16:00:00";"3";"0";"0.21";"0.42";"3.8"
"Farmwell Station MS";"May 25, 2026, 15:00:00";"3";"0";"0.2";"7.34";"4.88"
"Farmwell Station MS";"May 25, 2026, 14:00:00";"3";"0";"0.19";"30.57";"5.94"
"Farmwell Station MS";"May 25, 2026, 13:00:00";"3";"0";"0.19";"51.83";"8.83"
"Farmwell Station MS";"May 25, 2026, 12:00:00";"3";"0";"0.19";"61.12";"9.74"
"Farmwell Station MS";"May 25, 2026, 11:00:00";"3";"0";"0.19";"85.57";"10.96"
"Farmwell Station MS";"May 25, 2026, 10:00:00";"3";"0";"0.17";"87.67";"13.46"
"Farmwell Station MS";"May 25, 2026, 09:00:00";"3";"0";"0.17";"85.42";"16.63"
"Farmwell Station MS";"May 25, 2026, 08:00:00";"3";"0.04";"0.17";"80.62";"19.26"
"Farmwell Station MS";"May 25, 2026, 07:00:00";"3";"0.08";"0.17";"76.89";"17.22"
"Farmwell Station MS";"May 25, 2026, 06:00:00";"3";"0.24";"0.17";"75.4";"18.86"
"Farmwell Station MS";"May 25, 2026, 05:00:00";"3";"0.6";"0.17";"72.02";"0"
"Farmwell Station MS";"May 25, 2026, 04:00:00";"43";"2.07";"0.19";"69.31";"0"
"Farmwell Station MS";"May 25, 2026, 03:00:00";"42";"2.2";"0.2";"68.25";"0"
"Farmwell Station MS";"May 25, 2026, 02:00:00";"40";"2.63";"0.2";"67.5";"0"
"Farmwell Station MS";"May 25, 2026, 01:00:00";"38";"2.93";"0.19";"67.72";"25.43"
"Farmwell Station MS";"May 25, 2026, 00:00:00";"34";"3.4";"0.2";"66.3";"31.56"
"Farmwell Station MS";"May 24, 2026, 23:00:00";"29";"4.22";"0.19";"65.11";"27.12"
"Farmwell Station MS";"May 24, 2026, 22:00:00";"26";"6";"0.2";"64.85";"0"
"Farmwell Station MS";"May 24, 2026, 21:00:00";"26";"6.66";"0.2";"62.93";"0"
"Farmwell Station MS";"May 24, 2026, 20:00:00";"26";"6.24";"0.19";"59.74";"0"
"Farmwell Station MS";"May 24, 2026, 19:00:00";"26";"5.26";"0.18";"56.37";"20.06"
"Farmwell Station MS";"May 24, 2026, 18:00:00";"23";"3.5";"0.16";"50.52";"12.6"
"Farmwell Station MS";"May 24, 2026, 17:00:00";"21";"2.58";"0.15";"44.98";"10.46"
"Farmwell Station MS";"May 24, 2026, 16:00:00";"20";"1.62";"0.14";"37.35";"8.28"
"Farmwell Station MS";"May 24, 2026, 15:00:00";"19";"1.87";"0.14";"41.9";"6.2"
"Farmwell Station MS";"May 24, 2026, 14:00:00";"18";"1.7";"0.13";"50.37";"5.33"
"Farmwell Station MS";"May 24, 2026, 13:00:00";"17";"1";"0.12";"51.45";"4.32"
"Farmwell Station MS";"May 24, 2026, 12:00:00";"17";"1.55";"0.12";"51.44";"3.79"
"Farmwell Station MS";"May 24, 2026, 11:00:00";"17";"2.47";"0.1";"50.78";"3.11"
"Farmwell Station MS";"May 24, 2026, 10:00:00";"17";"3.15";"0.09";"48.57";"5.02"
"Farmwell Station MS";"May 24, 2026, 09:00:00";"17";"4.05";"0.07";"45.98";"6.59"
"Farmwell Station MS";"May 24, 2026, 08:00:00";"18";"4.66";"0.06";"43.65";"6.07"
"Farmwell Station MS";"May 24, 2026, 07:00:00";"18";"4.89";"0.05";"42.19";"4.98"
"Farmwell Station MS";"May 24, 2026, 06:00:00";"19";"4.79";"0.04";"42.17";"2.32"
"Farmwell Station MS";"May 24, 2026, 05:00:00";"20";"4.94";"0.04";"42.15";"2.25"
"Farmwell Station MS";"May 24, 2026, 04:00:00";"20";"4.96";"0.04";"42.8";"2.04"
"Farmwell Station MS";"May 24, 2026, 03:00:00";"20";"5.39";"0.05";"42.85";"1.47"
"Farmwell Station MS";"May 24, 2026, 02:00:00";"21";"5.7";"0.05";"42.91";"2.48"
"Farmwell Station MS";"May 24, 2026, 01:00:00";"21";"5.68";"0.06";"43.42";"3.69"
"Farmwell Station MS";"May 24, 2026, 00:00:00";"21";"6.49";"0.06";"43.33";"6.13"
"Farmwell Station MS";"May 23, 2026, 23:00:00";"21";"6.98";"0.05";"42.83";"9.59"
"Farmwell Station MS";"May 23, 2026, 22:00:00";"20";"7.6";"0.05";"42.21";"8.57"
"Farmwell Station MS";"May 23, 2026, 21:00:00";"19";"8.06";"0.05";"41.91";"6.18"
"Farmwell Station MS";"May 23, 2026, 20:00:00";"18";"7.87";"0.05";"42.5";"4.81"
"Farmwell Station MS";"May 23, 2026, 19:00:00";"18";"7.02";"0.08";"44.47";"2.62"
"Farmwell Station MS";"May 23, 2026, 18:00:00";"18";"6.85";"0.08";"44.6";"3"
"Farmwell Station MS";"May 23, 2026, 17:00:00";"17";"7.73";"0.08";"44.41";"3.45"
"Farmwell Station MS";"May 23, 2026, 16:00:00";"17";"7.23";"0.08";"44.18";"2.04"
"Farmwell Station MS";"May 23, 2026, 15:00:00";"17";"7.18";"0.08";"44.08";"1.15"
"Farmwell Station MS";"May 23, 2026, 14:00:00";"18";"7.24";"0.07";"43.36";"0.97"
"Farmwell Station MS";"May 23, 2026, 13:00:00";"18";"6.69";"0.07";"43.46";"1.7"
"Farmwell Station MS";"May 23, 2026, 12:00:00";"19";"7.1";"0.07";"42.66";"2.98"
"Farmwell Station MS";"May 23, 2026, 11:00:00";"19";"7.36";"0.06";"41.81";"5.03"
"Farmwell Station MS";"May 23, 2026, 10:00:00";"20";"6.99";"0.06";"41.41";"5.78"
"Farmwell Station MS";"May 23, 2026, 09:00:00";"22";"7.42";"0.05";"40.91";"9.97"
"Farmwell Station MS";"May 23, 2026, 08:00:00";"24";"7.36";"0.04";"40.59";"8.65"
"Farmwell Station MS";"May 23, 2026, 07:00:00";"27";"7.63";"0.04";"39.82";"10.33"
"Farmwell Station MS";"May 23, 2026, 06:00:00";"31";"8.59";"0.03";"38.7";"6.97"
"Farmwell Station MS";"May 23, 2026, 05:00:00";"34";"8.39";"0.03";"38.3";"3.76"
"Farmwell Station MS";"May 23, 2026, 04:00:00";"35";"7.5";"0.04";"38.51";"3.45"
"Farmwell Station MS";"May 23, 2026, 03:00:00";"37";"6.64";"0.04";"38.46";"4.14"
"Farmwell Station MS";"May 23, 2026, 02:00:00";"40";"6.71";"0.04";"37.65";"4.64"
"Farmwell Station MS";"May 23, 2026, 01:00:00";"44";"6.8";"0.04";"37.32";"5.07"
"Farmwell Station MS";"May 23, 2026, 00:00:00";"46";"6.85";"0.04";"37.12";"3.98"
"Farmwell Station MS";"May 22, 2026, 23:00:00";"48";"7.23";"0.04";"36.62";"3.05"
"Farmwell Station MS";"May 22, 2026, 22:00:00";"49";"7.15";"0.04";"36.82";"2.6"
"Farmwell Station MS";"May 22, 2026, 21:00:00";"51";"6.42";"0.04";"36.91";"1.77"
"Farmwell Station MS";"May 22, 2026, 20:00:00";"51";"5.55";"0.06";"38.78";"1.73"
"Farmwell Station MS";"May 22, 2026, 19:00:00";"51";"5.35";"0.1";"42.25";"2.03"
"Farmwell Station MS";"May 22, 2026, 18:00:00";"52";"4.83";"0.1";"43.47";"2.06"
"Farmwell Station MS";"May 22, 2026, 17:00:00";"52";"4.41";"0.11";"46.13";"1.74"
"Farmwell Station MS";"May 22, 2026, 16:00:00";"52";"4.03";"0.14";"47.55";"2.09"
"Farmwell Station MS";"May 22, 2026, 15:00:00";"52";"4.64";"0.15";"48.18";"5.07"
"Farmwell Station MS";"May 22, 2026, 14:00:00";"51";"4.68";"0.14";"47.33";"3.97"
"Farmwell Station MS";"May 22, 2026, 13:00:00";"51";"4.92";"0.13";"46.36";"3.52"
"Farmwell Station MS";"May 22, 2026, 12:00:00";"51";"4.64";"0.12";"45.52";"2.68"
"Farmwell Station MS";"May 22, 2026, 11:00:00";"51";"2.36";"0.13";"47.69";"12.73"
"Farmwell Station MS";"May 22, 2026, 10:00:00";"50";"1.12";"0.14";"48.89";"18.12"
"Farmwell Station MS";"May 22, 2026, 09:00:00";"48";"1.87";"0.13";"48.18";"23.96"
"Farmwell Station MS";"May 22, 2026, 08:00:00";"44";"2.39";"0.12";"47.01";"25.47"
"Farmwell Station MS";"May 22, 2026, 07:00:00";"40";"2.5";"0.1";"45.83";"29.43"
"Farmwell Station MS";"May 22, 2026, 06:00:00";"36";"2.39";"0.09";"45.14";"24.34"
"Farmwell Station MS";"May 22, 2026, 05:00:00";"32";"2.39";"0.08";"44.73";"11.93"
"Farmwell Station MS";"May 22, 2026, 04:00:00";"32";"2.8";"0.08";"44.21";"14"
"Farmwell Station MS";"May 22, 2026, 03:00:00";"33";"3.65";"0.08";"43.56";"22.93"
"Farmwell Station MS";"May 22, 2026, 02:00:00";"32";"2.84";"0.08";"43.78";"24.19"
"Farmwell Station MS";"May 22, 2026, 01:00:00";"30";"3.73";"0.08";"43.4";"18.24"
"Farmwell Station MS";"May 22, 2026, 00:00:00";"29";"4.53";"0.08";"42.5";"13.1"
"Farmwell Station MS";"May 21, 2026, 23:00:00";"29";"5.31";"0.08";"41.58";"13.29"
"Farmwell Station MS";"May 21, 2026, 22:00:00";"28";"6.26";"0.08";"40.77";"10.58"
"Farmwell Station MS";"May 21, 2026, 21:00:00";"28";"6.45";"0.08";"39.99";"7.14"
"Farmwell Station MS";"May 21, 2026, 20:00:00";"28";"6.5";"0.08";"39.6";"5.27"
"Farmwell Station MS";"May 21, 2026, 19:00:00";"29";"6.3";"0.08";"38.87";"4.43"
"Farmwell Station MS";"May 21, 2026, 18:00:00";"30";"5.71";"0.08";"38.49";"4.28"
"Farmwell Station MS";"May 21, 2026, 17:00:00";"31";"4.21";"0.08";"38.7";"1.88"
"Farmwell Station MS";"May 21, 2026, 16:00:00";"31";"3.59";"0.09";"39.31";"1.57"
"Farmwell Station MS";"May 21, 2026, 15:00:00";"32";"2.1";"0.11";"42.25";"2.08"
"Farmwell Station MS";"May 21, 2026, 14:00:00";"33";"1.49";"0.12";"44";"1.99"
"Farmwell Station MS";"May 21, 2026, 13:00:00";"34";"1.13";"0.13";"45.77";"2.77"
"Farmwell Station MS";"May 21, 2026, 12:00:00";"34";"1.24";"0.12";"45.34";"2.98"
"Farmwell Station MS";"May 21, 2026, 11:00:00";"35";"0.73";"0.13";"46.48";"3.04"
"Farmwell Station MS";"May 21, 2026, 10:00:00";"35";"0";"0.14";"49.57";"3.08"
"Farmwell Station MS";"May 21, 2026, 09:00:00";"36";"0.05";"0.14";"52.73";"3.16"
"Farmwell Station MS";"May 21, 2026, 08:00:00";"37";"0";"0";"0";"3.4"
"Farmwell Station MS";"May 21, 2026, 07:00:00";"37";"0.44";"0.13";"56.12";"3.75"
"Farmwell Station MS";"May 21, 2026, 06:00:00";"37";"0";"0.13";"58.56";"4.2"
"Farmwell Station MS";"May 21, 2026, 05:00:00";"38";"0.05";"0.15";"68.83";"8.7"
"Farmwell Station MS";"May 21, 2026, 04:00:00";"37";"0.26";"0.18";"77.71";"21.14"
"Farmwell Station MS";"May 21, 2026, 03:00:00";"34";"0.15";"0.17";"74.08";"17.26"
"Farmwell Station MS";"May 21, 2026, 02:00:00";"32";"0.02";"0.17";"72.07";"12.36"
"Farmwell Station MS";"May 21, 2026, 01:00:00";"30";"0.35";"0.18";"70.61";"11.45"
"Farmwell Station MS";"May 21, 2026, 00:00:00";"29";"1.44";"0.19";"69.36";"12.46"
"Farmwell Station MS";"May 20, 2026, 23:00:00";"27";"2.76";"0.2";"66.9";"10.55"
"Farmwell Station MS";"May 20, 2026, 22:00:00";"26";"3.55";"0.21";"63.29";"9.79"
"Farmwell Station MS";"May 20, 2026, 21:00:00";"25";"3.08";"0.23";"57.44";"9.02"
"Farmwell Station MS";"May 20, 2026, 20:00:00";"24";"3.49";"0.25";"52.74";"7.36"
"Farmwell Station MS";"May 20, 2026, 19:00:00";"23";"2.93";"0.26";"51.76";"9.48"
"Farmwell Station MS";"May 20, 2026, 18:00:00";"22";"2";"0.28";"44.61";"9.36"
"Farmwell Station MS";"May 20, 2026, 17:00:00";"21";"1.9";"0.26";"16.25";"7.07"
"Farmwell Station MS";"May 20, 2026, 16:00:00";"21";"0";"0.29";"0";"6.28"
"Farmwell Station MS";"May 20, 2026, 15:00:00";"20";"0";"0.33";"0";"6.16"
"Farmwell Station MS";"May 20, 2026, 14:00:00";"20";"0";"0.3";"0";"5.54"
"Farmwell Station MS";"May 20, 2026, 13:00:00";"20";"0";"0.29";"0";"5.57"
"Farmwell Station MS";"May 20, 2026, 12:00:00";"20";"0";"0.28";"0";"6.37"
"Farmwell Station MS";"May 20, 2026, 11:00:00";"20";"0";"0.25";"0.34";"7.3"
"Farmwell Station MS";"May 20, 2026, 10:00:00";"20";"0";"0.27";"18.99";"6.92"
"Farmwell Station MS";"May 20, 2026, 09:00:00";"20";"0";"0.28";"19.61";"7.61"
"Farmwell Station MS";"May 20, 2026, 08:00:00";"20";"1.99";"0.26";"27.19";"5.38"
"Farmwell Station MS";"May 20, 2026, 07:00:00";"21";"2.12";"0.2";"45.35";"5.19"
"Farmwell Station MS";"May 20, 2026, 06:00:00";"21";"1.21";"0.17";"49.14";"5.37"
"Farmwell Station MS";"May 20, 2026, 05:00:00";"22";"1.01";"0.17";"45.37";"5.05"
"Farmwell Station MS";"May 20, 2026, 04:00:00";"23";"1.33";"0.17";"37.01";"4.35"
"Farmwell Station MS";"May 20, 2026, 03:00:00";"23";"0.99";"0.19";"35.76";"3.5"
"Farmwell Station MS";"May 20, 2026, 02:00:00";"24";"0.73";"0.18";"31.71";"3.49"
"Farmwell Station MS";"May 20, 2026, 01:00:00";"25";"0.06";"0.19";"24.47";"3.42"
"Farmwell Station MS";"May 20, 2026, 00:00:00";"26";"0.71";"0.23";"21.09";"3.43"
"Farmwell Station MS";"May 19, 2026, 23:00:00";"27";"0.77";"0.28";"16.39";"3.89"
"Farmwell Station MS";"May 19, 2026, 22:00:00";"28";"0.11";"0.28";"18.25";"3.66"
"Farmwell Station MS";"May 19, 2026, 21:00:00";"29";"0";"0.27";"17.03";"3.43"
"Farmwell Station MS";"May 19, 2026, 20:00:00";"30";"0";"0.27";"5.86";"2.94"
"Farmwell Station MS";"May 19, 2026, 19:00:00";"31";"9.55";"0.27";"4.29";"2.68"
"Farmwell Station MS";"May 19, 2026, 18:00:00";"32";"0";"0.29";"0.58";"3.75"
"Farmwell Station MS";"May 19, 2026, 17:00:00";"32";"0";"0.33";"0";"4.6"
"Farmwell Station MS";"May 19, 2026, 16:00:00";"33";"0";"0.33";"0";"4.91"
"Farmwell Station MS";"May 19, 2026, 15:00:00";"33";"0";"0.32";"0";"5.15"
"Farmwell Station MS";"May 19, 2026, 14:00:00";"33";"0";"0.32";"0";"4.96"
"Farmwell Station MS";"May 19, 2026, 13:00:00";"34";"0";"0.31";"0";"5.96"
"Farmwell Station MS";"May 19, 2026, 12:00:00";"34";"0";"0.27";"0";"5.88"
"Farmwell Station MS";"May 19, 2026, 11:00:00";"34";"0";"0.25";"0";"6.08"
"Farmwell Station MS";"May 19, 2026, 10:00:00";"35";"0";"0.25";"7.95";"6.69"
"Farmwell Station MS";"May 19, 2026, 09:00:00";"35";"0.57";"0.3";"22.93";"9.05"
"Farmwell Station MS";"May 19, 2026, 08:00:00";"35";"6.52";"0.26";"17.93";"9.69"
"Farmwell Station MS";"May 19, 2026, 07:00:00";"35";"6.81";"0.22";"23.25";"8.16"
"Farmwell Station MS";"May 19, 2026, 06:00:00";"35";"4.33";"0.2";"20.33";"8.66"
"Farmwell Station MS";"May 19, 2026, 05:00:00";"36";"3.55";"0.22";"15.79";"8.76"
"Farmwell Station MS";"May 19, 2026, 04:00:00";"36";"2.32";"0.22";"15.3";"9.13"
"Farmwell Station MS";"May 19, 2026, 03:00:00";"35";"0.94";"0.23";"13.66";"8.9"
"Farmwell Station MS";"May 19, 2026, 02:00:00";"35";"0.03";"0.25";"15.77";"8.91"
"Farmwell Station MS";"May 19, 2026, 01:00:00";"35";"0";"0.26";"17.81";"8.88"
"Farmwell Station MS";"May 19, 2026, 00:00:00";"34";"0.11";"0.26";"20.61";"8.6"
"Farmwell Station MS";"May 18, 2026, 23:00:00";"33";"4.92";"0.3";"19.07";"8.49"
"Farmwell Station MS";"May 18, 2026, 22:00:00";"33";"23.45";"0.34";"15.35";"8.83"
"Farmwell Station MS";"May 18, 2026, 21:00:00";"32";"13.79";"0.37";"11.49";"9.09"
"Farmwell Station MS";"May 18, 2026, 20:00:00";"31";"7.82";"0.35";"2.05";"8.72"
"Farmwell Station MS";"May 18, 2026, 19:00:00";"30";"5.38";"0.35";"0";"7.26"
"Farmwell Station MS";"May 18, 2026, 18:00:00";"30";"6.15";"0.39";"0";"7.62"
"Farmwell Station MS";"May 18, 2026, 17:00:00";"29";"2.69";"0.39";"0";"7.52"
"Farmwell Station MS";"May 18, 2026, 16:00:00";"28";"1.69";"0.41";"0";"7.56"
"Farmwell Station MS";"May 18, 2026, 15:00:00";"28";"0.47";"0.39";"0";"6.27"
"Farmwell Station MS";"May 18, 2026, 14:00:00";"27";"0";"0.34";"0";"6.18"
"Farmwell Station MS";"May 18, 2026, 13:00:00";"26";"0";"0.31";"0";"6.85"
"Farmwell Station MS";"May 18, 2026, 12:00:00";"26";"0.12";"0.3";"0";"7.91"
"Farmwell Station MS";"May 18, 2026, 11:00:00";"26";"0";"0.32";"4.15";"8.87"
"Farmwell Station MS";"May 18, 2026, 10:00:00";"25";"0.12";"0.33";"24.87";"9.96"
"Farmwell Station MS";"May 18, 2026, 09:00:00";"24";"4.89";"0.33";"16.09";"9.14"
"Farmwell Station MS";"May 18, 2026, 08:00:00";"23";"5.36";"0.3";"45.64";"6.9"
"Farmwell Station MS";"May 18, 2026, 07:00:00";"23";"6.51";"0.27";"57.8";"10.64"
"Farmwell Station MS";"May 18, 2026, 06:00:00";"23";"4.45";"0.23";"62.22";"11.09"
"Farmwell Station MS";"May 18, 2026, 05:00:00";"22";"5.06";"0.22";"45.39";"8.85"
"Farmwell Station MS";"May 18, 2026, 04:00:00";"21";"5.31";"0.22";"40.61";"7.74"
"Farmwell Station MS";"May 18, 2026, 03:00:00";"21";"6.22";"0.23";"26.4";"7.37"
"Farmwell Station MS";"May 18, 2026, 02:00:00";"21";"3.67";"0.29";"12.37";"6.09"
"Farmwell Station MS";"May 18, 2026, 01:00:00";"21";"4.57";"0.3";"5.74";"5.64"
"Farmwell Station MS";"May 18, 2026, 00:00:00";"20";"12.16";"0.33";"9.26";"5.08"
"Farmwell Station MS";"May 17, 2026, 23:00:00";"20";"11.76";"0.33";"13.63";"4.86"
"Farmwell Station MS";"May 17, 2026, 22:00:00";"19";"6.92";"0.31";"18.76";"4.69"
"Farmwell Station MS";"May 17, 2026, 21:00:00";"19";"4.22";"0.28";"17.79";"4.38"
"Farmwell Station MS";"May 17, 2026, 20:00:00";"19";"2.39";"0.27";"7.44";"3.77"
"Farmwell Station MS";"May 17, 2026, 19:00:00";"19";"0.48";"0.26";"0.25";"3.36"
"Farmwell Station MS";"May 17, 2026, 18:00:00";"18";"0.02";"0.26";"0";"3.54"
"Farmwell Station MS";"May 17, 2026, 17:00:00";"18";"0";"0.27";"0";"3.37"
"Farmwell Station MS";"May 17, 2026, 16:00:00";"18";"0.04";"0.24";"0";"2.95"
"Farmwell Station MS";"May 17, 2026, 15:00:00";"18";"0";"0.24";"0";"2.48"
"Farmwell Station MS";"May 17, 2026, 14:00:00";"18";"0";"0.24";"14.49";"3.33"
"Farmwell Station MS";"May 17, 2026, 13:00:00";"18";"0.46";"0.26";"14";"4.98"
"Farmwell Station MS";"May 17, 2026, 12:00:00";"17";"0.88";"0.28";"10.74";"5.9"
"Farmwell Station MS";"May 17, 2026, 11:00:00";"16";"2.13";"0.28";"10.71";"5.27"
"Farmwell Station MS";"May 17, 2026, 10:00:00";"16";"3.02";"0.26";"23.45";"5.17"
"Farmwell Station MS";"May 17, 2026, 09:00:00";"16";"6.31";"0.27";"28.54";"4.75"
"Farmwell Station MS";"May 17, 2026, 08:00:00";"15";"6.63";"0.26";"42.37";"5.36"
"Farmwell Station MS";"May 17, 2026, 07:00:00";"15";"3.93";"0.21";"43.28";"7.23"
"Farmwell Station MS";"May 17, 2026, 06:00:00";"15";"4.17";"0.21";"41.41";"7.87"
"Farmwell Station MS";"May 17, 2026, 05:00:00";"15";"4.07";"0.21";"41.09";"5.59"
"Farmwell Station MS";"May 17, 2026, 04:00:00";"15";"4.77";"0.21";"41.78";"6.27"
"Farmwell Station MS";"May 17, 2026, 03:00:00";"15";"4.56";"0.22";"39.59";"5.4"
"Farmwell Station MS";"May 17, 2026, 02:00:00";"15";"5.14";"0.22";"36.66";"3.97"
"Farmwell Station MS";"May 17, 2026, 01:00:00";"15";"6.8";"0.23";"34.36";"3.17"
"Farmwell Station MS";"May 17, 2026, 00:00:00";"15";"7.07";"0.24";"33.11";"3.17"
"Farmwell Station MS";"May 16, 2026, 23:00:00";"15";"6.83";"0.26";"25.11";"3.23"
"Farmwell Station MS";"May 16, 2026, 22:00:00";"15";"5.94";"0.26";"16.93";"2.68"
"Farmwell Station MS";"May 16, 2026, 21:00:00";"15";"5.75";"0.26";"12.85";"2.56"
"Farmwell Station MS";"May 16, 2026, 20:00:00";"15";"5.8";"0.27";"11.38";"2.79"
"Farmwell Station MS";"May 16, 2026, 19:00:00";"15";"6.83";"0.26";"15.89";"2.3"
"Farmwell Station MS";"May 16, 2026, 18:00:00";"15";"5.71";"0.25";"6.69";"3.19"
"Farmwell Station MS";"May 16, 2026, 17:00:00";"14";"1.66";"0.24";"0";"2.65"
"Farmwell Station MS";"May 16, 2026, 16:00:00";"14";"1.77";"0.23";"0";"2.38"
"Farmwell Station MS";"May 16, 2026, 15:00:00";"14";"1.88";"0.18";"0";"1.76"
"Farmwell Station MS";"May 16, 2026, 14:00:00";"14";"0.22";"0.18";"0";"1.53"
"Farmwell Station MS";"May 16, 2026, 13:00:00";"14";"0.25";"0.18";"0.1";"1.69"
"Farmwell Station MS";"May 16, 2026, 12:00:00";"14";"0";"0.2";"3.32";"2.05"
"Farmwell Station MS";"May 16, 2026, 11:00:00";"14";"0.17";"0.22";"17.1";"2.46"
"Farmwell Station MS";"May 16, 2026, 10:00:00";"14";"3.03";"0.23";"25.25";"3.01"
"Farmwell Station MS";"May 16, 2026, 09:00:00";"13";"6.7";"0.23";"29.82";"3.44"
"Farmwell Station MS";"May 16, 2026, 08:00:00";"14";"5.61";"0.21";"31.14";"3.3"
"Farmwell Station MS";"May 16, 2026, 07:00:00";"14";"3.73";"0.16";"30.17";"7.65"
"Farmwell Station MS";"May 16, 2026, 06:00:00";"13";"4.98";"0.16";"29.6";"8.05"
"Farmwell Station MS";"May 16, 2026, 05:00:00";"12";"5.88";"0.17";"30.17";"6.7"
"Farmwell Station MS";"May 16, 2026, 04:00:00";"11";"7.72";"0.18";"30.04";"4.63"
"Farmwell Station MS";"May 16, 2026, 03:00:00";"11";"7.58";"0.18";"29.09";"3.59"
"Farmwell Station MS";"May 16, 2026, 02:00:00";"11";"9.6";"0.23";"27.67";"3.11"
"Farmwell Station MS";"May 16, 2026, 01:00:00";"13";"13.53";"0.29";"27.85";"3.85"
"Farmwell Station MS";"May 16, 2026, 00:00:00";"12";"11.98";"0.34";"28.27";"5.04"
"Farmwell Station MS";"May 15, 2026, 23:00:00";"11";"10.64";"0.32";"26.14";"4.25"
"Farmwell Station MS";"May 15, 2026, 22:00:00";"10";"9.2";"0.3";"24.84";"3.72"
"Farmwell Station MS";"May 15, 2026, 21:00:00";"10";"7.6";"0.22";"27.75";"2.56"
"Farmwell Station MS";"May 15, 2026, 20:00:00";"10";"5.62";"0.19";"16.67";"1.18"
"Farmwell Station MS";"May 15, 2026, 19:00:00";"10";"3.85";"0.19";"4.1";"0.98"
"Farmwell Station MS";"May 15, 2026, 18:00:00";"10";"4.3";"0.19";"4.93";"1.06"
"Farmwell Station MS";"May 15, 2026, 17:00:00";"10";"2.63";"0.18";"0.31";"1.01"
"Farmwell Station MS";"May 15, 2026, 16:00:00";"10";"1.74";"0.19";"1.42";"0.95"
"Farmwell Station MS";"May 15, 2026, 15:00:00";"10";"1.71";"0.18";"5.53";"1.37"
"Farmwell Station MS";"May 15, 2026, 14:00:00";"9";"1.44";"0.18";"8.39";"1.41"
"Farmwell Station MS";"May 15, 2026, 13:00:00";"9";"1.99";"0.18";"12.52";"1.57"
"Farmwell Station MS";"May 15, 2026, 12:00:00";"9";"2.89";"0.17";"23.3";"1.55"
"Farmwell Station MS";"May 15, 2026, 11:00:00";"10";"2.99";"0.16";"26.57";"1.71"
"Farmwell Station MS";"May 15, 2026, 10:00:00";"10";"4.45";"0.17";"25.91";"1.85"
"Farmwell Station MS";"May 15, 2026, 09:00:00";"11";"5.12";"0.14";"22.13";"3.95"
"Farmwell Station MS";"May 15, 2026, 08:00:00";"11";"6.17";"0.14";"22.29";"3.65"
"Farmwell Station MS";"May 15, 2026, 07:00:00";"12";"6.17";"0.11";"21.93";"3.32"
"Farmwell Station MS";"May 15, 2026, 06:00:00";"14";"6";"0.11";"22.06";"3.19"
"Farmwell Station MS";"May 15, 2026, 05:00:00";"17";"5.92";"0.1";"22.21";"3.3"
"Farmwell Station MS";"May 15, 2026, 04:00:00";"20";"6.22";"0.1";"22.57";"2.68"
"Farmwell Station MS";"May 15, 2026, 03:00:00";"21";"5.76";"0.11";"23.09";"2.03"
"Farmwell Station MS";"May 15, 2026, 02:00:00";"24";"6.01";"0.1";"22.45";"1.79"
"Farmwell Station MS";"May 15, 2026, 01:00:00";"26";"5.79";"0.09";"21.91";"2.04"
"Farmwell Station MS";"May 15, 2026, 00:00:00";"28";"6.27";"0.1";"21.3";"2.81"
"Farmwell Station MS";"May 14, 2026, 23:00:00";"29";"6.43";"0.11";"21.15";"4.1"
"Farmwell Station MS";"May 14, 2026, 22:00:00";"29";"6.12";"0.11";"21.05";"3.1"
"Farmwell Station MS";"May 14, 2026, 21:00:00";"29";"5.83";"0.12";"21.07";"1.63"
"Farmwell Station MS";"May 14, 2026, 20:00:00";"29";"5.48";"0.12";"21.44";"1.28"
"Farmwell Station MS";"May 14, 2026, 19:00:00";"29";"5.19";"0.12";"22.63";"1.1"
"Farmwell Station MS";"May 14, 2026, 18:00:00";"29";"4.9";"0.14";"25.16";"0.94"
"Farmwell Station MS";"May 14, 2026, 17:00:00";"30";"4.67";"0.14";"26.41";"0.63"
"Farmwell Station MS";"May 14, 2026, 16:00:00";"30";"4.53";"0.15";"27.25";"0.94"
"Farmwell Station MS";"May 14, 2026, 15:00:00";"31";"4.02";"0.14";"27.71";"1"
"Farmwell Station MS";"May 14, 2026, 14:00:00";"31";"3.88";"0.16";"29.23";"1.1"
"Farmwell Station MS";"May 14, 2026, 13:00:00";"31";"2.89";"0.13";"27.16";"2.11"
"Farmwell Station MS";"May 14, 2026, 12:00:00";"31";"2.35";"0.15";"29.95";"2.8"
"Farmwell Station MS";"May 14, 2026, 11:00:00";"31";"2.23";"0.16";"32.07";"3.59"
"Farmwell Station MS";"May 14, 2026, 10:00:00";"31";"3.32";"0.16";"29.68";"5.24"
"Farmwell Station MS";"May 14, 2026, 09:00:00";"31";"4.92";"0.17";"30.29";"6.32"
"Farmwell Station MS";"May 14, 2026, 08:00:00";"31";"7.62";"0.14";"32.15";"11.89"
"Farmwell Station MS";"May 14, 2026, 07:00:00";"30";"5.85";"0.12";"32.27";"14.73"
"Farmwell Station MS";"May 14, 2026, 06:00:00";"28";"7.26";"0.12";"33.04";"20.52"
"Farmwell Station MS";"May 14, 2026, 05:00:00";"25";"7.08";"0.11";"33.22";"15.67"
"Farmwell Station MS";"May 14, 2026, 04:00:00";"22";"8.04";"0.12";"33.41";"10.88"
"Farmwell Station MS";"May 14, 2026, 03:00:00";"21";"7.81";"0.13";"33.86";"17.17"
"Farmwell Station MS";"May 14, 2026, 02:00:00";"18";"7.25";"0.13";"33.51";"17.56"
"Farmwell Station MS";"May 14, 2026, 01:00:00";"16";"9.17";"0.14";"33.28";"11.35"
"Farmwell Station MS";"May 14, 2026, 00:00:00";"14";"10.89";"0.14";"32.58";"6.43"
"Farmwell Station MS";"May 13, 2026, 23:00:00";"13";"11.65";"0.15";"31.05";"3.89"
"Farmwell Station MS";"May 13, 2026, 22:00:00";"13";"11.85";"0.16";"29.55";"2.68"
"Farmwell Station MS";"May 13, 2026, 21:00:00";"13";"10.42";"0.16";"25.37";"1.81"
"Farmwell Station MS";"May 13, 2026, 20:00:00";"13";"9.55";"0.21";"23.62";"3.18"
"Farmwell Station MS";"May 13, 2026, 19:00:00";"13";"9.33";"0.22";"22.92";"3.27"
"Farmwell Station MS";"May 13, 2026, 18:00:00";"12";"9.97";"0.22";"23.65";"3.3"
"Farmwell Station MS";"May 13, 2026, 17:00:00";"12";"8.09";"0.23";"24.08";"3.27"
"Farmwell Station MS";"May 13, 2026, 16:00:00";"12";"7.15";"0.22";"22.1";"3.26"
"Farmwell Station MS";"May 13, 2026, 15:00:00";"12";"5.16";"0.2";"13.81";"3.2"
"Farmwell Station MS";"May 13, 2026, 14:00:00";"11";"3.38";"0.2";"7.01";"2.89"
"Farmwell Station MS";"May 13, 2026, 13:00:00";"11";"2.75";"0.22";"8.13";"2.81"
"Farmwell Station MS";"May 13, 2026, 12:00:00";"12";"4.94";"0.2";"17.08";"3.38"
"Farmwell Station MS";"May 13, 2026, 11:00:00";"12";"5.68";"0.22";"21.68";"3.81"
"Farmwell Station MS";"May 13, 2026, 10:00:00";"11";"7.03";"0.21";"26.1";"4.37"
"Farmwell Station MS";"May 13, 2026, 09:00:00";"11";"8.22";"0.19";"23.65";"4.41"
"Farmwell Station MS";"May 13, 2026, 08:00:00";"10";"9.74";"0.17";"22.27";"3.89"
"Farmwell Station MS";"May 13, 2026, 07:00:00";"10";"9.46";"0.15";"21.76";"3.43"
"Farmwell Station MS";"May 13, 2026, 06:00:00";"10";"8.29";"0.14";"21.74";"3.3"
"Farmwell Station MS";"May 13, 2026, 05:00:00";"10";"8.15";"0.14";"22.16";"2.9"
"Farmwell Station MS";"May 13, 2026, 04:00:00";"10";"7.99";"0.14";"22.57";"2.29"
"Farmwell Station MS";"May 13, 2026, 03:00:00";"11";"7.82";"0.15";"23.28";"2.41"
"Farmwell Station MS";"May 13, 2026, 02:00:00";"11";"7.96";"0.17";"24.01";"1.99"
"Farmwell Station MS";"May 13, 2026, 01:00:00";"11";"10.73";"0.18";"24.42";"2.07"
"Farmwell Station MS";"May 13, 2026, 00:00:00";"16";"15.88";"0.24";"25.87";"2.01"
"Farmwell Station MS";"May 12, 2026, 23:00:00";"11";"8.85";"0.21";"26.03";"1.99"
"Farmwell Station MS";"May 12, 2026, 22:00:00";"11";"8.33";"0.22";"27.75";"2.48"
"Farmwell Station MS";"May 12, 2026, 21:00:00";"11";"8.51";"0.21";"27.65";"2.15"
"Farmwell Station MS";"May 12, 2026, 20:00:00";"11";"6.77";"0.19";"18.93";"1.85"
"Farmwell Station MS";"May 12, 2026, 19:00:00";"11";"4.81";"0.2";"8.88";"1.6"
"Farmwell Station MS";"May 12, 2026, 18:00:00";"11";"3.13";"0.2";"1.42";"1.68"
"Farmwell Station MS";"May 12, 2026, 17:00:00";"11";"2.72";"0.2";"0.08";"1.65"
"Farmwell Station MS";"May 12, 2026, 16:00:00";"11";"1.98";"0.19";"0";"1.61"
"Farmwell Station MS";"May 12, 2026, 15:00:00";"11";"1.65";"0.19";"0";"2.26"
"Farmwell Station MS";"May 12, 2026, 14:00:00";"11";"0.95";"0.18";"0";"2.71"
"Farmwell Station MS";"May 12, 2026, 13:00:00";"11";"1.15";"0.17";"0";"3.53"
"Farmwell Station MS";"May 12, 2026, 12:00:00";"11";"0.16";"0.18";"0.67";"3.01"
"Farmwell Station MS";"May 12, 2026, 11:00:00";"11";"0.36";"0.16";"12.57";"2.17"
"Farmwell Station MS";"May 12, 2026, 10:00:00";"11";"1.71";"0.17";"26.61";"2.22"
"Farmwell Station MS";"May 12, 2026, 09:00:00";"11";"5.07";"0.15";"26.42";"2.24"
"Farmwell Station MS";"May 12, 2026, 08:00:00";"10";"7.73";"0.16";"25.7";"2.51"
"Farmwell Station MS";"May 12, 2026, 07:00:00";"10";"8.15";"0.13";"24.69";"3.08"
"Farmwell Station MS";"May 12, 2026, 06:00:00";"10";"7.28";"0.11";"24.68";"3.94"
"Farmwell Station MS";"May 12, 2026, 05:00:00";"9";"6.33";"0.09";"24.19";"3.83"
"Farmwell Station MS";"May 12, 2026, 04:00:00";"9";"5.91";"0.1";"24.22";"3.35"
"Farmwell Station MS";"May 12, 2026, 03:00:00";"9";"7.62";"0.1";"24.22";"3.47"
"Farmwell Station MS";"May 12, 2026, 02:00:00";"9";"6.87";"0.11";"23.55";"3.53"
"Farmwell Station MS";"May 12, 2026, 01:00:00";"9";"7.43";"0.12";"22.7";"2.93"
"Farmwell Station MS";"May 12, 2026, 00:00:00";"10";"7.89";"0.13";"21.23";"2.24"
"Farmwell Station MS";"May 11, 2026, 23:00:00";"12";"7.88";"0.14";"19.92";"1.8"
"Farmwell Station MS";"May 11, 2026, 22:00:00";"13";"7.39";"0.15";"19.17";"1.72"
"Farmwell Station MS";"May 11, 2026, 21:00:00";"15";"7.34";"0.14";"21.45";"1.68"
"Farmwell Station MS";"May 11, 2026, 20:00:00";"15";"4.09";"0.14";"17.83";"1.33"
"Farmwell Station MS";"May 11, 2026, 19:00:00";"16";"2.93";"0.14";"12.14";"1.16"
"Farmwell Station MS";"May 11, 2026, 18:00:00";"17";"2.49";"0.14";"6.86";"1.24"
"Farmwell Station MS";"May 11, 2026, 17:00:00";"18";"1.09";"0.15";"3.11";"1.44"
"Farmwell Station MS";"May 11, 2026, 16:00:00";"19";"1";"0.17";"9.3";"2.3"
"Farmwell Station MS";"May 11, 2026, 15:00:00";"19";"3.05";"0.15";"22.96";"2.65"
"Farmwell Station MS";"May 11, 2026, 14:00:00";"19";"4.11";"0.15";"24.44";"2.4"
"Farmwell Station MS";"May 11, 2026, 13:00:00";"19";"5.78";"0.15";"24.51";"2.32"
"Farmwell Station MS";"May 11, 2026, 12:00:00";"19";"6.43";"0.15";"23.19";"2.58"
"Farmwell Station MS";"May 11, 2026, 11:00:00";"19";"7.63";"0.14";"22.33";"2.51"
"Farmwell Station MS";"May 11, 2026, 10:00:00";"19";"6.64";"0.14";"21.7";"1.65"
"Farmwell Station MS";"May 11, 2026, 09:00:00";"20";"6.42";"0.11";"20.96";"1.53"
"Farmwell Station MS";"May 11, 2026, 08:00:00";"22";"5.29";"0.09";"21.5";"1.37"
"Farmwell Station MS";"May 11, 2026, 07:00:00";"24";"4.41";"0.08";"22.05";"1.18"
"Farmwell Station MS";"May 11, 2026, 06:00:00";"27";"3.47";"0.08";"23.07";"1.28"
"Farmwell Station MS";"May 11, 2026, 05:00:00";"31";"2.72";"0.08";"23.52";"1.48"
"Farmwell Station MS";"May 11, 2026, 04:00:00";"34";"2.1";"0.08";"25.94";"1.58"
"Farmwell Station MS";"May 11, 2026, 03:00:00";"36";"1.54";"0.11";"27.02";"2.48"
"Farmwell Station MS";"May 11, 2026, 02:00:00";"38";"2";"0.16";"31.41";"5.56"
"Farmwell Station MS";"May 11, 2026, 01:00:00";"38";"2.5";"0.19";"36.98";"9.58"
"Farmwell Station MS";"May 11, 2026, 00:00:00";"38";"3.97";"0.21";"40.56";"11.96"
"Farmwell Station MS";"May 10, 2026, 23:00:00";"37";"5.31";"0.22";"41.41";"11.89"
"Farmwell Station MS";"May 10, 2026, 22:00:00";"36";"4.65";"0.22";"38.16";"8.01"
"Farmwell Station MS";"May 10, 2026, 21:00:00";"36";"6.5";"0.24";"36.25";"6.11"
"Farmwell Station MS";"May 10, 2026, 20:00:00";"36";"5.92";"0.23";"34.98";"5.76"
"Farmwell Station MS";"May 10, 2026, 19:00:00";"35";"6.35";"0.25";"32.8";"5.26"
"Farmwell Station MS";"May 10, 2026, 18:00:00";"35";"6.66";"0.28";"31.67";"7.12"
"Farmwell Station MS";"May 10, 2026, 17:00:00";"34";"6.19";"0.24";"20.24";"5.8"
"Farmwell Station MS";"May 10, 2026, 16:00:00";"34";"4.64";"0.19";"6.68";"2.57"
"Farmwell Station MS";"May 10, 2026, 15:00:00";"34";"1.05";"0.18";"0";"2.52"
"Farmwell Station MS";"May 10, 2026, 14:00:00";"34";"0.44";"0.17";"0";"2.42"
"Farmwell Station MS";"May 10, 2026, 13:00:00";"35";"0";"0.17";"0";"2.36"
"Farmwell Station MS";"May 10, 2026, 12:00:00";"35";"0";"0.18";"3.32";"3.08"
"Farmwell Station MS";"May 10, 2026, 11:00:00";"35";"0";"0.22";"15.49";"3.6"
"Farmwell Station MS";"May 10, 2026, 10:00:00";"35";"1.64";"0.29";"25.74";"9.51"
"Farmwell Station MS";"May 10, 2026, 09:00:00";"34";"5.21";"0.27";"32.79";"11.95"
"Farmwell Station MS";"May 10, 2026, 08:00:00";"33";"6.35";"0.24";"33.07";"13.26"
"Farmwell Station MS";"May 10, 2026, 07:00:00";"31";"4.78";"0.19";"31.33";"18.13"
"Farmwell Station MS";"May 10, 2026, 06:00:00";"28";"4.22";"0.17";"30.6";"22.23"
"Farmwell Station MS";"May 10, 2026, 05:00:00";"25";"5.38";"0.19";"30.45";"18.74"
"Farmwell Station MS";"May 10, 2026, 04:00:00";"22";"7.68";"0.2";"30.87";"14.4"
"Farmwell Station MS";"May 10, 2026, 03:00:00";"20";"6.94";"0.2";"30.6";"12.26"
"Farmwell Station MS";"May 10, 2026, 02:00:00";"18";"6.26";"0.2";"30.36";"10.2"
"Farmwell Station MS";"May 10, 2026, 01:00:00";"17";"7.11";"0.22";"29.66";"8.56"
"Farmwell Station MS";"May 10, 2026, 00:00:00";"16";"8.71";"0.28";"28.35";"6.38"
"Farmwell Station MS";"May 9, 2026, 23:00:00";"15";"8.53";"0.3";"25.81";"5.74"
"Farmwell Station MS";"May 9, 2026, 22:00:00";"15";"8.55";"0.33";"23.87";"6.75"
"Farmwell Station MS";"May 9, 2026, 21:00:00";"14";"6.55";"0.25";"24.74";"4.74"
"Farmwell Station MS";"May 9, 2026, 20:00:00";"14";"3.26";"0.22";"11.46";"2.99"
"Farmwell Station MS";"May 9, 2026, 19:00:00";"13";"3.64";"0.23";"9.78";"3.12"
"Farmwell Station MS";"May 9, 2026, 18:00:00";"13";"2.79";"0.22";"5.42";"3.51"
"Farmwell Station MS";"May 9, 2026, 17:00:00";"13";"1.15";"0.24";"4.47";"3.43"
"Farmwell Station MS";"May 9, 2026, 16:00:00";"13";"2.31";"0.23";"8.54";"3.65"
"Farmwell Station MS";"May 9, 2026, 15:00:00";"12";"3.03";"0.25";"6.98";"4.43"
"Farmwell Station MS";"May 9, 2026, 14:00:00";"12";"2.91";"0.23";"8";"4.58"
"Farmwell Station MS";"May 9, 2026, 13:00:00";"12";"2.99";"0.22";"10.23";"4.26"
"Farmwell Station MS";"May 9, 2026, 12:00:00";"11";"2.95";"0.22";"12.58";"3.96"
"Farmwell Station MS";"May 9, 2026, 11:00:00";"11";"6.47";"0.22";"21.44";"3.79"
"Farmwell Station MS";"May 9, 2026, 10:00:00";"11";"8.16";"0.19";"20.85";"3.67"
"Farmwell Station MS";"May 9, 2026, 09:00:00";"11";"7.96";"0.17";"20.37";"3.03"
"Farmwell Station MS";"May 9, 2026, 08:00:00";"11";"9.05";"0.16";"20.03";"3.06"
"Farmwell Station MS";"May 9, 2026, 07:00:00";"10";"7.87";"0.15";"19.61";"2.57"
"Farmwell Station MS";"May 9, 2026, 06:00:00";"11";"7.2";"0.14";"19.32";"2.7"
"Farmwell Station MS";"May 9, 2026, 05:00:00";"11";"7.42";"0.15";"20.03";"2.65"
"Farmwell Station MS";"May 9, 2026, 04:00:00";"11";"7.68";"0.15";"20.49";"2.56"
"Farmwell Station MS";"May 9, 2026, 03:00:00";"11";"7.83";"0.15";"21.07";"2.46"
"Farmwell Station MS";"May 9, 2026, 02:00:00";"11";"7.5";"0.15";"21.49";"2.56"
"Farmwell Station MS";"May 9, 2026, 01:00:00";"11";"7.66";"0.16";"22.49";"2.39"
"Farmwell Station MS";"May 9, 2026, 00:00:00";"11";"7.95";"0.17";"23.73";"2.55"
"Farmwell Station MS";"May 8, 2026, 23:00:00";"12";"8.49";"0.19";"24.15";"2.59"
"Farmwell Station MS";"May 8, 2026, 22:00:00";"12";"8.64";"0.19";"23.32";"2.6"
"Farmwell Station MS";"May 8, 2026, 21:00:00";"12";"7.41";"0.18";"20";"2.4"
"Farmwell Station MS";"May 8, 2026, 20:00:00";"12";"7.03";"0.17";"11.83";"2.04"
"Farmwell Station MS";"May 8, 2026, 19:00:00";"12";"4.94";"0.17";"5.21";"2.1"
"Farmwell Station MS";"May 8, 2026, 18:00:00";"12";"4.38";"0.17";"5.8";"1.94"
"Farmwell Station MS";"May 8, 2026, 17:00:00";"13";"5.18";"0.15";"7.78";"2.06"
"Farmwell Station MS";"May 8, 2026, 16:00:00";"13";"3.17";"0.17";"0.78";"2.02"
"Farmwell Station MS";"May 8, 2026, 15:00:00";"13";"3.99";"0.15";"3.82";"2.21"
"Farmwell Station MS";"May 8, 2026, 14:00:00";"13";"1.9";"0.15";"0.06";"2.16"
"Farmwell Station MS";"May 8, 2026, 13:00:00";"13";"0.97";"0.16";"0.77";"2.27"
"Farmwell Station MS";"May 8, 2026, 12:00:00";"13";"1.51";"0.15";"7.34";"2.5"
"Farmwell Station MS";"May 8, 2026, 11:00:00";"14";"1.43";"0.15";"16.55";"2.49"
"Farmwell Station MS";"May 8, 2026, 10:00:00";"14";"2.38";"0.15";"25.57";"2.31"
"Farmwell Station MS";"May 8, 2026, 09:00:00";"14";"4.76";"0.17";"25.51";"2.45"
"Farmwell Station MS";"May 8, 2026, 08:00:00";"14";"7.7";"0.14";"24.65";"2.59"
"Farmwell Station MS";"May 8, 2026, 07:00:00";"14";"8.63";"0.11";"23.51";"3.2"
"Farmwell Station MS";"May 8, 2026, 06:00:00";"14";"7.84";"0.1";"23.46";"3.57"
"Farmwell Station MS";"May 8, 2026, 05:00:00";"13";"6.98";"0.08";"24.02";"3.68"
"Farmwell Station MS";"May 8, 2026, 04:00:00";"13";"5.82";"0.07";"23.13";"3.5"
"Farmwell Station MS";"May 8, 2026, 03:00:00";"13";"6.94";"0.09";"23.65";"3.33"
"Farmwell Station MS";"May 8, 2026, 02:00:00";"14";"6.68";"0.11";"22.43";"2.74"
"Farmwell Station MS";"May 8, 2026, 01:00:00";"14";"7.22";"0.13";"22.94";"3.01"
"Farmwell Station MS";"May 8, 2026, 00:00:00";"15";"7.75";"0.14";"23.47";"4.25"
"Farmwell Station MS";"May 7, 2026, 23:00:00";"14";"8.05";"0.16";"21.95";"3.53"
"Farmwell Station MS";"May 7, 2026, 22:00:00";"14";"8.53";"0.17";"20.89";"3.33"
"Farmwell Station MS";"May 7, 2026, 21:00:00";"14";"8.52";"0.18";"21.23";"3.04"
"Farmwell Station MS";"May 7, 2026, 20:00:00";"14";"8.19";"0.19";"24.62";"3.17"
"Farmwell Station MS";"May 7, 2026, 19:00:00";"14";"7.97";"0.2";"27.25";"3.49"
"Farmwell Station MS";"May 7, 2026, 18:00:00";"15";"14.38";"0.21";"14.65";"3.81"
"Farmwell Station MS";"May 7, 2026, 17:00:00";"15";"3.6";"0.17";"0";"2.21"
"Farmwell Station MS";"May 7, 2026, 16:00:00";"15";"4.64";"0.16";"0";"2.72"
"Farmwell Station MS";"May 7, 2026, 15:00:00";"16";"1.78";"0.16";"0";"2.76"
"Farmwell Station MS";"May 7, 2026, 14:00:00";"16";"0.79";"0.15";"0";"3.03"
"Farmwell Station MS";"May 7, 2026, 13:00:00";"17";"1.18";"0.17";"4.86";"3.15"
"Farmwell Station MS";"May 7, 2026, 12:00:00";"17";"4.21";"0.16";"23.63";"3.77"
"Farmwell Station MS";"May 7, 2026, 11:00:00";"17";"5.74";"0.13";"23.19";"2.71"
"Farmwell Station MS";"May 7, 2026, 10:00:00";"18";"5.91";"0.11";"22.82";"2.98"
"Farmwell Station MS";"May 7, 2026, 09:00:00";"18";"5.41";"0.11";"23.14";"2.43"
"Farmwell Station MS";"May 7, 2026, 08:00:00";"19";"5.56";"0.11";"23.12";"2.26"
"Farmwell Station MS";"May 7, 2026, 07:00:00";"19";"5.04";"0.11";"23.69";"2.42"
"Farmwell Station MS";"May 7, 2026, 06:00:00";"19";"4.93";"0.11";"24.7";"2.83"
"Farmwell Station MS";"May 7, 2026, 05:00:00";"20";"5";"0.11";"25.72";"3.16"
"Farmwell Station MS";"May 7, 2026, 04:00:00";"20";"5.52";"0.11";"25.84";"3.99"
"Farmwell Station MS";"May 7, 2026, 03:00:00";"20";"5.42";"0.11";"24.87";"4.67"
"Farmwell Station MS";"May 7, 2026, 02:00:00";"20";"4.9";"0.12";"25.34";"7.72"
"Farmwell Station MS";"May 7, 2026, 01:00:00";"20";"4.88";"0.14";"26.68";"4.44"
"Farmwell Station MS";"May 7, 2026, 00:00:00";"20";"4.26";"0.16";"26.36";"1.91"
"Farmwell Station MS";"May 6, 2026, 23:00:00";"21";"3.89";"0.18";"25.55";"1.75"
"Farmwell Station MS";"May 6, 2026, 22:00:00";"21";"3.51";"0.2";"27.81";"2.12"
"Farmwell Station MS";"May 6, 2026, 21:00:00";"21";"3.64";"0.21";"29.75";"3.87"
"Farmwell Station MS";"May 6, 2026, 20:00:00";"21";"3.89";"0.21";"24.02";"5.52"
"Farmwell Station MS";"May 6, 2026, 19:00:00";"21";"3.21";"0.21";"17.2";"5.32"
"Farmwell Station MS";"May 6, 2026, 18:00:00";"21";"2.72";"0.21";"12.43";"5.18"
"Farmwell Station MS";"May 6, 2026, 17:00:00";"21";"2.4";"0.22";"10.63";"5.19"
"Farmwell Station MS";"May 6, 2026, 16:00:00";"20";"2.98";"0.21";"14.45";"5.25"
"Farmwell Station MS";"May 6, 2026, 15:00:00";"20";"3.9";"0.21";"18.99";"5.05"
"Farmwell Station MS";"May 6, 2026, 14:00:00";"20";"5.15";"0.2";"25.85";"4.95"
"Farmwell Station MS";"May 6, 2026, 13:00:00";"19";"6.74";"0.21";"33.56";"4.91"
"Farmwell Station MS";"May 6, 2026, 12:00:00";"19";"8.49";"0.21";"35.99";"5.35"
"Farmwell Station MS";"May 6, 2026, 11:00:00";"19";"9.52";"0.2";"35.44";"6.08"
"Farmwell Station MS";"May 6, 2026, 10:00:00";"19";"10.47";"0.21";"35.02";"5.99"
"Farmwell Station MS";"May 6, 2026, 09:00:00";"18";"10.3";"0.22";"31.99";"4.96"
"Farmwell Station MS";"May 6, 2026, 08:00:00";"18";"8.31";"0.21";"25.96";"4.62"
"Farmwell Station MS";"May 6, 2026, 07:00:00";"18";"7.64";"0.21";"22.05";"4.23"
"Farmwell Station MS";"May 6, 2026, 06:00:00";"18";"6.96";"0.21";"20.81";"4.2"
"Farmwell Station MS";"May 6, 2026, 05:00:00";"18";"6.91";"0.21";"20.1";"4.67"
"Farmwell Station MS";"May 6, 2026, 04:00:00";"18";"7.4";"0.22";"19.89";"5.09"
"Farmwell Station MS";"May 6, 2026, 03:00:00";"17";"8.29";"0.23";"19.95";"5.25"
"Farmwell Station MS";"May 6, 2026, 02:00:00";"17";"1.92";"0.24";"19.25";"5.83"
"Farmwell Station MS";"May 6, 2026, 01:00:00";"16";"1.16";"0.25";"18.23";"5.55"
"Farmwell Station MS";"May 6, 2026, 00:00:00";"16";"2.28";"0.24";"16.52";"5.09"
"Farmwell Station MS";"May 5, 2026, 23:00:00";"15";"1.14";"0.24";"9.56";"4.17"
"Farmwell Station MS";"May 5, 2026, 22:00:00";"15";"0.46";"0.24";"2.23";"3.79"
"Farmwell Station MS";"May 5, 2026, 21:00:00";"15";"0.78";"0.23";"0.02";"3.87"
"Farmwell Station MS";"May 5, 2026, 20:00:00";"15";"0.39";"0.22";"0";"3.78"
"Farmwell Station MS";"May 5, 2026, 19:00:00";"14";"0.09";"0.23";"0";"3.95"
"Farmwell Station MS";"May 5, 2026, 18:00:00";"14";"0.04";"0.23";"0";"3.6"
"Farmwell Station MS";"May 5, 2026, 17:00:00";"14";"0.04";"0.21";"0";"3.41"
"Farmwell Station MS";"May 5, 2026, 16:00:00";"14";"0";"0.21";"0";"3.55"
"Farmwell Station MS";"May 5, 2026, 15:00:00";"14";"0";"0.22";"0";"3.56"
"Farmwell Station MS";"May 5, 2026, 14:00:00";"14";"0";"0.21";"0";"3.71"
"Farmwell Station MS";"May 5, 2026, 13:00:00";"13";"0";"0.21";"0";"3.76"
"Farmwell Station MS";"May 5, 2026, 12:00:00";"13";"0";"0.23";"0.82";"3.83"
"Farmwell Station MS";"May 5, 2026, 11:00:00";"13";"0";"0.24";"7.63";"4.17"
"Farmwell Station MS";"May 5, 2026, 10:00:00";"13";"0.18";"0.25";"14.58";"4.08"
"Farmwell Station MS";"May 5, 2026, 09:00:00";"12";"1.63";"0.24";"22.93";"4.32"
"Farmwell Station MS";"May 5, 2026, 08:00:00";"12";"3.17";"0.2";"21.17";"4.09"
"Farmwell Station MS";"May 5, 2026, 07:00:00";"12";"3.39";"0.18";"19.94";"3.33"
"Farmwell Station MS";"May 5, 2026, 06:00:00";"12";"3.14";"0.18";"19.62";"3.41"
"Farmwell Station MS";"May 5, 2026, 05:00:00";"12";"2.42";"0.18";"19.56";"3.31"
"Farmwell Station MS";"May 5, 2026, 04:00:00";"12";"2.83";"0.18";"19.57";"3.31"
"Farmwell Station MS";"May 5, 2026, 03:00:00";"12";"2.79";"0.19";"19.24";"2.71"
"Farmwell Station MS";"May 5, 2026, 02:00:00";"11";"2.32";"0.19";"19.05";"2.55"
"Farmwell Station MS";"May 5, 2026, 01:00:00";"11";"2.59";"0.2";"19.23";"2.5"
"Farmwell Station MS";"May 5, 2026, 00:00:00";"11";"2.37";"0.2";"20.61";"2.66"
"Farmwell Station MS";"May 4, 2026, 23:00:00";"12";"1.96";"0.2";"21.55";"2.59"
"Farmwell Station MS";"May 4, 2026, 22:00:00";"12";"1.74";"0.21";"18.34";"2.7"
"Farmwell Station MS";"May 4, 2026, 21:00:00";"12";"1.35";"0.21";"12.76";"2.78"
"Farmwell Station MS";"May 4, 2026, 20:00:00";"12";"1.32";"0.21";"5.4";"2.7"
"Farmwell Station MS";"May 4, 2026, 19:00:00";"11";"0.61";"0.21";"0.1";"2.67"
"Farmwell Station MS";"May 4, 2026, 18:00:00";"11";"0.14";"0.2";"0";"2.65"
"Farmwell Station MS";"May 4, 2026, 17:00:00";"11";"0";"0.2";"0";"2.62"
"Farmwell Station MS";"May 4, 2026, 16:00:00";"11";"0";"0.2";"0";"2.57"
"Farmwell Station MS";"May 4, 2026, 15:00:00";"11";"0";"0.19";"0";"2.34"
"Farmwell Station MS";"May 4, 2026, 14:00:00";"11";"0";"0.18";"0";"2.53"
"Farmwell Station MS";"May 4, 2026, 13:00:00";"11";"0";"0.18";"0";"2.38"
"Farmwell Station MS";"May 4, 2026, 12:00:00";"11";"0";"0.18";"0";"2.16"
"Farmwell Station MS";"May 4, 2026, 11:00:00";"11";"0";"0.18";"8";"2.66"
"Farmwell Station MS";"May 4, 2026, 10:00:00";"11";"0.76";"0.21";"18.13";"2.79"
"Farmwell Station MS";"May 4, 2026, 09:00:00";"11";"2.53";"0.18";"17.1";"3.03"
"Farmwell Station MS";"May 4, 2026, 08:00:00";"11";"3.85";"0.16";"15.41";"3.1"
"Farmwell Station MS";"May 4, 2026, 07:00:00";"11";"3.7";"0.14";"14.42";"2.81"
"Farmwell Station MS";"May 4, 2026, 06:00:00";"11";"3.35";"0.14";"14.6";"2.7"
"Farmwell Station MS";"May 4, 2026, 05:00:00";"11";"3.87";"0.13";"14.85";"2.87"
"Farmwell Station MS";"May 4, 2026, 04:00:00";"11";"4.6";"0.13";"14.69";"2.36"
"Farmwell Station MS";"May 4, 2026, 03:00:00";"11";"5.01";"0.13";"14.6";"2.26"
"Farmwell Station MS";"May 4, 2026, 02:00:00";"11";"5.88";"0.12";"13.41";"2.36"
"Farmwell Station MS";"May 4, 2026, 01:00:00";"11";"5.32";"0.12";"13.08";"2.77"
"Farmwell Station MS";"May 4, 2026, 00:00:00";"11";"6.8";"0.16";"13.69";"3.41"
"Farmwell Station MS";"May 3, 2026, 23:00:00";"11";"7.56";"0.15";"13.64";"3.57"
"Farmwell Station MS";"May 3, 2026, 22:00:00";"11";"5.69";"0.14";"13.94";"2.66"
"Farmwell Station MS";"May 3, 2026, 21:00:00";"11";"4.37";"0.13";"12.93";"2.04"
"Farmwell Station MS";"May 3, 2026, 20:00:00";"11";"2.21";"0.15";"11.64";"1.68"
"Farmwell Station MS";"May 3, 2026, 19:00:00";"11";"0.82";"0.15";"10.66";"1.8"
"Farmwell Station MS";"May 3, 2026, 18:00:00";"12";"0.15";"0.14";"8.88";"1.8"
"Farmwell Station MS";"May 3, 2026, 17:00:00";"12";"0.01";"0.14";"7.47";"1.93"
"Farmwell Station MS";"May 3, 2026, 16:00:00";"12";"0";"0.15";"7.99";"1.85"
"Farmwell Station MS";"May 3, 2026, 15:00:00";"13";"0.03";"0.14";"11.94";"1.93"
"Farmwell Station MS";"May 3, 2026, 14:00:00";"13";"0.04";"0.15";"13.85";"1.92"
"Farmwell Station MS";"May 3, 2026, 13:00:00";"13";"0";"0.15";"14.53";"2.13"
"Farmwell Station MS";"May 3, 2026, 12:00:00";"13";"0";"0.15";"15.38";"2.29"
"Farmwell Station MS";"May 3, 2026, 11:00:00";"14";"0.03";"0.13";"16.21";"3.21"
"Farmwell Station MS";"May 3, 2026, 10:00:00";"14";"0";"0.11";"16.32";"3.33"
"Farmwell Station MS";"May 3, 2026, 09:00:00";"14";"0.06";"0.1";"16.45";"3.06"
"Farmwell Station MS";"May 3, 2026, 08:00:00";"14";"0.18";"0.09";"17.15";"2.47"
"Farmwell Station MS";"May 3, 2026, 07:00:00";"14";"1.07";"0.08";"17.33";"2.14"
"Farmwell Station MS";"May 3, 2026, 06:00:00";"14";"1.49";"0.07";"17.29";"2.36"
"Farmwell Station MS";"May 3, 2026, 05:00:00";"14";"1.96";"0.08";"16.83";"2.66"
"Farmwell Station MS";"May 3, 2026, 04:00:00";"14";"2.49";"0.08";"16.26";"3.09"
"Farmwell Station MS";"May 3, 2026, 03:00:00";"14";"2.67";"0.09";"14.04";"2.53"
"Farmwell Station MS";"May 3, 2026, 02:00:00";"14";"3.36";"0.23";"0.66";"2.96"
"Farmwell Station MS";"May 3, 2026, 01:00:00";"14";"3.39";"0.23";"0.04";"3.07"
"Farmwell Station MS";"May 3, 2026, 00:00:00";"13";"3.2";"0.23";"0";"2.77"
"Farmwell Station MS";"May 2, 2026, 23:00:00";"13";"2.87";"0.25";"0.39";"2.94"
"Farmwell Station MS";"May 2, 2026, 22:00:00";"13";"3.2";"0.26";"0.72";"3.13"
"Farmwell Station MS";"May 2, 2026, 21:00:00";"13";"3.05";"0.25";"1.29";"3.55"
"Farmwell Station MS";"May 2, 2026, 20:00:00";"12";"2.27";"0.25";"1.58";"4.23"
"Farmwell Station MS";"May 2, 2026, 19:00:00";"12";"1.58";"0.26";"2.13";"3.68"
"Farmwell Station MS";"May 2, 2026, 18:00:00";"12";"0.68";"0.27";"2.35";"3.54"
"Farmwell Station MS";"May 2, 2026, 17:00:00";"11";"0.24";"0.28";"1.62";"2.88"
"Farmwell Station MS";"May 2, 2026, 16:00:00";"11";"0.16";"0.26";"0.87";"3.33"
"Farmwell Station MS";"May 2, 2026, 15:00:00";"10";"0.05";"0.27";"1.13";"3.66"
"Farmwell Station MS";"May 2, 2026, 14:00:00";"10";"0";"0.26";"1.94";"3.73"
"Farmwell Station MS";"May 2, 2026, 13:00:00";"10";"0";"0.28";"1.63";"3.22"
"Farmwell Station MS";"May 2, 2026, 12:00:00";"10";"0";"0.27";"4.48";"3.44"
"Farmwell Station MS";"May 2, 2026, 11:00:00";"9";"0.05";"0.26";"4.34";"4.24"
"Farmwell Station MS";"May 2, 2026, 10:00:00";"9";"0.41";"0.25";"3.74";"4.5"
"Farmwell Station MS";"May 2, 2026, 09:00:00";"8";"1.04";"0.24";"3.68";"4.52"
"Farmwell Station MS";"May 2, 2026, 08:00:00";"8";"1.53";"0.23";"4.03";"3.85"
"Farmwell Station MS";"May 2, 2026, 07:00:00";"8";"1.89";"0.23";"3.99";"2.14"
"Farmwell Station MS";"May 2, 2026, 06:00:00";"8";"1.77";"0.24";"3.74";"1.08"
"Farmwell Station MS";"May 2, 2026, 05:00:00";"8";"1.89";"0.24";"3.62";"1.54"
"Farmwell Station MS";"May 2, 2026, 04:00:00";"8";"1.98";"0.25";"4.09";"1.89"
"Farmwell Station MS";"May 2, 2026, 03:00:00";"8";"2.44";"0.26";"4.06";"2.09"
"Farmwell Station MS";"May 2, 2026, 02:00:00";"8";"2.63";"0.26";"4.14";"2.08"
"Farmwell Station MS";"May 2, 2026, 01:00:00";"8";"2.58";"0.27";"4.27";"1.83"
"Farmwell Station MS";"May 2, 2026, 00:00:00";"8";"2.97";"0.28";"4.72";"1.72"
"Farmwell Station MS";"May 1, 2026, 23:00:00";"8";"4.62";"0.31";"8.32";"1.97"
"Farmwell Station MS";"May 1, 2026, 22:00:00";"8";"4.81";"0.32";"8.1";"1.67"
"Farmwell Station MS";"May 1, 2026, 21:00:00";"8";"4.56";"0.31";"6.63";"1.77"
"Farmwell Station MS";"May 1, 2026, 20:00:00";"8";"2.82";"0.29";"5.21";"1.44"
"Farmwell Station MS";"May 1, 2026, 19:00:00";"8";"1.38";"0.28";"3.75";"1.82"
"Farmwell Station MS";"May 1, 2026, 18:00:00";"8";"0.01";"0.28";"0";"1.03"
"Farmwell Station MS";"May 1, 2026, 17:00:00";"8";"0.03";"0.28";"0";"1.18"
"Farmwell Station MS";"May 1, 2026, 16:00:00";"8";"0";"0.29";"0";"1.17"
"Farmwell Station MS";"May 1, 2026, 15:00:00";"8";"0";"0.28";"0";"1.39"
"Farmwell Station MS";"May 1, 2026, 14:00:00";"8";"0";"0.29";"0";"2.36"
"Farmwell Station MS";"May 1, 2026, 13:00:00";"8";"0";"0.28";"0";"1.99"
"Farmwell Station MS";"May 1, 2026, 12:00:00";"8";"0";"0.28";"0";"2.01"
"Farmwell Station MS";"May 1, 2026, 11:00:00";"8";"0";"0.3";"3.4";"1.48"
"Farmwell Station MS";"May 1, 2026, 10:00:00";"8";"0";"0.31";"13.03";"1.6"
"Farmwell Station MS";"May 1, 2026, 09:00:00";"9";"2.23";"0.31";"10.31";"1.96"
"Farmwell Station MS";"May 1, 2026, 08:00:00";"9";"4.32";"0.28";"11.12";"2.22"
"Farmwell Station MS";"May 1, 2026, 07:00:00";"10";"2.26";"0.25";"10.51";"1.89"
"Farmwell Station MS";"May 1, 2026, 06:00:00";"11";"1.77";"0.23";"10.41";"2.62"
"Farmwell Station MS";"May 1, 2026, 05:00:00";"12";"1.2";"0.22";"10.26";"2.04"
"Farmwell Station MS";"May 1, 2026, 04:00:00";"12";"1.99";"0.24";"9.68";"1.71"
"Farmwell Station MS";"May 1, 2026, 03:00:00";"13";"2.53";"0.25";"10.64";"3.25"
"Farmwell Station MS";"May 1, 2026, 02:00:00";"13";"2.73";"0.24";"9.83";"2.13"
"Farmwell Station MS";"May 1, 2026, 01:00:00";"13";"3.46";"0.24";"9.59";"1.74"
"Farmwell Station MS";"May 1, 2026, 00:00:00";"13";"3.02";"0.24";"8.7";"2.05"
"Farmwell Station MS";"Apr 30, 2026, 23:00:00";"13";"3.08";"0.25";"7.69";"1.58"
"Farmwell Station MS";"Apr 30, 2026, 22:00:00";"14";"2.94";"0.24";"6.85";"1.55"
"Farmwell Station MS";"Apr 30, 2026, 21:00:00";"16";"2.48";"0.25";"7.71";"1.12"
"Farmwell Station MS";"Apr 30, 2026, 20:00:00";"18";"1.92";"0.26";"9.88";"1.22"
"Farmwell Station MS";"Apr 30, 2026, 19:00:00";"20";"1.05";"0.27";"12.58";"0.82"
"Farmwell Station MS";"Apr 30, 2026, 18:00:00";"22";"0.24";"0.27";"10.79";"1.35"
"Farmwell Station MS";"Apr 30, 2026, 17:00:00";"25";"0.14";"0.27";"2.04";"1.6"
"Farmwell Station MS";"Apr 30, 2026, 16:00:00";"27";"0.02";"0.26";"0.08";"1.51"
"Farmwell Station MS";"Apr 30, 2026, 15:00:00";"29";"0";"0.26";"0.01";"1.67"
"Farmwell Station MS";"Apr 30, 2026, 14:00:00";"31";"0";"0.26";"1.94";"1.7"
"Farmwell Station MS";"Apr 30, 2026, 13:00:00";"33";"0";"0.26";"8.29";"1.84"
"Farmwell Station MS";"Apr 30, 2026, 12:00:00";"34";"0";"0.27";"14.41";"2.34"
"Farmwell Station MS";"Apr 30, 2026, 11:00:00";"35";"0";"0.27";"19.46";"3.36"
"Farmwell Station MS";"Apr 30, 2026, 10:00:00";"35";"0";"0.29";"19.92";"4.06"
"Farmwell Station MS";"Apr 30, 2026, 09:00:00";"35";"0.45";"0.32";"19.13";"4.75"
"Farmwell Station MS";"Apr 30, 2026, 08:00:00";"35";"0.71";"0.31";"20.2";"6.53"
"Farmwell Station MS";"Apr 30, 2026, 07:00:00";"34";"0.26";"0.25";"19.33";"6.43"
"Farmwell Station MS";"Apr 30, 2026, 06:00:00";"34";"0";"0.25";"19.96";"7.53"
"Farmwell Station MS";"Apr 30, 2026, 05:00:00";"33";"0";"0.25";"21.2";"5.12"
"Farmwell Station MS";"Apr 30, 2026, 04:00:00";"32";"0";"0.26";"22.58";"5.03"
"Farmwell Station MS";"Apr 30, 2026, 03:00:00";"31";"0";"0.27";"25.73";"0"
"Farmwell Station MS";"Apr 30, 2026, 02:00:00";"31";"0.09";"0.29";"26.22";"0"
"Farmwell Station MS";"Apr 30, 2026, 01:00:00";"31";"0.55";"0.27";"25.82";"0"
"Farmwell Station MS";"Apr 30, 2026, 00:00:00";"31";"1.73";"0.28";"26.05";"0"
"Farmwell Station MS";"Apr 29, 2026, 23:00:00";"32";"1.4";"0.27";"25.42";"5.64"
"Farmwell Station MS";"Apr 29, 2026, 22:00:00";"32";"3.03";"0.29";"26.03";"9.62"
"Farmwell Station MS";"Apr 29, 2026, 21:00:00";"31";"2.79";"0.31";"25.64";"10.76"
"Farmwell Station MS";"Apr 29, 2026, 20:00:00";"31";"2.86";"0.33";"24.62";"9.67"
"Farmwell Station MS";"Apr 29, 2026, 19:00:00";"30";"4.08";"0.33";"23.45";"12.11"
"Farmwell Station MS";"Apr 29, 2026, 18:00:00";"29";"4.02";"0.31";"21.65";"14.38"
"Farmwell Station MS";"Apr 29, 2026, 17:00:00";"28";"4.45";"0.31";"19.55";"11.8"
"Farmwell Station MS";"Apr 29, 2026, 16:00:00";"27";"5.24";"0.34";"18.63";"11.42"
"Farmwell Station MS";"Apr 29, 2026, 15:00:00";"25";"4.73";"0.32";"16.95";"11.74"
"Farmwell Station MS";"Apr 29, 2026, 14:00:00";"24";"4.12";"0.32";"14.55";"10.21"
"Farmwell Station MS";"Apr 29, 2026, 13:00:00";"22";"3.78";"0.31";"12.93";"7.77"
"Farmwell Station MS";"Apr 29, 2026, 12:00:00";"21";"3.28";"0.3";"11.66";"5.51"
"Farmwell Station MS";"Apr 29, 2026, 11:00:00";"21";"4.42";"0.29";"10.56";"3.97"
"Farmwell Station MS";"Apr 29, 2026, 10:00:00";"20";"5.77";"0.31";"10.92";"5.76"
"Farmwell Station MS";"Apr 29, 2026, 09:00:00";"20";"5.46";"0.3";"10.83";"3.58"
"Farmwell Station MS";"Apr 29, 2026, 08:00:00";"20";"5.24";"0.29";"10.48";"3.67"
"Farmwell Station MS";"Apr 29, 2026, 07:00:00";"19";"2.81";"0.27";"10.59";"3.26"
"Farmwell Station MS";"Apr 29, 2026, 06:00:00";"19";"1.29";"0.26";"11.11";"2.88"
"Farmwell Station MS";"Apr 29, 2026, 05:00:00";"19";"0.67";"0.25";"11.3";"2.54"
"Farmwell Station MS";"Apr 29, 2026, 04:00:00";"19";"0.31";"0.26";"11.81";"2.23"
"Farmwell Station MS";"Apr 29, 2026, 03:00:00";"19";"0.05";"0.29";"13.89";"4.28"
"Farmwell Station MS";"Apr 29, 2026, 02:00:00";"19";"0.16";"0.29";"14.89";"8.95"
"Farmwell Station MS";"Apr 29, 2026, 01:00:00";"17";"0.91";"0.29";"14.27";"9.1"
"Farmwell Station MS";"Apr 29, 2026, 00:00:00";"16";"1.87";"0.29";"13.4";"8.08"
"Farmwell Station MS";"Apr 28, 2026, 23:00:00";"15";"0.36";"0.29";"13.12";"6.58"
"Farmwell Station MS";"Apr 28, 2026, 22:00:00";"15";"0.26";"0.3";"12.68";"7.09"
"Farmwell Station MS";"Apr 28, 2026, 21:00:00";"14";"0.66";"0.29";"11.96";"7.63"
"Farmwell Station MS";"Apr 28, 2026, 20:00:00";"13";"0.73";"0.3";"11.18";"7.71"
"Farmwell Station MS";"Apr 28, 2026, 19:00:00";"12";"1.34";"0.3";"10.26";"6.41"
"Farmwell Station MS";"Apr 28, 2026, 18:00:00";"12";"0.59";"0.3";"9.81";"5.43"
"Farmwell Station MS";"Apr 28, 2026, 17:00:00";"11";"1.49";"0.3";"9.19";"4.93"
"Farmwell Station MS";"Apr 28, 2026, 16:00:00";"11";"2.03";"0.32";"11.54";"3.08"
"Farmwell Station MS";"Apr 28, 2026, 15:00:00";"11";"1.63";"0.31";"10.78";"3.04"
"Farmwell Station MS";"Apr 28, 2026, 14:00:00";"11";"3.19";"0.32";"9.73";"2.54"
"Farmwell Station MS";"Apr 28, 2026, 13:00:00";"11";"5.09";"0.29";"9.23";"2.01"
"Farmwell Station MS";"Apr 28, 2026, 12:00:00";"11";"5.5";"0.28";"9.63";"2.04"
"Farmwell Station MS";"Apr 28, 2026, 11:00:00";"11";"5.21";"0.25";"9.67";"2.01"
"Farmwell Station MS";"Apr 28, 2026, 10:00:00";"11";"2.75";"0.25";"8.75";"2.27"
"Farmwell Station MS";"Apr 28, 2026, 09:00:00";"11";"4.51";"0.28";"8.81";"2.4"
"Farmwell Station MS";"Apr 28, 2026, 08:00:00";"12";"5.49";"0.27";"9.33";"2.43"
"Farmwell Station MS";"Apr 28, 2026, 07:00:00";"13";"3.2";"0.25";"9.28";"2.11"
"Farmwell Station MS";"Apr 28, 2026, 06:00:00";"16";"3.13";"0.24";"9.53";"2.29"
"Farmwell Station MS";"Apr 28, 2026, 05:00:00";"18";"3";"0.24";"9.17";"1.99"
"Farmwell Station MS";"Apr 28, 2026, 04:00:00";"20";"3.25";"0.25";"9.18";"1.98"
"Farmwell Station MS";"Apr 28, 2026, 03:00:00";"23";"2.83";"0.25";"8.82";"2.29"
"Farmwell Station MS";"Apr 28, 2026, 02:00:00";"24";"3.8";"0.27";"8.5";"2.32"
"Farmwell Station MS";"Apr 28, 2026, 01:00:00";"25";"4.65";"0.28";"8.8";"2.25"
"Farmwell Station MS";"Apr 28, 2026, 00:00:00";"26";"3.96";"0.29";"10.28";"2.12"
"Farmwell Station MS";"Apr 27, 2026, 23:00:00";"26";"5.77";"0.32";"11.04";"2.81"
"Farmwell Station MS";"Apr 27, 2026, 22:00:00";"26";"4.66";"0.33";"11.21";"2.76"
"Farmwell Station MS";"Apr 27, 2026, 21:00:00";"25";"5.1";"0.33";"12.74";"2.82"
"Farmwell Station MS";"Apr 27, 2026, 20:00:00";"25";"3.74";"0.32";"11.25";"2.5"
"Farmwell Station MS";"Apr 27, 2026, 19:00:00";"25";"2.68";"0.34";"1.47";"3.42"
"Farmwell Station MS";"Apr 27, 2026, 18:00:00";"25";"1.43";"0.33";"0";"3.8"
"Farmwell Station MS";"Apr 27, 2026, 17:00:00";"25";"0.41";"0.32";"0";"3.69"
"Farmwell Station MS";"Apr 27, 2026, 16:00:00";"24";"0";"0.31";"0";"2.73"
"Farmwell Station MS";"Apr 27, 2026, 15:00:00";"24";"0.07";"0.29";"0";"2.29"
"Farmwell Station MS";"Apr 27, 2026, 14:00:00";"24";"0";"0.29";"0";"2.11"
"Farmwell Station MS";"Apr 27, 2026, 13:00:00";"24";"0";"0.28";"0";"2.2"
"Farmwell Station MS";"Apr 27, 2026, 12:00:00";"25";"0";"0.29";"0.62";"2.19"
"Farmwell Station MS";"Apr 27, 2026, 11:00:00";"25";"0";"0.31";"13.26";"2.58"
"Farmwell Station MS";"Apr 27, 2026, 10:00:00";"26";"2.51";"0.36";"17.91";"3.21"
"Farmwell Station MS";"Apr 27, 2026, 09:00:00";"26";"4.91";"0.36";"15.57";"6.1"
"Farmwell Station MS";"Apr 27, 2026, 08:00:00";"25";"2.51";"0.34";"13.31";"10.74"
"Farmwell Station MS";"Apr 27, 2026, 07:00:00";"24";"0.89";"0.29";"11.65";"16.49"
"Farmwell Station MS";"Apr 27, 2026, 06:00:00";"21";"0.71";"0.28";"11.68";"15.86"
"Farmwell Station MS";"Apr 27, 2026, 05:00:00";"18";"0.14";"0.25";"12.19";"15.75"
"Farmwell Station MS";"Apr 27, 2026, 04:00:00";"16";"0.59";"0.25";"11.84";"15.95"
"Farmwell Station MS";"Apr 27, 2026, 03:00:00";"14";"0.85";"0.26";"12.35";"10.25"
"Farmwell Station MS";"Apr 27, 2026, 02:00:00";"12";"1.28";"0.25";"12.33";"7.39"
"Farmwell Station MS";"Apr 27, 2026, 01:00:00";"11";"0.75";"0.25";"11.89";"4.47"
"Farmwell Station MS";"Apr 27, 2026, 00:00:00";"11";"0.63";"0.26";"10.33";"2.72"
"Farmwell Station MS";"Apr 26, 2026, 23:00:00";"12";"0.56";"0.26";"10.09";"2.12"
"Farmwell Station MS";"Apr 26, 2026, 22:00:00";"14";"1.08";"0.26";"9.82";"2.17"
"Farmwell Station MS";"Apr 26, 2026, 21:00:00";"15";"1.26";"0.26";"9.74";"2.24"
"Farmwell Station MS";"Apr 26, 2026, 20:00:00";"17";"1.49";"0.26";"9.54";"2.46"
"Farmwell Station MS";"Apr 26, 2026, 19:00:00";"18";"0.99";"0.26";"9.61";"2.25"
"Farmwell Station MS";"Apr 26, 2026, 18:00:00";"19";"0.62";"0.27";"10.04";"1.92"
"Farmwell Station MS";"Apr 26, 2026, 17:00:00";"21";"0.13";"0.27";"10.64";"1.92"
"Farmwell Station MS";"Apr 26, 2026, 16:00:00";"22";"0.17";"0.28";"11.69";"1.47"
"Farmwell Station MS";"Apr 26, 2026, 15:00:00";"24";"0.06";"0.27";"11.33";"1.65"
"Farmwell Station MS";"Apr 26, 2026, 14:00:00";"25";"0.11";"0.28";"11.78";"2.95"
"Farmwell Station MS";"Apr 26, 2026, 13:00:00";"27";"0.05";"0.26";"11.36";"5.87"
"Farmwell Station MS";"Apr 26, 2026, 12:00:00";"28";"0.03";"0.26";"12.11";"4.75"
"Farmwell Station MS";"Apr 26, 2026, 11:00:00";"29";"0.12";"0.27";"12.75";"5.35"
"Farmwell Station MS";"Apr 26, 2026, 10:00:00";"30";"0.16";"0.23";"12.62";"3.75"
"Farmwell Station MS";"Apr 26, 2026, 09:00:00";"31";"0";"0.22";"12.71";"2.2"
"Farmwell Station MS";"Apr 26, 2026, 08:00:00";"33";"0.01";"0.21";"12.58";"1.13"
"Farmwell Station MS";"Apr 26, 2026, 07:00:00";"34";"0";"0.21";"12.39";"0.93"
"Farmwell Station MS";"Apr 26, 2026, 06:00:00";"35";"0";"0.21";"12.62";"1.49"
"Farmwell Station MS";"Apr 26, 2026, 05:00:00";"36";"0";"0.21";"12.54";"2.06"
"Farmwell Station MS";"Apr 26, 2026, 04:00:00";"37";"0";"0.21";"12.48";"1.89"
"Farmwell Station MS";"Apr 26, 2026, 03:00:00";"37";"0";"0.21";"12.45";"1.53"
"Farmwell Station MS";"Apr 26, 2026, 02:00:00";"38";"0";"0.22";"12.42";"1.55"
"Farmwell Station MS";"Apr 26, 2026, 01:00:00";"39";"0";"0.22";"12.49";"2.61"
"Farmwell Station MS";"Apr 26, 2026, 00:00:00";"40";"0.1";"0.24";"12.94";"9.99"
"Farmwell Station MS";"Apr 25, 2026, 23:00:00";"39";"0.54";"0.24";"12.96";"15.5"
"Farmwell Station MS";"Apr 25, 2026, 22:00:00";"37";"0.84";"0.24";"12.87";"8.89"
"Farmwell Station MS";"Apr 25, 2026, 21:00:00";"36";"1.04";"0.24";"12.94";"9.44"
"Farmwell Station MS";"Apr 25, 2026, 20:00:00";"36";"1.45";"0.25";"12.61";"10.04"
"Farmwell Station MS";"Apr 25, 2026, 19:00:00";"35";"1.47";"0.26";"12.42";"10.53"
"Farmwell Station MS";"Apr 25, 2026, 18:00:00";"34";"1.38";"0.27";"12.45";"10.81"
"Farmwell Station MS";"Apr 25, 2026, 17:00:00";"33";"0.86";"0.27";"11.52";"9.12"
"Farmwell Station MS";"Apr 25, 2026, 16:00:00";"32";"0.16";"0.28";"11.59";"8.56"
"Farmwell Station MS";"Apr 25, 2026, 15:00:00";"32";"0";"0.29";"13.27";"10.98"
"Farmwell Station MS";"Apr 25, 2026, 14:00:00";"31";"0.04";"0.3";"13.23";"11.91"
"Farmwell Station MS";"Apr 25, 2026, 13:00:00";"30";"0.38";"0.31";"12.34";"12.14"
"Farmwell Station MS";"Apr 25, 2026, 12:00:00";"29";"0.62";"0.3";"11.9";"12.34"
"Farmwell Station MS";"Apr 25, 2026, 11:00:00";"28";"1.03";"0.29";"12.09";"11.79"
"Farmwell Station MS";"Apr 25, 2026, 10:00:00";"27";"1.23";"0.28";"12.07";"10.97"
"Farmwell Station MS";"Apr 25, 2026, 09:00:00";"26";"1.14";"0.28";"12.13";"9.92"
"Farmwell Station MS";"Apr 25, 2026, 08:00:00";"25";"1.21";"0.27";"12.69";"9.73"
"Farmwell Station MS";"Apr 25, 2026, 07:00:00";"24";"0.2";"0.26";"12.32";"6.12"
"Farmwell Station MS";"Apr 25, 2026, 06:00:00";"24";"0.14";"0.28";"13.12";"6.18"
"Farmwell Station MS";"Apr 25, 2026, 05:00:00";"24";"0.99";"0.29";"13.2";"5.96"
"Farmwell Station MS";"Apr 25, 2026, 04:00:00";"23";"1.24";"0.32";"13.2";"6.23"
"Farmwell Station MS";"Apr 25, 2026, 03:00:00";"23";"1.34";"0.32";"13.35";"5.46"
"Farmwell Station MS";"Apr 25, 2026, 02:00:00";"23";"1.7";"0.36";"13.95";"6.11"
"Farmwell Station MS";"Apr 25, 2026, 01:00:00";"22";"2.54";"0.37";"13.36";"6.4"
"Farmwell Station MS";"Apr 25, 2026, 00:00:00";"22";"2.63";"0.37";"12.26";"5.6"
"Farmwell Station MS";"Apr 24, 2026, 23:00:00";"23";"2.47";"0.37";"12.86";"5.56"
"Farmwell Station MS";"Apr 24, 2026, 22:00:00";"23";"2.32";"0.4";"13.73";"4.91"
"Farmwell Station MS";"Apr 24, 2026, 21:00:00";"23";"1.51";"0.42";"12.58";"4.85"
"Farmwell Station MS";"Apr 24, 2026, 20:00:00";"23";"1.53";"0.41";"7.36";"5.1"
"Farmwell Station MS";"Apr 24, 2026, 19:00:00";"22";"0.16";"0.39";"3.59";"4.83"
"Farmwell Station MS";"Apr 24, 2026, 18:00:00";"22";"0";"0.39";"0";"6.05"
"Farmwell Station MS";"Apr 24, 2026, 17:00:00";"21";"0";"0.39";"0";"6.03"
"Farmwell Station MS";"Apr 24, 2026, 16:00:00";"21";"0.76";"0.35";"3.75";"6.38"
"Farmwell Station MS";"Apr 24, 2026, 15:00:00";"21";"0";"0.33";"0";"7.53"
"Farmwell Station MS";"Apr 24, 2026, 14:00:00";"20";"0";"0.35";"0";"6.13"
"Farmwell Station MS";"Apr 24, 2026, 13:00:00";"20";"0";"0.33";"0";"5.69"
"Farmwell Station MS";"Apr 24, 2026, 12:00:00";"20";"0";"0.34";"0";"6.14"
"Farmwell Station MS";"Apr 24, 2026, 11:00:00";"20";"0";"0.38";"0";"5.44"
"Farmwell Station MS";"Apr 24, 2026, 10:00:00";"19";"0.25";"0.4";"3.05";"5.23"
"Farmwell Station MS";"Apr 24, 2026, 09:00:00";"19";"2.71";"0.42";"10.7";"5.08"
"Farmwell Station MS";"Apr 24, 2026, 08:00:00";"19";"5";"0.4";"13.87";"4.15"
"Farmwell Station MS";"Apr 24, 2026, 07:00:00";"19";"3.43";"0.35";"13.05";"5.16"
"Farmwell Station MS";"Apr 24, 2026, 06:00:00";"20";"1.03";"0.31";"11.38";"3.89"
"Farmwell Station MS";"Apr 24, 2026, 05:00:00";"20";"0";"0.31";"10.9";"3.86"
"Farmwell Station MS";"Apr 24, 2026, 04:00:00";"21";"0";"0.31";"10.9";"3.61"
"Farmwell Station MS";"Apr 24, 2026, 03:00:00";"21";"0.05";"0.33";"11.1";"3.64"
"Farmwell Station MS";"Apr 24, 2026, 02:00:00";"21";"0.15";"0.37";"11.91";"3.98"
"Farmwell Station MS";"Apr 24, 2026, 01:00:00";"21";"1.36";"0.44";"15.71";"7"
"Farmwell Station MS";"Apr 24, 2026, 00:00:00";"21";"3.41";"0.48";"15.09";"7.6"
"Farmwell Station MS";"Apr 23, 2026, 23:00:00";"20";"3.05";"0.49";"13.26";"4.71"
"Farmwell Station MS";"Apr 23, 2026, 22:00:00";"20";"1.99";"0.45";"14.01";"4.93"
"Farmwell Station MS";"Apr 23, 2026, 21:00:00";"20";"2.16";"0.46";"5.83";"5.13"
"Farmwell Station MS";"Apr 23, 2026, 20:00:00";"20";"0";"0.36";"0";"3.66"
"Farmwell Station MS";"Apr 23, 2026, 19:00:00";"21";"0";"0.34";"0";"2.95"
"Farmwell Station MS";"Apr 23, 2026, 18:00:00";"21";"0";"0.34";"0";"2.83"
"Farmwell Station MS";"Apr 23, 2026, 17:00:00";"21";"0";"0.34";"0";"3.71"
"Farmwell Station MS";"Apr 23, 2026, 16:00:00";"21";"0";"0.33";"0";"3.84"
"Farmwell Station MS";"Apr 23, 2026, 15:00:00";"21";"0";"0.33";"0";"4.6"
"Farmwell Station MS";"Apr 23, 2026, 14:00:00";"21";"0";"0.34";"0";"5.06"
"Farmwell Station MS";"Apr 23, 2026, 13:00:00";"21";"0";"0.33";"0";"5.23"
"Farmwell Station MS";"Apr 23, 2026, 12:00:00";"22";"0";"0.34";"0";"4.79"
"Farmwell Station MS";"Apr 23, 2026, 11:00:00";"22";"0";"0.34";"0";"4.11"
"Farmwell Station MS";"Apr 23, 2026, 10:00:00";"22";"0";"0.36";"0.7";"4.38"
"Farmwell Station MS";"Apr 23, 2026, 09:00:00";"22";"3.28";"0.44";"9.89";"5.16"
"Farmwell Station MS";"Apr 23, 2026, 08:00:00";"22";"5.75";"0.38";"13.24";"5.56"
"Farmwell Station MS";"Apr 23, 2026, 07:00:00";"21";"3.94";"0.31";"11.5";"6.34"
"Farmwell Station MS";"Apr 23, 2026, 06:00:00";"21";"0.45";"0.29";"10.97";"7.01"
"Farmwell Station MS";"Apr 23, 2026, 05:00:00";"20";"0.12";"0.28";"8.91";"5.96"
"Farmwell Station MS";"Apr 23, 2026, 04:00:00";"20";"0.3";"0.29";"6.18";"5.06"
"Farmwell Station MS";"Apr 23, 2026, 03:00:00";"20";"0.55";"0.29";"4.93";"4.89"
"Farmwell Station MS";"Apr 23, 2026, 02:00:00";"20";"0.2";"0.3";"4.8";"4.88"
"Farmwell Station MS";"Apr 23, 2026, 01:00:00";"20";"0.1";"0.3";"4.89";"4.65"
"Farmwell Station MS";"Apr 23, 2026, 00:00:00";"20";"0.39";"0.33";"5.89";"4.7"
"Farmwell Station MS";"Apr 22, 2026, 23:00:00";"20";"0.65";"0.35";"6.31";"5.08"
"Farmwell Station MS";"Apr 22, 2026, 22:00:00";"19";"0.77";"0.34";"7.34";"5.52"
"Farmwell Station MS";"Apr 22, 2026, 21:00:00";"19";"0.17";"0.32";"4.77";"5.16"
"Farmwell Station MS";"Apr 22, 2026, 20:00:00";"19";"0";"0.31";"0";"4.1"
"Farmwell Station MS";"Apr 22, 2026, 19:00:00";"18";"0";"0.31";"0";"4.45"
"Farmwell Station MS";"Apr 22, 2026, 18:00:00";"18";"0";"0.33";"0";"4.41"
"Farmwell Station MS";"Apr 22, 2026, 17:00:00";"18";"0.19";"0.32";"0";"4.52"
"Farmwell Station MS";"Apr 22, 2026, 16:00:00";"18";"0";"0.31";"0";"4.6"
"Farmwell Station MS";"Apr 22, 2026, 15:00:00";"18";"0";"0.34";"0";"5.2"
"Farmwell Station MS";"Apr 22, 2026, 14:00:00";"17";"0.03";"0.38";"0";"4.89"
"Farmwell Station MS";"Apr 22, 2026, 13:00:00";"17";"6.34";"0.39";"1.81";"5.59"
"Farmwell Station MS";"Apr 22, 2026, 12:00:00";"17";"8.55";"0.41";"4.64";"6.37"
"Farmwell Station MS";"Apr 22, 2026, 11:00:00";"16";"2.86";"0.34";"3.03";"4.44"
"Farmwell Station MS";"Apr 22, 2026, 10:00:00";"16";"2.5";"0.32";"2.43";"4.21"
"Farmwell Station MS";"Apr 22, 2026, 09:00:00";"17";"4.47";"0.31";"0.91";"4.22"
"Farmwell Station MS";"Apr 22, 2026, 08:00:00";"17";"3.92";"0.28";"0.18";"3.76"
"Farmwell Station MS";"Apr 22, 2026, 07:00:00";"17";"3.31";"0.26";"0";"3.83"
"Farmwell Station MS";"Apr 22, 2026, 06:00:00";"17";"2.67";"0.25";"0";"3.85"
"Farmwell Station MS";"Apr 22, 2026, 05:00:00";"17";"3.04";"0.26";"0.02";"3.91"
"Farmwell Station MS";"Apr 22, 2026, 04:00:00";"17";"2.46";"0.26";"0.05";"4.73"
"Farmwell Station MS";"Apr 22, 2026, 03:00:00";"17";"3.29";"0.27";"0.13";"5.05"
"Farmwell Station MS";"Apr 22, 2026, 02:00:00";"17";"4.23";"0.27";"0.01";"4.62"
"Farmwell Station MS";"Apr 22, 2026, 01:00:00";"17";"4.34";"0.27";"0.05";"4.11"
"Farmwell Station MS";"Apr 22, 2026, 00:00:00";"16";"4.1";"0.26";"0";"3.96"
"Farmwell Station MS";"Apr 21, 2026, 23:00:00";"16";"3.81";"0.27";"0.03";"3.71"
"Farmwell Station MS";"Apr 21, 2026, 22:00:00";"16";"3.65";"0.28";"0.03";"3.17"
"Farmwell Station MS";"Apr 21, 2026, 21:00:00";"16";"3.15";"0.27";"0";"2.77"
"Farmwell Station MS";"Apr 21, 2026, 20:00:00";"16";"1.89";"0.27";"0";"2.95"
"Farmwell Station MS";"Apr 21, 2026, 19:00:00";"16";"0.34";"0.27";"0";"2.55"
"Farmwell Station MS";"Apr 21, 2026, 18:00:00";"16";"0";"0.26";"0";"2.95"
"Farmwell Station MS";"Apr 21, 2026, 17:00:00";"16";"0";"0.26";"0";"3.33"
"Farmwell Station MS";"Apr 21, 2026, 16:00:00";"16";"0";"0.26";"0";"3.78"
"Farmwell Station MS";"Apr 21, 2026, 15:00:00";"16";"0";"0.25";"0";"3.89"
"Farmwell Station MS";"Apr 21, 2026, 14:00:00";"15";"0";"0.25";"0";"3.85"
"Farmwell Station MS";"Apr 21, 2026, 13:00:00";"15";"0";"0.26";"0";"3.84"
"Farmwell Station MS";"Apr 21, 2026, 12:00:00";"15";"0";"0.27";"0.01";"3.73"
"Farmwell Station MS";"Apr 21, 2026, 11:00:00";"15";"0.37";"0.28";"1.89";"4.19"
"Farmwell Station MS";"Apr 21, 2026, 10:00:00";"15";"1.02";"0.31";"5.82";"5.46"
"Farmwell Station MS";"Apr 21, 2026, 09:00:00";"15";"1.22";"0.31";"6.61";"5.13"
"Farmwell Station MS";"Apr 21, 2026, 08:00:00";"15";"0";"0";"0";"4.2"
"Farmwell Station MS";"Apr 21, 2026, 07:00:00";"15";"7.23";"0.08";"3.99";"5.67"
"Farmwell Station MS";"Apr 21, 2026, 06:00:00";"14";"6.49";"0.06";"4.39";"3.17"
"Farmwell Station MS";"Apr 21, 2026, 05:00:00";"14";"3.83";"0.06";"4.01";"3.39"
"Farmwell Station MS";"Apr 21, 2026, 04:00:00";"14";"8.63";"0.07";"3.89";"4.29"
"Farmwell Station MS";"Apr 21, 2026, 03:00:00";"13";"9.22";"0.08";"3.76";"5.77"
"Farmwell Station MS";"Apr 21, 2026, 02:00:00";"13";"9.4";"0.08";"5.4";"3.1"
"Farmwell Station MS";"Apr 21, 2026, 01:00:00";"13";"9.41";"0.09";"3.56";"2.9"
"Farmwell Station MS";"Apr 21, 2026, 00:00:00";"13";"8.09";"0.09";"0.27";"3.03"
"Farmwell Station MS";"Apr 20, 2026, 23:00:00";"13";"4.99";"0.09";"0";"2.6"
"Farmwell Station MS";"Apr 20, 2026, 22:00:00";"13";"4.03";"0.1";"0";"2.97"
"Farmwell Station MS";"Apr 20, 2026, 21:00:00";"13";"2.92";"0.12";"0";"3.38"
"Farmwell Station MS";"Apr 20, 2026, 20:00:00";"13";"1.46";"0.13";"0";"2.94"
"Farmwell Station MS";"Apr 20, 2026, 19:00:00";"13";"0.41";"0.16";"0";"3.09"
"Farmwell Station MS";"Apr 20, 2026, 18:00:00";"12";"0.07";"0.18";"0";"2.78"
"Farmwell Station MS";"Apr 20, 2026, 17:00:00";"12";"0";"0.19";"0.04";"2.27"
"Farmwell Station MS";"Apr 20, 2026, 16:00:00";"13";"0.01";"0.19";"0.58";"2.1"
"Farmwell Station MS";"Apr 20, 2026, 15:00:00";"13";"0";"0.18";"2.33";"2.21"
"Farmwell Station MS";"Apr 20, 2026, 14:00:00";"13";"0.08";"0.21";"5.23";"2.7"
"Farmwell Station MS";"Apr 20, 2026, 13:00:00";"13";"0.6";"0.17";"5.61";"3.21"
"Farmwell Station MS";"Apr 20, 2026, 12:00:00";"13";"1.41";"0.22";"6.52";"3.8"
"Farmwell Station MS";"Apr 20, 2026, 11:00:00";"13";"2.2";"0.13";"5.56";"4.26"
"Farmwell Station MS";"Apr 20, 2026, 10:00:00";"12";"0.62";"0.19";"6.87";"4.04"
"Farmwell Station MS";"Apr 20, 2026, 09:00:00";"12";"1.42";"0.16";"6.44";"3.92"
"Farmwell Station MS";"Apr 20, 2026, 08:00:00";"12";"1.77";"0.14";"6.44";"3.32"
"Farmwell Station MS";"Apr 20, 2026, 07:00:00";"12";"1.4";"0.13";"6.67";"2.74"
"Farmwell Station MS";"Apr 20, 2026, 06:00:00";"11";"1.14";"0.12";"7.13";"2.34"
"Farmwell Station MS";"Apr 20, 2026, 05:00:00";"13";"1.29";"0.14";"8.48";"2.78"
"Farmwell Station MS";"Apr 20, 2026, 04:00:00";"16";"0.12";"0.13";"9.78";"2.45"
"Farmwell Station MS";"Apr 20, 2026, 03:00:00";"18";"1.6";"0.13";"9.86";"2.51"
"Farmwell Station MS";"Apr 20, 2026, 02:00:00";"19";"4.45";"0.15";"9.45";"2.84"
"Farmwell Station MS";"Apr 20, 2026, 01:00:00";"21";"5.88";"0.15";"9.6";"3.02"
"Farmwell Station MS";"Apr 20, 2026, 00:00:00";"22";"4.47";"0.13";"8.61";"3.21"
"Farmwell Station MS";"Apr 19, 2026, 23:00:00";"22";"3.43";"0.12";"6.43";"2.71"
"Farmwell Station MS";"Apr 19, 2026, 22:00:00";"23";"1.12";"0.12";"5.33";"2.46"
"Farmwell Station MS";"Apr 19, 2026, 21:00:00";"24";"0.01";"0.14";"5.29";"2.38"
"Farmwell Station MS";"Apr 19, 2026, 20:00:00";"24";"0";"0.15";"4.66";"2.41"
"Farmwell Station MS";"Apr 19, 2026, 19:00:00";"25";"0";"0.17";"4.52";"2.64"
"Farmwell Station MS";"Apr 19, 2026, 18:00:00";"26";"0";"0.18";"5.63";"2.56"
"Farmwell Station MS";"Apr 19, 2026, 17:00:00";"27";"0";"0.2";"8.96";"2.84"
"Farmwell Station MS";"Apr 19, 2026, 16:00:00";"27";"0";"0.21";"12.2";"2.93"
"Farmwell Station MS";"Apr 19, 2026, 15:00:00";"28";"0";"0.2";"14.67";"3.22"
"Farmwell Station MS";"Apr 19, 2026, 14:00:00";"28";"0.01";"0.24";"15.39";"2.95"
"Farmwell Station MS";"Apr 19, 2026, 13:00:00";"28";"0";"0.16";"13.93";"2.6"
"Farmwell Station MS";"Apr 19, 2026, 12:00:00";"28";"0";"0.17";"14.42";"2.3"
"Farmwell Station MS";"Apr 19, 2026, 11:00:00";"28";"0";"0.16";"13.97";"2.61"
"Farmwell Station MS";"Apr 19, 2026, 10:00:00";"28";"0";"0.15";"13.77";"3.66"
"Farmwell Station MS";"Apr 19, 2026, 09:00:00";"28";"0";"0.14";"13.73";"2.82"
"Farmwell Station MS";"Apr 19, 2026, 08:00:00";"28";"0";"0.14";"13.85";"1.84"
"Farmwell Station MS";"Apr 19, 2026, 07:00:00";"29";"0";"0.16";"14.19";"1.2"
"Farmwell Station MS";"Apr 19, 2026, 06:00:00";"29";"0";"0.23";"19.88";"9.59"
"Farmwell Station MS";"Apr 19, 2026, 05:00:00";"28";"0";"0.28";"23.89";"20.69"
"Farmwell Station MS";"Apr 19, 2026, 04:00:00";"26";"0";"0.29";"22.23";"14.19"
"Farmwell Station MS";"Apr 19, 2026, 03:00:00";"24";"0";"0.3";"21.57";"11.16"
"Farmwell Station MS";"Apr 19, 2026, 02:00:00";"23";"0";"0.32";"20.08";"9.73"
"Farmwell Station MS";"Apr 19, 2026, 01:00:00";"21";"0";"0.33";"19.21";"8.73"
"Farmwell Station MS";"Apr 19, 2026, 00:00:00";"20";"0";"0.34";"15.62";"7"
"Farmwell Station MS";"Apr 18, 2026, 23:00:00";"20";"0";"0.34";"12.23";"6.83"
"Farmwell Station MS";"Apr 18, 2026, 22:00:00";"19";"0";"0.36";"9.01";"6.68"
"Farmwell Station MS";"Apr 18, 2026, 21:00:00";"19";"0";"0.36";"4.86";"6.96"
"Farmwell Station MS";"Apr 18, 2026, 20:00:00";"18";"0";"0.38";"1.91";"6.65"
"Farmwell Station MS";"Apr 18, 2026, 19:00:00";"17";"0";"0.39";"2.26";"6.87"
"Farmwell Station MS";"Apr 18, 2026, 18:00:00";"16";"0";"0.4";"1.1";"7.12"
"Farmwell Station MS";"Apr 18, 2026, 17:00:00";"15";"0";"0.39";"0";"6.71"
"Farmwell Station MS";"Apr 18, 2026, 16:00:00";"14";"0";"0.33";"0";"4.29"
"Farmwell Station MS";"Apr 18, 2026, 15:00:00";"14";"0";"0.33";"0";"3.04"
"Farmwell Station MS";"Apr 18, 2026, 14:00:00";"14";"0.32";"0.31";"0";"2.82"
"Farmwell Station MS";"Apr 18, 2026, 13:00:00";"14";"0";"0.33";"0";"2.72"
"Farmwell Station MS";"Apr 18, 2026, 12:00:00";"14";"0";"0.37";"0.07";"3.42"
"Farmwell Station MS";"Apr 18, 2026, 11:00:00";"14";"0";"0.41";"7.5";"3.99"
"Farmwell Station MS";"Apr 18, 2026, 10:00:00";"14";"0";"0.45";"10.29";"4.47"
"Farmwell Station MS";"Apr 18, 2026, 09:00:00";"14";"0";"0.41";"21.48";"3.62"
"Farmwell Station MS";"Apr 18, 2026, 08:00:00";"14";"0";"0.32";"23.55";"3.62"
"Farmwell Station MS";"Apr 18, 2026, 07:00:00";"14";"0.05";"0.25";"20.97";"4.24"
"Farmwell Station MS";"Apr 18, 2026, 06:00:00";"14";"0";"0.25";"19.95";"4.52"
"Farmwell Station MS";"Apr 18, 2026, 05:00:00";"14";"0.03";"0.28";"19.98";"6.84"
"Farmwell Station MS";"Apr 18, 2026, 04:00:00";"13";"0";"0.28";"19.64";"3.51"
"Farmwell Station MS";"Apr 18, 2026, 03:00:00";"13";"0";"0.27";"18.78";"3.06"
"Farmwell Station MS";"Apr 18, 2026, 02:00:00";"13";"0";"0.31";"17.94";"2.51"
"Farmwell Station MS";"Apr 18, 2026, 01:00:00";"13";"0.21";"0.35";"19.58";"3.2"
"Farmwell Station MS";"Apr 18, 2026, 00:00:00";"13";"0.88";"0.45";"19.03";"3.92"
"Farmwell Station MS";"Apr 17, 2026, 23:00:00";"13";"0.24";"0.43";"15.23";"4.03"
"Farmwell Station MS";"Apr 17, 2026, 22:00:00";"14";"0";"0.36";"15.41";"2.3"
"Farmwell Station MS";"Apr 17, 2026, 21:00:00";"14";"0";"0.35";"12.14";"2.48"
"Farmwell Station MS";"Apr 17, 2026, 20:00:00";"15";"0";"0.32";"0.52";"1.74"
"Farmwell Station MS";"Apr 17, 2026, 19:00:00";"16";"0";"0.33";"0";"1.93"
"Farmwell Station MS";"Apr 17, 2026, 18:00:00";"17";"0";"0.34";"0";"2.12"
"Farmwell Station MS";"Apr 17, 2026, 17:00:00";"17";"0";"0.34";"0";"2.15"
"Farmwell Station MS";"Apr 17, 2026, 16:00:00";"18";"0";"0.33";"0";"2.19"
"Farmwell Station MS";"Apr 17, 2026, 15:00:00";"18";"0";"0.33";"0";"2.98"
"Farmwell Station MS";"Apr 17, 2026, 14:00:00";"19";"0";"0.33";"0";"2.06"
"Farmwell Station MS";"Apr 17, 2026, 13:00:00";"19";"0";"0.3";"0";"2.3"
"Farmwell Station MS";"Apr 17, 2026, 12:00:00";"20";"0";"0.31";"0";"2.91"
"Farmwell Station MS";"Apr 17, 2026, 11:00:00";"20";"0";"0.33";"0.32";"3.38"
"Farmwell Station MS";"Apr 17, 2026, 10:00:00";"20";"0";"0.33";"1.59";"3.93"
"Farmwell Station MS";"Apr 17, 2026, 09:00:00";"21";"0.04";"0.38";"11.84";"3.64"
"Farmwell Station MS";"Apr 17, 2026, 08:00:00";"21";"0.06";"0.33";"17.96";"4.17"
"Farmwell Station MS";"Apr 17, 2026, 07:00:00";"21";"0.26";"0.31";"19.01";"4.24"
"Farmwell Station MS";"Apr 17, 2026, 06:00:00";"22";"0";"0.31";"18.63";"3.77"
"Farmwell Station MS";"Apr 17, 2026, 05:00:00";"22";"0";"0.32";"16.09";"3.7"
"Farmwell Station MS";"Apr 17, 2026, 04:00:00";"22";"0";"0.33";"8.61";"3.59"
"Farmwell Station MS";"Apr 17, 2026, 03:00:00";"22";"0";"0.35";"5.23";"3.3"
"Farmwell Station MS";"Apr 17, 2026, 02:00:00";"22";"0";"0.35";"2.65";"3.34"
"Farmwell Station MS";"Apr 17, 2026, 01:00:00";"23";"0";"0.36";"0";"3.53"
"Farmwell Station MS";"Apr 17, 2026, 00:00:00";"23";"0";"0.37";"0";"4.77"
"Farmwell Station MS";"Apr 16, 2026, 23:00:00";"23";"0";"0.38";"0";"5.92"
"Farmwell Station MS";"Apr 16, 2026, 22:00:00";"23";"0";"0.39";"0";"5.73"
"Farmwell Station MS";"Apr 16, 2026, 21:00:00";"23";"0";"0.4";"0";"6.16"
"Farmwell Station MS";"Apr 16, 2026, 20:00:00";"23";"0";"0.41";"0";"6.48"
"Farmwell Station MS";"Apr 16, 2026, 19:00:00";"22";"0";"0.4";"0";"6.37"
"Farmwell Station MS";"Apr 16, 2026, 18:00:00";"22";"0";"0.4";"0";"5.81"
"Farmwell Station MS";"Apr 16, 2026, 17:00:00";"22";"0";"0.41";"0";"5.7"
"Farmwell Station MS";"Apr 16, 2026, 16:00:00";"22";"0";"0.42";"0";"4.97"
"Farmwell Station MS";"Apr 16, 2026, 15:00:00";"21";"0";"0.45";"0";"5.39"
"Farmwell Station MS";"Apr 16, 2026, 14:00:00";"21";"0";"0.42";"0";"5.18"
"Farmwell Station MS";"Apr 16, 2026, 13:00:00";"21";"0";"0.42";"0";"4.86"
"Farmwell Station MS";"Apr 16, 2026, 12:00:00";"21";"0";"0.45";"0";"5.21"
"Farmwell Station MS";"Apr 16, 2026, 11:00:00";"21";"0";"0.44";"0";"5.16"
"Farmwell Station MS";"Apr 16, 2026, 10:00:00";"21";"0";"0.48";"2.76";"5.74"
"Farmwell Station MS";"Apr 16, 2026, 09:00:00";"21";"1.28";"0.53";"11.81";"5.61"
"Farmwell Station MS";"Apr 16, 2026, 08:00:00";"21";"4.99";"0.45";"20.03";"5.48"
"Farmwell Station MS";"Apr 16, 2026, 07:00:00";"21";"6.76";"0.4";"17.27";"5.5"
"Farmwell Station MS";"Apr 16, 2026, 06:00:00";"22";"0.43";"0.33";"15.3";"4.95"
"Farmwell Station MS";"Apr 16, 2026, 05:00:00";"22";"0";"0.32";"14.96";"4.86"
"Farmwell Station MS";"Apr 16, 2026, 04:00:00";"22";"0";"0.34";"14.74";"4.88"
"Farmwell Station MS";"Apr 16, 2026, 03:00:00";"22";"0";"0.34";"11.54";"4.71"
"Farmwell Station MS";"Apr 16, 2026, 02:00:00";"23";"0";"0.34";"8.91";"4.51"
"Farmwell Station MS";"Apr 16, 2026, 01:00:00";"23";"0";"0.36";"7.99";"5.15"
"Farmwell Station MS";"Apr 16, 2026, 00:00:00";"22";"0";"0.37";"1.78";"5.14"
"Farmwell Station MS";"Apr 15, 2026, 23:00:00";"22";"0";"0.37";"0";"5.11"
"Farmwell Station MS";"Apr 15, 2026, 22:00:00";"22";"0.12";"0.39";"0";"5.28"
"Farmwell Station MS";"Apr 15, 2026, 21:00:00";"22";"0.23";"0.4";"0";"5.17"
"Farmwell Station MS";"Apr 15, 2026, 20:00:00";"22";"0";"0.39";"0";"4.52"
"Farmwell Station MS";"Apr 15, 2026, 19:00:00";"22";"0";"0.38";"0";"4.72"
"Farmwell Station MS";"Apr 15, 2026, 18:00:00";"22";"0";"0.37";"0";"4.59"
"Farmwell Station MS";"Apr 15, 2026, 17:00:00";"22";"0";"0.36";"0";"4.58"
"Farmwell Station MS";"Apr 15, 2026, 16:00:00";"22";"0";"0.36";"0";"4.45"
"Farmwell Station MS";"Apr 15, 2026, 15:00:00";"22";"0";"0.33";"0";"4.76"
"Farmwell Station MS";"Apr 15, 2026, 14:00:00";"22";"0";"0.33";"0";"4.92"
"Farmwell Station MS";"Apr 15, 2026, 13:00:00";"22";"0";"0.31";"1.44";"5"
"Farmwell Station MS";"Apr 15, 2026, 12:00:00";"21";"0";"0.3";"0";"5.07"
"Farmwell Station MS";"Apr 15, 2026, 11:00:00";"21";"0";"0.36";"0.93";"5.58"
"Farmwell Station MS";"Apr 15, 2026, 10:00:00";"21";"0";"0.41";"1.78";"4.9"
"Farmwell Station MS";"Apr 15, 2026, 09:00:00";"22";"0.17";"0.44";"19.55";"5.08"
"Farmwell Station MS";"Apr 15, 2026, 08:00:00";"22";"0.02";"0.36";"25.93";"6.11"
"Farmwell Station MS";"Apr 15, 2026, 07:00:00";"22";"0.32";"0.3";"24.36";"8.18"
"Farmwell Station MS";"Apr 15, 2026, 06:00:00";"22";"0";"0.28";"24";"6.9"
"Farmwell Station MS";"Apr 15, 2026, 05:00:00";"22";"0";"0.28";"23.91";"5.88"
"Farmwell Station MS";"Apr 15, 2026, 04:00:00";"22";"0";"0.28";"23.76";"6.36"
"Farmwell Station MS";"Apr 15, 2026, 03:00:00";"22";"0";"0.3";"23.16";"5.39"
"Farmwell Station MS";"Apr 15, 2026, 02:00:00";"22";"0";"0.32";"22.8";"4.86"
"Farmwell Station MS";"Apr 15, 2026, 01:00:00";"22";"0";"0.34";"18.45";"3.87"
"Farmwell Station MS";"Apr 15, 2026, 00:00:00";"22";"0";"0.35";"9.99";"3.13"
"Farmwell Station MS";"Apr 14, 2026, 23:00:00";"22";"0";"0.35";"4.28";"3.19"
"Farmwell Station MS";"Apr 14, 2026, 22:00:00";"23";"0";"0.37";"0";"5.05"
"Farmwell Station MS";"Apr 14, 2026, 21:00:00";"23";"0";"0.38";"0";"5.44"
"Farmwell Station MS";"Apr 14, 2026, 20:00:00";"23";"0";"0.39";"0";"6.22"
"Farmwell Station MS";"Apr 14, 2026, 19:00:00";"23";"0";"0.39";"0";"5.39"
"Farmwell Station MS";"Apr 14, 2026, 18:00:00";"23";"0";"0.37";"0";"4.37"
"Farmwell Station MS";"Apr 14, 2026, 17:00:00";"24";"0";"0.36";"0";"4.05"
"Farmwell Station MS";"Apr 14, 2026, 16:00:00";"24";"0";"0.33";"0";"3.94"
"Farmwell Station MS";"Apr 14, 2026, 15:00:00";"25";"0";"0.32";"0";"3.73"
"Farmwell Station MS";"Apr 14, 2026, 14:00:00";"25";"0";"0.3";"0";"3.81"
"Farmwell Station MS";"Apr 14, 2026, 13:00:00";"26";"0";"0.3";"0";"3.69"
"Farmwell Station MS";"Apr 14, 2026, 12:00:00";"27";"0";"0.31";"0";"4.22"
"Farmwell Station MS";"Apr 14, 2026, 11:00:00";"28";"0";"0.38";"3.55";"5.86"
"Farmwell Station MS";"Apr 14, 2026, 10:00:00";"29";"3.2";"0.46";"8.48";"8.23"
"Farmwell Station MS";"Apr 14, 2026, 09:00:00";"29";"8.42";"0.47";"12.6";"8.07"
"Farmwell Station MS";"Apr 14, 2026, 08:00:00";"29";"3.18";"0.41";"18.36";"5.67"
"Farmwell Station MS";"Apr 14, 2026, 07:00:00";"29";"0.38";"0.28";"18.31";"6.39"
"Farmwell Station MS";"Apr 14, 2026, 06:00:00";"29";"0.28";"0.27";"16.93";"6.31"
"Farmwell Station MS";"Apr 14, 2026, 05:00:00";"29";"0.07";"0.27";"14.36";"5.4"
"Farmwell Station MS";"Apr 14, 2026, 04:00:00";"29";"0";"0.26";"12.89";"5.28"
"Farmwell Station MS";"Apr 14, 2026, 03:00:00";"29";"0";"0.27";"12.47";"5.5"
"Farmwell Station MS";"Apr 14, 2026, 02:00:00";"28";"0";"0.28";"10.95";"5.24"
"Farmwell Station MS";"Apr 14, 2026, 01:00:00";"28";"0";"0.3";"9.97";"5.17"
"Farmwell Station MS";"Apr 14, 2026, 00:00:00";"28";"0";"0.32";"10.76";"5.14"
"Farmwell Station MS";"Apr 13, 2026, 23:00:00";"28";"0";"0.34";"9.29";"5.72"
"Farmwell Station MS";"Apr 13, 2026, 22:00:00";"27";"0";"0.34";"7.44";"6.06"
"Farmwell Station MS";"Apr 13, 2026, 21:00:00";"26";"0";"0.34";"5.69";"6"
"Farmwell Station MS";"Apr 13, 2026, 20:00:00";"26";"0";"0.33";"0.73";"6.44"
"Farmwell Station MS";"Apr 13, 2026, 19:00:00";"25";"0";"0.34";"0";"6.07"
"Farmwell Station MS";"Apr 13, 2026, 18:00:00";"25";"0";"0.34";"0";"6.7"
"Farmwell Station MS";"Apr 13, 2026, 17:00:00";"24";"0";"0.34";"0";"7.06"
"Farmwell Station MS";"Apr 13, 2026, 16:00:00";"23";"0";"0.34";"0.34";"7.53"
"Farmwell Station MS";"Apr 13, 2026, 15:00:00";"22";"0";"0.33";"0.32";"7.58"
"Farmwell Station MS";"Apr 13, 2026, 14:00:00";"21";"0";"0.35";"1.37";"8.19"
"Farmwell Station MS";"Apr 13, 2026, 13:00:00";"20";"0";"0.35";"0.2";"9.35"
"Farmwell Station MS";"Apr 13, 2026, 12:00:00";"19";"0";"0.34";"0.54";"9.12"
"Farmwell Station MS";"Apr 13, 2026, 11:00:00";"18";"0";"0.34";"0";"9.58"
"Farmwell Station MS";"Apr 13, 2026, 10:00:00";"18";"0";"0.37";"0.38";"9.57"
"Farmwell Station MS";"Apr 13, 2026, 09:00:00";"17";"0";"0.37";"7.92";"8.32"
"Farmwell Station MS";"Apr 13, 2026, 08:00:00";"16";"1.51";"0.35";"15.96";"7.46"
"Farmwell Station MS";"Apr 13, 2026, 07:00:00";"16";"1.63";"0.31";"16.84";"6.34"
"Farmwell Station MS";"Apr 13, 2026, 06:00:00";"16";"1.04";"0.29";"15.48";"5.26"
"Farmwell Station MS";"Apr 13, 2026, 05:00:00";"16";"0.29";"0.27";"13.33";"4.7"
"Farmwell Station MS";"Apr 13, 2026, 04:00:00";"16";"0.53";"0.26";"11.54";"4.22"
"Farmwell Station MS";"Apr 13, 2026, 03:00:00";"16";"0.51";"0.26";"10.22";"3.84"
"Farmwell Station MS";"Apr 13, 2026, 02:00:00";"16";"1.14";"0.27";"9.1";"3.88"
"Farmwell Station MS";"Apr 13, 2026, 01:00:00";"16";"2.03";"0.27";"7.74";"3.46"
"Farmwell Station MS";"Apr 13, 2026, 00:00:00";"16";"2.85";"0.28";"6.9";"3.11"
"Farmwell Station MS";"Apr 12, 2026, 23:00:00";"17";"2.5";"0.28";"7.46";"2.62"
"Farmwell Station MS";"Apr 12, 2026, 22:00:00";"18";"0.59";"0.27";"9.47";"2.88"
"Farmwell Station MS";"Apr 12, 2026, 21:00:00";"18";"0.07";"0.28";"11.12";"2.5"
"Farmwell Station MS";"Apr 12, 2026, 20:00:00";"18";"0.06";"0.29";"11.33";"2.49"
"Farmwell Station MS";"Apr 12, 2026, 19:00:00";"18";"0.02";"0.31";"4.76";"2.67"
"Farmwell Station MS";"Apr 12, 2026, 18:00:00";"18";"0";"0.31";"1.53";"2.52"
"Farmwell Station MS";"Apr 12, 2026, 17:00:00";"18";"0";"0.31";"0";"2.53"
"Farmwell Station MS";"Apr 12, 2026, 16:00:00";"18";"0";"0.3";"0";"2.78"
"Farmwell Station MS";"Apr 12, 2026, 15:00:00";"18";"0";"0.3";"0";"2.7"
"Farmwell Station MS";"Apr 12, 2026, 14:00:00";"18";"0";"0.31";"0";"3"
"Farmwell Station MS";"Apr 12, 2026, 13:00:00";"18";"0";"0.3";"0.08";"3.29"
"Farmwell Station MS";"Apr 12, 2026, 12:00:00";"18";"0";"0.31";"4.7";"3.71"
"Farmwell Station MS";"Apr 12, 2026, 11:00:00";"19";"0";"0.33";"12.64";"5.35"
"Farmwell Station MS";"Apr 12, 2026, 10:00:00";"18";"0";"0.34";"13.8";"5.78"
"Farmwell Station MS";"Apr 12, 2026, 09:00:00";"18";"1.01";"0.3";"10.54";"5.07"
"Farmwell Station MS";"Apr 12, 2026, 08:00:00";"18";"0.87";"0.23";"10.19";"4.36"
"Farmwell Station MS";"Apr 12, 2026, 07:00:00";"18";"0.16";"0.19";"9.1";"4.4"
"Farmwell Station MS";"Apr 12, 2026, 06:00:00";"18";"0.04";"0.18";"8.93";"5.24"
"Farmwell Station MS";"Apr 12, 2026, 05:00:00";"19";"0";"0.19";"8.26";"5.46"
"Farmwell Station MS";"Apr 12, 2026, 04:00:00";"19";"0.51";"0.19";"8.27";"4.65"
"Farmwell Station MS";"Apr 12, 2026, 03:00:00";"19";"1.45";"0.22";"9.06";"5.24"
"Farmwell Station MS";"Apr 12, 2026, 02:00:00";"19";"1.49";"0.24";"8.44";"5.16"
"Farmwell Station MS";"Apr 12, 2026, 01:00:00";"20";"4.29";"0.29";"7.83";"4.55"
"Farmwell Station MS";"Apr 12, 2026, 00:00:00";"20";"4.34";"0.32";"7.1";"5.41"
"Farmwell Station MS";"Apr 11, 2026, 23:00:00";"20";"4.27";"0.41";"6.66";"6.91"
"Farmwell Station MS";"Apr 11, 2026, 22:00:00";"20";"2.44";"0.32";"5.63";"6.3"
"Farmwell Station MS";"Apr 11, 2026, 21:00:00";"20";"0";"0.25";"7.18";"2.61"
"Farmwell Station MS";"Apr 11, 2026, 20:00:00";"21";"0";"0.28";"4.76";"2.28"
"Farmwell Station MS";"Apr 11, 2026, 19:00:00";"22";"0";"0.28";"1.51";"2.17"
"Farmwell Station MS";"Apr 11, 2026, 18:00:00";"22";"0";"0.28";"0.45";"2.17"
"Farmwell Station MS";"Apr 11, 2026, 17:00:00";"23";"0";"0.27";"0";"2.03"
"Farmwell Station MS";"Apr 11, 2026, 16:00:00";"23";"0";"0.27";"5.22";"2.66"
"Farmwell Station MS";"Apr 11, 2026, 15:00:00";"24";"0";"0.3";"0";"2.88"
"Farmwell Station MS";"Apr 11, 2026, 14:00:00";"24";"0";"0.29";"0";"4"
"Farmwell Station MS";"Apr 11, 2026, 13:00:00";"25";"0";"0.28";"0.09";"4.92"
"Farmwell Station MS";"Apr 11, 2026, 12:00:00";"26";"0";"0.28";"5.98";"4.65"
"Farmwell Station MS";"Apr 11, 2026, 11:00:00";"27";"0";"0.28";"9.96";"4.22"
"Farmwell Station MS";"Apr 11, 2026, 10:00:00";"28";"0";"0.27";"8.39";"5.52"
"Farmwell Station MS";"Apr 11, 2026, 09:00:00";"30";"0";"0.28";"7.03";"5.18"
"Farmwell Station MS";"Apr 11, 2026, 08:00:00";"31";"0.02";"0.29";"8.98";"4.01"
"Farmwell Station MS";"Apr 11, 2026, 07:00:00";"32";"0.16";"0.27";"9.89";"4.98"
"Farmwell Station MS";"Apr 11, 2026, 06:00:00";"33";"0.24";"0.28";"8.36";"5.82"
"Farmwell Station MS";"Apr 11, 2026, 05:00:00";"34";"0.67";"0.3";"6.28";"6.46"
"Farmwell Station MS";"Apr 11, 2026, 04:00:00";"35";"2.41";"0.32";"6";"7"
"Farmwell Station MS";"Apr 11, 2026, 03:00:00";"35";"1.88";"0.3";"6.02";"7.42"
"Farmwell Station MS";"Apr 11, 2026, 02:00:00";"35";"0";"0.32";"7.79";"7.68"
"Farmwell Station MS";"Apr 11, 2026, 01:00:00";"36";"0";"0.3";"8.59";"6.01"
"Farmwell Station MS";"Apr 11, 2026, 00:00:00";"36";"0.03";"0.32";"8.87";"5.96"
"Farmwell Station MS";"Apr 10, 2026, 23:00:00";"36";"3";"0.35";"9.13";"6.73"
"Farmwell Station MS";"Apr 10, 2026, 22:00:00";"36";"2.64";"0.36";"5.61";"6.72"
"Farmwell Station MS";"Apr 10, 2026, 21:00:00";"37";"0.33";"0.34";"0.43";"6.43"
"Farmwell Station MS";"Apr 10, 2026, 20:00:00";"39";"0";"0.33";"0";"5.84"
"Farmwell Station MS";"Apr 10, 2026, 19:00:00";"39";"0.07";"0.32";"0";"5.49"
"Farmwell Station MS";"Apr 10, 2026, 18:00:00";"39";"0";"0.31";"0";"4.9"
"Farmwell Station MS";"Apr 10, 2026, 17:00:00";"39";"0";"0.31";"0";"5.5"
"Farmwell Station MS";"Apr 10, 2026, 16:00:00";"39";"0";"0.31";"0";"5.78"
"Farmwell Station MS";"Apr 10, 2026, 15:00:00";"39";"0";"0.3";"0";"6.63"
"Farmwell Station MS";"Apr 10, 2026, 14:00:00";"38";"0";"0.3";"0";"7.41"
"Farmwell Station MS";"Apr 10, 2026, 13:00:00";"38";"0";"0.31";"0";"8.32"
"Farmwell Station MS";"Apr 10, 2026, 12:00:00";"37";"0";"0.33";"3.2";"10.94"
"Farmwell Station MS";"Apr 10, 2026, 11:00:00";"37";"0.17";"0.33";"9.02";"13.6"
"Farmwell Station MS";"Apr 10, 2026, 10:00:00";"36";"1.03";"0.26";"5.41";"12.97"
"Farmwell Station MS";"Apr 10, 2026, 09:00:00";"35";"3.84";"0.21";"6.28";"12.61"
"Farmwell Station MS";"Apr 10, 2026, 08:00:00";"34";"6.38";"0.18";"5.45";"11.22"
"Farmwell Station MS";"Apr 10, 2026, 07:00:00";"34";"6.13";"0.16";"4.72";"11.2"
"Farmwell Station MS";"Apr 10, 2026, 06:00:00";"33";"3.41";"0.13";"3.59";"10.7"
"Farmwell Station MS";"Apr 10, 2026, 05:00:00";"32";"2.25";"0.13";"2.85";"9.87"
"Farmwell Station MS";"Apr 10, 2026, 04:00:00";"32";"2.11";"0.14";"2.22";"9.34"
"Farmwell Station MS";"Apr 10, 2026, 03:00:00";"31";"2.26";"0.15";"1.62";"9.11"
"Farmwell Station MS";"Apr 10, 2026, 02:00:00";"30";"3.09";"0.17";"0.56";"8.58"
"Farmwell Station MS";"Apr 10, 2026, 01:00:00";"30";"3.38";"0.18";"0";"7.78"
"Farmwell Station MS";"Apr 10, 2026, 00:00:00";"30";"2.29";"0.18";"0";"6.93"
"Farmwell Station MS";"Apr 9, 2026, 23:00:00";"31";"3.6";"0.21";"0";"7.81"
"Farmwell Station MS";"Apr 9, 2026, 22:00:00";"32";"2.31";"0.23";"0";"11.43"
"Farmwell Station MS";"Apr 9, 2026, 21:00:00";"31";"1.72";"0.25";"0.01";"17.49"
"Farmwell Station MS";"Apr 9, 2026, 20:00:00";"29";"0.07";"0.25";"0.02";"6.16"
"Farmwell Station MS";"Apr 9, 2026, 19:00:00";"29";"3.36";"0.28";"0.23";"5.13"
"Farmwell Station MS";"Apr 9, 2026, 18:00:00";"30";"12.36";"0.29";"0.29";"5.22"
"Farmwell Station MS";"Apr 9, 2026, 17:00:00";"30";"0";"0.26";"0";"4.79"
"Farmwell Station MS";"Apr 9, 2026, 16:00:00";"31";"0";"0.26";"0";"4.59"
"Farmwell Station MS";"Apr 9, 2026, 15:00:00";"31";"0";"0.27";"0";"4.82"
"Farmwell Station MS";"Apr 9, 2026, 14:00:00";"31";"0";"0.27";"0";"5.2"
"Farmwell Station MS";"Apr 9, 2026, 13:00:00";"32";"0";"0.25";"0.52";"5.33"
"Farmwell Station MS";"Apr 9, 2026, 12:00:00";"32";"0";"0.23";"1.52";"6.89"
"Farmwell Station MS";"Apr 9, 2026, 11:00:00";"32";"0.47";"0.21";"1.89";"8.09"
"Farmwell Station MS";"Apr 9, 2026, 10:00:00";"31";"2.32";"0.17";"1.59";"9.57"
"Farmwell Station MS";"Apr 9, 2026, 09:00:00";"30";"3.18";"0.13";"1.24";"8.09"
"Farmwell Station MS";"Apr 9, 2026, 08:00:00";"30";"4.25";"0.1";"0.65";"6.64"
"Farmwell Station MS";"Apr 9, 2026, 07:00:00";"30";"3.81";"0.09";"0.06";"7.15"
"Farmwell Station MS";"Apr 9, 2026, 06:00:00";"31";"3.79";"0.09";"0";"6.88"
"Farmwell Station MS";"Apr 9, 2026, 05:00:00";"31";"3.77";"0.09";"0";"7.01"
"Farmwell Station MS";"Apr 9, 2026, 04:00:00";"30";"3.24";"0.11";"0";"5.74"
"Farmwell Station MS";"Apr 9, 2026, 03:00:00";"30";"3.51";"0.11";"0";"5.03"
"Farmwell Station MS";"Apr 9, 2026, 02:00:00";"29";"4.23";"0.12";"0";"6.22"
"Farmwell Station MS";"Apr 9, 2026, 01:00:00";"29";"4.77";"0.13";"0";"9.33"
"Farmwell Station MS";"Apr 9, 2026, 00:00:00";"28";"4.78";"0.15";"0";"11.04"
"Farmwell Station MS";"Apr 8, 2026, 23:00:00";"26";"4.78";"0.16";"0";"10.99"
"Farmwell Station MS";"Apr 8, 2026, 22:00:00";"25";"3.66";"0.16";"0";"9.58"
"Farmwell Station MS";"Apr 8, 2026, 21:00:00";"24";"4.12";"0.17";"0";"6.26"
"Farmwell Station MS";"Apr 8, 2026, 20:00:00";"23";"1.91";"0.19";"0";"6.74"
"Farmwell Station MS";"Apr 8, 2026, 19:00:00";"23";"0.49";"0.21";"0";"7.4"
"Farmwell Station MS";"Apr 8, 2026, 18:00:00";"22";"0.15";"0.23";"0";"7.79"
"Farmwell Station MS";"Apr 8, 2026, 17:00:00";"22";"0";"0.25";"0";"7.01"
"Farmwell Station MS";"Apr 8, 2026, 16:00:00";"21";"0";"0.28";"0";"7.68"
"Farmwell Station MS";"Apr 8, 2026, 15:00:00";"21";"0";"0.26";"0.63";"6.63"
"Farmwell Station MS";"Apr 8, 2026, 14:00:00";"20";"0";"0.28";"0";"7.81"
"Farmwell Station MS";"Apr 8, 2026, 13:00:00";"19";"0";"0.26";"0";"7.52"
"Farmwell Station MS";"Apr 8, 2026, 12:00:00";"19";"0";"0.26";"0.81";"6.34"
"Farmwell Station MS";"Apr 8, 2026, 11:00:00";"19";"6.66";"0.45";"0.73";"2.29"
"Farmwell Station MS";"Apr 8, 2026, 10:00:00";"19";"4.68";"0.18";"1.08";"4.94"
"Farmwell Station MS";"Apr 8, 2026, 09:00:00";"19";"7.31";"0.14";"0";"5.7"
"Farmwell Station MS";"Apr 8, 2026, 08:00:00";"19";"17.21";"0.14";"0";"8.37"
"Farmwell Station MS";"Apr 8, 2026, 07:00:00";"22";"22.38";"0.13";"0";"10.79"
"Farmwell Station MS";"Apr 8, 2026, 06:00:00";"17";"13.83";"0.11";"0";"4.85"
"Farmwell Station MS";"Apr 8, 2026, 05:00:00";"17";"12.06";"0.1";"0";"4.3"
"Farmwell Station MS";"Apr 8, 2026, 04:00:00";"17";"9.61";"0.1";"0";"3.97"
"Farmwell Station MS";"Apr 8, 2026, 03:00:00";"17";"7.94";"0.12";"0";"3.01"
"Farmwell Station MS";"Apr 8, 2026, 02:00:00";"17";"7.14";"0.12";"0";"2.9"
"Farmwell Station MS";"Apr 8, 2026, 01:00:00";"18";"6.39";"0.13";"0";"2.97"
"Farmwell Station MS";"Apr 8, 2026, 00:00:00";"18";"5.78";"0.14";"0";"3.14"