sep=;
"Location";"Date";"AQI";"NO2 (ppb)";"CO (ppm)";"VOCs (ppb)";"PM2.5 (µg/m³)"
"Steuart Weller ES";"Jun 17, 2026, 10:00:00";"24";"4.2";"0.18";"173.94";"4.76"
"Steuart Weller ES";"Jun 17, 2026, 09:00:00";"23";"8.23";"0.19";"206.74";"4.49"
"Steuart Weller ES";"Jun 17, 2026, 08:00:00";"20";"8.36";"0.2";"245.42";"3.33"
"Steuart Weller ES";"Jun 17, 2026, 07:00:00";"21";"9.43";"0.17";"223.33";"3.66"
"Steuart Weller ES";"Jun 17, 2026, 06:00:00";"21";"6.76";"0.13";"186.19";"4.76"
"Steuart Weller ES";"Jun 17, 2026, 05:00:00";"15";"5.73";"0.12";"171.09";"3.14"
"Steuart Weller ES";"Jun 17, 2026, 04:00:00";"13";"6.99";"0.13";"163.61";"2.62"
"Steuart Weller ES";"Jun 17, 2026, 03:00:00";"11";"7.46";"0.14";"146.5";"2.21"
"Steuart Weller ES";"Jun 17, 2026, 02:00:00";"10";"5.98";"0.14";"117.37";"1.81"
"Steuart Weller ES";"Jun 17, 2026, 01:00:00";"9";"5.79";"0.15";"89.17";"1.54"
"Steuart Weller ES";"Jun 17, 2026, 00:00:00";"9";"5.94";"0.17";"69.5";"1.79"
"Steuart Weller ES";"Jun 16, 2026, 23:00:00";"9";"6.37";"0.18";"46.57";"1.85"
"Steuart Weller ES";"Jun 16, 2026, 22:00:00";"8";"6.11";"0.18";"37.64";"1.65"
"Steuart Weller ES";"Jun 16, 2026, 21:00:00";"7";"3.78";"0.15";"29.61";"1.34"
"Steuart Weller ES";"Jun 16, 2026, 20:00:00";"7";"2.98";"0.16";"29.27";"1.17"
"Steuart Weller ES";"Jun 16, 2026, 19:00:00";"7";"1.48";"0.17";"26.31";"1.33"
"Steuart Weller ES";"Jun 16, 2026, 18:00:00";"7";"1.09";"0.16";"23.67";"1.04"
"Steuart Weller ES";"Jun 16, 2026, 17:00:00";"7";"1.29";"0.15";"16.48";"1.16"
"Steuart Weller ES";"Jun 16, 2026, 16:00:00";"7";"1.28";"0.13";"11.88";"1.15"
"Steuart Weller ES";"Jun 16, 2026, 15:00:00";"7";"1.29";"0.12";"16.31";"1.25"
"Steuart Weller ES";"Jun 16, 2026, 14:00:00";"6";"0";"0.11";"12.87";"1.14"
"Steuart Weller ES";"Jun 16, 2026, 13:00:00";"5";"0";"0.1";"14.44";"1.04"
"Steuart Weller ES";"Jun 16, 2026, 12:00:00";"5";"0";"0.08";"13.77";"0.91"
"Steuart Weller ES";"Jun 16, 2026, 11:00:00";"5";"0.17";"0.08";"17.5";"0.9"
"Steuart Weller ES";"Jun 16, 2026, 10:00:00";"5";"0.96";"0.07";"30.61";"0.85"
"Steuart Weller ES";"Jun 16, 2026, 09:00:00";"7";"3.79";"0.11";"58.34";"0.99"
"Steuart Weller ES";"Jun 16, 2026, 08:00:00";"8";"8.82";"0.14";"81.8";"1.13"
"Steuart Weller ES";"Jun 16, 2026, 07:00:00";"8";"6.87";"0.05";"79.72";"1.33"
"Steuart Weller ES";"Jun 16, 2026, 06:00:00";"9";"5.47";"0.01";"66.51";"1.84"
"Steuart Weller ES";"Jun 16, 2026, 05:00:00";"8";"4.43";"0.01";"54.96";"1.42"
"Steuart Weller ES";"Jun 16, 2026, 04:00:00";"7";"4.05";"0.03";"48.83";"1.15"
"Steuart Weller ES";"Jun 16, 2026, 03:00:00";"8";"4.42";"0.06";"44.56";"1.1"
"Steuart Weller ES";"Jun 16, 2026, 02:00:00";"9";"4.93";"0.11";"45.52";"1.04"
"Steuart Weller ES";"Jun 16, 2026, 01:00:00";"13";"5.12";"0.13";"49.91";"1.45"
"Steuart Weller ES";"Jun 16, 2026, 00:00:00";"18";"5.01";"0.13";"55.46";"2.35"
"Steuart Weller ES";"Jun 15, 2026, 23:00:00";"25";"5.07";"0.14";"55.73";"3.82"
"Steuart Weller ES";"Jun 15, 2026, 22:00:00";"21";"4.63";"0.15";"50.1";"4.23"
"Steuart Weller ES";"Jun 15, 2026, 21:00:00";"18";"3.83";"0.14";"36.24";"3.38"
"Steuart Weller ES";"Jun 15, 2026, 20:00:00";"18";"3.1";"0.15";"30.5";"3.55"
"Steuart Weller ES";"Jun 15, 2026, 19:00:00";"15";"1.92";"0.16";"32.2";"2.98"
"Steuart Weller ES";"Jun 15, 2026, 18:00:00";"13";"2.63";"0.17";"35.63";"2.43"
"Steuart Weller ES";"Jun 15, 2026, 17:00:00";"13";"2.01";"0.16";"32.92";"2.54"
"Steuart Weller ES";"Jun 15, 2026, 16:00:00";"12";"1.13";"0.15";"31.2";"2.1"
"Steuart Weller ES";"Jun 15, 2026, 15:00:00";"12";"0.29";"0.14";"31.64";"1.62"
"Steuart Weller ES";"Jun 15, 2026, 14:00:00";"15";"0.47";"0.15";"37.79";"1.7"
"Steuart Weller ES";"Jun 15, 2026, 13:00:00";"20";"0.55";"0.14";"43.19";"2.77"
"Steuart Weller ES";"Jun 15, 2026, 12:00:00";"25";"1.45";"0.19";"51.01";"4.22"
"Steuart Weller ES";"Jun 15, 2026, 11:00:00";"26";"1.31";"0.14";"57.79";"4.45"
"Steuart Weller ES";"Jun 15, 2026, 10:00:00";"28";"2.44";"0.13";"69.35";"6.3"
"Steuart Weller ES";"Jun 15, 2026, 09:00:00";"20";"3.72";"0.13";"88.7";"4.47"
"Steuart Weller ES";"Jun 15, 2026, 08:00:00";"14";"4.86";"0.12";"107.29";"3.48"
"Steuart Weller ES";"Jun 15, 2026, 07:00:00";"9";"5.07";"0.11";"126.14";"2.08"
"Steuart Weller ES";"Jun 15, 2026, 06:00:00";"7";"5.01";"0.1";"140.83";"1.17"
"Steuart Weller ES";"Jun 15, 2026, 05:00:00";"7";"5";"0.1";"146.86";"1.08"
"Steuart Weller ES";"Jun 15, 2026, 04:00:00";"8";"4.23";"0.1";"143.26";"1.2"
"Steuart Weller ES";"Jun 15, 2026, 03:00:00";"9";"3.35";"0.13";"182.1";"1.02"
"Steuart Weller ES";"Jun 15, 2026, 02:00:00";"13";"4.11";"0.14";"217.78";"0.81"
"Steuart Weller ES";"Jun 15, 2026, 01:00:00";"21";"2.28";"0.15";"199.42";"1.08"
"Steuart Weller ES";"Jun 15, 2026, 00:00:00";"35";"3.16";"0.23";"271.48";"5.33"
"Steuart Weller ES";"Jun 14, 2026, 23:00:00";"41";"1.53";"0.24";"241.21";"6.31"
"Steuart Weller ES";"Jun 14, 2026, 22:00:00";"47";"0.04";"0.26";"238.81";"7.13"
"Steuart Weller ES";"Jun 14, 2026, 21:00:00";"53";"0";"0.28";"236.39";"9.64"
"Steuart Weller ES";"Jun 14, 2026, 20:00:00";"53";"0";"0.28";"217.9";"10.4"
"Steuart Weller ES";"Jun 14, 2026, 19:00:00";"51";"0";"0.28";"200.09";"10.28"
"Steuart Weller ES";"Jun 14, 2026, 18:00:00";"44";"0";"0.26";"177.73";"8.58"
"Steuart Weller ES";"Jun 14, 2026, 17:00:00";"41";"0";"0.25";"174.93";"7.67"
"Steuart Weller ES";"Jun 14, 2026, 16:00:00";"39";"0";"0.25";"172.57";"7.46"
"Steuart Weller ES";"Jun 14, 2026, 15:00:00";"37";"0";"0.22";"159.72";"7.09"
"Steuart Weller ES";"Jun 14, 2026, 14:00:00";"35";"0";"0.22";"168.07";"7.13"
"Steuart Weller ES";"Jun 14, 2026, 13:00:00";"30";"0";"0.22";"182.65";"5.49"
"Steuart Weller ES";"Jun 14, 2026, 12:00:00";"30";"0";"0.19";"180.63";"4.39"
"Steuart Weller ES";"Jun 14, 2026, 11:00:00";"35";"0";"0.24";"246.52";"6.47"
"Steuart Weller ES";"Jun 14, 2026, 10:00:00";"34";"0.28";"0.27";"302.88";"7.8"
"Steuart Weller ES";"Jun 14, 2026, 09:00:00";"25";"2.7";"0.23";"345.42";"4.57"
"Steuart Weller ES";"Jun 14, 2026, 08:00:00";"25";"3.52";"0.23";"380.45";"4.76"
"Steuart Weller ES";"Jun 14, 2026, 07:00:00";"24";"3.76";"0.22";"346.04";"4.32"
"Steuart Weller ES";"Jun 14, 2026, 06:00:00";"23";"3.62";"0.21";"319.51";"3.9"
"Steuart Weller ES";"Jun 14, 2026, 05:00:00";"24";"2.87";"0.19";"288.7";"4.89"
"Steuart Weller ES";"Jun 14, 2026, 04:00:00";"22";"2.63";"0.19";"260.8";"4.08"
"Steuart Weller ES";"Jun 14, 2026, 03:00:00";"20";"3.29";"0.2";"229.47";"3.78"
"Steuart Weller ES";"Jun 14, 2026, 02:00:00";"19";"2.88";"0.21";"198.12";"3.68"
"Steuart Weller ES";"Jun 14, 2026, 01:00:00";"17";"2.58";"0.22";"174.08";"3.32"
"Steuart Weller ES";"Jun 14, 2026, 00:00:00";"16";"2.88";"0.26";"154.72";"3.17"
"Steuart Weller ES";"Jun 13, 2026, 23:00:00";"14";"2.06";"0.28";"129.63";"2.73"
"Steuart Weller ES";"Jun 13, 2026, 22:00:00";"14";"1.81";"0.28";"108.85";"2.86"
"Steuart Weller ES";"Jun 13, 2026, 21:00:00";"12";"0.03";"0.28";"96.23";"2.36"
"Steuart Weller ES";"Jun 13, 2026, 20:00:00";"12";"0";"0.25";"82.31";"2.47"
"Steuart Weller ES";"Jun 13, 2026, 19:00:00";"10";"0";"0.24";"81.56";"1.85"
"Steuart Weller ES";"Jun 13, 2026, 18:00:00";"10";"0";"0.25";"82.01";"1.91"
"Steuart Weller ES";"Jun 13, 2026, 17:00:00";"10";"0";"0.23";"74.77";"1.74"
"Steuart Weller ES";"Jun 13, 2026, 16:00:00";"12";"0";"0.22";"81.58";"1.89"
"Steuart Weller ES";"Jun 13, 2026, 15:00:00";"12";"0";"0.23";"96.27";"2.27"
"Steuart Weller ES";"Jun 13, 2026, 14:00:00";"12";"0";"0.2";"93.23";"2.16"
"Steuart Weller ES";"Jun 13, 2026, 13:00:00";"11";"0";"0.18";"95.64";"1.69"
"Steuart Weller ES";"Jun 13, 2026, 12:00:00";"12";"0";"0.17";"106.37";"1.93"
"Steuart Weller ES";"Jun 13, 2026, 11:00:00";"14";"0";"0.14";"114.72";"1.83"
"Steuart Weller ES";"Jun 13, 2026, 10:00:00";"17";"0";"0.16";"160.36";"2.57"
"Steuart Weller ES";"Jun 13, 2026, 09:00:00";"19";"0.73";"0.17";"241.98";"3.32"
"Steuart Weller ES";"Jun 13, 2026, 08:00:00";"20";"3.75";"0.18";"329.88";"2.92"
"Steuart Weller ES";"Jun 13, 2026, 07:00:00";"24";"2.89";"0.14";"379.13";"4.26"
"Steuart Weller ES";"Jun 13, 2026, 06:00:00";"24";"2.23";"0.12";"353.19";"4.43"
"Steuart Weller ES";"Jun 13, 2026, 05:00:00";"23";"1.65";"0.12";"328.64";"3.98"
"Steuart Weller ES";"Jun 13, 2026, 04:00:00";"24";"1.43";"0.12";"314.14";"3.49"
"Steuart Weller ES";"Jun 13, 2026, 03:00:00";"29";"1.15";"0.16";"451.25";"3.34"
"Steuart Weller ES";"Jun 13, 2026, 02:00:00";"39";"0.21";"0.22";"643.05";"7.99"
"Steuart Weller ES";"Jun 13, 2026, 01:00:00";"33";"1.03";"0.24";"672.22";"6.75"
"Steuart Weller ES";"Jun 13, 2026, 00:00:00";"30";"2.78";"0.26";"638.82";"6.1"
"Steuart Weller ES";"Jun 12, 2026, 23:00:00";"28";"3.92";"0.26";"566.95";"5.2"
"Steuart Weller ES";"Jun 12, 2026, 22:00:00";"27";"3.97";"0.26";"470.68";"4.98"
"Steuart Weller ES";"Jun 12, 2026, 21:00:00";"25";"6.11";"0.25";"349.32";"4.29"
"Steuart Weller ES";"Jun 12, 2026, 20:00:00";"27";"3.34";"0.21";"257.66";"4.27"
"Steuart Weller ES";"Jun 12, 2026, 19:00:00";"29";"0";"0.32";"251";"5.13"
"Steuart Weller ES";"Jun 12, 2026, 18:00:00";"30";"0";"0.34";"251.95";"5.86"
"Steuart Weller ES";"Jun 12, 2026, 17:00:00";"28";"0.1";"0.28";"194.81";"3.92"
"Steuart Weller ES";"Jun 12, 2026, 16:00:00";"33";"0";"0.3";"217.24";"5.38"
"Steuart Weller ES";"Jun 12, 2026, 15:00:00";"36";"0";"0.32";"241.25";"6.21"
"Steuart Weller ES";"Jun 12, 2026, 14:00:00";"37";"0";"0.28";"237.14";"6"
"Steuart Weller ES";"Jun 12, 2026, 13:00:00";"42";"0";"0.28";"277.87";"7.03"
"Steuart Weller ES";"Jun 12, 2026, 12:00:00";"43";"0";"0.26";"317.86";"7.41"
"Steuart Weller ES";"Jun 12, 2026, 11:00:00";"45";"0";"0.26";"392.01";"9.68"
"Steuart Weller ES";"Jun 12, 2026, 10:00:00";"37";"0";"0.27";"465.7";"8.12"
"Steuart Weller ES";"Jun 12, 2026, 09:00:00";"28";"1.82";"0.27";"560.95";"5.62"
"Steuart Weller ES";"Jun 12, 2026, 08:00:00";"25";"4.51";"0.25";"685.31";"4.5"
"Steuart Weller ES";"Jun 12, 2026, 07:00:00";"25";"1.97";"0.2";"666.34";"3.71"
"Steuart Weller ES";"Jun 12, 2026, 06:00:00";"29";"1.01";"0.16";"623.45";"5.06"
"Steuart Weller ES";"Jun 12, 2026, 05:00:00";"29";"1.31";"0.16";"621.69";"5.12"
"Steuart Weller ES";"Jun 12, 2026, 04:00:00";"29";"1.78";"0.16";"608.27";"4.76"
"Steuart Weller ES";"Jun 12, 2026, 03:00:00";"33";"2.11";"0.17";"622.51";"5.15"
"Steuart Weller ES";"Jun 12, 2026, 02:00:00";"37";"2.31";"0.19";"655.48";"6.76"
"Steuart Weller ES";"Jun 12, 2026, 01:00:00";"35";"3.15";"0.2";"628.18";"6.56"
"Steuart Weller ES";"Jun 12, 2026, 00:00:00";"34";"4.28";"0.21";"579.36";"5.44"
"Steuart Weller ES";"Jun 11, 2026, 23:00:00";"37";"4.42";"0.22";"520.57";"6.18"
"Steuart Weller ES";"Jun 11, 2026, 22:00:00";"40";"4.69";"0.24";"428.27";"6.51"
"Steuart Weller ES";"Jun 11, 2026, 21:00:00";"44";"6.59";"0.21";"276.42";"6.38"
"Steuart Weller ES";"Jun 11, 2026, 20:00:00";"53";"0.04";"0.26";"211.74";"8.68"
"Steuart Weller ES";"Jun 11, 2026, 19:00:00";"54";"0";"0.31";"235.83";"9.07"
"Steuart Weller ES";"Jun 11, 2026, 18:00:00";"56";"0";"0.33";"263.34";"11.39"
"Steuart Weller ES";"Jun 11, 2026, 17:00:00";"56";"0";"0.32";"267.29";"11.39"
"Steuart Weller ES";"Jun 11, 2026, 16:00:00";"56";"0";"0.32";"272.46";"10.5"
"Steuart Weller ES";"Jun 11, 2026, 15:00:00";"57";"0";"0.32";"303.21";"11.12"
"Steuart Weller ES";"Jun 11, 2026, 14:00:00";"59";"0";"0.31";"326.21";"12.64"
"Steuart Weller ES";"Jun 11, 2026, 13:00:00";"60";"0";"0.3";"355.53";"14.6"
"Steuart Weller ES";"Jun 11, 2026, 12:00:00";"59";"0";"0.27";"355.49";"13.78"
"Steuart Weller ES";"Jun 11, 2026, 11:00:00";"57";"0";"0.24";"381.62";"14.41"
"Steuart Weller ES";"Jun 11, 2026, 10:00:00";"53";"0";"0.23";"433.6";"12.99"
"Steuart Weller ES";"Jun 11, 2026, 09:00:00";"41";"0";"0.27";"525.66";"9.28"
"Steuart Weller ES";"Jun 11, 2026, 08:00:00";"30";"0.69";"0.23";"680.24";"6.07"
"Steuart Weller ES";"Jun 11, 2026, 07:00:00";"28";"2.83";"0.21";"756.79";"4.69"
"Steuart Weller ES";"Jun 11, 2026, 06:00:00";"28";"2.18";"0.19";"765.37";"5.43"
"Steuart Weller ES";"Jun 11, 2026, 05:00:00";"28";"1.69";"0.18";"751.36";"5.26"
"Steuart Weller ES";"Jun 11, 2026, 04:00:00";"27";"2.19";"0.18";"726.82";"4.9"
"Steuart Weller ES";"Jun 11, 2026, 03:00:00";"26";"2.03";"0.18";"689.68";"4.88"
"Steuart Weller ES";"Jun 11, 2026, 02:00:00";"25";"1.92";"0.18";"638.26";"4.76"
"Steuart Weller ES";"Jun 11, 2026, 01:00:00";"23";"4.18";"0.19";"615.58";"3.71"
"Steuart Weller ES";"Jun 11, 2026, 00:00:00";"25";"1.66";"0.21";"617.45";"3.92"
"Steuart Weller ES";"Jun 10, 2026, 23:00:00";"28";"2.77";"0.23";"612.92";"5.07"
"Steuart Weller ES";"Jun 10, 2026, 22:00:00";"28";"1.96";"0.21";"461.45";"5.56"
"Steuart Weller ES";"Jun 10, 2026, 21:00:00";"25";"0";"0.21";"485.22";"5.03"
"Steuart Weller ES";"Jun 10, 2026, 20:00:00";"23";"0.54";"0.23";"504.71";"4.21"
"Steuart Weller ES";"Jun 10, 2026, 19:00:00";"22";"0.13";"0.23";"497.76";"3.71"
"Steuart Weller ES";"Jun 10, 2026, 18:00:00";"24";"3.08";"0.29";"587.42";"2.91"
"Steuart Weller ES";"Jun 10, 2026, 17:00:00";"32";"6.9";"0.21";"551.77";"3.19"
"Steuart Weller ES";"Jun 10, 2026, 16:00:00";"45";"4.33";"0.11";"340.34";"3.35"
"Steuart Weller ES";"Jun 10, 2026, 15:00:00";"59";"0";"0.22";"355.04";"12.98"
"Steuart Weller ES";"Jun 10, 2026, 14:00:00";"58";"0";"0.25";"400.45";"13.47"
"Steuart Weller ES";"Jun 10, 2026, 13:00:00";"57";"0";"0.24";"418.2";"12.84"
"Steuart Weller ES";"Jun 10, 2026, 12:00:00";"56";"0.17";"0.27";"462.83";"12.6"
"Steuart Weller ES";"Jun 10, 2026, 11:00:00";"54";"2.51";"0.25";"522.16";"10.95"
"Steuart Weller ES";"Jun 10, 2026, 10:00:00";"54";"5.25";"0.25";"564.01";"11.03"
"Steuart Weller ES";"Jun 10, 2026, 09:00:00";"53";"6.35";"0.24";"576.55";"11.12"
"Steuart Weller ES";"Jun 10, 2026, 08:00:00";"48";"8.62";"0.22";"495.34";"9.87"
"Steuart Weller ES";"Jun 10, 2026, 07:00:00";"42";"5.31";"0.2";"341.96";"9.04"
"Steuart Weller ES";"Jun 10, 2026, 06:00:00";"32";"6.32";"0.2";"250.85";"6.23"
"Steuart Weller ES";"Jun 10, 2026, 05:00:00";"30";"16.14";"0.2";"231.37";"5.6"
"Steuart Weller ES";"Jun 10, 2026, 04:00:00";"30";"13.79";"0.2";"226.67";"5.74"
"Steuart Weller ES";"Jun 10, 2026, 03:00:00";"29";"10.51";"0.2";"219.49";"5.5"
"Steuart Weller ES";"Jun 10, 2026, 02:00:00";"27";"4.44";"0.2";"196.57";"5.07"
"Steuart Weller ES";"Jun 10, 2026, 01:00:00";"25";"11.42";"0.21";"180.54";"4.6"
"Steuart Weller ES";"Jun 10, 2026, 00:00:00";"25";"9.61";"0.23";"165.91";"4.62"
"Steuart Weller ES";"Jun 9, 2026, 23:00:00";"25";"1.25";"0.21";"151.46";"4.36"
"Steuart Weller ES";"Jun 9, 2026, 22:00:00";"26";"0.8";"0.21";"145.05";"4.15"
"Steuart Weller ES";"Jun 9, 2026, 21:00:00";"29";"0.15";"0.21";"140.08";"4.35"
"Steuart Weller ES";"Jun 9, 2026, 20:00:00";"33";"1.07";"0.22";"135.39";"4.9"
"Steuart Weller ES";"Jun 9, 2026, 19:00:00";"37";"0.03";"0.22";"126.85";"6.25"
"Steuart Weller ES";"Jun 9, 2026, 18:00:00";"38";"0";"0.2";"117.79";"6.3"
"Steuart Weller ES";"Jun 9, 2026, 17:00:00";"41";"0";"0.21";"128.48";"7.33"
"Steuart Weller ES";"Jun 9, 2026, 16:00:00";"41";"0";"0.24";"139.41";"7.93"
"Steuart Weller ES";"Jun 9, 2026, 15:00:00";"38";"0.07";"0.22";"117.54";"7.42"
"Steuart Weller ES";"Jun 9, 2026, 14:00:00";"34";"0.05";"0.21";"106.63";"6.65"
"Steuart Weller ES";"Jun 9, 2026, 13:00:00";"32";"0.25";"0.2";"93.74";"6.5"
"Steuart Weller ES";"Jun 9, 2026, 12:00:00";"26";"0.95";"0.19";"91.31";"4.94"
"Steuart Weller ES";"Jun 9, 2026, 11:00:00";"24";"1.33";"0.17";"85.36";"4.54"
"Steuart Weller ES";"Jun 9, 2026, 10:00:00";"23";"3.44";"0.17";"113.66";"4.5"
"Steuart Weller ES";"Jun 9, 2026, 09:00:00";"21";"4.87";"0.18";"126.41";"4.24"
"Steuart Weller ES";"Jun 9, 2026, 08:00:00";"18";"4.8";"0.2";"117.9";"3.96"
"Steuart Weller ES";"Jun 9, 2026, 07:00:00";"15";"2.76";"0.12";"99";"3.01"
"Steuart Weller ES";"Jun 9, 2026, 06:00:00";"12";"2.21";"0.1";"76.45";"2.21"
"Steuart Weller ES";"Jun 9, 2026, 05:00:00";"12";"1.31";"0.1";"77.98";"2.03"
"Steuart Weller ES";"Jun 9, 2026, 04:00:00";"13";"1.26";"0.11";"85.26";"2.35"
"Steuart Weller ES";"Jun 9, 2026, 03:00:00";"13";"1.32";"0.11";"74.2";"2.16"
"Steuart Weller ES";"Jun 9, 2026, 02:00:00";"13";"0.54";"0.11";"67.33";"2.2"
"Steuart Weller ES";"Jun 9, 2026, 01:00:00";"14";"1.12";"0.13";"79.85";"2.26"
"Steuart Weller ES";"Jun 9, 2026, 00:00:00";"16";"1.29";"0.13";"73.78";"2.2"
"Steuart Weller ES";"Jun 8, 2026, 23:00:00";"20";"1.2";"0.16";"89.29";"3.04"
"Steuart Weller ES";"Jun 8, 2026, 22:00:00";"23";"1.39";"0.18";"104.95";"3.76"
"Steuart Weller ES";"Jun 8, 2026, 21:00:00";"23";"1";"0.18";"105.44";"3.78"
"Steuart Weller ES";"Jun 8, 2026, 20:00:00";"25";"0.3";"0.19";"98.9";"4.09"
"Steuart Weller ES";"Jun 8, 2026, 19:00:00";"26";"0.06";"0.21";"100.82";"4.62"
"Steuart Weller ES";"Jun 8, 2026, 18:00:00";"27";"0";"0.2";"99.49";"5.07"
"Steuart Weller ES";"Jun 8, 2026, 17:00:00";"25";"0";"0.2";"96.82";"4.75"
"Steuart Weller ES";"Jun 8, 2026, 16:00:00";"24";"0.01";"0.2";"97.98";"4.84"
"Steuart Weller ES";"Jun 8, 2026, 15:00:00";"20";"0.02";"0.22";"99.72";"4.42"
"Steuart Weller ES";"Jun 8, 2026, 14:00:00";"18";"0";"0.2";"93.12";"3.33"
"Steuart Weller ES";"Jun 8, 2026, 13:00:00";"18";"0";"0.19";"95.76";"3.09"
"Steuart Weller ES";"Jun 8, 2026, 12:00:00";"18";"0";"0.2";"105.7";"3.35"
"Steuart Weller ES";"Jun 8, 2026, 11:00:00";"18";"0";"0.19";"108.84";"3.59"
"Steuart Weller ES";"Jun 8, 2026, 10:00:00";"17";"0";"0.19";"114.4";"3.02"
"Steuart Weller ES";"Jun 8, 2026, 09:00:00";"17";"0.15";"0.18";"125.59";"2.74"
"Steuart Weller ES";"Jun 8, 2026, 08:00:00";"17";"2.07";"0.17";"143.13";"2.71"
"Steuart Weller ES";"Jun 8, 2026, 07:00:00";"18";"2.97";"0.16";"148.88";"2.87"
"Steuart Weller ES";"Jun 8, 2026, 06:00:00";"19";"2.86";"0.16";"151.39";"3.27"
"Steuart Weller ES";"Jun 8, 2026, 05:00:00";"20";"0.52";"0.14";"142.85";"3.59"
"Steuart Weller ES";"Jun 8, 2026, 04:00:00";"20";"0.27";"0.14";"132.96";"3.64"
"Steuart Weller ES";"Jun 8, 2026, 03:00:00";"19";"0.76";"0.17";"132.75";"3.22"
"Steuart Weller ES";"Jun 8, 2026, 02:00:00";"20";"1.16";"0.21";"140.28";"3.34"
"Steuart Weller ES";"Jun 8, 2026, 01:00:00";"20";"1.32";"0.22";"126.87";"3.54"
"Steuart Weller ES";"Jun 8, 2026, 00:00:00";"22";"0.47";"0.22";"100.37";"3.89"
"Steuart Weller ES";"Jun 7, 2026, 23:00:00";"21";"0.45";"0.23";"74.12";"3.81"
"Steuart Weller ES";"Jun 7, 2026, 22:00:00";"20";"0.49";"0.25";"61.93";"3.98"
"Steuart Weller ES";"Jun 7, 2026, 21:00:00";"18";"0";"0.24";"58.78";"3.42"
"Steuart Weller ES";"Jun 7, 2026, 20:00:00";"18";"0";"0.21";"60.12";"2.87"
"Steuart Weller ES";"Jun 7, 2026, 19:00:00";"19";"0";"0.2";"62.03";"2.96"
"Steuart Weller ES";"Jun 7, 2026, 18:00:00";"22";"0";"0.19";"70.84";"3.23"
"Steuart Weller ES";"Jun 7, 2026, 17:00:00";"24";"0";"0.18";"83.92";"3.94"
"Steuart Weller ES";"Jun 7, 2026, 16:00:00";"27";"0";"0.18";"97.46";"4.01"
"Steuart Weller ES";"Jun 7, 2026, 15:00:00";"32";"0";"0.19";"110.48";"5.1"
"Steuart Weller ES";"Jun 7, 2026, 14:00:00";"34";"0";"0.2";"124.71";"5.28"
"Steuart Weller ES";"Jun 7, 2026, 13:00:00";"39";"0";"0.18";"133.83";"6.23"
"Steuart Weller ES";"Jun 7, 2026, 12:00:00";"44";"0";"0.2";"154.69";"7.55"
"Steuart Weller ES";"Jun 7, 2026, 11:00:00";"45";"0";"0.2";"164.89";"8.91"
"Steuart Weller ES";"Jun 7, 2026, 10:00:00";"41";"0";"0.2";"179.75";"8.72"
"Steuart Weller ES";"Jun 7, 2026, 09:00:00";"33";"0";"0.21";"204";"7.1"
"Steuart Weller ES";"Jun 7, 2026, 08:00:00";"26";"1.14";"0.21";"250.87";"5.3"
"Steuart Weller ES";"Jun 7, 2026, 07:00:00";"23";"1.61";"0.17";"285.39";"4.48"
"Steuart Weller ES";"Jun 7, 2026, 06:00:00";"23";"0.3";"0.14";"257.85";"4.67"
"Steuart Weller ES";"Jun 7, 2026, 05:00:00";"20";"0.84";"0.16";"228.63";"3.7"
"Steuart Weller ES";"Jun 7, 2026, 04:00:00";"20";"0.71";"0.17";"229.86";"3.53"
"Steuart Weller ES";"Jun 7, 2026, 03:00:00";"20";"1.87";"0.18";"224.11";"3.49"
"Steuart Weller ES";"Jun 7, 2026, 02:00:00";"20";"1.01";"0.18";"218.43";"3.27"
"Steuart Weller ES";"Jun 7, 2026, 01:00:00";"22";"0.96";"0.2";"196.22";"3.62"
"Steuart Weller ES";"Jun 7, 2026, 00:00:00";"23";"1.1";"0.2";"168.76";"3.8"
"Steuart Weller ES";"Jun 6, 2026, 23:00:00";"25";"0.65";"0.21";"146.12";"4.25"
"Steuart Weller ES";"Jun 6, 2026, 22:00:00";"25";"0.26";"0.22";"119.73";"4.71"
"Steuart Weller ES";"Jun 6, 2026, 21:00:00";"25";"0.03";"0.22";"101.59";"3.9"
"Steuart Weller ES";"Jun 6, 2026, 20:00:00";"28";"0.15";"0.23";"81.57";"3.79"
"Steuart Weller ES";"Jun 6, 2026, 19:00:00";"34";"0.22";"0.19";"73.81";"5.22"
"Steuart Weller ES";"Jun 6, 2026, 18:00:00";"38";"0";"0.25";"98.18";"6.67"
"Steuart Weller ES";"Jun 6, 2026, 17:00:00";"39";"0";"0.24";"95.46";"6.97"
"Steuart Weller ES";"Jun 6, 2026, 16:00:00";"40";"0";"0.21";"89.05";"6.37"
"Steuart Weller ES";"Jun 6, 2026, 15:00:00";"44";"0";"0.23";"97.76";"6.71"
"Steuart Weller ES";"Jun 6, 2026, 14:00:00";"52";"0";"0.24";"105.16";"11.13"
"Steuart Weller ES";"Jun 6, 2026, 13:00:00";"39";"1.12";"0.22";"110.92";"7.83"
"Steuart Weller ES";"Jun 6, 2026, 12:00:00";"36";"0";"0.19";"87.34";"7.26"
"Steuart Weller ES";"Jun 6, 2026, 11:00:00";"34";"0";"0.2";"103.61";"6.62"
"Steuart Weller ES";"Jun 6, 2026, 10:00:00";"33";"0";"0.2";"116.57";"6.3"
"Steuart Weller ES";"Jun 6, 2026, 09:00:00";"32";"0.69";"0.24";"143.66";"5.86"
"Steuart Weller ES";"Jun 6, 2026, 08:00:00";"32";"2.44";"0.22";"185.29";"4.98"
"Steuart Weller ES";"Jun 6, 2026, 07:00:00";"33";"1.97";"0.2";"191.6";"6.05"
"Steuart Weller ES";"Jun 6, 2026, 06:00:00";"33";"1.19";"0.2";"169.7";"6.48"
"Steuart Weller ES";"Jun 6, 2026, 05:00:00";"32";"1.61";"0.2";"152.56";"5.42"
"Steuart Weller ES";"Jun 6, 2026, 04:00:00";"32";"0.83";"0.22";"136.91";"5.63"
"Steuart Weller ES";"Jun 6, 2026, 03:00:00";"33";"1.14";"0.25";"124.57";"5.82"
"Steuart Weller ES";"Jun 6, 2026, 02:00:00";"33";"1.72";"0.29";"107.42";"5.93"
"Steuart Weller ES";"Jun 6, 2026, 01:00:00";"32";"3.6";"0.3";"81.31";"6.03"
"Steuart Weller ES";"Jun 6, 2026, 00:00:00";"31";"5.11";"0.28";"61.23";"6.5"
"Steuart Weller ES";"Jun 5, 2026, 23:00:00";"28";"4.24";"0.29";"52.19";"5.73"
"Steuart Weller ES";"Jun 5, 2026, 22:00:00";"27";"0.69";"0.26";"47.09";"5.29"
"Steuart Weller ES";"Jun 5, 2026, 21:00:00";"25";"0";"0.25";"49.53";"4.55"
"Steuart Weller ES";"Jun 5, 2026, 20:00:00";"26";"0";"0.25";"55.88";"4.72"
"Steuart Weller ES";"Jun 5, 2026, 19:00:00";"25";"0";"0.25";"55.15";"4.35"
"Steuart Weller ES";"Jun 5, 2026, 18:00:00";"26";"0";"0.25";"55.99";"4.74"
"Steuart Weller ES";"Jun 5, 2026, 17:00:00";"25";"0";"0.25";"56.56";"4.52"
"Steuart Weller ES";"Jun 5, 2026, 16:00:00";"25";"0";"0.24";"54.13";"4.43"
"Steuart Weller ES";"Jun 5, 2026, 15:00:00";"26";"0";"0.24";"56.19";"4.73"
"Steuart Weller ES";"Jun 5, 2026, 14:00:00";"26";"0";"0.22";"62.67";"4.55"
"Steuart Weller ES";"Jun 5, 2026, 13:00:00";"27";"0";"0.19";"61.33";"4.59"
"Steuart Weller ES";"Jun 5, 2026, 12:00:00";"27";"0";"0.18";"61.54";"4.66"
"Steuart Weller ES";"Jun 5, 2026, 11:00:00";"28";"0";"0.18";"59.21";"4.62"
"Steuart Weller ES";"Jun 5, 2026, 10:00:00";"29";"0.25";"0.22";"69.25";"5.75"
"Steuart Weller ES";"Jun 5, 2026, 09:00:00";"26";"4.92";"0.28";"90.72";"5.6"
"Steuart Weller ES";"Jun 5, 2026, 08:00:00";"23";"8.77";"0.27";"146.02";"4.31"
"Steuart Weller ES";"Jun 5, 2026, 07:00:00";"22";"1.91";"0.16";"153.46";"3.41"
"Steuart Weller ES";"Jun 5, 2026, 06:00:00";"23";"1.56";"0.14";"132.42";"4.04"
"Steuart Weller ES";"Jun 5, 2026, 05:00:00";"23";"1.22";"0.16";"124.36";"4.13"
"Steuart Weller ES";"Jun 5, 2026, 04:00:00";"23";"1.74";"0.18";"121.38";"3.66"
"Steuart Weller ES";"Jun 5, 2026, 03:00:00";"24";"1.68";"0.22";"119.52";"4.38"
"Steuart Weller ES";"Jun 5, 2026, 02:00:00";"24";"1.61";"0.25";"102.61";"4.36"
"Steuart Weller ES";"Jun 5, 2026, 01:00:00";"24";"2.78";"0.31";"84.96";"4.56"
"Steuart Weller ES";"Jun 5, 2026, 00:00:00";"24";"2.46";"0.32";"67.22";"4.64"
"Steuart Weller ES";"Jun 4, 2026, 23:00:00";"23";"1.28";"0.29";"48.2";"4.6"
"Steuart Weller ES";"Jun 4, 2026, 22:00:00";"22";"0.79";"0.27";"31.87";"4.42"
"Steuart Weller ES";"Jun 4, 2026, 21:00:00";"20";"0.38";"0.26";"29.4";"3.9"
"Steuart Weller ES";"Jun 4, 2026, 20:00:00";"20";"0";"0.24";"27.33";"3.59"
"Steuart Weller ES";"Jun 4, 2026, 19:00:00";"20";"0";"0.22";"26.4";"3.52"
"Steuart Weller ES";"Jun 4, 2026, 18:00:00";"20";"0";"0.2";"29.51";"3.74"
"Steuart Weller ES";"Jun 4, 2026, 17:00:00";"20";"0";"0.21";"36.21";"3.64"
"Steuart Weller ES";"Jun 4, 2026, 16:00:00";"19";"0";"0.18";"39.07";"3.49"
"Steuart Weller ES";"Jun 4, 2026, 15:00:00";"19";"0.33";"0.16";"37.98";"3.22"
"Steuart Weller ES";"Jun 4, 2026, 14:00:00";"19";"0";"0.14";"39.46";"3.32"
"Steuart Weller ES";"Jun 4, 2026, 13:00:00";"20";"0";"0.13";"36.66";"3.2"
"Steuart Weller ES";"Jun 4, 2026, 12:00:00";"21";"0";"0.13";"39.41";"3.58"
"Steuart Weller ES";"Jun 4, 2026, 11:00:00";"22";"0";"0.14";"40.96";"3.82"
"Steuart Weller ES";"Jun 4, 2026, 10:00:00";"22";"0";"0.2";"56.32";"4.43"
"Steuart Weller ES";"Jun 4, 2026, 09:00:00";"20";"5.19";"0.27";"81";"4.24"
"Steuart Weller ES";"Jun 4, 2026, 08:00:00";"19";"5.17";"0.26";"117.12";"3.52"
"Steuart Weller ES";"Jun 4, 2026, 07:00:00";"18";"3.18";"0.24";"110.12";"2.91"
"Steuart Weller ES";"Jun 4, 2026, 06:00:00";"19";"2.2";"0.13";"90.82";"2.95"
"Steuart Weller ES";"Jun 4, 2026, 05:00:00";"20";"2.06";"0.13";"72.74";"3.8"
"Steuart Weller ES";"Jun 4, 2026, 04:00:00";"20";"3.79";"0.14";"60.15";"3.5"
"Steuart Weller ES";"Jun 4, 2026, 03:00:00";"20";"5.76";"0.16";"50.53";"3.4"
"Steuart Weller ES";"Jun 4, 2026, 02:00:00";"22";"4.5";"0.18";"42.69";"3.8"
"Steuart Weller ES";"Jun 4, 2026, 01:00:00";"22";"7.41";"0.25";"42.82";"3.99"
"Steuart Weller ES";"Jun 4, 2026, 00:00:00";"20";"5.77";"0.3";"46.24";"3.77"
"Steuart Weller ES";"Jun 3, 2026, 23:00:00";"20";"3.73";"0.29";"39.88";"4.19"
"Steuart Weller ES";"Jun 3, 2026, 22:00:00";"17";"4.71";"0.31";"27.66";"3.53"
"Steuart Weller ES";"Jun 3, 2026, 21:00:00";"14";"0.49";"0.23";"11.71";"2.78"
"Steuart Weller ES";"Jun 3, 2026, 20:00:00";"13";"0";"0.19";"13.2";"2.3"
"Steuart Weller ES";"Jun 3, 2026, 19:00:00";"14";"0";"0.17";"18.06";"2.58"
"Steuart Weller ES";"Jun 3, 2026, 18:00:00";"13";"0";"0.17";"21.9";"2.33"
"Steuart Weller ES";"Jun 3, 2026, 17:00:00";"13";"0";"0.16";"24.58";"2.21"
"Steuart Weller ES";"Jun 3, 2026, 16:00:00";"14";"0";"0.16";"25.08";"2.19"
"Steuart Weller ES";"Jun 3, 2026, 15:00:00";"15";"0.42";"0.15";"24.47";"2.6"
"Steuart Weller ES";"Jun 3, 2026, 14:00:00";"15";"0";"0.13";"24.03";"2.5"
"Steuart Weller ES";"Jun 3, 2026, 13:00:00";"17";"0";"0.15";"24.63";"2.9"
"Steuart Weller ES";"Jun 3, 2026, 12:00:00";"18";"0";"0.15";"22.6";"3.18"
"Steuart Weller ES";"Jun 3, 2026, 11:00:00";"18";"0";"0.12";"21.28";"2.92"
"Steuart Weller ES";"Jun 3, 2026, 10:00:00";"19";"0.43";"0.15";"32.33";"3.47"
"Steuart Weller ES";"Jun 3, 2026, 09:00:00";"19";"3.71";"0.19";"51.64";"4.07"
"Steuart Weller ES";"Jun 3, 2026, 08:00:00";"15";"6.44";"0.31";"85.61";"2.98"
"Steuart Weller ES";"Jun 3, 2026, 07:00:00";"14";"2.47";"0.1";"86.38";"2.15"
"Steuart Weller ES";"Jun 3, 2026, 06:00:00";"15";"0.86";"0.05";"60.7";"2.69"
"Steuart Weller ES";"Jun 3, 2026, 05:00:00";"15";"1.66";"0.07";"58.32";"2.71"
"Steuart Weller ES";"Jun 3, 2026, 04:00:00";"16";"1.94";"0.09";"55.7";"2.8"
"Steuart Weller ES";"Jun 3, 2026, 03:00:00";"16";"1.9";"0.1";"46.62";"2.94"
"Steuart Weller ES";"Jun 3, 2026, 02:00:00";"15";"2.39";"0.11";"36.53";"2.6"
"Steuart Weller ES";"Jun 3, 2026, 01:00:00";"16";"2.57";"0.12";"29.91";"2.73"
"Steuart Weller ES";"Jun 3, 2026, 00:00:00";"17";"3.75";"0.16";"26.15";"3.03"
"Steuart Weller ES";"Jun 2, 2026, 23:00:00";"17";"4.27";"0.2";"25.55";"3.21"
"Steuart Weller ES";"Jun 2, 2026, 22:00:00";"15";"2.89";"0.18";"18.66";"2.41"
"Steuart Weller ES";"Jun 2, 2026, 21:00:00";"17";"1.07";"0.16";"9.38";"3.77"
"Steuart Weller ES";"Jun 2, 2026, 20:00:00";"13";"0.16";"0.16";"1.84";"2.05"
"Steuart Weller ES";"Jun 2, 2026, 19:00:00";"13";"0";"0.16";"2.23";"2.25"
"Steuart Weller ES";"Jun 2, 2026, 18:00:00";"14";"0";"0.14";"3.78";"2.31"
"Steuart Weller ES";"Jun 2, 2026, 17:00:00";"15";"0";"0.14";"6.9";"2.59"
"Steuart Weller ES";"Jun 2, 2026, 16:00:00";"15";"0";"0.14";"8.26";"2.41"
"Steuart Weller ES";"Jun 2, 2026, 15:00:00";"18";"0";"0.14";"10.45";"2.85"
"Steuart Weller ES";"Jun 2, 2026, 14:00:00";"19";"0.11";"0.12";"8.98";"3.01"
"Steuart Weller ES";"Jun 2, 2026, 13:00:00";"22";"0";"0.12";"8.55";"3.04"
"Steuart Weller ES";"Jun 2, 2026, 12:00:00";"27";"0";"0.11";"77.89";"4.09"
"Steuart Weller ES";"Jun 2, 2026, 11:00:00";"30";"0";"0.11";"17.9";"4.95"
"Steuart Weller ES";"Jun 2, 2026, 10:00:00";"32";"1.09";"0.11";"32.83";"6.16"
"Steuart Weller ES";"Jun 2, 2026, 09:00:00";"30";"2.71";"0.13";"48.5";"6.51"
"Steuart Weller ES";"Jun 2, 2026, 08:00:00";"23";"4.15";"0.11";"53.98";"4.44"
"Steuart Weller ES";"Jun 2, 2026, 07:00:00";"22";"4.72";"0.08";"53.46";"4.16"
"Steuart Weller ES";"Jun 2, 2026, 06:00:00";"22";"4.35";"0.07";"47.46";"3.9"
"Steuart Weller ES";"Jun 2, 2026, 05:00:00";"22";"3.56";"0.07";"41.66";"4.13"
"Steuart Weller ES";"Jun 2, 2026, 04:00:00";"20";"3.11";"0.08";"37.03";"4.02"
"Steuart Weller ES";"Jun 2, 2026, 03:00:00";"19";"3.32";"0.09";"33.47";"3.79"
"Steuart Weller ES";"Jun 2, 2026, 02:00:00";"18";"3.1";"0.1";"28.61";"3.44"
"Steuart Weller ES";"Jun 2, 2026, 01:00:00";"17";"3.06";"0.12";"23.14";"3.06"
"Steuart Weller ES";"Jun 2, 2026, 00:00:00";"16";"3.62";"0.14";"24.23";"2.91"
"Steuart Weller ES";"Jun 1, 2026, 23:00:00";"16";"2.43";"0.16";"24.79";"3.18"
"Steuart Weller ES";"Jun 1, 2026, 22:00:00";"15";"2.73";"0.2";"22.71";"2.96"
"Steuart Weller ES";"Jun 1, 2026, 21:00:00";"14";"1.66";"0.2";"15.02";"2.65"
"Steuart Weller ES";"Jun 1, 2026, 20:00:00";"14";"1";"0.19";"6.12";"2.64"
"Steuart Weller ES";"Jun 1, 2026, 19:00:00";"14";"0.03";"0.18";"6.98";"2.49"
"Steuart Weller ES";"Jun 1, 2026, 18:00:00";"14";"0";"0.17";"10.73";"2.57"
"Steuart Weller ES";"Jun 1, 2026, 17:00:00";"13";"0";"0.16";"11.73";"2.27"
"Steuart Weller ES";"Jun 1, 2026, 16:00:00";"13";"0";"0.15";"10.17";"2.28"
"Steuart Weller ES";"Jun 1, 2026, 15:00:00";"13";"0.33";"0.15";"13.34";"2.51"
"Steuart Weller ES";"Jun 1, 2026, 14:00:00";"12";"0";"0.14";"15.79";"2.1"
"Steuart Weller ES";"Jun 1, 2026, 13:00:00";"13";"0";"0.13";"17.86";"2.01"
"Steuart Weller ES";"Jun 1, 2026, 12:00:00";"14";"0";"0.14";"22.09";"2.22"
"Steuart Weller ES";"Jun 1, 2026, 11:00:00";"16";"0";"0.13";"21.08";"2.53"
"Steuart Weller ES";"Jun 1, 2026, 10:00:00";"18";"0.13";"0.15";"28.2";"2.7"
"Steuart Weller ES";"Jun 1, 2026, 09:00:00";"19";"1.9";"0.16";"45.75";"3.67"
"Steuart Weller ES";"Jun 1, 2026, 08:00:00";"18";"4.58";"0.17";"60.63";"3"
"Steuart Weller ES";"Jun 1, 2026, 07:00:00";"18";"4.85";"0.14";"69.32";"3.13"
"Steuart Weller ES";"Jun 1, 2026, 06:00:00";"19";"4.52";"0.11";"70.58";"3.38"
"Steuart Weller ES";"Jun 1, 2026, 05:00:00";"19";"3.04";"0.13";"71.14";"3.09"
"Steuart Weller ES";"Jun 1, 2026, 04:00:00";"21";"3.46";"0.15";"64.75";"4.02"
"Steuart Weller ES";"Jun 1, 2026, 03:00:00";"19";"5.31";"0.18";"58.63";"4.16"
"Steuart Weller ES";"Jun 1, 2026, 02:00:00";"15";"2.24";"0.25";"45.16";"2.99"
"Steuart Weller ES";"Jun 1, 2026, 01:00:00";"14";"3.81";"0.25";"34.94";"2.56"
"Steuart Weller ES";"Jun 1, 2026, 00:00:00";"13";"2.87";"0.25";"25.72";"2.57"
"Steuart Weller ES";"May 31, 2026, 23:00:00";"13";"5.26";"0.25";"20.37";"2.53"
"Steuart Weller ES";"May 31, 2026, 22:00:00";"12";"4.27";"0.24";"15.38";"2.38"
"Steuart Weller ES";"May 31, 2026, 21:00:00";"11";"1.26";"0.23";"9.72";"2.2"
"Steuart Weller ES";"May 31, 2026, 20:00:00";"10";"0.26";"0.23";"7.62";"1.89"
"Steuart Weller ES";"May 31, 2026, 19:00:00";"10";"0";"0.22";"8.92";"1.65"
"Steuart Weller ES";"May 31, 2026, 18:00:00";"10";"0";"0.21";"11.9";"1.7"
"Steuart Weller ES";"May 31, 2026, 17:00:00";"10";"0";"0.2";"12.59";"1.76"
"Steuart Weller ES";"May 31, 2026, 16:00:00";"12";"0";"0.2";"13.29";"1.81"
"Steuart Weller ES";"May 31, 2026, 15:00:00";"12";"0";"0.2";"15.46";"2.03"
"Steuart Weller ES";"May 31, 2026, 14:00:00";"13";"0";"0.19";"13.42";"2.26"
"Steuart Weller ES";"May 31, 2026, 13:00:00";"13";"0";"0.18";"11.55";"1.97"
"Steuart Weller ES";"May 31, 2026, 12:00:00";"14";"0";"0.17";"10.97";"2.52"
"Steuart Weller ES";"May 31, 2026, 11:00:00";"15";"0";"0.16";"15.89";"2.64"
"Steuart Weller ES";"May 31, 2026, 10:00:00";"15";"0";"0.16";"27.27";"3.02"
"Steuart Weller ES";"May 31, 2026, 09:00:00";"13";"0.49";"0.18";"35.15";"2.72"
"Steuart Weller ES";"May 31, 2026, 08:00:00";"11";"2.26";"0.16";"49.83";"2.2"
"Steuart Weller ES";"May 31, 2026, 07:00:00";"10";"2.39";"0.11";"45.9";"1.9"
"Steuart Weller ES";"May 31, 2026, 06:00:00";"9";"1.98";"0.1";"41.32";"1.62"
"Steuart Weller ES";"May 31, 2026, 05:00:00";"9";"1.87";"0.11";"39.1";"1.83"
"Steuart Weller ES";"May 31, 2026, 04:00:00";"9";"1.63";"0.12";"36.2";"1.67"
"Steuart Weller ES";"May 31, 2026, 03:00:00";"8";"1.75";"0.13";"31.05";"1.55"
"Steuart Weller ES";"May 31, 2026, 02:00:00";"7";"1.33";"0.15";"28.24";"1.2"
"Steuart Weller ES";"May 31, 2026, 01:00:00";"8";"1.97";"0.21";"27.62";"1.56"
"Steuart Weller ES";"May 31, 2026, 00:00:00";"7";"1.8";"0.2";"24.6";"1.34"
"Steuart Weller ES";"May 30, 2026, 23:00:00";"7";"1.3";"0.19";"21.32";"1.24"
"Steuart Weller ES";"May 30, 2026, 22:00:00";"6";"0.93";"0.2";"18.1";"1.06"
"Steuart Weller ES";"May 30, 2026, 21:00:00";"5";"0.19";"0.19";"16.43";"0.91"
"Steuart Weller ES";"May 30, 2026, 20:00:00";"6";"0";"0.2";"13.71";"1.04"
"Steuart Weller ES";"May 30, 2026, 19:00:00";"12";"0";"0.2";"8.07";"0.94"
"Steuart Weller ES";"May 30, 2026, 18:00:00";"12";"0";"0.21";"5.47";"1.22"
"Steuart Weller ES";"May 30, 2026, 17:00:00";"12";"0";"0.21";"5.71";"0.93"
"Steuart Weller ES";"May 30, 2026, 16:00:00";"12";"0";"0.21";"6.37";"0.91"
"Steuart Weller ES";"May 30, 2026, 15:00:00";"12";"0";"0.21";"5.37";"0.96"
"Steuart Weller ES";"May 30, 2026, 14:00:00";"12";"0";"0.2";"4.05";"1.7"
"Steuart Weller ES";"May 30, 2026, 13:00:00";"12";"0";"0.19";"3.93";"1.09"
"Steuart Weller ES";"May 30, 2026, 12:00:00";"12";"0";"0.17";"4.27";"1.51"
"Steuart Weller ES";"May 30, 2026, 11:00:00";"12";"0";"0.18";"9.49";"1.85"
"Steuart Weller ES";"May 30, 2026, 10:00:00";"12";"0.09";"0.19";"18.34";"3.44"
"Steuart Weller ES";"May 30, 2026, 09:00:00";"12";"0.47";"0.19";"22.86";"4.41"
"Steuart Weller ES";"May 30, 2026, 08:00:00";"11";"1.06";"0.2";"30.47";"5.25"
"Steuart Weller ES";"May 30, 2026, 07:00:00";"10";"1.59";"0.2";"34.8";"6.06"
"Steuart Weller ES";"May 30, 2026, 06:00:00";"9";"0.97";"0.19";"33.7";"6.1"
"Steuart Weller ES";"May 30, 2026, 05:00:00";"9";"0.55";"0.19";"35.05";"6.12"
"Steuart Weller ES";"May 30, 2026, 04:00:00";"8";"1.65";"0.2";"39.35";"5.28"
"Steuart Weller ES";"May 30, 2026, 03:00:00";"7";"2.68";"0.2";"44.78";"3.79"
"Steuart Weller ES";"May 30, 2026, 02:00:00";"6";"2.5";"0.2";"50.21";"3.23"
"Steuart Weller ES";"May 30, 2026, 01:00:00";"6";"1.87";"0.23";"62.32";"2.51"
"Steuart Weller ES";"May 30, 2026, 00:00:00";"6";"1.35";"0.24";"64.98";"2.12"
"Steuart Weller ES";"May 29, 2026, 23:00:00";"6";"1.18";"0.26";"56.7";"2"
"Steuart Weller ES";"May 29, 2026, 22:00:00";"5";"1.15";"0.29";"44.36";"2.26"
"Steuart Weller ES";"May 29, 2026, 21:00:00";"5";"0";"0.27";"30.99";"1.84"
"Steuart Weller ES";"May 29, 2026, 20:00:00";"5";"0";"0.26";"27.09";"1.35"
"Steuart Weller ES";"May 29, 2026, 19:00:00";"5";"0";"0.26";"29.05";"1.47"
"Steuart Weller ES";"May 29, 2026, 18:00:00";"5";"0";"0.25";"24.12";"1.45"
"Steuart Weller ES";"May 29, 2026, 17:00:00";"5";"0";"0.25";"22.42";"1.32"
"Steuart Weller ES";"May 29, 2026, 16:00:00";"5";"0";"0.24";"20.76";"1.3"
"Steuart Weller ES";"May 29, 2026, 15:00:00";"5";"0";"0.23";"22.5";"0.9"
"Steuart Weller ES";"May 29, 2026, 14:00:00";"5";"0";"0.23";"25.87";"1"
"Steuart Weller ES";"May 29, 2026, 13:00:00";"5";"0";"0.21";"26.82";"1.11"
"Steuart Weller ES";"May 29, 2026, 12:00:00";"5";"0";"0.2";"25.92";"0.86"
"Steuart Weller ES";"May 29, 2026, 11:00:00";"5";"0";"0.2";"30.18";"1.14"
"Steuart Weller ES";"May 29, 2026, 10:00:00";"6";"0";"0.2";"40.89";"1.34"
"Steuart Weller ES";"May 29, 2026, 09:00:00";"6";"0.18";"0.22";"51.43";"1.28"
"Steuart Weller ES";"May 29, 2026, 08:00:00";"6";"4.51";"0.23";"71.8";"0.82"
"Steuart Weller ES";"May 29, 2026, 07:00:00";"7";"4.39";"0.16";"66.62";"0.83"
"Steuart Weller ES";"May 29, 2026, 06:00:00";"7";"1.86";"0.11";"50.58";"1.12"
"Steuart Weller ES";"May 29, 2026, 05:00:00";"8";"2.1";"0.12";"46.05";"0.94"
"Steuart Weller ES";"May 29, 2026, 04:00:00";"9";"1.72";"0.14";"43.53";"0.78"
"Steuart Weller ES";"May 29, 2026, 03:00:00";"10";"1.66";"0.15";"38.73";"0.79"
"Steuart Weller ES";"May 29, 2026, 02:00:00";"10";"1.66";"0.17";"36.22";"0.93"
"Steuart Weller ES";"May 29, 2026, 01:00:00";"11";"1.1";"0.19";"33.48";"0.94"
"Steuart Weller ES";"May 29, 2026, 00:00:00";"11";"0.89";"0.21";"32.2";"1.34"
"Steuart Weller ES";"May 28, 2026, 23:00:00";"11";"1.02";"0.22";"35.78";"1.35"
"Steuart Weller ES";"May 28, 2026, 22:00:00";"11";"0.83";"0.24";"28.46";"1.4"
"Steuart Weller ES";"May 28, 2026, 21:00:00";"11";"0.07";"0.23";"21.07";"1.22"
"Steuart Weller ES";"May 28, 2026, 20:00:00";"11";"0";"0.23";"18.13";"1.06"
"Steuart Weller ES";"May 28, 2026, 19:00:00";"11";"0";"0.23";"20.39";"1.06"
"Steuart Weller ES";"May 28, 2026, 18:00:00";"11";"0";"0.22";"23.25";"1.25"
"Steuart Weller ES";"May 28, 2026, 17:00:00";"12";"0";"0.23";"24.79";"1.22"
"Steuart Weller ES";"May 28, 2026, 16:00:00";"12";"0";"0.22";"26.25";"1.34"
"Steuart Weller ES";"May 28, 2026, 15:00:00";"12";"0";"0.21";"26.31";"1.3"
"Steuart Weller ES";"May 28, 2026, 14:00:00";"12";"0";"0.21";"29.58";"1.39"
"Steuart Weller ES";"May 28, 2026, 13:00:00";"12";"0";"0.2";"37.39";"1.4"
"Steuart Weller ES";"May 28, 2026, 12:00:00";"12";"0";"0.2";"47.18";"2.1"
"Steuart Weller ES";"May 28, 2026, 11:00:00";"12";"0";"0.2";"53.72";"1.94"
"Steuart Weller ES";"May 28, 2026, 10:00:00";"13";"0";"0.21";"80.49";"2.6"
"Steuart Weller ES";"May 28, 2026, 09:00:00";"14";"0.13";"0.21";"138.18";"3.54"
"Steuart Weller ES";"May 28, 2026, 08:00:00";"16";"0";"0.22";"204.61";"4.04"
"Steuart Weller ES";"May 28, 2026, 07:00:00";"18";"0.01";"0.23";"327.31";"5.1"
"Steuart Weller ES";"May 28, 2026, 06:00:00";"20";"0.02";"0.23";"395.01";"5.07"
"Steuart Weller ES";"May 28, 2026, 05:00:00";"21";"0";"0.22";"443";"4.52"
"Steuart Weller ES";"May 28, 2026, 04:00:00";"22";"0";"0.2";"506.82";"5.65"
"Steuart Weller ES";"May 28, 2026, 03:00:00";"23";"0";"0.2";"491.16";"4.33"
"Steuart Weller ES";"May 28, 2026, 02:00:00";"24";"0";"0.2";"472.57";"3.13"
"Steuart Weller ES";"May 28, 2026, 01:00:00";"26";"0.15";"0.2";"457.31";"2.32"
"Steuart Weller ES";"May 28, 2026, 00:00:00";"27";"0.19";"0.19";"464.44";"1.52"
"Steuart Weller ES";"May 27, 2026, 23:00:00";"29";"0.05";"0.23";"593.07";"1.99"
"Steuart Weller ES";"May 27, 2026, 22:00:00";"30";"0.07";"0.26";"540.94";"2.16"
"Steuart Weller ES";"May 27, 2026, 21:00:00";"30";"0";"0.25";"360.8";"1.78"
"Steuart Weller ES";"May 27, 2026, 20:00:00";"31";"0";"0.26";"262.66";"1.52"
"Steuart Weller ES";"May 27, 2026, 19:00:00";"32";"0";"0.22";"228.4";"1.72"
"Steuart Weller ES";"May 27, 2026, 18:00:00";"32";"0";"0.24";"264.73";"1.86"
"Steuart Weller ES";"May 27, 2026, 17:00:00";"32";"0";"0.24";"297.84";"1.53"
"Steuart Weller ES";"May 27, 2026, 16:00:00";"33";"0";"0.24";"333.42";"1.95"
"Steuart Weller ES";"May 27, 2026, 15:00:00";"33";"0";"0.24";"369.53";"2.32"
"Steuart Weller ES";"May 27, 2026, 14:00:00";"34";"0";"0.26";"459.26";"2.04"
"Steuart Weller ES";"May 27, 2026, 13:00:00";"35";"0.06";"0.21";"461.83";"2.31"
"Steuart Weller ES";"May 27, 2026, 12:00:00";"36";"0";"0.22";"371.14";"2.2"
"Steuart Weller ES";"May 27, 2026, 11:00:00";"37";"0";"0.27";"540.53";"5.33"
"Steuart Weller ES";"May 27, 2026, 10:00:00";"38";"0";"0.26";"642.72";"10.2"
"Steuart Weller ES";"May 27, 2026, 09:00:00";"40";"0";"0.26";"645.42";"14.23"
"Steuart Weller ES";"May 27, 2026, 08:00:00";"42";"0";"0.26";"670.64";"16.84"
"Steuart Weller ES";"May 27, 2026, 07:00:00";"44";"0";"0.29";"680.71";"14.34"
"Steuart Weller ES";"May 27, 2026, 06:00:00";"43";"0";"0.23";"643.65";"14.33"
"Steuart Weller ES";"May 27, 2026, 05:00:00";"42";"0.31";"0.24";"625.19";"10.14"
"Steuart Weller ES";"May 27, 2026, 04:00:00";"42";"0.02";"0.28";"584.07";"9.19"
"Steuart Weller ES";"May 27, 2026, 03:00:00";"42";"0";"0.26";"580.36";"10.69"
"Steuart Weller ES";"May 27, 2026, 02:00:00";"42";"0";"0.25";"573.25";"12.12"
"Steuart Weller ES";"May 27, 2026, 01:00:00";"43";"0";"0.25";"558.64";"10.8"
"Steuart Weller ES";"May 27, 2026, 00:00:00";"44";"0.05";"0.25";"518.91";"9.87"
"Steuart Weller ES";"May 26, 2026, 23:00:00";"44";"0.03";"0.25";"467.19";"8.53"
"Steuart Weller ES";"May 26, 2026, 22:00:00";"44";"0.49";"0.25";"419.05";"6.93"
"Steuart Weller ES";"May 26, 2026, 21:00:00";"44";"0.8";"0.3";"382.71";"5.16"
"Steuart Weller ES";"May 26, 2026, 20:00:00";"44";"0";"0.28";"360.18";"4.27"
"Steuart Weller ES";"May 26, 2026, 19:00:00";"44";"0";"0.26";"341.79";"3.79"
"Steuart Weller ES";"May 26, 2026, 18:00:00";"43";"0";"0.27";"311.15";"3.75"
"Steuart Weller ES";"May 26, 2026, 17:00:00";"43";"0";"0.27";"299.99";"3.47"
"Steuart Weller ES";"May 26, 2026, 16:00:00";"43";"0";"0.32";"454.78";"5.45"
"Steuart Weller ES";"May 26, 2026, 15:00:00";"43";"0.1";"0.33";"582.06";"7.79"
"Steuart Weller ES";"May 26, 2026, 14:00:00";"42";"0.29";"0.3";"660.42";"7.45"
"Steuart Weller ES";"May 26, 2026, 13:00:00";"42";"0.3";"0.28";"671.07";"7.32"
"Steuart Weller ES";"May 26, 2026, 12:00:00";"42";"0.69";"0.3";"671.7";"9.33"
"Steuart Weller ES";"May 26, 2026, 11:00:00";"42";"0.05";"0.34";"705.37";"12.13"
"Steuart Weller ES";"May 26, 2026, 10:00:00";"41";"0.24";"0.4";"741.35";"20.36"
"Steuart Weller ES";"May 26, 2026, 09:00:00";"39";"1.23";"0.38";"668.13";"24.99"
"Steuart Weller ES";"May 26, 2026, 08:00:00";"36";"0.78";"0.35";"611.09";"25.61"
"Steuart Weller ES";"May 26, 2026, 07:00:00";"32";"0.46";"0.33";"585.34";"0"
"Steuart Weller ES";"May 26, 2026, 06:00:00";"33";"0";"0.27";"575.87";"0"
"Steuart Weller ES";"May 26, 2026, 05:00:00";"35";"0";"0.26";"582.16";"0"
"Steuart Weller ES";"May 26, 2026, 04:00:00";"35";"0";"0.26";"576.45";"0"
"Steuart Weller ES";"May 26, 2026, 03:00:00";"35";"0";"0.27";"599.52";"0"
"Steuart Weller ES";"May 26, 2026, 02:00:00";"35";"0";"0.28";"606.13";"16.32"
"Steuart Weller ES";"May 26, 2026, 01:00:00";"33";"0.32";"0.31";"583.8";"14.02"
"Steuart Weller ES";"May 26, 2026, 00:00:00";"32";"0.59";"0.31";"578.09";"9.91"
"Steuart Weller ES";"May 25, 2026, 23:00:00";"35";"1.13";"0.31";"547.12";"9.94"
"Steuart Weller ES";"May 25, 2026, 22:00:00";"35";"0.83";"0.29";"467.82";"6.97"
"Steuart Weller ES";"May 25, 2026, 21:00:00";"3";"0.01";"0.26";"387.52";"4.49"
"Steuart Weller ES";"May 25, 2026, 20:00:00";"3";"0";"0.24";"335.06";"3.06"
"Steuart Weller ES";"May 25, 2026, 19:00:00";"3";"0";"0.24";"324.88";"3.3"
"Steuart Weller ES";"May 25, 2026, 18:00:00";"3";"0";"0.22";"316.69";"3.41"
"Steuart Weller ES";"May 25, 2026, 17:00:00";"3";"0";"0.24";"335.62";"3.69"
"Steuart Weller ES";"May 25, 2026, 16:00:00";"3";"0";"0.24";"378.38";"3.63"
"Steuart Weller ES";"May 25, 2026, 15:00:00";"3";"0";"0.23";"429.47";"4.69"
"Steuart Weller ES";"May 25, 2026, 14:00:00";"3";"0";"0.23";"442.76";"6.35"
"Steuart Weller ES";"May 25, 2026, 13:00:00";"3";"0";"0.23";"461.03";"7.44"
"Steuart Weller ES";"May 25, 2026, 12:00:00";"3";"0";"0.24";"519.62";"8.45"
"Steuart Weller ES";"May 25, 2026, 11:00:00";"3";"0";"0.23";"577.69";"8.54"
"Steuart Weller ES";"May 25, 2026, 10:00:00";"3";"0";"0.22";"566.83";"10.14"
"Steuart Weller ES";"May 25, 2026, 09:00:00";"3";"0";"0.22";"561.51";"10.25"
"Steuart Weller ES";"May 25, 2026, 08:00:00";"3";"0";"0.22";"543.46";"10.21"
"Steuart Weller ES";"May 25, 2026, 07:00:00";"3";"0";"0.22";"530.63";"10.34"
"Steuart Weller ES";"May 25, 2026, 06:00:00";"3";"0";"0.22";"531.14";"17.06"
"Steuart Weller ES";"May 25, 2026, 05:00:00";"3";"0.14";"0.22";"533.37";"0"
"Steuart Weller ES";"May 25, 2026, 04:00:00";"3";"0.56";"0.25";"496.47";"0"
"Steuart Weller ES";"May 25, 2026, 03:00:00";"3";"0.79";"0.24";"469.48";"0"
"Steuart Weller ES";"May 25, 2026, 02:00:00";"24";"1.41";"0.24";"455.84";"0"
"Steuart Weller ES";"May 25, 2026, 01:00:00";"23";"1.65";"0.23";"421.82";"0"
"Steuart Weller ES";"May 25, 2026, 00:00:00";"22";"1.89";"0.23";"412.6";"25.07"
"Steuart Weller ES";"May 24, 2026, 23:00:00";"18";"2.61";"0.23";"416.95";"0"
"Steuart Weller ES";"May 24, 2026, 22:00:00";"18";"3.96";"0.24";"407.54";"0"
"Steuart Weller ES";"May 24, 2026, 21:00:00";"18";"4.25";"0.24";"346.91";"0"
"Steuart Weller ES";"May 24, 2026, 20:00:00";"18";"4.1";"0.23";"293.9";"0"
"Steuart Weller ES";"May 24, 2026, 19:00:00";"18";"3.59";"0.21";"265.64";"15.34"
"Steuart Weller ES";"May 24, 2026, 18:00:00";"15";"1.9";"0.2";"235.14";"10.67"
"Steuart Weller ES";"May 24, 2026, 17:00:00";"14";"1.11";"0.19";"215.86";"9.2"
"Steuart Weller ES";"May 24, 2026, 16:00:00";"13";"0.55";"0.18";"204.73";"6.91"
"Steuart Weller ES";"May 24, 2026, 15:00:00";"12";"1.29";"0.19";"207.76";"5.24"
"Steuart Weller ES";"May 24, 2026, 14:00:00";"11";"1.02";"0.17";"198.04";"4.23"
"Steuart Weller ES";"May 24, 2026, 13:00:00";"10";"1.18";"0.17";"200.26";"3.14"
"Steuart Weller ES";"May 24, 2026, 12:00:00";"10";"1.44";"0.16";"204.39";"2.63"
"Steuart Weller ES";"May 24, 2026, 11:00:00";"10";"2.43";"0.15";"209.15";"2.16"
"Steuart Weller ES";"May 24, 2026, 10:00:00";"10";"3.26";"0.13";"209.43";"2.81"
"Steuart Weller ES";"May 24, 2026, 09:00:00";"10";"3.45";"0.11";"196.9";"3.44"
"Steuart Weller ES";"May 24, 2026, 08:00:00";"10";"3.65";"0.09";"189.52";"3.25"
"Steuart Weller ES";"May 24, 2026, 07:00:00";"10";"4.01";"0.08";"183.68";"2.07"
"Steuart Weller ES";"May 24, 2026, 06:00:00";"11";"3.76";"0.08";"183.91";"1.16"
"Steuart Weller ES";"May 24, 2026, 05:00:00";"11";"4.04";"0.08";"187.24";"1.21"
"Steuart Weller ES";"May 24, 2026, 04:00:00";"11";"4.21";"0.08";"195.88";"0.96"
"Steuart Weller ES";"May 24, 2026, 03:00:00";"12";"4.38";"0.09";"200.24";"0.83"
"Steuart Weller ES";"May 24, 2026, 02:00:00";"12";"4.51";"0.09";"203.61";"1.73"
"Steuart Weller ES";"May 24, 2026, 01:00:00";"12";"4.85";"0.09";"203.3";"2.09"
"Steuart Weller ES";"May 24, 2026, 00:00:00";"12";"5.62";"0.1";"205.83";"3.86"
"Steuart Weller ES";"May 23, 2026, 23:00:00";"12";"6.54";"0.1";"203.04";"5.42"
"Steuart Weller ES";"May 23, 2026, 22:00:00";"11";"6.45";"0.1";"203.26";"4.6"
"Steuart Weller ES";"May 23, 2026, 21:00:00";"11";"6.84";"0.08";"199.05";"3.62"
"Steuart Weller ES";"May 23, 2026, 20:00:00";"10";"6.69";"0.08";"199.46";"3.02"
"Steuart Weller ES";"May 23, 2026, 19:00:00";"10";"6.26";"0.12";"214.77";"1.6"
"Steuart Weller ES";"May 23, 2026, 18:00:00";"10";"6.14";"0.12";"213.11";"1.9"
"Steuart Weller ES";"May 23, 2026, 17:00:00";"10";"6.58";"0.12";"217.33";"2.01"
"Steuart Weller ES";"May 23, 2026, 16:00:00";"10";"6.11";"0.11";"201.61";"1.35"
"Steuart Weller ES";"May 23, 2026, 15:00:00";"10";"6.17";"0.11";"199.62";"0.74"
"Steuart Weller ES";"May 23, 2026, 14:00:00";"10";"6.35";"0.11";"198.94";"0.63"
"Steuart Weller ES";"May 23, 2026, 13:00:00";"11";"6.14";"0.11";"193.74";"0.92"
"Steuart Weller ES";"May 23, 2026, 12:00:00";"11";"6.32";"0.1";"189.31";"1.72"
"Steuart Weller ES";"May 23, 2026, 11:00:00";"11";"6.47";"0.1";"185.66";"2.83"
"Steuart Weller ES";"May 23, 2026, 10:00:00";"13";"6.28";"0.09";"178.22";"3.22"
"Steuart Weller ES";"May 23, 2026, 09:00:00";"15";"6.2";"0.09";"174.16";"5.15"
"Steuart Weller ES";"May 23, 2026, 08:00:00";"17";"6.33";"0.08";"162.16";"4.2"
"Steuart Weller ES";"May 23, 2026, 07:00:00";"19";"6.72";"0.08";"158.33";"5"
"Steuart Weller ES";"May 23, 2026, 06:00:00";"21";"7.39";"0.07";"150.6";"3.56"
"Steuart Weller ES";"May 23, 2026, 05:00:00";"23";"7.11";"0.06";"146.09";"2.13"
"Steuart Weller ES";"May 23, 2026, 04:00:00";"24";"6.19";"0.07";"148.71";"2.06"
"Steuart Weller ES";"May 23, 2026, 03:00:00";"25";"5.49";"0.08";"149.83";"2.2"
"Steuart Weller ES";"May 23, 2026, 02:00:00";"28";"5.66";"0.08";"142.54";"2.6"
"Steuart Weller ES";"May 23, 2026, 01:00:00";"30";"6.04";"0.08";"138.23";"2.81"
"Steuart Weller ES";"May 23, 2026, 00:00:00";"31";"5.54";"0.07";"138.22";"2.3"
"Steuart Weller ES";"May 22, 2026, 23:00:00";"33";"5.58";"0.07";"131.97";"1.94"
"Steuart Weller ES";"May 22, 2026, 22:00:00";"34";"5.57";"0.07";"123.48";"1.67"
"Steuart Weller ES";"May 22, 2026, 21:00:00";"35";"5.41";"0.07";"125.64";"1.38"
"Steuart Weller ES";"May 22, 2026, 20:00:00";"35";"4.53";"0.08";"162.31";"1.38"
"Steuart Weller ES";"May 22, 2026, 19:00:00";"35";"4.57";"0.12";"199.01";"1.43"
"Steuart Weller ES";"May 22, 2026, 18:00:00";"36";"4.38";"0.12";"201.26";"1.55"
"Steuart Weller ES";"May 22, 2026, 17:00:00";"36";"3.37";"0.14";"222.3";"1.32"
"Steuart Weller ES";"May 22, 2026, 16:00:00";"36";"2.96";"0.16";"241.35";"1.57"
"Steuart Weller ES";"May 22, 2026, 15:00:00";"36";"3.52";"0.19";"246.16";"3.76"
"Steuart Weller ES";"May 22, 2026, 14:00:00";"36";"3.71";"0.18";"234.17";"3.35"
"Steuart Weller ES";"May 22, 2026, 13:00:00";"35";"4.17";"0.17";"214.74";"2.66"
"Steuart Weller ES";"May 22, 2026, 12:00:00";"35";"3.73";"0.16";"195.7";"2.33"
"Steuart Weller ES";"May 22, 2026, 11:00:00";"35";"1.53";"0.17";"203.48";"10.41"
"Steuart Weller ES";"May 22, 2026, 10:00:00";"34";"0.81";"0.17";"209.3";"14.18"
"Steuart Weller ES";"May 22, 2026, 09:00:00";"32";"1.08";"0.16";"211.6";"17.61"
"Steuart Weller ES";"May 22, 2026, 08:00:00";"30";"1.9";"0.16";"204.66";"16.51"
"Steuart Weller ES";"May 22, 2026, 07:00:00";"27";"1.72";"0.14";"196.43";"18.99"
"Steuart Weller ES";"May 22, 2026, 06:00:00";"25";"2.17";"0.13";"189.32";"14.77"
"Steuart Weller ES";"May 22, 2026, 05:00:00";"23";"1.86";"0.13";"186.76";"7.4"
"Steuart Weller ES";"May 22, 2026, 04:00:00";"23";"2.03";"0.12";"183.92";"9.67"
"Steuart Weller ES";"May 22, 2026, 03:00:00";"24";"2.43";"0.12";"179.19";"14.76"
"Steuart Weller ES";"May 22, 2026, 02:00:00";"23";"2.44";"0.12";"172.68";"15.26"
"Steuart Weller ES";"May 22, 2026, 01:00:00";"22";"2.72";"0.12";"169.52";"11.64"
"Steuart Weller ES";"May 22, 2026, 00:00:00";"21";"3.51";"0.12";"166.86";"8.91"
"Steuart Weller ES";"May 21, 2026, 23:00:00";"21";"4.1";"0.11";"159.68";"8.56"
"Steuart Weller ES";"May 21, 2026, 22:00:00";"21";"4.8";"0.11";"151.51";"6.42"
"Steuart Weller ES";"May 21, 2026, 21:00:00";"22";"5.13";"0.11";"142.8";"4.46"
"Steuart Weller ES";"May 21, 2026, 20:00:00";"22";"5.55";"0.11";"137.64";"3.82"
"Steuart Weller ES";"May 21, 2026, 19:00:00";"23";"5.66";"0.11";"127.85";"2.89"
"Steuart Weller ES";"May 21, 2026, 18:00:00";"24";"4.9";"0.1";"113.91";"3.07"
"Steuart Weller ES";"May 21, 2026, 17:00:00";"25";"3.75";"0.11";"99.97";"1.51"
"Steuart Weller ES";"May 21, 2026, 16:00:00";"25";"3.7";"0.11";"103.05";"1.23"
"Steuart Weller ES";"May 21, 2026, 15:00:00";"27";"2.03";"0.15";"138.06";"1.99"
"Steuart Weller ES";"May 21, 2026, 14:00:00";"27";"1.3";"0.15";"145.08";"1.89"
"Steuart Weller ES";"May 21, 2026, 13:00:00";"28";"0.75";"0.16";"164";"2.73"
"Steuart Weller ES";"May 21, 2026, 12:00:00";"29";"1.13";"0.15";"151.52";"2.76"
"Steuart Weller ES";"May 21, 2026, 11:00:00";"30";"0.22";"0.16";"162.13";"2.63"
"Steuart Weller ES";"May 21, 2026, 10:00:00";"31";"0.02";"0.17";"189.4";"3.04"
"Steuart Weller ES";"May 21, 2026, 09:00:00";"32";"0.09";"0.18";"211.21";"2.83"
"Steuart Weller ES";"May 21, 2026, 08:00:00";"32";"0.08";"0.17";"229.1";"3.52"
"Steuart Weller ES";"May 21, 2026, 07:00:00";"33";"0";"0.17";"247.54";"3.5"
"Steuart Weller ES";"May 21, 2026, 06:00:00";"33";"0";"0.16";"267.64";"3.88"
"Steuart Weller ES";"May 21, 2026, 05:00:00";"33";"0";"0.18";"356.95";"6.19"
"Steuart Weller ES";"May 21, 2026, 04:00:00";"33";"0.12";"0.23";"463.22";"15.56"
"Steuart Weller ES";"May 21, 2026, 03:00:00";"31";"0.12";"0.22";"424.98";"10.95"
"Steuart Weller ES";"May 21, 2026, 02:00:00";"30";"0.05";"0.21";"413.79";"9.89"
"Steuart Weller ES";"May 21, 2026, 01:00:00";"28";"0.59";"0.23";"404.62";"8.15"
"Steuart Weller ES";"May 21, 2026, 00:00:00";"28";"2.19";"0.24";"387.55";"8.91"
"Steuart Weller ES";"May 20, 2026, 23:00:00";"27";"1.97";"0.24";"362.65";"7.82"
"Steuart Weller ES";"May 20, 2026, 22:00:00";"26";"2.3";"0.26";"348.95";"9.14"
"Steuart Weller ES";"May 20, 2026, 21:00:00";"25";"2.31";"0.27";"300.83";"7.45"
"Steuart Weller ES";"May 20, 2026, 20:00:00";"25";"2.23";"0.29";"283.9";"7.1"
"Steuart Weller ES";"May 20, 2026, 19:00:00";"24";"1.95";"0.31";"252.5";"7.58"
"Steuart Weller ES";"May 20, 2026, 18:00:00";"23";"0.53";"0.33";"207.58";"8.48"
"Steuart Weller ES";"May 20, 2026, 17:00:00";"22";"0.54";"0.3";"114.36";"6.78"
"Steuart Weller ES";"May 20, 2026, 16:00:00";"22";"0";"0.31";"93.76";"7.08"
"Steuart Weller ES";"May 20, 2026, 15:00:00";"22";"0";"0.36";"113.96";"7.01"
"Steuart Weller ES";"May 20, 2026, 14:00:00";"22";"0";"0.32";"119.24";"6.58"
"Steuart Weller ES";"May 20, 2026, 13:00:00";"22";"0";"0.31";"125.11";"7.45"
"Steuart Weller ES";"May 20, 2026, 12:00:00";"22";"0";"0.29";"132.23";"7.88"
"Steuart Weller ES";"May 20, 2026, 11:00:00";"22";"0";"0.27";"131.5";"7.99"
"Steuart Weller ES";"May 20, 2026, 10:00:00";"22";"0";"0.3";"148.48";"7.47"
"Steuart Weller ES";"May 20, 2026, 09:00:00";"22";"0.39";"0.33";"170.82";"7.05"
"Steuart Weller ES";"May 20, 2026, 08:00:00";"22";"4.73";"0.39";"211.35";"4.78"
"Steuart Weller ES";"May 20, 2026, 07:00:00";"23";"2.24";"0.26";"201.52";"4.29"
"Steuart Weller ES";"May 20, 2026, 06:00:00";"24";"0.25";"0.21";"181.56";"5.77"
"Steuart Weller ES";"May 20, 2026, 05:00:00";"24";"0.44";"0.22";"160.21";"4.92"
"Steuart Weller ES";"May 20, 2026, 04:00:00";"25";"1.37";"0.24";"148.7";"4.04"
"Steuart Weller ES";"May 20, 2026, 03:00:00";"26";"0.38";"0.24";"145.48";"3.73"
"Steuart Weller ES";"May 20, 2026, 02:00:00";"27";"0.05";"0.23";"129.95";"3.66"
"Steuart Weller ES";"May 20, 2026, 01:00:00";"28";"0";"0.25";"115.2";"3.71"
"Steuart Weller ES";"May 20, 2026, 00:00:00";"29";"0.22";"0.3";"107.3";"4.19"
"Steuart Weller ES";"May 19, 2026, 23:00:00";"30";"0.33";"0.33";"100.22";"4.23"
"Steuart Weller ES";"May 19, 2026, 22:00:00";"31";"0";"0.33";"85.5";"3.88"
"Steuart Weller ES";"May 19, 2026, 21:00:00";"32";"0";"0.32";"73.32";"3.26"
"Steuart Weller ES";"May 19, 2026, 20:00:00";"33";"0.85";"0.31";"69.63";"2.96"
"Steuart Weller ES";"May 19, 2026, 19:00:00";"34";"9.88";"0.33";"62.27";"3.04"
"Steuart Weller ES";"May 19, 2026, 18:00:00";"35";"0";"0.32";"78.76";"4.62"
"Steuart Weller ES";"May 19, 2026, 17:00:00";"36";"0";"0.35";"89.28";"5.69"
"Steuart Weller ES";"May 19, 2026, 16:00:00";"37";"0";"0.36";"98.12";"5.77"
"Steuart Weller ES";"May 19, 2026, 15:00:00";"37";"0";"0.33";"101.94";"6.06"
"Steuart Weller ES";"May 19, 2026, 14:00:00";"38";"0";"0.35";"109.05";"5.95"
"Steuart Weller ES";"May 19, 2026, 13:00:00";"38";"0";"0.33";"105.08";"7.38"
"Steuart Weller ES";"May 19, 2026, 12:00:00";"38";"0";"0.29";"100.53";"6.96"
"Steuart Weller ES";"May 19, 2026, 11:00:00";"39";"0";"0.29";"99.41";"7.91"
"Steuart Weller ES";"May 19, 2026, 10:00:00";"39";"0";"0.29";"106.7";"7.86"
"Steuart Weller ES";"May 19, 2026, 09:00:00";"40";"0.75";"0.33";"114.25";"9.2"
"Steuart Weller ES";"May 19, 2026, 08:00:00";"39";"6.45";"0.31";"116.93";"9.54"
"Steuart Weller ES";"May 19, 2026, 07:00:00";"39";"5.14";"0.27";"109.38";"8.86"
"Steuart Weller ES";"May 19, 2026, 06:00:00";"38";"2.81";"0.26";"103.62";"9.03"
"Steuart Weller ES";"May 19, 2026, 05:00:00";"38";"2.62";"0.27";"100.83";"8.89"
"Steuart Weller ES";"May 19, 2026, 04:00:00";"38";"3.33";"0.27";"101.16";"9.58"
"Steuart Weller ES";"May 19, 2026, 03:00:00";"37";"3.25";"0.28";"98.74";"9.67"
"Steuart Weller ES";"May 19, 2026, 02:00:00";"37";"0";"0.29";"95.69";"9.82"
"Steuart Weller ES";"May 19, 2026, 01:00:00";"36";"0.29";"0.3";"93.54";"9.62"
"Steuart Weller ES";"May 19, 2026, 00:00:00";"35";"3.26";"0.31";"91.5";"9.6"
"Steuart Weller ES";"May 18, 2026, 23:00:00";"35";"0.06";"0.34";"91.67";"9.13"
"Steuart Weller ES";"May 18, 2026, 22:00:00";"34";"1.3";"0.35";"91.92";"8.8"
"Steuart Weller ES";"May 18, 2026, 21:00:00";"33";"0";"0.37";"96.99";"9.53"
"Steuart Weller ES";"May 18, 2026, 20:00:00";"32";"1.07";"0.37";"97.05";"9.79"
"Steuart Weller ES";"May 18, 2026, 19:00:00";"31";"0";"0.37";"98.52";"9.62"
"Steuart Weller ES";"May 18, 2026, 18:00:00";"30";"0.03";"0.4";"104.56";"10.31"
"Steuart Weller ES";"May 18, 2026, 17:00:00";"29";"0";"0";"0";"9.07"
"Steuart Weller ES";"May 18, 2026, 16:00:00";"28";"0";"0";"0";"9.57"
"Steuart Weller ES";"May 18, 2026, 15:00:00";"27";"0";"0.35";"104.6";"9.16"
"Steuart Weller ES";"May 18, 2026, 14:00:00";"26";"0";"0.33";"118.27";"7.88"
"Steuart Weller ES";"May 18, 2026, 13:00:00";"26";"0";"0.34";"142.82";"7.92"
"Steuart Weller ES";"May 18, 2026, 12:00:00";"25";"0";"0.32";"155.43";"9.09"
"Steuart Weller ES";"May 18, 2026, 11:00:00";"24";"0";"0.37";"193.25";"11.09"
"Steuart Weller ES";"May 18, 2026, 10:00:00";"23";"0.67";"0.41";"212.87";"11.14"
"Steuart Weller ES";"May 18, 2026, 09:00:00";"22";"2.51";"0.41";"239.74";"7.53"
"Steuart Weller ES";"May 18, 2026, 08:00:00";"22";"1.11";"0.34";"273.66";"6.36"
"Steuart Weller ES";"May 18, 2026, 07:00:00";"22";"1.04";"0.33";"252.28";"6.48"
"Steuart Weller ES";"May 18, 2026, 06:00:00";"22";"0.3";"0.27";"226.81";"7.5"
"Steuart Weller ES";"May 18, 2026, 05:00:00";"21";"0";"0.27";"214.35";"7.14"
"Steuart Weller ES";"May 18, 2026, 04:00:00";"21";"0.08";"0.26";"182.79";"7.03"
"Steuart Weller ES";"May 18, 2026, 03:00:00";"21";"1.61";"0.27";"155.54";"6.28"
"Steuart Weller ES";"May 18, 2026, 02:00:00";"20";"0.46";"0.3";"130.81";"6.01"
"Steuart Weller ES";"May 18, 2026, 01:00:00";"20";"1.73";"0.31";"116.55";"5.51"
"Steuart Weller ES";"May 18, 2026, 00:00:00";"19";"5.57";"0.35";"108.48";"5.48"
"Steuart Weller ES";"May 17, 2026, 23:00:00";"19";"1.83";"0.33";"108.84";"5.01"
"Steuart Weller ES";"May 17, 2026, 22:00:00";"19";"1.63";"0.32";"97.29";"4.64"
"Steuart Weller ES";"May 17, 2026, 21:00:00";"18";"0";"0.29";"90.51";"4.29"
"Steuart Weller ES";"May 17, 2026, 20:00:00";"18";"0";"0.27";"94.97";"3.77"
"Steuart Weller ES";"May 17, 2026, 19:00:00";"18";"0";"0.27";"105.03";"3.89"
"Steuart Weller ES";"May 17, 2026, 18:00:00";"18";"0";"0.26";"113.08";"3.76"
"Steuart Weller ES";"May 17, 2026, 17:00:00";"17";"0";"0.26";"121.97";"3.64"
"Steuart Weller ES";"May 17, 2026, 16:00:00";"17";"0";"0.22";"114.36";"3.52"
"Steuart Weller ES";"May 17, 2026, 15:00:00";"17";"0";"0.24";"130.51";"3"
"Steuart Weller ES";"May 17, 2026, 14:00:00";"17";"0";"0.24";"135.84";"3.98"
"Steuart Weller ES";"May 17, 2026, 13:00:00";"16";"0.06";"0.26";"151.58";"5.11"
"Steuart Weller ES";"May 17, 2026, 12:00:00";"16";"0.28";"0.29";"173.66";"5.8"
"Steuart Weller ES";"May 17, 2026, 11:00:00";"15";"0.37";"0.3";"183.9";"5.27"
"Steuart Weller ES";"May 17, 2026, 10:00:00";"15";"1.31";"0.28";"190.59";"5.05"
"Steuart Weller ES";"May 17, 2026, 09:00:00";"15";"4.07";"0.31";"209.07";"4.64"
"Steuart Weller ES";"May 17, 2026, 08:00:00";"14";"1.54";"0.31";"233.21";"4.81"
"Steuart Weller ES";"May 17, 2026, 07:00:00";"14";"0.05";"0.27";"208.9";"6.03"
"Steuart Weller ES";"May 17, 2026, 06:00:00";"13";"0.03";"0.27";"206";"6.27"
"Steuart Weller ES";"May 17, 2026, 05:00:00";"13";"0.89";"0.26";"203.08";"5.31"
"Steuart Weller ES";"May 17, 2026, 04:00:00";"12";"0.38";"0.23";"196.54";"4.8"
"Steuart Weller ES";"May 17, 2026, 03:00:00";"12";"0.78";"0.23";"190.34";"4.09"
"Steuart Weller ES";"May 17, 2026, 02:00:00";"12";"0.78";"0.24";"177.49";"3.66"
"Steuart Weller ES";"May 17, 2026, 01:00:00";"12";"2.83";"0.25";"166.35";"2.96"
"Steuart Weller ES";"May 17, 2026, 00:00:00";"12";"2.15";"0.25";"153.08";"3.01"
"Steuart Weller ES";"May 16, 2026, 23:00:00";"12";"2.03";"0.26";"134.06";"2.88"
"Steuart Weller ES";"May 16, 2026, 22:00:00";"12";"1.84";"0.27";"119.57";"2.66"
"Steuart Weller ES";"May 16, 2026, 21:00:00";"12";"1.95";"0.28";"106.96";"2.75"
"Steuart Weller ES";"May 16, 2026, 20:00:00";"12";"2.04";"0.3";"88.03";"3.05"
"Steuart Weller ES";"May 16, 2026, 19:00:00";"11";"2.37";"0.28";"69.43";"2.19"
"Steuart Weller ES";"May 16, 2026, 18:00:00";"11";"0.52";"0.27";"57.59";"3.1"
"Steuart Weller ES";"May 16, 2026, 17:00:00";"11";"0";"0.26";"60.82";"3.02"
"Steuart Weller ES";"May 16, 2026, 16:00:00";"10";"0";"0.23";"59.55";"2.5"
"Steuart Weller ES";"May 16, 2026, 15:00:00";"10";"0";"0.2";"55.88";"1.64"
"Steuart Weller ES";"May 16, 2026, 14:00:00";"10";"0";"0.17";"52.07";"1.32"
"Steuart Weller ES";"May 16, 2026, 13:00:00";"10";"0";"0.21";"68.24";"1.95"
"Steuart Weller ES";"May 16, 2026, 12:00:00";"10";"0";"0.23";"71.74";"2.31"
"Steuart Weller ES";"May 16, 2026, 11:00:00";"10";"0.43";"0.24";"74.37";"2.61"
"Steuart Weller ES";"May 16, 2026, 10:00:00";"10";"2.71";"0.25";"82.39";"4.27"
"Steuart Weller ES";"May 16, 2026, 09:00:00";"9";"3.61";"0.26";"106.16";"3.25"
"Steuart Weller ES";"May 16, 2026, 08:00:00";"9";"0.13";"0.21";"124.37";"2.3"
"Steuart Weller ES";"May 16, 2026, 07:00:00";"9";"0";"0.16";"99.33";"2.32"
"Steuart Weller ES";"May 16, 2026, 06:00:00";"10";"0";"0.16";"94.56";"3.05"
"Steuart Weller ES";"May 16, 2026, 05:00:00";"10";"0";"0.19";"90.59";"3.07"
"Steuart Weller ES";"May 16, 2026, 04:00:00";"9";"0.1";"0.22";"87.05";"3.15"
"Steuart Weller ES";"May 16, 2026, 03:00:00";"9";"0.81";"0.28";"82.05";"3.86"
"Steuart Weller ES";"May 16, 2026, 02:00:00";"9";"3.82";"0.31";"79.67";"3.19"
"Steuart Weller ES";"May 16, 2026, 01:00:00";"9";"3.42";"0.31";"74.19";"3.68"
"Steuart Weller ES";"May 16, 2026, 00:00:00";"8";"2.58";"0.24";"63.7";"2.15"
"Steuart Weller ES";"May 15, 2026, 23:00:00";"8";"2.09";"0.23";"56.79";"2"
"Steuart Weller ES";"May 15, 2026, 22:00:00";"9";"1.52";"0.22";"50.21";"1.92"
"Steuart Weller ES";"May 15, 2026, 21:00:00";"9";"2.12";"0.21";"44.1";"1.66"
"Steuart Weller ES";"May 15, 2026, 20:00:00";"9";"1.28";"0.2";"36.12";"1.52"
"Steuart Weller ES";"May 15, 2026, 19:00:00";"9";"0.44";"0.21";"33.63";"1.38"
"Steuart Weller ES";"May 15, 2026, 18:00:00";"8";"0.55";"0.2";"33.06";"1.19"
"Steuart Weller ES";"May 15, 2026, 17:00:00";"8";"0.12";"0.19";"32.75";"0.98"
"Steuart Weller ES";"May 15, 2026, 16:00:00";"8";"0.2";"0.19";"33.16";"1.34"
"Steuart Weller ES";"May 15, 2026, 15:00:00";"8";"0.32";"0.2";"35.55";"1.37"
"Steuart Weller ES";"May 15, 2026, 14:00:00";"8";"0.31";"0.2";"36.93";"1.48"
"Steuart Weller ES";"May 15, 2026, 13:00:00";"8";"0.39";"0.18";"39.82";"1.36"
"Steuart Weller ES";"May 15, 2026, 12:00:00";"8";"0.63";"0.18";"41.51";"1.66"
"Steuart Weller ES";"May 15, 2026, 11:00:00";"8";"0.48";"0.2";"40.56";"1.97"
"Steuart Weller ES";"May 15, 2026, 10:00:00";"9";"0.65";"0.17";"37.02";"1.72"
"Steuart Weller ES";"May 15, 2026, 09:00:00";"9";"1.11";"0.15";"39.98";"2.25"
"Steuart Weller ES";"May 15, 2026, 08:00:00";"10";"1.71";"0.13";"39.96";"2.97"
"Steuart Weller ES";"May 15, 2026, 07:00:00";"10";"1.72";"0.11";"38.57";"3"
"Steuart Weller ES";"May 15, 2026, 06:00:00";"11";"1.59";"0.11";"37.91";"3.06"
"Steuart Weller ES";"May 15, 2026, 05:00:00";"12";"1.49";"0.11";"38.52";"2.88"
"Steuart Weller ES";"May 15, 2026, 04:00:00";"13";"1.87";"0.11";"40.13";"2.28"
"Steuart Weller ES";"May 15, 2026, 03:00:00";"13";"1.32";"0.11";"42.02";"1.56"
"Steuart Weller ES";"May 15, 2026, 02:00:00";"15";"1.8";"0.11";"39.97";"1.68"
"Steuart Weller ES";"May 15, 2026, 01:00:00";"17";"1.72";"0.1";"37.4";"1.94"
"Steuart Weller ES";"May 15, 2026, 00:00:00";"17";"1.89";"0.11";"35.03";"2.37"
"Steuart Weller ES";"May 14, 2026, 23:00:00";"17";"1.98";"0.12";"33.55";"3.77"
"Steuart Weller ES";"May 14, 2026, 22:00:00";"17";"1.54";"0.12";"32.76";"2.1"
"Steuart Weller ES";"May 14, 2026, 21:00:00";"17";"1.23";"0.13";"32.76";"1"
"Steuart Weller ES";"May 14, 2026, 20:00:00";"18";"0.94";"0.13";"32.61";"0.75"
"Steuart Weller ES";"May 14, 2026, 19:00:00";"18";"0.84";"0.13";"32.41";"0.79"
"Steuart Weller ES";"May 14, 2026, 18:00:00";"19";"1.03";"0.14";"34.11";"0.83"
"Steuart Weller ES";"May 14, 2026, 17:00:00";"19";"0.99";"0.13";"32.92";"0.75"
"Steuart Weller ES";"May 14, 2026, 16:00:00";"19";"0.91";"0.15";"35.2";"0.81"
"Steuart Weller ES";"May 14, 2026, 15:00:00";"20";"0.91";"0.16";"37.46";"0.99"
"Steuart Weller ES";"May 14, 2026, 14:00:00";"20";"0.89";"0.15";"36.19";"1.07"
"Steuart Weller ES";"May 14, 2026, 13:00:00";"21";"0.01";"0.13";"38.23";"2.05"
"Steuart Weller ES";"May 14, 2026, 12:00:00";"21";"0.13";"0.14";"44.08";"3.25"
"Steuart Weller ES";"May 14, 2026, 11:00:00";"21";"0.12";"0.14";"49.15";"3.58"
"Steuart Weller ES";"May 14, 2026, 10:00:00";"21";"0.12";"0.16";"60.5";"3.94"
"Steuart Weller ES";"May 14, 2026, 09:00:00";"21";"1.15";"0.16";"80.82";"5.36"
"Steuart Weller ES";"May 14, 2026, 08:00:00";"21";"1.94";"0.2";"93.88";"6.29"
"Steuart Weller ES";"May 14, 2026, 07:00:00";"20";"2.35";"0.13";"108.61";"7.69"
"Steuart Weller ES";"May 14, 2026, 06:00:00";"20";"3.47";"0.12";"127.37";"8.05"
"Steuart Weller ES";"May 14, 2026, 05:00:00";"19";"4.23";"0.12";"135.73";"7.48"
"Steuart Weller ES";"May 14, 2026, 04:00:00";"18";"4.42";"0.13";"143.6";"6.02"
"Steuart Weller ES";"May 14, 2026, 03:00:00";"17";"3.55";"0.14";"149.59";"10.53"
"Steuart Weller ES";"May 14, 2026, 02:00:00";"16";"3.67";"0.15";"145.16";"11.24"
"Steuart Weller ES";"May 14, 2026, 01:00:00";"14";"6.43";"0.15";"142.7";"5.34"
"Steuart Weller ES";"May 14, 2026, 00:00:00";"14";"7.29";"0.15";"128.46";"3.9"
"Steuart Weller ES";"May 13, 2026, 23:00:00";"14";"8.71";"0.16";"113.89";"3.3"
"Steuart Weller ES";"May 13, 2026, 22:00:00";"13";"6.99";"0.16";"97.85";"2.57"
"Steuart Weller ES";"May 13, 2026, 21:00:00";"13";"6.49";"0.16";"67.36";"2.19"
"Steuart Weller ES";"May 13, 2026, 20:00:00";"13";"6.48";"0.23";"79.72";"3.13"
"Steuart Weller ES";"May 13, 2026, 19:00:00";"13";"6";"0.24";"75.01";"3.47"
"Steuart Weller ES";"May 13, 2026, 18:00:00";"13";"5.8";"0.23";"66.12";"3.41"
"Steuart Weller ES";"May 13, 2026, 17:00:00";"13";"3.78";"0.24";"63.77";"3.28"
"Steuart Weller ES";"May 13, 2026, 16:00:00";"12";"2.75";"0.22";"56.08";"3.61"
"Steuart Weller ES";"May 13, 2026, 15:00:00";"12";"1.86";"0.21";"35.57";"3.38"
"Steuart Weller ES";"May 13, 2026, 14:00:00";"12";"1.03";"0.21";"37.48";"3.21"
"Steuart Weller ES";"May 13, 2026, 13:00:00";"12";"1.35";"0.24";"37.66";"3.1"
"Steuart Weller ES";"May 13, 2026, 12:00:00";"12";"2.9";"0.22";"38.98";"3.81"
"Steuart Weller ES";"May 13, 2026, 11:00:00";"12";"3.73";"0.22";"42.46";"3.97"
"Steuart Weller ES";"May 13, 2026, 10:00:00";"12";"4.49";"0.21";"41.4";"4.33"
"Steuart Weller ES";"May 13, 2026, 09:00:00";"11";"5.18";"0.2";"38.23";"4.32"
"Steuart Weller ES";"May 13, 2026, 08:00:00";"11";"5.56";"0.18";"34.8";"3.4"
"Steuart Weller ES";"May 13, 2026, 07:00:00";"11";"5.14";"0.15";"32.74";"2.92"
"Steuart Weller ES";"May 13, 2026, 06:00:00";"10";"4.35";"0.14";"31.88";"3.05"
"Steuart Weller ES";"May 13, 2026, 05:00:00";"10";"4.09";"0.15";"32.52";"3.1"
"Steuart Weller ES";"May 13, 2026, 04:00:00";"10";"3.72";"0.15";"33.62";"2.59"
"Steuart Weller ES";"May 13, 2026, 03:00:00";"10";"3.52";"0.16";"35.18";"2.38"
"Steuart Weller ES";"May 13, 2026, 02:00:00";"10";"3.56";"0.18";"39.33";"2.4"
"Steuart Weller ES";"May 13, 2026, 01:00:00";"10";"4.36";"0.2";"41.97";"2.33"
"Steuart Weller ES";"May 13, 2026, 00:00:00";"10";"4.18";"0.21";"41.53";"2.41"
"Steuart Weller ES";"May 12, 2026, 23:00:00";"9";"3.37";"0.22";"41.5";"2.34"
"Steuart Weller ES";"May 12, 2026, 22:00:00";"9";"3.4";"0.23";"39.61";"2.37"
"Steuart Weller ES";"May 12, 2026, 21:00:00";"9";"3.34";"0.22";"36.15";"2.12"
"Steuart Weller ES";"May 12, 2026, 20:00:00";"9";"2.9";"0.21";"28.86";"1.82"
"Steuart Weller ES";"May 12, 2026, 19:00:00";"9";"0.91";"0.21";"25.88";"1.84"
"Steuart Weller ES";"May 12, 2026, 18:00:00";"9";"0.1";"0.21";"27.39";"1.92"
"Steuart Weller ES";"May 12, 2026, 17:00:00";"9";"0.51";"0.21";"26.93";"2.05"
"Steuart Weller ES";"May 12, 2026, 16:00:00";"9";"0.54";"0.21";"27.49";"1.95"
"Steuart Weller ES";"May 12, 2026, 15:00:00";"9";"0.26";"0.21";"24.83";"2.59"
"Steuart Weller ES";"May 12, 2026, 14:00:00";"9";"0.43";"0.2";"25.4";"3.02"
"Steuart Weller ES";"May 12, 2026, 13:00:00";"9";"0.12";"0.19";"27.38";"3.66"
"Steuart Weller ES";"May 12, 2026, 12:00:00";"8";"0";"0.18";"31.54";"2.77"
"Steuart Weller ES";"May 12, 2026, 11:00:00";"8";"0";"0.17";"33.78";"2.11"
"Steuart Weller ES";"May 12, 2026, 10:00:00";"8";"0.01";"0.18";"35.19";"2.49"
"Steuart Weller ES";"May 12, 2026, 09:00:00";"8";"1.34";"0.15";"37.93";"1.74"
"Steuart Weller ES";"May 12, 2026, 08:00:00";"8";"1.78";"0.14";"49.48";"1.68"
"Steuart Weller ES";"May 12, 2026, 07:00:00";"8";"1.31";"0.12";"47.77";"1.97"
"Steuart Weller ES";"May 12, 2026, 06:00:00";"7";"1.54";"0.11";"46.06";"1.68"
"Steuart Weller ES";"May 12, 2026, 05:00:00";"7";"1.3";"0.11";"47.51";"1.98"
"Steuart Weller ES";"May 12, 2026, 04:00:00";"7";"0.58";"0.1";"45.58";"1.61"
"Steuart Weller ES";"May 12, 2026, 03:00:00";"7";"0.92";"0.1";"42.49";"1.86"
"Steuart Weller ES";"May 12, 2026, 02:00:00";"8";"0.31";"0.11";"42.33";"2.42"
"Steuart Weller ES";"May 12, 2026, 01:00:00";"8";"2.46";"0.13";"38.95";"1.8"
"Steuart Weller ES";"May 12, 2026, 00:00:00";"9";"2.84";"0.14";"36.3";"1.56"
"Steuart Weller ES";"May 11, 2026, 23:00:00";"10";"2.49";"0.16";"34.61";"1.38"
"Steuart Weller ES";"May 11, 2026, 22:00:00";"11";"1.76";"0.16";"32.53";"1.45"
"Steuart Weller ES";"May 11, 2026, 21:00:00";"12";"1.82";"0.15";"25.19";"1.28"
"Steuart Weller ES";"May 11, 2026, 20:00:00";"13";"0.07";"0.16";"26.17";"1.27"
"Steuart Weller ES";"May 11, 2026, 19:00:00";"14";"0";"0.15";"26.21";"1.47"
"Steuart Weller ES";"May 11, 2026, 18:00:00";"14";"0";"0.15";"25.01";"1.31"
"Steuart Weller ES";"May 11, 2026, 17:00:00";"15";"0.21";"0.16";"25.81";"1.48"
"Steuart Weller ES";"May 11, 2026, 16:00:00";"16";"0.01";"0.18";"28.28";"2.4"
"Steuart Weller ES";"May 11, 2026, 15:00:00";"16";"0.55";"0.17";"29.68";"2.52"
"Steuart Weller ES";"May 11, 2026, 14:00:00";"16";"0.72";"0.15";"28.82";"2.53"
"Steuart Weller ES";"May 11, 2026, 13:00:00";"16";"1.68";"0.15";"30.86";"2.28"
"Steuart Weller ES";"May 11, 2026, 12:00:00";"16";"2.05";"0.15";"30.97";"1.91"
"Steuart Weller ES";"May 11, 2026, 11:00:00";"16";"2.83";"0.16";"38.03";"1.85"
"Steuart Weller ES";"May 11, 2026, 10:00:00";"17";"2.7";"0.15";"43.01";"1.24"
"Steuart Weller ES";"May 11, 2026, 09:00:00";"18";"1.94";"0.11";"31.28";"1.12"
"Steuart Weller ES";"May 11, 2026, 08:00:00";"20";"0.67";"0.09";"27.09";"0.97"
"Steuart Weller ES";"May 11, 2026, 07:00:00";"21";"0.4";"0.08";"27.14";"0.89"
"Steuart Weller ES";"May 11, 2026, 06:00:00";"22";"0.06";"0.08";"28.66";"1.23"
"Steuart Weller ES";"May 11, 2026, 05:00:00";"25";"0";"0.07";"33.53";"1.39"
"Steuart Weller ES";"May 11, 2026, 04:00:00";"26";"0";"0.07";"37.4";"1.58"
"Steuart Weller ES";"May 11, 2026, 03:00:00";"28";"0";"0.11";"61.8";"3.34"
"Steuart Weller ES";"May 11, 2026, 02:00:00";"29";"0";"0.16";"113.54";"4.96"
"Steuart Weller ES";"May 11, 2026, 01:00:00";"29";"0.02";"0.19";"174.28";"7.24"
"Steuart Weller ES";"May 11, 2026, 00:00:00";"29";"0.02";"0.22";"205.42";"8.88"
"Steuart Weller ES";"May 10, 2026, 23:00:00";"28";"0.8";"0.23";"204.93";"7.85"
"Steuart Weller ES";"May 10, 2026, 22:00:00";"28";"0.77";"0.24";"186.1";"6.67"
"Steuart Weller ES";"May 10, 2026, 21:00:00";"27";"2.16";"0.25";"173.04";"5.72"
"Steuart Weller ES";"May 10, 2026, 20:00:00";"27";"2.28";"0.25";"162.9";"5.33"
"Steuart Weller ES";"May 10, 2026, 19:00:00";"27";"2.33";"0.26";"152.01";"5.14"
"Steuart Weller ES";"May 10, 2026, 18:00:00";"27";"1.01";"0.3";"153.63";"5.95"
"Steuart Weller ES";"May 10, 2026, 17:00:00";"26";"1.08";"0.25";"86.02";"5.93"
"Steuart Weller ES";"May 10, 2026, 16:00:00";"26";"0.19";"0.19";"46.1";"2.96"
"Steuart Weller ES";"May 10, 2026, 15:00:00";"26";"0";"0.19";"57.95";"2.72"
"Steuart Weller ES";"May 10, 2026, 14:00:00";"26";"0";"0.18";"62.9";"2.72"
"Steuart Weller ES";"May 10, 2026, 13:00:00";"27";"0";"0.18";"67.88";"2.69"
"Steuart Weller ES";"May 10, 2026, 12:00:00";"27";"0";"0.21";"74.57";"3.37"
"Steuart Weller ES";"May 10, 2026, 11:00:00";"27";"0";"0.25";"84.84";"4.06"
"Steuart Weller ES";"May 10, 2026, 10:00:00";"27";"1.86";"0.32";"119.79";"9.65"
"Steuart Weller ES";"May 10, 2026, 09:00:00";"26";"1.27";"0.28";"139";"9.75"
"Steuart Weller ES";"May 10, 2026, 08:00:00";"25";"0.12";"0.23";"133.53";"7.91"
"Steuart Weller ES";"May 10, 2026, 07:00:00";"24";"0.22";"0.21";"108.76";"7.89"
"Steuart Weller ES";"May 10, 2026, 06:00:00";"23";"0.06";"0.17";"94.75";"15.14"
"Steuart Weller ES";"May 10, 2026, 05:00:00";"21";"0";"0.18";"93.01";"11.5"
"Steuart Weller ES";"May 10, 2026, 04:00:00";"19";"0.52";"0.2";"92.92";"12.17"
"Steuart Weller ES";"May 10, 2026, 03:00:00";"17";"2.52";"0.22";"93.5";"6.98"
"Steuart Weller ES";"May 10, 2026, 02:00:00";"17";"0.18";"0.19";"85.15";"7.03"
"Steuart Weller ES";"May 10, 2026, 01:00:00";"16";"2.17";"0.22";"83.25";"5.36"
"Steuart Weller ES";"May 10, 2026, 00:00:00";"15";"2.76";"0.26";"80.86";"4.95"
"Steuart Weller ES";"May 9, 2026, 23:00:00";"15";"1.82";"0.28";"71.92";"4.83"
"Steuart Weller ES";"May 9, 2026, 22:00:00";"14";"2.08";"0.32";"64.97";"5.13"
"Steuart Weller ES";"May 9, 2026, 21:00:00";"14";"1.53";"0.26";"51.21";"4.51"
"Steuart Weller ES";"May 9, 2026, 20:00:00";"14";"0.17";"0.24";"40.96";"3.58"
"Steuart Weller ES";"May 9, 2026, 19:00:00";"13";"0.19";"0.24";"38.67";"3.54"
"Steuart Weller ES";"May 9, 2026, 18:00:00";"13";"0.14";"0.24";"39.35";"3.73"
"Steuart Weller ES";"May 9, 2026, 17:00:00";"13";"0.38";"0.25";"41.61";"3.69"
"Steuart Weller ES";"May 9, 2026, 16:00:00";"12";"0.28";"0.26";"41.7";"4.06"
"Steuart Weller ES";"May 9, 2026, 15:00:00";"12";"0.99";"0.28";"40.56";"4.62"
"Steuart Weller ES";"May 9, 2026, 14:00:00";"12";"1.35";"0.25";"40.44";"4.62"
"Steuart Weller ES";"May 9, 2026, 13:00:00";"11";"1.05";"0.24";"38.19";"4.46"
"Steuart Weller ES";"May 9, 2026, 12:00:00";"11";"1.53";"0.25";"37.02";"3.69"
"Steuart Weller ES";"May 9, 2026, 11:00:00";"11";"3.28";"0.24";"39.61";"3.54"
"Steuart Weller ES";"May 9, 2026, 10:00:00";"11";"4";"0.2";"35.34";"3.33"
"Steuart Weller ES";"May 9, 2026, 09:00:00";"11";"3.85";"0.19";"33.87";"3.32"
"Steuart Weller ES";"May 9, 2026, 08:00:00";"11";"4.74";"0.18";"31.34";"2.99"
"Steuart Weller ES";"May 9, 2026, 07:00:00";"10";"3.32";"0.17";"30.01";"2.55"
"Steuart Weller ES";"May 9, 2026, 06:00:00";"10";"3";"0.16";"28.61";"2.6"
"Steuart Weller ES";"May 9, 2026, 05:00:00";"10";"2.94";"0.16";"27.48";"2.38"
"Steuart Weller ES";"May 9, 2026, 04:00:00";"10";"3.08";"0.16";"26.75";"2.14"
"Steuart Weller ES";"May 9, 2026, 03:00:00";"10";"2.95";"0.17";"26.55";"2.59"
"Steuart Weller ES";"May 9, 2026, 02:00:00";"10";"2.76";"0.17";"26.66";"2.23"
"Steuart Weller ES";"May 9, 2026, 01:00:00";"10";"3.18";"0.18";"26.53";"2.3"
"Steuart Weller ES";"May 9, 2026, 00:00:00";"10";"6.88";"0.19";"27.31";"2.45"
"Steuart Weller ES";"May 8, 2026, 23:00:00";"11";"4.27";"0.21";"27.77";"2.33"
"Steuart Weller ES";"May 8, 2026, 22:00:00";"11";"5.14";"0.22";"28.54";"2.33"
"Steuart Weller ES";"May 8, 2026, 21:00:00";"11";"3.35";"0.2";"27.86";"2.27"
"Steuart Weller ES";"May 8, 2026, 20:00:00";"11";"2.53";"0.18";"24.14";"2.07"
"Steuart Weller ES";"May 8, 2026, 19:00:00";"11";"0.85";"0.19";"23.16";"1.9"
"Steuart Weller ES";"May 8, 2026, 18:00:00";"11";"0.92";"0.19";"23.47";"2.11"
"Steuart Weller ES";"May 8, 2026, 17:00:00";"11";"0.94";"0.17";"23.11";"2.23"
"Steuart Weller ES";"May 8, 2026, 16:00:00";"11";"0.31";"0.18";"21.23";"2.17"
"Steuart Weller ES";"May 8, 2026, 15:00:00";"11";"0.31";"0.16";"22.98";"2.51"
"Steuart Weller ES";"May 8, 2026, 14:00:00";"12";"0.38";"0.17";"22.97";"2.41"
"Steuart Weller ES";"May 8, 2026, 13:00:00";"12";"0.25";"0.16";"25.96";"2.79"
"Steuart Weller ES";"May 8, 2026, 12:00:00";"12";"0.18";"0.16";"29.51";"2.72"
"Steuart Weller ES";"May 8, 2026, 11:00:00";"12";"0.37";"0.16";"33.21";"2.74"
"Steuart Weller ES";"May 8, 2026, 10:00:00";"12";"0.77";"0.17";"33.62";"2.51"
"Steuart Weller ES";"May 8, 2026, 09:00:00";"12";"2.49";"0.19";"39.18";"2.6"
"Steuart Weller ES";"May 8, 2026, 08:00:00";"12";"3.82";"0.16";"49.1";"1.85"
"Steuart Weller ES";"May 8, 2026, 07:00:00";"12";"3.07";"0.11";"41.67";"2.16"
"Steuart Weller ES";"May 8, 2026, 06:00:00";"12";"2.42";"0.08";"39.36";"2.36"
"Steuart Weller ES";"May 8, 2026, 05:00:00";"12";"0.14";"0.07";"39.94";"2.45"
"Steuart Weller ES";"May 8, 2026, 04:00:00";"12";"0.16";"0.08";"40.35";"2.56"
"Steuart Weller ES";"May 8, 2026, 03:00:00";"12";"0.72";"0.09";"39.33";"2.27"
"Steuart Weller ES";"May 8, 2026, 02:00:00";"12";"1.36";"0.11";"42.34";"2.22"
"Steuart Weller ES";"May 8, 2026, 01:00:00";"13";"1.26";"0.12";"47.86";"2.91"
"Steuart Weller ES";"May 8, 2026, 00:00:00";"13";"1.64";"0.15";"47.8";"3.23"
"Steuart Weller ES";"May 7, 2026, 23:00:00";"13";"2.93";"0.16";"43.89";"2.79"
"Steuart Weller ES";"May 7, 2026, 22:00:00";"13";"3.32";"0.18";"40.82";"2.89"
"Steuart Weller ES";"May 7, 2026, 21:00:00";"13";"3.52";"0.19";"37.92";"2.89"
"Steuart Weller ES";"May 7, 2026, 20:00:00";"13";"3.54";"0.21";"35.75";"2.97"
"Steuart Weller ES";"May 7, 2026, 19:00:00";"13";"2.94";"0.21";"35.36";"3.29"
"Steuart Weller ES";"May 7, 2026, 18:00:00";"14";"1.45";"0.21";"25.2";"2.93"
"Steuart Weller ES";"May 7, 2026, 17:00:00";"14";"0.14";"0.18";"21.99";"2.38"
"Steuart Weller ES";"May 7, 2026, 16:00:00";"14";"0.15";"0.18";"22.51";"2.64"
"Steuart Weller ES";"May 7, 2026, 15:00:00";"15";"0.46";"0.17";"23.24";"3.48"
"Steuart Weller ES";"May 7, 2026, 14:00:00";"15";"0.01";"0.16";"24.89";"3"
"Steuart Weller ES";"May 7, 2026, 13:00:00";"15";"0.15";"0.19";"29.75";"3.26"
"Steuart Weller ES";"May 7, 2026, 12:00:00";"16";"1.26";"0.15";"29.17";"3.41"
"Steuart Weller ES";"May 7, 2026, 11:00:00";"16";"1.66";"0.12";"27.62";"2.37"
"Steuart Weller ES";"May 7, 2026, 10:00:00";"16";"1.67";"0.11";"28.19";"2.33"
"Steuart Weller ES";"May 7, 2026, 09:00:00";"17";"1.39";"0.11";"32.73";"2.29"
"Steuart Weller ES";"May 7, 2026, 08:00:00";"17";"1.89";"0.11";"38.02";"1.91"
"Steuart Weller ES";"May 7, 2026, 07:00:00";"18";"0.82";"0.1";"43.6";"2.13"
"Steuart Weller ES";"May 7, 2026, 06:00:00";"18";"0.6";"0.11";"56.03";"2.32"
"Steuart Weller ES";"May 7, 2026, 05:00:00";"18";"0.91";"0.12";"70.58";"2.88"
"Steuart Weller ES";"May 7, 2026, 04:00:00";"19";"1.63";"0.11";"70.82";"3.38"
"Steuart Weller ES";"May 7, 2026, 03:00:00";"19";"1.46";"0.12";"71.36";"4.34"
"Steuart Weller ES";"May 7, 2026, 02:00:00";"19";"0.96";"0.13";"84.52";"6.52"
"Steuart Weller ES";"May 7, 2026, 01:00:00";"19";"0.68";"0.14";"89.36";"3.7"
"Steuart Weller ES";"May 7, 2026, 00:00:00";"20";"0.37";"0.16";"90.82";"1.72"
"Steuart Weller ES";"May 6, 2026, 23:00:00";"20";"0.12";"0.18";"101.76";"1.66"
"Steuart Weller ES";"May 6, 2026, 22:00:00";"21";"0";"0.2";"130.75";"1.96"
"Steuart Weller ES";"May 6, 2026, 21:00:00";"21";"0.07";"0.22";"159.03";"4.04"
"Steuart Weller ES";"May 6, 2026, 20:00:00";"21";"0.11";"0.22";"154.19";"5.42"
"Steuart Weller ES";"May 6, 2026, 19:00:00";"21";"0.14";"0.22";"147.81";"5.34"
"Steuart Weller ES";"May 6, 2026, 18:00:00";"21";"0.13";"0.22";"143.66";"5.33"
"Steuart Weller ES";"May 6, 2026, 17:00:00";"21";"0.45";"0.23";"142.47";"4.93"
"Steuart Weller ES";"May 6, 2026, 16:00:00";"21";"1.23";"0.23";"144.88";"5.28"
"Steuart Weller ES";"May 6, 2026, 15:00:00";"20";"2.49";"0.22";"145.68";"5"
"Steuart Weller ES";"May 6, 2026, 14:00:00";"20";"3.27";"0.22";"154.44";"4.69"
"Steuart Weller ES";"May 6, 2026, 13:00:00";"20";"4.22";"0.23";"168.31";"4.56"
"Steuart Weller ES";"May 6, 2026, 12:00:00";"20";"5.7";"0.23";"176.04";"4.55"
"Steuart Weller ES";"May 6, 2026, 11:00:00";"20";"5.48";"0.22";"164.52";"4.91"
"Steuart Weller ES";"May 6, 2026, 10:00:00";"20";"6.75";"0.23";"145.6";"5.32"
"Steuart Weller ES";"May 6, 2026, 09:00:00";"20";"5.33";"0.23";"121.98";"4.66"
"Steuart Weller ES";"May 6, 2026, 08:00:00";"20";"3.92";"0.23";"90.08";"4.23"
"Steuart Weller ES";"May 6, 2026, 07:00:00";"20";"3.11";"0.22";"72.81";"3.9"
"Steuart Weller ES";"May 6, 2026, 06:00:00";"20";"2.64";"0.23";"63.85";"4.69"
"Steuart Weller ES";"May 6, 2026, 05:00:00";"20";"2.46";"0.24";"57.61";"4.8"
"Steuart Weller ES";"May 6, 2026, 04:00:00";"20";"2.64";"0.25";"51.51";"5.47"
"Steuart Weller ES";"May 6, 2026, 03:00:00";"19";"2.46";"0.25";"44.56";"5.86"
"Steuart Weller ES";"May 6, 2026, 02:00:00";"19";"2.5";"0.26";"40";"6.53"
"Steuart Weller ES";"May 6, 2026, 01:00:00";"18";"2.32";"0.27";"36.38";"5.79"
"Steuart Weller ES";"May 6, 2026, 00:00:00";"18";"3.59";"0.27";"31.87";"5.3"
"Steuart Weller ES";"May 5, 2026, 23:00:00";"17";"1.99";"0.26";"25.17";"4.36"
"Steuart Weller ES";"May 5, 2026, 22:00:00";"17";"1.75";"0.26";"21.32";"4.32"
"Steuart Weller ES";"May 5, 2026, 21:00:00";"16";"1.2";"0.25";"20.04";"4.32"
"Steuart Weller ES";"May 5, 2026, 20:00:00";"16";"1.05";"0.24";"22.91";"4.05"
"Steuart Weller ES";"May 5, 2026, 19:00:00";"16";"0.44";"0.25";"25.68";"5.32"
"Steuart Weller ES";"May 5, 2026, 18:00:00";"16";"0.06";"0.24";"29.05";"4.18"
"Steuart Weller ES";"May 5, 2026, 17:00:00";"15";"0.08";"0.22";"30.98";"4.07"
"Steuart Weller ES";"May 5, 2026, 16:00:00";"15";"0";"0.22";"34.09";"4.16"
"Steuart Weller ES";"May 5, 2026, 15:00:00";"15";"0";"0.23";"39.08";"4.32"
"Steuart Weller ES";"May 5, 2026, 14:00:00";"15";"0";"0.25";"45.97";"4.84"
"Steuart Weller ES";"May 5, 2026, 13:00:00";"14";"0.04";"0.23";"42.82";"4.06"
"Steuart Weller ES";"May 5, 2026, 12:00:00";"14";"0.25";"0.25";"46.1";"5.19"
"Steuart Weller ES";"May 5, 2026, 11:00:00";"13";"1.23";"0.26";"46.1";"5.11"
"Steuart Weller ES";"May 5, 2026, 10:00:00";"13";"3.42";"0.28";"45.06";"4.23"
"Steuart Weller ES";"May 5, 2026, 09:00:00";"13";"3.99";"0.26";"48.77";"4.4"
"Steuart Weller ES";"May 5, 2026, 08:00:00";"13";"5.19";"0.22";"44.98";"4.02"
"Steuart Weller ES";"May 5, 2026, 07:00:00";"12";"5.52";"0.19";"44.28";"3.96"
"Steuart Weller ES";"May 5, 2026, 06:00:00";"12";"4.61";"0.19";"46.2";"3.77"
"Steuart Weller ES";"May 5, 2026, 05:00:00";"12";"4.13";"0.19";"48.33";"3.34"
"Steuart Weller ES";"May 5, 2026, 04:00:00";"12";"4.14";"0.19";"49.21";"2.97"
"Steuart Weller ES";"May 5, 2026, 03:00:00";"11";"5.23";"0.21";"49.33";"2.71"
"Steuart Weller ES";"May 5, 2026, 02:00:00";"11";"3.9";"0.21";"54.9";"2.55"
"Steuart Weller ES";"May 5, 2026, 01:00:00";"11";"3.38";"0.21";"53.02";"2.56"
"Steuart Weller ES";"May 5, 2026, 00:00:00";"11";"3.25";"0.21";"49.62";"2.62"
"Steuart Weller ES";"May 4, 2026, 23:00:00";"11";"2.7";"0.22";"44.71";"2.55"
"Steuart Weller ES";"May 4, 2026, 22:00:00";"11";"2.43";"0.22";"39.8";"2.66"
"Steuart Weller ES";"May 4, 2026, 21:00:00";"11";"2.04";"0.22";"37.41";"2.75"
"Steuart Weller ES";"May 4, 2026, 20:00:00";"11";"1.77";"0.22";"33.08";"2.69"
"Steuart Weller ES";"May 4, 2026, 19:00:00";"11";"1.06";"0.22";"31.79";"2.82"
"Steuart Weller ES";"May 4, 2026, 18:00:00";"11";"0.3";"0.21";"34.08";"2.83"
"Steuart Weller ES";"May 4, 2026, 17:00:00";"10";"0.01";"0.21";"38.99";"2.7"
"Steuart Weller ES";"May 4, 2026, 16:00:00";"10";"0";"0.21";"43.78";"2.81"
"Steuart Weller ES";"May 4, 2026, 15:00:00";"10";"0.06";"0.21";"40.11";"2.8"
"Steuart Weller ES";"May 4, 2026, 14:00:00";"10";"0.16";"0.2";"40.11";"2.61"
"Steuart Weller ES";"May 4, 2026, 13:00:00";"10";"0.04";"0.2";"37.81";"2.38"
"Steuart Weller ES";"May 4, 2026, 12:00:00";"10";"0.09";"0.2";"35.6";"2.32"
"Steuart Weller ES";"May 4, 2026, 11:00:00";"10";"0.98";"0.2";"38.67";"2.5"
"Steuart Weller ES";"May 4, 2026, 10:00:00";"10";"3.65";"0.22";"42.21";"3.27"
"Steuart Weller ES";"May 4, 2026, 09:00:00";"10";"4.91";"0.22";"38.04";"3.62"
"Steuart Weller ES";"May 4, 2026, 08:00:00";"10";"5.86";"0.18";"35.86";"2.79"
"Steuart Weller ES";"May 4, 2026, 07:00:00";"9";"4.32";"0.16";"31.89";"2.14"
"Steuart Weller ES";"May 4, 2026, 06:00:00";"9";"4.91";"0.14";"30.89";"2.25"
"Steuart Weller ES";"May 4, 2026, 05:00:00";"9";"5.2";"0.15";"34.89";"2.1"
"Steuart Weller ES";"May 4, 2026, 04:00:00";"9";"7.48";"0.16";"36.59";"1.9"
"Steuart Weller ES";"May 4, 2026, 03:00:00";"9";"5.56";"0.15";"36.8";"2.04"
"Steuart Weller ES";"May 4, 2026, 02:00:00";"9";"4.4";"0.13";"32.05";"2.11"
"Steuart Weller ES";"May 4, 2026, 01:00:00";"9";"4.81";"0.14";"29.67";"2.28"
"Steuart Weller ES";"May 4, 2026, 00:00:00";"9";"6.8";"0.16";"27.9";"2.46"
"Steuart Weller ES";"May 3, 2026, 23:00:00";"10";"6.11";"0.15";"29.55";"2.29"
"Steuart Weller ES";"May 3, 2026, 22:00:00";"9";"3.87";"0.12";"26.1";"2.07"
"Steuart Weller ES";"May 3, 2026, 21:00:00";"10";"3.76";"0.15";"25.48";"1.93"
"Steuart Weller ES";"May 3, 2026, 20:00:00";"10";"2.71";"0.16";"27.01";"1.98"
"Steuart Weller ES";"May 3, 2026, 19:00:00";"10";"1.79";"0.16";"29.13";"1.79"
"Steuart Weller ES";"May 3, 2026, 18:00:00";"10";"2.05";"0.15";"29.37";"1.79"
"Steuart Weller ES";"May 3, 2026, 17:00:00";"11";"1.6";"0.15";"29.45";"2.04"
"Steuart Weller ES";"May 3, 2026, 16:00:00";"11";"1.63";"0.16";"28.73";"2.06"
"Steuart Weller ES";"May 3, 2026, 15:00:00";"11";"1.32";"0.16";"28.52";"2.71"
"Steuart Weller ES";"May 3, 2026, 14:00:00";"11";"0.95";"0.16";"28.18";"1.85"
"Steuart Weller ES";"May 3, 2026, 13:00:00";"11";"1.45";"0.14";"25.88";"2.02"
"Steuart Weller ES";"May 3, 2026, 12:00:00";"11";"1.43";"0.13";"24.5";"2.18"
"Steuart Weller ES";"May 3, 2026, 11:00:00";"12";"1.7";"0.12";"23.49";"2.57"
"Steuart Weller ES";"May 3, 2026, 10:00:00";"12";"1.73";"0.1";"22.98";"2.83"
"Steuart Weller ES";"May 3, 2026, 09:00:00";"12";"1.4";"0.1";"22.79";"2.38"
"Steuart Weller ES";"May 3, 2026, 08:00:00";"12";"1.91";"0.09";"24.33";"1.96"
"Steuart Weller ES";"May 3, 2026, 07:00:00";"12";"2.48";"0.08";"25.45";"1.58"
"Steuart Weller ES";"May 3, 2026, 06:00:00";"12";"2.72";"0.08";"26.47";"1.6"
"Steuart Weller ES";"May 3, 2026, 05:00:00";"12";"2.97";"0.08";"26.04";"1.73"
"Steuart Weller ES";"May 3, 2026, 04:00:00";"12";"3.4";"0.08";"25.28";"2.13"
"Steuart Weller ES";"May 3, 2026, 03:00:00";"12";"3.42";"0.08";"23.81";"1.76"
"Steuart Weller ES";"May 3, 2026, 02:00:00";"12";"3.73";"0.23";"24.47";"2.32"
"Steuart Weller ES";"May 3, 2026, 01:00:00";"12";"3.68";"0.24";"25.34";"3.02"
"Steuart Weller ES";"May 3, 2026, 00:00:00";"12";"3.69";"0.25";"24.22";"3.3"
"Steuart Weller ES";"May 2, 2026, 23:00:00";"11";"3.56";"0.26";"23.28";"2.1"
"Steuart Weller ES";"May 2, 2026, 22:00:00";"11";"3.61";"0.26";"24.45";"3.06"
"Steuart Weller ES";"May 2, 2026, 21:00:00";"11";"3.45";"0.26";"24.35";"2.74"
"Steuart Weller ES";"May 2, 2026, 20:00:00";"11";"2.81";"0.27";"24.41";"3.46"
"Steuart Weller ES";"May 2, 2026, 19:00:00";"10";"2.53";"0.27";"24.87";"3.16"
"Steuart Weller ES";"May 2, 2026, 18:00:00";"10";"1.6";"0.28";"26.64";"3.12"
"Steuart Weller ES";"May 2, 2026, 17:00:00";"10";"1.33";"0.29";"27.69";"2.82"
"Steuart Weller ES";"May 2, 2026, 16:00:00";"9";"0.82";"0.28";"27.8";"2.99"
"Steuart Weller ES";"May 2, 2026, 15:00:00";"9";"0.57";"0.28";"29.34";"3.5"
"Steuart Weller ES";"May 2, 2026, 14:00:00";"9";"0.38";"0.28";"30.34";"3.43"
"Steuart Weller ES";"May 2, 2026, 13:00:00";"9";"0.19";"0.3";"32.22";"3"
"Steuart Weller ES";"May 2, 2026, 12:00:00";"9";"0.47";"0.27";"28.67";"2.89"
"Steuart Weller ES";"May 2, 2026, 11:00:00";"8";"1.16";"0.26";"28.9";"3.76"
"Steuart Weller ES";"May 2, 2026, 10:00:00";"8";"1.87";"0.26";"28.97";"3.16"
"Steuart Weller ES";"May 2, 2026, 09:00:00";"8";"2.32";"0.24";"28.22";"3.91"
"Steuart Weller ES";"May 2, 2026, 08:00:00";"7";"2.81";"0.23";"28.13";"2.72"
"Steuart Weller ES";"May 2, 2026, 07:00:00";"7";"2.97";"0.23";"29.05";"1.66"
"Steuart Weller ES";"May 2, 2026, 06:00:00";"7";"2.93";"0.24";"30.89";"0.95"
"Steuart Weller ES";"May 2, 2026, 05:00:00";"7";"3.18";"0.25";"31.3";"1.49"
"Steuart Weller ES";"May 2, 2026, 04:00:00";"7";"3.27";"0.26";"34.19";"1.72"
"Steuart Weller ES";"May 2, 2026, 03:00:00";"7";"3.82";"0.27";"38.67";"1.88"
"Steuart Weller ES";"May 2, 2026, 02:00:00";"7";"3.71";"0.28";"38.69";"1.77"
"Steuart Weller ES";"May 2, 2026, 01:00:00";"7";"3.58";"0.29";"40.96";"1.66"
"Steuart Weller ES";"May 2, 2026, 00:00:00";"7";"3.71";"0.29";"40.35";"1.43"
"Steuart Weller ES";"May 1, 2026, 23:00:00";"7";"4.46";"0.33";"38.7";"1.85"
"Steuart Weller ES";"May 1, 2026, 22:00:00";"7";"4.36";"0.33";"35.96";"1.62"
"Steuart Weller ES";"May 1, 2026, 21:00:00";"7";"4.47";"0.32";"33.19";"1.69"
"Steuart Weller ES";"May 1, 2026, 20:00:00";"7";"3.23";"0.3";"32.32";"1.34"
"Steuart Weller ES";"May 1, 2026, 19:00:00";"7";"1.43";"0.29";"33.59";"1.03"
"Steuart Weller ES";"May 1, 2026, 18:00:00";"7";"0.31";"0.3";"32.95";"1.01"
"Steuart Weller ES";"May 1, 2026, 17:00:00";"7";"0.63";"0.3";"33.61";"1.25"
"Steuart Weller ES";"May 1, 2026, 16:00:00";"7";"0.2";"0.3";"35.01";"1.37"
"Steuart Weller ES";"May 1, 2026, 15:00:00";"7";"0.12";"0.31";"35.19";"1.72"
"Steuart Weller ES";"May 1, 2026, 14:00:00";"7";"0.89";"0.31";"38.18";"2.73"
"Steuart Weller ES";"May 1, 2026, 13:00:00";"7";"0.27";"0.31";"38.52";"2.26"
"Steuart Weller ES";"May 1, 2026, 12:00:00";"7";"0.05";"0.3";"41.11";"1.92"
"Steuart Weller ES";"May 1, 2026, 11:00:00";"7";"0.01";"0.31";"42.3";"1.55"
"Steuart Weller ES";"May 1, 2026, 10:00:00";"7";"0.6";"0.33";"46.02";"1.57"
"Steuart Weller ES";"May 1, 2026, 09:00:00";"8";"3.25";"0.32";"47.05";"1.37"
"Steuart Weller ES";"May 1, 2026, 08:00:00";"8";"4.85";"0.32";"51.1";"1.76"
"Steuart Weller ES";"May 1, 2026, 07:00:00";"9";"6.09";"0.28";"44.25";"1.58"
"Steuart Weller ES";"May 1, 2026, 06:00:00";"9";"3.12";"0.24";"40.66";"1.28"
"Steuart Weller ES";"May 1, 2026, 05:00:00";"10";"0.39";"0.22";"38.9";"1.26"
"Steuart Weller ES";"May 1, 2026, 04:00:00";"10";"2.43";"0.23";"37.98";"1.14"
"Steuart Weller ES";"May 1, 2026, 03:00:00";"10";"1.44";"0.23";"38.17";"1.36"
"Steuart Weller ES";"May 1, 2026, 02:00:00";"10";"2.44";"0.24";"36.68";"1.24"
"Steuart Weller ES";"May 1, 2026, 01:00:00";"11";"3.11";"0.25";"36.06";"1.17"
"Steuart Weller ES";"May 1, 2026, 00:00:00";"12";"2.67";"0.24";"35.35";"1.2"
"Steuart Weller ES";"Apr 30, 2026, 23:00:00";"13";"2.81";"0.25";"34.51";"1.3"
"Steuart Weller ES";"Apr 30, 2026, 22:00:00";"14";"2.89";"0.26";"35.5";"1.75"
"Steuart Weller ES";"Apr 30, 2026, 21:00:00";"15";"2.47";"0.26";"33.8";"1.31"
"Steuart Weller ES";"Apr 30, 2026, 20:00:00";"17";"2.1";"0.27";"36.29";"1.05"
"Steuart Weller ES";"Apr 30, 2026, 19:00:00";"18";"1.82";"0.28";"39.73";"0.74"
"Steuart Weller ES";"Apr 30, 2026, 18:00:00";"20";"0.86";"0.29";"41.8";"1.19"
"Steuart Weller ES";"Apr 30, 2026, 17:00:00";"22";"0.98";"0.27";"41.21";"1.42"
"Steuart Weller ES";"Apr 30, 2026, 16:00:00";"23";"0.29";"0.27";"40.66";"1.34"
"Steuart Weller ES";"Apr 30, 2026, 15:00:00";"24";"0.08";"0.27";"42.81";"1.71"
"Steuart Weller ES";"Apr 30, 2026, 14:00:00";"26";"0.03";"0.28";"48.71";"2.15"
"Steuart Weller ES";"Apr 30, 2026, 13:00:00";"27";"0.19";"0.26";"50.96";"2.44"
"Steuart Weller ES";"Apr 30, 2026, 12:00:00";"28";"0.03";"0.27";"58.56";"2.5"
"Steuart Weller ES";"Apr 30, 2026, 11:00:00";"29";"0.12";"0.29";"66.74";"3.71"
"Steuart Weller ES";"Apr 30, 2026, 10:00:00";"29";"0.34";"0.31";"77.61";"4.7"
"Steuart Weller ES";"Apr 30, 2026, 09:00:00";"29";"2.54";"0.34";"126.09";"3.62"
"Steuart Weller ES";"Apr 30, 2026, 08:00:00";"29";"2.73";"0.47";"131.55";"5.08"
"Steuart Weller ES";"Apr 30, 2026, 07:00:00";"29";"1.15";"0.26";"127.01";"6.17"
"Steuart Weller ES";"Apr 30, 2026, 06:00:00";"28";"0.55";"0.25";"134.55";"3.63"
"Steuart Weller ES";"Apr 30, 2026, 05:00:00";"28";"0.05";"0.25";"151.49";"0"
"Steuart Weller ES";"Apr 30, 2026, 04:00:00";"27";"0";"0.27";"178.07";"0"
"Steuart Weller ES";"Apr 30, 2026, 03:00:00";"26";"0";"0.28";"211.01";"0"
"Steuart Weller ES";"Apr 30, 2026, 02:00:00";"25";"0.15";"0.29";"207.11";"0"
"Steuart Weller ES";"Apr 30, 2026, 01:00:00";"25";"0.61";"0.29";"210.65";"10.07"
"Steuart Weller ES";"Apr 30, 2026, 00:00:00";"25";"1.65";"0.29";"210.32";"6.35"
"Steuart Weller ES";"Apr 29, 2026, 23:00:00";"25";"3.28";"0.29";"209.82";"4.25"
"Steuart Weller ES";"Apr 29, 2026, 22:00:00";"25";"3.43";"0.31";"228.63";"7.97"
"Steuart Weller ES";"Apr 29, 2026, 21:00:00";"25";"3.09";"0.33";"231.01";"7.95"
"Steuart Weller ES";"Apr 29, 2026, 20:00:00";"24";"3.32";"0.35";"226.23";"7.27"
"Steuart Weller ES";"Apr 29, 2026, 19:00:00";"24";"4.72";"0.34";"208.29";"9.4"
"Steuart Weller ES";"Apr 29, 2026, 18:00:00";"24";"4.12";"0.32";"181.95";"9.43"
"Steuart Weller ES";"Apr 29, 2026, 17:00:00";"23";"3.23";"0.33";"172";"8.35"
"Steuart Weller ES";"Apr 29, 2026, 16:00:00";"22";"3.91";"0.34";"160.45";"8.29"
"Steuart Weller ES";"Apr 29, 2026, 15:00:00";"21";"6.7";"0.33";"138.08";"9.54"
"Steuart Weller ES";"Apr 29, 2026, 14:00:00";"20";"6.07";"0.35";"124.4";"8.21"
"Steuart Weller ES";"Apr 29, 2026, 13:00:00";"19";"6.09";"0.33";"102.45";"6.63"
"Steuart Weller ES";"Apr 29, 2026, 12:00:00";"18";"6.65";"0.33";"87.08";"5.05"
"Steuart Weller ES";"Apr 29, 2026, 11:00:00";"18";"7.39";"0.32";"81.26";"4.55"
"Steuart Weller ES";"Apr 29, 2026, 10:00:00";"17";"6.29";"0.32";"76.39";"5.7"
"Steuart Weller ES";"Apr 29, 2026, 09:00:00";"17";"5.2";"0.3";"71.9";"3.22"
"Steuart Weller ES";"Apr 29, 2026, 08:00:00";"16";"5.09";"0.28";"70.79";"2.97"
"Steuart Weller ES";"Apr 29, 2026, 07:00:00";"16";"3.4";"0.27";"71.5";"2.25"
"Steuart Weller ES";"Apr 29, 2026, 06:00:00";"16";"2.49";"0.26";"75.03";"2.24"
"Steuart Weller ES";"Apr 29, 2026, 05:00:00";"16";"1.77";"0.26";"82.19";"2.3"
"Steuart Weller ES";"Apr 29, 2026, 04:00:00";"16";"1.26";"0.27";"84.82";"2.18"
"Steuart Weller ES";"Apr 29, 2026, 03:00:00";"16";"0.47";"0.29";"97.38";"3.02"
"Steuart Weller ES";"Apr 29, 2026, 02:00:00";"16";"0.89";"0.32";"115.35";"6.4"
"Steuart Weller ES";"Apr 29, 2026, 01:00:00";"15";"1.89";"0.32";"112.62";"7.38"
"Steuart Weller ES";"Apr 29, 2026, 00:00:00";"14";"2.46";"0.31";"106.23";"6.36"
"Steuart Weller ES";"Apr 28, 2026, 23:00:00";"13";"1.29";"0.31";"101.69";"5.14"
"Steuart Weller ES";"Apr 28, 2026, 22:00:00";"13";"1.81";"0.32";"99.57";"5.59"
"Steuart Weller ES";"Apr 28, 2026, 21:00:00";"12";"2.38";"0.32";"96.84";"6.61"
"Steuart Weller ES";"Apr 28, 2026, 20:00:00";"12";"1.64";"0.31";"91.78";"6.86"
"Steuart Weller ES";"Apr 28, 2026, 19:00:00";"11";"2.05";"0.32";"86.92";"6.01"
"Steuart Weller ES";"Apr 28, 2026, 18:00:00";"11";"1.77";"0.32";"83.94";"4.81"
"Steuart Weller ES";"Apr 28, 2026, 17:00:00";"11";"2.39";"0.32";"76.06";"4.24"
"Steuart Weller ES";"Apr 28, 2026, 16:00:00";"10";"2.09";"0.33";"65.57";"2.81"
"Steuart Weller ES";"Apr 28, 2026, 15:00:00";"10";"3.03";"0.34";"65.21";"2.66"
"Steuart Weller ES";"Apr 28, 2026, 14:00:00";"10";"4";"0.34";"63.94";"2.11"
"Steuart Weller ES";"Apr 28, 2026, 13:00:00";"11";"4.74";"0.3";"59.31";"1.52"
"Steuart Weller ES";"Apr 28, 2026, 12:00:00";"11";"5.83";"0.29";"59.03";"1.85"
"Steuart Weller ES";"Apr 28, 2026, 11:00:00";"11";"6.28";"0.28";"55.33";"1.8"
"Steuart Weller ES";"Apr 28, 2026, 10:00:00";"11";"4.96";"0.25";"47.85";"2.06"
"Steuart Weller ES";"Apr 28, 2026, 09:00:00";"11";"5.84";"0.29";"42.11";"2.49"
"Steuart Weller ES";"Apr 28, 2026, 08:00:00";"11";"9.09";"0.29";"42.96";"2.25"
"Steuart Weller ES";"Apr 28, 2026, 07:00:00";"11";"6.82";"0.27";"42.99";"2.02"
"Steuart Weller ES";"Apr 28, 2026, 06:00:00";"12";"6.04";"0.26";"44.25";"1.87"
"Steuart Weller ES";"Apr 28, 2026, 05:00:00";"13";"3.66";"0.25";"43.48";"1.77"
"Steuart Weller ES";"Apr 28, 2026, 04:00:00";"14";"3.69";"0.26";"45.15";"1.72"
"Steuart Weller ES";"Apr 28, 2026, 03:00:00";"15";"3.38";"0.26";"46.25";"1.81"
"Steuart Weller ES";"Apr 28, 2026, 02:00:00";"16";"3.88";"0.28";"45.8";"1.88"
"Steuart Weller ES";"Apr 28, 2026, 01:00:00";"16";"4.45";"0.29";"43.94";"2.16"
"Steuart Weller ES";"Apr 28, 2026, 00:00:00";"16";"4.16";"0.3";"41.48";"2.2"
"Steuart Weller ES";"Apr 27, 2026, 23:00:00";"16";"5.06";"0.32";"46.57";"2.64"
"Steuart Weller ES";"Apr 27, 2026, 22:00:00";"16";"4.67";"0.34";"48.94";"2.91"
"Steuart Weller ES";"Apr 27, 2026, 21:00:00";"16";"3.76";"0.34";"45.84";"2.66"
"Steuart Weller ES";"Apr 27, 2026, 20:00:00";"16";"3.6";"0.33";"43.84";"2.66"
"Steuart Weller ES";"Apr 27, 2026, 19:00:00";"16";"2.77";"0.34";"42.07";"3.55"
"Steuart Weller ES";"Apr 27, 2026, 18:00:00";"16";"2.03";"0.35";"40.81";"4.04"
"Steuart Weller ES";"Apr 27, 2026, 17:00:00";"15";"0.59";"0.34";"40.57";"3.54"
"Steuart Weller ES";"Apr 27, 2026, 16:00:00";"15";"0";"0.33";"43.27";"3.18"
"Steuart Weller ES";"Apr 27, 2026, 15:00:00";"15";"0";"0.32";"47.21";"2.65"
"Steuart Weller ES";"Apr 27, 2026, 14:00:00";"15";"0";"0.31";"49.59";"2.38"
"Steuart Weller ES";"Apr 27, 2026, 13:00:00";"15";"0";"0.31";"51.27";"2.55"
"Steuart Weller ES";"Apr 27, 2026, 12:00:00";"15";"0";"0.32";"58";"2.27"
"Steuart Weller ES";"Apr 27, 2026, 11:00:00";"15";"5.13";"0.33";"68.2";"2.16"
"Steuart Weller ES";"Apr 27, 2026, 10:00:00";"15";"7.49";"0.41";"84.83";"3.15"
"Steuart Weller ES";"Apr 27, 2026, 09:00:00";"15";"7.9";"0.42";"97.63";"2.87"
"Steuart Weller ES";"Apr 27, 2026, 08:00:00";"15";"5.75";"0.35";"77.28";"2.12"
"Steuart Weller ES";"Apr 27, 2026, 07:00:00";"15";"3.96";"0.28";"58.22";"5.51"
"Steuart Weller ES";"Apr 27, 2026, 06:00:00";"14";"3.39";"0.25";"58.12";"7.8"
"Steuart Weller ES";"Apr 27, 2026, 05:00:00";"13";"2.12";"0.25";"64.02";"9.79"
"Steuart Weller ES";"Apr 27, 2026, 04:00:00";"11";"4.07";"0.26";"68.42";"7.17"
"Steuart Weller ES";"Apr 27, 2026, 03:00:00";"10";"3.79";"0.26";"65.62";"5.11"
"Steuart Weller ES";"Apr 27, 2026, 02:00:00";"10";"4.53";"0.25";"59.91";"4.45"
"Steuart Weller ES";"Apr 27, 2026, 01:00:00";"9";"5.39";"0.24";"58.36";"3.24"
"Steuart Weller ES";"Apr 27, 2026, 00:00:00";"9";"6.14";"0.27";"57.7";"2.17"
"Steuart Weller ES";"Apr 26, 2026, 23:00:00";"10";"6.57";"0.28";"55.87";"1.74"
"Steuart Weller ES";"Apr 26, 2026, 22:00:00";"11";"7.48";"0.28";"53.61";"1.85"
"Steuart Weller ES";"Apr 26, 2026, 21:00:00";"12";"7.74";"0.29";"54.77";"2.33"
"Steuart Weller ES";"Apr 26, 2026, 20:00:00";"13";"7.68";"0.28";"55.77";"2.6"
"Steuart Weller ES";"Apr 26, 2026, 19:00:00";"14";"7.8";"0.28";"51.06";"1.8"
"Steuart Weller ES";"Apr 26, 2026, 18:00:00";"15";"7.45";"0.29";"51.73";"3"
"Steuart Weller ES";"Apr 26, 2026, 17:00:00";"16";"7.03";"0.29";"51";"1.92"
"Steuart Weller ES";"Apr 26, 2026, 16:00:00";"17";"6.51";"0.29";"50.15";"1.6"
"Steuart Weller ES";"Apr 26, 2026, 15:00:00";"18";"6.16";"0.3";"50.11";"1.91"
"Steuart Weller ES";"Apr 26, 2026, 14:00:00";"20";"6.82";"0.29";"49.82";"2.5"
"Steuart Weller ES";"Apr 26, 2026, 13:00:00";"21";"5.74";"0.27";"49.86";"4.99"
"Steuart Weller ES";"Apr 26, 2026, 12:00:00";"22";"5.89";"0.28";"53.6";"3.3"
"Steuart Weller ES";"Apr 26, 2026, 11:00:00";"24";"6.83";"0.28";"55.08";"3.11"
"Steuart Weller ES";"Apr 26, 2026, 10:00:00";"25";"6.56";"0.24";"54.23";"1.93"
"Steuart Weller ES";"Apr 26, 2026, 09:00:00";"26";"6.12";"0.23";"54.17";"1.75"
"Steuart Weller ES";"Apr 26, 2026, 08:00:00";"27";"6.11";"0.22";"53.06";"0.92"
"Steuart Weller ES";"Apr 26, 2026, 07:00:00";"28";"5.74";"0.22";"54.75";"0.85"
"Steuart Weller ES";"Apr 26, 2026, 06:00:00";"29";"5.6";"0.21";"56.71";"1.08"
"Steuart Weller ES";"Apr 26, 2026, 05:00:00";"30";"5.73";"0.22";"57.89";"1.58"
"Steuart Weller ES";"Apr 26, 2026, 04:00:00";"30";"5.63";"0.22";"61.59";"1.37"
"Steuart Weller ES";"Apr 26, 2026, 03:00:00";"31";"5.75";"0.22";"66.1";"0.96"
"Steuart Weller ES";"Apr 26, 2026, 02:00:00";"32";"5.8";"0.22";"72.17";"1.22"
"Steuart Weller ES";"Apr 26, 2026, 01:00:00";"33";"6.22";"0.23";"80.04";"2.11"
"Steuart Weller ES";"Apr 26, 2026, 00:00:00";"33";"6.36";"0.24";"87.31";"7.03"
"Steuart Weller ES";"Apr 25, 2026, 23:00:00";"33";"6.64";"0.25";"89.38";"10.02"
"Steuart Weller ES";"Apr 25, 2026, 22:00:00";"32";"6.77";"0.25";"90.07";"6.32"
"Steuart Weller ES";"Apr 25, 2026, 21:00:00";"32";"6.93";"0.25";"92.93";"6.8"
"Steuart Weller ES";"Apr 25, 2026, 20:00:00";"32";"7.63";"0.25";"91.05";"7.86"
"Steuart Weller ES";"Apr 25, 2026, 19:00:00";"31";"7.42";"0.26";"91.84";"8.74"
"Steuart Weller ES";"Apr 25, 2026, 18:00:00";"31";"7.2";"0.27";"97.38";"8.24"
"Steuart Weller ES";"Apr 25, 2026, 17:00:00";"31";"7.21";"0.29";"79.7";"8.65"
"Steuart Weller ES";"Apr 25, 2026, 16:00:00";"30";"6.61";"0.28";"72.44";"8.86"
"Steuart Weller ES";"Apr 25, 2026, 15:00:00";"30";"6.31";"0.31";"75.29";"10.76"
"Steuart Weller ES";"Apr 25, 2026, 14:00:00";"29";"6.42";"0.32";"82.54";"11.61"
"Steuart Weller ES";"Apr 25, 2026, 13:00:00";"29";"7.29";"0.32";"88.43";"11.02"
"Steuart Weller ES";"Apr 25, 2026, 12:00:00";"28";"7.1";"0.3";"91.04";"10.23"
"Steuart Weller ES";"Apr 25, 2026, 11:00:00";"27";"7.17";"0.29";"89.29";"10.06"
"Steuart Weller ES";"Apr 25, 2026, 10:00:00";"26";"7.41";"0.29";"83.94";"9.17"
"Steuart Weller ES";"Apr 25, 2026, 09:00:00";"26";"7.22";"0.29";"82.22";"7.76"
"Steuart Weller ES";"Apr 25, 2026, 08:00:00";"25";"7.4";"0.27";"77.64";"7.75"
"Steuart Weller ES";"Apr 25, 2026, 07:00:00";"25";"6.25";"0.26";"69.84";"4.96"
"Steuart Weller ES";"Apr 25, 2026, 06:00:00";"25";"5.66";"0.28";"84.33";"5.08"
"Steuart Weller ES";"Apr 25, 2026, 05:00:00";"25";"6.64";"0.29";"81.48";"5.03"
"Steuart Weller ES";"Apr 25, 2026, 04:00:00";"25";"6.84";"0.32";"80.02";"5.53"
"Steuart Weller ES";"Apr 25, 2026, 03:00:00";"24";"7.66";"0.33";"73.14";"5.35"
"Steuart Weller ES";"Apr 25, 2026, 02:00:00";"24";"7.89";"0.37";"89.25";"6.01"
"Steuart Weller ES";"Apr 25, 2026, 01:00:00";"24";"7.68";"0.39";"90.35";"6.55"
"Steuart Weller ES";"Apr 25, 2026, 00:00:00";"24";"8.44";"0.38";"76.83";"5.77"
"Steuart Weller ES";"Apr 24, 2026, 23:00:00";"24";"8.64";"0.39";"73.47";"5.33"
"Steuart Weller ES";"Apr 24, 2026, 22:00:00";"24";"8.99";"0.41";"77.34";"5.13"
"Steuart Weller ES";"Apr 24, 2026, 21:00:00";"24";"7.79";"0.43";"88.47";"5.06"
"Steuart Weller ES";"Apr 24, 2026, 20:00:00";"24";"6.98";"0.42";"81.76";"5.12"
"Steuart Weller ES";"Apr 24, 2026, 19:00:00";"24";"5.77";"0.4";"56.53";"5.69"
"Steuart Weller ES";"Apr 24, 2026, 18:00:00";"23";"3.63";"0.41";"57.65";"6.56"
"Steuart Weller ES";"Apr 24, 2026, 17:00:00";"23";"2.54";"0.39";"51.2";"6.21"
"Steuart Weller ES";"Apr 24, 2026, 16:00:00";"23";"2.7";"0.35";"47.9";"7.04"
"Steuart Weller ES";"Apr 24, 2026, 15:00:00";"22";"0.64";"0.33";"60.88";"8.46"
"Steuart Weller ES";"Apr 24, 2026, 14:00:00";"22";"0.09";"0.34";"68.1";"6.92"
"Steuart Weller ES";"Apr 24, 2026, 13:00:00";"21";"0.07";"0.33";"72.26";"6.42"
"Steuart Weller ES";"Apr 24, 2026, 12:00:00";"21";"0.47";"0.38";"73.27";"6.45"
"Steuart Weller ES";"Apr 24, 2026, 11:00:00";"21";"2.07";"0.39";"74.49";"6.1"
"Steuart Weller ES";"Apr 24, 2026, 10:00:00";"21";"6.16";"0.4";"73.13";"5.51"
"Steuart Weller ES";"Apr 24, 2026, 09:00:00";"21";"9.97";"0.47";"88.2";"4.75"
"Steuart Weller ES";"Apr 24, 2026, 08:00:00";"21";"9.37";"0.41";"96.36";"3.87"
"Steuart Weller ES";"Apr 24, 2026, 07:00:00";"21";"8.29";"0.4";"93.73";"5.54"
"Steuart Weller ES";"Apr 24, 2026, 06:00:00";"21";"5.52";"0.32";"82.6";"4.92"
"Steuart Weller ES";"Apr 24, 2026, 05:00:00";"21";"4.95";"0.32";"77.94";"4.17"
"Steuart Weller ES";"Apr 24, 2026, 04:00:00";"21";"6.12";"0.35";"81.01";"3.57"
"Steuart Weller ES";"Apr 24, 2026, 03:00:00";"21";"4.54";"0.45";"101.27";"5.42"
"Steuart Weller ES";"Apr 24, 2026, 02:00:00";"21";"5.71";"0.52";"104.52";"6.89"
"Steuart Weller ES";"Apr 24, 2026, 01:00:00";"21";"7.54";"0.5";"107.36";"6.23"
"Steuart Weller ES";"Apr 24, 2026, 00:00:00";"20";"7.3";"0.57";"96.96";"5.36"
"Steuart Weller ES";"Apr 23, 2026, 23:00:00";"20";"7.52";"0.5";"86.25";"5.03"
"Steuart Weller ES";"Apr 23, 2026, 22:00:00";"20";"5.13";"0.44";"73.12";"4.69"
"Steuart Weller ES";"Apr 23, 2026, 21:00:00";"20";"5.12";"0.43";"54.31";"4.35"
"Steuart Weller ES";"Apr 23, 2026, 20:00:00";"21";"1.35";"0.39";"49.64";"3.95"
"Steuart Weller ES";"Apr 23, 2026, 19:00:00";"21";"0.38";"0.35";"50.66";"3.59"
"Steuart Weller ES";"Apr 23, 2026, 18:00:00";"21";"0.12";"0.34";"55.26";"3.94"
"Steuart Weller ES";"Apr 23, 2026, 17:00:00";"21";"0.31";"0.34";"61.16";"4.11"
"Steuart Weller ES";"Apr 23, 2026, 16:00:00";"21";"0.08";"0.32";"66.71";"4.49"
"Steuart Weller ES";"Apr 23, 2026, 15:00:00";"21";"0.25";"0.35";"70.6";"4.95"
"Steuart Weller ES";"Apr 23, 2026, 14:00:00";"21";"1.87";"0.33";"66";"5.65"
"Steuart Weller ES";"Apr 23, 2026, 13:00:00";"21";"1.32";"0.34";"69.36";"5.68"
"Steuart Weller ES";"Apr 23, 2026, 12:00:00";"21";"3.02";"0.35";"73.42";"5.4"
"Steuart Weller ES";"Apr 23, 2026, 11:00:00";"21";"4.38";"0.34";"72.4";"4.52"
"Steuart Weller ES";"Apr 23, 2026, 10:00:00";"21";"6.42";"0.38";"79.79";"4.57"
"Steuart Weller ES";"Apr 23, 2026, 09:00:00";"21";"12.53";"0.55";"103.38";"5.93"
"Steuart Weller ES";"Apr 23, 2026, 08:00:00";"21";"14.08";"0.83";"101.54";"5.95"
"Steuart Weller ES";"Apr 23, 2026, 07:00:00";"20";"8.44";"0.33";"80.99";"4.77"
"Steuart Weller ES";"Apr 23, 2026, 06:00:00";"20";"6.4";"0.3";"76.57";"4.62"
"Steuart Weller ES";"Apr 23, 2026, 05:00:00";"20";"4.59";"0.29";"71.69";"4.48"
"Steuart Weller ES";"Apr 23, 2026, 04:00:00";"20";"4.54";"0.3";"65.7";"4.67"
"Steuart Weller ES";"Apr 23, 2026, 03:00:00";"19";"4.53";"0.29";"61.7";"4.38"
"Steuart Weller ES";"Apr 23, 2026, 02:00:00";"19";"6.05";"0.3";"56.38";"4.32"
"Steuart Weller ES";"Apr 23, 2026, 01:00:00";"19";"6.54";"0.31";"51.43";"5.03"
"Steuart Weller ES";"Apr 23, 2026, 00:00:00";"19";"7.02";"0.34";"49.74";"4.66"
"Steuart Weller ES";"Apr 22, 2026, 23:00:00";"19";"6.97";"0.36";"51.16";"4.83"
"Steuart Weller ES";"Apr 22, 2026, 22:00:00";"18";"6.71";"0.36";"52.14";"5.64"
"Steuart Weller ES";"Apr 22, 2026, 21:00:00";"18";"5.58";"0.34";"45.9";"5.21"
"Steuart Weller ES";"Apr 22, 2026, 20:00:00";"17";"4.47";"0.33";"39.17";"4.8"
"Steuart Weller ES";"Apr 22, 2026, 19:00:00";"17";"2.88";"0.33";"41.03";"4.53"
"Steuart Weller ES";"Apr 22, 2026, 18:00:00";"17";"2.25";"0.35";"46.14";"4.8"
"Steuart Weller ES";"Apr 22, 2026, 17:00:00";"16";"3.32";"0.34";"44.69";"5.06"
"Steuart Weller ES";"Apr 22, 2026, 16:00:00";"16";"3.36";"0.34";"49.63";"4.96"
"Steuart Weller ES";"Apr 22, 2026, 15:00:00";"16";"4.77";"0.38";"53.3";"5.72"
"Steuart Weller ES";"Apr 22, 2026, 14:00:00";"15";"7.71";"0.41";"49.13";"5.65"
"Steuart Weller ES";"Apr 22, 2026, 13:00:00";"15";"13.75";"0.43";"53.76";"5.83"
"Steuart Weller ES";"Apr 22, 2026, 12:00:00";"15";"14.45";"0.43";"54.9";"5.06"
"Steuart Weller ES";"Apr 22, 2026, 11:00:00";"14";"10.34";"0.36";"42.36";"4.17"
"Steuart Weller ES";"Apr 22, 2026, 10:00:00";"14";"9.17";"0.33";"38.62";"3.67"
"Steuart Weller ES";"Apr 22, 2026, 09:00:00";"14";"11.39";"0.33";"36.55";"3.63"
"Steuart Weller ES";"Apr 22, 2026, 08:00:00";"14";"10.1";"0.29";"32.64";"3.34"
"Steuart Weller ES";"Apr 22, 2026, 07:00:00";"14";"9.17";"0.27";"29.48";"3.4"
"Steuart Weller ES";"Apr 22, 2026, 06:00:00";"14";"8.46";"0.27";"28.62";"2.97"
"Steuart Weller ES";"Apr 22, 2026, 05:00:00";"14";"8.37";"0.27";"27.58";"3.23"
"Steuart Weller ES";"Apr 22, 2026, 04:00:00";"14";"8.16";"0.27";"27.51";"4.14"
"Steuart Weller ES";"Apr 22, 2026, 03:00:00";"14";"9.22";"0.28";"28.15";"3.7"
"Steuart Weller ES";"Apr 22, 2026, 02:00:00";"13";"9.07";"0.28";"28.72";"3.28"
"Steuart Weller ES";"Apr 22, 2026, 01:00:00";"13";"8.65";"0.27";"28.53";"3.03"
"Steuart Weller ES";"Apr 22, 2026, 00:00:00";"13";"8.54";"0.27";"27.94";"3.49"
"Steuart Weller ES";"Apr 21, 2026, 23:00:00";"13";"8.46";"0.28";"27.13";"3.27"
"Steuart Weller ES";"Apr 21, 2026, 22:00:00";"13";"8.17";"0.29";"25.92";"2.73"
"Steuart Weller ES";"Apr 21, 2026, 21:00:00";"13";"7.06";"0.29";"24.93";"2.55"
"Steuart Weller ES";"Apr 21, 2026, 20:00:00";"13";"7.05";"0.28";"25.55";"2.79"
"Steuart Weller ES";"Apr 21, 2026, 19:00:00";"12";"5.68";"0.29";"27.74";"2.66"
"Steuart Weller ES";"Apr 21, 2026, 18:00:00";"12";"4.86";"0.28";"29.4";"2.77"
"Steuart Weller ES";"Apr 21, 2026, 17:00:00";"12";"4.66";"0.29";"32.18";"3.25"
"Steuart Weller ES";"Apr 21, 2026, 16:00:00";"12";"4.98";"0.28";"30.91";"3.26"
"Steuart Weller ES";"Apr 21, 2026, 15:00:00";"12";"4.42";"0.28";"31.32";"3.83"
"Steuart Weller ES";"Apr 21, 2026, 14:00:00";"12";"3.91";"0.29";"31.05";"3.8"
"Steuart Weller ES";"Apr 21, 2026, 13:00:00";"11";"4.75";"0.28";"28.86";"3.78"
"Steuart Weller ES";"Apr 21, 2026, 12:00:00";"11";"5.58";"0.29";"28.7";"3.35"
"Steuart Weller ES";"Apr 21, 2026, 11:00:00";"11";"7.49";"0.31";"30.06";"3.84"
"Steuart Weller ES";"Apr 21, 2026, 10:00:00";"11";"5.57";"0.33";"30.49";"3.9"
"Steuart Weller ES";"Apr 21, 2026, 09:00:00";"11";"5.96";"0.31";"31.47";"3.69"
"Steuart Weller ES";"Apr 21, 2026, 08:00:00";"11";"0";"0";"0";"2.13"
"Steuart Weller ES";"Apr 21, 2026, 07:00:00";"11";"9.43";"0.05";"28.54";"3.23"
"Steuart Weller ES";"Apr 21, 2026, 06:00:00";"14";"14.47";"0.05";"28.63";"2.61"
"Steuart Weller ES";"Apr 21, 2026, 05:00:00";"14";"13.86";"0.05";"29.81";"2.17"
"Steuart Weller ES";"Apr 21, 2026, 04:00:00";"13";"12.57";"0.06";"34.1";"2.37"
"Steuart Weller ES";"Apr 21, 2026, 03:00:00";"13";"13.39";"0.05";"41.3";"2.52"
"Steuart Weller ES";"Apr 21, 2026, 02:00:00";"14";"14.18";"0.05";"38.37";"2.36"
"Steuart Weller ES";"Apr 21, 2026, 01:00:00";"11";"9.88";"0.06";"24.57";"2.12"
"Steuart Weller ES";"Apr 21, 2026, 00:00:00";"11";"9.5";"0.06";"20.46";"2.09"
"Steuart Weller ES";"Apr 20, 2026, 23:00:00";"11";"8.63";"0.08";"17.16";"2.25"
"Steuart Weller ES";"Apr 20, 2026, 22:00:00";"11";"8.41";"0.09";"16.7";"2.04"
"Steuart Weller ES";"Apr 20, 2026, 21:00:00";"11";"7.83";"0.1";"16.28";"2.51"
"Steuart Weller ES";"Apr 20, 2026, 20:00:00";"11";"6.98";"0.13";"16.88";"2.35"
"Steuart Weller ES";"Apr 20, 2026, 19:00:00";"11";"6.06";"0.15";"18.12";"2.71"
"Steuart Weller ES";"Apr 20, 2026, 18:00:00";"11";"5.74";"0.16";"19.48";"2.4"
"Steuart Weller ES";"Apr 20, 2026, 17:00:00";"11";"4.91";"0.18";"21.37";"2.12"
"Steuart Weller ES";"Apr 20, 2026, 16:00:00";"11";"4.93";"0.17";"21.24";"1.91"
"Steuart Weller ES";"Apr 20, 2026, 15:00:00";"11";"5.21";"0.18";"23.52";"1.94"
"Steuart Weller ES";"Apr 20, 2026, 14:00:00";"11";"6.24";"0.21";"27.51";"2.23"
"Steuart Weller ES";"Apr 20, 2026, 13:00:00";"12";"6.68";"0.17";"28.6";"2.58"
"Steuart Weller ES";"Apr 20, 2026, 12:00:00";"11";"8.13";"0.2";"33.68";"3.16"
"Steuart Weller ES";"Apr 20, 2026, 11:00:00";"11";"8.68";"0.1";"32.69";"3.5"
"Steuart Weller ES";"Apr 20, 2026, 10:00:00";"11";"6.77";"0.2";"31.4";"3.6"
"Steuart Weller ES";"Apr 20, 2026, 09:00:00";"11";"7.74";"0.19";"31.51";"3"
"Steuart Weller ES";"Apr 20, 2026, 08:00:00";"11";"8.02";"0.16";"30.87";"2.66"
"Steuart Weller ES";"Apr 20, 2026, 07:00:00";"10";"7.21";"0.12";"30.04";"2.17"
"Steuart Weller ES";"Apr 20, 2026, 06:00:00";"10";"6.83";"0.12";"29.31";"2.17"
"Steuart Weller ES";"Apr 20, 2026, 05:00:00";"11";"7.07";"0.15";"29.44";"2.51"
"Steuart Weller ES";"Apr 20, 2026, 04:00:00";"13";"6.46";"0.14";"34.08";"2.34"
"Steuart Weller ES";"Apr 20, 2026, 03:00:00";"15";"7.39";"0.15";"39.41";"2.24"
"Steuart Weller ES";"Apr 20, 2026, 02:00:00";"16";"5.94";"0.14";"39.8";"2.62"
"Steuart Weller ES";"Apr 20, 2026, 01:00:00";"17";"9.01";"0.14";"37.28";"2.26"
"Steuart Weller ES";"Apr 20, 2026, 00:00:00";"18";"8.35";"0.11";"33.45";"2.5"
"Steuart Weller ES";"Apr 19, 2026, 23:00:00";"19";"7.24";"0.11";"29.87";"2.36"
"Steuart Weller ES";"Apr 19, 2026, 22:00:00";"20";"5.79";"0.12";"24.84";"2.47"
"Steuart Weller ES";"Apr 19, 2026, 21:00:00";"21";"5.19";"0.14";"21.4";"2.37"
"Steuart Weller ES";"Apr 19, 2026, 20:00:00";"22";"4.16";"0.15";"21.38";"2.47"
"Steuart Weller ES";"Apr 19, 2026, 19:00:00";"22";"3.19";"0.17";"23.35";"2.91"
"Steuart Weller ES";"Apr 19, 2026, 18:00:00";"23";"2.37";"0.18";"25.44";"2.54"
"Steuart Weller ES";"Apr 19, 2026, 17:00:00";"24";"2.48";"0.18";"28.36";"2.75"
"Steuart Weller ES";"Apr 19, 2026, 16:00:00";"25";"3.05";"0.19";"31.32";"2.93"
"Steuart Weller ES";"Apr 19, 2026, 15:00:00";"25";"3.01";"0.19";"36.4";"2.92"
"Steuart Weller ES";"Apr 19, 2026, 14:00:00";"25";"4.15";"0.21";"47.11";"2.51"
"Steuart Weller ES";"Apr 19, 2026, 13:00:00";"26";"4.42";"0.14";"54.49";"2.17"
"Steuart Weller ES";"Apr 19, 2026, 12:00:00";"26";"5.33";"0.16";"66.15";"1.96"
"Steuart Weller ES";"Apr 19, 2026, 11:00:00";"26";"5.2";"0.15";"64.7";"1.96"
"Steuart Weller ES";"Apr 19, 2026, 10:00:00";"26";"4.83";"0.14";"62.13";"2.43"
"Steuart Weller ES";"Apr 19, 2026, 09:00:00";"27";"4.35";"0.12";"53.57";"2.01"
"Steuart Weller ES";"Apr 19, 2026, 08:00:00";"27";"3.53";"0.13";"52.01";"1.59"
"Steuart Weller ES";"Apr 19, 2026, 07:00:00";"27";"3.02";"0.14";"67.14";"0.92"
"Steuart Weller ES";"Apr 19, 2026, 06:00:00";"27";"2.45";"0.22";"119.02";"7.33"
"Steuart Weller ES";"Apr 19, 2026, 05:00:00";"27";"2.64";"0.3";"155.12";"15.59"
"Steuart Weller ES";"Apr 19, 2026, 04:00:00";"25";"3.75";"0.3";"149.75";"12.11"
"Steuart Weller ES";"Apr 19, 2026, 03:00:00";"23";"5.75";"0.31";"144.16";"9.43"
"Steuart Weller ES";"Apr 19, 2026, 02:00:00";"22";"3.85";"0.25";"121.2";"9.09"
"Steuart Weller ES";"Apr 19, 2026, 01:00:00";"21";"3.63";"0.27";"107.8";"7.77"
"Steuart Weller ES";"Apr 19, 2026, 00:00:00";"20";"3.83";"0.28";"92.71";"7.39"
"Steuart Weller ES";"Apr 18, 2026, 23:00:00";"19";"3.9";"0.28";"85.76";"7"
"Steuart Weller ES";"Apr 18, 2026, 22:00:00";"18";"3.1";"0.29";"78.91";"6.91"
"Steuart Weller ES";"Apr 18, 2026, 21:00:00";"17";"2.47";"0.29";"72.4";"7.01"
"Steuart Weller ES";"Apr 18, 2026, 20:00:00";"17";"1.59";"0.3";"66.08";"7.26"
"Steuart Weller ES";"Apr 18, 2026, 19:00:00";"16";"0.11";"0.32";"69.43";"7.63"
"Steuart Weller ES";"Apr 18, 2026, 18:00:00";"15";"0";"0.34";"70.26";"8.43"
"Steuart Weller ES";"Apr 18, 2026, 17:00:00";"14";"0";"0.34";"70.78";"8.01"
"Steuart Weller ES";"Apr 18, 2026, 16:00:00";"13";"0";"0.27";"58.23";"4.15"
"Steuart Weller ES";"Apr 18, 2026, 15:00:00";"12";"0";"0.28";"59.02";"3.18"
"Steuart Weller ES";"Apr 18, 2026, 14:00:00";"12";"0";"0.25";"58.91";"3.1"
"Steuart Weller ES";"Apr 18, 2026, 13:00:00";"12";"0";"0.28";"68.86";"3.17"
"Steuart Weller ES";"Apr 18, 2026, 12:00:00";"12";"0.01";"0.33";"83.35";"3.71"
"Steuart Weller ES";"Apr 18, 2026, 11:00:00";"12";"1.21";"0.35";"90.82";"3.86"
"Steuart Weller ES";"Apr 18, 2026, 10:00:00";"12";"3.95";"0.4";"118.49";"4.5"
"Steuart Weller ES";"Apr 18, 2026, 09:00:00";"12";"3.39";"0.34";"141.17";"3.02"
"Steuart Weller ES";"Apr 18, 2026, 08:00:00";"12";"2.35";"0.23";"135.52";"2.35"
"Steuart Weller ES";"Apr 18, 2026, 07:00:00";"13";"1.37";"0.18";"116.88";"3.07"
"Steuart Weller ES";"Apr 18, 2026, 06:00:00";"13";"2.21";"0.18";"114.27";"3.24"
"Steuart Weller ES";"Apr 18, 2026, 05:00:00";"13";"0.99";"0.19";"105.74";"3.36"
"Steuart Weller ES";"Apr 18, 2026, 04:00:00";"13";"2.77";"0.24";"96.6";"2.49"
"Steuart Weller ES";"Apr 18, 2026, 03:00:00";"13";"2.68";"0.26";"88.55";"2.82"
"Steuart Weller ES";"Apr 18, 2026, 02:00:00";"14";"3.76";"0.28";"83.91";"2.92"
"Steuart Weller ES";"Apr 18, 2026, 01:00:00";"14";"4.96";"0.33";"80.67";"3.05"
"Steuart Weller ES";"Apr 18, 2026, 00:00:00";"14";"5.13";"0.37";"75.39";"2.98"
"Steuart Weller ES";"Apr 17, 2026, 23:00:00";"14";"1.95";"0.3";"64.66";"2.03"
"Steuart Weller ES";"Apr 17, 2026, 22:00:00";"15";"0.92";"0.31";"56.29";"2.2"
"Steuart Weller ES";"Apr 17, 2026, 21:00:00";"16";"0.91";"0.33";"45.06";"2.42"
"Steuart Weller ES";"Apr 17, 2026, 20:00:00";"17";"0.05";"0.28";"35.71";"1.85"
"Steuart Weller ES";"Apr 17, 2026, 19:00:00";"17";"0";"0.27";"37.62";"1.75"
"Steuart Weller ES";"Apr 17, 2026, 18:00:00";"18";"0";"0.29";"42.3";"2.53"
"Steuart Weller ES";"Apr 17, 2026, 17:00:00";"19";"0";"0.28";"42.88";"2.38"
"Steuart Weller ES";"Apr 17, 2026, 16:00:00";"20";"0";"0.27";"42.55";"2.53"
"Steuart Weller ES";"Apr 17, 2026, 15:00:00";"20";"0.09";"0.28";"45.1";"3.27"
"Steuart Weller ES";"Apr 17, 2026, 14:00:00";"21";"0.08";"0.27";"41.51";"2.45"
"Steuart Weller ES";"Apr 17, 2026, 13:00:00";"22";"0.14";"0.23";"41.81";"2.78"
"Steuart Weller ES";"Apr 17, 2026, 12:00:00";"22";"0.01";"0.25";"48.56";"3.05"
"Steuart Weller ES";"Apr 17, 2026, 11:00:00";"23";"0.55";"0.26";"50.01";"3.78"
"Steuart Weller ES";"Apr 17, 2026, 10:00:00";"23";"2.37";"0.3";"59.98";"4.49"
"Steuart Weller ES";"Apr 17, 2026, 09:00:00";"24";"4.81";"0.32";"82.61";"3.96"
"Steuart Weller ES";"Apr 17, 2026, 08:00:00";"24";"5.28";"0.33";"86.06";"5.3"
"Steuart Weller ES";"Apr 17, 2026, 07:00:00";"24";"3.26";"0.27";"90.9";"4.23"
"Steuart Weller ES";"Apr 17, 2026, 06:00:00";"24";"1.22";"0.25";"97.67";"4.39"
"Steuart Weller ES";"Apr 17, 2026, 05:00:00";"24";"0.39";"0.27";"87.19";"3.61"
"Steuart Weller ES";"Apr 17, 2026, 04:00:00";"25";"0.18";"0.29";"74.71";"3.79"
"Steuart Weller ES";"Apr 17, 2026, 03:00:00";"25";"0.2";"0.31";"63.92";"3.89"
"Steuart Weller ES";"Apr 17, 2026, 02:00:00";"25";"0";"0.32";"57.43";"3.8"
"Steuart Weller ES";"Apr 17, 2026, 01:00:00";"25";"0";"0.32";"44.02";"3.44"
"Steuart Weller ES";"Apr 17, 2026, 00:00:00";"25";"0";"0.33";"38.62";"5.07"
"Steuart Weller ES";"Apr 16, 2026, 23:00:00";"25";"0";"0.33";"35.67";"7.07"
"Steuart Weller ES";"Apr 16, 2026, 22:00:00";"25";"0";"0.32";"36.9";"6.2"
"Steuart Weller ES";"Apr 16, 2026, 21:00:00";"25";"0";"0.34";"40.45";"6.62"
"Steuart Weller ES";"Apr 16, 2026, 20:00:00";"25";"0";"0.35";"45.96";"7.03"
"Steuart Weller ES";"Apr 16, 2026, 19:00:00";"24";"0";"0.33";"47.62";"6.97"
"Steuart Weller ES";"Apr 16, 2026, 18:00:00";"24";"0";"0.31";"50.53";"6.51"
"Steuart Weller ES";"Apr 16, 2026, 17:00:00";"24";"0";"0.32";"58.73";"6.55"
"Steuart Weller ES";"Apr 16, 2026, 16:00:00";"24";"0";"0.34";"64.98";"6.25"
"Steuart Weller ES";"Apr 16, 2026, 15:00:00";"24";"0";"0.35";"67.61";"6.03"
"Steuart Weller ES";"Apr 16, 2026, 14:00:00";"24";"0";"0.34";"76.86";"6.54"
"Steuart Weller ES";"Apr 16, 2026, 13:00:00";"24";"0";"0.35";"87.89";"6.17"
"Steuart Weller ES";"Apr 16, 2026, 12:00:00";"24";"0";"0.34";"84.34";"5.87"
"Steuart Weller ES";"Apr 16, 2026, 11:00:00";"24";"0";"0.35";"80.71";"5.25"
"Steuart Weller ES";"Apr 16, 2026, 10:00:00";"24";"4.96";"0.49";"95.52";"8.31"
"Steuart Weller ES";"Apr 16, 2026, 09:00:00";"24";"7.49";"0.47";"111.86";"6.64"
"Steuart Weller ES";"Apr 16, 2026, 08:00:00";"23";"10.51";"1.01";"112.01";"6.44"
"Steuart Weller ES";"Apr 16, 2026, 07:00:00";"23";"12.03";"0.34";"88.55";"5.18"
"Steuart Weller ES";"Apr 16, 2026, 06:00:00";"23";"2.25";"0.29";"80.03";"4.71"
"Steuart Weller ES";"Apr 16, 2026, 05:00:00";"23";"0.41";"0.28";"71.24";"4.78"
"Steuart Weller ES";"Apr 16, 2026, 04:00:00";"23";"0.55";"0.28";"58.55";"5.02"
"Steuart Weller ES";"Apr 16, 2026, 03:00:00";"23";"0.64";"0.29";"51.69";"5.02"
"Steuart Weller ES";"Apr 16, 2026, 02:00:00";"23";"0";"0.3";"50.36";"4.59"
"Steuart Weller ES";"Apr 16, 2026, 01:00:00";"23";"0";"0.31";"49.26";"4.91"
"Steuart Weller ES";"Apr 16, 2026, 00:00:00";"23";"0";"0.32";"49.92";"5.2"
"Steuart Weller ES";"Apr 15, 2026, 23:00:00";"23";"0";"0.32";"49.35";"5.01"
"Steuart Weller ES";"Apr 15, 2026, 22:00:00";"22";"0";"0.33";"53.11";"5.26"
"Steuart Weller ES";"Apr 15, 2026, 21:00:00";"22";"0";"0.33";"56.01";"5.29"
"Steuart Weller ES";"Apr 15, 2026, 20:00:00";"22";"0";"0.32";"58.95";"5.16"
"Steuart Weller ES";"Apr 15, 2026, 19:00:00";"23";"0";"0.31";"62.8";"5.15"
"Steuart Weller ES";"Apr 15, 2026, 18:00:00";"23";"0";"0.3";"67.32";"5.48"
"Steuart Weller ES";"Apr 15, 2026, 17:00:00";"23";"0";"0.29";"74.23";"5.29"
"Steuart Weller ES";"Apr 15, 2026, 16:00:00";"23";"0";"0.3";"79.23";"9.18"
"Steuart Weller ES";"Apr 15, 2026, 15:00:00";"22";"0";"0.26";"80.15";"5.67"
"Steuart Weller ES";"Apr 15, 2026, 14:00:00";"22";"0";"0.26";"89.81";"5.53"
"Steuart Weller ES";"Apr 15, 2026, 13:00:00";"21";"0";"0.24";"92.45";"5.88"
"Steuart Weller ES";"Apr 15, 2026, 12:00:00";"21";"0";"0.24";"96.83";"5.9"
"Steuart Weller ES";"Apr 15, 2026, 11:00:00";"21";"0.03";"0.33";"138.43";"6.49"
"Steuart Weller ES";"Apr 15, 2026, 10:00:00";"21";"2.74";"0.37";"176.44";"5.01"
"Steuart Weller ES";"Apr 15, 2026, 09:00:00";"22";"7.09";"0.4";"209.13";"4.47"
"Steuart Weller ES";"Apr 15, 2026, 08:00:00";"22";"4.96";"0.62";"204.36";"5.36"
"Steuart Weller ES";"Apr 15, 2026, 07:00:00";"23";"3.7";"0.24";"181.27";"5.59"
"Steuart Weller ES";"Apr 15, 2026, 06:00:00";"23";"1.49";"0.22";"181.85";"6.16"
"Steuart Weller ES";"Apr 15, 2026, 05:00:00";"22";"1.97";"0.24";"183.95";"4.81"
"Steuart Weller ES";"Apr 15, 2026, 04:00:00";"22";"1.45";"0.23";"171.36";"4.83"
"Steuart Weller ES";"Apr 15, 2026, 03:00:00";"22";"1.29";"0.24";"165.02";"4.59"
"Steuart Weller ES";"Apr 15, 2026, 02:00:00";"23";"1.99";"0.27";"151.92";"4.19"
"Steuart Weller ES";"Apr 15, 2026, 01:00:00";"23";"2.35";"0.29";"137";"3.38"
"Steuart Weller ES";"Apr 15, 2026, 00:00:00";"23";"1.68";"0.3";"122.2";"3.22"
"Steuart Weller ES";"Apr 14, 2026, 23:00:00";"24";"1.8";"0.29";"84.7";"3.41"
"Steuart Weller ES";"Apr 14, 2026, 22:00:00";"24";"0.09";"0.3";"61.7";"5.36"
"Steuart Weller ES";"Apr 14, 2026, 21:00:00";"24";"0";"0.31";"60.92";"5.42"
"Steuart Weller ES";"Apr 14, 2026, 20:00:00";"24";"0";"0.33";"65.23";"6.5"
"Steuart Weller ES";"Apr 14, 2026, 19:00:00";"24";"0";"0.32";"70.18";"6.36"
"Steuart Weller ES";"Apr 14, 2026, 18:00:00";"24";"0";"0.3";"68.15";"4.91"
"Steuart Weller ES";"Apr 14, 2026, 17:00:00";"25";"0";"0.29";"72.93";"5.16"
"Steuart Weller ES";"Apr 14, 2026, 16:00:00";"25";"0";"0.27";"73.66";"4.48"
"Steuart Weller ES";"Apr 14, 2026, 15:00:00";"26";"0";"0.27";"74.12";"4.52"
"Steuart Weller ES";"Apr 14, 2026, 14:00:00";"26";"0";"0.25";"73.82";"4.49"
"Steuart Weller ES";"Apr 14, 2026, 13:00:00";"27";"0";"0.24";"71.38";"4.55"
"Steuart Weller ES";"Apr 14, 2026, 12:00:00";"28";"0.16";"0.26";"72.71";"4.53"
"Steuart Weller ES";"Apr 14, 2026, 11:00:00";"29";"1.68";"0.32";"86.94";"6.39"
"Steuart Weller ES";"Apr 14, 2026, 10:00:00";"30";"11.12";"0.44";"108.93";"10.36"
"Steuart Weller ES";"Apr 14, 2026, 09:00:00";"30";"12.89";"0.44";"126.55";"7.57"
"Steuart Weller ES";"Apr 14, 2026, 08:00:00";"30";"9.92";"0.75";"130.34";"5.98"
"Steuart Weller ES";"Apr 14, 2026, 07:00:00";"30";"7.33";"0.37";"111.51";"5.63"
"Steuart Weller ES";"Apr 14, 2026, 06:00:00";"30";"5.44";"0.23";"103.62";"5.06"
"Steuart Weller ES";"Apr 14, 2026, 05:00:00";"30";"3.22";"0.2";"96.39";"4.8"
"Steuart Weller ES";"Apr 14, 2026, 04:00:00";"30";"3.19";"0.2";"91.69";"5.18"
"Steuart Weller ES";"Apr 14, 2026, 03:00:00";"30";"3.34";"0.21";"85.09";"5.4"
"Steuart Weller ES";"Apr 14, 2026, 02:00:00";"30";"4.15";"0.24";"77.33";"5.12"
"Steuart Weller ES";"Apr 14, 2026, 01:00:00";"29";"3.88";"0.26";"73.28";"5.41"
"Steuart Weller ES";"Apr 14, 2026, 00:00:00";"29";"2.9";"0.27";"68.75";"5.99"
"Steuart Weller ES";"Apr 13, 2026, 23:00:00";"28";"3.42";"0.28";"63.09";"6.34"
"Steuart Weller ES";"Apr 13, 2026, 22:00:00";"28";"2.86";"0.29";"60.94";"6.57"
"Steuart Weller ES";"Apr 13, 2026, 21:00:00";"27";"2.12";"0.28";"56.85";"5.97"
"Steuart Weller ES";"Apr 13, 2026, 20:00:00";"26";"1.35";"0.28";"55.54";"6.5"
"Steuart Weller ES";"Apr 13, 2026, 19:00:00";"26";"0.41";"0.28";"59.58";"6.51"
"Steuart Weller ES";"Apr 13, 2026, 18:00:00";"25";"0.88";"0.28";"62.14";"6.82"
"Steuart Weller ES";"Apr 13, 2026, 17:00:00";"24";"1.01";"0.29";"66.04";"7.35"
"Steuart Weller ES";"Apr 13, 2026, 16:00:00";"24";"1.58";"0.28";"69.1";"8.24"
"Steuart Weller ES";"Apr 13, 2026, 15:00:00";"23";"0.82";"0.28";"73.59";"8.33"
"Steuart Weller ES";"Apr 13, 2026, 14:00:00";"22";"1.5";"0.29";"78.35";"8.78"
"Steuart Weller ES";"Apr 13, 2026, 13:00:00";"21";"3.33";"0.3";"88.74";"9.64"
"Steuart Weller ES";"Apr 13, 2026, 12:00:00";"20";"2.9";"0.27";"90.01";"9.74"
"Steuart Weller ES";"Apr 13, 2026, 11:00:00";"18";"2.63";"0.29";"97.1";"10.2"
"Steuart Weller ES";"Apr 13, 2026, 10:00:00";"18";"3.53";"0.31";"112.97";"10.11"
"Steuart Weller ES";"Apr 13, 2026, 09:00:00";"17";"4.41";"0.31";"135.69";"8.48"
"Steuart Weller ES";"Apr 13, 2026, 08:00:00";"16";"9.84";"0.33";"148.03";"7.21"
"Steuart Weller ES";"Apr 13, 2026, 07:00:00";"15";"8.49";"0.26";"139.09";"5.94"
"Steuart Weller ES";"Apr 13, 2026, 06:00:00";"15";"7.5";"0.24";"122.2";"5.38"
"Steuart Weller ES";"Apr 13, 2026, 05:00:00";"14";"7.14";"0.22";"102.99";"4.4"
"Steuart Weller ES";"Apr 13, 2026, 04:00:00";"14";"7.64";"0.21";"89.35";"4.27"
"Steuart Weller ES";"Apr 13, 2026, 03:00:00";"14";"8.66";"0.2";"79.87";"3.79"
"Steuart Weller ES";"Apr 13, 2026, 02:00:00";"14";"6.71";"0.2";"72.32";"3.23"
"Steuart Weller ES";"Apr 13, 2026, 01:00:00";"14";"6.59";"0.2";"64.14";"3.15"
"Steuart Weller ES";"Apr 13, 2026, 00:00:00";"14";"6.31";"0.2";"55.96";"3.13"
"Steuart Weller ES";"Apr 12, 2026, 23:00:00";"14";"6.22";"0.21";"49.08";"2.74"
"Steuart Weller ES";"Apr 12, 2026, 22:00:00";"14";"5.57";"0.2";"42.76";"2.5"
"Steuart Weller ES";"Apr 12, 2026, 21:00:00";"14";"4.93";"0.21";"39.88";"2.34"
"Steuart Weller ES";"Apr 12, 2026, 20:00:00";"15";"4.47";"0.23";"41.41";"2.59"
"Steuart Weller ES";"Apr 12, 2026, 19:00:00";"15";"3.65";"0.25";"40.97";"2.68"
"Steuart Weller ES";"Apr 12, 2026, 18:00:00";"14";"3.03";"0.25";"42";"2.88"
"Steuart Weller ES";"Apr 12, 2026, 17:00:00";"14";"2.33";"0.25";"40.96";"2.81"
"Steuart Weller ES";"Apr 12, 2026, 16:00:00";"14";"1.41";"0.25";"39.31";"2.5"
"Steuart Weller ES";"Apr 12, 2026, 15:00:00";"14";"1.43";"0.25";"40.7";"2.9"
"Steuart Weller ES";"Apr 12, 2026, 14:00:00";"14";"2.72";"0.25";"44.19";"3.04"
"Steuart Weller ES";"Apr 12, 2026, 13:00:00";"14";"2.87";"0.25";"47.9";"3.55"
"Steuart Weller ES";"Apr 12, 2026, 12:00:00";"15";"4.08";"0.25";"52.18";"3.55"
"Steuart Weller ES";"Apr 12, 2026, 11:00:00";"15";"5.4";"0.28";"58.33";"4.92"
"Steuart Weller ES";"Apr 12, 2026, 10:00:00";"15";"5.71";"0.26";"53.87";"4.98"
"Steuart Weller ES";"Apr 12, 2026, 09:00:00";"14";"6.84";"0.21";"48.98";"3.57"
"Steuart Weller ES";"Apr 12, 2026, 08:00:00";"15";"6.36";"0.13";"47.83";"3.02"
"Steuart Weller ES";"Apr 12, 2026, 07:00:00";"15";"4.27";"0.1";"47.79";"3.16"
"Steuart Weller ES";"Apr 12, 2026, 06:00:00";"15";"3.72";"0.09";"49.34";"3.05"
"Steuart Weller ES";"Apr 12, 2026, 05:00:00";"16";"3.94";"0.09";"47.72";"3.4"
"Steuart Weller ES";"Apr 12, 2026, 04:00:00";"16";"3.79";"0.09";"48.16";"3.42"
"Steuart Weller ES";"Apr 12, 2026, 03:00:00";"17";"5.23";"0.12";"49.11";"3.45"
"Steuart Weller ES";"Apr 12, 2026, 02:00:00";"18";"6.04";"0.15";"47.19";"3.8"
"Steuart Weller ES";"Apr 12, 2026, 01:00:00";"18";"5.96";"0.17";"45.08";"3.48"
"Steuart Weller ES";"Apr 12, 2026, 00:00:00";"19";"7.46";"0.24";"46.23";"4.72"
"Steuart Weller ES";"Apr 11, 2026, 23:00:00";"19";"6.59";"0.2";"42.64";"3.67"
"Steuart Weller ES";"Apr 11, 2026, 22:00:00";"19";"5.1";"0.2";"37.99";"2.9"
"Steuart Weller ES";"Apr 11, 2026, 21:00:00";"20";"3.72";"0.21";"35.72";"2.74"
"Steuart Weller ES";"Apr 11, 2026, 20:00:00";"21";"2.63";"0.24";"34.61";"2.45"
"Steuart Weller ES";"Apr 11, 2026, 19:00:00";"21";"1.79";"0.22";"30.78";"2.11"
"Steuart Weller ES";"Apr 11, 2026, 18:00:00";"22";"1.14";"0.21";"29.96";"2.05"
"Steuart Weller ES";"Apr 11, 2026, 17:00:00";"22";"1.35";"0.2";"29.51";"2.28"
"Steuart Weller ES";"Apr 11, 2026, 16:00:00";"23";"0.54";"0.21";"31.6";"2.67"
"Steuart Weller ES";"Apr 11, 2026, 15:00:00";"24";"0.83";"0.24";"33.57";"3.14"
"Steuart Weller ES";"Apr 11, 2026, 14:00:00";"24";"1.96";"0.22";"36.99";"3.76"
"Steuart Weller ES";"Apr 11, 2026, 13:00:00";"25";"2.32";"0.22";"39.49";"4.38"
"Steuart Weller ES";"Apr 11, 2026, 12:00:00";"26";"4.4";"0.2";"42.7";"4.56"
"Steuart Weller ES";"Apr 11, 2026, 11:00:00";"27";"4.58";"0.19";"45.82";"4.02"
"Steuart Weller ES";"Apr 11, 2026, 10:00:00";"29";"4.77";"0.18";"51.2";"4.43"
"Steuart Weller ES";"Apr 11, 2026, 09:00:00";"30";"5.06";"0.2";"64.22";"4.68"
"Steuart Weller ES";"Apr 11, 2026, 08:00:00";"31";"5.92";"0.23";"83.83";"3.66"
"Steuart Weller ES";"Apr 11, 2026, 07:00:00";"32";"6.05";"0.21";"86.94";"4.85"
"Steuart Weller ES";"Apr 11, 2026, 06:00:00";"32";"6.05";"0.22";"79.57";"5.83"
"Steuart Weller ES";"Apr 11, 2026, 05:00:00";"33";"5.85";"0.25";"72.74";"6.73"
"Steuart Weller ES";"Apr 11, 2026, 04:00:00";"33";"5.62";"0.27";"66.78";"7.25"
"Steuart Weller ES";"Apr 11, 2026, 03:00:00";"33";"5.18";"0.27";"59.79";"8.09"
"Steuart Weller ES";"Apr 11, 2026, 02:00:00";"32";"4.62";"0.27";"50.65";"7.43"
"Steuart Weller ES";"Apr 11, 2026, 01:00:00";"32";"4.37";"0.25";"43.14";"5.98"
"Steuart Weller ES";"Apr 11, 2026, 00:00:00";"33";"6.31";"0.27";"42.13";"5.94"
"Steuart Weller ES";"Apr 10, 2026, 23:00:00";"33";"8.05";"0.29";"43.52";"6.46"
"Steuart Weller ES";"Apr 10, 2026, 22:00:00";"33";"6.49";"0.29";"42.33";"6.42"
"Steuart Weller ES";"Apr 10, 2026, 21:00:00";"34";"6.17";"0.29";"39.47";"6.34"
"Steuart Weller ES";"Apr 10, 2026, 20:00:00";"35";"5.52";"0.27";"36.04";"6.26"
"Steuart Weller ES";"Apr 10, 2026, 19:00:00";"35";"3.71";"0.26";"37.07";"5.61"
"Steuart Weller ES";"Apr 10, 2026, 18:00:00";"35";"1.71";"0.25";"42.3";"5.52"
"Steuart Weller ES";"Apr 10, 2026, 17:00:00";"35";"0.68";"0.26";"48.91";"6.33"
"Steuart Weller ES";"Apr 10, 2026, 16:00:00";"35";"1.31";"0.27";"52.49";"6.18"
"Steuart Weller ES";"Apr 10, 2026, 15:00:00";"34";"3.52";"0.27";"51";"6.87"
"Steuart Weller ES";"Apr 10, 2026, 14:00:00";"34";"4.83";"0.27";"51.57";"8.27"
"Steuart Weller ES";"Apr 10, 2026, 13:00:00";"33";"6.01";"0.27";"54.19";"9.36"
"Steuart Weller ES";"Apr 10, 2026, 12:00:00";"33";"8.22";"0.28";"59.48";"11.9"
"Steuart Weller ES";"Apr 10, 2026, 11:00:00";"32";"11.09";"0.26";"61.11";"14.19"
"Steuart Weller ES";"Apr 10, 2026, 10:00:00";"31";"10.27";"0.2";"62.41";"11.04"
"Steuart Weller ES";"Apr 10, 2026, 09:00:00";"30";"12.34";"0.13";"59.34";"8.99"
"Steuart Weller ES";"Apr 10, 2026, 08:00:00";"29";"14.71";"0.11";"56.42";"7.7"
"Steuart Weller ES";"Apr 10, 2026, 07:00:00";"29";"10.57";"0.05";"52.05";"8.32"
"Steuart Weller ES";"Apr 10, 2026, 06:00:00";"28";"9.33";"0.05";"49.22";"7.7"
"Steuart Weller ES";"Apr 10, 2026, 05:00:00";"28";"8.83";"0.04";"46.46";"7.03"
"Steuart Weller ES";"Apr 10, 2026, 04:00:00";"28";"9.15";"0.06";"46.65";"7.12"
"Steuart Weller ES";"Apr 10, 2026, 03:00:00";"27";"9.2";"0.06";"44.65";"6.92"
"Steuart Weller ES";"Apr 10, 2026, 02:00:00";"27";"8.79";"0.08";"41.92";"7.22"
"Steuart Weller ES";"Apr 10, 2026, 01:00:00";"26";"8.63";"0.09";"37.69";"6.84"
"Steuart Weller ES";"Apr 10, 2026, 00:00:00";"26";"7.98";"0.1";"33.42";"6.62"
"Steuart Weller ES";"Apr 9, 2026, 23:00:00";"26";"8.08";"0.13";"32.96";"7.21"
"Steuart Weller ES";"Apr 9, 2026, 22:00:00";"27";"8.81";"0.15";"31.4";"11.13"
"Steuart Weller ES";"Apr 9, 2026, 21:00:00";"26";"7.2";"0.17";"29.55";"13.45"
"Steuart Weller ES";"Apr 9, 2026, 20:00:00";"24";"5.95";"0.17";"28.72";"6.6"
"Steuart Weller ES";"Apr 9, 2026, 19:00:00";"24";"5.66";"0.19";"31.35";"4.99"
"Steuart Weller ES";"Apr 9, 2026, 18:00:00";"24";"5.2";"0.19";"31.47";"5.18"
"Steuart Weller ES";"Apr 9, 2026, 17:00:00";"24";"5.2";"0.2";"33.01";"5.15"
"Steuart Weller ES";"Apr 9, 2026, 16:00:00";"25";"5.44";"0.2";"33.18";"4.8"
"Steuart Weller ES";"Apr 9, 2026, 15:00:00";"25";"5.57";"0.19";"32.18";"4.69"
"Steuart Weller ES";"Apr 9, 2026, 14:00:00";"25";"6.48";"0.2";"34.16";"5.33"
"Steuart Weller ES";"Apr 9, 2026, 13:00:00";"25";"6.7";"0.2";"35.39";"5.91"
"Steuart Weller ES";"Apr 9, 2026, 12:00:00";"25";"8.53";"0.16";"33.4";"6.48"
"Steuart Weller ES";"Apr 9, 2026, 11:00:00";"25";"9.86";"0.14";"32.91";"7.4"
"Steuart Weller ES";"Apr 9, 2026, 10:00:00";"24";"11.55";"0.1";"33.59";"6.44"
"Steuart Weller ES";"Apr 9, 2026, 09:00:00";"24";"12.91";"0.06";"33.5";"5.54"
"Steuart Weller ES";"Apr 9, 2026, 08:00:00";"24";"14.26";"0.04";"33.09";"5.49"
"Steuart Weller ES";"Apr 9, 2026, 07:00:00";"23";"11.3";"0";"30.22";"5.8"
"Steuart Weller ES";"Apr 9, 2026, 06:00:00";"23";"10.14";"0";"29.57";"5.64"
"Steuart Weller ES";"Apr 9, 2026, 05:00:00";"23";"9.68";"0";"27.36";"5.11"
"Steuart Weller ES";"Apr 9, 2026, 04:00:00";"22";"8.85";"0";"24.99";"4.25"
"Steuart Weller ES";"Apr 9, 2026, 03:00:00";"22";"9.13";"0.01";"24.19";"4.46"
"Steuart Weller ES";"Apr 9, 2026, 02:00:00";"22";"9.55";"0.02";"23.57";"5.17"
"Steuart Weller ES";"Apr 9, 2026, 01:00:00";"21";"9.91";"0.03";"22.14";"6.05"
"Steuart Weller ES";"Apr 9, 2026, 00:00:00";"21";"9.31";"0.05";"21.38";"7.41"
"Steuart Weller ES";"Apr 8, 2026, 23:00:00";"20";"9.6";"0.07";"20.27";"8.21"
"Steuart Weller ES";"Apr 8, 2026, 22:00:00";"19";"9.09";"0.07";"17.5";"6.43"
"Steuart Weller ES";"Apr 8, 2026, 21:00:00";"18";"8.43";"0.07";"15.86";"4.72"
"Steuart Weller ES";"Apr 8, 2026, 20:00:00";"18";"8.04";"0.1";"17.29";"5.54"
"Steuart Weller ES";"Apr 8, 2026, 19:00:00";"17";"7.06";"0.13";"19.54";"5.96"
"Steuart Weller ES";"Apr 8, 2026, 18:00:00";"17";"6.67";"0.15";"21.61";"6.13"
"Steuart Weller ES";"Apr 8, 2026, 17:00:00";"16";"5.76";"0.17";"23.77";"5.52"
"Steuart Weller ES";"Apr 8, 2026, 16:00:00";"16";"6.09";"0.19";"24.93";"6.21"
"Steuart Weller ES";"Apr 8, 2026, 15:00:00";"15";"6.07";"0.18";"24.43";"5.67"
"Steuart Weller ES";"Apr 8, 2026, 14:00:00";"15";"5.87";"0.18";"24.54";"5.97"
"Steuart Weller ES";"Apr 8, 2026, 13:00:00";"14";"4.56";"0.16";"23.57";"6.05"
"Steuart Weller ES";"Apr 8, 2026, 12:00:00";"13";"4.17";"0.12";"20.04";"5.25"
"Steuart Weller ES";"Apr 8, 2026, 11:00:00";"13";"4.58";"0.08";"18.45";"3.98"
"Steuart Weller ES";"Apr 8, 2026, 10:00:00";"13";"5.21";"0.04";"17.55";"3.93"
"Steuart Weller ES";"Apr 8, 2026, 09:00:00";"13";"6.6";"0.01";"16.7";"4.18"
"Steuart Weller ES";"Apr 8, 2026, 08:00:00";"13";"10.75";"0";"17.63";"4.53"
"Steuart Weller ES";"Apr 8, 2026, 07:00:00";"15";"15.27";"0";"17.27";"3.35"
"Steuart Weller ES";"Apr 8, 2026, 06:00:00";"12";"10.2";"0";"15.8";"3.63"
"Steuart Weller ES";"Apr 8, 2026, 05:00:00";"12";"7.54";"0";"14.94";"3.51"
"Steuart Weller ES";"Apr 8, 2026, 04:00:00";"12";"7.28";"0";"14.64";"3.29"
"Steuart Weller ES";"Apr 8, 2026, 03:00:00";"12";"7.56";"0";"14.67";"2.88"
"Steuart Weller ES";"Apr 8, 2026, 02:00:00";"12";"7.5";"0";"15.22";"2.44"
"Steuart Weller ES";"Apr 8, 2026, 01:00:00";"12";"7.58";"0";"15.71";"2.44"
"Steuart Weller ES";"Apr 8, 2026, 00:00:00";"12";"7.69";"0";"15.86";"2.3"
"Steuart Weller ES";"Apr 7, 2026, 23:00:00";"13";"7.85";"0.01";"15.16";"2.31"
"Steuart Weller ES";"Apr 7, 2026, 22:00:00";"13";"7.3";"0.02";"14.87";"2.19"
"Steuart Weller ES";"Apr 7, 2026, 21:00:00";"13";"6.99";"0.04";"15.28";"2.45"
"Steuart Weller ES";"Apr 7, 2026, 20:00:00";"13";"5.93";"0.06";"15.97";"2.92"
"Steuart Weller ES";"Apr 7, 2026, 19:00:00";"13";"4.86";"0.08";"17.96";"2.82"
"Steuart Weller ES";"Apr 7, 2026, 18:00:00";"13";"4.25";"0.11";"20.22";"2.8"
"Steuart Weller ES";"Apr 7, 2026, 17:00:00";"13";"3.6";"0.12";"21.75";"2.78"
"Steuart Weller ES";"Apr 7, 2026, 16:00:00";"13";"3.26";"0.12";"21.82";"2.57"
"Steuart Weller ES";"Apr 7, 2026, 15:00:00";"14";"3.13";"0.14";"22.56";"2.2"
"Steuart Weller ES";"Apr 7, 2026, 14:00:00";"14";"3.07";"0.11";"21.07";"2.11"
"Steuart Weller ES";"Apr 7, 2026, 13:00:00";"14";"3.17";"0.12";"22.19";"3.31"
"Steuart Weller ES";"Apr 7, 2026, 12:00:00";"14";"3.33";"0.12";"23.88";"3.76"
"Steuart Weller ES";"Apr 7, 2026, 11:00:00";"14";"3.66";"0.1";"23.59";"4.1"
"Steuart Weller ES";"Apr 7, 2026, 10:00:00";"14";"3.71";"0.09";"23.39";"3.22"
"Steuart Weller ES";"Apr 7, 2026, 09:00:00";"14";"4.41";"0.06";"22.67";"2.55"
"Steuart Weller ES";"Apr 7, 2026, 08:00:00";"14";"6.59";"0.04";"22.87";"2.26"
"Steuart Weller ES";"Apr 7, 2026, 07:00:00";"14";"7.13";"0.03";"27.09";"2.23"
"Steuart Weller ES";"Apr 7, 2026, 06:00:00";"14";"6.53";"0.05";"30.7";"2.74"
"Steuart Weller ES";"Apr 7, 2026, 05:00:00";"13";"6.17";"0.06";"31.16";"2.89"
"Steuart Weller ES";"Apr 7, 2026, 04:00:00";"13";"5.83";"0.07";"31.15";"3.03"
"Steuart Weller ES";"Apr 7, 2026, 03:00:00";"13";"5.4";"0.1";"36.21";"3.55"
"Steuart Weller ES";"Apr 7, 2026, 02:00:00";"12";"6.45";"0.14";"39.64";"3.73"
"Steuart Weller ES";"Apr 7, 2026, 01:00:00";"12";"8.71";"0.15";"39.52";"3.46"
"Steuart Weller ES";"Apr 7, 2026, 00:00:00";"12";"8.32";"0.16";"36.9";"3.53"
"Steuart Weller ES";"Apr 6, 2026, 23:00:00";"11";"7.3";"0.16";"33.62";"3.92"
"Steuart Weller ES";"Apr 6, 2026, 22:00:00";"11";"5.13";"0.14";"30.85";"3.33"
"Steuart Weller ES";"Apr 6, 2026, 21:00:00";"10";"5.17";"0.15";"28.89";"3.17"
"Steuart Weller ES";"Apr 6, 2026, 20:00:00";"10";"4.1";"0.15";"27.29";"3.02"
"Steuart Weller ES";"Apr 6, 2026, 19:00:00";"9";"2.84";"0.17";"27.49";"2.89"
"Steuart Weller ES";"Apr 6, 2026, 18:00:00";"9";"2.44";"0.17";"27.56";"2.86"
"Steuart Weller ES";"Apr 6, 2026, 17:00:00";"9";"2.03";"0.19";"28.49";"3.33"
"Steuart Weller ES";"Apr 6, 2026, 16:00:00";"9";"1.43";"0.19";"29";"3.88"
"Steuart Weller ES";"Apr 6, 2026, 15:00:00";"8";"2.5";"0.2";"29.38";"4.39"
"Steuart Weller ES";"Apr 6, 2026, 14:00:00";"7";"2.04";"0.18";"28.82";"4.33"
"Steuart Weller ES";"Apr 6, 2026, 13:00:00";"7";"2.32";"0.17";"28.93";"3.28"
"Steuart Weller ES";"Apr 6, 2026, 12:00:00";"6";"2.73";"0.16";"29.25";"3.08"
"Steuart Weller ES";"Apr 6, 2026, 11:00:00";"6";"3.78";"0.12";"27.65";"3.11"
"Steuart Weller ES";"Apr 6, 2026, 10:00:00";"6";"4.15";"0.09";"26.46";"2.98"
"Steuart Weller ES";"Apr 6, 2026, 09:00:00";"7";"5.01";"0.07";"26.8";"2.14"
"Steuart Weller ES";"Apr 6, 2026, 08:00:00";"7";"5.78";"0.04";"25.83";"1.85"
"Steuart Weller ES";"Apr 6, 2026, 07:00:00";"8";"5";"0.03";"25.88";"1.56"
"Steuart Weller ES";"Apr 6, 2026, 06:00:00";"8";"4.63";"0.02";"26.83";"1.18"
"Steuart Weller ES";"Apr 6, 2026, 05:00:00";"10";"3.74";"0.02";"26.25";"1.17"
"Steuart Weller ES";"Apr 6, 2026, 04:00:00";"10";"3.42";"0.03";"25.42";"1.1"
"Steuart Weller ES";"Apr 6, 2026, 03:00:00";"11";"2.85";"0.04";"26.67";"1.21"
"Steuart Weller ES";"Apr 6, 2026, 02:00:00";"12";"2.54";"0.06";"28.29";"1.16"
"Steuart Weller ES";"Apr 6, 2026, 01:00:00";"13";"2.28";"0.06";"28.67";"1.24"
"Steuart Weller ES";"Apr 6, 2026, 00:00:00";"14";"2.03";"0.06";"29.02";"1.26"
"Steuart Weller ES";"Apr 5, 2026, 23:00:00";"15";"1.49";"0.08";"31.02";"0.9"
"Steuart Weller ES";"Apr 5, 2026, 22:00:00";"16";"1.32";"0.09";"33.91";"0.8"
"Steuart Weller ES";"Apr 5, 2026, 21:00:00";"17";"0.63";"0.09";"34.78";"0.84"
"Steuart Weller ES";"Apr 5, 2026, 20:00:00";"18";"0.1";"0.11";"36.93";"1.22"
"Steuart Weller ES";"Apr 5, 2026, 19:00:00";"20";"0";"0.11";"40.34";"1.29"
"Steuart Weller ES";"Apr 5, 2026, 18:00:00";"21";"0";"0.16";"50.5";"1.13"
"Steuart Weller ES";"Apr 5, 2026, 17:00:00";"21";"0";"0.2";"64.36";"1.01"
"Steuart Weller ES";"Apr 5, 2026, 16:00:00";"23";"0.45";"0.21";"89.21";"0.68"
"Steuart Weller ES";"Apr 5, 2026, 15:00:00";"24";"1.01";"0.16";"111.74";"0.77"
"Steuart Weller ES";"Apr 5, 2026, 14:00:00";"25";"0.39";"0.17";"135.28";"0.72"
"Steuart Weller ES";"Apr 5, 2026, 13:00:00";"26";"1.68";"0.22";"175.87";"1.17"
"Steuart Weller ES";"Apr 5, 2026, 12:00:00";"28";"0.95";"0.21";"169.39";"1.2"
"Steuart Weller ES";"Apr 5, 2026, 11:00:00";"29";"0.34";"0.22";"158.85";"3.62"
"Steuart Weller ES";"Apr 5, 2026, 10:00:00";"30";"0";"0.29";"149.95";"6.2"
"Steuart Weller ES";"Apr 5, 2026, 09:00:00";"30";"0";"0.29";"143.98";"5.52"
"Steuart Weller ES";"Apr 5, 2026, 08:00:00";"31";"0";"0.28";"131.93";"5.39"
"Steuart Weller ES";"Apr 5, 2026, 07:00:00";"31";"0";"0.27";"117.62";"5.3"
"Steuart Weller ES";"Apr 5, 2026, 06:00:00";"31";"0";"0.27";"106.73";"7.56"
"Steuart Weller ES";"Apr 5, 2026, 05:00:00";"31";"0";"0.27";"100.51";"5.56"
"Steuart Weller ES";"Apr 5, 2026, 04:00:00";"32";"0";"0.28";"94.38";"5.35"
"Steuart Weller ES";"Apr 5, 2026, 03:00:00";"32";"0";"0.29";"91.69";"5.99"
"Steuart Weller ES";"Apr 5, 2026, 02:00:00";"33";"0";"0.38";"89.55";"6.43"
"Steuart Weller ES";"Apr 5, 2026, 01:00:00";"33";"0";"0.39";"86.51";"6.9"
"Steuart Weller ES";"Apr 5, 2026, 00:00:00";"33";"0";"0.4";"83.88";"7.57"
"Steuart Weller ES";"Apr 4, 2026, 23:00:00";"33";"0";"0.41";"76.44";"7.56"
"Steuart Weller ES";"Apr 4, 2026, 22:00:00";"33";"0";"0.42";"69.02";"8"
"Steuart Weller ES";"Apr 4, 2026, 21:00:00";"33";"0";"0.41";"65.39";"7.51"
"Steuart Weller ES";"Apr 4, 2026, 20:00:00";"33";"0";"0.39";"64.56";"7.32"
"Steuart Weller ES";"Apr 4, 2026, 19:00:00";"34";"0";"0.38";"71.09";"6.79"
"Steuart Weller ES";"Apr 4, 2026, 18:00:00";"34";"0";"0.38";"79.36";"6.59"
"Steuart Weller ES";"Apr 4, 2026, 17:00:00";"34";"0";"0.39";"92.85";"7.23"
"Steuart Weller ES";"Apr 4, 2026, 16:00:00";"34";"0";"0.39";"101.6";"7.48"
"Steuart Weller ES";"Apr 4, 2026, 15:00:00";"34";"0";"0.39";"113.16";"7.91"
"Steuart Weller ES";"Apr 4, 2026, 14:00:00";"34";"0";"0.4";"122.45";"8.6"
"Steuart Weller ES";"Apr 4, 2026, 13:00:00";"35";"0";"0.4";"128.98";"8.56"
"Steuart Weller ES";"Apr 4, 2026, 12:00:00";"35";"0";"0.4";"139.39";"9.29"
"Steuart Weller ES";"Apr 4, 2026, 11:00:00";"35";"0";"0.44";"162.83";"8.99"
"Steuart Weller ES";"Apr 4, 2026, 10:00:00";"34";"1.12";"0.42";"183.42";"7.89"
"Steuart Weller ES";"Apr 4, 2026, 09:00:00";"35";"1.22";"0.37";"165.44";"8.08"
"Steuart Weller ES";"Apr 4, 2026, 08:00:00";"37";"1.32";"0.37";"148.92";"7.3"
"Steuart Weller ES";"Apr 4, 2026, 07:00:00";"39";"0.28";"0.36";"139.16";"7.76"
"Steuart Weller ES";"Apr 4, 2026, 06:00:00";"41";"0.04";"0.36";"124.02";"7.65"
"Steuart Weller ES";"Apr 4, 2026, 05:00:00";"42";"0.08";"0.37";"112.94";"7.79"
"Steuart Weller ES";"Apr 4, 2026, 04:00:00";"42";"0.05";"0.36";"108.5";"8.09"
"Steuart Weller ES";"Apr 4, 2026, 03:00:00";"42";"0";"0.36";"106.11";"8.21"
"Steuart Weller ES";"Apr 4, 2026, 02:00:00";"43";"0";"0.37";"106.05";"8.22"
"Steuart Weller ES";"Apr 4, 2026, 01:00:00";"43";"0";"0.37";"104.29";"8.57"
"Steuart Weller ES";"Apr 4, 2026, 00:00:00";"43";"0";"0.37";"103.72";"8.03"
"Steuart Weller ES";"Apr 3, 2026, 23:00:00";"43";"0";"0.38";"105.14";"7.73"
"Steuart Weller ES";"Apr 3, 2026, 22:00:00";"44";"0";"0.38";"105.49";"7.25"
"Steuart Weller ES";"Apr 3, 2026, 21:00:00";"44";"0";"0.37";"105.95";"7.93"
"Steuart Weller ES";"Apr 3, 2026, 20:00:00";"44";"0";"0.37";"107.45";"8.39"
"Steuart Weller ES";"Apr 3, 2026, 19:00:00";"45";"0";"0.34";"114.21";"6.94"
"Steuart Weller ES";"Apr 3, 2026, 18:00:00";"45";"0";"0.34";"130.39";"6.92"
"Steuart Weller ES";"Apr 3, 2026, 17:00:00";"45";"0";"0.33";"138.11";"7.16"
"Steuart Weller ES";"Apr 3, 2026, 16:00:00";"46";"0";"0.37";"165.03";"8.26"
"Steuart Weller ES";"Apr 3, 2026, 15:00:00";"46";"0";"0.41";"193.62";"11.56"
"Steuart Weller ES";"Apr 3, 2026, 14:00:00";"47";"1.69";"0.4";"194.02";"10.61"
"Steuart Weller ES";"Apr 3, 2026, 13:00:00";"49";"2.15";"0.32";"173.74";"9.11"
"Steuart Weller ES";"Apr 3, 2026, 12:00:00";"50";"3.37";"0.29";"162.15";"7.79"
"Steuart Weller ES";"Apr 3, 2026, 11:00:00";"51";"4.65";"0.27";"155.96";"7.05"
"Steuart Weller ES";"Apr 3, 2026, 10:00:00";"52";"6.73";"0.26";"146.15";"14.51"
"Steuart Weller ES";"Apr 3, 2026, 09:00:00";"54";"5.94";"0.22";"137.47";"14.78"
"Steuart Weller ES";"Apr 3, 2026, 08:00:00";"55";"0";"0";"0";"18.71"
"Steuart Weller ES";"Apr 3, 2026, 07:00:00";"54";"3.12";"0.18";"115.08";"22.73"
"Steuart Weller ES";"Apr 3, 2026, 06:00:00";"53";"2.51";"0.17";"108.92";"13.47"
"Steuart Weller ES";"Apr 3, 2026, 05:00:00";"53";"1.99";"0.16";"106.35";"8.02"
"Steuart Weller ES";"Apr 3, 2026, 04:00:00";"54";"1.84";"0.16";"106.45";"9.27"
"Steuart Weller ES";"Apr 3, 2026, 03:00:00";"54";"1.73";"0.16";"106.79";"10.77"
"Steuart Weller ES";"Apr 3, 2026, 02:00:00";"53";"2.03";"0.16";"102.16";"7.78"
"Steuart Weller ES";"Apr 3, 2026, 01:00:00";"54";"2.07";"0.16";"104.19";"9.58"
"Steuart Weller ES";"Apr 3, 2026, 00:00:00";"53";"2.4";"0.17";"103.98";"10.99"
"Steuart Weller ES";"Apr 2, 2026, 23:00:00";"53";"2.59";"0.18";"107.07";"10.52"
"Steuart Weller ES";"Apr 2, 2026, 22:00:00";"52";"2.52";"0.18";"105.3";"8.75"
"Steuart Weller ES";"Apr 2, 2026, 21:00:00";"52";"2.38";"0.19";"105.01";"9.07"
"Steuart Weller ES";"Apr 2, 2026, 20:00:00";"52";"2.31";"0.21";"107";"9.76"
"Steuart Weller ES";"Apr 2, 2026, 19:00:00";"52";"2";"0.23";"104.01";"9.54"
"Steuart Weller ES";"Apr 2, 2026, 18:00:00";"51";"1.79";"0.25";"104.58";"9.37"
"Steuart Weller ES";"Apr 2, 2026, 17:00:00";"51";"1.68";"0.25";"106.14";"9.33"
"Steuart Weller ES";"Apr 2, 2026, 16:00:00";"51";"1.57";"0.27";"110.92";"11.05"
"Steuart Weller ES";"Apr 2, 2026, 15:00:00";"50";"2.51";"0.27";"114.57";"17.98"
"Steuart Weller ES";"Apr 2, 2026, 14:00:00";"48";"2.91";"0.27";"121.13";"17.17"
"Steuart Weller ES";"Apr 2, 2026, 13:00:00";"46";"2.41";"0.27";"128.33";"16.27"
"Steuart Weller ES";"Apr 2, 2026, 12:00:00";"44";"2.35";"0.27";"144.86";"18.31"
"Steuart Weller ES";"Apr 2, 2026, 11:00:00";"42";"1.98";"0.27";"163.33";"21.38"
"Steuart Weller ES";"Apr 2, 2026, 10:00:00";"40";"3.1";"0.3";"178.36";"27.81"
"Steuart Weller ES";"Apr 2, 2026, 09:00:00";"37";"1.87";"0.29";"153.36";"27.1"
"Steuart Weller ES";"Apr 2, 2026, 08:00:00";"34";"0.76";"0.27";"138.85";"14.89"
"Steuart Weller ES";"Apr 2, 2026, 07:00:00";"33";"0.37";"0.28";"147.73";"13.5"
"Steuart Weller ES";"Apr 2, 2026, 06:00:00";"32";"0.78";"0.3";"172.05";"13.3"
"Steuart Weller ES";"Apr 2, 2026, 05:00:00";"32";"0.7";"0.3";"197.13";"14.35"
"Steuart Weller ES";"Apr 2, 2026, 04:00:00";"31";"1.22";"0.31";"204.97";"7.29"
"Steuart Weller ES";"Apr 2, 2026, 03:00:00";"32";"1.3";"0.32";"203.42";"6.61"
"Steuart Weller ES";"Apr 2, 2026, 02:00:00";"32";"0.82";"0.33";"203.77";"7.95"
"Steuart Weller ES";"Apr 2, 2026, 01:00:00";"32";"2.49";"0.35";"191.59";"6.26"
"Steuart Weller ES";"Apr 2, 2026, 00:00:00";"33";"1.61";"0.36";"188.36";"5.91"
"Steuart Weller ES";"Apr 1, 2026, 23:00:00";"33";"1.77";"0.38";"186.59";"6.13"
"Steuart Weller ES";"Apr 1, 2026, 22:00:00";"34";"2.33";"0.42";"177.86";"6.07"
"Steuart Weller ES";"Apr 1, 2026, 21:00:00";"35";"4.28";"0.44";"162.52";"6.08"
"Steuart Weller ES";"Apr 1, 2026, 20:00:00";"36";"1.13";"0.45";"149.29";"6.39"
"Steuart Weller ES";"Apr 1, 2026, 19:00:00";"36";"0.38";"0.42";"107.71";"6.66"
"Steuart Weller ES";"Apr 1, 2026, 18:00:00";"37";"0.09";"0.41";"68.97";"5.83"
"Steuart Weller ES";"Apr 1, 2026, 17:00:00";"37";"0";"0.38";"73.77";"6.8"
"Steuart Weller ES";"Apr 1, 2026, 16:00:00";"38";"0";"0.37";"80";"6.42"
"Steuart Weller ES";"Apr 1, 2026, 15:00:00";"38";"0";"0.36";"81.86";"6.05"
"Steuart Weller ES";"Apr 1, 2026, 14:00:00";"38";"0";"0.36";"85.29";"6.04"
"Steuart Weller ES";"Apr 1, 2026, 13:00:00";"39";"0";"0.36";"89.41";"5.97"
"Steuart Weller ES";"Apr 1, 2026, 12:00:00";"40";"0";"0.36";"92.38";"5.39"
"Steuart Weller ES";"Apr 1, 2026, 11:00:00";"40";"0";"0.4";"96.45";"7.29"
"Steuart Weller ES";"Apr 1, 2026, 10:00:00";"41";"1.58";"0.42";"102.74";"10.43"
"Steuart Weller ES";"Apr 1, 2026, 09:00:00";"40";"4.23";"0.42";"113.99";"10.49"
"Steuart Weller ES";"Apr 1, 2026, 08:00:00";"40";"4.62";"0.35";"106.61";"9.85"
"Steuart Weller ES";"Apr 1, 2026, 07:00:00";"39";"2.51";"0.36";"100.18";"10.2"
"Steuart Weller ES";"Apr 1, 2026, 06:00:00";"39";"1.93";"0.36";"94.65";"10.43"
"Steuart Weller ES";"Apr 1, 2026, 05:00:00";"39";"1.85";"0.37";"88.73";"10.18"
"Steuart Weller ES";"Apr 1, 2026, 04:00:00";"38";"2.15";"0.37";"81.9";"9.24"
"Steuart Weller ES";"Apr 1, 2026, 03:00:00";"38";"2.05";"0.37";"76.17";"9.03"
"Steuart Weller ES";"Apr 1, 2026, 02:00:00";"37";"0.27";"0.37";"71.42";"9.2"
"Steuart Weller ES";"Apr 1, 2026, 01:00:00";"37";"0.57";"0.38";"70.43";"9.59"
"Steuart Weller ES";"Apr 1, 2026, 00:00:00";"37";"0.43";"0.38";"67.4";"9.74"
"Steuart Weller ES";"Mar 31, 2026, 23:00:00";"37";"0.2";"0.38";"64.51";"10.26"
"Steuart Weller ES";"Mar 31, 2026, 22:00:00";"36";"0.01";"0.39";"65.1";"10.43"
"Steuart Weller ES";"Mar 31, 2026, 21:00:00";"36";"0";"0.39";"67.41";"10.58"
"Steuart Weller ES";"Mar 31, 2026, 20:00:00";"35";"0";"0.38";"67.51";"9.58"
"Steuart Weller ES";"Mar 31, 2026, 19:00:00";"35";"0";"0.37";"73.57";"8.85"
"Steuart Weller ES";"Mar 31, 2026, 18:00:00";"35";"0";"0.37";"78.96";"8.94"
"Steuart Weller ES";"Mar 31, 2026, 17:00:00";"35";"0";"0.37";"82.6";"9.03"
"Steuart Weller ES";"Mar 31, 2026, 16:00:00";"34";"0";"0.37";"87.69";"8.91"
"Steuart Weller ES";"Mar 31, 2026, 15:00:00";"34";"0";"0.36";"91.04";"8.94"
"Steuart Weller ES";"Mar 31, 2026, 14:00:00";"34";"0";"0.37";"93.27";"9.25"
"Steuart Weller ES";"Mar 31, 2026, 13:00:00";"33";"0";"0.37";"90.49";"8.92"
"Steuart Weller ES";"Mar 31, 2026, 12:00:00";"33";"0.51";"0.37";"84.66";"9.28"
"Steuart Weller ES";"Mar 31, 2026, 11:00:00";"32";"3.32";"0.37";"84.4";"9.63"
"Steuart Weller ES";"Mar 31, 2026, 10:00:00";"31";"5.39";"0.36";"83.84";"8.68"
"Steuart Weller ES";"Mar 31, 2026, 09:00:00";"31";"6.16";"0.31";"78.4";"7.95"
"Steuart Weller ES";"Mar 31, 2026, 08:00:00";"30";"6.4";"0.29";"76.78";"7.63"
"Steuart Weller ES";"Mar 31, 2026, 07:00:00";"30";"5.29";"0.28";"75.3";"7.8"
"Steuart Weller ES";"Mar 31, 2026, 06:00:00";"29";"4.35";"0.28";"74.97";"7.82"
"Steuart Weller ES";"Mar 31, 2026, 05:00:00";"28";"3.99";"0.29";"74.44";"7.55"
"Steuart Weller ES";"Mar 31, 2026, 04:00:00";"28";"3.38";"0.28";"74.83";"7.15"
"Steuart Weller ES";"Mar 31, 2026, 03:00:00";"27";"4.06";"0.3";"75.33";"7.36"
"Steuart Weller ES";"Mar 31, 2026, 02:00:00";"26";"3.92";"0.3";"74.87";"7.83"
"Steuart Weller ES";"Mar 31, 2026, 01:00:00";"25";"3.57";"0.31";"73.83";"8.55"
"Steuart Weller ES";"Mar 31, 2026, 00:00:00";"24";"3.03";"0.32";"74.87";"8.31"
"Steuart Weller ES";"Mar 30, 2026, 23:00:00";"23";"3.21";"0.33";"75.86";"7.73"
"Steuart Weller ES";"Mar 30, 2026, 22:00:00";"22";"3.11";"0.32";"73.92";"7.87"
"Steuart Weller ES";"Mar 30, 2026, 21:00:00";"22";"3.12";"0.33";"74.67";"7.61"
"Steuart Weller ES";"Mar 30, 2026, 20:00:00";"21";"3.17";"0.33";"76.04";"7.42"
"Steuart Weller ES";"Mar 30, 2026, 19:00:00";"20";"2.14";"0.34";"73.8";"7.55"
"Steuart Weller ES";"Mar 30, 2026, 18:00:00";"19";"1.9";"0.34";"72.55";"7.21"
"Steuart Weller ES";"Mar 30, 2026, 17:00:00";"18";"2.83";"0.35";"70.91";"6.89"
"Steuart Weller ES";"Mar 30, 2026, 16:00:00";"17";"3.25";"0.34";"71.97";"7.19"
"Steuart Weller ES";"Mar 30, 2026, 15:00:00";"16";"4.52";"0.35";"72.04";"7.83"
"Steuart Weller ES";"Mar 30, 2026, 14:00:00";"16";"5.59";"0.33";"67.84";"7.06"
"Steuart Weller ES";"Mar 30, 2026, 13:00:00";"15";"6.54";"0.31";"68";"6.32"
"Steuart Weller ES";"Mar 30, 2026, 12:00:00";"14";"8.68";"0.27";"67.57";"5.7"
"Steuart Weller ES";"Mar 30, 2026, 11:00:00";"14";"8.12";"0.24";"54";"5.54"
"Steuart Weller ES";"Mar 30, 2026, 10:00:00";"13";"8.91";"0.25";"47.48";"5.16"
"Steuart Weller ES";"Mar 30, 2026, 09:00:00";"13";"8.39";"0.23";"42.25";"4.54"
"Steuart Weller ES";"Mar 30, 2026, 08:00:00";"13";"7.12";"0.22";"35.85";"4.15"
"Steuart Weller ES";"Mar 30, 2026, 07:00:00";"13";"6.4";"0.23";"31.55";"4.41"
"Steuart Weller ES";"Mar 30, 2026, 06:00:00";"13";"5.7";"0.22";"30.35";"4.13"
"Steuart Weller ES";"Mar 30, 2026, 05:00:00";"13";"5.24";"0.21";"28.1";"3.28"
"Steuart Weller ES";"Mar 30, 2026, 04:00:00";"13";"4.45";"0.21";"24.78";"2.6"
"Steuart Weller ES";"Mar 30, 2026, 03:00:00";"13";"4.24";"0.2";"22.85";"2.02"
"Steuart Weller ES";"Mar 30, 2026, 02:00:00";"13";"3.99";"0.2";"21.85";"1.36"
"Steuart Weller ES";"Mar 30, 2026, 01:00:00";"14";"4.15";"0.2";"22.17";"1.84"
"Steuart Weller ES";"Mar 30, 2026, 00:00:00";"14";"5.78";"0.22";"23.78";"4.45"
"Steuart Weller ES";"Mar 29, 2026, 23:00:00";"14";"6.24";"0.23";"24.76";"2.82"
"Steuart Weller ES";"Mar 29, 2026, 22:00:00";"14";"7.75";"0.25";"26.25";"5.05"
"Steuart Weller ES";"Mar 29, 2026, 21:00:00";"14";"6.13";"0.23";"26.3";"1.99"
"Steuart Weller ES";"Mar 29, 2026, 20:00:00";"14";"5.1";"0.23";"27.46";"2.12"
"Steuart Weller ES";"Mar 29, 2026, 19:00:00";"14";"3.65";"0.23";"28.94";"2.03"
"Steuart Weller ES";"Mar 29, 2026, 18:00:00";"14";"2.3";"0.25";"31.35";"2.35"
"Steuart Weller ES";"Mar 29, 2026, 17:00:00";"14";"2.18";"0.25";"32.39";"2.61"
"Steuart Weller ES";"Mar 29, 2026, 16:00:00";"14";"1.96";"0.26";"33.55";"2.4"
"Steuart Weller ES";"Mar 29, 2026, 15:00:00";"14";"1.57";"0.25";"32.66";"2.58"
"Steuart Weller ES";"Mar 29, 2026, 14:00:00";"14";"1.04";"0.24";"32.23";"2.66"
"Steuart Weller ES";"Mar 29, 2026, 13:00:00";"14";"1.43";"0.22";"30.07";"2.65"
"Steuart Weller ES";"Mar 29, 2026, 12:00:00";"14";"1.63";"0.22";"29.79";"2.73"
"Steuart Weller ES";"Mar 29, 2026, 11:00:00";"14";"2.42";"0.21";"27.75";"3.07"
"Steuart Weller ES";"Mar 29, 2026, 10:00:00";"14";"4.35";"0.19";"26.86";"4.33"
"Steuart Weller ES";"Mar 29, 2026, 09:00:00";"14";"8.86";"0.18";"27.15";"5.04"
"Steuart Weller ES";"Mar 29, 2026, 08:00:00";"20";"20.08";"0.15";"30.32";"3.16"
"Steuart Weller ES";"Mar 29, 2026, 07:00:00";"19";"19.41";"0.15";"29.35";"3.22"
"Steuart Weller ES";"Mar 29, 2026, 06:00:00";"21";"20.9";"0.14";"27.67";"3.2"
"Steuart Weller ES";"Mar 29, 2026, 05:00:00";"19";"19.51";"0.16";"28.86";"3.36"
"Steuart Weller ES";"Mar 29, 2026, 04:00:00";"21";"21.08";"0.18";"29.74";"4.07"
"Steuart Weller ES";"Mar 29, 2026, 03:00:00";"21";"20.91";"0.2";"29.24";"4.44"
"Steuart Weller ES";"Mar 29, 2026, 02:00:00";"18";"18.05";"0.18";"27.08";"3.69"
"Steuart Weller ES";"Mar 29, 2026, 01:00:00";"22";"21.88";"0.2";"25.94";"4.12"
"Steuart Weller ES";"Mar 29, 2026, 00:00:00";"18";"18";"0.16";"23.8";"3.69"
"Steuart Weller ES";"Mar 28, 2026, 23:00:00";"14";"14.47";"0.13";"22.11";"3.44"
"Steuart Weller ES";"Mar 28, 2026, 22:00:00";"12";"11.49";"0.12";"18.99";"3.28"
"Steuart Weller ES";"Mar 28, 2026, 21:00:00";"12";"7.01";"0.12";"18.63";"2.93"
"Steuart Weller ES";"Mar 28, 2026, 20:00:00";"12";"4.57";"0.14";"18.39";"2.47"
"Steuart Weller ES";"Mar 28, 2026, 19:00:00";"11";"3.39";"0.16";"20.3";"2.4"
"Steuart Weller ES";"Mar 28, 2026, 18:00:00";"11";"3.15";"0.17";"20.75";"2.35"
"Steuart Weller ES";"Mar 28, 2026, 17:00:00";"11";"2.81";"0.17";"20.87";"1.96"
"Steuart Weller ES";"Mar 28, 2026, 16:00:00";"11";"2.77";"0.17";"21.83";"2.49"
"Steuart Weller ES";"Mar 28, 2026, 15:00:00";"11";"3.23";"0.16";"21";"2.56"
"Steuart Weller ES";"Mar 28, 2026, 14:00:00";"11";"3.15";"0.15";"20.77";"3.04"
"Steuart Weller ES";"Mar 28, 2026, 13:00:00";"11";"3.25";"0.13";"19.86";"2.95"
"Steuart Weller ES";"Mar 28, 2026, 12:00:00";"11";"3.36";"0.12";"19.61";"4.14"
"Steuart Weller ES";"Mar 28, 2026, 11:00:00";"10";"3.76";"0.1";"19.1";"3.51"
"Steuart Weller ES";"Mar 28, 2026, 10:00:00";"10";"3.92";"0.08";"18.57";"3.48"
"Steuart Weller ES";"Mar 28, 2026, 09:00:00";"9";"4.41";"0.06";"18.27";"3.66"
"Steuart Weller ES";"Mar 28, 2026, 08:00:00";"9";"4.96";"0.03";"17.97";"3.27"
"Steuart Weller ES";"Mar 28, 2026, 07:00:00";"9";"3.97";"0.03";"18.02";"3.15"
"Steuart Weller ES";"Mar 28, 2026, 06:00:00";"9";"2.91";"0.04";"18.93";"2.9"
"Steuart Weller ES";"Mar 28, 2026, 05:00:00";"9";"2.84";"0.08";"25.18";"3.4"
"Steuart Weller ES";"Mar 28, 2026, 04:00:00";"10";"2.67";"0.11";"29.29";"3.08"
"Steuart Weller ES";"Mar 28, 2026, 03:00:00";"12";"7.65";"0.1";"33.38";"2.52"
"Steuart Weller ES";"Mar 28, 2026, 02:00:00";"14";"7.49";"0.08";"32.47";"2.49"
"Steuart Weller ES";"Mar 28, 2026, 01:00:00";"16";"4.91";"0.08";"30.9";"1.84"
"Steuart Weller ES";"Mar 28, 2026, 00:00:00";"18";"2.28";"0.1";"30.63";"1.72"
"Steuart Weller ES";"Mar 27, 2026, 23:00:00";"20";"2.89";"0.11";"35.35";"1.3"
"Steuart Weller ES";"Mar 27, 2026, 22:00:00";"22";"4.7";"0.12";"40.13";"1.62"
"Steuart Weller ES";"Mar 27, 2026, 21:00:00";"25";"3.34";"0.12";"40.11";"1.75"
"Steuart Weller ES";"Mar 27, 2026, 20:00:00";"27";"2.96";"0.13";"40.86";"1.37"
"Steuart Weller ES";"Mar 27, 2026, 19:00:00";"28";"3.11";"0.12";"40.38";"1.84"
"Steuart Weller ES";"Mar 27, 2026, 18:00:00";"30";"2.03";"0.13";"37.94";"1.58"
"Steuart Weller ES";"Mar 27, 2026, 17:00:00";"32";"1.05";"0.15";"36.72";"1.64"
"Steuart Weller ES";"Mar 27, 2026, 16:00:00";"34";"1.07";"0.17";"41.37";"2.31"
"Steuart Weller ES";"Mar 27, 2026, 15:00:00";"36";"1.98";"0.18";"45.91";"2.41"
"Steuart Weller ES";"Mar 27, 2026, 14:00:00";"37";"1.66";"0.19";"50.96";"2.31"
"Steuart Weller ES";"Mar 27, 2026, 13:00:00";"39";"2.6";"0.21";"68.91";"1.7"
"Steuart Weller ES";"Mar 27, 2026, 12:00:00";"41";"4.74";"0.23";"86.34";"1.53"
"Steuart Weller ES";"Mar 27, 2026, 11:00:00";"42";"5.13";"0.23";"99.27";"1.17"
"Steuart Weller ES";"Mar 27, 2026, 10:00:00";"44";"5.05";"0.23";"100.21";"1.08"
"Steuart Weller ES";"Mar 27, 2026, 09:00:00";"45";"3.66";"0.27";"120.29";"1.22"
"Steuart Weller ES";"Mar 27, 2026, 08:00:00";"47";"4.91";"0.33";"145.25";"2.02"
"Steuart Weller ES";"Mar 27, 2026, 07:00:00";"48";"3.16";"0.33";"125.8";"1.93"
"Steuart Weller ES";"Mar 27, 2026, 06:00:00";"50";"2.78";"0.38";"109.4";"3.33"
"Steuart Weller ES";"Mar 27, 2026, 05:00:00";"51";"1.66";"0.38";"82.87";"10.11"
"Steuart Weller ES";"Mar 27, 2026, 04:00:00";"51";"0.21";"0.37";"71.65";"13.04"
"Steuart Weller ES";"Mar 27, 2026, 03:00:00";"50";"0.16";"0.38";"65.25";"14.58"
"Steuart Weller ES";"Mar 27, 2026, 02:00:00";"49";"0.19";"0.39";"63.61";"13.85"
"Steuart Weller ES";"Mar 27, 2026, 01:00:00";"47";"0.43";"0.39";"61.84";"14.39"
"Steuart Weller ES";"Mar 27, 2026, 00:00:00";"46";"0.57";"0.4";"60.86";"14.77"
"Steuart Weller ES";"Mar 26, 2026, 23:00:00";"44";"0.9";"0.4";"59.71";"14.57"
"Steuart Weller ES";"Mar 26, 2026, 22:00:00";"43";"0.98";"0.4";"57.61";"14.03"
"Steuart Weller ES";"Mar 26, 2026, 21:00:00";"41";"1.15";"0.4";"56.13";"13.09"
"Steuart Weller ES";"Mar 26, 2026, 20:00:00";"40";"1.48";"0.4";"57.11";"12.47"
"Steuart Weller ES";"Mar 26, 2026, 19:00:00";"39";"0";"0.4";"59.78";"12.22"
"Steuart Weller ES";"Mar 26, 2026, 18:00:00";"37";"0";"0.41";"62.11";"12.35"
"Steuart Weller ES";"Mar 26, 2026, 17:00:00";"36";"0";"0.39";"58.67";"11.75"
"Steuart Weller ES";"Mar 26, 2026, 16:00:00";"35";"0.01";"0.4";"62.62";"12.18"
"Steuart Weller ES";"Mar 26, 2026, 15:00:00";"34";"0";"0.4";"61.02";"11.99"
"Steuart Weller ES";"Mar 26, 2026, 14:00:00";"33";"0.06";"0.4";"56.94";"11.62"
"Steuart Weller ES";"Mar 26, 2026, 13:00:00";"32";"1.22";"0.41";"50.42";"11.29"
"Steuart Weller ES";"Mar 26, 2026, 12:00:00";"31";"4.35";"0.4";"46.12";"10.94"
"Steuart Weller ES";"Mar 26, 2026, 11:00:00";"30";"6.58";"0.37";"43.55";"10.81"
"Steuart Weller ES";"Mar 26, 2026, 10:00:00";"29";"7.66";"0.32";"38.25";"9.9"
"Steuart Weller ES";"Mar 26, 2026, 09:00:00";"28";"9.28";"0.28";"34.86";"10.04"
"Steuart Weller ES";"Mar 26, 2026, 08:00:00";"27";"9.16";"0.25";"31.96";"10.26"
"Steuart Weller ES";"Mar 26, 2026, 07:00:00";"26";"7.04";"0.23";"31.41";"10.22"
"Steuart Weller ES";"Mar 26, 2026, 06:00:00";"25";"6.36";"0.22";"31.17";"9.77"
"Steuart Weller ES";"Mar 26, 2026, 05:00:00";"23";"6";"0.22";"31.48";"9.24"
"Steuart Weller ES";"Mar 26, 2026, 04:00:00";"22";"6.01";"0.23";"32.1";"8.3"
"Steuart Weller ES";"Mar 26, 2026, 03:00:00";"21";"6.19";"0.23";"32.29";"7.42"
"Steuart Weller ES";"Mar 26, 2026, 02:00:00";"20";"6.89";"0.22";"31.71";"5.74"
"Steuart Weller ES";"Mar 26, 2026, 01:00:00";"20";"7.06";"0.24";"32.14";"6.28"
"Steuart Weller ES";"Mar 26, 2026, 00:00:00";"19";"5.93";"0.24";"32.64";"5.58"
"Steuart Weller ES";"Mar 25, 2026, 23:00:00";"19";"6.31";"0.25";"32.48";"5.25"
"Steuart Weller ES";"Mar 25, 2026, 22:00:00";"19";"5.86";"0.26";"30.61";"5.66"
"Steuart Weller ES";"Mar 25, 2026, 21:00:00";"18";"5.79";"0.24";"28.12";"5.7"
"Steuart Weller ES";"Mar 25, 2026, 20:00:00";"17";"6.04";"0.25";"26.29";"5.26"
"Steuart Weller ES";"Mar 25, 2026, 19:00:00";"17";"4.36";"0.25";"25.92";"4.65"
"Steuart Weller ES";"Mar 25, 2026, 18:00:00";"17";"3.54";"0.25";"27.35";"4.22"
"Steuart Weller ES";"Mar 25, 2026, 17:00:00";"16";"4.35";"0.25";"28.14";"5.48"
"Steuart Weller ES";"Mar 25, 2026, 16:00:00";"16";"3.41";"0.27";"30.39";"5.76"
"Steuart Weller ES";"Mar 25, 2026, 15:00:00";"15";"3.85";"0.29";"31.87";"6.76"
"Steuart Weller ES";"Mar 25, 2026, 14:00:00";"14";"4.91";"0.26";"31.95";"5.16"
"Steuart Weller ES";"Mar 25, 2026, 13:00:00";"14";"5.96";"0.25";"30.72";"5.6"
"Steuart Weller ES";"Mar 25, 2026, 12:00:00";"13";"6.02";"0.24";"29.92";"6.08"
"Steuart Weller ES";"Mar 25, 2026, 11:00:00";"13";"7.61";"0.27";"31.47";"5.69"
"Steuart Weller ES";"Mar 25, 2026, 10:00:00";"12";"9.26";"0.22";"28.97";"5.55"
"Steuart Weller ES";"Mar 25, 2026, 09:00:00";"11";"9.35";"0.17";"27.81";"3.93"
"Steuart Weller ES";"Mar 25, 2026, 08:00:00";"11";"10.78";"0.15";"27.03";"3.22"
"Steuart Weller ES";"Mar 25, 2026, 07:00:00";"10";"8.75";"0.14";"26.16";"2.92"
"Steuart Weller ES";"Mar 25, 2026, 06:00:00";"10";"7.62";"0.13";"25.81";"2.39"
"Steuart Weller ES";"Mar 25, 2026, 05:00:00";"10";"6.84";"0.13";"25.79";"2.41"
"Steuart Weller ES";"Mar 25, 2026, 04:00:00";"10";"6.66";"0.13";"24.69";"2.33"
"Steuart Weller ES";"Mar 25, 2026, 03:00:00";"9";"6.37";"0.14";"24.25";"2.53"
"Steuart Weller ES";"Mar 25, 2026, 02:00:00";"9";"7.43";"0.16";"24.96";"2.66"
"Steuart Weller ES";"Mar 25, 2026, 01:00:00";"10";"9.62";"0.17";"25.19";"4"
"Steuart Weller ES";"Mar 25, 2026, 00:00:00";"9";"7.73";"0.17";"23.69";"4.63"
"Steuart Weller ES";"Mar 24, 2026, 23:00:00";"8";"6.64";"0.18";"21.8";"2.69"
"Steuart Weller ES";"Mar 24, 2026, 22:00:00";"8";"6.73";"0.18";"20.66";"2.21"
"Steuart Weller ES";"Mar 24, 2026, 21:00:00";"7";"5.47";"0.15";"18.77";"1.43"
"Steuart Weller ES";"Mar 24, 2026, 20:00:00";"7";"4.64";"0.16";"18.86";"1.82"
"Steuart Weller ES";"Mar 24, 2026, 19:00:00";"7";"3.66";"0.18";"19.94";"3.01"
"Steuart Weller ES";"Mar 24, 2026, 18:00:00";"7";"3.28";"0.21";"22.35";"2.03"
"Steuart Weller ES";"Mar 24, 2026, 17:00:00";"7";"2.88";"0.22";"22.89";"2.07"
"Steuart Weller ES";"Mar 24, 2026, 16:00:00";"7";"2.89";"0.23";"24.49";"2.43"
"Steuart Weller ES";"Mar 24, 2026, 15:00:00";"6";"2.35";"0.24";"26.34";"2.98"
"Steuart Weller ES";"Mar 24, 2026, 14:00:00";"6";"1.77";"0.23";"25.92";"2.41"
"Steuart Weller ES";"Mar 24, 2026, 13:00:00";"6";"1.8";"0.22";"24.6";"2.11"
"Steuart Weller ES";"Mar 24, 2026, 12:00:00";"5";"2.24";"0.18";"22.66";"2.01"
"Steuart Weller ES";"Mar 24, 2026, 11:00:00";"5";"3.15";"0.15";"20.71";"1.69"
"Steuart Weller ES";"Mar 24, 2026, 10:00:00";"6";"4.22";"0.1";"19.2";"1.6"
"Steuart Weller ES";"Mar 24, 2026, 09:00:00";"6";"5.68";"0.08";"18.59";"1.58"
"Steuart Weller ES";"Mar 24, 2026, 08:00:00";"8";"8.2";"0.07";"18.56";"1.37"
"Steuart Weller ES";"Mar 24, 2026, 07:00:00";"9";"9.09";"0.06";"18.22";"1.19"
"Steuart Weller ES";"Mar 24, 2026, 06:00:00";"10";"6.93";"0.05";"17.49";"1"
"Steuart Weller ES";"Mar 24, 2026, 05:00:00";"11";"5.6";"0.04";"17.4";"1.26"
"Steuart Weller ES";"Mar 24, 2026, 04:00:00";"11";"4.81";"0.05";"17.19";"0.94"
"Steuart Weller ES";"Mar 24, 2026, 03:00:00";"13";"4.31";"0.05";"17.53";"1.02"
"Steuart Weller ES";"Mar 24, 2026, 02:00:00";"14";"4.18";"0.06";"18.53";"1.25"
"Steuart Weller ES";"Mar 24, 2026, 01:00:00";"14";"3.92";"0.07";"18.74";"1.35"
"Steuart Weller ES";"Mar 24, 2026, 00:00:00";"15";"3.47";"0.07";"18.97";"1.37"
"Steuart Weller ES";"Mar 23, 2026, 23:00:00";"16";"3.34";"0.09";"20.42";"1.08"
"Steuart Weller ES";"Mar 23, 2026, 22:00:00";"17";"2.86";"0.11";"21.41";"1"
"Steuart Weller ES";"Mar 23, 2026, 21:00:00";"18";"2.25";"0.13";"22.95";"0.78"
"Steuart Weller ES";"Mar 23, 2026, 20:00:00";"18";"2.31";"0.14";"24.38";"1.23"
"Steuart Weller ES";"Mar 23, 2026, 19:00:00";"19";"1.48";"0.15";"24.86";"1.7"
"Steuart Weller ES";"Mar 23, 2026, 18:00:00";"19";"0.91";"0.15";"25.89";"1.23"
"Steuart Weller ES";"Mar 23, 2026, 17:00:00";"20";"0.26";"0.17";"27.71";"1.05"
"Steuart Weller ES";"Mar 23, 2026, 16:00:00";"20";"0.05";"0.18";"29.85";"0.66"
"Steuart Weller ES";"Mar 23, 2026, 15:00:00";"21";"0";"0.22";"35.84";"0.71"
"Steuart Weller ES";"Mar 23, 2026, 14:00:00";"22";"0";"0.25";"44.1";"0.77"
"Steuart Weller ES";"Mar 23, 2026, 13:00:00";"24";"0";"0.23";"55.6";"0.79"
"Steuart Weller ES";"Mar 23, 2026, 12:00:00";"25";"0";"0.25";"77.96";"1.69"
"Steuart Weller ES";"Mar 23, 2026, 11:00:00";"27";"1.49";"0.34";"110.16";"3.01"
"Steuart Weller ES";"Mar 23, 2026, 10:00:00";"28";"5.2";"0.32";"142";"3.19"
"Steuart Weller ES";"Mar 23, 2026, 09:00:00";"29";"4.37";"0.33";"149.35";"6.67"
"Steuart Weller ES";"Mar 23, 2026, 08:00:00";"29";"4.84";"0.33";"138.7";"11.47"
"Steuart Weller ES";"Mar 23, 2026, 07:00:00";"29";"3.3";"0.33";"126.42";"8.82"
"Steuart Weller ES";"Mar 23, 2026, 06:00:00";"29";"1.43";"0.33";"112.92";"6.09"
"Steuart Weller ES";"Mar 23, 2026, 05:00:00";"30";"1.94";"0.35";"108.14";"5.05"
"Steuart Weller ES";"Mar 23, 2026, 04:00:00";"30";"2.35";"0.36";"106.86";"9.4"
"Steuart Weller ES";"Mar 23, 2026, 03:00:00";"30";"1.66";"0.36";"94.84";"5.76"
"Steuart Weller ES";"Mar 23, 2026, 02:00:00";"31";"1.42";"0.38";"78.84";"5.21"
"Steuart Weller ES";"Mar 23, 2026, 01:00:00";"32";"0";"0.39";"63.9";"6.1"
"Steuart Weller ES";"Mar 23, 2026, 00:00:00";"32";"0";"0.38";"56.05";"5.43"
"Steuart Weller ES";"Mar 22, 2026, 23:00:00";"32";"0";"0.39";"46.95";"6.06"
"Steuart Weller ES";"Mar 22, 2026, 22:00:00";"32";"0";"0.38";"47.05";"5.07"
"Steuart Weller ES";"Mar 22, 2026, 21:00:00";"33";"0";"0.36";"47.27";"4.61"
"Steuart Weller ES";"Mar 22, 2026, 20:00:00";"33";"0";"0.34";"51.27";"4.49"
"Steuart Weller ES";"Mar 22, 2026, 19:00:00";"33";"0";"0.32";"57.35";"4.16"
"Steuart Weller ES";"Mar 22, 2026, 18:00:00";"33";"0";"0.3";"63.32";"3.64"
"Steuart Weller ES";"Mar 22, 2026, 17:00:00";"33";"0";"0.31";"74.15";"4.48"
"Steuart Weller ES";"Mar 22, 2026, 16:00:00";"34";"0";"0.33";"80.67";"6.2"
"Steuart Weller ES";"Mar 22, 2026, 15:00:00";"34";"0";"0.36";"88.72";"7.07"
"Steuart Weller ES";"Mar 22, 2026, 14:00:00";"34";"0";"0.39";"93.12";"8.52"
"Steuart Weller ES";"Mar 22, 2026, 13:00:00";"34";"2.24";"0.41";"91.39";"9.89"
"Steuart Weller ES";"Mar 22, 2026, 12:00:00";"34";"5.1";"0.41";"97.35";"10.28"
"Steuart Weller ES";"Mar 22, 2026, 11:00:00";"35";"8.85";"0.37";"91.84";"9.71"
"Steuart Weller ES";"Mar 22, 2026, 10:00:00";"35";"13.53";"0.34";"86.81";"8.91"
"Steuart Weller ES";"Mar 22, 2026, 09:00:00";"35";"7.55";"0.27";"80.51";"7.69"
"Steuart Weller ES";"Mar 22, 2026, 08:00:00";"34";"6.09";"0.21";"73.47";"10.35"
"Steuart Weller ES";"Mar 22, 2026, 07:00:00";"38";"5.3";"0.22";"71.24";"10.5"
"Steuart Weller ES";"Mar 22, 2026, 06:00:00";"39";"6.97";"0.24";"70.9";"8.88"
"Steuart Weller ES";"Mar 22, 2026, 05:00:00";"39";"6.14";"0.24";"68.99";"8.4"
"Steuart Weller ES";"Mar 22, 2026, 04:00:00";"39";"6.7";"0.26";"68.05";"8.54"
"Steuart Weller ES";"Mar 22, 2026, 03:00:00";"38";"7.77";"0.28";"66.38";"9.92"
"Steuart Weller ES";"Mar 22, 2026, 02:00:00";"36";"5.83";"0.35";"31.67";"10.1"
"Steuart Weller ES";"Mar 22, 2026, 01:00:00";"35";"4.59";"0.38";"23.29";"9.46"
"Steuart Weller ES";"Mar 22, 2026, 00:00:00";"34";"3.42";"0.39";"15.62";"6.35"
"Steuart Weller ES";"Mar 21, 2026, 23:00:00";"34";"3.13";"0.39";"14.96";"5.93"
"Steuart Weller ES";"Mar 21, 2026, 22:00:00";"34";"2.72";"0.41";"18.4";"6.64"
"Steuart Weller ES";"Mar 21, 2026, 21:00:00";"33";"1.94";"0.42";"16.28";"6.98"
"Steuart Weller ES";"Mar 21, 2026, 20:00:00";"33";"0.24";"0.4";"12.17";"5.8"
"Steuart Weller ES";"Mar 21, 2026, 19:00:00";"32";"0";"0.37";"9";"4.77"
"Steuart Weller ES";"Mar 21, 2026, 18:00:00";"32";"0";"0.37";"6.54";"4.34"
"Steuart Weller ES";"Mar 21, 2026, 17:00:00";"33";"0";"0.38";"9.76";"5.48"
"Steuart Weller ES";"Mar 21, 2026, 16:00:00";"32";"0";"0.39";"17.06";"6.92"
"Steuart Weller ES";"Mar 21, 2026, 15:00:00";"32";"0";"0.38";"21.13";"8.21"
"Steuart Weller ES";"Mar 21, 2026, 14:00:00";"32";"0";"0.39";"28.13";"10.12"
"Steuart Weller ES";"Mar 21, 2026, 13:00:00";"31";"0.04";"0.39";"35.59";"11.33"
"Steuart Weller ES";"Mar 21, 2026, 12:00:00";"30";"0.43";"0.38";"43.02";"12.91"
"Steuart Weller ES";"Mar 21, 2026, 11:00:00";"29";"2.24";"0.37";"57.05";"11.74"
"Steuart Weller ES";"Mar 21, 2026, 10:00:00";"28";"4.23";"0.38";"78.94";"6.55"
"Steuart Weller ES";"Mar 21, 2026, 09:00:00";"28";"9.49";"0.35";"84.03";"4.93"
"Steuart Weller ES";"Mar 21, 2026, 08:00:00";"28";"12.2";"0.28";"56.08";"33.33"
"Steuart Weller ES";"Mar 21, 2026, 07:00:00";"23";"7.69";"0.27";"62.68";"14.06"
"Steuart Weller ES";"Mar 21, 2026, 06:00:00";"22";"4.85";"0.26";"62.54";"8.93"
"Steuart Weller ES";"Mar 21, 2026, 05:00:00";"21";"4.43";"0.27";"65.18";"5.65"
"Steuart Weller ES";"Mar 21, 2026, 04:00:00";"21";"6.1";"0.28";"61.16";"3.66"
"Steuart Weller ES";"Mar 21, 2026, 03:00:00";"21";"7.22";"0.28";"55";"3.03"
"Steuart Weller ES";"Mar 21, 2026, 02:00:00";"22";"5.48";"0.3";"45.43";"3.18"
"Steuart Weller ES";"Mar 21, 2026, 01:00:00";"22";"3.2";"0.31";"44.8";"4.48"
"Steuart Weller ES";"Mar 21, 2026, 00:00:00";"22";"3.29";"0.34";"29.58";"4.44"
"Steuart Weller ES";"Mar 20, 2026, 23:00:00";"23";"4.34";"0.34";"29.07";"3.81"
"Steuart Weller ES";"Mar 20, 2026, 22:00:00";"23";"5.69";"0.36";"31.8";"3.65"
"Steuart Weller ES";"Mar 20, 2026, 21:00:00";"23";"12.83";"0.41";"36.08";"4.09"
"Steuart Weller ES";"Mar 20, 2026, 20:00:00";"24";"5.33";"0.37";"36.15";"4.1"
"Steuart Weller ES";"Mar 20, 2026, 19:00:00";"24";"2.19";"0.36";"28.77";"5.06"
"Steuart Weller ES";"Mar 20, 2026, 18:00:00";"23";"0.06";"0.37";"9.04";"5.06"
"Steuart Weller ES";"Mar 20, 2026, 17:00:00";"23";"0.01";"0.38";"7.56";"4.63"
"Steuart Weller ES";"Mar 20, 2026, 16:00:00";"23";"0";"0.37";"8.04";"5.19"
"Steuart Weller ES";"Mar 20, 2026, 15:00:00";"23";"0";"0.37";"9.4";"5.66"
"Steuart Weller ES";"Mar 20, 2026, 14:00:00";"23";"0.18";"0.4";"13.62";"5.81"
"Steuart Weller ES";"Mar 20, 2026, 13:00:00";"23";"0.71";"0.41";"18.36";"6.14"
"Steuart Weller ES";"Mar 20, 2026, 12:00:00";"23";"4.6";"0.44";"19.68";"6.59"
"Steuart Weller ES";"Mar 20, 2026, 11:00:00";"22";"8.73";"0.39";"14.84";"7.34"
"Steuart Weller ES";"Mar 20, 2026, 10:00:00";"22";"14.87";"0.35";"12.11";"6.96"
"Steuart Weller ES";"Mar 20, 2026, 09:00:00";"21";"11.8";"0.29";"9.05";"5.85"
"Steuart Weller ES";"Mar 20, 2026, 08:00:00";"21";"11.66";"0.25";"6.47";"4.76"
"Steuart Weller ES";"Mar 20, 2026, 07:00:00";"21";"10.39";"0.23";"4.67";"4.55"
"Steuart Weller ES";"Mar 20, 2026, 06:00:00";"21";"8.18";"0.23";"3.25";"4.61"
"Steuart Weller ES";"Mar 20, 2026, 05:00:00";"20";"6.99";"0.23";"2.62";"4.86"
"Steuart Weller ES";"Mar 20, 2026, 04:00:00";"20";"8.07";"0.24";"1.98";"5.79"
"Steuart Weller ES";"Mar 20, 2026, 03:00:00";"19";"8.07";"0.25";"1.17";"6.72"
"Steuart Weller ES";"Mar 20, 2026, 02:00:00";"19";"8.01";"0.25";"0.7";"6.01"
"Steuart Weller ES";"Mar 20, 2026, 01:00:00";"18";"8.59";"0.26";"0.05";"4.61"
"Steuart Weller ES";"Mar 20, 2026, 00:00:00";"18";"8.66";"0.27";"0";"5.59"
"Steuart Weller ES";"Mar 19, 2026, 23:00:00";"18";"10.31";"0.3";"0.35";"6.92"
"Steuart Weller ES";"Mar 19, 2026, 22:00:00";"17";"8.49";"0.31";"0.4";"5.23"
"Steuart Weller ES";"Mar 19, 2026, 21:00:00";"17";"8.01";"0.3";"0.5";"4.48"
"Steuart Weller ES";"Mar 19, 2026, 20:00:00";"17";"5.62";"0.28";"0.09";"4.15"
"Steuart Weller ES";"Mar 19, 2026, 19:00:00";"16";"2.28";"0.31";"2.81";"4.5"
"Steuart Weller ES";"Mar 19, 2026, 18:00:00";"16";"0.75";"0.33";"5.94";"4.64"
"Steuart Weller ES";"Mar 19, 2026, 17:00:00";"16";"0.22";"0.34";"7.92";"4.77"
"Steuart Weller ES";"Mar 19, 2026, 16:00:00";"15";"0.4";"0.36";"8.49";"5.33"
"Steuart Weller ES";"Mar 19, 2026, 15:00:00";"15";"0.38";"0.35";"7.67";"4.93"
"Steuart Weller ES";"Mar 19, 2026, 14:00:00";"15";"1.4";"0.33";"6.94";"4.69"
"Steuart Weller ES";"Mar 19, 2026, 13:00:00";"14";"3.49";"0.34";"5.31";"4.4"
"Steuart Weller ES";"Mar 19, 2026, 12:00:00";"14";"5.35";"0.31";"1.56";"4.24"
"Steuart Weller ES";"Mar 19, 2026, 11:00:00";"14";"8.02";"0.29";"0.3";"4.22"
"Steuart Weller ES";"Mar 19, 2026, 10:00:00";"13";"11.49";"0.24";"0";"4.41"
"Steuart Weller ES";"Mar 19, 2026, 09:00:00";"13";"12.23";"0.23";"0";"4.11"
"Steuart Weller ES";"Mar 19, 2026, 08:00:00";"13";"13.1";"0.22";"0";"3.66"
"Steuart Weller ES";"Mar 19, 2026, 07:00:00";"13";"10.91";"0.2";"0";"3.51"
"Steuart Weller ES";"Mar 19, 2026, 06:00:00";"13";"8.87";"0.18";"0";"2.93"
"Steuart Weller ES";"Mar 19, 2026, 05:00:00";"13";"9.31";"0.18";"0";"2.74"
"Steuart Weller ES";"Mar 19, 2026, 04:00:00";"13";"7.47";"0.17";"0";"2.6"
"Steuart Weller ES";"Mar 19, 2026, 03:00:00";"13";"7.36";"0.17";"0";"2.98"
"Steuart Weller ES";"Mar 19, 2026, 02:00:00";"13";"7.29";"0.17";"0";"3.79"
"Steuart Weller ES";"Mar 19, 2026, 01:00:00";"13";"6.92";"0.18";"0";"3.59"
"Steuart Weller ES";"Mar 19, 2026, 00:00:00";"13";"6.92";"0.18";"0";"3.56"
"Steuart Weller ES";"Mar 18, 2026, 23:00:00";"13";"6.54";"0.18";"0";"3.01"
"Steuart Weller ES";"Mar 18, 2026, 22:00:00";"12";"6.73";"0.18";"0";"3.11"
"Steuart Weller ES";"Mar 18, 2026, 21:00:00";"12";"6.66";"0.18";"0";"2.9"
"Steuart Weller ES";"Mar 18, 2026, 20:00:00";"12";"6.74";"0.17";"0";"2.52"
"Steuart Weller ES";"Mar 18, 2026, 19:00:00";"12";"4.79";"0.19";"0";"2.84"
"Steuart Weller ES";"Mar 18, 2026, 18:00:00";"11";"4.41";"0.2";"0";"2.81"
"Steuart Weller ES";"Mar 18, 2026, 17:00:00";"11";"4.2";"0.21";"0";"2.95"
"Steuart Weller ES";"Mar 18, 2026, 16:00:00";"11";"3.98";"0.22";"0";"3.07"
"Steuart Weller ES";"Mar 18, 2026, 15:00:00";"10";"3.92";"0.22";"0";"2.59"
"Steuart Weller ES";"Mar 18, 2026, 14:00:00";"10";"3.61";"0.21";"0";"2.63"
"Steuart Weller ES";"Mar 18, 2026, 13:00:00";"10";"1.7";"0.2";"0";"2.68"
"Steuart Weller ES";"Mar 18, 2026, 12:00:00";"10";"1.97";"0.19";"0";"2.32"
"Steuart Weller ES";"Mar 18, 2026, 11:00:00";"9";"3.54";"0.17";"0";"2.97"
"Steuart Weller ES";"Mar 18, 2026, 10:00:00";"9";"5.87";"0.14";"0";"3.67"
"Steuart Weller ES";"Mar 18, 2026, 09:00:00";"9";"6.42";"0.14";"0";"3.44"
"Steuart Weller ES";"Mar 18, 2026, 08:00:00";"8";"8.16";"0.14";"0";"3.58"
"Steuart Weller ES";"Mar 18, 2026, 07:00:00";"8";"7.64";"0.12";"0";"3.21"
"Steuart Weller ES";"Mar 18, 2026, 06:00:00";"8";"8.02";"0.12";"0";"3.26"
"Steuart Weller ES";"Mar 18, 2026, 05:00:00";"8";"7.88";"0.11";"0";"3.73"
"Steuart Weller ES";"Mar 18, 2026, 04:00:00";"7";"7.02";"0.11";"0";"2.9"
"Steuart Weller ES";"Mar 18, 2026, 03:00:00";"7";"6.83";"0.11";"0";"2.56"
"Steuart Weller ES";"Mar 18, 2026, 02:00:00";"6";"5.72";"0.11";"0";"2.6"
"Steuart Weller ES";"Mar 18, 2026, 01:00:00";"6";"5.42";"0.11";"0";"2.55"
"Steuart Weller ES";"Mar 18, 2026, 00:00:00";"6";"5.96";"0.11";"0";"1.84"
"Steuart Weller ES";"Mar 17, 2026, 23:00:00";"5";"5.12";"0.11";"0";"1.42"
"Steuart Weller ES";"Mar 17, 2026, 22:00:00";"5";"4.92";"0.12";"0";"1.47"
"Steuart Weller ES";"Mar 17, 2026, 21:00:00";"5";"4.27";"0.12";"0";"1.49"
"Steuart Weller ES";"Mar 17, 2026, 20:00:00";"5";"4.29";"0.12";"0";"1.22"
"Steuart Weller ES";"Mar 17, 2026, 19:00:00";"4";"3.67";"0.14";"0";"1.23"
"Steuart Weller ES";"Mar 17, 2026, 18:00:00";"5";"2.79";"0.16";"0";"1.03"
"Steuart Weller ES";"Mar 17, 2026, 17:00:00";"5";"2.13";"0.17";"0";"1.18"
"Steuart Weller ES";"Mar 17, 2026, 16:00:00";"5";"2.74";"0.17";"0";"1.23"
"Steuart Weller ES";"Mar 17, 2026, 15:00:00";"5";"2.52";"0.17";"0";"1.24"
"Steuart Weller ES";"Mar 17, 2026, 14:00:00";"5";"2";"0.16";"0";"1.35"
"Steuart Weller ES";"Mar 17, 2026, 13:00:00";"5";"1.48";"0.18";"0";"1.23"
"Steuart Weller ES";"Mar 17, 2026, 12:00:00";"6";"1.4";"0.17";"0";"1.34"
"Steuart Weller ES";"Mar 17, 2026, 11:00:00";"6";"1.23";"0.16";"0";"1.17"
"Steuart Weller ES";"Mar 17, 2026, 10:00:00";"7";"2.22";"0.14";"0";"1.03"
"Steuart Weller ES";"Mar 17, 2026, 09:00:00";"7";"3.71";"0.12";"0";"1.11"
"Steuart Weller ES";"Mar 17, 2026, 08:00:00";"8";"3.83";"0.11";"0";"0.86"
"Steuart Weller ES";"Mar 17, 2026, 07:00:00";"8";"2.5";"0.1";"0";"0.73"
"Steuart Weller ES";"Mar 17, 2026, 06:00:00";"9";"2.49";"0.1";"0";"0.96"
"Steuart Weller ES";"Mar 17, 2026, 05:00:00";"10";"0.84";"0.11";"0";"0.84"
"Steuart Weller ES";"Mar 17, 2026, 04:00:00";"10";"0.24";"0.1";"0";"0.58"
"Steuart Weller ES";"Mar 17, 2026, 03:00:00";"11";"0.01";"0.11";"0";"0.52"
"Steuart Weller ES";"Mar 17, 2026, 02:00:00";"12";"0";"0.12";"0";"0.4"
"Steuart Weller ES";"Mar 17, 2026, 01:00:00";"12";"1.66";"0.14";"3.41";"0.25"
"Steuart Weller ES";"Mar 17, 2026, 00:00:00";"13";"2.59";"0.13";"5.3";"0.28"
"Steuart Weller ES";"Mar 16, 2026, 23:00:00";"15";"3.2";"0.11";"5.41";"0.36"
"Steuart Weller ES";"Mar 16, 2026, 22:00:00";"16";"1.44";"0.11";"8.26";"0.25"
"Steuart Weller ES";"Mar 16, 2026, 21:00:00";"17";"0.57";"0.15";"39.39";"0.62"
"Steuart Weller ES";"Mar 16, 2026, 20:00:00";"18";"0.74";"0.36";"146.26";"2.18"
"Steuart Weller ES";"Mar 16, 2026, 19:00:00";"19";"0.21";"0.37";"171.35";"2.65"
"Steuart Weller ES";"Mar 16, 2026, 18:00:00";"19";"1.53";"0.36";"153.73";"2.2"
"Steuart Weller ES";"Mar 16, 2026, 17:00:00";"20";"1.78";"0.33";"122.59";"1.3"
"Steuart Weller ES";"Mar 16, 2026, 16:00:00";"20";"1.99";"0.33";"130.27";"0.98"
"Steuart Weller ES";"Mar 16, 2026, 15:00:00";"21";"2.76";"0.35";"153.61";"1.96"
"Steuart Weller ES";"Mar 16, 2026, 14:00:00";"21";"2.49";"0.34";"158.86";"3.79"
"Steuart Weller ES";"Mar 16, 2026, 13:00:00";"21";"2.62";"0.38";"176.97";"3.8"
"Steuart Weller ES";"Mar 16, 2026, 12:00:00";"20";"0.61";"0.33";"148.53";"3.87"
"Steuart Weller ES";"Mar 16, 2026, 11:00:00";"20";"0.86";"0.4";"167.15";"3.64"
"Steuart Weller ES";"Mar 16, 2026, 10:00:00";"20";"3.21";"0.41";"186.78";"4.39"
"Steuart Weller ES";"Mar 16, 2026, 09:00:00";"20";"2.49";"0.38";"185.21";"4.02"
"Steuart Weller ES";"Mar 16, 2026, 08:00:00";"19";"2.25";"0.37";"175.92";"3.61"
"Steuart Weller ES";"Mar 16, 2026, 07:00:00";"19";"1.15";"0.35";"169.63";"5.19"
"Steuart Weller ES";"Mar 16, 2026, 06:00:00";"18";"1.51";"0.35";"155.28";"5.47"
"Steuart Weller ES";"Mar 16, 2026, 05:00:00";"18";"2.56";"0.35";"141.44";"5.3"
"Steuart Weller ES";"Mar 16, 2026, 04:00:00";"17";"3.28";"0.35";"127.12";"5.68"
"Steuart Weller ES";"Mar 16, 2026, 03:00:00";"17";"4.77";"0.36";"114.41";"4.35"
"Steuart Weller ES";"Mar 16, 2026, 02:00:00";"16";"5.26";"0.35";"83.26";"2.42"
"Steuart Weller ES";"Mar 16, 2026, 01:00:00";"16";"5.86";"0.33";"51.17";"5.76"
"Steuart Weller ES";"Mar 16, 2026, 00:00:00";"16";"5.26";"0.34";"30.69";"8.76"
"Steuart Weller ES";"Mar 15, 2026, 23:00:00";"15";"5.51";"0.34";"19.4";"7.32"
"Steuart Weller ES";"Mar 15, 2026, 22:00:00";"14";"4.62";"0.32";"11.49";"6.63"
"Steuart Weller ES";"Mar 15, 2026, 21:00:00";"13";"4.16";"0.32";"6.53";"6.39"
"Steuart Weller ES";"Mar 15, 2026, 20:00:00";"13";"3.41";"0.31";"3.08";"5.34"
"Steuart Weller ES";"Mar 15, 2026, 19:00:00";"13";"3.32";"0.31";"1.7";"4.9"
"Steuart Weller ES";"Mar 15, 2026, 18:00:00";"12";"2.61";"0.3";"1.45";"4.99"
"Steuart Weller ES";"Mar 15, 2026, 17:00:00";"12";"1.85";"0.3";"0.03";"4.48"
"Steuart Weller ES";"Mar 15, 2026, 16:00:00";"11";"1.21";"0.31";"0";"3.88"
"Steuart Weller ES";"Mar 15, 2026, 15:00:00";"11";"1.59";"0.32";"0";"3.56"
"Steuart Weller ES";"Mar 15, 2026, 14:00:00";"10";"1.51";"0.3";"0";"2.77"
"Steuart Weller ES";"Mar 15, 2026, 13:00:00";"10";"1.55";"0.28";"0";"2.4"
"Steuart Weller ES";"Mar 15, 2026, 12:00:00";"10";"1.92";"0.26";"0";"2.16"
"Steuart Weller ES";"Mar 15, 2026, 11:00:00";"10";"2.58";"0.27";"0";"2.26"
"Steuart Weller ES";"Mar 15, 2026, 10:00:00";"10";"3.31";"0.25";"0";"2.04"
"Steuart Weller ES";"Mar 15, 2026, 09:00:00";"10";"4.57";"0.24";"0";"2.1"
"Steuart Weller ES";"Mar 15, 2026, 08:00:00";"9";"5.56";"0.24";"0";"1.93"
"Steuart Weller ES";"Mar 15, 2026, 07:00:00";"9";"5.61";"0.25";"0";"2.26"
"Steuart Weller ES";"Mar 15, 2026, 06:00:00";"9";"9.2";"0.24";"0";"2.37"
"Steuart Weller ES";"Mar 15, 2026, 05:00:00";"9";"8.22";"0.23";"0";"2.39"
"Steuart Weller ES";"Mar 15, 2026, 04:00:00";"9";"7.25";"0.21";"0";"2.02"
"Steuart Weller ES";"Mar 15, 2026, 03:00:00";"9";"4.5";"0.23";"0";"2.22"
"Steuart Weller ES";"Mar 15, 2026, 02:00:00";"9";"7.81";"0.27";"0";"2.13"
"Steuart Weller ES";"Mar 15, 2026, 01:00:00";"11";"10.44";"0.27";"0";"2.71"
"Steuart Weller ES";"Mar 15, 2026, 00:00:00";"11";"10.45";"0.27";"0";"2.89"
"Steuart Weller ES";"Mar 14, 2026, 23:00:00";"9";"8.43";"0.27";"0";"3.02"
"Steuart Weller ES";"Mar 14, 2026, 22:00:00";"8";"4.12";"0.26";"0";"2.8"
"Steuart Weller ES";"Mar 14, 2026, 21:00:00";"8";"2.3";"0.28";"0";"4.76"
"Steuart Weller ES";"Mar 14, 2026, 20:00:00";"7";"0.76";"0.28";"0";"3.14"
"Steuart Weller ES";"Mar 14, 2026, 19:00:00";"7";"0";"0.29";"0";"1.74"
"Steuart Weller ES";"Mar 14, 2026, 18:00:00";"7";"0";"0.31";"0";"1.7"
"Steuart Weller ES";"Mar 14, 2026, 17:00:00";"7";"0";"0.31";"0";"1.55"
"Steuart Weller ES";"Mar 14, 2026, 16:00:00";"7";"0";"0.31";"0";"1.57"
"Steuart Weller ES";"Mar 14, 2026, 15:00:00";"7";"0";"0.3";"0";"1.54"
"Steuart Weller ES";"Mar 14, 2026, 14:00:00";"7";"0";"0.29";"0";"1.29"
"Steuart Weller ES";"Mar 14, 2026, 13:00:00";"7";"0";"0.29";"0";"1.46"
"Steuart Weller ES";"Mar 14, 2026, 12:00:00";"7";"0.14";"0.28";"0";"1.61"
"Steuart Weller ES";"Mar 14, 2026, 11:00:00";"7";"0.79";"0.24";"0";"1.48"
"Steuart Weller ES";"Mar 14, 2026, 10:00:00";"7";"0.55";"0.23";"0";"1.5"
"Steuart Weller ES";"Mar 14, 2026, 09:00:00";"7";"0.68";"0.23";"0";"1.41"
"Steuart Weller ES";"Mar 14, 2026, 08:00:00";"7";"0.53";"0.21";"0";"1.29"
"Steuart Weller ES";"Mar 14, 2026, 07:00:00";"8";"0.46";"0.2";"0";"1.18"
"Steuart Weller ES";"Mar 14, 2026, 06:00:00";"8";"0";"0.22";"0";"1.14"
"Steuart Weller ES";"Mar 14, 2026, 05:00:00";"8";"0";"0.25";"0";"1.18"
"Steuart Weller ES";"Mar 14, 2026, 04:00:00";"8";"1";"0.25";"0";"1.46"
"Steuart Weller ES";"Mar 14, 2026, 03:00:00";"8";"1.87";"0.24";"0";"1.64"
"Steuart Weller ES";"Mar 14, 2026, 02:00:00";"8";"1.43";"0.25";"0";"1.52"
"Steuart Weller ES";"Mar 14, 2026, 01:00:00";"8";"1.04";"0.27";"0";"1.76"
"Steuart Weller ES";"Mar 14, 2026, 00:00:00";"9";"0.91";"0.27";"0";"1.71"
"Steuart Weller ES";"Mar 13, 2026, 23:00:00";"9";"0.98";"0.28";"0";"1.78"
"Steuart Weller ES";"Mar 13, 2026, 22:00:00";"9";"0.23";"0.28";"0";"1.75"
"Steuart Weller ES";"Mar 13, 2026, 21:00:00";"9";"0.16";"0.28";"0";"1.64"
"Steuart Weller ES";"Mar 13, 2026, 20:00:00";"9";"0";"0.28";"0";"1.46"
"Steuart Weller ES";"Mar 13, 2026, 19:00:00";"9";"0";"0.28";"0";"1.39"
"Steuart Weller ES";"Mar 13, 2026, 18:00:00";"9";"0";"0.29";"0";"1.47"
"Steuart Weller ES";"Mar 13, 2026, 17:00:00";"9";"0";"0.28";"0";"1.49"
"Steuart Weller ES";"Mar 13, 2026, 16:00:00";"9";"0.02";"0.27";"0.18";"1.5"
"Steuart Weller ES";"Mar 13, 2026, 15:00:00";"9";"0.03";"0.25";"0";"1.67"
"Steuart Weller ES";"Mar 13, 2026, 14:00:00";"9";"0.07";"0.27";"0";"1.92"
"Steuart Weller ES";"Mar 13, 2026, 13:00:00";"10";"0.28";"0.25";"0";"1.92"
"Steuart Weller ES";"Mar 13, 2026, 12:00:00";"10";"0.75";"0.26";"0.07";"1.92"
"Steuart Weller ES";"Mar 13, 2026, 11:00:00";"10";"3.84";"0.27";"0.81";"2.53"
"Steuart Weller ES";"Mar 13, 2026, 10:00:00";"10";"9";"0.27";"1.58";"2.47"
"Steuart Weller ES";"Mar 13, 2026, 09:00:00";"12";"11.99";"0.25";"0.91";"2.12"
"Steuart Weller ES";"Mar 13, 2026, 08:00:00";"14";"14.54";"0.24";"0.98";"2.07"
"Steuart Weller ES";"Mar 13, 2026, 07:00:00";"16";"16.06";"0.2";"0.97";"1.67"
"Steuart Weller ES";"Mar 13, 2026, 06:00:00";"18";"18.53";"0.19";"2.26";"1.48"
"Steuart Weller ES";"Mar 13, 2026, 05:00:00";"18";"17.93";"0.18";"1.84";"1.56"
"Steuart Weller ES";"Mar 13, 2026, 04:00:00";"18";"17.73";"0.18";"1.27";"1.82"
"Steuart Weller ES";"Mar 13, 2026, 03:00:00";"20";"20.21";"0.19";"1.44";"2.44"
"Steuart Weller ES";"Mar 13, 2026, 02:00:00";"20";"20.27";"0.18";"0.81";"2.71"
"Steuart Weller ES";"Mar 13, 2026, 01:00:00";"16";"16.14";"0.18";"0.03";"3.63"
"Steuart Weller ES";"Mar 13, 2026, 00:00:00";"12";"11.58";"0.15";"0";"3.4"
"Steuart Weller ES";"Mar 12, 2026, 23:00:00";"11";"5.71";"0.15";"0";"4.58"
"Steuart Weller ES";"Mar 12, 2026, 22:00:00";"12";"1.78";"0.15";"0";"1.52"
"Steuart Weller ES";"Mar 12, 2026, 21:00:00";"13";"0.02";"0.16";"0";"1.74"
"Steuart Weller ES";"Mar 12, 2026, 20:00:00";"14";"0";"0.16";"0";"1.54"
"Steuart Weller ES";"Mar 12, 2026, 19:00:00";"15";"0";"0.18";"0";"1.43"
"Steuart Weller ES";"Mar 12, 2026, 18:00:00";"16";"0";"0.2";"0";"1.37"
"Steuart Weller ES";"Mar 12, 2026, 17:00:00";"17";"0.08";"0.21";"0.49";"1.37"
"Steuart Weller ES";"Mar 12, 2026, 16:00:00";"17";"0.05";"0.18";"2.27";"1.23"
"Steuart Weller ES";"Mar 12, 2026, 15:00:00";"19";"0.37";"0.18";"3.73";"1.23"
"Steuart Weller ES";"Mar 12, 2026, 14:00:00";"20";"3.88";"0.16";"7.27";"5.28"
"Steuart Weller ES";"Mar 12, 2026, 13:00:00";"20";"2.74";"0.14";"5.56";"4.57"
"Steuart Weller ES";"Mar 12, 2026, 12:00:00";"21";"2.12";"0.13";"3.63";"2.24"
"Steuart Weller ES";"Mar 12, 2026, 11:00:00";"22";"0.77";"0.14";"4.48";"1.23"
"Steuart Weller ES";"Mar 12, 2026, 10:00:00";"24";"0";"0.18";"6.64";"0.42"
"Steuart Weller ES";"Mar 12, 2026, 09:00:00";"25";"0";"0.2";"9.44";"0.27"
"Steuart Weller ES";"Mar 12, 2026, 08:00:00";"26";"0";"0.22";"13.04";"0.36"
"Steuart Weller ES";"Mar 12, 2026, 07:00:00";"27";"0";"0.26";"18.77";"0.29"
"Steuart Weller ES";"Mar 12, 2026, 06:00:00";"27";"0";"0.32";"33.38";"0.31"
"Steuart Weller ES";"Mar 12, 2026, 05:00:00";"28";"0";"0.38";"41.19";"2.93"
"Steuart Weller ES";"Mar 12, 2026, 04:00:00";"29";"0";"0.38";"45.14";"4.1"
"Steuart Weller ES";"Mar 12, 2026, 03:00:00";"29";"0";"0.37";"46.02";"3.87"
"Steuart Weller ES";"Mar 12, 2026, 02:00:00";"30";"0";"0.36";"39.68";"5.68"
"Steuart Weller ES";"Mar 12, 2026, 01:00:00";"29";"0";"0.37";"35.08";"5.65"
"Steuart Weller ES";"Mar 12, 2026, 00:00:00";"29";"0.07";"0.47";"70.19";"5.93"
"Steuart Weller ES";"Mar 11, 2026, 23:00:00";"29";"0.28";"0.47";"141.01";"9.17"
"Steuart Weller ES";"Mar 11, 2026, 22:00:00";"28";"0.09";"0.5";"134.02";"7.95"
"Steuart Weller ES";"Mar 11, 2026, 21:00:00";"28";"0";"0.46";"115.7";"7.48"
"Steuart Weller ES";"Mar 11, 2026, 20:00:00";"27";"0";"0.42";"83.62";"8.08"
"Steuart Weller ES";"Mar 11, 2026, 19:00:00";"26";"0";"0.42";"38.27";"6.8"
"Steuart Weller ES";"Mar 11, 2026, 18:00:00";"26";"0";"0.42";"42.21";"6.37"
"Steuart Weller ES";"Mar 11, 2026, 17:00:00";"25";"0";"0.41";"47.06";"6.44"
"Steuart Weller ES";"Mar 11, 2026, 16:00:00";"25";"0";"0.44";"54.72";"7.66"
"Steuart Weller ES";"Mar 11, 2026, 15:00:00";"24";"0";"0.46";"53.6";"8.23"
"Steuart Weller ES";"Mar 11, 2026, 14:00:00";"24";"0.07";"0.48";"51.39";"9.11"
"Steuart Weller ES";"Mar 11, 2026, 13:00:00";"23";"0.12";"0.48";"51.95";"9.3"
"Steuart Weller ES";"Mar 11, 2026, 12:00:00";"22";"3.71";"0.52";"57.94";"8.8"
"Steuart Weller ES";"Mar 11, 2026, 11:00:00";"21";"5.65";"0.51";"62";"8.16"
"Steuart Weller ES";"Mar 11, 2026, 10:00:00";"21";"6.99";"0.5";"55.41";"7.19"
"Steuart Weller ES";"Mar 11, 2026, 09:00:00";"20";"8.7";"0.49";"49.57";"5.43"
"Steuart Weller ES";"Mar 11, 2026, 08:00:00";"20";"7.19";"0.41";"38.36";"5.24"
"Steuart Weller ES";"Mar 11, 2026, 07:00:00";"19";"1.64";"0.37";"35.01";"4.96"
"Steuart Weller ES";"Mar 11, 2026, 06:00:00";"19";"0";"0.38";"31.77";"5.75"
"Steuart Weller ES";"Mar 11, 2026, 05:00:00";"19";"0";"0.42";"27.7";"6.18"
"Steuart Weller ES";"Mar 11, 2026, 04:00:00";"18";"0.01";"0.42";"24.75";"6.02"
"Steuart Weller ES";"Mar 11, 2026, 03:00:00";"17";"0";"0.43";"19.81";"6.04"
"Steuart Weller ES";"Mar 11, 2026, 02:00:00";"17";"0";"0.43";"16.6";"5.01"
"Steuart Weller ES";"Mar 11, 2026, 01:00:00";"16";"0";"0.43";"14.05";"4.9"
"Steuart Weller ES";"Mar 11, 2026, 00:00:00";"16";"0.39";"0.43";"8.14";"4.61"
"Steuart Weller ES";"Mar 10, 2026, 23:00:00";"16";"0.16";"0.45";"5.46";"4.39"
"Steuart Weller ES";"Mar 10, 2026, 22:00:00";"15";"0.25";"0.44";"6.3";"3.94"
"Steuart Weller ES";"Mar 10, 2026, 21:00:00";"15";"0";"0.43";"5.51";"3.66"
"Steuart Weller ES";"Mar 10, 2026, 20:00:00";"15";"0";"0.42";"6.47";"3.35"
"Steuart Weller ES";"Mar 10, 2026, 19:00:00";"15";"0";"0.4";"11.88";"3.37"
"Steuart Weller ES";"Mar 10, 2026, 18:00:00";"14";"0";"0.39";"15.67";"3.51"
"Steuart Weller ES";"Mar 10, 2026, 17:00:00";"14";"0";"0.37";"19.45";"3.5"
"Steuart Weller ES";"Mar 10, 2026, 16:00:00";"14";"0";"0.38";"25.51";"5.98"
"Steuart Weller ES";"Mar 10, 2026, 15:00:00";"13";"0";"0.38";"30.1";"4.3"
"Steuart Weller ES";"Mar 10, 2026, 14:00:00";"12";"0";"0.38";"33.9";"4.24"
"Steuart Weller ES";"Mar 10, 2026, 13:00:00";"12";"0";"0.44";"36.01";"3.99"
"Steuart Weller ES";"Mar 10, 2026, 12:00:00";"12";"0.77";"0.59";"42.42";"5.45"
"Steuart Weller ES";"Mar 10, 2026, 11:00:00";"11";"6.54";"0.65";"64.23";"6.55"
"Steuart Weller ES";"Mar 10, 2026, 10:00:00";"11";"4.88";"0.54";"45.35";"3.74"
"Steuart Weller ES";"Mar 10, 2026, 09:00:00";"11";"5.43";"0.46";"33.07";"3.08"
"Steuart Weller ES";"Mar 10, 2026, 08:00:00";"11";"4.95";"0.34";"26.09";"2.54"
"Steuart Weller ES";"Mar 10, 2026, 07:00:00";"11";"4.59";"0.29";"24.95";"3"
"Steuart Weller ES";"Mar 10, 2026, 06:00:00";"11";"4.99";"0.27";"24.86";"2.75"
"Steuart Weller ES";"Mar 10, 2026, 05:00:00";"11";"3.27";"0.27";"25.63";"2.6"
"Steuart Weller ES";"Mar 10, 2026, 04:00:00";"11";"3.88";"0.29";"24.09";"2.58"
"Steuart Weller ES";"Mar 10, 2026, 03:00:00";"11";"3.34";"0.31";"24.23";"2.75"
"Steuart Weller ES";"Mar 10, 2026, 02:00:00";"11";"3.58";"0.34";"24.42";"2.46"
"Steuart Weller ES";"Mar 10, 2026, 01:00:00";"11";"3.43";"0.38";"23.35";"3.18"
"Steuart Weller ES";"Mar 10, 2026, 00:00:00";"11";"1.98";"0.38";"18.95";"2.93"
"Steuart Weller ES";"Mar 9, 2026, 23:00:00";"11";"1.04";"0.39";"15.99";"2.54"
"Steuart Weller ES";"Mar 9, 2026, 22:00:00";"11";"2.08";"0.4";"14.31";"2.27"
"Steuart Weller ES";"Mar 9, 2026, 21:00:00";"11";"0.8";"0.38";"10.91";"1.76"
"Steuart Weller ES";"Mar 9, 2026, 20:00:00";"11";"0";"0.38";"8.94";"1.66"
"Steuart Weller ES";"Mar 9, 2026, 19:00:00";"11";"0";"0.38";"6.62";"1.63"
"Steuart Weller ES";"Mar 9, 2026, 18:00:00";"11";"0";"0.37";"9.12";"1.72"
"Steuart Weller ES";"Mar 9, 2026, 17:00:00";"11";"0";"0.36";"13.76";"1.62"
"Steuart Weller ES";"Mar 9, 2026, 16:00:00";"11";"0";"0.37";"18.37";"1.6"
"Steuart Weller ES";"Mar 9, 2026, 15:00:00";"11";"0";"0.39";"20.32";"2.19"
"Steuart Weller ES";"Mar 9, 2026, 14:00:00";"11";"0";"0.38";"18.83";"1.91"
"Steuart Weller ES";"Mar 9, 2026, 13:00:00";"11";"0";"0.39";"21.62";"2.36"
"Steuart Weller ES";"Mar 9, 2026, 12:00:00";"11";"0";"0.47";"32.29";"2.88"
"Steuart Weller ES";"Mar 9, 2026, 11:00:00";"11";"0.98";"0.6";"49.69";"3.85"
"Steuart Weller ES";"Mar 9, 2026, 10:00:00";"11";"4.01";"0.54";"43.23";"3.38"
"Steuart Weller ES";"Mar 9, 2026, 09:00:00";"11";"6.7";"0.45";"30.08";"2.17"
"Steuart Weller ES";"Mar 9, 2026, 08:00:00";"12";"8.33";"0.36";"23.82";"3.45"
"Steuart Weller ES";"Mar 9, 2026, 07:00:00";"13";"10.05";"0.3";"21.72";"3.18"
"Steuart Weller ES";"Mar 9, 2026, 06:00:00";"14";"10.52";"0.23";"20.07";"2.95"
"Steuart Weller ES";"Mar 9, 2026, 05:00:00";"14";"9.08";"0.23";"19.83";"2.77"
"Steuart Weller ES";"Mar 9, 2026, 04:00:00";"15";"7.07";"0.25";"20.18";"2.87"
"Steuart Weller ES";"Mar 9, 2026, 03:00:00";"16";"6.16";"0.26";"20.61";"2.63"
"Steuart Weller ES";"Mar 9, 2026, 02:00:00";"16";"5.66";"0.28";"20.78";"2.4"
"Steuart Weller ES";"Mar 9, 2026, 01:00:00";"19";"4.63";"0.31";"22.01";"2.42"
"Steuart Weller ES";"Mar 9, 2026, 00:00:00";"22";"5.09";"0.35";"23.96";"2.62"
"Steuart Weller ES";"Mar 8, 2026, 23:00:00";"23";"2.12";"0.33";"21.85";"2.73"
"Steuart Weller ES";"Mar 8, 2026, 22:00:00";"24";"0.05";"0.32";"20.84";"2.46"
"Steuart Weller ES";"Mar 8, 2026, 21:00:00";"25";"0";"0.35";"24.73";"2.95"
"Steuart Weller ES";"Mar 8, 2026, 20:00:00";"26";"0";"0.36";"30.88";"2.57"
"Steuart Weller ES";"Mar 8, 2026, 19:00:00";"27";"0";"0.35";"27.7";"2.57"
"Steuart Weller ES";"Mar 8, 2026, 18:00:00";"28";"0";"0.34";"26.29";"2.02"
"Steuart Weller ES";"Mar 8, 2026, 17:00:00";"29";"0";"0.33";"32.06";"1.83"
"Steuart Weller ES";"Mar 8, 2026, 16:00:00";"31";"0";"0.35";"51.66";"1.37"
"Steuart Weller ES";"Mar 8, 2026, 15:00:00";"33";"0";"0.34";"63.54";"1.29"
"Steuart Weller ES";"Mar 8, 2026, 14:00:00";"35";"0";"0.34";"80.09";"1.22"
"Steuart Weller ES";"Mar 8, 2026, 13:00:00";"37";"0";"0.36";"120.56";"2.93"
"Steuart Weller ES";"Mar 8, 2026, 12:00:00";"38";"0";"0.41";"151.01";"3.09"
"Steuart Weller ES";"Mar 8, 2026, 11:00:00";"39";"0";"0.42";"172.9";"2.93"
"Steuart Weller ES";"Mar 8, 2026, 10:00:00";"40";"0";"0.42";"194.54";"4.89"
"Steuart Weller ES";"Mar 8, 2026, 09:00:00";"40";"0";"0.36";"191.35";"7.84"
"Steuart Weller ES";"Mar 8, 2026, 08:00:00";"41";"0";"0.34";"192.35";"9.02"
"Steuart Weller ES";"Mar 8, 2026, 07:00:00";"41";"0";"0.33";"197.59";"6.94"
"Steuart Weller ES";"Mar 8, 2026, 06:00:00";"41";"0";"0.33";"200.76";"6.21"
"Steuart Weller ES";"Mar 8, 2026, 05:00:00";"42";"0";"0.35";"206.79";"6.68"
"Steuart Weller ES";"Mar 8, 2026, 04:00:00";"45";"0";"0.37";"214.89";"6.1"
"Steuart Weller ES";"Mar 8, 2026, 03:00:00";"48";"1.4";"0.4";"213.75";"4.17"
"Steuart Weller ES";"Mar 8, 2026, 01:00:00";"50";"0.47";"0.36";"138.58";"20.71"
"Steuart Weller ES";"Mar 8, 2026, 00:00:00";"48";"0";"0.36";"129.24";"16.92"
"Steuart Weller ES";"Mar 7, 2026, 23:00:00";"48";"0";"0.38";"133.69";"9.78"
"Steuart Weller ES";"Mar 7, 2026, 22:00:00";"51";"0";"0.39";"146.32";"9.14"
"Steuart Weller ES";"Mar 7, 2026, 21:00:00";"52";"0.07";"0.41";"140.99";"8.2"
"Steuart Weller ES";"Mar 7, 2026, 20:00:00";"53";"0";"0.4";"133.8";"8.17"
"Steuart Weller ES";"Mar 7, 2026, 19:00:00";"54";"0";"0.42";"140.11";"9.33"
"Steuart Weller ES";"Mar 7, 2026, 18:00:00";"56";"0";"0.44";"141.48";"8.74"
"Steuart Weller ES";"Mar 7, 2026, 17:00:00";"57";"0";"0.43";"105.85";"8.74"
"Steuart Weller ES";"Mar 7, 2026, 16:00:00";"58";"0";"0.38";"90.44";"11.14"
"Steuart Weller ES";"Mar 7, 2026, 15:00:00";"60";"0";"0.38";"81.84";"12.19"
"Steuart Weller ES";"Mar 7, 2026, 14:00:00";"60";"0.95";"0.34";"72.63";"12.45"
"Steuart Weller ES";"Mar 7, 2026, 13:00:00";"61";"0.06";"0.31";"64.45";"11.42"
"Steuart Weller ES";"Mar 7, 2026, 12:00:00";"62";"1.36";"0.29";"62";"9.06"
"Steuart Weller ES";"Mar 7, 2026, 11:00:00";"62";"2.03";"0.27";"56.81";"8.45"
"Steuart Weller ES";"Mar 7, 2026, 10:00:00";"63";"3.51";"0.24";"52.62";"9.78"
"Steuart Weller ES";"Mar 7, 2026, 09:00:00";"64";"1.62";"0.2";"45.26";"9.18"
"Steuart Weller ES";"Mar 7, 2026, 08:00:00";"65";"0.87";"0.18";"41.99";"8.26"
"Steuart Weller ES";"Mar 7, 2026, 07:00:00";"66";"0.71";"0.18";"41.4";"9.06"
"Steuart Weller ES";"Mar 7, 2026, 06:00:00";"67";"1.01";"0.18";"42.06";"10.66"
"Steuart Weller ES";"Mar 7, 2026, 05:00:00";"68";"1.17";"0.18";"40.54";"11.99"
"Steuart Weller ES";"Mar 7, 2026, 04:00:00";"69";"1.51";"0.18";"40.66";"20.76"
"Steuart Weller ES";"Mar 7, 2026, 03:00:00";"3";"1.22";"0.19";"39.09";"24.97"
"Steuart Weller ES";"Mar 7, 2026, 02:00:00";"3";"0.38";"0.2";"37.3";"14.5"
"Steuart Weller ES";"Mar 7, 2026, 01:00:00";"3";"0.07";"0.22";"39.04";"13.14"
"Steuart Weller ES";"Mar 7, 2026, 00:00:00";"4";"0.44";"0.24";"42.29";"17.08"
"Steuart Weller ES";"Mar 6, 2026, 23:00:00";"4";"0.28";"0.24";"44.86";"22.96"
"Steuart Weller ES";"Mar 6, 2026, 22:00:00";"4";"0.02";"0.24";"45.56";"22.41"
"Steuart Weller ES";"Mar 6, 2026, 21:00:00";"4";"0.36";"0.25";"47.13";"23.72"
"Steuart Weller ES";"Mar 6, 2026, 20:00:00";"4";"1.01";"0.26";"46.85";"22.38"
"Steuart Weller ES";"Mar 6, 2026, 19:00:00";"4";"1.1";"0.28";"46.94";"22.86"
"Steuart Weller ES";"Mar 6, 2026, 18:00:00";"4";"1.02";"0.3";"49.35";"22.75"
"Steuart Weller ES";"Mar 6, 2026, 17:00:00";"5";"0.88";"0.31";"51.14";"26.13"
"Steuart Weller ES";"Mar 6, 2026, 16:00:00";"5";"0.02";"0.34";"52.96";"23.09"
"Steuart Weller ES";"Mar 6, 2026, 15:00:00";"5";"0.15";"0.35";"55.69";"22.58"
"Steuart Weller ES";"Mar 6, 2026, 14:00:00";"5";"0";"0.36";"59.5";"20.29"
"Steuart Weller ES";"Mar 6, 2026, 13:00:00";"5";"0";"0.37";"61.22";"19.07"
"Steuart Weller ES";"Mar 6, 2026, 12:00:00";"4";"0.06";"0.37";"65.93";"14.42"
"Steuart Weller ES";"Mar 6, 2026, 11:00:00";"4";"1.01";"0.35";"73.04";"18.19"
"Steuart Weller ES";"Mar 6, 2026, 10:00:00";"4";"1.82";"0.34";"80.98";"0"
"Steuart Weller ES";"Mar 6, 2026, 09:00:00";"4";"3.25";"0.35";"83.89";"0"
"Steuart Weller ES";"Mar 6, 2026, 08:00:00";"5";"4.33";"0.35";"87.33";"0"
"Steuart Weller ES";"Mar 6, 2026, 07:00:00";"5";"2.31";"0.32";"87.71";"0"
"Steuart Weller ES";"Mar 6, 2026, 06:00:00";"5";"1.43";"0.33";"88.06";"0"
"Steuart Weller ES";"Mar 6, 2026, 05:00:00";"5";"2.27";"0.34";"89.15";"0"
"Steuart Weller ES";"Mar 6, 2026, 04:00:00";"5";"2.9";"0.34";"87.44";"0"
"Steuart Weller ES";"Mar 6, 2026, 03:00:00";"5";"2.73";"0.35";"90.01";"0"
"Steuart Weller ES";"Mar 6, 2026, 02:00:00";"5";"3.89";"0.36";"89.2";"0"
"Steuart Weller ES";"Mar 6, 2026, 01:00:00";"6";"5.97";"0.38";"90.27";"0"
"Steuart Weller ES";"Mar 6, 2026, 00:00:00";"6";"5.93";"0.38";"91.16";"0"
"Steuart Weller ES";"Mar 5, 2026, 23:00:00";"7";"7.1";"0.39";"87.92";"0"
"Steuart Weller ES";"Mar 5, 2026, 22:00:00";"7";"6.63";"0.39";"70.77";"0"
"Steuart Weller ES";"Mar 5, 2026, 21:00:00";"6";"4.19";"0.39";"65.36";"30.82"
"Steuart Weller ES";"Mar 5, 2026, 20:00:00";"8";"7.72";"0.44";"70.15";"27.68"
"Steuart Weller ES";"Mar 5, 2026, 19:00:00";"10";"9.63";"0.47";"73.21";"29.91"
"Steuart Weller ES";"Mar 5, 2026, 18:00:00";"6";"5.05";"0.46";"73.55";"24.61"
"Steuart Weller ES";"Mar 5, 2026, 17:00:00";"5";"0.31";"0.42";"73.47";"20.51"
"Steuart Weller ES";"Mar 5, 2026, 16:00:00";"5";"0.25";"0.45";"77.64";"29.57"
"Steuart Weller ES";"Mar 5, 2026, 15:00:00";"5";"1.5";"0.46";"76.77";"33.67"
"Steuart Weller ES";"Mar 5, 2026, 14:00:00";"5";"2.32";"0.46";"73.65";"40.91"
"Steuart Weller ES";"Mar 5, 2026, 13:00:00";"5";"2.33";"0.48";"76.76";"40.69"
"Steuart Weller ES";"Mar 5, 2026, 12:00:00";"5";"2.45";"0.41";"71.6";"51.17"
"Steuart Weller ES";"Mar 5, 2026, 11:00:00";"5";"2.75";"0.39";"71.43";"0"
"Steuart Weller ES";"Mar 5, 2026, 10:00:00";"5";"4.27";"0.39";"73.94";"0"
"Steuart Weller ES";"Mar 5, 2026, 09:00:00";"5";"4.89";"0.38";"71.65";"0"
"Steuart Weller ES";"Mar 5, 2026, 08:00:00";"5";"5.12";"0.34";"63.55";"0"
"Steuart Weller ES";"Mar 5, 2026, 07:00:00";"6";"6.18";"0.33";"63.94";"0"
"Steuart Weller ES";"Mar 5, 2026, 06:00:00";"7";"6.77";"0.32";"62.43";"0"
"Steuart Weller ES";"Mar 5, 2026, 05:00:00";"6";"5.91";"0.31";"61.89";"0"
"Steuart Weller ES";"Mar 5, 2026, 04:00:00";"7";"6.7";"0.32";"60.17";"0"
"Steuart Weller ES";"Mar 5, 2026, 03:00:00";"9";"8.58";"0.34";"57.53";"0"
"Steuart Weller ES";"Mar 5, 2026, 02:00:00";"5";"5.05";"0.32";"53.75";"0"
"Steuart Weller ES";"Mar 5, 2026, 01:00:00";"68";"3.63";"0.31";"52.48";"0"
"Steuart Weller ES";"Mar 5, 2026, 00:00:00";"67";"3.41";"0.3";"52.12";"0"
"Steuart Weller ES";"Mar 4, 2026, 23:00:00";"65";"2.97";"0.29";"51.57";"0"
"Steuart Weller ES";"Mar 4, 2026, 22:00:00";"65";"3.58";"0.29";"50.07";"0"
"Steuart Weller ES";"Mar 4, 2026, 21:00:00";"64";"3.08";"0.29";"50.01";"0"
"Steuart Weller ES";"Mar 4, 2026, 20:00:00";"63";"3.13";"0.29";"49.62";"0"
"Steuart Weller ES";"Mar 4, 2026, 19:00:00";"62";"3.07";"0.29";"51.18";"32.63"
"Steuart Weller ES";"Mar 4, 2026, 18:00:00";"59";"1.74";"0.3";"51.99";"25.27"
"Steuart Weller ES";"Mar 4, 2026, 17:00:00";"57";"1.07";"0.3";"49.19";"30.17"
"Steuart Weller ES";"Mar 4, 2026, 16:00:00";"55";"1.73";"0.31";"45.07";"22.98"
"Steuart Weller ES";"Mar 4, 2026, 15:00:00";"54";"2.6";"0.34";"46.18";"23.68"
"Steuart Weller ES";"Mar 4, 2026, 14:00:00";"53";"1.38";"0.27";"39.99";"28.29"
"Steuart Weller ES";"Mar 4, 2026, 13:00:00";"51";"1.9";"0.27";"38.33";"30.07"
"Steuart Weller ES";"Mar 4, 2026, 12:00:00";"49";"0.64";"0.28";"36.93";"19.44"
"Steuart Weller ES";"Mar 4, 2026, 11:00:00";"49";"0";"0.28";"38.89";"12.48"
"Steuart Weller ES";"Mar 4, 2026, 10:00:00";"48";"0.03";"0.35";"41.7";"10.34"
"Steuart Weller ES";"Mar 4, 2026, 09:00:00";"49";"1.46";"0.3";"36.71";"11.44"
"Steuart Weller ES";"Mar 4, 2026, 08:00:00";"49";"7.49";"0.32";"34.12";"16.99"
"Steuart Weller ES";"Mar 4, 2026, 07:00:00";"47";"8.95";"0.25";"30.95";"23.08"
"Steuart Weller ES";"Mar 4, 2026, 06:00:00";"48";"6.1";"0.23";"31.43";"22.34"
"Steuart Weller ES";"Mar 4, 2026, 05:00:00";"47";"2.75";"0.22";"30.79";"16.2"
"Steuart Weller ES";"Mar 4, 2026, 04:00:00";"50";"3.29";"0.22";"30.5";"13.46"
"Steuart Weller ES";"Mar 4, 2026, 03:00:00";"52";"0.8";"0.21";"30.39";"12.58"
"Steuart Weller ES";"Mar 4, 2026, 02:00:00";"54";"0.28";"0.22";"29.79";"9.47"
"Steuart Weller ES";"Mar 4, 2026, 01:00:00";"56";"1.08";"0.22";"28.6";"9.49"
"Steuart Weller ES";"Mar 4, 2026, 00:00:00";"59";"1.68";"0.22";"26.23";"9.98"
"Steuart Weller ES";"Mar 3, 2026, 23:00:00";"61";"2.12";"0.21";"24.22";"10.38"
"Steuart Weller ES";"Mar 3, 2026, 22:00:00";"62";"2.89";"0.21";"21.95";"8.1"
"Steuart Weller ES";"Mar 3, 2026, 21:00:00";"64";"4.6";"0.22";"20.04";"6.51"
"Steuart Weller ES";"Mar 3, 2026, 20:00:00";"65";"7.49";"0.22";"18.3";"6.8"
"Steuart Weller ES";"Mar 3, 2026, 19:00:00";"66";"3.77";"0.2";"16.09";"4.39"
"Steuart Weller ES";"Mar 3, 2026, 18:00:00";"67";"4.15";"0.19";"15.41";"5.49"
"Steuart Weller ES";"Mar 3, 2026, 17:00:00";"68";"7.53";"0.21";"14.73";"8.4"
"Steuart Weller ES";"Mar 3, 2026, 16:00:00";"68";"7.76";"0.23";"13.5";"10.58"
"Steuart Weller ES";"Mar 3, 2026, 15:00:00";"68";"10.38";"0.22";"12.03";"10.12"
"Steuart Weller ES";"Mar 3, 2026, 14:00:00";"68";"7.77";"0.21";"10.93";"10.02"
"Steuart Weller ES";"Mar 3, 2026, 13:00:00";"68";"10.56";"0.21";"9.63";"13.59"
"Steuart Weller ES";"Mar 3, 2026, 12:00:00";"67";"15.66";"0.21";"8.21";"14.55"
"Steuart Weller ES";"Mar 3, 2026, 11:00:00";"66";"13.08";"0.21";"7.39";"0"
"Steuart Weller ES";"Mar 3, 2026, 10:00:00";"64";"8.27";"0.19";"6.2";"0"
"Steuart Weller ES";"Mar 3, 2026, 09:00:00";"63";"8.29";"0.19";"6.02";"0"
"Steuart Weller ES";"Mar 3, 2026, 08:00:00";"61";"5.68";"0.17";"4.14";"0"
"Steuart Weller ES";"Mar 3, 2026, 07:00:00";"60";"4.34";"0.16";"3.23";"23.84"
"Steuart Weller ES";"Mar 3, 2026, 06:00:00";"58";"4.39";"0.16";"2.24";"21.14"
"Steuart Weller ES";"Mar 3, 2026, 05:00:00";"56";"4.67";"0.16";"2.04";"26.92"
"Steuart Weller ES";"Mar 3, 2026, 04:00:00";"54";"5.4";"0.17";"1.99";"32"
"Steuart Weller ES";"Mar 3, 2026, 03:00:00";"52";"5.46";"0.17";"1.79";"26.53"
"Steuart Weller ES";"Mar 3, 2026, 02:00:00";"49";"5.84";"0.18";"2.04";"35.66"
"Steuart Weller ES";"Mar 3, 2026, 01:00:00";"43";"6.05";"0.18";"1.71";"35.78"
"Steuart Weller ES";"Mar 3, 2026, 00:00:00";"37";"6.03";"0.18";"0.94";"27.17"