{"type": "FeatureCollection", "features": [{"type": "Feature", "properties": {"GEOID": "51107", "NAME": "Loudoun County", "region_id": "loudoun-county-va"}, "geometry": {"type": "Polygon", "coordinates": [[[-77.35170000005337, 39.034064999737176], [-77.35156699998397, 39.03418400003719], [-77.35153699984674, 39.0342139998877], [-77.35059700003849, 39.03518100031932], [-77.35055799968045, 39.035222000161376], [-77.35047900003772, 39.03530100004525], [-77.35032500005194, 39.0354569997332], [-77.34970300026102, 39.03607300003852], [-77.34948499980278, 39.0362900000564], [-77.34895900027134, 39.03681499984177], [-77.34886600038492, 39.03690899973849], [-77.34874699966092, 39.037029999904], [-77.3479709998842, 39.037819999674625], [-77.34777099986765, 39.038015999825916], [-77.34745200002541, 39.03835900017787], [-77.34621699976607, 39.03959599988495], [-77.34566899959499, 39.040141999683065], [-77.34509299983482, 39.04073300031006], [-77.34463800044847, 39.04119499968779], [-77.34406599998793, 39.041776000304125], [-77.34374399977266, 39.04210099971784], [-77.3431060000882, 39.04274599992266], [-77.34273799984217, 39.0431219999893], [-77.34217899980042, 39.04368699996527], [-77.34177000044482, 39.04409899985627], [-77.3413679998636, 39.04449699973499], [-77.34101200021146, 39.04486499996264], [-77.34082600043862, 39.045054000308866], [-77.34080100032426, 39.04507999994784], [-77.34061999967598, 39.04526299971173], [-77.34007099967997, 39.04581699984707], [-77.33998500036456, 39.045903999915616], [-77.33970199960903, 39.04618899989494], [-77.33960899972263, 39.046285999838574], [-77.33945899993479, 39.04643799998584], [-77.33919500034416, 39.04670300005705], [-77.33889999989304, 39.04700000002162], [-77.33839899957762, 39.04750700031029], [-77.33835599991993, 39.04755000014674], [-77.33828800014787, 39.04762100022499], [-77.33789800016052, 39.04801300002071], [-77.33778299963448, 39.04812899997027], [-77.33773800032695, 39.0481729998532], [-77.33755400020394, 39.0483589998482], [-77.33724500040745, 39.048672000238156], [-77.336932000413, 39.04898799978432], [-77.33645899968668, 39.049465999824186], [-77.33620099994381, 39.049725999774786], [-77.3356999996284, 39.050233000030026], [-77.33564000025225, 39.05029200034481], [-77.33549100028934, 39.05044400024294], [-77.33536700044077, 39.05057000011249], [-77.3353559996718, 39.050579000144396], [-77.33427100009861, 39.051677000315536], [-77.33424900035729, 39.051695000096075], [-77.33418099968692, 39.051768000244174], [-77.3340099999827, 39.05193899984653], [-77.33327699986368, 39.05267899972121], [-77.33303599983925, 39.0529230002576], [-77.33109900032136, 39.05488000026539], [-77.33032199982141, 39.05566499973647], [-77.32850699960393, 39.05749799983409], [-77.32831800035635, 39.057678000035104], [-77.328405000395, 39.05774199976343], [-77.32845499972538, 39.05777399995462], [-77.32850699960393, 39.05781400034764], [-77.3286449996962, 39.05789800012258], [-77.32888999991856, 39.0580189999134], [-77.32899200002582, 39.0580760001293], [-77.32906800019381, 39.05811300019581], [-77.32916000025531, 39.0581509998292], [-77.3292570003397, 39.058179999682544], [-77.32933699980731, 39.058197000312596], [-77.32950099983884, 39.05822100012831], [-77.32959000042563, 39.05823800005097], [-77.32967599974104, 39.05824499993587], [-77.32983499974968, 39.05827300016608], [-77.32988199960536, 39.05829899982186], [-77.32991500011563, 39.058327000030644], [-77.3300180000478, 39.058385000278314], [-77.33007900014717, 39.058405999887206], [-77.33013000020078, 39.05841099989284], [-77.3301739996834, 39.058407999749996], [-77.33032000017158, 39.05841200017293], [-77.33038700011873, 39.058420999903], [-77.33060399985372, 39.058470999932524], [-77.33075899966443, 39.05849700021289], [-77.33092600006898, 39.058532000199605], [-77.33100100041206, 39.05853700019632], [-77.33113299975822, 39.05856599989108], [-77.33133799979765, 39.058630000209625], [-77.33135299986627, 39.05863300034303], [-77.3314469995776, 39.058652000022384], [-77.33154100018723, 39.0586789998149], [-77.33164300029448, 39.058728000083626], [-77.33178200021166, 39.05878700027672], [-77.33185900020455, 39.05882000026867], [-77.33234999957591, 39.05906300024147], [-77.33268400038506, 39.059218000203444], [-77.33277300007353, 39.05924900015503], [-77.33287199980774, 39.05927699998709], [-77.3330529995577, 39.05930199970318], [-77.33312600025096, 39.05930600007545], [-77.33322900018311, 39.05930600007545], [-77.33331600022174, 39.059315999958855], [-77.33340200043547, 39.05933099978128], [-77.33348100007818, 39.05935699974501], [-77.33349399959866, 39.05936299994987], [-77.33355100039839, 39.059390000168044], [-77.33360300027692, 39.05942599997782], [-77.33364000008686, 39.059463000034484], [-77.33365599998037, 39.059477999825674], [-77.33368799976742, 39.05950999992764], [-77.3337079998589, 39.05952100004652], [-77.33379099969959, 39.05961200033019], [-77.3337920004228, 39.05964300010878], [-77.33383699973034, 39.05969100014413], [-77.33386100001978, 39.05971699997523], [-77.33390299985257, 39.059779999687315], [-77.33395599955603, 39.05987399971783], [-77.33396300012704, 39.0599169996975], [-77.33396099957888, 39.05997500003413], [-77.33395100043145, 39.06001799995229], [-77.33388000028634, 39.060141999666975], [-77.3338760000884, 39.060198000006714], [-77.33387400043857, 39.060226000159965], [-77.33388000028634, 39.060615999944], [-77.33388600013414, 39.06067199990783], [-77.33389600017989, 39.06076399965227], [-77.33389799982972, 39.06089499977147], [-77.33390600022562, 39.060963999896266], [-77.33392200011916, 39.061009999942016], [-77.33392899979185, 39.061032999953625], [-77.33396300012704, 39.06108099974144], [-77.33401500000556, 39.06115599973699], [-77.33406299968615, 39.061205999922215], [-77.33419099973266, 39.061303000166696], [-77.33424400033442, 39.06133000034045], [-77.3344119996656, 39.061385000197475], [-77.33458200044323, 39.06143099996891], [-77.33460599983437, 39.06143599976028], [-77.33465000021529, 39.061444999802426], [-77.33473800007883, 39.06147999972277], [-77.33490200011038, 39.06154499972816], [-77.33515599965527, 39.06162100016288], [-77.3352789996789, 39.061666999780556], [-77.33534499980115, 39.061684000268556], [-77.33566399964339, 39.06179700008463], [-77.33587799990363, 39.061851000044], [-77.33599000005663, 39.06188599976308], [-77.33627200008893, 39.06196300006053], [-77.33649300002186, 39.06204000027401], [-77.33674999993981, 39.06212399990383], [-77.33680799966614, 39.062147999779675], [-77.33687299996348, 39.06218100029321], [-77.33700400038302, 39.062230999752494], [-77.3371369995541, 39.062264999755264], [-77.33725000043033, 39.062276000142376], [-77.33734800033962, 39.0622929997862], [-77.33750499980013, 39.06230799967366], [-77.3376000002347, 39.06230299994406], [-77.33773499995391, 39.06232000027885], [-77.33779299968022, 39.06232200003078], [-77.33785999962737, 39.06233200018448], [-77.33791999990184, 39.06234899981483], [-77.33794300036637, 39.06235899996476], [-77.33799000022204, 39.06237999978665], [-77.33810999987263, 39.06242399985831], [-77.3381929997133, 39.06246000021361], [-77.33830099966833, 39.06249400010604], [-77.33836599996567, 39.06250700020417], [-77.338507000431, 39.062516000109774], [-77.33862600025667, 39.06252999972813], [-77.33869300020382, 39.0625450002627], [-77.3387910001131, 39.06257399970625], [-77.33882299990016, 39.062583999824305], [-77.33896500019037, 39.06261799965701], [-77.33903299996244, 39.06264000031962], [-77.339120999826, 39.062668999724146], [-77.33916299965878, 39.0626859999708], [-77.33945700028497, 39.06276099965627], [-77.33960799989771, 39.06278799996993], [-77.33972400024867, 39.062796000319224], [-77.3397679997313, 39.06280999988205], [-77.3398189997849, 39.06281899974903], [-77.33993299958772, 39.06285099973167], [-77.33998399964135, 39.062873999841024], [-77.34003999971783, 39.06288999982174], [-77.34014400037324, 39.06290899975049], [-77.34035699991026, 39.06291599986975], [-77.34043200025332, 39.062927000155476], [-77.34061300000329, 39.06293899995798], [-77.34077700003482, 39.062950000240065], [-77.34100600036368, 39.06295399970819], [-77.34115000030371, 39.06295199997416], [-77.34134000027453, 39.06295799987354], [-77.34148300038964, 39.06296300025428], [-77.3416690001625, 39.06296499998795], [-77.3417260000639, 39.06296200003867], [-77.34191799968451, 39.06293300005699], [-77.34198399980677, 39.0629300001063], [-77.3421079996553, 39.06292599993935], [-77.342458000358, 39.06296399977236], [-77.3426419995827, 39.06296699972161], [-77.34280899998727, 39.063017000019244], [-77.34315100029404, 39.06302800028923], [-77.34334899976244, 39.063004000015034], [-77.34359399998482, 39.06291599986975], [-77.34440999994452, 39.06286000029089], [-77.34479900010695, 39.06281200031762], [-77.34543099994363, 39.062796000319224], [-77.34579599981662, 39.0627540002191], [-77.34632100042147, 39.0627169997947], [-77.34713599965794, 39.06262100031847], [-77.34862399963728, 39.0625010002665], [-77.3490329998912, 39.06247999978302], [-77.34934400023582, 39.06244299991248], [-77.34984200017817, 39.06239499965568], [-77.35024800005904, 39.062383999984526], [-77.3506749998563, 39.0623660001386], [-77.35123100042331, 39.06234700006366], [-77.35170900027418, 39.06231000012346], [-77.35241200025598, 39.0623179998294], [-77.35306400018415, 39.062383999984526], [-77.35344599977554, 39.062400000076295], [-77.35471600019501, 39.062458999990874], [-77.35539499988735, 39.06249899982212], [-77.35611899978552, 39.06253900032827], [-77.35724500026494, 39.06262400028229], [-77.35761299961264, 39.06262400028229], [-77.35815300028614, 39.06264799998816], [-77.35882199993272, 39.06264500002536], [-77.3592989999587, 39.06260200031221], [-77.36003999957532, 39.06258900023153], [-77.36046300007293, 39.06258099985879], [-77.36081100022749, 39.06257000021666], [-77.36134000013199, 39.06253599966332], [-77.3619169997171, 39.06252000029994], [-77.36228900016107, 39.062560000096674], [-77.36302599957972, 39.06247999978302], [-77.36349000008524, 39.06237099986376], [-77.3641360001656, 39.062286000302635], [-77.36443200044161, 39.06227799989554], [-77.36462999991002, 39.06228099987394], [-77.36490699991947, 39.062261999776176], [-77.36509799971516, 39.06222000005584], [-77.3652619997467, 39.06222799977202], [-77.36553100025854, 39.062230000224034], [-77.36568500024431, 39.06221200033879], [-77.36579400002425, 39.06213700007008], [-77.36590000032948, 39.06209700003369], [-77.36634700021823, 39.062025000329605], [-77.3667260003349, 39.06200199994364], [-77.36724500019368, 39.06189799974252], [-77.36755499981507, 39.0619319999056], [-77.36789999959656, 39.06186900002128], [-77.36795800022121, 39.06180199985012], [-77.36795200037342, 39.061759999856115], [-77.36794900000037, 39.06171499983486], [-77.36815300021487, 39.06158999985778], [-77.36815900006265, 39.06163300018737], [-77.36826700001767, 39.061568000263], [-77.36830100035287, 39.061597000107874], [-77.3683230000942, 39.06161599968709], [-77.36842400037652, 39.06162599994084], [-77.36848700012571, 39.06163199995292], [-77.36984500040869, 39.061604999894605], [-77.37016599990076, 39.06157900006125], [-77.37127200028867, 39.061663999776066], [-77.37177699990373, 39.06177000008947], [-77.37246700036505, 39.061839000056615], [-77.37291699972852, 39.06179700008463], [-77.37377000039646, 39.061753999854965], [-77.37417799992714, 39.061738000314314], [-77.37439999968498, 39.06175200008695], [-77.37503700044286, 39.06184900027873], [-77.37531399955397, 39.061937999891626], [-77.37542599970696, 39.06196799981428], [-77.37591600015175, 39.06204900023911], [-77.37622199957517, 39.062111999962795], [-77.3762800001998, 39.06212099991876], [-77.37630600013907, 39.06213400008557], [-77.3764340001856, 39.06215900018507], [-77.37660599971473, 39.06217899983976], [-77.37695100039453, 39.0622390001649], [-77.37706699984719, 39.062252999838186], [-77.37725299962001, 39.062289999808314], [-77.37749500036766, 39.06232300025547], [-77.37756399996464, 39.06233599968761], [-77.37766000022413, 39.06234599983932], [-77.37783799960103, 39.06238699995841], [-77.37798999993699, 39.06241300019173], [-77.37804299964044, 39.062413999717656], [-77.37809399969407, 39.062400000076295], [-77.37824000018225, 39.062426000304825], [-77.37836700040386, 39.062448000329695], [-77.37843299962778, 39.06244499966093], [-77.37854200030604, 39.0625209998243], [-77.37889700013328, 39.06256300006304], [-77.38000599999592, 39.06262700024594], [-77.380518000182, 39.0626140001699], [-77.3807630004044, 39.062617000134026], [-77.38109399994218, 39.06258500004527], [-77.38129200030889, 39.06256300006304], [-77.38201299983403, 39.062516000109774], [-77.38236799966128, 39.062478000035625], [-77.38268499985367, 39.062411999968326], [-77.3830880002598, 39.06226799973415], [-77.38381100033308, 39.06215699973106], [-77.38436700000176, 39.062116000175855], [-77.38476700003484, 39.062144999795635], [-77.38579399988174, 39.06213200032837], [-77.3868180002539, 39.06224099991913], [-77.38747299965677, 39.062344000088125], [-77.38810500039176, 39.062458999990874], [-77.38915900000283, 39.062628999989165], [-77.3904529998134, 39.06283400022225], [-77.39175300037009, 39.06310500003863], [-77.39254500004033, 39.06326199991959], [-77.3931760000521, 39.06342099986969], [-77.39378699997238, 39.06361000008152], [-77.39418600018055, 39.06375899999513], [-77.3947390003745, 39.06387000026939], [-77.39538399973165, 39.064047999867235], [-77.39589000006995, 39.06415500028727], [-77.39690299967313, 39.06439100006016], [-77.39755200012654, 39.06452400011363], [-77.39835399984254, 39.06465699991646], [-77.39896800013587, 39.06469699989729], [-77.39972899984396, 39.06467799975228], [-77.40045600011518, 39.06462600024703], [-77.4005409996057, 39.064619999791915], [-77.40112499976179, 39.06453800003123], [-77.40159599993999, 39.06444999970577], [-77.4016450003438, 39.064402000116054], [-77.40169300002437, 39.064409000087316], [-77.40170600044316, 39.064410999780016], [-77.40190300008666, 39.06444200024137], [-77.40191800015526, 39.06445499998083], [-77.40194800029249, 39.064482000344086], [-77.40236000002115, 39.06450300023195], [-77.4027869998184, 39.0644920001918], [-77.4044699997914, 39.064482000344086], [-77.40501600031267, 39.0645060001158], [-77.40544599958467, 39.06452400011363], [-77.40600200015167, 39.06459899993885], [-77.4061939997723, 39.06462500005498], [-77.4062220002597, 39.06462900012564], [-77.40625800024472, 39.06463399969052], [-77.40691000017287, 39.0647210002934], [-77.40742200035895, 39.064790000166205], [-77.40891700001097, 39.06507200009755], [-77.40937700031851, 39.06516700024125], [-77.41004000011732, 39.065308000292205], [-77.41069100022058, 39.06545999995248], [-77.41092999969686, 39.065517999920154], [-77.41183799971806, 39.0657040002646], [-77.41245899968408, 39.06584499994039], [-77.41356199969896, 39.066041999920955], [-77.41427800009951, 39.066199000244715], [-77.41467800013261, 39.06627099987656], [-77.41540100020588, 39.06635600021923], [-77.41562999963642, 39.066393000131264], [-77.4158380000489, 39.066411999814676], [-77.41612500010406, 39.06645399983082], [-77.41668499997071, 39.06646999969755], [-77.41693699986578, 39.066448999697364], [-77.41746300029556, 39.06645399983082], [-77.41786199960542, 39.06646999969755], [-77.41808699973633, 39.06643500015877], [-77.418465999853, 39.06646699989722], [-77.4188109996345, 39.06647800032704], [-77.41907699977328, 39.06645700032923], [-77.41964000001299, 39.066387999993495], [-77.42000499988598, 39.06636900030363], [-77.42045900034572, 39.06639800026869], [-77.42068799977626, 39.06642499988877], [-77.42071999956332, 39.066387999993495], [-77.42073399980703, 39.06632899987529], [-77.42079400008149, 39.066437999960456], [-77.4213020000696, 39.06656299972301], [-77.4219780002872, 39.06668500017052], [-77.42228200006082, 39.06676799969131], [-77.42322699989192, 39.06701199966682], [-77.42471499987127, 39.06735500010419], [-77.42535699975369, 39.06746699975795], [-77.42610800031436, 39.06760199989523], [-77.42668499989945, 39.067674000188326], [-77.42696399955871, 39.067774999807355], [-77.42719999956026, 39.06781199967305], [-77.42766099969272, 39.06790500002265], [-77.42806300027392, 39.06802999997709], [-77.42849699974388, 39.06822999986216], [-77.42895100020365, 39.06851199999966], [-77.429012000303, 39.068540999781725], [-77.42924099973357, 39.06864999993827], [-77.42956499959865, 39.06877700023469], [-77.43075999967503, 39.06926600022514], [-77.43145599998412, 39.069405000208775], [-77.43193399983501, 39.069543999918665], [-77.43216900001164, 39.069611999837576], [-77.43225600005029, 39.06962199965601], [-77.43227199994381, 39.06962399989853], [-77.4324970000747, 39.069649000135136], [-77.43291700019928, 39.06977399979071], [-77.43326500035383, 39.06987000000073], [-77.43353399996734, 39.06991800005679], [-77.43416900017705, 39.070069000136534], [-77.43483799982366, 39.07020199995296], [-77.43518299960516, 39.07026600018436], [-77.43649300020756, 39.070500000231206], [-77.43734000012941, 39.07064900024723], [-77.43802899986748, 39.07071799990467], [-77.43875299976567, 39.07084000014466], [-77.43942499978532, 39.070928000175414], [-77.43947099981607, 39.07093699970477], [-77.4399029996362, 39.0710180002994], [-77.44013799981283, 39.0710710000785], [-77.44083800031989, 39.071199000302016], [-77.44169799976218, 39.071313000327436], [-77.44244900032288, 39.07132700029338], [-77.44300499999156, 39.07132700029338], [-77.44350700013189, 39.071268000119176], [-77.44362500013268, 39.07122000028384], [-77.44373599956243, 39.07125500023964], [-77.44387700002775, 39.07125600033775], [-77.44402900036371, 39.07125699973845], [-77.44431899989362, 39.0712760002048], [-77.44440400028245, 39.071282000094044], [-77.44455099969721, 39.07129199967591], [-77.44476999998032, 39.071278999800796], [-77.44511800013487, 39.07122000028384], [-77.44541799971053, 39.07123400026823], [-77.44567800000152, 39.07129700016371], [-77.44584000038324, 39.071334000275336], [-77.44594400014032, 39.07135799980963], [-77.44597199972941, 39.07138599972089], [-77.4460429998745, 39.071457000243164], [-77.44611099964658, 39.071486000210044], [-77.44633599977749, 39.071578999903124], [-77.44663000040366, 39.071648000046125], [-77.44694000002505, 39.07169600028779], [-77.44758199990748, 39.07186899992891], [-77.44826099959981, 39.072004000015404], [-77.44885200032692, 39.07216100032847], [-77.4494280000871, 39.072269999776225], [-77.44961600040807, 39.07230199965896], [-77.44986900012807, 39.07227300002739], [-77.45003300015959, 39.07227899983187], [-77.45009000006101, 39.072280999999094], [-77.45026099976523, 39.072315000043], [-77.4505889998283, 39.072318000292256], [-77.45094700002856, 39.072318000292256], [-77.45186199972247, 39.072326000258855], [-77.45254399978785, 39.07239799991737], [-77.4535549997412, 39.072584000264385], [-77.45472899990119, 39.07280700015795], [-77.45559199971653, 39.07303300026312], [-77.45616199962893, 39.07315800020173], [-77.45697099991594, 39.07339900020049], [-77.45700699990095, 39.073411999685085], [-77.4572000002448, 39.0734849996969], [-77.45735400023058, 39.07353799971554], [-77.45750800021636, 39.07359099969433], [-77.45771800027866, 39.07366300015445], [-77.45901499956398, 39.074181000020594], [-77.4595440003668, 39.07439700007196], [-77.46000499960093, 39.07457999987903], [-77.46028199961037, 39.074713000260346], [-77.46060200017581, 39.07484300024921], [-77.46072600002438, 39.074915000129316], [-77.46097100024674, 39.075056000233694], [-77.46098200011741, 39.075063999889906], [-77.46147300038709, 39.07542600029567], [-77.4619880000479, 39.07584299998904], [-77.46222300022455, 39.07606099989476], [-77.46250000023397, 39.076404000289465], [-77.4626070003641, 39.07659099986335], [-77.4626159996866, 39.0766080002438], [-77.46287900035067, 39.077222000082145], [-77.46296399984116, 39.07746900020921], [-77.46306299957536, 39.07775399971053], [-77.46315899983485, 39.078044000162485], [-77.46327099998783, 39.078211000283524], [-77.46337999976777, 39.07839699995301], [-77.46347299965419, 39.078564999930364], [-77.46383800042548, 39.079040999902226], [-77.4638819999081, 39.07918700005874], [-77.46404299956657, 39.079425999724904], [-77.46410500038918, 39.079449999993884], [-77.46413100032844, 39.07955400013522], [-77.46415499971957, 39.07960699977954], [-77.46415999974244, 39.07961800025329], [-77.46426100002478, 39.079827999840724], [-77.46489899970925, 39.0807209998125], [-77.46524400038906, 39.08114100016395], [-77.46556499988111, 39.08153699985888], [-77.46587500040081, 39.0819139997341], [-77.46608700011292, 39.08220399982279], [-77.46627799990863, 39.0824250001167], [-77.46639799955923, 39.08254399982728], [-77.4666839997895, 39.08285300025373], [-77.46689600039991, 39.083092000052524], [-77.46718199973186, 39.08343199996103], [-77.46744899969556, 39.08373800022086], [-77.46765999958275, 39.08400099992587], [-77.46782100013957, 39.08417599991007], [-77.46805999961585, 39.08440800002875], [-77.46824000043921, 39.08465199967894], [-77.46832900012767, 39.08479299984937], [-77.46863299990129, 39.08510100028478], [-77.4686839999549, 39.08516700005371], [-77.4687469997041, 39.085247999654015], [-77.468823999697, 39.085346000225464], [-77.46895699976638, 39.08562200023506], [-77.46909700040678, 39.08599199997358], [-77.4691350000416, 39.08629800028482], [-77.46909700040678, 39.08664099972114], [-77.46898799972851, 39.08695200008164], [-77.46839100005195, 39.088086999717724], [-77.46830200036348, 39.08833599986725], [-77.46832900012767, 39.0885410000362], [-77.46845600034928, 39.08898200012157], [-77.46865999966546, 39.089389000071385], [-77.46890900008582, 39.089679000108575], [-77.46918600009523, 39.08984400021055], [-77.46961600026555, 39.09009599992561], [-77.46993299955965, 39.090343000299754], [-77.47012799955331, 39.09050800024277], [-77.47033299959271, 39.09076900016303], [-77.47044499974572, 39.090983999812536], [-77.47079000042554, 39.0912579997456], [-77.47142499973694, 39.091788999699794], [-77.4715340004152, 39.09189299977804], [-77.47172500021091, 39.09207099981084], [-77.47220600043485, 39.09255799983699], [-77.47242099962169, 39.092777999970075], [-77.47283099970052, 39.09318200026515], [-77.47306300040242, 39.09349100010573], [-77.47349000019969, 39.09404399991523], [-77.47390899960102, 39.09477699997739], [-77.47435600038808, 39.09560099998318], [-77.47461900015381, 39.096194000231755], [-77.47480999994951, 39.09658000029453], [-77.47496099956226, 39.09692000002267], [-77.47514100038563, 39.09729199990578], [-77.47533300000626, 39.0977199997645], [-77.47545900040295, 39.09801999968043], [-77.47558499990133, 39.09827799984213], [-77.47567399958979, 39.09851500023686], [-77.47581400023019, 39.098761999706326], [-77.47588899967494, 39.09891300010171], [-77.47602199974435, 39.099170999784235], [-77.47607000032323, 39.099310000110876], [-77.47619599982161, 39.09956499994741], [-77.47647299983105, 39.099997999798894], [-77.47671100038072, 39.10027200026151], [-77.47679900024427, 39.10029400033897], [-77.47702799967482, 39.100789000266936], [-77.47704199991854, 39.10081899970725], [-77.47716699959199, 39.10098699996212], [-77.47737699965428, 39.10127100027927], [-77.47746200004308, 39.101414999698605], [-77.47749600037828, 39.101460999867456], [-77.47776900018975, 39.101839999934434], [-77.47812800021495, 39.10233500016134], [-77.47821699990342, 39.10251500033272], [-77.47840799969913, 39.102743999727664], [-77.47895000002242, 39.103410000266855], [-77.4792150003363, 39.103684999654725], [-77.47969300018718, 39.10413800030475], [-77.47984399979993, 39.104282999771605], [-77.47998400044031, 39.10444700023218], [-77.480031000296, 39.10450100031734], [-77.48003799996869, 39.10450900011991], [-77.48012599983224, 39.10460899966646], [-77.48013800042611, 39.104622999995975], [-77.4803219996508, 39.10488399995359], [-77.48060600023126, 39.10521300010174], [-77.48084800008058, 39.105508000045496], [-77.48101499958685, 39.10568900008981], [-77.4811090001965, 39.10575300019457], [-77.48117000029586, 39.10579699971004], [-77.48136500028954, 39.10588500005271], [-77.48142300001585, 39.105936000216914], [-77.48165300016963, 39.106125000175496], [-77.48204900000475, 39.10646199968894], [-77.48206300024846, 39.10647399975563], [-77.48207499994402, 39.10648399992587], [-77.48228099980834, 39.10665899988689], [-77.48244900003783, 39.10681599975304], [-77.48248800039589, 39.10686300017332], [-77.4828549999187, 39.107217999903], [-77.48309299957008, 39.10744000016834], [-77.48323999988315, 39.10753900015545], [-77.48340399991469, 39.10767800001535], [-77.48357100031927, 39.10787700015496], [-77.48377600035869, 39.10800199969264], [-77.48400499978924, 39.10818500014954], [-77.48420999982864, 39.108324000129535], [-77.48445500005101, 39.108543999863514], [-77.4851580000328, 39.109116000140354], [-77.48540099970704, 39.10930999982106], [-77.48577999982373, 39.10949599973204], [-77.48647199993486, 39.10982499996152], [-77.48664500018724, 39.10989300008867], [-77.4866700003016, 39.10990299977377], [-77.48731499965874, 39.110283000001395], [-77.48782699984481, 39.11054599969106], [-77.48820500013659, 39.110618000071106], [-77.48826399968782, 39.11064500019463], [-77.488522000329, 39.11076300014843], [-77.48881600005687, 39.11090600015844], [-77.48897099986756, 39.11097500017161], [-77.4890229997461, 39.11100299969303], [-77.4891769997319, 39.111057999865615], [-77.48922299976265, 39.11108100029259], [-77.48929599955757, 39.111129000189706], [-77.48956800044245, 39.11124299981434], [-77.48962399962063, 39.11126199996621], [-77.48967600039748, 39.111284000098955], [-77.48983500040615, 39.111374000316985], [-77.48992800029257, 39.111435999687835], [-77.4899590002547, 39.111451999808935], [-77.4900000002626, 39.111457000238104], [-77.49001199995816, 39.11145899999145], [-77.49005100031621, 39.111460000216624], [-77.49009499979883, 39.11144800030179], [-77.49018299966238, 39.111439999892696], [-77.49020799977671, 39.11144700007645], [-77.49022500039348, 39.111460000216624], [-77.49025999965528, 39.11151699978431], [-77.49028899996759, 39.11154899998604], [-77.49036500013557, 39.11158800034294], [-77.49037699983114, 39.11159400028875], [-77.49042200003697, 39.11160699970476], [-77.49044100030353, 39.111609999676894], [-77.49045800002199, 39.11161300034593], [-77.4904870003343, 39.11162800020407], [-77.4905850002436, 39.111679999919865], [-77.49065999968836, 39.111732999818585], [-77.49070099969623, 39.11175100031435], [-77.49077799968913, 39.111767999887704], [-77.49094199972068, 39.1117760002595], [-77.49098199990362, 39.111785999677494], [-77.49105399987366, 39.11181499979381], [-77.49108499983578, 39.11182099972024], [-77.4911209998208, 39.111827999866094], [-77.49128900005029, 39.11187499973219], [-77.49133599990596, 39.11189600015163], [-77.49136299967013, 39.11190799999018], [-77.4914010002033, 39.111937000056294], [-77.49151900020406, 39.11195600002105], [-77.49163100035705, 39.11199099997936], [-77.49179899968823, 39.112047000294794], [-77.49180000041147, 39.11200599975705], [-77.49188400007705, 39.11203599999983], [-77.49225899999578, 39.11218399989545], [-77.49254199985299, 39.11230300027365], [-77.49265099963294, 39.11233800005968], [-77.4927250001511, 39.1123550001884], [-77.49291799959663, 39.11242299996543], [-77.49315699997122, 39.11249600003229], [-77.49353199988995, 39.11259199995731], [-77.49384800025743, 39.11268300010676], [-77.49400200024323, 39.11273499974111], [-77.49409500012965, 39.11277199972569], [-77.49430199981889, 39.112833999957644], [-77.49471000024789, 39.1129470001052], [-77.49484199959406, 39.11298800009541], [-77.49528699983298, 39.11314199989664], [-77.49543099977302, 39.113183999974154], [-77.49575899983608, 39.11325400004765], [-77.49578300012553, 39.11325200034523], [-77.49583599982897, 39.113216000115955], [-77.49586099994333, 39.113258999651926], [-77.4959429999591, 39.11331400015488], [-77.49597899994411, 39.11333299974837], [-77.49608400042442, 39.113371999815], [-77.49627199984707, 39.113417999847954], [-77.4964579996199, 39.11347099983361], [-77.49658300019169, 39.11349999995353], [-77.49684500013251, 39.11354800029402], [-77.49710899972314, 39.11360199967964], [-77.49738999993055, 39.113641999791646], [-77.49747399959614, 39.113648999756606], [-77.49749600023577, 39.11365599972089], [-77.49750499955826, 39.113676000112854], [-77.49750899975623, 39.113701000072126], [-77.49751999962689, 39.11372799971149], [-77.49752999967262, 39.11373499966791], [-77.49755099958902, 39.1137499997714], [-77.49757400005358, 39.11375900011074], [-77.49764400037377, 39.113760999798764], [-77.49779300033669, 39.11373400017205], [-77.49789000042105, 39.113716000182855], [-77.49801000007166, 39.11370200026548], [-77.49812800007244, 39.11369899968539], [-77.49821900030904, 39.11369699999561], [-77.49841599995251, 39.11368599995826], [-77.49845199993753, 39.113678999996964], [-77.49848200007477, 39.11366500007223], [-77.4985060003642, 39.11365400002988], [-77.49851499968672, 39.113663999878355], [-77.49852499973245, 39.113673999725464], [-77.49855400004478, 39.1136840002681], [-77.49867799989333, 39.113691000228904], [-77.49877599980263, 39.113701000072126], [-77.49896900014649, 39.11373899974233], [-77.49914200039883, 39.11375500003751], [-77.4994279997308, 39.11381199983991], [-77.4998930000612, 39.11393400013016], [-77.50005000042003, 39.11396099968025], [-77.5001390001085, 39.11399300016621], [-77.50032999990421, 39.114075000299636], [-77.50041399956979, 39.11409799974195], [-77.50059199984503, 39.1141300001657], [-77.50071700041681, 39.114153000287054], [-77.5007509998537, 39.11413800026936], [-77.5007790003411, 39.11417400002761], [-77.5008289996715, 39.114193000086246], [-77.50090900003744, 39.114216999676074], [-77.50097500015967, 39.11424399981473], [-77.5011249999475, 39.11429100016046], [-77.50139600010915, 39.11439000028193], [-77.50167700031655, 39.11447899983595], [-77.50190400009727, 39.114550000198356], [-77.50208099964927, 39.11463699988713], [-77.5020959997179, 39.11464300027029], [-77.50215699981725, 39.11466799988649], [-77.50256699989608, 39.11476000032138], [-77.50277699995837, 39.114817000007854], [-77.50280700009559, 39.11482699969129], [-77.50316000027301, 39.11494599978826], [-77.50337299981004, 39.11500700002365], [-77.50346200039681, 39.115028000206706], [-77.50359200009315, 39.1150760002034], [-77.50369099982734, 39.11510800018297], [-77.5038919996688, 39.11515899994623], [-77.50408599983756, 39.11521999999718], [-77.50421300005917, 39.11526600021779], [-77.50464499987929, 39.11542299972941], [-77.5046800000394, 39.11542699970795], [-77.50475500038246, 39.1154559997199], [-77.50478700016951, 39.115463000201665], [-77.50481099956065, 39.11547399996162], [-77.5048859999037, 39.11549600017337], [-77.50491000019316, 39.115504000121994], [-77.5051029996387, 39.11554799982295], [-77.50514700001962, 39.11556200007052], [-77.50517700015686, 39.11557100017842], [-77.50518899985242, 39.11557100017842], [-77.50520499974594, 39.11557100017842], [-77.50522700038557, 39.11557900011847], [-77.50525300032484, 39.115584999724476], [-77.50527900026411, 39.11558899969383], [-77.50531000022625, 39.11560100029749], [-77.50533600016553, 39.115602999933245], [-77.50541499980822, 39.11563000023777], [-77.50555399972541, 39.11566400029681], [-77.50559399990838, 39.115681999788464], [-77.50569500019071, 39.11570900006272], [-77.50594399971276, 39.115787999799096], [-77.5059820002459, 39.11579299992059], [-77.50610299972139, 39.115829000227315], [-77.50613200003373, 39.11583200001971], [-77.50617399986653, 39.11584699967676], [-77.50619700033106, 39.11584900000252], [-77.50623499996588, 39.11585900023649], [-77.50626299955498, 39.11585900023649], [-77.50628600001951, 39.115868000306506], [-77.5063279998523, 39.11586999993468], [-77.50641800026398, 39.11589200002279], [-77.50650100010468, 39.115905000039945], [-77.50652399967089, 39.11590299971577], [-77.50655200015828, 39.11590699966712], [-77.5065749997245, 39.11591699989285], [-77.5066519997174, 39.11592700011717], [-77.50668400040277, 39.11593600017846], [-77.5067150003649, 39.115938999966296], [-77.50679800020558, 39.11596299965845], [-77.50684000003838, 39.11597500019842], [-77.50690699998553, 39.11598800020026], [-77.50693499957463, 39.11598999982503], [-77.50700599971974, 39.1160260000311], [-77.50707299966689, 39.11605300017355], [-77.50709799978124, 39.116067999783596], [-77.50715200020791, 39.116088000187965], [-77.50723099985063, 39.11612800028271], [-77.50725699978989, 39.116133999841914], [-77.5072850002773, 39.11614699981442], [-77.50731500041454, 39.11615300006899], [-77.50741499997365, 39.1161980002196], [-77.50749399961634, 39.11622500029618], [-77.50752899977647, 39.11623300016199], [-77.50760099974647, 39.11626500031316], [-77.50768000028752, 39.11629100020744], [-77.50777300017393, 39.11633100018695], [-77.5077920004405, 39.11633900004072], [-77.50782500005248, 39.11635700005687], [-77.50784799961869, 39.116364999907745], [-77.50789299982452, 39.11639199992029], [-77.50791100026619, 39.11641200023268], [-77.50795899994678, 39.11644700006876], [-77.50798400006113, 39.11646500005733], [-77.50805600003115, 39.11651500007893], [-77.50811799995543, 39.11654599994906], [-77.5081449997196, 39.11656799982611], [-77.50827199994121, 39.116634000113066], [-77.5083410004365, 39.11665999987123], [-77.50836900002558, 39.11666600008212], [-77.50845100004135, 39.1166940001302], [-77.50847199995775, 39.1166980000366], [-77.5085670003923, 39.11671700011164], [-77.50869700008866, 39.11675199979618], [-77.50872899987571, 39.11676999970688], [-77.5088619999451, 39.11682000020903], [-77.50888799988437, 39.116833000054974], [-77.50900900025819, 39.11686899983028], [-77.50903699984728, 39.11686999997866], [-77.50907100018247, 39.11688199966724], [-77.50909899977155, 39.11688399996361], [-77.50912300006101, 39.116897999945735], [-77.50914300015249, 39.116905000284234], [-77.50925799978023, 39.11694399976787], [-77.50930700018402, 39.11697299985239], [-77.50936699956017, 39.11699400014649], [-77.50939500004756, 39.117009000253205], [-77.50952100044427, 39.11706100018007], [-77.5095580002542, 39.117084000041714], [-77.50960699975967, 39.11710400015768], [-77.5096999996461, 39.11713300017636], [-77.50973999982907, 39.117150999989725], [-77.50976999996631, 39.11715499987017], [-77.50980299957826, 39.11717299967787], [-77.50983000024075, 39.11717799970108], [-77.50987899974625, 39.11720000007782], [-77.50990300003568, 39.11720500009911], [-77.50996599978487, 39.1172269997704], [-77.51000000012006, 39.11723199978977], [-77.51006299986926, 39.11725000027477], [-77.51023100009874, 39.11731499978085], [-77.5103049997186, 39.117337000114766], [-77.51035400012239, 39.11735700015897], [-77.51039099993233, 39.11736600003759], [-77.51041699987158, 39.11738200020618], [-77.51048600036687, 39.11740999996977], [-77.51056800038263, 39.11743100013362], [-77.51060299964443, 39.11745000001096], [-77.51068700020834, 39.11747399988538], [-77.51078799959234, 39.11751600016871], [-77.51085200006476, 39.117542999740195], [-77.51087999965385, 39.117551000153334], [-77.51092700040783, 39.117572999716636], [-77.51108899989123, 39.11761899979501], [-77.51114099976976, 39.11764600002406], [-77.51116900025717, 39.11765300028824], [-77.51139699986281, 39.117753000003795], [-77.51153900015304, 39.117811000191985], [-77.51156199971925, 39.11781600016992], [-77.51169499978863, 39.11786700006397], [-77.5118549996222, 39.11791199981687], [-77.51188700030758, 39.11791799992114], [-77.5120019999353, 39.11795399983907], [-77.51204299994318, 39.11796100007265], [-77.51206700023263, 39.117973999708134], [-77.51208899997394, 39.11799200000356], [-77.51220699997471, 39.11804399990193], [-77.51232300032567, 39.11807300023074], [-77.5123619997854, 39.11807599992759], [-77.5123950002957, 39.11808400028021], [-77.51242000041005, 39.11809599976197], [-77.51257500022075, 39.11812500006931], [-77.5126220000764, 39.118127000330404], [-77.5126990000693, 39.11813799967453], [-77.51277500023727, 39.11814399975956], [-77.5128820003674, 39.11817300004714], [-77.51292300037528, 39.11817300004714], [-77.51295299961421, 39.118166999964586], [-77.51297600007874, 39.11815800018829], [-77.51304800004876, 39.11816300014159], [-77.51318799979084, 39.11814300032618], [-77.51322299995094, 39.11813499998027], [-77.5134020000511, 39.11812199967758], [-77.5134310003634, 39.11812000011331], [-77.51347700039416, 39.11812000011331], [-77.51359500039494, 39.11813299971941], [-77.51369699960387, 39.118138999804906], [-77.51384999976474, 39.118136000110674], [-77.51398899968191, 39.11815300023462], [-77.51402499966693, 39.118160999881525], [-77.51411199970556, 39.118180000258974], [-77.51428499995794, 39.11820000006384], [-77.51446200040824, 39.11824099978549], [-77.51461800004385, 39.118288000252974], [-77.5147059999074, 39.118304000212184], [-77.5147410000675, 39.11831699978432], [-77.5150149997039, 39.11838299982689], [-77.51516600021495, 39.11842500026528], [-77.51522599959108, 39.11844899980764], [-77.51526300029934, 39.118455999992044], [-77.51530299958397, 39.11847500028994], [-77.51534899961474, 39.11848799983053], [-77.5154590001179, 39.11853000020632], [-77.51567199965493, 39.118587999754894], [-77.51572299970854, 39.118603000219174], [-77.515887999565, 39.118651999994384], [-77.51636999961384, 39.11883600009783], [-77.51640599959886, 39.118855000293244], [-77.51643599973606, 39.118870000003724], [-77.51656399978259, 39.11891800017091], [-77.51657700020138, 39.11892300007028], [-77.51658899989695, 39.11892699985013], [-77.51663099972976, 39.11894999979956], [-77.5168390001422, 39.11901499982821], [-77.51693899970132, 39.11905900012447], [-77.51702300026523, 39.11909600027314], [-77.51716999968001, 39.11916600004921], [-77.51727900035826, 39.11922999976366], [-77.5173589998259, 39.11926799993686], [-77.5174650001311, 39.11932699968836], [-77.51747500017684, 39.119332999672125], [-77.51752500040554, 39.11936800014805], [-77.51757999975882, 39.11939599981932], [-77.51771399965313, 39.119483999908496], [-77.51776300005693, 39.11951000000884], [-77.51778599962316, 39.11951399975542], [-77.5179299995632, 39.11957500021779], [-77.51798700036292, 39.11960500002591], [-77.51803699969331, 39.11961800005496], [-77.51824199973274, 39.1197109997103], [-77.51834700021304, 39.11973899994221], [-77.51844699977214, 39.11978199967934], [-77.51848699995512, 39.11980399993987], [-77.51852200011521, 39.11983300024109], [-77.51860900015386, 39.11988500017465], [-77.5186259998723, 39.1198900000054], [-77.51863699974292, 39.11989300032185], [-77.51866199985729, 39.11991200023222], [-77.5186839995986, 39.11992899992758], [-77.51870700006315, 39.119935999964945], [-77.5188230004141, 39.119995999957936], [-77.51890999955441, 39.120061999821516], [-77.51903900032417, 39.12013099992958], [-77.51906899956306, 39.12015400018291], [-77.51909000037779, 39.12016299970425], [-77.5191909997618, 39.120235000015285], [-77.51926399955674, 39.12028699965209], [-77.5192889996711, 39.12030500005353], [-77.51934800012064, 39.120340000046575], [-77.51940599984697, 39.1203700002259], [-77.51944299965687, 39.12038900000763], [-77.51945400042585, 39.12039900029418], [-77.51956800022867, 39.12050799977115], [-77.51967799983353, 39.120595999865245], [-77.51969899974992, 39.12060500002707], [-77.51974499978067, 39.12063500009355], [-77.51977099971994, 39.12065700008771], [-77.51979500000938, 39.12067100001707], [-77.5198510000859, 39.120708000016094], [-77.51992100040609, 39.12076100009387], [-77.5199430001474, 39.1207830000487], [-77.52001900031539, 39.1208199999889], [-77.52009200011031, 39.12086900031304], [-77.52020199971516, 39.12096499998168], [-77.52030800002038, 39.12106800014128], [-77.52036999994465, 39.121138000048795], [-77.52055300024276, 39.121318000288056], [-77.52059300042572, 39.12136899973793], [-77.52066799987048, 39.12143499970913], [-77.52077800037367, 39.12157999982992], [-77.52081099998563, 39.12161299972441], [-77.5209010003973, 39.12173100012874], [-77.52099500010866, 39.12183499994328], [-77.52108399979709, 39.12191800008714], [-77.52119299957704, 39.122055000009944], [-77.52125899969928, 39.1221539996764], [-77.52131899997374, 39.12222299982631], [-77.52135400013384, 39.12225199982875], [-77.52142600010386, 39.12233099989492], [-77.52157199969372, 39.12255199987418], [-77.52159000013539, 39.12257199983179], [-77.521597999633, 39.122587000144684], [-77.5216820001969, 39.122748999696945], [-77.52172800022765, 39.12282799990269], [-77.52175599981675, 39.12287600016085], [-77.52182500031202, 39.12297299994393], [-77.52186700014484, 39.12303799974538], [-77.52189599955882, 39.12306700010922], [-77.52192800024419, 39.12308799998074], [-77.52197900029783, 39.12313700012115], [-77.52211599966685, 39.12326700005832], [-77.52224899973623, 39.123438999992516], [-77.52234199962265, 39.12364099968691], [-77.52234699964553, 39.12367199990617], [-77.52250900002724, 39.124003000249985], [-77.52255000003512, 39.124097999783515], [-77.52260899958635, 39.12420499972088], [-77.52265999963998, 39.12431000010714], [-77.52266499966287, 39.1243209998797], [-77.52268999977721, 39.12436400030457], [-77.52272699958714, 39.12442700013414], [-77.5227590002725, 39.12449099994758], [-77.5227810000138, 39.124534000268675], [-77.5228310002425, 39.12461399990482], [-77.52284799996094, 39.124652999999434], [-77.52287399990023, 39.12469400014705], [-77.52287700027327, 39.1247120001193], [-77.52292999997671, 39.12480500001903], [-77.52297299963442, 39.12487000022068], [-77.52298699987813, 39.12490800013926], [-77.52307300009186, 39.125070999960954], [-77.5231690003513, 39.12523500013192], [-77.52322100022987, 39.12531300030877], [-77.52326200023774, 39.125387000289436], [-77.52334599990333, 39.12557300027431], [-77.52340399962964, 39.125640999838915], [-77.52341700004843, 39.12567099985142], [-77.52343600031502, 39.125697999782105], [-77.52346499972901, 39.12575899976798], [-77.52361799988988, 39.12595899973962], [-77.52365700024795, 39.12601800015936], [-77.52369900008075, 39.12607299976205], [-77.5237669998528, 39.126160999873264], [-77.5237810000965, 39.126184000248465], [-77.52379399961698, 39.126206999919326], [-77.523837000173, 39.126288999775355], [-77.52384200019588, 39.12629899992127], [-77.52388700040171, 39.12636900020585], [-77.52389900009729, 39.12639799989518], [-77.52393199970926, 39.126455999934976], [-77.523985000311, 39.12655000033051], [-77.52403499964143, 39.126662000074596], [-77.52413599992374, 39.12684000012275], [-77.52416500023608, 39.126900999816506], [-77.52423999968082, 39.127008999681706], [-77.52431400019898, 39.12709600001402], [-77.52442800000179, 39.12730299967583], [-77.5244639999868, 39.12734699967369], [-77.52453500013192, 39.12745200025433], [-77.52460000042925, 39.1275859998787], [-77.52461499959955, 39.12763099969539], [-77.52466400000336, 39.127719999945], [-77.52469900016345, 39.12783399990469], [-77.52473400032355, 39.127982000066126], [-77.5247739996082, 39.12811900004195], [-77.52480799994339, 39.12818399997284], [-77.52482700020997, 39.12824599988323], [-77.52484099955535, 39.12826400034153], [-77.52486700039294, 39.12832100025261], [-77.52487200041581, 39.12835299979126], [-77.5248869995861, 39.12839199990621], [-77.52488900013425, 39.12841200029626], [-77.52492400029435, 39.12850800013824], [-77.52493699981483, 39.12857099974568], [-77.52496500030223, 39.128634999975], [-77.52496899960187, 39.12869700018519], [-77.5249979999142, 39.12878399982618], [-77.5249989997391, 39.12880200014698], [-77.52504599959478, 39.12891799970378], [-77.52506700040949, 39.12900599974468], [-77.52508099975486, 39.12903499974201], [-77.52508900015079, 39.12907100025074], [-77.52511000006719, 39.129080000026576], [-77.52512900033375, 39.12914399979337], [-77.52514400040238, 39.129173999707575], [-77.52517500036451, 39.12926600001517], [-77.52519799993074, 39.12938999996693], [-77.52521200017445, 39.1294379999346], [-77.52521600037241, 39.12945300017909], [-77.52523599956557, 39.12955899967889], [-77.5252370002888, 39.129574999865625], [-77.5252370002888, 39.12959100004871], [-77.52526200040316, 39.1297249997846], [-77.52526400005297, 39.12983800001893], [-77.52525300018232, 39.12989000023232], [-77.52525499983214, 39.12996099969788], [-77.52526499987788, 39.12998800007457], [-77.52527300027381, 39.130055000293524], [-77.52528499996937, 39.13009500012342], [-77.52528800034241, 39.130121999751886], [-77.52530699971068, 39.130189999802646], [-77.52530800043391, 39.13022699967969], [-77.52532799962707, 39.13033899984826], [-77.52532699980216, 39.13036700003679], [-77.52534000022096, 39.13044799997195], [-77.52534900044178, 39.13057900030653], [-77.52535699993939, 39.13063299987879], [-77.52535600011448, 39.13071400020484], [-77.52537500038106, 39.1308479998945], [-77.52538399970358, 39.130873000032], [-77.52540899981793, 39.13099599999383], [-77.52547199956712, 39.13112799995182], [-77.52550300042758, 39.13124000008118], [-77.52550400025248, 39.131258999718355], [-77.52550400025248, 39.1312719996872], [-77.5255059999023, 39.13131000033284], [-77.52552699981871, 39.13138400028432], [-77.52554500026038, 39.13148699984255], [-77.52556000032898, 39.13152199985437], [-77.52559999961365, 39.13169699965236], [-77.52563399994882, 39.13180499982832], [-77.52564499981948, 39.13187099977685], [-77.52568500000245, 39.13202799991274], [-77.52569000002534, 39.13204600010124], [-77.5257179996144, 39.132099999942305], [-77.52579799998036, 39.13230900008539], [-77.52581300004897, 39.132333999704194], [-77.52588300036918, 39.132494999907756], [-77.52590199973744, 39.13253000011537], [-77.52596000036206, 39.13270099980458], [-77.52598200010338, 39.13276599968751], [-77.52598299992827, 39.13278800007385], [-77.52602499976108, 39.13297300010493], [-77.526061999571, 39.13311299988074], [-77.52606999996692, 39.13316100009815], [-77.52608400021063, 39.13319599997475], [-77.5261100001499, 39.13329400009413], [-77.52619200016566, 39.133498999831744], [-77.52619700018853, 39.13352299981296], [-77.52628800042513, 39.13368900033028], [-77.52630500014357, 39.13373800006397], [-77.52632600005995, 39.13378100031411], [-77.52634000030366, 39.13380799992303], [-77.5263439996033, 39.133824999748896], [-77.5263999996798, 39.134068999789385], [-77.52640899990064, 39.134124000073015], [-77.52642499979414, 39.13415900016779], [-77.52643800021295, 39.134208000271194], [-77.5264420004109, 39.1342209996957], [-77.5264630003273, 39.1342769997618], [-77.52654399961986, 39.13449500019236], [-77.52657899977996, 39.13460400015455], [-77.5266170003131, 39.13468599998934], [-77.52662999983357, 39.134724000186274], [-77.52666099979571, 39.134780999746454], [-77.52666800036673, 39.134812999833834], [-77.52671100002442, 39.13488700028505], [-77.52677700014668, 39.13508899989677], [-77.52680200026101, 39.13519599985986], [-77.52684099972076, 39.135317000162786], [-77.5268630003604, 39.13538400018923], [-77.52691900043689, 39.13551299993581], [-77.52694600020106, 39.13560500032373], [-77.52694899967581, 39.135625999940956], [-77.52695899972154, 39.135688000267564], [-77.5269699995922, 39.135777999970216], [-77.52698100036118, 39.13588500027989], [-77.52700099955433, 39.1359710002221], [-77.52700899995025, 39.136027000290035], [-77.52701099960008, 39.136041999827846], [-77.52702099964581, 39.136070999714924], [-77.52702200036904, 39.1360989997147], [-77.52707900027046, 39.136324999753114], [-77.52711400043056, 39.13651899976864], [-77.5271100002326, 39.13661700014071], [-77.52712000027833, 39.13669699998784], [-77.52714000036984, 39.13676999998682], [-77.52717200015687, 39.13715899967851], [-77.52717299998179, 39.137315000011505], [-77.52717299998179, 39.137344000070996], [-77.52718200020263, 39.13741399982915], [-77.52717999965449, 39.13743799986954], [-77.5271949997231, 39.13753899992088], [-77.52719899992107, 39.13762099982152], [-77.52719300007327, 39.13765200015842], [-77.52719800009613, 39.13784400030033], [-77.52721499981457, 39.13787899993953], [-77.52724800032486, 39.137897999875705], [-77.52723400008115, 39.13792099990164], [-77.52719300007327, 39.13793400003415], [-77.52719899992107, 39.13803400022286], [-77.5271949997231, 39.13806799992026], [-77.52719800009613, 39.138095999822596], [-77.52719399989819, 39.1381319998798], [-77.5272009995709, 39.1381719999992], [-77.52722200038559, 39.13829600029457], [-77.52722800023338, 39.138330999709076], [-77.52722599968524, 39.13836300027335], [-77.5272440001269, 39.13850600000443], [-77.5272580003706, 39.13861099997287], [-77.5272659998682, 39.13878600026908], [-77.52726500004329, 39.13887499965957], [-77.52727000006617, 39.138920999762355], [-77.52727000006617, 39.13898899967746], [-77.52728199976173, 39.13914299977526], [-77.52727799956378, 39.13932700000238], [-77.52727000006617, 39.13940000006146], [-77.52727099989107, 39.13943900032928], [-77.5272640002184, 39.13946500003133], [-77.52727000006617, 39.13949700008018], [-77.52726800041634, 39.13952699976438], [-77.52727300043921, 39.13955300013069], [-77.52726900024125, 39.139609000136645], [-77.52727099989107, 39.13974199979808], [-77.52726500004329, 39.13979799965371], [-77.52725499999755, 39.139835000056465], [-77.52726000002042, 39.13987999971033], [-77.5272580003706, 39.14002999997455], [-77.527243000302, 39.140083000144784], [-77.52723499990607, 39.140148000180766], [-77.52724499995182, 39.140216000304264], [-77.52722800023338, 39.1404090002355], [-77.52722900005827, 39.14047000002073], [-77.52722099966236, 39.14054400010038], [-77.52722200038559, 39.14069500015345], [-77.52722900005827, 39.14075099994772], [-77.52722599968524, 39.140816000063694], [-77.52723200043134, 39.14089600001688], [-77.52724099975386, 39.14092199987754], [-77.52724099975386, 39.140989000144266], [-77.52724999997467, 39.14111000024594], [-77.52724999997467, 39.14123899995258], [-77.52727300043921, 39.1415049998328], [-77.52730000020338, 39.141720999891895], [-77.52731799974674, 39.14197600024079], [-77.52731699992182, 39.142007999844985], [-77.52732600014266, 39.14203799985265], [-77.52732399959453, 39.14206900033485], [-77.52733199999044, 39.14209900031651], [-77.5273289996174, 39.142183999846814], [-77.52735399973176, 39.14240699980694], [-77.52739700028778, 39.14260300004778], [-77.5274059996103, 39.14262399966798], [-77.52740700033351, 39.14264800002247], [-77.5274349999226, 39.14272400016221], [-77.52749199982402, 39.14292600028132], [-77.5275189995882, 39.143111999926646], [-77.52752799980904, 39.14314699973384], [-77.52754000040291, 39.14327100032386], [-77.52757800003775, 39.14346599978178], [-77.52757899986264, 39.14350499988722], [-77.52759599958108, 39.143571000016394], [-77.5276170003958, 39.14372300031086], [-77.52761400002275, 39.143783000245094], [-77.52763300028933, 39.143953999776976], [-77.52763999996202, 39.144328000324414], [-77.5276449999849, 39.144389999954896], [-77.52763499993915, 39.14454400008183], [-77.52763300028933, 39.14457399970544], [-77.52763999996202, 39.144607999727846], [-77.52765599985555, 39.14463200010262], [-77.52765800040369, 39.14464800034791], [-77.527680000145, 39.144657999976864], [-77.52765900022858, 39.14472500017129], [-77.52763699958898, 39.14473199983436], [-77.52762200041867, 39.14473699999138], [-77.52758600043366, 39.144776999841476], [-77.5275820002357, 39.14481899986859], [-77.52756399979405, 39.144854000220406], [-77.52754000040291, 39.14495700027889], [-77.52753799985477, 39.14510799992314], [-77.52752899963393, 39.145220000109795], [-77.52753899967968, 39.14541799966792], [-77.52755299992339, 39.14554800027821], [-77.52754399970254, 39.14567799995176], [-77.52752399961108, 39.145754000303505], [-77.52751399956533, 39.14583499995556], [-77.52751500028855, 39.145911000137794], [-77.52750299969468, 39.145974000199125], [-77.52751000026568, 39.146021000274544], [-77.52750299969468, 39.146215000046105], [-77.52748900034928, 39.14638800009522], [-77.52746400023493, 39.146539999880105], [-77.5274340000977, 39.14667199995864], [-77.52742999989972, 39.14671099968112], [-77.5274190000291, 39.14675399967165], [-77.52736799997545, 39.146856999736535], [-77.52735999957953, 39.146885000323316], [-77.52733000034063, 39.14693699979115], [-77.5273219999447, 39.14696100006849], [-77.52726900024125, 39.14702000030908], [-77.52724900014978, 39.1470489998542], [-77.52722700040846, 39.14706699968599], [-77.52718100037771, 39.14713099982468], [-77.52717200015687, 39.14715200018411], [-77.52706800039981, 39.147261000057874], [-77.5269970002547, 39.147308999686715], [-77.52694000035328, 39.14735799969496], [-77.52668300043534, 39.14752099980393], [-77.52660700026736, 39.14755999975266], [-77.52658600035096, 39.147580000271724], [-77.52655000036594, 39.14760500004176], [-77.52648300041879, 39.147636999873775], [-77.5263000001207, 39.14771199979318], [-77.52618600031786, 39.14776899998496], [-77.52616000037861, 39.14779099986335], [-77.52609199970823, 39.14781999978748], [-77.52607300033996, 39.14783699971344], [-77.52591699980604, 39.14790399966846], [-77.52586300027768, 39.14793600006121], [-77.5256809998045, 39.14801600028275], [-77.52553100001668, 39.1481020000363], [-77.52536199996226, 39.148217999845265], [-77.52527300027381, 39.148304999750685], [-77.52521200017445, 39.14834899986208], [-77.52512799961055, 39.14842900031085], [-77.52510699969415, 39.148448999886305], [-77.52502200020363, 39.14857199979787], [-77.52499299989132, 39.148626000200906], [-77.5249340003401, 39.148714999691066], [-77.52490900022573, 39.14876999967975], [-77.52486700039294, 39.14884299969976], [-77.5248509996011, 39.14889499981095], [-77.52478000035431, 39.14903599966458], [-77.5247739996082, 39.14905799984354], [-77.52474000017135, 39.14913100026144], [-77.52467599969891, 39.1493139997738], [-77.52464100043714, 39.149382000099486], [-77.52459500040638, 39.1495350000695], [-77.52447999988033, 39.14982799968478], [-77.52447599968237, 39.14986100027591], [-77.52444700026837, 39.1499339998609], [-77.52443600039773, 39.14996899975916], [-77.52440299988744, 39.1500280002647], [-77.5243650002526, 39.15013200009086], [-77.52434299961298, 39.150168000262816], [-77.52433400029047, 39.150213000277716], [-77.52426899999314, 39.150384999883656], [-77.52425399992453, 39.15051899975521], [-77.52420700006887, 39.15066700030453], [-77.52420000039618, 39.15070599990321], [-77.524125999878, 39.150956999697094], [-77.52412400022818, 39.15098700007053], [-77.52410900015956, 39.15102600018851], [-77.52412099985514, 39.15104199967694], [-77.52408200039538, 39.151179999728804], [-77.52406700032677, 39.15125300003553], [-77.52406700032677, 39.151273999861615], [-77.52404499968716, 39.15135399977195], [-77.52399899965641, 39.15145199969494], [-77.52394400030313, 39.1516430001621], [-77.52392400021165, 39.15179899974686], [-77.52390599976998, 39.151826999760765], [-77.52388499985358, 39.15192499972171], [-77.52382600030235, 39.152097999667944], [-77.52381899973136, 39.15214000020276], [-77.5237869999443, 39.1522419997055], [-77.52378199992143, 39.15227499986133], [-77.52377100005076, 39.15230400002765], [-77.5237319996927, 39.152524999989915], [-77.5237319996927, 39.152579000146275], [-77.52371400014935, 39.15270399978164], [-77.52360399964618, 39.15301099990535], [-77.52357000020932, 39.153187000259464], [-77.52354599991988, 39.15328200012912], [-77.52352400017855, 39.15334299990452], [-77.5234570002314, 39.153489000134286], [-77.52341200002557, 39.15363100016257], [-77.523392999759, 39.15376799969262], [-77.52337000019278, 39.15385900028558], [-77.52337000019278, 39.153878999711175], [-77.52329099965173, 39.15411199991483], [-77.52322600025272, 39.15433900025619], [-77.5231960001155, 39.15447399987568], [-77.5231819998718, 39.15451699999936], [-77.52318100004689, 39.154542999704994], [-77.52307300009186, 39.15488299979404], [-77.52306300004612, 39.154942999967005], [-77.52302600023619, 39.15505200031293], [-77.52302299986314, 39.15506100025084], [-77.5230129998174, 39.15509699999109], [-77.52299100007609, 39.15517999994113], [-77.52293099980163, 39.15532200003993], [-77.52288599959579, 39.155477999827944], [-77.52286999970227, 39.15551999973856], [-77.52285299998383, 39.155609000262444], [-77.52284600031113, 39.15568400004509], [-77.52283500044048, 39.15571500008981], [-77.52282799986946, 39.15577299966495], [-77.52280399958002, 39.155827000115124], [-77.52266600038607, 39.15625200022501], [-77.52265299996728, 39.15630800018086], [-77.52264200009664, 39.1563239998615], [-77.5226179998072, 39.156389999811836], [-77.52259199986791, 39.15648099980017], [-77.52255599988291, 39.15665699983401], [-77.52252900011872, 39.156725000030015], [-77.52248300008797, 39.15689400030411], [-77.52245999962342, 39.1570029997174], [-77.522442999905, 39.15704899981533], [-77.52241899961555, 39.15714799974238], [-77.52237199975988, 39.15725799973017], [-77.5222959995919, 39.157511999944056], [-77.52224799991131, 39.15770299998354], [-77.52214300032934, 39.1579719997251], [-77.52211599966685, 39.1580599996736], [-77.52208499970472, 39.15822900022392], [-77.52204700006988, 39.1583219997394], [-77.5220200003057, 39.15844999968798], [-77.5220200003057, 39.158485000226555], [-77.52203500037432, 39.15852000005109], [-77.52205899976543, 39.15853599992534], [-77.5220699996361, 39.15854300030448], [-77.52209499975045, 39.15855300004891], [-77.52210099959824, 39.15858100016153], [-77.52203600019921, 39.15861100007078], [-77.52199099999338, 39.1586310002354], [-77.52195900020632, 39.15865900031698], [-77.52192400004623, 39.15876100012189], [-77.52192300022132, 39.15884200012792], [-77.52191200035068, 39.15886700007658], [-77.52191400000049, 39.15890400020714], [-77.52188399986326, 39.15900200006365], [-77.52181400044137, 39.15919999985471], [-77.52180500022054, 39.15924100008658], [-77.52179099997684, 39.159271999957184], [-77.5217669996874, 39.15943500033298], [-77.52176300038776, 39.159603999669976], [-77.52176800041062, 39.159866000254915], [-77.52176400021267, 39.15991000010325], [-77.52176900023554, 39.15995099992131], [-77.52176500003759, 39.15999899994978], [-77.52176900023554, 39.160036999716915], [-77.52176199966452, 39.160075000160084], [-77.52175499999183, 39.160193000195626], [-77.52174699959592, 39.1602240003433], [-77.52174300029627, 39.160293000106165], [-77.52170399993821, 39.160472999865625], [-77.52161500024975, 39.160792000091845], [-77.52158500011251, 39.16086099999417], [-77.52157900026474, 39.1609090000983], [-77.52154999995241, 39.161025999910215], [-77.52151499979232, 39.16119800025071], [-77.52144600019535, 39.16140799989381], [-77.5214289995786, 39.16143999971805], [-77.52139799961644, 39.161532999864725], [-77.52139599996663, 39.16156100018435], [-77.52137199967719, 39.161654000171005], [-77.52134099971505, 39.1617340001211], [-77.52131300012594, 39.16179100009968], [-77.52129800005734, 39.16187300030556], [-77.52125299985151, 39.16197000000103], [-77.52122899956206, 39.161998999654195], [-77.52121100001871, 39.162029999702575], [-77.521204000346, 39.162053999708206], [-77.52117300038387, 39.16210400009987], [-77.52105600020799, 39.16241400020274], [-77.52098699971272, 39.16257600006797], [-77.5208660002372, 39.16276799978636], [-77.52072300012208, 39.16305599977433], [-77.5206069997711, 39.163375000128404], [-77.52051600043283, 39.16351799988955], [-77.52045399961024, 39.16365300000616], [-77.52041900034847, 39.16371699968718], [-77.52037900016549, 39.163842999911914], [-77.52035400005113, 39.16387399984419], [-77.52031499969307, 39.16395000004722], [-77.52030499964732, 39.16397100026293], [-77.52028999957872, 39.16401100032486], [-77.52020599991313, 39.16420499995428], [-77.51991100036035, 39.164680999722], [-77.51980599988003, 39.1648740001264], [-77.5197890001616, 39.16493199981244], [-77.51974899997863, 39.164990000147164], [-77.51955399998496, 39.16537100004013], [-77.51949999955829, 39.16544999978705], [-77.51947899964189, 39.165524000068984], [-77.51939099977835, 39.16569400025246], [-77.51933600042507, 39.16583800032401], [-77.51925600005913, 39.16597800020774], [-77.5191899999369, 39.1660749998145], [-77.51914999975392, 39.166153000018724], [-77.51900400016407, 39.166527000296355], [-77.5189160003005, 39.16671499982636], [-77.51888500033836, 39.16679099974567], [-77.51887000026974, 39.16686100016686], [-77.51887100009466, 39.166933000089585], [-77.51887899959227, 39.16700399980583], [-77.51886699989672, 39.16706500022089], [-77.51879300027686, 39.16719499984423], [-77.51869000034469, 39.16743100020716], [-77.51865799965934, 39.16757000027765], [-77.51860400013098, 39.16773999969477], [-77.51856999979577, 39.16777900027739], [-77.51854100038179, 39.16783100032416], [-77.51844900032027, 39.16796599982405], [-77.51829199996143, 39.16827099998434], [-77.51821599979345, 39.168395000182784], [-77.51814200017361, 39.16849199993854], [-77.51810299981555, 39.16855100023425], [-77.5180009997083, 39.168755999673145], [-77.51788600008057, 39.168939999788506], [-77.51780099969177, 39.16910599966126], [-77.51765099990394, 39.169359000177884], [-77.51762199959161, 39.16941700034421], [-77.51757300008613, 39.16948999983722], [-77.51753200007825, 39.16954099991504], [-77.5174080002297, 39.16972299987772], [-77.51721700043397, 39.169989000047345], [-77.51713600024313, 39.17012400028006], [-77.51710699993082, 39.170164999716434], [-77.51706500009801, 39.17024799999717], [-77.51703099976284, 39.170297000049814], [-77.51692500035593, 39.17042100015834], [-77.51690199989139, 39.170457999783345], [-77.51689400039379, 39.17047000009044], [-77.51683499994424, 39.17056599968785], [-77.51679399993637, 39.170640000158585], [-77.51669299965403, 39.1707900003281], [-77.51650799970609, 39.171031000148716], [-77.51647699974396, 39.17108500002991], [-77.51634200002475, 39.171278000272416], [-77.5162540001612, 39.17138600031046], [-77.51621700035128, 39.17145200005864], [-77.51619999973452, 39.171493000113685], [-77.51615999955155, 39.171540999926975], [-77.51611199987097, 39.17162199984226], [-77.5160650000153, 39.17167399983324], [-77.51585599977794, 39.171984000240684], [-77.51581499977004, 39.172023999924164], [-77.51554600015655, 39.17237599977879], [-77.51543400000355, 39.172545000060346], [-77.51529000006352, 39.1727450001366], [-77.51526499994915, 39.17278700018482], [-77.51504900003908, 39.17306899995832], [-77.51475500031121, 39.17346800000255], [-77.51457100018818, 39.173745000342386], [-77.51448499997447, 39.17386599983665], [-77.51440100030887, 39.17402200028751], [-77.51413599999502, 39.17444699980896], [-77.51399600025292, 39.17466099968691], [-77.51395400042013, 39.17474200018675], [-77.51389999999346, 39.17482499994011], [-77.51379000038861, 39.17497500023589], [-77.5137540004036, 39.17504800022691], [-77.51364399990041, 39.1752219997378], [-77.5135009997853, 39.17539300017038], [-77.51322399977585, 39.17576600004968], [-77.5131569998287, 39.17584999999412], [-77.51311800036896, 39.175909999694035], [-77.51310199957712, 39.17593399983817], [-77.51306399994229, 39.17598400011222], [-77.51293099987289, 39.176163000105454], [-77.51282499956768, 39.17627600030616], [-77.51278199990998, 39.17632800033748], [-77.51274599992496, 39.17638000033038], [-77.5125369996876, 39.176595999889166], [-77.5123540002878, 39.17680000025592], [-77.5121579995709, 39.17705400024026], [-77.51213099980673, 39.17709699979313], [-77.51196500012537, 39.177291000234334], [-77.51185200014747, 39.17740400001488], [-77.51180000026892, 39.17744300011269], [-77.51167800007019, 39.177601000251805], [-77.51163000038963, 39.17772899993668], [-77.51161199994796, 39.17776599989465], [-77.51157599996294, 39.17780499979166], [-77.51154400017589, 39.17784900025656], [-77.51152400008442, 39.17786699986904], [-77.51149399994718, 39.177912000272855], [-77.51146499963488, 39.17796699972144], [-77.51142000032733, 39.17801400001377], [-77.51133599976343, 39.17807799985757], [-77.51121500028792, 39.17819199973972], [-77.51115400018855, 39.178259000036164], [-77.5111290000742, 39.178300000300446], [-77.51110499978475, 39.178368999740115], [-77.51108499969327, 39.17841099991088], [-77.51099799965463, 39.178525999918385], [-77.51093999992831, 39.178580000311136], [-77.51085000041495, 39.178698999908356], [-77.5108189995545, 39.17873300015422], [-77.51078900031558, 39.17877700003833], [-77.51073999991178, 39.1788249997539], [-77.51056699965942, 39.17896099969851], [-77.51052999984948, 39.178998999666746], [-77.51046999957502, 39.179085999809836], [-77.51030600044182, 39.17927399988747], [-77.51012899999151, 39.17943499995806], [-77.51007899976277, 39.17946100020305], [-77.51002600005934, 39.179482999920744], [-77.50994900006644, 39.17952899994123], [-77.50991300008143, 39.179563999739926], [-77.50984299976123, 39.1796489999742], [-77.5097060003922, 39.17976499999703], [-77.50965399961535, 39.179804000177874], [-77.50961400033069, 39.179821999986196], [-77.50950600037565, 39.17985099993848], [-77.50922599999318, 39.18002600004504], [-77.50912300006101, 39.18010100025576], [-77.5089680002503, 39.18023000020821], [-77.50889600028029, 39.18028300004449], [-77.50884299967852, 39.180312999750186], [-77.50878800032525, 39.18033499989761], [-77.50867399962412, 39.18042800012819], [-77.50862000009576, 39.180477000050416], [-77.50856499984418, 39.180520000295125], [-77.50852600038444, 39.180558000117045], [-77.50849200004924, 39.1805800001878], [-77.5084180004294, 39.180651999991376], [-77.5082579996975, 39.18077799981836], [-77.5082080003671, 39.180829000065415], [-77.50816300016128, 39.18090100031032], [-77.50813899987183, 39.180950999837364], [-77.50810500043495, 39.18100599969387], [-77.50799800030482, 39.181082000184354], [-77.50790700006824, 39.18113600000652], [-77.50785600001461, 39.181176000054364], [-77.50777399999885, 39.18122700001269], [-77.507728999793, 39.181259999802194], [-77.50755800008878, 39.18136699989935], [-77.50753799999728, 39.18138500000382], [-77.5075310003246, 39.18140200017561], [-77.50738400001151, 39.1814420000721], [-77.50733600033092, 39.181404999959724], [-77.50728799975205, 39.181390000341466], [-77.50723400022368, 39.18138400007549], [-77.50718099962192, 39.18138799978866], [-77.50711500039799, 39.181404999959724], [-77.50707100001705, 39.18142699976541], [-77.50700700044295, 39.1814500001879], [-77.5069320000999, 39.18148599965339], [-77.50684900025921, 39.181513999689116], [-77.50681599974894, 39.18153099982976], [-77.5066230003034, 39.18162900019148], [-77.50657700027266, 39.181657000170254], [-77.50636999968509, 39.181734999803645], [-77.50629199986729, 39.18176899997383], [-77.50612799983575, 39.181855000248994], [-77.50597499967488, 39.181928999980535], [-77.5057289996276, 39.18203100016032], [-77.50563699956606, 39.182061999735055], [-77.50551299971754, 39.18209499982893], [-77.504919000414, 39.18228699987774], [-77.504651999552, 39.182349000180416], [-77.50455299981779, 39.18237899970081], [-77.50434899960328, 39.182424000001824], [-77.50426999996057, 39.18243299991927], [-77.50405700042356, 39.18248700009631], [-77.5039419998975, 39.18250599982633], [-77.50383200029266, 39.18253400015212], [-77.50374600007893, 39.182556000300806], [-77.50365400001742, 39.18257400010078], [-77.50355799975794, 39.18259899997011], [-77.50326099965704, 39.18263500023984], [-77.50312000009004, 39.1826469998614], [-77.50306400001354, 39.18265200010934], [-77.50300700011213, 39.182659000177296], [-77.50267300020128, 39.18270299969316], [-77.50259899968313, 39.182706000118095], [-77.502315000001, 39.182739999818686], [-77.50208800022028, 39.18277899974164], [-77.50187599960987, 39.182806999958686], [-77.50181100021085, 39.18280799986677], [-77.50165700022507, 39.182837999887546], [-77.50146800007919, 39.182883999801724], [-77.50142100022352, 39.182891999753465], [-77.50121799983393, 39.18292799987309], [-77.50111900009972, 39.18293900023481], [-77.50102200001534, 39.182949999898476], [-77.50093999999957, 39.18296200016259], [-77.50090300018965, 39.18296800029393], [-77.50082100017389, 39.18298400017733], [-77.50063500040106, 39.183036000121454], [-77.50051400002722, 39.18308500031481], [-77.50033499992709, 39.1831399998943], [-77.50020000020787, 39.1831960000296], [-77.49991300015269, 39.18327900024759], [-77.49981299969525, 39.18330800016644], [-77.49977699971026, 39.18331899977237], [-77.49964199999104, 39.18335700017014], [-77.49962600009752, 39.183360999771054], [-77.49927600029314, 39.18345899967052], [-77.49916400014015, 39.18348399992137], [-77.49889800000138, 39.18356599990202], [-77.49862400036498, 39.18363600033632], [-77.4982949995787, 39.18369599965832], [-77.4982529997459, 39.18369900004086], [-77.49816599970727, 39.18371399986274], [-77.49808700006454, 39.18372300031136], [-77.49790600031459, 39.18375399983626], [-77.49778300029094, 39.18376699985761], [-77.49774700030592, 39.18377399981448], [-77.49769999955194, 39.183777000193686], [-77.49760800038875, 39.18379899995335], [-77.49744500018213, 39.18382200029606], [-77.4971339998375, 39.183842000254934], [-77.4969999999432, 39.183856000153135], [-77.49697700037699, 39.18386399999426], [-77.49679999992667, 39.18389600004589], [-77.49655800007734, 39.183955999842276], [-77.49638400000006, 39.18400599998163], [-77.49635399986283, 39.184020999738], [-77.49632999957338, 39.184027999669624], [-77.4962740003952, 39.184044000008065], [-77.4961260002572, 39.18407400019765], [-77.49586400031639, 39.18414099976247], [-77.4958020003921, 39.18415100004539], [-77.4957749997296, 39.18415500029743], [-77.4955489997738, 39.184213999984706], [-77.49546900030617, 39.184240999742464], [-77.49520499981722, 39.18429499992317], [-77.49503900013586, 39.184337000035], [-77.49453100014775, 39.184447999861675], [-77.49441800016984, 39.18447899976315], [-77.49425499996322, 39.184508999767075], [-77.49388300041754, 39.184594000288946], [-77.49372000021091, 39.184627999772616], [-77.49337700007925, 39.18469699996437], [-77.49324099963681, 39.18473600019422], [-77.49314899957531, 39.18476199987119], [-77.49302999974961, 39.18478499989879], [-77.49281300001465, 39.18483799978237], [-77.49271699975516, 39.18487099996559], [-77.49249199962428, 39.18492399978438], [-77.49234699985932, 39.18496700009405], [-77.49230300037671, 39.18497300005419], [-77.49218600020083, 39.185009999681114], [-77.49208099972054, 39.18503400020028], [-77.49205099958331, 39.185042999783576], [-77.49189900014565, 39.18509000021928], [-77.49182100032786, 39.18510899994203], [-77.49165100044856, 39.185149999692776], [-77.49142999961728, 39.18519899980504], [-77.49139799983023, 39.18521099968526], [-77.49112500001876, 39.1852790001281], [-77.49105800007162, 39.18529099999466], [-77.49093599987286, 39.18531299997672], [-77.49080700000145, 39.18535600004842], [-77.49079100010793, 39.1853629998471], [-77.4907409998792, 39.18538599967804], [-77.49061399965761, 39.185405999888204], [-77.49023700008905, 39.18545499982201], [-77.49011200041558, 39.18548599997566], [-77.49005499961585, 39.185495000197385], [-77.48993800033831, 39.18552200015938], [-77.48973699959853, 39.18555400015246], [-77.48960100005442, 39.18553900002697], [-77.48947600038095, 39.18554200033084], [-77.48925500044803, 39.18559899981349], [-77.48921000024217, 39.18560600028427], [-77.48916599986124, 39.18560399985139], [-77.48894699957812, 39.18561800009495], [-77.48883899962308, 39.18563699967497], [-77.48870700027693, 39.185671000046725], [-77.48863600013182, 39.18567899968128], [-77.488550999743, 39.18568199997918], [-77.48849700021464, 39.18567799981404], [-77.48844199996306, 39.18567899968128], [-77.4882829999544, 39.185695000340196], [-77.48819599991575, 39.18570800000252], [-77.4881569995577, 39.185724999825126], [-77.4880229996634, 39.185750999832564], [-77.48793599962475, 39.18575300026121], [-77.48783600006566, 39.18575900015426], [-77.48747200001758, 39.185802999818584], [-77.48731800003179, 39.185811000134414], [-77.48716099967295, 39.18583299995371], [-77.48702799960357, 39.18584700015166], [-77.4867280000279, 39.18589499991387], [-77.48654599955472, 39.18589300018557], [-77.48632899981973, 39.18591300025147], [-77.48620499997118, 39.18594099991636], [-77.48604799961234, 39.1859669998439], [-77.48600900015259, 39.1859800001522], [-77.48595200025119, 39.18598900031067], [-77.48590200002249, 39.18600400034016], [-77.48579499989236, 39.186025000236796], [-77.4854030002552, 39.18615000032048], [-77.48536600044527, 39.18616700003619], [-77.4852359998506, 39.18620100015156], [-77.4850790003901, 39.18625600007805], [-77.4849310002521, 39.18631900021951], [-77.48462699958016, 39.186481999881316], [-77.4845100003026, 39.186524999934136], [-77.48446400027186, 39.18653700028421], [-77.48443099976157, 39.18655100034193], [-77.48434000042329, 39.186572000075145], [-77.4841570001252, 39.18666799996912], [-77.48411799976714, 39.18668100014778], [-77.48401200036024, 39.18673399999428], [-77.48394399968986, 39.186779000292375], [-77.48381099962046, 39.18684299981567], [-77.48361700035002, 39.186951000315226], [-77.48348400028063, 39.18700800004776], [-77.48340899993757, 39.187034000276874], [-77.48332199989892, 39.18708199992479], [-77.48319800005038, 39.18713600001167], [-77.48314799982165, 39.18715300018517], [-77.48310799963868, 39.18717200004655], [-77.48297999959216, 39.187209999753875], [-77.48289299955353, 39.18724599975086], [-77.48280100039034, 39.18729300010595], [-77.48276299985719, 39.18732099991743], [-77.48271299962848, 39.1873489997177], [-77.4826370003588, 39.18738200011456], [-77.48259299997788, 39.18741300011454], [-77.48240100035724, 39.18750699987371], [-77.48223800015063, 39.18755400005426], [-77.48220399981544, 39.18756700006903], [-77.48217399967822, 39.187571999966984], [-77.48208699963958, 39.187599999667256], [-77.482038999959, 39.18762499983783], [-77.48184399996534, 39.18770299981159], [-77.48175399955366, 39.187735000204256], [-77.48165599964435, 39.1877600003268], [-77.48161600035971, 39.18776399967717], [-77.48148300029031, 39.187800999923674], [-77.48120200008292, 39.18790900034363], [-77.48109900015075, 39.18797599973422], [-77.4810539999449, 39.1880169999014], [-77.48103700022648, 39.18804000025637], [-77.48101200011212, 39.18806200007426], [-77.48085700030143, 39.188133000040914], [-77.48072500005694, 39.188215999999244], [-77.48064100039136, 39.18827899977632], [-77.48061999957665, 39.18831899993709], [-77.48064399986609, 39.188354000233105], [-77.48068499987396, 39.1883670000999], [-77.48071800038426, 39.1883660002709], [-77.48086499979901, 39.18833400016553], [-77.48088700043864, 39.18832600013689], [-77.48094599998988, 39.188302999875525], [-77.4809610000585, 39.18830699989127], [-77.48098899964758, 39.18831300026251], [-77.48097600012711, 39.18843100026594], [-77.48094500016497, 39.188405999685806], [-77.48089900013422, 39.188390000340334], [-77.48082899981402, 39.188395000179725], [-77.48078399960816, 39.188404999857404], [-77.4807219996839, 39.18841900023926], [-77.48068900007192, 39.18842300024839], [-77.48066200030775, 39.18841900023926], [-77.48062700014765, 39.188401999675754], [-77.48061299990395, 39.18838700015802], [-77.48057799974384, 39.18837800030664], [-77.48054500013188, 39.188383000146835], [-77.48048099965946, 39.188416999886485], [-77.48040399966658, 39.18848299966173], [-77.48017699988584, 39.188661999858404], [-77.48009700041823, 39.18871399977953], [-77.48005800006017, 39.188735000258966], [-77.47990400007438, 39.18878499978379], [-77.47984299997502, 39.188822000189035], [-77.47977600002787, 39.18887399999174], [-77.47973800039304, 39.18889300008413], [-77.47915699971168, 39.18932099966817], [-77.47895699969513, 39.18947500031567], [-77.47867200018808, 39.18967100033515], [-77.47851099963128, 39.18982500021563], [-77.4784699996234, 39.18986999992714], [-77.4782789998277, 39.19004800026728], [-77.47794599974178, 39.190378999716806], [-77.47776599981673, 39.190532000336425], [-77.47769800004465, 39.19059999980863], [-77.47760699980805, 39.190743999702406], [-77.4775680003483, 39.19079799976053], [-77.4775330001882, 39.190867999954655], [-77.47744299977651, 39.19100400027176], [-77.47742199986011, 39.19102500006689], [-77.477322000301, 39.19108700032055], [-77.47728299994294, 39.191117000288955], [-77.47724500030812, 39.19113599977493], [-77.47714900004866, 39.19122000015247], [-77.47709499962197, 39.19128699986774], [-77.47706500038306, 39.19131500017668], [-77.47700199973556, 39.191399000340255], [-77.47691600042015, 39.191491999857234], [-77.47683100003132, 39.19160300022006], [-77.47671100038072, 39.191747000147224], [-77.47666399962677, 39.19182000012816], [-77.47652999973246, 39.19206100027064], [-77.47645299973955, 39.19222500031393], [-77.47639699966305, 39.19237399991523], [-77.47633999976165, 39.192477000025036], [-77.47624000020254, 39.192735000218605], [-77.47619800036975, 39.192818000311554], [-77.47613700027038, 39.19290100030653], [-77.47610299993518, 39.1929400001612], [-77.47607000032323, 39.19299600014684], [-77.47605199988156, 39.19304800034213], [-77.47602299956924, 39.19310400024166], [-77.47599699962998, 39.19317799996585], [-77.4759630001931, 39.19323800019308], [-77.47594999977431, 39.19328400026293], [-77.47584900039028, 39.193500000097565], [-77.4758169997049, 39.19354899995802], [-77.47573999971202, 39.19361799974617], [-77.47569899970415, 39.193673000134154], [-77.47568199998571, 39.193707999852315], [-77.4756460000007, 39.19387699967832], [-77.47561699968838, 39.19395300017608], [-77.47557700040372, 39.194037999719455], [-77.47554600044158, 39.19413500030125], [-77.47542300041793, 39.19444799975829], [-77.47538800025784, 39.194557999888076], [-77.47539599975545, 39.194579999754154], [-77.47532700015846, 39.19473499975448], [-77.47532999963322, 39.194760000171655], [-77.47532200013559, 39.1948980000866], [-77.47531999958746, 39.19492599965289], [-77.47524799961745, 39.19495000026678], [-77.47522500005122, 39.19496699994244], [-77.47519999993686, 39.195005000308356], [-77.47518300021842, 39.19509400029708], [-77.47517800019556, 39.1951850003333], [-77.47515200025629, 39.1952719999364], [-77.475118999746, 39.195336000079806], [-77.47511299989823, 39.1953720000913], [-77.47508799978387, 39.19543300026213], [-77.47504799960089, 39.19564899975642], [-77.47504500012616, 39.19569699978591], [-77.4749980002705, 39.19588299985159], [-77.47497300015615, 39.19606100027679], [-77.47491500042982, 39.196318000126475], [-77.47491000040695, 39.19635799988851], [-77.47491600025474, 39.19645900030018], [-77.47491700007963, 39.19664999968925], [-77.4749070000339, 39.19672500026233], [-77.47491500042982, 39.19681299975593], [-77.47490899968372, 39.197071000040985], [-77.4749279999503, 39.19732900007477], [-77.47492700012539, 39.19739100033567], [-77.47495899991243, 39.197503000129274], [-77.47498300020189, 39.19756800002708], [-77.47499099969949, 39.19760200019596], [-77.47502199966162, 39.19765799994691], [-77.47508299976099, 39.19772499978919], [-77.47512399976888, 39.19781300011882], [-77.47517300017267, 39.19799900015215], [-77.4752240002263, 39.19809699982942], [-77.47523599992186, 39.19813200012854], [-77.47533100035642, 39.198289999710475], [-77.47539999995341, 39.19850099965554], [-77.47540599980118, 39.19855700008226], [-77.47549500038797, 39.19879300029606], [-77.47550100023574, 39.19883999989], [-77.47554499971837, 39.19900000001976], [-77.47557200038085, 39.19919799997166], [-77.47561000001568, 39.1993539998994], [-77.4756529996734, 39.199457999890825], [-77.47570100025229, 39.199685000066985], [-77.47570700010007, 39.19973799985219], [-77.47570999957479, 39.199873999709226], [-77.4757170001458, 39.19991200020577], [-77.47575099958269, 39.19998700008125], [-77.47580300035952, 39.200076999686885], [-77.47582799957557, 39.20019199974996], [-77.47582699975067, 39.20036799968784], [-77.47583299959845, 39.20045600018755], [-77.4758929998729, 39.20058200001501], [-77.47590600029169, 39.20063200016019], [-77.47591100031457, 39.20067299990459], [-77.47590499956847, 39.200793999689886], [-77.47592200018522, 39.20088100000502], [-77.47591899981218, 39.20108500020148], [-77.47592499965995, 39.2011159997256], [-77.47592300001014, 39.20115099991297], [-77.47595800017022, 39.201311999993294], [-77.47595700034533, 39.20150500009185], [-77.47596599966782, 39.20152299991174], [-77.47596599966782, 39.20160899968346], [-77.4759770004368, 39.20172700033221], [-77.47598699958422, 39.20176299985351], [-77.47599499998016, 39.2018269996531], [-77.47598099973645, 39.201944000299854], [-77.47596700039107, 39.20199699977305], [-77.47595099959923, 39.202053999831705], [-77.47593800007874, 39.20208700028423], [-77.47592399983503, 39.20210199966206], [-77.47590999959134, 39.2021970002883], [-77.47591600033743, 39.20228899980504], [-77.47591899981218, 39.20233399988798], [-77.47591100031457, 39.20240100014367], [-77.47590000044391, 39.20242700024646], [-77.47587100013159, 39.2024729998693], [-77.47583799962132, 39.202525000011974], [-77.47582000007797, 39.20257199989361], [-77.47581000003224, 39.20271899988328], [-77.47580900020732, 39.20274099997841], [-77.47578599974277, 39.20285300029249], [-77.47575800015369, 39.20293400032756], [-77.47574899993286, 39.20295899991562], [-77.47570100025229, 39.20309600011751], [-77.47567000029015, 39.20316500027556], [-77.47566299971913, 39.20319699989199], [-77.47559900014502, 39.203352999988894], [-77.47553700022075, 39.20345000024038], [-77.47542699971758, 39.20357899980032], [-77.47538999990766, 39.203621999833075], [-77.47525799966319, 39.203832000165065], [-77.47518599969315, 39.20395899980927], [-77.47512999961666, 39.20402099978784], [-77.47510500040062, 39.20407599968931], [-77.4751110002484, 39.204177000143034], [-77.47510100020266, 39.204244000033064], [-77.47509299980675, 39.20427000014981], [-77.4750839995859, 39.20430000005833], [-77.47503900027837, 39.204361000134504], [-77.47501199961589, 39.204406999883034], [-77.47500300029336, 39.20443600013275], [-77.47496599958514, 39.204512000346256], [-77.47494600039197, 39.20455299991442], [-77.47491200005678, 39.20461300017305], [-77.47481999999528, 39.20474100008946], [-77.47480599975155, 39.20477099979682], [-77.47478800020822, 39.2047940002367], [-77.47475700024609, 39.20486699988813], [-77.47473999962934, 39.2049249999957], [-77.47468899957569, 39.205030999972585], [-77.474645999918, 39.20509099982289], [-77.47461499995585, 39.20511700032221], [-77.47459200038962, 39.205153999784585], [-77.47465199976578, 39.205165000147794], [-77.47468100007809, 39.20519299979887], [-77.47469299977365, 39.2052199998496], [-77.47469799979653, 39.205243999731316], [-77.47469199994875, 39.205278999950146], [-77.47465599996374, 39.20532799994879], [-77.47457399994798, 39.20539099969791], [-77.47451899969639, 39.205427000125844], [-77.47448899955916, 39.205462999839234], [-77.47447600003869, 39.20549400021569], [-77.47447100001581, 39.20555699981597], [-77.47449299975713, 39.20565699994929], [-77.47450100015304, 39.20573899981319], [-77.47451799987148, 39.20576000007699], [-77.47455499968139, 39.20577300020403], [-77.4745970004125, 39.20577699992134], [-77.47466000016169, 39.205803999747616], [-77.47470399964432, 39.205806000301514], [-77.47478900003313, 39.20579100032241], [-77.47483300041407, 39.20577699992134], [-77.47491399970659, 39.20570800024092], [-77.47494800004179, 39.205670999678176], [-77.47499999992033, 39.205578999718284], [-77.4750409999282, 39.20548600005247], [-77.47507299971525, 39.20546099997162], [-77.47509899965452, 39.20545200021879], [-77.47512700014192, 39.20545999968979], [-77.47515700027915, 39.2054890002008], [-77.47514399986036, 39.20553800005295], [-77.47514300003546, 39.20560000002992], [-77.47512299994396, 39.20565699994929], [-77.47505099997396, 39.20573800023137], [-77.47503699973024, 39.2057609996585], [-77.4750409999282, 39.20582300013473], [-77.47505099997396, 39.205861999777554], [-77.47505000014904, 39.20591600005037], [-77.47502500003468, 39.205985999800916], [-77.47500300029336, 39.20610599990696], [-77.47496499976023, 39.2061730000452], [-77.47494300001891, 39.20625399973221], [-77.47488899959225, 39.20634100024586], [-77.47476100044405, 39.20648999984314], [-77.47475399987303, 39.20650799977777], [-77.4747589998959, 39.20654499989958], [-77.47460099971215, 39.20662799968806], [-77.47455100038175, 39.20665400031445], [-77.47453100029026, 39.206670999942475], [-77.4745270000923, 39.20668000023519], [-77.47447299966562, 39.20679800002212], [-77.47443199965775, 39.2069390000443], [-77.47437800012938, 39.20712700009766], [-77.47432500042595, 39.20728400007503], [-77.4743079998092, 39.20736699968622], [-77.47427500019722, 39.20744999989547], [-77.47419900002924, 39.20759500031075], [-77.47418800015859, 39.207626999997224], [-77.47417599956472, 39.207708000095565], [-77.47415600037154, 39.20776299989428], [-77.47406400031004, 39.20786000032022], [-77.47402499995198, 39.207913999752954], [-77.47401400008131, 39.20794599999017], [-77.47392700004268, 39.20810800005371], [-77.47387699981397, 39.208223999740724], [-77.47380499984394, 39.20835000025175], [-77.47367900034557, 39.20850000000191], [-77.47366699975169, 39.208518999659745], [-77.47365500005611, 39.20856399992775], [-77.47362800029194, 39.20861899975218], [-77.47352899965942, 39.20876000029489], [-77.47341800022966, 39.2088960000861], [-77.47332399962002, 39.208999999871565], [-77.47328500016026, 39.20905399981991], [-77.4732170003882, 39.20912599968647], [-77.47312699997653, 39.20919599971796], [-77.4729930000822, 39.20936799985695], [-77.47293500035589, 39.2094220002184], [-77.47290100002071, 39.20944700028141], [-77.47286599986062, 39.20948000004475], [-77.47283499989847, 39.20949699968475], [-77.47280499976124, 39.209519999969075], [-77.4727660003015, 39.209539000046966], [-77.47263599970685, 39.20962400022259], [-77.47256100026208, 39.20968300010387], [-77.47249699978967, 39.209733000035214], [-77.47244099971317, 39.209791000300775], [-77.47234100015405, 39.20992300000652], [-77.47228500007756, 39.20996800007101], [-77.47211100000028, 39.21005399994381], [-77.47204700042617, 39.21009899992431], [-77.47196100021246, 39.21017899974113], [-77.47190699978579, 39.210256999735776], [-77.47183399999085, 39.21032700003203], [-77.471760000371, 39.21038000014032], [-77.47173400043174, 39.21040499986234], [-77.47171199979212, 39.21041700031037], [-77.4716549998907, 39.21046399978347], [-77.47149400023223, 39.210632999672576], [-77.4714149996912, 39.21071600019818], [-77.47139600032294, 39.21073499995254], [-77.47131900033004, 39.21080799969341], [-77.47122100042074, 39.21091799996057], [-77.47103700029774, 39.21112500014795], [-77.47101200018339, 39.211147999899076], [-77.47093900038844, 39.21118999996996], [-77.47083499973306, 39.211272000334176], [-77.47080100029618, 39.21129900013607], [-77.47078899970231, 39.211307999835704], [-77.47070000001384, 39.211387000165864], [-77.47053099995945, 39.2115760003397], [-77.47047200040822, 39.21161800015455], [-77.4703810001716, 39.21171399993534], [-77.4703650002781, 39.21173799968603], [-77.4702459995541, 39.21187299978389], [-77.47016000023868, 39.21196300016898], [-77.4701340002994, 39.21198299977484], [-77.47006599962904, 39.21203600002537], [-77.46987800020636, 39.212216999751945], [-77.4695490003184, 39.212466000289986], [-77.46946899995245, 39.21251999966128], [-77.4693099999438, 39.21265599982713], [-77.46918000024746, 39.212756000292835], [-77.46907200029241, 39.2128039997698], [-77.46903399975928, 39.21282699966702], [-77.46897000018517, 39.212853000086525], [-77.4688720002759, 39.2129139996944], [-77.46881500037448, 39.21295899993022], [-77.46862299985554, 39.21309200011848], [-77.46845299997622, 39.21321800024761], [-77.46841899964105, 39.21324700033926], [-77.46836099991472, 39.21327599972285], [-77.46829999981534, 39.21331600026908], [-77.46823700006615, 39.21336999968269], [-77.46812599973808, 39.213439999659876], [-77.4681130002176, 39.21344800030906], [-77.46798099997311, 39.21353000012459], [-77.4677530003675, 39.21365299966832], [-77.46768200022238, 39.21368600023918], [-77.46735699963405, 39.21386100030774], [-77.46728200018929, 39.21389100029559], [-77.46725700007492, 39.213904999775124], [-77.46716099981548, 39.21398000002174], [-77.46703500031708, 39.21406099975266], [-77.46698300043856, 39.21410599994943], [-77.46688600035418, 39.21417099979611], [-77.46679900031555, 39.21424500029782], [-77.46678800044488, 39.214254000315954], [-77.46674700043701, 39.21430399977671], [-77.46673800021618, 39.21431500009874], [-77.46672099959943, 39.21435899997765], [-77.46672399997246, 39.21444399988708], [-77.46665700002531, 39.2143920002167], [-77.46663299973586, 39.214382000061555], [-77.4665709998116, 39.21435600020823], [-77.46654800024537, 39.21436000013273], [-77.46634999987866, 39.21450699981085], [-77.46632399993939, 39.21453899982783], [-77.46620599993861, 39.21462599982202], [-77.46599699970125, 39.21475800018339], [-77.46581599995127, 39.21486699968304], [-77.46577999996626, 39.21488299995932], [-77.46561299956167, 39.21499900028729], [-77.46554300013979, 39.215058999973756], [-77.46545899957589, 39.21513899970793], [-77.4653880003291, 39.21518500005316], [-77.4653039997652, 39.215231999815025], [-77.46508100018244, 39.21538800032424], [-77.46501699971002, 39.215446000095], [-77.46493999971713, 39.21550299967906], [-77.46460900017934, 39.215668000119], [-77.46440900016279, 39.215772000315184], [-77.46437300017779, 39.21580399975564], [-77.46403800044203, 39.21601399985417], [-77.4639809996423, 39.216038000223186], [-77.46374600036397, 39.21618200017678], [-77.46370899965574, 39.216209000178694], [-77.46361800031747, 39.216258000207205], [-77.46342400014869, 39.216377000034655], [-77.46332200004144, 39.21645500010456], [-77.4631350004437, 39.21657099992338], [-77.46295399979542, 39.2166690001369], [-77.46282900012194, 39.21673100003089], [-77.46243900013462, 39.21698800011901], [-77.46239800012673, 39.217011000037715], [-77.46236399979153, 39.21703700029984], [-77.46226599988225, 39.21709199975192], [-77.46211000024664, 39.21719200016376], [-77.46182700038942, 39.217353999777], [-77.46179300005424, 39.217387000000386], [-77.46166800038075, 39.21747899980309], [-77.46162099962677, 39.21753599982461], [-77.46160499973325, 39.21757700014118], [-77.46155500040285, 39.2175710001812], [-77.46151299967174, 39.21756799985306], [-77.46145099974748, 39.21758799995043], [-77.4613119998303, 39.21766000011453], [-77.46119800002748, 39.217746000310456], [-77.46116200004246, 39.21778300007914], [-77.46105900011032, 39.21786599980895], [-77.46102099957716, 39.217891000345645], [-77.46099299998806, 39.21791700028188], [-77.4609240003911, 39.21796599981433], [-77.46079499962134, 39.218093000346585], [-77.46061499969629, 39.218236000161276], [-77.46049800041874, 39.21835700031234], [-77.46036000032649, 39.2184610000052], [-77.46005700037777, 39.21872100030325], [-77.45997199998898, 39.21880100004059], [-77.45989599982099, 39.21886200004881], [-77.45985900001105, 39.21888700023078], [-77.45970900022323, 39.21905900029505], [-77.45969300032972, 39.21907899996766], [-77.45953799962068, 39.21927699969011], [-77.45948300026743, 39.219358000269686], [-77.45941999961993, 39.21943900005991], [-77.4593970000537, 39.219461999871626], [-77.45910099977769, 39.219872999835594], [-77.45904999972407, 39.21996100025515], [-77.45903200018073, 39.21999999970192], [-77.45902799998277, 39.220044000193816], [-77.45904999972407, 39.220084999741665], [-77.45891599982977, 39.220121999669495], [-77.45889800028642, 39.22013399984879], [-77.45888700041577, 39.220154999983635], [-77.45883800001197, 39.22021899972628], [-77.45880799987472, 39.22026999988172], [-77.45866099956163, 39.220504000079075], [-77.45866099956163, 39.220531999877934], [-77.45863999964523, 39.220553999960636], [-77.45849900007825, 39.220816999656016], [-77.45816299961926, 39.2215779997231], [-77.45813900022813, 39.22163499989624], [-77.45794900025734, 39.22218999982217], [-77.45794900025734, 39.222261000095465], [-77.45788599960984, 39.22243200020412], [-77.45787200026444, 39.222629000175125], [-77.45780100011932, 39.22293099965778], [-77.45780100011932, 39.22304099972259], [-77.45768800014142, 39.22353000017028], [-77.45763200006492, 39.224309000296884], [-77.45763899973764, 39.224595000059466], [-77.45770999988274, 39.22497899979613], [-77.45790800024945, 39.22544600003008], [-77.45810400006803, 39.22580600017723], [-77.45821899969576, 39.226017000269266], [-77.45874799960026, 39.22684500022706], [-77.45889999993624, 39.22703399984657], [-77.4591719999228, 39.2273720001725], [-77.45949699961281, 39.227723999769786], [-77.46064900003148, 39.228732000110305], [-77.46072600002438, 39.228799000231476], [-77.46208099993432, 39.22959499997522], [-77.46210500022376, 39.22959599991324], [-77.46265300039485, 39.22989700010307], [-77.46327400036087, 39.230182000128515], [-77.4638679996644, 39.230472999941725], [-77.46427699991831, 39.23068200007451], [-77.46444000012494, 39.23075300010784], [-77.46483500013515, 39.23094999968687], [-77.46525100006174, 39.23118100002181], [-77.46683299975241, 39.23200400007375], [-77.46685500039203, 39.23199799995526], [-77.46707999962463, 39.23214700007841], [-77.46711099958677, 39.23216199999388], [-77.46760299968133, 39.23239899990286], [-77.46800500026258, 39.232618000208156], [-77.46869700037371, 39.233089999848], [-77.46918799974507, 39.233441000106], [-77.46922600027821, 39.23346799973197], [-77.46934000008105, 39.233548999939174], [-77.46937799971586, 39.233577000100766], [-77.46958199993036, 39.23372200013735], [-77.46974199976394, 39.23383700007332], [-77.47026900001862, 39.2340120000075], [-77.47041999963137, 39.23406200000791], [-77.47051199969287, 39.23405600006544], [-77.47054000018029, 39.23410000009574], [-77.47076600013608, 39.23415500009485], [-77.47110500006978, 39.23430299994164], [-77.47159200014151, 39.23468200011463], [-77.47160399983707, 39.23469399989209], [-77.47186099975502, 39.23493999974794], [-77.47407900037865, 39.236641000266296], [-77.4746250000016, 39.23710599977088], [-77.47489100014037, 39.23733200018283], [-77.47529299982328, 39.237595000324426], [-77.4754130003722, 39.237633999713864], [-77.47572299999358, 39.237760000322645], [-77.47583000012371, 39.237804000117485], [-77.47620400021752, 39.238073000176485], [-77.47623299963153, 39.23807799995835], [-77.47634999980738, 39.238165000001366], [-77.47655700039495, 39.23831999982675], [-77.47658599980895, 39.23831999982675], [-77.47680900029003, 39.23847700032413], [-77.47681199976476, 39.23849499971173], [-77.47684699992486, 39.23850099997037], [-77.477250000331, 39.23887899992534], [-77.47727799992008, 39.23887899992534], [-77.47807799998624, 39.239579000313284], [-77.47833800027723, 39.23980699999712], [-77.47867700021095, 39.24003200026775], [-77.47901299977161, 39.24025099970824], [-77.48002399972498, 39.24090999974304], [-77.48003999961851, 39.24092100007007], [-77.48033199969655, 39.24116999967529], [-77.48075099999622, 39.241526999864035], [-77.48113500013577, 39.24185300001224], [-77.48124100044097, 39.24201799973602], [-77.48131900025878, 39.24211099971292], [-77.48138200000797, 39.24222700026682], [-77.48163599955288, 39.242600000166064], [-77.4816720004362, 39.2426659998167], [-77.4817639995994, 39.24281399979848], [-77.48191199973739, 39.243011000300434], [-77.48199700012621, 39.24316500010973], [-77.48207099974606, 39.243271000098275], [-77.48242700029652, 39.24378100014023], [-77.48244900003783, 39.2438130000301], [-77.48266099974994, 39.244032000189314], [-77.48309199974516, 39.244273999693846], [-77.48359399988549, 39.244646999839134], [-77.48390500023011, 39.24490800024958], [-77.48401800020802, 39.245003000005944], [-77.4843060000881, 39.24538200011877], [-77.48432100015671, 39.245401999942985], [-77.4843689998373, 39.24546499990866], [-77.48438499973082, 39.24548600011649], [-77.48445199967797, 39.24565200004761], [-77.48447000011963, 39.245695000053715], [-77.48453399969374, 39.24581600017211], [-77.48473100023554, 39.24605200017031], [-77.48477300006834, 39.24607899981288], [-77.48492399968109, 39.246178999970404], [-77.48497700028285, 39.24621300025583], [-77.48513600029149, 39.2463180001125], [-77.48518899999496, 39.246353000029764], [-77.48570500037899, 39.246692000213095], [-77.48621500001693, 39.247027999689045], [-77.48664600001214, 39.24728100001269], [-77.48705500026605, 39.24747200030409], [-77.48732899990245, 39.24757399992613], [-77.48739400019979, 39.24759900031555], [-77.48748600026128, 39.24759900031555], [-77.48750700017769, 39.247576999667224], [-77.48752899991898, 39.24750500027991], [-77.48740800044348, 39.247241999725325], [-77.4874440004285, 39.24719200007437], [-77.48757099975178, 39.24719800028484], [-77.48773999980618, 39.24736599970762], [-77.48775400004989, 39.24737899978281], [-77.4877690001185, 39.2474339998068], [-77.48829100035032, 39.24778999974096], [-77.48861000019254, 39.24799499967451], [-77.48861900041338, 39.24800099981629], [-77.48892800020985, 39.24819900003163], [-77.48904600021064, 39.24827500017665], [-77.48940199986279, 39.2485039997861], [-77.48952099968847, 39.24858099996372], [-77.48959799968137, 39.248629999653296], [-77.48980100007095, 39.24873700009156], [-77.49012800030911, 39.24890900004435], [-77.49053800038793, 39.24911200016985], [-77.49066700025938, 39.24915599980081], [-77.49097100003297, 39.24925999976755], [-77.492281999562, 39.24971000016057], [-77.49322200026856, 39.25000000002767], [-77.49389799958784, 39.250292000068676], [-77.49451299970607, 39.25047800021849], [-77.49479499973839, 39.25059899973692], [-77.49547299960581, 39.250774000292346], [-77.49621199957262, 39.251044999964705], [-77.49623599986205, 39.25105400013354], [-77.49657499979578, 39.25113100029383], [-77.49726699990691, 39.251327999695704], [-77.49755999980987, 39.25135599971761], [-77.49857300031135, 39.25161000005161], [-77.49963199994531, 39.25171399985712], [-77.5001459997812, 39.251719000057925], [-77.50104700012969, 39.25181600026573], [-77.5015540002929, 39.25188299990777], [-77.50252599988819, 39.25204199989227], [-77.50383800014043, 39.252263000020044], [-77.50421100040933, 39.25231100030509], [-77.50457100025946, 39.25229399990357], [-77.50501200030041, 39.252277999808335], [-77.50556999961891, 39.25225400000639], [-77.50678700033492, 39.25248299983942], [-77.50798999990892, 39.252698999837996], [-77.50847100013286, 39.25280699993553], [-77.50875900001294, 39.252851000030645], [-77.50907700003026, 39.2528350000625], [-77.50964600011774, 39.252979000340055], [-77.51005600019656, 39.253076999799504], [-77.51044899965864, 39.25320299979763], [-77.51066799994175, 39.25325600022603], [-77.51093400008054, 39.25339799974577], [-77.51106499960179, 39.25345900028885], [-77.51113900011994, 39.253506000157934], [-77.51123899967904, 39.25358000022842], [-77.51142199997716, 39.253688999954896], [-77.51180100009385, 39.253907000290795], [-77.51227200027203, 39.25418900001341], [-77.51296299965995, 39.254534000159154], [-77.51349999996037, 39.25478600025734], [-77.51487999998467, 39.25541600001825], [-77.51540300004142, 39.25577999977308], [-77.51590699983157, 39.25596799979311], [-77.51635799991827, 39.25613700002465], [-77.51637499963672, 39.256143000165316], [-77.51643599973606, 39.25616500021298], [-77.51646699969821, 39.25617699979341], [-77.51649099998765, 39.25618700025375], [-77.51673500038513, 39.25627700015896], [-77.51752799988029, 39.256573000098975], [-77.51803300039367, 39.256762999876635], [-77.51844799959704, 39.2569129998133], [-77.51870899971296, 39.257006999758474], [-77.51900599981388, 39.257118999750496], [-77.51902500008045, 39.25712700028962], [-77.5192889996711, 39.25723799985038], [-77.51950299993135, 39.25735000016902], [-77.51955300016006, 39.25737600009316], [-77.51970600032094, 39.25745500004437], [-77.51975700037455, 39.25748200016578], [-77.51978400013874, 39.25749599999277], [-77.51986600015451, 39.25753899969235], [-77.51989399974359, 39.25755399974308], [-77.52005699995021, 39.257639000201934], [-77.52008799991236, 39.257672000262296], [-77.52040400027984, 39.25801099998283], [-77.5205149997096, 39.25820999998268], [-77.52062199983973, 39.25840099972041], [-77.52062400038785, 39.258413000309275], [-77.52071700027429, 39.258431999672446], [-77.52099799958337, 39.25849100026131], [-77.52109200019301, 39.258510999824814], [-77.52470599983614, 39.25984299978382], [-77.52603300015699, 39.26010800007726], [-77.52712299975309, 39.260403999840086], [-77.52869399957308, 39.26049900016636], [-77.52874600034994, 39.260513000086426], [-77.52878800018273, 39.260518999852565], [-77.52897999980337, 39.260554000333016], [-77.52917099959906, 39.26061599971038], [-77.5293499996992, 39.260647000074066], [-77.52962800043187, 39.260731000070635], [-77.52973200018893, 39.26074700032357], [-77.52981099983167, 39.26076400006662], [-77.5299549997717, 39.26081099990757], [-77.53002400026699, 39.260824000272414], [-77.5300819999933, 39.26084600024223], [-77.53014599956741, 39.26087699980863], [-77.53018499992547, 39.26089000016124], [-77.5302939997054, 39.260913999789224], [-77.53037999991913, 39.260946999699016], [-77.53043799964546, 39.260966999952956], [-77.53079199964779, 39.26105400012174], [-77.53083799967854, 39.26107099979034], [-77.53086600016594, 39.26107300016025], [-77.53097099974794, 39.26110199995281], [-77.53108999957362, 39.26116099968564], [-77.53121199977235, 39.261210000321896], [-77.53125600015329, 39.261232999657764], [-77.53139400024554, 39.2612799998798], [-77.53146399966744, 39.2613179998291], [-77.53173700037722, 39.26143399991302], [-77.53185500037799, 39.261460999892996], [-77.5318989998606, 39.26148500002109], [-77.53200199979277, 39.26156700004883], [-77.53210100042529, 39.26161900023727], [-77.53215099975569, 39.261654000168484], [-77.53234900012241, 39.26173899982933], [-77.5325459997659, 39.26190299989017], [-77.5326090004134, 39.26194999966303], [-77.53272400004114, 39.262014000235276], [-77.53286200013338, 39.26208099986976], [-77.53309899995985, 39.26217799965277], [-77.53323399967907, 39.26224700016239], [-77.53338900038808, 39.26233500030053], [-77.53358500020667, 39.262419999831124], [-77.5336300004125, 39.26243299989751], [-77.53365499962855, 39.262431000262005], [-77.53366899987226, 39.262389000251545], [-77.53368300011596, 39.26236700007045], [-77.5337290001467, 39.262372999677915], [-77.53377000015459, 39.262389000251545], [-77.53383700010174, 39.262403999960114], [-77.53388099958437, 39.26241000025995], [-77.53391200044481, 39.262410999730236], [-77.53437100002913, 39.26251900016915], [-77.534588999589, 39.2625700001833], [-77.53461299987848, 39.26257800010035], [-77.53478699995573, 39.26263599981928], [-77.53531300038551, 39.26284399995154], [-77.53542700018834, 39.262889000166446], [-77.53554600001401, 39.262935999973664], [-77.53556100008264, 39.26294200022796], [-77.53560600028848, 39.262960000292225], [-77.535622000182, 39.26296599984892], [-77.5357900004115, 39.26303199980757], [-77.5363610001488, 39.263295000258346], [-77.53643200029391, 39.26332799974275], [-77.53696899969603, 39.263586999877845], [-77.53739300001855, 39.26381699970304], [-77.53773199995227, 39.26404800030704], [-77.53785900017388, 39.26409200030267], [-77.53844099978183, 39.26452899972383], [-77.5386779996083, 39.26470699998993], [-77.5388609999064, 39.26477299970017], [-77.53917300007593, 39.264839000043814], [-77.5392059996879, 39.2648560001855], [-77.53930899962006, 39.264909000150666], [-77.53934299995524, 39.2649269997098], [-77.53942999999389, 39.264916999800754], [-77.53964799955378, 39.26477399983232], [-77.53972200007193, 39.26472699986652], [-77.53982300035429, 39.2647620003324], [-77.54012700012788, 39.26486799966934], [-77.54017999983132, 39.26488700006501], [-77.54022500003718, 39.264912999975856], [-77.54084000015541, 39.26526900019202], [-77.54308600036812, 39.266915999716296], [-77.54350200029472, 39.26729200003088], [-77.54386700016771, 39.26801599986008], [-77.54400500025997, 39.26856599971665], [-77.54409899997131, 39.26943500021998], [-77.54417900033727, 39.26963900009288], [-77.54462799987581, 39.27016000021975], [-77.54520899965888, 39.27096200030745], [-77.54550099973692, 39.271292000080045], [-77.54559799982128, 39.271329000126244], [-77.54565600044593, 39.27138900032881], [-77.54575699982995, 39.27148300033422], [-77.54632500009254, 39.2721100001705], [-77.54647099968238, 39.27222799983074], [-77.54708800034877, 39.272729999830084], [-77.54752600001667, 39.27312699982348], [-77.5479779999283, 39.27347800000063], [-77.54833799977841, 39.273807999746296], [-77.54881700035253, 39.2743799999352], [-77.54900099957722, 39.27454400031946], [-77.54940999983113, 39.274846000243244], [-77.54943900014345, 39.274846000243244], [-77.54952399963395, 39.27491200014072], [-77.55004599986577, 39.27518800030291], [-77.55067500022771, 39.275604999831124], [-77.55070199999189, 39.27562000018814], [-77.55083199968823, 39.2756880000047], [-77.55095100041224, 39.275937999908265], [-77.55106100001709, 39.276170000166815], [-77.55106199984202, 39.2761839997382], [-77.55106199984202, 39.2762370001764], [-77.55107000023793, 39.27625400033473], [-77.55109799982702, 39.27632000029667], [-77.55138099968423, 39.27661599974064], [-77.55155700030964, 39.27684200008102], [-77.55198099973386, 39.2773849998419], [-77.55209000041212, 39.277568999834536], [-77.55254599962339, 39.27833500009003], [-77.55296300027322, 39.27915800033943], [-77.55321699981812, 39.279530999870715], [-77.55324500030551, 39.27959700022233], [-77.55328200011544, 39.27996699975643], [-77.55330200020693, 39.28015700009208], [-77.55362000022426, 39.28070600001061], [-77.55367600030074, 39.28076100031249], [-77.55387399976915, 39.2811119997932], [-77.55415599980145, 39.28143100020659], [-77.55443899965867, 39.28162899987636], [-77.55479199983608, 39.28180400015105], [-77.55505999962469, 39.2818980000903], [-77.55563999958284, 39.28203999999597], [-77.55568499978867, 39.28204199976736], [-77.55603499959305, 39.28206200025919], [-77.55632500002125, 39.28219400030281], [-77.55662200012218, 39.28239199990182], [-77.55721499960079, 39.282732000225316], [-77.55768099975612, 39.28311100011317], [-77.55809099983495, 39.28355000025436], [-77.55874799978598, 39.284109999811335], [-77.55959499970781, 39.28496699992056], [-77.56054899975976, 39.285740999988526], [-77.56069000022507, 39.28595999989432], [-77.56086000010438, 39.286345000033904], [-77.56107600001445, 39.28690100022765], [-77.5613470001761, 39.287595999824894], [-77.56140400007752, 39.287837999830444], [-77.56158700037561, 39.28800199999662], [-77.56165799962241, 39.288277000240015], [-77.56170000035353, 39.28858399971649], [-77.56174499966104, 39.2892439999541], [-77.561748999859, 39.289304999891684], [-77.5617620002778, 39.28949100011422], [-77.56176399992762, 39.28951799971298], [-77.56179200041504, 39.289539999713114], [-77.56177800017132, 39.28959400025291], [-77.56185099996625, 39.28984000009947], [-77.56194800005062, 39.290164999705], [-77.56200400012715, 39.290660000067255], [-77.56200699960186, 39.29075999989819], [-77.56201099979982, 39.29084600016698], [-77.56197700036296, 39.29107000027423], [-77.561965999594, 39.29111199977999], [-77.56194600040081, 39.29124100019035], [-77.56192999960898, 39.29131100034047], [-77.56192600030933, 39.291380999725426], [-77.56187100005774, 39.29167499999319], [-77.5618540003393, 39.291774000018364], [-77.5618540003393, 39.291790000135684], [-77.56185500016421, 39.29183900021158], [-77.56185599998913, 39.29185600005966], [-77.56182800040004, 39.29187800002046], [-77.56174200018631, 39.29223599967564], [-77.56166500019341, 39.29255899981348], [-77.56169399960741, 39.292865999983974], [-77.56180699958533, 39.293064000002666], [-77.56202500004353, 39.29333000022787], [-77.56203300043944, 39.29333899983363], [-77.56233600038814, 39.29358900000675], [-77.56236200032741, 39.293609999702554], [-77.56244299961995, 39.29367599999667], [-77.56247000028246, 39.293698000080866], [-77.56251299994015, 39.293733999698134], [-77.56258900010815, 39.29385800016934], [-77.56264000016178, 39.29394199998255], [-77.56274599956866, 39.29421699984118], [-77.56276999985812, 39.29442900030694], [-77.56277499988097, 39.29446899977193], [-77.56277999990385, 39.29463100029129], [-77.56280300036838, 39.29545799971504], [-77.56278599975163, 39.29557200020862], [-77.56264000016178, 39.29656700002074], [-77.56240699963496, 39.29763199968284], [-77.5623129999236, 39.2983580001961], [-77.56229399965703, 39.298510000078096], [-77.56225199982424, 39.2987020001525], [-77.56209199999068, 39.29927400004799], [-77.56208199994492, 39.299306000327], [-77.56208000029511, 39.29931499985977], [-77.56206100002852, 39.299383000308495], [-77.56170799985114, 39.3003049997915], [-77.56168000026203, 39.30049200030739], [-77.56170299982826, 39.30087699979658], [-77.56171500042213, 39.30106299986543], [-77.56182800040004, 39.3014689998089], [-77.56202599986842, 39.302051000205616], [-77.56225900039524, 39.30252300027499], [-77.56261199967437, 39.30303899980774], [-77.56282400028478, 39.30329200023649], [-77.56324799970899, 39.303769000241594], [-77.56432999980747, 39.30472399979285], [-77.5644240004171, 39.30478899977997], [-77.5649800000858, 39.30517399996323], [-77.56560199987673, 39.30554800019858], [-77.56581000028919, 39.30565199989775], [-77.56584000042642, 39.30566700007553], [-77.56592999993978, 39.305711999894484], [-77.56596099990195, 39.30572800030198], [-77.56659799976147, 39.30604699979983], [-77.56709300022912, 39.306234000267615], [-77.56784200024165, 39.306442000252964], [-77.56833599998608, 39.30648100026827], [-77.5687319998212, 39.30643699978601], [-77.5687529997376, 39.306447000024455], [-77.56933400041895, 39.306346000122666], [-77.56963599964443, 39.3062939997654], [-77.57123300030203, 39.306113000185526], [-77.57193999958346, 39.306014000278765], [-77.57237099957867, 39.30592000004105], [-77.57359999999025, 39.30557999969473], [-77.57420800043577, 39.305464999960215], [-77.5745900000272, 39.305432000164686], [-77.57563500031576, 39.30539800010632], [-77.57730300022014, 39.305217000294554], [-77.57864600043453, 39.30516700029476], [-77.57922499966944, 39.30507999998754], [-77.57978700008422, 39.30493000028243], [-77.5802990002703, 39.304793999669556], [-77.58139399988924, 39.30432700024014], [-77.58193100018967, 39.304172999947504], [-77.58200200033478, 39.304140000237915], [-77.5825100003229, 39.30377199966302], [-77.58298800017378, 39.30351600014677], [-77.58310399962643, 39.30345399980269], [-77.58345699980384, 39.30333299978024], [-77.58378200039218, 39.303310999943285], [-77.5843899999394, 39.30301399972945], [-77.5849950000119, 39.30287300023301], [-77.58554800020586, 39.30274499999056], [-77.58585199997945, 39.30265699986191], [-77.58633200037848, 39.3024809999678], [-77.58751900005895, 39.3019599997055], [-77.58816900033729, 39.30175100000349], [-77.58877699988452, 39.301590999879664], [-77.58917299971964, 39.30152500009572], [-77.58963899987496, 39.30148099997345], [-77.59076899965402, 39.30143199969413], [-77.59114799977068, 39.30137200019919], [-77.59147599983375, 39.301322000233185], [-77.5924220003881, 39.301233999705794], [-77.5926199998565, 39.30120100000081], [-77.59322800030205, 39.30119500024237], [-77.5932669997618, 39.301199000081404], [-77.5939770003146, 39.301272000231485], [-77.59507899960622, 39.301502000082635], [-77.59572999970946, 39.30163899974668], [-77.59621000010848, 39.30167199994026], [-77.59724199997825, 39.301643999861284], [-77.59759500015566, 39.301677000052514], [-77.59851300022262, 39.30181900017125], [-77.59919199991495, 39.30188499967804], [-77.59980000036049, 39.302044000224825], [-77.60054199980202, 39.30214399978479], [-77.60060499955121, 39.30215300034293], [-77.60124099958584, 39.30235099981715], [-77.6018630002751, 39.30251000000053], [-77.60228699969932, 39.30255299988319], [-77.60233000025532, 39.302554999763906], [-77.6023419999509, 39.302554999763906], [-77.60238100030895, 39.30255700033975], [-77.60239399982943, 39.302557999932496], [-77.60262900000608, 39.30256699974227], [-77.60279600041063, 39.302574999958395], [-77.60332299976702, 39.3026940000243], [-77.60355399974571, 39.30274699986584], [-77.60357300001228, 39.302751000311275], [-77.6036099998222, 39.30276599972058], [-77.60377600040185, 39.302836000165236], [-77.60383199958005, 39.30286000002356], [-77.60386799956505, 39.30287500010458], [-77.60397600041841, 39.30292099991598], [-77.60401499987815, 39.30292999967912], [-77.60404800038842, 39.30294799989698], [-77.60414899977245, 39.30296100009008], [-77.60418300010764, 39.30296900026117], [-77.60439999984263, 39.30301899974584], [-77.6044340001778, 39.30303199992576], [-77.60483800040886, 39.30319499967742], [-77.60514899985517, 39.30332599992766], [-77.60538300020688, 39.30345099967256], [-77.60540800032123, 39.30346399977224], [-77.605482999766, 39.3035030000568], [-77.60550799988036, 39.30351699972587], [-77.6056440003228, 39.303590000238906], [-77.60592700018002, 39.30371000024079], [-77.60617599970205, 39.303746000270785], [-77.60626600011372, 39.30375999989125], [-77.60675999985814, 39.30373699991743], [-77.60695800022485, 39.30368200028194], [-77.60716999993696, 39.30356200023204], [-77.60732499974768, 39.30341899989814], [-77.60733899999137, 39.303209999686665], [-77.60738199964906, 39.30317700021818], [-77.60766399968138, 39.30315500033214], [-77.6078620000481, 39.30317700021818], [-77.60794700043691, 39.30313299974409], [-77.60793900004099, 39.303078999914405], [-77.6079189999495, 39.30292400006889], [-77.60793999986589, 39.30289200005354], [-77.60806700008752, 39.302885999744895], [-77.60828600037064, 39.30302899977753], [-77.60835699961743, 39.30300699984497], [-77.6083979996253, 39.30296999984808], [-77.60850499975543, 39.30287500010458], [-77.60853300024283, 39.30256699974227], [-77.60861799973333, 39.30247900008497], [-77.60873099971123, 39.3024460002718], [-77.60925399976797, 39.302467999685554], [-77.609734000167, 39.302578000126125], [-77.61008800016931, 39.30261099987701], [-77.61035599995793, 39.30261599992219], [-77.61066700030254, 39.302593999859816], [-77.61069499989162, 39.302627000298294], [-77.61061000040114, 39.30267099970019], [-77.61048300017951, 39.30270400010237], [-77.61031800032309, 39.30271799993125], [-77.61005899985699, 39.30274199983003], [-77.6100170000242, 39.302775000198736], [-77.61003100026792, 39.30286300017902], [-77.61037799969922, 39.30309899995917], [-77.61071699963294, 39.30325299983436], [-77.61111300036637, 39.30330700022493], [-77.61129599976617, 39.30340599979011], [-77.61139500039869, 39.30340599979011], [-77.61196100011313, 39.30337299971889], [-77.61225700038914, 39.303317999797365], [-77.61245499985753, 39.30319099995245], [-77.61256799983545, 39.3030269999103], [-77.61268800038435, 39.30292799980908], [-77.61281499970765, 39.30287300023301], [-77.61321100044108, 39.30281799991859], [-77.6136909999418, 39.30269700018688], [-77.61398800004272, 39.302685999821726], [-77.61453899968852, 39.30275699993634], [-77.61490600010964, 39.30273499991834], [-77.61506199974527, 39.30271299989342], [-77.61564099987848, 39.302559000220356], [-77.61591000039031, 39.30254799983351], [-77.61638999989103, 39.302634999812476], [-77.61661599984683, 39.302695000310216], [-77.61682799955894, 39.30278299969596], [-77.61709700007077, 39.3029370002664], [-77.61723099996507, 39.30297999988673], [-77.61795200038854, 39.303122999727314], [-77.61810800002412, 39.30317799980206], [-77.6183740001629, 39.303304999670566], [-77.61884299979297, 39.303529000234384], [-77.61964899970692, 39.30385199971079], [-77.62024000043402, 39.30402700006135], [-77.62042600020685, 39.30408200012088], [-77.62057500016977, 39.30411900022506], [-77.62128200034951, 39.30429399990805], [-77.62163899982659, 39.30438300032573], [-77.62228499990695, 39.3047459998808], [-77.62252500010648, 39.304832999908086], [-77.6226330000615, 39.30485800003178], [-77.62299200008671, 39.30494300010741], [-77.62334500026412, 39.305018999891374], [-77.62443999988307, 39.30507899973565], [-77.62463099967877, 39.3051339996636], [-77.6247160000676, 39.30512299968151], [-77.62482099964956, 39.305137999972665], [-77.6253510002773, 39.30535799993477], [-77.62547799960059, 39.30539099976514], [-77.62661599977558, 39.305802999687124], [-77.62732200013042, 39.30592400030513], [-77.62783099994344, 39.3059679997197], [-77.62826899961135, 39.30608900005249], [-77.62853700029827, 39.30621000017602], [-77.62863600003247, 39.30628700020895], [-77.62873499976668, 39.30644100002059], [-77.629060000355, 39.30667100026377], [-77.62948399977923, 39.30682000018105], [-77.63009100039986, 39.307117000231365], [-77.63024700003544, 39.307214999746726], [-77.63042299976254, 39.307359999714166], [-77.63076900026728, 39.30764199980682], [-77.63086800000147, 39.30768600022651], [-77.63092499990287, 39.307718999654334], [-77.63110800020098, 39.307718000135296], [-77.63138100001247, 39.30776599997097], [-77.63141799982239, 39.30777300007458], [-77.6319409998791, 39.307921000214726], [-77.63227999981282, 39.30793199975706], [-77.63271800037906, 39.30788899970373], [-77.63281700011325, 39.307845000106695], [-77.63301600030489, 39.30771299975952], [-77.63324200026071, 39.30764700018762], [-77.63348300028512, 39.30760500017493], [-77.63385700037894, 39.30762400010103], [-77.63392099995303, 39.30762700005234], [-77.63416100015256, 39.30767099978643], [-77.63425999988677, 39.30775899986665], [-77.63428800037414, 39.3078899999154], [-77.63432900038204, 39.30794000005504], [-77.63445599970534, 39.30801700026975], [-77.63454100009416, 39.30803900001766], [-77.63459799999556, 39.30803900001766], [-77.63479600036226, 39.30798400028742], [-77.6351500003646, 39.30779799984312], [-77.63530600000021, 39.30777600001946], [-77.63565900017763, 39.307787999797775], [-77.63674700012388, 39.30797499978402], [-77.63757700032728, 39.308036000083995], [-77.63814600041476, 39.30807700032419], [-77.63835800012686, 39.30809199998221], [-77.6393189998515, 39.30821300011803], [-77.63951899986806, 39.30824599999238], [-77.63968600027263, 39.30827300000442], [-77.64022799969761, 39.308396000236186], [-77.64040500014795, 39.3084370002654], [-77.64074599973148, 39.30851500013602], [-77.64107399979454, 39.308568999942054], [-77.64160100004923, 39.30865799978884], [-77.64182700000504, 39.30871299968444], [-77.64222299984014, 39.30876299993114], [-77.64271699958458, 39.30878500013959], [-77.64310400009717, 39.30877400003621], [-77.64351599982582, 39.30876299993114], [-77.6437810001397, 39.308705000169915], [-77.64378399961441, 39.30871999969334], [-77.64379299983526, 39.30876000002857], [-77.64379799985814, 39.30878500013959], [-77.64382700017045, 39.308781000039], [-77.6439159998589, 39.30876999993503], [-77.64394599999613, 39.308767000032766], [-77.64397299976031, 39.30876299993114], [-77.644055999601, 39.30875300002368], [-77.64408400008838, 39.30875000012064], [-77.6441059998297, 39.308771000134115], [-77.6441819999977, 39.30881400034058], [-77.64420700011206, 39.30883000003889], [-77.64422800002845, 39.30883899973728], [-77.64425700034076, 39.30884999983041], [-77.64434600002922, 39.30888400029692], [-77.64441100032653, 39.308908999668574], [-77.64446300020509, 39.30892900013259], [-77.64462499968847, 39.30903299967295], [-77.64476600015378, 39.309076999913145], [-77.64486400006308, 39.309086999774294], [-77.64536000035562, 39.309143000221574], [-77.64561399990053, 39.309208999772686], [-77.64571299963472, 39.30925299990221], [-77.64615000037605, 39.3093590000375], [-77.64620800010238, 39.30937400011582], [-77.64656700012758, 39.30949999967358], [-77.64691899958176, 39.309624000020776], [-77.6471119999256, 39.30969200018516], [-77.64749400041534, 39.3098960002819], [-77.64791700001463, 39.31008200001529], [-77.64793999958086, 39.310087000221756], [-77.64830299980402, 39.310179000065], [-77.64835499968255, 39.31019200030509], [-77.64866600002718, 39.31023599981654], [-77.64936200033627, 39.31039200032577], [-77.64940099979601, 39.31040099982325], [-77.65019300036458, 39.310603999765334], [-77.6508989998211, 39.31084600017651], [-77.65230599960957, 39.3116880001458], [-77.65323399972225, 39.312243999954916], [-77.6533500000732, 39.31231299980685], [-77.65352400015048, 39.312404000051465], [-77.65395799962043, 39.312630999725684], [-77.65438799979074, 39.31289699996837], [-77.65443800001945, 39.312928000134654], [-77.65467900004388, 39.313058000099545], [-77.65551900029303, 39.313509999765614], [-77.65631099996327, 39.31382299986524], [-77.65649400026136, 39.3138889998674], [-77.65669099990487, 39.313942999696444], [-77.6586430003897, 39.31448799975703], [-77.65879800020039, 39.314553999826906], [-77.65936300008993, 39.31471799996258], [-77.65966000019083, 39.3148389997611], [-77.66001300036825, 39.31494900021778], [-77.66110100031452, 39.31537199992659], [-77.66201299963535, 39.315658000104314], [-77.6628889998695, 39.31589900031358], [-77.66299000015184, 39.315937999923364], [-77.66384999959415, 39.31626699966875], [-77.66445800003969, 39.31656399993326], [-77.66502499957903, 39.31678400011421], [-77.66507999983061, 39.316804999801526], [-77.66645999985491, 39.31759199982099], [-77.666535000198, 39.31763500016656], [-77.66724900005043, 39.31811800009922], [-77.66760200022786, 39.318392000128135], [-77.66836499958576, 39.31907299981547], [-77.66851199989887, 39.31922599993229], [-77.6687470000755, 39.31946799971087], [-77.66919200031442, 39.31987499994603], [-77.66950299976074, 39.32022600002634], [-77.66979999986165, 39.32051699997518], [-77.67010899965814, 39.32089699967161], [-77.6703370001621, 39.321176000043685], [-77.67039300023859, 39.32127500004277], [-77.67100099978582, 39.3216920003328], [-77.67139699962094, 39.32187899999213], [-77.67155900000266, 39.32195500014556], [-77.67158800031496, 39.32195500014556], [-77.67194099959407, 39.32217500005117], [-77.67256599975805, 39.32244400015469], [-77.67279599991181, 39.322542999749004], [-77.67335400012865, 39.322805999836646], [-77.6742730000205, 39.32346499988247], [-77.67473900017582, 39.323914999753306], [-77.67506399986581, 39.32414600021633], [-77.67510599969863, 39.324177000262544], [-77.67518500023965, 39.32423399972879], [-77.67546700027195, 39.32436000032254], [-77.67586999977978, 39.324449000235575], [-77.67606099957548, 39.32449199984067], [-77.6761879997971, 39.32450300025257], [-77.67644300006522, 39.324524999681294], [-77.67646399998162, 39.32451499994185], [-77.67680999958803, 39.32455800020127], [-77.67702899987114, 39.324540999956405], [-77.67716399959036, 39.32453400014049], [-77.67735100008642, 39.32452299973352], [-77.67744599962266, 39.32451799986383], [-77.67772900037818, 39.32450300025257], [-77.67791500015105, 39.32447800019843], [-77.67810099992387, 39.3244540001102], [-77.67822300012261, 39.32443699984011], [-77.67826599978031, 39.32443199996422], [-77.67858700017067, 39.324359000346256], [-77.67860499971404, 39.324354999746234], [-77.67871000019433, 39.324342000053065], [-77.67880999975344, 39.32432899966252], [-77.67890900038596, 39.32431599996448], [-77.67917100032678, 39.324278000138385], [-77.67938899988665, 39.32423399972879], [-77.67994100025571, 39.32412399997347], [-77.68114300000478, 39.323986999853126], [-77.68117099959389, 39.32396500025518], [-77.68142400021217, 39.323929000203215], [-77.681722000138, 39.32388800021799], [-77.68207600014033, 39.32372899996314], [-77.68223799962372, 39.32361900010853], [-77.68307899969777, 39.32289500033728], [-77.68343299970012, 39.32270799991956], [-77.68386399969533, 39.32239999998122], [-77.68406200006206, 39.322224999712084], [-77.68423100011644, 39.32203800028287], [-77.68457000005017, 39.321752999793496], [-77.68489399991526, 39.32142800020792], [-77.68503700003039, 39.32128600026562], [-77.68617500020537, 39.32039700030059], [-77.68649999989537, 39.320198999761935], [-77.68803999975326, 39.31963400022933], [-77.68843599958836, 39.319512999689415], [-77.68864800019878, 39.319468999757035], [-77.68902999979021, 39.31942499979702], [-77.68951000018923, 39.31939799991842], [-77.69006199965996, 39.31934300008199], [-77.69019599955426, 39.319309999881355], [-77.6905350003863, 39.319189000170915], [-77.6909870002979, 39.31895800001616], [-77.69200499992397, 39.31861200012036], [-77.69254200022439, 39.31850299992322], [-77.69300800037972, 39.318437000103884], [-77.69367299982837, 39.318415000150246], [-77.69426600020529, 39.31845299968671], [-77.6946200002076, 39.318497000258134], [-77.69514900011214, 39.318506000103056], [-77.69524199999854, 39.318508000222934], [-77.69569399991016, 39.31846399965841], [-77.6960760003999, 39.31845299968671], [-77.69674000002362, 39.318545999708874], [-77.69737600005826, 39.31874400006155], [-77.6979979998492, 39.318897000202966], [-77.69828099970641, 39.31892999990345], [-77.69874299966375, 39.31895599990915], [-77.69887400008334, 39.31896300028329], [-77.69932699981986, 39.31906700019927], [-77.6994070001858, 39.31909500025715], [-77.6999200001968, 39.31927600031127], [-77.70136399979519, 39.31967800005793], [-77.70137600038908, 39.31968200023049], [-77.70201300024863, 39.3198879997745], [-77.702138999747, 39.31992900001958], [-77.70288799975954, 39.32012799996929], [-77.70324900033289, 39.320224999991], [-77.703785999735, 39.320389000037004], [-77.70456400005985, 39.32064699973791], [-77.70483199984845, 39.320767999706185], [-77.70625999955334, 39.32129499975177], [-77.70689599958799, 39.321491999950624], [-77.70727800007771, 39.321629000093424], [-77.70767399991283, 39.32172800014626], [-77.70808399999164, 39.32174999975292], [-77.70829599970375, 39.32172800014626], [-77.70909300029518, 39.32151799969908], [-77.70934400036536, 39.321454999997954], [-77.70942899985585, 39.32144499981953], [-77.70967499990314, 39.32147000026282], [-77.7098690000719, 39.32148499982962], [-77.71022100042443, 39.32141800002565], [-77.71040399982421, 39.32135100015756], [-77.7105720000537, 39.32135100015756], [-77.71082599959858, 39.32139200024002], [-77.71095600019326, 39.321401999731066], [-77.7111079996309, 39.321413999952355], [-77.71123599967741, 39.32143599965773], [-77.71137700014273, 39.32151300030949], [-77.71147599987694, 39.32153499998376], [-77.71158899985484, 39.32153499998376], [-77.71170199983274, 39.32151300030949], [-77.71194200003225, 39.321425000153404], [-77.7122130001939, 39.32139000020266], [-77.71223900013318, 39.32138700014651], [-77.71225800039974, 39.32138600012777], [-77.71239399994387, 39.321382000052644], [-77.71243999997462, 39.321381000033824], [-77.71290600012995, 39.32136699976885], [-77.7130299999785, 39.32136399971172], [-77.71346900036964, 39.32129799981187], [-77.71363800042404, 39.32125500032798], [-77.71372299991455, 39.321211000101464], [-77.71402000001547, 39.32125400030735], [-77.71407600009195, 39.321287000285785], [-77.71427000026071, 39.32132699969129], [-77.71428799980406, 39.32133099976956], [-77.71473600041604, 39.32129799981187], [-77.71479699961709, 39.32129299971163], [-77.71499499998382, 39.32124900020398], [-77.71526399959733, 39.321226999744844], [-77.71554599962964, 39.32118300019567], [-77.71558900018566, 39.3211500001681], [-77.715570999744, 39.32096499999934], [-77.71556700044435, 39.32091900023454], [-77.71561000010205, 39.32086400020408], [-77.71579400022507, 39.32081999973161], [-77.71633099962719, 39.320842000318805], [-77.71688200017131, 39.32080299996811], [-77.71729200025015, 39.32084699975632], [-77.71741199990073, 39.320886000082474], [-77.71775500003241, 39.32098299974799], [-77.71785700013966, 39.321011999758], [-77.71843700009781, 39.32108800015854], [-77.71862100022082, 39.32114400003509], [-77.71876199978782, 39.321187000282166], [-77.71889900005517, 39.32121400016521], [-77.71898299972075, 39.32123099982883], [-77.71920700002674, 39.32127500004277], [-77.71951900019627, 39.32131400013024], [-77.71955099998333, 39.32126899992043], [-77.71970800034217, 39.32108800015854], [-77.71990300033583, 39.32090399985145], [-77.72014600001008, 39.320224999991], [-77.72035400042255, 39.319666000233774], [-77.72059399972375, 39.31927400021342], [-77.72078299986963, 39.31897700033444], [-77.72163800018737, 39.31849400007792], [-77.72238800002484, 39.31814200027649], [-77.72276100029373, 39.31819500023352], [-77.72313600021245, 39.31806400001761], [-77.72336600036624, 39.317947999881625], [-77.72366000009409, 39.31774799991434], [-77.72416399988424, 39.3176219999194], [-77.7249899998897, 39.317548000070325], [-77.72563599997007, 39.317637999688635], [-77.72590600030681, 39.31767500027035], [-77.72655800023496, 39.31739300030178], [-77.72736099977585, 39.31703500003491], [-77.7279559998026, 39.31659200029796], [-77.72825799992641, 39.31637200020824], [-77.72874499999813, 39.316292999969285], [-77.72897500015188, 39.316058000297055], [-77.7295659999807, 39.3158540000953], [-77.73069699958464, 39.315603000107465], [-77.73109699961773, 39.31525500008555], [-77.73134199984011, 39.31491600002945], [-77.73216700002062, 39.314116000283974], [-77.73268800042754, 39.31376699968827], [-77.73421900006458, 39.31305400024321], [-77.73476700023568, 39.31268599997377], [-77.7348950002822, 39.31256999995598], [-77.73511799986494, 39.31219599971562], [-77.73541099976791, 39.311969000020255], [-77.73551799989804, 39.31187100021197], [-77.73627799978122, 39.31059999976876], [-77.73663099995863, 39.31007399996219], [-77.73666699994364, 39.31001999992742], [-77.73692999970939, 39.30962699988634], [-77.73763199986625, 39.308990000296085], [-77.73801799965564, 39.308488000217395], [-77.73810399986935, 39.30840399978604], [-77.73841000019111, 39.308190999729746], [-77.7390780000128, 39.30714699995572], [-77.73952200042679, 39.306382000186964], [-77.73993800035342, 39.30558500022286], [-77.73997400033844, 39.30551499974712], [-77.74062200006863, 39.30466799998011], [-77.7409939996143, 39.303677000312916], [-77.74121000042268, 39.30319400009373], [-77.74136600005828, 39.30284499993931], [-77.74185899997778, 39.30186800017966], [-77.74214900040602, 39.3013650001505], [-77.74282200025057, 39.30054900030209], [-77.74322200028365, 39.300103000189615], [-77.74382999983088, 39.299181999772564], [-77.7446330002701, 39.29841699984189], [-77.74659099970441, 39.296002999830094], [-77.74708000032426, 39.29544100004632], [-77.74758699958915, 39.294834000091065], [-77.74788600023821, 39.29441899974194], [-77.74829499959381, 39.29369599994711], [-77.74895999994077, 39.29196799997787], [-77.74971499980107, 39.29049800009375], [-77.75026700017013, 39.28928400029533], [-77.75041600013304, 39.288877999907996], [-77.75067899989878, 39.288134999768786], [-77.75125700020709, 39.28683300017077], [-77.75183899981505, 39.28490300014653], [-77.75272599991985, 39.28337299974128], [-77.75309400016589, 39.2817990000102], [-77.75306900005152, 39.28126699995099], [-77.75335699993161, 39.28033099996205], [-77.75324200030389, 39.27942000015065], [-77.75328999998446, 39.2789099999657], [-77.75328300031175, 39.27879999988897], [-77.75325200034962, 39.27840100017768], [-77.75317600018164, 39.27828299978753], [-77.7530599998307, 39.27797099994359], [-77.75298500038592, 39.277767999936366], [-77.75306200037883, 39.27749100025193], [-77.75310500003653, 39.27733999989488], [-77.7531860002274, 39.277207999744434], [-77.75345400001599, 39.27684100012113], [-77.75357700003964, 39.27666999981438], [-77.75404900004274, 39.2760300001267], [-77.75476500044331, 39.275692999886324], [-77.75480599955289, 39.27564800024333], [-77.75519600043854, 39.27521699981842], [-77.75541200034861, 39.27504399974928], [-77.75562700043376, 39.27487099994832], [-77.75583300029808, 39.27470499965331], [-77.7560249999187, 39.27456900013229], [-77.75688799973406, 39.27406100009818], [-77.75707100003217, 39.27379499970352], [-77.75720099972851, 39.27361000022448], [-77.75740999996587, 39.27325800000213], [-77.75765699983809, 39.27284699982015], [-77.7579670003578, 39.272251999749095], [-77.75804299962748, 39.27181899992931], [-77.75804299962748, 39.27167700016869], [-77.75802400025921, 39.271435999999554], [-77.75804600000052, 39.27138800029105], [-77.75806500026708, 39.27122999971445], [-77.75807899961247, 39.271126999692534], [-77.75812700019138, 39.270792000302805], [-77.75815999980333, 39.27056099967233], [-77.7581919995904, 39.27033199977689], [-77.75819599978834, 39.27030300032597], [-77.75825299968976, 39.27012699977933], [-77.75839199960691, 39.269700999779744], [-77.7584610001022, 39.26948800019972], [-77.75861500008799, 39.26901299977765], [-77.75875400000517, 39.26858399972754], [-77.75882400032536, 39.26836799998734], [-77.75889399974726, 39.26815299966533], [-77.75890100031828, 39.26813099990249], [-77.75879800038611, 39.26799600022651], [-77.75875300018025, 39.26791400006975], [-77.75856300020946, 39.26763699967871], [-77.75855499981355, 39.26701999976835], [-77.7583759997134, 39.26667399976016], [-77.75812499964324, 39.26618599967518], [-77.75810600027498, 39.26614999980795], [-77.75818200044294, 39.265861000087945], [-77.75837999991136, 39.26508600001954], [-77.75846500030018, 39.26495300030131], [-77.7586519998979, 39.264657999711716], [-77.75907100019758, 39.2642550002828], [-77.75958900023144, 39.26375900026586], [-77.75962199984339, 39.26374199985809], [-77.7599459997085, 39.26358299997704], [-77.7609030001335, 39.263760999863536], [-77.7610930001043, 39.263796000116216], [-77.76114199960979, 39.26373000018148], [-77.76121699995285, 39.2637210002488], [-77.76176799959866, 39.26303100034609], [-77.76182600022332, 39.262814000024065], [-77.76192599978243, 39.2625889998109], [-77.76217000017989, 39.262042000163], [-77.76217699985258, 39.262019999872955], [-77.76230900009706, 39.26160300018337], [-77.7623669998234, 39.26137099968738], [-77.76245600041015, 39.261274999665275], [-77.76258100008363, 39.26121099980935], [-77.76284100037462, 39.260994000112866], [-77.76290699959856, 39.26093900029143], [-77.76311199963797, 39.26043199971535], [-77.76311300036119, 39.26035399983632], [-77.76311500001101, 39.260130000271836], [-77.76296100002523, 39.25983100013531], [-77.76286999978863, 39.259658999846465], [-77.76287099961354, 39.25957499995641], [-77.76276100000868, 39.25922799984909], [-77.76275900035886, 39.25918799973433], [-77.76290400012381, 39.258416000282274], [-77.76292800041325, 39.25827300026688], [-77.76343399985323, 39.258070000230475], [-77.76366499983192, 39.25797800008204], [-77.76373099995416, 39.257951000151714], [-77.76387300024439, 39.257948000158805], [-77.76434500024749, 39.25793799994965], [-77.76515600018429, 39.257921000216875], [-77.76521499973553, 39.257919999986925], [-77.76568199971578, 39.257777999887324], [-77.76582700037905, 39.25776700011742], [-77.76639700029143, 39.25772099985949], [-77.76728000019828, 39.25780799988336], [-77.76762400015485, 39.257777999887324], [-77.7678800002479, 39.25764200020806], [-77.76799700042375, 39.25758000028715], [-77.7683239997636, 39.257251000182244], [-77.76837399999232, 39.257188999915556], [-77.7687539999339, 39.256438999975465], [-77.76895899997332, 39.2564579998736], [-77.76898400008768, 39.256459999679535], [-77.76932300002139, 39.25649099979425], [-77.76985799977368, 39.256407000281826], [-77.77010200017115, 39.25636899975717], [-77.77026100017981, 39.25598399974194], [-77.77028100027131, 39.2559770000256], [-77.77031700025631, 39.2558759996687], [-77.7703649999369, 39.25574400012616], [-77.77066899971051, 39.25526199998111], [-77.77066399968763, 39.25503899972082], [-77.77066100021291, 39.25400999988188], [-77.77083299974204, 39.25374000013253], [-77.77087899977279, 39.253670000002], [-77.77083799976491, 39.25361300011241], [-77.77059400026576, 39.253272000098114], [-77.77059400026576, 39.252226999958594], [-77.77062299967976, 39.25166099965446], [-77.77066600023576, 39.250811999675484], [-77.77067399973338, 39.25076399975559], [-77.77087600029806, 39.24976000010328], [-77.77093700039742, 39.249445999871995], [-77.76979900022246, 39.24945100023452], [-77.7685420002218, 39.249542999745685], [-77.76727600000032, 39.24975099976836], [-77.76722699959652, 39.249009000340656], [-77.76737999975738, 39.2486519999713], [-77.76781199957752, 39.24808199994035], [-77.76823099987718, 39.246699000160625], [-77.76805000012722, 39.24554100023358], [-77.76877800022335, 39.2449319997828], [-77.7689210003385, 39.244621999788805], [-77.76927699999064, 39.24389999991787], [-77.7699280000939, 39.24293599976491], [-77.76985699994879, 39.242167999907075], [-77.77018500001185, 39.24118000018861], [-77.77021699979889, 39.24106099997085], [-77.77023299969241, 39.24087599966994], [-77.77024399956306, 39.24055200011104], [-77.77026000035491, 39.24007800030224], [-77.77042100001339, 39.23931999984972], [-77.77046700004415, 39.23910399969357], [-77.77097599985717, 39.23823399979087], [-77.77111700032248, 39.238047000052894], [-77.77112399999518, 39.23801699995178], [-77.77098199970496, 39.23747399993994], [-77.77136500001959, 39.23649299978489], [-77.77240399956204, 39.23580799974765], [-77.77322700009275, 39.23504700019671], [-77.7732589998798, 39.23501700020435], [-77.77365999973779, 39.23449199965409], [-77.77367999982928, 39.234466000290816], [-77.77367999982928, 39.23443500018098], [-77.7736890000501, 39.2339289998864], [-77.77369300024807, 39.23373099974588], [-77.77391800037896, 39.23363600003186], [-77.7741610000532, 39.233535000202146], [-77.7747800003694, 39.23301700031322], [-77.7749410000279, 39.232722000342555], [-77.77520899981648, 39.23246799979637], [-77.77577200005621, 39.232189000111994], [-77.77586800031567, 39.23214099997215], [-77.77667500005452, 39.231316000308254], [-77.77711600009549, 39.23053199969935], [-77.77712699996614, 39.230500999939046], [-77.77740300015066, 39.22973899995404], [-77.77741599967113, 39.229702000224485], [-77.77758499972553, 39.229739999890015], [-77.77770600009937, 39.22976499967711], [-77.77799399997947, 39.22983100026903], [-77.77889299977983, 39.229919000033895], [-77.77924299958418, 39.229749999945085], [-77.77933499964568, 39.229705000033995], [-77.77986100007548, 39.22932300029145], [-77.78062699980646, 39.22890600030267], [-77.78079900023391, 39.2287209999597], [-77.78138099984186, 39.22800900026955], [-77.7816079996226, 39.22760900025367], [-77.78166299987417, 39.227497999725095], [-77.78163899958471, 39.22719199982271], [-77.78131899991759, 39.22686099986115], [-77.78125500034346, 39.226799999845035], [-77.78129700017628, 39.22674600032268], [-77.7817630003316, 39.226152000051464], [-77.7823549999853, 39.2253980001493], [-77.7830160001343, 39.224873000006234], [-77.78353499999307, 39.224188999981315], [-77.78363999957504, 39.22408099966107], [-77.78416699982974, 39.223525000047715], [-77.78436799967119, 39.22324200018664], [-77.78438600011286, 39.223217000163686], [-77.7846999999322, 39.2227759999381], [-77.78585800019864, 39.2220529999838], [-77.78632199980584, 39.22180700018701], [-77.78646800029404, 39.22150399999091], [-77.78650299955581, 39.22147199966874], [-77.78649300040838, 39.2214349997565], [-77.7864459996544, 39.22140200004402], [-77.78622899991943, 39.22125999977573], [-77.78624999983583, 39.22115399993714], [-77.78628400017101, 39.220985999681176], [-77.78616100014737, 39.22046999986091], [-77.78610300042105, 39.22031799978952], [-77.78597700002436, 39.21998199974579], [-77.78596000030592, 39.219872999835594], [-77.78592699979562, 39.21966599968715], [-77.78612900036032, 39.219494999800105], [-77.78621700022386, 39.21943499972878], [-77.78627099975223, 39.219340000149], [-77.78649199968515, 39.21894900025398], [-77.78678299993828, 39.21859599970464], [-77.78747500004944, 39.21747700027771], [-77.7877129997008, 39.21701499981098], [-77.78791600009038, 39.216762999730264], [-77.78810299968812, 39.21646100015992], [-77.7883100002757, 39.21616799975924], [-77.78847000010924, 39.215786000115685], [-77.78859399995781, 39.21547899982323], [-77.78884099983003, 39.21486500008326], [-77.78897999974718, 39.214779999987464], [-77.78955899988041, 39.214339999811855], [-77.79049200001599, 39.21354499984279], [-77.79153300010657, 39.21252600005286], [-77.79197099977449, 39.212253000161034], [-77.79208299992747, 39.212112999858384], [-77.79266299988562, 39.21138799966728], [-77.7931130001474, 39.21029500018366], [-77.7929859999258, 39.21022099969546], [-77.7928029996277, 39.2096890000418], [-77.79278300043454, 39.209628999943114], [-77.79263199992349, 39.20899800010471], [-77.79291899997865, 39.20863000026873], [-77.79299400032173, 39.20853300021025], [-77.79339000015685, 39.20817599991746], [-77.79360100004403, 39.20762299968919], [-77.79395599987129, 39.207090000282456], [-77.7942889999572, 39.2065649996563], [-77.79466300005103, 39.20598799965353], [-77.79482500043274, 39.20572099968148], [-77.79495799960381, 39.20550299996318], [-77.79530300028362, 39.204787000285236], [-77.79572800043105, 39.204136999960014], [-77.79618000034267, 39.20346899987208], [-77.79667800028504, 39.20251300030378], [-77.79677100017147, 39.20233399988798], [-77.79681399982917, 39.20225000026675], [-77.79702499971637, 39.20205900009111], [-77.79759299997893, 39.201544999685254], [-77.79815700004355, 39.200702999957045], [-77.79837499960342, 39.199232000047935], [-77.7983799996263, 39.19917299974135], [-77.7983989998929, 39.19908299967372], [-77.79844499992365, 39.198870000029096], [-77.7984919997793, 39.19830900004163], [-77.79863200041972, 39.19787600034244], [-77.79864300029037, 39.1974809997861], [-77.79824699955692, 39.19652800001547], [-77.79824800028014, 39.19651500026601], [-77.79825900015081, 39.19613800021932], [-77.79827099984637, 39.19574800034698], [-77.7985489996807, 39.194872999718534], [-77.79830699983138, 39.194600999873046], [-77.79783700037642, 39.19407099976013], [-77.79802599962399, 39.193437000127396], [-77.79803800021786, 39.19336000000974], [-77.79814399962477, 39.19265100025956], [-77.79816399971624, 39.19251799965494], [-77.79850600002301, 39.19226300007403], [-77.79888400031479, 39.19198100000879], [-77.79914299988255, 39.19178999976367], [-77.7994340001357, 39.19115199988771], [-77.7996390001751, 39.19051200019242], [-77.79977600044246, 39.19018099997688], [-77.79989500026815, 39.18989299967573], [-77.80020999991241, 39.18882099967024], [-77.80028500025547, 39.18856500007681], [-77.80029000027835, 39.18854999989767], [-77.80054399982326, 39.18823600010039], [-77.80072600029644, 39.18800999967076], [-77.80111499956055, 39.18778600027773], [-77.80110600023805, 39.18739600000392], [-77.80110100021517, 39.1871520003389], [-77.80109600019232, 39.18690200003178], [-77.80127799976718, 39.18636800021312], [-77.80130399970645, 39.18629500013912], [-77.80133999969145, 39.18598299974096], [-77.80134300006452, 39.18596000010537], [-77.8014069996386, 39.185405000017084], [-77.80171399978528, 39.18503599995303], [-77.8017990001741, 39.184933999955895], [-77.80192999969533, 39.184776000282454], [-77.80199400016775, 39.18464800019846], [-77.8021089997955, 39.18441600006139], [-77.80231800003284, 39.18410399967812], [-77.80233200027655, 39.18406700027061], [-77.80264899957065, 39.18357100008459], [-77.80276300027178, 39.183251000218554], [-77.80281199977728, 39.1830889999312], [-77.80292899995312, 39.18270400029906], [-77.80306100019762, 39.182391999976396], [-77.80310200020548, 39.18229300006664], [-77.80309499963448, 39.18222500021671], [-77.80308899978671, 39.18216299980466], [-77.80307000041844, 39.18197800024921], [-77.80345799985766, 39.180882000146454], [-77.80363699995779, 39.18064900017508], [-77.80411099961073, 39.1803050002013], [-77.80472800027708, 39.17932599979055], [-77.8049049998291, 39.17905099977323], [-77.80466299997975, 39.17890199978044], [-77.80409100041754, 39.178551999803176], [-77.80425100025111, 39.17811299968224], [-77.80443600019905, 39.1778460003207], [-77.80445100026766, 39.17782500006967], [-77.80446999963591, 39.177713000249945], [-77.80489300013353, 39.177093999825196], [-77.80497099995134, 39.17698000025179], [-77.80488800011065, 39.176900000233125], [-77.80461399957596, 39.17663599973466], [-77.80450800016906, 39.17619600018286], [-77.8050520001422, 39.175433000003856], [-77.8051440002037, 39.17499499992616], [-77.80534000002228, 39.17406600033423], [-77.80587499977457, 39.17311700008871], [-77.80604899985184, 39.17173699981102], [-77.80658699997718, 39.171092999931396], [-77.80821800007166, 39.170062000339485], [-77.80858499959446, 39.16974200027139], [-77.80903800022931, 39.169341999879904], [-77.80929199977422, 39.168918000254266], [-77.80973399964007, 39.16817899980812], [-77.80981499983095, 39.16804299990254], [-77.81012000032779, 39.16767399994526], [-77.81017200020632, 39.16761099981004], [-77.81085599992153, 39.16726700012152], [-77.81106000013602, 39.167227999951415], [-77.81120999992385, 39.16719999979815], [-77.81144000007762, 39.167044999668164], [-77.8114950003292, 39.16686700027929], [-77.8114380004278, 39.16658399987352], [-77.81167100005631, 39.166067000038645], [-77.81187000024792, 39.16583600002518], [-77.81202699970846, 39.16565499990663], [-77.81235399994661, 39.16527599977736], [-77.81246299972655, 39.16501899994833], [-77.81265000022262, 39.16455199979876], [-77.8126130004127, 39.16422399974918], [-77.81336999992283, 39.16432700001443], [-77.81362600001587, 39.16441800018418], [-77.81391800009392, 39.16399800013312], [-77.81427399974608, 39.16312699992153], [-77.81432999982256, 39.16298999980867], [-77.81446399971686, 39.162774000247936], [-77.81471300013722, 39.16237999972791], [-77.81507299998734, 39.16167700009634], [-77.81549200028698, 39.1607659999092], [-77.8160279998642, 39.159686000335455], [-77.81605600035158, 39.15954299975007], [-77.81614500004005, 39.15935799988631], [-77.81630599969854, 39.158686000136306], [-77.81678299972452, 39.15784300003694], [-77.81723399981122, 39.15714500031658], [-77.81735600000995, 39.15711400020531], [-77.81760299988215, 39.15705099966749], [-77.81776799973859, 39.156733000171634], [-77.81835500026776, 39.15604100022746], [-77.81825900000827, 39.15584299990514], [-77.81831900028274, 39.15578999975953], [-77.81838100020703, 39.155735999977544], [-77.81865900004136, 39.15550599977117], [-77.81861499966044, 39.15523400014981], [-77.81857299982765, 39.15509699999109], [-77.81886800027874, 39.1546759997101], [-77.81898799992933, 39.154506000067435], [-77.81964800025341, 39.15393500016239], [-77.81984900009486, 39.153538000019424], [-77.82048000010663, 39.15311900012731], [-77.82052299976434, 39.15309099993091], [-77.82136999968615, 39.15235100005566], [-77.82154799996141, 39.15203300021719], [-77.8216249999543, 39.15186800010934], [-77.82175200017589, 39.15045400023926], [-77.82177200026739, 39.14997900002541], [-77.82179300018377, 39.14959299986197], [-77.82227799970737, 39.14921499997106], [-77.82282500005354, 39.148012999770984], [-77.82301500002433, 39.14769299971897], [-77.82313999969782, 39.14750000025127], [-77.82246199983038, 39.147137999945166], [-77.82256300011272, 39.14688199976339], [-77.82260699959534, 39.14645599976455], [-77.82295499974988, 39.145934000332595], [-77.82334599956214, 39.14562499981372], [-77.82330399972933, 39.144807999814134], [-77.82328100016312, 39.14435800004008], [-77.82281099980985, 39.14391599968465], [-77.82245099995973, 39.14366400009343], [-77.82207000019322, 39.14270999973925], [-77.82194499962142, 39.14170900025436], [-77.82191799985725, 39.141128000203025], [-77.82210100015536, 39.14010500033518], [-77.82220099971445, 39.140001000324645], [-77.82271200007564, 39.13946999986571], [-77.82336999985156, 39.13899100004285], [-77.8235899999596, 39.13883999981874], [-77.82374399994538, 39.13868400007763], [-77.82394599961175, 39.13850400032204], [-77.82437499995716, 39.137994999873506], [-77.82451100039958, 39.137191999938544], [-77.82452599956989, 39.137107999816266], [-77.82473200033252, 39.13671899984281], [-77.82469200014955, 39.13662800008153], [-77.82448799993506, 39.13614899973634], [-77.8251590001298, 39.135374999825395], [-77.82565500042234, 39.13566799985348], [-77.82577199969988, 39.13573799988428], [-77.82623100018253, 39.13568599980834], [-77.82684899977549, 39.1354969997046], [-77.82716000012012, 39.13526000033969], [-77.82718900043243, 39.135234999669265], [-77.82754500008457, 39.1346780001286], [-77.82767999980379, 39.13440099994883], [-77.82785100040634, 39.13405399983128], [-77.82790800030774, 39.133584999900876], [-77.8279839995774, 39.13297799970354], [-77.82809599973041, 39.13277399976546], [-77.8282649997848, 39.13247200019983], [-77.82829900012, 39.13242600006469], [-77.8288919995986, 39.131683999761925], [-77.82924899997398, 39.1312719996872], [-77.8302080000488, 39.13016100028091], [-77.83177600039409, 39.12837200020731], [-77.83201599969527, 39.12808799968924], [-77.83251500036089, 39.12751900009838], [-77.8347559996524, 39.12630600002255], [-77.83495099964605, 39.12619899979227], [-77.8358410001239, 39.12571900026301], [-77.83606299988176, 39.125445999794565], [-77.83622100006552, 39.12524799981896], [-77.83683000033596, 39.12449400006808], [-77.8380429999557, 39.122956000286166], [-77.83854799957075, 39.122327999682305], [-77.8388670003113, 39.12190499978556], [-77.83893500008337, 39.12181900008903], [-77.83896000019773, 39.12181399969825], [-77.84017100016762, 39.12127799965517], [-77.84043099956031, 39.12116300014825], [-77.84071500014073, 39.1210409998298], [-77.84268699981875, 39.12019999997007], [-77.84379700040462, 39.119747000105974], [-77.84380699955204, 39.11972499982764], [-77.84476899999993, 39.11791500021756], [-77.84506500027594, 39.117354999876014], [-77.84532899986658, 39.116859999888185], [-77.84549399972302, 39.11654800025499], [-77.84568399969382, 39.116190999810854], [-77.84574700034133, 39.11607299988522], [-77.84584299970248, 39.11589200002279], [-77.84585699994618, 39.115864999818655], [-77.84610700019144, 39.11539399970388], [-77.84627000039806, 39.11508700002377], [-77.84660199976076, 39.11446399988769], [-77.84681900039405, 39.114053999832585], [-77.84896099995137, 39.11002699965504], [-77.8491679996406, 39.109639000221755], [-77.84922799991507, 39.10952600034625], [-77.84931900015165, 39.109353000346275], [-77.85133900040857, 39.10554799987194], [-77.8517369998935, 39.10479399981298], [-77.8525479998303, 39.1032730003413], [-77.85310000019936, 39.102241999881095], [-77.85374100025687, 39.101025000213205], [-77.85374600027974, 39.10100400004033], [-77.85376600037124, 39.1009300002442], [-77.85378100043985, 39.100861999835516], [-77.85383800034126, 39.10063099984368], [-77.85406699977179, 39.09972900022976], [-77.85457099956194, 39.097694999713866], [-77.85460700044528, 39.09754200004758], [-77.8549689999452, 39.09608500009694], [-77.85516899996175, 39.09528400017383], [-77.8556379995918, 39.09338599981088], [-77.85578599972982, 39.09280499995494], [-77.85752899997726, 39.08987700032409], [-77.85826799994408, 39.08863900021603], [-77.86062799995959, 39.08466499987952], [-77.86074000011259, 39.084478000089], [-77.86196899962583, 39.082429999815595], [-77.86224399998544, 39.08194899996439], [-77.86261899990417, 39.08132200000272], [-77.86274000027801, 39.08111899968957], [-77.86282499976849, 39.080978999806604], [-77.86689200004648, 39.08067500006038], [-77.86725600009453, 39.08064800031319], [-77.86832700032235, 39.080569000244616], [-77.8704499996131, 39.08040899990523], [-77.87144300002309, 39.08033500011373], [-77.87199500039215, 39.080293999960205], [-77.87383200035094, 39.08015699975071], [-77.87395000035173, 39.08014800000248], [-77.87670899967712, 39.078552999995075], [-77.8768490003175, 39.07847499966848], [-77.8775959997819, 39.07804200015867], [-77.87977800042052, 39.07517499982067], [-77.88160299978541, 39.07277000012117], [-77.8817559999463, 39.07258899996323], [-77.88218299974356, 39.07200600019037], [-77.88289099974821, 39.071073999683215], [-77.88379600029468, 39.06988400025292], [-77.88467300035373, 39.06873099967044], [-77.88540599957442, 39.06777099991497], [-77.88549699981102, 39.067647000348536], [-77.88581499982834, 39.06722400011558], [-77.88703400019416, 39.06562500020442], [-77.88779599972717, 39.06462299967078], [-77.88784199975792, 39.064544999989], [-77.88789199998664, 39.06446300014119], [-77.88814399988172, 39.06403699975619], [-77.8883949999519, 39.063621000259054], [-77.88915400001018, 39.062344000088125], [-77.88919599984297, 39.062276000142376], [-77.88924500024677, 39.06219799995991], [-77.88930399979799, 39.06209700003369], [-77.88949799996676, 39.06177199985698], [-77.89062600009598, 39.05988999968091], [-77.89082799976234, 39.05955300012899], [-77.89096500002971, 39.05932500027126], [-77.89114499995476, 39.05902599997519], [-77.89174400017947, 39.05800899984631], [-77.8926830001628, 39.056441000265664], [-77.89327900001447, 39.05542500019784], [-77.89405300014137, 39.05509099984868], [-77.89499600032268, 39.05468299983076], [-77.89642400002754, 39.05406600030299], [-77.89810299980259, 39.05334199966648], [-77.89908600016685, 39.0529170002031], [-77.89931299994758, 39.05271199977733], [-77.89947000030641, 39.05255900021175], [-77.89976599968409, 39.052284999974454], [-77.90027899969509, 39.05181400000251], [-77.90036599973372, 39.05173499974699], [-77.90075499989615, 39.05137200023626], [-77.9007649999419, 39.05136499967005], [-77.90099199972262, 39.05115600018395], [-77.90102699988272, 39.051123999784124], [-77.90117500002071, 39.05098200032028], [-77.90202100011763, 39.050173999665944], [-77.90288999978077, 39.049402999979236], [-77.9032649996995, 39.04905599996983], [-77.90416400039818, 39.04822300016251], [-77.90461499958658, 39.04780599984795], [-77.90497299978686, 39.0474760000875], [-77.90575399958645, 39.04675500020447], [-77.90668800044523, 39.04589200000878], [-77.90680600044602, 39.04578300029636], [-77.90703999989942, 39.04563799987422], [-77.90738899987889, 39.0454149999673], [-77.9100440003455, 39.04377699993319], [-77.91376599994366, 39.04147299967578], [-77.91659200011449, 39.039719999874634], [-77.91674899957502, 39.039623999834134], [-77.91742800016569, 39.039204999983745], [-77.91764200042593, 39.03906999997394], [-77.91948600005742, 39.038311000295955], [-77.92187200001221, 39.03733100028755], [-77.92233899999243, 39.03713899986414], [-77.92284500033072, 39.03693000015114], [-77.92320000015796, 39.0367829999226], [-77.92350999977937, 39.03665599999159], [-77.9243220004394, 39.03632499988436], [-77.92445399978557, 39.0362680002554], [-77.92565800008278, 39.03577299978129], [-77.92605100044317, 39.0356109999641], [-77.92647700041552, 39.03548499992701], [-77.92655900043128, 39.035408999973235], [-77.92657699997463, 39.035393000046014], [-77.92679799990756, 39.03530299986452], [-77.926814999626, 39.03529599979907], [-77.92696199993911, 39.03506200030263], [-77.92704300012996, 39.03492999979755], [-77.92800300002969, 39.03337300002039], [-77.92837299992554, 39.03276500016663], [-77.92970400044436, 39.030595999900065], [-77.92992700002712, 39.030238999812795], [-77.93045000008384, 39.02992600009791], [-77.93060900009252, 39.029830999997195], [-77.93080999993397, 39.02970000017782], [-77.9309890000341, 39.029592999889445], [-77.93550400002573, 39.02690100026685], [-77.94097600044235, 39.02362700004134], [-77.94122699961422, 39.023474000293824], [-77.94255399993506, 39.0231779999198], [-77.94261500003444, 39.02316799980539], [-77.94273700023317, 39.023140999698704], [-77.94422000018963, 39.02281400014686], [-77.94541000024314, 39.02255200007823], [-77.94788400006148, 39.02200699986438], [-77.94796400042743, 39.02199600018433], [-77.94997200009044, 39.02172300015336], [-77.95032199989481, 39.02167700034347], [-77.95075000041528, 39.02164999966736], [-77.95142599973458, 39.021554000204134], [-77.95174499957682, 39.02151699983103], [-77.95319300027148, 39.021312999821404], [-77.95371799997804, 39.02124600026122], [-77.95407000033055, 39.021200000140986], [-77.9547990002516, 39.02109300024615], [-77.9554129996466, 39.02101299972333], [-77.956319000018, 39.02090899988537], [-77.95641399955423, 39.020898000034485], [-77.95640199985866, 39.02085600014401], [-77.9611140003921, 39.01506999987909], [-77.96173000033527, 39.01431399993341], [-77.96204099978156, 39.01393399999597], [-77.96220300016327, 39.01373299969196], [-77.9615150002501, 39.01357100031255], [-77.96119100038499, 39.01349600004764], [-77.95775599994371, 39.012705999917756], [-77.95207099999004, 39.01139900016936], [-77.95183400016359, 39.01134300023228], [-77.95153299986471, 39.011275000049615], [-77.95058800003358, 39.01105800001487], [-77.95044400009354, 39.01102500004781], [-77.94980999970873, 39.01087899994513], [-77.9497729998988, 39.0108699997425], [-77.94737000022559, 39.01031700021757], [-77.94729700043065, 39.01032000030872], [-77.94576800044342, 39.009960999900656], [-77.94444500032054, 39.009653999990384], [-77.94332399986399, 39.00939300029655], [-77.94119099962921, 39.00889999995339], [-77.94092600021365, 39.00884499971763], [-77.94081200041084, 39.008820999880534], [-77.94071600015135, 39.0087869999811], [-77.93888699969017, 39.00836600032356], [-77.93784999979755, 39.00812700025524], [-77.93667800018571, 39.00785800022287], [-77.93519400040432, 39.007516000144854], [-77.93505600031207, 39.007484000224444], [-77.92895500043181, 39.00607999976012], [-77.92572599985485, 39.00533599986441], [-77.92383899966732, 39.00490199968567], [-77.92176999990494, 39.00442599976085], [-77.92169399973697, 39.004407999806425], [-77.92163400036083, 39.00439399983873], [-77.9168370003369, 39.003289000279906], [-77.91560399972735, 39.003005000089395], [-77.9131419996046, 39.00243699977853], [-77.91291700037202, 39.002386999884315], [-77.90745800037418, 39.001128999768454], [-77.90464100042416, 39.00048000003655], [-77.90171200032115, 38.999803999994796], [-77.90148100034247, 38.99975099979493], [-77.89674700006773, 38.998660000032665], [-77.8966190000212, 38.99862999975546], [-77.89453199981716, 38.99814900013695], [-77.88948500044629, 38.99698599974691], [-77.88945100011108, 38.99697800032274], [-77.88937699959294, 38.99696100032168], [-77.88753899980924, 38.996537000123084], [-77.88645400023603, 38.99628699969796], [-77.8864319995964, 38.99627300021775], [-77.88641499987797, 38.99626200002579], [-77.88591100008783, 38.9961480003474], [-77.88349099979783, 38.99559999979564], [-77.88220899968282, 38.995291999921086], [-77.88213300041315, 38.99528999966818], [-77.88049700029582, 38.99491300020558], [-77.88010099956239, 38.99482099988927], [-77.87676999977646, 38.994053000322815], [-77.87638399998708, 38.99396399967324], [-77.87629699994845, 38.993944000257166], [-77.87614999963536, 38.99391499987192], [-77.87547099994302, 38.9937400003044], [-77.87481399999199, 38.9936010001401], [-77.87450900039347, 38.99353100005445], [-77.87346300028001, 38.99328999982849], [-77.87327699960885, 38.993246999794614], [-77.87294600007105, 38.993170000009634], [-77.87200299988977, 38.99295300029176], [-77.86660300034146, 38.991706000218855], [-77.86648100014273, 38.991678000141356], [-77.86642900026419, 38.991666000104765], [-77.86358999967456, 38.9910109997337], [-77.85948499976175, 38.99006299979362], [-77.85740000010586, 38.989581999896465], [-77.85535499973459, 38.98910899983811], [-77.85299499971907, 38.98856400025656], [-77.85239600039267, 38.98842600027452], [-77.8510819995923, 38.98812200011375], [-77.85062999968066, 38.988018000089816], [-77.85010900017208, 38.98789799971116], [-77.849701999568, 38.98780299970351], [-77.84727999962819, 38.987243999972016], [-77.84546600013394, 38.986824999694534], [-77.84304800039209, 38.98626599992063], [-77.8429930001405, 38.9862529997597], [-77.84151799968164, 38.985912999805606], [-77.84035000026776, 38.9856429998904], [-77.8387760000747, 38.98527899965751], [-77.83796900033585, 38.98509199993039], [-77.83767899990762, 38.9850250002739], [-77.83133299980499, 38.98355899971313], [-77.83090600000772, 38.983459999690794], [-77.83073000028061, 38.98341999980475], [-77.83049799957872, 38.983365000011815], [-77.82928300030918, 38.983084000009306], [-77.82644399971954, 38.982427999869586], [-77.82234600037773, 38.98148100017195], [-77.82228699992818, 38.98146699985797], [-77.82046199966496, 38.981044999668995], [-77.82035500043315, 38.98102000019943], [-77.82025999999861, 38.98099799996053], [-77.82012799975412, 38.9809669998981], [-77.81801200013606, 38.98047799975239], [-77.81787900006668, 38.98044700016051], [-77.81773799960138, 38.980413999881776], [-77.81733199972051, 38.980321000283176], [-77.81517000007172, 38.97982099991187], [-77.81220199961064, 38.97913400009841], [-77.81206500024162, 38.97910199991209], [-77.81027299959035, 38.978686999677656], [-77.80914100016146, 38.97842600027834], [-77.80646800015151, 38.97780699979106], [-77.80429300008392, 38.977303999729784], [-77.80400199983076, 38.97723599965426], [-77.80397400024168, 38.977230000157896], [-77.80186399957309, 38.976741000042644], [-77.80182500011335, 38.97673199968754], [-77.80026400033908, 38.976370999864905], [-77.7990409997753, 38.97608799994164], [-77.79728599983227, 38.97568099993714], [-77.7972249997329, 38.975666999873084], [-77.79450400004235, 38.97503799977545], [-77.7925270003415, 38.974579999966586], [-77.79241699983831, 38.97455500030956], [-77.79121699973906, 38.97427599971131], [-77.79116800023358, 38.974265999667], [-77.78921499992383, 38.973813000157925], [-77.78704400005421, 38.97330900027277], [-77.78684800023562, 38.973263999796785], [-77.78442700012073, 38.97270200021302], [-77.78436000017358, 38.97268800025845], [-77.78416000015704, 38.972641999989], [-77.7833750001595, 38.97246000020912], [-77.78334699967208, 38.97245300020823], [-77.78233599971873, 38.97221900018001], [-77.78196300034814, 38.972131000118566], [-77.78124699994756, 38.97196700025193], [-77.78118699967311, 38.971952000045036], [-77.78106799984741, 38.97192499994399], [-77.7810179996187, 38.9719140001585], [-77.78098400018182, 38.971905999996025], [-77.7809259995572, 38.97189199988405], [-77.77908500029876, 38.97146600014288], [-77.77899999990994, 38.971445999957616], [-77.77891500041946, 38.971425999766744], [-77.77845400028698, 38.971319000011356], [-77.7776099998399, 38.97112400017853], [-77.77751500030365, 38.97110299977772], [-77.77743199956467, 38.97108300018836], [-77.77699499972167, 38.97098199994093], [-77.77577100023127, 38.97069800000851], [-77.77409599975589, 38.970310000139065], [-77.77128100035401, 38.9696570001052], [-77.7711950001403, 38.969638000247265], [-77.77116400017815, 38.96962999982771], [-77.77105700004803, 38.96960499982019], [-77.76997300029974, 38.969353999814864], [-77.76916400001274, 38.96916699993386], [-77.76815999973208, 38.96893399967527], [-77.76815999973208, 38.968923000123716], [-77.76809199996, 38.96891699992315], [-77.76806699984566, 38.96891099972209], [-77.76717899991593, 38.96870700026593], [-77.76663800031587, 38.9685809997537], [-77.7660709998782, 38.968450000330456], [-77.7658530003183, 38.968399000014955], [-77.76521300008571, 38.96825100034322], [-77.76175099988023, 38.96744799989557], [-77.76013700040252, 38.96707400005301], [-77.76004799981575, 38.96705299984828], [-77.760001999785, 38.96704300018099], [-77.75984600014938, 38.96700599993299], [-77.75616700020893, 38.96615299969209], [-77.75578200024445, 38.96606300009527], [-77.75566599989351, 38.96603700003527], [-77.75560700034228, 38.96602300016017], [-77.7519760000824, 38.965181000090865], [-77.74916800035322, 38.96452899978343], [-77.74710799991337, 38.96405100029024], [-77.74703599994334, 38.964035000283594], [-77.74626600001439, 38.963856000006245], [-77.7458509999127, 38.96376000034622], [-77.7457730000949, 38.96374100030355], [-77.74054800044878, 38.962528999805784], [-77.74049599967194, 38.96251699971793], [-77.74044299996848, 38.962505000326544], [-77.74043100027292, 38.962502000303765], [-77.73909399990632, 38.96219100027932], [-77.73867399978175, 38.962094000212474], [-77.73755200039862, 38.96183399998318], [-77.73742299962888, 38.9618029999137], [-77.73693399990734, 38.9616900001764], [-77.73662400028596, 38.961616999910326], [-77.73458800013552, 38.961144999790484], [-77.73419800014818, 38.96105500011804], [-77.73402599972074, 38.961015000149345], [-77.73392799981143, 38.9609929999823], [-77.73178200005616, 38.96049400032793], [-77.73170800043631, 38.96047699994741], [-77.72897799962664, 38.95984299977361], [-77.72813400007784, 38.95964799978257], [-77.72798699976474, 38.95961299972736], [-77.7265959998698, 38.95928999965926], [-77.72605899956936, 38.959165000148225], [-77.72375399980544, 38.958630000056715], [-77.72327799960435, 38.95851900004356], [-77.72323900014462, 38.95851000016701], [-77.72317700022035, 38.9584960002016], [-77.72312899964146, 38.958484000129225], [-77.71783600022327, 38.957255000059114], [-77.71568000042225, 38.95675399998183], [-77.7138040001054, 38.95631699990422], [-77.71373600033336, 38.95630300020405], [-77.70753300034583, 38.95486100020771], [-77.70693499994604, 38.95472199985703], [-77.70501299959842, 38.9542749997509], [-77.70027099982606, 38.95317299990652], [-77.69666399985563, 38.952333999872494], [-77.69652900013644, 38.952302999838345], [-77.69415900007516, 38.95175099995705], [-77.69069299967173, 38.950944999908764], [-77.68875100013095, 38.950494000189444], [-77.6841569995983, 38.949425000300856], [-77.68396900017562, 38.94938099974958], [-77.67707599972681, 38.94777700025608], [-77.67495300043606, 38.947282999939816], [-77.67351399996222, 38.94694800033342], [-77.67342000025089, 38.94692599999102], [-77.67331300012077, 38.94690099965718], [-77.6718579997534, 38.94656199987711], [-77.67181699974552, 38.946552999879415], [-77.6668170002303, 38.94538900032731], [-77.66292900005246, 38.944483000096604], [-77.65873899975084, 38.943508000042776], [-77.6575810003827, 38.94323099976729], [-77.65516899959034, 38.942655999713054], [-77.65508099972679, 38.942634999956915], [-77.6550049995588, 38.94262299999368], [-77.65494900038063, 38.94260499969572], [-77.65361299983896, 38.94217300025577], [-77.65354500006688, 38.94215800002901], [-77.6534759995716, 38.94214900017092], [-77.6534060001497, 38.94214800034188], [-77.65333599982951, 38.9421540000146], [-77.65326800005744, 38.942166999885956], [-77.65320199993519, 38.9421860001237], [-77.65297599997939, 38.94229399968664], [-77.6528970003367, 38.94228400001863], [-77.65287100039741, 38.94230199969944], [-77.65284299991, 38.94232199972761], [-77.65278400035879, 38.94236400011767], [-77.65272300025941, 38.94240599978419], [-77.65264399971836, 38.94245699994462], [-77.65258400034223, 38.94249100026412], [-77.65250999982406, 38.94252599969235], [-77.65243100018137, 38.94255000034833], [-77.65239199982331, 38.94255900015551], [-77.65236199968606, 38.94256600031532], [-77.65228800006622, 38.94258600026897], [-77.65221199989824, 38.942603000050475], [-77.65214400012619, 38.942626000159386], [-77.65207999965376, 38.942650000082814], [-77.65200600003392, 38.94267899980471], [-77.65194099973658, 38.94270999985579], [-77.65186999959147, 38.94274000007256], [-77.65179900034468, 38.94275999997718], [-77.65173700042041, 38.94277100009697], [-77.65163299976501, 38.942775000076566], [-77.651560999795, 38.94277400025635], [-77.65144199996931, 38.942758000336305], [-77.65137699967197, 38.94273799973248], [-77.65129100035657, 38.9427149996599], [-77.65122000021147, 38.94267099983445], [-77.65118099985341, 38.94263599977909], [-77.65114200039365, 38.94260399987311], [-77.65109200016494, 38.94258399992448], [-77.65101500017205, 38.94258600026897], [-77.65094999987471, 38.94261599983955], [-77.6508860003006, 38.94265400006924], [-77.65080599993466, 38.94269499974259], [-77.65074099963734, 38.94271799982166], [-77.65065500032193, 38.942745999695184], [-77.65054499981876, 38.942755000176184], [-77.65047899969653, 38.942741999713945], [-77.6504000000538, 38.94273399975073], [-77.65032800008377, 38.94270699969365], [-77.65026299978646, 38.942705000051326], [-77.65016900007512, 38.94270999985579], [-77.65009100025732, 38.94272000016236], [-77.65002099993713, 38.94269600026262], [-77.64990999960904, 38.94267300017642], [-77.64985100005782, 38.9426770001616], [-77.6497449997526, 38.94268000032497], [-77.64967000030785, 38.94266200004142], [-77.64962599992691, 38.942627999803975], [-77.6495820004443, 38.94259599989432], [-77.64951399977392, 38.94256700013842], [-77.64946000024555, 38.94254400001042], [-77.64943099993326, 38.94248099992525], [-77.64939999997111, 38.94243399978093], [-77.6493439998946, 38.94240099995824], [-77.64930200006181, 38.94239100030537], [-77.64928600016829, 38.94238800012978], [-77.64925600003106, 38.942380999952405], [-77.64918900008391, 38.94238999978109], [-77.64909399964935, 38.94239799978307], [-77.64903500009812, 38.942384999954015], [-77.64894499968642, 38.9423430002751], [-77.64888899960994, 38.94230300022502], [-77.64882599986075, 38.94225100012618], [-77.6488019995713, 38.94223699974372], [-77.64877900000509, 38.942223000057155], [-77.64872499957839, 38.9421980001609], [-77.64865299960839, 38.942166999885956], [-77.64856399991993, 38.94213099975257], [-77.64851000039157, 38.94211399985789], [-77.64845099994203, 38.94209699995913], [-77.64835999970542, 38.942067999999125], [-77.64829100010844, 38.9420330003448], [-77.64822499998621, 38.94199099975868], [-77.64814700016841, 38.94193500010294], [-77.64808799971887, 38.94188800029533], [-77.64804500006115, 38.941860000082954], [-77.64798899998466, 38.941819999760376], [-77.64791899966445, 38.94176399996959], [-77.64788100002964, 38.94170499993006], [-77.64784900024259, 38.94165499976337], [-77.64781099970944, 38.941627000157645], [-77.64778599959507, 38.941609000305476], [-77.64772899969367, 38.94157900030885], [-77.64764199965502, 38.941545000250706], [-77.64759200032462, 38.941521999791114], [-77.64753799989795, 38.94148699986728], [-77.64745099985933, 38.94145000024839], [-77.64738999975995, 38.94144499965641], [-77.64728900037592, 38.94144399981744], [-77.6471889999185, 38.94145400030257], [-77.6471119999256, 38.94146099987276], [-77.6470340001078, 38.94146400008758], [-77.64693200000055, 38.941455999980164], [-77.64684900015986, 38.94144499965641], [-77.64674000037992, 38.94144700003297], [-77.64668400030344, 38.94146300024887], [-77.64660800013544, 38.94150300007415], [-77.64654299983812, 38.94151000033822], [-77.64646900021829, 38.94149900002278], [-77.64636700011101, 38.941489000242704], [-77.64629900033897, 38.94149099991932], [-77.64615799987365, 38.94148600002889], [-77.6460549999415, 38.94148500019049], [-77.64598299997147, 38.94149999986097], [-77.64593000026801, 38.941520000115325], [-77.64583099963552, 38.941550999974446], [-77.64577700010715, 38.94157299988876], [-77.6457329997262, 38.94160399972471], [-77.6457119998098, 38.941645999841384], [-77.64566900015211, 38.94169699984984], [-77.64564400003775, 38.94174799982161], [-77.64564499986265, 38.94179700008871], [-77.64559200015923, 38.941826000159566], [-77.64555000032642, 38.94184099975791], [-77.6455269998619, 38.94184899982183], [-77.64552199983902, 38.941903999713], [-77.64551500016633, 38.94195299987235], [-77.64549800044789, 38.941968000142474], [-77.64546900013556, 38.941993999951066], [-77.64542300010481, 38.94201899991931], [-77.64536799985322, 38.942046000238406], [-77.64531299960164, 38.942066000338734], [-77.64521999971524, 38.94208599973477], [-77.64515299976809, 38.942089999753016], [-77.64509500004175, 38.942104999994214], [-77.64507800032332, 38.94214900017092], [-77.64501200020108, 38.94217000007095], [-77.64493199983514, 38.94217499991315], [-77.6448869996293, 38.94214599998504], [-77.64483300010093, 38.942116000215634], [-77.64476399960564, 38.942105999823816], [-77.64468800033598, 38.942106999653454], [-77.64457399963486, 38.942149999999955], [-77.64454699987067, 38.942189000307835], [-77.64451199971056, 38.94223299973376], [-77.6444649998549, 38.942285999672876], [-77.64441899982417, 38.94233600009328], [-77.64436100009783, 38.94240199978372], [-77.64432400028791, 38.942444999951306], [-77.64429099977764, 38.94246700028686], [-77.6442539999677, 38.94249100026412], [-77.64422300000557, 38.94253200003178], [-77.64418500037074, 38.94257900011114], [-77.6441190002485, 38.94257500012047], [-77.64407599969248, 38.94254599965728], [-77.64399200002688, 38.94252099987491], [-77.64392099988177, 38.942543000186944], [-77.64384600043702, 38.94253200003178], [-77.64380799990388, 38.94249100026412], [-77.64377600011682, 38.94244700029965], [-77.64373699975877, 38.942412999959046], [-77.64365999976586, 38.94239699995753], [-77.64358899962076, 38.942408000133646], [-77.64356000020676, 38.9424169999589], [-77.64351500000093, 38.94243100030581], [-77.64347099961998, 38.94245699994462], [-77.64344499968071, 38.94247200010817], [-77.6433440002967, 38.942543000186944], [-77.64328900004509, 38.94256700013842], [-77.64322100027304, 38.94259999988385], [-77.64314599992997, 38.94263199979165], [-77.6430709995869, 38.94267399999807], [-77.64297600005065, 38.94270800021351], [-77.64292599982194, 38.94273399975073], [-77.64288599963898, 38.942755000176184], [-77.64284299998127, 38.942784999675276], [-77.64278799972968, 38.94279400015132], [-77.64269999986612, 38.942784999675276], [-77.64262000039851, 38.94278200021505], [-77.64250800024553, 38.94277800023578], [-77.64243299990244, 38.94277299973742], [-77.64234599986382, 38.94276700011708], [-77.64218299965718, 38.94276399995741], [-77.64210200036464, 38.94276300013703], [-77.64203000039463, 38.94276099979754], [-77.64191800024163, 38.94275900015675], [-77.64184000042383, 38.942758000336305], [-77.64181899960911, 38.94275699981714], [-77.64178099997429, 38.942755000176184], [-77.6417049998063, 38.94275399965704], [-77.64161799976767, 38.942745999695184], [-77.64153900012494, 38.942654999891154], [-77.64143299981974, 38.94263099996942], [-77.64135699965176, 38.94262500033706], [-77.64131999984183, 38.942572999775734], [-77.64131900001692, 38.94250199972694], [-77.64132200038998, 38.942464000114484], [-77.64132300021487, 38.94244599977611], [-77.64130800014627, 38.94238400012829], [-77.6412830000319, 38.94234499992768], [-77.64123399962811, 38.94232000007439], [-77.64118699977244, 38.94228800002577], [-77.64116400020622, 38.942271000168724], [-77.6410849996652, 38.942246000289344], [-77.64104399965731, 38.942212999680486], [-77.6409869997559, 38.94216799971474], [-77.6409299998545, 38.942129000093956], [-77.64087499960291, 38.942116000215634], [-77.64081199985371, 38.94211300002835], [-77.64077400021888, 38.942072999848506], [-77.64069800005089, 38.941988000264814], [-77.64067499958637, 38.94195900026022], [-77.64063199992866, 38.941915999797935], [-77.64048799998861, 38.94180299979113], [-77.64045200000359, 38.9418380002577], [-77.64037800038376, 38.94191099993748], [-77.64036699961478, 38.941927999880825], [-77.64035099972128, 38.94195299987235], [-77.64032399995708, 38.94201099987452], [-77.64029100034513, 38.94205000025891], [-77.64023799974336, 38.942066000338734], [-77.64014599968185, 38.94207799969754], [-77.64009600035145, 38.94210000014704], [-77.64008100028283, 38.94210400016455], [-77.64002699985618, 38.94211799987456], [-77.6400009999169, 38.942104999994214], [-77.63997499997762, 38.94209200011144], [-77.63992099955095, 38.94204799989936], [-77.63984799975601, 38.94200799968284], [-77.6398030004485, 38.94196199975531], [-77.63974499982385, 38.941923999853444], [-77.6396429997166, 38.94191099993748], [-77.63961799960227, 38.94189800001913], [-77.6395719995715, 38.941874999674106], [-77.63946399961645, 38.94186199974916], [-77.63936900008022, 38.94187300000827], [-77.63932100039966, 38.94188299973418], [-77.63927899966852, 38.94189099979342], [-77.63921000007156, 38.9418989998517], [-77.63912600040598, 38.94189599965529], [-77.6390579997356, 38.9418970001866], [-77.63897599971983, 38.9419149999656], [-77.63892300001638, 38.94193100007594], [-77.63886699993989, 38.94194099979367], [-77.63879900016782, 38.941942000324296], [-77.63878400009921, 38.9419399999617], [-77.63870299990836, 38.941923999853444], [-77.63865199985473, 38.94189800001913], [-77.63861500004482, 38.94186400011396], [-77.63860499999907, 38.94185200002028], [-77.63857300021202, 38.94181300022563], [-77.6385289998311, 38.94178000011395], [-77.63847500030273, 38.94178999985303], [-77.63845600003616, 38.941793999887985], [-77.63840199960947, 38.94180400032375], [-77.63834100040843, 38.94180400032375], [-77.63823299955509, 38.941793999887985], [-77.63816099958505, 38.9417819997824], [-77.63808600014029, 38.94177100020788], [-77.63802599986586, 38.94176499980404], [-77.63795399989583, 38.94175199985892], [-77.63788799977358, 38.94173899991147], [-77.63779999991003, 38.94172100008774], [-77.6377410003588, 38.94170800013455], [-77.6376779997113, 38.94170099989003], [-77.63756800010644, 38.94170300025943], [-77.6375019999842, 38.941700000054674], [-77.63744599990771, 38.94169600001442], [-77.63738099961037, 38.94168899976877], [-77.63729799976971, 38.94167199976811], [-77.63722400014986, 38.94164800021233], [-77.6371489998068, 38.941615000023795], [-77.63709000025557, 38.94156800000412], [-77.63706199976815, 38.941521999791114], [-77.63704300039988, 38.94145400030257], [-77.6370149999125, 38.94136099985866], [-77.63699999984387, 38.94131500021007], [-77.63696899988173, 38.94125900002041], [-77.63693600026976, 38.94121900005749], [-77.63689500026189, 38.94118800005321], [-77.636846999683, 38.94115799987844], [-77.63679999982733, 38.94113000007645], [-77.63674399975083, 38.94109700034559], [-77.63667099995591, 38.94106300005632], [-77.63662099972719, 38.94100400013213], [-77.6366349999709, 38.940945000158905], [-77.63665099986441, 38.9408879998302], [-77.63667699980368, 38.94084199987469], [-77.6366850001996, 38.94078600001018], [-77.6366640002832, 38.9407240003082], [-77.63665699971219, 38.94065299980527], [-77.63667400032894, 38.940600000042856], [-77.63664800038968, 38.94054200028384], [-77.63659800016096, 38.940473000002754], [-77.6365599996278, 38.94043800025981], [-77.63650299972642, 38.940392000012416], [-77.63645800041888, 38.94034499988071], [-77.63639999979425, 38.940262000032874], [-77.6363889999236, 38.940247000100484], [-77.63636200015942, 38.94019700030308], [-77.63631600012866, 38.940151999756544], [-77.63626000005216, 38.94010799973794], [-77.63615499957186, 38.94001000032893], [-77.63610400041655, 38.93996100022425], [-77.63609199982267, 38.939904999663874], [-77.63607400027932, 38.93984399975184], [-77.6360299998984, 38.93979299980794], [-77.6359949997383, 38.93974900026529], [-77.63595999957819, 38.93969400009993], [-77.63591400044575, 38.939648999932835], [-77.63588099993548, 38.939584000339835], [-77.6358540001713, 38.93952200028551], [-77.63580800014054, 38.939445999942144], [-77.63578100037637, 38.93940499978744], [-77.63574600021626, 38.939336999666025], [-77.63571500025412, 38.93927699983357], [-77.6356709998732, 38.93922100013045], [-77.63534299981013, 38.93912800025132], [-77.63522599963427, 38.9390950002874], [-77.63518200015164, 38.939082999725024], [-77.63509699976284, 38.93905899999166], [-77.63507800039459, 38.93904700012193], [-77.63503400001365, 38.93901800031192], [-77.63500600042455, 38.93897199984203], [-77.6349810003102, 38.93893000023751], [-77.63495299982279, 38.9388719998112], [-77.63494699997501, 38.93885800015895], [-77.63493199990639, 38.93879999967375], [-77.63492199986065, 38.93875600021366], [-77.63492000021083, 38.93874000008564], [-77.63491900038593, 38.93872200019925], [-77.63491500018797, 38.93868100032466], [-77.63493399955621, 38.93860599965759], [-77.63492900043167, 38.938544000145605], [-77.63492699988353, 38.93852700008964], [-77.63489199972342, 38.9384860001023], [-77.6348549999135, 38.93843800022332], [-77.63484400004285, 38.93839700018447], [-77.63483499982203, 38.93835199989306], [-77.63483099962406, 38.93833499979101], [-77.63482099957831, 38.93829899980816], [-77.63481700027867, 38.93828799969331], [-77.63480300003498, 38.938247000266465], [-77.63479200016431, 38.93821900001374], [-77.63478299994347, 38.93819499998795], [-77.63474399958542, 38.938104999818826], [-77.63471699982125, 38.93805300013492], [-77.63470199975262, 38.93802499980554], [-77.63469199970689, 38.93800599985025], [-77.6346719996154, 38.937985000114395], [-77.6346640001178, 38.93797700031325], [-77.63464200037649, 38.937954000093704], [-77.63458299992695, 38.93786699998577], [-77.63452500020061, 38.937814000237175], [-77.63446300027634, 38.93775600029547], [-77.63444099963671, 38.93773599967811], [-77.63442899994116, 38.937726000066085], [-77.63436500036705, 38.93770199987338], [-77.63434299972742, 38.937693000148435], [-77.63432099998613, 38.93767499999633], [-77.63423899997035, 38.93760800020516], [-77.63420399981025, 38.93755099998885], [-77.63416899965016, 38.93749399972672], [-77.63406999991595, 38.937478000012696], [-77.63398399970222, 38.93745399973611], [-77.6339329996486, 38.937439999803914], [-77.633925000151, 38.937429000254504], [-77.63385300018098, 38.937330999937906], [-77.63384499978505, 38.937319999672894], [-77.63369599982214, 38.937289000060176], [-77.6336230000272, 38.9372279999939], [-77.63357399962341, 38.937186999954186], [-77.63348900013291, 38.937115000202105], [-77.63344300010215, 38.93707599989823], [-77.63333299959898, 38.93699500021981], [-77.6333130004058, 38.93698000029513], [-77.63329999998702, 38.93696800007353], [-77.63323600041292, 38.936904999925176], [-77.63322499964396, 38.93689400029284], [-77.6332000004279, 38.936867000108094], [-77.63319000038217, 38.93685699967478], [-77.63316299971967, 38.93682699976375], [-77.63310400016844, 38.93676300028392], [-77.63297799977175, 38.936631000126155], [-77.63288700043346, 38.93652899977247], [-77.6328699998167, 38.936510000115106], [-77.63282200013613, 38.93645199980561], [-77.63280600024261, 38.936433000127636], [-77.63279399964873, 38.936414999655696], [-77.63277899958011, 38.93639400014745], [-77.63271900020396, 38.93630999995603], [-77.63270900015823, 38.9362949998864], [-77.6326580001046, 38.93628099972539], [-77.6326020000281, 38.93626499973763], [-77.632602999853, 38.93621900027686], [-77.632602999853, 38.936199999837676], [-77.632602999853, 38.93617200017415], [-77.63260399967793, 38.93614700024065], [-77.63260399967793, 38.93608300014712], [-77.6324329999737, 38.93604499988957], [-77.63240000036173, 38.935966000263484], [-77.63237400042249, 38.93590200000661], [-77.63232400019375, 38.93587099977408], [-77.63226999976708, 38.935839000308704], [-77.63225100039881, 38.93582599997593], [-77.6321939995991, 38.935750999783025], [-77.6321650001851, 38.935710000286896], [-77.63212599982704, 38.935662999846855], [-77.63207899997137, 38.935605000242106], [-77.63206999975054, 38.93559399970935], [-77.63204200016146, 38.93556200011904], [-77.63194599990199, 38.93545100031451], [-77.63186899990909, 38.93537200002677], [-77.63181700003057, 38.93531899981094], [-77.63176900034998, 38.935269000032434], [-77.63168399996115, 38.93518000026964], [-77.63163299990755, 38.93510600002067], [-77.63159899957235, 38.935056000092004], [-77.63158600005187, 38.93504300031441], [-77.63152099975454, 38.93497899992333], [-77.63145499963231, 38.93491700003528], [-77.63141500034764, 38.93488099971473], [-77.63124399974511, 38.93479699982745], [-77.63108899993442, 38.93473499978028], [-77.63099100002513, 38.93468600022311], [-77.6309399999715, 38.934660999765754], [-77.63082699999359, 38.93458599973833], [-77.63072300023653, 38.93454099982353], [-77.63068499970338, 38.934524000205485], [-77.63051499982407, 38.93448699974837], [-77.63046700014348, 38.93447299992922], [-77.63037300043214, 38.93444400034494], [-77.63034099974679, 38.93443500020648], [-77.63031800018057, 38.93441899980228], [-77.63019500015692, 38.93433500006657], [-77.6300539996916, 38.93423900024674], [-77.63003100012537, 38.93422299979833], [-77.63001299968373, 38.93421199974994], [-77.6298779999645, 38.9341299996533], [-77.6298560002232, 38.934108000224796], [-77.62982699991089, 38.93407899979248], [-77.62978400025318, 38.934036000141674], [-77.62974999991799, 38.934003999848365], [-77.62964199996297, 38.93386699971767], [-77.62954900007654, 38.93373599970739], [-77.6295320003581, 38.933713000208684], [-77.6294980000229, 38.933577000164576], [-77.62948200012939, 38.93353500015991], [-77.62947499955838, 38.93351699965113], [-77.62945600019012, 38.93346799995122], [-77.62942699987781, 38.933469999854076], [-77.62939500009075, 38.93347199975688], [-77.62931800009785, 38.933477000212385], [-77.62912899995197, 38.933518000300666], [-77.62895300022488, 38.93357299966603], [-77.62890399982108, 38.93358499976334], [-77.6287580002312, 38.93362100004297], [-77.62873499976668, 38.9336269997384], [-77.6285530001918, 38.933620000093676], [-77.6285330001003, 38.93361399969888], [-77.62850299996309, 38.933606000103374], [-77.62835300017525, 38.933562000215666], [-77.6281949999915, 38.93352999970844], [-77.62817900009797, 38.93352699985671], [-77.62812700021945, 38.933518000300666], [-77.62807799981564, 38.93350999999555], [-77.62799099977701, 38.93349500003248], [-77.62789700006567, 38.93347199975688], [-77.62780900020212, 38.933450000124225], [-77.62770500044505, 38.93340400023512], [-77.62764099997263, 38.93337500021373], [-77.6276309999269, 38.933364999986715], [-77.62761599985828, 38.93334999999298], [-77.62754499971317, 38.9332819996555], [-77.62746600007046, 38.93329099994028], [-77.62743900030628, 38.93329499975588], [-77.62729600019114, 38.93333300008944], [-77.62715999974871, 38.93330899980757], [-77.62714300003027, 38.93330599994645], [-77.62697300015095, 38.933291999894166], [-77.62683500005869, 38.93329499975588], [-77.62669399959339, 38.933334000042784], [-77.6265689999199, 38.93329499975588], [-77.62653600030795, 38.93327400002255], [-77.62645000009422, 38.93321899972653], [-77.62631299982687, 38.933229999928884], [-77.626195999651, 38.93315399982982], [-77.62610299976458, 38.933052000065416], [-77.6260330003427, 38.93296800010821], [-77.62597800009112, 38.932919000028996], [-77.62591799981666, 38.93286400015641], [-77.62593799990815, 38.932743999968764], [-77.62593999955797, 38.932732999691034], [-77.62588100000673, 38.93261200001703], [-77.62584400019682, 38.93253100013149], [-77.62581599970942, 38.932458999845004], [-77.62575600033327, 38.9323450001736], [-77.62568299964002, 38.932231000318964], [-77.62566900029462, 38.932234000225556], [-77.62560399999731, 38.93224599985056], [-77.62548799964637, 38.932259000140895], [-77.62546199970708, 38.93221700005448], [-77.62551100011089, 38.932159999697824], [-77.62543800031595, 38.93207899999487], [-77.62536600034593, 38.93203399988698], [-77.62517700020005, 38.931910999772526], [-77.62509000016139, 38.9318539998687], [-77.62504400013064, 38.93182499991233], [-77.62493799982543, 38.93175500025792], [-77.62492000028209, 38.93173899994787], [-77.62488199974894, 38.93170600003949], [-77.6248509997868, 38.931656999787144], [-77.62482499984755, 38.93160500026674], [-77.62480300010623, 38.93157100031779], [-77.62478899986253, 38.93155200003097], [-77.62476200009834, 38.9314850000454], [-77.62475700007548, 38.93147300029158], [-77.62472799976317, 38.93141700001615], [-77.62469900034915, 38.931366000300876], [-77.6246390000747, 38.93133000027425], [-77.62457999962515, 38.931353999828175], [-77.6245260000968, 38.931346999959125], [-77.62450900037835, 38.93134400001502], [-77.6244700000203, 38.93132499966732], [-77.62440899992093, 38.93129600019347], [-77.62433699995091, 38.93126999995627], [-77.62430900036183, 38.931260000131324], [-77.62429099992015, 38.931253000252994], [-77.62427300037682, 38.93124499969238], [-77.62426199960784, 38.93123999977827], [-77.62424099969144, 38.93123099993203], [-77.62418499961495, 38.93119899977075], [-77.62414299978215, 38.93117500016438], [-77.6241179996678, 38.93116700029378], [-77.624083000406, 38.93115499978737], [-77.62398799997146, 38.93115699975545], [-77.6239079996055, 38.9311740001806], [-77.62381300006926, 38.931183000034075], [-77.62372299965759, 38.93118699996855], [-77.62363399996912, 38.93118599998494], [-77.62355000030352, 38.931168000277616], [-77.62346499991473, 38.93114299997778], [-77.62339999961739, 38.93112000033702], [-77.62333000019551, 38.931101999914134], [-77.62322800008826, 38.93109000009558], [-77.62315100009538, 38.93110499986849], [-77.62313799967657, 38.931102999898926], [-77.6230830003233, 38.93109600000511], [-77.62303899994237, 38.93106199981216], [-77.62299299991162, 38.93102199968763], [-77.62290199967501, 38.93100399993874], [-77.62284200029887, 38.93099800002137], [-77.62276500030599, 38.93099800002137], [-77.62270599985645, 38.930995000062545], [-77.62268400011513, 38.930995000062545], [-77.622653000153, 38.93099600004886], [-77.6226179999929, 38.93099800002137], [-77.62255100004573, 38.931001999966334], [-77.62247300022794, 38.93100099998012], [-77.62240000043299, 38.93100699989717], [-77.62232400026502, 38.93101199982771], [-77.62222899983047, 38.931017999743844], [-77.62220299989119, 38.93101599977184], [-77.6221459999898, 38.93101099984163], [-77.62205499975319, 38.931001999966334], [-77.62195900039204, 38.93100999985554], [-77.62186200030766, 38.93102199968763], [-77.62177199989597, 38.93103000027338], [-77.62171699964439, 38.93103500020231], [-77.62169499990307, 38.931037000173724], [-77.62162399975796, 38.931032000245], [-77.62160799986445, 38.9310310002592], [-77.62151800035107, 38.931017999743844], [-77.62146200027458, 38.93100399993874], [-77.62142700011448, 38.93099600004886], [-77.62135299959631, 38.93097299966161], [-77.62134199972566, 38.93096899971501], [-77.62132400018231, 38.930958999847576], [-77.62127200030378, 38.93093000022409], [-77.6212029998085, 38.930898999914625], [-77.62115000010503, 38.93087600019474], [-77.62113099983847, 38.93087200024267], [-77.62110800027224, 38.930868000290424], [-77.62107999978485, 38.93086199966279], [-77.6210270000814, 38.930864000337905], [-77.621006000165, 38.930864000337905], [-77.62093199964683, 38.93088400009815], [-77.62086700024783, 38.930923000313186], [-77.62083399973754, 38.93094300005676], [-77.62069399999547, 38.93102600033005], [-77.62057199979672, 38.93112500025954], [-77.62047700026048, 38.93118400001768], [-77.62044899977307, 38.93120199972094], [-77.62042399965871, 38.931217000168964], [-77.62026999967294, 38.93123999977827], [-77.620232999863, 38.93124599967517], [-77.62019299968004, 38.93125400023561], [-77.62004200006729, 38.93128599967332], [-77.6199490001809, 38.93137500012998], [-77.61991999986856, 38.93140300028979], [-77.61986100031734, 38.93144300019945], [-77.61984399970059, 38.93145399997851], [-77.61979299964696, 38.931487999983496], [-77.61957300043724, 38.93147600023025], [-77.61943000032211, 38.93145399997851], [-77.61934099973533, 38.9314400002594], [-77.61909499968806, 38.93142299989806], [-77.61888999964863, 38.93140800019241], [-77.61886799990732, 38.93139399976542], [-77.61879900031036, 38.931349999903055], [-77.61877800039396, 38.93133700014498], [-77.61865399964708, 38.9312930002472], [-77.61847999956981, 38.93115599977142], [-77.61846700004934, 38.93114699991452], [-77.61845299980564, 38.931109999792056], [-77.61841799964552, 38.93101599977184], [-77.61840699977489, 38.93098800015807], [-77.61838000001069, 38.93096699974163], [-77.61829899981984, 38.930901999877555], [-77.61828299992632, 38.93088900003731], [-77.61807700006199, 38.9308469998385], [-77.61791399985538, 38.9307789998964], [-77.61789899978677, 38.930772999960055], [-77.61775999986959, 38.93069200007072], [-77.61773899995319, 38.93067700021047], [-77.6176279996251, 38.930564999756065], [-77.6175980003862, 38.93043699991866], [-77.61759400018823, 38.9304220000045], [-77.61758900016535, 38.93037700024297], [-77.61757999994454, 38.930288999927946], [-77.61757900011962, 38.930154000304476], [-77.6175220002182, 38.930090999693455], [-77.61748899970793, 38.930055999718086], [-77.61746500031681, 38.930029999725164], [-77.61745400044616, 38.930007999723735], [-77.61740099984439, 38.92989700031118], [-77.61738300030105, 38.92986100023774], [-77.6174090002403, 38.92976799996355], [-77.61742500013384, 38.92970699971744], [-77.6173740000802, 38.92961999997455], [-77.61728000036888, 38.929478999730826], [-77.61723400033813, 38.92940699984026], [-77.61720000000294, 38.92935800009617], [-77.61709200004789, 38.92923500023286], [-77.61700099981131, 38.92911600020758], [-77.6169780002451, 38.92908499980413], [-77.61696900002426, 38.929064000221985], [-77.61697400004714, 38.92892500030169], [-77.61700300035945, 38.92889399981477], [-77.6170769999793, 38.92881499991027], [-77.61709700007077, 38.92879900033468], [-77.6171280000329, 38.928786000109], [-77.61722500011729, 38.92874300004456], [-77.61730399976, 38.928630000010855], [-77.61729999956204, 38.928612999674804], [-77.6172950004375, 38.92858399979095], [-77.61728600021665, 38.92854100030285], [-77.61728000036888, 38.928513999733326], [-77.61727399962278, 38.92849900011135], [-77.61713899990357, 38.92843700014925], [-77.61713800007865, 38.92841799972174], [-77.61713300005579, 38.92837000001659], [-77.61712100036023, 38.92832200027895], [-77.61711999963698, 38.92826500028632], [-77.61712999968273, 38.92820500017101], [-77.61712499965986, 38.92812700022478], [-77.61712100036023, 38.92806099982699], [-77.61710799994144, 38.928006999709964], [-77.61706799975846, 38.927905000230865], [-77.6170569998878, 38.927821999799754], [-77.61705100004002, 38.9277349998414], [-77.61703799962122, 38.927660000177205], [-77.61701300040518, 38.92756599977799], [-77.61696200035155, 38.927483999684846], [-77.61681599986338, 38.92738000007805], [-77.61673200019779, 38.9273270001795], [-77.61668100014415, 38.927313000344746], [-77.61666000022775, 38.92730700011518], [-77.61660499997618, 38.92728800008379], [-77.61656899999117, 38.927276000318855], [-77.6164579996631, 38.92727300020256], [-77.61641099980743, 38.927279999774804], [-77.61635899992889, 38.927299999846745], [-77.61631600027118, 38.92732300002734], [-77.61629100015682, 38.92733599982223], [-77.61623400025542, 38.92735599987838], [-77.61617499980586, 38.92736600025377], [-77.61615800008744, 38.9273640001788], [-77.61610399966075, 38.92735699991599], [-77.6160860001174, 38.92734900031364], [-77.61605299960715, 38.92733499978433], [-77.61602199964499, 38.92730700011518], [-77.61598400001016, 38.92727400024135], [-77.61596800011664, 38.927193999890484], [-77.61598999985796, 38.92710299969618], [-77.61600900012452, 38.92704700016367], [-77.61600499992655, 38.92702099976669], [-77.61599700042895, 38.926965000169446], [-77.61593799997941, 38.92692599987471], [-77.61587500023022, 38.92688400012471], [-77.61584199971993, 38.926823000193856], [-77.61587799970495, 38.92676699974152], [-77.61596200026885, 38.9267170002237], [-77.61600499992655, 38.926688000263596], [-77.61603300041396, 38.92664200018207], [-77.61604199973648, 38.92659299992569], [-77.6160369997136, 38.9265440003343], [-77.61601800034535, 38.92648799966171], [-77.61598999985796, 38.9264489998036], [-77.61592000043606, 38.926416000229445], [-77.61586299963633, 38.92641300007679], [-77.6158250000015, 38.92641200002591], [-77.61573399976491, 38.92630700019285], [-77.61567799968842, 38.92620999993607], [-77.61565799959693, 38.926176000196556], [-77.6156330003809, 38.926134000002456], [-77.615592000373, 38.9260640003226], [-77.61553499957327, 38.92600699991328], [-77.61543300036433, 38.92591400017704], [-77.6153739999148, 38.92586199994075], [-77.615332000082, 38.92581499996311], [-77.61531500036355, 38.92577000007435], [-77.6152819998533, 38.92572500015706], [-77.61524099984541, 38.9256949997304], [-77.61514299993611, 38.925604999772055], [-77.61513999956307, 38.92555500013413], [-77.61510100010331, 38.92550100020607], [-77.61498599957729, 38.92544199991409], [-77.61488600001817, 38.92541600032655], [-77.61478399991091, 38.925397999853914], [-77.6147620001696, 38.925395999723506], [-77.61466099988726, 38.92538799989997], [-77.61460099961282, 38.92538799989997], [-77.61454799990936, 38.92538699983465], [-77.61444099977923, 38.925384000337345], [-77.61439499974848, 38.9253710001847], [-77.6143539997406, 38.92535900009545], [-77.61428900034159, 38.925335999976994], [-77.61424599978558, 38.925302999885105], [-77.61419499973195, 38.9252120000605], [-77.61415799992203, 38.925098999993], [-77.61413899965545, 38.924995999756064], [-77.61413000033293, 38.924947999832064], [-77.6141279997848, 38.92493100001136], [-77.61411699991413, 38.92485500010526], [-77.61410600004349, 38.92479900019596], [-77.61408799960182, 38.92474599976682], [-77.61400599958606, 38.92471400017423], [-77.61397600034715, 38.92471500024908], [-77.61394000036213, 38.92471600032391], [-77.61384599975248, 38.92472400022317], [-77.61380100044495, 38.9247289998977], [-77.61372899957662, 38.924742000167946], [-77.61366800037557, 38.924754999736976], [-77.6135779999639, 38.92474000001904], [-77.61353799978092, 38.92470600027384], [-77.6135090003669, 38.92468099979301], [-77.61350699981878, 38.92466700013496], [-77.61350000014608, 38.92461000000089], [-77.61348400025256, 38.92453000014015], [-77.61337100027465, 38.92446199973333], [-77.61328599988583, 38.92443900002289], [-77.61316299986218, 38.92445200034633], [-77.61310900033384, 38.92446099965491], [-77.61305699955697, 38.92446999966123], [-77.61300999970132, 38.924450000189196], [-77.61297100024159, 38.92443400032793], [-77.61293299970843, 38.92438600002369], [-77.61293699990638, 38.924277999744554], [-77.61293400043165, 38.92423100011527], [-77.61286400011146, 38.92417400032984], [-77.6127910003165, 38.92413800014745], [-77.61275799980623, 38.924054000116826], [-77.61275399960827, 38.92391199990545], [-77.61275699998133, 38.92363800022981], [-77.6127620000042, 38.923557999971855], [-77.612763999654, 38.92353600005983], [-77.61277899972264, 38.923515000232754], [-77.612811000408, 38.923470999676375], [-77.61286800030942, 38.92344700025085], [-77.61290900031729, 38.92343200025632], [-77.61293799973129, 38.923422000025255], [-77.61298100028732, 38.92334900018279], [-77.61295500034804, 38.92327299997976], [-77.61293699990638, 38.923208000054196], [-77.61293000023369, 38.92316299990955], [-77.61292500021081, 38.923128000010266], [-77.61292799968555, 38.92306799974344], [-77.61292600003573, 38.92300900022361], [-77.61292199983778, 38.92299799983388], [-77.61289199970054, 38.922927999855276], [-77.61288800040089, 38.92291899965334], [-77.61278200009569, 38.92287600022585], [-77.61273400041512, 38.92286399971457], [-77.61268699966112, 38.922850999799046], [-77.61262200026212, 38.92280899973317], [-77.61258999957676, 38.922769999949274], [-77.61258799992692, 38.92273800016428], [-77.61258399972895, 38.922678999671184], [-77.6125860002771, 38.922667999929196], [-77.61260899984332, 38.92255999983029], [-77.61261499969109, 38.92253999981984], [-77.61262599956176, 38.92250099988808], [-77.61261999971397, 38.92245599999392], [-77.61261100039147, 38.92241200017846], [-77.61260200017063, 38.922368999744805], [-77.61257100020849, 38.922272999804086], [-77.61254699991905, 38.92221599984333], [-77.61253500022347, 38.92218700013997], [-77.61250300043643, 38.9221389997133], [-77.61246900010124, 38.92212699977627], [-77.61244800018484, 38.92211900028302], [-77.6123820000626, 38.92207799989584], [-77.61239200010836, 38.92200199972908], [-77.61239499958307, 38.92198800024124], [-77.61240700017694, 38.92192600017987], [-77.6124099996517, 38.92191500032114], [-77.61240700017694, 38.92190200023174], [-77.61239399975817, 38.92184100021053], [-77.6123479997274, 38.921783999902715], [-77.61223599957442, 38.92166200030386], [-77.6121850004191, 38.92159000016724], [-77.61216699997746, 38.92156600010544], [-77.61210699970297, 38.92148799984854], [-77.61204899997666, 38.92142200026312], [-77.61196799978582, 38.92136199995136], [-77.61187300024957, 38.92131999970291], [-77.61184300011234, 38.921308999750224], [-77.61179700008158, 38.92129199975648], [-77.61174199983, 38.9212500001655], [-77.61170599984499, 38.92121100022353], [-77.61168199955556, 38.92115400010851], [-77.61167700043099, 38.92109800007355], [-77.6116780002559, 38.92105199986193], [-77.61174500020306, 38.920971000055054], [-77.61178799986075, 38.92091999981856], [-77.61179500043177, 38.92091200018928], [-77.61182800004372, 38.92085999978119], [-77.61184099956421, 38.9207810000157], [-77.61183800008948, 38.92071700003508], [-77.61183700026456, 38.920689999982244], [-77.61183600043965, 38.92057500013393], [-77.61178700003585, 38.92050499986155], [-77.61174299965492, 38.92047100018355], [-77.61171699971564, 38.92041900015119], [-77.61170599984499, 38.92035999982642], [-77.61169800034739, 38.920297000302064], [-77.61167700043099, 38.92023299988483], [-77.61167300023303, 38.920224000039966], [-77.61160899976062, 38.920101999855504], [-77.61158500036947, 38.92006400012187], [-77.61154500018651, 38.92000299991833], [-77.61152900029299, 38.919979000018664], [-77.61151400022437, 38.91995600025281], [-77.61144899992705, 38.91989499995638], [-77.61142899983555, 38.91988200019579], [-77.61139899969834, 38.919863999716945], [-77.6113610000635, 38.91981800010317], [-77.61134000014711, 38.9197660002912], [-77.6113200000556, 38.91968599986087], [-77.61131699968257, 38.91966599973922], [-77.61130800036005, 38.91960800033298], [-77.61130099978904, 38.91953000002041], [-77.61131599985764, 38.919462999862674], [-77.61135500021571, 38.91938200033858], [-77.61142200016288, 38.91929499981488], [-77.61147400004141, 38.91920900003584], [-77.61152699974485, 38.91912499976096], [-77.61157000030086, 38.91903499985536], [-77.61157899962339, 38.918967999929166], [-77.61157899962339, 38.91889900032498], [-77.61154900038446, 38.91884299990817], [-77.61163600042312, 38.91878099989432], [-77.61173500015732, 38.91873299995911], [-77.61175500024879, 38.918722000304314], [-77.61180399975429, 38.91869500019126], [-77.61183499971644, 38.91864399971676], [-77.61182300002086, 38.91857800028161], [-77.61181499962493, 38.91855799984767], [-77.61174500020306, 38.91838800012491], [-77.61165899998933, 38.918199999792805], [-77.61159799988997, 38.918078000322005], [-77.611565000278, 38.91796900005602], [-77.61154500018651, 38.917860000321475], [-77.61154500018651, 38.91778200018424], [-77.61156100008004, 38.91766699981658], [-77.61159100021726, 38.91757000032791], [-77.61159700006505, 38.917510000253586], [-77.61133199975119, 38.9172930000855], [-77.61114099995547, 38.91715999985735], [-77.61107700038136, 38.91713199966721], [-77.61102700015265, 38.91710400016497], [-77.6110020000383, 38.917047999729405], [-77.61098299977172, 38.91697699998739], [-77.61097899957376, 38.916941000346974], [-77.61097399955088, 38.916904999989356], [-77.61096500022838, 38.91683599977714], [-77.61093000006828, 38.916797999692356], [-77.61086200029622, 38.91674500027588], [-77.61076299966369, 38.916678000284385], [-77.61069900008958, 38.91663899992632], [-77.61059899963217, 38.91661000004049], [-77.61047099958564, 38.9166079996623], [-77.61043499960063, 38.9166089998514], [-77.61038699992007, 38.91661000004049], [-77.61031599977495, 38.91661400009777], [-77.61024499962984, 38.91657800027322], [-77.61021000036806, 38.91642400027398], [-77.61021200001788, 38.91633600012441], [-77.61024499962984, 38.91626599986393], [-77.61031800032309, 38.916196999729316], [-77.61037299967636, 38.916146000255274], [-77.61028999983567, 38.91579200001785], [-77.61023299993427, 38.91554700007137], [-77.61021700004075, 38.91537899983886], [-77.61021299984279, 38.91533700024286], [-77.6101850002537, 38.91522799996041], [-77.61006700025293, 38.91502600018068], [-77.61004999963617, 38.91493400024269], [-77.61001200000133, 38.91484699985733], [-77.60993900020641, 38.91478300011634], [-77.60986700023638, 38.914754999687304], [-77.60973800036494, 38.914777000225016], [-77.60964600030343, 38.914791999952364], [-77.60957500015833, 38.91474599984658], [-77.60952900012758, 38.91456799973381], [-77.60946600037839, 38.91447800033938], [-77.6093540002254, 38.914385000169545], [-77.60932400008817, 38.914360000245885], [-77.60929700032399, 38.91425800001882], [-77.6092980001489, 38.91423700024169], [-77.60930099962364, 38.9141340003129], [-77.60932599973799, 38.91402700003171], [-77.60933199958578, 38.914003000207785], [-77.60928499973011, 38.91390299992214], [-77.60927999970723, 38.91389200021765], [-77.60917699977507, 38.91371599982069], [-77.60903700003298, 38.91347300016381], [-77.60902699998724, 38.9133840003143], [-77.60900500024593, 38.9132099998306], [-77.60894300032166, 38.91314900002605], [-77.60877699974199, 38.91308599969159], [-77.60861100006065, 38.91298099970887], [-77.60838299955668, 38.91284400021681], [-77.60816099979884, 38.912780000067556], [-77.60802000023183, 38.91275599982194], [-77.60791599957646, 38.91266600022666], [-77.60781099999448, 38.91252000000355], [-77.60779099990297, 38.912391999762015], [-77.6077630003139, 38.9122950000532], [-77.60771700028315, 38.91213900004166], [-77.60766899970426, 38.91207199989563], [-77.60759099988645, 38.912023000061765], [-77.60752599958911, 38.912001000068294], [-77.60741299961121, 38.91196399974614], [-77.60733200031866, 38.91193800011278], [-77.60724600010494, 38.91191900015962], [-77.60708000042358, 38.91191499983771], [-77.6069110003692, 38.911884999862814], [-77.60673399991887, 38.911892999810775], [-77.6066309999867, 38.91190500008053], [-77.60646500030536, 38.91191199977089], [-77.6062359999765, 38.911861000013566], [-77.60589000037011, 38.911737999872436], [-77.60576700034643, 38.91169499996037], [-77.60552299994897, 38.91162899965451], [-77.60542099984173, 38.911626999834915], [-77.60503300040251, 38.91161899985697], [-77.60484099988358, 38.91162800009422], [-77.60477399993643, 38.91164200022795], [-77.60460800025508, 38.911602999898435], [-77.60449399955395, 38.91154399993268], [-77.6043980001928, 38.911508000332304], [-77.60422099974248, 38.911480000009156], [-77.6040269995737, 38.91140600020043], [-77.60355700011874, 38.911131000197315], [-77.60347099990501, 38.9110940001207], [-77.60340200030804, 38.9110970002221], [-77.60334100020869, 38.91109799978987], [-77.60330699987351, 38.91108999975229], [-77.60318899987273, 38.9110600001277], [-77.6030750000699, 38.91089199975884], [-77.60300899994768, 38.910788000296535], [-77.60296700011487, 38.910711999920935], [-77.6029550004193, 38.910695999757934], [-77.60291799971107, 38.91065100006648], [-77.60289699979468, 38.910575000243256], [-77.6028990003428, 38.910514000271064], [-77.60290199981755, 38.910478000148274], [-77.6029400003507, 38.91033999974151], [-77.60294399965034, 38.91023499989047], [-77.6029269999319, 38.91013699974963], [-77.60288199972605, 38.910052000338105], [-77.60282900002261, 38.909948000344016], [-77.60260600043985, 38.90968399994364], [-77.60241100044618, 38.90939000032794], [-77.60224700041465, 38.90922700026836], [-77.60213000023879, 38.9090989996804], [-77.6020549998957, 38.90898500021851], [-77.60199999964414, 38.908821000328146], [-77.60199999964414, 38.90865399985431], [-77.60200800004006, 38.908600000345345], [-77.60199899981922, 38.908507999767], [-77.60195600016151, 38.90843399965595], [-77.60185900007714, 38.90837200033477], [-77.60164399999198, 38.90830100030153], [-77.60154600008268, 38.908248999739826], [-77.60143300010478, 38.90818900017358], [-77.6012449997838, 38.90801999968976], [-77.60110099984375, 38.907860999831016], [-77.60106400003384, 38.90774099999192], [-77.6011529997223, 38.90765199994532], [-77.60121399982165, 38.9075519997991], [-77.60116299976804, 38.907481999962485], [-77.60104599959217, 38.90735399972313], [-77.60091800044397, 38.90731800009485], [-77.60085499979645, 38.90729699966243], [-77.60080600029099, 38.90727900018561], [-77.60079500042032, 38.90727099971768], [-77.60075500023734, 38.90722700027336], [-77.60070800038169, 38.907151999902666], [-77.60067800024446, 38.907069999984515], [-77.60066999984852, 38.90701900024343], [-77.60066800019871, 38.90694100007511], [-77.60067700041954, 38.90684399990747], [-77.60068900011511, 38.90677400007177], [-77.6006959997878, 38.906728999991074], [-77.60068499991715, 38.906649999873736], [-77.60065999980279, 38.90658199980847], [-77.60060600027444, 38.90644200025031], [-77.60056400044164, 38.906377000286696], [-77.60053099993137, 38.90633500025702], [-77.60049099974839, 38.90629900011199], [-77.60038899964114, 38.90625199975922], [-77.60029199955677, 38.90621299996342], [-77.60017000025634, 38.9061499997641], [-77.6000549997303, 38.906070000062876], [-77.59995900036914, 38.90597799970082], [-77.5997869999417, 38.90580500027761], [-77.59967700033685, 38.9056800001411], [-77.59962899975797, 38.90561799981278], [-77.59961200003951, 38.9055959999313], [-77.59958100007738, 38.90554099984829], [-77.59956500018384, 38.90548999970777], [-77.5995829997272, 38.905407000319194], [-77.59958899957499, 38.905395000349024], [-77.59961299986442, 38.90534200010701], [-77.59964999967436, 38.905290000174006], [-77.5996530000474, 38.90527699983527], [-77.59966499974296, 38.90521800020394], [-77.59965200022249, 38.90517000018328], [-77.59955000011523, 38.905066000027276], [-77.59946300007661, 38.905007000220586], [-77.59940700000008, 38.90497799977626], [-77.59929900004506, 38.904910000206684], [-77.59917099999855, 38.90482199976226], [-77.59908499978484, 38.90477600018566], [-77.59903399973119, 38.904748999660406], [-77.5989140000806, 38.904684999901946], [-77.5988649996768, 38.904641999911725], [-77.59879799972965, 38.904559999890594], [-77.59875000004908, 38.90447799977482], [-77.59870300019341, 38.90437600002713], [-77.59867899990395, 38.904284000266124], [-77.59864200009403, 38.90410100005272], [-77.59862700002542, 38.90394799991332], [-77.59862299982746, 38.90382500004199], [-77.59862600020053, 38.903712000171275], [-77.59863100022338, 38.903654999982635], [-77.59863100022338, 38.90359900012069], [-77.59861600015476, 38.90351900034121], [-77.59856199972809, 38.903403000256105], [-77.59846700019186, 38.90326500007674], [-77.59835199966581, 38.903162999984545], [-77.59832699955145, 38.903145999838415], [-77.59828600044189, 38.90311099985372], [-77.5982599996043, 38.903058999684816], [-77.59825399975652, 38.90299800024479], [-77.59826200015245, 38.90290899984465], [-77.59826999965003, 38.90285799991069], [-77.59824600025891, 38.902791000092556], [-77.59803000034884, 38.90274900003868], [-77.59788100038594, 38.90271799999962], [-77.59770099956258, 38.90270499988901], [-77.5975619996454, 38.902695000232455], [-77.59748700020063, 38.90268999970464], [-77.59745100021563, 38.90267700028795], [-77.59741000020773, 38.902662999784255], [-77.59737199967459, 38.90262800026052], [-77.59731499977319, 38.90256399998828], [-77.5972870001841, 38.902519999723964], [-77.59726899974243, 38.90246999989894], [-77.59724500035131, 38.902375999685155], [-77.59722899955948, 38.902309999802775], [-77.59720400034342, 38.90222099993836], [-77.59716900018331, 38.902138999917454], [-77.5971189999546, 38.902072999814735], [-77.5970770001218, 38.9020380000002], [-77.59702400041836, 38.902003999864235], [-77.59693200035684, 38.901969999711994], [-77.59686799988445, 38.90194199982113], [-77.59680299958711, 38.901911000128834], [-77.59671700027171, 38.90186599976204], [-77.59669200015735, 38.901849999702456], [-77.5966059999436, 38.90179599991166], [-77.59658300037738, 38.90178100023435], [-77.59643199986634, 38.90168400000745], [-77.5962810002536, 38.90158500024463], [-77.59613499976543, 38.90148200013307], [-77.59595099964241, 38.90135099974814], [-77.59583299964163, 38.90125700015017], [-77.5957389999303, 38.90118500028467], [-77.59567199998315, 38.901133999811485], [-77.59561199970868, 38.90109599970925], [-77.5955349997158, 38.90105400005089], [-77.59545500024817, 38.90102599979881], [-77.59530499956205, 38.90099499970658], [-77.59512999965985, 38.900967999840695], [-77.59498800026795, 38.90094599991654], [-77.59497499984914, 38.900943999795984], [-77.5947880002514, 38.90091900003207], [-77.59469100016702, 38.90090700000245], [-77.59449600017335, 38.90083999974145], [-77.5944650002112, 38.90083299965836], [-77.59439300024118, 38.90081999990173], [-77.59432299992099, 38.90081599965347], [-77.59431000040051, 38.90081499994092], [-77.594182000354, 38.90082400014977], [-77.59405299958424, 38.90083299965836], [-77.59397499976643, 38.90082999982229], [-77.59394200015447, 38.90082499986219], [-77.59385799959057, 38.900810999692375], [-77.59383599984928, 38.900802000180995], [-77.59376300005434, 38.900773000116345], [-77.59363500000782, 38.90070900026938], [-77.59353799992344, 38.90064100010656], [-77.59352399967973, 38.900621999926074], [-77.59348299967186, 38.90056299992186], [-77.59342400012062, 38.90048600006778], [-77.59336100037143, 38.90043299965664], [-77.59333399970893, 38.900416000255085], [-77.59328799967818, 38.90038999988763], [-77.59325300041641, 38.90037900018642], [-77.59323999999762, 38.90037400019455], [-77.59316800002759, 38.90036600034661], [-77.59312899966953, 38.90036200007277], [-77.59310600010332, 38.900359000216795], [-77.59305800042273, 38.90034499995511], [-77.59302599973736, 38.90033499996623], [-77.59291799978233, 38.90027099972444], [-77.59288299962223, 38.90024500000301], [-77.59284699963722, 38.90021900027205], [-77.5928109996522, 38.9001920001111], [-77.59266800043538, 38.900101999966616], [-77.59257800002369, 38.9000499996913], [-77.59251000025164, 38.900010999984204], [-77.59239300007579, 38.89993099965747], [-77.59225599980843, 38.899840999881256], [-77.59215799989914, 38.899740999918485], [-77.59208000008134, 38.899661999715484], [-77.59205300031716, 38.899642999972095], [-77.59202599965465, 38.89962499995299], [-77.59197299995122, 38.89958600001243], [-77.59192199989758, 38.899544999890516], [-77.5918730003921, 38.899503000013866], [-77.59182599963812, 38.89945999968163], [-77.5918030000719, 38.89943799998937], [-77.59177700013262, 38.89941199996288], [-77.5916769996752, 38.899359000148344], [-77.59165199956085, 38.899341999790536], [-77.59160700025332, 38.8993099999285], [-77.59155500037478, 38.899272000248324], [-77.59150900034403, 38.89923500028262], [-77.5914649999631, 38.899196999863236], [-77.59141700028252, 38.8991519998738], [-77.59138200012241, 38.89911700001765], [-77.59134299976436, 38.89907600032401], [-77.59132500022102, 38.89905399981365], [-77.59130199975647, 38.89902699990889], [-77.59129199971072, 38.89901000017069], [-77.59128400021314, 38.898991999991125], [-77.59127599981721, 38.898973000068466], [-77.59127099979433, 38.89895400014078], [-77.59126599977147, 38.89893599994702], [-77.59126300029672, 38.89892299984309], [-77.59126099974858, 38.8989009999844], [-77.5912599999237, 38.89889099979217], [-77.5912599999237, 38.89886500026453], [-77.5912619995735, 38.8988380002879], [-77.59126499994655, 38.89882099980537], [-77.59127099979433, 38.8987950002521], [-77.59127599981721, 38.89877900019963], [-77.5912809998401, 38.89876399988494], [-77.59128699968787, 38.89875000000791], [-77.59129500008379, 38.8987339999453], [-77.59130500012952, 38.89871700013695], [-77.59131699982508, 38.89870000032459], [-77.59132900041898, 38.89868299980901], [-77.59133799974148, 38.89867199984338], [-77.59134699996233, 38.89866200031798], [-77.59135000033537, 38.898643000307075], [-77.59135500035823, 38.89862899970706], [-77.59136200003094, 38.898614999803335], [-77.59137200007667, 38.89860099989692], [-77.59137899974938, 38.898592000105445], [-77.59138399977223, 38.89854500024361], [-77.59138999962003, 38.898497999651525], [-77.59139700019102, 38.89845200017243], [-77.59140499968862, 38.89840500021794], [-77.59141300008456, 38.898358999979465], [-77.5914230001303, 38.8983129997112], [-77.59143400000096, 38.8982659996647], [-77.59144599969652, 38.89822000003533], [-77.59145999994023, 38.89817500012589], [-77.59147400018394, 38.898128999738425], [-77.59149500010032, 38.898065000304854], [-77.59158999963655, 38.8979089997835], [-77.59162300014685, 38.897579999729544], [-77.59162599962157, 38.897549000230256], [-77.59161999977378, 38.89752300021127], [-77.59160700025332, 38.89747900031882], [-77.59157399974305, 38.897462000210034], [-77.5915579998495, 38.897454999793936], [-77.59148800042763, 38.897448000076295], [-77.5914020002139, 38.897451999815154], [-77.59130699977935, 38.89743900013869], [-77.59124300020524, 38.89739099975298], [-77.59120700022024, 38.897345000255896], [-77.59119200015162, 38.89727299991946], [-77.59123099961137, 38.89722800010901], [-77.59130699977935, 38.897210000176884], [-77.5914309996279, 38.897199999746526], [-77.59145200044262, 38.89719599999342], [-77.59151600001672, 38.897184000033775], [-77.59157999959082, 38.897177000289425], [-77.5915999996823, 38.89717500006271], [-77.59165400010899, 38.89713399994697], [-77.59168099987316, 38.89708500028914], [-77.59168900026908, 38.89702499967763], [-77.591690000094, 38.89700699969401], [-77.59168800044418, 38.896978000176915], [-77.5916840002462, 38.89685200011252], [-77.59165199956085, 38.89676499993754], [-77.59161800012397, 38.89670699999477], [-77.5915999996823, 38.89668399967885], [-77.5915710002683, 38.896657000271226], [-77.59144300022177, 38.89660999982786], [-77.59137200007667, 38.89659099996702], [-77.59108800039455, 38.896535999899754], [-77.59081999970762, 38.89647900024267], [-77.59056699998764, 38.89642700011081], [-77.5904099996288, 38.8963930000847], [-77.5903109998946, 38.89636999966713], [-77.59024599959727, 38.89636400031688], [-77.59008099974082, 38.896362999842495], [-77.58995799971719, 38.89636400031688], [-77.58989999999088, 38.89636400031688], [-77.58986999985363, 38.89636500009209], [-77.58971199966989, 38.89635900004231], [-77.5895150000264, 38.89633799986408], [-77.58930199959106, 38.896315000127814], [-77.58909400007691, 38.89629300016031], [-77.58889200041055, 38.896286000328146], [-77.58865300003595, 38.89628300029998], [-77.58855000010378, 38.89627899979612], [-77.58836400033096, 38.896272999739075], [-77.58818600005571, 38.896253000011306], [-77.58814199967479, 38.896247999728914], [-77.58804600031362, 38.896234999832], [-77.58791200041934, 38.896197999682215], [-77.58778799967246, 38.89615800017886], [-77.58768100044064, 38.8961050000331], [-77.58755599986887, 38.89603299983772], [-77.58746499963226, 38.89597899981805], [-77.58741600012678, 38.89593000006244], [-77.58739299966226, 38.89590100010556], [-77.58734499998168, 38.89583900032678], [-77.58692700040525, 38.89565600002131], [-77.58677900026724, 38.89558000022581], [-77.58668100035796, 38.89552899992184], [-77.58655300031143, 38.895447999651665], [-77.58649499968679, 38.89541399985602], [-77.58647899979327, 38.895404999660634], [-77.58639299957953, 38.89536499971059], [-77.58627600030199, 38.89532399994821], [-77.58618699971521, 38.89530099988354], [-77.58614599970734, 38.89529000009314], [-77.5861070002476, 38.89528600023252], [-77.58599900029256, 38.89527399995013], [-77.58592200029968, 38.89525600022185], [-77.58589700018531, 38.89525099986926], [-77.58587200007096, 38.895244999725364], [-77.58580000010093, 38.895213000114566], [-77.58572800013091, 38.89516300003833], [-77.585607999582, 38.89503199988143], [-77.5855020001751, 38.89490199997788], [-77.58537999997635, 38.89475600027581], [-77.58525500030291, 38.89460499987549], [-77.58514700034786, 38.89444800034118], [-77.58504799971533, 38.8943000000973], [-77.58495999985179, 38.894164999823104], [-77.58492399986677, 38.89412199975438], [-77.58490299995037, 38.89409599987908], [-77.58482900033054, 38.89400800001537], [-77.58478199957656, 38.89392499978969], [-77.58475300016256, 38.89386500000423], [-77.58473100042124, 38.89379899990197], [-77.58472200020043, 38.893756000310844], [-77.58471999965228, 38.893713999807034], [-77.58471999965228, 38.89367100016444], [-77.58469399971302, 38.893607000209215], [-77.58468600021541, 38.89358599991636], [-77.58465899955293, 38.8935440000112], [-77.58460000000169, 38.89348899968163], [-77.58451200013813, 38.89343899979004], [-77.5843969996121, 38.89339599998096], [-77.58438599974144, 38.893391000196594], [-77.58428199998436, 38.89334600002389], [-77.58411799995284, 38.89326100008599], [-77.58394800007353, 38.89315900030589], [-77.58389799984481, 38.8931299999167], [-77.58367199988899, 38.89298400006783], [-77.58354600039061, 38.89290800020965], [-77.5834889995909, 38.892877999893685], [-77.58335800006965, 38.89287300007281], [-77.58327400040406, 38.892877999893685], [-77.58314200015958, 38.892865999903556], [-77.58308699990799, 38.89284800026418], [-77.58292299987646, 38.89274500006482], [-77.58287500019588, 38.89270999984771], [-77.58278800015727, 38.89264899990747], [-77.5827699997156, 38.89263500022326], [-77.58267000015647, 38.892554000148365], [-77.58261800027795, 38.89251200033213], [-77.58245300042148, 38.89234999980943], [-77.58239200032213, 38.89228799972742], [-77.58235200013915, 38.89224800011944], [-77.58232000035211, 38.892194999852556], [-77.5822929996896, 38.89215299982398], [-77.58222400009262, 38.89201900019959], [-77.58217700023698, 38.891896999778965], [-77.58214299990178, 38.89175299987259], [-77.5821229998103, 38.89162999985247], [-77.58212199998539, 38.89154900002982], [-77.58210299971881, 38.89146199965135], [-77.58208099997749, 38.891401000037646], [-77.58199700031193, 38.89131999995389], [-77.58193500038763, 38.89127599971432], [-77.58187199974013, 38.891231000299165], [-77.58172600015027, 38.89113900028746], [-77.58159899992864, 38.89108199979483], [-77.58139399988924, 38.89102300025488], [-77.58129099995709, 38.890997999795054], [-77.5811729999563, 38.89098200008348], [-77.58104900010774, 38.89097799998024], [-77.5809329997568, 38.890988999739264], [-77.58086900018269, 38.89099199999106], [-77.58079899986248, 38.89099500024272], [-77.58073299974025, 38.89100000019574], [-77.58068099986173, 38.89100299974792], [-77.58060600041696, 38.89100199989722], [-77.58047300034757, 38.89099100014021], [-77.58036899969218, 38.890978999831276], [-77.58030199974503, 38.89096899992193], [-77.5802859998515, 38.890969999773084], [-77.58019899981286, 38.89097399987678], [-77.58007499996431, 38.89100500014846], [-77.5799679998342, 38.89104200020689], [-77.57986900009999, 38.891080000095656], [-77.5797650003429, 38.8911199996622], [-77.57962800007557, 38.89118799985254], [-77.57943100043208, 38.89127999980078], [-77.57927900009611, 38.8913659998574], [-77.57920499957795, 38.89140699980714], [-77.57918500038477, 38.89141800019888], [-77.57912699976013, 38.89149800032717], [-77.57907700042973, 38.89151899983903], [-77.5790609996379, 38.891522999911814], [-77.57898100017027, 38.89154599980155], [-77.57885399994868, 38.89152799982766], [-77.57850099977125, 38.89140199988272], [-77.57848099967977, 38.891396999958], [-77.57841899975548, 38.89138300002701], [-77.57834699978547, 38.891366999703024], [-77.57823700018061, 38.891341000217544], [-77.57814900031707, 38.89131300033074], [-77.57813800044642, 38.89130900024613], [-77.578109999959, 38.89129600014442], [-77.57808099964669, 38.89128300004028], [-77.57804200018694, 38.89126400015274], [-77.57793099985884, 38.89121800018313], [-77.57790800029262, 38.89120800030742], [-77.57778299972084, 38.89114699977644], [-77.57767200029109, 38.89109900003241], [-77.57764700017673, 38.89108500004269], [-77.57756400033604, 38.89104099965754], [-77.57741100017518, 38.89096800007076], [-77.57739000025877, 38.890959000011115], [-77.57729700037235, 38.89092299976127], [-77.57723999957263, 38.890901000221135], [-77.57710400002851, 38.89083400030832], [-77.57696500011134, 38.890763000216936], [-77.57690599966179, 38.89073199983964], [-77.57684600028566, 38.89070000029308], [-77.57673999998043, 38.89063999988083], [-77.57671499986608, 38.89062699965668], [-77.57661399958374, 38.890584000242775], [-77.5764830000625, 38.89054399967518], [-77.57647100036692, 38.89054100010363], [-77.57630499978725, 38.89049899979629], [-77.57622000029676, 38.89047799998292], [-77.5760670001359, 38.89044300004707], [-77.5759419995641, 38.890418000082306], [-77.57592099964769, 38.890413999947306], [-77.57576300036227, 38.89037999983939], [-77.5756319999427, 38.890363000128936], [-77.57548700017774, 38.890342000275346], [-77.57546399971321, 38.89033700027601], [-77.57538400024558, 38.89031800013537], [-77.57535599975817, 38.89030700027249], [-77.57529800003185, 38.89028499984236], [-77.57524399960518, 38.89026899997019], [-77.57520599997034, 38.890258000099664], [-77.5751259996044, 38.89024399994419], [-77.57505199998457, 38.89023499979287], [-77.57497300034184, 38.89023300006985], [-77.57495400007527, 38.89023499979287], [-77.57488999960286, 38.890248999950074], [-77.57486500038681, 38.89026700024807], [-77.57484799977006, 38.89027999983896], [-77.5748369998994, 38.89028800012389], [-77.57479900026458, 38.89034700027433], [-77.57476099973142, 38.89043999977209], [-77.57472499974641, 38.89055000021623], [-77.57471499970067, 38.89057699984793], [-77.57468399973853, 38.890659999790806], [-77.57466500037027, 38.89074800030672], [-77.57466100017231, 38.89085500001644], [-77.57465500032454, 38.89094800024745], [-77.57463699988287, 38.89103400000689], [-77.57463000021018, 38.89106500025238], [-77.57458099980637, 38.891111000321025], [-77.57456599973776, 38.891122000059454], [-77.574519999707, 38.89115099987016], [-77.57447399967624, 38.89117899982078], [-77.57436099969834, 38.891233999841525], [-77.57423000017708, 38.891255000130606], [-77.57410899980326, 38.89123600023558], [-77.57393800009905, 38.8911990002782], [-77.57391299998469, 38.89119400033918], [-77.5737599998238, 38.89115300026655], [-77.57358999994449, 38.89111600026593], [-77.5733990001488, 38.891080000095656], [-77.57321300037594, 38.89103800010703], [-77.57312499961408, 38.89101299965247], [-77.57308600015435, 38.89100199989722], [-77.57306100003998, 38.89099500024272], [-77.57289600018353, 38.89094800024745], [-77.57287500026715, 38.89093900018533], [-77.57277499980971, 38.89089300000525], [-77.57269799981682, 38.890841999831636], [-77.57264699976321, 38.89078800006028], [-77.57261999999902, 38.89075599983973], [-77.57255999972456, 38.89068299996005], [-77.57247600005897, 38.89057699984793], [-77.57240400008895, 38.89047799998292], [-77.57233200011893, 38.89040099968174], [-77.57230199998169, 38.89037899997992], [-77.57222900018677, 38.89032300013611], [-77.57220700044546, 38.89030899999343], [-77.57213799995019, 38.89026599968786], [-77.57204400023883, 38.89021899990944], [-77.57203099982006, 38.890213000039594], [-77.57199800020808, 38.89020100029848], [-77.57190100012372, 38.89016700008861], [-77.57175800000857, 38.89012799984837], [-77.57167099996994, 38.8901079997886], [-77.57161099969548, 38.890094000302774], [-77.57158800012927, 38.890089000285975], [-77.57151199996127, 38.89007000007906], [-77.57146000008275, 38.89005599988651], [-77.57144400018922, 38.89005199973112], [-77.57131000029491, 38.890013999991574], [-77.57128000015769, 38.890005999675836], [-77.57101099964586, 38.8899440003446], [-77.57045599980208, 38.88976499970499], [-77.57029000012072, 38.88975600019214], [-77.57029099994564, 38.889686000290865], [-77.57029099994564, 38.88965799975172], [-77.57029199977055, 38.88957300029475], [-77.57024999993774, 38.88958199983079], [-77.57015100020357, 38.88960299990905], [-77.57012299971615, 38.88960899983042], [-77.57009599995197, 38.88961399988101], [-77.56997299992831, 38.889565999800276], [-77.56981399991966, 38.88950499995677], [-77.56969199972093, 38.88944499993356], [-77.5695629998495, 38.88938800017916], [-77.56945800026752, 38.88932100023767], [-77.56936100018312, 38.889252999658446], [-77.56925200040318, 38.88916199975829], [-77.5691970001516, 38.88910700023081], [-77.56911599996074, 38.889022000114565], [-77.56906099970915, 38.88895499982781], [-77.56900600035588, 38.88887100010961], [-77.56897100019579, 38.888789999937664], [-77.56895699995209, 38.88870099990982], [-77.568957999777, 38.888642999674516], [-77.56892500016504, 38.88854599968155], [-77.56887699958615, 38.888474000213826], [-77.56883399992844, 38.888408999883865], [-77.56878399969973, 38.88832999966099], [-77.56873699984406, 38.88824900027057], [-77.56872699979832, 38.88823299993981], [-77.5686769995696, 38.88815099984878], [-77.56864099958459, 38.888071000146226], [-77.56861499964533, 38.88799900019706], [-77.5686060003228, 38.88797599985805], [-77.56857600018559, 38.88788499972043], [-77.56853699982753, 38.88780900000029], [-77.5684790001012, 38.887742999864514], [-77.56844899996398, 38.88771599985491], [-77.56838200001683, 38.8876549998212], [-77.56834299965875, 38.887627999778104], [-77.56830699967375, 38.887604000119694], [-77.56827999990958, 38.88758900024159], [-77.56818700002316, 38.88754000029159], [-77.56810400018247, 38.887502999807445], [-77.56806700037255, 38.88748799990806], [-77.56803700023532, 38.88747599970662], [-77.56794199980075, 38.88743700008666], [-77.56777600011942, 38.887388000031756], [-77.56762399978346, 38.88733899994311], [-77.56758000030084, 38.887329000220525], [-77.56746999979765, 38.88730200005352], [-77.56729800026852, 38.88725900002536], [-77.56720500038212, 38.887240999664364], [-77.5671769998947, 38.88723500024223], [-77.56699100012187, 38.88720800003951], [-77.56682299989238, 38.88719699969498], [-77.56666300005881, 38.88717999992203], [-77.56650999989793, 38.88715700001704], [-77.56634400021657, 38.88712999978467], [-77.56622299984276, 38.887112000090234], [-77.56618799968264, 38.88709999982523], [-77.56604299991771, 38.88704699991251], [-77.56595400022924, 38.887000000102], [-77.56593999998555, 38.88699200014601], [-77.56582899965746, 38.886949999837945], [-77.56570300015908, 38.88690900011262], [-77.56553800030262, 38.88686699975549], [-77.56539199981445, 38.886847000176026], [-77.56537699974584, 38.88684399974916], [-77.56519000014808, 38.88681299975929], [-77.56500699984998, 38.88677100004466], [-77.56480900038159, 38.88672499996239], [-77.56462799973329, 38.88666800012321], [-77.56452899999908, 38.88662800014741], [-77.5644870001663, 38.88658800014908], [-77.56443199991472, 38.88649200006123], [-77.56442000021914, 38.88645399981579], [-77.56440900034849, 38.88641800007976], [-77.56438500005905, 38.886350000217824], [-77.56437900021128, 38.88633200032571], [-77.56436300031773, 38.886288999710416], [-77.56435400009691, 38.88626700013357], [-77.5643390000283, 38.88624399993304], [-77.56432200030986, 38.88621799997097], [-77.56429899984533, 38.88620099996369], [-77.56425399963948, 38.886171000311194], [-77.56416699960084, 38.88614000002765], [-77.56408299993527, 38.88613599965174], [-77.56399000004883, 38.88615400029273], [-77.5638889997665, 38.886181000196785], [-77.56376499991794, 38.8862330001385], [-77.56360199971132, 38.88630399986296], [-77.56342400033441, 38.88639200018136], [-77.56324400040936, 38.88645399981579], [-77.56309399972321, 38.88650399972969], [-77.56295300015621, 38.886550999868355], [-77.5627969996223, 38.88661399997575], [-77.56271499960653, 38.886651000223665], [-77.56266600010103, 38.88667299968161], [-77.56265199985734, 38.88668200028423], [-77.56253399985656, 38.886753000259205], [-77.56242400025168, 38.88683100022873], [-77.56232899981715, 38.88691099992921], [-77.56225099999934, 38.88696399994339], [-77.56218599970201, 38.88701300029075], [-77.56216099958765, 38.88703999986834], [-77.56215100044022, 38.88705100023718], [-77.56214600041734, 38.88706000009266], [-77.56212600032588, 38.88709800001396], [-77.56209000034086, 38.88715099988862], [-77.56200300030221, 38.887181999731], [-77.56187000023284, 38.88719100026918], [-77.56176599957743, 38.88719200017352], [-77.56166299964528, 38.88719499988643], [-77.56155300004043, 38.8871830003347], [-77.56143300038983, 38.887152999698394], [-77.56132600025971, 38.88710400014685], [-77.56128199987877, 38.88706099999884], [-77.5611990000381, 38.887011999684646], [-77.56106799961853, 38.88697500032399], [-77.56092399967848, 38.88692300022615], [-77.56080499985279, 38.886880999877285], [-77.56073700008075, 38.88685199972182], [-77.5606290001257, 38.88681000003024], [-77.5605449995618, 38.88678099984578], [-77.56047599996484, 38.88677999993566], [-77.56040900001769, 38.88681299975929], [-77.56030100006264, 38.886880999877285], [-77.5602779995981, 38.88689599990484], [-77.56014500042703, 38.88697999986073], [-77.56002099968016, 38.88707899970625], [-77.5598979996565, 38.88717600030393], [-77.55981099961788, 38.88723999976072], [-77.55980200029535, 38.88724699978519], [-77.5597839998537, 38.8872609998321], [-77.5597129997086, 38.8873160000896], [-77.55962400002012, 38.887414000264876], [-77.55961399997439, 38.887423999975496], [-77.55953399960845, 38.88750000010753], [-77.55946800038451, 38.88757000006522], [-77.55939200021655, 38.887637000259794], [-77.55929400030723, 38.88768700004026], [-77.55919899987269, 38.88771800034803], [-77.55910000013849, 38.887741000071344], [-77.55907099982618, 38.887748000046486], [-77.5589250002363, 38.88776800007149], [-77.5587279996945, 38.88779300026967], [-77.55858899977731, 38.88781300028199], [-77.558567000036, 38.88781599996874], [-77.55853699989878, 38.887826000321965], [-77.55843399996661, 38.88785699986978], [-77.55826999993508, 38.887908000088956], [-77.5581079995534, 38.887950999724275], [-77.55795799976555, 38.888003999661784], [-77.55785099963543, 38.888059999935386], [-77.5578359995668, 38.88806799977105], [-77.55782100039652, 38.888124999885406], [-77.55781600037365, 38.8881470002853], [-77.55778100021354, 38.88819499992647], [-77.55769199962677, 38.8882680002654], [-77.55762700022777, 38.88832999966099], [-77.55758299984683, 38.88836099968811], [-77.55753799964099, 38.88839099981426], [-77.55751199970172, 38.88840799999666], [-77.55744200027983, 38.888451999915155], [-77.55741399979243, 38.88846800019659], [-77.5573989997238, 38.88847599998637], [-77.55731599988314, 38.88851999986275], [-77.5572980003398, 38.88852499998998], [-77.55720200008031, 38.88855099980696], [-77.5570880002775, 38.88857900008329], [-77.55697799977433, 38.88859799998979], [-77.55689900013162, 38.88860200022707], [-77.55680899971995, 38.888605999764934], [-77.5566249995969, 38.88862000024319], [-77.55644700022, 38.88863599978761], [-77.55630499992978, 38.888640999906684], [-77.5561729996853, 38.88863599978761], [-77.55605800005758, 38.88861299965479], [-77.55595799960014, 38.888591999983085], [-77.55583399975158, 38.88855699981713], [-77.55573300036757, 38.888529000231365], [-77.55563700010808, 38.88849099967713], [-77.5555459998715, 38.88844900025532], [-77.5554689998786, 38.88841400001897], [-77.55539400043384, 38.88835299988544], [-77.55537299961912, 38.88832299974324], [-77.55535800044883, 38.88830199998575], [-77.55534599985496, 38.88827699996671], [-77.55532400011366, 38.8882260000125], [-77.55528999977847, 38.8881430000224], [-77.55526399983918, 38.88805299999098], [-77.5552429999228, 38.88797099969212], [-77.55524100027297, 38.887954000104386], [-77.55523399970197, 38.88789900034085], [-77.5552239996562, 38.88784800011528], [-77.55522000035657, 38.88782900000811], [-77.55520199991491, 38.88776700017526], [-77.55516400028007, 38.887723999729324], [-77.55509399995988, 38.887681999854046], [-77.55501500031717, 38.887672000179734], [-77.55492099970752, 38.88766899978771], [-77.55485200011054, 38.88765399992339], [-77.55478000014052, 38.887624000185234], [-77.55476099987395, 38.887610000209854], [-77.55473499993468, 38.887591000039095], [-77.55463299982743, 38.88752700019927], [-77.55454599978879, 38.88748099990734], [-77.55443100016106, 38.88744200029013], [-77.55430499976437, 38.88741699996842], [-77.55419199978647, 38.887400000248114], [-77.55408999967922, 38.887381999922844], [-77.55395900015796, 38.88736299969106], [-77.55383699995922, 38.8873310000253], [-77.5537080000878, 38.88729799974304], [-77.55360500015563, 38.88724900029151], [-77.5535890002621, 38.88723999976072], [-77.55354099968321, 38.88721300025909], [-77.55343399955309, 38.887157999921854], [-77.55330100038202, 38.88708499984076], [-77.5531599999167, 38.88699399996026], [-77.55305399961149, 38.88692799976659], [-77.55296800029608, 38.88685400023927], [-77.55289399977794, 38.88677299986514], [-77.55284699992227, 38.88670399973257], [-77.55280599991438, 38.886653999959435], [-77.55275999988363, 38.88659799997598], [-77.55270299998223, 38.88657699970856], [-77.55264199988285, 38.88658800014908], [-77.55256300024013, 38.88659799997598], [-77.55247500037657, 38.88660200032587], [-77.55237599974407, 38.88660400015111], [-77.55230899979692, 38.88660099971398], [-77.55224000019994, 38.88658800014908], [-77.55220599986477, 38.88656799979188], [-77.5521590000091, 38.88653699968152], [-77.55213300006982, 38.886481000305096], [-77.55212700022204, 38.886469999847996], [-77.55212800004696, 38.88645700025912], [-77.55212999969677, 38.88642199974058], [-77.5521530001613, 38.88636399974226], [-77.5521730002528, 38.886292000160715], [-77.5521730002528, 38.8862619998474], [-77.55217400007771, 38.88622200034226], [-77.55217599972752, 38.88620099996369], [-77.55217900010057, 38.88616600001827], [-77.55218599977327, 38.88609400023606], [-77.55219499999411, 38.885992999874766], [-77.552195999819, 38.885964999977666], [-77.55219800036716, 38.88591299983978], [-77.55220199966678, 38.8858440002704], [-77.55220699968966, 38.88576300014319], [-77.55221300043576, 38.8856929998035], [-77.55221300043576, 38.88566700033898], [-77.55221400026068, 38.88560400009105], [-77.5522159999105, 38.885539999859674], [-77.55221500008558, 38.885483999697364], [-77.5522229995832, 38.885404999717906], [-77.55224799969756, 38.88532399978944], [-77.55224799969756, 38.88524500033134], [-77.55224799969756, 38.885235000314005], [-77.55224500022281, 38.88522500029531], [-77.5522300001542, 38.88517500018051], [-77.5522159999105, 38.88510699982804], [-77.55216099965891, 38.88500400029108], [-77.55214399994047, 38.884985000122605], [-77.5521170001763, 38.88495499995658], [-77.55206399957453, 38.88489400034917], [-77.5519840001069, 38.884834999865156], [-77.55190499956588, 38.88479500025584], [-77.55188600019761, 38.884786000113365], [-77.55180500000677, 38.88475000023137], [-77.5517869995651, 38.884728000177944], [-77.55175700032619, 38.88469300020606], [-77.55175300012823, 38.88467200007485], [-77.55174700028043, 38.88464800011703], [-77.55173800005961, 38.884587000245986], [-77.55174200025758, 38.884521999855835], [-77.55174399990739, 38.88444799992018], [-77.55174200025758, 38.88437499985139], [-77.55174300008247, 38.884325999782334], [-77.5517449997323, 38.884291000311684], [-77.55175300012823, 38.88424599996799], [-77.55176399999888, 38.88417600023136], [-77.55177700041767, 38.884106999674245], [-77.55179099976306, 38.8840379997494], [-77.55180599983167, 38.8839839997007], [-77.55184099999178, 38.883885999688694], [-77.55185799971021, 38.883825999814455], [-77.55187199995392, 38.88377700006599], [-77.5518910002205, 38.88371099968073], [-77.55190100026623, 38.883648999750285], [-77.55190200009115, 38.88364000016192], [-77.55190600028911, 38.883561000229854], [-77.55190999958874, 38.88353599994096], [-77.55191799998467, 38.88349500034318], [-77.55192100035771, 38.883433000224244], [-77.55192499965736, 38.88335899985363], [-77.55192700020551, 38.88330000019268], [-77.55191700015975, 38.88322700034296], [-77.55189799989319, 38.88315399971891], [-77.5518910002205, 38.8831240001783], [-77.55188299982457, 38.8830900000776], [-77.55186100008325, 38.8830259996794], [-77.5518219997252, 38.88296199992279], [-77.55180400018185, 38.88294799972794], [-77.55168199998312, 38.88284799975462], [-77.55168600018108, 38.88274699967366], [-77.55168700000598, 38.88272199979758], [-77.55167500031042, 38.882691000106895], [-77.55164699982302, 38.88261499972525], [-77.55161400021106, 38.88251999983313], [-77.55158800027178, 38.88242499981399], [-77.55156700035538, 38.882361000215326], [-77.55155999978436, 38.88234000009406], [-77.55152999964716, 38.8822469997822], [-77.55147100009593, 38.88213099991427], [-77.55140400014878, 38.881983999857844], [-77.55133100035384, 38.88186199968473], [-77.55128699997292, 38.88177500002948], [-77.55124000011723, 38.88168900024944], [-77.55116999979704, 38.8815929998354], [-77.55110600022294, 38.88149699999096], [-77.551025999857, 38.88135100000799], [-77.55092899977261, 38.88119099988331], [-77.55081699961963, 38.88099799968622], [-77.5506960001441, 38.880818000287206], [-77.55058599964096, 38.88065399967638], [-77.55049299975452, 38.880508000059145], [-77.55040400006605, 38.88038400014867], [-77.5503570002104, 38.88032400011432], [-77.55032100022538, 38.88027800005366], [-77.55022999998879, 38.8801629997718], [-77.55014100030033, 38.88004599999325], [-77.55004400021595, 38.87992600000234], [-77.5499839999415, 38.87985600020548], [-77.54994600030666, 38.879799999758866], [-77.54991100014655, 38.87972299977204], [-77.54988000018442, 38.87963700030564], [-77.54985400024516, 38.879542999940455], [-77.54982599975776, 38.87945200019013], [-77.549823000283, 38.879384999968956], [-77.54980700038949, 38.87929199998524], [-77.54978700029801, 38.87920700001399], [-77.54976399983347, 38.87914100027884], [-77.54975499961265, 38.879027000273986], [-77.54974999958976, 38.87887399996166], [-77.54974999958976, 38.87885300020848], [-77.54974799993994, 38.878704000316105], [-77.54975600033585, 38.878546999903776], [-77.54975399978773, 38.87835999969053], [-77.5497809995519, 38.87821200019383], [-77.54981700043523, 38.878022999731584], [-77.54983800035163, 38.877899999715794], [-77.54987799963628, 38.877791000001444], [-77.54991799981926, 38.877669999660796], [-77.54993100023805, 38.87764300001905], [-77.54995800000222, 38.877580999689116], [-77.54998999978928, 38.8775149998424], [-77.55002599977429, 38.87744299968545], [-77.55009000024671, 38.877352000043174], [-77.55014700014812, 38.87731900002114], [-77.55020300022461, 38.87728900011499], [-77.55027699984446, 38.87725600006371], [-77.55038399997458, 38.877217999773734], [-77.55050299980026, 38.87716800031824], [-77.55064099989254, 38.87712699984333], [-77.55072600028134, 38.87710600027324], [-77.55079800025136, 38.87707899971786], [-77.55084599993195, 38.87705199985158], [-77.550877999719, 38.87702299988012], [-77.55089100013778, 38.87700799986613], [-77.55089799981047, 38.87699499994473], [-77.550921000275, 38.87695500011775], [-77.55108699995635, 38.876687999979254], [-77.55122000002576, 38.87644800034229], [-77.55134499969923, 38.876239999675], [-77.55138499988219, 38.87617299992219], [-77.55146299970001, 38.87602800025129], [-77.55152799999733, 38.875932999944744], [-77.55158800027178, 38.87584399989572], [-77.55160300034039, 38.87582400001083], [-77.55164599999812, 38.87576899994862], [-77.55171499959509, 38.87569399992232], [-77.55176200034906, 38.87564300002711], [-77.55183799961873, 38.87559200009525], [-77.55190000044132, 38.87556300022743], [-77.55195800016764, 38.87552499973154], [-77.5520040001984, 38.87548499977654], [-77.5520269997646, 38.87542599987179], [-77.55202799958951, 38.87540900007974], [-77.55203199978749, 38.87534000010064], [-77.55201699971887, 38.875266999765955], [-77.55199900017551, 38.8752109998991], [-77.55194700029699, 38.875141999727724], [-77.55176399999888, 38.87494999996259], [-77.55167699996024, 38.874847999767105], [-77.55166100006672, 38.87482999975851], [-77.55160099979226, 38.874775999705484], [-77.55153300002019, 38.87471399967171], [-77.55144400033174, 38.87466100031061], [-77.55139400010303, 38.87462999990064], [-77.55133600037671, 38.874581000104925], [-77.55128799979781, 38.87452799994526], [-77.55122599987354, 38.87443700006719], [-77.5511809996677, 38.874351999883714], [-77.55112899978916, 38.87429700008103], [-77.55105799964406, 38.8742000000838], [-77.55103599990274, 38.87416399973388], [-77.55100599976552, 38.87408800002322], [-77.55099400006995, 38.874059000241026], [-77.55094999968901, 38.87396300000944], [-77.55090700003132, 38.87386600025571], [-77.5508500001299, 38.87377300004309], [-77.55081199959675, 38.87370299978016], [-77.55078599965748, 38.87362899976697], [-77.5507379999769, 38.873494000073705], [-77.55070000034206, 38.87336600011736], [-77.55067299967958, 38.87320899980142], [-77.55067199985467, 38.87308800005191], [-77.55067000020485, 38.87296800020087], [-77.55068299972531, 38.872869999682706], [-77.55069500031921, 38.872829000225096], [-77.55071399968746, 38.87276200005415], [-77.55072899975607, 38.87271599999413], [-77.55073299995404, 38.87270199987874], [-77.55075200022061, 38.87264600008901], [-77.55078400000765, 38.87256400019234], [-77.55080499992405, 38.87250999981643], [-77.5508569998026, 38.872414000290135], [-77.55086600002342, 38.87239799989023], [-77.55095100041224, 38.87228499967344], [-77.551033000428, 38.872204000174946], [-77.55107699991062, 38.87215999998561], [-77.55135800011801, 38.87191200018929], [-77.55140499997367, 38.871870000059126], [-77.5514550002024, 38.871825999663045], [-77.55151299992872, 38.871769999882495], [-77.551538999868, 38.871727000245826], [-77.55153600039324, 38.87169499983252], [-77.55153499967001, 38.871682000338026], [-77.55148100014166, 38.87158300002089], [-77.55141400019451, 38.87145799979791], [-77.55137200036172, 38.87138699992583], [-77.55131700011012, 38.87129199971034], [-77.55127100007937, 38.87120400027347], [-77.55122699969844, 38.871129999756654], [-77.55117900001787, 38.87106500034492], [-77.55113600036017, 38.87099799990998], [-77.55109199997923, 38.870938999777366], [-77.55107899956045, 38.87086499968406], [-77.55107500026081, 38.870843999662455], [-77.55106600003997, 38.87078799980765], [-77.55104099992562, 38.87071099984779], [-77.5510190001843, 38.87065700016227], [-77.55098700039726, 38.87060200029795], [-77.55094700021428, 38.87054399997525], [-77.55091899972687, 38.87049699973934], [-77.55086699984834, 38.87040699973662], [-77.5508500001299, 38.87027799967386], [-77.55083400023638, 38.87019800012999], [-77.55081099977184, 38.87013100027656], [-77.55078300018276, 38.870055999896024], [-77.55074399982469, 38.869986000168836], [-77.55069699996902, 38.86992599974835], [-77.55063699969456, 38.8698720001659], [-77.55058200034131, 38.86983400012427], [-77.55055200020406, 38.86981399994697], [-77.55047900040914, 38.86973399988089], [-77.55042099978449, 38.86965099997069], [-77.55036399988309, 38.86956599965891], [-77.55032000040049, 38.869487000166586], [-77.55027900039259, 38.86938999989966], [-77.55022999998879, 38.86927900010959], [-77.550180999585, 38.86920499968701], [-77.5501460003232, 38.86916199989751], [-77.55007900037604, 38.86911600030538], [-77.54997100042102, 38.86906899982471], [-77.54988799968201, 38.8690209998523], [-77.54982999995572, 38.86897000006471], [-77.54981900008505, 38.86893399986351], [-77.54981599971201, 38.86892400034834], [-77.5498090000393, 38.86890200029097], [-77.54978700029801, 38.86880300029844], [-77.54976499965838, 38.868692999756455], [-77.54974799993994, 38.86859000020731], [-77.54971500032798, 38.868502999691025], [-77.5496380003351, 38.868403999842194], [-77.54954200007562, 38.868320999777936], [-77.5494779996032, 38.86825800023749], [-77.54945199966393, 38.868231999988986], [-77.54940999983113, 38.86819700028506], [-77.54936899982326, 38.86816300003663], [-77.54928199978463, 38.8681129998063], [-77.54922300023338, 38.86807400004982], [-77.54918999972311, 38.86798899995061], [-77.54919399992107, 38.86795599977768], [-77.54919700029413, 38.86793100029355], [-77.5492159996624, 38.867871999713586], [-77.54926900026413, 38.867796000269486], [-77.54933100018843, 38.867728000072184], [-77.54941499985401, 38.86767000020218], [-77.54948599999912, 38.86761399994516], [-77.5495760004108, 38.86755099977816], [-77.54966400027435, 38.86746999978115], [-77.54968699984057, 38.86744699979107], [-77.5497310002215, 38.86737700029245], [-77.54983400015367, 38.86726700034159], [-77.54992700004009, 38.86718300016281], [-77.55008000020096, 38.86706899986127], [-77.55011199998802, 38.86705399984477], [-77.5501399995771, 38.86704100020097], [-77.55020400004953, 38.86701100015305], [-77.55025000008028, 38.86698500014792], [-77.55032399970013, 38.866941999715024], [-77.55034600033974, 38.866926000181664], [-77.55039800021827, 38.8668879999641], [-77.55045699976951, 38.86684399998132], [-77.55061300030344, 38.866739000166646], [-77.55071899971033, 38.86668699994792], [-77.55085199977972, 38.86660100009446], [-77.55098200037438, 38.866512999746405], [-77.5511170000936, 38.86644499972071], [-77.55115700027658, 38.86642300029506], [-77.551286000148, 38.86634700000135], [-77.55132600033096, 38.86632400034739], [-77.55140400014878, 38.866278000317706], [-77.5515050004311, 38.86620599996822], [-77.55164199980014, 38.866092999700136], [-77.55176099962584, 38.865984000063634], [-77.5518429996416, 38.86590699979618], [-77.55187600015188, 38.865876999969174], [-77.55190499956588, 38.86585100024877], [-77.55199699962738, 38.86577099991944], [-77.55202299956665, 38.86574599966694], [-77.5520410000083, 38.865728000151165], [-77.5521029999326, 38.86566700012616], [-77.55219800036716, 38.86558799979818], [-77.5523010002993, 38.86550399973381], [-77.55237300026933, 38.865430999788835], [-77.55239599983555, 38.86540700032707], [-77.55241199972907, 38.86538300015779], [-77.5524760002015, 38.865288000311715], [-77.55252899990495, 38.86522100002728], [-77.55254599962339, 38.86519900022288], [-77.55263199983712, 38.86508899969988], [-77.55269100028664, 38.86498100013988], [-77.55269600030952, 38.86496999985165], [-77.5527370003174, 38.864882000282485], [-77.55275400003583, 38.864850999804254], [-77.55278699964781, 38.86478900020613], [-77.55279800041677, 38.86476000012736], [-77.55282400035604, 38.864672000298256], [-77.55284899957208, 38.86455999991319], [-77.55285000029531, 38.864474999809175], [-77.55285199994515, 38.864383999651025], [-77.55285199994515, 38.864296000056], [-77.55282500018096, 38.864214999847675], [-77.552784999998, 38.864152000165824], [-77.55275200038602, 38.86410900011782], [-77.55273599959418, 38.86408699996932], [-77.55272399989862, 38.8640829997508], [-77.55266699999721, 38.864061000293724], [-77.55259199965414, 38.86405599984387], [-77.55252300005718, 38.86407600024225], [-77.55246600015576, 38.86411300033482], [-77.5524350001936, 38.86414499996459], [-77.55242400032297, 38.86415599968098], [-77.55234399995702, 38.86420299991259], [-77.55223199980402, 38.86424700013096], [-77.55208100019128, 38.86429499982948], [-77.5519489999468, 38.86433499978663], [-77.55180500000677, 38.864362999813196], [-77.55162500008171, 38.86439300027905], [-77.55149200001232, 38.86439699978066], [-77.5513780002095, 38.8643920000539], [-77.55118599969057, 38.864383999651025], [-77.55103599990274, 38.864368999767485], [-77.5509560004351, 38.864359999835834], [-77.55089600016066, 38.86434999967734], [-77.55075899989329, 38.86432500032404], [-77.55067400040281, 38.86430200001595], [-77.55059400003687, 38.864281000153895], [-77.55056499972454, 38.864272999738525], [-77.55036999973089, 38.86419500018786], [-77.55022199959288, 38.86410399967134], [-77.55015399982082, 38.86405500031344], [-77.55010399959208, 38.86401999995204], [-77.55009600009448, 38.86401200020672], [-77.55002099975141, 38.86393199990649], [-77.54987199978851, 38.86384699975115], [-77.54970500028224, 38.86374899994788], [-77.54954799992339, 38.863667000279925], [-77.5494979996947, 38.86364399975897], [-77.5494480003643, 38.863620999930056], [-77.5493570001277, 38.86357899979752], [-77.54921900003544, 38.86350599997434], [-77.54911600010327, 38.86344599968036], [-77.54905800037695, 38.863411999957535], [-77.54885900018533, 38.86330599972999], [-77.54860800011517, 38.8631879999375], [-77.54849699978706, 38.86313200034678], [-77.54836299989276, 38.86305499978837], [-77.54828599989987, 38.86300899974203], [-77.54822099960255, 38.862971000228704], [-77.54814100013492, 38.8629170002595], [-77.54808199968538, 38.86285200033286], [-77.54806400014203, 38.86277599971911], [-77.54808500005842, 38.86270099997258], [-77.548132999739, 38.86262600014694], [-77.54820300005922, 38.86252399975347], [-77.54824999991486, 38.86246400002973], [-77.54828300042514, 38.86242399971947], [-77.54850099998504, 38.862211999657795], [-77.54862599965851, 38.86209100007503], [-77.54870600002445, 38.86201099971176], [-77.54882900004809, 38.86189700021026], [-77.54891600008673, 38.861814999805354], [-77.5489980001025, 38.86171500017314], [-77.54905800037695, 38.86162099988704], [-77.54911500027836, 38.8614989997322], [-77.54916899980671, 38.86136499965341], [-77.54917999967738, 38.86131800034377], [-77.54919999976885, 38.861227999912145], [-77.54924699962453, 38.86110899989713], [-77.54931500029491, 38.86097999974992], [-77.54937100037141, 38.86086700026916], [-77.54947299958033, 38.860705000341305], [-77.54957200021285, 38.860573000023535], [-77.5496380003351, 38.86048300004797], [-77.5497300003966, 38.86041799999473], [-77.54985900026801, 38.860342999859476], [-77.54996600039814, 38.86029000027583], [-77.54997999974354, 38.86028299969437], [-77.55012600023173, 38.860199999942026], [-77.55028299969223, 38.86008899979321], [-77.55040499989097, 38.8599810003328], [-77.55044599989886, 38.85994499977671], [-77.55073200012912, 38.859702999684835], [-77.55089299978759, 38.85956899971909], [-77.55104199975051, 38.859451000020385], [-77.55118499986565, 38.85931200019526], [-77.55124099994215, 38.85926200003571], [-77.55133600037671, 38.85919700026542], [-77.5514130003696, 38.85910100024847], [-77.55143699976072, 38.859066000246486], [-77.55148799981436, 38.8589910000843], [-77.55150999955566, 38.85895099991881], [-77.551538999868, 38.85890100020491], [-77.55155700030964, 38.85885900008236], [-77.55157599967791, 38.858816000330876], [-77.55159599976938, 38.858760000095], [-77.55161500003597, 38.8586969997769], [-77.55163799960218, 38.858591000215036], [-77.55163799960218, 38.858580000337206], [-77.55164199980014, 38.85848900032904], [-77.55163500012745, 38.85838200014737], [-77.55162799955643, 38.858281999884376], [-77.55162199970866, 38.85818700034367], [-77.55161400021106, 38.858095000218334], [-77.55160599981514, 38.85799700018204], [-77.55162599990662, 38.857913999860074], [-77.55163699977727, 38.85784200013441], [-77.55167500031042, 38.857752999818956], [-77.55168799983089, 38.857673999791515], [-77.55167500031042, 38.85760199982286], [-77.55164900037114, 38.857540999821516], [-77.55165100002098, 38.857470999663796], [-77.55166000024181, 38.857432999989015], [-77.55167500031042, 38.85738800012695], [-77.55171499959509, 38.85732399966787], [-77.55175599960296, 38.85728300033813], [-77.55183400031908, 38.85724299991145], [-77.55192100035771, 38.8572220000632], [-77.55203199978749, 38.857207999694545], [-77.55211200015341, 38.8571920000693], [-77.55212999969677, 38.857175999740946], [-77.55217200042789, 38.85713900023574], [-77.55222199975829, 38.85706899968233], [-77.55223400035216, 38.85705399965466], [-77.55225400044365, 38.85702600024753], [-77.55231399981979, 38.85690999978813], [-77.55233200026146, 38.85687599973823], [-77.55239099981267, 38.856738000109445], [-77.5524350001936, 38.856629999757025], [-77.55246500033084, 38.8565629997085], [-77.55247799985132, 38.856533000136196], [-77.55249600029298, 38.85648399975817], [-77.55250899981345, 38.85644699989298], [-77.55250999963837, 38.85641399995908], [-77.55251200018651, 38.85637900003373], [-77.55250899981345, 38.85636700017525], [-77.55249600029298, 38.856317999682894], [-77.55246100013288, 38.8562789997523], [-77.55240500005638, 38.85624100014009], [-77.55232300004062, 38.85618899993837], [-77.5522159999105, 38.85613699969863], [-77.55212300002408, 38.8560799998092], [-77.55204000018341, 38.85600199966552], [-77.5519139997867, 38.85592800011383], [-77.55178099971731, 38.85585999975838], [-77.55163500012745, 38.85578600005889], [-77.55152499962428, 38.85572899988815], [-77.55140499997367, 38.85566500003469], [-77.55128299977495, 38.85560100012364], [-77.55127000025448, 38.85559199978175], [-77.55117599964483, 38.85552100015387], [-77.55109899965193, 38.85547799978316], [-77.55099499989487, 38.85542599972307], [-77.55087000022138, 38.85538700000287], [-77.55075200022061, 38.85536499995394], [-77.55062900019695, 38.855360000291654], [-77.5504690003634, 38.85532099983566], [-77.55031899967724, 38.855272999675634], [-77.55006699978216, 38.85516299988621], [-77.54997899991862, 38.85512499967771], [-77.54984800039739, 38.85506900003308], [-77.5495820002586, 38.85494299979693], [-77.54935499957955, 38.85482799979743], [-77.54912399960088, 38.854718000019325], [-77.54889199979728, 38.85461699983788], [-77.54880700030678, 38.85458100006409], [-77.54866699966638, 38.85452299996269], [-77.54853299977208, 38.854462999783905], [-77.54843499986279, 38.85441800014127], [-77.54824300024218, 38.8543369998733], [-77.54813199991409, 38.85429200015094], [-77.54807400018777, 38.854269000095314], [-77.54800999971536, 38.85423599985043], [-77.54792299967671, 38.85419199973325], [-77.54783399998826, 38.85414499988009], [-77.54776299984314, 38.8541069998273], [-77.54765700043625, 38.85402900031802], [-77.54755799980373, 38.85393699971066], [-77.54750099990233, 38.85384800010477], [-77.54746900011527, 38.853794000203166], [-77.54744499982583, 38.85375500028759], [-77.5474080000159, 38.8536580002434], [-77.54736299981008, 38.853532999984196], [-77.5473369998708, 38.85339500016484], [-77.54732500017522, 38.85326800007927], [-77.54731599995439, 38.85313500026437], [-77.54732199980218, 38.8530679997216], [-77.54732699982506, 38.85301300024176], [-77.54735299976433, 38.85291399981154], [-77.54739999961998, 38.852783000111664], [-77.54745400004667, 38.85267799982022], [-77.5475279996665, 38.852604999999286], [-77.54756200000169, 38.85255099985352], [-77.54763399997172, 38.852447000312374], [-77.54773799972878, 38.85235199997303], [-77.54783300016334, 38.85223999977082], [-77.54790900033133, 38.85213900026804], [-77.54798200012627, 38.85204200011872], [-77.54812400041648, 38.851824000274114], [-77.54819800003634, 38.85170099969788], [-77.54823700039438, 38.85163699971776], [-77.54834699999925, 38.85144200030874], [-77.54842999983991, 38.8513230000085], [-77.5485400003431, 38.85118500009884], [-77.54867300041248, 38.85102200008879], [-77.54882900004809, 38.85084000020279], [-77.54897100033833, 38.85065499999516], [-77.5491110000804, 38.85049200016982], [-77.54919899994394, 38.85037499982452], [-77.54926599989109, 38.850285000235246], [-77.54941700040216, 38.85013399977454], [-77.54948699982404, 38.850064000022115], [-77.5495749996876, 38.84997600019566], [-77.54974899976486, 38.84978400032359], [-77.54987299961343, 38.849638999996586], [-77.54991299979638, 38.84959700000102], [-77.55000200038316, 38.84950200005292], [-77.5501110001631, 38.84937200010243], [-77.55022099976796, 38.849236999821684], [-77.55027099999668, 38.84916999980489], [-77.55029699993594, 38.84913499981277], [-77.55032100022538, 38.849096999881816], [-77.55036399988309, 38.84902800024979], [-77.55041300028688, 38.84892699968434], [-77.55042400015755, 38.848895000202525], [-77.5504419997009, 38.848813999941434], [-77.55042300033263, 38.84872899990514], [-77.55040300024115, 38.84866799998934], [-77.55030500033186, 38.84847999978217], [-77.55022900016388, 38.84838999989419], [-77.55010199994226, 38.848242000266104], [-77.54997300007084, 38.84804499973508], [-77.54985800044312, 38.847879000252696], [-77.54979800016865, 38.84778400010914], [-77.54974399974198, 38.847699000241406], [-77.54966900029723, 38.847538000164114], [-77.54959399995417, 38.84739300015638], [-77.54956999966471, 38.84728999983627], [-77.5495839999084, 38.847214000081784], [-77.54961499987057, 38.84714400025452], [-77.54962200044156, 38.84712699999624], [-77.5496459998327, 38.84706000009107], [-77.54962200044156, 38.846981000080035], [-77.54960999984769, 38.84695799975922], [-77.54957300003777, 38.846887999680064], [-77.54951100011348, 38.8467919998393], [-77.54944099979328, 38.84670400016299], [-77.54934200005908, 38.84664399968525], [-77.54916700015688, 38.846592999939034], [-77.54900099957722, 38.84655299979693], [-77.54889599999524, 38.846536999873734], [-77.5488159996293, 38.84655400027305], [-77.5487520000552, 38.84660899984963], [-77.54873899963641, 38.8466390001096], [-77.54870900039748, 38.84671199975642], [-77.54865900016877, 38.84680999995051], [-77.548605999567, 38.84688499966513], [-77.54851600005364, 38.84695000019344], [-77.5484139999464, 38.846981000080035], [-77.54829599994561, 38.847006999703645], [-77.54823599967116, 38.846999999913585], [-77.54815600020353, 38.846990999882564], [-77.54806699961675, 38.84696800026461], [-77.54796799988256, 38.8469239998493], [-77.54786199957735, 38.846841999670495], [-77.5477739997138, 38.84675700007649], [-77.54766699958367, 38.84664099966003], [-77.54756799984946, 38.84652600023054], [-77.54746900011527, 38.84641199969399], [-77.54738299990154, 38.846338999739295], [-77.54727099974856, 38.84625800006609], [-77.54719499958057, 38.84622999990713], [-77.54716699999148, 38.846220999778694], [-77.54700200013505, 38.84621300013005], [-77.54688300030935, 38.84622699986445], [-77.54681800001204, 38.84623900003438], [-77.54675100006489, 38.84625100020229], [-77.54661799999549, 38.846293999854474], [-77.54657199996474, 38.84630900005246], [-77.54646099963665, 38.846347999852746], [-77.54631000002392, 38.84640300028822], [-77.54616799973368, 38.84646499982503], [-77.54602399979365, 38.84652300020039], [-77.54589900012017, 38.846592000163106], [-77.5457879997921, 38.84667799972899], [-77.5456820003852, 38.846770999703836], [-77.54565999974558, 38.84679700010384], [-77.54559199997351, 38.84689599995246], [-77.54557799972982, 38.846917000051015], [-77.54551599980553, 38.84705300030617], [-77.5454849998434, 38.84716900005084], [-77.54545300005633, 38.84731000005274], [-77.54544600038366, 38.8474760001632], [-77.54544600038366, 38.84756200005969], [-77.54545200023144, 38.84764799985221], [-77.54547700034578, 38.847717999883194], [-77.54549800026219, 38.847735999760054], [-77.54554699976767, 38.84777699969589], [-77.54563999965409, 38.847810999897725], [-77.54583299999794, 38.847853000248136], [-77.54602399979365, 38.84788899992905], [-77.54609800031182, 38.84790200027575], [-77.54616500025895, 38.847914000163144], [-77.54634900038197, 38.84794600008618], [-77.54649400014694, 38.847986000144644], [-77.54662899986614, 38.848023999969485], [-77.54677199998127, 38.84806699994931], [-77.54684899997417, 38.84808699994733], [-77.54694500023363, 38.84808999991153], [-77.5470470003409, 38.84807899980888], [-77.54710900026517, 38.84807400033402], [-77.54717299983926, 38.84807700029881], [-77.54722300006799, 38.84808100001845], [-77.54724099961133, 38.84808199977341], [-77.54739299994729, 38.84812900013474], [-77.54746300026748, 38.84815899975374], [-77.547519000344, 38.84818199968627], [-77.54759600033688, 38.84822699977607], [-77.54761800007819, 38.84823900030827], [-77.54764400001746, 38.84827100008511], [-77.54765900008609, 38.8482969999369], [-77.54766800030691, 38.848336000046636], [-77.54765599971302, 38.84839799999768], [-77.5476330001468, 38.848437999801995], [-77.54759600033688, 38.84850400005956], [-77.54750299955215, 38.848648999901656], [-77.54743200030535, 38.848777000283825], [-77.54735699996228, 38.848895000202525], [-77.54729900023595, 38.848987000335384], [-77.54728800036531, 38.84899999978187], [-77.54724200033456, 38.84905200034231], [-77.54722700026595, 38.84905500026586], [-77.54712199978565, 38.8490800000902], [-77.54709599984636, 38.84906499977691], [-77.54705400001357, 38.84903900020576], [-77.54702899989923, 38.84902099995896], [-77.54700499960977, 38.848988999819866], [-77.54697799984558, 38.84895500018099], [-77.54694699988345, 38.84890199980618], [-77.54692099994419, 38.848857999887414], [-77.54690500005066, 38.84882700011916], [-77.54689500000492, 38.84880599988473], [-77.54683999975333, 38.848758999970734], [-77.5467379996461, 38.848748999717046], [-77.54664999978255, 38.84876499984237], [-77.54660999959957, 38.848772000158455], [-77.54646499983461, 38.84881499968614], [-77.54636199990244, 38.84886200026276], [-77.54627599968872, 38.84892500019811], [-77.54622999965798, 38.8489839997094], [-77.54620700009175, 38.84906300029457], [-77.54615299966508, 38.84913400007261], [-77.54610300033467, 38.84918500009604], [-77.54606599962644, 38.84922700033481], [-77.54604800008309, 38.84924799974533], [-77.54603300001448, 38.84926599993469], [-77.5459860001588, 38.84931399995102], [-77.5459650002424, 38.849335000035424], [-77.54588900007442, 38.84941100032243], [-77.54586999980785, 38.84942500012707], [-77.54584800006656, 38.849441000100356], [-77.5458299996249, 38.84945299972815], [-77.5457819999443, 38.849484999658515], [-77.54570999997429, 38.849542999670504], [-77.5456539998978, 38.849596000267354], [-77.54564600040018, 38.84960299980204], [-77.5455989996462, 38.84967700033762], [-77.5455690004073, 38.84975499972214], [-77.54553199969905, 38.84983600031097], [-77.54548099964543, 38.849901999971124], [-77.5454560004294, 38.84991999999498], [-77.54540299982763, 38.849958000185914], [-77.54530900011629, 38.85001000004611], [-77.54524999966675, 38.850040999998505], [-77.54520500035922, 38.850064000022115], [-77.54507999978743, 38.85012200026163], [-77.54496199978666, 38.85016699982383], [-77.5448229998695, 38.850204999882806], [-77.54469099962499, 38.85022900027783], [-77.54460100011164, 38.85024899966802], [-77.54456699977646, 38.85025500011359], [-77.54448899995865, 38.85026300000735], [-77.54445899982142, 38.85026599987984], [-77.54438199982853, 38.85027300004819], [-77.54431499988138, 38.850278000068066], [-77.54420500027652, 38.8502709999002], [-77.54413199958327, 38.85025899971079], [-77.54407999970473, 38.85025000009211], [-77.54399600003914, 38.85021700008133], [-77.54391400002339, 38.850184000055236], [-77.54369599956519, 38.85008600031151], [-77.54344299984518, 38.849968999998076], [-77.54322799976003, 38.849876000006276], [-77.54316300036102, 38.84984599971219], [-77.54310100043674, 38.849818000265806], [-77.54303899961415, 38.849790000108776], [-77.54290700026799, 38.84972299991323], [-77.54287899978057, 38.84970799973553], [-77.54273800021357, 38.84963199976584], [-77.54270399987838, 38.84960400023521], [-77.54267499956607, 38.84958000032894], [-77.54264600015208, 38.84952200034712], [-77.54263899958106, 38.84949199990374], [-77.54263500028141, 38.84946299988286], [-77.54259699974827, 38.84941299979494], [-77.54256699961104, 38.84937899965915], [-77.54253999984687, 38.84934899985508], [-77.54250499968676, 38.84931900003831], [-77.54246100020414, 38.84928100020564], [-77.54236499994467, 38.849219000324545], [-77.54219300041554, 38.84914200009243], [-77.54204899957719, 38.84907900034926], [-77.54199900024679, 38.84905800018929], [-77.54196200043685, 38.84904400031237], [-77.54183400039034, 38.848996000113836], [-77.54176300024523, 38.84896900007543], [-77.54174300015376, 38.848963000220934], [-77.54170299997078, 38.848950999810874], [-77.54167899968132, 38.84894299976957], [-77.54151700019794, 38.84889399975937], [-77.54130799996057, 38.84884399997118], [-77.54127899964824, 38.8488369996622], [-77.54105000021771, 38.84875300009853], [-77.54084000015541, 38.84867699980816], [-77.54061400019962, 38.84858799991726], [-77.54036899997722, 38.84849200027169], [-77.54033600036526, 38.84847800028343], [-77.54023900028088, 38.84843600030202], [-77.54016999978559, 38.84840600010026], [-77.54008399957188, 38.848372000182756], [-77.53997899998987, 38.8483300001388], [-77.53986199981402, 38.848273000289296], [-77.53978200034639, 38.848220999858995], [-77.53974899983612, 38.84818600009964], [-77.53971399967602, 38.84814900011534], [-77.5397050003535, 38.848132999851465], [-77.53965900032274, 38.84805299987736], [-77.53961800031485, 38.84801700027944], [-77.53955200019261, 38.84799200008153], [-77.53952399970521, 38.84799299983774], [-77.53948199987242, 38.84799500004974], [-77.5394169995751, 38.84802199975825], [-77.53939200035906, 38.8480359998363], [-77.53935600037404, 38.848057000297985], [-77.53927299963506, 38.84808799970221], [-77.53918399994659, 38.84808999991153], [-77.53915200015953, 38.84808499973787], [-77.53905199970211, 38.84805599984304], [-77.53891399960985, 38.8479899998694], [-77.53888799967058, 38.847975000025855], [-77.53879899998213, 38.84792099986333], [-77.53876600037016, 38.84790200027575], [-77.53869600004997, 38.84786200017006], [-77.53865099984412, 38.847830000209235], [-77.53858300007207, 38.84777899991396], [-77.53849000018563, 38.84771400014309], [-77.53838300005552, 38.84768500009702], [-77.53824300031343, 38.847705999962685], [-77.53808799960443, 38.84773400024036], [-77.53795000041046, 38.84775400033205], [-77.53779499970145, 38.84778900030395], [-77.53767099985289, 38.84780199996935], [-77.53755500040026, 38.847793000039786], [-77.53739700021652, 38.847761000047925], [-77.53726400014712, 38.84773500000024], [-77.53712400040504, 38.847709999703234], [-77.53696899969603, 38.84769600026066], [-77.53681200023551, 38.84768500009702], [-77.53679999964162, 38.84768299987631], [-77.53664099963297, 38.84765399981756], [-77.53647800032466, 38.847606999842036], [-77.53630199969925, 38.84751599978629], [-77.53617200000292, 38.8474500000113], [-77.53602899988778, 38.847382999710725], [-77.53599100025293, 38.84736799973919], [-77.53586999987913, 38.84749100011195], [-77.53576799977186, 38.84759499990285], [-77.53573900035785, 38.84762399998566], [-77.53568599975608, 38.84767799967399], [-77.53534000014969, 38.848029999903126], [-77.520323000089, 38.86329000007784], [-77.51931299996053, 38.8643159996874], [-77.51874200022324, 38.864895999839725], [-77.51854899987939, 38.86509299986173], [-77.51848000028241, 38.86516199999601], [-77.5181909996791, 38.86545600015211], [-77.51806299963258, 38.86558600008088], [-77.51798099961681, 38.865668999841176], [-77.51796999974616, 38.865681000228285], [-77.51793600030929, 38.8657140000583], [-77.51792500043864, 38.8657269999448], [-77.5175210002076, 38.866135999947105], [-77.51595299986232, 38.86772900025041], [-77.51589799961074, 38.86778499971739], [-77.51578499963284, 38.86789999974596], [-77.5157400003253, 38.86794499994983], [-77.51484399999966, 38.86885400020586], [-77.51240899964108, 38.871329000243726], [-77.51211099971523, 38.871637999825545], [-77.51038199971148, 38.87338800019183], [-77.51003600010507, 38.87373899966421], [-77.50966500038432, 38.87411599970524], [-77.50813600039709, 38.87566800029572], [-77.50800900017548, 38.875796999667685], [-77.5060809999801, 38.87775600010904], [-77.50602699955343, 38.8778099999958], [-77.50580899999355, 38.87803200003141], [-77.50330400021306, 38.880574999920725], [-77.50296000025646, 38.88092300028342], [-77.50261600029988, 38.88127300031563], [-77.50257299974388, 38.88131599977114], [-77.50253400028413, 38.88135599994054], [-77.50238699997102, 38.881505999850724], [-77.50234099994026, 38.881553999783094], [-77.50232000002389, 38.88157400015328], [-77.5022150004419, 38.88167999971355], [-77.50212800040326, 38.88176900014575], [-77.50207200032676, 38.88182599971975], [-77.4970560000197, 38.88691799998615], [-77.49682099984305, 38.887154000302516], [-77.49574700014051, 38.88824599990293], [-77.4956330003377, 38.88836300016307], [-77.49267300027256, 38.891366999703024], [-77.4921279995762, 38.89191799987202], [-77.49195600004705, 38.89209399977525], [-77.49187200038148, 38.892178999711426], [-77.48502099976547, 38.89912799991434], [-77.48395600028374, 38.90021099970759], [-77.48196500033916, 38.90223099966162], [-77.48148999996302, 38.90271399985829], [-77.48128499992359, 38.90292100023501], [-77.47999299976283, 38.90423200025727], [-77.47985399984566, 38.90437300034074], [-77.47906300000032, 38.905176000187645], [-77.47902199999245, 38.905216999854304], [-77.47872700043968, 38.905516000304864], [-77.47869700030245, 38.90556299974676], [-77.47680599991696, 38.907469000025145], [-77.47571899979563, 38.908570999970756], [-77.47529799984616, 38.90899799987822], [-77.4746180003289, 38.90968700010458], [-77.47437599958126, 38.90993300029201], [-77.47354499955294, 38.91077500026564], [-77.47324800035034, 38.9110769997767], [-77.47311100008298, 38.911215000148616], [-77.4730419995877, 38.91128499979911], [-77.4730139999986, 38.911313999763905], [-77.47270600002703, 38.911626000274595], [-77.47267900026286, 38.911653999841135], [-77.47248099989612, 38.911854999875274], [-77.4721689997266, 38.912170999713524], [-77.46967599964168, 38.91469799997796], [-77.46957199988462, 38.91480499994644], [-77.46950099973951, 38.91487699997814], [-77.46744799987064, 38.91695799998529], [-77.46724100018142, 38.917169000090894], [-77.46635800027457, 38.918062999891355], [-77.46565100009484, 38.918779999735825], [-77.46419300025273, 38.92025899997393], [-77.4640159998024, 38.920440000195754], [-77.4618619996512, 38.922623000140945], [-77.46178999968117, 38.92269600003151], [-77.46132699989892, 38.92316600019964], [-77.46123200036266, 38.92326299972628], [-77.45847700033693, 38.92606300026676], [-77.45841700006248, 38.92612799967321], [-77.45814599990084, 38.926391999703625], [-77.45786899989139, 38.926673000255505], [-77.45765399980623, 38.92689199977949], [-77.45759799972974, 38.926949000176585], [-77.45453599955734, 38.930043999722514], [-77.45428399966227, 38.93029899988979], [-77.45390299989576, 38.930685000136336], [-77.45359300027437, 38.93099900000763], [-77.45355999976408, 38.931032000245], [-77.45329799982326, 38.931298000157575], [-77.45234499959622, 38.93226399998313], [-77.45225400025794, 38.93235599981276], [-77.45201099968538, 38.9326019996825], [-77.45183099976033, 38.932784999782044], [-77.45154799990311, 38.933070999950466], [-77.45090199982273, 38.93372600023007], [-77.44813299955328, 38.93653100028777], [-77.4480339998191, 38.936631000126155], [-77.44793300043507, 38.93673400023859], [-77.4471119995542, 38.93756699968646], [-77.44611800021758, 38.93857200027005], [-77.4445220002832, 38.94018999990938], [-77.44092199998546, 38.94383700030582], [-77.44089400039638, 38.94386700004576], [-77.44081700040348, 38.94394800025827], [-77.44041200034754, 38.94435299993256], [-77.43745499975714, 38.94734899991545], [-77.43607700028097, 38.94874500003507], [-77.43598699986927, 38.948835999706944], [-77.43590800022656, 38.948916000097384], [-77.43564700011065, 38.949179999837], [-77.4351299999017, 38.94970299985007], [-77.43511400000818, 38.94972000002087], [-77.43335400004227, 38.95150300005862], [-77.43330100033883, 38.951556000053486], [-77.43253700025768, 38.95232999973364], [-77.43244400037126, 38.95242299976], [-77.4322569998752, 38.95261300026833], [-77.4322150000424, 38.952655999831], [-77.43219800032396, 38.95267299999209], [-77.43177300017652, 38.95310299966978], [-77.4315029998398, 38.95337700008233], [-77.4298199998668, 38.95508000000602], [-77.42963699956867, 38.9552639997185], [-77.42948000010816, 38.95542500021023], [-77.42937899982583, 38.95552299996594], [-77.4293140004268, 38.955592999908085], [-77.4292780004418, 38.95562999982967], [-77.42822099955937, 38.95669899973668], [-77.42808199964219, 38.95683799970238], [-77.42669099974724, 38.95824800015574], [-77.4263369997449, 38.958604999659855], [-77.4261459999492, 38.95880100001987], [-77.42607700035222, 38.95886999992496], [-77.42474300035869, 38.96022099976461], [-77.42442199996832, 38.96054600031594], [-77.42361500022945, 38.96136300016847], [-77.42310300004337, 38.9618809998374], [-77.42290999969953, 38.96207400017496], [-77.42285199997322, 38.96213400027052], [-77.4228150001633, 38.96217300006092], [-77.4228029995694, 38.96218500020699], [-77.42278800039911, 38.962199999688266], [-77.42271899990381, 38.96226899977586], [-77.42265500032971, 38.962334000222036], [-77.42250499964358, 38.96248599994729], [-77.42241599995512, 38.962578999917056], [-77.4222810002359, 38.962712999734], [-77.4222179995884, 38.96277499976161], [-77.42206600015075, 38.962928000172155], [-77.42195499982266, 38.9630429997976], [-77.42189500044653, 38.96310599976832], [-77.42182799960106, 38.9631719996776], [-77.42182000010345, 38.963178999897195], [-77.42179199961605, 38.96320500030767], [-77.42031299985754, 38.96471000017586], [-77.42024599991039, 38.964773000061165], [-77.41870199985456, 38.96633599980019], [-77.41854399967082, 38.96649600009514], [-77.41680899981928, 38.96825000018393], [-77.41678399970492, 38.96827700028906], [-77.41556299968927, 38.969513000135755], [-77.41474300042994, 38.97034300023767], [-77.4143450000467, 38.97074400014372], [-77.4140370000751, 38.97105699987566], [-77.41388499973914, 38.97120899974185], [-77.41352400006411, 38.9715729996762], [-77.41343000035279, 38.97167100014473], [-77.41322399959014, 38.97187999998544], [-77.41305500043406, 38.972049999989146], [-77.41238500006425, 38.972727999921844], [-77.4114460000809, 38.973678999687664], [-77.41031100027898, 38.97482700004241], [-77.41021099982156, 38.974927999695204], [-77.40880499985798, 38.97635099966811], [-77.40856800003152, 38.976591000260235], [-77.40435599998861, 38.98085100006197], [-77.40345800001315, 38.98176000031513], [-77.40274599981052, 38.98247300010849], [-77.4026529999241, 38.982565999673604], [-77.4026310001828, 38.98258800012351], [-77.40257000008343, 38.98264900025601], [-77.40254900016703, 38.98266900007053], [-77.40250899998406, 38.982708999682636], [-77.40241600009763, 38.9828070001031], [-77.40236599986892, 38.98285999972534], [-77.40230300011973, 38.982926000082145], [-77.40227399980742, 38.982956999985184], [-77.40214099973802, 38.98309200030561], [-77.40095499988249, 38.98429200029686], [-77.3991539999087, 38.98611300034602], [-77.39843800040644, 38.98683900034548], [-77.39750600009579, 38.987780000292545], [-77.39741900005717, 38.98786799975923], [-77.39696999962028, 38.98832299987476], [-77.39630000014877, 38.98899999983851], [-77.39622399998078, 38.989077999836084], [-77.3947529997199, 38.990564000290064], [-77.39449099977905, 38.99082700000779], [-77.39433799961819, 38.99098399991772], [-77.39428599973965, 38.991035999864465], [-77.39237099996306, 38.992972999987934], [-77.3914799996603, 38.99387300001517], [-77.39131900000181, 38.99403600031721], [-77.39112400000813, 38.99423300017263], [-77.38584800030841, 38.99956699975436], [-77.3855939998652, 38.99982199972434], [-77.38520399987786, 39.000218000295305], [-77.38138699984513, 39.00407700017731], [-77.3809680004438, 39.00450000022337], [-77.38091300019221, 39.00455599999368], [-77.38047700017411, 39.00499699977711], [-77.3804689997782, 39.005004000050654], [-77.38012200034687, 39.005354999915944], [-77.38003100011028, 39.00544699979941], [-77.38000699982084, 39.005471000083155], [-77.37968899980352, 39.005793000019935], [-77.37952399994707, 39.0059619999422], [-77.37951100042659, 39.005974999973205], [-77.37914400000548, 39.00634999989258], [-77.37834399993932, 39.00716099999876], [-77.37829999955838, 39.00720500026108], [-77.37805699988414, 39.00744799977308], [-77.37721800035823, 39.008298999664476], [-77.37672000041587, 39.008803000346425], [-77.37598499974871, 39.00954399995067], [-77.37594399974083, 39.00958500000452], [-77.37575100029528, 39.00978100027403], [-77.37574200007447, 39.00978999991724], [-77.3757150003103, 39.009817000236026], [-77.37569799969354, 39.00983500021013], [-77.3756109996549, 39.00992300017276], [-77.37470600000674, 39.010839000199084], [-77.37464900010535, 39.01089600009213], [-77.37458399980801, 39.0109579998134], [-77.37408400021582, 39.011464000190344], [-77.37355799978604, 39.01199899970433], [-77.3734990002348, 39.01205600005853], [-77.3734709997474, 39.01208399975035], [-77.37346099970165, 39.01209500027437], [-77.37336699999034, 39.01219500026425], [-77.37292799959918, 39.012628000138385], [-77.37291199970565, 39.01264499986498], [-77.37202799997391, 39.01354500024833], [-77.37158000026024, 39.013998000268], [-77.37153199968135, 39.014048999843496], [-77.37133500003786, 39.0142470000229], [-77.37131599977128, 39.014265000265546], [-77.37110300023427, 39.01447999982364], [-77.37097600001266, 39.01460900022193], [-77.37050800020752, 39.01507100007491], [-77.37043500041258, 39.01515300003256], [-77.37041000029822, 39.01517699981493], [-77.37038900038182, 39.0152000000931], [-77.36903000027392, 39.01657399995269], [-77.36883000025739, 39.01678699982515], [-77.36860099992852, 39.01700899987446], [-77.36856800031656, 39.01704000020318], [-77.36823600005553, 39.01737600001205], [-77.36803400038919, 39.017571000166], [-77.36669399964953, 39.0189339998629], [-77.36653700018901, 39.01909500007831], [-77.36651500044772, 39.01911700033942], [-77.36620400010308, 39.01943099989321], [-77.3660579996149, 39.0195790000529], [-77.36566000012995, 39.01998299991154], [-77.36546000011342, 39.02018500002205], [-77.36536499967886, 39.020278999704], [-77.36528500021123, 39.02035999978254], [-77.36510000026331, 39.020545999715175], [-77.36494799992734, 39.02070099975055], [-77.36483699959925, 39.02081300011392], [-77.36480900001017, 39.020839999713886], [-77.36395000039278, 39.021715000036885], [-77.36377899979023, 39.02188599980017], [-77.3637620000718, 39.02190199999356], [-77.36329599991647, 39.022374999975135], [-77.36293600006636, 39.022737999827335], [-77.36290900030218, 39.022766000174954], [-77.36280100034715, 39.02287399971693], [-77.36265599968388, 39.02302299973178], [-77.3625019996981, 39.02317699983866], [-77.36240799998676, 39.02327299988962], [-77.3621510000688, 39.02353299992549], [-77.36185399996789, 39.02383499994247], [-77.36121700010835, 39.02447799996073], [-77.3607280003868, 39.02496999982161], [-77.35996500013056, 39.02573900017524], [-77.35988599958954, 39.02582000027906], [-77.3588269999556, 39.026888999923905], [-77.35878799959754, 39.02692999969154], [-77.35872499984835, 39.02699200000984], [-77.35870499975687, 39.02701299988021], [-77.35784000029167, 39.027886999851596], [-77.35782100002511, 39.0279030000825], [-77.35758900022152, 39.02814799967661], [-77.35752099955114, 39.02821999972347], [-77.35718499999047, 39.028555000130275], [-77.35716700044712, 39.0285740002245], [-77.35643000013015, 39.02931199993265], [-77.35603699976978, 39.02970400013324], [-77.35568899961521, 39.03005300026081], [-77.35506699982429, 39.03067700002075], [-77.354744999609, 39.03100200024336], [-77.35387199974791, 39.03187399982043], [-77.35380399997585, 39.031940999775], [-77.35368599997507, 39.032063000029], [-77.35335100023931, 39.03240100021621], [-77.35312699993334, 39.03262899976808], [-77.3524909998987, 39.03326499977191], [-77.35178200006914, 39.03398300008228], [-77.35170000005337, 39.034064999737176]]]}}]}