sep=;
"Location";"Date";"NO2 (ppb)";"VOCs (ppb)";"PM2.5 (µg/m³)"
"Broad Run HS";"Aug 10, 2026, 23:00:00";"8.7";"424.33";"6.79"
"Broad Run HS";"Aug 10, 2026, 22:00:00";"8.09";"412.75";"4.93"
"Broad Run HS";"Aug 10, 2026, 21:00:00";"8.87";"366.9";"5.94"
"Broad Run HS";"Aug 10, 2026, 20:00:00";"10.99";"360.93";"5.5"
"Broad Run HS";"Aug 10, 2026, 19:00:00";"14.45";"339";"5.89"
"Broad Run HS";"Aug 10, 2026, 18:00:00";"14.95";"251.4";"7.13"
"Broad Run HS";"Aug 10, 2026, 17:00:00";"18.14";"109.89";"6.98"
"Broad Run HS";"Aug 10, 2026, 16:00:00";"0.8";"0";"16.86"
"Broad Run HS";"Aug 10, 2026, 15:00:00";"0";"0.36";"18.54"
"Broad Run HS";"Aug 10, 2026, 14:00:00";"0.06";"2.3";"19.9"
"Broad Run HS";"Aug 10, 2026, 13:00:00";"0";"11.82";"21.26"
"Broad Run HS";"Aug 10, 2026, 12:00:00";"0";"26.33";"17.78"
"Broad Run HS";"Aug 10, 2026, 11:00:00";"0";"72.6";"22.32"
"Broad Run HS";"Aug 10, 2026, 10:00:00";"0";"151.99";"18.17"
"Broad Run HS";"Aug 10, 2026, 09:00:00";"2.02";"258.99";"14.44"
"Broad Run HS";"Aug 10, 2026, 08:00:00";"4.69";"354.73";"11.36"
"Broad Run HS";"Aug 10, 2026, 07:00:00";"4.5";"354.81";"12.7"
"Broad Run HS";"Aug 10, 2026, 06:00:00";"2.04";"354.81";"15.44"
"Broad Run HS";"Aug 10, 2026, 05:00:00";"2.66";"358";"15.63"
"Broad Run HS";"Aug 10, 2026, 04:00:00";"3.44";"329.21";"16.24"
"Broad Run HS";"Aug 10, 2026, 03:00:00";"4.29";"268.47";"15.25"
"Broad Run HS";"Aug 10, 2026, 02:00:00";"4.39";"199.66";"14.54"
"Broad Run HS";"Aug 10, 2026, 01:00:00";"4.18";"137.11";"15.2"
"Broad Run HS";"Aug 10, 2026, 00:00:00";"3.73";"117.44";"14.98"
"Broad Run HS";"Aug 9, 2026, 23:00:00";"6.03";"75.5";"15.62"
"Broad Run HS";"Aug 9, 2026, 22:00:00";"5.74";"41.6";"16.26"
"Broad Run HS";"Aug 9, 2026, 21:00:00";"5.38";"16.41";"17.75"
"Broad Run HS";"Aug 9, 2026, 20:00:00";"3.75";"0";"19.65"
"Broad Run HS";"Aug 9, 2026, 19:00:00";"0.82";"0";"20.17"
"Broad Run HS";"Aug 9, 2026, 18:00:00";"0.01";"0";"19.89"
"Broad Run HS";"Aug 9, 2026, 17:00:00";"0.13";"0";"17.92"
"Broad Run HS";"Aug 9, 2026, 16:00:00";"0";"0";"16.64"
"Broad Run HS";"Aug 9, 2026, 15:00:00";"0";"0";"17.5"
"Broad Run HS";"Aug 9, 2026, 14:00:00";"0";"2.95";"18.12"
"Broad Run HS";"Aug 9, 2026, 13:00:00";"0";"24.4";"18.06"
"Broad Run HS";"Aug 9, 2026, 12:00:00";"0";"86.82";"13.79"
"Broad Run HS";"Aug 9, 2026, 11:00:00";"0";"117.81";"12.13"
"Broad Run HS";"Aug 9, 2026, 10:00:00";"0";"161.52";"11.35"
"Broad Run HS";"Aug 9, 2026, 09:00:00";"0.05";"271.51";"8.21"
"Broad Run HS";"Aug 9, 2026, 08:00:00";"1.56";"387.58";"5.95"
"Broad Run HS";"Aug 9, 2026, 07:00:00";"2.99";"406.94";"6.97"
"Broad Run HS";"Aug 9, 2026, 06:00:00";"3.04";"389.62";"6.58"
"Broad Run HS";"Aug 9, 2026, 05:00:00";"3.61";"359.39";"6.35"
"Broad Run HS";"Aug 9, 2026, 04:00:00";"4.29";"309.17";"6.74"
"Broad Run HS";"Aug 9, 2026, 03:00:00";"4.99";"248.77";"7.43"
"Broad Run HS";"Aug 9, 2026, 02:00:00";"4.6";"165.02";"7.7"
"Broad Run HS";"Aug 9, 2026, 01:00:00";"4.91";"126.97";"7.8"
"Broad Run HS";"Aug 9, 2026, 00:00:00";"5.91";"82.65";"7.56"
"Broad Run HS";"Aug 8, 2026, 23:00:00";"5.49";"55.83";"7.9"
"Broad Run HS";"Aug 8, 2026, 22:00:00";"5.29";"38.17";"7.93"
"Broad Run HS";"Aug 8, 2026, 21:00:00";"4.83";"31.29";"8.35"
"Broad Run HS";"Aug 8, 2026, 20:00:00";"3.32";"22.57";"8.9"
"Broad Run HS";"Aug 8, 2026, 19:00:00";"1.44";"7.75";"10.49"
"Broad Run HS";"Aug 8, 2026, 18:00:00";"0.52";"1.95";"11.61"
"Broad Run HS";"Aug 8, 2026, 17:00:00";"1.22";"5.42";"11.83"
"Broad Run HS";"Aug 8, 2026, 16:00:00";"0";"1.99";"12.53"
"Broad Run HS";"Aug 8, 2026, 15:00:00";"0";"6.61";"11.66"
"Broad Run HS";"Aug 8, 2026, 14:00:00";"0.66";"37.8";"7.04"
"Broad Run HS";"Aug 8, 2026, 13:00:00";"0";"52.03";"7.66"
"Broad Run HS";"Aug 8, 2026, 12:00:00";"0";"65";"6.16"
"Broad Run HS";"Aug 8, 2026, 11:00:00";"0";"119.93";"5.15"
"Broad Run HS";"Aug 8, 2026, 10:00:00";"0";"229.2";"4.66"
"Broad Run HS";"Aug 8, 2026, 09:00:00";"0.15";"398.17";"3.93"
"Broad Run HS";"Aug 8, 2026, 08:00:00";"1.82";"527.67";"3.03"
"Broad Run HS";"Aug 8, 2026, 07:00:00";"1.17";"472.03";"4.37"
"Broad Run HS";"Aug 8, 2026, 06:00:00";"1.46";"450.28";"4.95"
"Broad Run HS";"Aug 8, 2026, 05:00:00";"2.4";"451.2";"4.35"
"Broad Run HS";"Aug 8, 2026, 04:00:00";"3.4";"438.08";"4.58"
"Broad Run HS";"Aug 8, 2026, 03:00:00";"4.8";"400.49";"3.89"
"Broad Run HS";"Aug 8, 2026, 02:00:00";"5.36";"359.38";"3.26"
"Broad Run HS";"Aug 8, 2026, 01:00:00";"5.66";"284.72";"3.01"
"Broad Run HS";"Aug 8, 2026, 00:00:00";"6.44";"215.53";"3.02"
"Broad Run HS";"Aug 7, 2026, 23:00:00";"6.42";"156.51";"2.59"
"Broad Run HS";"Aug 7, 2026, 22:00:00";"6.42";"112.35";"2.77"
"Broad Run HS";"Aug 7, 2026, 21:00:00";"6.57";"77.7";"3.19"
"Broad Run HS";"Aug 7, 2026, 20:00:00";"7.37";"51.99";"2.62"
"Broad Run HS";"Aug 7, 2026, 19:00:00";"6.81";"55.28";"3.96"
"Broad Run HS";"Aug 7, 2026, 18:00:00";"2.26";"43.66";"5.93"
"Broad Run HS";"Aug 7, 2026, 17:00:00";"1.93";"44.26";"4.77"
"Broad Run HS";"Aug 7, 2026, 16:00:00";"3.04";"25.04";"5.35"
"Broad Run HS";"Aug 7, 2026, 15:00:00";"0.51";"5.65";"5.38"
"Broad Run HS";"Aug 7, 2026, 14:00:00";"0";"14.31";"4.04"
"Broad Run HS";"Aug 7, 2026, 13:00:00";"0";"63.54";"4.17"
"Broad Run HS";"Aug 7, 2026, 12:00:00";"0";"133.97";"4.25"
"Broad Run HS";"Aug 7, 2026, 11:00:00";"0";"225.26";"4.23"
"Broad Run HS";"Aug 7, 2026, 10:00:00";"1.28";"322.98";"4.22"
"Broad Run HS";"Aug 7, 2026, 09:00:00";"3.2";"436.98";"3.43"
"Broad Run HS";"Aug 7, 2026, 08:00:00";"3.73";"555.5";"2.25"
"Broad Run HS";"Aug 7, 2026, 07:00:00";"2.25";"495.82";"4.87"
"Broad Run HS";"Aug 7, 2026, 06:00:00";"3.11";"498.84";"4.86"
"Broad Run HS";"Aug 7, 2026, 05:00:00";"4.87";"518.05";"4.21"
"Broad Run HS";"Aug 7, 2026, 04:00:00";"9.46";"590.34";"3.16"
"Broad Run HS";"Aug 7, 2026, 03:00:00";"15.12";"510.63";"3.65"
"Broad Run HS";"Aug 7, 2026, 02:00:00";"6.82";"477.03";"4.13"
"Broad Run HS";"Aug 7, 2026, 01:00:00";"4.87";"469.83";"4.68"
"Broad Run HS";"Aug 7, 2026, 00:00:00";"6.04";"449.96";"3.37"
"Broad Run HS";"Aug 6, 2026, 23:00:00";"7.23";"457.46";"3.18"
"Broad Run HS";"Aug 6, 2026, 22:00:00";"10.46";"473.54";"2.99"
"Broad Run HS";"Aug 6, 2026, 21:00:00";"11.32";"455.26";"3.56"
"Broad Run HS";"Aug 6, 2026, 20:00:00";"10.58";"377.16";"4.76"
"Broad Run HS";"Aug 6, 2026, 19:00:00";"6.16";"202.27";"3.39"
"Broad Run HS";"Aug 6, 2026, 18:00:00";"1";"197.1";"3.06"
"Broad Run HS";"Aug 6, 2026, 17:00:00";"8.36";"343.01";"3.98"
"Broad Run HS";"Aug 6, 2026, 16:00:00";"17.62";"196.03";"5.5"
"Broad Run HS";"Aug 6, 2026, 15:00:00";"0.21";"62.01";"10.25"
"Broad Run HS";"Aug 6, 2026, 14:00:00";"0";"87.07";"9.74"
"Broad Run HS";"Aug 6, 2026, 13:00:00";"0";"131.45";"9.98"
"Broad Run HS";"Aug 6, 2026, 12:00:00";"0";"207.91";"10.53"
"Broad Run HS";"Aug 6, 2026, 11:00:00";"0";"296.6";"11.59"
"Broad Run HS";"Aug 6, 2026, 10:00:00";"0";"449.45";"11.31"
"Broad Run HS";"Aug 6, 2026, 09:00:00";"0.55";"646.9";"10.58"
"Broad Run HS";"Aug 6, 2026, 08:00:00";"3.13";"759.66";"9.74"
"Broad Run HS";"Aug 6, 2026, 07:00:00";"4.55";"740.33";"10.36"
"Broad Run HS";"Aug 6, 2026, 06:00:00";"3.38";"716.97";"10.19"
"Broad Run HS";"Aug 6, 2026, 05:00:00";"2.98";"647.48";"10.83"
"Broad Run HS";"Aug 6, 2026, 04:00:00";"3.58";"630.76";"10.38"
"Broad Run HS";"Aug 6, 2026, 03:00:00";"4.29";"566.16";"10.38"
"Broad Run HS";"Aug 6, 2026, 02:00:00";"3.77";"454.51";"10.64"
"Broad Run HS";"Aug 6, 2026, 01:00:00";"4.57";"397.28";"11.02"
"Broad Run HS";"Aug 6, 2026, 00:00:00";"5.08";"339.45";"11.33"
"Broad Run HS";"Aug 5, 2026, 23:00:00";"5.07";"265.11";"11.11"
"Broad Run HS";"Aug 5, 2026, 22:00:00";"5.73";"219.49";"9.39"
"Broad Run HS";"Aug 5, 2026, 21:00:00";"3.53";"205.3";"3.85"
"Broad Run HS";"Aug 5, 2026, 20:00:00";"0.87";"195.58";"2.17"
"Broad Run HS";"Aug 5, 2026, 19:00:00";"2.1";"228.16";"1.55"
"Broad Run HS";"Aug 5, 2026, 18:00:00";"0.5";"180.01";"1.5"
"Broad Run HS";"Aug 5, 2026, 17:00:00";"0";"195.61";"1.19"
"Broad Run HS";"Aug 5, 2026, 16:00:00";"0.04";"231.28";"1.36"
"Broad Run HS";"Aug 5, 2026, 15:00:00";"1.89";"283.86";"1.73"
"Broad Run HS";"Aug 5, 2026, 14:00:00";"0.24";"262.34";"1.79"
"Broad Run HS";"Aug 5, 2026, 13:00:00";"0";"291.95";"1.94"
"Broad Run HS";"Aug 5, 2026, 12:00:00";"0.38";"449.29";"2.3"
"Broad Run HS";"Aug 5, 2026, 11:00:00";"2.46";"597.4";"2.08"
"Broad Run HS";"Aug 5, 2026, 10:00:00";"4.03";"632.04";"2.55"
"Broad Run HS";"Aug 5, 2026, 09:00:00";"4.98";"593.6";"2.94"
"Broad Run HS";"Aug 5, 2026, 08:00:00";"5.21";"598.56";"4.43"
"Broad Run HS";"Aug 5, 2026, 07:00:00";"6.02";"557.22";"4.63"
"Broad Run HS";"Aug 5, 2026, 06:00:00";"5.37";"480.07";"6.04"
"Broad Run HS";"Aug 5, 2026, 05:00:00";"6.63";"414.14";"5.76"
"Broad Run HS";"Aug 5, 2026, 04:00:00";"8.36";"293.62";"5.23"
"Broad Run HS";"Aug 5, 2026, 03:00:00";"7.3";"158.69";"3.75"
"Broad Run HS";"Aug 5, 2026, 02:00:00";"6.6";"103.86";"4.7"
"Broad Run HS";"Aug 5, 2026, 01:00:00";"6.23";"84.13";"5.08"
"Broad Run HS";"Aug 5, 2026, 00:00:00";"6.71";"75.15";"3.95"
"Broad Run HS";"Aug 4, 2026, 23:00:00";"7.73";"61.25";"3.97"
"Broad Run HS";"Aug 4, 2026, 22:00:00";"9.29";"48.29";"4.09"
"Broad Run HS";"Aug 4, 2026, 21:00:00";"10.05";"31.54";"4.48"
"Broad Run HS";"Aug 4, 2026, 20:00:00";"9.62";"9.28";"4.82"
"Broad Run HS";"Aug 4, 2026, 19:00:00";"10.19";"0";"5.27"
"Broad Run HS";"Aug 4, 2026, 18:00:00";"6.96";"0";"5.41"
"Broad Run HS";"Aug 4, 2026, 17:00:00";"7.68";"0";"5.49"
"Broad Run HS";"Aug 4, 2026, 16:00:00";"4.37";"0";"5.9"
"Broad Run HS";"Aug 4, 2026, 15:00:00";"2.38";"0";"5.05"
"Broad Run HS";"Aug 4, 2026, 14:00:00";"1.73";"0";"5.07"
"Broad Run HS";"Aug 4, 2026, 13:00:00";"0.63";"1.64";"4.77"
"Broad Run HS";"Aug 4, 2026, 12:00:00";"1.04";"20.71";"4.47"
"Broad Run HS";"Aug 4, 2026, 11:00:00";"1.57";"46.51";"3.87"
"Broad Run HS";"Aug 4, 2026, 10:00:00";"2.43";"78.36";"3.77"
"Broad Run HS";"Aug 4, 2026, 09:00:00";"4.7";"145.41";"3.76"
"Broad Run HS";"Aug 4, 2026, 08:00:00";"6.14";"189.18";"4.13"
"Broad Run HS";"Aug 4, 2026, 07:00:00";"6.41";"178.78";"4.86"
"Broad Run HS";"Aug 4, 2026, 06:00:00";"6.46";"163.76";"5.02"
"Broad Run HS";"Aug 4, 2026, 05:00:00";"6.06";"131.21";"4.94"
"Broad Run HS";"Aug 4, 2026, 04:00:00";"6.07";"113.85";"5.02"
"Broad Run HS";"Aug 4, 2026, 03:00:00";"6.8";"89.27";"4.98"
"Broad Run HS";"Aug 4, 2026, 02:00:00";"7.16";"57.92";"4.91"
"Broad Run HS";"Aug 4, 2026, 01:00:00";"7.3";"36.95";"4.93"
"Broad Run HS";"Aug 4, 2026, 00:00:00";"7.29";"20.49";"4.78"
"Broad Run HS";"Aug 3, 2026, 23:00:00";"8.51";"8";"5.49"
"Broad Run HS";"Aug 3, 2026, 22:00:00";"9.63";"0.16";"6.12"
"Broad Run HS";"Aug 3, 2026, 21:00:00";"8.2";"0";"7.37"
"Broad Run HS";"Aug 3, 2026, 20:00:00";"6.69";"0";"6.01"
"Broad Run HS";"Aug 3, 2026, 19:00:00";"5.84";"0";"5.42"
"Broad Run HS";"Aug 3, 2026, 18:00:00";"2.11";"0";"4.67"
"Broad Run HS";"Aug 3, 2026, 17:00:00";"0.79";"0";"2.58"
"Broad Run HS";"Aug 3, 2026, 16:00:00";"0.16";"3.41";"1.17"
"Broad Run HS";"Aug 3, 2026, 15:00:00";"0.23";"28.37";"2.14"
"Broad Run HS";"Aug 3, 2026, 14:00:00";"0.91";"59.37";"5.56"
"Broad Run HS";"Aug 3, 2026, 13:00:00";"0.26";"72.93";"6.8"
"Broad Run HS";"Aug 3, 2026, 12:00:00";"0";"176.93";"7.81"
"Broad Run HS";"Aug 3, 2026, 11:00:00";"0";"368.24";"8.46"
"Broad Run HS";"Aug 3, 2026, 10:00:00";"0.01";"639.2";"8.45"
"Broad Run HS";"Aug 3, 2026, 09:00:00";"1.91";"844.42";"8.32"
"Broad Run HS";"Aug 3, 2026, 08:00:00";"3.94";"855.26";"8.3"
"Broad Run HS";"Aug 3, 2026, 07:00:00";"3.12";"826.49";"8.35"
"Broad Run HS";"Aug 3, 2026, 06:00:00";"4.17";"884.78";"6.85"
"Broad Run HS";"Aug 3, 2026, 05:00:00";"5.52";"878.97";"5.67"
"Broad Run HS";"Aug 3, 2026, 04:00:00";"5.64";"857.7";"4.93"
"Broad Run HS";"Aug 3, 2026, 03:00:00";"6.6";"857.35";"4.68"
"Broad Run HS";"Aug 3, 2026, 02:00:00";"6.54";"834.97";"5.16"
"Broad Run HS";"Aug 3, 2026, 01:00:00";"8.31";"843.04";"4.48"
"Broad Run HS";"Aug 3, 2026, 00:00:00";"9.92";"820.39";"4.17"
"Broad Run HS";"Aug 2, 2026, 23:00:00";"10.09";"813.17";"4.08"
"Broad Run HS";"Aug 2, 2026, 22:00:00";"11.02";"779.1";"4.12"
"Broad Run HS";"Aug 2, 2026, 21:00:00";"12.21";"742.47";"5.43"
"Broad Run HS";"Aug 2, 2026, 20:00:00";"11.77";"565.61";"7.61"
"Broad Run HS";"Aug 2, 2026, 19:00:00";"11.1";"533.05";"5.25"
"Broad Run HS";"Aug 2, 2026, 18:00:00";"7.65";"523.55";"5.11"
"Broad Run HS";"Aug 2, 2026, 17:00:00";"8.64";"569.26";"7.18"
"Broad Run HS";"Aug 2, 2026, 16:00:00";"5.96";"478.64";"6.56"
"Broad Run HS";"Aug 2, 2026, 15:00:00";"10.15";"544.01";"7.53"
"Broad Run HS";"Aug 2, 2026, 14:00:00";"8.87";"671.42";"6.21"
"Broad Run HS";"Aug 2, 2026, 13:00:00";"8.42";"709.4";"9.61"
"Broad Run HS";"Aug 2, 2026, 12:00:00";"10.25";"567.65";"8.34"
"Broad Run HS";"Aug 2, 2026, 11:00:00";"10.56";"476.41";"7.78"
"Broad Run HS";"Aug 2, 2026, 10:00:00";"12.04";"364.99";"7.6"
"Broad Run HS";"Aug 2, 2026, 09:00:00";"9.42";"273.72";"6.65"
"Broad Run HS";"Aug 2, 2026, 08:00:00";"10.13";"238.77";"6.03"
"Broad Run HS";"Aug 2, 2026, 07:00:00";"9.84";"194.98";"5.94"
"Broad Run HS";"Aug 2, 2026, 06:00:00";"8.46";"159.97";"5.97"
"Broad Run HS";"Aug 2, 2026, 05:00:00";"8.12";"139.42";"5.86"
"Broad Run HS";"Aug 2, 2026, 04:00:00";"7.28";"127.98";"5.96"
"Broad Run HS";"Aug 2, 2026, 03:00:00";"7.52";"110.95";"6.36"
"Broad Run HS";"Aug 2, 2026, 02:00:00";"7.48";"88.15";"6.96"
"Broad Run HS";"Aug 2, 2026, 01:00:00";"5.91";"64.98";"8.37"
"Broad Run HS";"Aug 2, 2026, 00:00:00";"9.12";"76.37";"11.45"
"Broad Run HS";"Aug 1, 2026, 23:00:00";"9.65";"84.13";"13.44"
"Broad Run HS";"Aug 1, 2026, 22:00:00";"8.92";"52.83";"14.7"
"Broad Run HS";"Aug 1, 2026, 21:00:00";"9.48";"40.82";"16.57"
"Broad Run HS";"Aug 1, 2026, 20:00:00";"10.99";"28.28";"17.9"
"Broad Run HS";"Aug 1, 2026, 19:00:00";"10.47";"11.39";"18.21"
"Broad Run HS";"Aug 1, 2026, 18:00:00";"9.23";"2.21";"14.41"
"Broad Run HS";"Aug 1, 2026, 17:00:00";"7.59";"0";"11.25"
"Broad Run HS";"Aug 1, 2026, 16:00:00";"5.53";"0";"10.09"
"Broad Run HS";"Aug 1, 2026, 15:00:00";"2.8";"0";"9.2"
"Broad Run HS";"Aug 1, 2026, 14:00:00";"2.44";"0";"8.6"
"Broad Run HS";"Aug 1, 2026, 13:00:00";"1.86";"6.92";"8.74"
"Broad Run HS";"Aug 1, 2026, 12:00:00";"3.31";"21.08";"8.15"
"Broad Run HS";"Aug 1, 2026, 11:00:00";"2.61";"44.96";"7.85"
"Broad Run HS";"Aug 1, 2026, 10:00:00";"5.8";"86.18";"6.87"
"Broad Run HS";"Aug 1, 2026, 09:00:00";"10.49";"126.82";"6.23"
"Broad Run HS";"Aug 1, 2026, 08:00:00";"9.54";"181.51";"5.1"
"Broad Run HS";"Aug 1, 2026, 07:00:00";"6.64";"165.94";"6.1"
"Broad Run HS";"Aug 1, 2026, 06:00:00";"5.62";"147.16";"6.34"
"Broad Run HS";"Aug 1, 2026, 05:00:00";"6.98";"129.76";"6.73"
"Broad Run HS";"Aug 1, 2026, 04:00:00";"6.86";"111.63";"7.64"
"Broad Run HS";"Aug 1, 2026, 03:00:00";"7.46";"91.23";"8.44"
"Broad Run HS";"Aug 1, 2026, 02:00:00";"8.32";"67.66";"8.87"
"Broad Run HS";"Aug 1, 2026, 01:00:00";"11.1";"38.92";"9.08"
"Broad Run HS";"Aug 1, 2026, 00:00:00";"14.11";"22.69";"9.46"
"Broad Run HS";"Jul 31, 2026, 23:00:00";"10.75";"8.86";"8.82"
"Broad Run HS";"Jul 31, 2026, 22:00:00";"10.32";"0";"9.5"
"Broad Run HS";"Jul 31, 2026, 21:00:00";"8.74";"0";"11.05"
"Broad Run HS";"Jul 31, 2026, 20:00:00";"5.4";"0";"10.49"
"Broad Run HS";"Jul 31, 2026, 19:00:00";"4.4";"0";"10.89"
"Broad Run HS";"Jul 31, 2026, 18:00:00";"2.84";"0";"11.82"
"Broad Run HS";"Jul 31, 2026, 17:00:00";"1.17";"0";"11.85"
"Broad Run HS";"Jul 31, 2026, 16:00:00";"2.13";"0";"11.16"
"Broad Run HS";"Jul 31, 2026, 15:00:00";"0.01";"0";"11.07"
"Broad Run HS";"Jul 31, 2026, 14:00:00";"1.62";"0";"10.86"
"Broad Run HS";"Jul 31, 2026, 13:00:00";"1.51";"0";"10.2"
"Broad Run HS";"Jul 31, 2026, 12:00:00";"0.54";"0";"8.56"
"Broad Run HS";"Jul 31, 2026, 11:00:00";"0.75";"0";"7.21"
"Broad Run HS";"Jul 31, 2026, 10:00:00";"2.13";"0.85";"6.09"
"Broad Run HS";"Jul 31, 2026, 09:00:00";"7.26";"16.5";"5.45"
"Broad Run HS";"Jul 31, 2026, 08:00:00";"7.83";"48.06";"4.07"
"Broad Run HS";"Jul 31, 2026, 07:00:00";"8.26";"56.6";"4.03"
"Broad Run HS";"Jul 31, 2026, 06:00:00";"7.44";"41.06";"4.38"
"Broad Run HS";"Jul 31, 2026, 05:00:00";"6.04";"24.93";"4.01"
"Broad Run HS";"Jul 31, 2026, 04:00:00";"5.11";"14.21";"3.91"
"Broad Run HS";"Jul 31, 2026, 03:00:00";"4.74";"8.57";"3.76"
"Broad Run HS";"Jul 31, 2026, 02:00:00";"4.61";"4.12";"3.53"
"Broad Run HS";"Jul 31, 2026, 01:00:00";"5.76";"0.69";"3.49"
"Broad Run HS";"Jul 31, 2026, 00:00:00";"5.64";"0";"3.78"
"Broad Run HS";"Jul 30, 2026, 23:00:00";"5.38";"0";"3.62"
"Broad Run HS";"Jul 30, 2026, 22:00:00";"4.7";"0";"3.65"
"Broad Run HS";"Jul 30, 2026, 21:00:00";"4.63";"0";"3.76"
"Broad Run HS";"Jul 30, 2026, 20:00:00";"4.34";"0";"3.86"
"Broad Run HS";"Jul 30, 2026, 19:00:00";"4";"0";"3.94"
"Broad Run HS";"Jul 30, 2026, 18:00:00";"3.98";"0";"3.95"
"Broad Run HS";"Jul 30, 2026, 17:00:00";"3.91";"0";"4.17"
"Broad Run HS";"Jul 30, 2026, 16:00:00";"2.35";"0";"4.5"
"Broad Run HS";"Jul 30, 2026, 15:00:00";"0.6";"0";"4.47"
"Broad Run HS";"Jul 30, 2026, 14:00:00";"0.73";"0";"4.71"
"Broad Run HS";"Jul 30, 2026, 13:00:00";"0.79";"0";"4.68"
"Broad Run HS";"Jul 30, 2026, 12:00:00";"0.43";"0";"4.41"
"Broad Run HS";"Jul 30, 2026, 11:00:00";"1.65";"0";"3.98"
"Broad Run HS";"Jul 30, 2026, 10:00:00";"2.94";"0";"3.56"
"Broad Run HS";"Jul 30, 2026, 09:00:00";"4.41";"8.11";"3.37"
"Broad Run HS";"Jul 30, 2026, 08:00:00";"6.74";"32.03";"3.79"
"Broad Run HS";"Jul 30, 2026, 07:00:00";"6.22";"27.95";"3.65"
"Broad Run HS";"Jul 30, 2026, 06:00:00";"5.72";"23.51";"3.69"
"Broad Run HS";"Jul 30, 2026, 05:00:00";"6.03";"23";"4.55"
"Broad Run HS";"Jul 30, 2026, 04:00:00";"6.44";"17.92";"5.19"
"Broad Run HS";"Jul 30, 2026, 03:00:00";"7.18";"11.08";"5.82"
"Broad Run HS";"Jul 30, 2026, 02:00:00";"8.85";"46.47";"6.65"
"Broad Run HS";"Jul 30, 2026, 01:00:00";"9.87";"44.61";"7.54"
"Broad Run HS";"Jul 30, 2026, 00:00:00";"10.44";"41.94";"8.17"
"Broad Run HS";"Jul 29, 2026, 23:00:00";"10.46";"40.97";"7.89"
"Broad Run HS";"Jul 29, 2026, 22:00:00";"9.85";"43.34";"7.87"
"Broad Run HS";"Jul 29, 2026, 21:00:00";"9.63";"41.4";"9.06"
"Broad Run HS";"Jul 29, 2026, 20:00:00";"9.77";"38.72";"9.63"
"Broad Run HS";"Jul 29, 2026, 19:00:00";"10.21";"37.19";"9.56"
"Broad Run HS";"Jul 29, 2026, 18:00:00";"9.33";"33.84";"11.7"
"Broad Run HS";"Jul 29, 2026, 17:00:00";"6.86";"33.52";"12.54"
"Broad Run HS";"Jul 29, 2026, 16:00:00";"6.19";"35.67";"13.21"
"Broad Run HS";"Jul 29, 2026, 15:00:00";"6.44";"37.2";"14.23"
"Broad Run HS";"Jul 29, 2026, 14:00:00";"5.19";"39.63";"12.22"
"Broad Run HS";"Jul 29, 2026, 13:00:00";"4.61";"47.21";"12.54"
"Broad Run HS";"Jul 29, 2026, 12:00:00";"4.66";"64.43";"14.4"
"Broad Run HS";"Jul 29, 2026, 11:00:00";"3.73";"94.64";"14.84"
"Broad Run HS";"Jul 29, 2026, 10:00:00";"4.87";"152.11";"13.62"
"Broad Run HS";"Jul 29, 2026, 09:00:00";"8.43";"263.97";"12.88"
"Broad Run HS";"Jul 29, 2026, 08:00:00";"11.28";"344.12";"11.29"
"Broad Run HS";"Jul 29, 2026, 07:00:00";"9.07";"350.97";"11.64"
"Broad Run HS";"Jul 29, 2026, 06:00:00";"9.22";"356.32";"10.37"
"Broad Run HS";"Jul 29, 2026, 05:00:00";"9.78";"364.22";"8.4"
"Broad Run HS";"Jul 29, 2026, 04:00:00";"9.27";"379.48";"6.58"
"Broad Run HS";"Jul 29, 2026, 03:00:00";"8.79";"402.84";"5.26"
"Broad Run HS";"Jul 29, 2026, 02:00:00";"8.08";"412.12";"6.04"
"Broad Run HS";"Jul 29, 2026, 01:00:00";"8.04";"412.52";"6.82"
"Broad Run HS";"Jul 29, 2026, 00:00:00";"10.12";"405.02";"5.99"
"Broad Run HS";"Jul 28, 2026, 23:00:00";"10.49";"385.1";"4.97"
"Broad Run HS";"Jul 28, 2026, 22:00:00";"12.66";"343.14";"5.17"
"Broad Run HS";"Jul 28, 2026, 21:00:00";"13.01";"286.21";"4.91"
"Broad Run HS";"Jul 28, 2026, 20:00:00";"15.49";"269.66";"4.89"
"Broad Run HS";"Jul 28, 2026, 19:00:00";"17.93";"196.64";"6.6"
"Broad Run HS";"Jul 28, 2026, 18:00:00";"12";"84.28";"11.4"
"Broad Run HS";"Jul 28, 2026, 17:00:00";"6.82";"67.96";"18.1"
"Broad Run HS";"Jul 28, 2026, 16:00:00";"2.59";"79.35";"20.67"
"Broad Run HS";"Jul 28, 2026, 15:00:00";"1.91";"95.85";"24.23"
"Broad Run HS";"Jul 28, 2026, 14:00:00";"0.75";"138.06";"23.66"
"Broad Run HS";"Jul 28, 2026, 13:00:00";"3.79";"206.89";"21.41"
"Broad Run HS";"Jul 28, 2026, 12:00:00";"7.05";"248.27";"18.9"
"Broad Run HS";"Jul 28, 2026, 11:00:00";"7.52";"265.76";"18.3"
"Broad Run HS";"Jul 28, 2026, 10:00:00";"7.79";"267.47";"18.23"
"Broad Run HS";"Jul 28, 2026, 09:00:00";"10.2";"283.4";"17.44"
"Broad Run HS";"Jul 28, 2026, 08:00:00";"14.23";"292.82";"15.68"
"Broad Run HS";"Jul 28, 2026, 07:00:00";"12.13";"289.06";"14.67"
"Broad Run HS";"Jul 28, 2026, 06:00:00";"11.23";"251.99";"15.08"
"Broad Run HS";"Jul 28, 2026, 05:00:00";"9.21";"216.26";"14.86"
"Broad Run HS";"Jul 28, 2026, 04:00:00";"9.49";"171.36";"14.85"
"Broad Run HS";"Jul 28, 2026, 03:00:00";"10.41";"159.14";"14.69"
"Broad Run HS";"Jul 28, 2026, 02:00:00";"10.73";"128.42";"14.89"
"Broad Run HS";"Jul 28, 2026, 01:00:00";"11.09";"96.51";"14.58"
"Broad Run HS";"Jul 28, 2026, 00:00:00";"10.83";"76.27";"14.45"
"Broad Run HS";"Jul 27, 2026, 23:00:00";"11.14";"59.44";"14.69"
"Broad Run HS";"Jul 27, 2026, 22:00:00";"11.02";"53.21";"15"
"Broad Run HS";"Jul 27, 2026, 21:00:00";"11.03";"43.13";"15.05"
"Broad Run HS";"Jul 27, 2026, 20:00:00";"8.3";"35.44";"15.46"
"Broad Run HS";"Jul 27, 2026, 19:00:00";"6.59";"28.9";"15.84"
"Broad Run HS";"Jul 27, 2026, 18:00:00";"6.23";"21.33";"16.19"
"Broad Run HS";"Jul 27, 2026, 17:00:00";"4.16";"18.89";"15.82"
"Broad Run HS";"Jul 27, 2026, 16:00:00";"5.11";"23.65";"16.43"
"Broad Run HS";"Jul 27, 2026, 15:00:00";"4.07";"33.43";"17.01"
"Broad Run HS";"Jul 27, 2026, 14:00:00";"5.07";"48";"15.08"
"Broad Run HS";"Jul 27, 2026, 13:00:00";"4.73";"69.24";"11.03"
"Broad Run HS";"Jul 27, 2026, 12:00:00";"5.25";"87.57";"10.45"
"Broad Run HS";"Jul 27, 2026, 11:00:00";"5.54";"124.96";"9.76"
"Broad Run HS";"Jul 27, 2026, 10:00:00";"8.81";"173.69";"9.43"
"Broad Run HS";"Jul 27, 2026, 09:00:00";"11.57";"251.82";"8.87"
"Broad Run HS";"Jul 27, 2026, 08:00:00";"12.89";"317.03";"9.82"
"Broad Run HS";"Jul 27, 2026, 07:00:00";"9.38";"292.27";"12.7"
"Broad Run HS";"Jul 27, 2026, 06:00:00";"8.08";"317.66";"12.51"
"Broad Run HS";"Jul 27, 2026, 05:00:00";"7.3";"324.59";"16.06"
"Broad Run HS";"Jul 27, 2026, 04:00:00";"6.9";"359.48";"11.13"
"Broad Run HS";"Jul 27, 2026, 03:00:00";"7.6";"406.72";"11.22"
"Broad Run HS";"Jul 27, 2026, 02:00:00";"7.36";"348.34";"9.54"
"Broad Run HS";"Jul 27, 2026, 01:00:00";"12.76";"340.96";"8.2"
"Broad Run HS";"Jul 27, 2026, 00:00:00";"12.48";"340.79";"9.35"
"Broad Run HS";"Jul 26, 2026, 23:00:00";"12.01";"221.73";"12.65"
"Broad Run HS";"Jul 26, 2026, 22:00:00";"10.68";"107.11";"8.57"
"Broad Run HS";"Jul 26, 2026, 21:00:00";"10.12";"58.79";"8.43"
"Broad Run HS";"Jul 26, 2026, 20:00:00";"7.18";"40.07";"9.33"
"Broad Run HS";"Jul 26, 2026, 19:00:00";"6.62";"45.13";"8.99"
"Broad Run HS";"Jul 26, 2026, 18:00:00";"5.81";"45.93";"9.1"
"Broad Run HS";"Jul 26, 2026, 17:00:00";"6.91";"48.01";"8.91"
"Broad Run HS";"Jul 26, 2026, 16:00:00";"4.93";"44.67";"9.01"
"Broad Run HS";"Jul 26, 2026, 15:00:00";"4.49";"50.07";"8.68"
"Broad Run HS";"Jul 26, 2026, 14:00:00";"1.34";"74.67";"7.95"
"Broad Run HS";"Jul 26, 2026, 13:00:00";"1.28";"105.95";"6.96"
"Broad Run HS";"Jul 26, 2026, 12:00:00";"3.09";"134.29";"5.99"
"Broad Run HS";"Jul 26, 2026, 11:00:00";"4.48";"151.17";"5.63"
"Broad Run HS";"Jul 26, 2026, 10:00:00";"6.7";"153.52";"4.91"
"Broad Run HS";"Jul 26, 2026, 09:00:00";"6.14";"189.6";"4"
"Broad Run HS";"Jul 26, 2026, 08:00:00";"6.56";"235.01";"3.54"
"Broad Run HS";"Jul 26, 2026, 07:00:00";"7.29";"230.58";"6.45"
"Broad Run HS";"Jul 26, 2026, 06:00:00";"7.79";"218.53";"6.76"
"Broad Run HS";"Jul 26, 2026, 05:00:00";"8.68";"210.87";"4.41"
"Broad Run HS";"Jul 26, 2026, 04:00:00";"8.54";"204.09";"4.28"
"Broad Run HS";"Jul 26, 2026, 03:00:00";"9.35";"194.1";"4.22"
"Broad Run HS";"Jul 26, 2026, 02:00:00";"10.7";"186.57";"3.91"
"Broad Run HS";"Jul 26, 2026, 01:00:00";"11.01";"166.15";"4.89"
"Broad Run HS";"Jul 26, 2026, 00:00:00";"11.37";"141.2";"4.8"
"Broad Run HS";"Jul 25, 2026, 23:00:00";"12.46";"101.7";"4.17"
"Broad Run HS";"Jul 25, 2026, 22:00:00";"11.36";"69.7";"4.37"
"Broad Run HS";"Jul 25, 2026, 21:00:00";"12.13";"55.5";"3.49"
"Broad Run HS";"Jul 25, 2026, 20:00:00";"12.23";"44.34";"3.94"
"Broad Run HS";"Jul 25, 2026, 19:00:00";"10.75";"41.28";"3.93"
"Broad Run HS";"Jul 25, 2026, 18:00:00";"7.96";"37.03";"4.8"
"Broad Run HS";"Jul 25, 2026, 17:00:00";"7.68";"44.01";"4.23"
"Broad Run HS";"Jul 25, 2026, 16:00:00";"7.44";"56.07";"3.5"
"Broad Run HS";"Jul 25, 2026, 15:00:00";"9.64";"72.56";"2.25"
"Broad Run HS";"Jul 25, 2026, 14:00:00";"10.08";"56.99";"2.58"
"Broad Run HS";"Jul 25, 2026, 13:00:00";"7.46";"43.93";"3.85"
"Broad Run HS";"Jul 25, 2026, 12:00:00";"8.08";"55.47";"3.95"
"Broad Run HS";"Jul 25, 2026, 11:00:00";"12.28";"88.46";"3.47"
"Broad Run HS";"Jul 25, 2026, 10:00:00";"11.38";"128.35";"2.73"
"Broad Run HS";"Jul 25, 2026, 09:00:00";"12.19";"157.39";"2.59"
"Broad Run HS";"Jul 25, 2026, 08:00:00";"13.42";"183.42";"2.43"
"Broad Run HS";"Jul 25, 2026, 07:00:00";"14.2";"184.08";"2.59"
"Broad Run HS";"Jul 25, 2026, 06:00:00";"13.13";"178.18";"2.98"
"Broad Run HS";"Jul 25, 2026, 05:00:00";"13.64";"167.23";"3.03"
"Broad Run HS";"Jul 25, 2026, 04:00:00";"13.51";"121.8";"3.21"
"Broad Run HS";"Jul 25, 2026, 03:00:00";"12.4";"68.74";"3.26"
"Broad Run HS";"Jul 25, 2026, 02:00:00";"12.01";"36.08";"3.26"
"Broad Run HS";"Jul 25, 2026, 01:00:00";"11.24";"33.8";"3.03"
"Broad Run HS";"Jul 25, 2026, 00:00:00";"11.53";"28.3";"3.29"
"Broad Run HS";"Jul 24, 2026, 23:00:00";"11.62";"23.57";"3.49"
"Broad Run HS";"Jul 24, 2026, 22:00:00";"12.17";"18.04";"4.64"
"Broad Run HS";"Jul 24, 2026, 21:00:00";"11.5";"10.78";"5.11"
"Broad Run HS";"Jul 24, 2026, 20:00:00";"11.73";"8.75";"5.75"
"Broad Run HS";"Jul 24, 2026, 19:00:00";"12.1";"5.05";"4.81"
"Broad Run HS";"Jul 24, 2026, 18:00:00";"12.13";"1.91";"4.51"
"Broad Run HS";"Jul 24, 2026, 17:00:00";"10.5";"0.68";"4.22"
"Broad Run HS";"Jul 24, 2026, 16:00:00";"8.51";"0.99";"4.04"
"Broad Run HS";"Jul 24, 2026, 15:00:00";"8.07";"1.97";"3.95"
"Broad Run HS";"Jul 24, 2026, 14:00:00";"9.16";"6.61";"4.4"
"Broad Run HS";"Jul 24, 2026, 13:00:00";"7.38";"10.87";"4.62"
"Broad Run HS";"Jul 24, 2026, 12:00:00";"6.97";"19.19";"4.98"
"Broad Run HS";"Jul 24, 2026, 11:00:00";"5.31";"41.2";"4.5"
"Broad Run HS";"Jul 24, 2026, 10:00:00";"6.85";"64.07";"4.42"
"Broad Run HS";"Jul 24, 2026, 09:00:00";"8.91";"106.35";"4.02"
"Broad Run HS";"Jul 24, 2026, 08:00:00";"10.44";"121.89";"3.53"
"Broad Run HS";"Jul 24, 2026, 07:00:00";"10";"117.56";"4.09"
"Broad Run HS";"Jul 24, 2026, 06:00:00";"9.89";"111.18";"4.36"
"Broad Run HS";"Jul 24, 2026, 05:00:00";"9.78";"96.88";"3.9"
"Broad Run HS";"Jul 24, 2026, 04:00:00";"10.8";"84.82";"3.68"
"Broad Run HS";"Jul 24, 2026, 03:00:00";"12.44";"72.65";"4.94"
"Broad Run HS";"Jul 24, 2026, 02:00:00";"13.05";"60.37";"4.39"
"Broad Run HS";"Jul 24, 2026, 01:00:00";"13.59";"47.69";"3.77"
"Broad Run HS";"Jul 24, 2026, 00:00:00";"13.78";"39.92";"3.6"
"Broad Run HS";"Jul 23, 2026, 23:00:00";"15.23";"35.99";"3.7"
"Broad Run HS";"Jul 23, 2026, 22:00:00";"13.76";"21.78";"4.06"
"Broad Run HS";"Jul 23, 2026, 21:00:00";"10.82";"1.97";"3.89"
"Broad Run HS";"Jul 23, 2026, 20:00:00";"7.87";"0";"3.67"
"Broad Run HS";"Jul 23, 2026, 19:00:00";"6.41";"0";"3.72"
"Broad Run HS";"Jul 23, 2026, 18:00:00";"4.38";"0";"3.74"
"Broad Run HS";"Jul 23, 2026, 17:00:00";"2.79";"0";"3.59"
"Broad Run HS";"Jul 23, 2026, 16:00:00";"3.6";"0";"3.91"
"Broad Run HS";"Jul 23, 2026, 15:00:00";"3.21";"0";"3.98"
"Broad Run HS";"Jul 23, 2026, 14:00:00";"3.44";"0.09";"3.97"
"Broad Run HS";"Jul 23, 2026, 13:00:00";"4.46";"1.55";"3.6"
"Broad Run HS";"Jul 23, 2026, 12:00:00";"3.99";"7.82";"3.59"
"Broad Run HS";"Jul 23, 2026, 11:00:00";"4.21";"16.26";"3.24"
"Broad Run HS";"Jul 23, 2026, 10:00:00";"6.13";"30.05";"3.01"
"Broad Run HS";"Jul 23, 2026, 09:00:00";"8.61";"47.88";"2.43"
"Broad Run HS";"Jul 23, 2026, 08:00:00";"10.63";"55.05";"2.35"
"Broad Run HS";"Jul 23, 2026, 07:00:00";"12.6";"52.41";"2.63"
"Broad Run HS";"Jul 23, 2026, 06:00:00";"9.77";"47.4";"2.09"
"Broad Run HS";"Jul 23, 2026, 05:00:00";"9.58";"44.8";"2.32"
"Broad Run HS";"Jul 23, 2026, 04:00:00";"9.47";"42.2";"3.86"
"Broad Run HS";"Jul 23, 2026, 03:00:00";"8.86";"37.58";"4.86"
"Broad Run HS";"Jul 23, 2026, 02:00:00";"8";"33.26";"5.69"
"Broad Run HS";"Jul 23, 2026, 01:00:00";"8.63";"33.48";"6.53"
"Broad Run HS";"Jul 23, 2026, 00:00:00";"9.2";"29.86";"6.46"
"Broad Run HS";"Jul 22, 2026, 23:00:00";"9.44";"25.34";"6.73"
"Broad Run HS";"Jul 22, 2026, 22:00:00";"8.52";"25.35";"8.1"
"Broad Run HS";"Jul 22, 2026, 21:00:00";"8.67";"20.47";"9.69"
"Broad Run HS";"Jul 22, 2026, 20:00:00";"6.57";"14.95";"9.77"
"Broad Run HS";"Jul 22, 2026, 19:00:00";"5.69";"15.02";"10.52"
"Broad Run HS";"Jul 22, 2026, 18:00:00";"3.77";"13.21";"11.91"
"Broad Run HS";"Jul 22, 2026, 17:00:00";"2.72";"13.41";"12.71"
"Broad Run HS";"Jul 22, 2026, 16:00:00";"2.44";"21.15";"13.86"
"Broad Run HS";"Jul 22, 2026, 15:00:00";"0.75";"29.5";"14.5"
"Broad Run HS";"Jul 22, 2026, 14:00:00";"2.13";"46.79";"14.05"
"Broad Run HS";"Jul 22, 2026, 13:00:00";"0.43";"67.4";"14.63"
"Broad Run HS";"Jul 22, 2026, 12:00:00";"0.23";"119.61";"14.34"
"Broad Run HS";"Jul 22, 2026, 11:00:00";"0.24";"166.21";"14.32"
"Broad Run HS";"Jul 22, 2026, 10:00:00";"0.73";"271.38";"8.4"
"Broad Run HS";"Jul 22, 2026, 09:00:00";"5.85";"412.05";"5.23"
"Broad Run HS";"Jul 22, 2026, 08:00:00";"7.09";"519.07";"4.42"
"Broad Run HS";"Jul 22, 2026, 07:00:00";"6.16";"494.96";"4.61"
"Broad Run HS";"Jul 22, 2026, 06:00:00";"7.46";"504.64";"4.49"
"Broad Run HS";"Jul 22, 2026, 05:00:00";"8.42";"520.19";"3.6"
"Broad Run HS";"Jul 22, 2026, 04:00:00";"10.53";"476.77";"4.12"
"Broad Run HS";"Jul 22, 2026, 03:00:00";"14.8";"490.8";"3.61"
"Broad Run HS";"Jul 22, 2026, 02:00:00";"12.43";"439.63";"3.32"
"Broad Run HS";"Jul 22, 2026, 01:00:00";"12.84";"440.1";"3.2"
"Broad Run HS";"Jul 22, 2026, 00:00:00";"15.05";"497.36";"1.96"
"Broad Run HS";"Jul 21, 2026, 23:00:00";"17.41";"472.2";"2.7"
"Broad Run HS";"Jul 21, 2026, 22:00:00";"15.7";"336.17";"4.03"
"Broad Run HS";"Jul 21, 2026, 21:00:00";"10.88";"418.66";"4.84"
"Broad Run HS";"Jul 21, 2026, 20:00:00";"9.68";"295.08";"9.37"
"Broad Run HS";"Jul 21, 2026, 19:00:00";"7.12";"276.59";"7.67"
"Broad Run HS";"Jul 21, 2026, 18:00:00";"3.02";"221.5";"8.32"
"Broad Run HS";"Jul 21, 2026, 17:00:00";"4.94";"177.27";"8.79"
"Broad Run HS";"Jul 21, 2026, 16:00:00";"0.16";"154.56";"8.7"
"Broad Run HS";"Jul 21, 2026, 15:00:00";"0.67";"159.68";"7.88"
"Broad Run HS";"Jul 21, 2026, 14:00:00";"0";"178.52";"7.14"
"Broad Run HS";"Jul 21, 2026, 13:00:00";"0.16";"211.01";"7"
"Broad Run HS";"Jul 21, 2026, 12:00:00";"0.37";"259.93";"8.01"
"Broad Run HS";"Jul 21, 2026, 11:00:00";"0.99";"330.85";"9.41"
"Broad Run HS";"Jul 21, 2026, 10:00:00";"4.97";"443.77";"9.95"
"Broad Run HS";"Jul 21, 2026, 09:00:00";"8.62";"480.64";"12.23"
"Broad Run HS";"Jul 21, 2026, 08:00:00";"8.58";"477.12";"13.02"
"Broad Run HS";"Jul 21, 2026, 07:00:00";"7.83";"481.93";"14.17"
"Broad Run HS";"Jul 21, 2026, 06:00:00";"8.16";"471.91";"15.67"
"Broad Run HS";"Jul 21, 2026, 05:00:00";"9.18";"442.04";"16.48"
"Broad Run HS";"Jul 21, 2026, 04:00:00";"10.03";"385.57";"18.84"
"Broad Run HS";"Jul 21, 2026, 03:00:00";"10.51";"326.16";"21.62"
"Broad Run HS";"Jul 21, 2026, 02:00:00";"11.17";"285.56";"22.82"
"Broad Run HS";"Jul 21, 2026, 01:00:00";"12.56";"230.13";"24.05"
"Broad Run HS";"Jul 21, 2026, 00:00:00";"14.83";"162.43";"24.1"
"Broad Run HS";"Jul 20, 2026, 23:00:00";"15.92";"96.15";"24.93"
"Broad Run HS";"Jul 20, 2026, 22:00:00";"13.51";"53.17";"25.21"
"Broad Run HS";"Jul 20, 2026, 21:00:00";"11.12";"45.07";"26.28"
"Broad Run HS";"Jul 20, 2026, 20:00:00";"9.16";"34.82";"31.22"
"Broad Run HS";"Jul 20, 2026, 19:00:00";"6.61";"24.63";"33.41"
"Broad Run HS";"Jul 20, 2026, 18:00:00";"5.07";"21.28";"34.04"
"Broad Run HS";"Jul 20, 2026, 17:00:00";"6.31";"20.36";"33.75"
"Broad Run HS";"Jul 20, 2026, 16:00:00";"3.37";"15.18";"33.84"
"Broad Run HS";"Jul 20, 2026, 15:00:00";"5.91";"17.76";"32.59"
"Broad Run HS";"Jul 20, 2026, 14:00:00";"5.49";"18.39";"32.38"
"Broad Run HS";"Jul 20, 2026, 13:00:00";"4.17";"20.55";"30.16"
"Broad Run HS";"Jul 20, 2026, 12:00:00";"0.79";"21.72";"28.44"
"Broad Run HS";"Jul 20, 2026, 11:00:00";"3.43";"53.05";"24.47"
"Broad Run HS";"Jul 20, 2026, 10:00:00";"3.81";"72.31";"20.46"
"Broad Run HS";"Jul 20, 2026, 09:00:00";"5.99";"113.47";"17.82"
"Broad Run HS";"Jul 20, 2026, 08:00:00";"14.38";"155.18";"14.65"
"Broad Run HS";"Jul 20, 2026, 07:00:00";"9.43";"163.65";"13.09"
"Broad Run HS";"Jul 20, 2026, 06:00:00";"8.29";"161.45";"13.51"
"Broad Run HS";"Jul 20, 2026, 05:00:00";"8.62";"143.68";"14.05"
"Broad Run HS";"Jul 20, 2026, 04:00:00";"7.77";"133.26";"14.79"
"Broad Run HS";"Jul 20, 2026, 03:00:00";"8.56";"120.4";"16.22"
"Broad Run HS";"Jul 20, 2026, 02:00:00";"8.6";"89.91";"17.44"
"Broad Run HS";"Jul 20, 2026, 01:00:00";"9.11";"70.49";"18.18"
"Broad Run HS";"Jul 20, 2026, 00:00:00";"10.5";"59.17";"19.97"
"Broad Run HS";"Jul 19, 2026, 23:00:00";"11.25";"54.3";"22.61"
"Broad Run HS";"Jul 19, 2026, 22:00:00";"9.23";"43.59";"24.63"
"Broad Run HS";"Jul 19, 2026, 21:00:00";"8.23";"38.03";"30.28"
"Broad Run HS";"Jul 19, 2026, 20:00:00";"5.34";"32.86";"36.49"
"Broad Run HS";"Jul 19, 2026, 19:00:00";"4.77";"38.87";"36.44"
"Broad Run HS";"Jul 19, 2026, 18:00:00";"3.56";"44.17";"38.09"
"Broad Run HS";"Jul 19, 2026, 17:00:00";"2.41";"49.58";"44.18"
"Broad Run HS";"Jul 19, 2026, 16:00:00";"1.58";"56.97";"46.78"
"Broad Run HS";"Jul 19, 2026, 15:00:00";"0.84";"65.92";"49.38"
"Broad Run HS";"Jul 19, 2026, 14:00:00";"0.16";"77.59";"51.6"
"Broad Run HS";"Jul 19, 2026, 13:00:00";"0.8";"97.7";"47.73"
"Broad Run HS";"Jul 19, 2026, 12:00:00";"0.93";"112.05";"40.37"
"Broad Run HS";"Jul 19, 2026, 11:00:00";"1.65";"134.99";"30.28"
"Broad Run HS";"Jul 19, 2026, 10:00:00";"2.28";"170.89";"22.12"
"Broad Run HS";"Jul 19, 2026, 09:00:00";"3.34";"185.83";"14.54"
"Broad Run HS";"Jul 19, 2026, 08:00:00";"4.8";"241.86";"6.55"
"Broad Run HS";"Jul 19, 2026, 07:00:00";"5.94";"280.99";"7.61"
"Broad Run HS";"Jul 19, 2026, 06:00:00";"5.79";"243.57";"7.2"
"Broad Run HS";"Jul 19, 2026, 05:00:00";"4.42";"275.24";"6.05"
"Broad Run HS";"Jul 19, 2026, 04:00:00";"3.62";"313.46";"5.52"
"Broad Run HS";"Jul 19, 2026, 03:00:00";"2.99";"400.12";"6.74"
"Broad Run HS";"Jul 19, 2026, 02:00:00";"2.74";"392";"7.72"
"Broad Run HS";"Jul 19, 2026, 01:00:00";"3.58";"577.26";"9.05"
"Broad Run HS";"Jul 19, 2026, 00:00:00";"4.85";"605";"10.7"
"Broad Run HS";"Jul 18, 2026, 23:00:00";"5.21";"559.95";"10.65"
"Broad Run HS";"Jul 18, 2026, 22:00:00";"5.2";"512.81";"11"
"Broad Run HS";"Jul 18, 2026, 21:00:00";"7.52";"487.71";"11"
"Broad Run HS";"Jul 18, 2026, 20:00:00";"9.42";"514.92";"8.5"
"Broad Run HS";"Jul 18, 2026, 19:00:00";"17.49";"400.44";"9.09"
"Broad Run HS";"Jul 18, 2026, 18:00:00";"12.56";"320.32";"8.46"
"Broad Run HS";"Jul 18, 2026, 17:00:00";"13.12";"220.45";"12.54"
"Broad Run HS";"Jul 18, 2026, 16:00:00";"9.41";"116.3";"27.5"
"Broad Run HS";"Jul 18, 2026, 15:00:00";"1.9";"103.97";"58.52"
"Broad Run HS";"Jul 18, 2026, 14:00:00";"0";"127.46";"66.41"
"Broad Run HS";"Jul 18, 2026, 13:00:00";"0";"207.16";"62.45"
"Broad Run HS";"Jul 18, 2026, 12:00:00";"2.69";"272.47";"57.6"
"Broad Run HS";"Jul 18, 2026, 11:00:00";"8.13";"289.01";"53.44"
"Broad Run HS";"Jul 18, 2026, 10:00:00";"9.2";"286.45";"50.68"
"Broad Run HS";"Jul 18, 2026, 09:00:00";"11.3";"283.84";"48.43"
"Broad Run HS";"Jul 18, 2026, 08:00:00";"12.81";"229.4";"48.48"
"Broad Run HS";"Jul 18, 2026, 07:00:00";"9.57";"195.06";"50.1"
"Broad Run HS";"Jul 18, 2026, 06:00:00";"8.3";"184.86";"51.84"
"Broad Run HS";"Jul 18, 2026, 05:00:00";"6.99";"173.64";"54.56"
"Broad Run HS";"Jul 18, 2026, 04:00:00";"7.48";"171.32";"57.08"
"Broad Run HS";"Jul 18, 2026, 03:00:00";"8";"132.77";"55.76"
"Broad Run HS";"Jul 18, 2026, 02:00:00";"8.09";"98.76";"56.5"
"Broad Run HS";"Jul 18, 2026, 01:00:00";"8.47";"85.35";"58.71"
"Broad Run HS";"Jul 18, 2026, 00:00:00";"8.81";"68.87";"59.39"
"Broad Run HS";"Jul 17, 2026, 23:00:00";"9.04";"54.75";"68.39"
"Broad Run HS";"Jul 17, 2026, 22:00:00";"9.11";"39.19";"77.77"
"Broad Run HS";"Jul 17, 2026, 21:00:00";"7.01";"28.45";"86.79"
"Broad Run HS";"Jul 17, 2026, 20:00:00";"5.88";"18.97";"88.73"
"Broad Run HS";"Jul 17, 2026, 19:00:00";"4.17";"8.08";"92.11"
"Broad Run HS";"Jul 17, 2026, 18:00:00";"3.56";"0.53";"91.81"
"Broad Run HS";"Jul 17, 2026, 17:00:00";"2.23";"0";"92.82"
"Broad Run HS";"Jul 17, 2026, 16:00:00";"0.88";"0";"92.41"
"Broad Run HS";"Jul 17, 2026, 15:00:00";"0.16";"0";"89.99"
"Broad Run HS";"Jul 17, 2026, 14:00:00";"0.39";"0";"89.85"
"Broad Run HS";"Jul 17, 2026, 13:00:00";"0.41";"0";"93.23"
"Broad Run HS";"Jul 17, 2026, 12:00:00";"0.25";"1.17";"96.17"
"Broad Run HS";"Jul 17, 2026, 11:00:00";"0.58";"16.39";"100.87"
"Broad Run HS";"Jul 17, 2026, 10:00:00";"6.82";"37.72";"104.46"
"Broad Run HS";"Jul 17, 2026, 09:00:00";"13.44";"56.97";"89.93"
"Broad Run HS";"Jul 17, 2026, 08:00:00";"13.49";"70.99";"80.49"
"Broad Run HS";"Jul 17, 2026, 07:00:00";"12.02";"63.76";"81.77"
"Broad Run HS";"Jul 17, 2026, 06:00:00";"11.88";"53.39";"88.36"
"Broad Run HS";"Jul 17, 2026, 05:00:00";"9.77";"36.52";"97.1"
"Broad Run HS";"Jul 17, 2026, 04:00:00";"6.99";"26.58";"117.84"
"Broad Run HS";"Jul 17, 2026, 03:00:00";"6.36";"28.84";"123.11"
"Broad Run HS";"Jul 17, 2026, 02:00:00";"5.58";"36.44";"112.03"
"Broad Run HS";"Jul 17, 2026, 01:00:00";"5.17";"55.09";"86.72"
"Broad Run HS";"Jul 17, 2026, 00:00:00";"4.78";"74.75";"66.76"
"Broad Run HS";"Jul 16, 2026, 23:00:00";"2.6";"80.85";"57.22"
"Broad Run HS";"Jul 16, 2026, 22:00:00";"1.38";"105.73";"27.85"
"Broad Run HS";"Jul 16, 2026, 21:00:00";"0.35";"82.45";"16.94"
"Broad Run HS";"Jul 16, 2026, 20:00:00";"0";"42.7";"18.24"
"Broad Run HS";"Jul 16, 2026, 19:00:00";"0";"22.77";"21.59"
"Broad Run HS";"Jul 16, 2026, 18:00:00";"0";"9.02";"23.07"
"Broad Run HS";"Jul 16, 2026, 17:00:00";"0";"13";"20.66"
"Broad Run HS";"Jul 16, 2026, 16:00:00";"0";"35.52";"18.83"
"Broad Run HS";"Jul 16, 2026, 15:00:00";"0";"65.87";"20.65"
"Broad Run HS";"Jul 16, 2026, 14:00:00";"0";"72.4";"20.08"
"Broad Run HS";"Jul 16, 2026, 13:00:00";"0";"77.55";"18.3"
"Broad Run HS";"Jul 16, 2026, 12:00:00";"0";"95.28";"17.7"
"Broad Run HS";"Jul 16, 2026, 11:00:00";"0.04";"110.79";"17.72"
"Broad Run HS";"Jul 16, 2026, 10:00:00";"0.1";"116.95";"16.3"
"Broad Run HS";"Jul 16, 2026, 09:00:00";"1.31";"117.27";"14.81"
"Broad Run HS";"Jul 16, 2026, 08:00:00";"3.77";"119.35";"13.73"
"Broad Run HS";"Jul 16, 2026, 07:00:00";"4.93";"120.77";"14.48"
"Broad Run HS";"Jul 16, 2026, 06:00:00";"4.59";"127.75";"14.56"
"Broad Run HS";"Jul 16, 2026, 05:00:00";"4.78";"129.86";"14.24"
"Broad Run HS";"Jul 16, 2026, 04:00:00";"4.33";"115.07";"14.71"
"Broad Run HS";"Jul 16, 2026, 03:00:00";"3.63";"107.17";"14.73"
"Broad Run HS";"Jul 16, 2026, 02:00:00";"3.57";"106.46";"13.62"
"Broad Run HS";"Jul 16, 2026, 01:00:00";"3.29";"111.72";"12.4"
"Broad Run HS";"Jul 16, 2026, 00:00:00";"3.09";"122.81";"13.43"
"Broad Run HS";"Jul 15, 2026, 23:00:00";"2.51";"129.31";"13.63"
"Broad Run HS";"Jul 15, 2026, 22:00:00";"2.45";"114.06";"11.86"
"Broad Run HS";"Jul 15, 2026, 21:00:00";"1.15";"92.74";"11.85"
"Broad Run HS";"Jul 15, 2026, 20:00:00";"0";"66.65";"12.19"
"Broad Run HS";"Jul 15, 2026, 19:00:00";"0";"37.16";"13.15"
"Broad Run HS";"Jul 15, 2026, 18:00:00";"0";"13.4";"13.31"
"Broad Run HS";"Jul 15, 2026, 17:00:00";"0";"6.56";"12.77"
"Broad Run HS";"Jul 15, 2026, 16:00:00";"0";"17.83";"13.15"
"Broad Run HS";"Jul 15, 2026, 15:00:00";"0";"38.16";"14.46"
"Broad Run HS";"Jul 15, 2026, 14:00:00";"0";"43.62";"14.08"
"Broad Run HS";"Jul 15, 2026, 13:00:00";"0";"80.35";"14.05"
"Broad Run HS";"Jul 15, 2026, 12:00:00";"0";"98.84";"14.06"
"Broad Run HS";"Jul 15, 2026, 11:00:00";"0";"116.34";"12.67"
"Broad Run HS";"Jul 15, 2026, 10:00:00";"0";"145.03";"11.09"
"Broad Run HS";"Jul 15, 2026, 09:00:00";"1.37";"179.16";"9.73"
"Broad Run HS";"Jul 15, 2026, 08:00:00";"7.22";"241.74";"8.11"
"Broad Run HS";"Jul 15, 2026, 07:00:00";"6.95";"264.11";"7.72"
"Broad Run HS";"Jul 15, 2026, 06:00:00";"7.86";"256.39";"8.61"
"Broad Run HS";"Jul 15, 2026, 05:00:00";"6.48";"230.42";"8.33"
"Broad Run HS";"Jul 15, 2026, 04:00:00";"6.82";"219.87";"8.17"
"Broad Run HS";"Jul 15, 2026, 03:00:00";"7.77";"185.05";"8.22"
"Broad Run HS";"Jul 15, 2026, 02:00:00";"7.29";"128.44";"7.97"
"Broad Run HS";"Jul 15, 2026, 01:00:00";"7.68";"89.47";"8.4"
"Broad Run HS";"Jul 15, 2026, 00:00:00";"6.64";"70.73";"8.31"
"Broad Run HS";"Jul 14, 2026, 23:00:00";"5.24";"60.53";"8.31"
"Broad Run HS";"Jul 14, 2026, 22:00:00";"5.08";"54.96";"8.58"
"Broad Run HS";"Jul 14, 2026, 21:00:00";"3.73";"43.04";"9.03"
"Broad Run HS";"Jul 14, 2026, 20:00:00";"1.02";"30.97";"9.56"
"Broad Run HS";"Jul 14, 2026, 19:00:00";"0.08";"22.02";"9.58"
"Broad Run HS";"Jul 14, 2026, 18:00:00";"0";"12.61";"9.47"
"Broad Run HS";"Jul 14, 2026, 17:00:00";"0";"5.46";"9.73"
"Broad Run HS";"Jul 14, 2026, 16:00:00";"0";"2.21";"9.06"
"Broad Run HS";"Jul 14, 2026, 15:00:00";"0";"1.75";"8.7"
"Broad Run HS";"Jul 14, 2026, 14:00:00";"0";"6.83";"8.8"
"Broad Run HS";"Jul 14, 2026, 13:00:00";"0";"33.16";"8.78"
"Broad Run HS";"Jul 14, 2026, 12:00:00";"0";"52.47";"11.29"
"Broad Run HS";"Jul 14, 2026, 11:00:00";"0";"58.78";"11.28"
"Broad Run HS";"Jul 14, 2026, 10:00:00";"1.15";"94.52";"10.8"
"Broad Run HS";"Jul 14, 2026, 09:00:00";"4.41";"131.52";"8.96"
"Broad Run HS";"Jul 14, 2026, 08:00:00";"7.45";"177.75";"6.47"
"Broad Run HS";"Jul 14, 2026, 07:00:00";"7.86";"164.75";"8.16"
"Broad Run HS";"Jul 14, 2026, 06:00:00";"7.49";"140.27";"9.8"
"Broad Run HS";"Jul 14, 2026, 05:00:00";"7.66";"131.47";"8.79"
"Broad Run HS";"Jul 14, 2026, 04:00:00";"9.07";"112.24";"7.77"
"Broad Run HS";"Jul 14, 2026, 03:00:00";"7.76";"91.18";"8.29"
"Broad Run HS";"Jul 14, 2026, 02:00:00";"7.71";"72.56";"8.61"
"Broad Run HS";"Jul 14, 2026, 01:00:00";"9.02";"63.65";"8.42"
"Broad Run HS";"Jul 14, 2026, 00:00:00";"9.56";"44.26";"8.98"
"Broad Run HS";"Jul 13, 2026, 23:00:00";"8.9";"30.43";"9.46"
"Broad Run HS";"Jul 13, 2026, 22:00:00";"9.63";"28.33";"10.96"
"Broad Run HS";"Jul 13, 2026, 21:00:00";"9.34";"19.23";"11.99"
"Broad Run HS";"Jul 13, 2026, 20:00:00";"7";"2.57";"12.79"
"Broad Run HS";"Jul 13, 2026, 19:00:00";"2.81";"0";"12.52"
"Broad Run HS";"Jul 13, 2026, 18:00:00";"1.08";"0";"12.69"
"Broad Run HS";"Jul 13, 2026, 17:00:00";"0.02";"0.91";"12.56"
"Broad Run HS";"Jul 13, 2026, 16:00:00";"0";"2.93";"12.44"
"Broad Run HS";"Jul 13, 2026, 15:00:00";"0.55";"7.58";"12.51"
"Broad Run HS";"Jul 13, 2026, 14:00:00";"0.33";"12.68";"12.53"
"Broad Run HS";"Jul 13, 2026, 13:00:00";"0";"16.01";"11.09"
"Broad Run HS";"Jul 13, 2026, 12:00:00";"0";"40.96";"10.89"
"Broad Run HS";"Jul 13, 2026, 11:00:00";"0";"75.69";"8.95"
"Broad Run HS";"Jul 13, 2026, 10:00:00";"0.89";"132.72";"8.18"
"Broad Run HS";"Jul 13, 2026, 09:00:00";"4.25";"205.94";"7.51"
"Broad Run HS";"Jul 13, 2026, 08:00:00";"5.64";"281.39";"5.49"
"Broad Run HS";"Jul 13, 2026, 07:00:00";"5.79";"268.07";"9.06"
"Broad Run HS";"Jul 13, 2026, 06:00:00";"4.14";"271.8";"12"
"Broad Run HS";"Jul 13, 2026, 05:00:00";"4.93";"277.6";"10.98"
"Broad Run HS";"Jul 13, 2026, 04:00:00";"6.43";"260.07";"12.47"
"Broad Run HS";"Jul 13, 2026, 03:00:00";"7.75";"232.36";"10.87"
"Broad Run HS";"Jul 13, 2026, 02:00:00";"8.89";"195.07";"9.75"
"Broad Run HS";"Jul 13, 2026, 01:00:00";"8.41";"174.55";"10.09"
"Broad Run HS";"Jul 13, 2026, 00:00:00";"8.58";"149.34";"9.39"
"Broad Run HS";"Jul 12, 2026, 23:00:00";"8.22";"122.94";"9.35"
"Broad Run HS";"Jul 12, 2026, 22:00:00";"7.96";"105.4";"9.74"
"Broad Run HS";"Jul 12, 2026, 21:00:00";"7.67";"96.42";"9.93"
"Broad Run HS";"Jul 12, 2026, 20:00:00";"8.92";"104.92";"10.14"
"Broad Run HS";"Jul 12, 2026, 19:00:00";"7.82";"123.32";"9.9"
"Broad Run HS";"Jul 12, 2026, 18:00:00";"9.02";"145.33";"10.01"
"Broad Run HS";"Jul 12, 2026, 17:00:00";"6.5";"113.57";"11.35"
"Broad Run HS";"Jul 12, 2026, 16:00:00";"0.49";"92.52";"12.55"
"Broad Run HS";"Jul 12, 2026, 15:00:00";"0.35";"113.92";"12.42"
"Broad Run HS";"Jul 12, 2026, 14:00:00";"0.4";"156.67";"12.08"
"Broad Run HS";"Jul 12, 2026, 13:00:00";"2.5";"188.84";"11.76"
"Broad Run HS";"Jul 12, 2026, 12:00:00";"4.22";"213.41";"11.55"
"Broad Run HS";"Jul 12, 2026, 11:00:00";"4.46";"257.01";"11.23"
"Broad Run HS";"Jul 12, 2026, 10:00:00";"5.69";"287.28";"11.07"
"Broad Run HS";"Jul 12, 2026, 09:00:00";"6.59";"355.43";"11.01"
"Broad Run HS";"Jul 12, 2026, 08:00:00";"6.87";"398.16";"10.73"
"Broad Run HS";"Jul 12, 2026, 07:00:00";"7.09";"417.4";"10.02"
"Broad Run HS";"Jul 12, 2026, 06:00:00";"7.06";"427";"10.28"
"Broad Run HS";"Jul 12, 2026, 05:00:00";"7.53";"428.13";"10.37"
"Broad Run HS";"Jul 12, 2026, 04:00:00";"8.14";"409.53";"10.27"
"Broad Run HS";"Jul 12, 2026, 03:00:00";"9.84";"393.9";"8.41"
"Broad Run HS";"Jul 12, 2026, 02:00:00";"10.08";"364.53";"8.55"
"Broad Run HS";"Jul 12, 2026, 01:00:00";"11.35";"299.74";"8.55"
"Broad Run HS";"Jul 12, 2026, 00:00:00";"13.12";"294.7";"8.32"
"Broad Run HS";"Jul 11, 2026, 23:00:00";"16.06";"237.81";"7.98"
"Broad Run HS";"Jul 11, 2026, 22:00:00";"8.58";"141.81";"12.56"
"Broad Run HS";"Jul 11, 2026, 21:00:00";"5.26";"113.31";"16.21"
"Broad Run HS";"Jul 11, 2026, 20:00:00";"5.07";"99.74";"16.09"
"Broad Run HS";"Jul 11, 2026, 19:00:00";"3.91";"84.59";"15.18"
"Broad Run HS";"Jul 11, 2026, 18:00:00";"1.03";"82.46";"15.34"
"Broad Run HS";"Jul 11, 2026, 17:00:00";"0";"85.82";"16.92"
"Broad Run HS";"Jul 11, 2026, 16:00:00";"0";"83.28";"17.94"
"Broad Run HS";"Jul 11, 2026, 15:00:00";"0.02";"84.82";"18.13"
"Broad Run HS";"Jul 11, 2026, 14:00:00";"0.24";"102.23";"16.81"
"Broad Run HS";"Jul 11, 2026, 13:00:00";"0.29";"115.18";"16.63"
"Broad Run HS";"Jul 11, 2026, 12:00:00";"0";"136.31";"14.79"
"Broad Run HS";"Jul 11, 2026, 11:00:00";"0";"162.73";"11.68"
"Broad Run HS";"Jul 11, 2026, 10:00:00";"0.22";"202.64";"10.01"
"Broad Run HS";"Jul 11, 2026, 09:00:00";"4.05";"247.18";"8.51"
"Broad Run HS";"Jul 11, 2026, 08:00:00";"5.12";"287.41";"6.8"
"Broad Run HS";"Jul 11, 2026, 07:00:00";"6.35";"294.19";"6.89"
"Broad Run HS";"Jul 11, 2026, 06:00:00";"7.07";"289.66";"7.18"
"Broad Run HS";"Jul 11, 2026, 05:00:00";"7.31";"320.9";"7.05"
"Broad Run HS";"Jul 11, 2026, 04:00:00";"7.48";"330.61";"7.05"
"Broad Run HS";"Jul 11, 2026, 03:00:00";"8.17";"320.88";"7.51"
"Broad Run HS";"Jul 11, 2026, 02:00:00";"9.08";"306.61";"8.33"
"Broad Run HS";"Jul 11, 2026, 01:00:00";"10.17";"313.72";"13.55"
"Broad Run HS";"Jul 11, 2026, 00:00:00";"10.51";"345.49";"13.75"
"Broad Run HS";"Jul 10, 2026, 23:00:00";"11.9";"325.81";"11.52"
"Broad Run HS";"Jul 10, 2026, 22:00:00";"16.74";"293.87";"9.18"
"Broad Run HS";"Jul 10, 2026, 21:00:00";"13.25";"235.66";"8.86"
"Broad Run HS";"Jul 10, 2026, 20:00:00";"8.31";"168.84";"9.74"
"Broad Run HS";"Jul 10, 2026, 19:00:00";"1.15";"207.57";"13.78"
"Broad Run HS";"Jul 10, 2026, 18:00:00";"1.01";"213.97";"17.04"
"Broad Run HS";"Jul 10, 2026, 17:00:00";"3.71";"270.77";"18.29"
"Broad Run HS";"Jul 10, 2026, 16:00:00";"5.85";"220.05";"19.72"
"Broad Run HS";"Jul 10, 2026, 15:00:00";"3.03";"165.89";"18.89"
"Broad Run HS";"Jul 10, 2026, 14:00:00";"1.74";"155.03";"19.94"
"Broad Run HS";"Jul 10, 2026, 13:00:00";"0.61";"159.76";"19.96"
"Broad Run HS";"Jul 10, 2026, 12:00:00";"0.38";"177.8";"20.63"
"Broad Run HS";"Jul 10, 2026, 11:00:00";"0";"187.55";"17.7"
"Broad Run HS";"Jul 10, 2026, 10:00:00";"0.24";"211.97";"17.23"
"Broad Run HS";"Jul 10, 2026, 09:00:00";"2.77";"290.13";"15.03"
"Broad Run HS";"Jul 10, 2026, 08:00:00";"8.67";"452.44";"11.6"
"Broad Run HS";"Jul 10, 2026, 07:00:00";"7.19";"492.06";"10.9"
"Broad Run HS";"Jul 10, 2026, 06:00:00";"5.75";"480.5";"12.22"
"Broad Run HS";"Jul 10, 2026, 05:00:00";"4.7";"491.71";"13.2"
"Broad Run HS";"Jul 10, 2026, 04:00:00";"4.07";"505.69";"12.79"
"Broad Run HS";"Jul 10, 2026, 03:00:00";"4.29";"533.29";"12.89"
"Broad Run HS";"Jul 10, 2026, 02:00:00";"4.36";"553.98";"12.22"
"Broad Run HS";"Jul 10, 2026, 01:00:00";"4.91";"618.09";"11.52"
"Broad Run HS";"Jul 10, 2026, 00:00:00";"6.05";"661.08";"10.25"
"Broad Run HS";"Jul 9, 2026, 23:00:00";"6.6";"597.11";"9.63"
"Broad Run HS";"Jul 9, 2026, 22:00:00";"7.71";"505.38";"33.69"
"Broad Run HS";"Jul 9, 2026, 21:00:00";"8.32";"459.12";"4.85"
"Broad Run HS";"Jul 9, 2026, 20:00:00";"8.71";"442.14";"4.37"
"Broad Run HS";"Jul 9, 2026, 19:00:00";"12.31";"512.77";"4.29"
"Broad Run HS";"Jul 9, 2026, 18:00:00";"14.29";"522.21";"5.03"
"Broad Run HS";"Jul 9, 2026, 17:00:00";"13.94";"411.3";"7.98"
"Broad Run HS";"Jul 9, 2026, 16:00:00";"13.31";"243.5";"6.78"
"Broad Run HS";"Jul 9, 2026, 15:00:00";"2.23";"249.51";"12.98"
"Broad Run HS";"Jul 9, 2026, 14:00:00";"0.22";"314.13";"18.14"
"Broad Run HS";"Jul 9, 2026, 13:00:00";"0.1";"405.56";"17.85"
"Broad Run HS";"Jul 9, 2026, 12:00:00";"1.34";"504.53";"17.23"
"Broad Run HS";"Jul 9, 2026, 11:00:00";"1.39";"544.64";"16.69"
"Broad Run HS";"Jul 9, 2026, 10:00:00";"2.98";"652.3";"14.98"
"Broad Run HS";"Jul 9, 2026, 09:00:00";"5.38";"731.7";"15.08"
"Broad Run HS";"Jul 9, 2026, 08:00:00";"6.8";"703.48";"14.21"
"Broad Run HS";"Jul 9, 2026, 07:00:00";"7.16";"661.07";"11.84"
"Broad Run HS";"Jul 9, 2026, 06:00:00";"7.07";"640.95";"10.49"
"Broad Run HS";"Jul 9, 2026, 05:00:00";"7.22";"607.88";"10.21"
"Broad Run HS";"Jul 9, 2026, 04:00:00";"7.84";"549.49";"10.3"
"Broad Run HS";"Jul 9, 2026, 03:00:00";"7.29";"469.46";"10.57"
"Broad Run HS";"Jul 9, 2026, 02:00:00";"8.57";"433.05";"9.81"
"Broad Run HS";"Jul 9, 2026, 01:00:00";"10.92";"384.87";"10.78"
"Broad Run HS";"Jul 9, 2026, 00:00:00";"17.98";"337.57";"11.48"
"Broad Run HS";"Jul 8, 2026, 23:00:00";"13.36";"294.48";"12.12"
"Broad Run HS";"Jul 8, 2026, 22:00:00";"15.06";"257.75";"11.96"
"Broad Run HS";"Jul 8, 2026, 21:00:00";"13.48";"219.37";"11.64"
"Broad Run HS";"Jul 8, 2026, 20:00:00";"17.68";"203.46";"12.48"
"Broad Run HS";"Jul 8, 2026, 19:00:00";"10.07";"183.25";"11.36"
"Broad Run HS";"Jul 8, 2026, 18:00:00";"7.54";"189.11";"11.78"
"Broad Run HS";"Jul 8, 2026, 17:00:00";"4.8";"194.01";"11.79"
"Broad Run HS";"Jul 8, 2026, 16:00:00";"4.83";"221.26";"13.72"
"Broad Run HS";"Jul 8, 2026, 15:00:00";"9.86";"243.96";"12.64"
"Broad Run HS";"Jul 8, 2026, 14:00:00";"9.72";"265.13";"11.76"
"Broad Run HS";"Jul 8, 2026, 13:00:00";"9.18";"291.72";"12.04"
"Broad Run HS";"Jul 8, 2026, 12:00:00";"8.95";"279.26";"8.84"
"Broad Run HS";"Jul 8, 2026, 11:00:00";"10.48";"309.87";"8.35"
"Broad Run HS";"Jul 8, 2026, 10:00:00";"7.75";"338.57";"9.06"
"Broad Run HS";"Jul 8, 2026, 09:00:00";"8.37";"387.78";"7.18"
"Broad Run HS";"Jul 8, 2026, 08:00:00";"7.32";"418.2";"8.81"
"Broad Run HS";"Jul 8, 2026, 07:00:00";"7.44";"433.84";"14.09"
"Broad Run HS";"Jul 8, 2026, 06:00:00";"7.65";"418.88";"16.13"
"Broad Run HS";"Jul 8, 2026, 05:00:00";"6.99";"432.81";"12.46"
"Broad Run HS";"Jul 8, 2026, 04:00:00";"6.69";"475.17";"15.23"
"Broad Run HS";"Jul 8, 2026, 03:00:00";"6.76";"523.65";"17.32"
"Broad Run HS";"Jul 8, 2026, 02:00:00";"4.76";"516.65";"14.89"
"Broad Run HS";"Jul 8, 2026, 01:00:00";"1.41";"595.95";"15.88"
"Broad Run HS";"Jul 8, 2026, 00:00:00";"0";"641.26";"20.49"
"Broad Run HS";"Jul 7, 2026, 23:00:00";"0.92";"555.07";"21.52"
"Broad Run HS";"Jul 7, 2026, 22:00:00";"2.51";"449.59";"19.21"
"Broad Run HS";"Jul 7, 2026, 21:00:00";"3.51";"387.47";"16.07"
"Broad Run HS";"Jul 7, 2026, 20:00:00";"3.59";"356.72";"16.73"
"Broad Run HS";"Jul 7, 2026, 19:00:00";"4";"287.29";"17.32"
"Broad Run HS";"Jul 7, 2026, 18:00:00";"1.52";"203.84";"16.37"
"Broad Run HS";"Jul 7, 2026, 17:00:00";"0";"207.47";"15.91"
"Broad Run HS";"Jul 7, 2026, 16:00:00";"0";"234.35";"18.9"
"Broad Run HS";"Jul 7, 2026, 15:00:00";"0.31";"277.16";"18.4"
"Broad Run HS";"Jul 7, 2026, 14:00:00";"0.56";"304.34";"18.46"
"Broad Run HS";"Jul 7, 2026, 13:00:00";"0";"344.31";"17.37"
"Broad Run HS";"Jul 7, 2026, 12:00:00";"0.62";"391.11";"16.27"
"Broad Run HS";"Jul 7, 2026, 11:00:00";"0.23";"431.37";"14.99"
"Broad Run HS";"Jul 7, 2026, 10:00:00";"0.95";"504.39";"18.95"
"Broad Run HS";"Jul 7, 2026, 09:00:00";"1.62";"548.35";"0"
"Broad Run HS";"Jul 7, 2026, 08:00:00";"2";"566.64";"0"
"Broad Run HS";"Jul 7, 2026, 07:00:00";"2.34";"592.73";"0"
"Broad Run HS";"Jul 7, 2026, 06:00:00";"1.89";"579.86";"0"
"Broad Run HS";"Jul 7, 2026, 05:00:00";"2.51";"562.16";"0"
"Broad Run HS";"Jul 7, 2026, 04:00:00";"3.68";"546.55";"12.54"
"Broad Run HS";"Jul 7, 2026, 03:00:00";"5.3";"528.05";"12.68"
"Broad Run HS";"Jul 7, 2026, 02:00:00";"6.13";"578.62";"12.88"
"Broad Run HS";"Jul 7, 2026, 01:00:00";"7.03";"569.91";"11.1"
"Broad Run HS";"Jul 7, 2026, 00:00:00";"8.77";"530.89";"12.28"
"Broad Run HS";"Jul 6, 2026, 23:00:00";"9.88";"423.99";"15.84"
"Broad Run HS";"Jul 6, 2026, 22:00:00";"8.55";"309.74";"15.14"
"Broad Run HS";"Jul 6, 2026, 21:00:00";"3.93";"182.92";"16.39"
"Broad Run HS";"Jul 6, 2026, 20:00:00";"0.26";"171.13";"14.86"
"Broad Run HS";"Jul 6, 2026, 19:00:00";"0";"168.94";"14.62"
"Broad Run HS";"Jul 6, 2026, 18:00:00";"0.23";"156.27";"14.78"
"Broad Run HS";"Jul 6, 2026, 17:00:00";"0.07";"130.28";"17.47"
"Broad Run HS";"Jul 6, 2026, 16:00:00";"0.44";"121.7";"18.7"
"Broad Run HS";"Jul 6, 2026, 15:00:00";"0";"131.32";"17.59"
"Broad Run HS";"Jul 6, 2026, 14:00:00";"0";"156.68";"16.23"
"Broad Run HS";"Jul 6, 2026, 13:00:00";"0";"198.22";"14.64"
"Broad Run HS";"Jul 6, 2026, 12:00:00";"0.15";"247.75";"13.96"
"Broad Run HS";"Jul 6, 2026, 11:00:00";"0.79";"266.44";"13.43"
"Broad Run HS";"Jul 6, 2026, 10:00:00";"1.23";"291.96";"10.51"
"Broad Run HS";"Jul 6, 2026, 09:00:00";"2.56";"334.58";"8.87"
"Broad Run HS";"Jul 6, 2026, 08:00:00";"4.58";"384.33";"8.79"
"Broad Run HS";"Jul 6, 2026, 07:00:00";"3.98";"387.02";"13.89"
"Broad Run HS";"Jul 6, 2026, 06:00:00";"3.72";"390.36";"14.99"
"Broad Run HS";"Jul 6, 2026, 05:00:00";"3.56";"370.25";"14.67"
"Broad Run HS";"Jul 6, 2026, 04:00:00";"4.34";"360.34";"13.42"
"Broad Run HS";"Jul 6, 2026, 03:00:00";"4.48";"338.38";"12.78"
"Broad Run HS";"Jul 6, 2026, 02:00:00";"5.17";"318.21";"10.38"
"Broad Run HS";"Jul 6, 2026, 01:00:00";"5.57";"301.45";"9.87"
"Broad Run HS";"Jul 6, 2026, 00:00:00";"7.38";"223.94";"10.82"
"Broad Run HS";"Jul 5, 2026, 23:00:00";"5.91";"99.75";"13.19"
"Broad Run HS";"Jul 5, 2026, 22:00:00";"3.99";"69.82";"16.46"
"Broad Run HS";"Jul 5, 2026, 21:00:00";"3.2";"52.22";"17.42"
"Broad Run HS";"Jul 5, 2026, 20:00:00";"0.13";"57.51";"22.5"
"Broad Run HS";"Jul 5, 2026, 19:00:00";"0";"62.1";"29.52"
"Broad Run HS";"Jul 5, 2026, 18:00:00";"0";"10.75";"26.18"
"Broad Run HS";"Jul 5, 2026, 17:00:00";"0";"0.34";"22.33"
"Broad Run HS";"Jul 5, 2026, 16:00:00";"0";"0";"20.3"
"Broad Run HS";"Jul 5, 2026, 15:00:00";"0";"0";"19.65"
"Broad Run HS";"Jul 5, 2026, 14:00:00";"0";"13.79";"18.55"
"Broad Run HS";"Jul 5, 2026, 13:00:00";"0";"31.17";"18.55"
"Broad Run HS";"Jul 5, 2026, 12:00:00";"0";"45.29";"16.94"
"Broad Run HS";"Jul 5, 2026, 11:00:00";"0";"68.14";"16.31"
"Broad Run HS";"Jul 5, 2026, 10:00:00";"0";"103.44";"14.28"
"Broad Run HS";"Jul 5, 2026, 09:00:00";"0";"139.63";"12.51"
"Broad Run HS";"Jul 5, 2026, 08:00:00";"0.05";"187.47";"12.85"
"Broad Run HS";"Jul 5, 2026, 07:00:00";"0.1";"231.56";"14.85"
"Broad Run HS";"Jul 5, 2026, 06:00:00";"1.71";"206.11";"15.12"
"Broad Run HS";"Jul 5, 2026, 05:00:00";"0.53";"190.62";"15.43"
"Broad Run HS";"Jul 5, 2026, 04:00:00";"2.13";"203.93";"19.27"
"Broad Run HS";"Jul 5, 2026, 03:00:00";"3.92";"188.74";"18.02"
"Broad Run HS";"Jul 5, 2026, 02:00:00";"3.04";"158.47";"15.04"
"Broad Run HS";"Jul 5, 2026, 01:00:00";"1.34";"142.93";"17.83"
"Broad Run HS";"Jul 5, 2026, 00:00:00";"1.99";"140.35";"21.43"
"Broad Run HS";"Jul 4, 2026, 23:00:00";"3.32";"142.34";"25.57"
"Broad Run HS";"Jul 4, 2026, 22:00:00";"3.03";"141.43";"12.78"
"Broad Run HS";"Jul 4, 2026, 21:00:00";"3.29";"77.68";"10.52"
"Broad Run HS";"Jul 4, 2026, 20:00:00";"0.09";"39.43";"17.09"
"Broad Run HS";"Jul 4, 2026, 19:00:00";"0";"22.05";"22.63"
"Broad Run HS";"Jul 4, 2026, 18:00:00";"0";"3.34";"25.65"
"Broad Run HS";"Jul 4, 2026, 17:00:00";"0";"0";"19.95"
"Broad Run HS";"Jul 4, 2026, 16:00:00";"0";"0";"19.94"
"Broad Run HS";"Jul 4, 2026, 15:00:00";"0";"0";"19.13"
"Broad Run HS";"Jul 4, 2026, 14:00:00";"0";"0";"15.46"
"Broad Run HS";"Jul 4, 2026, 13:00:00";"0";"0.08";"13.89"
"Broad Run HS";"Jul 4, 2026, 12:00:00";"0";"12.04";"13.13"
"Broad Run HS";"Jul 4, 2026, 11:00:00";"0";"47.84";"16.46"
"Broad Run HS";"Jul 4, 2026, 10:00:00";"0";"90.67";"15.65"
"Broad Run HS";"Jul 4, 2026, 09:00:00";"0";"89.06";"12.71"
"Broad Run HS";"Jul 4, 2026, 08:00:00";"0";"99.07";"10.2"
"Broad Run HS";"Jul 4, 2026, 07:00:00";"0.15";"114.39";"12.64"
"Broad Run HS";"Jul 4, 2026, 06:00:00";"0.09";"118.48";"15.17"
"Broad Run HS";"Jul 4, 2026, 05:00:00";"0";"142.69";"17.97"
"Broad Run HS";"Jul 4, 2026, 04:00:00";"0";"166.47";"19.55"
"Broad Run HS";"Jul 4, 2026, 03:00:00";"0";"168.24";"19.69"
"Broad Run HS";"Jul 4, 2026, 02:00:00";"0";"174.6";"20.35"
"Broad Run HS";"Jul 4, 2026, 01:00:00";"0";"192.29";"21.09"
"Broad Run HS";"Jul 4, 2026, 00:00:00";"0";"181.65";"21.19"
"Broad Run HS";"Jul 3, 2026, 23:00:00";"0";"155.63";"22.32"
"Broad Run HS";"Jul 3, 2026, 22:00:00";"0";"125.46";"22.72"
"Broad Run HS";"Jul 3, 2026, 21:00:00";"0";"82.56";"23.81"
"Broad Run HS";"Jul 3, 2026, 20:00:00";"0";"49.51";"25.32"
"Broad Run HS";"Jul 3, 2026, 19:00:00";"0";"34.72";"24.49"
"Broad Run HS";"Jul 3, 2026, 18:00:00";"0";"26.41";"24.07"
"Broad Run HS";"Jul 3, 2026, 17:00:00";"0";"21.06";"23.39"
"Broad Run HS";"Jul 3, 2026, 16:00:00";"0";"12.58";"22.45"
"Broad Run HS";"Jul 3, 2026, 15:00:00";"0";"10.07";"21.41"
"Broad Run HS";"Jul 3, 2026, 14:00:00";"0";"24.61";"22.79"
"Broad Run HS";"Jul 3, 2026, 13:00:00";"0";"39.06";"21.9"
"Broad Run HS";"Jul 3, 2026, 12:00:00";"0";"73.49";"23.81"
"Broad Run HS";"Jul 3, 2026, 11:00:00";"0";"121.48";"25.6"
"Broad Run HS";"Jul 3, 2026, 10:00:00";"0";"168.04";"26.4"
"Broad Run HS";"Jul 3, 2026, 09:00:00";"0";"196.92";"26.47"
"Broad Run HS";"Jul 3, 2026, 08:00:00";"0";"210.72";"26.23"
"Broad Run HS";"Jul 3, 2026, 07:00:00";"0.12";"216.89";"25.42"
"Broad Run HS";"Jul 3, 2026, 06:00:00";"0.05";"202.09";"24"
"Broad Run HS";"Jul 3, 2026, 05:00:00";"0.14";"188.69";"23.03"
"Broad Run HS";"Jul 3, 2026, 04:00:00";"0.07";"157.87";"22.23"
"Broad Run HS";"Jul 3, 2026, 03:00:00";"0";"142.77";"21.88"
"Broad Run HS";"Jul 3, 2026, 02:00:00";"0";"154.86";"21.69"
"Broad Run HS";"Jul 3, 2026, 01:00:00";"0";"160.75";"21.95"
"Broad Run HS";"Jul 3, 2026, 00:00:00";"0";"156.58";"22.31"
"Broad Run HS";"Jul 2, 2026, 23:00:00";"0";"143.32";"22.88"
"Broad Run HS";"Jul 2, 2026, 22:00:00";"0";"105.38";"23.79"
"Broad Run HS";"Jul 2, 2026, 21:00:00";"0";"70.91";"27.06"
"Broad Run HS";"Jul 2, 2026, 20:00:00";"0";"45.63";"29.42"
"Broad Run HS";"Jul 2, 2026, 19:00:00";"0";"20.06";"28.36"
"Broad Run HS";"Jul 2, 2026, 18:00:00";"0";"9.75";"29.66"
"Broad Run HS";"Jul 2, 2026, 17:00:00";"0";"8.02";"29.67"
"Broad Run HS";"Jul 2, 2026, 16:00:00";"0";"11.87";"30.71"
"Broad Run HS";"Jul 2, 2026, 15:00:00";"0";"21.75";"31.72"
"Broad Run HS";"Jul 2, 2026, 14:00:00";"0";"51.99";"31.62"
"Broad Run HS";"Jul 2, 2026, 13:00:00";"0";"102.92";"33.75"
"Broad Run HS";"Jul 2, 2026, 12:00:00";"0";"130.73";"33.99"
"Broad Run HS";"Jul 2, 2026, 11:00:00";"0";"154.45";"31.83"
"Broad Run HS";"Jul 2, 2026, 10:00:00";"0";"199.24";"29.24"
"Broad Run HS";"Jul 2, 2026, 09:00:00";"0";"238.05";"27.47"
"Broad Run HS";"Jul 2, 2026, 08:00:00";"0";"296.02";"19.51"
"Broad Run HS";"Jul 2, 2026, 07:00:00";"0.32";"327.47";"18.39"
"Broad Run HS";"Jul 2, 2026, 06:00:00";"0";"312.74";"19.49"
"Broad Run HS";"Jul 2, 2026, 05:00:00";"0";"276.93";"20.43"
"Broad Run HS";"Jul 2, 2026, 04:00:00";"0";"276.95";"20.82"
"Broad Run HS";"Jul 2, 2026, 03:00:00";"0";"270.36";"20.98"
"Broad Run HS";"Jul 2, 2026, 02:00:00";"0";"258.48";"21.27"
"Broad Run HS";"Jul 2, 2026, 01:00:00";"0";"220.03";"22.08"
"Broad Run HS";"Jul 2, 2026, 00:00:00";"0";"200.46";"22.1"
"Broad Run HS";"Jul 1, 2026, 23:00:00";"0";"181.25";"22.32"
"Broad Run HS";"Jul 1, 2026, 22:00:00";"0";"147.67";"23.58"
"Broad Run HS";"Jul 1, 2026, 21:00:00";"0";"108.77";"25.69"
"Broad Run HS";"Jul 1, 2026, 20:00:00";"0";"69.24";"28.77"
"Broad Run HS";"Jul 1, 2026, 19:00:00";"0";"51.37";"30.09"
"Broad Run HS";"Jul 1, 2026, 18:00:00";"0";"62.76";"29.8"
"Broad Run HS";"Jul 1, 2026, 17:00:00";"0";"69.91";"29.36"
"Broad Run HS";"Jul 1, 2026, 16:00:00";"0";"77.54";"29.12"
"Broad Run HS";"Jul 1, 2026, 15:00:00";"0";"96";"28.8"
"Broad Run HS";"Jul 1, 2026, 14:00:00";"0";"107.88";"28.49"
"Broad Run HS";"Jul 1, 2026, 13:00:00";"0";"134.27";"26.21"
"Broad Run HS";"Jul 1, 2026, 12:00:00";"0";"162.46";"21.65"
"Broad Run HS";"Jul 1, 2026, 11:00:00";"0";"151.94";"17.1"
"Broad Run HS";"Jul 1, 2026, 10:00:00";"0.01";"133.67";"14.75"
"Broad Run HS";"Jul 1, 2026, 09:00:00";"1.26";"127.55";"11.72"
"Broad Run HS";"Jul 1, 2026, 08:00:00";"3.59";"127.59";"10.48"
"Broad Run HS";"Jul 1, 2026, 07:00:00";"6.32";"127.77";"9.23"
"Broad Run HS";"Jul 1, 2026, 06:00:00";"4.64";"108.75";"8.69"
"Broad Run HS";"Jul 1, 2026, 05:00:00";"3.86";"89.3";"8.42"
"Broad Run HS";"Jul 1, 2026, 04:00:00";"4.36";"73.06";"8.35"
"Broad Run HS";"Jul 1, 2026, 03:00:00";"5.39";"60.24";"7.81"
"Broad Run HS";"Jul 1, 2026, 02:00:00";"5.37";"55.35";"7.63"
"Broad Run HS";"Jul 1, 2026, 01:00:00";"7.17";"62.51";"8.18"
"Broad Run HS";"Jul 1, 2026, 00:00:00";"10.43";"58.71";"8.22"
"Broad Run HS";"Jun 30, 2026, 23:00:00";"8.44";"56.65";"8.43"
"Broad Run HS";"Jun 30, 2026, 22:00:00";"11.35";"59.33";"8.51"
"Broad Run HS";"Jun 30, 2026, 21:00:00";"4.13";"63.1";"10.11"
"Broad Run HS";"Jun 30, 2026, 20:00:00";"1.72";"64.16";"12.59"
"Broad Run HS";"Jun 30, 2026, 19:00:00";"0.16";"60.71";"14.19"
"Broad Run HS";"Jun 30, 2026, 18:00:00";"0";"64.43";"14.8"
"Broad Run HS";"Jun 30, 2026, 17:00:00";"0";"72.61";"15.18"
"Broad Run HS";"Jun 30, 2026, 16:00:00";"0";"84.06";"15.31"
"Broad Run HS";"Jun 30, 2026, 15:00:00";"0";"91.02";"14.41"
"Broad Run HS";"Jun 30, 2026, 14:00:00";"0";"92.59";"14.46"
"Broad Run HS";"Jun 30, 2026, 13:00:00";"0";"117.6";"14.55"
"Broad Run HS";"Jun 30, 2026, 12:00:00";"0";"132.15";"13.89"
"Broad Run HS";"Jun 30, 2026, 11:00:00";"0.01";"144.1";"12.23"
"Broad Run HS";"Jun 30, 2026, 10:00:00";"0.5";"192.24";"12.74"
"Broad Run HS";"Jun 30, 2026, 09:00:00";"5.15";"263.79";"12.51"
"Broad Run HS";"Jun 30, 2026, 08:00:00";"7.43";"303.64";"11.6"
"Broad Run HS";"Jun 30, 2026, 07:00:00";"4.65";"275.52";"16.99"
"Broad Run HS";"Jun 30, 2026, 06:00:00";"4.95";"263.88";"15.01"
"Broad Run HS";"Jun 30, 2026, 05:00:00";"5.85";"238.41";"13.21"
"Broad Run HS";"Jun 30, 2026, 04:00:00";"7.72";"227.96";"11.7"
"Broad Run HS";"Jun 30, 2026, 03:00:00";"8.11";"211.96";"11.55"
"Broad Run HS";"Jun 30, 2026, 02:00:00";"8.58";"183.2";"11.61"
"Broad Run HS";"Jun 30, 2026, 01:00:00";"19.91";"147.19";"12.03"
"Broad Run HS";"Jun 30, 2026, 00:00:00";"19.25";"111.02";"10.89"
"Broad Run HS";"Jun 29, 2026, 23:00:00";"16.12";"84.05";"9.69"
"Broad Run HS";"Jun 29, 2026, 22:00:00";"17.7";"85.27";"9.86"
"Broad Run HS";"Jun 29, 2026, 21:00:00";"10.24";"93.92";"11.37"
"Broad Run HS";"Jun 29, 2026, 20:00:00";"12.57";"92.78";"14.71"
"Broad Run HS";"Jun 29, 2026, 19:00:00";"7.32";"92.8";"18.6"
"Broad Run HS";"Jun 29, 2026, 18:00:00";"6.71";"99.1";"17.87"
"Broad Run HS";"Jun 29, 2026, 17:00:00";"2.31";"109.77";"13.79"
"Broad Run HS";"Jun 29, 2026, 16:00:00";"3.41";"118.75";"12.88"
"Broad Run HS";"Jun 29, 2026, 15:00:00";"0";"143.28";"12.39"
"Broad Run HS";"Jun 29, 2026, 14:00:00";"0.01";"170.12";"12.94"
"Broad Run HS";"Jun 29, 2026, 13:00:00";"0";"192.52";"12.49"
"Broad Run HS";"Jun 29, 2026, 12:00:00";"0";"263.23";"13.01"
"Broad Run HS";"Jun 29, 2026, 11:00:00";"1.71";"347.28";"12.64"
"Broad Run HS";"Jun 29, 2026, 10:00:00";"2.02";"410.95";"12.93"
"Broad Run HS";"Jun 29, 2026, 09:00:00";"1.69";"488.18";"18.47"
"Broad Run HS";"Jun 29, 2026, 08:00:00";"2.11";"533.46";"22.03"
"Broad Run HS";"Jun 29, 2026, 07:00:00";"1.87";"532.47";"15.17"
"Broad Run HS";"Jun 29, 2026, 06:00:00";"0.66";"503.44";"14.49"
"Broad Run HS";"Jun 29, 2026, 05:00:00";"0.93";"473.02";"12.25"
"Broad Run HS";"Jun 29, 2026, 04:00:00";"1.02";"424.82";"12.06"
"Broad Run HS";"Jun 29, 2026, 03:00:00";"2.14";"421.53";"9.62"
"Broad Run HS";"Jun 29, 2026, 02:00:00";"3.47";"431.91";"8.68"
"Broad Run HS";"Jun 29, 2026, 01:00:00";"3.78";"466.26";"9.34"
"Broad Run HS";"Jun 29, 2026, 00:00:00";"2.82";"442.56";"10.46"
"Broad Run HS";"Jun 28, 2026, 23:00:00";"3.89";"405.74";"9.39"
"Broad Run HS";"Jun 28, 2026, 22:00:00";"4.92";"364.38";"7.58"
"Broad Run HS";"Jun 28, 2026, 21:00:00";"5.81";"325.81";"6.36"
"Broad Run HS";"Jun 28, 2026, 20:00:00";"6.14";"323.63";"5.43"
"Broad Run HS";"Jun 28, 2026, 19:00:00";"5.77";"372.86";"5.99"
"Broad Run HS";"Jun 28, 2026, 18:00:00";"7.69";"375.44";"6.4"
"Broad Run HS";"Jun 28, 2026, 17:00:00";"7.89";"360.59";"6.14"
"Broad Run HS";"Jun 28, 2026, 16:00:00";"7.82";"384.38";"5.14"
"Broad Run HS";"Jun 28, 2026, 15:00:00";"6.75";"365.71";"4.77"
"Broad Run HS";"Jun 28, 2026, 14:00:00";"5.66";"381.93";"4.96"
"Broad Run HS";"Jun 28, 2026, 13:00:00";"6.26";"433";"5.83"
"Broad Run HS";"Jun 28, 2026, 12:00:00";"6.83";"442.31";"7.32"
"Broad Run HS";"Jun 28, 2026, 11:00:00";"6.6";"466.02";"8.38"
"Broad Run HS";"Jun 28, 2026, 10:00:00";"6.15";"485.42";"12.43"
"Broad Run HS";"Jun 28, 2026, 09:00:00";"5.9";"473.39";"23.1"
"Broad Run HS";"Jun 28, 2026, 08:00:00";"5.44";"458.42";"0"
"Broad Run HS";"Jun 28, 2026, 07:00:00";"4.46";"460.1";"0"
"Broad Run HS";"Jun 28, 2026, 06:00:00";"3.67";"460.06";"0"
"Broad Run HS";"Jun 28, 2026, 05:00:00";"3.7";"457.65";"0"
"Broad Run HS";"Jun 28, 2026, 04:00:00";"4.68";"456.86";"31.6"
"Broad Run HS";"Jun 28, 2026, 03:00:00";"5.87";"446.31";"29.65"
"Broad Run HS";"Jun 28, 2026, 02:00:00";"5.72";"432.04";"33.82"
"Broad Run HS";"Jun 28, 2026, 01:00:00";"7.15";"429.61";"30.97"
"Broad Run HS";"Jun 28, 2026, 00:00:00";"9.1";"413.13";"27.71"
"Broad Run HS";"Jun 27, 2026, 23:00:00";"10.37";"388.71";"21.73"
"Broad Run HS";"Jun 27, 2026, 22:00:00";"7.62";"318.08";"12.87"
"Broad Run HS";"Jun 27, 2026, 21:00:00";"5.97";"223.65";"8.2"
"Broad Run HS";"Jun 27, 2026, 20:00:00";"4.96";"191.22";"8.31"
"Broad Run HS";"Jun 27, 2026, 19:00:00";"5.17";"163.78";"8.78"
"Broad Run HS";"Jun 27, 2026, 18:00:00";"5.49";"147.73";"8.6"
"Broad Run HS";"Jun 27, 2026, 17:00:00";"4.76";"137.69";"8.08"
"Broad Run HS";"Jun 27, 2026, 16:00:00";"1.09";"120.61";"6.56"
"Broad Run HS";"Jun 27, 2026, 15:00:00";"0.71";"133.79";"7.3"
"Broad Run HS";"Jun 27, 2026, 14:00:00";"0.63";"152.54";"8.25"
"Broad Run HS";"Jun 27, 2026, 13:00:00";"0.15";"157.01";"7.18"
"Broad Run HS";"Jun 27, 2026, 12:00:00";"0";"210.69";"7.89"
"Broad Run HS";"Jun 27, 2026, 11:00:00";"1";"281.62";"9.33"
"Broad Run HS";"Jun 27, 2026, 10:00:00";"2.39";"338.55";"8.53"
"Broad Run HS";"Jun 27, 2026, 09:00:00";"3.34";"370.28";"9.16"
"Broad Run HS";"Jun 27, 2026, 08:00:00";"2.44";"405.19";"11.25"
"Broad Run HS";"Jun 27, 2026, 07:00:00";"2.12";"388.63";"11.34"
"Broad Run HS";"Jun 27, 2026, 06:00:00";"3.4";"369.84";"8.13"
"Broad Run HS";"Jun 27, 2026, 05:00:00";"3.74";"292.83";"8.22"
"Broad Run HS";"Jun 27, 2026, 04:00:00";"3.76";"278.62";"8.97"
"Broad Run HS";"Jun 27, 2026, 03:00:00";"4.44";"248.02";"8.07"
"Broad Run HS";"Jun 27, 2026, 02:00:00";"6.52";"260.24";"7.75"
"Broad Run HS";"Jun 27, 2026, 01:00:00";"5.71";"247.14";"7.86"
"Broad Run HS";"Jun 27, 2026, 00:00:00";"8.92";"242.46";"8.51"
"Broad Run HS";"Jun 26, 2026, 23:00:00";"5.32";"202.9";"7.91"
"Broad Run HS";"Jun 26, 2026, 22:00:00";"5.02";"192.08";"7.42"
"Broad Run HS";"Jun 26, 2026, 21:00:00";"4.41";"153.95";"7.16"
"Broad Run HS";"Jun 26, 2026, 20:00:00";"9.02";"144.89";"6.87"
"Broad Run HS";"Jun 26, 2026, 19:00:00";"7";"97.05";"6.38"
"Broad Run HS";"Jun 26, 2026, 18:00:00";"3.23";"51.46";"3.98"
"Broad Run HS";"Jun 26, 2026, 17:00:00";"5.23";"46.14";"4.25"
"Broad Run HS";"Jun 26, 2026, 16:00:00";"1.46";"32.96";"4.95"
"Broad Run HS";"Jun 26, 2026, 15:00:00";"0";"39.36";"5.16"
"Broad Run HS";"Jun 26, 2026, 14:00:00";"0.03";"46.1";"5.62"
"Broad Run HS";"Jun 26, 2026, 13:00:00";"0.55";"54.35";"5.05"
"Broad Run HS";"Jun 26, 2026, 12:00:00";"0.72";"50.94";"4.76"
"Broad Run HS";"Jun 26, 2026, 11:00:00";"3.86";"62.38";"4.66"
"Broad Run HS";"Jun 26, 2026, 10:00:00";"6.81";"67.15";"5.7"
"Broad Run HS";"Jun 26, 2026, 09:00:00";"6.97";"70.05";"6.55"
"Broad Run HS";"Jun 26, 2026, 08:00:00";"7.43";"76.57";"6.4"
"Broad Run HS";"Jun 26, 2026, 07:00:00";"8.12";"74.93";"6.62"
"Broad Run HS";"Jun 26, 2026, 06:00:00";"6.87";"61.57";"6.62"
"Broad Run HS";"Jun 26, 2026, 05:00:00";"7.44";"51.43";"6.67"
"Broad Run HS";"Jun 26, 2026, 04:00:00";"6.95";"42.3";"6.47"
"Broad Run HS";"Jun 26, 2026, 03:00:00";"6.85";"35.94";"6.45"
"Broad Run HS";"Jun 26, 2026, 02:00:00";"6.8";"31.98";"6.17"
"Broad Run HS";"Jun 26, 2026, 01:00:00";"6.75";"27.14";"5.98"
"Broad Run HS";"Jun 26, 2026, 00:00:00";"7.58";"23.5";"5.66"
"Broad Run HS";"Jun 25, 2026, 23:00:00";"6.69";"21.35";"5.64"
"Broad Run HS";"Jun 25, 2026, 22:00:00";"7.91";"17.51";"5.97"
"Broad Run HS";"Jun 25, 2026, 21:00:00";"7.13";"14.71";"5.3"
"Broad Run HS";"Jun 25, 2026, 20:00:00";"7.14";"10.66";"4.99"
"Broad Run HS";"Jun 25, 2026, 19:00:00";"3.63";"0.55";"4.29"
"Broad Run HS";"Jun 25, 2026, 18:00:00";"2.26";"0.32";"4.31"
"Broad Run HS";"Jun 25, 2026, 17:00:00";"1.82";"0.23";"3.94"
"Broad Run HS";"Jun 25, 2026, 16:00:00";"0.71";"0.57";"3.76"
"Broad Run HS";"Jun 25, 2026, 15:00:00";"1.59";"3.84";"4.64"
"Broad Run HS";"Jun 25, 2026, 14:00:00";"0.43";"12.6";"4.43"
"Broad Run HS";"Jun 25, 2026, 13:00:00";"0.27";"18.44";"4.74"
"Broad Run HS";"Jun 25, 2026, 12:00:00";"0.62";"26.62";"5.32"
"Broad Run HS";"Jun 25, 2026, 11:00:00";"0.16";"36.91";"4.98"
"Broad Run HS";"Jun 25, 2026, 10:00:00";"3.38";"67.78";"4.93"
"Broad Run HS";"Jun 25, 2026, 09:00:00";"6.01";"115.2";"4.27"
"Broad Run HS";"Jun 25, 2026, 08:00:00";"5.14";"131.04";"3.44"
"Broad Run HS";"Jun 25, 2026, 07:00:00";"3.86";"124.99";"2.92"
"Broad Run HS";"Jun 25, 2026, 06:00:00";"3.62";"114.28";"2.55"
"Broad Run HS";"Jun 25, 2026, 05:00:00";"3.39";"110.69";"2.59"
"Broad Run HS";"Jun 25, 2026, 04:00:00";"3.63";"98.69";"2.56"
"Broad Run HS";"Jun 25, 2026, 03:00:00";"4.34";"82.54";"2.87"
"Broad Run HS";"Jun 25, 2026, 02:00:00";"5.64";"71.71";"2.27"
"Broad Run HS";"Jun 25, 2026, 01:00:00";"7.25";"61.62";"2.12"
"Broad Run HS";"Jun 25, 2026, 00:00:00";"9.28";"53.19";"2.33"
"Broad Run HS";"Jun 24, 2026, 23:00:00";"9.48";"43.36";"2.05"
"Broad Run HS";"Jun 24, 2026, 22:00:00";"8.42";"29.27";"2.04"
"Broad Run HS";"Jun 24, 2026, 21:00:00";"4.74";"7.34";"2.22"
"Broad Run HS";"Jun 24, 2026, 20:00:00";"2.62";"1.07";"1.66"
"Broad Run HS";"Jun 24, 2026, 19:00:00";"1.57";"0.87";"1.63"
"Broad Run HS";"Jun 24, 2026, 18:00:00";"1.19";"0.83";"1.6"
"Broad Run HS";"Jun 24, 2026, 17:00:00";"0.74";"1.13";"1.91"
"Broad Run HS";"Jun 24, 2026, 16:00:00";"0.83";"1.71";"2.03"
"Broad Run HS";"Jun 24, 2026, 15:00:00";"1.13";"3.71";"2.09"
"Broad Run HS";"Jun 24, 2026, 14:00:00";"0.28";"7.19";"1.85"
"Broad Run HS";"Jun 24, 2026, 13:00:00";"0.46";"12.66";"1.9"
"Broad Run HS";"Jun 24, 2026, 12:00:00";"0.66";"20.58";"2.46"
"Broad Run HS";"Jun 24, 2026, 11:00:00";"0.83";"29.74";"2.82"
"Broad Run HS";"Jun 24, 2026, 10:00:00";"3.7";"41.4";"2.72"
"Broad Run HS";"Jun 24, 2026, 09:00:00";"4.91";"63.57";"2.05"
"Broad Run HS";"Jun 24, 2026, 08:00:00";"6.26";"74.25";"2.03"
"Broad Run HS";"Jun 24, 2026, 07:00:00";"5.94";"69.96";"1.97"
"Broad Run HS";"Jun 24, 2026, 06:00:00";"5.78";"66.83";"2.1"
"Broad Run HS";"Jun 24, 2026, 05:00:00";"4.9";"65.91";"1.97"
"Broad Run HS";"Jun 24, 2026, 04:00:00";"3.68";"69.99";"2.1"
"Broad Run HS";"Jun 24, 2026, 03:00:00";"2.72";"84.12";"1.85"
"Broad Run HS";"Jun 24, 2026, 02:00:00";"3.06";"94.28";"1.62"
"Broad Run HS";"Jun 24, 2026, 01:00:00";"4";"117.35";"1.49"
"Broad Run HS";"Jun 24, 2026, 00:00:00";"4.67";"145.69";"1.46"
"Broad Run HS";"Jun 23, 2026, 23:00:00";"7.72";"155.6";"2.65"
"Broad Run HS";"Jun 23, 2026, 22:00:00";"7.34";"132.77";"1.93"
"Broad Run HS";"Jun 23, 2026, 21:00:00";"5.41";"98.49";"3.16"
"Broad Run HS";"Jun 23, 2026, 20:00:00";"3.59";"88.01";"0.93"
"Broad Run HS";"Jun 23, 2026, 19:00:00";"3.1";"95.87";"0.96"
"Broad Run HS";"Jun 23, 2026, 18:00:00";"2.51";"133.7";"1.01"
"Broad Run HS";"Jun 23, 2026, 17:00:00";"4.39";"179.72";"1.09"
"Broad Run HS";"Jun 23, 2026, 16:00:00";"5.95";"233.41";"1"
"Broad Run HS";"Jun 23, 2026, 15:00:00";"6.12";"254.02";"1.8"
"Broad Run HS";"Jun 23, 2026, 14:00:00";"5.57";"307.39";"1.48"
"Broad Run HS";"Jun 23, 2026, 13:00:00";"3.94";"329.24";"1.58"
"Broad Run HS";"Jun 23, 2026, 12:00:00";"4.04";"340.78";"2.49"
"Broad Run HS";"Jun 23, 2026, 11:00:00";"4.09";"356.7";"6.46"
"Broad Run HS";"Jun 23, 2026, 10:00:00";"5.12";"351.74";"9.83"
"Broad Run HS";"Jun 23, 2026, 09:00:00";"5.44";"334.96";"7.11"
"Broad Run HS";"Jun 23, 2026, 08:00:00";"4.09";"363.46";"5.54"
"Broad Run HS";"Jun 23, 2026, 07:00:00";"2.14";"396.65";"5.72"
"Broad Run HS";"Jun 23, 2026, 06:00:00";"1.55";"380.29";"5.71"
"Broad Run HS";"Jun 23, 2026, 05:00:00";"1.63";"394.03";"6.44"
"Broad Run HS";"Jun 23, 2026, 04:00:00";"1.94";"425.25";"5.5"
"Broad Run HS";"Jun 23, 2026, 03:00:00";"2.85";"453.82";"3.88"
"Broad Run HS";"Jun 23, 2026, 02:00:00";"4.15";"442.98";"2.84"
"Broad Run HS";"Jun 23, 2026, 01:00:00";"9.13";"412.7";"2.59"
"Broad Run HS";"Jun 23, 2026, 00:00:00";"6.6";"393.82";"3.43"
"Broad Run HS";"Jun 22, 2026, 23:00:00";"5.29";"382.75";"4.89"
"Broad Run HS";"Jun 22, 2026, 22:00:00";"4.3";"341.19";"5.91"
"Broad Run HS";"Jun 22, 2026, 21:00:00";"5.05";"352.7";"7.89"
"Broad Run HS";"Jun 22, 2026, 20:00:00";"5.99";"336.59";"9.25"
"Broad Run HS";"Jun 22, 2026, 19:00:00";"4.4";"201.43";"10.19"
"Broad Run HS";"Jun 22, 2026, 18:00:00";"4.24";"121.52";"9.12"
"Broad Run HS";"Jun 22, 2026, 17:00:00";"3.41";"71.01";"7.81"
"Broad Run HS";"Jun 22, 2026, 16:00:00";"1.14";"46.45";"7.45"
"Broad Run HS";"Jun 22, 2026, 15:00:00";"0.08";"42.03";"7.98"
"Broad Run HS";"Jun 22, 2026, 14:00:00";"0.32";"44.68";"8.3"
"Broad Run HS";"Jun 22, 2026, 13:00:00";"2.93";"46.8";"7.61"
"Broad Run HS";"Jun 22, 2026, 12:00:00";"3.63";"53.91";"7.88"
"Broad Run HS";"Jun 22, 2026, 11:00:00";"5.47";"66.22";"7.52"
"Broad Run HS";"Jun 22, 2026, 10:00:00";"6.92";"76.13";"6.5"
"Broad Run HS";"Jun 22, 2026, 09:00:00";"10.64";"68.62";"4.95"
"Broad Run HS";"Jun 22, 2026, 08:00:00";"8.06";"71.66";"4.55"
"Broad Run HS";"Jun 22, 2026, 07:00:00";"6.97";"65.61";"4.57"
"Broad Run HS";"Jun 22, 2026, 06:00:00";"5.36";"61.74";"4.17"
"Broad Run HS";"Jun 22, 2026, 05:00:00";"4.2";"59.78";"3.69"
"Broad Run HS";"Jun 22, 2026, 04:00:00";"5";"56.54";"3.48"
"Broad Run HS";"Jun 22, 2026, 03:00:00";"5.79";"51.99";"3.66"
"Broad Run HS";"Jun 22, 2026, 02:00:00";"6.36";"47.83";"4"
"Broad Run HS";"Jun 22, 2026, 01:00:00";"7.1";"43.84";"5.18"
"Broad Run HS";"Jun 22, 2026, 00:00:00";"7.11";"36.21";"6.43"
"Broad Run HS";"Jun 21, 2026, 23:00:00";"7.14";"26.7";"3.91"
"Broad Run HS";"Jun 21, 2026, 22:00:00";"6.1";"10.21";"3.77"
"Broad Run HS";"Jun 21, 2026, 21:00:00";"3.84";"0.22";"2.69"
"Broad Run HS";"Jun 21, 2026, 20:00:00";"1.99";"0";"2.2"
"Broad Run HS";"Jun 21, 2026, 19:00:00";"0.67";"0";"3.11"
"Broad Run HS";"Jun 21, 2026, 18:00:00";"0.56";"0";"2.11"
"Broad Run HS";"Jun 21, 2026, 17:00:00";"0.14";"0";"2.32"
"Broad Run HS";"Jun 21, 2026, 16:00:00";"0.18";"0";"2.42"
"Broad Run HS";"Jun 21, 2026, 15:00:00";"0.45";"0.17";"2.65"
"Broad Run HS";"Jun 21, 2026, 14:00:00";"0.86";"0.26";"2.4"
"Broad Run HS";"Jun 21, 2026, 13:00:00";"0.72";"1.3";"2.78"
"Broad Run HS";"Jun 21, 2026, 12:00:00";"0.8";"8.92";"3.24"
"Broad Run HS";"Jun 21, 2026, 11:00:00";"1.97";"16.84";"4.55"
"Broad Run HS";"Jun 21, 2026, 10:00:00";"2.64";"23.26";"5.57"
"Broad Run HS";"Jun 21, 2026, 09:00:00";"4.87";"32.72";"2.42"
"Broad Run HS";"Jun 21, 2026, 08:00:00";"6.23";"49.43";"1.77"
"Broad Run HS";"Jun 21, 2026, 07:00:00";"6.59";"48.92";"2.29"
"Broad Run HS";"Jun 21, 2026, 06:00:00";"6.82";"34.02";"2.03"
"Broad Run HS";"Jun 21, 2026, 05:00:00";"4.29";"25.65";"1.82"
"Broad Run HS";"Jun 21, 2026, 04:00:00";"3.73";"21.59";"1.75"
"Broad Run HS";"Jun 21, 2026, 03:00:00";"3.3";"18.03";"1.73"
"Broad Run HS";"Jun 21, 2026, 02:00:00";"3.02";"17.48";"1.76"
"Broad Run HS";"Jun 21, 2026, 01:00:00";"3.17";"15.75";"1.75"
"Broad Run HS";"Jun 21, 2026, 00:00:00";"3.16";"12.16";"1.74"
"Broad Run HS";"Jun 20, 2026, 23:00:00";"3.64";"11.21";"1.98"
"Broad Run HS";"Jun 20, 2026, 22:00:00";"3.37";"1.45";"1.77"
"Broad Run HS";"Jun 20, 2026, 21:00:00";"2.36";"0";"1.51"
"Broad Run HS";"Jun 20, 2026, 20:00:00";"0.85";"0";"1.15"
"Broad Run HS";"Jun 20, 2026, 19:00:00";"0.74";"0";"0.94"
"Broad Run HS";"Jun 20, 2026, 18:00:00";"0.13";"0";"1"
"Broad Run HS";"Jun 20, 2026, 17:00:00";"0.05";"0";"0.87"
"Broad Run HS";"Jun 20, 2026, 16:00:00";"0.17";"0";"0.78"
"Broad Run HS";"Jun 20, 2026, 15:00:00";"0.02";"0";"0.84"
"Broad Run HS";"Jun 20, 2026, 14:00:00";"0.09";"0";"1.04"
"Broad Run HS";"Jun 20, 2026, 13:00:00";"0.39";"0";"1.16"
"Broad Run HS";"Jun 20, 2026, 12:00:00";"0.5";"0.33";"1.42"
"Broad Run HS";"Jun 20, 2026, 11:00:00";"1.45";"3.21";"1.72"
"Broad Run HS";"Jun 20, 2026, 10:00:00";"2.92";"8.75";"1.7"
"Broad Run HS";"Jun 20, 2026, 09:00:00";"3.6";"17.44";"1.7"
"Broad Run HS";"Jun 20, 2026, 08:00:00";"5.91";"36.92";"1.44"
"Broad Run HS";"Jun 20, 2026, 07:00:00";"8.01";"41.93";"1.58"
"Broad Run HS";"Jun 20, 2026, 06:00:00";"7.41";"36.83";"1.84"
"Broad Run HS";"Jun 20, 2026, 05:00:00";"6.33";"33.98";"1.74"
"Broad Run HS";"Jun 20, 2026, 04:00:00";"6.57";"31.64";"1.58"
"Broad Run HS";"Jun 20, 2026, 03:00:00";"5.52";"28.67";"1.82"
"Broad Run HS";"Jun 20, 2026, 02:00:00";"5.31";"21.28";"1.85"
"Broad Run HS";"Jun 20, 2026, 01:00:00";"4.62";"14.2";"1.98"
"Broad Run HS";"Jun 20, 2026, 00:00:00";"4.47";"13.66";"1.86"
"Broad Run HS";"Jun 19, 2026, 23:00:00";"5.02";"15.39";"1.89"
"Broad Run HS";"Jun 19, 2026, 22:00:00";"5.14";"9.45";"1.9"
"Broad Run HS";"Jun 19, 2026, 21:00:00";"3.9";"0";"1.68"
"Broad Run HS";"Jun 19, 2026, 20:00:00";"2.99";"0";"1.5"
"Broad Run HS";"Jun 19, 2026, 19:00:00";"1.75";"0";"1.48"
"Broad Run HS";"Jun 19, 2026, 18:00:00";"2.09";"0";"1.68"
"Broad Run HS";"Jun 19, 2026, 17:00:00";"1.34";"0.03";"1.43"
"Broad Run HS";"Jun 19, 2026, 16:00:00";"0.89";"1.11";"1.46"
"Broad Run HS";"Jun 19, 2026, 15:00:00";"1.26";"5.3";"1.74"
"Broad Run HS";"Jun 19, 2026, 14:00:00";"1.24";"9.92";"1.32"
"Broad Run HS";"Jun 19, 2026, 13:00:00";"2.57";"15.33";"1.16"
"Broad Run HS";"Jun 19, 2026, 12:00:00";"4.11";"18.22";"1.56"
"Broad Run HS";"Jun 19, 2026, 11:00:00";"5.13";"22.86";"1.69"
"Broad Run HS";"Jun 19, 2026, 10:00:00";"4.48";"29.54";"1.34"
"Broad Run HS";"Jun 19, 2026, 09:00:00";"5.7";"39.88";"1.67"
"Broad Run HS";"Jun 19, 2026, 08:00:00";"6.61";"42.62";"1.98"
"Broad Run HS";"Jun 19, 2026, 07:00:00";"6.47";"38.3";"2.27"
"Broad Run HS";"Jun 19, 2026, 06:00:00";"5.64";"36.33";"2"
"Broad Run HS";"Jun 19, 2026, 05:00:00";"3.95";"33.18";"1.93"
"Broad Run HS";"Jun 19, 2026, 04:00:00";"3.86";"24.68";"1.89"
"Broad Run HS";"Jun 19, 2026, 03:00:00";"3.72";"23.48";"1.89"
"Broad Run HS";"Jun 19, 2026, 02:00:00";"2.95";"19.92";"1.79"
"Broad Run HS";"Jun 19, 2026, 01:00:00";"3.23";"23.53";"1.82"
"Broad Run HS";"Jun 19, 2026, 00:00:00";"4.05";"30.09";"2.12"
"Broad Run HS";"Jun 18, 2026, 23:00:00";"2.72";"28.58";"2.14"
"Broad Run HS";"Jun 18, 2026, 22:00:00";"5.56";"47.15";"2.62"
"Broad Run HS";"Jun 18, 2026, 21:00:00";"3.39";"39.53";"2.41"
"Broad Run HS";"Jun 18, 2026, 20:00:00";"1.1";"38.56";"2.44"
"Broad Run HS";"Jun 18, 2026, 19:00:00";"0.42";"49.3";"2.75"
"Broad Run HS";"Jun 18, 2026, 18:00:00";"0.51";"51.4";"2.67"
"Broad Run HS";"Jun 18, 2026, 17:00:00";"1.06";"54.58";"2.92"
"Broad Run HS";"Jun 18, 2026, 16:00:00";"0.14";"60.67";"3.86"
"Broad Run HS";"Jun 18, 2026, 15:00:00";"0.39";"71.68";"6.01"
"Broad Run HS";"Jun 18, 2026, 14:00:00";"0";"86.52";"7.4"
"Broad Run HS";"Jun 18, 2026, 13:00:00";"1.32";"113.72";"7.58"
"Broad Run HS";"Jun 18, 2026, 12:00:00";"7.01";"143.66";"6.95"
"Broad Run HS";"Jun 18, 2026, 11:00:00";"9.71";"149.53";"6.39"
"Broad Run HS";"Jun 18, 2026, 10:00:00";"7.92";"106.26";"6.16"
"Broad Run HS";"Jun 18, 2026, 09:00:00";"9.58";"108.13";"6.03"
"Broad Run HS";"Jun 18, 2026, 08:00:00";"8.75";"99.87";"6.83"
"Broad Run HS";"Jun 18, 2026, 07:00:00";"7.62";"84.81";"7.88"
"Broad Run HS";"Jun 18, 2026, 06:00:00";"7.77";"88.58";"9.78"
"Broad Run HS";"Jun 18, 2026, 05:00:00";"8.44";"88.42";"9.93"
"Broad Run HS";"Jun 18, 2026, 04:00:00";"10.64";"72.77";"9.97"
"Broad Run HS";"Jun 18, 2026, 03:00:00";"10.71";"53.42";"8.82"
"Broad Run HS";"Jun 18, 2026, 02:00:00";"7.23";"36.29";"7.39"
"Broad Run HS";"Jun 18, 2026, 01:00:00";"10.38";"26.09";"4.26"
"Broad Run HS";"Jun 18, 2026, 00:00:00";"14.33";"21.04";"4.19"
"Broad Run HS";"Jun 17, 2026, 23:00:00";"7";"17.25";"3.33"
"Broad Run HS";"Jun 17, 2026, 22:00:00";"6.95";"12.52";"3.39"
"Broad Run HS";"Jun 17, 2026, 21:00:00";"5.67";"6.33";"3.49"
"Broad Run HS";"Jun 17, 2026, 20:00:00";"4.07";"0.65";"3.09"
"Broad Run HS";"Jun 17, 2026, 19:00:00";"1.44";"0.01";"2.71"
"Broad Run HS";"Jun 17, 2026, 18:00:00";"0.67";"0";"2.78"
"Broad Run HS";"Jun 17, 2026, 17:00:00";"0.17";"0";"2.47"
"Broad Run HS";"Jun 17, 2026, 16:00:00";"0";"0";"2.68"
"Broad Run HS";"Jun 17, 2026, 15:00:00";"0.14";"0";"2.53"
"Broad Run HS";"Jun 17, 2026, 14:00:00";"0.12";"0.94";"2.57"
"Broad Run HS";"Jun 17, 2026, 13:00:00";"0";"5.64";"2.62"
"Broad Run HS";"Jun 17, 2026, 12:00:00";"0";"15.3";"3.16"
"Broad Run HS";"Jun 17, 2026, 11:00:00";"0.22";"37.66";"4.97"
"Broad Run HS";"Jun 17, 2026, 10:00:00";"3.61";"53.57";"5.01"
"Broad Run HS";"Jun 17, 2026, 09:00:00";"7.75";"82.59";"4.91"
"Broad Run HS";"Jun 17, 2026, 08:00:00";"10.64";"107.19";"4.04"
"Broad Run HS";"Jun 17, 2026, 07:00:00";"6.49";"105.89";"4.67"
"Broad Run HS";"Jun 17, 2026, 06:00:00";"5.54";"88.45";"7.2"
"Broad Run HS";"Jun 17, 2026, 05:00:00";"7.37";"78.69";"5.36"
"Broad Run HS";"Jun 17, 2026, 04:00:00";"8.72";"72.34";"3.11"
"Broad Run HS";"Jun 17, 2026, 03:00:00";"10.2";"62.81";"4.01"
"Broad Run HS";"Jun 17, 2026, 02:00:00";"9.11";"48.07";"2.39"
"Broad Run HS";"Jun 17, 2026, 01:00:00";"11.55";"33.54";"1.75"
"Broad Run HS";"Jun 17, 2026, 00:00:00";"11.39";"24.36";"2.12"
"Broad Run HS";"Jun 16, 2026, 23:00:00";"8.62";"16.72";"1.86"
"Broad Run HS";"Jun 16, 2026, 22:00:00";"7.25";"11.44";"1.74"
"Broad Run HS";"Jun 16, 2026, 21:00:00";"5.51";"3.35";"1.58"
"Broad Run HS";"Jun 16, 2026, 20:00:00";"3.83";"0";"1.28"
"Broad Run HS";"Jun 16, 2026, 19:00:00";"2.78";"0";"1.39"
"Broad Run HS";"Jun 16, 2026, 18:00:00";"1.25";"0";"1.08"
"Broad Run HS";"Jun 16, 2026, 17:00:00";"0.5";"0";"1.18"
"Broad Run HS";"Jun 16, 2026, 16:00:00";"0.36";"0";"1.08"
"Broad Run HS";"Jun 16, 2026, 15:00:00";"0.4";"0";"1.18"
"Broad Run HS";"Jun 16, 2026, 14:00:00";"0.21";"0";"1.2"
"Broad Run HS";"Jun 16, 2026, 13:00:00";"0.21";"0";"1.27"
"Broad Run HS";"Jun 16, 2026, 12:00:00";"0.13";"0.26";"1.07"
"Broad Run HS";"Jun 16, 2026, 11:00:00";"0.02";"5.24";"1.07"
"Broad Run HS";"Jun 16, 2026, 10:00:00";"0.16";"22.45";"1.29"
"Broad Run HS";"Jun 16, 2026, 09:00:00";"3.76";"41.85";"2.38"
"Broad Run HS";"Jun 16, 2026, 08:00:00";"5";"45.01";"1.77"
"Broad Run HS";"Jun 16, 2026, 07:00:00";"6.36";"41.91";"1.34"
"Broad Run HS";"Jun 16, 2026, 06:00:00";"5.77";"38.1";"2.58"
"Broad Run HS";"Jun 16, 2026, 05:00:00";"4.85";"33.95";"2.79"
"Broad Run HS";"Jun 16, 2026, 04:00:00";"5.56";"31.47";"2.58"
"Broad Run HS";"Jun 16, 2026, 03:00:00";"5.1";"32.96";"2.01"
"Broad Run HS";"Jun 16, 2026, 02:00:00";"5.33";"50.53";"2.31"
"Broad Run HS";"Jun 16, 2026, 01:00:00";"5.85";"53.58";"3.08"
"Broad Run HS";"Jun 16, 2026, 00:00:00";"5.44";"53.03";"2.74"
"Broad Run HS";"Jun 15, 2026, 23:00:00";"5.4";"52.35";"2.23"
"Broad Run HS";"Jun 15, 2026, 22:00:00";"5.68";"50.26";"3.59"
"Broad Run HS";"Jun 15, 2026, 21:00:00";"4.55";"42.09";"4.43"
"Broad Run HS";"Jun 15, 2026, 20:00:00";"3.71";"35.63";"4.93"
"Broad Run HS";"Jun 15, 2026, 19:00:00";"2.14";"30.15";"4.59"
"Broad Run HS";"Jun 15, 2026, 18:00:00";"2.83";"34.91";"3.96"
"Broad Run HS";"Jun 15, 2026, 17:00:00";"2.19";"30.85";"3.82"
"Broad Run HS";"Jun 15, 2026, 16:00:00";"1.12";"28.91";"3.17"
"Broad Run HS";"Jun 15, 2026, 15:00:00";"0.35";"29.46";"2.74"
"Broad Run HS";"Jun 15, 2026, 14:00:00";"0.6";"34.19";"3.39"
"Broad Run HS";"Jun 15, 2026, 13:00:00";"0.68";"37.55";"4.2"
"Broad Run HS";"Jun 15, 2026, 12:00:00";"0.94";"42.04";"6.73"
"Broad Run HS";"Jun 15, 2026, 11:00:00";"1.58";"49.4";"6.96"
"Broad Run HS";"Jun 15, 2026, 10:00:00";"1.94";"58.48";"6.94"
"Broad Run HS";"Jun 15, 2026, 09:00:00";"3.33";"72.29";"6.13"
"Broad Run HS";"Jun 15, 2026, 08:00:00";"4.74";"81.06";"5.03"
"Broad Run HS";"Jun 15, 2026, 07:00:00";"5.13";"85.91";"2.62"
"Broad Run HS";"Jun 15, 2026, 06:00:00";"5.69";"91.19";"1.5"
"Broad Run HS";"Jun 15, 2026, 05:00:00";"5.63";"94.08";"1.31"
"Broad Run HS";"Jun 15, 2026, 04:00:00";"5.06";"92.39";"1.57"
"Broad Run HS";"Jun 15, 2026, 03:00:00";"3.85";"103.1";"1.04"
"Broad Run HS";"Jun 15, 2026, 02:00:00";"5.22";"114.28";"1.06"
"Broad Run HS";"Jun 15, 2026, 01:00:00";"2.72";"105.86";"1.92"
"Broad Run HS";"Jun 15, 2026, 00:00:00";"4.2";"141.58";"7.89"
"Broad Run HS";"Jun 14, 2026, 23:00:00";"2.49";"123.5";"8.84"
"Broad Run HS";"Jun 14, 2026, 22:00:00";"0.72";"119.46";"10.06"
"Broad Run HS";"Jun 14, 2026, 21:00:00";"0.06";"117.18";"13.55"
"Broad Run HS";"Jun 14, 2026, 20:00:00";"0";"103.88";"14.74"
"Broad Run HS";"Jun 14, 2026, 19:00:00";"0.02";"92.13";"14.67"
"Broad Run HS";"Jun 14, 2026, 18:00:00";"0";"73.71";"13.83"
"Broad Run HS";"Jun 14, 2026, 17:00:00";"0";"69.68";"11.93"
"Broad Run HS";"Jun 14, 2026, 16:00:00";"0";"68.76";"11.45"
"Broad Run HS";"Jun 14, 2026, 15:00:00";"0";"64.96";"11.6"
"Broad Run HS";"Jun 14, 2026, 14:00:00";"0";"61.78";"10.34"
"Broad Run HS";"Jun 14, 2026, 13:00:00";"0";"80.08";"8.23"
"Broad Run HS";"Jun 14, 2026, 12:00:00";"0";"93.54";"7.79"
"Broad Run HS";"Jun 14, 2026, 11:00:00";"0";"129.9";"9.86"
"Broad Run HS";"Jun 14, 2026, 10:00:00";"0.15";"167.52";"10.21"
"Broad Run HS";"Jun 14, 2026, 09:00:00";"1.67";"183.07";"7.78"
"Broad Run HS";"Jun 14, 2026, 08:00:00";"1.9";"217.68";"7.1"
"Broad Run HS";"Jun 14, 2026, 07:00:00";"3.88";"220.46";"7.58"
"Broad Run HS";"Jun 14, 2026, 06:00:00";"4.15";"183.58";"7.05"
"Broad Run HS";"Jun 14, 2026, 05:00:00";"4.33";"152.31";"6.48"
"Broad Run HS";"Jun 14, 2026, 04:00:00";"3.48";"126.08";"4.91"
"Broad Run HS";"Jun 14, 2026, 03:00:00";"3.12";"117.11";"4.83"
"Broad Run HS";"Jun 14, 2026, 02:00:00";"3.33";"108.38";"5.32"
"Broad Run HS";"Jun 14, 2026, 01:00:00";"3.61";"93.84";"4.71"
"Broad Run HS";"Jun 14, 2026, 00:00:00";"3.6";"88.28";"4.67"
"Broad Run HS";"Jun 13, 2026, 23:00:00";"4.26";"79.64";"4.14"
"Broad Run HS";"Jun 13, 2026, 22:00:00";"4.42";"69.87";"3.74"
"Broad Run HS";"Jun 13, 2026, 21:00:00";"3.04";"61.42";"3.71"
"Broad Run HS";"Jun 13, 2026, 20:00:00";"0.95";"52.39";"3.35"
"Broad Run HS";"Jun 13, 2026, 19:00:00";"0.27";"45.88";"2.7"
"Broad Run HS";"Jun 13, 2026, 18:00:00";"0";"38.42";"2.6"
"Broad Run HS";"Jun 13, 2026, 17:00:00";"0";"37.41";"2.72"
"Broad Run HS";"Jun 13, 2026, 16:00:00";"0";"36.66";"2.51"
"Broad Run HS";"Jun 13, 2026, 15:00:00";"0";"48.6";"2.8"
"Broad Run HS";"Jun 13, 2026, 14:00:00";"0";"56.13";"3.14"
"Broad Run HS";"Jun 13, 2026, 13:00:00";"0";"61.38";"2.65"
"Broad Run HS";"Jun 13, 2026, 12:00:00";"0.01";"71.76";"3.04"
"Broad Run HS";"Jun 13, 2026, 11:00:00";"0.05";"89.02";"3.37"
"Broad Run HS";"Jun 13, 2026, 10:00:00";"0";"115.86";"3.68"
"Broad Run HS";"Jun 13, 2026, 09:00:00";"0.57";"176.28";"4.67"
"Broad Run HS";"Jun 13, 2026, 08:00:00";"3.91";"237.8";"3.87"
"Broad Run HS";"Jun 13, 2026, 07:00:00";"3.43";"278.18";"5.45"
"Broad Run HS";"Jun 13, 2026, 06:00:00";"1.57";"285.66";"9.32"
"Broad Run HS";"Jun 13, 2026, 05:00:00";"1.9";"269.35";"7.39"
"Broad Run HS";"Jun 13, 2026, 04:00:00";"1.87";"257.77";"6.13"
"Broad Run HS";"Jun 13, 2026, 03:00:00";"0.64";"281.83";"5.75"
"Broad Run HS";"Jun 13, 2026, 02:00:00";"0.02";"399.02";"7.71"
"Broad Run HS";"Jun 13, 2026, 01:00:00";"0.05";"473.55";"8.62"
"Broad Run HS";"Jun 13, 2026, 00:00:00";"1.59";"503.47";"8.28"
"Broad Run HS";"Jun 12, 2026, 23:00:00";"4.3";"478.07";"7.17"
"Broad Run HS";"Jun 12, 2026, 22:00:00";"5.26";"388.77";"6.27"
"Broad Run HS";"Jun 12, 2026, 21:00:00";"7.82";"301.82";"5.55"
"Broad Run HS";"Jun 12, 2026, 20:00:00";"7.87";"195.27";"5.55"
"Broad Run HS";"Jun 12, 2026, 19:00:00";"0.01";"154.49";"6.59"
"Broad Run HS";"Jun 12, 2026, 18:00:00";"0.95";"175.36";"7.87"
"Broad Run HS";"Jun 12, 2026, 17:00:00";"3.75";"141.32";"6.3"
"Broad Run HS";"Jun 12, 2026, 16:00:00";"0";"77.17";"6.94"
"Broad Run HS";"Jun 12, 2026, 15:00:00";"0";"96.62";"7.94"
"Broad Run HS";"Jun 12, 2026, 14:00:00";"0";"100.21";"8.76"
"Broad Run HS";"Jun 12, 2026, 13:00:00";"0";"117.91";"9.28"
"Broad Run HS";"Jun 12, 2026, 12:00:00";"0";"161.19";"12.17"
"Broad Run HS";"Jun 12, 2026, 11:00:00";"0";"215.75";"11.81"
"Broad Run HS";"Jun 12, 2026, 10:00:00";"0";"271.85";"9.73"
"Broad Run HS";"Jun 12, 2026, 09:00:00";"1.6";"333.66";"7.05"
"Broad Run HS";"Jun 12, 2026, 08:00:00";"6.82";"380.93";"5.17"
"Broad Run HS";"Jun 12, 2026, 07:00:00";"1.75";"411.81";"5.18"
"Broad Run HS";"Jun 12, 2026, 06:00:00";"0.39";"409.44";"6.66"
"Broad Run HS";"Jun 12, 2026, 05:00:00";"0.29";"390.36";"7.4"
"Broad Run HS";"Jun 12, 2026, 04:00:00";"0.84";"405.71";"5.5"
"Broad Run HS";"Jun 12, 2026, 03:00:00";"0.9";"401.6";"7.05"
"Broad Run HS";"Jun 12, 2026, 02:00:00";"1.94";"383.21";"6.6"
"Broad Run HS";"Jun 12, 2026, 01:00:00";"2.67";"393.73";"8.06"
"Broad Run HS";"Jun 12, 2026, 00:00:00";"4.53";"368.76";"6.9"
"Broad Run HS";"Jun 11, 2026, 23:00:00";"5.63";"335.42";"6.93"
"Broad Run HS";"Jun 11, 2026, 22:00:00";"6.74";"232.76";"6.44"
"Broad Run HS";"Jun 11, 2026, 21:00:00";"10.59";"126.86";"5.62"
"Broad Run HS";"Jun 11, 2026, 20:00:00";"0.13";"96.04";"11.03"
"Broad Run HS";"Jun 11, 2026, 19:00:00";"0.66";"95.87";"13.29"
"Broad Run HS";"Jun 11, 2026, 18:00:00";"0";"107.5";"15.04"
"Broad Run HS";"Jun 11, 2026, 17:00:00";"0";"109.29";"15.13"
"Broad Run HS";"Jun 11, 2026, 16:00:00";"0";"111.24";"14.16"
"Broad Run HS";"Jun 11, 2026, 15:00:00";"0";"134.07";"14.37"
"Broad Run HS";"Jun 11, 2026, 14:00:00";"0";"152.9";"15.97"
"Broad Run HS";"Jun 11, 2026, 13:00:00";"0";"176.74";"18.07"
"Broad Run HS";"Jun 11, 2026, 12:00:00";"0";"190.76";"17.34"
"Broad Run HS";"Jun 11, 2026, 11:00:00";"0";"213.48";"16.02"
"Broad Run HS";"Jun 11, 2026, 10:00:00";"0";"248.82";"12.09"
"Broad Run HS";"Jun 11, 2026, 09:00:00";"0";"303.61";"9.93"
"Broad Run HS";"Jun 11, 2026, 08:00:00";"0.18";"441.11";"6.82"
"Broad Run HS";"Jun 11, 2026, 07:00:00";"0.98";"536.27";"5.98"
"Broad Run HS";"Jun 11, 2026, 06:00:00";"1.59";"555.46";"5.87"
"Broad Run HS";"Jun 11, 2026, 05:00:00";"1.03";"538.04";"6.02"
"Broad Run HS";"Jun 11, 2026, 04:00:00";"0.62";"511.86";"6.41"
"Broad Run HS";"Jun 11, 2026, 03:00:00";"1.87";"486.05";"5.72"
"Broad Run HS";"Jun 11, 2026, 02:00:00";"1.67";"461.97";"5.87"
"Broad Run HS";"Jun 11, 2026, 01:00:00";"2.91";"442.84";"4.86"
"Broad Run HS";"Jun 11, 2026, 00:00:00";"1.39";"445.81";"5.05"
"Broad Run HS";"Jun 10, 2026, 23:00:00";"3.09";"422.26";"6.85"
"Broad Run HS";"Jun 10, 2026, 22:00:00";"1.44";"268.96";"6.97"
"Broad Run HS";"Jun 10, 2026, 21:00:00";"0";"284.54";"6.61"
"Broad Run HS";"Jun 10, 2026, 20:00:00";"0.04";"348.12";"4.83"
"Broad Run HS";"Jun 10, 2026, 19:00:00";"0";"304.61";"4.59"
"Broad Run HS";"Jun 10, 2026, 18:00:00";"2.55";"326.55";"3.43"
"Broad Run HS";"Jun 10, 2026, 17:00:00";"9.27";"348.94";"3.1"
"Broad Run HS";"Jun 10, 2026, 16:00:00";"6.6";"201.02";"5.75"
"Broad Run HS";"Jun 10, 2026, 15:00:00";"0";"190.1";"16.47"
"Broad Run HS";"Jun 10, 2026, 14:00:00";"0";"211.07";"14.92"
"Broad Run HS";"Jun 10, 2026, 13:00:00";"0";"244.12";"15.23"
"Broad Run HS";"Jun 10, 2026, 12:00:00";"0";"272.88";"15.19"
"Broad Run HS";"Jun 10, 2026, 11:00:00";"1.04";"360.84";"13.78"
"Broad Run HS";"Jun 10, 2026, 10:00:00";"4.4";"436.23";"13.5"
"Broad Run HS";"Jun 10, 2026, 09:00:00";"6.59";"437.08";"12.35"
"Broad Run HS";"Jun 10, 2026, 08:00:00";"8.32";"340.35";"10.51"
"Broad Run HS";"Jun 10, 2026, 07:00:00";"5.15";"211.47";"9.15"
"Broad Run HS";"Jun 10, 2026, 06:00:00";"4.79";"151.09";"7.69"
"Broad Run HS";"Jun 10, 2026, 05:00:00";"5.11";"137.45";"7.11"
"Broad Run HS";"Jun 10, 2026, 04:00:00";"4.56";"133.43";"7.26"
"Broad Run HS";"Jun 10, 2026, 03:00:00";"3.95";"128.03";"7.42"
"Broad Run HS";"Jun 10, 2026, 02:00:00";"3.34";"109.68";"6.29"
"Broad Run HS";"Jun 10, 2026, 01:00:00";"4.94";"97.01";"5.99"
"Broad Run HS";"Jun 10, 2026, 00:00:00";"7.99";"87.81";"6.19"
"Broad Run HS";"Jun 9, 2026, 23:00:00";"4.32";"80.84";"6.11"
"Broad Run HS";"Jun 9, 2026, 22:00:00";"4.62";"76.32";"6.14"
"Broad Run HS";"Jun 9, 2026, 21:00:00";"4.24";"73.87";"6.06"
"Broad Run HS";"Jun 9, 2026, 20:00:00";"4.19";"68.7";"6.63"
"Broad Run HS";"Jun 9, 2026, 19:00:00";"3.3";"66.11";"7.62"
"Broad Run HS";"Jun 9, 2026, 18:00:00";"2.78";"60.77";"7.6"
"Broad Run HS";"Jun 9, 2026, 17:00:00";"0.98";"60.53";"8.65"
"Broad Run HS";"Jun 9, 2026, 16:00:00";"0";"62.21";"11.41"
"Broad Run HS";"Jun 9, 2026, 15:00:00";"0.14";"59.02";"9.88"
"Broad Run HS";"Jun 9, 2026, 14:00:00";"1.27";"55.14";"9.41"
"Broad Run HS";"Jun 9, 2026, 13:00:00";"1.39";"51.39";"8.28"
"Broad Run HS";"Jun 9, 2026, 12:00:00";"2.44";"53.05";"5.58"
"Broad Run HS";"Jun 9, 2026, 11:00:00";"2.41";"57.89";"4.76"
"Broad Run HS";"Jun 9, 2026, 10:00:00";"5.51";"75.75";"4.73"
"Broad Run HS";"Jun 9, 2026, 09:00:00";"6.77";"82.8";"4.09"
"Broad Run HS";"Jun 9, 2026, 08:00:00";"7.3";"80.33";"3.87"
"Broad Run HS";"Jun 9, 2026, 07:00:00";"6.42";"72.75";"3.35"
"Broad Run HS";"Jun 9, 2026, 06:00:00";"5.73";"66.26";"2.63"
"Broad Run HS";"Jun 9, 2026, 05:00:00";"4.68";"65.17";"2.49"
"Broad Run HS";"Jun 9, 2026, 04:00:00";"5.16";"63.66";"2.73"
"Broad Run HS";"Jun 9, 2026, 03:00:00";"5.12";"59.09";"3.16"
"Broad Run HS";"Jun 9, 2026, 02:00:00";"3.95";"54.67";"2.4"
"Broad Run HS";"Jun 9, 2026, 01:00:00";"4.08";"57.29";"2.54"
"Broad Run HS";"Jun 9, 2026, 00:00:00";"4.54";"54.22";"2.82"
"Broad Run HS";"Jun 8, 2026, 23:00:00";"4.53";"56.53";"3.16"
"Broad Run HS";"Jun 8, 2026, 22:00:00";"4.62";"58.25";"4.11"
"Broad Run HS";"Jun 8, 2026, 21:00:00";"4.24";"57.1";"4.96"
"Broad Run HS";"Jun 8, 2026, 20:00:00";"5.57";"54.76";"5.15"
"Broad Run HS";"Jun 8, 2026, 19:00:00";"2.7";"54.39";"5.66"
"Broad Run HS";"Jun 8, 2026, 18:00:00";"3.1";"54.64";"6.98"
"Broad Run HS";"Jun 8, 2026, 17:00:00";"3.64";"53.61";"6.81"
"Broad Run HS";"Jun 8, 2026, 16:00:00";"2.02";"54.9";"6.57"
"Broad Run HS";"Jun 8, 2026, 15:00:00";"1.3";"55.87";"5.64"
"Broad Run HS";"Jun 8, 2026, 14:00:00";"1.46";"53.14";"4.9"
"Broad Run HS";"Jun 8, 2026, 13:00:00";"0.95";"57.18";"4.56"
"Broad Run HS";"Jun 8, 2026, 12:00:00";"1.35";"59.87";"4.73"
"Broad Run HS";"Jun 8, 2026, 11:00:00";"2.35";"61.73";"4.6"
"Broad Run HS";"Jun 8, 2026, 10:00:00";"2.31";"65.08";"4.38"
"Broad Run HS";"Jun 8, 2026, 09:00:00";"2.32";"76.8";"3.73"
"Broad Run HS";"Jun 8, 2026, 08:00:00";"4.12";"93.56";"3.6"
"Broad Run HS";"Jun 8, 2026, 07:00:00";"5.19";"102.12";"4.26"
"Broad Run HS";"Jun 8, 2026, 06:00:00";"4.41";"98.49";"5.54"
"Broad Run HS";"Jun 8, 2026, 05:00:00";"4.14";"92.14";"5.1"
"Broad Run HS";"Jun 8, 2026, 04:00:00";"4";"87.89";"5.64"
"Broad Run HS";"Jun 8, 2026, 03:00:00";"4.59";"83.25";"4.96"
"Broad Run HS";"Jun 8, 2026, 02:00:00";"5.05";"81.38";"5.3"
"Broad Run HS";"Jun 8, 2026, 01:00:00";"5.5";"76.4";"5.21"
"Broad Run HS";"Jun 8, 2026, 00:00:00";"4.82";"64.89";"5.97"
"Broad Run HS";"Jun 7, 2026, 23:00:00";"4.27";"54.4";"6.57"
"Broad Run HS";"Jun 7, 2026, 22:00:00";"4.24";"43.15";"5.82"
"Broad Run HS";"Jun 7, 2026, 21:00:00";"2.23";"34.05";"5.2"
"Broad Run HS";"Jun 7, 2026, 20:00:00";"0.07";"25.53";"4.75"
"Broad Run HS";"Jun 7, 2026, 19:00:00";"0.05";"20.87";"4.69"
"Broad Run HS";"Jun 7, 2026, 18:00:00";"0.01";"18.77";"4.89"
"Broad Run HS";"Jun 7, 2026, 17:00:00";"0";"22.31";"4.96"
"Broad Run HS";"Jun 7, 2026, 16:00:00";"0";"31.06";"5.48"
"Broad Run HS";"Jun 7, 2026, 15:00:00";"0";"45.37";"6.91"
"Broad Run HS";"Jun 7, 2026, 14:00:00";"0";"59.21";"7.71"
"Broad Run HS";"Jun 7, 2026, 13:00:00";"0.17";"76.3";"9.73"
"Broad Run HS";"Jun 7, 2026, 12:00:00";"0.51";"85.43";"10.07"
"Broad Run HS";"Jun 7, 2026, 11:00:00";"0.16";"84.92";"11.23"
"Broad Run HS";"Jun 7, 2026, 10:00:00";"0.21";"92.94";"11.02"
"Broad Run HS";"Jun 7, 2026, 09:00:00";"0.29";"103.55";"9.25"
"Broad Run HS";"Jun 7, 2026, 08:00:00";"1.78";"123.44";"6.91"
"Broad Run HS";"Jun 7, 2026, 07:00:00";"4.01";"145.79";"6.19"
"Broad Run HS";"Jun 7, 2026, 06:00:00";"3.67";"137.59";"6.01"
"Broad Run HS";"Jun 7, 2026, 05:00:00";"3.37";"121.72";"4.97"
"Broad Run HS";"Jun 7, 2026, 04:00:00";"3.22";"124.51";"5.08"
"Broad Run HS";"Jun 7, 2026, 03:00:00";"4.61";"114.41";"4.26"
"Broad Run HS";"Jun 7, 2026, 02:00:00";"4.27";"107.15";"4.28"
"Broad Run HS";"Jun 7, 2026, 01:00:00";"5.32";"99.89";"4.36"
"Broad Run HS";"Jun 7, 2026, 00:00:00";"5.26";"85.18";"5.37"
"Broad Run HS";"Jun 6, 2026, 23:00:00";"4.5";"70.43";"5.3"
"Broad Run HS";"Jun 6, 2026, 22:00:00";"4.19";"58.51";"4.42"
"Broad Run HS";"Jun 6, 2026, 21:00:00";"2.69";"54.65";"5.21"
"Broad Run HS";"Jun 6, 2026, 20:00:00";"1.43";"49.94";"5.48"
"Broad Run HS";"Jun 6, 2026, 19:00:00";"1.69";"43.97";"7.36"
"Broad Run HS";"Jun 6, 2026, 18:00:00";"0";"43.96";"10.94"
"Broad Run HS";"Jun 6, 2026, 17:00:00";"0";"43.84";"10.14"
"Broad Run HS";"Jun 6, 2026, 16:00:00";"0";"39.07";"9.76"
"Broad Run HS";"Jun 6, 2026, 15:00:00";"0";"45.64";"9.87"
"Broad Run HS";"Jun 6, 2026, 14:00:00";"0";"57.33";"10.04"
"Broad Run HS";"Jun 6, 2026, 13:00:00";"3.43";"66.32";"10.11"
"Broad Run HS";"Jun 6, 2026, 12:00:00";"0";"50.27";"10.56"
"Broad Run HS";"Jun 6, 2026, 11:00:00";"0";"64.18";"9.84"
"Broad Run HS";"Jun 6, 2026, 10:00:00";"0";"73.16";"8.51"
"Broad Run HS";"Jun 6, 2026, 09:00:00";"0.37";"80.96";"6.77"
"Broad Run HS";"Jun 6, 2026, 08:00:00";"2.91";"105.22";"5.99"
"Broad Run HS";"Jun 6, 2026, 07:00:00";"3.6";"119.69";"6.59"
"Broad Run HS";"Jun 6, 2026, 06:00:00";"2.81";"114.1";"8.39"
"Broad Run HS";"Jun 6, 2026, 05:00:00";"2.96";"106.42";"8.03"
"Broad Run HS";"Jun 6, 2026, 04:00:00";"3.35";"97.06";"7.29"
"Broad Run HS";"Jun 6, 2026, 03:00:00";"4.4";"90.21";"8.16"
"Broad Run HS";"Jun 6, 2026, 02:00:00";"4.9";"77.55";"7.95"
"Broad Run HS";"Jun 6, 2026, 01:00:00";"5.89";"68.34";"8.17"
"Broad Run HS";"Jun 6, 2026, 00:00:00";"5.89";"58.51";"8.42"
"Broad Run HS";"Jun 5, 2026, 23:00:00";"5.83";"45.83";"8.28"
"Broad Run HS";"Jun 5, 2026, 22:00:00";"4.11";"37.71";"8.25"
"Broad Run HS";"Jun 5, 2026, 21:00:00";"1.63";"33.72";"7.75"
"Broad Run HS";"Jun 5, 2026, 20:00:00";"0";"23.06";"6.93"
"Broad Run HS";"Jun 5, 2026, 19:00:00";"0";"18.59";"6.53"
"Broad Run HS";"Jun 5, 2026, 18:00:00";"0";"16.61";"6.71"
"Broad Run HS";"Jun 5, 2026, 17:00:00";"0";"13.81";"7.17"
"Broad Run HS";"Jun 5, 2026, 16:00:00";"0";"12.16";"6.99"
"Broad Run HS";"Jun 5, 2026, 15:00:00";"0";"12.94";"6.66"
"Broad Run HS";"Jun 5, 2026, 14:00:00";"0";"18.45";"6.67"
"Broad Run HS";"Jun 5, 2026, 13:00:00";"0.27";"20.98";"6.86"
"Broad Run HS";"Jun 5, 2026, 12:00:00";"0.11";"26.78";"6.53"
"Broad Run HS";"Jun 5, 2026, 11:00:00";"0.26";"33.24";"7.23"
"Broad Run HS";"Jun 5, 2026, 10:00:00";"1.24";"43.09";"7.07"
"Broad Run HS";"Jun 5, 2026, 09:00:00";"3.7";"56.77";"6.3"
"Broad Run HS";"Jun 5, 2026, 08:00:00";"7.64";"84.09";"4.84"
"Broad Run HS";"Jun 5, 2026, 07:00:00";"5.95";"77.69";"4.98"
"Broad Run HS";"Jun 5, 2026, 06:00:00";"4.05";"73.31";"6.81"
"Broad Run HS";"Jun 5, 2026, 05:00:00";"4.57";"67.45";"6.35"
"Broad Run HS";"Jun 5, 2026, 04:00:00";"4.24";"62.62";"5.44"
"Broad Run HS";"Jun 5, 2026, 03:00:00";"4.67";"58.63";"5.21"
"Broad Run HS";"Jun 5, 2026, 02:00:00";"6.1";"57.05";"5.53"
"Broad Run HS";"Jun 5, 2026, 01:00:00";"5.25";"53.52";"5.78"
"Broad Run HS";"Jun 5, 2026, 00:00:00";"5.48";"50.83";"6.08"
"Broad Run HS";"Jun 4, 2026, 23:00:00";"10.17";"49.59";"6.72"
"Broad Run HS";"Jun 4, 2026, 22:00:00";"6.86";"35.34";"6.5"
"Broad Run HS";"Jun 4, 2026, 21:00:00";"2.37";"15.95";"5.84"
"Broad Run HS";"Jun 4, 2026, 20:00:00";"0.18";"7";"5.2"
"Broad Run HS";"Jun 4, 2026, 19:00:00";"0";"2.11";"4.89"
"Broad Run HS";"Jun 4, 2026, 18:00:00";"0";"0.45";"4.91"
"Broad Run HS";"Jun 4, 2026, 17:00:00";"0";"0.17";"4.8"
"Broad Run HS";"Jun 4, 2026, 16:00:00";"0";"0.11";"4.76"
"Broad Run HS";"Jun 4, 2026, 15:00:00";"0";"0.28";"4.98"
"Broad Run HS";"Jun 4, 2026, 14:00:00";"0";"2.96";"4.93"
"Broad Run HS";"Jun 4, 2026, 13:00:00";"0.21";"7.31";"6.27"
"Broad Run HS";"Jun 4, 2026, 12:00:00";"0";"12.05";"4.91"
"Broad Run HS";"Jun 4, 2026, 11:00:00";"0";"18.95";"5.28"
"Broad Run HS";"Jun 4, 2026, 10:00:00";"0.94";"29.64";"6.18"
"Broad Run HS";"Jun 4, 2026, 09:00:00";"4.91";"53.79";"5.59"
"Broad Run HS";"Jun 4, 2026, 08:00:00";"6.54";"60.13";"3.98"
"Broad Run HS";"Jun 4, 2026, 07:00:00";"6.49";"54.78";"4.31"
"Broad Run HS";"Jun 4, 2026, 06:00:00";"4.9";"49";"5.52"
"Broad Run HS";"Jun 4, 2026, 05:00:00";"5.52";"45.51";"4.99"
"Broad Run HS";"Jun 4, 2026, 04:00:00";"7.05";"43.34";"5.29"
"Broad Run HS";"Jun 4, 2026, 03:00:00";"8.53";"42.29";"4.87"
"Broad Run HS";"Jun 4, 2026, 02:00:00";"6.05";"39.37";"4.47"
"Broad Run HS";"Jun 4, 2026, 01:00:00";"13";"38.75";"4.46"
"Broad Run HS";"Jun 4, 2026, 00:00:00";"16.85";"39.63";"4.89"
"Broad Run HS";"Jun 3, 2026, 23:00:00";"9.55";"39.29";"4.78"
"Broad Run HS";"Jun 3, 2026, 22:00:00";"9.31";"28.05";"5.27"
"Broad Run HS";"Jun 3, 2026, 21:00:00";"4.4";"5.95";"3.52"
"Broad Run HS";"Jun 3, 2026, 20:00:00";"2.06";"0.34";"3.56"
"Broad Run HS";"Jun 3, 2026, 19:00:00";"0.41";"0.08";"3.71"
"Broad Run HS";"Jun 3, 2026, 18:00:00";"0.22";"0";"3.49"
"Broad Run HS";"Jun 3, 2026, 17:00:00";"0.1";"0";"3.49"
"Broad Run HS";"Jun 3, 2026, 16:00:00";"0";"0.82";"3.58"
"Broad Run HS";"Jun 3, 2026, 15:00:00";"0";"2.12";"3.66"
"Broad Run HS";"Jun 3, 2026, 14:00:00";"0";"4.16";"3.55"
"Broad Run HS";"Jun 3, 2026, 13:00:00";"0.2";"7.75";"4.25"
"Broad Run HS";"Jun 3, 2026, 12:00:00";"0.05";"10.34";"4.78"
"Broad Run HS";"Jun 3, 2026, 11:00:00";"0.13";"16.36";"4.63"
"Broad Run HS";"Jun 3, 2026, 10:00:00";"1.43";"31.21";"5.34"
"Broad Run HS";"Jun 3, 2026, 09:00:00";"4.98";"46.59";"4.63"
"Broad Run HS";"Jun 3, 2026, 08:00:00";"8.55";"45.24";"3.44"
"Broad Run HS";"Jun 3, 2026, 07:00:00";"6.42";"41.55";"4.45"
"Broad Run HS";"Jun 3, 2026, 06:00:00";"5.39";"36.52";"5.34"
"Broad Run HS";"Jun 3, 2026, 05:00:00";"5.86";"33.34";"5"
"Broad Run HS";"Jun 3, 2026, 04:00:00";"5.89";"30.29";"4.82"
"Broad Run HS";"Jun 3, 2026, 03:00:00";"5.73";"28.82";"4.21"
"Broad Run HS";"Jun 3, 2026, 02:00:00";"6.37";"29.5";"3.78"
"Broad Run HS";"Jun 3, 2026, 01:00:00";"6.71";"29.81";"4.26"
"Broad Run HS";"Jun 3, 2026, 00:00:00";"7.13";"29.05";"3.87"
"Broad Run HS";"Jun 2, 2026, 23:00:00";"10.72";"32.35";"4.8"
"Broad Run HS";"Jun 2, 2026, 22:00:00";"17.16";"33.8";"5.63"
"Broad Run HS";"Jun 2, 2026, 21:00:00";"8.13";"15.3";"3.32"
"Broad Run HS";"Jun 2, 2026, 20:00:00";"2.01";"2.66";"3.04"
"Broad Run HS";"Jun 2, 2026, 19:00:00";"1.45";"0.07";"3.51"
"Broad Run HS";"Jun 2, 2026, 18:00:00";"0.5";"0";"3.25"
"Broad Run HS";"Jun 2, 2026, 17:00:00";"1.05";"0.61";"3.83"
"Broad Run HS";"Jun 2, 2026, 16:00:00";"0.46";"1.24";"3.86"
"Broad Run HS";"Jun 2, 2026, 15:00:00";"0.3";"2.89";"4.1"
"Broad Run HS";"Jun 2, 2026, 14:00:00";"0.19";"6.02";"4.51"
"Broad Run HS";"Jun 2, 2026, 13:00:00";"0.29";"13.8";"5.08"
"Broad Run HS";"Jun 2, 2026, 12:00:00";"1.25";"24.46";"5.99"
"Broad Run HS";"Jun 2, 2026, 11:00:00";"1.69";"33.9";"5.69"
"Broad Run HS";"Jun 2, 2026, 10:00:00";"2.8";"42.69";"6.61"
"Broad Run HS";"Jun 2, 2026, 09:00:00";"5.7";"43.82";"6.55"
"Broad Run HS";"Jun 2, 2026, 08:00:00";"7.43";"42.34";"5.45"
"Broad Run HS";"Jun 2, 2026, 07:00:00";"8.38";"39.87";"5.82"
"Broad Run HS";"Jun 2, 2026, 06:00:00";"7.33";"35.65";"6.26"
"Broad Run HS";"Jun 2, 2026, 05:00:00";"7.36";"33.12";"5.7"
"Broad Run HS";"Jun 2, 2026, 04:00:00";"7.67";"31.95";"5.22"
"Broad Run HS";"Jun 2, 2026, 03:00:00";"7.7";"31.5";"4.81"
"Broad Run HS";"Jun 2, 2026, 02:00:00";"7.58";"30.54";"4.58"
"Broad Run HS";"Jun 2, 2026, 01:00:00";"7.34";"31.3";"3.69"
"Broad Run HS";"Jun 2, 2026, 00:00:00";"7.63";"32.02";"3.78"
"Broad Run HS";"Jun 1, 2026, 23:00:00";"5.95";"33.44";"3.89"
"Broad Run HS";"Jun 1, 2026, 22:00:00";"6.67";"30.08";"4.21"
"Broad Run HS";"Jun 1, 2026, 21:00:00";"5.79";"20.7";"4.25"
"Broad Run HS";"Jun 1, 2026, 20:00:00";"3.52";"7.71";"3.35"
"Broad Run HS";"Jun 1, 2026, 19:00:00";"1.81";"3.3";"3.57"
"Broad Run HS";"Jun 1, 2026, 18:00:00";"1.1";"2.54";"3.43"
"Broad Run HS";"Jun 1, 2026, 17:00:00";"0.83";"1.11";"3.52"
"Broad Run HS";"Jun 1, 2026, 16:00:00";"1.39";"2.75";"3.68"
"Broad Run HS";"Jun 1, 2026, 15:00:00";"0";"4.29";"3.86"
"Broad Run HS";"Jun 1, 2026, 14:00:00";"0.01";"7.77";"3.16"
"Broad Run HS";"Jun 1, 2026, 13:00:00";"0.18";"10.52";"2.7"
"Broad Run HS";"Jun 1, 2026, 12:00:00";"0.06";"16.24";"3.45"
"Broad Run HS";"Jun 1, 2026, 11:00:00";"0.03";"20.81";"3.09"
"Broad Run HS";"Jun 1, 2026, 10:00:00";"0.99";"34.32";"3.39"
"Broad Run HS";"Jun 1, 2026, 09:00:00";"3.43";"50.1";"3.58"
"Broad Run HS";"Jun 1, 2026, 08:00:00";"7.78";"52.52";"4.03"
"Broad Run HS";"Jun 1, 2026, 07:00:00";"8.65";"52.81";"4.19"
"Broad Run HS";"Jun 1, 2026, 06:00:00";"6.73";"52.67";"7.05"
"Broad Run HS";"Jun 1, 2026, 05:00:00";"7.47";"48.58";"5.41"
"Broad Run HS";"Jun 1, 2026, 04:00:00";"9.27";"44.12";"4.97"
"Broad Run HS";"Jun 1, 2026, 03:00:00";"12.03";"41.77";"4.66"
"Broad Run HS";"Jun 1, 2026, 02:00:00";"11.72";"39.87";"3.67"
"Broad Run HS";"Jun 1, 2026, 01:00:00";"14.37";"36.32";"3.34"
"Broad Run HS";"Jun 1, 2026, 00:00:00";"31.32";"34.78";"4.01"
"Broad Run HS";"May 31, 2026, 23:00:00";"10.59";"32.43";"4"
"Broad Run HS";"May 31, 2026, 22:00:00";"7.79";"28.55";"3.6"
"Broad Run HS";"May 31, 2026, 21:00:00";"5.71";"17.48";"3.19"
"Broad Run HS";"May 31, 2026, 20:00:00";"3.62";"2.51";"2.65"
"Broad Run HS";"May 31, 2026, 19:00:00";"1";"0";"2.18"
"Broad Run HS";"May 31, 2026, 18:00:00";"0.85";"0";"2.64"
"Broad Run HS";"May 31, 2026, 17:00:00";"0.32";"0";"2.22"
"Broad Run HS";"May 31, 2026, 16:00:00";"0.11";"0";"2.34"
"Broad Run HS";"May 31, 2026, 15:00:00";"0";"0.01";"2.56"
"Broad Run HS";"May 31, 2026, 14:00:00";"0.06";"1.01";"2.8"
"Broad Run HS";"May 31, 2026, 13:00:00";"0.06";"4.35";"3.12"
"Broad Run HS";"May 31, 2026, 12:00:00";"0.25";"11.2";"2.71"
"Broad Run HS";"May 31, 2026, 11:00:00";"0.1";"22.67";"3.37"
"Broad Run HS";"May 31, 2026, 10:00:00";"0.56";"34.08";"3.31"
"Broad Run HS";"May 31, 2026, 09:00:00";"1.78";"37.97";"3.39"
"Broad Run HS";"May 31, 2026, 08:00:00";"3.8";"35.52";"3.19"
"Broad Run HS";"May 31, 2026, 07:00:00";"5.37";"31.63";"2.8"
"Broad Run HS";"May 31, 2026, 06:00:00";"5.38";"29.97";"3.3"
"Broad Run HS";"May 31, 2026, 05:00:00";"5.64";"30.32";"3.72"
"Broad Run HS";"May 31, 2026, 04:00:00";"5.66";"30.97";"3.64"
"Broad Run HS";"May 31, 2026, 03:00:00";"5.81";"30.3";"3.12"
"Broad Run HS";"May 31, 2026, 02:00:00";"6.02";"29.08";"2.23"
"Broad Run HS";"May 31, 2026, 01:00:00";"6.69";"27.96";"2.41"
"Broad Run HS";"May 31, 2026, 00:00:00";"6.94";"28.28";"4.18"
"Broad Run HS";"May 30, 2026, 23:00:00";"7.45";"28.34";"3.99"
"Broad Run HS";"May 30, 2026, 22:00:00";"5.56";"27.97";"2.72"
"Broad Run HS";"May 30, 2026, 21:00:00";"3.99";"27.22";"1.27"
"Broad Run HS";"May 30, 2026, 20:00:00";"2.21";"22.86";"1.41"
"Broad Run HS";"May 30, 2026, 19:00:00";"0.8";"15.36";"1.39"
"Broad Run HS";"May 30, 2026, 18:00:00";"0.24";"9.88";"1.43"
"Broad Run HS";"May 30, 2026, 17:00:00";"0.12";"7.48";"1.28"
"Broad Run HS";"May 30, 2026, 16:00:00";"0.16";"8.65";"1.09"
"Broad Run HS";"May 30, 2026, 15:00:00";"0.07";"9.93";"1.15"
"Broad Run HS";"May 30, 2026, 14:00:00";"0.26";"12.37";"1.25"
"Broad Run HS";"May 30, 2026, 13:00:00";"0.48";"13.28";"1.49"
"Broad Run HS";"May 30, 2026, 12:00:00";"0.46";"14.74";"1.7"
"Broad Run HS";"May 30, 2026, 11:00:00";"1.02";"20.23";"3.15"
"Broad Run HS";"May 30, 2026, 10:00:00";"2.29";"25.92";"4.55"
"Broad Run HS";"May 30, 2026, 09:00:00";"3.86";"31.42";"5.61"
"Broad Run HS";"May 30, 2026, 08:00:00";"5.39";"38.97";"7.14"
"Broad Run HS";"May 30, 2026, 07:00:00";"6.38";"40.32";"7.08"
"Broad Run HS";"May 30, 2026, 06:00:00";"5.75";"39.65";"7.17"
"Broad Run HS";"May 30, 2026, 05:00:00";"5.46";"40.31";"7.05"
"Broad Run HS";"May 30, 2026, 04:00:00";"4.74";"41.7";"6.75"
"Broad Run HS";"May 30, 2026, 03:00:00";"5.39";"43.46";"5.91"
"Broad Run HS";"May 30, 2026, 02:00:00";"6";"45.63";"5.28"
"Broad Run HS";"May 30, 2026, 01:00:00";"6.15";"47.69";"4.86"
"Broad Run HS";"May 30, 2026, 00:00:00";"5.59";"47.85";"3.14"
"Broad Run HS";"May 29, 2026, 23:00:00";"5.58";"45.35";"2.7"
"Broad Run HS";"May 29, 2026, 22:00:00";"6.41";"38.83";"3.31"
"Broad Run HS";"May 29, 2026, 21:00:00";"4.29";"26.41";"2.65"
"Broad Run HS";"May 29, 2026, 20:00:00";"0.82";"17.7";"1.78"
"Broad Run HS";"May 29, 2026, 19:00:00";"0";"14.91";"1.8"
"Broad Run HS";"May 29, 2026, 18:00:00";"0";"11.99";"2.34"
"Broad Run HS";"May 29, 2026, 17:00:00";"0";"10.37";"1.87"
"Broad Run HS";"May 29, 2026, 16:00:00";"0";"11.79";"1.35"
"Broad Run HS";"May 29, 2026, 15:00:00";"0";"12.71";"1.11"
"Broad Run HS";"May 29, 2026, 14:00:00";"0";"13.26";"0.94"
"Broad Run HS";"May 29, 2026, 13:00:00";"0";"16.05";"1.08"
"Broad Run HS";"May 29, 2026, 12:00:00";"0";"19.17";"1.39"
"Broad Run HS";"May 29, 2026, 11:00:00";"0";"29.97";"1.28"
"Broad Run HS";"May 29, 2026, 10:00:00";"0.02";"43.55";"1.56"
"Broad Run HS";"May 29, 2026, 09:00:00";"3.33";"52.5";"2.05"
"Broad Run HS";"May 29, 2026, 08:00:00";"7.26";"48.79";"2.09"
"Broad Run HS";"May 29, 2026, 07:00:00";"7.33";"47.76";"1.1"
"Broad Run HS";"May 29, 2026, 06:00:00";"7.8";"39.96";"0.99"
"Broad Run HS";"May 29, 2026, 05:00:00";"6.26";"40.07";"1.01"
"Broad Run HS";"May 29, 2026, 04:00:00";"6.5";"40.02";"1.98"
"Broad Run HS";"May 29, 2026, 03:00:00";"7.1";"38.33";"1.38"
"Broad Run HS";"May 29, 2026, 02:00:00";"6.67";"38.8";"1.12"
"Broad Run HS";"May 29, 2026, 01:00:00";"5.97";"39.62";"1.1"
"Broad Run HS";"May 29, 2026, 00:00:00";"4.59";"40.91";"1.25"
"Broad Run HS";"May 28, 2026, 23:00:00";"5.01";"43.01";"1.74"
"Broad Run HS";"May 28, 2026, 22:00:00";"10.33";"42.62";"2.31"
"Broad Run HS";"May 28, 2026, 21:00:00";"5.01";"30.57";"1.79"
"Broad Run HS";"May 28, 2026, 20:00:00";"1.44";"20.36";"2.01"
"Broad Run HS";"May 28, 2026, 19:00:00";"0.02";"19.69";"1.67"
"Broad Run HS";"May 28, 2026, 18:00:00";"0";"21.25";"2.57"
"Broad Run HS";"May 28, 2026, 17:00:00";"0.16";"21.07";"1.91"
"Broad Run HS";"May 28, 2026, 16:00:00";"0";"24.71";"1.78"
"Broad Run HS";"May 28, 2026, 15:00:00";"0";"29.68";"1.95"
"Broad Run HS";"May 28, 2026, 14:00:00";"0.24";"31.56";"1.92"
"Broad Run HS";"May 28, 2026, 13:00:00";"0";"38.19";"1.8"
"Broad Run HS";"May 28, 2026, 12:00:00";"0";"47.92";"2.08"
"Broad Run HS";"May 28, 2026, 11:00:00";"0";"55.94";"2.51"
"Broad Run HS";"May 28, 2026, 10:00:00";"0";"69.1";"3.38"
"Broad Run HS";"May 28, 2026, 09:00:00";"3.87";"93.77";"4.71"
"Broad Run HS";"May 28, 2026, 08:00:00";"2.85";"125.73";"5.08"
"Broad Run HS";"May 28, 2026, 07:00:00";"4.18";"173.79";"6.12"
"Broad Run HS";"May 28, 2026, 06:00:00";"3.27";"203.01";"6.06"
"Broad Run HS";"May 28, 2026, 05:00:00";"2.97";"242.18";"5.29"
"Broad Run HS";"May 28, 2026, 04:00:00";"1.76";"284.14";"5.81"
"Broad Run HS";"May 28, 2026, 03:00:00";"1.65";"302.35";"4.8"
"Broad Run HS";"May 28, 2026, 02:00:00";"2.59";"315.84";"4.25"
"Broad Run HS";"May 28, 2026, 01:00:00";"3.77";"289.39";"3"
"Broad Run HS";"May 28, 2026, 00:00:00";"4.28";"302.02";"1.88"
"Broad Run HS";"May 27, 2026, 23:00:00";"2.81";"371.86";"1.94"
"Broad Run HS";"May 27, 2026, 22:00:00";"3.33";"375.54";"2.38"
"Broad Run HS";"May 27, 2026, 21:00:00";"3.68";"243.84";"2.46"
"Broad Run HS";"May 27, 2026, 20:00:00";"0.78";"163.31";"1.5"
"Broad Run HS";"May 27, 2026, 19:00:00";"0";"150.12";"1.55"
"Broad Run HS";"May 27, 2026, 18:00:00";"0";"156.54";"1.63"
"Broad Run HS";"May 27, 2026, 17:00:00";"0";"176.81";"1.56"
"Broad Run HS";"May 27, 2026, 16:00:00";"0";"199.91";"1.96"
"Broad Run HS";"May 27, 2026, 15:00:00";"0";"236.76";"2.27"
"Broad Run HS";"May 27, 2026, 14:00:00";"0";"273.85";"2.11"
"Broad Run HS";"May 27, 2026, 13:00:00";"0.87";"260.54";"2.43"
"Broad Run HS";"May 27, 2026, 12:00:00";"0";"235.51";"3.15"
"Broad Run HS";"May 27, 2026, 11:00:00";"0";"306.82";"6.58"
"Broad Run HS";"May 27, 2026, 10:00:00";"0";"407.16";"8.87"
"Broad Run HS";"May 27, 2026, 09:00:00";"0";"417.28";"12.46"
"Broad Run HS";"May 27, 2026, 08:00:00";"0.02";"428.48";"13.32"
"Broad Run HS";"May 27, 2026, 07:00:00";"0.62";"473.1";"14.61"
"Broad Run HS";"May 27, 2026, 06:00:00";"0.4";"425.74";"12.72"
"Broad Run HS";"May 27, 2026, 05:00:00";"0.69";"444.23";"10.55"
"Broad Run HS";"May 27, 2026, 04:00:00";"1.58";"421.55";"11.8"
"Broad Run HS";"May 27, 2026, 03:00:00";"1.66";"393.85";"13.9"
"Broad Run HS";"May 27, 2026, 02:00:00";"0";"337.02";"16.54"
"Broad Run HS";"May 27, 2026, 01:00:00";"0";"336.58";"13.63"
"Broad Run HS";"May 27, 2026, 00:00:00";"0";"326.38";"12.09"
"Broad Run HS";"May 26, 2026, 23:00:00";"0";"317.35";"9.87"
"Broad Run HS";"May 26, 2026, 22:00:00";"0";"277.27";"7.7"
"Broad Run HS";"May 26, 2026, 21:00:00";"0.05";"227.91";"6.41"
"Broad Run HS";"May 26, 2026, 20:00:00";"0.06";"189.97";"6.31"
"Broad Run HS";"May 26, 2026, 19:00:00";"0";"167.11";"5.76"
"Broad Run HS";"May 26, 2026, 18:00:00";"0";"155.03";"4.67"
"Broad Run HS";"May 26, 2026, 17:00:00";"0";"152.04";"4.23"
"Broad Run HS";"May 26, 2026, 16:00:00";"0";"201.01";"4.87"
"Broad Run HS";"May 26, 2026, 15:00:00";"0";"282.75";"8.96"
"Broad Run HS";"May 26, 2026, 14:00:00";"0";"301.49";"7.91"
"Broad Run HS";"May 26, 2026, 13:00:00";"0";"318.68";"8.86"
"Broad Run HS";"May 26, 2026, 12:00:00";"0";"355.05";"9.87"
"Broad Run HS";"May 26, 2026, 11:00:00";"0";"401.51";"13.15"
"Broad Run HS";"May 26, 2026, 10:00:00";"0";"439.99";"21.08"
"Broad Run HS";"May 26, 2026, 09:00:00";"0";"431.76";"24.4"
"Broad Run HS";"May 26, 2026, 08:00:00";"0";"405.14";"0"
"Broad Run HS";"May 26, 2026, 07:00:00";"0";"378.3";"0"
"Broad Run HS";"May 26, 2026, 06:00:00";"0";"366.62";"0"
"Broad Run HS";"May 26, 2026, 05:00:00";"0";"345.23";"0"
"Broad Run HS";"May 26, 2026, 04:00:00";"0";"329.99";"0"
"Broad Run HS";"May 26, 2026, 03:00:00";"0";"352.93";"21.32"
"Broad Run HS";"May 26, 2026, 02:00:00";"0";"350.96";"17.66"
"Broad Run HS";"May 26, 2026, 01:00:00";"0";"339.09";"12.22"
"Broad Run HS";"May 26, 2026, 00:00:00";"0";"323.91";"11.69"
"Broad Run HS";"May 25, 2026, 23:00:00";"0";"299.2";"10.5"
"Broad Run HS";"May 25, 2026, 22:00:00";"0";"248.52";"8.26"
"Broad Run HS";"May 25, 2026, 21:00:00";"0";"196.8";"5.04"
"Broad Run HS";"May 25, 2026, 20:00:00";"0";"181.86";"4.26"
"Broad Run HS";"May 25, 2026, 19:00:00";"0";"175.57";"4.06"
"Broad Run HS";"May 25, 2026, 18:00:00";"0";"184.98";"4.16"
"Broad Run HS";"May 25, 2026, 17:00:00";"0";"200.57";"4.23"
"Broad Run HS";"May 25, 2026, 16:00:00";"0";"251.52";"4.46"
"Broad Run HS";"May 25, 2026, 15:00:00";"0";"284.81";"4.91"
"Broad Run HS";"May 25, 2026, 14:00:00";"0";"300.36";"5.78"
"Broad Run HS";"May 25, 2026, 13:00:00";"0";"331.4";"7.73"
"Broad Run HS";"May 25, 2026, 12:00:00";"0";"372.64";"8.07"
"Broad Run HS";"May 25, 2026, 11:00:00";"0";"433.41";"7.24"
"Broad Run HS";"May 25, 2026, 10:00:00";"0";"425.22";"8.45"
"Broad Run HS";"May 25, 2026, 09:00:00";"0";"432.85";"9.49"
"Broad Run HS";"May 25, 2026, 08:00:00";"0";"418.95";"9.26"
"Broad Run HS";"May 25, 2026, 07:00:00";"0";"391.14";"10.01"
"Broad Run HS";"May 25, 2026, 06:00:00";"0";"374.24";"8.69"
"Broad Run HS";"May 25, 2026, 05:00:00";"0";"362.19";"9.84"
"Broad Run HS";"May 25, 2026, 04:00:00";"0";"329.62";"16.18"
"Broad Run HS";"May 25, 2026, 03:00:00";"0";"307.57";"16.01"
"Broad Run HS";"May 25, 2026, 02:00:00";"0";"294.68";"12.89"
"Broad Run HS";"May 25, 2026, 01:00:00";"0";"261.93";"12.63"
"Broad Run HS";"May 25, 2026, 00:00:00";"0";"243.41";"17.64"
"Broad Run HS";"May 24, 2026, 23:00:00";"0";"244.93";"19.65"
"Broad Run HS";"May 24, 2026, 22:00:00";"0.64";"255.65";"19.85"
"Broad Run HS";"May 24, 2026, 21:00:00";"1.08";"216.89";"21.73"
"Broad Run HS";"May 24, 2026, 20:00:00";"1.6";"201.85";"20.7"
"Broad Run HS";"May 24, 2026, 19:00:00";"1.34";"181.2";"17.1"
"Broad Run HS";"May 24, 2026, 18:00:00";"0";"156.67";"12.97"
"Broad Run HS";"May 24, 2026, 17:00:00";"0";"147.4";"10.96"
"Broad Run HS";"May 24, 2026, 16:00:00";"0";"146.64";"7.99"
"Broad Run HS";"May 24, 2026, 15:00:00";"0";"148.49";"6.35"
"Broad Run HS";"May 24, 2026, 14:00:00";"0";"151.62";"4.76"
"Broad Run HS";"May 24, 2026, 13:00:00";"0";"149.24";"4.65"
"Broad Run HS";"May 24, 2026, 12:00:00";"0";"149.62";"3.87"
"Broad Run HS";"May 24, 2026, 11:00:00";"0";"155.46";"3.15"
"Broad Run HS";"May 24, 2026, 10:00:00";"0";"153.52";"3.96"
"Broad Run HS";"May 24, 2026, 09:00:00";"0";"146.83";"4.06"
"Broad Run HS";"May 24, 2026, 08:00:00";"0";"141.81";"4.08"
"Broad Run HS";"May 24, 2026, 07:00:00";"0.02";"135.72";"3.25"
"Broad Run HS";"May 24, 2026, 06:00:00";"0";"135.18";"1.71"
"Broad Run HS";"May 24, 2026, 05:00:00";"0.07";"136.04";"1.82"
"Broad Run HS";"May 24, 2026, 04:00:00";"0.03";"140.13";"1.49"
"Broad Run HS";"May 24, 2026, 03:00:00";"0.25";"142.85";"1.19"
"Broad Run HS";"May 24, 2026, 02:00:00";"0.18";"142.97";"1.86"
"Broad Run HS";"May 24, 2026, 01:00:00";"0.31";"142.91";"2.9"
"Broad Run HS";"May 24, 2026, 00:00:00";"1.22";"143.41";"5.35"
"Broad Run HS";"May 23, 2026, 23:00:00";"2.4";"141.74";"6.74"
"Broad Run HS";"May 23, 2026, 22:00:00";"3.23";"137.36";"5.57"
"Broad Run HS";"May 23, 2026, 21:00:00";"3.73";"136.24";"4.32"
"Broad Run HS";"May 23, 2026, 20:00:00";"3.86";"139.36";"3.4"
"Broad Run HS";"May 23, 2026, 19:00:00";"2.63";"151.27";"2.27"
"Broad Run HS";"May 23, 2026, 18:00:00";"3.01";"149.12";"2.71"
"Broad Run HS";"May 23, 2026, 17:00:00";"3.88";"149.5";"2.47"
"Broad Run HS";"May 23, 2026, 16:00:00";"3.42";"139.92";"1.83"
"Broad Run HS";"May 23, 2026, 15:00:00";"2.98";"137.96";"0.97"
"Broad Run HS";"May 23, 2026, 14:00:00";"2.96";"136.87";"0.81"
"Broad Run HS";"May 23, 2026, 13:00:00";"2.66";"138.71";"1.43"
"Broad Run HS";"May 23, 2026, 12:00:00";"3.25";"137.09";"2.44"
"Broad Run HS";"May 23, 2026, 11:00:00";"3.03";"134.29";"3.06"
"Broad Run HS";"May 23, 2026, 10:00:00";"2.73";"131.27";"4.1"
"Broad Run HS";"May 23, 2026, 09:00:00";"3.24";"127.11";"6.43"
"Broad Run HS";"May 23, 2026, 08:00:00";"2.93";"120.13";"6.4"
"Broad Run HS";"May 23, 2026, 07:00:00";"3.37";"115.8";"7.31"
"Broad Run HS";"May 23, 2026, 06:00:00";"4.79";"110.91";"4.48"
"Broad Run HS";"May 23, 2026, 05:00:00";"4.42";"108.95";"3.13"
"Broad Run HS";"May 23, 2026, 04:00:00";"3.12";"111.12";"2.96"
"Broad Run HS";"May 23, 2026, 03:00:00";"1.82";"112.55";"3.17"
"Broad Run HS";"May 23, 2026, 02:00:00";"2.45";"108.2";"3.33"
"Broad Run HS";"May 23, 2026, 01:00:00";"2.15";"106.3";"3.93"
"Broad Run HS";"May 23, 2026, 00:00:00";"2.76";"102.58";"2.97"
"Broad Run HS";"May 22, 2026, 23:00:00";"3.33";"100.94";"2.47"
"Broad Run HS";"May 22, 2026, 22:00:00";"3.89";"94.47";"2.26"
"Broad Run HS";"May 22, 2026, 21:00:00";"3.48";"94.64";"1.99"
"Broad Run HS";"May 22, 2026, 20:00:00";"2.2";"112.64";"1.87"
"Broad Run HS";"May 22, 2026, 19:00:00";"1.27";"139.35";"1.78"
"Broad Run HS";"May 22, 2026, 18:00:00";"1";"141.3";"1.64"
"Broad Run HS";"May 22, 2026, 17:00:00";"0.19";"156.3";"1.65"
"Broad Run HS";"May 22, 2026, 16:00:00";"0";"167.8";"2.16"
"Broad Run HS";"May 22, 2026, 15:00:00";"0";"165.2";"4.29"
"Broad Run HS";"May 22, 2026, 14:00:00";"0.01";"159";"3.44"
"Broad Run HS";"May 22, 2026, 13:00:00";"0.45";"144.14";"2.74"
"Broad Run HS";"May 22, 2026, 12:00:00";"0.4";"135.06";"2.42"
"Broad Run HS";"May 22, 2026, 11:00:00";"0";"148.54";"9.93"
"Broad Run HS";"May 22, 2026, 10:00:00";"0";"159.34";"18.56"
"Broad Run HS";"May 22, 2026, 09:00:00";"0";"166.12";"22.12"
"Broad Run HS";"May 22, 2026, 08:00:00";"0";"162.07";"20.95"
"Broad Run HS";"May 22, 2026, 07:00:00";"0";"154.18";"28.9"
"Broad Run HS";"May 22, 2026, 06:00:00";"0";"150.56";"22.31"
"Broad Run HS";"May 22, 2026, 05:00:00";"0";"144.05";"13.46"
"Broad Run HS";"May 22, 2026, 04:00:00";"0";"142.4";"13.67"
"Broad Run HS";"May 22, 2026, 03:00:00";"0";"138.55";"17.58"
"Broad Run HS";"May 22, 2026, 02:00:00";"0";"133.12";"20.23"
"Broad Run HS";"May 22, 2026, 01:00:00";"0";"133.44";"16.03"
"Broad Run HS";"May 22, 2026, 00:00:00";"0";"131.36";"12.76"
"Broad Run HS";"May 21, 2026, 23:00:00";"0.16";"124.7";"13.22"
"Broad Run HS";"May 21, 2026, 22:00:00";"1.13";"119.26";"9.92"
"Broad Run HS";"May 21, 2026, 21:00:00";"2.01";"113.23";"7.39"
"Broad Run HS";"May 21, 2026, 20:00:00";"2.75";"110.12";"4.97"
"Broad Run HS";"May 21, 2026, 19:00:00";"2.54";"101.39";"3.81"
"Broad Run HS";"May 21, 2026, 18:00:00";"1.83";"92.49";"3.74"
"Broad Run HS";"May 21, 2026, 17:00:00";"1.09";"79.95";"1.82"
"Broad Run HS";"May 21, 2026, 16:00:00";"1.22";"87.27";"1.73"
"Broad Run HS";"May 21, 2026, 15:00:00";"0";"108.51";"2.25"
"Broad Run HS";"May 21, 2026, 14:00:00";"0";"114.68";"1.93"
"Broad Run HS";"May 21, 2026, 13:00:00";"0";"132.76";"3.27"
"Broad Run HS";"May 21, 2026, 12:00:00";"0";"124.5";"3.15"
"Broad Run HS";"May 21, 2026, 11:00:00";"0";"131.17";"3.24"
"Broad Run HS";"May 21, 2026, 10:00:00";"0";"151.67";"3.34"
"Broad Run HS";"May 21, 2026, 09:00:00";"0";"177.88";"3.72"
"Broad Run HS";"May 21, 2026, 08:00:00";"0";"193.05";"4.12"
"Broad Run HS";"May 21, 2026, 07:00:00";"0";"206.46";"4.43"
"Broad Run HS";"May 21, 2026, 06:00:00";"0";"239.05";"5.65"
"Broad Run HS";"May 21, 2026, 05:00:00";"0";"313.39";"11.78"
"Broad Run HS";"May 21, 2026, 04:00:00";"0";"352.08";"17.67"
"Broad Run HS";"May 21, 2026, 03:00:00";"0";"349";"17.64"
"Broad Run HS";"May 21, 2026, 02:00:00";"0";"356.07";"9.9"
"Broad Run HS";"May 21, 2026, 01:00:00";"0";"321.52";"9.45"
"Broad Run HS";"May 21, 2026, 00:00:00";"0";"334.17";"11.13"
"Broad Run HS";"May 20, 2026, 23:00:00";"0";"325.06";"8.76"
"Broad Run HS";"May 20, 2026, 22:00:00";"0";"303";"9.53"
"Broad Run HS";"May 20, 2026, 21:00:00";"0";"263.46";"10.05"
"Broad Run HS";"May 20, 2026, 20:00:00";"0";"249.78";"9.21"
"Broad Run HS";"May 20, 2026, 19:00:00";"0.16";"212.57";"10.74"
"Broad Run HS";"May 20, 2026, 18:00:00";"0.56";"164.2";"11.17"
"Broad Run HS";"May 20, 2026, 17:00:00";"1.88";"75.32";"10.07"
"Broad Run HS";"May 20, 2026, 16:00:00";"0";"32.8";"9.13"
"Broad Run HS";"May 20, 2026, 15:00:00";"0";"30.68";"8.3"
"Broad Run HS";"May 20, 2026, 14:00:00";"0";"35.62";"7.26"
"Broad Run HS";"May 20, 2026, 13:00:00";"0";"51.11";"8.7"
"Broad Run HS";"May 20, 2026, 12:00:00";"0";"70.7";"8.31"
"Broad Run HS";"May 20, 2026, 11:00:00";"0";"82.2";"9.37"
"Broad Run HS";"May 20, 2026, 10:00:00";"0";"96.39";"8.89"
"Broad Run HS";"May 20, 2026, 09:00:00";"0";"100.46";"7.57"
"Broad Run HS";"May 20, 2026, 08:00:00";"0";"121.42";"5.65"
"Broad Run HS";"May 20, 2026, 07:00:00";"0";"136.61";"5.34"
"Broad Run HS";"May 20, 2026, 06:00:00";"0";"130.17";"5.64"
"Broad Run HS";"May 20, 2026, 05:00:00";"0";"115.6";"5.38"
"Broad Run HS";"May 20, 2026, 04:00:00";"0";"104.93";"4.65"
"Broad Run HS";"May 20, 2026, 03:00:00";"0";"97.11";"4.01"
"Broad Run HS";"May 20, 2026, 02:00:00";"0";"86.87";"3.97"
"Broad Run HS";"May 20, 2026, 01:00:00";"0";"78.52";"3.71"
"Broad Run HS";"May 20, 2026, 00:00:00";"0";"70.73";"3.71"
"Broad Run HS";"May 19, 2026, 23:00:00";"0";"65.04";"4.41"
"Broad Run HS";"May 19, 2026, 22:00:00";"0";"61.72";"4.63"
"Broad Run HS";"May 19, 2026, 21:00:00";"0";"54.54";"4.08"
"Broad Run HS";"May 19, 2026, 20:00:00";"0";"48.69";"3.76"
"Broad Run HS";"May 19, 2026, 19:00:00";"0";"40.08";"3.94"
"Broad Run HS";"May 19, 2026, 18:00:00";"0";"29.76";"5.01"
"Broad Run HS";"May 19, 2026, 17:00:00";"0";"24.83";"6.21"
"Broad Run HS";"May 19, 2026, 16:00:00";"0";"25.6";"6.76"
"Broad Run HS";"May 19, 2026, 15:00:00";"0";"18.01";"6.59"
"Broad Run HS";"May 19, 2026, 14:00:00";"0";"29.77";"6.84"
"Broad Run HS";"May 19, 2026, 13:00:00";"0";"49.9";"7.11"
"Broad Run HS";"May 19, 2026, 12:00:00";"0";"61.47";"6.95"
"Broad Run HS";"May 19, 2026, 11:00:00";"0";"59.74";"8.53"
"Broad Run HS";"May 19, 2026, 10:00:00";"0";"74.22";"12.58"
"Broad Run HS";"May 19, 2026, 09:00:00";"0";"82.3";"14.58"
"Broad Run HS";"May 19, 2026, 08:00:00";"2.32";"89.61";"12.69"
"Broad Run HS";"May 19, 2026, 07:00:00";"3.16";"86.8";"12.56"
"Broad Run HS";"May 19, 2026, 06:00:00";"3.56";"85.11";"12.94"
"Broad Run HS";"May 19, 2026, 05:00:00";"0.47";"79.16";"13.64"
"Broad Run HS";"May 19, 2026, 04:00:00";"0.33";"71.67";"13.91"
"Broad Run HS";"May 19, 2026, 03:00:00";"0";"65.26";"14.51"
"Broad Run HS";"May 19, 2026, 02:00:00";"0";"64.31";"14.78"
"Broad Run HS";"May 19, 2026, 01:00:00";"0";"63.54";"14.02"
"Broad Run HS";"May 19, 2026, 00:00:00";"0";"61.84";"14.06"
"Broad Run HS";"May 18, 2026, 23:00:00";"0";"64.57";"15.78"
"Broad Run HS";"May 18, 2026, 22:00:00";"5.24";"66.89";"16.96"
"Broad Run HS";"May 18, 2026, 21:00:00";"2.45";"60.99";"17.39"
"Broad Run HS";"May 18, 2026, 20:00:00";"0";"41.89";"16.26"
"Broad Run HS";"May 18, 2026, 19:00:00";"0";"28.58";"13.39"
"Broad Run HS";"May 18, 2026, 18:00:00";"0";"25.64";"14.05"
"Broad Run HS";"May 18, 2026, 17:00:00";"0";"23.09";"13.98"
"Broad Run HS";"May 18, 2026, 16:00:00";"0";"22.94";"14.76"
"Broad Run HS";"May 18, 2026, 15:00:00";"0";"24.05";"13.22"
"Broad Run HS";"May 18, 2026, 14:00:00";"0";"31.82";"11.82"
"Broad Run HS";"May 18, 2026, 13:00:00";"0";"51.73";"12.1"
"Broad Run HS";"May 18, 2026, 12:00:00";"0";"81";"15.42"
"Broad Run HS";"May 18, 2026, 11:00:00";"0";"101.01";"16.91"
"Broad Run HS";"May 18, 2026, 10:00:00";"0.18";"117.38";"14.54"
"Broad Run HS";"May 18, 2026, 09:00:00";"4.02";"131.39";"12.18"
"Broad Run HS";"May 18, 2026, 08:00:00";"0.99";"169.81";"7.87"
"Broad Run HS";"May 18, 2026, 07:00:00";"0.04";"162.88";"12.62"
"Broad Run HS";"May 18, 2026, 06:00:00";"0";"147.31";"14.55"
"Broad Run HS";"May 18, 2026, 05:00:00";"0";"137.55";"12.02"
"Broad Run HS";"May 18, 2026, 04:00:00";"0.02";"124.44";"11.18"
"Broad Run HS";"May 18, 2026, 03:00:00";"1.63";"108.9";"10.92"
"Broad Run HS";"May 18, 2026, 02:00:00";"0.25";"91.02";"9.3"
"Broad Run HS";"May 18, 2026, 01:00:00";"0.79";"74.14";"8.62"
"Broad Run HS";"May 18, 2026, 00:00:00";"4.33";"66.78";"8.51"
"Broad Run HS";"May 17, 2026, 23:00:00";"9.92";"61.93";"8.28"
"Broad Run HS";"May 17, 2026, 22:00:00";"4.44";"58.56";"7.84"
"Broad Run HS";"May 17, 2026, 21:00:00";"0.65";"53.8";"7.69"
"Broad Run HS";"May 17, 2026, 20:00:00";"0";"47.19";"6.22"
"Broad Run HS";"May 17, 2026, 19:00:00";"0";"47.76";"6.11"
"Broad Run HS";"May 17, 2026, 18:00:00";"0";"49.26";"6.02"
"Broad Run HS";"May 17, 2026, 17:00:00";"0";"55.71";"5.89"
"Broad Run HS";"May 17, 2026, 16:00:00";"0";"55.09";"5.33"
"Broad Run HS";"May 17, 2026, 15:00:00";"0";"63.66";"4.29"
"Broad Run HS";"May 17, 2026, 14:00:00";"0";"77.64";"5.73"
"Broad Run HS";"May 17, 2026, 13:00:00";"0";"90.44";"6.93"
"Broad Run HS";"May 17, 2026, 12:00:00";"0";"100";"7.2"
"Broad Run HS";"May 17, 2026, 11:00:00";"0.09";"102.29";"7.29"
"Broad Run HS";"May 17, 2026, 10:00:00";"0.03";"111.24";"7.05"
"Broad Run HS";"May 17, 2026, 09:00:00";"0.47";"116.65";"6.48"
"Broad Run HS";"May 17, 2026, 08:00:00";"1.72";"133.36";"6.11"
"Broad Run HS";"May 17, 2026, 07:00:00";"0";"127.13";"8.87"
"Broad Run HS";"May 17, 2026, 06:00:00";"0";"121.85";"9.65"
"Broad Run HS";"May 17, 2026, 05:00:00";"0.01";"119.3";"7.58"
"Broad Run HS";"May 17, 2026, 04:00:00";"0.05";"113.14";"7.94"
"Broad Run HS";"May 17, 2026, 03:00:00";"0.22";"109.23";"7.04"
"Broad Run HS";"May 17, 2026, 02:00:00";"1.22";"98.19";"6.31"
"Broad Run HS";"May 17, 2026, 01:00:00";"3.85";"94.13";"4.63"
"Broad Run HS";"May 17, 2026, 00:00:00";"3.55";"88.23";"3.85"
"Broad Run HS";"May 16, 2026, 23:00:00";"3.45";"76.42";"4.01"
"Broad Run HS";"May 16, 2026, 22:00:00";"3.13";"66.52";"4.04"
"Broad Run HS";"May 16, 2026, 21:00:00";"3.34";"60.36";"3.79"
"Broad Run HS";"May 16, 2026, 20:00:00";"3.66";"47.89";"3.99"
"Broad Run HS";"May 16, 2026, 19:00:00";"5.16";"40.04";"3.36"
"Broad Run HS";"May 16, 2026, 18:00:00";"1.69";"27.64";"4.71"
"Broad Run HS";"May 16, 2026, 17:00:00";"0.03";"21.74";"4.44"
"Broad Run HS";"May 16, 2026, 16:00:00";"0";"19.77";"3.67"
"Broad Run HS";"May 16, 2026, 15:00:00";"0";"16.74";"2.8"
"Broad Run HS";"May 16, 2026, 14:00:00";"0";"23.4";"2.39"
"Broad Run HS";"May 16, 2026, 13:00:00";"0";"30.51";"2.89"
"Broad Run HS";"May 16, 2026, 12:00:00";"0";"38.91";"3.18"
"Broad Run HS";"May 16, 2026, 11:00:00";"0";"51.85";"4.21"
"Broad Run HS";"May 16, 2026, 10:00:00";"0.14";"61.14";"4.18"
"Broad Run HS";"May 16, 2026, 09:00:00";"0.33";"57.85";"4.55"
"Broad Run HS";"May 16, 2026, 08:00:00";"0.67";"60.26";"3.64"
"Broad Run HS";"May 16, 2026, 07:00:00";"0";"54.34";"6.89"
"Broad Run HS";"May 16, 2026, 06:00:00";"0";"51.26";"9.72"
"Broad Run HS";"May 16, 2026, 05:00:00";"0";"49.2";"7.79"
"Broad Run HS";"May 16, 2026, 04:00:00";"0";"46.84";"7.1"
"Broad Run HS";"May 16, 2026, 03:00:00";"0.3";"45.18";"6.55"
"Broad Run HS";"May 16, 2026, 02:00:00";"1.63";"44.16";"4.36"
"Broad Run HS";"May 16, 2026, 01:00:00";"4.85";"44.02";"4.31"
"Broad Run HS";"May 16, 2026, 00:00:00";"7.92";"43.22";"4.3"
"Broad Run HS";"May 15, 2026, 23:00:00";"6.2";"44.26";"4.24"
"Broad Run HS";"May 15, 2026, 22:00:00";"3.14";"42.9";"2.95"
"Broad Run HS";"May 15, 2026, 21:00:00";"4.47";"42.91";"2.69"
"Broad Run HS";"May 15, 2026, 20:00:00";"1.65";"31.48";"1.75"
"Broad Run HS";"May 15, 2026, 19:00:00";"0.58";"25.9";"1.46"
"Broad Run HS";"May 15, 2026, 18:00:00";"0.6";"24.77";"1.62"
"Broad Run HS";"May 15, 2026, 17:00:00";"0";"22.69";"1.58"
"Broad Run HS";"May 15, 2026, 16:00:00";"0.06";"27.59";"1.82"
"Broad Run HS";"May 15, 2026, 15:00:00";"0.15";"32.55";"1.94"
"Broad Run HS";"May 15, 2026, 14:00:00";"0";"36.24";"2.24"
"Broad Run HS";"May 15, 2026, 13:00:00";"0.13";"40.34";"2.51"
"Broad Run HS";"May 15, 2026, 12:00:00";"0.08";"39.96";"2.54"
"Broad Run HS";"May 15, 2026, 11:00:00";"0";"38.31";"2.72"
"Broad Run HS";"May 15, 2026, 10:00:00";"0.1";"35.54";"2.91"
"Broad Run HS";"May 15, 2026, 09:00:00";"0.29";"34.99";"4.65"
"Broad Run HS";"May 15, 2026, 08:00:00";"1.13";"34.18";"4.6"
"Broad Run HS";"May 15, 2026, 07:00:00";"1.2";"33.28";"4.78"
"Broad Run HS";"May 15, 2026, 06:00:00";"0.23";"33.82";"4.6"
"Broad Run HS";"May 15, 2026, 05:00:00";"0.23";"34.32";"4.62"
"Broad Run HS";"May 15, 2026, 04:00:00";"0.33";"34.54";"3.34"
"Broad Run HS";"May 15, 2026, 03:00:00";"0";"34.29";"2.47"
"Broad Run HS";"May 15, 2026, 02:00:00";"0.09";"32.35";"2.43"
"Broad Run HS";"May 15, 2026, 01:00:00";"0.31";"31.59";"2.42"
"Broad Run HS";"May 15, 2026, 00:00:00";"1.53";"30.96";"2.76"
"Broad Run HS";"May 14, 2026, 23:00:00";"1.47";"30.66";"3.71"
"Broad Run HS";"May 14, 2026, 22:00:00";"1.25";"30.14";"3.4"
"Broad Run HS";"May 14, 2026, 21:00:00";"0.9";"30.09";"1.34"
"Broad Run HS";"May 14, 2026, 20:00:00";"0.47";"30.74";"1.21"
"Broad Run HS";"May 14, 2026, 19:00:00";"0.44";"31.5";"0.79"
"Broad Run HS";"May 14, 2026, 18:00:00";"1.17";"33.55";"1.18"
"Broad Run HS";"May 14, 2026, 17:00:00";"1.01";"34.5";"1.41"
"Broad Run HS";"May 14, 2026, 16:00:00";"0.84";"36.11";"1.26"
"Broad Run HS";"May 14, 2026, 15:00:00";"0.47";"38.18";"1.27"
"Broad Run HS";"May 14, 2026, 14:00:00";"0.09";"39";"1.42"
"Broad Run HS";"May 14, 2026, 13:00:00";"0";"39.93";"2.69"
"Broad Run HS";"May 14, 2026, 12:00:00";"0";"44.05";"3.57"
"Broad Run HS";"May 14, 2026, 11:00:00";"0";"49.22";"4.57"
"Broad Run HS";"May 14, 2026, 10:00:00";"0";"55.77";"5.92"
"Broad Run HS";"May 14, 2026, 09:00:00";"0.29";"63.39";"7.03"
"Broad Run HS";"May 14, 2026, 08:00:00";"1.51";"69.76";"13.61"
"Broad Run HS";"May 14, 2026, 07:00:00";"1";"79.8";"19.77"
"Broad Run HS";"May 14, 2026, 06:00:00";"1.84";"85.79";"23.96"
"Broad Run HS";"May 14, 2026, 05:00:00";"3.07";"87.84";"19.73"
"Broad Run HS";"May 14, 2026, 04:00:00";"2.78";"92.6";"14.45"
"Broad Run HS";"May 14, 2026, 03:00:00";"1.73";"95.47";"18.81"
"Broad Run HS";"May 14, 2026, 02:00:00";"1.65";"89.66";"0"
"Broad Run HS";"May 14, 2026, 01:00:00";"4.07";"92.99";"0"
"Broad Run HS";"May 14, 2026, 00:00:00";"5.88";"88.45";"10.04"
"Broad Run HS";"May 13, 2026, 23:00:00";"8.89";"76.84";"5.02"
"Broad Run HS";"May 13, 2026, 22:00:00";"9.56";"60.14";"3.94"
"Broad Run HS";"May 13, 2026, 21:00:00";"9.11";"51.22";"2.68"
"Broad Run HS";"May 13, 2026, 20:00:00";"6.44";"58.25";"4.46"
"Broad Run HS";"May 13, 2026, 19:00:00";"6.72";"55.21";"4.78"
"Broad Run HS";"May 13, 2026, 18:00:00";"6.4";"51.76";"4.79"
"Broad Run HS";"May 13, 2026, 17:00:00";"5.3";"51.4";"4.35"
"Broad Run HS";"May 13, 2026, 16:00:00";"5.08";"42.06";"4.72"
"Broad Run HS";"May 13, 2026, 15:00:00";"2.29";"25.61";"4.62"
"Broad Run HS";"May 13, 2026, 14:00:00";"0.85";"19.95";"4.44"
"Broad Run HS";"May 13, 2026, 13:00:00";"0.58";"23.64";"4.35"
"Broad Run HS";"May 13, 2026, 12:00:00";"2.18";"45";"4.73"
"Broad Run HS";"May 13, 2026, 11:00:00";"2.97";"37.5";"5.5"
"Broad Run HS";"May 13, 2026, 10:00:00";"3.07";"36.74";"6.03"
"Broad Run HS";"May 13, 2026, 09:00:00";"4.25";"33.99";"5.5"
"Broad Run HS";"May 13, 2026, 08:00:00";"5.62";"31.57";"4.81"
"Broad Run HS";"May 13, 2026, 07:00:00";"5.55";"30.32";"4.37"
"Broad Run HS";"May 13, 2026, 06:00:00";"4.99";"30.77";"4.51"
"Broad Run HS";"May 13, 2026, 05:00:00";"4.81";"31.19";"4.22"
"Broad Run HS";"May 13, 2026, 04:00:00";"4.12";"32";"3.28"
"Broad Run HS";"May 13, 2026, 03:00:00";"4.15";"33.18";"3.04"
"Broad Run HS";"May 13, 2026, 02:00:00";"3.95";"35.21";"2.95"
"Broad Run HS";"May 13, 2026, 01:00:00";"6.04";"35.58";"2.64"
"Broad Run HS";"May 13, 2026, 00:00:00";"11.37";"37.37";"2.81"
"Broad Run HS";"May 12, 2026, 23:00:00";"9.19";"37.23";"2.9"
"Broad Run HS";"May 12, 2026, 22:00:00";"10.03";"37.14";"3"
"Broad Run HS";"May 12, 2026, 21:00:00";"5.78";"34.82";"2.83"
"Broad Run HS";"May 12, 2026, 20:00:00";"3.33";"27.55";"2.53"
"Broad Run HS";"May 12, 2026, 19:00:00";"1.11";"23.63";"2.62"
"Broad Run HS";"May 12, 2026, 18:00:00";"0.41";"20.31";"2.49"
"Broad Run HS";"May 12, 2026, 17:00:00";"0.32";"19.72";"2.58"
"Broad Run HS";"May 12, 2026, 16:00:00";"0.16";"21.09";"2.37"
"Broad Run HS";"May 12, 2026, 15:00:00";"0.1";"23.83";"2.82"
"Broad Run HS";"May 12, 2026, 14:00:00";"0.18";"27.52";"3.56"
"Broad Run HS";"May 12, 2026, 13:00:00";"0.02";"31.77";"5.27"
"Broad Run HS";"May 12, 2026, 12:00:00";"0";"35.77";"4.24"
"Broad Run HS";"May 12, 2026, 11:00:00";"0";"35.8";"3.23"
"Broad Run HS";"May 12, 2026, 10:00:00";"0";"37.51";"3.38"
"Broad Run HS";"May 12, 2026, 09:00:00";"0.05";"40.1";"2.95"
"Broad Run HS";"May 12, 2026, 08:00:00";"0.59";"38.54";"3.41"
"Broad Run HS";"May 12, 2026, 07:00:00";"0.16";"35.74";"4.62"
"Broad Run HS";"May 12, 2026, 06:00:00";"0";"37";"5.33"
"Broad Run HS";"May 12, 2026, 05:00:00";"0";"35.43";"4.11"
"Broad Run HS";"May 12, 2026, 04:00:00";"0";"35.18";"5.21"
"Broad Run HS";"May 12, 2026, 03:00:00";"0";"34.08";"4.47"
"Broad Run HS";"May 12, 2026, 02:00:00";"0.03";"32.63";"4.39"
"Broad Run HS";"May 12, 2026, 01:00:00";"0.64";"31.11";"3.59"
"Broad Run HS";"May 12, 2026, 00:00:00";"2.08";"28.96";"2.81"
"Broad Run HS";"May 11, 2026, 23:00:00";"2.79";"26.29";"2.29"
"Broad Run HS";"May 11, 2026, 22:00:00";"3.01";"24.15";"2.44"
"Broad Run HS";"May 11, 2026, 21:00:00";"2.95";"24.92";"2.27"
"Broad Run HS";"May 11, 2026, 20:00:00";"0.91";"25.54";"1.74"
"Broad Run HS";"May 11, 2026, 19:00:00";"0.2";"26.29";"1.96"
"Broad Run HS";"May 11, 2026, 18:00:00";"0";"27.96";"1.91"
"Broad Run HS";"May 11, 2026, 17:00:00";"0";"31.61";"2.59"
"Broad Run HS";"May 11, 2026, 16:00:00";"0.05";"34";"3.28"
"Broad Run HS";"May 11, 2026, 15:00:00";"0.11";"33.82";"3.69"
"Broad Run HS";"May 11, 2026, 14:00:00";"0.41";"36.75";"3.33"
"Broad Run HS";"May 11, 2026, 13:00:00";"0.99";"36.08";"3.45"
"Broad Run HS";"May 11, 2026, 12:00:00";"0.38";"37.39";"2.35"
"Broad Run HS";"May 11, 2026, 11:00:00";"2.41";"35.9";"2.64"
"Broad Run HS";"May 11, 2026, 10:00:00";"3.26";"33.08";"3"
"Broad Run HS";"May 11, 2026, 09:00:00";"1.78";"30.67";"2.27"
"Broad Run HS";"May 11, 2026, 08:00:00";"0.86";"31.17";"1.62"
"Broad Run HS";"May 11, 2026, 07:00:00";"0.13";"32.03";"1.53"
"Broad Run HS";"May 11, 2026, 06:00:00";"0";"34.96";"1.62"
"Broad Run HS";"May 11, 2026, 05:00:00";"0";"36.98";"2.22"
"Broad Run HS";"May 11, 2026, 04:00:00";"0";"42.11";"2.34"
"Broad Run HS";"May 11, 2026, 03:00:00";"0";"52.22";"3.66"
"Broad Run HS";"May 11, 2026, 02:00:00";"0";"84.31";"6.52"
"Broad Run HS";"May 11, 2026, 01:00:00";"0";"117.8";"10.56"
"Broad Run HS";"May 11, 2026, 00:00:00";"0";"146.34";"15.61"
"Broad Run HS";"May 10, 2026, 23:00:00";"0.3";"139.53";"16.82"
"Broad Run HS";"May 10, 2026, 22:00:00";"0.32";"117.88";"10.64"
"Broad Run HS";"May 10, 2026, 21:00:00";"1.23";"113.25";"7.4"
"Broad Run HS";"May 10, 2026, 20:00:00";"2.32";"104.88";"7.09"
"Broad Run HS";"May 10, 2026, 19:00:00";"2.92";"103.21";"7.02"
"Broad Run HS";"May 10, 2026, 18:00:00";"3.67";"103.26";"10.16"
"Broad Run HS";"May 10, 2026, 17:00:00";"4.3";"56.61";"9.41"
"Broad Run HS";"May 10, 2026, 16:00:00";"1.55";"27.45";"5.45"
"Broad Run HS";"May 10, 2026, 15:00:00";"0";"21.07";"3.95"
"Broad Run HS";"May 10, 2026, 14:00:00";"0";"28.85";"3.87"
"Broad Run HS";"May 10, 2026, 13:00:00";"0";"34.63";"4.29"
"Broad Run HS";"May 10, 2026, 12:00:00";"0";"41.62";"4.63"
"Broad Run HS";"May 10, 2026, 11:00:00";"0";"53.32";"6.34"
"Broad Run HS";"May 10, 2026, 10:00:00";"0.4";"74.28";"9.59"
"Broad Run HS";"May 10, 2026, 09:00:00";"0.2";"80.33";"12.96"
"Broad Run HS";"May 10, 2026, 08:00:00";"0";"74.32";"10.68"
"Broad Run HS";"May 10, 2026, 07:00:00";"0";"63";"17.2"
"Broad Run HS";"May 10, 2026, 06:00:00";"0";"60.78";"21.29"
"Broad Run HS";"May 10, 2026, 05:00:00";"0.06";"60.47";"20.49"
"Broad Run HS";"May 10, 2026, 04:00:00";"0.6";"59.75";"14.61"
"Broad Run HS";"May 10, 2026, 03:00:00";"0.7";"56.82";"14.04"
"Broad Run HS";"May 10, 2026, 02:00:00";"1.33";"53.16";"14.01"
"Broad Run HS";"May 10, 2026, 01:00:00";"2.86";"53.03";"10.32"
"Broad Run HS";"May 10, 2026, 00:00:00";"3.79";"51.65";"7.88"
"Broad Run HS";"May 9, 2026, 23:00:00";"3.63";"49.47";"6.99"
"Broad Run HS";"May 9, 2026, 22:00:00";"4.39";"48.13";"8.07"
"Broad Run HS";"May 9, 2026, 21:00:00";"3.11";"43.82";"7.33"
"Broad Run HS";"May 9, 2026, 20:00:00";"0.2";"30.81";"5.37"
"Broad Run HS";"May 9, 2026, 19:00:00";"0.13";"26.68";"5.11"
"Broad Run HS";"May 9, 2026, 18:00:00";"0.2";"24.26";"5.35"
"Broad Run HS";"May 9, 2026, 17:00:00";"0";"22.67";"5.43"
"Broad Run HS";"May 9, 2026, 16:00:00";"0.03";"26.99";"6.07"
"Broad Run HS";"May 9, 2026, 15:00:00";"0.44";"30.64";"6.49"
"Broad Run HS";"May 9, 2026, 14:00:00";"0.44";"32.1";"7.24"
"Broad Run HS";"May 9, 2026, 13:00:00";"1.29";"33.44";"6.65"
"Broad Run HS";"May 9, 2026, 12:00:00";"0.42";"35.58";"5.54"
"Broad Run HS";"May 9, 2026, 11:00:00";"2.21";"32.03";"5.57"
"Broad Run HS";"May 9, 2026, 10:00:00";"2.93";"27.77";"4.8"
"Broad Run HS";"May 9, 2026, 09:00:00";"3.22";"27.17";"4.1"
"Broad Run HS";"May 9, 2026, 08:00:00";"4.95";"26.42";"4.17"
"Broad Run HS";"May 9, 2026, 07:00:00";"2.97";"25.46";"3.73"
"Broad Run HS";"May 9, 2026, 06:00:00";"2.93";"24.98";"3.64"
"Broad Run HS";"May 9, 2026, 05:00:00";"3.35";"24.39";"3.69"
"Broad Run HS";"May 9, 2026, 04:00:00";"3.41";"24.43";"3.72"
"Broad Run HS";"May 9, 2026, 03:00:00";"3.18";"24.39";"3.63"
"Broad Run HS";"May 9, 2026, 02:00:00";"3.08";"24.51";"3.66"
"Broad Run HS";"May 9, 2026, 01:00:00";"3.27";"24.96";"3.32"
"Broad Run HS";"May 9, 2026, 00:00:00";"3.68";"26.04";"3.87"
"Broad Run HS";"May 8, 2026, 23:00:00";"4.45";"27.42";"3.44"
"Broad Run HS";"May 8, 2026, 22:00:00";"3.96";"27.01";"3.37"
"Broad Run HS";"May 8, 2026, 21:00:00";"2.85";"24.56";"3.36"
"Broad Run HS";"May 8, 2026, 20:00:00";"2.59";"17.23";"3.13"
"Broad Run HS";"May 8, 2026, 19:00:00";"0.73";"12.63";"2.8"
"Broad Run HS";"May 8, 2026, 18:00:00";"0.66";"14.1";"3.14"
"Broad Run HS";"May 8, 2026, 17:00:00";"1.02";"14.51";"2.9"
"Broad Run HS";"May 8, 2026, 16:00:00";"0.53";"13.25";"3.16"
"Broad Run HS";"May 8, 2026, 15:00:00";"0.87";"16.99";"3.57"
"Broad Run HS";"May 8, 2026, 14:00:00";"1.05";"16.69";"5.46"
"Broad Run HS";"May 8, 2026, 13:00:00";"0.19";"24.16";"3.15"
"Broad Run HS";"May 8, 2026, 12:00:00";"0.16";"30.01";"3.48"
"Broad Run HS";"May 8, 2026, 11:00:00";"0.14";"32.75";"3.51"
"Broad Run HS";"May 8, 2026, 10:00:00";"0.09";"33.78";"3.26"
"Broad Run HS";"May 8, 2026, 09:00:00";"0.71";"36.72";"2.92"
"Broad Run HS";"May 8, 2026, 08:00:00";"2.92";"34.44";"2.55"
"Broad Run HS";"May 8, 2026, 07:00:00";"2.12";"29.71";"5.49"
"Broad Run HS";"May 8, 2026, 06:00:00";"0.7";"28.69";"5.05"
"Broad Run HS";"May 8, 2026, 05:00:00";"0.19";"29.09";"4.39"
"Broad Run HS";"May 8, 2026, 04:00:00";"0.22";"30.07";"3.8"
"Broad Run HS";"May 8, 2026, 03:00:00";"0.6";"32.45";"3.02"
"Broad Run HS";"May 8, 2026, 02:00:00";"0.86";"36.12";"3.36"
"Broad Run HS";"May 8, 2026, 01:00:00";"1.73";"37.57";"3.81"
"Broad Run HS";"May 8, 2026, 00:00:00";"2.38";"35.75";"5.17"
"Broad Run HS";"May 7, 2026, 23:00:00";"3.34";"33.53";"4.68"
"Broad Run HS";"May 7, 2026, 22:00:00";"4.86";"30.79";"4.04"
"Broad Run HS";"May 7, 2026, 21:00:00";"5.08";"30.51";"4.31"
"Broad Run HS";"May 7, 2026, 20:00:00";"5.4";"32.06";"4.45"
"Broad Run HS";"May 7, 2026, 19:00:00";"4.67";"32.96";"4.23"
"Broad Run HS";"May 7, 2026, 18:00:00";"2.88";"29.85";"4.57"
"Broad Run HS";"May 7, 2026, 17:00:00";"0.26";"20.74";"3.17"
"Broad Run HS";"May 7, 2026, 16:00:00";"0.58";"22.34";"3.8"
"Broad Run HS";"May 7, 2026, 15:00:00";"0.49";"26.56";"3.92"
"Broad Run HS";"May 7, 2026, 14:00:00";"0.27";"29.78";"3.99"
"Broad Run HS";"May 7, 2026, 13:00:00";"0.67";"35.26";"4.8"
"Broad Run HS";"May 7, 2026, 12:00:00";"0.98";"32.21";"4.28"
"Broad Run HS";"May 7, 2026, 11:00:00";"1.76";"32.31";"3.51"
"Broad Run HS";"May 7, 2026, 10:00:00";"1.8";"34.32";"3.54"
"Broad Run HS";"May 7, 2026, 09:00:00";"1.67";"37.18";"3.2"
"Broad Run HS";"May 7, 2026, 08:00:00";"0.9";"40.15";"2.99"
"Broad Run HS";"May 7, 2026, 07:00:00";"0.17";"43.01";"3"
"Broad Run HS";"May 7, 2026, 06:00:00";"0.59";"46.43";"3.64"
"Broad Run HS";"May 7, 2026, 05:00:00";"1.02";"48.35";"3.73"
"Broad Run HS";"May 7, 2026, 04:00:00";"1.36";"50.34";"4.78"
"Broad Run HS";"May 7, 2026, 03:00:00";"1.66";"50.92";"5.27"
"Broad Run HS";"May 7, 2026, 02:00:00";"0.66";"60.45";"8.88"
"Broad Run HS";"May 7, 2026, 01:00:00";"0.62";"59.27";"4.77"
"Broad Run HS";"May 7, 2026, 00:00:00";"0.48";"60.21";"2.93"
"Broad Run HS";"May 6, 2026, 23:00:00";"0.01";"69.76";"2.27"
"Broad Run HS";"May 6, 2026, 22:00:00";"0";"92.29";"2.95"
"Broad Run HS";"May 6, 2026, 21:00:00";"0.21";"109.41";"5.75"
"Broad Run HS";"May 6, 2026, 20:00:00";"0.32";"101.24";"7.96"
"Broad Run HS";"May 6, 2026, 19:00:00";"0.26";"96.7";"7.96"
"Broad Run HS";"May 6, 2026, 18:00:00";"0.27";"95.66";"7.57"
"Broad Run HS";"May 6, 2026, 17:00:00";"0.19";"100.53";"7.65"
"Broad Run HS";"May 6, 2026, 16:00:00";"0.59";"104.46";"6.87"
"Broad Run HS";"May 6, 2026, 15:00:00";"1.63";"117.84";"7.08"
"Broad Run HS";"May 6, 2026, 14:00:00";"2.65";"134.63";"6.35"
"Broad Run HS";"May 6, 2026, 13:00:00";"3.98";"156.41";"6.82"
"Broad Run HS";"May 6, 2026, 12:00:00";"5.56";"161.21";"6.25"
"Broad Run HS";"May 6, 2026, 11:00:00";"6.13";"143.65";"6.3"
"Broad Run HS";"May 6, 2026, 10:00:00";"6.71";"119.84";"6.81"
"Broad Run HS";"May 6, 2026, 09:00:00";"6.15";"85.84";"6.58"
"Broad Run HS";"May 6, 2026, 08:00:00";"4.82";"59.13";"6.08"
"Broad Run HS";"May 6, 2026, 07:00:00";"4.11";"50.88";"5.91"
"Broad Run HS";"May 6, 2026, 06:00:00";"3.47";"46.73";"6.25"
"Broad Run HS";"May 6, 2026, 05:00:00";"3.57";"43.67";"7.25"
"Broad Run HS";"May 6, 2026, 04:00:00";"3.74";"40.04";"7.57"
"Broad Run HS";"May 6, 2026, 03:00:00";"3.55";"36.05";"8.22"
"Broad Run HS";"May 6, 2026, 02:00:00";"3.59";"32.24";"9.42"
"Broad Run HS";"May 6, 2026, 01:00:00";"3.24";"28.03";"8.73"
"Broad Run HS";"May 6, 2026, 00:00:00";"2.87";"24.41";"7.98"
"Broad Run HS";"May 5, 2026, 23:00:00";"1.94";"18.59";"7.71"
"Broad Run HS";"May 5, 2026, 22:00:00";"1.69";"10.37";"6.18"
"Broad Run HS";"May 5, 2026, 21:00:00";"1.62";"2.68";"5.95"
"Broad Run HS";"May 5, 2026, 20:00:00";"0.77";"0";"6.04"
"Broad Run HS";"May 5, 2026, 19:00:00";"0.28";"0";"5.8"
"Broad Run HS";"May 5, 2026, 18:00:00";"0.11";"0";"6.29"
"Broad Run HS";"May 5, 2026, 17:00:00";"0";"0";"5.79"
"Broad Run HS";"May 5, 2026, 16:00:00";"0";"0.51";"5.95"
"Broad Run HS";"May 5, 2026, 15:00:00";"0";"4.26";"7.45"
"Broad Run HS";"May 5, 2026, 14:00:00";"0";"8.84";"6.04"
"Broad Run HS";"May 5, 2026, 13:00:00";"0";"10.55";"6.56"
"Broad Run HS";"May 5, 2026, 12:00:00";"0.21";"16.61";"6.69"
"Broad Run HS";"May 5, 2026, 11:00:00";"0.84";"24.5";"6.71"
"Broad Run HS";"May 5, 2026, 10:00:00";"2.18";"34.21";"6.38"
"Broad Run HS";"May 5, 2026, 09:00:00";"3.69";"38.71";"5.98"
"Broad Run HS";"May 5, 2026, 08:00:00";"4.85";"34.14";"6.08"
"Broad Run HS";"May 5, 2026, 07:00:00";"5.35";"33.32";"5.35"
"Broad Run HS";"May 5, 2026, 06:00:00";"5.19";"33.18";"5.07"
"Broad Run HS";"May 5, 2026, 05:00:00";"4.97";"34.1";"4.96"
"Broad Run HS";"May 5, 2026, 04:00:00";"5.15";"33.14";"4.72"
"Broad Run HS";"May 5, 2026, 03:00:00";"5.24";"33.77";"3.76"
"Broad Run HS";"May 5, 2026, 02:00:00";"4.82";"33.23";"3.81"
"Broad Run HS";"May 5, 2026, 01:00:00";"5.09";"31.4";"3.38"
"Broad Run HS";"May 5, 2026, 00:00:00";"4.87";"30.56";"3.68"
"Broad Run HS";"May 4, 2026, 23:00:00";"4.14";"28.59";"3.69"
"Broad Run HS";"May 4, 2026, 22:00:00";"3.61";"24.8";"3.75"
"Broad Run HS";"May 4, 2026, 21:00:00";"3.21";"18.68";"3.81"
"Broad Run HS";"May 4, 2026, 20:00:00";"2.59";"10.88";"4.14"
"Broad Run HS";"May 4, 2026, 19:00:00";"2.14";"3.75";"3.98"
"Broad Run HS";"May 4, 2026, 18:00:00";"0.68";"0.12";"4.4"
"Broad Run HS";"May 4, 2026, 17:00:00";"0";"0.25";"3.59"
"Broad Run HS";"May 4, 2026, 16:00:00";"0.04";"0.38";"3.89"
"Broad Run HS";"May 4, 2026, 15:00:00";"0";"1.21";"3.6"
"Broad Run HS";"May 4, 2026, 14:00:00";"0.03";"5.31";"3.57"
"Broad Run HS";"May 4, 2026, 13:00:00";"0.12";"10.75";"3.08"
"Broad Run HS";"May 4, 2026, 12:00:00";"0.06";"15.69";"3"
"Broad Run HS";"May 4, 2026, 11:00:00";"0.09";"22.08";"3.61"
"Broad Run HS";"May 4, 2026, 10:00:00";"1.11";"21.88";"3.72"
"Broad Run HS";"May 4, 2026, 09:00:00";"2.77";"19.69";"4.07"
"Broad Run HS";"May 4, 2026, 08:00:00";"3.99";"17.81";"3.8"
"Broad Run HS";"May 4, 2026, 07:00:00";"3.88";"16.46";"3.58"
"Broad Run HS";"May 4, 2026, 06:00:00";"3.44";"16.2";"3.61"
"Broad Run HS";"May 4, 2026, 05:00:00";"2.8";"16.49";"3.39"
"Broad Run HS";"May 4, 2026, 04:00:00";"4.06";"16.33";"3.01"
"Broad Run HS";"May 4, 2026, 03:00:00";"3.8";"14.48";"2.62"
"Broad Run HS";"May 4, 2026, 02:00:00";"3.69";"12.88";"2.76"
"Broad Run HS";"May 4, 2026, 01:00:00";"4.7";"12.15";"3.14"
"Broad Run HS";"May 4, 2026, 00:00:00";"6.26";"12.41";"3.95"
"Broad Run HS";"May 3, 2026, 23:00:00";"7.86";"11.51";"4.06"
"Broad Run HS";"May 3, 2026, 22:00:00";"6.56";"10.53";"3.65"
"Broad Run HS";"May 3, 2026, 21:00:00";"5.38";"8.31";"3.79"
"Broad Run HS";"May 3, 2026, 20:00:00";"3.55";"7.46";"2.63"
"Broad Run HS";"May 3, 2026, 19:00:00";"2.72";"7.02";"2.51"
"Broad Run HS";"May 3, 2026, 18:00:00";"1.96";"7.81";"3.08"
"Broad Run HS";"May 3, 2026, 17:00:00";"1.5";"8.39";"2.41"
"Broad Run HS";"May 3, 2026, 16:00:00";"1.57";"9.35";"2.63"
"Broad Run HS";"May 3, 2026, 15:00:00";"1";"9.73";"2.6"
"Broad Run HS";"May 3, 2026, 14:00:00";"1";"10.34";"2.83"
"Broad Run HS";"May 3, 2026, 13:00:00";"1.1";"11.34";"2.67"
"Broad Run HS";"May 3, 2026, 12:00:00";"1.2";"12";"3.2"
"Broad Run HS";"May 3, 2026, 11:00:00";"1.03";"13.93";"4.48"
"Broad Run HS";"May 3, 2026, 10:00:00";"0.85";"15.92";"5.01"
"Broad Run HS";"May 3, 2026, 09:00:00";"0.11";"17.1";"4.32"
"Broad Run HS";"May 3, 2026, 08:00:00";"0.6";"16.4";"3.14"
"Broad Run HS";"May 3, 2026, 07:00:00";"1.02";"15.05";"3.01"
"Broad Run HS";"May 3, 2026, 06:00:00";"1.27";"14.21";"2.85"
"Broad Run HS";"May 3, 2026, 05:00:00";"1.98";"13.64";"2.81"
"Broad Run HS";"May 3, 2026, 04:00:00";"3.23";"12.69";"3.74"
"Broad Run HS";"May 3, 2026, 03:00:00";"3.43";"13.72";"3.76"
"Broad Run HS";"May 3, 2026, 02:00:00";"3.52";"34.78";"3.55"
"Broad Run HS";"May 3, 2026, 01:00:00";"3.53";"34.82";"4.13"
"Broad Run HS";"May 3, 2026, 00:00:00";"4.02";"34.42";"4.25"
"Broad Run HS";"May 2, 2026, 23:00:00";"4.02";"35.17";"3.86"
"Broad Run HS";"May 2, 2026, 22:00:00";"4.17";"35.95";"4.01"
"Broad Run HS";"May 2, 2026, 21:00:00";"4.18";"36.61";"4.85"
"Broad Run HS";"May 2, 2026, 20:00:00";"3.78";"36.54";"4.92"
"Broad Run HS";"May 2, 2026, 19:00:00";"2.93";"37.72";"4.74"
"Broad Run HS";"May 2, 2026, 18:00:00";"1.92";"39.4";"5.19"
"Broad Run HS";"May 2, 2026, 17:00:00";"1.5";"40.88";"3.89"
"Broad Run HS";"May 2, 2026, 16:00:00";"1.24";"41.93";"4.17"
"Broad Run HS";"May 2, 2026, 15:00:00";"0.46";"42.42";"4.16"
"Broad Run HS";"May 2, 2026, 14:00:00";"0.3";"43.68";"4.54"
"Broad Run HS";"May 2, 2026, 13:00:00";"0.01";"45.75";"4.69"
"Broad Run HS";"May 2, 2026, 12:00:00";"0.31";"45.35";"4.63"
"Broad Run HS";"May 2, 2026, 11:00:00";"0.24";"46.35";"5.21"
"Broad Run HS";"May 2, 2026, 10:00:00";"1.21";"44.77";"5.6"
"Broad Run HS";"May 2, 2026, 09:00:00";"2.11";"43.87";"5.04"
"Broad Run HS";"May 2, 2026, 08:00:00";"2.74";"42.91";"5.44"
"Broad Run HS";"May 2, 2026, 07:00:00";"3.48";"43.18";"2.64"
"Broad Run HS";"May 2, 2026, 06:00:00";"3.42";"44.28";"1.28"
"Broad Run HS";"May 2, 2026, 05:00:00";"3.9";"45.58";"1.8"
"Broad Run HS";"May 2, 2026, 04:00:00";"3.77";"47.83";"2.68"
"Broad Run HS";"May 2, 2026, 03:00:00";"3.85";"49.28";"2.8"
"Broad Run HS";"May 2, 2026, 02:00:00";"4.55";"49.25";"2.98"
"Broad Run HS";"May 2, 2026, 01:00:00";"3.98";"50.92";"2.41"
"Broad Run HS";"May 2, 2026, 00:00:00";"4.77";"50.58";"2.27"
"Broad Run HS";"May 1, 2026, 23:00:00";"6.85";"52.91";"2.72"
"Broad Run HS";"May 1, 2026, 22:00:00";"7.88";"51.11";"2.52"
"Broad Run HS";"May 1, 2026, 21:00:00";"5.6";"49.29";"2.64"
"Broad Run HS";"May 1, 2026, 20:00:00";"4.9";"48.82";"1.75"
"Broad Run HS";"May 1, 2026, 19:00:00";"3.34";"48.18";"1.79"
"Broad Run HS";"May 1, 2026, 18:00:00";"0.97";"46.35";"1.6"
"Broad Run HS";"May 1, 2026, 17:00:00";"0.5";"48.73";"1.75"
"Broad Run HS";"May 1, 2026, 16:00:00";"0.18";"49.95";"2.03"
"Broad Run HS";"May 1, 2026, 15:00:00";"0.26";"52.88";"2.38"
"Broad Run HS";"May 1, 2026, 14:00:00";"0.99";"55.87";"3.49"
"Broad Run HS";"May 1, 2026, 13:00:00";"0.37";"56.57";"2.94"
"Broad Run HS";"May 1, 2026, 12:00:00";"0.79";"59.56";"2.65"
"Broad Run HS";"May 1, 2026, 11:00:00";"0.07";"60.49";"2.58"
"Broad Run HS";"May 1, 2026, 10:00:00";"0.58";"62.62";"2.46"
"Broad Run HS";"May 1, 2026, 09:00:00";"2.05";"61.6";"2.35"
"Broad Run HS";"May 1, 2026, 08:00:00";"3.34";"56.77";"2.43"
"Broad Run HS";"May 1, 2026, 07:00:00";"2.52";"53.32";"2.16"
"Broad Run HS";"May 1, 2026, 06:00:00";"1.38";"52.16";"1.86"
"Broad Run HS";"May 1, 2026, 05:00:00";"1.58";"51.29";"2.55"
"Broad Run HS";"May 1, 2026, 04:00:00";"1.65";"52.75";"1.64"
"Broad Run HS";"May 1, 2026, 03:00:00";"0.83";"51.13";"2.69"
"Broad Run HS";"May 1, 2026, 02:00:00";"0.92";"50.41";"4.42"
"Broad Run HS";"May 1, 2026, 01:00:00";"1.95";"49.96";"6"
"Broad Run HS";"May 1, 2026, 00:00:00";"2.61";"49.42";"3.75"
"Broad Run HS";"Apr 30, 2026, 23:00:00";"4.09";"49.52";"3.26"
"Broad Run HS";"Apr 30, 2026, 22:00:00";"4.15";"50.33";"2.22"
"Broad Run HS";"Apr 30, 2026, 21:00:00";"3.6";"53.06";"1.88"
"Broad Run HS";"Apr 30, 2026, 20:00:00";"3.56";"56.39";"1.95"
"Broad Run HS";"Apr 30, 2026, 19:00:00";"3.45";"61.1";"0.94"
"Broad Run HS";"Apr 30, 2026, 18:00:00";"2.28";"63.64";"1.67"
"Broad Run HS";"Apr 30, 2026, 17:00:00";"1.54";"63.23";"2.18"
"Broad Run HS";"Apr 30, 2026, 16:00:00";"0.28";"64.34";"1.75"
"Broad Run HS";"Apr 30, 2026, 15:00:00";"0.33";"68.93";"2.2"
"Broad Run HS";"Apr 30, 2026, 14:00:00";"0.38";"73.65";"2.46"
"Broad Run HS";"Apr 30, 2026, 13:00:00";"0.21";"77.02";"2.75"
"Broad Run HS";"Apr 30, 2026, 12:00:00";"0.3";"83.97";"4.84"
"Broad Run HS";"Apr 30, 2026, 11:00:00";"0.13";"87.49";"4.96"
"Broad Run HS";"Apr 30, 2026, 10:00:00";"0.08";"93.62";"4.72"
"Broad Run HS";"Apr 30, 2026, 09:00:00";"0.64";"104.07";"4.85"
"Broad Run HS";"Apr 30, 2026, 08:00:00";"0.4";"102.34";"5.95"
"Broad Run HS";"Apr 30, 2026, 07:00:00";"1.1";"102.08";"5.72"
"Broad Run HS";"Apr 30, 2026, 06:00:00";"0.07";"108.8";"7.86"
"Broad Run HS";"Apr 30, 2026, 05:00:00";"0";"117.9";"5.65"
"Broad Run HS";"Apr 30, 2026, 04:00:00";"0";"128.76";"0"
"Broad Run HS";"Apr 30, 2026, 03:00:00";"0";"129.05";"0"
"Broad Run HS";"Apr 30, 2026, 02:00:00";"0.78";"122.48";"0"
"Broad Run HS";"Apr 30, 2026, 01:00:00";"3.63";"140.75";"0"
"Broad Run HS";"Apr 30, 2026, 00:00:00";"4.51";"127.02";"0"
"Broad Run HS";"Apr 29, 2026, 23:00:00";"3.94";"138.64";"6.59"
"Broad Run HS";"Apr 29, 2026, 22:00:00";"6.59";"127.59";"8.94"
"Broad Run HS";"Apr 29, 2026, 21:00:00";"4.36";"124.29";"8.76"
"Broad Run HS";"Apr 29, 2026, 20:00:00";"4.19";"121.93";"8.28"
"Broad Run HS";"Apr 29, 2026, 19:00:00";"5.17";"151.32";"8.96"
"Broad Run HS";"Apr 29, 2026, 18:00:00";"4.34";"171.51";"11.93"
"Broad Run HS";"Apr 29, 2026, 17:00:00";"6.29";"155.08";"10.94"
"Broad Run HS";"Apr 29, 2026, 16:00:00";"6.34";"149.37";"11.4"
"Broad Run HS";"Apr 29, 2026, 15:00:00";"7.15";"130.52";"12"
"Broad Run HS";"Apr 29, 2026, 14:00:00";"5.6";"112.72";"10.39"
"Broad Run HS";"Apr 29, 2026, 13:00:00";"5.28";"94.05";"9.17"
"Broad Run HS";"Apr 29, 2026, 12:00:00";"4.54";"83.41";"5.7"
"Broad Run HS";"Apr 29, 2026, 11:00:00";"5.18";"79.94";"4.99"
"Broad Run HS";"Apr 29, 2026, 10:00:00";"10.87";"80.48";"5.99"
"Broad Run HS";"Apr 29, 2026, 09:00:00";"9.71";"78.37";"5.1"
"Broad Run HS";"Apr 29, 2026, 08:00:00";"7.81";"77.62";"4.08"
"Broad Run HS";"Apr 29, 2026, 07:00:00";"5.2";"78.1";"3.37"
"Broad Run HS";"Apr 29, 2026, 06:00:00";"2.93";"83.18";"3.74"
"Broad Run HS";"Apr 29, 2026, 05:00:00";"2.11";"88.7";"4.06"
"Broad Run HS";"Apr 29, 2026, 04:00:00";"2.13";"92.48";"4.39"
"Broad Run HS";"Apr 29, 2026, 03:00:00";"1.7";"104.37";"6.87"
"Broad Run HS";"Apr 29, 2026, 02:00:00";"0.26";"108.01";"10.73"
"Broad Run HS";"Apr 29, 2026, 01:00:00";"1.46";"103.14";"11.1"
"Broad Run HS";"Apr 29, 2026, 00:00:00";"3.27";"99.27";"8.8"
"Broad Run HS";"Apr 28, 2026, 23:00:00";"1.1";"97.21";"8.89"
"Broad Run HS";"Apr 28, 2026, 22:00:00";"1.46";"95.41";"9.22"
"Broad Run HS";"Apr 28, 2026, 21:00:00";"2.48";"92.07";"9.45"
"Broad Run HS";"Apr 28, 2026, 20:00:00";"2.87";"88.56";"10.13"
"Broad Run HS";"Apr 28, 2026, 19:00:00";"3.64";"85.28";"8.87"
"Broad Run HS";"Apr 28, 2026, 18:00:00";"3.21";"82.75";"7.47"
"Broad Run HS";"Apr 28, 2026, 17:00:00";"3.75";"78.59";"7.08"
"Broad Run HS";"Apr 28, 2026, 16:00:00";"4.41";"76.49";"3.74"
"Broad Run HS";"Apr 28, 2026, 15:00:00";"4.59";"77.68";"3.23"
"Broad Run HS";"Apr 28, 2026, 14:00:00";"5.86";"72.41";"3.16"
"Broad Run HS";"Apr 28, 2026, 13:00:00";"6.94";"69.21";"2.65"
"Broad Run HS";"Apr 28, 2026, 12:00:00";"8.09";"67.49";"3.62"
"Broad Run HS";"Apr 28, 2026, 11:00:00";"5.96";"63.82";"2.84"
"Broad Run HS";"Apr 28, 2026, 10:00:00";"4.99";"57.73";"3.12"
"Broad Run HS";"Apr 28, 2026, 09:00:00";"4.63";"59.94";"3.03"
"Broad Run HS";"Apr 28, 2026, 08:00:00";"6.68";"59.64";"3.09"
"Broad Run HS";"Apr 28, 2026, 07:00:00";"4.89";"59.19";"2.92"
"Broad Run HS";"Apr 28, 2026, 06:00:00";"4.33";"58.54";"2.72"
"Broad Run HS";"Apr 28, 2026, 05:00:00";"4.63";"58.32";"2.7"
"Broad Run HS";"Apr 28, 2026, 04:00:00";"4.57";"57.27";"2.91"
"Broad Run HS";"Apr 28, 2026, 03:00:00";"5.04";"56.08";"2.83"
"Broad Run HS";"Apr 28, 2026, 02:00:00";"7.17";"56.73";"3.34"
"Broad Run HS";"Apr 28, 2026, 01:00:00";"8.75";"56.09";"3.24"
"Broad Run HS";"Apr 28, 2026, 00:00:00";"11.13";"59.64";"3.47"
"Broad Run HS";"Apr 27, 2026, 23:00:00";"12.12";"61.87";"3.66"
"Broad Run HS";"Apr 27, 2026, 22:00:00";"10.42";"63.91";"3.75"
"Broad Run HS";"Apr 27, 2026, 21:00:00";"9.88";"63.23";"3.72"
"Broad Run HS";"Apr 27, 2026, 20:00:00";"8.02";"63.74";"3.95"
"Broad Run HS";"Apr 27, 2026, 19:00:00";"7.18";"63.6";"4.85"
"Broad Run HS";"Apr 27, 2026, 18:00:00";"6.62";"61.44";"5.66"
"Broad Run HS";"Apr 27, 2026, 17:00:00";"4.03";"60.54";"4.69"
"Broad Run HS";"Apr 27, 2026, 16:00:00";"1.79";"61.12";"4.23"
"Broad Run HS";"Apr 27, 2026, 15:00:00";"0.62";"64.63";"3.24"
"Broad Run HS";"Apr 27, 2026, 14:00:00";"0.08";"67.61";"3.19"
"Broad Run HS";"Apr 27, 2026, 13:00:00";"0.12";"73.94";"3.37"
"Broad Run HS";"Apr 27, 2026, 12:00:00";"0.28";"79.29";"3.31"
"Broad Run HS";"Apr 27, 2026, 11:00:00";"6.23";"84.7";"4.5"
"Broad Run HS";"Apr 27, 2026, 10:00:00";"8.05";"83.81";"4.62"
"Broad Run HS";"Apr 27, 2026, 09:00:00";"6.56";"82.1";"6.18"
"Broad Run HS";"Apr 27, 2026, 08:00:00";"3.22";"69.07";"6.34"
"Broad Run HS";"Apr 27, 2026, 07:00:00";"0.25";"60.32";"17.94"
"Broad Run HS";"Apr 27, 2026, 06:00:00";"0.23";"61.98";"19.36"
"Broad Run HS";"Apr 27, 2026, 05:00:00";"0.71";"64.71";"15.46"
"Broad Run HS";"Apr 27, 2026, 04:00:00";"2.52";"65.41";"13.84"
"Broad Run HS";"Apr 27, 2026, 03:00:00";"3.12";"64.56";"16.43"
"Broad Run HS";"Apr 27, 2026, 02:00:00";"4.74";"64.25";"12.16"
"Broad Run HS";"Apr 27, 2026, 01:00:00";"5.96";"65.03";"7.9"
"Broad Run HS";"Apr 27, 2026, 00:00:00";"7.08";"66.54";"4.16"
"Broad Run HS";"Apr 26, 2026, 23:00:00";"7.76";"66.49";"2.93"
"Broad Run HS";"Apr 26, 2026, 22:00:00";"8.69";"65.74";"2.75"
"Broad Run HS";"Apr 26, 2026, 21:00:00";"9.32";"66.11";"2.87"
"Broad Run HS";"Apr 26, 2026, 20:00:00";"9.68";"66.1";"3.44"
"Broad Run HS";"Apr 26, 2026, 19:00:00";"9.58";"67.18";"2.52"
"Broad Run HS";"Apr 26, 2026, 18:00:00";"9.25";"67.57";"2.55"
"Broad Run HS";"Apr 26, 2026, 17:00:00";"8.9";"67.98";"2.43"
"Broad Run HS";"Apr 26, 2026, 16:00:00";"8.18";"70.03";"1.77"
"Broad Run HS";"Apr 26, 2026, 15:00:00";"7.44";"70.15";"2.55"
"Broad Run HS";"Apr 26, 2026, 14:00:00";"7.14";"71.36";"4.49"
"Broad Run HS";"Apr 26, 2026, 13:00:00";"7.42";"69.81";"5.51"
"Broad Run HS";"Apr 26, 2026, 12:00:00";"6";"71.62";"6.31"
"Broad Run HS";"Apr 26, 2026, 11:00:00";"6.19";"70.56";"7"
"Broad Run HS";"Apr 26, 2026, 10:00:00";"6.23";"67.82";"5.24"
"Broad Run HS";"Apr 26, 2026, 09:00:00";"6.2";"66.31";"3.53"
"Broad Run HS";"Apr 26, 2026, 08:00:00";"6.27";"66.09";"1.72"
"Broad Run HS";"Apr 26, 2026, 07:00:00";"6.18";"66.64";"1.42"
"Broad Run HS";"Apr 26, 2026, 06:00:00";"6.04";"68.34";"2.41"
"Broad Run HS";"Apr 26, 2026, 05:00:00";"5.99";"69.83";"2.88"
"Broad Run HS";"Apr 26, 2026, 04:00:00";"5.45";"72.41";"2.47"
"Broad Run HS";"Apr 26, 2026, 03:00:00";"5.93";"74.25";"1.88"
"Broad Run HS";"Apr 26, 2026, 02:00:00";"5.98";"77.8";"1.92"
"Broad Run HS";"Apr 26, 2026, 01:00:00";"6.2";"82.96";"3.33"
"Broad Run HS";"Apr 26, 2026, 00:00:00";"6.03";"87.47";"11.84"
"Broad Run HS";"Apr 25, 2026, 23:00:00";"7.09";"87.65";"14.99"
"Broad Run HS";"Apr 25, 2026, 22:00:00";"7.14";"88.49";"10.05"
"Broad Run HS";"Apr 25, 2026, 21:00:00";"7.82";"89.8";"10.77"
"Broad Run HS";"Apr 25, 2026, 20:00:00";"8.6";"88.69";"11.34"
"Broad Run HS";"Apr 25, 2026, 19:00:00";"9.28";"88.83";"11.64"
"Broad Run HS";"Apr 25, 2026, 18:00:00";"9.11";"91.63";"11.97"
"Broad Run HS";"Apr 25, 2026, 17:00:00";"9.12";"84.83";"10.6"
"Broad Run HS";"Apr 25, 2026, 16:00:00";"8.56";"85.93";"10.95"
"Broad Run HS";"Apr 25, 2026, 15:00:00";"7.6";"90.35";"12.87"
"Broad Run HS";"Apr 25, 2026, 14:00:00";"7.7";"94.07";"13.66"
"Broad Run HS";"Apr 25, 2026, 13:00:00";"7.78";"93.84";"13.25"
"Broad Run HS";"Apr 25, 2026, 12:00:00";"8.05";"93.11";"13.65"
"Broad Run HS";"Apr 25, 2026, 11:00:00";"8.31";"89.57";"13.79"
"Broad Run HS";"Apr 25, 2026, 10:00:00";"8.5";"86.59";"13.01"
"Broad Run HS";"Apr 25, 2026, 09:00:00";"8.27";"86.01";"11.41"
"Broad Run HS";"Apr 25, 2026, 08:00:00";"8.73";"82.23";"12.16"
"Broad Run HS";"Apr 25, 2026, 07:00:00";"6.82";"80.83";"8.2"
"Broad Run HS";"Apr 25, 2026, 06:00:00";"6.55";"85.38";"8.39"
"Broad Run HS";"Apr 25, 2026, 05:00:00";"7.86";"82.21";"7.95"
"Broad Run HS";"Apr 25, 2026, 04:00:00";"9.68";"82.78";"7.59"
"Broad Run HS";"Apr 25, 2026, 03:00:00";"8.61";"89.22";"7.7"
"Broad Run HS";"Apr 25, 2026, 02:00:00";"10.4";"93.5";"8.4"
"Broad Run HS";"Apr 25, 2026, 01:00:00";"11.07";"91.79";"8.46"
"Broad Run HS";"Apr 25, 2026, 00:00:00";"11.42";"88.16";"7.79"
"Broad Run HS";"Apr 24, 2026, 23:00:00";"12.14";"85.53";"7.59"
"Broad Run HS";"Apr 24, 2026, 22:00:00";"10.89";"90";"6.89"
"Broad Run HS";"Apr 24, 2026, 21:00:00";"10.19";"94.37";"7.03"
"Broad Run HS";"Apr 24, 2026, 20:00:00";"10.69";"85.83";"7.39"
"Broad Run HS";"Apr 24, 2026, 19:00:00";"7.96";"77.03";"8.43"
"Broad Run HS";"Apr 24, 2026, 18:00:00";"5.56";"75.51";"8.89"
"Broad Run HS";"Apr 24, 2026, 17:00:00";"4.6";"72.76";"10"
"Broad Run HS";"Apr 24, 2026, 16:00:00";"5.54";"66.35";"10.87"
"Broad Run HS";"Apr 24, 2026, 15:00:00";"0.35";"63.06";"11.81"
"Broad Run HS";"Apr 24, 2026, 14:00:00";"0.52";"71.15";"10.44"
"Broad Run HS";"Apr 24, 2026, 13:00:00";"2.32";"75";"8.9"
"Broad Run HS";"Apr 24, 2026, 12:00:00";"1.59";"79.54";"9.72"
"Broad Run HS";"Apr 24, 2026, 11:00:00";"3.77";"81.41";"9.13"
"Broad Run HS";"Apr 24, 2026, 10:00:00";"7.61";"94.26";"7.56"
"Broad Run HS";"Apr 24, 2026, 09:00:00";"8.44";"103.32";"5.9"
"Broad Run HS";"Apr 24, 2026, 08:00:00";"9.7";"92.18";"5.46"
"Broad Run HS";"Apr 24, 2026, 07:00:00";"6.44";"83.28";"6.32"
"Broad Run HS";"Apr 24, 2026, 06:00:00";"6.44";"81.08";"5.43"
"Broad Run HS";"Apr 24, 2026, 05:00:00";"4.82";"81.74";"5.41"
"Broad Run HS";"Apr 24, 2026, 04:00:00";"5.87";"80.68";"4.71"
"Broad Run HS";"Apr 24, 2026, 03:00:00";"4.99";"81.32";"4.99"
"Broad Run HS";"Apr 24, 2026, 02:00:00";"4.83";"85.9";"4.51"
"Broad Run HS";"Apr 24, 2026, 01:00:00";"6.05";"92.16";"6.44"
"Broad Run HS";"Apr 24, 2026, 00:00:00";"6.68";"89.99";"6.92"
"Broad Run HS";"Apr 23, 2026, 23:00:00";"9.82";"88.23";"6.49"
"Broad Run HS";"Apr 23, 2026, 22:00:00";"10.26";"87.93";"7.09"
"Broad Run HS";"Apr 23, 2026, 21:00:00";"7.09";"75.73";"6.87"
"Broad Run HS";"Apr 23, 2026, 20:00:00";"4.64";"65.53";"8.63"
"Broad Run HS";"Apr 23, 2026, 19:00:00";"2.67";"58.7";"4.98"
"Broad Run HS";"Apr 23, 2026, 18:00:00";"0.95";"56.83";"4.61"
"Broad Run HS";"Apr 23, 2026, 17:00:00";"0.41";"60.5";"5.71"
"Broad Run HS";"Apr 23, 2026, 16:00:00";"1.18";"63.06";"5.97"
"Broad Run HS";"Apr 23, 2026, 15:00:00";"1.97";"66.95";"7.13"
"Broad Run HS";"Apr 23, 2026, 14:00:00";"3.44";"71.48";"8.35"
"Broad Run HS";"Apr 23, 2026, 13:00:00";"3.73";"74.31";"7.73"
"Broad Run HS";"Apr 23, 2026, 12:00:00";"5.04";"78.23";"7.6"
"Broad Run HS";"Apr 23, 2026, 11:00:00";"5.58";"79.4";"6.56"
"Broad Run HS";"Apr 23, 2026, 10:00:00";"8.48";"91.76";"5.92"
"Broad Run HS";"Apr 23, 2026, 09:00:00";"11.31";"100.01";"5.97"
"Broad Run HS";"Apr 23, 2026, 08:00:00";"10.01";"85.82";"5.88"
"Broad Run HS";"Apr 23, 2026, 07:00:00";"2.91";"73.53";"9.43"
"Broad Run HS";"Apr 23, 2026, 06:00:00";"3.75";"70.82";"9.49"
"Broad Run HS";"Apr 23, 2026, 05:00:00";"4.43";"67.76";"7.36"
"Broad Run HS";"Apr 23, 2026, 04:00:00";"5.17";"65.61";"6.57"
"Broad Run HS";"Apr 23, 2026, 03:00:00";"6.72";"65.4";"6.53"
"Broad Run HS";"Apr 23, 2026, 02:00:00";"7.83";"64.4";"6.34"
"Broad Run HS";"Apr 23, 2026, 01:00:00";"7.71";"62.39";"6.47"
"Broad Run HS";"Apr 23, 2026, 00:00:00";"7.58";"62.26";"6.45"
"Broad Run HS";"Apr 22, 2026, 23:00:00";"7.63";"62.35";"6.25"
"Broad Run HS";"Apr 22, 2026, 22:00:00";"8.42";"63.43";"7"
"Broad Run HS";"Apr 22, 2026, 21:00:00";"6.79";"61.87";"6.71"
"Broad Run HS";"Apr 22, 2026, 20:00:00";"5.32";"52.74";"6.24"
"Broad Run HS";"Apr 22, 2026, 19:00:00";"4.35";"49.53";"6.06"
"Broad Run HS";"Apr 22, 2026, 18:00:00";"3.01";"52.43";"6.21"
"Broad Run HS";"Apr 22, 2026, 17:00:00";"4.69";"50.39";"6.87"
"Broad Run HS";"Apr 22, 2026, 16:00:00";"3.24";"50.42";"7.05"
"Broad Run HS";"Apr 22, 2026, 15:00:00";"5.92";"54.99";"7.21"
"Broad Run HS";"Apr 22, 2026, 14:00:00";"6.56";"61.41";"7.25"
"Broad Run HS";"Apr 22, 2026, 13:00:00";"12.63";"60.18";"7.67"
"Broad Run HS";"Apr 22, 2026, 12:00:00";"13.5";"55.07";"6.86"
"Broad Run HS";"Apr 22, 2026, 11:00:00";"8.93";"50.26";"5.11"
"Broad Run HS";"Apr 22, 2026, 10:00:00";"9.17";"46.67";"5.02"
"Broad Run HS";"Apr 22, 2026, 09:00:00";"10.44";"44.33";"4.94"
"Broad Run HS";"Apr 22, 2026, 08:00:00";"10.29";"42.1";"4.59"
"Broad Run HS";"Apr 22, 2026, 07:00:00";"9.72";"40.13";"4.79"
"Broad Run HS";"Apr 22, 2026, 06:00:00";"9.16";"39.94";"4.45"
"Broad Run HS";"Apr 22, 2026, 05:00:00";"8.7";"39.83";"5.22"
"Broad Run HS";"Apr 22, 2026, 04:00:00";"8.34";"39.82";"5.96"
"Broad Run HS";"Apr 22, 2026, 03:00:00";"8.95";"39.69";"6.66"
"Broad Run HS";"Apr 22, 2026, 02:00:00";"10.09";"38.99";"6.15"
"Broad Run HS";"Apr 22, 2026, 01:00:00";"11.84";"38.2";"5.23"
"Broad Run HS";"Apr 22, 2026, 00:00:00";"14.07";"37.35";"5.79"
"Broad Run HS";"Apr 21, 2026, 23:00:00";"13.88";"36.14";"5.28"
"Broad Run HS";"Apr 21, 2026, 22:00:00";"11.29";"32.83";"4.15"
"Broad Run HS";"Apr 21, 2026, 21:00:00";"8.93";"30.97";"3.78"
"Broad Run HS";"Apr 21, 2026, 20:00:00";"8.42";"30.95";"3.63"
"Broad Run HS";"Apr 21, 2026, 19:00:00";"7.23";"31.04";"3.61"
"Broad Run HS";"Apr 21, 2026, 18:00:00";"6.39";"31.55";"4.19"
"Broad Run HS";"Apr 21, 2026, 17:00:00";"6.02";"31.87";"4.71"
"Broad Run HS";"Apr 21, 2026, 16:00:00";"6.01";"31.94";"5.27"
"Broad Run HS";"Apr 21, 2026, 15:00:00";"5.21";"32.27";"5.52"
"Broad Run HS";"Apr 21, 2026, 14:00:00";"4.68";"33.46";"5.15"
"Broad Run HS";"Apr 21, 2026, 13:00:00";"4.38";"33.9";"5.18"
"Broad Run HS";"Apr 21, 2026, 12:00:00";"3.99";"35.81";"5.04"
"Broad Run HS";"Apr 21, 2026, 11:00:00";"5.59";"39.1";"5.03"
"Broad Run HS";"Apr 21, 2026, 10:00:00";"8.02";"45.72";"7.17"
"Broad Run HS";"Apr 21, 2026, 09:00:00";"0";"0";"7.03"
"Broad Run HS";"Apr 21, 2026, 07:00:00";"13.14";"36.43";"6.44"
"Broad Run HS";"Apr 21, 2026, 06:00:00";"13.46";"37.25";"4.88"
"Broad Run HS";"Apr 21, 2026, 05:00:00";"11.96";"36.15";"5.36"
"Broad Run HS";"Apr 21, 2026, 04:00:00";"12.13";"35.45";"6.3"
"Broad Run HS";"Apr 21, 2026, 03:00:00";"12.24";"35.63";"6.28"
"Broad Run HS";"Apr 21, 2026, 02:00:00";"13.83";"34.6";"7.36"
"Broad Run HS";"Apr 21, 2026, 01:00:00";"14.18";"34.54";"5.71"
"Broad Run HS";"Apr 21, 2026, 00:00:00";"13.51";"33.22";"4.62"
"Broad Run HS";"Apr 20, 2026, 23:00:00";"12.77";"31.05";"4.71"
"Broad Run HS";"Apr 20, 2026, 22:00:00";"11.39";"29.63";"3.78"
"Broad Run HS";"Apr 20, 2026, 21:00:00";"9.56";"28.52";"3.45"
"Broad Run HS";"Apr 20, 2026, 20:00:00";"8.57";"28.47";"3.94"
"Broad Run HS";"Apr 20, 2026, 19:00:00";"7.33";"29.88";"3.44"
"Broad Run HS";"Apr 20, 2026, 18:00:00";"6.89";"31.93";"3.43"
"Broad Run HS";"Apr 20, 2026, 17:00:00";"5.98";"34.6";"2.9"
"Broad Run HS";"Apr 20, 2026, 16:00:00";"5.52";"38.53";"2.82"
"Broad Run HS";"Apr 20, 2026, 15:00:00";"5.48";"45.1";"2.89"
"Broad Run HS";"Apr 20, 2026, 14:00:00";"6.55";"52.47";"3.21"
"Broad Run HS";"Apr 20, 2026, 13:00:00";"8.04";"57.29";"3.93"
"Broad Run HS";"Apr 20, 2026, 12:00:00";"9.14";"64.59";"3.35"
"Broad Run HS";"Apr 20, 2026, 11:00:00";"10.91";"46.24";"4.71"
"Broad Run HS";"Apr 20, 2026, 10:00:00";"7.89";"49.4";"5.02"
"Broad Run HS";"Apr 20, 2026, 09:00:00";"8.96";"48.28";"4.48"
"Broad Run HS";"Apr 20, 2026, 08:00:00";"9.03";"47.27";"3.91"
"Broad Run HS";"Apr 20, 2026, 07:00:00";"8.91";"47.73";"3.18"
"Broad Run HS";"Apr 20, 2026, 06:00:00";"8.12";"48.68";"2.93"
"Broad Run HS";"Apr 20, 2026, 05:00:00";"8.33";"50.23";"3.51"
"Broad Run HS";"Apr 20, 2026, 04:00:00";"4.95";"51.27";"3.25"
"Broad Run HS";"Apr 20, 2026, 03:00:00";"4.99";"50.82";"3.5"
"Broad Run HS";"Apr 20, 2026, 02:00:00";"5.71";"48.68";"3.96"
"Broad Run HS";"Apr 20, 2026, 01:00:00";"7.34";"47.59";"4.2"
"Broad Run HS";"Apr 20, 2026, 00:00:00";"8.38";"45.25";"5.03"
"Broad Run HS";"Apr 19, 2026, 23:00:00";"10.11";"44.33";"4.28"
"Broad Run HS";"Apr 19, 2026, 22:00:00";"8.06";"43.31";"3.75"
"Broad Run HS";"Apr 19, 2026, 21:00:00";"6.42";"42.24";"3.79"
"Broad Run HS";"Apr 19, 2026, 20:00:00";"5.96";"42.48";"3.51"
"Broad Run HS";"Apr 19, 2026, 19:00:00";"4.63";"44.94";"3.2"
"Broad Run HS";"Apr 19, 2026, 18:00:00";"3.85";"49.37";"3.55"
"Broad Run HS";"Apr 19, 2026, 17:00:00";"3.27";"57.82";"3.76"
"Broad Run HS";"Apr 19, 2026, 16:00:00";"3.85";"62.63";"4.68"
"Broad Run HS";"Apr 19, 2026, 15:00:00";"2.39";"73.3";"3.77"
"Broad Run HS";"Apr 19, 2026, 14:00:00";"4.01";"78.25";"2.84"
"Broad Run HS";"Apr 19, 2026, 13:00:00";"5.07";"76.83";"2.9"
"Broad Run HS";"Apr 19, 2026, 12:00:00";"5.81";"82.18";"2.86"
"Broad Run HS";"Apr 19, 2026, 11:00:00";"6.34";"80.32";"2.81"
"Broad Run HS";"Apr 19, 2026, 10:00:00";"5.78";"80.73";"3.56"
"Broad Run HS";"Apr 19, 2026, 09:00:00";"5.06";"77.92";"2.97"
"Broad Run HS";"Apr 19, 2026, 08:00:00";"4.34";"78.52";"1.87"
"Broad Run HS";"Apr 19, 2026, 07:00:00";"3.55";"92.22";"1.4"
"Broad Run HS";"Apr 19, 2026, 06:00:00";"2.49";"132";"9.19"
"Broad Run HS";"Apr 19, 2026, 05:00:00";"1.43";"154.52";"18.9"
"Broad Run HS";"Apr 19, 2026, 04:00:00";"3.06";"146.76";"13.19"
"Broad Run HS";"Apr 19, 2026, 03:00:00";"3.67";"141.64";"13.57"
"Broad Run HS";"Apr 19, 2026, 02:00:00";"4.54";"130.21";"12.17"
"Broad Run HS";"Apr 19, 2026, 01:00:00";"4.77";"115.48";"10.27"
"Broad Run HS";"Apr 19, 2026, 00:00:00";"5.54";"108.42";"9.21"
"Broad Run HS";"Apr 18, 2026, 23:00:00";"7.04";"101.57";"9.4"
"Broad Run HS";"Apr 18, 2026, 22:00:00";"5.7";"97.28";"9.19"
"Broad Run HS";"Apr 18, 2026, 21:00:00";"4.79";"94.03";"9.36"
"Broad Run HS";"Apr 18, 2026, 20:00:00";"3.84";"91.24";"9.55"
"Broad Run HS";"Apr 18, 2026, 19:00:00";"2.05";"93.37";"10.27"
"Broad Run HS";"Apr 18, 2026, 18:00:00";"1.05";"96.61";"11.11"
"Broad Run HS";"Apr 18, 2026, 17:00:00";"0.28";"89.27";"9.1"
"Broad Run HS";"Apr 18, 2026, 16:00:00";"0.13";"79.25";"10.26"
"Broad Run HS";"Apr 18, 2026, 15:00:00";"0";"77.61";"4.73"
"Broad Run HS";"Apr 18, 2026, 14:00:00";"1.64";"79.12";"4.56"
"Broad Run HS";"Apr 18, 2026, 13:00:00";"0.7";"85.89";"4.48"
"Broad Run HS";"Apr 18, 2026, 12:00:00";"0.95";"96.02";"4.95"
"Broad Run HS";"Apr 18, 2026, 11:00:00";"2.55";"103.4";"5.7"
"Broad Run HS";"Apr 18, 2026, 10:00:00";"3.94";"125.75";"5.11"
"Broad Run HS";"Apr 18, 2026, 09:00:00";"2.88";"132.96";"3.41"
"Broad Run HS";"Apr 18, 2026, 08:00:00";"1.08";"116.36";"3.26"
"Broad Run HS";"Apr 18, 2026, 07:00:00";"0";"104.41";"5.53"
"Broad Run HS";"Apr 18, 2026, 06:00:00";"0.07";"103.17";"5.15"
"Broad Run HS";"Apr 18, 2026, 05:00:00";"0.23";"101.07";"4.17"
"Broad Run HS";"Apr 18, 2026, 04:00:00";"1.18";"96.45";"3.95"
"Broad Run HS";"Apr 18, 2026, 03:00:00";"0.91";"93.14";"3.68"
"Broad Run HS";"Apr 18, 2026, 02:00:00";"2.77";"91.47";"3.36"
"Broad Run HS";"Apr 18, 2026, 01:00:00";"2.94";"89.23";"4.34"
"Broad Run HS";"Apr 18, 2026, 00:00:00";"4.36";"87.04";"3.54"
"Broad Run HS";"Apr 17, 2026, 23:00:00";"5.29";"83.93";"2.94"
"Broad Run HS";"Apr 17, 2026, 22:00:00";"8.5";"83.43";"3.16"
"Broad Run HS";"Apr 17, 2026, 21:00:00";"1.09";"75.81";"3.05"
"Broad Run HS";"Apr 17, 2026, 20:00:00";"0.52";"64.26";"2.28"
"Broad Run HS";"Apr 17, 2026, 19:00:00";"0";"64.34";"2.49"
"Broad Run HS";"Apr 17, 2026, 18:00:00";"0";"67.43";"3.29"
"Broad Run HS";"Apr 17, 2026, 17:00:00";"0";"67.4";"3.17"
"Broad Run HS";"Apr 17, 2026, 16:00:00";"0.05";"68.14";"3.8"
"Broad Run HS";"Apr 17, 2026, 15:00:00";"0.12";"66.39";"4.04"
"Broad Run HS";"Apr 17, 2026, 14:00:00";"0";"66.35";"2.83"
"Broad Run HS";"Apr 17, 2026, 13:00:00";"1.11";"69.02";"3.76"
"Broad Run HS";"Apr 17, 2026, 12:00:00";"0.27";"72.49";"4.24"
"Broad Run HS";"Apr 17, 2026, 11:00:00";"0.65";"80.14";"5.04"
"Broad Run HS";"Apr 17, 2026, 10:00:00";"2";"88.28";"4.99"
"Broad Run HS";"Apr 17, 2026, 09:00:00";"3.5";"100.33";"4.53"
"Broad Run HS";"Apr 17, 2026, 08:00:00";"2.46";"99.38";"4.58"
"Broad Run HS";"Apr 17, 2026, 07:00:00";"3.14";"102.7";"5.5"
"Broad Run HS";"Apr 17, 2026, 06:00:00";"1.62";"101.41";"5.97"
"Broad Run HS";"Apr 17, 2026, 05:00:00";"1.1";"95.43";"5.26"
"Broad Run HS";"Apr 17, 2026, 04:00:00";"1.04";"88.77";"4.8"
"Broad Run HS";"Apr 17, 2026, 03:00:00";"0.23";"85.9";"4.2"
"Broad Run HS";"Apr 17, 2026, 02:00:00";"0.31";"81.4";"3.9"
"Broad Run HS";"Apr 17, 2026, 01:00:00";"0.04";"72.68";"4.26"
"Broad Run HS";"Apr 17, 2026, 00:00:00";"0";"66.8";"7.72"
"Broad Run HS";"Apr 16, 2026, 23:00:00";"0";"59.92";"9.38"
"Broad Run HS";"Apr 16, 2026, 22:00:00";"0";"56.97";"9.65"
"Broad Run HS";"Apr 16, 2026, 21:00:00";"0";"55.42";"10.46"
"Broad Run HS";"Apr 16, 2026, 20:00:00";"0";"52.81";"10.69"
"Broad Run HS";"Apr 16, 2026, 19:00:00";"0";"46.02";"10.67"
"Broad Run HS";"Apr 16, 2026, 18:00:00";"0";"41.11";"12.84"
"Broad Run HS";"Apr 16, 2026, 17:00:00";"0";"44.47";"9.85"
"Broad Run HS";"Apr 16, 2026, 16:00:00";"0";"49.72";"9.08"
"Broad Run HS";"Apr 16, 2026, 15:00:00";"0";"59.26";"8.9"
"Broad Run HS";"Apr 16, 2026, 14:00:00";"0";"68.3";"9.2"
"Broad Run HS";"Apr 16, 2026, 13:00:00";"0";"66.22";"8.34"
"Broad Run HS";"Apr 16, 2026, 12:00:00";"0";"79.47";"8.58"
"Broad Run HS";"Apr 16, 2026, 11:00:00";"0";"87.45";"8.43"
"Broad Run HS";"Apr 16, 2026, 10:00:00";"0.77";"97.12";"8.69"
"Broad Run HS";"Apr 16, 2026, 09:00:00";"5.19";"109.24";"7.58"
"Broad Run HS";"Apr 16, 2026, 08:00:00";"5.83";"105.15";"6.96"
"Broad Run HS";"Apr 16, 2026, 07:00:00";"3.5";"92.27";"6.89"
"Broad Run HS";"Apr 16, 2026, 06:00:00";"2";"88.66";"6.67"
"Broad Run HS";"Apr 16, 2026, 05:00:00";"0.51";"85.33";"6.66"
"Broad Run HS";"Apr 16, 2026, 04:00:00";"0.45";"85.7";"6.88"
"Broad Run HS";"Apr 16, 2026, 03:00:00";"0.54";"79.42";"7.07"
"Broad Run HS";"Apr 16, 2026, 02:00:00";"0.02";"74.1";"6.83"
"Broad Run HS";"Apr 16, 2026, 01:00:00";"0";"74.4";"6.91"
"Broad Run HS";"Apr 16, 2026, 00:00:00";"0";"75.53";"7.71"
"Broad Run HS";"Apr 15, 2026, 23:00:00";"0";"73.52";"8.24"
"Broad Run HS";"Apr 15, 2026, 22:00:00";"0";"74.63";"8.55"
"Broad Run HS";"Apr 15, 2026, 21:00:00";"0";"71.67";"7.88"
"Broad Run HS";"Apr 15, 2026, 20:00:00";"0";"67.26";"8.07"
"Broad Run HS";"Apr 15, 2026, 19:00:00";"0";"59.45";"7.69"
"Broad Run HS";"Apr 15, 2026, 18:00:00";"0";"61.21";"6.72"
"Broad Run HS";"Apr 15, 2026, 17:00:00";"0";"60.04";"6.19"
"Broad Run HS";"Apr 15, 2026, 16:00:00";"0";"64.92";"6.18"
"Broad Run HS";"Apr 15, 2026, 15:00:00";"0";"71.3";"6.81"
"Broad Run HS";"Apr 15, 2026, 14:00:00";"0";"77.39";"6.49"
"Broad Run HS";"Apr 15, 2026, 13:00:00";"0";"85.46";"6.52"
"Broad Run HS";"Apr 15, 2026, 12:00:00";"0";"98.23";"7.05"
"Broad Run HS";"Apr 15, 2026, 11:00:00";"0";"124.99";"6.91"
"Broad Run HS";"Apr 15, 2026, 10:00:00";"1.08";"153.94";"6.01"
"Broad Run HS";"Apr 15, 2026, 09:00:00";"4.1";"190.04";"4.72"
"Broad Run HS";"Apr 15, 2026, 08:00:00";"0.31";"187.91";"5.74"
"Broad Run HS";"Apr 15, 2026, 07:00:00";"0.07";"173.37";"6"
"Broad Run HS";"Apr 15, 2026, 06:00:00";"0";"171.33";"7.31"
"Broad Run HS";"Apr 15, 2026, 05:00:00";"0.25";"172.85";"6.02"
"Broad Run HS";"Apr 15, 2026, 04:00:00";"0.4";"171.63";"5.67"
"Broad Run HS";"Apr 15, 2026, 03:00:00";"0.79";"162.5";"5.51"
"Broad Run HS";"Apr 15, 2026, 02:00:00";"1.71";"155.52";"5.04"
"Broad Run HS";"Apr 15, 2026, 01:00:00";"2.82";"133.97";"4.7"
"Broad Run HS";"Apr 15, 2026, 00:00:00";"3.3";"111.42";"3.65"
"Broad Run HS";"Apr 14, 2026, 23:00:00";"2.98";"86.33";"3.66"
"Broad Run HS";"Apr 14, 2026, 22:00:00";"0.05";"74.83";"6.38"
"Broad Run HS";"Apr 14, 2026, 21:00:00";"0";"74.07";"7.2"
"Broad Run HS";"Apr 14, 2026, 20:00:00";"0";"75.15";"7.67"
"Broad Run HS";"Apr 14, 2026, 19:00:00";"0.15";"76.69";"7.23"
"Broad Run HS";"Apr 14, 2026, 18:00:00";"0";"65.55";"6.65"
"Broad Run HS";"Apr 14, 2026, 17:00:00";"0";"64.27";"5.86"
"Broad Run HS";"Apr 14, 2026, 16:00:00";"0";"61.71";"5.35"
"Broad Run HS";"Apr 14, 2026, 15:00:00";"0";"64.51";"5.19"
"Broad Run HS";"Apr 14, 2026, 14:00:00";"0";"69.77";"5.12"
"Broad Run HS";"Apr 14, 2026, 13:00:00";"0";"71.43";"5.25"
"Broad Run HS";"Apr 14, 2026, 12:00:00";"0";"75.38";"6.05"
"Broad Run HS";"Apr 14, 2026, 11:00:00";"2.12";"89.03";"7.57"
"Broad Run HS";"Apr 14, 2026, 10:00:00";"7.68";"100.03";"9.01"
"Broad Run HS";"Apr 14, 2026, 09:00:00";"13.7";"110.42";"8.06"
"Broad Run HS";"Apr 14, 2026, 08:00:00";"8.86";"104.74";"6.16"
"Broad Run HS";"Apr 14, 2026, 07:00:00";"3.32";"96.49";"6.41"
"Broad Run HS";"Apr 14, 2026, 06:00:00";"1.96";"93.65";"6.29"
"Broad Run HS";"Apr 14, 2026, 05:00:00";"2.7";"89.4";"5.93"
"Broad Run HS";"Apr 14, 2026, 04:00:00";"2.99";"86.27";"6.39"
"Broad Run HS";"Apr 14, 2026, 03:00:00";"4.33";"84.5";"6.18"
"Broad Run HS";"Apr 14, 2026, 02:00:00";"3.87";"81.77";"6.44"
"Broad Run HS";"Apr 14, 2026, 01:00:00";"4.29";"80.92";"6.03"
"Broad Run HS";"Apr 14, 2026, 00:00:00";"4.33";"79.14";"6.45"
"Broad Run HS";"Apr 13, 2026, 23:00:00";"4.92";"76.42";"6.88"
"Broad Run HS";"Apr 13, 2026, 22:00:00";"4.5";"73.21";"7.75"
"Broad Run HS";"Apr 13, 2026, 21:00:00";"3.87";"69.89";"7.64"
"Broad Run HS";"Apr 13, 2026, 20:00:00";"2.96";"64.98";"8.09"
"Broad Run HS";"Apr 13, 2026, 19:00:00";"1.36";"65.53";"8.84"
"Broad Run HS";"Apr 13, 2026, 18:00:00";"1.92";"67.73";"8.78"
"Broad Run HS";"Apr 13, 2026, 17:00:00";"2.06";"69.34";"9.43"
"Broad Run HS";"Apr 13, 2026, 16:00:00";"2.84";"69.69";"10.1"
"Broad Run HS";"Apr 13, 2026, 15:00:00";"2.13";"71.85";"9.76"
"Broad Run HS";"Apr 13, 2026, 14:00:00";"2.3";"77.04";"10.73"
"Broad Run HS";"Apr 13, 2026, 13:00:00";"4.34";"83.29";"11.26"
"Broad Run HS";"Apr 13, 2026, 12:00:00";"4.52";"85.21";"11.4"
"Broad Run HS";"Apr 13, 2026, 11:00:00";"3.9";"91.34";"11.69"
"Broad Run HS";"Apr 13, 2026, 10:00:00";"4.76";"102.17";"11.01"
"Broad Run HS";"Apr 13, 2026, 09:00:00";"6.83";"119.79";"9.75"
"Broad Run HS";"Apr 13, 2026, 08:00:00";"9.3";"131.64";"8.28"
"Broad Run HS";"Apr 13, 2026, 07:00:00";"8.87";"126.05";"6.82"
"Broad Run HS";"Apr 13, 2026, 06:00:00";"7.52";"109.46";"5.87"
"Broad Run HS";"Apr 13, 2026, 05:00:00";"7.31";"92.34";"5.1"
"Broad Run HS";"Apr 13, 2026, 04:00:00";"7.24";"80.48";"4.58"
"Broad Run HS";"Apr 13, 2026, 03:00:00";"7.63";"73.2";"4.31"
"Broad Run HS";"Apr 13, 2026, 02:00:00";"8.2";"66.93";"3.81"
"Broad Run HS";"Apr 13, 2026, 01:00:00";"9.14";"61.54";"3.59"
"Broad Run HS";"Apr 13, 2026, 00:00:00";"11.78";"58.58";"3.39"
"Broad Run HS";"Apr 12, 2026, 23:00:00";"10.99";"56.97";"3.12"
"Broad Run HS";"Apr 12, 2026, 22:00:00";"11.73";"55.69";"2.94"
"Broad Run HS";"Apr 12, 2026, 21:00:00";"8.36";"55.39";"2.57"
"Broad Run HS";"Apr 12, 2026, 20:00:00";"7.65";"57.6";"2.74"
"Broad Run HS";"Apr 12, 2026, 19:00:00";"9.12";"57.82";"3.22"
"Broad Run HS";"Apr 12, 2026, 18:00:00";"6.52";"56.53";"3.37"
"Broad Run HS";"Apr 12, 2026, 17:00:00";"4.84";"53.13";"3.37"
"Broad Run HS";"Apr 12, 2026, 16:00:00";"2.57";"49.19";"3.59"
"Broad Run HS";"Apr 12, 2026, 15:00:00";"2.51";"51.61";"3.25"
"Broad Run HS";"Apr 12, 2026, 14:00:00";"3.42";"57.19";"3.95"
"Broad Run HS";"Apr 12, 2026, 13:00:00";"4.08";"62.51";"3.97"
"Broad Run HS";"Apr 12, 2026, 12:00:00";"4.56";"65.79";"4.97"
"Broad Run HS";"Apr 12, 2026, 11:00:00";"6.83";"65.6";"5.91"
"Broad Run HS";"Apr 12, 2026, 10:00:00";"6.67";"63.41";"5.65"
"Broad Run HS";"Apr 12, 2026, 09:00:00";"6.54";"58.45";"4.68"
"Broad Run HS";"Apr 12, 2026, 08:00:00";"5.56";"53.97";"3.96"
"Broad Run HS";"Apr 12, 2026, 07:00:00";"3.55";"52.43";"4.83"
"Broad Run HS";"Apr 12, 2026, 06:00:00";"3.83";"52.47";"5.13"
"Broad Run HS";"Apr 12, 2026, 05:00:00";"4.27";"50.85";"6.53"
"Broad Run HS";"Apr 12, 2026, 04:00:00";"5.24";"49.58";"5.99"
"Broad Run HS";"Apr 12, 2026, 03:00:00";"6.85";"48.16";"6.01"
"Broad Run HS";"Apr 12, 2026, 02:00:00";"6.81";"47.44";"5.57"
"Broad Run HS";"Apr 12, 2026, 01:00:00";"8.7";"46.95";"4.34"
"Broad Run HS";"Apr 12, 2026, 00:00:00";"9.68";"47";"5.25"
"Broad Run HS";"Apr 11, 2026, 23:00:00";"9.55";"46.39";"4.66"
"Broad Run HS";"Apr 11, 2026, 22:00:00";"7.76";"49.26";"5.37"
"Broad Run HS";"Apr 11, 2026, 21:00:00";"5.32";"48.96";"4.21"
"Broad Run HS";"Apr 11, 2026, 20:00:00";"4.32";"47.11";"3.68"
"Broad Run HS";"Apr 11, 2026, 19:00:00";"2.48";"41.05";"2.64"
"Broad Run HS";"Apr 11, 2026, 18:00:00";"2.02";"39.58";"2.78"
"Broad Run HS";"Apr 11, 2026, 17:00:00";"2.08";"39.94";"2.72"
"Broad Run HS";"Apr 11, 2026, 16:00:00";"2.02";"42.75";"3.27"
"Broad Run HS";"Apr 11, 2026, 15:00:00";"1.79";"46.52";"3.56"
"Broad Run HS";"Apr 11, 2026, 14:00:00";"2.34";"52.84";"4.35"
"Broad Run HS";"Apr 11, 2026, 13:00:00";"3.52";"56.99";"4.86"
"Broad Run HS";"Apr 11, 2026, 12:00:00";"4.54";"59.82";"5.16"
"Broad Run HS";"Apr 11, 2026, 11:00:00";"4.93";"64.18";"4.72"
"Broad Run HS";"Apr 11, 2026, 10:00:00";"5.19";"66.94";"4.48"
"Broad Run HS";"Apr 11, 2026, 09:00:00";"5.92";"70.62";"4.66"
"Broad Run HS";"Apr 11, 2026, 08:00:00";"6.96";"78.91";"3.84"
"Broad Run HS";"Apr 11, 2026, 07:00:00";"7.62";"79.75";"5.12"
"Broad Run HS";"Apr 11, 2026, 06:00:00";"8.57";"72.99";"5.68"
"Broad Run HS";"Apr 11, 2026, 05:00:00";"7.96";"70.07";"7.25"
"Broad Run HS";"Apr 11, 2026, 04:00:00";"8.37";"66.48";"7.16"
"Broad Run HS";"Apr 11, 2026, 03:00:00";"6.35";"62";"8.11"
"Broad Run HS";"Apr 11, 2026, 02:00:00";"5.78";"58.87";"8.09"
"Broad Run HS";"Apr 11, 2026, 01:00:00";"5.61";"55.76";"6.66"
"Broad Run HS";"Apr 11, 2026, 00:00:00";"6.04";"54.89";"7.14"
"Broad Run HS";"Apr 10, 2026, 23:00:00";"11.89";"56.98";"7.7"
"Broad Run HS";"Apr 10, 2026, 22:00:00";"13.43";"57.03";"8.13"
"Broad Run HS";"Apr 10, 2026, 21:00:00";"10.73";"50.08";"7.64"
"Broad Run HS";"Apr 10, 2026, 20:00:00";"11.72";"43.18";"7.33"
"Broad Run HS";"Apr 10, 2026, 19:00:00";"7.41";"35.72";"6.64"
"Broad Run HS";"Apr 10, 2026, 18:00:00";"4.25";"38.22";"5.87"
"Broad Run HS";"Apr 10, 2026, 17:00:00";"1.55";"40.78";"6.64"
"Broad Run HS";"Apr 10, 2026, 16:00:00";"0.42";"42.39";"6.55"
"Broad Run HS";"Apr 10, 2026, 15:00:00";"2.73";"48.71";"7.5"
"Broad Run HS";"Apr 10, 2026, 14:00:00";"2.5";"55.38";"8.05"
"Broad Run HS";"Apr 10, 2026, 13:00:00";"3.83";"61.97";"8.37"
"Broad Run HS";"Apr 10, 2026, 12:00:00";"5.49";"62.21";"10.97"
"Broad Run HS";"Apr 10, 2026, 11:00:00";"7.71";"60.78";"11.29"
"Broad Run HS";"Apr 10, 2026, 10:00:00";"9.11";"59.36";"11.36"
"Broad Run HS";"Apr 10, 2026, 09:00:00";"12.73";"55.61";"11.28"
"Broad Run HS";"Apr 10, 2026, 08:00:00";"12.5";"50.48";"10.05"
"Broad Run HS";"Apr 10, 2026, 07:00:00";"9.81";"48.04";"10.67"
"Broad Run HS";"Apr 10, 2026, 06:00:00";"11.98";"47.64";"8.44"
"Broad Run HS";"Apr 10, 2026, 05:00:00";"7.81";"45.4";"8.97"
"Broad Run HS";"Apr 10, 2026, 04:00:00";"7.98";"44.15";"8.6"
"Broad Run HS";"Apr 10, 2026, 03:00:00";"9.61";"40.96";"7.93"
"Broad Run HS";"Apr 10, 2026, 02:00:00";"10.44";"37.02";"7.87"
"Broad Run HS";"Apr 10, 2026, 01:00:00";"11.86";"34.17";"7.68"
"Broad Run HS";"Apr 10, 2026, 00:00:00";"14.77";"33.47";"7.27"
"Broad Run HS";"Apr 9, 2026, 23:00:00";"10.78";"32.06";"7.74"
"Broad Run HS";"Apr 9, 2026, 22:00:00";"12.98";"31.97";"13.36"
"Broad Run HS";"Apr 9, 2026, 21:00:00";"10.16";"32.08";"18.65"
"Broad Run HS";"Apr 9, 2026, 20:00:00";"8.16";"31.77";"6.82"
"Broad Run HS";"Apr 9, 2026, 19:00:00";"9.47";"32.53";"5.34"
"Broad Run HS";"Apr 9, 2026, 18:00:00";"7.14";"32.23";"4.95"
"Broad Run HS";"Apr 9, 2026, 17:00:00";"5.7";"32.21";"5.19"
"Broad Run HS";"Apr 9, 2026, 16:00:00";"5.49";"32.15";"4.87"
"Broad Run HS";"Apr 9, 2026, 15:00:00";"6.17";"33.43";"4.78"
"Broad Run HS";"Apr 9, 2026, 14:00:00";"7.06";"34.88";"5.1"
"Broad Run HS";"Apr 9, 2026, 13:00:00";"6.93";"37.2";"6.21"
"Broad Run HS";"Apr 9, 2026, 12:00:00";"7.32";"47.91";"6.86"
"Broad Run HS";"Apr 9, 2026, 11:00:00";"9.36";"38.4";"8.88"
"Broad Run HS";"Apr 9, 2026, 10:00:00";"11.92";"36.41";"8.56"
"Broad Run HS";"Apr 9, 2026, 09:00:00";"12.11";"33.54";"7.38"
"Broad Run HS";"Apr 9, 2026, 08:00:00";"13";"30.05";"7.44"
"Broad Run HS";"Apr 9, 2026, 07:00:00";"11.7";"28.18";"8.42"
"Broad Run HS";"Apr 9, 2026, 06:00:00";"11.13";"26.84";"7.51"
"Broad Run HS";"Apr 9, 2026, 05:00:00";"11.21";"24.98";"7.51"
"Broad Run HS";"Apr 9, 2026, 04:00:00";"11.09";"24.83";"6.08"
"Broad Run HS";"Apr 9, 2026, 03:00:00";"11.12";"21.95";"6.3"
"Broad Run HS";"Apr 9, 2026, 02:00:00";"11.56";"20.33";"7.13"
"Broad Run HS";"Apr 9, 2026, 01:00:00";"11.7";"19.22";"9.33"
"Broad Run HS";"Apr 9, 2026, 00:00:00";"11.51";"17.6";"10.82"
"Broad Run HS";"Apr 8, 2026, 23:00:00";"11.02";"15.7";"9.91"
"Broad Run HS";"Apr 8, 2026, 22:00:00";"10";"14.03";"8.72"
"Broad Run HS";"Apr 8, 2026, 21:00:00";"9.58";"12.89";"6.56"
"Broad Run HS";"Apr 8, 2026, 20:00:00";"9.42";"13.75";"6.45"
"Broad Run HS";"Apr 8, 2026, 19:00:00";"7.49";"13.71";"6.5"
"Broad Run HS";"Apr 8, 2026, 18:00:00";"7.17";"14.88";"6.98"
"Broad Run HS";"Apr 8, 2026, 17:00:00";"5.9";"16.3";"7.08"
"Broad Run HS";"Apr 8, 2026, 16:00:00";"7.57";"17.19";"7.63"
"Broad Run HS";"Apr 8, 2026, 15:00:00";"6.99";"16.98";"7.41"
"Broad Run HS";"Apr 8, 2026, 14:00:00";"6.51";"18.37";"7.18"
"Broad Run HS";"Apr 8, 2026, 13:00:00";"7.55";"22.02";"8.08"
"Broad Run HS";"Apr 8, 2026, 12:00:00";"4.17";"16.8";"8.8"
"Broad Run HS";"Apr 8, 2026, 11:00:00";"4.69";"17.55";"8.57"
"Broad Run HS";"Apr 8, 2026, 10:00:00";"6.53";"19.15";"6.23"
"Broad Run HS";"Apr 8, 2026, 09:00:00";"7.86";"20.6";"5.88"
"Broad Run HS";"Apr 8, 2026, 08:00:00";"12.18";"21.66";"5.81"
"Broad Run HS";"Apr 8, 2026, 07:00:00";"11.58";"21.69";"5.39"
"Broad Run HS";"Apr 8, 2026, 06:00:00";"8.03";"18.49";"5.42"
"Broad Run HS";"Apr 8, 2026, 05:00:00";"7.66";"17.41";"4.45"
"Broad Run HS";"Apr 8, 2026, 04:00:00";"7.63";"17.03";"4.57"
"Broad Run HS";"Apr 8, 2026, 03:00:00";"7.56";"16.45";"4.22"
"Broad Run HS";"Apr 8, 2026, 02:00:00";"7.44";"16.23";"3.64"
"Broad Run HS";"Apr 8, 2026, 01:00:00";"7.93";"16.28";"3.5"
"Broad Run HS";"Apr 8, 2026, 00:00:00";"7.87";"15.86";"3.28"
"Broad Run HS";"Apr 7, 2026, 23:00:00";"9.63";"14.82";"2.74"
"Broad Run HS";"Apr 7, 2026, 22:00:00";"9.13";"15.82";"2.58"
"Broad Run HS";"Apr 7, 2026, 21:00:00";"7.36";"16.72";"2.71"
"Broad Run HS";"Apr 7, 2026, 20:00:00";"5.5";"17.67";"3.04"
"Broad Run HS";"Apr 7, 2026, 19:00:00";"4.3";"19.25";"3.27"
"Broad Run HS";"Apr 7, 2026, 19:00:00";"4.3";"19.25";"3.27"
"Broad Run HS";"Apr 7, 2026, 18:00:00";"3.52";"20.86";"3.4"
"Broad Run HS";"Apr 7, 2026, 18:00:00";"3.52";"20.86";"3.4"
"Broad Run HS";"Apr 7, 2026, 17:00:00";"3.13";"21.65";"3.33"
"Broad Run HS";"Apr 7, 2026, 17:00:00";"3.13";"21.65";"3.33"
"Broad Run HS";"Apr 7, 2026, 16:00:00";"2.61";"22.59";"3.3"
"Broad Run HS";"Apr 7, 2026, 16:00:00";"2.61";"22.59";"3.3"
"Broad Run HS";"Apr 7, 2026, 15:00:00";"2.14";"21.71";"3.52"
"Broad Run HS";"Apr 7, 2026, 15:00:00";"2.14";"21.71";"3.52"
"Broad Run HS";"Apr 7, 2026, 14:00:00";"2.41";"21.86";"3.37"
"Broad Run HS";"Apr 7, 2026, 14:00:00";"2.41";"21.86";"3.37"
"Broad Run HS";"Apr 7, 2026, 13:00:00";"2.82";"21.51";"4.49"
"Broad Run HS";"Apr 7, 2026, 13:00:00";"2.82";"21.51";"4.49"
"Broad Run HS";"Apr 7, 2026, 12:00:00";"3.31";"20.46";"4.47"
"Broad Run HS";"Apr 7, 2026, 12:00:00";"3.31";"20.46";"4.47"
"Broad Run HS";"Apr 7, 2026, 11:00:00";"3.19";"20.55";"4.64"
"Broad Run HS";"Apr 7, 2026, 11:00:00";"3.19";"20.55";"4.64"
"Broad Run HS";"Apr 7, 2026, 10:00:00";"3.33";"20";"4.14"
"Broad Run HS";"Apr 7, 2026, 10:00:00";"3.33";"20";"4.14"
"Broad Run HS";"Apr 7, 2026, 09:00:00";"3.68";"19.18";"3.41"
"Broad Run HS";"Apr 7, 2026, 09:00:00";"3.68";"19.18";"3.41"
"Broad Run HS";"Apr 7, 2026, 08:00:00";"4.63";"18.8";"2.42"
"Broad Run HS";"Apr 7, 2026, 08:00:00";"4.63";"18.8";"2.42"
"Broad Run HS";"Apr 7, 2026, 07:00:00";"4.56";"19.65";"2.71"
"Broad Run HS";"Apr 7, 2026, 07:00:00";"4.56";"19.65";"2.71"
"Broad Run HS";"Apr 7, 2026, 06:00:00";"6.41";"21.76";"3.34"
"Broad Run HS";"Apr 7, 2026, 06:00:00";"6.41";"21.76";"3.34"
"Broad Run HS";"Apr 7, 2026, 05:00:00";"6.53";"21.97";"5.88"
"Broad Run HS";"Apr 7, 2026, 05:00:00";"6.53";"21.97";"5.88"
"Broad Run HS";"Apr 7, 2026, 04:00:00";"6.2";"22.27";"3.29"
"Broad Run HS";"Apr 7, 2026, 04:00:00";"6.2";"22.27";"3.29"
"Broad Run HS";"Apr 7, 2026, 03:00:00";"7.41";"24.76";"9.86"
"Broad Run HS";"Apr 7, 2026, 03:00:00";"7.41";"24.76";"9.86"
"Broad Run HS";"Apr 7, 2026, 02:00:00";"7.99";"25.65";"6.76"
"Broad Run HS";"Apr 7, 2026, 02:00:00";"7.99";"25.65";"6.76"
"Broad Run HS";"Apr 7, 2026, 01:00:00";"8.45";"25.32";"3.64"
"Broad Run HS";"Apr 7, 2026, 01:00:00";"8.45";"25.32";"3.64"
"Broad Run HS";"Apr 7, 2026, 00:00:00";"9.33";"26.09";"6.41"
"Broad Run HS";"Apr 7, 2026, 00:00:00";"9.33";"26.09";"6.41"
"Broad Run HS";"Apr 6, 2026, 23:00:00";"9.98";"25.76";"5.36"
"Broad Run HS";"Apr 6, 2026, 23:00:00";"9.98";"25.76";"5.36"
"Broad Run HS";"Apr 6, 2026, 22:00:00";"10.41";"26.4";"10.66"
"Broad Run HS";"Apr 6, 2026, 22:00:00";"10.41";"26.4";"10.66"
"Broad Run HS";"Apr 6, 2026, 21:00:00";"6.83";"26.32";"4.11"
"Broad Run HS";"Apr 6, 2026, 21:00:00";"6.83";"26.32";"4.11"
"Broad Run HS";"Apr 6, 2026, 20:00:00";"4.44";"26.36";"3.59"
"Broad Run HS";"Apr 6, 2026, 20:00:00";"4.44";"26.36";"3.59"
"Broad Run HS";"Apr 6, 2026, 19:00:00";"2.73";"27.02";"3.44"
"Broad Run HS";"Apr 6, 2026, 19:00:00";"2.73";"27.02";"3.44"
"Broad Run HS";"Apr 6, 2026, 18:00:00";"2.04";"27.6";"2.79"
"Broad Run HS";"Apr 6, 2026, 18:00:00";"2.04";"27.6";"2.79"
"Broad Run HS";"Apr 6, 2026, 17:00:00";"1.76";"28.3";"3.45"
"Broad Run HS";"Apr 6, 2026, 17:00:00";"1.76";"28.3";"3.45"
"Broad Run HS";"Apr 6, 2026, 16:00:00";"1.61";"27.77";"4.23"
"Broad Run HS";"Apr 6, 2026, 16:00:00";"1.61";"27.77";"4.23"
"Broad Run HS";"Apr 6, 2026, 15:00:00";"0.97";"28.43";"4.54"
"Broad Run HS";"Apr 6, 2026, 15:00:00";"0.97";"28.43";"4.54"
"Broad Run HS";"Apr 6, 2026, 14:00:00";"1.67";"27.06";"4.49"
"Broad Run HS";"Apr 6, 2026, 14:00:00";"1.67";"27.06";"4.49"
"Broad Run HS";"Apr 6, 2026, 13:00:00";"1.86";"26.18";"3.97"
"Broad Run HS";"Apr 6, 2026, 13:00:00";"1.86";"26.18";"3.97"
"Broad Run HS";"Apr 6, 2026, 12:00:00";"2.4";"25.12";"3.67"
"Broad Run HS";"Apr 6, 2026, 12:00:00";"2.4";"25.12";"3.67"
"Broad Run HS";"Apr 6, 2026, 11:00:00";"2.86";"23.14";"3.21"
"Broad Run HS";"Apr 6, 2026, 11:00:00";"2.86";"23.14";"3.21"
"Broad Run HS";"Apr 6, 2026, 10:00:00";"3.65";"21.85";"2.82"
"Broad Run HS";"Apr 6, 2026, 10:00:00";"3.65";"21.85";"2.82"
"Broad Run HS";"Apr 6, 2026, 09:00:00";"4.62";"20.97";"2.81"
"Broad Run HS";"Apr 6, 2026, 09:00:00";"4.62";"20.97";"2.81"
"Broad Run HS";"Apr 6, 2026, 08:00:00";"5.85";"20.03";"2.47"
"Broad Run HS";"Apr 6, 2026, 08:00:00";"5.85";"20.03";"2.47"
"Broad Run HS";"Apr 6, 2026, 07:00:00";"4.85";"19.64";"2.34"
"Broad Run HS";"Apr 6, 2026, 07:00:00";"4.85";"19.64";"2.34"
"Broad Run HS";"Apr 6, 2026, 06:00:00";"4.6";"20.47";"1.7"
"Broad Run HS";"Apr 6, 2026, 06:00:00";"4.6";"20.47";"1.7"
"Broad Run HS";"Apr 6, 2026, 05:00:00";"3.71";"20.79";"1.6"
"Broad Run HS";"Apr 6, 2026, 05:00:00";"3.71";"20.79";"1.6"
"Broad Run HS";"Apr 6, 2026, 04:00:00";"3.2";"20.75";"1.56"
"Broad Run HS";"Apr 6, 2026, 04:00:00";"3.2";"20.75";"1.56"
"Broad Run HS";"Apr 6, 2026, 03:00:00";"2.85";"21.72";"1.41"
"Broad Run HS";"Apr 6, 2026, 03:00:00";"2.85";"21.72";"1.41"
"Broad Run HS";"Apr 6, 2026, 02:00:00";"2.47";"23.09";"1.45"
"Broad Run HS";"Apr 6, 2026, 02:00:00";"2.47";"23.09";"1.45"
"Broad Run HS";"Apr 6, 2026, 01:00:00";"2.19";"23.9";"1.32"
"Broad Run HS";"Apr 6, 2026, 01:00:00";"2.19";"23.9";"1.32"
"Broad Run HS";"Apr 6, 2026, 00:00:00";"1.81";"24.66";"1.37"
"Broad Run HS";"Apr 6, 2026, 00:00:00";"1.81";"24.66";"1.37"
"Broad Run HS";"Apr 5, 2026, 23:00:00";"1.5";"26.55";"1.01"
"Broad Run HS";"Apr 5, 2026, 23:00:00";"1.5";"26.55";"1.01"
"Broad Run HS";"Apr 5, 2026, 22:00:00";"0.96";"28.53";"0.95"
"Broad Run HS";"Apr 5, 2026, 22:00:00";"0.96";"28.53";"0.95"
"Broad Run HS";"Apr 5, 2026, 21:00:00";"0.67";"29.79";"0.84"
"Broad Run HS";"Apr 5, 2026, 21:00:00";"0.67";"29.79";"0.84"
"Broad Run HS";"Apr 5, 2026, 20:00:00";"0.17";"32.49";"1.79"
"Broad Run HS";"Apr 5, 2026, 20:00:00";"0.17";"32.49";"1.79"
"Broad Run HS";"Apr 5, 2026, 19:00:00";"0";"36.49";"1.16"
"Broad Run HS";"Apr 5, 2026, 19:00:00";"0";"36.49";"1.16"
"Broad Run HS";"Apr 5, 2026, 18:00:00";"0";"44.34";"1.2"
"Broad Run HS";"Apr 5, 2026, 18:00:00";"0";"44.34";"1.2"
"Broad Run HS";"Apr 5, 2026, 17:00:00";"0";"51.77";"0.86"
"Broad Run HS";"Apr 5, 2026, 17:00:00";"0";"51.77";"0.86"
"Broad Run HS";"Apr 5, 2026, 16:00:00";"0.18";"55.17";"0.74"
"Broad Run HS";"Apr 5, 2026, 16:00:00";"0.18";"55.17";"0.74"
"Broad Run HS";"Apr 5, 2026, 15:00:00";"0.82";"53.43";"0.96"
"Broad Run HS";"Apr 5, 2026, 15:00:00";"0.82";"53.43";"0.96"
"Broad Run HS";"Apr 5, 2026, 14:00:00";"1.02";"61.71";"0.59"
"Broad Run HS";"Apr 5, 2026, 14:00:00";"1.02";"61.71";"0.59"
"Broad Run HS";"Apr 5, 2026, 13:00:00";"1.36";"68.8";"1.36"
"Broad Run HS";"Apr 5, 2026, 13:00:00";"1.36";"68.8";"1.36"
"Broad Run HS";"Apr 5, 2026, 12:00:00";"0.62";"62.18";"1.08"
"Broad Run HS";"Apr 5, 2026, 12:00:00";"0.62";"62.18";"1.08"
"Broad Run HS";"Apr 5, 2026, 11:00:00";"0.2";"68.38";"2.69"
"Broad Run HS";"Apr 5, 2026, 11:00:00";"0.2";"68.38";"2.69"
"Broad Run HS";"Apr 5, 2026, 10:00:00";"0.1";"73.45";"5.99"
"Broad Run HS";"Apr 5, 2026, 10:00:00";"0.1";"73.45";"5.99"
"Broad Run HS";"Apr 5, 2026, 09:00:00";"0.01";"70.06";"4.94"
"Broad Run HS";"Apr 5, 2026, 09:00:00";"0.01";"70.06";"4.94"
"Broad Run HS";"Apr 5, 2026, 08:00:00";"0.17";"66.32";"4.74"
"Broad Run HS";"Apr 5, 2026, 08:00:00";"0.17";"66.32";"4.74"
"Broad Run HS";"Apr 5, 2026, 07:00:00";"0.04";"63.27";"4.82"
"Broad Run HS";"Apr 5, 2026, 07:00:00";"0.04";"63.27";"4.82"
"Broad Run HS";"Apr 5, 2026, 06:00:00";"0";"61.14";"4.49"
"Broad Run HS";"Apr 5, 2026, 06:00:00";"0";"61.14";"4.49"
"Broad Run HS";"Apr 5, 2026, 05:00:00";"0";"61.52";"4.82"
"Broad Run HS";"Apr 5, 2026, 05:00:00";"0";"61.52";"4.82"
"Broad Run HS";"Apr 5, 2026, 04:00:00";"0";"60.57";"5"
"Broad Run HS";"Apr 5, 2026, 04:00:00";"0";"60.57";"5"
"Broad Run HS";"Apr 5, 2026, 03:00:00";"0";"59.74";"4.82"
"Broad Run HS";"Apr 5, 2026, 03:00:00";"0";"59.74";"4.82"
"Broad Run HS";"Apr 5, 2026, 02:00:00";"0";"60.01";"5.73"
"Broad Run HS";"Apr 5, 2026, 02:00:00";"0";"60.01";"5.73"
"Broad Run HS";"Apr 5, 2026, 01:00:00";"0";"58.86";"6.26"
"Broad Run HS";"Apr 5, 2026, 01:00:00";"0";"58.86";"6.26"
"Broad Run HS";"Apr 5, 2026, 00:00:00";"0";"58.07";"7.11"
"Broad Run HS";"Apr 5, 2026, 00:00:00";"0";"58.07";"7.11"
"Broad Run HS";"Apr 4, 2026, 23:00:00";"0";"55.7";"7.25"
"Broad Run HS";"Apr 4, 2026, 23:00:00";"0";"55.7";"7.25"
"Broad Run HS";"Apr 4, 2026, 22:00:00";"0.04";"55.65";"8.5"
"Broad Run HS";"Apr 4, 2026, 22:00:00";"0.04";"55.65";"8.5"
"Broad Run HS";"Apr 4, 2026, 21:00:00";"0";"56.95";"7.65"
"Broad Run HS";"Apr 4, 2026, 21:00:00";"0";"56.95";"7.65"
"Broad Run HS";"Apr 4, 2026, 20:00:00";"0";"60";"7.28"
"Broad Run HS";"Apr 4, 2026, 20:00:00";"0";"60";"7.28"
"Broad Run HS";"Apr 4, 2026, 19:00:00";"0";"66.76";"6.2"
"Broad Run HS";"Apr 4, 2026, 19:00:00";"0";"66.76";"6.2"
"Broad Run HS";"Apr 4, 2026, 18:00:00";"0";"74.28";"6.27"
"Broad Run HS";"Apr 4, 2026, 18:00:00";"0";"74.28";"6.27"
"Broad Run HS";"Apr 4, 2026, 17:00:00";"0";"78.29";"6.34"
"Broad Run HS";"Apr 4, 2026, 17:00:00";"0";"78.29";"6.34"
"Broad Run HS";"Apr 4, 2026, 16:00:00";"0";"88.73";"6.9"
"Broad Run HS";"Apr 4, 2026, 16:00:00";"0";"88.73";"6.9"
"Broad Run HS";"Apr 4, 2026, 15:00:00";"0";"92.02";"7.44"
"Broad Run HS";"Apr 4, 2026, 15:00:00";"0";"92.02";"7.44"
"Broad Run HS";"Apr 4, 2026, 14:00:00";"0";"94.05";"8.02"
"Broad Run HS";"Apr 4, 2026, 14:00:00";"0";"94.05";"8.02"
"Broad Run HS";"Apr 4, 2026, 13:00:00";"0";"94.21";"8.17"
"Broad Run HS";"Apr 4, 2026, 13:00:00";"0";"94.21";"8.17"
"Broad Run HS";"Apr 4, 2026, 12:00:00";"0";"91.05";"8.6"
"Broad Run HS";"Apr 4, 2026, 12:00:00";"0";"91.05";"8.6"
"Broad Run HS";"Apr 4, 2026, 11:00:00";"0.07";"93.73";"7.55"
"Broad Run HS";"Apr 4, 2026, 11:00:00";"0.07";"93.73";"7.55"
"Broad Run HS";"Apr 4, 2026, 10:00:00";"2.85";"88.85";"7.26"
"Broad Run HS";"Apr 4, 2026, 10:00:00";"2.85";"88.85";"7.26"
"Broad Run HS";"Apr 4, 2026, 09:00:00";"3.26";"76.16";"8.36"
"Broad Run HS";"Apr 4, 2026, 09:00:00";"3.26";"76.16";"8.36"
"Broad Run HS";"Apr 4, 2026, 08:00:00";"1.5";"75.26";"7.11"
"Broad Run HS";"Apr 4, 2026, 08:00:00";"1.5";"75.26";"7.11"
"Broad Run HS";"Apr 4, 2026, 07:00:00";"0.79";"70.19";"7.75"
"Broad Run HS";"Apr 4, 2026, 07:00:00";"0.79";"70.19";"7.75"
"Broad Run HS";"Apr 4, 2026, 06:00:00";"1.05";"68.3";"7.68"
"Broad Run HS";"Apr 4, 2026, 06:00:00";"1.05";"68.3";"7.68"
"Broad Run HS";"Apr 4, 2026, 05:00:00";"0.86";"66.86";"7.27"
"Broad Run HS";"Apr 4, 2026, 05:00:00";"0.86";"66.86";"7.27"
"Broad Run HS";"Apr 4, 2026, 04:00:00";"0.47";"66.12";"7.8"
"Broad Run HS";"Apr 4, 2026, 04:00:00";"0.47";"66.12";"7.8"
"Broad Run HS";"Apr 4, 2026, 03:00:00";"0.19";"65.64";"7.87"
"Broad Run HS";"Apr 4, 2026, 03:00:00";"0.19";"65.64";"7.87"
"Broad Run HS";"Apr 4, 2026, 02:00:00";"0.08";"66.49";"7.71"
"Broad Run HS";"Apr 4, 2026, 02:00:00";"0.08";"66.49";"7.71"
"Broad Run HS";"Apr 4, 2026, 01:00:00";"0.06";"67.75";"7.55"
"Broad Run HS";"Apr 4, 2026, 01:00:00";"0.06";"67.75";"7.55"
"Broad Run HS";"Apr 4, 2026, 00:00:00";"0.02";"68.54";"7.42"
"Broad Run HS";"Apr 4, 2026, 00:00:00";"0.02";"68.54";"7.42"
"Broad Run HS";"Apr 3, 2026, 23:00:00";"0.16";"70.17";"7.21"
"Broad Run HS";"Apr 3, 2026, 23:00:00";"0.16";"70.17";"7.21"
"Broad Run HS";"Apr 3, 2026, 22:00:00";"0.01";"70.52";"7.68"
"Broad Run HS";"Apr 3, 2026, 22:00:00";"0.01";"70.52";"7.68"
"Broad Run HS";"Apr 3, 2026, 21:00:00";"0";"70.9";"8.37"
"Broad Run HS";"Apr 3, 2026, 21:00:00";"0";"70.9";"8.37"
"Broad Run HS";"Apr 3, 2026, 20:00:00";"0";"75.21";"8.34"
"Broad Run HS";"Apr 3, 2026, 20:00:00";"0";"75.21";"8.34"
"Broad Run HS";"Apr 3, 2026, 19:00:00";"0";"80.34";"6.64"
"Broad Run HS";"Apr 3, 2026, 19:00:00";"0";"80.34";"6.64"
"Broad Run HS";"Apr 3, 2026, 18:00:00";"0";"86.29";"6.67"
"Broad Run HS";"Apr 3, 2026, 18:00:00";"0";"86.29";"6.67"
"Broad Run HS";"Apr 3, 2026, 17:00:00";"0";"92.6";"7.05"
"Broad Run HS";"Apr 3, 2026, 17:00:00";"0";"92.6";"7.05"
"Broad Run HS";"Apr 3, 2026, 16:00:00";"0";"97.09";"7.92"
"Broad Run HS";"Apr 3, 2026, 16:00:00";"0";"97.09";"7.92"
"Broad Run HS";"Apr 3, 2026, 15:00:00";"0.18";"98.99";"9.18"
"Broad Run HS";"Apr 3, 2026, 15:00:00";"0.18";"98.99";"9.18"
"Broad Run HS";"Apr 3, 2026, 14:00:00";"1.98";"81.53";"10.79"
"Broad Run HS";"Apr 3, 2026, 14:00:00";"1.98";"81.53";"10.79"
"Broad Run HS";"Apr 3, 2026, 13:00:00";"2.65";"64.16";"9.91"
"Broad Run HS";"Apr 3, 2026, 13:00:00";"2.65";"64.16";"9.91"
"Broad Run HS";"Apr 3, 2026, 12:00:00";"3.88";"55.75";"7.69"
"Broad Run HS";"Apr 3, 2026, 12:00:00";"3.88";"55.75";"7.69"
"Broad Run HS";"Apr 3, 2026, 11:00:00";"5.53";"50.51";"7.31"
"Broad Run HS";"Apr 3, 2026, 11:00:00";"5.53";"50.51";"7.31"
"Broad Run HS";"Apr 3, 2026, 10:00:00";"6.71";"45.63";"11.75"
"Broad Run HS";"Apr 3, 2026, 10:00:00";"6.71";"45.63";"11.75"
"Broad Run HS";"Apr 3, 2026, 09:00:00";"6.8";"42.95";"9.53"
"Broad Run HS";"Apr 3, 2026, 09:00:00";"6.8";"42.95";"9.53"
"Broad Run HS";"Apr 3, 2026, 08:00:00";"9.81";"42.16";"12.25"
"Broad Run HS";"Apr 3, 2026, 08:00:00";"9.81";"42.16";"12.25"
"Broad Run HS";"Apr 3, 2026, 07:00:00";"6.11";"41.05";"11.83"
"Broad Run HS";"Apr 3, 2026, 07:00:00";"6.11";"41.05";"11.83"
"Broad Run HS";"Apr 3, 2026, 06:00:00";"4.08";"39.44";"6.09"
"Broad Run HS";"Apr 3, 2026, 06:00:00";"4.08";"39.44";"6.09"
"Broad Run HS";"Apr 3, 2026, 05:00:00";"3.55";"39.42";"4.59"
"Broad Run HS";"Apr 3, 2026, 05:00:00";"3.55";"39.42";"4.59"
"Broad Run HS";"Apr 3, 2026, 04:00:00";"3.65";"39.23";"5.13"
"Broad Run HS";"Apr 3, 2026, 04:00:00";"3.65";"39.23";"5.13"
"Broad Run HS";"Apr 3, 2026, 03:00:00";"2.81";"38.41";"5.95"
"Broad Run HS";"Apr 3, 2026, 03:00:00";"2.81";"38.41";"5.95"
"Broad Run HS";"Apr 3, 2026, 02:00:00";"3";"38.48";"6"
"Broad Run HS";"Apr 3, 2026, 02:00:00";"3";"38.48";"6"
"Broad Run HS";"Apr 3, 2026, 01:00:00";"3.53";"39.07";"8.51"
"Broad Run HS";"Apr 3, 2026, 01:00:00";"3.53";"39.07";"8.51"
"Broad Run HS";"Apr 3, 2026, 00:00:00";"3.41";"38.84";"9.76"
"Broad Run HS";"Apr 3, 2026, 00:00:00";"3.41";"38.84";"9.76"
"Broad Run HS";"Apr 2, 2026, 23:00:00";"3.67";"38.95";"10.59"
"Broad Run HS";"Apr 2, 2026, 23:00:00";"3.67";"38.95";"10.59"
"Broad Run HS";"Apr 2, 2026, 22:00:00";"3.51";"39.56";"9.85"
"Broad Run HS";"Apr 2, 2026, 22:00:00";"3.51";"39.56";"9.85"
"Broad Run HS";"Apr 2, 2026, 21:00:00";"2.97";"40.3";"9.68"
"Broad Run HS";"Apr 2, 2026, 21:00:00";"2.97";"40.3";"9.68"
"Broad Run HS";"Apr 2, 2026, 20:00:00";"3.12";"42.47";"10.69"
"Broad Run HS";"Apr 2, 2026, 20:00:00";"3.12";"42.47";"10.69"
"Broad Run HS";"Apr 2, 2026, 19:00:00";"3.01";"44.41";"8.97"
"Broad Run HS";"Apr 2, 2026, 19:00:00";"3.01";"44.41";"8.97"
"Broad Run HS";"Apr 2, 2026, 18:00:00";"2.72";"45.6";"8.75"
"Broad Run HS";"Apr 2, 2026, 18:00:00";"2.72";"45.6";"8.75"
"Broad Run HS";"Apr 2, 2026, 17:00:00";"2.45";"47.98";"7.83"
"Broad Run HS";"Apr 2, 2026, 17:00:00";"2.45";"47.98";"7.83"
"Broad Run HS";"Apr 2, 2026, 16:00:00";"2.71";"49.47";"10.88"
"Broad Run HS";"Apr 2, 2026, 16:00:00";"2.71";"49.47";"10.88"
"Broad Run HS";"Apr 2, 2026, 15:00:00";"3.69";"49.8";"19.5"
"Broad Run HS";"Apr 2, 2026, 15:00:00";"3.69";"49.8";"19.5"
"Broad Run HS";"Apr 2, 2026, 14:00:00";"4.16";"49.41";"20.27"
"Broad Run HS";"Apr 2, 2026, 14:00:00";"4.16";"49.41";"20.27"
"Broad Run HS";"Apr 2, 2026, 13:00:00";"3.62";"50.4";"20.77"
"Broad Run HS";"Apr 2, 2026, 13:00:00";"3.62";"50.4";"20.77"
"Broad Run HS";"Apr 2, 2026, 12:00:00";"3.87";"51.47";"21.52"
"Broad Run HS";"Apr 2, 2026, 12:00:00";"3.87";"51.47";"21.52"
"Broad Run HS";"Apr 2, 2026, 11:00:00";"3.28";"53.4";"22.91"
"Broad Run HS";"Apr 2, 2026, 11:00:00";"3.28";"53.4";"22.91"
"Broad Run HS";"Apr 2, 2026, 10:00:00";"4.1";"54.98";"25.8"
"Broad Run HS";"Apr 2, 2026, 10:00:00";"4.1";"54.98";"25.8"
"Broad Run HS";"Apr 2, 2026, 09:00:00";"2.41";"52.87";"24.62"
"Broad Run HS";"Apr 2, 2026, 09:00:00";"2.41";"52.87";"24.62"
"Broad Run HS";"Apr 2, 2026, 08:00:00";"1.83";"52.74";"16.56"
"Broad Run HS";"Apr 2, 2026, 08:00:00";"1.83";"52.74";"16.56"
"Broad Run HS";"Apr 2, 2026, 07:00:00";"1.25";"54.55";"14.73"
"Broad Run HS";"Apr 2, 2026, 07:00:00";"1.25";"54.55";"14.73"
"Broad Run HS";"Apr 2, 2026, 06:00:00";"1.51";"60.3";"13.77"
"Broad Run HS";"Apr 2, 2026, 06:00:00";"1.51";"60.3";"13.77"
"Broad Run HS";"Apr 2, 2026, 05:00:00";"1.77";"66.09";"17.77"
"Broad Run HS";"Apr 2, 2026, 05:00:00";"1.77";"66.09";"17.77"
"Broad Run HS";"Apr 2, 2026, 04:00:00";"1.61";"66.63";"8.92"
"Broad Run HS";"Apr 2, 2026, 04:00:00";"1.61";"66.63";"8.92"
"Broad Run HS";"Apr 2, 2026, 03:00:00";"1.88";"67.76";"9.55"
"Broad Run HS";"Apr 2, 2026, 03:00:00";"1.88";"67.76";"9.55"
"Broad Run HS";"Apr 2, 2026, 02:00:00";"1.75";"67.82";"9.67"
"Broad Run HS";"Apr 2, 2026, 02:00:00";"1.75";"67.82";"9.67"
"Broad Run HS";"Apr 2, 2026, 01:00:00";"2.68";"65.86";"6.75"
"Broad Run HS";"Apr 2, 2026, 01:00:00";"2.68";"65.86";"6.75"
"Broad Run HS";"Apr 2, 2026, 00:00:00";"3";"67.14";"6.43"
"Broad Run HS";"Apr 2, 2026, 00:00:00";"3";"67.14";"6.43"
"Broad Run HS";"Apr 1, 2026, 23:00:00";"2.83";"67.46";"6.95"
"Broad Run HS";"Apr 1, 2026, 23:00:00";"2.83";"67.46";"6.95"
"Broad Run HS";"Apr 1, 2026, 22:00:00";"3.83";"70.76";"8.2"
"Broad Run HS";"Apr 1, 2026, 22:00:00";"3.83";"70.76";"8.2"
"Broad Run HS";"Apr 1, 2026, 21:00:00";"3.91";"68.89";"8.16"
"Broad Run HS";"Apr 1, 2026, 21:00:00";"3.91";"68.89";"8.16"
"Broad Run HS";"Apr 1, 2026, 20:00:00";"1.76";"65.53";"6.87"
"Broad Run HS";"Apr 1, 2026, 20:00:00";"1.76";"65.53";"6.87"
"Broad Run HS";"Apr 1, 2026, 19:00:00";"0.68";"56.63";"8.02"
"Broad Run HS";"Apr 1, 2026, 19:00:00";"0.68";"56.63";"8.02"
"Broad Run HS";"Apr 1, 2026, 18:00:00";"0.04";"51.52";"5.74"
"Broad Run HS";"Apr 1, 2026, 18:00:00";"0.04";"51.52";"5.74"
"Broad Run HS";"Apr 1, 2026, 17:00:00";"0";"60.89";"6.39"
"Broad Run HS";"Apr 1, 2026, 17:00:00";"0";"60.89";"6.39"
"Broad Run HS";"Apr 1, 2026, 16:00:00";"0";"70.27";"6.02"
"Broad Run HS";"Apr 1, 2026, 16:00:00";"0";"70.27";"6.02"
"Broad Run HS";"Apr 1, 2026, 15:00:00";"0";"69.4";"5.72"
"Broad Run HS";"Apr 1, 2026, 15:00:00";"0";"69.4";"5.72"
"Broad Run HS";"Apr 1, 2026, 14:00:00";"0";"67.52";"5.97"
"Broad Run HS";"Apr 1, 2026, 14:00:00";"0";"67.52";"5.97"
"Broad Run HS";"Apr 1, 2026, 13:00:00";"0";"62.53";"6.02"
"Broad Run HS";"Apr 1, 2026, 13:00:00";"0";"62.53";"6.02"
"Broad Run HS";"Apr 1, 2026, 12:00:00";"0";"58.72";"5.3"
"Broad Run HS";"Apr 1, 2026, 12:00:00";"0";"58.72";"5.3"
"Broad Run HS";"Apr 1, 2026, 11:00:00";"0";"54.93";"5.69"
"Broad Run HS";"Apr 1, 2026, 11:00:00";"0";"54.93";"5.69"
"Broad Run HS";"Apr 1, 2026, 10:00:00";"1.48";"54.58";"9.34"
"Broad Run HS";"Apr 1, 2026, 10:00:00";"1.48";"54.58";"9.34"
"Broad Run HS";"Apr 1, 2026, 09:00:00";"4.36";"53.41";"10.43"
"Broad Run HS";"Apr 1, 2026, 09:00:00";"4.36";"53.41";"10.43"
"Broad Run HS";"Apr 1, 2026, 08:00:00";"6.19";"49.64";"10.27"
"Broad Run HS";"Apr 1, 2026, 08:00:00";"6.19";"49.64";"10.27"
"Broad Run HS";"Apr 1, 2026, 07:00:00";"3.92";"47.4";"10.39"
"Broad Run HS";"Apr 1, 2026, 07:00:00";"3.92";"47.4";"10.39"
"Broad Run HS";"Apr 1, 2026, 06:00:00";"2.09";"47.19";"10.25"
"Broad Run HS";"Apr 1, 2026, 06:00:00";"2.09";"47.19";"10.25"
"Broad Run HS";"Apr 1, 2026, 05:00:00";"1.14";"47.62";"9.4"
"Broad Run HS";"Apr 1, 2026, 05:00:00";"1.14";"47.62";"9.4"
"Broad Run HS";"Apr 1, 2026, 04:00:00";"1.24";"45.88";"8.86"
"Broad Run HS";"Apr 1, 2026, 04:00:00";"1.24";"45.88";"8.86"
"Broad Run HS";"Apr 1, 2026, 03:00:00";"1.22";"44.05";"8.18"
"Broad Run HS";"Apr 1, 2026, 03:00:00";"1.22";"44.05";"8.18"
"Broad Run HS";"Apr 1, 2026, 02:00:00";"0.06";"43.99";"8.17"
"Broad Run HS";"Apr 1, 2026, 02:00:00";"0.06";"43.99";"8.17"
"Broad Run HS";"Apr 1, 2026, 01:00:00";"0";"44.14";"8.7"
"Broad Run HS";"Apr 1, 2026, 01:00:00";"0";"44.14";"8.7"
"Broad Run HS";"Apr 1, 2026, 00:00:00";"0";"43.87";"9.33"
"Broad Run HS";"Apr 1, 2026, 00:00:00";"0";"43.87";"9.33"
"Broad Run HS";"Mar 31, 2026, 23:00:00";"0";"43.12";"10.18"
"Broad Run HS";"Mar 31, 2026, 23:00:00";"0";"43.12";"10.18"
"Broad Run HS";"Mar 31, 2026, 22:00:00";"0";"43.68";"10.77"
"Broad Run HS";"Mar 31, 2026, 22:00:00";"0";"43.68";"10.77"
"Broad Run HS";"Mar 31, 2026, 21:00:00";"0";"46.48";"10.01"
"Broad Run HS";"Mar 31, 2026, 21:00:00";"0";"46.48";"10.01"
"Broad Run HS";"Mar 31, 2026, 20:00:00";"0";"49.61";"9.65"
"Broad Run HS";"Mar 31, 2026, 20:00:00";"0";"49.61";"9.65"
"Broad Run HS";"Mar 31, 2026, 19:00:00";"0";"53.62";"8.31"
"Broad Run HS";"Mar 31, 2026, 19:00:00";"0";"53.62";"8.31"
"Broad Run HS";"Mar 31, 2026, 18:00:00";"0";"56.39";"8.07"
"Broad Run HS";"Mar 31, 2026, 18:00:00";"0";"56.39";"8.07"
"Broad Run HS";"Mar 31, 2026, 17:00:00";"0";"59.82";"8.28"
"Broad Run HS";"Mar 31, 2026, 17:00:00";"0";"59.82";"8.28"
"Broad Run HS";"Mar 31, 2026, 16:00:00";"0";"59.82";"8.26"
"Broad Run HS";"Mar 31, 2026, 16:00:00";"0";"59.82";"8.26"
"Broad Run HS";"Mar 31, 2026, 15:00:00";"0";"58.29";"8.57"
"Broad Run HS";"Mar 31, 2026, 15:00:00";"0";"58.29";"8.57"
"Broad Run HS";"Mar 31, 2026, 14:00:00";"0";"56.76";"8.83"
"Broad Run HS";"Mar 31, 2026, 14:00:00";"0";"56.76";"8.83"
"Broad Run HS";"Mar 31, 2026, 13:00:00";"0";"51.07";"8.13"
"Broad Run HS";"Mar 31, 2026, 13:00:00";"0";"51.07";"8.13"
"Broad Run HS";"Mar 31, 2026, 12:00:00";"0";"47.75";"8.99"
"Broad Run HS";"Mar 31, 2026, 12:00:00";"0";"47.75";"8.99"
"Broad Run HS";"Mar 31, 2026, 11:00:00";"0.86";"47.52";"8.51"
"Broad Run HS";"Mar 31, 2026, 11:00:00";"0.86";"47.52";"8.51"
"Broad Run HS";"Mar 31, 2026, 10:00:00";"1.39";"44.64";"7.75"
"Broad Run HS";"Mar 31, 2026, 10:00:00";"1.39";"44.64";"7.75"
"Broad Run HS";"Mar 31, 2026, 09:00:00";"2.57";"40.36";"7.08"
"Broad Run HS";"Mar 31, 2026, 09:00:00";"2.57";"40.36";"7.08"
"Broad Run HS";"Mar 31, 2026, 08:00:00";"3.23";"37.39";"7.1"
"Broad Run HS";"Mar 31, 2026, 08:00:00";"3.23";"37.39";"7.1"
"Broad Run HS";"Mar 31, 2026, 07:00:00";"1.43";"36.97";"7.31"
"Broad Run HS";"Mar 31, 2026, 07:00:00";"1.43";"36.97";"7.31"
"Broad Run HS";"Mar 31, 2026, 06:00:00";"1.02";"37.96";"6.99"
"Broad Run HS";"Mar 31, 2026, 06:00:00";"1.02";"37.96";"6.99"
"Broad Run HS";"Mar 31, 2026, 05:00:00";"0.5";"38.28";"6.85"
"Broad Run HS";"Mar 31, 2026, 05:00:00";"0.5";"38.28";"6.85"
"Broad Run HS";"Mar 31, 2026, 04:00:00";"0.61";"38.26";"6.89"
"Broad Run HS";"Mar 31, 2026, 04:00:00";"0.61";"38.26";"6.89"
"Broad Run HS";"Mar 31, 2026, 03:00:00";"0.71";"38.19";"6.92"
"Broad Run HS";"Mar 31, 2026, 03:00:00";"0.71";"38.19";"6.92"
"Broad Run HS";"Mar 31, 2026, 02:00:00";"0.68";"38.65";"7.13"
"Broad Run HS";"Mar 31, 2026, 02:00:00";"0.68";"38.65";"7.13"
"Broad Run HS";"Mar 31, 2026, 01:00:00";"0.28";"39.14";"7.35"
"Broad Run HS";"Mar 31, 2026, 01:00:00";"0.28";"39.14";"7.35"
"Broad Run HS";"Mar 31, 2026, 00:00:00";"0.01";"40.38";"7.56"
"Broad Run HS";"Mar 31, 2026, 00:00:00";"0.01";"40.38";"7.56"
"Broad Run HS";"Mar 30, 2026, 23:00:00";"0.02";"40.42";"7.2"
"Broad Run HS";"Mar 30, 2026, 23:00:00";"0.02";"40.42";"7.2"
"Broad Run HS";"Mar 30, 2026, 22:00:00";"0.02";"39.71";"7.22"
"Broad Run HS";"Mar 30, 2026, 22:00:00";"0.02";"39.71";"7.22"
"Broad Run HS";"Mar 30, 2026, 21:00:00";"0";"40.99";"6.82"
"Broad Run HS";"Mar 30, 2026, 21:00:00";"0";"40.99";"6.82"
"Broad Run HS";"Mar 30, 2026, 20:00:00";"0";"43.03";"6.76"
"Broad Run HS";"Mar 30, 2026, 20:00:00";"0";"43.03";"6.76"
"Broad Run HS";"Mar 30, 2026, 19:00:00";"0";"43.27";"6.75"
"Broad Run HS";"Mar 30, 2026, 19:00:00";"0";"43.27";"6.75"
"Broad Run HS";"Mar 30, 2026, 18:00:00";"0";"42.72";"6.87"
"Broad Run HS";"Mar 30, 2026, 18:00:00";"0";"42.72";"6.87"
"Broad Run HS";"Mar 30, 2026, 17:00:00";"0";"42.46";"7.01"
"Broad Run HS";"Mar 30, 2026, 17:00:00";"0";"42.46";"7.01"
"Broad Run HS";"Mar 30, 2026, 16:00:00";"0.23";"42.97";"7.07"
"Broad Run HS";"Mar 30, 2026, 16:00:00";"0.23";"42.97";"7.07"
"Broad Run HS";"Mar 30, 2026, 15:00:00";"0.62";"41.21";"7.28"
"Broad Run HS";"Mar 30, 2026, 15:00:00";"0.62";"41.21";"7.28"
"Broad Run HS";"Mar 30, 2026, 14:00:00";"2";"37.92";"6.45"
"Broad Run HS";"Mar 30, 2026, 14:00:00";"2";"37.92";"6.45"
"Broad Run HS";"Mar 30, 2026, 13:00:00";"3.93";"35.76";"6.06"
"Broad Run HS";"Mar 30, 2026, 13:00:00";"3.93";"35.76";"6.06"
"Broad Run HS";"Mar 30, 2026, 12:00:00";"6.23";"30.02";"5.91"
"Broad Run HS";"Mar 30, 2026, 12:00:00";"6.23";"30.02";"5.91"
"Broad Run HS";"Mar 30, 2026, 11:00:00";"6.21";"25.76";"6.1"
"Broad Run HS";"Mar 30, 2026, 11:00:00";"6.21";"25.76";"6.1"
"Broad Run HS";"Mar 30, 2026, 10:00:00";"6.7";"24.53";"5.68"
"Broad Run HS";"Mar 30, 2026, 10:00:00";"6.7";"24.53";"5.68"
"Broad Run HS";"Mar 30, 2026, 09:00:00";"6.22";"22.52";"5.61"
"Broad Run HS";"Mar 30, 2026, 09:00:00";"6.22";"22.52";"5.61"
"Broad Run HS";"Mar 30, 2026, 08:00:00";"3.99";"21.37";"4.51"
"Broad Run HS";"Mar 30, 2026, 08:00:00";"3.99";"21.37";"4.51"
"Broad Run HS";"Mar 30, 2026, 07:00:00";"2.86";"20.26";"4.5"
"Broad Run HS";"Mar 30, 2026, 07:00:00";"2.86";"20.26";"4.5"
"Broad Run HS";"Mar 30, 2026, 06:00:00";"2.22";"19.7";"4.17"
"Broad Run HS";"Mar 30, 2026, 06:00:00";"2.22";"19.7";"4.17"
"Broad Run HS";"Mar 30, 2026, 05:00:00";"1.59";"19.4";"3.77"
"Broad Run HS";"Mar 30, 2026, 05:00:00";"1.59";"19.4";"3.77"
"Broad Run HS";"Mar 30, 2026, 04:00:00";"0.99";"19.45";"3.06"
"Broad Run HS";"Mar 30, 2026, 04:00:00";"0.99";"19.45";"3.06"
"Broad Run HS";"Mar 30, 2026, 03:00:00";"0.45";"19.76";"2.24"
"Broad Run HS";"Mar 30, 2026, 03:00:00";"0.45";"19.76";"2.24"
"Broad Run HS";"Mar 30, 2026, 02:00:00";"0.23";"19.65";"1.42"
"Broad Run HS";"Mar 30, 2026, 02:00:00";"0.23";"19.65";"1.42"
"Broad Run HS";"Mar 30, 2026, 01:00:00";"0.37";"19.95";"1.72"
"Broad Run HS";"Mar 30, 2026, 01:00:00";"0.37";"19.95";"1.72"
"Broad Run HS";"Mar 30, 2026, 00:00:00";"1.15";"20.84";"4.05"
"Broad Run HS";"Mar 30, 2026, 00:00:00";"1.15";"20.84";"4.05"
"Broad Run HS";"Mar 29, 2026, 23:00:00";"1.64";"21.71";"5.86"
"Broad Run HS";"Mar 29, 2026, 23:00:00";"1.64";"21.71";"5.86"
"Broad Run HS";"Mar 29, 2026, 22:00:00";"2.25";"22.09";"5.18"
"Broad Run HS";"Mar 29, 2026, 22:00:00";"2.25";"22.09";"5.18"
"Broad Run HS";"Mar 29, 2026, 21:00:00";"1.55";"22.4";"2.22"
"Broad Run HS";"Mar 29, 2026, 21:00:00";"1.55";"22.4";"2.22"
"Broad Run HS";"Mar 29, 2026, 20:00:00";"0.54";"23.33";"2.18"
"Broad Run HS";"Mar 29, 2026, 20:00:00";"0.54";"23.33";"2.18"
"Broad Run HS";"Mar 29, 2026, 19:00:00";"0.19";"24";"2.28"
"Broad Run HS";"Mar 29, 2026, 19:00:00";"0.19";"24";"2.28"
"Broad Run HS";"Mar 29, 2026, 18:00:00";"0";"26.02";"2.4"
"Broad Run HS";"Mar 29, 2026, 18:00:00";"0";"26.02";"2.4"
"Broad Run HS";"Mar 29, 2026, 17:00:00";"0";"26.36";"2.37"
"Broad Run HS";"Mar 29, 2026, 17:00:00";"0";"26.36";"2.37"
"Broad Run HS";"Mar 29, 2026, 16:00:00";"0";"26.63";"2.6"
"Broad Run HS";"Mar 29, 2026, 16:00:00";"0";"26.63";"2.6"
"Broad Run HS";"Mar 29, 2026, 15:00:00";"0";"25.31";"2.76"
"Broad Run HS";"Mar 29, 2026, 15:00:00";"0";"25.31";"2.76"
"Broad Run HS";"Mar 29, 2026, 14:00:00";"0";"23.96";"2.81"
"Broad Run HS";"Mar 29, 2026, 14:00:00";"0";"23.96";"2.81"
"Broad Run HS";"Mar 29, 2026, 13:00:00";"0";"23.06";"2.82"
"Broad Run HS";"Mar 29, 2026, 13:00:00";"0";"23.06";"2.82"
"Broad Run HS";"Mar 29, 2026, 12:00:00";"0";"21.89";"3.26"
"Broad Run HS";"Mar 29, 2026, 12:00:00";"0";"21.89";"3.26"
"Broad Run HS";"Mar 29, 2026, 11:00:00";"0.4";"20.55";"3.48"
"Broad Run HS";"Mar 29, 2026, 11:00:00";"0.4";"20.55";"3.48"
"Broad Run HS";"Mar 29, 2026, 10:00:00";"3.62";"19.78";"5.3"
"Broad Run HS";"Mar 29, 2026, 10:00:00";"3.62";"19.78";"5.3"
"Broad Run HS";"Mar 29, 2026, 09:00:00";"7.16";"20.05";"7.26"
"Broad Run HS";"Mar 29, 2026, 09:00:00";"7.16";"20.05";"7.26"
"Broad Run HS";"Mar 29, 2026, 08:00:00";"16.4";"20.51";"6.47"
"Broad Run HS";"Mar 29, 2026, 08:00:00";"16.4";"20.51";"6.47"
"Broad Run HS";"Mar 29, 2026, 07:00:00";"16.93";"18.75";"5.67"
"Broad Run HS";"Mar 29, 2026, 07:00:00";"16.93";"18.75";"5.67"
"Broad Run HS";"Mar 29, 2026, 06:00:00";"13.99";"17.87";"4.71"
"Broad Run HS";"Mar 29, 2026, 06:00:00";"13.99";"17.87";"4.71"
"Broad Run HS";"Mar 29, 2026, 05:00:00";"12.64";"17.52";"4.88"
"Broad Run HS";"Mar 29, 2026, 05:00:00";"12.64";"17.52";"4.88"
"Broad Run HS";"Mar 29, 2026, 04:00:00";"15.89";"16.84";"4.16"
"Broad Run HS";"Mar 29, 2026, 04:00:00";"15.89";"16.84";"4.16"
"Broad Run HS";"Mar 29, 2026, 03:00:00";"18.8";"16.65";"3.88"
"Broad Run HS";"Mar 29, 2026, 03:00:00";"18.8";"16.65";"3.88"
"Broad Run HS";"Mar 29, 2026, 02:00:00";"14.32";"16.23";"3.81"
"Broad Run HS";"Mar 29, 2026, 02:00:00";"14.32";"16.23";"3.81"
"Broad Run HS";"Mar 29, 2026, 01:00:00";"19.15";"16.46";"5.27"
"Broad Run HS";"Mar 29, 2026, 01:00:00";"19.15";"16.46";"5.27"
"Broad Run HS";"Mar 29, 2026, 00:00:00";"18.71";"16.8";"6.38"
"Broad Run HS";"Mar 29, 2026, 00:00:00";"18.71";"16.8";"6.38"
"Broad Run HS";"Mar 28, 2026, 23:00:00";"14.52";"17.26";"9.88"
"Broad Run HS";"Mar 28, 2026, 23:00:00";"14.52";"17.26";"9.88"
"Broad Run HS";"Mar 28, 2026, 22:00:00";"11.02";"19.94";"9.61"
"Broad Run HS";"Mar 28, 2026, 22:00:00";"11.02";"19.94";"9.61"
"Broad Run HS";"Mar 28, 2026, 21:00:00";"5.82";"18.77";"3.62"
"Broad Run HS";"Mar 28, 2026, 21:00:00";"5.82";"18.77";"3.62"
"Broad Run HS";"Mar 28, 2026, 20:00:00";"1.92";"17.73";"2.75"
"Broad Run HS";"Mar 28, 2026, 20:00:00";"1.92";"17.73";"2.75"
"Broad Run HS";"Mar 28, 2026, 19:00:00";"0.8";"18.43";"2.95"
"Broad Run HS";"Mar 28, 2026, 19:00:00";"0.8";"18.43";"2.95"
"Broad Run HS";"Mar 28, 2026, 18:00:00";"0.07";"18.89";"2.59"
"Broad Run HS";"Mar 28, 2026, 18:00:00";"0.07";"18.89";"2.59"
"Broad Run HS";"Mar 28, 2026, 17:00:00";"0.1";"19.67";"2.26"
"Broad Run HS";"Mar 28, 2026, 17:00:00";"0.1";"19.67";"2.26"
"Broad Run HS";"Mar 28, 2026, 16:00:00";"0.32";"19.58";"2.61"
"Broad Run HS";"Mar 28, 2026, 16:00:00";"0.32";"19.58";"2.61"
"Broad Run HS";"Mar 28, 2026, 15:00:00";"0.47";"19.11";"3.27"
"Broad Run HS";"Mar 28, 2026, 15:00:00";"0.47";"19.11";"3.27"
"Broad Run HS";"Mar 28, 2026, 14:00:00";"0.33";"18.65";"3.41"
"Broad Run HS";"Mar 28, 2026, 14:00:00";"0.33";"18.65";"3.41"
"Broad Run HS";"Mar 28, 2026, 13:00:00";"0.74";"17.54";"3.89"
"Broad Run HS";"Mar 28, 2026, 13:00:00";"0.74";"17.54";"3.89"
"Broad Run HS";"Mar 28, 2026, 12:00:00";"0.68";"17.32";"4.35"
"Broad Run HS";"Mar 28, 2026, 12:00:00";"0.68";"17.32";"4.35"
"Broad Run HS";"Mar 28, 2026, 11:00:00";"0.77";"17.06";"4.83"
"Broad Run HS";"Mar 28, 2026, 11:00:00";"0.77";"17.06";"4.83"
"Broad Run HS";"Mar 28, 2026, 10:00:00";"1.26";"16.92";"5.13"
"Broad Run HS";"Mar 28, 2026, 10:00:00";"1.26";"16.92";"5.13"
"Broad Run HS";"Mar 28, 2026, 09:00:00";"1.62";"16.92";"5.34"
"Broad Run HS";"Mar 28, 2026, 09:00:00";"1.62";"16.92";"5.34"
"Broad Run HS";"Mar 28, 2026, 08:00:00";"2.05";"17.03";"4.81"
"Broad Run HS";"Mar 28, 2026, 08:00:00";"2.05";"17.03";"4.81"
"Broad Run HS";"Mar 28, 2026, 07:00:00";"0.66";"18.08";"4.45"
"Broad Run HS";"Mar 28, 2026, 07:00:00";"0.66";"18.08";"4.45"
"Broad Run HS";"Mar 28, 2026, 06:00:00";"0.15";"20.1";"4.22"
"Broad Run HS";"Mar 28, 2026, 06:00:00";"0.15";"20.1";"4.22"
"Broad Run HS";"Mar 28, 2026, 05:00:00";"0.07";"23.64";"4.63"
"Broad Run HS";"Mar 28, 2026, 05:00:00";"0.07";"23.64";"4.63"
"Broad Run HS";"Mar 28, 2026, 04:00:00";"0.11";"25.25";"3.82"
"Broad Run HS";"Mar 28, 2026, 04:00:00";"0.11";"25.25";"3.82"
"Broad Run HS";"Mar 28, 2026, 03:00:00";"5.84";"24.25";"4.89"
"Broad Run HS";"Mar 28, 2026, 03:00:00";"5.84";"24.25";"4.89"
"Broad Run HS";"Mar 28, 2026, 02:00:00";"3.37";"24.21";"5.7"
"Broad Run HS";"Mar 28, 2026, 02:00:00";"3.37";"24.21";"5.7"
"Broad Run HS";"Mar 28, 2026, 01:00:00";"1.92";"25.76";"4.09"
"Broad Run HS";"Mar 28, 2026, 01:00:00";"1.92";"25.76";"4.09"
"Broad Run HS";"Mar 28, 2026, 00:00:00";"1.27";"26.87";"2.2"
"Broad Run HS";"Mar 28, 2026, 00:00:00";"1.27";"26.87";"2.2"
"Broad Run HS";"Mar 27, 2026, 23:00:00";"3.27";"27.63";"2.69"
"Broad Run HS";"Mar 27, 2026, 23:00:00";"3.27";"27.63";"2.69"
"Broad Run HS";"Mar 27, 2026, 22:00:00";"3.72";"27.54";"8.55"
"Broad Run HS";"Mar 27, 2026, 22:00:00";"3.72";"27.54";"8.55"
"Broad Run HS";"Mar 27, 2026, 21:00:00";"2.9";"27.71";"4.8"
"Broad Run HS";"Mar 27, 2026, 21:00:00";"2.9";"27.71";"4.8"
"Broad Run HS";"Mar 27, 2026, 20:00:00";"1.35";"26.98";"2.24"
"Broad Run HS";"Mar 27, 2026, 20:00:00";"1.35";"26.98";"2.24"
"Broad Run HS";"Mar 27, 2026, 19:00:00";"1.05";"26.49";"2.31"
"Broad Run HS";"Mar 27, 2026, 19:00:00";"1.05";"26.49";"2.31"
"Broad Run HS";"Mar 27, 2026, 18:00:00";"0.38";"27.62";"1.99"
"Broad Run HS";"Mar 27, 2026, 18:00:00";"0.38";"27.62";"1.99"
"Broad Run HS";"Mar 27, 2026, 17:00:00";"0";"29.43";"1.91"
"Broad Run HS";"Mar 27, 2026, 17:00:00";"0";"29.43";"1.91"
"Broad Run HS";"Mar 27, 2026, 16:00:00";"0";"30.93";"2.66"
"Broad Run HS";"Mar 27, 2026, 16:00:00";"0";"30.93";"2.66"
"Broad Run HS";"Mar 27, 2026, 15:00:00";"0";"31.94";"2.8"
"Broad Run HS";"Mar 27, 2026, 15:00:00";"0";"31.94";"2.8"
"Broad Run HS";"Mar 27, 2026, 14:00:00";"0";"34.67";"2.76"
"Broad Run HS";"Mar 27, 2026, 14:00:00";"0";"34.67";"2.76"
"Broad Run HS";"Mar 27, 2026, 13:00:00";"0.67";"39.31";"2.2"
"Broad Run HS";"Mar 27, 2026, 13:00:00";"0.67";"39.31";"2.2"
"Broad Run HS";"Mar 27, 2026, 12:00:00";"1.94";"39.55";"2.14"
"Broad Run HS";"Mar 27, 2026, 12:00:00";"1.94";"39.55";"2.14"
"Broad Run HS";"Mar 27, 2026, 11:00:00";"1.95";"40.22";"1.72"
"Broad Run HS";"Mar 27, 2026, 11:00:00";"1.95";"40.22";"1.72"
"Broad Run HS";"Mar 27, 2026, 10:00:00";"1.92";"40.86";"1.33"
"Broad Run HS";"Mar 27, 2026, 10:00:00";"1.92";"40.86";"1.33"
"Broad Run HS";"Mar 27, 2026, 09:00:00";"2.18";"46.53";"2.09"
"Broad Run HS";"Mar 27, 2026, 09:00:00";"2.18";"46.53";"2.09"
"Broad Run HS";"Mar 27, 2026, 08:00:00";"2.98";"47.98";"1.86"
"Broad Run HS";"Mar 27, 2026, 08:00:00";"2.98";"47.98";"1.86"
"Broad Run HS";"Mar 27, 2026, 07:00:00";"0.3";"47.55";"1.63"
"Broad Run HS";"Mar 27, 2026, 07:00:00";"0.3";"47.55";"1.63"
"Broad Run HS";"Mar 27, 2026, 06:00:00";"0.22";"48.74";"2.82"
"Broad Run HS";"Mar 27, 2026, 06:00:00";"0.22";"48.74";"2.82"
"Broad Run HS";"Mar 27, 2026, 05:00:00";"0";"50.55";"10.89"
"Broad Run HS";"Mar 27, 2026, 05:00:00";"0";"50.55";"10.89"
"Broad Run HS";"Mar 27, 2026, 04:00:00";"0";"49.23";"13.66"
"Broad Run HS";"Mar 27, 2026, 04:00:00";"0";"49.23";"13.66"
"Broad Run HS";"Mar 27, 2026, 03:00:00";"0";"45.75";"13.69"
"Broad Run HS";"Mar 27, 2026, 03:00:00";"0";"45.75";"13.69"
"Broad Run HS";"Mar 27, 2026, 02:00:00";"0";"43.88";"14.57"
"Broad Run HS";"Mar 27, 2026, 02:00:00";"0";"43.88";"14.57"
"Broad Run HS";"Mar 27, 2026, 01:00:00";"0";"43.39";"14.71"
"Broad Run HS";"Mar 27, 2026, 01:00:00";"0";"43.39";"14.71"
"Broad Run HS";"Mar 27, 2026, 00:00:00";"0";"43.25";"15.23"
"Broad Run HS";"Mar 27, 2026, 00:00:00";"0";"43.25";"15.23"
"Broad Run HS";"Mar 26, 2026, 23:00:00";"0";"42.9";"14.74"
"Broad Run HS";"Mar 26, 2026, 23:00:00";"0";"42.9";"14.74"
"Broad Run HS";"Mar 26, 2026, 22:00:00";"0";"42.74";"14.43"
"Broad Run HS";"Mar 26, 2026, 22:00:00";"0";"42.74";"14.43"
"Broad Run HS";"Mar 26, 2026, 21:00:00";"0";"42.27";"13.38"
"Broad Run HS";"Mar 26, 2026, 21:00:00";"0";"42.27";"13.38"
"Broad Run HS";"Mar 26, 2026, 20:00:00";"0";"43.97";"13.23"
"Broad Run HS";"Mar 26, 2026, 20:00:00";"0";"43.97";"13.23"
"Broad Run HS";"Mar 26, 2026, 19:00:00";"0";"46.84";"12.71"
"Broad Run HS";"Mar 26, 2026, 19:00:00";"0";"46.84";"12.71"
"Broad Run HS";"Mar 26, 2026, 18:00:00";"0";"48.93";"12.02"
"Broad Run HS";"Mar 26, 2026, 18:00:00";"0";"48.93";"12.02"
"Broad Run HS";"Mar 26, 2026, 17:00:00";"0";"47.47";"12.13"
"Broad Run HS";"Mar 26, 2026, 17:00:00";"0";"47.47";"12.13"
"Broad Run HS";"Mar 26, 2026, 16:00:00";"0";"48.97";"11.77"
"Broad Run HS";"Mar 26, 2026, 16:00:00";"0";"48.97";"11.77"
"Broad Run HS";"Mar 26, 2026, 15:00:00";"0";"47.05";"11.29"
"Broad Run HS";"Mar 26, 2026, 15:00:00";"0";"47.05";"11.29"
"Broad Run HS";"Mar 26, 2026, 14:00:00";"0";"94.37";"11.82"
"Broad Run HS";"Mar 26, 2026, 14:00:00";"0";"94.37";"11.82"
"Broad Run HS";"Mar 26, 2026, 13:00:00";"0";"63.57";"11.33"
"Broad Run HS";"Mar 26, 2026, 13:00:00";"0";"63.57";"11.33"
"Broad Run HS";"Mar 26, 2026, 12:00:00";"0.14";"38.23";"11.52"
"Broad Run HS";"Mar 26, 2026, 12:00:00";"0.14";"38.23";"11.52"
"Broad Run HS";"Mar 26, 2026, 11:00:00";"2.23";"32.26";"11.21"
"Broad Run HS";"Mar 26, 2026, 11:00:00";"2.23";"32.26";"11.21"
"Broad Run HS";"Mar 26, 2026, 10:00:00";"3.8";"26.79";"11.08"
"Broad Run HS";"Mar 26, 2026, 10:00:00";"3.8";"26.79";"11.08"
"Broad Run HS";"Mar 26, 2026, 09:00:00";"5.17";"23.94";"11.23"
"Broad Run HS";"Mar 26, 2026, 09:00:00";"5.17";"23.94";"11.23"
"Broad Run HS";"Mar 26, 2026, 08:00:00";"6.29";"22.35";"11.22"
"Broad Run HS";"Mar 26, 2026, 08:00:00";"6.29";"22.35";"11.22"
"Broad Run HS";"Mar 26, 2026, 07:00:00";"4.18";"21.96";"10.63"
"Broad Run HS";"Mar 26, 2026, 07:00:00";"4.18";"21.96";"10.63"
"Broad Run HS";"Mar 26, 2026, 06:00:00";"3.65";"22.22";"11.19"
"Broad Run HS";"Mar 26, 2026, 06:00:00";"3.65";"22.22";"11.19"
"Broad Run HS";"Mar 26, 2026, 05:00:00";"3.19";"22.38";"10.99"
"Broad Run HS";"Mar 26, 2026, 05:00:00";"3.19";"22.38";"10.99"
"Broad Run HS";"Mar 26, 2026, 04:00:00";"3.22";"22.51";"9.64"
"Broad Run HS";"Mar 26, 2026, 04:00:00";"3.22";"22.51";"9.64"
"Broad Run HS";"Mar 26, 2026, 03:00:00";"3.62";"22.36";"7.07"
"Broad Run HS";"Mar 26, 2026, 03:00:00";"3.62";"22.36";"7.07"
"Broad Run HS";"Mar 26, 2026, 02:00:00";"3.68";"22.16";"5.86"
"Broad Run HS";"Mar 26, 2026, 02:00:00";"3.68";"22.16";"5.86"
"Broad Run HS";"Mar 26, 2026, 01:00:00";"5.2";"22.6";"6.4"
"Broad Run HS";"Mar 26, 2026, 01:00:00";"5.2";"22.6";"6.4"
"Broad Run HS";"Mar 26, 2026, 00:00:00";"9.2";"23.74";"6.93"
"Broad Run HS";"Mar 26, 2026, 00:00:00";"9.2";"23.74";"6.93"
"Broad Run HS";"Mar 25, 2026, 23:00:00";"7.34";"23.6";"6.35"
"Broad Run HS";"Mar 25, 2026, 23:00:00";"7.34";"23.6";"6.35"
"Broad Run HS";"Mar 25, 2026, 22:00:00";"7.88";"24.15";"6.8"
"Broad Run HS";"Mar 25, 2026, 22:00:00";"7.88";"24.15";"6.8"
"Broad Run HS";"Mar 25, 2026, 21:00:00";"4.62";"23.68";"6.37"
"Broad Run HS";"Mar 25, 2026, 21:00:00";"4.62";"23.68";"6.37"
"Broad Run HS";"Mar 25, 2026, 20:00:00";"3.13";"23.98";"8.18"
"Broad Run HS";"Mar 25, 2026, 20:00:00";"3.13";"23.98";"8.18"
"Broad Run HS";"Mar 25, 2026, 19:00:00";"3.11";"24.98";"5.99"
"Broad Run HS";"Mar 25, 2026, 19:00:00";"3.11";"24.98";"5.99"
"Broad Run HS";"Mar 25, 2026, 18:00:00";"2.19";"25.8";"4.95"
"Broad Run HS";"Mar 25, 2026, 18:00:00";"2.19";"25.8";"4.95"
"Broad Run HS";"Mar 25, 2026, 17:00:00";"1.32";"25.65";"7.72"
"Broad Run HS";"Mar 25, 2026, 17:00:00";"1.32";"25.65";"7.72"
"Broad Run HS";"Mar 25, 2026, 16:00:00";"0.84";"25.95";"10.72"
"Broad Run HS";"Mar 25, 2026, 16:00:00";"0.84";"25.95";"10.72"
"Broad Run HS";"Mar 25, 2026, 15:00:00";"0.64";"26.65";"15.33"
"Broad Run HS";"Mar 25, 2026, 15:00:00";"0.64";"26.65";"15.33"
"Broad Run HS";"Mar 25, 2026, 14:00:00";"0.62";"23.6";"6.65"
"Broad Run HS";"Mar 25, 2026, 14:00:00";"0.62";"23.6";"6.65"
"Broad Run HS";"Mar 25, 2026, 13:00:00";"1.79";"22.42";"6.86"
"Broad Run HS";"Mar 25, 2026, 13:00:00";"1.79";"22.42";"6.86"
"Broad Run HS";"Mar 25, 2026, 12:00:00";"3.72";"22.18";"6.74"
"Broad Run HS";"Mar 25, 2026, 12:00:00";"3.72";"22.18";"6.74"
"Broad Run HS";"Mar 25, 2026, 11:00:00";"4.53";"22.51";"6.9"
"Broad Run HS";"Mar 25, 2026, 11:00:00";"4.53";"22.51";"6.9"
"Broad Run HS";"Mar 25, 2026, 10:00:00";"6.67";"21.64";"6.44"
"Broad Run HS";"Mar 25, 2026, 10:00:00";"6.67";"21.64";"6.44"
"Broad Run HS";"Mar 25, 2026, 09:00:00";"7.14";"19.9";"4.63"
"Broad Run HS";"Mar 25, 2026, 09:00:00";"7.14";"19.9";"4.63"
"Broad Run HS";"Mar 25, 2026, 08:00:00";"9.47";"19.1";"3.85"
"Broad Run HS";"Mar 25, 2026, 08:00:00";"9.47";"19.1";"3.85"
"Broad Run HS";"Mar 25, 2026, 07:00:00";"6.85";"18.74";"3.36"
"Broad Run HS";"Mar 25, 2026, 07:00:00";"6.85";"18.74";"3.36"
"Broad Run HS";"Mar 25, 2026, 06:00:00";"6.09";"18.17";"3.04"
"Broad Run HS";"Mar 25, 2026, 06:00:00";"6.09";"18.17";"3.04"
"Broad Run HS";"Mar 25, 2026, 05:00:00";"4.73";"17.58";"3.09"
"Broad Run HS";"Mar 25, 2026, 05:00:00";"4.73";"17.58";"3.09"
"Broad Run HS";"Mar 25, 2026, 04:00:00";"4.68";"17.02";"3.1"
"Broad Run HS";"Mar 25, 2026, 04:00:00";"4.68";"17.02";"3.1"
"Broad Run HS";"Mar 25, 2026, 03:00:00";"4.42";"16.81";"3.13"
"Broad Run HS";"Mar 25, 2026, 03:00:00";"4.42";"16.81";"3.13"
"Broad Run HS";"Mar 25, 2026, 02:00:00";"4.82";"16.57";"3.45"
"Broad Run HS";"Mar 25, 2026, 02:00:00";"4.82";"16.57";"3.45"
"Broad Run HS";"Mar 25, 2026, 01:00:00";"6.44";"16.48";"4.17"
"Broad Run HS";"Mar 25, 2026, 01:00:00";"6.44";"16.48";"4.17"
"Broad Run HS";"Mar 25, 2026, 00:00:00";"8.87";"16.88";"4.79"
"Broad Run HS";"Mar 25, 2026, 00:00:00";"8.87";"16.88";"4.79"
"Broad Run HS";"Mar 24, 2026, 23:00:00";"7.37";"17.55";"3.22"
"Broad Run HS";"Mar 24, 2026, 23:00:00";"7.37";"17.55";"3.22"
"Broad Run HS";"Mar 24, 2026, 22:00:00";"8.84";"17.55";"2.67"
"Broad Run HS";"Mar 24, 2026, 22:00:00";"8.84";"17.55";"2.67"
"Broad Run HS";"Mar 24, 2026, 21:00:00";"4.3";"17.89";"2.13"
"Broad Run HS";"Mar 24, 2026, 21:00:00";"4.3";"17.89";"2.13"
"Broad Run HS";"Mar 24, 2026, 20:00:00";"2.36";"17.69";"2.17"
"Broad Run HS";"Mar 24, 2026, 20:00:00";"2.36";"17.69";"2.17"
"Broad Run HS";"Mar 24, 2026, 19:00:00";"0.88";"18.4";"2.74"
"Broad Run HS";"Mar 24, 2026, 19:00:00";"0.88";"18.4";"2.74"
"Broad Run HS";"Mar 24, 2026, 18:00:00";"0.54";"19.63";"2.69"
"Broad Run HS";"Mar 24, 2026, 18:00:00";"0.54";"19.63";"2.69"
"Broad Run HS";"Mar 24, 2026, 17:00:00";"0.17";"20.15";"2.2"
"Broad Run HS";"Mar 24, 2026, 17:00:00";"0.17";"20.15";"2.2"
"Broad Run HS";"Mar 24, 2026, 16:00:00";"0.18";"20.62";"2.9"
"Broad Run HS";"Mar 24, 2026, 16:00:00";"0.18";"20.62";"2.9"
"Broad Run HS";"Mar 24, 2026, 15:00:00";"0.64";"20.19";"3.01"
"Broad Run HS";"Mar 24, 2026, 15:00:00";"0.64";"20.19";"3.01"
"Broad Run HS";"Mar 24, 2026, 14:00:00";"0.42";"18.76";"2.94"
"Broad Run HS";"Mar 24, 2026, 14:00:00";"0.42";"18.76";"2.94"
"Broad Run HS";"Mar 24, 2026, 13:00:00";"0.48";"19.48";"3.09"
"Broad Run HS";"Mar 24, 2026, 13:00:00";"0.48";"19.48";"3.09"
"Broad Run HS";"Mar 24, 2026, 12:00:00";"0.59";"18.52";"2.49"
"Broad Run HS";"Mar 24, 2026, 12:00:00";"0.59";"18.52";"2.49"
"Broad Run HS";"Mar 24, 2026, 11:00:00";"0.99";"17.15";"2.23"
"Broad Run HS";"Mar 24, 2026, 11:00:00";"0.99";"17.15";"2.23"
"Broad Run HS";"Mar 24, 2026, 10:00:00";"2.67";"15.84";"2.02"
"Broad Run HS";"Mar 24, 2026, 10:00:00";"2.67";"15.84";"2.02"
"Broad Run HS";"Mar 24, 2026, 09:00:00";"5.24";"14.95";"2.4"
"Broad Run HS";"Mar 24, 2026, 09:00:00";"5.24";"14.95";"2.4"
"Broad Run HS";"Mar 24, 2026, 08:00:00";"7.07";"14.37";"2.13"
"Broad Run HS";"Mar 24, 2026, 08:00:00";"7.07";"14.37";"2.13"
"Broad Run HS";"Mar 24, 2026, 07:00:00";"6.08";"14.32";"1.91"
"Broad Run HS";"Mar 24, 2026, 07:00:00";"6.08";"14.32";"1.91"
"Broad Run HS";"Mar 24, 2026, 06:00:00";"5.43";"14.2";"1.86"
"Broad Run HS";"Mar 24, 2026, 06:00:00";"5.43";"14.2";"1.86"
"Broad Run HS";"Mar 24, 2026, 05:00:00";"3.45";"14.45";"1.57"
"Broad Run HS";"Mar 24, 2026, 05:00:00";"3.45";"14.45";"1.57"
"Broad Run HS";"Mar 24, 2026, 04:00:00";"2.44";"14.51";"2.36"
"Broad Run HS";"Mar 24, 2026, 04:00:00";"2.44";"14.51";"2.36"
"Broad Run HS";"Mar 24, 2026, 03:00:00";"1.81";"14.82";"2.1"
"Broad Run HS";"Mar 24, 2026, 03:00:00";"1.81";"14.82";"2.1"
"Broad Run HS";"Mar 24, 2026, 02:00:00";"1.9";"15.33";"1.9"
"Broad Run HS";"Mar 24, 2026, 02:00:00";"1.9";"15.33";"1.9"
"Broad Run HS";"Mar 24, 2026, 01:00:00";"1.56";"15.73";"2.92"
"Broad Run HS";"Mar 24, 2026, 01:00:00";"1.56";"15.73";"2.92"
"Broad Run HS";"Mar 24, 2026, 00:00:00";"1.04";"16.14";"2.59"
"Broad Run HS";"Mar 24, 2026, 00:00:00";"1.04";"16.14";"2.59"
"Broad Run HS";"Mar 23, 2026, 23:00:00";"1.02";"17.03";"2.25"
"Broad Run HS";"Mar 23, 2026, 23:00:00";"1.02";"17.03";"2.25"
"Broad Run HS";"Mar 23, 2026, 22:00:00";"0.48";"18.25";"1.8"
"Broad Run HS";"Mar 23, 2026, 22:00:00";"0.48";"18.25";"1.8"
"Broad Run HS";"Mar 23, 2026, 21:00:00";"0.09";"19.53";"1.77"
"Broad Run HS";"Mar 23, 2026, 21:00:00";"0.09";"19.53";"1.77"
"Broad Run HS";"Mar 23, 2026, 20:00:00";"0.01";"20.74";"1.35"
"Broad Run HS";"Mar 23, 2026, 20:00:00";"0.01";"20.74";"1.35"
"Broad Run HS";"Mar 23, 2026, 19:00:00";"0";"21.74";"1.82"
"Broad Run HS";"Mar 23, 2026, 19:00:00";"0";"21.74";"1.82"
"Broad Run HS";"Mar 23, 2026, 18:00:00";"0";"22.6";"1.72"
"Broad Run HS";"Mar 23, 2026, 18:00:00";"0";"22.6";"1.72"
"Broad Run HS";"Mar 23, 2026, 17:00:00";"0";"24.33";"1.23"
"Broad Run HS";"Mar 23, 2026, 17:00:00";"0";"24.33";"1.23"
"Broad Run HS";"Mar 23, 2026, 16:00:00";"0";"27.34";"0.83"
"Broad Run HS";"Mar 23, 2026, 16:00:00";"0";"27.34";"0.83"
"Broad Run HS";"Mar 23, 2026, 15:00:00";"0";"31.25";"0.71"
"Broad Run HS";"Mar 23, 2026, 15:00:00";"0";"31.25";"0.71"
"Broad Run HS";"Mar 23, 2026, 14:00:00";"0";"35.17";"0.85"
"Broad Run HS";"Mar 23, 2026, 14:00:00";"0";"35.17";"0.85"
"Broad Run HS";"Mar 23, 2026, 13:00:00";"0";"42.27";"1.01"
"Broad Run HS";"Mar 23, 2026, 13:00:00";"0";"42.27";"1.01"
"Broad Run HS";"Mar 23, 2026, 12:00:00";"0";"51.47";"1.94"
"Broad Run HS";"Mar 23, 2026, 12:00:00";"0";"51.47";"1.94"
"Broad Run HS";"Mar 23, 2026, 11:00:00";"0.27";"60.99";"2.47"
"Broad Run HS";"Mar 23, 2026, 11:00:00";"0.27";"60.99";"2.47"
"Broad Run HS";"Mar 23, 2026, 10:00:00";"1.43";"54.22";"2.8"
"Broad Run HS";"Mar 23, 2026, 10:00:00";"1.43";"54.22";"2.8"
"Broad Run HS";"Mar 23, 2026, 09:00:00";"1.89";"51.23";"6.15"
"Broad Run HS";"Mar 23, 2026, 09:00:00";"1.89";"51.23";"6.15"
"Broad Run HS";"Mar 23, 2026, 08:00:00";"2.88";"49.21";"13.06"
"Broad Run HS";"Mar 23, 2026, 08:00:00";"2.88";"49.21";"13.06"
"Broad Run HS";"Mar 23, 2026, 07:00:00";"0.52";"50.58";"15.03"
"Broad Run HS";"Mar 23, 2026, 07:00:00";"0.52";"50.58";"15.03"
"Broad Run HS";"Mar 23, 2026, 06:00:00";"0";"50.55";"7.47"
"Broad Run HS";"Mar 23, 2026, 06:00:00";"0";"50.55";"7.47"
"Broad Run HS";"Mar 23, 2026, 05:00:00";"0.07";"49.98";"5.55"
"Broad Run HS";"Mar 23, 2026, 05:00:00";"0.07";"49.98";"5.55"
"Broad Run HS";"Mar 23, 2026, 04:00:00";"0.11";"48.33";"8.39"
"Broad Run HS";"Mar 23, 2026, 04:00:00";"0.11";"48.33";"8.39"
"Broad Run HS";"Mar 23, 2026, 03:00:00";"0.11";"49.39";"5.62"
"Broad Run HS";"Mar 23, 2026, 03:00:00";"0.11";"49.39";"5.62"
"Broad Run HS";"Mar 23, 2026, 02:00:00";"0";"49.22";"4.56"
"Broad Run HS";"Mar 23, 2026, 02:00:00";"0";"49.22";"4.56"
"Broad Run HS";"Mar 23, 2026, 01:00:00";"0";"50.7";"5.05"
"Broad Run HS";"Mar 23, 2026, 01:00:00";"0";"50.7";"5.05"
"Broad Run HS";"Mar 23, 2026, 00:00:00";"0";"49.88";"5.62"
"Broad Run HS";"Mar 23, 2026, 00:00:00";"0";"49.88";"5.62"
"Broad Run HS";"Mar 22, 2026, 23:00:00";"0";"45.88";"6.14"
"Broad Run HS";"Mar 22, 2026, 23:00:00";"0";"45.88";"6.14"
"Broad Run HS";"Mar 22, 2026, 22:00:00";"0";"46.53";"6.01"
"Broad Run HS";"Mar 22, 2026, 22:00:00";"0";"46.53";"6.01"
"Broad Run HS";"Mar 22, 2026, 21:00:00";"0";"47.4";"4.98"
"Broad Run HS";"Mar 22, 2026, 21:00:00";"0";"47.4";"4.98"
"Broad Run HS";"Mar 22, 2026, 20:00:00";"0";"51.16";"4.58"
"Broad Run HS";"Mar 22, 2026, 20:00:00";"0";"51.16";"4.58"
"Broad Run HS";"Mar 22, 2026, 19:00:00";"0";"55.75";"4.42"
"Broad Run HS";"Mar 22, 2026, 19:00:00";"0";"55.75";"4.42"
"Broad Run HS";"Mar 22, 2026, 18:00:00";"0";"60.12";"4.13"
"Broad Run HS";"Mar 22, 2026, 18:00:00";"0";"60.12";"4.13"
"Broad Run HS";"Mar 22, 2026, 17:00:00";"0";"64.45";"4.31"
"Broad Run HS";"Mar 22, 2026, 17:00:00";"0";"64.45";"4.31"
"Broad Run HS";"Mar 22, 2026, 16:00:00";"0";"65.85";"6.14"
"Broad Run HS";"Mar 22, 2026, 16:00:00";"0";"65.85";"6.14"
"Broad Run HS";"Mar 22, 2026, 15:00:00";"0";"62.14";"7.31"
"Broad Run HS";"Mar 22, 2026, 15:00:00";"0";"62.14";"7.31"
"Broad Run HS";"Mar 22, 2026, 14:00:00";"0";"58.8";"7.92"
"Broad Run HS";"Mar 22, 2026, 14:00:00";"0";"58.8";"7.92"
"Broad Run HS";"Mar 22, 2026, 13:00:00";"0";"59.65";"9.88"
"Broad Run HS";"Mar 22, 2026, 13:00:00";"0";"59.65";"9.88"
"Broad Run HS";"Mar 22, 2026, 12:00:00";"0.27";"58.18";"9.85"
"Broad Run HS";"Mar 22, 2026, 12:00:00";"0.27";"58.18";"9.85"
"Broad Run HS";"Mar 22, 2026, 11:00:00";"1.65";"50.1";"9.34"
"Broad Run HS";"Mar 22, 2026, 11:00:00";"1.65";"50.1";"9.34"
"Broad Run HS";"Mar 22, 2026, 10:00:00";"4.79";"43.91";"9.55"
"Broad Run HS";"Mar 22, 2026, 10:00:00";"4.79";"43.91";"9.55"
"Broad Run HS";"Mar 22, 2026, 09:00:00";"7.85";"38.96";"9.5"
"Broad Run HS";"Mar 22, 2026, 09:00:00";"7.85";"38.96";"9.5"
"Broad Run HS";"Mar 22, 2026, 08:00:00";"4.52";"34.83";"17.68"
"Broad Run HS";"Mar 22, 2026, 08:00:00";"4.52";"34.83";"17.68"
"Broad Run HS";"Mar 22, 2026, 07:00:00";"2.13";"35.85";"21.67"
"Broad Run HS";"Mar 22, 2026, 07:00:00";"2.13";"35.85";"21.67"
"Broad Run HS";"Mar 22, 2026, 06:00:00";"3.02";"36.34";"13.45"
"Broad Run HS";"Mar 22, 2026, 06:00:00";"3.02";"36.34";"13.45"
"Broad Run HS";"Mar 22, 2026, 05:00:00";"4.77";"35.49";"9.87"
"Broad Run HS";"Mar 22, 2026, 05:00:00";"4.77";"35.49";"9.87"
"Broad Run HS";"Mar 22, 2026, 04:00:00";"5.89";"35.27";"10.51"
"Broad Run HS";"Mar 22, 2026, 04:00:00";"5.89";"35.27";"10.51"
"Broad Run HS";"Mar 22, 2026, 03:00:00";"6.72";"34.47";"11.4"
"Broad Run HS";"Mar 22, 2026, 03:00:00";"6.72";"34.47";"11.4"
"Broad Run HS";"Mar 22, 2026, 02:00:00";"3.96";"10.97";"11.85"
"Broad Run HS";"Mar 22, 2026, 02:00:00";"3.96";"10.97";"11.85"
"Broad Run HS";"Mar 22, 2026, 01:00:00";"3.1";"10.44";"10.23"
"Broad Run HS";"Mar 22, 2026, 01:00:00";"3.1";"10.44";"10.23"
"Broad Run HS";"Mar 22, 2026, 00:00:00";"2.31";"9.65";"7.57"
"Broad Run HS";"Mar 22, 2026, 00:00:00";"2.31";"9.65";"7.57"
"Broad Run HS";"Mar 21, 2026, 23:00:00";"2.35";"10.97";"6.63"
"Broad Run HS";"Mar 21, 2026, 23:00:00";"2.35";"10.97";"6.63"
"Broad Run HS";"Mar 21, 2026, 22:00:00";"1.19";"14.35";"6.98"
"Broad Run HS";"Mar 21, 2026, 22:00:00";"1.19";"14.35";"6.98"
"Broad Run HS";"Mar 21, 2026, 21:00:00";"1.09";"17.31";"7.14"
"Broad Run HS";"Mar 21, 2026, 21:00:00";"1.09";"17.31";"7.14"
"Broad Run HS";"Mar 21, 2026, 20:00:00";"0.05";"20.12";"6.15"
"Broad Run HS";"Mar 21, 2026, 20:00:00";"0.05";"20.12";"6.15"
"Broad Run HS";"Mar 21, 2026, 19:00:00";"0";"19.65";"5.43"
"Broad Run HS";"Mar 21, 2026, 19:00:00";"0";"19.65";"5.43"
"Broad Run HS";"Mar 21, 2026, 18:00:00";"0";"18.67";"4.94"
"Broad Run HS";"Mar 21, 2026, 18:00:00";"0";"18.67";"4.94"
"Broad Run HS";"Mar 21, 2026, 17:00:00";"0";"19.61";"5.43"
"Broad Run HS";"Mar 21, 2026, 17:00:00";"0";"19.61";"5.43"
"Broad Run HS";"Mar 21, 2026, 16:00:00";"0";"21.07";"6.18"
"Broad Run HS";"Mar 21, 2026, 16:00:00";"0";"21.07";"6.18"
"Broad Run HS";"Mar 21, 2026, 15:00:00";"0";"23.08";"8.41"
"Broad Run HS";"Mar 21, 2026, 15:00:00";"0";"23.08";"8.41"
"Broad Run HS";"Mar 21, 2026, 14:00:00";"0";"25.45";"8.88"
"Broad Run HS";"Mar 21, 2026, 14:00:00";"0";"25.45";"8.88"
"Broad Run HS";"Mar 21, 2026, 13:00:00";"0";"28.57";"11.27"
"Broad Run HS";"Mar 21, 2026, 13:00:00";"0";"28.57";"11.27"
"Broad Run HS";"Mar 21, 2026, 12:00:00";"0.07";"27.35";"11.17"
"Broad Run HS";"Mar 21, 2026, 12:00:00";"0.07";"27.35";"11.17"
"Broad Run HS";"Mar 21, 2026, 11:00:00";"1.11";"28.05";"10.69"
"Broad Run HS";"Mar 21, 2026, 11:00:00";"1.11";"28.05";"10.69"
"Broad Run HS";"Mar 21, 2026, 10:00:00";"4.03";"26.9";"7.13"
"Broad Run HS";"Mar 21, 2026, 10:00:00";"4.03";"26.9";"7.13"
"Broad Run HS";"Mar 21, 2026, 09:00:00";"6.36";"19.54";"3.32"
"Broad Run HS";"Mar 21, 2026, 09:00:00";"6.36";"19.54";"3.32"
"Broad Run HS";"Mar 21, 2026, 08:00:00";"4.65";"15.38";"0"
"Broad Run HS";"Mar 21, 2026, 08:00:00";"4.65";"15.38";"0"
"Broad Run HS";"Mar 21, 2026, 07:00:00";"2.4";"16.11";"0"
"Broad Run HS";"Mar 21, 2026, 07:00:00";"2.4";"16.11";"0"
"Broad Run HS";"Mar 21, 2026, 06:00:00";"2.06";"16.6";"0"
"Broad Run HS";"Mar 21, 2026, 06:00:00";"2.06";"16.6";"0"
"Broad Run HS";"Mar 21, 2026, 05:00:00";"2.33";"15.67";"6.74"
"Broad Run HS";"Mar 21, 2026, 05:00:00";"2.33";"15.67";"6.74"
"Broad Run HS";"Mar 21, 2026, 04:00:00";"4.15";"13.16";"3.61"
"Broad Run HS";"Mar 21, 2026, 04:00:00";"4.15";"13.16";"3.61"
"Broad Run HS";"Mar 21, 2026, 03:00:00";"4.16";"11.72";"3.12"
"Broad Run HS";"Mar 21, 2026, 03:00:00";"4.16";"11.72";"3.12"
"Broad Run HS";"Mar 21, 2026, 02:00:00";"2.84";"14.1";"3.1"
"Broad Run HS";"Mar 21, 2026, 02:00:00";"2.84";"14.1";"3.1"
"Broad Run HS";"Mar 21, 2026, 01:00:00";"1.74";"16.31";"6.8"
"Broad Run HS";"Mar 21, 2026, 01:00:00";"1.74";"16.31";"6.8"
"Broad Run HS";"Mar 21, 2026, 00:00:00";"1.53";"13.77";"3.88"
"Broad Run HS";"Mar 21, 2026, 00:00:00";"1.53";"13.77";"3.88"
"Broad Run HS";"Mar 20, 2026, 23:00:00";"2.56";"12.51";"3.67"
"Broad Run HS";"Mar 20, 2026, 23:00:00";"2.56";"12.51";"3.67"
"Broad Run HS";"Mar 20, 2026, 22:00:00";"3.5";"11.93";"3.86"
"Broad Run HS";"Mar 20, 2026, 22:00:00";"3.5";"11.93";"3.86"
"Broad Run HS";"Mar 20, 2026, 21:00:00";"9.63";"13.04";"4.13"
"Broad Run HS";"Mar 20, 2026, 21:00:00";"9.63";"13.04";"4.13"
"Broad Run HS";"Mar 20, 2026, 20:00:00";"1.75";"13.25";"4.87"
"Broad Run HS";"Mar 20, 2026, 20:00:00";"1.75";"13.25";"4.87"
"Broad Run HS";"Mar 20, 2026, 19:00:00";"0.65";"15.24";"5.5"
"Broad Run HS";"Mar 20, 2026, 19:00:00";"0.65";"15.24";"5.5"
"Broad Run HS";"Mar 20, 2026, 18:00:00";"0";"14.97";"4.94"
"Broad Run HS";"Mar 20, 2026, 18:00:00";"0";"14.97";"4.94"
"Broad Run HS";"Mar 20, 2026, 17:00:00";"0";"12.94";"4.58"
"Broad Run HS";"Mar 20, 2026, 17:00:00";"0";"12.94";"4.58"
"Broad Run HS";"Mar 20, 2026, 16:00:00";"0";"13.6";"5.12"
"Broad Run HS";"Mar 20, 2026, 16:00:00";"0";"13.6";"5.12"
"Broad Run HS";"Mar 20, 2026, 15:00:00";"0";"14.73";"5.45"
"Broad Run HS";"Mar 20, 2026, 15:00:00";"0";"14.73";"5.45"
"Broad Run HS";"Mar 20, 2026, 14:00:00";"0.01";"16.36";"5.57"
"Broad Run HS";"Mar 20, 2026, 14:00:00";"0.01";"16.36";"5.57"
"Broad Run HS";"Mar 20, 2026, 13:00:00";"0";"16.51";"5.89"
"Broad Run HS";"Mar 20, 2026, 13:00:00";"0";"16.51";"5.89"
"Broad Run HS";"Mar 20, 2026, 12:00:00";"1.03";"12.83";"6.93"
"Broad Run HS";"Mar 20, 2026, 12:00:00";"1.03";"12.83";"6.93"
"Broad Run HS";"Mar 20, 2026, 11:00:00";"4.41";"9.81";"7.73"
"Broad Run HS";"Mar 20, 2026, 11:00:00";"4.41";"9.81";"7.73"
"Broad Run HS";"Mar 20, 2026, 10:00:00";"9.09";"8.52";"7.59"
"Broad Run HS";"Mar 20, 2026, 10:00:00";"9.09";"8.52";"7.59"
"Broad Run HS";"Mar 20, 2026, 09:00:00";"10.09";"4.88";"6.63"
"Broad Run HS";"Mar 20, 2026, 09:00:00";"10.09";"4.88";"6.63"
"Broad Run HS";"Mar 20, 2026, 08:00:00";"11.22";"2.72";"5.99"
"Broad Run HS";"Mar 20, 2026, 08:00:00";"11.22";"2.72";"5.99"
"Broad Run HS";"Mar 20, 2026, 07:00:00";"11.02";"2.05";"6.13"
"Broad Run HS";"Mar 20, 2026, 07:00:00";"11.02";"2.05";"6.13"
"Broad Run HS";"Mar 20, 2026, 06:00:00";"7.89";"1.31";"5.96"
"Broad Run HS";"Mar 20, 2026, 06:00:00";"7.89";"1.31";"5.96"
"Broad Run HS";"Mar 20, 2026, 05:00:00";"6.53";"0.31";"6.33"
"Broad Run HS";"Mar 20, 2026, 05:00:00";"6.53";"0.31";"6.33"
"Broad Run HS";"Mar 20, 2026, 04:00:00";"6.98";"0.02";"7.33"
"Broad Run HS";"Mar 20, 2026, 04:00:00";"6.98";"0.02";"7.33"
"Broad Run HS";"Mar 20, 2026, 03:00:00";"5.99";"0";"6.04"
"Broad Run HS";"Mar 20, 2026, 03:00:00";"5.99";"0";"6.04"
"Broad Run HS";"Mar 20, 2026, 02:00:00";"6.14";"0";"4.79"
"Broad Run HS";"Mar 20, 2026, 02:00:00";"6.14";"0";"4.79"
"Broad Run HS";"Mar 20, 2026, 01:00:00";"6.93";"0";"4.98"
"Broad Run HS";"Mar 20, 2026, 01:00:00";"6.93";"0";"4.98"
"Broad Run HS";"Mar 20, 2026, 00:00:00";"6.52";"0";"5.62"
"Broad Run HS";"Mar 20, 2026, 00:00:00";"6.52";"0";"5.62"
"Broad Run HS";"Mar 19, 2026, 23:00:00";"5.19";"0";"6.95"
"Broad Run HS";"Mar 19, 2026, 23:00:00";"5.19";"0";"6.95"
"Broad Run HS";"Mar 19, 2026, 22:00:00";"4.89";"0.19";"5.92"
"Broad Run HS";"Mar 19, 2026, 22:00:00";"4.89";"0.19";"5.92"
"Broad Run HS";"Mar 19, 2026, 21:00:00";"11.11";"1.2";"5.62"
"Broad Run HS";"Mar 19, 2026, 21:00:00";"11.11";"1.2";"5.62"
"Broad Run HS";"Mar 19, 2026, 20:00:00";"3.15";"2.05";"4.63"
"Broad Run HS";"Mar 19, 2026, 20:00:00";"3.15";"2.05";"4.63"
"Broad Run HS";"Mar 19, 2026, 19:00:00";"0.6";"3.93";"5.2"
"Broad Run HS";"Mar 19, 2026, 19:00:00";"0.6";"3.93";"5.2"
"Broad Run HS";"Mar 19, 2026, 18:00:00";"0.01";"5.41";"5.17"
"Broad Run HS";"Mar 19, 2026, 18:00:00";"0.01";"5.41";"5.17"
"Broad Run HS";"Mar 19, 2026, 17:00:00";"0";"7.89";"4.98"
"Broad Run HS";"Mar 19, 2026, 17:00:00";"0";"7.89";"4.98"
"Broad Run HS";"Mar 19, 2026, 16:00:00";"0";"7.42";"5.44"
"Broad Run HS";"Mar 19, 2026, 16:00:00";"0";"7.42";"5.44"
"Broad Run HS";"Mar 19, 2026, 15:00:00";"0.03";"8.72";"5.07"
"Broad Run HS";"Mar 19, 2026, 15:00:00";"0.03";"8.72";"5.07"
"Broad Run HS";"Mar 19, 2026, 14:00:00";"0.19";"5.5";"5.29"
"Broad Run HS";"Mar 19, 2026, 14:00:00";"0.19";"5.5";"5.29"
"Broad Run HS";"Mar 19, 2026, 13:00:00";"1.76";"3.22";"5.01"
"Broad Run HS";"Mar 19, 2026, 13:00:00";"1.76";"3.22";"5.01"
"Broad Run HS";"Mar 19, 2026, 12:00:00";"2.54";"1.14";"4.97"
"Broad Run HS";"Mar 19, 2026, 12:00:00";"2.54";"1.14";"4.97"
"Broad Run HS";"Mar 19, 2026, 11:00:00";"4.81";"0.05";"5.18"
"Broad Run HS";"Mar 19, 2026, 11:00:00";"4.81";"0.05";"5.18"
"Broad Run HS";"Mar 19, 2026, 10:00:00";"8.77";"0";"5.01"
"Broad Run HS";"Mar 19, 2026, 10:00:00";"8.77";"0";"5.01"
"Broad Run HS";"Mar 19, 2026, 09:00:00";"10.03";"0";"5.1"
"Broad Run HS";"Mar 19, 2026, 09:00:00";"10.03";"0";"5.1"
"Broad Run HS";"Mar 19, 2026, 08:00:00";"8.46";"0";"4.37"
"Broad Run HS";"Mar 19, 2026, 08:00:00";"8.46";"0";"4.37"
"Broad Run HS";"Mar 19, 2026, 07:00:00";"6.78";"0";"4.29"
"Broad Run HS";"Mar 19, 2026, 07:00:00";"6.78";"0";"4.29"
"Broad Run HS";"Mar 19, 2026, 06:00:00";"7.3";"0";"3.52"
"Broad Run HS";"Mar 19, 2026, 06:00:00";"7.3";"0";"3.52"
"Broad Run HS";"Mar 19, 2026, 05:00:00";"6.57";"0";"3.25"
"Broad Run HS";"Mar 19, 2026, 05:00:00";"6.57";"0";"3.25"
"Broad Run HS";"Mar 19, 2026, 04:00:00";"6.49";"0";"3.37"
"Broad Run HS";"Mar 19, 2026, 04:00:00";"6.49";"0";"3.37"
"Broad Run HS";"Mar 19, 2026, 03:00:00";"6.38";"0";"3.9"
"Broad Run HS";"Mar 19, 2026, 03:00:00";"6.38";"0";"3.9"
"Broad Run HS";"Mar 19, 2026, 02:00:00";"6.72";"0";"4.26"
"Broad Run HS";"Mar 19, 2026, 02:00:00";"6.72";"0";"4.26"
"Broad Run HS";"Mar 19, 2026, 01:00:00";"8.01";"0";"4.37"
"Broad Run HS";"Mar 19, 2026, 01:00:00";"8.01";"0";"4.37"
"Broad Run HS";"Mar 19, 2026, 00:00:00";"8.19";"0";"4.31"
"Broad Run HS";"Mar 19, 2026, 00:00:00";"8.19";"0";"4.31"
"Broad Run HS";"Mar 18, 2026, 23:00:00";"6.31";"0";"3.88"
"Broad Run HS";"Mar 18, 2026, 23:00:00";"6.31";"0";"3.88"
"Broad Run HS";"Mar 18, 2026, 22:00:00";"6.43";"0";"4.07"
"Broad Run HS";"Mar 18, 2026, 22:00:00";"6.43";"0";"4.07"
"Broad Run HS";"Mar 18, 2026, 21:00:00";"7.54";"0";"3.81"
"Broad Run HS";"Mar 18, 2026, 21:00:00";"7.54";"0";"3.81"
"Broad Run HS";"Mar 18, 2026, 20:00:00";"5.2";"0";"2.92"
"Broad Run HS";"Mar 18, 2026, 20:00:00";"5.2";"0";"2.92"
"Broad Run HS";"Mar 18, 2026, 19:00:00";"2.98";"0";"3.3"
"Broad Run HS";"Mar 18, 2026, 19:00:00";"2.98";"0";"3.3"
"Broad Run HS";"Mar 18, 2026, 18:00:00";"2.15";"0";"3.43"
"Broad Run HS";"Mar 18, 2026, 18:00:00";"2.15";"0";"3.43"
"Broad Run HS";"Mar 18, 2026, 17:00:00";"1.85";"0";"3.96"
"Broad Run HS";"Mar 18, 2026, 17:00:00";"1.85";"0";"3.96"
"Broad Run HS";"Mar 18, 2026, 16:00:00";"1.73";"0";"3.57"
"Broad Run HS";"Mar 18, 2026, 16:00:00";"1.73";"0";"3.57"
"Broad Run HS";"Mar 18, 2026, 15:00:00";"1.15";"0";"3.26"
"Broad Run HS";"Mar 18, 2026, 15:00:00";"1.15";"0";"3.26"
"Broad Run HS";"Mar 18, 2026, 14:00:00";"1.48";"0";"3.26"
"Broad Run HS";"Mar 18, 2026, 14:00:00";"1.48";"0";"3.26"
"Broad Run HS";"Mar 18, 2026, 13:00:00";"0.96";"0";"3.37"
"Broad Run HS";"Mar 18, 2026, 13:00:00";"0.96";"0";"3.37"
"Broad Run HS";"Mar 18, 2026, 12:00:00";"1.14";"0";"3.06"
"Broad Run HS";"Mar 18, 2026, 12:00:00";"1.14";"0";"3.06"
"Broad Run HS";"Mar 18, 2026, 11:00:00";"2.91";"0";"3.9"
"Broad Run HS";"Mar 18, 2026, 11:00:00";"2.91";"0";"3.9"
"Broad Run HS";"Mar 18, 2026, 10:00:00";"5.18";"0";"4.77"
"Broad Run HS";"Mar 18, 2026, 10:00:00";"5.18";"0";"4.77"
"Broad Run HS";"Mar 18, 2026, 09:00:00";"6.53";"0";"4.69"
"Broad Run HS";"Mar 18, 2026, 09:00:00";"6.53";"0";"4.69"
"Broad Run HS";"Mar 18, 2026, 08:00:00";"9.18";"0";"5.41"
"Broad Run HS";"Mar 18, 2026, 08:00:00";"9.18";"0";"5.41"
"Broad Run HS";"Mar 18, 2026, 07:00:00";"6.81";"0";"4.52"
"Broad Run HS";"Mar 18, 2026, 07:00:00";"6.81";"0";"4.52"
"Broad Run HS";"Mar 18, 2026, 06:00:00";"6.08";"0";"4.12"
"Broad Run HS";"Mar 18, 2026, 06:00:00";"6.08";"0";"4.12"
"Broad Run HS";"Mar 18, 2026, 05:00:00";"5.42";"0";"4.18"
"Broad Run HS";"Mar 18, 2026, 05:00:00";"5.42";"0";"4.18"
"Broad Run HS";"Mar 18, 2026, 04:00:00";"5.06";"0";"3.88"
"Broad Run HS";"Mar 18, 2026, 04:00:00";"5.06";"0";"3.88"
"Broad Run HS";"Mar 18, 2026, 03:00:00";"4.62";"0";"3.81"
"Broad Run HS";"Mar 18, 2026, 03:00:00";"4.62";"0";"3.81"
"Broad Run HS";"Mar 18, 2026, 02:00:00";"4.2";"0";"3.76"
"Broad Run HS";"Mar 18, 2026, 02:00:00";"4.2";"0";"3.76"
"Broad Run HS";"Mar 18, 2026, 01:00:00";"4.06";"0";"3.21"
"Broad Run HS";"Mar 18, 2026, 01:00:00";"4.06";"0";"3.21"
"Broad Run HS";"Mar 18, 2026, 00:00:00";"4.43";"0";"2.76"
"Broad Run HS";"Mar 18, 2026, 00:00:00";"4.43";"0";"2.76"
"Broad Run HS";"Mar 17, 2026, 23:00:00";"3.6";"0";"2.2"
"Broad Run HS";"Mar 17, 2026, 23:00:00";"3.6";"0";"2.2"
"Broad Run HS";"Mar 17, 2026, 22:00:00";"3.42";"0";"2.3"
"Broad Run HS";"Mar 17, 2026, 22:00:00";"3.42";"0";"2.3"
"Broad Run HS";"Mar 17, 2026, 21:00:00";"2.76";"0";"2.08"
"Broad Run HS";"Mar 17, 2026, 21:00:00";"2.76";"0";"2.08"
"Broad Run HS";"Mar 17, 2026, 20:00:00";"2.7";"0";"1.97"
"Broad Run HS";"Mar 17, 2026, 20:00:00";"2.7";"0";"1.97"
"Broad Run HS";"Mar 17, 2026, 19:00:00";"2.04";"0";"1.65"
"Broad Run HS";"Mar 17, 2026, 19:00:00";"2.04";"0";"1.65"
"Broad Run HS";"Mar 17, 2026, 18:00:00";"0.8";"0";"1.5"
"Broad Run HS";"Mar 17, 2026, 18:00:00";"0.8";"0";"1.5"
"Broad Run HS";"Mar 17, 2026, 17:00:00";"0.58";"0";"1.4"
"Broad Run HS";"Mar 17, 2026, 17:00:00";"0.58";"0";"1.4"
"Broad Run HS";"Mar 17, 2026, 16:00:00";"0.63";"0";"1.63"
"Broad Run HS";"Mar 17, 2026, 16:00:00";"0.63";"0";"1.63"
"Broad Run HS";"Mar 17, 2026, 15:00:00";"0.98";"0";"1.65"
"Broad Run HS";"Mar 17, 2026, 15:00:00";"0.98";"0";"1.65"
"Broad Run HS";"Mar 17, 2026, 14:00:00";"0.52";"0";"1.65"
"Broad Run HS";"Mar 17, 2026, 14:00:00";"0.52";"0";"1.65"
"Broad Run HS";"Mar 17, 2026, 13:00:00";"0.1";"0";"1.51"
"Broad Run HS";"Mar 17, 2026, 13:00:00";"0.1";"0";"1.51"
"Broad Run HS";"Mar 17, 2026, 12:00:00";"0";"0";"1.7"
"Broad Run HS";"Mar 17, 2026, 12:00:00";"0";"0";"1.7"
"Broad Run HS";"Mar 17, 2026, 11:00:00";"0";"0";"1.58"
"Broad Run HS";"Mar 17, 2026, 11:00:00";"0";"0";"1.58"
"Broad Run HS";"Mar 17, 2026, 10:00:00";"0.21";"0";"1.63"
"Broad Run HS";"Mar 17, 2026, 10:00:00";"0.21";"0";"1.63"
"Broad Run HS";"Mar 17, 2026, 09:00:00";"1.31";"0";"1.37"
"Broad Run HS";"Mar 17, 2026, 09:00:00";"1.31";"0";"1.37"
"Broad Run HS";"Mar 17, 2026, 08:00:00";"1.2";"0";"1.34"
"Broad Run HS";"Mar 17, 2026, 08:00:00";"1.2";"0";"1.34"
"Broad Run HS";"Mar 17, 2026, 07:00:00";"0.28";"0";"1.47"
"Broad Run HS";"Mar 17, 2026, 07:00:00";"0.28";"0";"1.47"
"Broad Run HS";"Mar 17, 2026, 06:00:00";"0.23";"0";"1.4"
"Broad Run HS";"Mar 17, 2026, 06:00:00";"0.23";"0";"1.4"
"Broad Run HS";"Mar 17, 2026, 05:00:00";"0";"0.65";"1.31"
"Broad Run HS";"Mar 17, 2026, 05:00:00";"0";"0.65";"1.31"
"Broad Run HS";"Mar 17, 2026, 04:00:00";"0";"1.84";"1.07"
"Broad Run HS";"Mar 17, 2026, 04:00:00";"0";"1.84";"1.07"
"Broad Run HS";"Mar 17, 2026, 03:00:00";"0";"4.18";"0.96"
"Broad Run HS";"Mar 17, 2026, 03:00:00";"0";"4.18";"0.96"
"Broad Run HS";"Mar 17, 2026, 02:00:00";"0";"5.93";"0.64"
"Broad Run HS";"Mar 17, 2026, 02:00:00";"0";"5.93";"0.64"
"Broad Run HS";"Mar 17, 2026, 01:00:00";"0.05";"6.75";"0.48"
"Broad Run HS";"Mar 17, 2026, 01:00:00";"0.05";"6.75";"0.48"
"Broad Run HS";"Mar 17, 2026, 00:00:00";"0.41";"6.5";"0.5"
"Broad Run HS";"Mar 17, 2026, 00:00:00";"0.41";"6.5";"0.5"
"Broad Run HS";"Mar 16, 2026, 23:00:00";"0.68";"6.32";"0.43"
"Broad Run HS";"Mar 16, 2026, 23:00:00";"0.68";"6.32";"0.43"
"Broad Run HS";"Mar 16, 2026, 22:00:00";"0.07";"8.37";"0.36"
"Broad Run HS";"Mar 16, 2026, 22:00:00";"0.07";"8.37";"0.36"
"Broad Run HS";"Mar 16, 2026, 21:00:00";"0";"25.29";"0.64"
"Broad Run HS";"Mar 16, 2026, 21:00:00";"0";"25.29";"0.64"
"Broad Run HS";"Mar 16, 2026, 20:00:00";"0";"47.85";"1.88"
"Broad Run HS";"Mar 16, 2026, 20:00:00";"0";"47.85";"1.88"
"Broad Run HS";"Mar 16, 2026, 19:00:00";"3";"48.4";"2.42"
"Broad Run HS";"Mar 16, 2026, 19:00:00";"3";"48.4";"2.42"
"Broad Run HS";"Mar 16, 2026, 18:00:00";"1.83";"41.02";"1.99"
"Broad Run HS";"Mar 16, 2026, 18:00:00";"1.83";"41.02";"1.99"
"Broad Run HS";"Mar 16, 2026, 17:00:00";"0.23";"37.77";"1.08"
"Broad Run HS";"Mar 16, 2026, 17:00:00";"0.23";"37.77";"1.08"
"Broad Run HS";"Mar 16, 2026, 16:00:00";"0";"39.46";"1.1"
"Broad Run HS";"Mar 16, 2026, 16:00:00";"0";"39.46";"1.1"
"Broad Run HS";"Mar 16, 2026, 15:00:00";"0";"42.83";"2.29"
"Broad Run HS";"Mar 16, 2026, 15:00:00";"0";"42.83";"2.29"
"Broad Run HS";"Mar 16, 2026, 14:00:00";"0";"41.85";"3.67"
"Broad Run HS";"Mar 16, 2026, 14:00:00";"0";"41.85";"3.67"
"Broad Run HS";"Mar 16, 2026, 13:00:00";"0.34";"44.46";"3.81"
"Broad Run HS";"Mar 16, 2026, 13:00:00";"0.34";"44.46";"3.81"
"Broad Run HS";"Mar 16, 2026, 12:00:00";"0";"42.57";"3.39"
"Broad Run HS";"Mar 16, 2026, 12:00:00";"0";"42.57";"3.39"
"Broad Run HS";"Mar 16, 2026, 11:00:00";"0";"51.56";"3.29"
"Broad Run HS";"Mar 16, 2026, 11:00:00";"0";"51.56";"3.29"
"Broad Run HS";"Mar 16, 2026, 10:00:00";"0.02";"48.41";"3.91"
"Broad Run HS";"Mar 16, 2026, 10:00:00";"0.02";"48.41";"3.91"
"Broad Run HS";"Mar 16, 2026, 09:00:00";"0.8";"41.1";"3.8"
"Broad Run HS";"Mar 16, 2026, 09:00:00";"0.8";"41.1";"3.8"
"Broad Run HS";"Mar 16, 2026, 08:00:00";"1.15";"36.84";"3.66"
"Broad Run HS";"Mar 16, 2026, 08:00:00";"1.15";"36.84";"3.66"
"Broad Run HS";"Mar 16, 2026, 07:00:00";"1.85";"34.05";"4.42"
"Broad Run HS";"Mar 16, 2026, 07:00:00";"1.85";"34.05";"4.42"
"Broad Run HS";"Mar 16, 2026, 06:00:00";"0.71";"31.2";"4.99"
"Broad Run HS";"Mar 16, 2026, 06:00:00";"0.71";"31.2";"4.99"
"Broad Run HS";"Mar 16, 2026, 05:00:00";"1.32";"24.69";"5"
"Broad Run HS";"Mar 16, 2026, 05:00:00";"1.32";"24.69";"5"
"Broad Run HS";"Mar 16, 2026, 04:00:00";"2.43";"22.43";"5.21"
"Broad Run HS";"Mar 16, 2026, 04:00:00";"2.43";"22.43";"5.21"
"Broad Run HS";"Mar 16, 2026, 03:00:00";"3.52";"17.67";"4.76"
"Broad Run HS";"Mar 16, 2026, 03:00:00";"3.52";"17.67";"4.76"
"Broad Run HS";"Mar 16, 2026, 02:00:00";"3.81";"12.18";"2.97"
"Broad Run HS";"Mar 16, 2026, 02:00:00";"3.81";"12.18";"2.97"
"Broad Run HS";"Mar 16, 2026, 01:00:00";"3.75";"8.46";"4.8"
"Broad Run HS";"Mar 16, 2026, 01:00:00";"3.75";"8.46";"4.8"
"Broad Run HS";"Mar 16, 2026, 00:00:00";"3.42";"7.18";"9.88"
"Broad Run HS";"Mar 16, 2026, 00:00:00";"3.42";"7.18";"9.88"
"Broad Run HS";"Mar 15, 2026, 23:00:00";"5";"4.79";"8.06"
"Broad Run HS";"Mar 15, 2026, 23:00:00";"5";"4.79";"8.06"
"Broad Run HS";"Mar 15, 2026, 22:00:00";"3.66";"2.75";"7.17"
"Broad Run HS";"Mar 15, 2026, 22:00:00";"3.66";"2.75";"7.17"
"Broad Run HS";"Mar 15, 2026, 21:00:00";"3.03";"1.75";"5.77"
"Broad Run HS";"Mar 15, 2026, 21:00:00";"3.03";"1.75";"5.77"
"Broad Run HS";"Mar 15, 2026, 20:00:00";"2.43";"1.09";"5.06"
"Broad Run HS";"Mar 15, 2026, 20:00:00";"2.43";"1.09";"5.06"
"Broad Run HS";"Mar 15, 2026, 19:00:00";"1.99";"1.28";"5.22"
"Broad Run HS";"Mar 15, 2026, 19:00:00";"1.99";"1.28";"5.22"
"Broad Run HS";"Mar 15, 2026, 18:00:00";"0.67";"0.46";"5.14"
"Broad Run HS";"Mar 15, 2026, 18:00:00";"0.67";"0.46";"5.14"
"Broad Run HS";"Mar 15, 2026, 17:00:00";"0.2";"0.27";"4.21"
"Broad Run HS";"Mar 15, 2026, 17:00:00";"0.2";"0.27";"4.21"
"Broad Run HS";"Mar 15, 2026, 16:00:00";"0.01";"0.19";"3.78"
"Broad Run HS";"Mar 15, 2026, 16:00:00";"0.01";"0.19";"3.78"
"Broad Run HS";"Mar 15, 2026, 15:00:00";"0";"0.08";"3.7"
"Broad Run HS";"Mar 15, 2026, 15:00:00";"0";"0.08";"3.7"
"Broad Run HS";"Mar 15, 2026, 14:00:00";"0.12";"0";"3.15"
"Broad Run HS";"Mar 15, 2026, 14:00:00";"0.12";"0";"3.15"
"Broad Run HS";"Mar 15, 2026, 13:00:00";"0.1";"0";"2.54"
"Broad Run HS";"Mar 15, 2026, 13:00:00";"0.1";"0";"2.54"
"Broad Run HS";"Mar 15, 2026, 12:00:00";"0.53";"0";"2.63"
"Broad Run HS";"Mar 15, 2026, 12:00:00";"0.53";"0";"2.63"
"Broad Run HS";"Mar 15, 2026, 11:00:00";"1.58";"0";"2.65"
"Broad Run HS";"Mar 15, 2026, 11:00:00";"1.58";"0";"2.65"
"Broad Run HS";"Mar 15, 2026, 10:00:00";"3.69";"0";"2.75"
"Broad Run HS";"Mar 15, 2026, 10:00:00";"3.69";"0";"2.75"
"Broad Run HS";"Mar 15, 2026, 09:00:00";"3.84";"0";"2.75"
"Broad Run HS";"Mar 15, 2026, 09:00:00";"3.84";"0";"2.75"
"Broad Run HS";"Mar 15, 2026, 08:00:00";"3.88";"0";"2.44"
"Broad Run HS";"Mar 15, 2026, 08:00:00";"3.88";"0";"2.44"
"Broad Run HS";"Mar 15, 2026, 07:00:00";"6.4";"0";"2.66"
"Broad Run HS";"Mar 15, 2026, 07:00:00";"6.4";"0";"2.66"
"Broad Run HS";"Mar 15, 2026, 06:00:00";"5.13";"0";"2.81"
"Broad Run HS";"Mar 15, 2026, 06:00:00";"5.13";"0";"2.81"
"Broad Run HS";"Mar 15, 2026, 05:00:00";"6.39";"0";"2.75"
"Broad Run HS";"Mar 15, 2026, 05:00:00";"6.39";"0";"2.75"
"Broad Run HS";"Mar 15, 2026, 04:00:00";"9.25";"0";"2.86"
"Broad Run HS";"Mar 15, 2026, 04:00:00";"9.25";"0";"2.86"
"Broad Run HS";"Mar 15, 2026, 03:00:00";"12.31";"0";"3.32"
"Broad Run HS";"Mar 15, 2026, 03:00:00";"12.31";"0";"3.32"
"Broad Run HS";"Mar 15, 2026, 02:00:00";"14.29";"0.15";"3.99"
"Broad Run HS";"Mar 15, 2026, 02:00:00";"14.29";"0.15";"3.99"
"Broad Run HS";"Mar 15, 2026, 01:00:00";"12.39";"0";"5.75"
"Broad Run HS";"Mar 15, 2026, 01:00:00";"12.39";"0";"5.75"
"Broad Run HS";"Mar 15, 2026, 00:00:00";"12.77";"0.3";"7.16"
"Broad Run HS";"Mar 15, 2026, 00:00:00";"12.77";"0.3";"7.16"
"Broad Run HS";"Mar 14, 2026, 23:00:00";"9.52";"0.01";"6.71"
"Broad Run HS";"Mar 14, 2026, 23:00:00";"9.52";"0.01";"6.71"
"Broad Run HS";"Mar 14, 2026, 22:00:00";"4";"1.33";"3.76"
"Broad Run HS";"Mar 14, 2026, 22:00:00";"4";"1.33";"3.76"
"Broad Run HS";"Mar 14, 2026, 21:00:00";"2.45";"2.75";"3.29"
"Broad Run HS";"Mar 14, 2026, 21:00:00";"2.45";"2.75";"3.29"
"Broad Run HS";"Mar 14, 2026, 20:00:00";"0.87";"2.17";"2.5"
"Broad Run HS";"Mar 14, 2026, 20:00:00";"0.87";"2.17";"2.5"
"Broad Run HS";"Mar 14, 2026, 19:00:00";"0";"1.61";"2.01"
"Broad Run HS";"Mar 14, 2026, 19:00:00";"0";"1.61";"2.01"
"Broad Run HS";"Mar 14, 2026, 18:00:00";"0";"2.22";"1.72"
"Broad Run HS";"Mar 14, 2026, 18:00:00";"0";"2.22";"1.72"
"Broad Run HS";"Mar 14, 2026, 17:00:00";"0";"2.49";"1.62"
"Broad Run HS";"Mar 14, 2026, 17:00:00";"0";"2.49";"1.62"
"Broad Run HS";"Mar 14, 2026, 16:00:00";"0";"3.18";"1.74"
"Broad Run HS";"Mar 14, 2026, 16:00:00";"0";"3.18";"1.74"
"Broad Run HS";"Mar 14, 2026, 15:00:00";"0";"6.08";"1.79"
"Broad Run HS";"Mar 14, 2026, 15:00:00";"0";"6.08";"1.79"
"Broad Run HS";"Mar 14, 2026, 14:00:00";"0";"0.86";"1.52"
"Broad Run HS";"Mar 14, 2026, 14:00:00";"0";"0.86";"1.52"
"Broad Run HS";"Mar 14, 2026, 13:00:00";"0";"0.46";"1.53"
"Broad Run HS";"Mar 14, 2026, 13:00:00";"0";"0.46";"1.53"
"Broad Run HS";"Mar 14, 2026, 12:00:00";"0";"0.02";"1.82"
"Broad Run HS";"Mar 14, 2026, 12:00:00";"0";"0.02";"1.82"
"Broad Run HS";"Mar 14, 2026, 11:00:00";"0";"0";"2.06"
"Broad Run HS";"Mar 14, 2026, 11:00:00";"0";"0";"2.06"
"Broad Run HS";"Mar 14, 2026, 10:00:00";"0.04";"0";"2.28"
"Broad Run HS";"Mar 14, 2026, 10:00:00";"0.04";"0";"2.28"
"Broad Run HS";"Mar 14, 2026, 09:00:00";"0";"0";"1.75"
"Broad Run HS";"Mar 14, 2026, 09:00:00";"0";"0";"1.75"
"Broad Run HS";"Mar 14, 2026, 08:00:00";"0";"0";"1.36"
"Broad Run HS";"Mar 14, 2026, 08:00:00";"0";"0";"1.36"
"Broad Run HS";"Mar 14, 2026, 07:00:00";"0";"0";"1.25"
"Broad Run HS";"Mar 14, 2026, 07:00:00";"0";"0";"1.25"
"Broad Run HS";"Mar 14, 2026, 06:00:00";"0";"0";"1.2"
"Broad Run HS";"Mar 14, 2026, 06:00:00";"0";"0";"1.2"
"Broad Run HS";"Mar 14, 2026, 05:00:00";"0";"0.18";"1.24"
"Broad Run HS";"Mar 14, 2026, 05:00:00";"0";"0.18";"1.24"
"Broad Run HS";"Mar 14, 2026, 04:00:00";"0.64";"0";"1.56"
"Broad Run HS";"Mar 14, 2026, 04:00:00";"0.64";"0";"1.56"
"Broad Run HS";"Mar 14, 2026, 03:00:00";"0.83";"0";"2.03"
"Broad Run HS";"Mar 14, 2026, 03:00:00";"0.83";"0";"2.03"
"Broad Run HS";"Mar 14, 2026, 02:00:00";"0.17";"0.01";"1.87"
"Broad Run HS";"Mar 14, 2026, 02:00:00";"0.17";"0.01";"1.87"
"Broad Run HS";"Mar 14, 2026, 01:00:00";"0.1";"0.05";"1.98"
"Broad Run HS";"Mar 14, 2026, 01:00:00";"0.1";"0.05";"1.98"
"Broad Run HS";"Mar 14, 2026, 00:00:00";"0";"0.24";"2.19"
"Broad Run HS";"Mar 14, 2026, 00:00:00";"0";"0.24";"2.19"
"Broad Run HS";"Mar 13, 2026, 23:00:00";"0.07";"0.83";"2.19"
"Broad Run HS";"Mar 13, 2026, 23:00:00";"0.07";"0.83";"2.19"
"Broad Run HS";"Mar 13, 2026, 22:00:00";"0";"1.03";"2.14"
"Broad Run HS";"Mar 13, 2026, 22:00:00";"0";"1.03";"2.14"
"Broad Run HS";"Mar 13, 2026, 21:00:00";"0";"0.91";"1.84"
"Broad Run HS";"Mar 13, 2026, 21:00:00";"0";"0.91";"1.84"
"Broad Run HS";"Mar 13, 2026, 20:00:00";"0";"1.13";"1.74"
"Broad Run HS";"Mar 13, 2026, 20:00:00";"0";"1.13";"1.74"
"Broad Run HS";"Mar 13, 2026, 19:00:00";"0";"1.68";"1.64"
"Broad Run HS";"Mar 13, 2026, 19:00:00";"0";"1.68";"1.64"
"Broad Run HS";"Mar 13, 2026, 18:00:00";"0";"1.83";"1.51"
"Broad Run HS";"Mar 13, 2026, 18:00:00";"0";"1.83";"1.51"
"Broad Run HS";"Mar 13, 2026, 17:00:00";"0";"1.8";"1.57"
"Broad Run HS";"Mar 13, 2026, 17:00:00";"0";"1.8";"1.57"
"Broad Run HS";"Mar 13, 2026, 16:00:00";"0";"0.92";"2.17"
"Broad Run HS";"Mar 13, 2026, 16:00:00";"0";"0.92";"2.17"
"Broad Run HS";"Mar 13, 2026, 15:00:00";"0";"0.51";"2.15"
"Broad Run HS";"Mar 13, 2026, 15:00:00";"0";"0.51";"2.15"
"Broad Run HS";"Mar 13, 2026, 14:00:00";"0";"0.88";"2.02"
"Broad Run HS";"Mar 13, 2026, 14:00:00";"0";"0.88";"2.02"
"Broad Run HS";"Mar 13, 2026, 13:00:00";"0";"0.97";"2.48"
"Broad Run HS";"Mar 13, 2026, 13:00:00";"0";"0.97";"2.48"
"Broad Run HS";"Mar 13, 2026, 12:00:00";"0";"1.48";"2.42"
"Broad Run HS";"Mar 13, 2026, 12:00:00";"0";"1.48";"2.42"
"Broad Run HS";"Mar 13, 2026, 11:00:00";"1.74";"3.62";"3.68"
"Broad Run HS";"Mar 13, 2026, 11:00:00";"1.74";"3.62";"3.68"
"Broad Run HS";"Mar 13, 2026, 10:00:00";"8.58";"4.47";"3.91"
"Broad Run HS";"Mar 13, 2026, 10:00:00";"8.58";"4.47";"3.91"
"Broad Run HS";"Mar 13, 2026, 09:00:00";"12.61";"3.79";"3.58"
"Broad Run HS";"Mar 13, 2026, 09:00:00";"12.61";"3.79";"3.58"
"Broad Run HS";"Mar 13, 2026, 08:00:00";"18.42";"2.8";"2.95"
"Broad Run HS";"Mar 13, 2026, 08:00:00";"18.42";"2.8";"2.95"
"Broad Run HS";"Mar 13, 2026, 07:00:00";"16.99";"2.38";"2.77"
"Broad Run HS";"Mar 13, 2026, 07:00:00";"16.99";"2.38";"2.77"
"Broad Run HS";"Mar 13, 2026, 06:00:00";"12.82";"1.84";"2.52"
"Broad Run HS";"Mar 13, 2026, 06:00:00";"12.82";"1.84";"2.52"
"Broad Run HS";"Mar 13, 2026, 05:00:00";"11.29";"1.4";"2.28"
"Broad Run HS";"Mar 13, 2026, 05:00:00";"11.29";"1.4";"2.28"
"Broad Run HS";"Mar 13, 2026, 04:00:00";"11.43";"0.38";"2.23"
"Broad Run HS";"Mar 13, 2026, 04:00:00";"11.43";"0.38";"2.23"
"Broad Run HS";"Mar 13, 2026, 03:00:00";"17.18";"0.16";"2.27"
"Broad Run HS";"Mar 13, 2026, 03:00:00";"17.18";"0.16";"2.27"
"Broad Run HS";"Mar 13, 2026, 02:00:00";"16.94";"0";"2.83"
"Broad Run HS";"Mar 13, 2026, 02:00:00";"16.94";"0";"2.83"
"Broad Run HS";"Mar 13, 2026, 01:00:00";"12.63";"0";"2.48"
"Broad Run HS";"Mar 13, 2026, 01:00:00";"12.63";"0";"2.48"
"Broad Run HS";"Mar 13, 2026, 00:00:00";"5.85";"0";"2.65"
"Broad Run HS";"Mar 13, 2026, 00:00:00";"5.85";"0";"2.65"
"Broad Run HS";"Mar 12, 2026, 23:00:00";"1.53";"0";"2.51"
"Broad Run HS";"Mar 12, 2026, 23:00:00";"1.53";"0";"2.51"
"Broad Run HS";"Mar 12, 2026, 22:00:00";"0.06";"0";"2.31"
"Broad Run HS";"Mar 12, 2026, 22:00:00";"0.06";"0";"2.31"
"Broad Run HS";"Mar 12, 2026, 21:00:00";"0";"0.01";"2.23"
"Broad Run HS";"Mar 12, 2026, 21:00:00";"0";"0.01";"2.23"
"Broad Run HS";"Mar 12, 2026, 20:00:00";"0";"0.43";"2.74"
"Broad Run HS";"Mar 12, 2026, 20:00:00";"0";"0.43";"2.74"
"Broad Run HS";"Mar 12, 2026, 19:00:00";"0";"2.07";"2.34"
"Broad Run HS";"Mar 12, 2026, 19:00:00";"0";"2.07";"2.34"
"Broad Run HS";"Mar 12, 2026, 18:00:00";"0";"4.26";"2.17"
"Broad Run HS";"Mar 12, 2026, 18:00:00";"0";"4.26";"2.17"
"Broad Run HS";"Mar 12, 2026, 17:00:00";"0";"6.71";"1.71"
"Broad Run HS";"Mar 12, 2026, 17:00:00";"0";"6.71";"1.71"
"Broad Run HS";"Mar 12, 2026, 16:00:00";"0";"7.46";"1.46"
"Broad Run HS";"Mar 12, 2026, 16:00:00";"0";"7.46";"1.46"
"Broad Run HS";"Mar 12, 2026, 15:00:00";"0.37";"7.43";"1.84"
"Broad Run HS";"Mar 12, 2026, 15:00:00";"0.37";"7.43";"1.84"
"Broad Run HS";"Mar 12, 2026, 14:00:00";"2.99";"5.04";"5.46"
"Broad Run HS";"Mar 12, 2026, 14:00:00";"2.99";"5.04";"5.46"
"Broad Run HS";"Mar 12, 2026, 13:00:00";"1.03";"4.44";"4.44"
"Broad Run HS";"Mar 12, 2026, 13:00:00";"1.03";"4.44";"4.44"
"Broad Run HS";"Mar 12, 2026, 12:00:00";"0.33";"3.54";"2.75"
"Broad Run HS";"Mar 12, 2026, 12:00:00";"0.33";"3.54";"2.75"
"Broad Run HS";"Mar 12, 2026, 11:00:00";"0";"4.47";"1.64"
"Broad Run HS";"Mar 12, 2026, 11:00:00";"0";"4.47";"1.64"
"Broad Run HS";"Mar 12, 2026, 10:00:00";"0.01";"5.95";"0.82"
"Broad Run HS";"Mar 12, 2026, 10:00:00";"0.01";"5.95";"0.82"
"Broad Run HS";"Mar 12, 2026, 09:00:00";"0";"5.94";"0.51"
"Broad Run HS";"Mar 12, 2026, 09:00:00";"0";"5.94";"0.51"
"Broad Run HS";"Mar 12, 2026, 08:00:00";"0";"7.91";"0.67"
"Broad Run HS";"Mar 12, 2026, 08:00:00";"0";"7.91";"0.67"
"Broad Run HS";"Mar 12, 2026, 07:00:00";"0";"13.02";"0.31"
"Broad Run HS";"Mar 12, 2026, 07:00:00";"0";"13.02";"0.31"
"Broad Run HS";"Mar 12, 2026, 06:00:00";"0";"20.56";"0.22"
"Broad Run HS";"Mar 12, 2026, 06:00:00";"0";"20.56";"0.22"
"Broad Run HS";"Mar 12, 2026, 05:00:00";"0";"30.58";"2.21"
"Broad Run HS";"Mar 12, 2026, 05:00:00";"0";"30.58";"2.21"
"Broad Run HS";"Mar 12, 2026, 04:00:00";"0";"33.87";"3.79"
"Broad Run HS";"Mar 12, 2026, 04:00:00";"0";"33.87";"3.79"
"Broad Run HS";"Mar 12, 2026, 03:00:00";"0";"29.64";"3.41"
"Broad Run HS";"Mar 12, 2026, 03:00:00";"0";"29.64";"3.41"
"Broad Run HS";"Mar 12, 2026, 02:00:00";"0";"29.65";"4.38"
"Broad Run HS";"Mar 12, 2026, 02:00:00";"0";"29.65";"4.38"
"Broad Run HS";"Mar 12, 2026, 01:00:00";"0";"28.77";"5.14"
"Broad Run HS";"Mar 12, 2026, 01:00:00";"0";"28.77";"5.14"
"Broad Run HS";"Mar 12, 2026, 00:00:00";"0";"38.59";"5.33"
"Broad Run HS";"Mar 12, 2026, 00:00:00";"0";"38.59";"5.33"
"Broad Run HS";"Mar 11, 2026, 23:00:00";"0.8";"40.99";"10.87"
"Broad Run HS";"Mar 11, 2026, 23:00:00";"0.8";"40.99";"10.87"
"Broad Run HS";"Mar 11, 2026, 22:00:00";"0.94";"42.41";"15.57"
"Broad Run HS";"Mar 11, 2026, 22:00:00";"0.94";"42.41";"15.57"
"Broad Run HS";"Mar 11, 2026, 21:00:00";"0";"45.36";"10.26"
"Broad Run HS";"Mar 11, 2026, 21:00:00";"0";"45.36";"10.26"
"Broad Run HS";"Mar 11, 2026, 20:00:00";"0";"39.66";"8.94"
"Broad Run HS";"Mar 11, 2026, 20:00:00";"0";"39.66";"8.94"
"Broad Run HS";"Mar 11, 2026, 19:00:00";"0";"34.71";"6.42"
"Broad Run HS";"Mar 11, 2026, 19:00:00";"0";"34.71";"6.42"
"Broad Run HS";"Mar 11, 2026, 18:00:00";"0";"36.12";"6.15"
"Broad Run HS";"Mar 11, 2026, 18:00:00";"0";"36.12";"6.15"
"Broad Run HS";"Mar 11, 2026, 17:00:00";"0";"37.23";"6.42"
"Broad Run HS";"Mar 11, 2026, 17:00:00";"0";"37.23";"6.42"
"Broad Run HS";"Mar 11, 2026, 16:00:00";"0";"38.05";"7.4"
"Broad Run HS";"Mar 11, 2026, 16:00:00";"0";"38.05";"7.4"
"Broad Run HS";"Mar 11, 2026, 15:00:00";"0";"31.96";"8.87"
"Broad Run HS";"Mar 11, 2026, 15:00:00";"0";"31.96";"8.87"
"Broad Run HS";"Mar 11, 2026, 14:00:00";"0";"30.21";"8.8"
"Broad Run HS";"Mar 11, 2026, 14:00:00";"0";"30.21";"8.8"
"Broad Run HS";"Mar 11, 2026, 13:00:00";"0";"33.1";"8.84"
"Broad Run HS";"Mar 11, 2026, 13:00:00";"0";"33.1";"8.84"
"Broad Run HS";"Mar 11, 2026, 12:00:00";"0.07";"33.43";"8.36"
"Broad Run HS";"Mar 11, 2026, 12:00:00";"0.07";"33.43";"8.36"
"Broad Run HS";"Mar 11, 2026, 11:00:00";"4.64";"31.95";"7.72"
"Broad Run HS";"Mar 11, 2026, 11:00:00";"4.64";"31.95";"7.72"
"Broad Run HS";"Mar 11, 2026, 10:00:00";"7.34";"28.06";"7.24"
"Broad Run HS";"Mar 11, 2026, 10:00:00";"7.34";"28.06";"7.24"
"Broad Run HS";"Mar 11, 2026, 09:00:00";"7.87";"23.44";"5.55"
"Broad Run HS";"Mar 11, 2026, 09:00:00";"7.87";"23.44";"5.55"
"Broad Run HS";"Mar 11, 2026, 08:00:00";"4.21";"19.35";"6.81"
"Broad Run HS";"Mar 11, 2026, 08:00:00";"4.21";"19.35";"6.81"
"Broad Run HS";"Mar 11, 2026, 07:00:00";"0.45";"18.14";"6.09"
"Broad Run HS";"Mar 11, 2026, 07:00:00";"0.45";"18.14";"6.09"
"Broad Run HS";"Mar 11, 2026, 06:00:00";"0";"19.4";"5.64"
"Broad Run HS";"Mar 11, 2026, 06:00:00";"0";"19.4";"5.64"
"Broad Run HS";"Mar 11, 2026, 05:00:00";"0";"19.03";"5.56"
"Broad Run HS";"Mar 11, 2026, 05:00:00";"0";"19.03";"5.56"
"Broad Run HS";"Mar 11, 2026, 04:00:00";"0";"19.34";"5.68"
"Broad Run HS";"Mar 11, 2026, 04:00:00";"0";"19.34";"5.68"
"Broad Run HS";"Mar 11, 2026, 03:00:00";"0";"21.08";"5.83"
"Broad Run HS";"Mar 11, 2026, 03:00:00";"0";"21.08";"5.83"
"Broad Run HS";"Mar 11, 2026, 02:00:00";"0";"19.82";"5.89"
"Broad Run HS";"Mar 11, 2026, 02:00:00";"0";"19.82";"5.89"
"Broad Run HS";"Mar 11, 2026, 01:00:00";"0";"19.4";"5.85"
"Broad Run HS";"Mar 11, 2026, 01:00:00";"0";"19.4";"5.85"
"Broad Run HS";"Mar 11, 2026, 00:00:00";"0";"19.07";"5.55"
"Broad Run HS";"Mar 11, 2026, 00:00:00";"0";"19.07";"5.55"
"Broad Run HS";"Mar 10, 2026, 23:00:00";"0";"21.04";"4.83"
"Broad Run HS";"Mar 10, 2026, 23:00:00";"0";"21.04";"4.83"
"Broad Run HS";"Mar 10, 2026, 22:00:00";"1.98";"24";"4.97"
"Broad Run HS";"Mar 10, 2026, 22:00:00";"1.98";"24";"4.97"
"Broad Run HS";"Mar 10, 2026, 21:00:00";"0";"19.85";"4.75"
"Broad Run HS";"Mar 10, 2026, 21:00:00";"0";"19.85";"4.75"
"Broad Run HS";"Mar 10, 2026, 20:00:00";"0";"18.74";"3.92"
"Broad Run HS";"Mar 10, 2026, 20:00:00";"0";"18.74";"3.92"
"Broad Run HS";"Mar 10, 2026, 19:00:00";"0";"21.53";"3.86"
"Broad Run HS";"Mar 10, 2026, 19:00:00";"0";"21.53";"3.86"
"Broad Run HS";"Mar 10, 2026, 18:00:00";"0";"23.08";"3.8"
"Broad Run HS";"Mar 10, 2026, 18:00:00";"0";"23.08";"3.8"
"Broad Run HS";"Mar 10, 2026, 17:00:00";"0";"25.69";"3.76"
"Broad Run HS";"Mar 10, 2026, 17:00:00";"0";"25.69";"3.76"
"Broad Run HS";"Mar 10, 2026, 16:00:00";"0";"27.39";"4.24"
"Broad Run HS";"Mar 10, 2026, 16:00:00";"0";"27.39";"4.24"
"Broad Run HS";"Mar 10, 2026, 15:00:00";"0";"29.47";"5.3"
"Broad Run HS";"Mar 10, 2026, 15:00:00";"0";"29.47";"5.3"
"Broad Run HS";"Mar 10, 2026, 14:00:00";"0";"28.91";"4.85"
"Broad Run HS";"Mar 10, 2026, 14:00:00";"0";"28.91";"4.85"
"Broad Run HS";"Mar 10, 2026, 13:00:00";"0";"26.94";"5.32"
"Broad Run HS";"Mar 10, 2026, 13:00:00";"0";"26.94";"5.32"
"Broad Run HS";"Mar 10, 2026, 12:00:00";"1.39";"32.69";"6.29"
"Broad Run HS";"Mar 10, 2026, 12:00:00";"1.39";"32.69";"6.29"
"Broad Run HS";"Mar 10, 2026, 11:00:00";"0.93";"29.93";"4.05"
"Broad Run HS";"Mar 10, 2026, 11:00:00";"0.93";"29.93";"4.05"
"Broad Run HS";"Mar 10, 2026, 10:00:00";"4.82";"24.16";"3.28"
"Broad Run HS";"Mar 10, 2026, 10:00:00";"4.82";"24.16";"3.28"
"Broad Run HS";"Mar 10, 2026, 09:00:00";"8.55";"18.46";"3.72"
"Broad Run HS";"Mar 10, 2026, 09:00:00";"8.55";"18.46";"3.72"
"Broad Run HS";"Mar 10, 2026, 08:00:00";"7.77";"13.93";"4.68"
"Broad Run HS";"Mar 10, 2026, 08:00:00";"7.77";"13.93";"4.68"
"Broad Run HS";"Mar 10, 2026, 07:00:00";"7.22";"12.36";"4.85"
"Broad Run HS";"Mar 10, 2026, 07:00:00";"7.22";"12.36";"4.85"
"Broad Run HS";"Mar 10, 2026, 06:00:00";"5.2";"11.94";"4.2"
"Broad Run HS";"Mar 10, 2026, 06:00:00";"5.2";"11.94";"4.2"
"Broad Run HS";"Mar 10, 2026, 05:00:00";"4.12";"11.59";"3.67"
"Broad Run HS";"Mar 10, 2026, 05:00:00";"4.12";"11.59";"3.67"
"Broad Run HS";"Mar 10, 2026, 04:00:00";"2.88";"11.02";"3.62"
"Broad Run HS";"Mar 10, 2026, 04:00:00";"2.88";"11.02";"3.62"
"Broad Run HS";"Mar 10, 2026, 03:00:00";"2.66";"11.89";"3.46"
"Broad Run HS";"Mar 10, 2026, 03:00:00";"2.66";"11.89";"3.46"
"Broad Run HS";"Mar 10, 2026, 02:00:00";"1.35";"12.58";"3.29"
"Broad Run HS";"Mar 10, 2026, 02:00:00";"1.35";"12.58";"3.29"
"Broad Run HS";"Mar 10, 2026, 01:00:00";"1.34";"13.6";"3.2"
"Broad Run HS";"Mar 10, 2026, 01:00:00";"1.34";"13.6";"3.2"
"Broad Run HS";"Mar 10, 2026, 00:00:00";"3.5";"13.86";"3.71"
"Broad Run HS";"Mar 10, 2026, 00:00:00";"3.5";"13.86";"3.71"
"Broad Run HS";"Mar 9, 2026, 23:00:00";"1.45";"15.7";"3.21"
"Broad Run HS";"Mar 9, 2026, 23:00:00";"1.45";"15.7";"3.21"
"Broad Run HS";"Mar 9, 2026, 22:00:00";"1.28";"17.14";"2.95"
"Broad Run HS";"Mar 9, 2026, 22:00:00";"1.28";"17.14";"2.95"
"Broad Run HS";"Mar 9, 2026, 21:00:00";"2.96";"21.07";"2.59"
"Broad Run HS";"Mar 9, 2026, 21:00:00";"2.96";"21.07";"2.59"
"Broad Run HS";"Mar 9, 2026, 20:00:00";"0";"19.69";"2.08"
"Broad Run HS";"Mar 9, 2026, 20:00:00";"0";"19.69";"2.08"
"Broad Run HS";"Mar 9, 2026, 19:00:00";"0";"14.44";"1.68"
"Broad Run HS";"Mar 9, 2026, 19:00:00";"0";"14.44";"1.68"
"Broad Run HS";"Mar 9, 2026, 18:00:00";"0";"13.61";"1.57"
"Broad Run HS";"Mar 9, 2026, 18:00:00";"0";"13.61";"1.57"
"Broad Run HS";"Mar 9, 2026, 17:00:00";"0";"16.48";"1.62"
"Broad Run HS";"Mar 9, 2026, 17:00:00";"0";"16.48";"1.62"
"Broad Run HS";"Mar 9, 2026, 16:00:00";"0";"17.48";"1.62"
"Broad Run HS";"Mar 9, 2026, 16:00:00";"0";"17.48";"1.62"
"Broad Run HS";"Mar 9, 2026, 15:00:00";"0";"17.29";"1.98"
"Broad Run HS";"Mar 9, 2026, 15:00:00";"0";"17.29";"1.98"
"Broad Run HS";"Mar 9, 2026, 14:00:00";"0";"23.41";"2.32"
"Broad Run HS";"Mar 9, 2026, 14:00:00";"0";"23.41";"2.32"
"Broad Run HS";"Mar 9, 2026, 13:00:00";"0";"21.81";"1.89"
"Broad Run HS";"Mar 9, 2026, 13:00:00";"0";"21.81";"1.89"
"Broad Run HS";"Mar 9, 2026, 12:00:00";"0";"34.07";"2.29"
"Broad Run HS";"Mar 9, 2026, 12:00:00";"0";"34.07";"2.29"
"Broad Run HS";"Mar 9, 2026, 11:00:00";"0.26";"52.95";"2.62"
"Broad Run HS";"Mar 9, 2026, 11:00:00";"0.26";"52.95";"2.62"
"Broad Run HS";"Mar 9, 2026, 10:00:00";"6.89";"24.37";"3.01"
"Broad Run HS";"Mar 9, 2026, 10:00:00";"6.89";"24.37";"3.01"
"Broad Run HS";"Mar 9, 2026, 09:00:00";"9.71";"14.36";"3.17"
"Broad Run HS";"Mar 9, 2026, 09:00:00";"9.71";"14.36";"3.17"
"Broad Run HS";"Mar 9, 2026, 08:00:00";"9.18";"12.45";"6.05"
"Broad Run HS";"Mar 9, 2026, 08:00:00";"9.18";"12.45";"6.05"
"Broad Run HS";"Mar 9, 2026, 07:00:00";"7.84";"11.03";"4.5"
"Broad Run HS";"Mar 9, 2026, 07:00:00";"7.84";"11.03";"4.5"
"Broad Run HS";"Mar 9, 2026, 06:00:00";"5.56";"12.05";"4.93"
"Broad Run HS";"Mar 9, 2026, 06:00:00";"5.56";"12.05";"4.93"
"Broad Run HS";"Mar 9, 2026, 05:00:00";"3.49";"16.04";"3.72"
"Broad Run HS";"Mar 9, 2026, 05:00:00";"3.49";"16.04";"3.72"
"Broad Run HS";"Mar 9, 2026, 04:00:00";"3.03";"11.05";"3.74"
"Broad Run HS";"Mar 9, 2026, 04:00:00";"3.03";"11.05";"3.74"
"Broad Run HS";"Mar 9, 2026, 03:00:00";"2.37";"11.25";"3.37"
"Broad Run HS";"Mar 9, 2026, 03:00:00";"2.37";"11.25";"3.37"
"Broad Run HS";"Mar 9, 2026, 02:00:00";"1.55";"11.71";"3.23"
"Broad Run HS";"Mar 9, 2026, 02:00:00";"1.55";"11.71";"3.23"
"Broad Run HS";"Mar 9, 2026, 01:00:00";"0.65";"11.79";"2.78"
"Broad Run HS";"Mar 9, 2026, 01:00:00";"0.65";"11.79";"2.78"
"Broad Run HS";"Mar 9, 2026, 00:00:00";"0.49";"12.87";"2.44"
"Broad Run HS";"Mar 9, 2026, 00:00:00";"0.49";"12.87";"2.44"
"Broad Run HS";"Mar 8, 2026, 23:00:00";"0.16";"15.2";"2.78"
"Broad Run HS";"Mar 8, 2026, 23:00:00";"0.16";"15.2";"2.78"
"Broad Run HS";"Mar 8, 2026, 22:00:00";"1.29";"18.33";"2.93"
"Broad Run HS";"Mar 8, 2026, 22:00:00";"1.29";"18.33";"2.93"
"Broad Run HS";"Mar 8, 2026, 21:00:00";"0.01";"29.33";"13.4"
"Broad Run HS";"Mar 8, 2026, 21:00:00";"0.01";"29.33";"13.4"
"Broad Run HS";"Mar 8, 2026, 20:00:00";"0";"27.22";"4.34"
"Broad Run HS";"Mar 8, 2026, 20:00:00";"0";"27.22";"4.34"
"Broad Run HS";"Mar 8, 2026, 19:00:00";"0";"26.72";"2.02"
"Broad Run HS";"Mar 8, 2026, 19:00:00";"0";"26.72";"2.02"
"Broad Run HS";"Mar 8, 2026, 18:00:00";"0";"26.52";"1.82"
"Broad Run HS";"Mar 8, 2026, 18:00:00";"0";"26.52";"1.82"
"Broad Run HS";"Mar 8, 2026, 17:00:00";"0";"28.6";"1.75"
"Broad Run HS";"Mar 8, 2026, 17:00:00";"0";"28.6";"1.75"
"Broad Run HS";"Mar 8, 2026, 16:00:00";"0";"35.53";"1.35"
"Broad Run HS";"Mar 8, 2026, 16:00:00";"0";"35.53";"1.35"
"Broad Run HS";"Mar 8, 2026, 15:00:00";"0";"40.38";"1.29"
"Broad Run HS";"Mar 8, 2026, 15:00:00";"0";"40.38";"1.29"
"Broad Run HS";"Mar 8, 2026, 14:00:00";"0";"45.57";"1.03"
"Broad Run HS";"Mar 8, 2026, 14:00:00";"0";"45.57";"1.03"
"Broad Run HS";"Mar 8, 2026, 13:00:00";"0";"60.04";"2.14"
"Broad Run HS";"Mar 8, 2026, 13:00:00";"0";"60.04";"2.14"
"Broad Run HS";"Mar 8, 2026, 12:00:00";"0";"67.15";"2.43"
"Broad Run HS";"Mar 8, 2026, 12:00:00";"0";"67.15";"2.43"
"Broad Run HS";"Mar 8, 2026, 11:00:00";"0";"66.18";"2.8"
"Broad Run HS";"Mar 8, 2026, 11:00:00";"0";"66.18";"2.8"
"Broad Run HS";"Mar 8, 2026, 10:00:00";"0";"57.57";"4.32"
"Broad Run HS";"Mar 8, 2026, 10:00:00";"0";"57.57";"4.32"
"Broad Run HS";"Mar 8, 2026, 09:00:00";"0";"52.25";"9.35"
"Broad Run HS";"Mar 8, 2026, 09:00:00";"0";"52.25";"9.35"
"Broad Run HS";"Mar 8, 2026, 08:00:00";"0";"55.27";"10.08"
"Broad Run HS";"Mar 8, 2026, 08:00:00";"0";"55.27";"10.08"
"Broad Run HS";"Mar 8, 2026, 07:00:00";"0";"55.59";"6.83"
"Broad Run HS";"Mar 8, 2026, 07:00:00";"0";"55.59";"6.83"
"Broad Run HS";"Mar 8, 2026, 06:00:00";"0";"58.47";"6.78"
"Broad Run HS";"Mar 8, 2026, 06:00:00";"0";"58.47";"6.78"
"Broad Run HS";"Mar 8, 2026, 05:00:00";"0";"57.72";"6.22"
"Broad Run HS";"Mar 8, 2026, 05:00:00";"0";"57.72";"6.22"
"Broad Run HS";"Mar 8, 2026, 04:00:00";"0";"49.73";"4.12"
"Broad Run HS";"Mar 8, 2026, 04:00:00";"0";"49.73";"4.12"
"Broad Run HS";"Mar 8, 2026, 03:00:00";"0.53";"46.15";"0"
"Broad Run HS";"Mar 8, 2026, 03:00:00";"0.53";"46.15";"0"
"Broad Run HS";"Mar 8, 2026, 01:00:00";"4.09";"39.65";"0"
"Broad Run HS";"Mar 8, 2026, 01:00:00";"4.09";"39.65";"0"
"Broad Run HS";"Mar 8, 2026, 00:00:00";"0";"40.42";"17.82"
"Broad Run HS";"Mar 8, 2026, 00:00:00";"0";"40.42";"17.82"
"Broad Run HS";"Mar 7, 2026, 23:00:00";"0";"47.79";"10.09"
"Broad Run HS";"Mar 7, 2026, 23:00:00";"0";"47.79";"10.09"
"Broad Run HS";"Mar 7, 2026, 22:00:00";"0";"51.45";"8.7"
"Broad Run HS";"Mar 7, 2026, 22:00:00";"0";"51.45";"8.7"
"Broad Run HS";"Mar 7, 2026, 21:00:00";"0";"48.44";"8.37"
"Broad Run HS";"Mar 7, 2026, 21:00:00";"0";"48.44";"8.37"
"Broad Run HS";"Mar 7, 2026, 20:00:00";"1.64";"51.74";"8.47"
"Broad Run HS";"Mar 7, 2026, 20:00:00";"1.64";"51.74";"8.47"
"Broad Run HS";"Mar 7, 2026, 19:00:00";"1.09";"55.29";"8.81"
"Broad Run HS";"Mar 7, 2026, 19:00:00";"1.09";"55.29";"8.81"
"Broad Run HS";"Mar 7, 2026, 18:00:00";"0";"55.62";"9.18"
"Broad Run HS";"Mar 7, 2026, 18:00:00";"0";"55.62";"9.18"
"Broad Run HS";"Mar 7, 2026, 17:00:00";"0";"46.4";"8.13"
"Broad Run HS";"Mar 7, 2026, 17:00:00";"0";"46.4";"8.13"
"Broad Run HS";"Mar 7, 2026, 16:00:00";"0";"38.3";"9.25"
"Broad Run HS";"Mar 7, 2026, 16:00:00";"0";"38.3";"9.25"
"Broad Run HS";"Mar 7, 2026, 15:00:00";"0";"31.77";"10.43"
"Broad Run HS";"Mar 7, 2026, 15:00:00";"0";"31.77";"10.43"
"Broad Run HS";"Mar 7, 2026, 14:00:00";"0";"27.04";"10.15"
"Broad Run HS";"Mar 7, 2026, 14:00:00";"0";"27.04";"10.15"
"Broad Run HS";"Mar 7, 2026, 13:00:00";"0";"23.4";"9.08"
"Broad Run HS";"Mar 7, 2026, 13:00:00";"0";"23.4";"9.08"
"Broad Run HS";"Mar 7, 2026, 12:00:00";"0";"19.75";"7.83"
"Broad Run HS";"Mar 7, 2026, 12:00:00";"0";"19.75";"7.83"
"Broad Run HS";"Mar 7, 2026, 11:00:00";"0.19";"16.82";"7.91"
"Broad Run HS";"Mar 7, 2026, 11:00:00";"0.19";"16.82";"7.91"
"Broad Run HS";"Mar 7, 2026, 10:00:00";"0.23";"13.69";"10.75"
"Broad Run HS";"Mar 7, 2026, 10:00:00";"0.23";"13.69";"10.75"
"Broad Run HS";"Mar 7, 2026, 09:00:00";"1.21";"12.77";"11.67"
"Broad Run HS";"Mar 7, 2026, 09:00:00";"1.21";"12.77";"11.67"
"Broad Run HS";"Mar 7, 2026, 08:00:00";"1.6";"12.41";"8.86"
"Broad Run HS";"Mar 7, 2026, 08:00:00";"1.6";"12.41";"8.86"
"Broad Run HS";"Mar 7, 2026, 07:00:00";"1.22";"12.39";"8.52"
"Broad Run HS";"Mar 7, 2026, 07:00:00";"1.22";"12.39";"8.52"
"Broad Run HS";"Mar 7, 2026, 06:00:00";"0.47";"12.23";"9.09"
"Broad Run HS";"Mar 7, 2026, 06:00:00";"0.47";"12.23";"9.09"
"Broad Run HS";"Mar 7, 2026, 05:00:00";"0.01";"12.4";"9.99"
"Broad Run HS";"Mar 7, 2026, 05:00:00";"0.01";"12.4";"9.99"
"Broad Run HS";"Mar 7, 2026, 04:00:00";"0";"13.63";"14.63"
"Broad Run HS";"Mar 7, 2026, 04:00:00";"0";"13.63";"14.63"
"Broad Run HS";"Mar 7, 2026, 03:00:00";"0.14";"13.85";"19.89"
"Broad Run HS";"Mar 7, 2026, 03:00:00";"0.14";"13.85";"19.89"
"Broad Run HS";"Mar 7, 2026, 02:00:00";"0.08";"15.33";"17.39"
"Broad Run HS";"Mar 7, 2026, 02:00:00";"0.08";"15.33";"17.39"
"Broad Run HS";"Mar 7, 2026, 01:00:00";"0";"16.36";"15.53"
"Broad Run HS";"Mar 7, 2026, 01:00:00";"0";"16.36";"15.53"
"Broad Run HS";"Mar 7, 2026, 00:00:00";"0";"16.29";"18.83"
"Broad Run HS";"Mar 7, 2026, 00:00:00";"0";"16.29";"18.83"
"Broad Run HS";"Mar 6, 2026, 23:00:00";"0";"16.5";"24.99"
"Broad Run HS";"Mar 6, 2026, 23:00:00";"0";"16.5";"24.99"
"Broad Run HS";"Mar 6, 2026, 22:00:00";"0.05";"16.47";"25.41"
"Broad Run HS";"Mar 6, 2026, 22:00:00";"0.05";"16.47";"25.41"
"Broad Run HS";"Mar 6, 2026, 21:00:00";"0.06";"16.54";"25.29"
"Broad Run HS";"Mar 6, 2026, 21:00:00";"0.06";"16.54";"25.29"
"Broad Run HS";"Mar 6, 2026, 20:00:00";"0.17";"17.4";"23.11"
"Broad Run HS";"Mar 6, 2026, 20:00:00";"0.17";"17.4";"23.11"
"Broad Run HS";"Mar 6, 2026, 19:00:00";"0.28";"19.29";"21.69"
"Broad Run HS";"Mar 6, 2026, 19:00:00";"0.28";"19.29";"21.69"
"Broad Run HS";"Mar 6, 2026, 18:00:00";"0.32";"21.63";"22.44"
"Broad Run HS";"Mar 6, 2026, 18:00:00";"0.32";"21.63";"22.44"
"Broad Run HS";"Mar 6, 2026, 17:00:00";"0.57";"23.94";"26.63"
"Broad Run HS";"Mar 6, 2026, 17:00:00";"0.57";"23.94";"26.63"
"Broad Run HS";"Mar 6, 2026, 16:00:00";"0.2";"26.23";"22.59"
"Broad Run HS";"Mar 6, 2026, 16:00:00";"0.2";"26.23";"22.59"
"Broad Run HS";"Mar 6, 2026, 15:00:00";"0";"27.08";"22.1"
"Broad Run HS";"Mar 6, 2026, 15:00:00";"0";"27.08";"22.1"
"Broad Run HS";"Mar 6, 2026, 14:00:00";"0";"27.33";"23.13"
"Broad Run HS";"Mar 6, 2026, 14:00:00";"0";"27.33";"23.13"
"Broad Run HS";"Mar 6, 2026, 13:00:00";"0.17";"27.36";"19.8"
"Broad Run HS";"Mar 6, 2026, 13:00:00";"0.17";"27.36";"19.8"
"Broad Run HS";"Mar 6, 2026, 12:00:00";"0.24";"25.84";"15.2"
"Broad Run HS";"Mar 6, 2026, 12:00:00";"0.24";"25.84";"15.2"
"Broad Run HS";"Mar 6, 2026, 11:00:00";"1.18";"23.4";"25.89"
"Broad Run HS";"Mar 6, 2026, 11:00:00";"1.18";"23.4";"25.89"
"Broad Run HS";"Mar 6, 2026, 10:00:00";"1.73";"23.77";"29.47"
"Broad Run HS";"Mar 6, 2026, 10:00:00";"1.73";"23.77";"29.47"
"Broad Run HS";"Mar 6, 2026, 09:00:00";"3.3";"24.73";"0"
"Broad Run HS";"Mar 6, 2026, 09:00:00";"3.3";"24.73";"0"
"Broad Run HS";"Mar 6, 2026, 08:00:00";"4.45";"25.26";"0"
"Broad Run HS";"Mar 6, 2026, 08:00:00";"4.45";"25.26";"0"
"Broad Run HS";"Mar 6, 2026, 07:00:00";"2.9";"24.56";"0"
"Broad Run HS";"Mar 6, 2026, 07:00:00";"2.9";"24.56";"0"
"Broad Run HS";"Mar 6, 2026, 06:00:00";"2.03";"25.59";"0"
"Broad Run HS";"Mar 6, 2026, 06:00:00";"2.03";"25.59";"0"
"Broad Run HS";"Mar 6, 2026, 05:00:00";"2.63";"24.67";"0"
"Broad Run HS";"Mar 6, 2026, 05:00:00";"2.63";"24.67";"0"
"Broad Run HS";"Mar 6, 2026, 04:00:00";"3.35";"26.34";"0"
"Broad Run HS";"Mar 6, 2026, 04:00:00";"3.35";"26.34";"0"
"Broad Run HS";"Mar 6, 2026, 03:00:00";"3.24";"26.49";"0"
"Broad Run HS";"Mar 6, 2026, 03:00:00";"3.24";"26.49";"0"
"Broad Run HS";"Mar 6, 2026, 02:00:00";"5.87";"27.21";"0"
"Broad Run HS";"Mar 6, 2026, 02:00:00";"5.87";"27.21";"0"
"Broad Run HS";"Mar 6, 2026, 01:00:00";"7.83";"27.81";"0"
"Broad Run HS";"Mar 6, 2026, 01:00:00";"7.83";"27.81";"0"
"Broad Run HS";"Mar 6, 2026, 00:00:00";"7.57";"27.22";"0"
"Broad Run HS";"Mar 6, 2026, 00:00:00";"7.57";"27.22";"0"
"Broad Run HS";"Mar 5, 2026, 23:00:00";"7.57";"25.43";"0"
"Broad Run HS";"Mar 5, 2026, 23:00:00";"7.57";"25.43";"0"
"Broad Run HS";"Mar 5, 2026, 22:00:00";"7.04";"24.97";"39.53"
"Broad Run HS";"Mar 5, 2026, 22:00:00";"7.04";"24.97";"39.53"
"Broad Run HS";"Mar 5, 2026, 21:00:00";"4.98";"27.03";"32.13"
"Broad Run HS";"Mar 5, 2026, 21:00:00";"4.98";"27.03";"32.13"
"Broad Run HS";"Mar 5, 2026, 20:00:00";"8.04";"28.73";"28.98"
"Broad Run HS";"Mar 5, 2026, 20:00:00";"8.04";"28.73";"28.98"
"Broad Run HS";"Mar 5, 2026, 19:00:00";"10.99";"32.64";"31.66"
"Broad Run HS";"Mar 5, 2026, 19:00:00";"10.99";"32.64";"31.66"
"Broad Run HS";"Mar 5, 2026, 18:00:00";"5.09";"32.79";"26.03"
"Broad Run HS";"Mar 5, 2026, 18:00:00";"5.09";"32.79";"26.03"
"Broad Run HS";"Mar 5, 2026, 17:00:00";"0.89";"34.02";"24.53"
"Broad Run HS";"Mar 5, 2026, 17:00:00";"0.89";"34.02";"24.53"
"Broad Run HS";"Mar 5, 2026, 16:00:00";"1.16";"35.27";"28.28"
"Broad Run HS";"Mar 5, 2026, 16:00:00";"1.16";"35.27";"28.28"
"Broad Run HS";"Mar 5, 2026, 15:00:00";"2.04";"35.18";"35.05"
"Broad Run HS";"Mar 5, 2026, 15:00:00";"2.04";"35.18";"35.05"
"Broad Run HS";"Mar 5, 2026, 14:00:00";"2.2";"33.12";"34.93"
"Broad Run HS";"Mar 5, 2026, 14:00:00";"2.2";"33.12";"34.93"
"Broad Run HS";"Mar 5, 2026, 13:00:00";"1.74";"31.26";"28.68"
"Broad Run HS";"Mar 5, 2026, 13:00:00";"1.74";"31.26";"28.68"
"Broad Run HS";"Mar 5, 2026, 12:00:00";"2.27";"26.77";"36.16"
"Broad Run HS";"Mar 5, 2026, 12:00:00";"2.27";"26.77";"36.16"
"Broad Run HS";"Mar 5, 2026, 11:00:00";"3.17";"24.51";"0"
"Broad Run HS";"Mar 5, 2026, 11:00:00";"3.17";"24.51";"0"
"Broad Run HS";"Mar 5, 2026, 10:00:00";"4.52";"23.89";"0"
"Broad Run HS";"Mar 5, 2026, 10:00:00";"4.52";"23.89";"0"
"Broad Run HS";"Mar 5, 2026, 09:00:00";"4.42";"22.15";"0"
"Broad Run HS";"Mar 5, 2026, 09:00:00";"4.42";"22.15";"0"
"Broad Run HS";"Mar 5, 2026, 08:00:00";"5.12";"20.25";"0"
"Broad Run HS";"Mar 5, 2026, 08:00:00";"5.12";"20.25";"0"
"Broad Run HS";"Mar 5, 2026, 07:00:00";"6.19";"20.34";"0"
"Broad Run HS";"Mar 5, 2026, 07:00:00";"6.19";"20.34";"0"
"Broad Run HS";"Mar 5, 2026, 06:00:00";"6.33";"19.22";"0"
"Broad Run HS";"Mar 5, 2026, 06:00:00";"6.33";"19.22";"0"
"Broad Run HS";"Mar 5, 2026, 05:00:00";"5.92";"18.03";"0"
"Broad Run HS";"Mar 5, 2026, 05:00:00";"5.92";"18.03";"0"
"Broad Run HS";"Mar 5, 2026, 04:00:00";"8";"19.37";"0"
"Broad Run HS";"Mar 5, 2026, 04:00:00";"8";"19.37";"0"
"Broad Run HS";"Mar 5, 2026, 03:00:00";"6.29";"18.83";"0"
"Broad Run HS";"Mar 5, 2026, 03:00:00";"6.29";"18.83";"0"
"Broad Run HS";"Mar 5, 2026, 02:00:00";"3.08";"17.41";"0"
"Broad Run HS";"Mar 5, 2026, 02:00:00";"3.08";"17.41";"0"
"Broad Run HS";"Mar 5, 2026, 01:00:00";"3.47";"17.29";"0"
"Broad Run HS";"Mar 5, 2026, 01:00:00";"3.47";"17.29";"0"
"Broad Run HS";"Mar 5, 2026, 00:00:00";"3.69";"17.07";"0"
"Broad Run HS";"Mar 5, 2026, 00:00:00";"3.69";"17.07";"0"
"Broad Run HS";"Mar 4, 2026, 23:00:00";"3.63";"17.08";"0"
"Broad Run HS";"Mar 4, 2026, 23:00:00";"3.63";"17.08";"0"
"Broad Run HS";"Mar 4, 2026, 22:00:00";"3.22";"17.04";"0"
"Broad Run HS";"Mar 4, 2026, 22:00:00";"3.22";"17.04";"0"
"Broad Run HS";"Mar 4, 2026, 21:00:00";"2.69";"17.31";"0"
"Broad Run HS";"Mar 4, 2026, 21:00:00";"2.69";"17.31";"0"
"Broad Run HS";"Mar 4, 2026, 20:00:00";"2.85";"17.79";"0"
"Broad Run HS";"Mar 4, 2026, 20:00:00";"2.85";"17.79";"0"
"Broad Run HS";"Mar 4, 2026, 19:00:00";"2.24";"17.98";"33.46"
"Broad Run HS";"Mar 4, 2026, 19:00:00";"2.24";"17.98";"33.46"
"Broad Run HS";"Mar 4, 2026, 18:00:00";"0.87";"18.25";"26.91"
"Broad Run HS";"Mar 4, 2026, 18:00:00";"0.87";"18.25";"26.91"
"Broad Run HS";"Mar 4, 2026, 17:00:00";"0.23";"17.71";"24.81"
"Broad Run HS";"Mar 4, 2026, 17:00:00";"0.23";"17.71";"24.81"
"Broad Run HS";"Mar 4, 2026, 16:00:00";"1.61";"17.16";"22.38"
"Broad Run HS";"Mar 4, 2026, 16:00:00";"1.61";"17.16";"22.38"
"Broad Run HS";"Mar 4, 2026, 15:00:00";"2.09";"16.33";"21.39"
"Broad Run HS";"Mar 4, 2026, 15:00:00";"2.09";"16.33";"21.39"
"Broad Run HS";"Mar 4, 2026, 14:00:00";"1.82";"14.69";"31.12"
"Broad Run HS";"Mar 4, 2026, 14:00:00";"1.82";"14.69";"31.12"
"Broad Run HS";"Mar 4, 2026, 13:00:00";"1.9";"15.02";"31.18"
"Broad Run HS";"Mar 4, 2026, 13:00:00";"1.9";"15.02";"31.18"
"Broad Run HS";"Mar 4, 2026, 12:00:00";"1.5";"15.58";"27.69"
"Broad Run HS";"Mar 4, 2026, 12:00:00";"1.5";"15.58";"27.69"
"Broad Run HS";"Mar 4, 2026, 11:00:00";"0";"17.12";"15.39"
"Broad Run HS";"Mar 4, 2026, 11:00:00";"0";"17.12";"15.39"
"Broad Run HS";"Mar 4, 2026, 10:00:00";"0.09";"18.62";"11.88"
"Broad Run HS";"Mar 4, 2026, 10:00:00";"0.09";"18.62";"11.88"
"Broad Run HS";"Mar 4, 2026, 09:00:00";"5.78";"15.72";"14.18"
"Broad Run HS";"Mar 4, 2026, 09:00:00";"5.78";"15.72";"14.18"
"Broad Run HS";"Mar 4, 2026, 08:00:00";"6.89";"13.38";"25.68"
"Broad Run HS";"Mar 4, 2026, 08:00:00";"6.89";"13.38";"25.68"
"Broad Run HS";"Mar 4, 2026, 07:00:00";"7.46";"12.58";"30"
"Broad Run HS";"Mar 4, 2026, 07:00:00";"7.46";"12.58";"30"
"Broad Run HS";"Mar 4, 2026, 06:00:00";"6.71";"12.21";"27.81"
"Broad Run HS";"Mar 4, 2026, 06:00:00";"6.71";"12.21";"27.81"
"Broad Run HS";"Mar 4, 2026, 05:00:00";"4.92";"11.98";"26.54"
"Broad Run HS";"Mar 4, 2026, 05:00:00";"4.92";"11.98";"26.54"
"Broad Run HS";"Mar 4, 2026, 04:00:00";"2.71";"12.39";"21.99"
"Broad Run HS";"Mar 4, 2026, 04:00:00";"2.71";"12.39";"21.99"
"Broad Run HS";"Mar 4, 2026, 03:00:00";"0.27";"11.76";"18.09"
"Broad Run HS";"Mar 4, 2026, 03:00:00";"0.27";"11.76";"18.09"
"Broad Run HS";"Mar 4, 2026, 02:00:00";"0";"9.46";"15.06"
"Broad Run HS";"Mar 4, 2026, 02:00:00";"0";"9.46";"15.06"
"Broad Run HS";"Mar 4, 2026, 01:00:00";"0.05";"7.88";"12.61"
"Broad Run HS";"Mar 4, 2026, 01:00:00";"0.05";"7.88";"12.61"
"Broad Run HS";"Mar 4, 2026, 00:00:00";"0.26";"6.92";"12.75"
"Broad Run HS";"Mar 4, 2026, 00:00:00";"0.26";"6.92";"12.75"
"Broad Run HS";"Mar 3, 2026, 23:00:00";"0.4";"6.44";"13.15"
"Broad Run HS";"Mar 3, 2026, 23:00:00";"0.4";"6.44";"13.15"
"Broad Run HS";"Mar 3, 2026, 22:00:00";"0.69";"5.58";"11.46"
"Broad Run HS";"Mar 3, 2026, 22:00:00";"0.69";"5.58";"11.46"
"Broad Run HS";"Mar 3, 2026, 21:00:00";"2.65";"5.33";"8.87"
"Broad Run HS";"Mar 3, 2026, 21:00:00";"2.65";"5.33";"8.87"
"Broad Run HS";"Mar 3, 2026, 20:00:00";"5.62";"5.51";"9.24"
"Broad Run HS";"Mar 3, 2026, 20:00:00";"5.62";"5.51";"9.24"
"Broad Run HS";"Mar 3, 2026, 19:00:00";"2.58";"5.24";"8.71"
"Broad Run HS";"Mar 3, 2026, 19:00:00";"2.58";"5.24";"8.71"
"Broad Run HS";"Mar 3, 2026, 18:00:00";"2.95";"4.85";"9.18"
"Broad Run HS";"Mar 3, 2026, 18:00:00";"2.95";"4.85";"9.18"
"Broad Run HS";"Mar 3, 2026, 17:00:00";"4.63";"4.39";"9.64"
"Broad Run HS";"Mar 3, 2026, 17:00:00";"4.63";"4.39";"9.64"
"Broad Run HS";"Mar 3, 2026, 16:00:00";"4.66";"4.37";"11.52"
"Broad Run HS";"Mar 3, 2026, 16:00:00";"4.66";"4.37";"11.52"
"Broad Run HS";"Mar 3, 2026, 15:00:00";"6.49";"4";"13.21"
"Broad Run HS";"Mar 3, 2026, 15:00:00";"6.49";"4";"13.21"
"Broad Run HS";"Mar 3, 2026, 14:00:00";"13.45";"4.67";"18.58"
"Broad Run HS";"Mar 3, 2026, 14:00:00";"13.45";"4.67";"18.58"
"Broad Run HS";"Mar 3, 2026, 13:00:00";"14.2";"3.84";"18.84"
"Broad Run HS";"Mar 3, 2026, 13:00:00";"14.2";"3.84";"18.84"
"Broad Run HS";"Mar 3, 2026, 12:00:00";"8.7";"2.06";"12.21"
"Broad Run HS";"Mar 3, 2026, 12:00:00";"8.7";"2.06";"12.21"
"Broad Run HS";"Mar 3, 2026, 11:00:00";"7.16";"2.12";"26.75"
"Broad Run HS";"Mar 3, 2026, 11:00:00";"7.16";"2.12";"26.75"
"Broad Run HS";"Mar 3, 2026, 10:00:00";"6.59";"1.57";"33.08"
"Broad Run HS";"Mar 3, 2026, 10:00:00";"6.59";"1.57";"33.08"
"Broad Run HS";"Mar 3, 2026, 09:00:00";"5.76";"1.25";"36.12"
"Broad Run HS";"Mar 3, 2026, 09:00:00";"5.76";"1.25";"36.12"
"Broad Run HS";"Mar 3, 2026, 08:00:00";"6.11";"2";"32.18"
"Broad Run HS";"Mar 3, 2026, 08:00:00";"6.11";"2";"32.18"
"Broad Run HS";"Mar 3, 2026, 07:00:00";"8.19";"2.05";"30.06"
"Broad Run HS";"Mar 3, 2026, 07:00:00";"8.19";"2.05";"30.06"
"Broad Run HS";"Mar 3, 2026, 06:00:00";"6.97";"2.36";"29.87"
"Broad Run HS";"Mar 3, 2026, 06:00:00";"6.97";"2.36";"29.87"
"Broad Run HS";"Mar 3, 2026, 05:00:00";"5.35";"1.89";"23.19"
"Broad Run HS";"Mar 3, 2026, 05:00:00";"5.35";"1.89";"23.19"
"Broad Run HS";"Mar 3, 2026, 04:00:00";"6.24";"1";"20.24"
"Broad Run HS";"Mar 3, 2026, 04:00:00";"6.24";"1";"20.24"
"Broad Run HS";"Mar 3, 2026, 03:00:00";"5.66";"0.62";"22.62"
"Broad Run HS";"Mar 3, 2026, 03:00:00";"5.66";"0.62";"22.62"
"Broad Run HS";"Mar 3, 2026, 02:00:00";"4.52";"0.4";"19"
"Broad Run HS";"Mar 3, 2026, 02:00:00";"4.52";"0.4";"19"
"Broad Run HS";"Mar 3, 2026, 01:00:00";"5.19";"0.66";"22.48"
"Broad Run HS";"Mar 3, 2026, 01:00:00";"5.19";"0.66";"22.48"
"Broad Run HS";"Mar 3, 2026, 00:00:00";"5.01";"0.27";"23.35"
"Broad Run HS";"Mar 3, 2026, 00:00:00";"5.01";"0.27";"23.35"