sep=;
"Location";"Date";"AQI";"NO2 (ppb)";"CO (ppm)";"VOCs (ppb)";"PM2.5 (µg/m³)"
"Dulles Airport";"Sep 11, 2026, 23:00:00";"36";"6.93";"0.14";"214.56";"6.7"
"Dulles Airport";"Sep 11, 2026, 22:00:00";"34";"9.42";"0.17";"200.13";"5.8"
"Dulles Airport";"Sep 11, 2026, 21:00:00";"36";"5.35";"0.17";"173.45";"8.37"
"Dulles Airport";"Sep 11, 2026, 20:00:00";"25";"3.64";"0.17";"125.98";"5.16"
"Dulles Airport";"Sep 11, 2026, 19:00:00";"21";"4.57";"0.16";"81.49";"3.97"
"Dulles Airport";"Sep 11, 2026, 18:00:00";"19";"2.46";"0.15";"67.84";"3.41"
"Dulles Airport";"Sep 11, 2026, 17:00:00";"20";"1.88";"0.14";"72.07";"3.26"
"Dulles Airport";"Sep 11, 2026, 16:00:00";"21";"2.74";"0.14";"87.4";"3.36"
"Dulles Airport";"Sep 11, 2026, 15:00:00";"23";"2.59";"0.14";"112.81";"3.47"
"Dulles Airport";"Sep 11, 2026, 14:00:00";"27";"4.89";"0.14";"159.82";"4.57"
"Dulles Airport";"Sep 11, 2026, 13:00:00";"28";"4.8";"0.14";"211.02";"4.6"
"Dulles Airport";"Sep 11, 2026, 12:00:00";"31";"5.72";"0.13";"262.56";"5.34"
"Dulles Airport";"Sep 11, 2026, 11:00:00";"32";"7.5";"0.15";"306.35";"4.37"
"Dulles Airport";"Sep 11, 2026, 10:00:00";"40";"7.37";"0.12";"412.14";"3.32"
"Dulles Airport";"Sep 11, 2026, 09:00:00";"56";"10.02";"0.11";"436.91";"8.75"
"Dulles Airport";"Sep 11, 2026, 08:00:00";"61";"8.79";"0.1";"395.1";"15.5"
"Dulles Airport";"Sep 11, 2026, 07:00:00";"59";"8.67";"0.08";"368.64";"15.52"
"Dulles Airport";"Sep 11, 2026, 06:00:00";"46";"9";"0.08";"318.99";"0"
"Dulles Airport";"Sep 11, 2026, 05:00:00";"46";"7.97";"0.09";"307.28";"8.41"
"Dulles Airport";"Sep 11, 2026, 04:00:00";"45";"7.98";"0.09";"237.54";"9.6"
"Dulles Airport";"Sep 11, 2026, 03:00:00";"37";"4.97";"0.09";"154.17";"6.95"
"Dulles Airport";"Sep 11, 2026, 02:00:00";"35";"4.53";"0.1";"126.47";"6.62"
"Dulles Airport";"Sep 11, 2026, 01:00:00";"34";"5.04";"0.1";"136.91";"6.46"
"Dulles Airport";"Sep 11, 2026, 00:00:00";"32";"4.67";"0.11";"120.36";"6.35"
"Dulles Airport";"Sep 10, 2026, 23:00:00";"28";"5.56";"0.12";"79.92";"5.31"
"Dulles Airport";"Sep 10, 2026, 22:00:00";"26";"6.1";"0.13";"62.02";"4.95"
"Dulles Airport";"Sep 10, 2026, 21:00:00";"24";"6.24";"0.13";"51.11";"4.36"
"Dulles Airport";"Sep 10, 2026, 20:00:00";"24";"5.58";"0.13";"42.75";"4.35"
"Dulles Airport";"Sep 10, 2026, 19:00:00";"23";"3.14";"0.14";"36.22";"4.43"
"Dulles Airport";"Sep 10, 2026, 18:00:00";"21";"1.01";"0.14";"34.89";"4.36"
"Dulles Airport";"Sep 10, 2026, 17:00:00";"18";"0.12";"0.16";"44.99";"3.04"
"Dulles Airport";"Sep 10, 2026, 16:00:00";"18";"0";"0.15";"40.71";"3.52"
"Dulles Airport";"Sep 10, 2026, 15:00:00";"17";"0";"0.15";"49.88";"3.47"
"Dulles Airport";"Sep 10, 2026, 14:00:00";"14";"0";"0.15";"64.61";"2.21"
"Dulles Airport";"Sep 10, 2026, 13:00:00";"17";"0";"0.16";"78.91";"2.25"
"Dulles Airport";"Sep 10, 2026, 12:00:00";"21";"0";"0.17";"91";"2.81"
"Dulles Airport";"Sep 10, 2026, 11:00:00";"24";"5.3";"0.2";"129.27";"4.49"
"Dulles Airport";"Sep 10, 2026, 10:00:00";"23";"16.44";"0.22";"143.93";"4.6"
"Dulles Airport";"Sep 10, 2026, 09:00:00";"22";"15.76";"0.17";"151.19";"4.64"
"Dulles Airport";"Sep 10, 2026, 08:00:00";"19";"19.8";"0.14";"138.53";"3.83"
"Dulles Airport";"Sep 10, 2026, 07:00:00";"18";"9.21";"0.11";"111.43";"3.32"
"Dulles Airport";"Sep 10, 2026, 06:00:00";"17";"9.01";"0.11";"90.08";"3.21"
"Dulles Airport";"Sep 10, 2026, 05:00:00";"17";"7.98";"0.12";"83.03";"3.03"
"Dulles Airport";"Sep 10, 2026, 04:00:00";"17";"8.73";"0.11";"72.94";"2.94"
"Dulles Airport";"Sep 10, 2026, 03:00:00";"18";"9.6";"0.11";"63.35";"2.92"
"Dulles Airport";"Sep 10, 2026, 02:00:00";"18";"12.9";"0.11";"56.3";"2.91"
"Dulles Airport";"Sep 10, 2026, 01:00:00";"18";"9.5";"0.12";"48.26";"3.08"
"Dulles Airport";"Sep 10, 2026, 00:00:00";"19";"11.59";"0.13";"41.35";"3.01"
"Dulles Airport";"Sep 9, 2026, 23:00:00";"19";"13.31";"0.14";"40.37";"3.28"
"Dulles Airport";"Sep 9, 2026, 22:00:00";"20";"20.53";"0.17";"39.97";"3.46"
"Dulles Airport";"Sep 9, 2026, 21:00:00";"20";"14.96";"0.17";"37.1";"3.17"
"Dulles Airport";"Sep 9, 2026, 20:00:00";"20";"13.89";"0.18";"33.26";"3.28"
"Dulles Airport";"Sep 9, 2026, 19:00:00";"21";"9.27";"0.17";"29.78";"3.81"
"Dulles Airport";"Sep 9, 2026, 18:00:00";"21";"1.86";"0.17";"27.35";"3.85"
"Dulles Airport";"Sep 9, 2026, 17:00:00";"20";"0.13";"0.16";"27.07";"3.8"
"Dulles Airport";"Sep 9, 2026, 16:00:00";"20";"0";"0.15";"26.16";"3.81"
"Dulles Airport";"Sep 9, 2026, 15:00:00";"20";"0";"0.15";"31.66";"3.92"
"Dulles Airport";"Sep 9, 2026, 14:00:00";"19";"0.22";"0.15";"42.6";"3.73"
"Dulles Airport";"Sep 9, 2026, 13:00:00";"19";"0";"0.15";"55.55";"3.61"
"Dulles Airport";"Sep 9, 2026, 12:00:00";"18";"0";"0.15";"74.63";"3.55"
"Dulles Airport";"Sep 9, 2026, 11:00:00";"18";"1.52";"0.16";"110.53";"3.42"
"Dulles Airport";"Sep 9, 2026, 10:00:00";"17";"7.58";"0.14";"158.2";"3.08"
"Dulles Airport";"Sep 9, 2026, 09:00:00";"17";"7.79";"0.11";"177.41";"3.09"
"Dulles Airport";"Sep 9, 2026, 08:00:00";"17";"11.97";"0.14";"175.95";"2.97"
"Dulles Airport";"Sep 9, 2026, 07:00:00";"17";"10.24";"0.11";"171.95";"3.09"
"Dulles Airport";"Sep 9, 2026, 06:00:00";"17";"6.24";"0.1";"174.44";"2.92"
"Dulles Airport";"Sep 9, 2026, 05:00:00";"18";"6.17";"0.1";"176.69";"2.81"
"Dulles Airport";"Sep 9, 2026, 04:00:00";"18";"8.14";"0.1";"157.83";"3.3"
"Dulles Airport";"Sep 9, 2026, 03:00:00";"18";"8.8";"0.1";"144.22";"3.18"
"Dulles Airport";"Sep 9, 2026, 02:00:00";"18";"9.66";"0.13";"148.91";"2.91"
"Dulles Airport";"Sep 9, 2026, 01:00:00";"19";"15.78";"0.11";"134.74";"3.56"
"Dulles Airport";"Sep 9, 2026, 00:00:00";"18";"16.35";"0.1";"109.97";"3.91"
"Dulles Airport";"Sep 8, 2026, 23:00:00";"17";"13.24";"0.12";"80.74";"3.09"
"Dulles Airport";"Sep 8, 2026, 22:00:00";"17";"15.74";"0.14";"57.73";"2.99"
"Dulles Airport";"Sep 8, 2026, 21:00:00";"17";"15.54";"0.14";"40.09";"2.67"
"Dulles Airport";"Sep 8, 2026, 20:00:00";"19";"20.72";"0.14";"26.71";"3.08"
"Dulles Airport";"Sep 8, 2026, 19:00:00";"17";"8.31";"0.15";"20.77";"2.85"
"Dulles Airport";"Sep 8, 2026, 18:00:00";"18";"1.26";"0.14";"14.82";"3.01"
"Dulles Airport";"Sep 8, 2026, 17:00:00";"18";"0.18";"0.13";"11.99";"3.17"
"Dulles Airport";"Sep 8, 2026, 16:00:00";"18";"0";"0.15";"18";"3.12"
"Dulles Airport";"Sep 8, 2026, 15:00:00";"18";"0";"0.14";"24.09";"3.39"
"Dulles Airport";"Sep 8, 2026, 14:00:00";"17";"0";"0.15";"30.76";"3.22"
"Dulles Airport";"Sep 8, 2026, 13:00:00";"17";"0";"0.16";"45.3";"2.82"
"Dulles Airport";"Sep 8, 2026, 12:00:00";"17";"0";"0.16";"72.85";"2.69"
"Dulles Airport";"Sep 8, 2026, 11:00:00";"18";"7.4";"0.18";"133.68";"3.22"
"Dulles Airport";"Sep 8, 2026, 10:00:00";"17";"11.49";"0.17";"204.57";"2.73"
"Dulles Airport";"Sep 8, 2026, 09:00:00";"8";"8.25";"0.11";"218.24";"3.59"
"Dulles Airport";"Sep 8, 2026, 08:00:00";"4";"4.78";"0.04";"152.36";"0"
"Dulles Airport";"Sep 8, 2026, 07:00:00";"6";"6.21";"0.03";"139.03";"0"
"Dulles Airport";"Sep 8, 2026, 06:00:00";"4";"4.48";"0.02";"138.71";"0"
"Dulles Airport";"Sep 8, 2026, 05:00:00";"5";"5.56";"0.03";"129.04";"0"
"Dulles Airport";"Sep 8, 2026, 04:00:00";"5";"5.39";"0.04";"129.07";"0"
"Dulles Airport";"Sep 8, 2026, 03:00:00";"7";"7.83";"0.05";"130.32";"0"
"Dulles Airport";"Sep 8, 2026, 02:00:00";"15";"0";"0";"0";"0"
"Dulles Airport";"Sep 8, 2026, 01:00:00";"15";"9.42";"0.07";"89.85";"3.09"
"Dulles Airport";"Sep 8, 2026, 00:00:00";"13";"7.78";"0.06";"78.69";"2.51"
"Dulles Airport";"Sep 7, 2026, 23:00:00";"12";"9.95";"0.09";"65.85";"2.3"
"Dulles Airport";"Sep 7, 2026, 22:00:00";"10";"10.14";"0.08";"54.25";"2.11"
"Dulles Airport";"Sep 7, 2026, 21:00:00";"9";"8.85";"0.1";"41.51";"1.62"
"Dulles Airport";"Sep 7, 2026, 20:00:00";"8";"8";"0.11";"22.88";"1.46"
"Dulles Airport";"Sep 7, 2026, 19:00:00";"8";"5.2";"0.13";"11.94";"1.38"
"Dulles Airport";"Sep 7, 2026, 18:00:00";"9";"1.31";"0.11";"4.81";"1.49"
"Dulles Airport";"Sep 7, 2026, 17:00:00";"9";"1.79";"0.11";"4.94";"1.44"
"Dulles Airport";"Sep 7, 2026, 16:00:00";"10";"0.25";"0.1";"4.92";"2.2"
"Dulles Airport";"Sep 7, 2026, 15:00:00";"8";"0.02";"0.1";"7.93";"1.33"
"Dulles Airport";"Sep 7, 2026, 14:00:00";"8";"0.24";"0.09";"12.23";"1.24"
"Dulles Airport";"Sep 7, 2026, 13:00:00";"9";"0.03";"0.09";"20.54";"1.24"
"Dulles Airport";"Sep 7, 2026, 12:00:00";"10";"0";"0.11";"34.02";"1.63"
"Dulles Airport";"Sep 7, 2026, 11:00:00";"11";"1.07";"0.11";"73.38";"1.69"
"Dulles Airport";"Sep 7, 2026, 10:00:00";"12";"4.2";"0.09";"122.11";"1.84"
"Dulles Airport";"Sep 7, 2026, 09:00:00";"14";"6.02";"0.08";"147.62";"1.84"
"Dulles Airport";"Sep 7, 2026, 08:00:00";"18";"7.77";"0.07";"160.63";"2.52"
"Dulles Airport";"Sep 7, 2026, 07:00:00";"23";"4.77";"0.04";"146.15";"4.46"
"Dulles Airport";"Sep 7, 2026, 06:00:00";"20";"3.97";"0.05";"153.01";"3.89"
"Dulles Airport";"Sep 7, 2026, 05:00:00";"7";"7.69";"0.07";"166.2";"3.36"
"Dulles Airport";"Sep 7, 2026, 04:00:00";"5";"5.99";"0.06";"140.88";"0"
"Dulles Airport";"Sep 7, 2026, 03:00:00";"6";"6.49";"0.08";"132.5";"0"
"Dulles Airport";"Sep 7, 2026, 02:00:00";"7";"7.23";"0.08";"118.28";"0"
"Dulles Airport";"Sep 7, 2026, 01:00:00";"15";"9.73";"0.1";"98.37";"0"
"Dulles Airport";"Sep 7, 2026, 00:00:00";"15";"10.12";"0.1";"72.7";"3.36"
"Dulles Airport";"Sep 6, 2026, 23:00:00";"11";"8.42";"0.11";"54.2";"2.26"
"Dulles Airport";"Sep 6, 2026, 22:00:00";"11";"11.16";"0.12";"33.39";"1.66"
"Dulles Airport";"Sep 6, 2026, 21:00:00";"11";"11.51";"0.13";"24.22";"1.71"
"Dulles Airport";"Sep 6, 2026, 20:00:00";"9";"9.84";"0.12";"15.8";"1.59"
"Dulles Airport";"Sep 6, 2026, 19:00:00";"8";"6.33";"0.12";"11.73";"1.53"
"Dulles Airport";"Sep 6, 2026, 18:00:00";"7";"3.68";"0.11";"9.55";"1.26"
"Dulles Airport";"Sep 6, 2026, 17:00:00";"6";"1.7";"0.11";"9.91";"1.04"
"Dulles Airport";"Sep 6, 2026, 16:00:00";"6";"0.06";"0.11";"11.56";"0.95"
"Dulles Airport";"Sep 6, 2026, 15:00:00";"7";"0";"0.11";"17.16";"1.1"
"Dulles Airport";"Sep 6, 2026, 14:00:00";"8";"0";"0.11";"23.84";"1.31"
"Dulles Airport";"Sep 6, 2026, 13:00:00";"8";"0";"0.11";"36.56";"1.4"
"Dulles Airport";"Sep 6, 2026, 12:00:00";"8";"0";"0.11";"56.26";"1.4"
"Dulles Airport";"Sep 6, 2026, 11:00:00";"9";"0.91";"0.11";"111.47";"1.41"
"Dulles Airport";"Sep 6, 2026, 10:00:00";"10";"3.68";"0.1";"171.43";"1.71"
"Dulles Airport";"Sep 6, 2026, 09:00:00";"7";"7.63";"0.1";"211.79";"1.89"
"Dulles Airport";"Sep 6, 2026, 08:00:00";"6";"6.86";"0.06";"210.14";"0"
"Dulles Airport";"Sep 6, 2026, 07:00:00";"5";"5.08";"0.06";"198.52";"0"
"Dulles Airport";"Sep 6, 2026, 06:00:00";"6";"6.86";"0.07";"197.15";"0"
"Dulles Airport";"Sep 6, 2026, 05:00:00";"28";"5.37";"0.08";"211.67";"0"
"Dulles Airport";"Sep 6, 2026, 04:00:00";"28";"6.79";"0.07";"162.25";"5.74"
"Dulles Airport";"Sep 6, 2026, 03:00:00";"23";"7.02";"0.06";"132.11";"4.5"
"Dulles Airport";"Sep 6, 2026, 02:00:00";"20";"6.12";"0.1";"131.07";"4.46"
"Dulles Airport";"Sep 6, 2026, 01:00:00";"16";"5.98";"0.11";"115.39";"3.14"
"Dulles Airport";"Sep 6, 2026, 00:00:00";"15";"6.24";"0.12";"85.97";"2.59"
"Dulles Airport";"Sep 5, 2026, 23:00:00";"15";"8.21";"0.13";"58.97";"2.46"
"Dulles Airport";"Sep 5, 2026, 22:00:00";"17";"8.28";"0.15";"68.87";"2.81"
"Dulles Airport";"Sep 5, 2026, 21:00:00";"17";"7.66";"0.13";"81.52";"2.96"
"Dulles Airport";"Sep 5, 2026, 20:00:00";"17";"4.74";"0.13";"86.73";"2.86"
"Dulles Airport";"Sep 5, 2026, 19:00:00";"18";"2.12";"0.14";"77.56";"2.91"
"Dulles Airport";"Sep 5, 2026, 18:00:00";"18";"3.11";"0.13";"78.61";"3.11"
"Dulles Airport";"Sep 5, 2026, 17:00:00";"19";"2.82";"0.13";"82.82";"3.25"
"Dulles Airport";"Sep 5, 2026, 16:00:00";"20";"0.71";"0.13";"88.79";"3.45"
"Dulles Airport";"Sep 5, 2026, 15:00:00";"22";"0.08";"0.14";"113.07";"3.72"
"Dulles Airport";"Sep 5, 2026, 14:00:00";"22";"1.18";"0.13";"138.89";"3.85"
"Dulles Airport";"Sep 5, 2026, 13:00:00";"22";"0.88";"0.13";"147.74";"3.93"
"Dulles Airport";"Sep 5, 2026, 12:00:00";"22";"1.9";"0.12";"163.42";"3.42"
"Dulles Airport";"Sep 5, 2026, 11:00:00";"25";"1.31";"0.12";"200.74";"4.02"
"Dulles Airport";"Sep 5, 2026, 10:00:00";"27";"2.43";"0.13";"337.48";"4.15"
"Dulles Airport";"Sep 5, 2026, 09:00:00";"30";"2.63";"0.12";"449.07";"4.68"
"Dulles Airport";"Sep 5, 2026, 08:00:00";"34";"10.69";"0.1";"479.43";"4.7"
"Dulles Airport";"Sep 5, 2026, 07:00:00";"42";"3.64";"0.08";"414.06";"8.3"
"Dulles Airport";"Sep 5, 2026, 06:00:00";"38";"3.26";"0.08";"420.1";"5.54"
"Dulles Airport";"Sep 5, 2026, 05:00:00";"46";"3.98";"0.08";"452.68";"6.05"
"Dulles Airport";"Sep 5, 2026, 04:00:00";"54";"2.22";"0.07";"408.17";"10.89"
"Dulles Airport";"Sep 5, 2026, 03:00:00";"53";"2.02";"0.11";"503.05";"10.92"
"Dulles Airport";"Sep 5, 2026, 02:00:00";"49";"4.71";"0.14";"470.57";"9.93"
"Dulles Airport";"Sep 5, 2026, 01:00:00";"42";"12.08";"0.14";"484.89";"8.05"
"Dulles Airport";"Sep 5, 2026, 00:00:00";"39";"9.71";"0.15";"479.34";"8.25"
"Dulles Airport";"Sep 4, 2026, 23:00:00";"33";"13.01";"0.16";"437.9";"6.79"
"Dulles Airport";"Sep 4, 2026, 22:00:00";"27";"15.58";"0.13";"354.84";"6.43"
"Dulles Airport";"Sep 4, 2026, 21:00:00";"18";"3.97";"0.11";"298.16";"4"
"Dulles Airport";"Sep 4, 2026, 20:00:00";"14";"5.61";"0.11";"223.95";"2.34"
"Dulles Airport";"Sep 4, 2026, 19:00:00";"14";"5.85";"0.13";"210.68";"1.86"
"Dulles Airport";"Sep 4, 2026, 18:00:00";"17";"10.11";"0.13";"175.14";"2.49"
"Dulles Airport";"Sep 4, 2026, 17:00:00";"20";"6.26";"0.16";"101.03";"3.69"
"Dulles Airport";"Sep 4, 2026, 16:00:00";"20";"0";"0.18";"67.4";"3.79"
"Dulles Airport";"Sep 4, 2026, 15:00:00";"19";"0";"0.17";"72.98";"3.74"
"Dulles Airport";"Sep 4, 2026, 14:00:00";"18";"0";"0.15";"82.65";"3.35"
"Dulles Airport";"Sep 4, 2026, 13:00:00";"17";"0";"0.14";"104.7";"2.61"
"Dulles Airport";"Sep 4, 2026, 12:00:00";"19";"0";"0.13";"143.34";"2.65"
"Dulles Airport";"Sep 4, 2026, 11:00:00";"23";"0.02";"0.14";"300.68";"2.14"
"Dulles Airport";"Sep 4, 2026, 10:00:00";"35";"3.17";"0.13";"539.93";"3.15"
"Dulles Airport";"Sep 4, 2026, 09:00:00";"52";"6.16";"0.11";"638.61";"6.23"
"Dulles Airport";"Sep 4, 2026, 08:00:00";"58";"10.78";"0.13";"592.18";"11.52"
"Dulles Airport";"Sep 4, 2026, 07:00:00";"59";"10.53";"0.12";"591.4";"14.26"
"Dulles Airport";"Sep 4, 2026, 06:00:00";"57";"13.09";"0.1";"552.13";"10.37"
"Dulles Airport";"Sep 4, 2026, 05:00:00";"61";"8.22";"0.09";"516.37";"15.84"
"Dulles Airport";"Sep 4, 2026, 04:00:00";"58";"10.21";"0.09";"507.44";"14.2"
"Dulles Airport";"Sep 4, 2026, 03:00:00";"55";"6.51";"0.07";"474.75";"12.87"
"Dulles Airport";"Sep 4, 2026, 02:00:00";"53";"13.01";"0.07";"471.52";"12.25"
"Dulles Airport";"Sep 4, 2026, 01:00:00";"43";"17.27";"0.07";"400.34";"7.48"
"Dulles Airport";"Sep 4, 2026, 00:00:00";"44";"7.93";"0.11";"382.96";"7.33"
"Dulles Airport";"Sep 3, 2026, 23:00:00";"46";"4.27";"0.22";"394.49";"8.04"
"Dulles Airport";"Sep 3, 2026, 22:00:00";"47";"18.51";"0.23";"327.15";"8.39"
"Dulles Airport";"Sep 3, 2026, 21:00:00";"47";"15.03";"0.23";"240.01";"8.37"
"Dulles Airport";"Sep 3, 2026, 20:00:00";"47";"12.16";"0.22";"178.21";"8.51"
"Dulles Airport";"Sep 3, 2026, 19:00:00";"45";"4.59";"0.21";"108.05";"8.24"
"Dulles Airport";"Sep 3, 2026, 18:00:00";"45";"0";"0.18";"71.1";"8.31"
"Dulles Airport";"Sep 3, 2026, 17:00:00";"43";"0";"0.18";"86.42";"9.03"
"Dulles Airport";"Sep 3, 2026, 16:00:00";"35";"0";"0.2";"125.1";"7.69"
"Dulles Airport";"Sep 3, 2026, 15:00:00";"31";"0";"0.19";"142.63";"6"
"Dulles Airport";"Sep 3, 2026, 14:00:00";"30";"0";"0.16";"127.57";"5.05"
"Dulles Airport";"Sep 3, 2026, 13:00:00";"30";"0";"0.17";"167.91";"4.91"
"Dulles Airport";"Sep 3, 2026, 12:00:00";"32";"0.47";"0.16";"274.32";"6.56"
"Dulles Airport";"Sep 3, 2026, 11:00:00";"30";"2.26";"0.16";"382.48";"5.65"
"Dulles Airport";"Sep 3, 2026, 10:00:00";"29";"5.2";"0.15";"456.08";"5.31"
"Dulles Airport";"Sep 3, 2026, 09:00:00";"28";"6.83";"0.14";"545.61";"4.77"
"Dulles Airport";"Sep 3, 2026, 08:00:00";"10";"10.01";"0.15";"600.83";"5.51"
"Dulles Airport";"Sep 3, 2026, 07:00:00";"10";"10.08";"0.13";"511.04";"0"
"Dulles Airport";"Sep 3, 2026, 06:00:00";"4";"4.2";"0.08";"395.41";"0"
"Dulles Airport";"Sep 3, 2026, 05:00:00";"28";"4.69";"0.09";"390.53";"0"
"Dulles Airport";"Sep 3, 2026, 04:00:00";"28";"5.99";"0.11";"427.83";"4.75"
"Dulles Airport";"Sep 3, 2026, 03:00:00";"30";"12.65";"0.2";"473.67";"4.8"
"Dulles Airport";"Sep 3, 2026, 02:00:00";"33";"12.89";"0.26";"473.55";"5.66"
"Dulles Airport";"Sep 3, 2026, 01:00:00";"34";"9.26";"0.23";"466.07";"5.06"
"Dulles Airport";"Sep 3, 2026, 00:00:00";"40";"8.51";"0.14";"392.86";"7.52"
"Dulles Airport";"Sep 2, 2026, 23:00:00";"37";"11.57";"0.12";"340.27";"8"
"Dulles Airport";"Sep 2, 2026, 22:00:00";"30";"12.38";"0.13";"337.06";"5.54"
"Dulles Airport";"Sep 2, 2026, 21:00:00";"29";"8.63";"0.16";"295.99";"6.52"
"Dulles Airport";"Sep 2, 2026, 20:00:00";"22";"13";"0.17";"208.88";"4.92"
"Dulles Airport";"Sep 2, 2026, 19:00:00";"15";"10.52";"0.17";"132.19";"2.34"
"Dulles Airport";"Sep 2, 2026, 18:00:00";"18";"10.81";"0.2";"195.22";"2.59"
"Dulles Airport";"Sep 2, 2026, 17:00:00";"21";"12.85";"0.16";"185.28";"3.37"
"Dulles Airport";"Sep 2, 2026, 16:00:00";"23";"13.2";"0.17";"115.57";"2.47"
"Dulles Airport";"Sep 2, 2026, 15:00:00";"33";"17.18";"0.15";"67.07";"3.27"
"Dulles Airport";"Sep 2, 2026, 14:00:00";"47";"0.37";"0.25";"65.87";"8.87"
"Dulles Airport";"Sep 2, 2026, 13:00:00";"44";"0";"0.24";"80.97";"8.84"
"Dulles Airport";"Sep 2, 2026, 12:00:00";"38";"0";"0.23";"114.15";"7.67"
"Dulles Airport";"Sep 2, 2026, 11:00:00";"34";"0.4";"0.24";"187.26";"5.48"
"Dulles Airport";"Sep 2, 2026, 10:00:00";"38";"7.11";"0.23";"312.12";"5.13"
"Dulles Airport";"Sep 2, 2026, 09:00:00";"47";"10.02";"0.18";"450.54";"7.12"
"Dulles Airport";"Sep 2, 2026, 08:00:00";"52";"6.78";"0.12";"378.3";"10.48"
"Dulles Airport";"Sep 2, 2026, 07:00:00";"49";"4.96";"0.11";"312.69";"9.87"
"Dulles Airport";"Sep 2, 2026, 06:00:00";"43";"4.61";"0.1";"284.77";"8.91"
"Dulles Airport";"Sep 2, 2026, 05:00:00";"39";"5.51";"0.1";"214.37";"7.56"
"Dulles Airport";"Sep 2, 2026, 04:00:00";"37";"5.08";"0.11";"152.77";"7.36"
"Dulles Airport";"Sep 2, 2026, 03:00:00";"33";"5.69";"0.13";"112.85";"5.54"
"Dulles Airport";"Sep 2, 2026, 02:00:00";"34";"4.23";"0.13";"98.82";"5.85"
"Dulles Airport";"Sep 2, 2026, 01:00:00";"34";"2.75";"0.12";"86.44";"5.48"
"Dulles Airport";"Sep 2, 2026, 00:00:00";"38";"3.17";"0.13";"99.22";"5.86"
"Dulles Airport";"Sep 1, 2026, 23:00:00";"44";"2.65";"0.15";"118.28";"6.91"
"Dulles Airport";"Sep 1, 2026, 22:00:00";"48";"2.79";"0.17";"122.17";"7.76"
"Dulles Airport";"Sep 1, 2026, 21:00:00";"50";"3.56";"0.19";"134.44";"9"
"Dulles Airport";"Sep 1, 2026, 20:00:00";"48";"0.43";"0.21";"91.58";"8.22"
"Dulles Airport";"Sep 1, 2026, 19:00:00";"50";"0.27";"0.22";"76.01";"8.54"
"Dulles Airport";"Sep 1, 2026, 18:00:00";"52";"0";"0.21";"58.34";"9.06"
"Dulles Airport";"Sep 1, 2026, 17:00:00";"53";"0";"0.2";"52.41";"9.74"
"Dulles Airport";"Sep 1, 2026, 16:00:00";"53";"0";"0.2";"68.36";"10.04"
"Dulles Airport";"Sep 1, 2026, 15:00:00";"54";"0.03";"0.19";"67.72";"10.66"
"Dulles Airport";"Sep 1, 2026, 14:00:00";"53";"0";"0.19";"86.12";"9.87"
"Dulles Airport";"Sep 1, 2026, 13:00:00";"53";"0";"0.17";"107.82";"10.14"
"Dulles Airport";"Sep 1, 2026, 12:00:00";"52";"0";"0.18";"142.09";"9.63"
"Dulles Airport";"Sep 1, 2026, 11:00:00";"52";"0";"0.2";"219.54";"7.93"
"Dulles Airport";"Sep 1, 2026, 10:00:00";"56";"4.24";"0.18";"402.02";"6.85"
"Dulles Airport";"Sep 1, 2026, 09:00:00";"65";"7.21";"0.2";"682.65";"13.34"
"Dulles Airport";"Sep 1, 2026, 08:00:00";"69";"3.66";"0.18";"681.68";"18.65"
"Dulles Airport";"Sep 1, 2026, 07:00:00";"69";"2.35";"0.15";"582.62";"19.79"
"Dulles Airport";"Sep 1, 2026, 06:00:00";"66";"3.64";"0.15";"556.52";"17.87"
"Dulles Airport";"Sep 1, 2026, 05:00:00";"65";"6.04";"0.17";"575.99";"16.97"
"Dulles Airport";"Sep 1, 2026, 04:00:00";"64";"3.71";"0.2";"627.52";"14.45"
"Dulles Airport";"Sep 1, 2026, 03:00:00";"67";"14.12";"0.23";"584.89";"17.4"
"Dulles Airport";"Sep 1, 2026, 02:00:00";"66";"5.16";"0.18";"540.85";"17.36"
"Dulles Airport";"Sep 1, 2026, 01:00:00";"66";"4.99";"0.16";"522.67";"17.76"
"Dulles Airport";"Sep 1, 2026, 00:00:00";"65";"8.66";"0.15";"426.41";"16.85"
"Dulles Airport";"Aug 31, 2026, 23:00:00";"63";"12.35";"0.16";"346.15";"18.56"
"Dulles Airport";"Aug 31, 2026, 22:00:00";"58";"15.64";"0.19";"310.93";"15.57"
"Dulles Airport";"Aug 31, 2026, 21:00:00";"52";"9.02";"0.17";"228.13";"10.87"
"Dulles Airport";"Aug 31, 2026, 20:00:00";"47";"2.37";"0.17";"173.72";"8.72"
"Dulles Airport";"Aug 31, 2026, 19:00:00";"45";"0.82";"0.18";"138.66";"7.34"
"Dulles Airport";"Aug 31, 2026, 18:00:00";"48";"0.63";"0.18";"113.13";"8.06"
"Dulles Airport";"Aug 31, 2026, 17:00:00";"50";"2.14";"0.19";"119.96";"8.19"
"Dulles Airport";"Aug 31, 2026, 16:00:00";"52";"0.12";"0.2";"129.69";"9.03"
"Dulles Airport";"Aug 31, 2026, 15:00:00";"53";"0.09";"0.2";"116.59";"10.55"
"Dulles Airport";"Aug 31, 2026, 14:00:00";"52";"3.28";"0.2";"136.48";"10.8"
"Dulles Airport";"Aug 31, 2026, 13:00:00";"46";"0";"0.19";"182.25";"8.92"
"Dulles Airport";"Aug 31, 2026, 12:00:00";"44";"0";"0.19";"270.21";"8.24"
"Dulles Airport";"Aug 31, 2026, 11:00:00";"43";"1.61";"0.2";"392.28";"6.92"
"Dulles Airport";"Aug 31, 2026, 10:00:00";"45";"5.1";"0.18";"521.65";"7.35"
"Dulles Airport";"Aug 31, 2026, 09:00:00";"7";"7.57";"0.16";"607.31";"9.69"
"Dulles Airport";"Aug 31, 2026, 08:00:00";"7";"7.97";"0.14";"568.71";"0"
"Dulles Airport";"Aug 31, 2026, 07:00:00";"6";"6.45";"0.11";"510.69";"0"
"Dulles Airport";"Aug 31, 2026, 06:00:00";"5";"5.04";"0.1";"463.24";"0"
"Dulles Airport";"Aug 31, 2026, 05:00:00";"3";"3.1";"0.11";"487.78";"0"
"Dulles Airport";"Aug 31, 2026, 04:00:00";"3";"3.86";"0.1";"431.63";"0"
"Dulles Airport";"Aug 31, 2026, 03:00:00";"3";"3.03";"0.1";"410.96";"0"
"Dulles Airport";"Aug 31, 2026, 02:00:00";"4";"4.95";"0.1";"390.76";"0"
"Dulles Airport";"Aug 31, 2026, 01:00:00";"6";"6.01";"0.12";"440.44";"0"
"Dulles Airport";"Aug 31, 2026, 00:00:00";"55";"10.31";"0.15";"445.76";"0"
"Dulles Airport";"Aug 30, 2026, 23:00:00";"55";"12.31";"0.15";"372.45";"13.75"
"Dulles Airport";"Aug 30, 2026, 22:00:00";"45";"14.72";"0.14";"310.6";"8.73"
"Dulles Airport";"Aug 30, 2026, 21:00:00";"43";"9.71";"0.13";"257.37";"9.22"
"Dulles Airport";"Aug 30, 2026, 20:00:00";"38";"12.35";"0.13";"145.4";"7.67"
"Dulles Airport";"Aug 30, 2026, 19:00:00";"36";"16.38";"0.19";"84.91";"5.97"
"Dulles Airport";"Aug 30, 2026, 18:00:00";"37";"0";"0.16";"69.73";"6.42"
"Dulles Airport";"Aug 30, 2026, 17:00:00";"37";"2.17";"0.15";"77.76";"6.39"
"Dulles Airport";"Aug 30, 2026, 16:00:00";"38";"0.01";"0.15";"76.87";"7.19"
"Dulles Airport";"Aug 30, 2026, 15:00:00";"36";"0";"0.15";"106.13";"6.63"
"Dulles Airport";"Aug 30, 2026, 14:00:00";"35";"0.43";"0.15";"183.73";"5.99"
"Dulles Airport";"Aug 30, 2026, 13:00:00";"37";"2.07";"0.12";"218.77";"6.53"
"Dulles Airport";"Aug 30, 2026, 12:00:00";"38";"1.61";"0.14";"271.37";"6.93"
"Dulles Airport";"Aug 30, 2026, 11:00:00";"37";"2.91";"0.13";"351.01";"6.5"
"Dulles Airport";"Aug 30, 2026, 10:00:00";"37";"7.65";"0.13";"417.37";"6.34"
"Dulles Airport";"Aug 30, 2026, 09:00:00";"37";"7.9";"0.13";"454.49";"6.57"
"Dulles Airport";"Aug 30, 2026, 08:00:00";"38";"8.27";"0.14";"438.27";"7.7"
"Dulles Airport";"Aug 30, 2026, 07:00:00";"33";"8.91";"0.14";"364.31";"7.13"
"Dulles Airport";"Aug 30, 2026, 06:00:00";"24";"7.31";"0.13";"284.79";"5.13"
"Dulles Airport";"Aug 30, 2026, 05:00:00";"22";"5.9";"0.13";"252.88";"4.23"
"Dulles Airport";"Aug 30, 2026, 04:00:00";"20";"5.5";"0.14";"207.81";"3.84"
"Dulles Airport";"Aug 30, 2026, 03:00:00";"20";"9.61";"0.14";"159.73";"3.19"
"Dulles Airport";"Aug 30, 2026, 02:00:00";"22";"6.41";"0.13";"135.12";"3.38"
"Dulles Airport";"Aug 30, 2026, 01:00:00";"22";"11.39";"0.15";"123.16";"3.7"
"Dulles Airport";"Aug 30, 2026, 00:00:00";"23";"15.29";"0.13";"113.04";"3.96"
"Dulles Airport";"Aug 29, 2026, 23:00:00";"23";"13.21";"0.14";"90.92";"3.99"
"Dulles Airport";"Aug 29, 2026, 22:00:00";"24";"13.64";"0.16";"73.84";"3.91"
"Dulles Airport";"Aug 29, 2026, 21:00:00";"25";"10.26";"0.17";"45.56";"4.63"
"Dulles Airport";"Aug 29, 2026, 20:00:00";"25";"12.99";"0.18";"24.87";"4.76"
"Dulles Airport";"Aug 29, 2026, 19:00:00";"23";"4.45";"0.19";"20.41";"4.35"
"Dulles Airport";"Aug 29, 2026, 18:00:00";"23";"3.18";"0.17";"11.05";"4.33"
"Dulles Airport";"Aug 29, 2026, 17:00:00";"21";"0.53";"0.15";"7.24";"3.8"
"Dulles Airport";"Aug 29, 2026, 16:00:00";"20";"0.07";"0.14";"6.5";"3.97"
"Dulles Airport";"Aug 29, 2026, 15:00:00";"19";"0";"0.14";"8.74";"3.71"
"Dulles Airport";"Aug 29, 2026, 14:00:00";"17";"0.29";"0.12";"11.29";"3.28"
"Dulles Airport";"Aug 29, 2026, 13:00:00";"15";"0";"0.11";"14.13";"2.85"
"Dulles Airport";"Aug 29, 2026, 12:00:00";"14";"0.04";"0.1";"17.58";"2.22"
"Dulles Airport";"Aug 29, 2026, 11:00:00";"15";"1.46";"0.09";"34.74";"2.33"
"Dulles Airport";"Aug 29, 2026, 10:00:00";"17";"4.23";"0.08";"64.74";"2.6"
"Dulles Airport";"Aug 29, 2026, 09:00:00";"19";"5.48";"0.09";"90.18";"3.12"
"Dulles Airport";"Aug 29, 2026, 08:00:00";"22";"6.87";"0.08";"96.68";"3.37"
"Dulles Airport";"Aug 29, 2026, 07:00:00";"24";"6.73";"0.08";"103.5";"3.65"
"Dulles Airport";"Aug 29, 2026, 06:00:00";"28";"6.26";"0.08";"116.71";"4.22"
"Dulles Airport";"Aug 29, 2026, 05:00:00";"33";"4.71";"0.09";"129.4";"4.71"
"Dulles Airport";"Aug 29, 2026, 04:00:00";"40";"6.23";"0.09";"177.43";"5.32"
"Dulles Airport";"Aug 29, 2026, 03:00:00";"50";"5.28";"0.08";"210.54";"8.19"
"Dulles Airport";"Aug 29, 2026, 02:00:00";"53";"2.66";"0.09";"237.23";"8.92"
"Dulles Airport";"Aug 29, 2026, 01:00:00";"54";"7.49";"0.1";"223.24";"12.5"
"Dulles Airport";"Aug 29, 2026, 00:00:00";"48";"4.79";"0.09";"176.96";"10.24"
"Dulles Airport";"Aug 28, 2026, 23:00:00";"38";"7.36";"0.09";"131.74";"8.12"
"Dulles Airport";"Aug 28, 2026, 22:00:00";"32";"7.2";"0.12";"99.4";"6.22"
"Dulles Airport";"Aug 28, 2026, 21:00:00";"30";"5.8";"0.12";"60.81";"5"
"Dulles Airport";"Aug 28, 2026, 20:00:00";"32";"4.97";"0.13";"39.45";"4.98"
"Dulles Airport";"Aug 28, 2026, 19:00:00";"37";"4.73";"0.14";"39.63";"6.04"
"Dulles Airport";"Aug 28, 2026, 18:00:00";"39";"4.17";"0.14";"41.04";"6.32"
"Dulles Airport";"Aug 28, 2026, 17:00:00";"43";"2.43";"0.13";"34.22";"8"
"Dulles Airport";"Aug 28, 2026, 16:00:00";"41";"0.22";"0.14";"48.77";"7.79"
"Dulles Airport";"Aug 28, 2026, 15:00:00";"38";"0.37";"0.14";"63.51";"7.39"
"Dulles Airport";"Aug 28, 2026, 14:00:00";"35";"0.05";"0.14";"77.67";"7.09"
"Dulles Airport";"Aug 28, 2026, 13:00:00";"30";"0";"0.13";"92.71";"5.82"
"Dulles Airport";"Aug 28, 2026, 12:00:00";"29";"0";"0.12";"115.3";"4.96"
"Dulles Airport";"Aug 28, 2026, 11:00:00";"30";"1.57";"0.12";"188.37";"4.2"
"Dulles Airport";"Aug 28, 2026, 10:00:00";"37";"6.49";"0.11";"321.21";"4.3"
"Dulles Airport";"Aug 28, 2026, 09:00:00";"49";"9.3";"0.1";"439.88";"7.32"
"Dulles Airport";"Aug 28, 2026, 08:00:00";"53";"7.7";"0.09";"402.11";"9.97"
"Dulles Airport";"Aug 28, 2026, 07:00:00";"54";"5.91";"0.09";"397.54";"11.14"
"Dulles Airport";"Aug 28, 2026, 06:00:00";"52";"5.74";"0.08";"412.42";"8.77"
"Dulles Airport";"Aug 28, 2026, 05:00:00";"53";"3.95";"0.07";"413.67";"9.51"
"Dulles Airport";"Aug 28, 2026, 04:00:00";"54";"5.13";"0.08";"439.78";"9.79"
"Dulles Airport";"Aug 28, 2026, 03:00:00";"56";"4.72";"0.08";"432.3";"11.36"
"Dulles Airport";"Aug 28, 2026, 02:00:00";"57";"7.49";"0.1";"449.34";"11.18"
"Dulles Airport";"Aug 28, 2026, 01:00:00";"59";"8.6";"0.12";"424.41";"15.19"
"Dulles Airport";"Aug 28, 2026, 00:00:00";"55";"14.01";"0.14";"383.13";"13.12"
"Dulles Airport";"Aug 27, 2026, 23:00:00";"51";"9.19";"0.1";"300.52";"10.9"
"Dulles Airport";"Aug 27, 2026, 22:00:00";"41";"10.1";"0.09";"180.42";"8.41"
"Dulles Airport";"Aug 27, 2026, 21:00:00";"35";"8.72";"0.11";"67";"4.78"
"Dulles Airport";"Aug 27, 2026, 20:00:00";"45";"19.65";"0.18";"76.32";"7.53"
"Dulles Airport";"Aug 27, 2026, 19:00:00";"47";"17.44";"0.16";"50.2";"7.9"
"Dulles Airport";"Aug 27, 2026, 18:00:00";"48";"8.77";"0.15";"45.77";"8.1"
"Dulles Airport";"Aug 27, 2026, 17:00:00";"49";"0.83";"0.15";"44.3";"8.51"
"Dulles Airport";"Aug 27, 2026, 16:00:00";"52";"0.01";"0.15";"59.78";"9.1"
"Dulles Airport";"Aug 27, 2026, 15:00:00";"52";"0";"0.16";"75.83";"9.29"
"Dulles Airport";"Aug 27, 2026, 14:00:00";"52";"0";"0.17";"98.72";"9.64"
"Dulles Airport";"Aug 27, 2026, 13:00:00";"51";"0.08";"0.18";"124";"10.01"
"Dulles Airport";"Aug 27, 2026, 12:00:00";"45";"0.45";"0.18";"142.58";"9.24"
"Dulles Airport";"Aug 27, 2026, 11:00:00";"39";"2.85";"0.14";"176.18";"7.86"
"Dulles Airport";"Aug 27, 2026, 10:00:00";"34";"6.37";"0.13";"232.09";"6.85"
"Dulles Airport";"Aug 27, 2026, 09:00:00";"32";"9.69";"0.14";"281.51";"6.03"
"Dulles Airport";"Aug 27, 2026, 08:00:00";"32";"14.95";"0.13";"258.63";"6.22"
"Dulles Airport";"Aug 27, 2026, 07:00:00";"32";"16.66";"0.15";"220.89";"5.91"
"Dulles Airport";"Aug 27, 2026, 06:00:00";"30";"12.3";"0.12";"186.99";"5.73"
"Dulles Airport";"Aug 27, 2026, 05:00:00";"29";"10.33";"0.1";"165.03";"5.39"
"Dulles Airport";"Aug 27, 2026, 04:00:00";"29";"10.27";"0.11";"158.35";"4.99"
"Dulles Airport";"Aug 27, 2026, 03:00:00";"29";"15.9";"0.11";"145.5";"4.78"
"Dulles Airport";"Aug 27, 2026, 02:00:00";"33";"9.57";"0.1";"96.64";"6.16"
"Dulles Airport";"Aug 27, 2026, 01:00:00";"30";"10.82";"0.11";"63.86";"5.22"
"Dulles Airport";"Aug 27, 2026, 00:00:00";"32";"11.61";"0.14";"49.87";"5.57"
"Dulles Airport";"Aug 26, 2026, 23:00:00";"33";"11.74";"0.16";"45.31";"5.53"
"Dulles Airport";"Aug 26, 2026, 22:00:00";"34";"10.56";"0.15";"34.09";"5.44"
"Dulles Airport";"Aug 26, 2026, 21:00:00";"38";"10.3";"0.17";"24.56";"6.1"
"Dulles Airport";"Aug 26, 2026, 20:00:00";"42";"11.07";"0.17";"18.72";"7.27"
"Dulles Airport";"Aug 26, 2026, 19:00:00";"43";"13.12";"0.18";"17.01";"7.71"
"Dulles Airport";"Aug 26, 2026, 18:00:00";"44";"8.87";"0.16";"14.39";"7.89"
"Dulles Airport";"Aug 26, 2026, 17:00:00";"44";"3.5";"0.13";"10.81";"7.35"
"Dulles Airport";"Aug 26, 2026, 16:00:00";"47";"0.53";"0.12";"9.53";"10.06"
"Dulles Airport";"Aug 26, 2026, 15:00:00";"37";"0.95";"0.12";"12.81";"6.96"
"Dulles Airport";"Aug 26, 2026, 14:00:00";"35";"0";"0.11";"16.93";"6.42"
"Dulles Airport";"Aug 26, 2026, 13:00:00";"35";"0";"0.12";"25.56";"6.71"
"Dulles Airport";"Aug 26, 2026, 12:00:00";"33";"0";"0.14";"45.44";"6.86"
"Dulles Airport";"Aug 26, 2026, 11:00:00";"27";"4.46";"0.18";"96.17";"5.35"
"Dulles Airport";"Aug 26, 2026, 10:00:00";"25";"26.42";"0.19";"201.98";"3.84"
"Dulles Airport";"Aug 26, 2026, 09:00:00";"12";"12.46";"0.15";"268.78";"4.05"
"Dulles Airport";"Aug 26, 2026, 08:00:00";"5";"5.77";"0.04";"188.17";"0"
"Dulles Airport";"Aug 26, 2026, 07:00:00";"3";"3.61";"0";"149.17";"0"
"Dulles Airport";"Aug 26, 2026, 06:00:00";"3";"3.24";"0.01";"149.29";"0"
"Dulles Airport";"Aug 26, 2026, 05:00:00";"4";"4.17";"0.03";"144.8";"0"
"Dulles Airport";"Aug 26, 2026, 04:00:00";"5";"5.21";"0.05";"142.06";"0"
"Dulles Airport";"Aug 26, 2026, 03:00:00";"38";"5.79";"0.06";"142.93";"0"
"Dulles Airport";"Aug 26, 2026, 02:00:00";"38";"5.51";"0.06";"134.54";"7.59"
"Dulles Airport";"Aug 26, 2026, 01:00:00";"34";"11.53";"0.08";"119.79";"7.71"
"Dulles Airport";"Aug 26, 2026, 00:00:00";"26";"14.54";"0.08";"100.49";"5.08"
"Dulles Airport";"Aug 25, 2026, 23:00:00";"24";"11.81";"0.07";"84.46";"4.46"
"Dulles Airport";"Aug 25, 2026, 22:00:00";"22";"7.19";"0.07";"61.38";"4.04"
"Dulles Airport";"Aug 25, 2026, 21:00:00";"22";"5.59";"0.08";"41.29";"3.68"
"Dulles Airport";"Aug 25, 2026, 20:00:00";"23";"5.86";"0.1";"26.02";"3.5"
"Dulles Airport";"Aug 25, 2026, 19:00:00";"25";"5.22";"0.13";"11.39";"4.45"
"Dulles Airport";"Aug 25, 2026, 18:00:00";"27";"2.74";"0.12";"7.33";"4.34"
"Dulles Airport";"Aug 25, 2026, 17:00:00";"28";"2.98";"0.12";"6.78";"4.13"
"Dulles Airport";"Aug 25, 2026, 16:00:00";"34";"3.58";"0.11";"5.99";"5.09"
"Dulles Airport";"Aug 25, 2026, 15:00:00";"39";"0.28";"0.11";"4.19";"6.08"
"Dulles Airport";"Aug 25, 2026, 14:00:00";"43";"0";"0.12";"8.78";"7.75"
"Dulles Airport";"Aug 25, 2026, 13:00:00";"44";"0";"0.1";"12.36";"7.83"
"Dulles Airport";"Aug 25, 2026, 12:00:00";"43";"0";"0.1";"17.76";"8.44"
"Dulles Airport";"Aug 25, 2026, 11:00:00";"40";"0.87";"0.1";"36.64";"8.04"
"Dulles Airport";"Aug 25, 2026, 10:00:00";"35";"3.15";"0.08";"77.23";"6.01"
"Dulles Airport";"Aug 25, 2026, 09:00:00";"36";"7.28";"0.07";"125.84";"4.58"
"Dulles Airport";"Aug 25, 2026, 08:00:00";"47";"5.55";"0.01";"104.9";"7.9"
"Dulles Airport";"Aug 25, 2026, 07:00:00";"49";"5.09";"0";"83.95";"8.23"
"Dulles Airport";"Aug 25, 2026, 06:00:00";"50";"5.89";"0";"75.63";"8.84"
"Dulles Airport";"Aug 25, 2026, 05:00:00";"50";"6.24";"0";"71.98";"9.77"
"Dulles Airport";"Aug 25, 2026, 04:00:00";"48";"6.86";"0";"68.59";"9.68"
"Dulles Airport";"Aug 25, 2026, 03:00:00";"45";"7.93";"0.01";"60.13";"8.38"
"Dulles Airport";"Aug 25, 2026, 02:00:00";"45";"7.92";"0.01";"52.32";"7.87"
"Dulles Airport";"Aug 25, 2026, 01:00:00";"45";"8.25";"0.04";"46.73";"7.23"
"Dulles Airport";"Aug 25, 2026, 00:00:00";"49";"8.11";"0.06";"43.29";"7.71"
"Dulles Airport";"Aug 24, 2026, 23:00:00";"51";"11.01";"0.08";"36.91";"8.47"
"Dulles Airport";"Aug 24, 2026, 22:00:00";"52";"11.61";"0.08";"27.77";"9.18"
"Dulles Airport";"Aug 24, 2026, 21:00:00";"53";"8.95";"0.1";"13.5";"10.87"
"Dulles Airport";"Aug 24, 2026, 20:00:00";"52";"6.99";"0.1";"4.31";"10.17"
"Dulles Airport";"Aug 24, 2026, 19:00:00";"46";"3.94";"0.1";"1.08";"8.25"
"Dulles Airport";"Aug 24, 2026, 18:00:00";"46";"1.58";"0.11";"1.42";"7.93"
"Dulles Airport";"Aug 24, 2026, 17:00:00";"48";"0.39";"0.12";"3.15";"8.57"
"Dulles Airport";"Aug 24, 2026, 16:00:00";"48";"1.1";"0.12";"4.65";"8.94"
"Dulles Airport";"Aug 24, 2026, 15:00:00";"47";"0";"0.12";"7.02";"9.08"
"Dulles Airport";"Aug 24, 2026, 14:00:00";"43";"0.61";"0.1";"8.32";"8.56"
"Dulles Airport";"Aug 24, 2026, 13:00:00";"39";"0";"0.1";"11.35";"8.23"
"Dulles Airport";"Aug 24, 2026, 12:00:00";"32";"0";"0.11";"19.82";"7.59"
"Dulles Airport";"Aug 24, 2026, 11:00:00";"21";"0.95";"0.1";"39.66";"4.43"
"Dulles Airport";"Aug 24, 2026, 10:00:00";"19";"3.1";"0.08";"78.78";"3.4"
"Dulles Airport";"Aug 24, 2026, 09:00:00";"19";"6.78";"0.08";"110.16";"3.22"
"Dulles Airport";"Aug 24, 2026, 08:00:00";"20";"7.4";"0.07";"105.64";"3.17"
"Dulles Airport";"Aug 24, 2026, 07:00:00";"21";"7.2";"0.05";"120.79";"3.14"
"Dulles Airport";"Aug 24, 2026, 06:00:00";"23";"7.57";"0.06";"136.39";"3.51"
"Dulles Airport";"Aug 24, 2026, 05:00:00";"25";"7.1";"0.03";"107.8";"4.78"
"Dulles Airport";"Aug 24, 2026, 04:00:00";"24";"12.06";"0.03";"87.12";"4.29"
"Dulles Airport";"Aug 24, 2026, 03:00:00";"24";"5.79";"0";"70.56";"4.7"
"Dulles Airport";"Aug 24, 2026, 02:00:00";"23";"6.24";"0";"61.55";"4.63"
"Dulles Airport";"Aug 24, 2026, 01:00:00";"21";"5.8";"0.04";"56.34";"3.51"
"Dulles Airport";"Aug 24, 2026, 00:00:00";"22";"5.84";"0.04";"59.36";"3.76"
"Dulles Airport";"Aug 23, 2026, 23:00:00";"23";"7.39";"0.04";"50.56";"4.44"
"Dulles Airport";"Aug 23, 2026, 22:00:00";"20";"7.23";"0.05";"42.16";"3.64"
"Dulles Airport";"Aug 23, 2026, 21:00:00";"20";"7.97";"0.07";"25.7";"3.33"
"Dulles Airport";"Aug 23, 2026, 20:00:00";"21";"8.9";"0.09";"8.03";"3.52"
"Dulles Airport";"Aug 23, 2026, 19:00:00";"22";"5.18";"0.08";"0.74";"3.55"
"Dulles Airport";"Aug 23, 2026, 18:00:00";"24";"2.86";"0.08";"0";"3.91"
"Dulles Airport";"Aug 23, 2026, 17:00:00";"27";"0.11";"0.08";"0.09";"4.39"
"Dulles Airport";"Aug 23, 2026, 16:00:00";"30";"0.05";"0.08";"2.31";"4.87"
"Dulles Airport";"Aug 23, 2026, 15:00:00";"33";"0";"0.09";"9.77";"5.32"
"Dulles Airport";"Aug 23, 2026, 14:00:00";"36";"0";"0.09";"26.58";"7"
"Dulles Airport";"Aug 23, 2026, 13:00:00";"33";"0";"0.09";"38.85";"6.57"
"Dulles Airport";"Aug 23, 2026, 12:00:00";"28";"0";"0.09";"76.6";"5.64"
"Dulles Airport";"Aug 23, 2026, 11:00:00";"25";"0.26";"0.09";"178.34";"4.46"
"Dulles Airport";"Aug 23, 2026, 10:00:00";"25";"5.96";"0.07";"378.75";"3.48"
"Dulles Airport";"Aug 23, 2026, 09:00:00";"34";"7.74";"0.05";"464.76";"5.44"
"Dulles Airport";"Aug 23, 2026, 08:00:00";"8";"8.38";"0.05";"378.89";"7.43"
"Dulles Airport";"Aug 23, 2026, 07:00:00";"4";"4.67";"0.02";"281.32";"0"
"Dulles Airport";"Aug 23, 2026, 06:00:00";"4";"4.2";"0.03";"317.61";"0"
"Dulles Airport";"Aug 23, 2026, 05:00:00";"23";"4.4";"0.02";"304.49";"0"
"Dulles Airport";"Aug 23, 2026, 04:00:00";"23";"4.78";"0.02";"308.34";"4.61"
"Dulles Airport";"Aug 23, 2026, 03:00:00";"20";"7.61";"0.04";"309.05";"3.7"
"Dulles Airport";"Aug 23, 2026, 02:00:00";"19";"14.88";"0.05";"333.93";"3.36"
"Dulles Airport";"Aug 23, 2026, 01:00:00";"20";"8.27";"0.06";"337.2";"3.76"
"Dulles Airport";"Aug 23, 2026, 00:00:00";"19";"13.65";"0.08";"319.61";"3.32"
"Dulles Airport";"Aug 22, 2026, 23:00:00";"19";"11.5";"0.11";"295.57";"4.5"
"Dulles Airport";"Aug 22, 2026, 22:00:00";"13";"9.67";"0.1";"169.21";"2.24"
"Dulles Airport";"Aug 22, 2026, 21:00:00";"13";"9.08";"0.11";"114.88";"2.02"
"Dulles Airport";"Aug 22, 2026, 20:00:00";"15";"8.39";"0.11";"83.68";"2.37"
"Dulles Airport";"Aug 22, 2026, 19:00:00";"17";"6";"0.12";"65.91";"2.65"
"Dulles Airport";"Aug 22, 2026, 18:00:00";"18";"2.48";"0.13";"59.8";"2.73"
"Dulles Airport";"Aug 22, 2026, 17:00:00";"20";"0";"0.13";"60.93";"3.25"
"Dulles Airport";"Aug 22, 2026, 16:00:00";"22";"0.12";"0.13";"72.18";"3.7"
"Dulles Airport";"Aug 22, 2026, 15:00:00";"22";"0.31";"0.14";"89.23";"3.75"
"Dulles Airport";"Aug 22, 2026, 14:00:00";"23";"1.8";"0.14";"117.39";"4.02"
"Dulles Airport";"Aug 22, 2026, 13:00:00";"23";"2.65";"0.13";"133.68";"3.93"
"Dulles Airport";"Aug 22, 2026, 12:00:00";"23";"4.65";"0.12";"150.05";"4.58"
"Dulles Airport";"Aug 22, 2026, 11:00:00";"21";"3.99";"0.11";"156.68";"4"
"Dulles Airport";"Aug 22, 2026, 10:00:00";"20";"6";"0.09";"194.09";"3.38"
"Dulles Airport";"Aug 22, 2026, 09:00:00";"20";"6.31";"0.08";"218.91";"3.3"
"Dulles Airport";"Aug 22, 2026, 08:00:00";"23";"6.17";"0.07";"250.12";"3.49"
"Dulles Airport";"Aug 22, 2026, 07:00:00";"26";"7.96";"0.08";"252.18";"3.87"
"Dulles Airport";"Aug 22, 2026, 06:00:00";"30";"7.29";"0.12";"199.71";"4.57"
"Dulles Airport";"Aug 22, 2026, 05:00:00";"33";"4.73";"0.11";"185.45";"5.18"
"Dulles Airport";"Aug 22, 2026, 04:00:00";"38";"6.4";"0.1";"176.51";"6.46"
"Dulles Airport";"Aug 22, 2026, 03:00:00";"39";"7.1";"0.11";"155.72";"7.29"
"Dulles Airport";"Aug 22, 2026, 02:00:00";"37";"7.05";"0.11";"132.34";"7.08"
"Dulles Airport";"Aug 22, 2026, 01:00:00";"34";"7.63";"0.12";"99.19";"5.98"
"Dulles Airport";"Aug 22, 2026, 00:00:00";"35";"7.27";"0.1";"80.84";"5.87"
"Dulles Airport";"Aug 21, 2026, 23:00:00";"39";"7.47";"0.11";"62.74";"6.46"
"Dulles Airport";"Aug 21, 2026, 22:00:00";"39";"7.53";"0.11";"45.98";"6.54"
"Dulles Airport";"Aug 21, 2026, 21:00:00";"42";"6.93";"0.11";"32.95";"6.94"
"Dulles Airport";"Aug 21, 2026, 20:00:00";"44";"4.97";"0.12";"25.14";"7.01"
"Dulles Airport";"Aug 21, 2026, 19:00:00";"50";"6.68";"0.13";"15.8";"7.63"
"Dulles Airport";"Aug 21, 2026, 18:00:00";"54";"7.78";"0.12";"4.52";"10.2"
"Dulles Airport";"Aug 21, 2026, 17:00:00";"54";"3.02";"0.12";"1.93";"10.48"
"Dulles Airport";"Aug 21, 2026, 16:00:00";"54";"0.72";"0.12";"0.89";"10.7"
"Dulles Airport";"Aug 21, 2026, 15:00:00";"53";"1.5";"0.11";"2.99";"11.02"
"Dulles Airport";"Aug 21, 2026, 14:00:00";"52";"0.04";"0.09";"5.61";"10.33"
"Dulles Airport";"Aug 21, 2026, 13:00:00";"47";"0.89";"0.09";"14.76";"8.62"
"Dulles Airport";"Aug 21, 2026, 12:00:00";"50";"1.48";"0.09";"29.13";"11.12"
"Dulles Airport";"Aug 21, 2026, 11:00:00";"28";"2.86";"0.08";"56.93";"5.47"
"Dulles Airport";"Aug 21, 2026, 10:00:00";"26";"7.63";"0.07";"94.28";"4.76"
"Dulles Airport";"Aug 21, 2026, 09:00:00";"25";"8.89";"0.08";"121.74";"4.64"
"Dulles Airport";"Aug 21, 2026, 08:00:00";"24";"11.61";"0.07";"119.16";"4.34"
"Dulles Airport";"Aug 21, 2026, 07:00:00";"24";"10.07";"0.06";"121.44";"4.39"
"Dulles Airport";"Aug 21, 2026, 06:00:00";"24";"8.92";"0.05";"127.71";"4.23"
"Dulles Airport";"Aug 21, 2026, 05:00:00";"24";"8.84";"0.05";"128.24";"4.05"
"Dulles Airport";"Aug 21, 2026, 04:00:00";"24";"8.38";"0.04";"118.15";"4.85"
"Dulles Airport";"Aug 21, 2026, 03:00:00";"22";"10.05";"0.05";"112.5";"4.24"
"Dulles Airport";"Aug 21, 2026, 02:00:00";"20";"9.9";"0.06";"97.63";"4.12"
"Dulles Airport";"Aug 21, 2026, 01:00:00";"18";"10.05";"0.06";"87.06";"3.98"
"Dulles Airport";"Aug 21, 2026, 00:00:00";"13";"9.86";"0.05";"73";"3.15"
"Dulles Airport";"Aug 20, 2026, 23:00:00";"10";"10.61";"0.03";"65.5";"1.87"
"Dulles Airport";"Aug 20, 2026, 22:00:00";"9";"9.92";"0.02";"61.57";"1.15"
"Dulles Airport";"Aug 20, 2026, 21:00:00";"10";"10.29";"0.02";"61.71";"1"
"Dulles Airport";"Aug 20, 2026, 20:00:00";"11";"7.77";"0.05";"60.35";"1.07"
"Dulles Airport";"Aug 20, 2026, 19:00:00";"16";"3.39";"0.1";"82.54";"2.19"
"Dulles Airport";"Aug 20, 2026, 18:00:00";"19";"1.01";"0.12";"128.1";"2.6"
"Dulles Airport";"Aug 20, 2026, 17:00:00";"24";"4.95";"0.12";"116.89";"2.87"
"Dulles Airport";"Aug 20, 2026, 16:00:00";"33";"2.7";"0.13";"105.47";"3.67"
"Dulles Airport";"Aug 20, 2026, 15:00:00";"45";"0";"0.19";"142.47";"8.37"
"Dulles Airport";"Aug 20, 2026, 14:00:00";"43";"0";"0.2";"149.09";"8.08"
"Dulles Airport";"Aug 20, 2026, 13:00:00";"43";"0.47";"0.24";"213.75";"8.08"
"Dulles Airport";"Aug 20, 2026, 12:00:00";"40";"2.85";"0.29";"262.79";"8.56"
"Dulles Airport";"Aug 20, 2026, 11:00:00";"34";"7.16";"0.31";"230.91";"6.6"
"Dulles Airport";"Aug 20, 2026, 10:00:00";"30";"9";"0.27";"197.43";"5.33"
"Dulles Airport";"Aug 20, 2026, 09:00:00";"31";"11.3";"0.23";"189.4";"5.09"
"Dulles Airport";"Aug 20, 2026, 08:00:00";"34";"15.9";"0.22";"241.92";"6.32"
"Dulles Airport";"Aug 20, 2026, 07:00:00";"33";"10.56";"0.18";"286.36";"4.8"
"Dulles Airport";"Aug 20, 2026, 06:00:00";"39";"5.39";"0.13";"322.73";"5.73"
"Dulles Airport";"Aug 20, 2026, 05:00:00";"44";"4.74";"0.11";"308.98";"7.08"
"Dulles Airport";"Aug 20, 2026, 04:00:00";"49";"4.38";"0.11";"299.5";"8.47"
"Dulles Airport";"Aug 20, 2026, 03:00:00";"50";"5.68";"0.1";"274.17";"8.6"
"Dulles Airport";"Aug 20, 2026, 02:00:00";"52";"6.53";"0.11";"236.74";"9.29"
"Dulles Airport";"Aug 20, 2026, 01:00:00";"52";"6.36";"0.1";"194.96";"10.07"
"Dulles Airport";"Aug 20, 2026, 00:00:00";"48";"6.65";"0.12";"177.85";"8.96"
"Dulles Airport";"Aug 19, 2026, 23:00:00";"47";"5.56";"0.14";"149.23";"9.55"
"Dulles Airport";"Aug 19, 2026, 22:00:00";"40";"5.05";"0.13";"95.64";"8.35"
"Dulles Airport";"Aug 19, 2026, 21:00:00";"33";"5.46";"0.15";"55.35";"6.17"
"Dulles Airport";"Aug 19, 2026, 20:00:00";"33";"5.4";"0.17";"32.27";"6.15"
"Dulles Airport";"Aug 19, 2026, 19:00:00";"30";"0.93";"0.17";"16.83";"5.92"
"Dulles Airport";"Aug 19, 2026, 18:00:00";"28";"0";"0.18";"15.4";"5.54"
"Dulles Airport";"Aug 19, 2026, 17:00:00";"26";"0.06";"0.17";"14.82";"4.93"
"Dulles Airport";"Aug 19, 2026, 16:00:00";"24";"0.36";"0.17";"13.25";"4.5"
"Dulles Airport";"Aug 19, 2026, 15:00:00";"23";"0";"0.15";"11.62";"4.44"
"Dulles Airport";"Aug 19, 2026, 14:00:00";"20";"0";"0.14";"20.64";"3.95"
"Dulles Airport";"Aug 19, 2026, 13:00:00";"19";"0";"0.14";"24.25";"3.64"
"Dulles Airport";"Aug 19, 2026, 12:00:00";"18";"0";"0.14";"39.49";"3.17"
"Dulles Airport";"Aug 19, 2026, 11:00:00";"17";"0";"0.13";"63.96";"2.15"
"Dulles Airport";"Aug 19, 2026, 10:00:00";"22";"4";"0.12";"153.31";"2.18"
"Dulles Airport";"Aug 19, 2026, 09:00:00";"32";"8.46";"0.12";"250.01";"2.66"
"Dulles Airport";"Aug 19, 2026, 08:00:00";"49";"6.18";"0.06";"212.42";"7.1"
"Dulles Airport";"Aug 19, 2026, 07:00:00";"54";"5.52";"0.03";"168.66";"10.35"
"Dulles Airport";"Aug 19, 2026, 06:00:00";"54";"5.12";"0.04";"167.67";"10.44"
"Dulles Airport";"Aug 19, 2026, 05:00:00";"54";"5.54";"0.06";"178.92";"8.32"
"Dulles Airport";"Aug 19, 2026, 04:00:00";"59";"4.92";"0.06";"172.84";"12.13"
"Dulles Airport";"Aug 19, 2026, 03:00:00";"60";"5.92";"0.06";"165.56";"14.86"
"Dulles Airport";"Aug 19, 2026, 02:00:00";"58";"6.5";"0.08";"166.01";"15.12"
"Dulles Airport";"Aug 19, 2026, 01:00:00";"53";"6.39";"0.09";"154.6";"12.44"
"Dulles Airport";"Aug 19, 2026, 00:00:00";"43";"8.67";"0.12";"128.47";"9.33"
"Dulles Airport";"Aug 18, 2026, 23:00:00";"32";"7.55";"0.12";"98.33";"6.75"
"Dulles Airport";"Aug 18, 2026, 22:00:00";"28";"5.02";"0.12";"70.67";"5.51"
"Dulles Airport";"Aug 18, 2026, 21:00:00";"28";"4.98";"0.14";"52.53";"5.28"
"Dulles Airport";"Aug 18, 2026, 20:00:00";"27";"3.86";"0.16";"28.72";"4.65"
"Dulles Airport";"Aug 18, 2026, 19:00:00";"28";"0.17";"0.15";"21.69";"4.69"
"Dulles Airport";"Aug 18, 2026, 18:00:00";"28";"0";"0.15";"24.93";"4.92"
"Dulles Airport";"Aug 18, 2026, 17:00:00";"28";"0";"0.14";"28.13";"4.67"
"Dulles Airport";"Aug 18, 2026, 16:00:00";"28";"0";"0.14";"36.15";"4.63"
"Dulles Airport";"Aug 18, 2026, 15:00:00";"30";"0";"0.14";"56.3";"5.01"
"Dulles Airport";"Aug 18, 2026, 14:00:00";"32";"0";"0.16";"104.16";"5.85"
"Dulles Airport";"Aug 18, 2026, 13:00:00";"31";"0";"0.17";"155.58";"5.74"
"Dulles Airport";"Aug 18, 2026, 12:00:00";"30";"0.27";"0.17";"191.96";"5.57"
"Dulles Airport";"Aug 18, 2026, 11:00:00";"30";"1.28";"0.16";"237.72";"5.25"
"Dulles Airport";"Aug 18, 2026, 10:00:00";"30";"2.94";"0.15";"276.02";"5.07"
"Dulles Airport";"Aug 18, 2026, 09:00:00";"32";"3.22";"0.15";"370.25";"5.13"
"Dulles Airport";"Aug 18, 2026, 08:00:00";"35";"5.82";"0.13";"435.25";"5.49"
"Dulles Airport";"Aug 18, 2026, 07:00:00";"39";"4.64";"0.11";"487.7";"5.87"
"Dulles Airport";"Aug 18, 2026, 06:00:00";"46";"4.66";"0.08";"484.52";"7.34"
"Dulles Airport";"Aug 18, 2026, 05:00:00";"52";"3.8";"0.08";"494.76";"8.29"
"Dulles Airport";"Aug 18, 2026, 04:00:00";"54";"3.3";"0.08";"514.8";"10.61"
"Dulles Airport";"Aug 18, 2026, 03:00:00";"2";"2.83";"0.08";"494.07";"10.96"
"Dulles Airport";"Aug 18, 2026, 02:00:00";"3";"3.05";"0.08";"447.62";"0"
"Dulles Airport";"Aug 18, 2026, 01:00:00";"6";"6.22";"0.08";"404.87";"0"
"Dulles Airport";"Aug 18, 2026, 00:00:00";"35";"12.94";"0.1";"440.38";"0"
"Dulles Airport";"Aug 17, 2026, 23:00:00";"35";"14.73";"0.12";"413.58";"7.39"
"Dulles Airport";"Aug 17, 2026, 22:00:00";"29";"7.71";"0.12";"266.18";"6.54"
"Dulles Airport";"Aug 17, 2026, 21:00:00";"23";"8.67";"0.13";"157.08";"4.34"
"Dulles Airport";"Aug 17, 2026, 20:00:00";"21";"7.65";"0.13";"102.5";"2.98"
"Dulles Airport";"Aug 17, 2026, 19:00:00";"25";"8.6";"0.12";"77.3";"3.69"
"Dulles Airport";"Aug 17, 2026, 18:00:00";"30";"0.03";"0.15";"66.1";"6.09"
"Dulles Airport";"Aug 17, 2026, 17:00:00";"25";"0";"0.14";"60.53";"4.34"
"Dulles Airport";"Aug 17, 2026, 16:00:00";"27";"0";"0.15";"66.87";"5.03"
"Dulles Airport";"Aug 17, 2026, 15:00:00";"25";"0";"0.15";"79.78";"5.25"
"Dulles Airport";"Aug 17, 2026, 14:00:00";"22";"0";"0.14";"112.08";"4.11"
"Dulles Airport";"Aug 17, 2026, 13:00:00";"20";"0";"0.13";"158.46";"3.77"
"Dulles Airport";"Aug 17, 2026, 12:00:00";"20";"0";"0.12";"212.25";"3.72"
"Dulles Airport";"Aug 17, 2026, 11:00:00";"19";"0";"0.12";"352.1";"3.4"
"Dulles Airport";"Aug 17, 2026, 10:00:00";"19";"0";"0.11";"477.7";"3.03"
"Dulles Airport";"Aug 17, 2026, 09:00:00";"22";"2.35";"0.11";"661.05";"2.68"
"Dulles Airport";"Aug 17, 2026, 08:00:00";"29";"9.15";"0.09";"743.79";"3.94"
"Dulles Airport";"Aug 17, 2026, 07:00:00";"35";"4.6";"0.05";"589.7";"6.72"
"Dulles Airport";"Aug 17, 2026, 06:00:00";"33";"3.47";"0.04";"592.14";"6.66"
"Dulles Airport";"Aug 17, 2026, 05:00:00";"29";"3.68";"0.04";"652.65";"4.55"
"Dulles Airport";"Aug 17, 2026, 04:00:00";"32";"2.92";"0.05";"699.93";"5.22"
"Dulles Airport";"Aug 17, 2026, 03:00:00";"35";"3.83";"0.08";"813.42";"5.51"
"Dulles Airport";"Aug 17, 2026, 02:00:00";"39";"4.23";"0.11";"893.69";"6.78"
"Dulles Airport";"Aug 17, 2026, 01:00:00";"41";"16.67";"0.13";"785.36";"6.19"
"Dulles Airport";"Aug 17, 2026, 00:00:00";"48";"25.2";"0.13";"778.49";"6.34"
"Dulles Airport";"Aug 16, 2026, 23:00:00";"54";"21.4";"0.13";"769.62";"10.67"
"Dulles Airport";"Aug 16, 2026, 22:00:00";"54";"13.56";"0.14";"758.84";"10.08"
"Dulles Airport";"Aug 16, 2026, 21:00:00";"54";"7.79";"0.13";"666.01";"12.18"
"Dulles Airport";"Aug 16, 2026, 20:00:00";"52";"11.19";"0.17";"642.64";"11.38"
"Dulles Airport";"Aug 16, 2026, 19:00:00";"47";"2.49";"0.16";"424.73";"9.82"
"Dulles Airport";"Aug 16, 2026, 18:00:00";"44";"2.74";"0.17";"388.6";"7.61"
"Dulles Airport";"Aug 16, 2026, 17:00:00";"45";"5.26";"0.17";"481.8";"7.14"
"Dulles Airport";"Aug 16, 2026, 16:00:00";"48";"9.23";"0.16";"509.82";"8.32"
"Dulles Airport";"Aug 16, 2026, 15:00:00";"48";"6.48";"0.16";"587.46";"7.85"
"Dulles Airport";"Aug 16, 2026, 14:00:00";"49";"10.57";"0.19";"556.2";"7.9"
"Dulles Airport";"Aug 16, 2026, 13:00:00";"51";"12.93";"0.16";"465.51";"9.02"
"Dulles Airport";"Aug 16, 2026, 12:00:00";"51";"13.29";"0.17";"385.71";"9.18"
"Dulles Airport";"Aug 16, 2026, 11:00:00";"52";"10.56";"0.15";"310.28";"8.31"
"Dulles Airport";"Aug 16, 2026, 10:00:00";"52";"8.66";"0.16";"298.7";"8.99"
"Dulles Airport";"Aug 16, 2026, 09:00:00";"52";"9.25";"0.18";"288.94";"9.51"
"Dulles Airport";"Aug 16, 2026, 08:00:00";"52";"10.32";"0.19";"300.38";"9.37"
"Dulles Airport";"Aug 16, 2026, 07:00:00";"52";"9.21";"0.19";"300.56";"9.32"
"Dulles Airport";"Aug 16, 2026, 06:00:00";"52";"7.74";"0.19";"236.7";"9.64"
"Dulles Airport";"Aug 16, 2026, 05:00:00";"52";"8.59";"0.2";"195.28";"9.5"
"Dulles Airport";"Aug 16, 2026, 04:00:00";"52";"9.01";"0.2";"197.22";"9.14"
"Dulles Airport";"Aug 16, 2026, 03:00:00";"53";"10.94";"0.18";"151.82";"9.63"
"Dulles Airport";"Aug 16, 2026, 02:00:00";"53";"9.43";"0.15";"93.59";"9.66"
"Dulles Airport";"Aug 16, 2026, 01:00:00";"53";"9.24";"0.17";"58.34";"9.76"
"Dulles Airport";"Aug 16, 2026, 00:00:00";"53";"8.89";"0.18";"49.94";"9.54"
"Dulles Airport";"Aug 15, 2026, 23:00:00";"54";"6.45";"0.2";"49.8";"9.9"
"Dulles Airport";"Aug 15, 2026, 22:00:00";"54";"6.63";"0.22";"53.78";"10.35"
"Dulles Airport";"Aug 15, 2026, 21:00:00";"54";"5.4";"0.19";"44.03";"8.86"
"Dulles Airport";"Aug 15, 2026, 20:00:00";"55";"2.72";"0.2";"34.73";"9.45"
"Dulles Airport";"Aug 15, 2026, 19:00:00";"57";"2.06";"0.2";"20.58";"12.09"
"Dulles Airport";"Aug 15, 2026, 18:00:00";"57";"0";"0.2";"22.32";"12.22"
"Dulles Airport";"Aug 15, 2026, 17:00:00";"57";"1.67";"0.2";"23.97";"11.55"
"Dulles Airport";"Aug 15, 2026, 16:00:00";"57";"0.26";"0.19";"14.07";"12.94"
"Dulles Airport";"Aug 15, 2026, 15:00:00";"56";"0.58";"0.18";"11.61";"12.49"
"Dulles Airport";"Aug 15, 2026, 14:00:00";"55";"0.89";"0.16";"12.12";"11.89"
"Dulles Airport";"Aug 15, 2026, 13:00:00";"53";"0";"0.16";"22.26";"11.45"
"Dulles Airport";"Aug 15, 2026, 12:00:00";"50";"0";"0.15";"50.34";"9.27"
"Dulles Airport";"Aug 15, 2026, 11:00:00";"48";"0.02";"0.16";"103.98";"8.4"
"Dulles Airport";"Aug 15, 2026, 10:00:00";"49";"2.81";"0.15";"163.49";"8.01"
"Dulles Airport";"Aug 15, 2026, 09:00:00";"52";"5.1";"0.14";"250.19";"8.13"
"Dulles Airport";"Aug 15, 2026, 08:00:00";"55";"8.22";"0.13";"320.3";"9.04"
"Dulles Airport";"Aug 15, 2026, 07:00:00";"57";"8.56";"0.12";"328.66";"10.7"
"Dulles Airport";"Aug 15, 2026, 06:00:00";"59";"6.15";"0.1";"309.62";"15.32"
"Dulles Airport";"Aug 15, 2026, 05:00:00";"56";"3.43";"0.09";"282.96";"13.98"
"Dulles Airport";"Aug 15, 2026, 04:00:00";"53";"3.46";"0.1";"312.34";"10.22"
"Dulles Airport";"Aug 15, 2026, 03:00:00";"53";"5.02";"0.11";"264.91";"10.08"
"Dulles Airport";"Aug 15, 2026, 02:00:00";"53";"3.84";"0.12";"237.69";"9.1"
"Dulles Airport";"Aug 15, 2026, 01:00:00";"54";"4.82";"0.14";"221.05";"8.92"
"Dulles Airport";"Aug 15, 2026, 00:00:00";"55";"4.21";"0.15";"212.25";"9.71"
"Dulles Airport";"Aug 14, 2026, 23:00:00";"56";"4.98";"0.17";"218.17";"10.25"
"Dulles Airport";"Aug 14, 2026, 22:00:00";"57";"4.1";"0.17";"208.14";"11.69"
"Dulles Airport";"Aug 14, 2026, 21:00:00";"57";"4.29";"0.18";"139.34";"12.77"
"Dulles Airport";"Aug 14, 2026, 20:00:00";"56";"4.2";"0.17";"108";"11.41"
"Dulles Airport";"Aug 14, 2026, 19:00:00";"56";"3.16";"0.15";"74.81";"10.93"
"Dulles Airport";"Aug 14, 2026, 18:00:00";"56";"0.16";"0.14";"72.78";"10.23"
"Dulles Airport";"Aug 14, 2026, 17:00:00";"58";"0";"0.17";"94.46";"12.52"
"Dulles Airport";"Aug 14, 2026, 16:00:00";"57";"0";"0.2";"124.71";"12.91"
"Dulles Airport";"Aug 14, 2026, 15:00:00";"57";"3.8";"0.19";"166.85";"12.16"
"Dulles Airport";"Aug 14, 2026, 14:00:00";"57";"7.96";"0.17";"190.2";"12.28"
"Dulles Airport";"Aug 14, 2026, 13:00:00";"57";"5.69";"0.19";"167";"13"
"Dulles Airport";"Aug 14, 2026, 12:00:00";"57";"4.06";"0.22";"157.86";"12.26"
"Dulles Airport";"Aug 14, 2026, 11:00:00";"56";"7.47";"0.22";"141.52";"11.99"
"Dulles Airport";"Aug 14, 2026, 10:00:00";"55";"8.22";"0.2";"149.28";"11.62"
"Dulles Airport";"Aug 14, 2026, 09:00:00";"53";"7.48";"0.18";"182.85";"11.26"
"Dulles Airport";"Aug 14, 2026, 08:00:00";"51";"11.52";"0.19";"284.46";"9.05"
"Dulles Airport";"Aug 14, 2026, 07:00:00";"51";"7.14";"0.14";"313.43";"9.31"
"Dulles Airport";"Aug 14, 2026, 06:00:00";"50";"5.27";"0.1";"266.75";"10.64"
"Dulles Airport";"Aug 14, 2026, 05:00:00";"44";"4.74";"0.13";"241.66";"9.54"
"Dulles Airport";"Aug 14, 2026, 04:00:00";"39";"4.74";"0.15";"254.32";"7.36"
"Dulles Airport";"Aug 14, 2026, 03:00:00";"38";"4.88";"0.16";"327.4";"6.76"
"Dulles Airport";"Aug 14, 2026, 02:00:00";"39";"3.38";"0.18";"280.12";"6.79"
"Dulles Airport";"Aug 14, 2026, 01:00:00";"39";"5.44";"0.17";"241.36";"6.33"
"Dulles Airport";"Aug 14, 2026, 00:00:00";"40";"5.31";"0.15";"187.29";"7.81"
"Dulles Airport";"Aug 13, 2026, 23:00:00";"39";"3.45";"0.19";"141.87";"6.99"
"Dulles Airport";"Aug 13, 2026, 22:00:00";"39";"5.26";"0.2";"94.92";"6.78"
"Dulles Airport";"Aug 13, 2026, 21:00:00";"39";"4.03";"0.19";"63.15";"6.58"
"Dulles Airport";"Aug 13, 2026, 20:00:00";"39";"2.32";"0.22";"45.31";"6.46"
"Dulles Airport";"Aug 13, 2026, 19:00:00";"40";"0.52";"0.22";"27.72";"7.53"
"Dulles Airport";"Aug 13, 2026, 18:00:00";"40";"0.07";"0.2";"21.02";"7.54"
"Dulles Airport";"Aug 13, 2026, 17:00:00";"39";"0";"0.18";"6.81";"6.94"
"Dulles Airport";"Aug 13, 2026, 16:00:00";"39";"0";"0.17";"10.63";"6.64"
"Dulles Airport";"Aug 13, 2026, 15:00:00";"40";"0";"0.16";"14.05";"6.75"
"Dulles Airport";"Aug 13, 2026, 14:00:00";"42";"0";"0.16";"21.8";"7.7"
"Dulles Airport";"Aug 13, 2026, 13:00:00";"42";"0";"0.15";"31.46";"7.88"
"Dulles Airport";"Aug 13, 2026, 12:00:00";"40";"0";"0.14";"41.64";"7.69"
"Dulles Airport";"Aug 13, 2026, 11:00:00";"37";"0";"0.14";"61.02";"6.86"
"Dulles Airport";"Aug 13, 2026, 10:00:00";"35";"2.11";"0.14";"96.49";"6.57"
"Dulles Airport";"Aug 13, 2026, 09:00:00";"33";"3.59";"0.13";"124.41";"5.94"
"Dulles Airport";"Aug 13, 2026, 08:00:00";"32";"5.63";"0.11";"150.49";"5.26"
"Dulles Airport";"Aug 13, 2026, 07:00:00";"35";"6.65";"0.09";"170.24";"5.04"
"Dulles Airport";"Aug 13, 2026, 06:00:00";"42";"4.91";"0.09";"175.26";"6.63"
"Dulles Airport";"Aug 13, 2026, 05:00:00";"45";"3.73";"0.11";"175.58";"6.85"
"Dulles Airport";"Aug 13, 2026, 04:00:00";"52";"4.7";"0.14";"247.03";"8.56"
"Dulles Airport";"Aug 13, 2026, 03:00:00";"54";"6.81";"0.13";"262.42";"10.66"
"Dulles Airport";"Aug 13, 2026, 02:00:00";"54";"7.86";"0.14";"223.94";"10.35"
"Dulles Airport";"Aug 13, 2026, 01:00:00";"54";"5.85";"0.15";"182.87";"10.21"
"Dulles Airport";"Aug 13, 2026, 00:00:00";"55";"7.25";"0.18";"149.05";"10.18"
"Dulles Airport";"Aug 12, 2026, 23:00:00";"56";"9.5";"0.17";"126.22";"10.62"
"Dulles Airport";"Aug 12, 2026, 22:00:00";"57";"6.52";"0.17";"94.55";"10.78"
"Dulles Airport";"Aug 12, 2026, 21:00:00";"58";"7.77";"0.17";"61.64";"11.78"
"Dulles Airport";"Aug 12, 2026, 20:00:00";"60";"5.12";"0.19";"39.26";"12.07"
"Dulles Airport";"Aug 12, 2026, 19:00:00";"62";"0.71";"0.19";"25.26";"14.46"
"Dulles Airport";"Aug 12, 2026, 18:00:00";"63";"0.14";"0.19";"25.13";"15.27"
"Dulles Airport";"Aug 12, 2026, 17:00:00";"63";"0";"0.19";"25.2";"15.26"
"Dulles Airport";"Aug 12, 2026, 16:00:00";"63";"0.09";"0.2";"29.35";"16.83"
"Dulles Airport";"Aug 12, 2026, 15:00:00";"60";"0";"0.2";"37.2";"15.33"
"Dulles Airport";"Aug 12, 2026, 14:00:00";"57";"0.22";"0.2";"53.45";"13.37"
"Dulles Airport";"Aug 12, 2026, 13:00:00";"54";"0.33";"0.2";"67";"11.06"
"Dulles Airport";"Aug 12, 2026, 12:00:00";"53";"0.31";"0.18";"67.5";"11.03"
"Dulles Airport";"Aug 12, 2026, 11:00:00";"48";"1.06";"0.18";"80.39";"9.74"
"Dulles Airport";"Aug 12, 2026, 10:00:00";"43";"4.64";"0.18";"96.15";"8.91"
"Dulles Airport";"Aug 12, 2026, 09:00:00";"39";"8.77";"0.17";"103.39";"7.62"
"Dulles Airport";"Aug 12, 2026, 08:00:00";"38";"10.2";"0.15";"106.45";"6.99"
"Dulles Airport";"Aug 12, 2026, 07:00:00";"38";"10.09";"0.12";"90.06";"7.07"
"Dulles Airport";"Aug 12, 2026, 06:00:00";"37";"8.88";"0.12";"73.54";"6.66"
"Dulles Airport";"Aug 12, 2026, 05:00:00";"37";"6.95";"0.11";"61";"6.39"
"Dulles Airport";"Aug 12, 2026, 04:00:00";"38";"6.85";"0.11";"55.59";"6.93"
"Dulles Airport";"Aug 12, 2026, 03:00:00";"36";"6.53";"0.11";"62.55";"6.42"
"Dulles Airport";"Aug 12, 2026, 02:00:00";"37";"7.21";"0.11";"71.57";"5.96"
"Dulles Airport";"Aug 12, 2026, 01:00:00";"40";"7.49";"0.12";"68.77";"6.25"
"Dulles Airport";"Aug 12, 2026, 00:00:00";"44";"7.42";"0.13";"59.1";"7.12"
"Dulles Airport";"Aug 11, 2026, 23:00:00";"50";"7.61";"0.13";"46.83";"8.15"
"Dulles Airport";"Aug 11, 2026, 22:00:00";"53";"7.86";"0.14";"35.96";"8.56"
"Dulles Airport";"Aug 11, 2026, 21:00:00";"54";"7.82";"0.15";"26.3";"9.43"
"Dulles Airport";"Aug 11, 2026, 20:00:00";"56";"6.04";"0.15";"20.76";"11.54"
"Dulles Airport";"Aug 11, 2026, 19:00:00";"56";"1.91";"0.16";"19.02";"11.92"
"Dulles Airport";"Aug 11, 2026, 18:00:00";"55";"0.14";"0.15";"21.12";"10.24"
"Dulles Airport";"Aug 11, 2026, 17:00:00";"57";"0";"0.17";"33.83";"11.32"
"Dulles Airport";"Aug 11, 2026, 16:00:00";"57";"0";"0.18";"42.79";"12.16"
"Dulles Airport";"Aug 11, 2026, 15:00:00";"58";"0";"0.18";"51.91";"11.94"
"Dulles Airport";"Aug 11, 2026, 14:00:00";"59";"0";"0.18";"68.3";"13.58"
"Dulles Airport";"Aug 11, 2026, 13:00:00";"57";"0";"0.19";"104.48";"14.09"
"Dulles Airport";"Aug 11, 2026, 12:00:00";"54";"0";"0.2";"150.19";"12.06"
"Dulles Airport";"Aug 11, 2026, 11:00:00";"52";"0.4";"0.19";"211.44";"9.77"
"Dulles Airport";"Aug 11, 2026, 10:00:00";"50";"6.33";"0.18";"303.91";"7.66"
"Dulles Airport";"Aug 11, 2026, 09:00:00";"53";"8.24";"0.18";"380.05";"7.71"
"Dulles Airport";"Aug 11, 2026, 08:00:00";"58";"11";"0.18";"411.96";"15.44"
"Dulles Airport";"Aug 11, 2026, 07:00:00";"53";"5.8";"0.14";"376";"12.91"
"Dulles Airport";"Aug 11, 2026, 06:00:00";"39";"4.47";"0.12";"411.18";"6.44"
"Dulles Airport";"Aug 11, 2026, 05:00:00";"41";"3.5";"0.11";"434.03";"6.5"
"Dulles Airport";"Aug 11, 2026, 04:00:00";"44";"4.15";"0.11";"432.01";"7.62"
"Dulles Airport";"Aug 11, 2026, 03:00:00";"47";"4.29";"0.1";"403.1";"9.6"
"Dulles Airport";"Aug 11, 2026, 02:00:00";"39";"4.11";"0.1";"377.37";"7.5"
"Dulles Airport";"Aug 11, 2026, 01:00:00";"37";"8.24";"0.11";"373.82";"5.98"
"Dulles Airport";"Aug 11, 2026, 00:00:00";"42";"14.29";"0.12";"384.1";"7.16"
"Dulles Airport";"Aug 10, 2026, 23:00:00";"43";"19.27";"0.13";"387.35";"7.26"
"Dulles Airport";"Aug 10, 2026, 22:00:00";"45";"18.64";"0.13";"348.49";"7.95"
"Dulles Airport";"Aug 10, 2026, 21:00:00";"46";"11.73";"0.13";"323.95";"8.61"
"Dulles Airport";"Aug 10, 2026, 20:00:00";"44";"15.49";"0.14";"325.56";"6.78"
"Dulles Airport";"Aug 10, 2026, 19:00:00";"49";"14.85";"0.15";"263.7";"7.43"
"Dulles Airport";"Aug 10, 2026, 18:00:00";"54";"10.48";"0.13";"185.73";"9.62"
"Dulles Airport";"Aug 10, 2026, 17:00:00";"55";"13.81";"0.14";"68.67";"7.96"
"Dulles Airport";"Aug 10, 2026, 16:00:00";"61";"0.08";"0.2";"28.11";"13.65"
"Dulles Airport";"Aug 10, 2026, 15:00:00";"61";"0";"0.2";"25.07";"13.76"
"Dulles Airport";"Aug 10, 2026, 14:00:00";"61";"0";"0.2";"27.38";"13.53"
"Dulles Airport";"Aug 10, 2026, 13:00:00";"62";"0";"0.2";"41.33";"14.78"
"Dulles Airport";"Aug 10, 2026, 12:00:00";"63";"0";"0.18";"54.51";"16.03"
"Dulles Airport";"Aug 10, 2026, 11:00:00";"62";"0";"0.21";"104.45";"17.13"
"Dulles Airport";"Aug 10, 2026, 10:00:00";"59";"0.1";"0.22";"242.58";"11.85"
"Dulles Airport";"Aug 10, 2026, 09:00:00";"60";"5.53";"0.25";"514.49";"11.37"
"Dulles Airport";"Aug 10, 2026, 08:00:00";"5";"5.67";"0.19";"513.65";"17.52"
"Dulles Airport";"Aug 10, 2026, 07:00:00";"3";"3.87";"0.15";"411.6";"0"
"Dulles Airport";"Aug 10, 2026, 06:00:00";"2";"2.76";"0.11";"362.41";"0"
"Dulles Airport";"Aug 10, 2026, 05:00:00";"3";"3.52";"0.12";"355.98";"0"
"Dulles Airport";"Aug 10, 2026, 04:00:00";"5";"5.1";"0.13";"336";"0"
"Dulles Airport";"Aug 10, 2026, 03:00:00";"60";"7.84";"0.16";"325.98";"0"
"Dulles Airport";"Aug 10, 2026, 02:00:00";"60";"8.13";"0.15";"291.5";"15.07"
"Dulles Airport";"Aug 10, 2026, 01:00:00";"60";"14.95";"0.2";"257.57";"15.05"
"Dulles Airport";"Aug 10, 2026, 00:00:00";"59";"10.77";"0.19";"213.93";"13.85"
"Dulles Airport";"Aug 9, 2026, 23:00:00";"58";"16.2";"0.21";"155.17";"14.01"
"Dulles Airport";"Aug 9, 2026, 22:00:00";"57";"14.06";"0.21";"98.53";"11.99"
"Dulles Airport";"Aug 9, 2026, 21:00:00";"57";"6.57";"0.2";"66.07";"11.2"
"Dulles Airport";"Aug 9, 2026, 20:00:00";"58";"2.67";"0.25";"49.02";"12.09"
"Dulles Airport";"Aug 9, 2026, 19:00:00";"59";"0";"0.22";"17.73";"13.25"
"Dulles Airport";"Aug 9, 2026, 18:00:00";"59";"0";"0.21";"11.32";"14.14"
"Dulles Airport";"Aug 9, 2026, 17:00:00";"58";"0";"0.2";"4.85";"13.14"
"Dulles Airport";"Aug 9, 2026, 16:00:00";"56";"0";"0.18";"2.78";"11.66"
"Dulles Airport";"Aug 9, 2026, 15:00:00";"57";"0";"0.17";"7.14";"12.59"
"Dulles Airport";"Aug 9, 2026, 14:00:00";"55";"0";"0.18";"28.69";"12.18"
"Dulles Airport";"Aug 9, 2026, 13:00:00";"53";"0";"0.18";"57.71";"11.95"
"Dulles Airport";"Aug 9, 2026, 12:00:00";"46";"0";"0.17";"101.73";"9.37"
"Dulles Airport";"Aug 9, 2026, 11:00:00";"40";"0";"0.17";"158.67";"7.56"
"Dulles Airport";"Aug 9, 2026, 10:00:00";"38";"0";"0.17";"257.62";"6.87"
"Dulles Airport";"Aug 9, 2026, 09:00:00";"37";"0.4";"0.19";"492.01";"5.77"
"Dulles Airport";"Aug 9, 2026, 08:00:00";"43";"7.37";"0.19";"620.41";"6.62"
"Dulles Airport";"Aug 9, 2026, 07:00:00";"48";"6.31";"0.19";"537.97";"8.74"
"Dulles Airport";"Aug 9, 2026, 06:00:00";"47";"2.03";"0.16";"467.88";"8.47"
"Dulles Airport";"Aug 9, 2026, 05:00:00";"47";"6.13";"0.18";"414.57";"8.31"
"Dulles Airport";"Aug 9, 2026, 04:00:00";"48";"8.21";"0.13";"334.8";"10.09"
"Dulles Airport";"Aug 9, 2026, 03:00:00";"40";"9.94";"0.14";"293.53";"8.75"
"Dulles Airport";"Aug 9, 2026, 02:00:00";"32";"10.36";"0.16";"262.44";"6.59"
"Dulles Airport";"Aug 9, 2026, 01:00:00";"28";"17.48";"0.17";"211.35";"5.08"
"Dulles Airport";"Aug 9, 2026, 00:00:00";"27";"19.57";"0.18";"167.93";"4.71"
"Dulles Airport";"Aug 8, 2026, 23:00:00";"28";"12.59";"0.18";"146.35";"4.81"
"Dulles Airport";"Aug 8, 2026, 22:00:00";"29";"15.21";"0.18";"112.23";"4.68"
"Dulles Airport";"Aug 8, 2026, 21:00:00";"32";"19.1";"0.17";"75";"5.05"
"Dulles Airport";"Aug 8, 2026, 20:00:00";"34";"14.48";"0.17";"44.75";"5.58"
"Dulles Airport";"Aug 8, 2026, 19:00:00";"38";"0.32";"0.18";"35.19";"6.43"
"Dulles Airport";"Aug 8, 2026, 18:00:00";"39";"0";"0.18";"36.92";"6.82"
"Dulles Airport";"Aug 8, 2026, 17:00:00";"40";"3.46";"0.22";"68.25";"6.67"
"Dulles Airport";"Aug 8, 2026, 16:00:00";"44";"0.25";"0.2";"40.43";"8.47"
"Dulles Airport";"Aug 8, 2026, 15:00:00";"40";"0";"0.2";"37.08";"8.97"
"Dulles Airport";"Aug 8, 2026, 14:00:00";"30";"0";"0.19";"57.16";"6.11"
"Dulles Airport";"Aug 8, 2026, 13:00:00";"26";"0";"0.18";"79.24";"5.71"
"Dulles Airport";"Aug 8, 2026, 12:00:00";"20";"0";"0.19";"127.76";"3.89"
"Dulles Airport";"Aug 8, 2026, 11:00:00";"18";"0";"0.2";"221.63";"3.14"
"Dulles Airport";"Aug 8, 2026, 10:00:00";"18";"4.66";"0.2";"496.13";"2.79"
"Dulles Airport";"Aug 8, 2026, 09:00:00";"6";"6.48";"0.19";"706.77";"3.65"
"Dulles Airport";"Aug 8, 2026, 08:00:00";"8";"8.66";"0.18";"659.87";"0"
"Dulles Airport";"Aug 8, 2026, 07:00:00";"5";"5.44";"0.15";"451.68";"0"
"Dulles Airport";"Aug 8, 2026, 06:00:00";"4";"4.62";"0.13";"454.11";"0"
"Dulles Airport";"Aug 8, 2026, 05:00:00";"32";"1.73";"0.11";"434.33";"0"
"Dulles Airport";"Aug 8, 2026, 04:00:00";"32";"5.6";"0.13";"451.47";"6.43"
"Dulles Airport";"Aug 8, 2026, 03:00:00";"28";"14.21";"0.12";"425.66";"6.08"
"Dulles Airport";"Aug 8, 2026, 02:00:00";"23";"11.47";"0.14";"436.25";"4.44"
"Dulles Airport";"Aug 8, 2026, 01:00:00";"20";"15.8";"0.14";"414.85";"3.53"
"Dulles Airport";"Aug 8, 2026, 00:00:00";"20";"21.98";"0.19";"404.5";"4.35"
"Dulles Airport";"Aug 7, 2026, 23:00:00";"17";"10.66";"0.15";"284.19";"3.66"
"Dulles Airport";"Aug 7, 2026, 22:00:00";"15";"15.15";"0.18";"183.93";"1.85"
"Dulles Airport";"Aug 7, 2026, 21:00:00";"17";"17.68";"0.19";"143.32";"2.38"
"Dulles Airport";"Aug 7, 2026, 20:00:00";"19";"3.72";"0.2";"149.06";"2.79"
"Dulles Airport";"Aug 7, 2026, 19:00:00";"20";"4.01";"0.21";"131.43";"3.44"
"Dulles Airport";"Aug 7, 2026, 18:00:00";"21";"0.22";"0.21";"96.03";"3.92"
"Dulles Airport";"Aug 7, 2026, 17:00:00";"20";"0.04";"0.22";"78.01";"3.55"
"Dulles Airport";"Aug 7, 2026, 16:00:00";"20";"0.65";"0.19";"60.33";"3.91"
"Dulles Airport";"Aug 7, 2026, 15:00:00";"20";"0";"0.2";"70.6";"4.04"
"Dulles Airport";"Aug 7, 2026, 14:00:00";"18";"0";"0.18";"68.55";"3.3"
"Dulles Airport";"Aug 7, 2026, 13:00:00";"17";"0";"0.17";"105.39";"3.25"
"Dulles Airport";"Aug 7, 2026, 12:00:00";"17";"0";"0.18";"170.73";"3.06"
"Dulles Airport";"Aug 7, 2026, 11:00:00";"16";"0";"0.21";"316.03";"2.94"
"Dulles Airport";"Aug 7, 2026, 10:00:00";"15";"8.26";"0.19";"572.83";"2.5"
"Dulles Airport";"Aug 7, 2026, 09:00:00";"14";"14.18";"0.21";"710.27";"3.27"
"Dulles Airport";"Aug 7, 2026, 08:00:00";"8";"8.24";"0.19";"604.19";"0"
"Dulles Airport";"Aug 7, 2026, 07:00:00";"5";"5.94";"0.15";"486.21";"0"
"Dulles Airport";"Aug 7, 2026, 06:00:00";"6";"6.6";"0.15";"475.18";"0"
"Dulles Airport";"Aug 7, 2026, 05:00:00";"7";"7.92";"0.14";"484.21";"0"
"Dulles Airport";"Aug 7, 2026, 04:00:00";"8";"8.64";"0.15";"480.13";"0"
"Dulles Airport";"Aug 7, 2026, 03:00:00";"10";"10.27";"0.17";"491.8";"0"
"Dulles Airport";"Aug 7, 2026, 02:00:00";"33";"10.89";"0.17";"493.82";"0"
"Dulles Airport";"Aug 7, 2026, 01:00:00";"33";"15.07";"0.18";"500.2";"6.72"
"Dulles Airport";"Aug 7, 2026, 00:00:00";"29";"13.85";"0.16";"511.78";"6.24"
"Dulles Airport";"Aug 6, 2026, 23:00:00";"24";"12.05";"0.12";"493.63";"5.17"
"Dulles Airport";"Aug 6, 2026, 22:00:00";"19";"15.47";"0.12";"443.84";"3.04"
"Dulles Airport";"Aug 6, 2026, 21:00:00";"22";"14.22";"0.14";"416.49";"2.7"
"Dulles Airport";"Aug 6, 2026, 20:00:00";"28";"14.24";"0.15";"415.16";"6.09"
"Dulles Airport";"Aug 6, 2026, 19:00:00";"22";"6.18";"0.22";"310.7";"4.05"
"Dulles Airport";"Aug 6, 2026, 18:00:00";"22";"0.52";"0.21";"276.35";"3.17"
"Dulles Airport";"Aug 6, 2026, 17:00:00";"25";"15.33";"0.2";"218.04";"3.51"
"Dulles Airport";"Aug 6, 2026, 16:00:00";"31";"18.71";"0.16";"69.28";"3.75"
"Dulles Airport";"Aug 6, 2026, 15:00:00";"43";"0";"0.2";"61.51";"7.12"
"Dulles Airport";"Aug 6, 2026, 14:00:00";"44";"0";"0.21";"84.34";"7.21"
"Dulles Airport";"Aug 6, 2026, 13:00:00";"46";"0";"0.2";"141.4";"8.24"
"Dulles Airport";"Aug 6, 2026, 12:00:00";"47";"0";"0.21";"189.92";"8.42"
"Dulles Airport";"Aug 6, 2026, 11:00:00";"46";"0";"0.21";"318.44";"8.46"
"Dulles Airport";"Aug 6, 2026, 10:00:00";"46";"1.03";"0.19";"582.86";"7.16"
"Dulles Airport";"Aug 6, 2026, 09:00:00";"48";"1.61";"0.18";"757.89";"7.59"
"Dulles Airport";"Aug 6, 2026, 08:00:00";"50";"5.22";"0.17";"792.38";"8.22"
"Dulles Airport";"Aug 6, 2026, 07:00:00";"53";"8.07";"0.16";"722.5";"10.07"
"Dulles Airport";"Aug 6, 2026, 06:00:00";"52";"6.35";"0.16";"676.34";"10.21"
"Dulles Airport";"Aug 6, 2026, 05:00:00";"51";"3.55";"0.16";"645.15";"9.76"
"Dulles Airport";"Aug 6, 2026, 04:00:00";"47";"2.89";"0.16";"616.84";"8.48"
"Dulles Airport";"Aug 6, 2026, 03:00:00";"47";"6.13";"0.17";"550.97";"8.22"
"Dulles Airport";"Aug 6, 2026, 02:00:00";"49";"5.98";"0.16";"446.18";"8.83"
"Dulles Airport";"Aug 6, 2026, 01:00:00";"48";"17.53";"0.16";"372.8";"9.44"
"Dulles Airport";"Aug 6, 2026, 00:00:00";"44";"22.99";"0.16";"320.96";"8.97"
"Dulles Airport";"Aug 5, 2026, 23:00:00";"38";"13.61";"0.17";"250.26";"8.35"
"Dulles Airport";"Aug 5, 2026, 22:00:00";"29";"7.81";"0.16";"204.23";"7.13"
"Dulles Airport";"Aug 5, 2026, 21:00:00";"18";"9.68";"0.17";"195.18";"3.95"
"Dulles Airport";"Aug 5, 2026, 20:00:00";"13";"2.92";"0.16";"200.23";"3.56"
"Dulles Airport";"Aug 5, 2026, 19:00:00";"7";"0.23";"0.15";"185.51";"1.13"
"Dulles Airport";"Aug 5, 2026, 18:00:00";"6";"0";"0.14";"186.1";"0.98"
"Dulles Airport";"Aug 5, 2026, 17:00:00";"7";"0";"0.14";"231.36";"1.03"
"Dulles Airport";"Aug 5, 2026, 16:00:00";"8";"0.75";"0.14";"291.28";"1.24"
"Dulles Airport";"Aug 5, 2026, 15:00:00";"8";"1.5";"0.12";"378.72";"1.55"
"Dulles Airport";"Aug 5, 2026, 14:00:00";"8";"0.69";"0.11";"343.49";"1.31"
"Dulles Airport";"Aug 5, 2026, 13:00:00";"9";"0.17";"0.1";"353.48";"1.48"
"Dulles Airport";"Aug 5, 2026, 12:00:00";"9";"0.8";"0.1";"404.18";"1.33"
"Dulles Airport";"Aug 5, 2026, 11:00:00";"11";"0.23";"0.13";"512.09";"1.76"
"Dulles Airport";"Aug 5, 2026, 10:00:00";"12";"3.25";"0.14";"623.89";"1.4"
"Dulles Airport";"Aug 5, 2026, 09:00:00";"16";"4.3";"0.14";"648.28";"1.71"
"Dulles Airport";"Aug 5, 2026, 08:00:00";"23";"8.62";"0.15";"642.5";"3.26"
"Dulles Airport";"Aug 5, 2026, 07:00:00";"27";"9.78";"0.16";"578.32";"4.61"
"Dulles Airport";"Aug 5, 2026, 06:00:00";"28";"11.5";"0.15";"510.91";"5.68"
"Dulles Airport";"Aug 5, 2026, 05:00:00";"24";"7.38";"0.13";"426.6";"5.04"
"Dulles Airport";"Aug 5, 2026, 04:00:00";"19";"7.99";"0.13";"328.9";"4.28"
"Dulles Airport";"Aug 5, 2026, 03:00:00";"16";"10.25";"0.14";"212.1";"2.94"
"Dulles Airport";"Aug 5, 2026, 02:00:00";"15";"5.32";"0.13";"152.68";"2.78"
"Dulles Airport";"Aug 5, 2026, 01:00:00";"15";"4.48";"0.14";"124.7";"2.67"
"Dulles Airport";"Aug 5, 2026, 00:00:00";"15";"5.25";"0.15";"97.55";"2.56"
"Dulles Airport";"Aug 4, 2026, 23:00:00";"15";"5.49";"0.17";"81.89";"2.53"
"Dulles Airport";"Aug 4, 2026, 22:00:00";"17";"6";"0.18";"67.24";"2.65"
"Dulles Airport";"Aug 4, 2026, 21:00:00";"18";"5.14";"0.18";"50.99";"2.68"
"Dulles Airport";"Aug 4, 2026, 20:00:00";"19";"4.11";"0.19";"35.67";"3.21"
"Dulles Airport";"Aug 4, 2026, 19:00:00";"20";"3.04";"0.19";"23.34";"3.48"
"Dulles Airport";"Aug 4, 2026, 18:00:00";"21";"0";"0.18";"16.26";"3.68"
"Dulles Airport";"Aug 4, 2026, 17:00:00";"22";"0";"0.18";"14.69";"3.69"
"Dulles Airport";"Aug 4, 2026, 16:00:00";"22";"0.29";"0.18";"24.09";"3.94"
"Dulles Airport";"Aug 4, 2026, 15:00:00";"22";"0";"0.18";"21.62";"4.59"
"Dulles Airport";"Aug 4, 2026, 14:00:00";"18";"0";"0.17";"21.96";"3.68"
"Dulles Airport";"Aug 4, 2026, 13:00:00";"17";"0";"0.14";"22.61";"3.21"
"Dulles Airport";"Aug 4, 2026, 12:00:00";"17";"0.28";"0.14";"33.52";"2.96"
"Dulles Airport";"Aug 4, 2026, 11:00:00";"16";"1.19";"0.15";"50.87";"2.95"
"Dulles Airport";"Aug 4, 2026, 10:00:00";"16";"6.03";"0.14";"79.58";"2.64"
"Dulles Airport";"Aug 4, 2026, 09:00:00";"17";"15.81";"0.15";"111.29";"2.76"
"Dulles Airport";"Aug 4, 2026, 08:00:00";"18";"14.71";"0.64";"154.71";"3.03"
"Dulles Airport";"Aug 4, 2026, 07:00:00";"18";"18.02";"0.26";"124.72";"3.07"
"Dulles Airport";"Aug 4, 2026, 06:00:00";"18";"19.13";"0.12";"107.89";"2.9"
"Dulles Airport";"Aug 4, 2026, 05:00:00";"19";"17.28";"0.12";"95.34";"3.1"
"Dulles Airport";"Aug 4, 2026, 04:00:00";"20";"17.76";"0.12";"78.69";"3.37"
"Dulles Airport";"Aug 4, 2026, 03:00:00";"20";"15.13";"0.12";"71.94";"3.5"
"Dulles Airport";"Aug 4, 2026, 02:00:00";"22";"13.46";"0.12";"62.99";"4.05"
"Dulles Airport";"Aug 4, 2026, 01:00:00";"21";"20.96";"0.14";"37.37";"3.82"
"Dulles Airport";"Aug 4, 2026, 00:00:00";"20";"20.19";"0.16";"32.07";"3.41"
"Dulles Airport";"Aug 3, 2026, 23:00:00";"21";"20.46";"0.16";"27.17";"3.45"
"Dulles Airport";"Aug 3, 2026, 22:00:00";"23";"22.23";"0.17";"28.71";"4.18"
"Dulles Airport";"Aug 3, 2026, 21:00:00";"22";"22.45";"0.17";"21.96";"4.51"
"Dulles Airport";"Aug 3, 2026, 20:00:00";"19";"18.93";"0.16";"14.71";"3.77"
"Dulles Airport";"Aug 3, 2026, 19:00:00";"18";"5.29";"0.13";"4.95";"4.13"
"Dulles Airport";"Aug 3, 2026, 18:00:00";"12";"0.79";"0.13";"7.82";"2.49"
"Dulles Airport";"Aug 3, 2026, 17:00:00";"9";"0";"0.13";"16.18";"1.28"
"Dulles Airport";"Aug 3, 2026, 16:00:00";"12";"0.1";"0.15";"37.83";"0.9"
"Dulles Airport";"Aug 3, 2026, 15:00:00";"18";"0";"0.16";"65.68";"1.83"
"Dulles Airport";"Aug 3, 2026, 14:00:00";"26";"0.12";"0.16";"91.22";"3.88"
"Dulles Airport";"Aug 3, 2026, 13:00:00";"30";"0";"0.15";"117.79";"4.9"
"Dulles Airport";"Aug 3, 2026, 12:00:00";"34";"0";"0.14";"176.58";"5.82"
"Dulles Airport";"Aug 3, 2026, 11:00:00";"35";"0";"0.15";"336.12";"5.92"
"Dulles Airport";"Aug 3, 2026, 10:00:00";"36";"1.14";"0.16";"680.7";"5.9"
"Dulles Airport";"Aug 3, 2026, 09:00:00";"39";"4.27";"0.14";"848.3";"6.61"
"Dulles Airport";"Aug 3, 2026, 08:00:00";"41";"6.27";"0.13";"870.37";"7.57"
"Dulles Airport";"Aug 3, 2026, 07:00:00";"40";"6.02";"0.12";"858.78";"8.09"
"Dulles Airport";"Aug 3, 2026, 06:00:00";"35";"4.53";"0.1";"816.74";"7.42"
"Dulles Airport";"Aug 3, 2026, 05:00:00";"30";"5.22";"0.09";"795.56";"5.82"
"Dulles Airport";"Aug 3, 2026, 04:00:00";"28";"6.2";"0.09";"801.48";"4.16"
"Dulles Airport";"Aug 3, 2026, 03:00:00";"32";"8.07";"0.11";"787.78";"5.7"
"Dulles Airport";"Aug 3, 2026, 02:00:00";"32";"5.5";"0.1";"765.19";"6.49"
"Dulles Airport";"Aug 3, 2026, 01:00:00";"28";"9.5";"0.1";"782.48";"5.11"
"Dulles Airport";"Aug 3, 2026, 00:00:00";"27";"10.86";"0.1";"741.22";"4.99"
"Dulles Airport";"Aug 2, 2026, 23:00:00";"27";"11.7";"0.12";"717.59";"4.26"
"Dulles Airport";"Aug 2, 2026, 22:00:00";"29";"17.71";"0.16";"666.78";"4.3"
"Dulles Airport";"Aug 2, 2026, 21:00:00";"33";"10.04";"0.12";"595.35";"5.84"
"Dulles Airport";"Aug 2, 2026, 20:00:00";"33";"7.56";"0.14";"510.06";"7.3"
"Dulles Airport";"Aug 2, 2026, 19:00:00";"26";"7.45";"0.15";"473.21";"4.26"
"Dulles Airport";"Aug 2, 2026, 18:00:00";"28";"3.16";"0.14";"505.44";"4.42"
"Dulles Airport";"Aug 2, 2026, 17:00:00";"30";"3.22";"0.15";"505.1";"5.65"
"Dulles Airport";"Aug 2, 2026, 16:00:00";"30";"2.24";"0.15";"395.26";"5.13"
"Dulles Airport";"Aug 2, 2026, 15:00:00";"31";"6.24";"0.17";"495.67";"4.77"
"Dulles Airport";"Aug 2, 2026, 14:00:00";"35";"10.23";"0.15";"589.12";"5.37"
"Dulles Airport";"Aug 2, 2026, 13:00:00";"40";"7.08";"0.19";"615.23";"7.53"
"Dulles Airport";"Aug 2, 2026, 12:00:00";"39";"7.14";"0.16";"501.19";"7.74"
"Dulles Airport";"Aug 2, 2026, 11:00:00";"34";"7.54";"0.15";"392.94";"7.16"
"Dulles Airport";"Aug 2, 2026, 10:00:00";"28";"10.35";"0.16";"274.31";"5.75"
"Dulles Airport";"Aug 2, 2026, 09:00:00";"25";"0";"0";"0";"4.77"
"Dulles Airport";"Aug 2, 2026, 08:00:00";"23";"7.68";"0.13";"184.22";"4.09"
"Dulles Airport";"Aug 2, 2026, 07:00:00";"23";"7.42";"0.12";"149.58";"4"
"Dulles Airport";"Aug 2, 2026, 06:00:00";"23";"7.08";"0.12";"124.96";"3.85"
"Dulles Airport";"Aug 2, 2026, 05:00:00";"24";"8.21";"0.12";"111.12";"4.13"
"Dulles Airport";"Aug 2, 2026, 04:00:00";"25";"8.27";"0.12";"99.61";"3.91"
"Dulles Airport";"Aug 2, 2026, 03:00:00";"28";"8.86";"0.13";"95.39";"4.19"
"Dulles Airport";"Aug 2, 2026, 02:00:00";"32";"7.88";"0.13";"78.68";"4.63"
"Dulles Airport";"Aug 2, 2026, 01:00:00";"38";"5.69";"0.15";"59.94";"5.34"
"Dulles Airport";"Aug 2, 2026, 00:00:00";"47";"6.69";"0.17";"66.9";"7.02"
"Dulles Airport";"Aug 1, 2026, 23:00:00";"52";"8.76";"0.21";"76.6";"8.6"
"Dulles Airport";"Aug 1, 2026, 22:00:00";"54";"8.58";"0.2";"55.73";"10.12"
"Dulles Airport";"Aug 1, 2026, 21:00:00";"56";"4.78";"0.21";"47.06";"11.1"
"Dulles Airport";"Aug 1, 2026, 20:00:00";"56";"3.75";"0.21";"39.13";"12.79"
"Dulles Airport";"Aug 1, 2026, 19:00:00";"54";"3.82";"0.22";"33.27";"12.87"
"Dulles Airport";"Aug 1, 2026, 18:00:00";"47";"5.2";"0.22";"29.5";"10.03"
"Dulles Airport";"Aug 1, 2026, 17:00:00";"39";"2.1";"0.19";"23.23";"7.59"
"Dulles Airport";"Aug 1, 2026, 16:00:00";"35";"0.95";"0.18";"20.75";"6.86"
"Dulles Airport";"Aug 1, 2026, 15:00:00";"32";"0";"0.17";"19.15";"6.2"
"Dulles Airport";"Aug 1, 2026, 14:00:00";"29";"0.04";"0.16";"31.44";"5.64"
"Dulles Airport";"Aug 1, 2026, 13:00:00";"27";"0.37";"0.18";"46.65";"5.06"
"Dulles Airport";"Aug 1, 2026, 12:00:00";"27";"1.12";"0.17";"62.22";"4.7"
"Dulles Airport";"Aug 1, 2026, 11:00:00";"27";"0.54";"0.2";"88.32";"4.69"
"Dulles Airport";"Aug 1, 2026, 10:00:00";"27";"8.35";"0.2";"151.63";"4.08"
"Dulles Airport";"Aug 1, 2026, 09:00:00";"32";"20.16";"0.23";"284.19";"4.55"
"Dulles Airport";"Aug 1, 2026, 08:00:00";"38";"12.46";"0.16";"278.72";"5.54"
"Dulles Airport";"Aug 1, 2026, 07:00:00";"40";"12.45";"0.13";"177.99";"8.13"
"Dulles Airport";"Aug 1, 2026, 06:00:00";"39";"10.14";"0.11";"161.45";"7.24"
"Dulles Airport";"Aug 1, 2026, 05:00:00";"38";"12.93";"0.11";"152.72";"7.69"
"Dulles Airport";"Aug 1, 2026, 04:00:00";"37";"16.27";"0.12";"139.87";"6.42"
"Dulles Airport";"Aug 1, 2026, 03:00:00";"38";"16.68";"0.14";"121.35";"6.96"
"Dulles Airport";"Aug 1, 2026, 02:00:00";"37";"25.22";"0.15";"103.37";"6.51"
"Dulles Airport";"Aug 1, 2026, 01:00:00";"37";"22.71";"0.14";"87.6";"6.33"
"Dulles Airport";"Aug 1, 2026, 00:00:00";"38";"20.48";"0.14";"70.9";"6.41"
"Dulles Airport";"Jul 31, 2026, 23:00:00";"38";"11.68";"0.11";"49.97";"6.06"
"Dulles Airport";"Jul 31, 2026, 22:00:00";"40";"10.8";"0.14";"31.45";"6.52"
"Dulles Airport";"Jul 31, 2026, 21:00:00";"41";"7.58";"0.17";"17.96";"6.81"
"Dulles Airport";"Jul 31, 2026, 20:00:00";"44";"3.63";"0.18";"6.99";"7.59"
"Dulles Airport";"Jul 31, 2026, 19:00:00";"45";"2.03";"0.17";"0";"8.04"
"Dulles Airport";"Jul 31, 2026, 18:00:00";"45";"0.19";"0.17";"0";"8.22"
"Dulles Airport";"Jul 31, 2026, 17:00:00";"44";"0.22";"0.16";"0.36";"8.12"
"Dulles Airport";"Jul 31, 2026, 16:00:00";"44";"0.23";"0.16";"0.18";"8.28"
"Dulles Airport";"Jul 31, 2026, 15:00:00";"41";"0.14";"0.15";"1.37";"7.92"
"Dulles Airport";"Jul 31, 2026, 14:00:00";"38";"1.7";"0.16";"7.54";"7.21"
"Dulles Airport";"Jul 31, 2026, 13:00:00";"35";"2.29";"0.14";"16.03";"7.27"
"Dulles Airport";"Jul 31, 2026, 12:00:00";"29";"0";"0.14";"20.69";"5.77"
"Dulles Airport";"Jul 31, 2026, 11:00:00";"25";"1.16";"0.15";"31.63";"5.26"
"Dulles Airport";"Jul 31, 2026, 10:00:00";"22";"11.51";"0.14";"54.71";"4.49"
"Dulles Airport";"Jul 31, 2026, 09:00:00";"18";"10.26";"0.14";"81.46";"3.06"
"Dulles Airport";"Jul 31, 2026, 08:00:00";"18";"11.43";"0.12";"101.06";"3.76"
"Dulles Airport";"Jul 31, 2026, 07:00:00";"16";"16.12";"0.08";"88.06";"3.01"
"Dulles Airport";"Jul 31, 2026, 06:00:00";"16";"6.46";"0.05";"69.19";"3.45"
"Dulles Airport";"Jul 31, 2026, 05:00:00";"14";"5.68";"0.07";"59.38";"2.56"
"Dulles Airport";"Jul 31, 2026, 04:00:00";"13";"8.51";"0.08";"60.26";"2.4"
"Dulles Airport";"Jul 31, 2026, 03:00:00";"13";"5.38";"0.09";"52.29";"2.44"
"Dulles Airport";"Jul 31, 2026, 02:00:00";"13";"5.1";"0.12";"45.69";"2.25"
"Dulles Airport";"Jul 31, 2026, 01:00:00";"13";"5.59";"0.12";"40.93";"2.15"
"Dulles Airport";"Jul 31, 2026, 00:00:00";"14";"11.24";"0.13";"22.89";"2.14"
"Dulles Airport";"Jul 30, 2026, 23:00:00";"15";"11.41";"0.14";"12.49";"2.36"
"Dulles Airport";"Jul 30, 2026, 22:00:00";"15";"8.12";"0.13";"9.11";"2.6"
"Dulles Airport";"Jul 30, 2026, 21:00:00";"15";"8.33";"0.14";"7";"2.7"
"Dulles Airport";"Jul 30, 2026, 20:00:00";"15";"6.94";"0.14";"5.74";"2.62"
"Dulles Airport";"Jul 30, 2026, 19:00:00";"16";"4.78";"0.15";"5.32";"2.66"
"Dulles Airport";"Jul 30, 2026, 18:00:00";"17";"4.45";"0.15";"5.18";"2.65"
"Dulles Airport";"Jul 30, 2026, 17:00:00";"17";"4.29";"0.15";"4.59";"2.96"
"Dulles Airport";"Jul 30, 2026, 16:00:00";"18";"0.56";"0.15";"3.31";"3.22"
"Dulles Airport";"Jul 30, 2026, 15:00:00";"17";"4.88";"0.14";"4.73";"3.2"
"Dulles Airport";"Jul 30, 2026, 14:00:00";"17";"2.08";"0.13";"3.13";"3.18"
"Dulles Airport";"Jul 30, 2026, 13:00:00";"17";"0.16";"0.12";"3.91";"3.25"
"Dulles Airport";"Jul 30, 2026, 12:00:00";"15";"0";"0.11";"7.74";"3.12"
"Dulles Airport";"Jul 30, 2026, 11:00:00";"13";"0.12";"0.11";"14.52";"2.56"
"Dulles Airport";"Jul 30, 2026, 10:00:00";"13";"2.73";"0.09";"27.88";"2.22"
"Dulles Airport";"Jul 30, 2026, 09:00:00";"13";"5.36";"0.08";"48.64";"2.04"
"Dulles Airport";"Jul 30, 2026, 08:00:00";"14";"6.76";"0.07";"59.86";"2.19"
"Dulles Airport";"Jul 30, 2026, 07:00:00";"15";"6.87";"0.06";"54.01";"2.29"
"Dulles Airport";"Jul 30, 2026, 06:00:00";"18";"6.74";"0.06";"51.5";"2.54"
"Dulles Airport";"Jul 30, 2026, 05:00:00";"21";"6.66";"0.07";"49.5";"2.85"
"Dulles Airport";"Jul 30, 2026, 04:00:00";"25";"7.45";"0.08";"46.79";"3.37"
"Dulles Airport";"Jul 30, 2026, 03:00:00";"32";"8.21";"0.08";"39.05";"4.14"
"Dulles Airport";"Jul 30, 2026, 02:00:00";"42";"5.54";"0.09";"32.09";"5.14"
"Dulles Airport";"Jul 30, 2026, 01:00:00";"57";"5.43";"0.1";"26.58";"5.35"
"Dulles Airport";"Jul 30, 2026, 00:00:00";"86";"6.44";"0.11";"24.02";"22.07"
"Dulles Airport";"Jul 29, 2026, 23:00:00";"33";"6.2";"0.12";"22";"5.51"
"Dulles Airport";"Jul 29, 2026, 22:00:00";"37";"5.08";"0.13";"17.94";"6.09"
"Dulles Airport";"Jul 29, 2026, 21:00:00";"39";"5.13";"0.13";"16.95";"6.33"
"Dulles Airport";"Jul 29, 2026, 20:00:00";"42";"4.69";"0.14";"13.23";"6.85"
"Dulles Airport";"Jul 29, 2026, 19:00:00";"45";"5.01";"0.14";"11.9";"6.7"
"Dulles Airport";"Jul 29, 2026, 18:00:00";"52";"2.17";"0.15";"9.76";"8.56"
"Dulles Airport";"Jul 29, 2026, 17:00:00";"52";"0.7";"0.15";"10.75";"8.97"
"Dulles Airport";"Jul 29, 2026, 16:00:00";"53";"0.35";"0.14";"12.41";"9.97"
"Dulles Airport";"Jul 29, 2026, 15:00:00";"52";"0.66";"0.13";"16.14";"9.4"
"Dulles Airport";"Jul 29, 2026, 14:00:00";"52";"0.29";"0.11";"18.45";"8.77"
"Dulles Airport";"Jul 29, 2026, 13:00:00";"54";"1.16";"0.1";"23.14";"9.97"
"Dulles Airport";"Jul 29, 2026, 12:00:00";"54";"0";"0.11";"37.36";"11.28"
"Dulles Airport";"Jul 29, 2026, 11:00:00";"53";"0.09";"0.12";"67.76";"10.59"
"Dulles Airport";"Jul 29, 2026, 10:00:00";"52";"2.7";"0.13";"130.5";"9.43"
"Dulles Airport";"Jul 29, 2026, 09:00:00";"53";"7.71";"0.14";"204.91";"10.25"
"Dulles Airport";"Jul 29, 2026, 08:00:00";"52";"7.1";"0.12";"267.96";"10.6"
"Dulles Airport";"Jul 29, 2026, 07:00:00";"49";"6.69";"0.1";"288.67";"10.16"
"Dulles Airport";"Jul 29, 2026, 06:00:00";"41";"5.53";"0.09";"302.07";"8.23"
"Dulles Airport";"Jul 29, 2026, 05:00:00";"36";"4.84";"0.08";"300.78";"7.2"
"Dulles Airport";"Jul 29, 2026, 04:00:00";"32";"6.04";"0.08";"331.19";"5.99"
"Dulles Airport";"Jul 29, 2026, 03:00:00";"30";"3.77";"0.06";"303.56";"5.84"
"Dulles Airport";"Jul 29, 2026, 02:00:00";"28";"3.94";"0.07";"278.06";"5.66"
"Dulles Airport";"Jul 29, 2026, 01:00:00";"24";"4.87";"0.09";"291.93";"4.7"
"Dulles Airport";"Jul 29, 2026, 00:00:00";"23";"7.69";"0.11";"303.46";"3.87"
"Dulles Airport";"Jul 28, 2026, 23:00:00";"24";"10.46";"0.11";"241.87";"3.71"
"Dulles Airport";"Jul 28, 2026, 22:00:00";"27";"10.25";"0.1";"182.4";"4.3"
"Dulles Airport";"Jul 28, 2026, 21:00:00";"29";"5.78";"0.11";"139.37";"4.18"
"Dulles Airport";"Jul 28, 2026, 20:00:00";"34";"11.62";"0.13";"133.25";"3.9"
"Dulles Airport";"Jul 28, 2026, 19:00:00";"45";"19.39";"0.13";"116.88";"5.67"
"Dulles Airport";"Jul 28, 2026, 18:00:00";"54";"3.21";"0.12";"59.7";"7.93"
"Dulles Airport";"Jul 28, 2026, 17:00:00";"60";"0.2";"0.17";"66.17";"11.8"
"Dulles Airport";"Jul 28, 2026, 16:00:00";"62";"0.85";"0.17";"74.91";"14.83"
"Dulles Airport";"Jul 28, 2026, 15:00:00";"63";"0";"0.2";"89.97";"16.82"
"Dulles Airport";"Jul 28, 2026, 14:00:00";"61";"0";"0.22";"124.39";"16.03"
"Dulles Airport";"Jul 28, 2026, 13:00:00";"58";"0";"0.23";"176.93";"14.13"
"Dulles Airport";"Jul 28, 2026, 12:00:00";"56";"4.12";"0.22";"230.85";"12.24"
"Dulles Airport";"Jul 28, 2026, 11:00:00";"56";"4.37";"0.21";"228.37";"12.28"
"Dulles Airport";"Jul 28, 2026, 10:00:00";"55";"4.6";"0.21";"233.09";"12.17"
"Dulles Airport";"Jul 28, 2026, 09:00:00";"54";"7.3";"0.23";"245.67";"11.28"
"Dulles Airport";"Jul 28, 2026, 08:00:00";"54";"11.55";"0.23";"254.12";"10.9"
"Dulles Airport";"Jul 28, 2026, 07:00:00";"54";"10.87";"0.22";"239.89";"10.95"
"Dulles Airport";"Jul 28, 2026, 06:00:00";"53";"8.87";"0.18";"229.78";"11.12"
"Dulles Airport";"Jul 28, 2026, 05:00:00";"53";"5.92";"0.16";"205.47";"10.53"
"Dulles Airport";"Jul 28, 2026, 04:00:00";"53";"4.18";"0.15";"179.38";"10.4"
"Dulles Airport";"Jul 28, 2026, 03:00:00";"53";"10.57";"0.18";"161.47";"9.9"
"Dulles Airport";"Jul 28, 2026, 02:00:00";"52";"7.89";"0.18";"156.44";"9.47"
"Dulles Airport";"Jul 28, 2026, 01:00:00";"53";"14.52";"0.17";"131.3";"9.75"
"Dulles Airport";"Jul 28, 2026, 00:00:00";"52";"17.43";"0.16";"92.94";"9.54"
"Dulles Airport";"Jul 27, 2026, 23:00:00";"52";"13.42";"0.17";"68.1";"9.67"
"Dulles Airport";"Jul 27, 2026, 22:00:00";"52";"17.41";"0.17";"52.97";"9.13"
"Dulles Airport";"Jul 27, 2026, 21:00:00";"53";"5.89";"0.16";"46.62";"9.55"
"Dulles Airport";"Jul 27, 2026, 20:00:00";"54";"5.2";"0.19";"32.6";"9.89"
"Dulles Airport";"Jul 27, 2026, 19:00:00";"54";"0.09";"0.18";"18.5";"10.46"
"Dulles Airport";"Jul 27, 2026, 18:00:00";"55";"0";"0.17";"13.99";"10.75"
"Dulles Airport";"Jul 27, 2026, 17:00:00";"56";"0";"0.18";"17.22";"11.5"
"Dulles Airport";"Jul 27, 2026, 16:00:00";"55";"0.44";"0.17";"18.25";"12.19"
"Dulles Airport";"Jul 27, 2026, 15:00:00";"54";"0.15";"0.17";"22.43";"12.77"
"Dulles Airport";"Jul 27, 2026, 14:00:00";"45";"1.24";"0.15";"30.18";"9"
"Dulles Airport";"Jul 27, 2026, 13:00:00";"39";"0.19";"0.14";"42.11";"7.16"
"Dulles Airport";"Jul 27, 2026, 12:00:00";"39";"0.95";"0.15";"67.66";"6.73"
"Dulles Airport";"Jul 27, 2026, 11:00:00";"40";"0.21";"0.16";"116.87";"6.69"
"Dulles Airport";"Jul 27, 2026, 10:00:00";"43";"2.71";"0.15";"201.06";"5.85"
"Dulles Airport";"Jul 27, 2026, 09:00:00";"52";"6.23";"0.15";"280.91";"6.39"
"Dulles Airport";"Jul 27, 2026, 08:00:00";"58";"9.26";"0.13";"290.55";"12.07"
"Dulles Airport";"Jul 27, 2026, 07:00:00";"58";"6.76";"0.09";"253.13";"12.65"
"Dulles Airport";"Jul 27, 2026, 06:00:00";"59";"5.86";"0.08";"255.41";"11.55"
"Dulles Airport";"Jul 27, 2026, 05:00:00";"61";"3.98";"0.09";"292.23";"15.98"
"Dulles Airport";"Jul 27, 2026, 04:00:00";"58";"2.26";"0.12";"335.03";"16.5"
"Dulles Airport";"Jul 27, 2026, 03:00:00";"51";"3.79";"0.14";"333.73";"11.55"
"Dulles Airport";"Jul 27, 2026, 02:00:00";"38";"3.68";"0.15";"245.14";"6.04"
"Dulles Airport";"Jul 27, 2026, 01:00:00";"42";"9.32";"0.18";"261.56";"5.32"
"Dulles Airport";"Jul 27, 2026, 00:00:00";"52";"13.77";"0.16";"241.4";"10.94"
"Dulles Airport";"Jul 26, 2026, 23:00:00";"47";"10.89";"0.16";"165.24";"10.66"
"Dulles Airport";"Jul 26, 2026, 22:00:00";"34";"13.28";"0.18";"91.86";"6.07"
"Dulles Airport";"Jul 26, 2026, 21:00:00";"35";"13.8";"0.18";"56.64";"6.64"
"Dulles Airport";"Jul 26, 2026, 20:00:00";"33";"4.3";"0.16";"36.4";"6.37"
"Dulles Airport";"Jul 26, 2026, 19:00:00";"32";"0";"0.18";"48.68";"5.39"
"Dulles Airport";"Jul 26, 2026, 18:00:00";"33";"0";"0.16";"26.23";"5.62"
"Dulles Airport";"Jul 26, 2026, 17:00:00";"33";"0";"0.15";"19.43";"6.03"
"Dulles Airport";"Jul 26, 2026, 16:00:00";"33";"0";"0.14";"15.56";"6.31"
"Dulles Airport";"Jul 26, 2026, 15:00:00";"32";"0";"0.13";"20.63";"6.28"
"Dulles Airport";"Jul 26, 2026, 14:00:00";"28";"0.9";"0.14";"41.31";"5.51"
"Dulles Airport";"Jul 26, 2026, 13:00:00";"25";"0";"0.14";"62.74";"5.13"
"Dulles Airport";"Jul 26, 2026, 12:00:00";"21";"0.07";"0.13";"94.73";"3.95"
"Dulles Airport";"Jul 26, 2026, 11:00:00";"19";"0.25";"0.11";"130.29";"3.37"
"Dulles Airport";"Jul 26, 2026, 10:00:00";"20";"6.92";"0.14";"165.17";"2.94"
"Dulles Airport";"Jul 26, 2026, 09:00:00";"24";"3.83";"0.13";"207.95";"2.91"
"Dulles Airport";"Jul 26, 2026, 08:00:00";"32";"10.03";"0.14";"267.97";"5.36"
"Dulles Airport";"Jul 26, 2026, 07:00:00";"34";"6.39";"0.08";"197.83";"6.82"
"Dulles Airport";"Jul 26, 2026, 06:00:00";"30";"3.03";"0.06";"180.99";"6.29"
"Dulles Airport";"Jul 26, 2026, 05:00:00";"25";"5.96";"0.09";"210.86";"4.53"
"Dulles Airport";"Jul 26, 2026, 04:00:00";"24";"13.58";"0.11";"204.79";"4.3"
"Dulles Airport";"Jul 26, 2026, 03:00:00";"24";"12.49";"0.13";"202.46";"4.12"
"Dulles Airport";"Jul 26, 2026, 02:00:00";"25";"12.66";"0.14";"185.27";"4.37"
"Dulles Airport";"Jul 26, 2026, 01:00:00";"25";"15.84";"0.1";"145.9";"5.37"
"Dulles Airport";"Jul 26, 2026, 00:00:00";"20";"20.15";"0.08";"110.8";"4.16"
"Dulles Airport";"Jul 25, 2026, 23:00:00";"17";"10.85";"0.09";"83.7";"3.24"
"Dulles Airport";"Jul 25, 2026, 22:00:00";"16";"10.57";"0.08";"56.01";"2.97"
"Dulles Airport";"Jul 25, 2026, 21:00:00";"15";"13.36";"0.09";"36.49";"2.86"
"Dulles Airport";"Jul 25, 2026, 20:00:00";"15";"8.35";"0.11";"25.14";"2.68"
"Dulles Airport";"Jul 25, 2026, 19:00:00";"15";"9.13";"0.11";"24.67";"2.73"
"Dulles Airport";"Jul 25, 2026, 18:00:00";"15";"1.49";"0.12";"21.28";"2.9"
"Dulles Airport";"Jul 25, 2026, 17:00:00";"15";"0.9";"0.12";"24.24";"2.87"
"Dulles Airport";"Jul 25, 2026, 16:00:00";"14";"0.41";"0.11";"30.24";"2.72"
"Dulles Airport";"Jul 25, 2026, 15:00:00";"13";"3.49";"0.1";"42.35";"2.03"
"Dulles Airport";"Jul 25, 2026, 14:00:00";"14";"4.81";"0.1";"39.84";"2.46"
"Dulles Airport";"Jul 25, 2026, 13:00:00";"14";"2.92";"0.1";"36.36";"2.62"
"Dulles Airport";"Jul 25, 2026, 12:00:00";"13";"1.24";"0.1";"36.18";"2.71"
"Dulles Airport";"Jul 25, 2026, 11:00:00";"12";"3.03";"0.1";"73.06";"2.13"
"Dulles Airport";"Jul 25, 2026, 10:00:00";"16";"16.23";"0.1";"124.09";"1.9"
"Dulles Airport";"Jul 25, 2026, 09:00:00";"12";"12.11";"0.06";"144.79";"1.6"
"Dulles Airport";"Jul 25, 2026, 08:00:00";"14";"12.67";"0.06";"161.3";"1.9"
"Dulles Airport";"Jul 25, 2026, 07:00:00";"16";"7.72";"0.06";"149.3";"3.11"
"Dulles Airport";"Jul 25, 2026, 06:00:00";"14";"6.23";"0.05";"140.84";"2.83"
"Dulles Airport";"Jul 25, 2026, 05:00:00";"14";"7.4";"0.06";"133.2";"2.5"
"Dulles Airport";"Jul 25, 2026, 04:00:00";"13";"7.85";"0.07";"98.86";"2.65"
"Dulles Airport";"Jul 25, 2026, 03:00:00";"13";"7.82";"0.07";"60.48";"2.44"
"Dulles Airport";"Jul 25, 2026, 02:00:00";"12";"7.78";"0.09";"34.55";"2.03"
"Dulles Airport";"Jul 25, 2026, 01:00:00";"12";"6.65";"0.09";"31.49";"1.84"
"Dulles Airport";"Jul 25, 2026, 00:00:00";"13";"6.19";"0.1";"29.59";"1.96"
"Dulles Airport";"Jul 24, 2026, 23:00:00";"14";"7.4";"0.1";"24.29";"2.04"
"Dulles Airport";"Jul 24, 2026, 22:00:00";"16";"7.98";"0.1";"19.72";"2.57"
"Dulles Airport";"Jul 24, 2026, 21:00:00";"17";"6.99";"0.1";"9.24";"3.09"
"Dulles Airport";"Jul 24, 2026, 20:00:00";"17";"5.66";"0.12";"6.35";"2.97"
"Dulles Airport";"Jul 24, 2026, 19:00:00";"17";"5.16";"0.14";"5.57";"3.05"
"Dulles Airport";"Jul 24, 2026, 18:00:00";"17";"8.05";"0.14";"2.32";"3.13"
"Dulles Airport";"Jul 24, 2026, 17:00:00";"15";"1.84";"0.14";"0.5";"2.81"
"Dulles Airport";"Jul 24, 2026, 16:00:00";"15";"0.22";"0.13";"0.46";"2.56"
"Dulles Airport";"Jul 24, 2026, 15:00:00";"15";"0.18";"0.13";"2.63";"2.65"
"Dulles Airport";"Jul 24, 2026, 14:00:00";"16";"0.02";"0.12";"5.22";"2.72"
"Dulles Airport";"Jul 24, 2026, 13:00:00";"17";"0.01";"0.12";"7.69";"2.86"
"Dulles Airport";"Jul 24, 2026, 12:00:00";"17";"0.01";"0.13";"17.73";"2.88"
"Dulles Airport";"Jul 24, 2026, 11:00:00";"18";"1.17";"0.14";"42.44";"2.53"
"Dulles Airport";"Jul 24, 2026, 10:00:00";"22";"16.21";"0.2";"121.89";"3.04"
"Dulles Airport";"Jul 24, 2026, 09:00:00";"26";"12.99";"0.19";"148.51";"3.78"
"Dulles Airport";"Jul 24, 2026, 08:00:00";"30";"8.77";"0.1";"135.06";"4.43"
"Dulles Airport";"Jul 24, 2026, 07:00:00";"36";"7.38";"0.03";"88.55";"6.45"
"Dulles Airport";"Jul 24, 2026, 06:00:00";"35";"8.54";"0.02";"79.08";"7.38"
"Dulles Airport";"Jul 24, 2026, 05:00:00";"30";"10.57";"0.03";"76.45";"5.98"
"Dulles Airport";"Jul 24, 2026, 04:00:00";"26";"10.32";"0.04";"70.18";"5.46"
"Dulles Airport";"Jul 24, 2026, 03:00:00";"22";"16.64";"0.05";"59.31";"4.63"
"Dulles Airport";"Jul 24, 2026, 02:00:00";"17";"18.73";"0.06";"52.05";"3.58"
"Dulles Airport";"Jul 24, 2026, 01:00:00";"15";"15.86";"0.06";"41.73";"2.79"
"Dulles Airport";"Jul 24, 2026, 00:00:00";"14";"9.15";"0.05";"31.4";"2.34"
"Dulles Airport";"Jul 23, 2026, 23:00:00";"14";"9.07";"0.06";"27.31";"2.47"
"Dulles Airport";"Jul 23, 2026, 22:00:00";"14";"14.29";"0.07";"21.58";"2.27"
"Dulles Airport";"Jul 23, 2026, 21:00:00";"15";"14.72";"0.18";"6.74";"2.57"
"Dulles Airport";"Jul 23, 2026, 20:00:00";"16";"10.58";"0.12";"0";"3.1"
"Dulles Airport";"Jul 23, 2026, 19:00:00";"15";"8.42";"0.11";"0";"2.78"
"Dulles Airport";"Jul 23, 2026, 18:00:00";"15";"2.33";"0.1";"0";"2.72"
"Dulles Airport";"Jul 23, 2026, 17:00:00";"15";"3.98";"0.1";"0";"2.67"
"Dulles Airport";"Jul 23, 2026, 16:00:00";"15";"2.97";"0.09";"0";"2.69"
"Dulles Airport";"Jul 23, 2026, 15:00:00";"14";"2.97";"0.09";"0";"2.71"
"Dulles Airport";"Jul 23, 2026, 14:00:00";"14";"2.74";"0.08";"0";"2.53"
"Dulles Airport";"Jul 23, 2026, 13:00:00";"13";"2.94";"0.07";"0";"2.55"
"Dulles Airport";"Jul 23, 2026, 12:00:00";"12";"3.1";"0.07";"1.45";"2.25"
"Dulles Airport";"Jul 23, 2026, 11:00:00";"11";"3.91";"0.08";"9.11";"2.06"
"Dulles Airport";"Jul 23, 2026, 10:00:00";"10";"10.04";"0.07";"25.33";"1.92"
"Dulles Airport";"Jul 23, 2026, 09:00:00";"11";"11.75";"0.06";"31.2";"1.8"
"Dulles Airport";"Jul 23, 2026, 08:00:00";"11";"11.09";"0.06";"34.27";"1.49"
"Dulles Airport";"Jul 23, 2026, 07:00:00";"10";"10.07";"0.05";"30.6";"1.28"
"Dulles Airport";"Jul 23, 2026, 06:00:00";"11";"7.96";"0.05";"27.81";"1.34"
"Dulles Airport";"Jul 23, 2026, 05:00:00";"14";"7.62";"0.05";"26.21";"1.8"
"Dulles Airport";"Jul 23, 2026, 04:00:00";"18";"7.51";"0.07";"23.11";"2.65"
"Dulles Airport";"Jul 23, 2026, 03:00:00";"22";"7.74";"0.08";"17.77";"3.38"
"Dulles Airport";"Jul 23, 2026, 02:00:00";"25";"7.18";"0.09";"16.34";"4.08"
"Dulles Airport";"Jul 23, 2026, 01:00:00";"28";"15.93";"0.12";"15.64";"4.67"
"Dulles Airport";"Jul 23, 2026, 00:00:00";"29";"14.86";"0.12";"11.73";"4.86"
"Dulles Airport";"Jul 22, 2026, 23:00:00";"32";"15.42";"0.15";"10.56";"4.96"
"Dulles Airport";"Jul 22, 2026, 22:00:00";"36";"8.1";"0.16";"9.08";"5.75"
"Dulles Airport";"Jul 22, 2026, 21:00:00";"39";"5.49";"0.16";"8.61";"6.07"
"Dulles Airport";"Jul 22, 2026, 20:00:00";"40";"1.27";"0.16";"5.39";"6.42"
"Dulles Airport";"Jul 22, 2026, 19:00:00";"44";"0";"0.18";"7.16";"7.28"
"Dulles Airport";"Jul 22, 2026, 18:00:00";"48";"0.03";"0.17";"7.29";"8.04"
"Dulles Airport";"Jul 22, 2026, 17:00:00";"51";"0";"0.17";"9";"9.07"
"Dulles Airport";"Jul 22, 2026, 16:00:00";"52";"0";"0.17";"15.21";"9.45"
"Dulles Airport";"Jul 22, 2026, 15:00:00";"50";"0";"0.17";"30.67";"9.47"
"Dulles Airport";"Jul 22, 2026, 14:00:00";"48";"0";"0.16";"48.23";"8.71"
"Dulles Airport";"Jul 22, 2026, 13:00:00";"48";"0";"0.16";"75.45";"9.03"
"Dulles Airport";"Jul 22, 2026, 12:00:00";"45";"0";"0.16";"112.7";"9.09"
"Dulles Airport";"Jul 22, 2026, 11:00:00";"39";"0";"0.16";"171.12";"8.64"
"Dulles Airport";"Jul 22, 2026, 10:00:00";"30";"0.88";"0.16";"375.84";"5.97"
"Dulles Airport";"Jul 22, 2026, 09:00:00";"27";"4.83";"0.13";"651.73";"4.78"
"Dulles Airport";"Jul 22, 2026, 08:00:00";"28";"3.44";"0.11";"561.4";"4.97"
"Dulles Airport";"Jul 22, 2026, 07:00:00";"27";"6.55";"0.08";"458.91";"4.73"
"Dulles Airport";"Jul 22, 2026, 06:00:00";"28";"3.23";"0.06";"404.21";"5.37"
"Dulles Airport";"Jul 22, 2026, 05:00:00";"25";"5.67";"0.06";"430.05";"5.02"
"Dulles Airport";"Jul 22, 2026, 04:00:00";"23";"7.23";"0.06";"404.37";"4.71"
"Dulles Airport";"Jul 22, 2026, 03:00:00";"19";"11.17";"0.09";"434.19";"3.55"
"Dulles Airport";"Jul 22, 2026, 02:00:00";"18";"8.94";"0.06";"391.67";"3.72"
"Dulles Airport";"Jul 22, 2026, 01:00:00";"16";"13.58";"0.05";"377.42";"2.82"
"Dulles Airport";"Jul 22, 2026, 00:00:00";"15";"14.75";"0.07";"418.66";"1.62"
"Dulles Airport";"Jul 21, 2026, 23:00:00";"22";"18.33";"0.07";"369.11";"3.5"
"Dulles Airport";"Jul 21, 2026, 22:00:00";"25";"6.7";"0.05";"319.24";"4.02"
"Dulles Airport";"Jul 21, 2026, 21:00:00";"28";"11.19";"0.09";"351.39";"4.39"
"Dulles Airport";"Jul 21, 2026, 20:00:00";"30";"5.26";"0.11";"302.01";"5.12"
"Dulles Airport";"Jul 21, 2026, 19:00:00";"31";"2.31";"0.12";"237.38";"4.66"
"Dulles Airport";"Jul 21, 2026, 18:00:00";"36";"0.69";"0.12";"169.73";"5.79"
"Dulles Airport";"Jul 21, 2026, 17:00:00";"40";"0";"0.12";"144.04";"8.3"
"Dulles Airport";"Jul 21, 2026, 16:00:00";"34";"0";"0.12";"162.76";"6.1"
"Dulles Airport";"Jul 21, 2026, 15:00:00";"34";"0.27";"0.11";"168.74";"6.27"
"Dulles Airport";"Jul 21, 2026, 14:00:00";"33";"0";"0.11";"178.51";"5.6"
"Dulles Airport";"Jul 21, 2026, 13:00:00";"35";"0";"0.11";"201.26";"6.38"
"Dulles Airport";"Jul 21, 2026, 12:00:00";"35";"0";"0.11";"233.26";"4.88"
"Dulles Airport";"Jul 21, 2026, 11:00:00";"43";"0";"0.12";"295.98";"6.46"
"Dulles Airport";"Jul 21, 2026, 10:00:00";"49";"0.76";"0.16";"374.23";"8.01"
"Dulles Airport";"Jul 21, 2026, 09:00:00";"52";"3.87";"0.2";"399.27";"8.54"
"Dulles Airport";"Jul 21, 2026, 08:00:00";"54";"5.13";"0.25";"390.56";"9.52"
"Dulles Airport";"Jul 21, 2026, 07:00:00";"56";"4.83";"0.26";"400.1";"10.28"
"Dulles Airport";"Jul 21, 2026, 06:00:00";"58";"2.91";"0.29";"378.62";"11.63"
"Dulles Airport";"Jul 21, 2026, 05:00:00";"60";"6.64";"0.31";"337.8";"12.13"
"Dulles Airport";"Jul 21, 2026, 04:00:00";"64";"5.97";"0.36";"291.38";"14.4"
"Dulles Airport";"Jul 21, 2026, 03:00:00";"66";"6.41";"0.43";"251.01";"16.23"
"Dulles Airport";"Jul 21, 2026, 02:00:00";"68";"5.68";"0.46";"206.12";"16.74"
"Dulles Airport";"Jul 21, 2026, 01:00:00";"69";"6.03";"0.46";"159.29";"17.63"
"Dulles Airport";"Jul 21, 2026, 00:00:00";"70";"7.53";"0.48";"121.93";"17.69"
"Dulles Airport";"Jul 20, 2026, 23:00:00";"71";"7.49";"0.45";"80.21";"17.56"
"Dulles Airport";"Jul 20, 2026, 22:00:00";"73";"6.77";"0.39";"42.04";"17.81"
"Dulles Airport";"Jul 20, 2026, 21:00:00";"75";"3.88";"0.36";"31.47";"19.14"
"Dulles Airport";"Jul 20, 2026, 20:00:00";"78";"0.74";"0.34";"23.26";"22.5"
"Dulles Airport";"Jul 20, 2026, 19:00:00";"79";"0.05";"0.33";"18.77";"24.04"
"Dulles Airport";"Jul 20, 2026, 18:00:00";"80";"0";"0.33";"18";"24.43"
"Dulles Airport";"Jul 20, 2026, 17:00:00";"80";"0";"0.33";"19.46";"24.32"
"Dulles Airport";"Jul 20, 2026, 16:00:00";"80";"1.08";"0.32";"23.21";"25.73"
"Dulles Airport";"Jul 20, 2026, 15:00:00";"77";"0";"0.3";"20.27";"24.24"
"Dulles Airport";"Jul 20, 2026, 14:00:00";"74";"0.09";"0.28";"22.08";"22.4"
"Dulles Airport";"Jul 20, 2026, 13:00:00";"72";"0";"0.24";"22.03";"21.9"
"Dulles Airport";"Jul 20, 2026, 12:00:00";"68";"0";"0.23";"27.69";"20.34"
"Dulles Airport";"Jul 20, 2026, 11:00:00";"63";"0.25";"0.23";"45.79";"17.3"
"Dulles Airport";"Jul 20, 2026, 10:00:00";"60";"10.95";"0.25";"70.82";"15.2"
"Dulles Airport";"Jul 20, 2026, 09:00:00";"59";"12.95";"0.29";"140.34";"13.11"
"Dulles Airport";"Jul 20, 2026, 08:00:00";"59";"8.3";"0.3";"206.6";"10.76"
"Dulles Airport";"Jul 20, 2026, 07:00:00";"63";"4.02";"0.21";"179.56";"15.02"
"Dulles Airport";"Jul 20, 2026, 06:00:00";"63";"4.04";"0.2";"138.55";"15.94"
"Dulles Airport";"Jul 20, 2026, 05:00:00";"61";"4.5";"0.22";"124.18";"15.06"
"Dulles Airport";"Jul 20, 2026, 04:00:00";"60";"8.07";"0.22";"91.09";"14.19"
"Dulles Airport";"Jul 20, 2026, 03:00:00";"60";"4.2";"0.2";"77.14";"13.44"
"Dulles Airport";"Jul 20, 2026, 02:00:00";"60";"5.63";"0.26";"66.8";"12.53"
"Dulles Airport";"Jul 20, 2026, 01:00:00";"61";"14.97";"0.32";"47.41";"13.24"
"Dulles Airport";"Jul 20, 2026, 00:00:00";"64";"16.37";"0.37";"45.4";"13.98"
"Dulles Airport";"Jul 19, 2026, 23:00:00";"67";"7.4";"0.36";"48.58";"13.65"
"Dulles Airport";"Jul 19, 2026, 22:00:00";"73";"6.14";"0.41";"34.42";"16.82"
"Dulles Airport";"Jul 19, 2026, 21:00:00";"81";"15.79";"0.48";"24.21";"20.29"
"Dulles Airport";"Jul 19, 2026, 20:00:00";"90";"11.64";"0.53";"16.25";"28.45"
"Dulles Airport";"Jul 19, 2026, 19:00:00";"92";"9.65";"0.55";"19.44";"28.41"
"Dulles Airport";"Jul 19, 2026, 18:00:00";"98";"3.77";"0.59";"23.81";"31.87"
"Dulles Airport";"Jul 19, 2026, 17:00:00";"102";"0.99";"0.6";"28.85";"34.16"
"Dulles Airport";"Jul 19, 2026, 16:00:00";"107";"0.04";"0.6";"37.75";"36.97"
"Dulles Airport";"Jul 19, 2026, 15:00:00";"109";"0";"0.61";"45.46";"40.62"
"Dulles Airport";"Jul 19, 2026, 14:00:00";"104";"0.06";"0.61";"57.15";"41.65"
"Dulles Airport";"Jul 19, 2026, 13:00:00";"93";"0.26";"0.55";"76.1";"37.51"
"Dulles Airport";"Jul 19, 2026, 12:00:00";"81";"0";"0.42";"99.82";"30.99"
"Dulles Airport";"Jul 19, 2026, 11:00:00";"70";"0";"0.29";"127.23";"25.19"
"Dulles Airport";"Jul 19, 2026, 10:00:00";"59";"0.05";"0.19";"166.2";"16.71"
"Dulles Airport";"Jul 19, 2026, 09:00:00";"52";"0.97";"0.15";"202.15";"12.81"
"Dulles Airport";"Jul 19, 2026, 08:00:00";"31";"2.71";"0.08";"270.79";"4.87"
"Dulles Airport";"Jul 19, 2026, 07:00:00";"35";"5.28";"0.05";"310.82";"5.09"
"Dulles Airport";"Jul 19, 2026, 06:00:00";"42";"3.23";"0.04";"334.05";"5.37"
"Dulles Airport";"Jul 19, 2026, 05:00:00";"53";"0.04";"0.06";"457.34";"6.66"
"Dulles Airport";"Jul 19, 2026, 04:00:00";"58";"1.01";"0.09";"536.81";"10.17"
"Dulles Airport";"Jul 19, 2026, 03:00:00";"63";"0.64";"0.11";"562.8";"16.74"
"Dulles Airport";"Jul 19, 2026, 02:00:00";"61";"1.13";"0.13";"579.88";"14.99"
"Dulles Airport";"Jul 19, 2026, 01:00:00";"60";"11.43";"0.15";"579.67";"13.36"
"Dulles Airport";"Jul 19, 2026, 00:00:00";"60";"9.88";"0.18";"602.48";"15.08"
"Dulles Airport";"Jul 18, 2026, 23:00:00";"58";"9.27";"0.19";"601.86";"13.24"
"Dulles Airport";"Jul 18, 2026, 22:00:00";"57";"5.51";"0.16";"583.04";"13.87"
"Dulles Airport";"Jul 18, 2026, 21:00:00";"54";"12.81";"0.17";"510.1";"10.85"
"Dulles Airport";"Jul 18, 2026, 20:00:00";"53";"9.05";"0.16";"478.31";"8.25"
"Dulles Airport";"Jul 18, 2026, 19:00:00";"56";"13.85";"0.18";"437.03";"6.98"
"Dulles Airport";"Jul 18, 2026, 18:00:00";"64";"9.56";"0.12";"307.95";"7"
"Dulles Airport";"Jul 18, 2026, 17:00:00";"80";"8.28";"0.09";"168.54";"14.28"
"Dulles Airport";"Jul 18, 2026, 16:00:00";"100";"0.75";"0.21";"146.74";"25.21"
"Dulles Airport";"Jul 18, 2026, 15:00:00";"118";"0";"0.31";"148.87";"43.21"
"Dulles Airport";"Jul 18, 2026, 14:00:00";"118";"0";"0.43";"201.35";"47.81"
"Dulles Airport";"Jul 18, 2026, 13:00:00";"112";"0";"0.48";"248.75";"45.61"
"Dulles Airport";"Jul 18, 2026, 12:00:00";"109";"0";"0.54";"281.93";"41.41"
"Dulles Airport";"Jul 18, 2026, 11:00:00";"107";"5.72";"0.5";"271.27";"38.38"
"Dulles Airport";"Jul 18, 2026, 10:00:00";"106";"7.81";"0.48";"271.86";"36.47"
"Dulles Airport";"Jul 18, 2026, 09:00:00";"107";"5.9";"0.51";"256.98";"36.38"
"Dulles Airport";"Jul 18, 2026, 08:00:00";"107";"10.97";"0.62";"238";"36.24"
"Dulles Airport";"Jul 18, 2026, 07:00:00";"108";"7.35";"0.51";"211.41";"37.7"
"Dulles Airport";"Jul 18, 2026, 06:00:00";"110";"4.66";"0.5";"196.94";"39.58"
"Dulles Airport";"Jul 18, 2026, 05:00:00";"109";"5.19";"0.55";"225.02";"38.36"
"Dulles Airport";"Jul 18, 2026, 04:00:00";"110";"2.02";"0.62";"230.5";"36.89"
"Dulles Airport";"Jul 18, 2026, 03:00:00";"115";"6.89";"0.6";"192.53";"38.33"
"Dulles Airport";"Jul 18, 2026, 02:00:00";"121";"3.92";"0.59";"163.25";"40.22"
"Dulles Airport";"Jul 18, 2026, 01:00:00";"129";"17.32";"0.69";"138.78";"43.88"
"Dulles Airport";"Jul 18, 2026, 00:00:00";"136";"14.56";"0.6";"108.63";"44.82"
"Dulles Airport";"Jul 17, 2026, 23:00:00";"150";"3.69";"0.63";"78.14";"47.37"
"Dulles Airport";"Jul 17, 2026, 22:00:00";"157";"5.95";"0.64";"55.05";"51.34"
"Dulles Airport";"Jul 17, 2026, 21:00:00";"164";"2.81";"0.7";"37.4";"59.08"
"Dulles Airport";"Jul 17, 2026, 20:00:00";"170";"14.41";"0.71";"23.49";"79.25"
"Dulles Airport";"Jul 17, 2026, 19:00:00";"170";"1.17";"0.69";"25.49";"76.9"
"Dulles Airport";"Jul 17, 2026, 18:00:00";"171";"0.75";"0.66";"7.19";"82.87"
"Dulles Airport";"Jul 17, 2026, 17:00:00";"171";"0";"0.68";"0";"86.81"
"Dulles Airport";"Jul 17, 2026, 16:00:00";"170";"0";"0.68";"0";"86.89"
"Dulles Airport";"Jul 17, 2026, 15:00:00";"171";"0";"0.68";"0";"87.06"
"Dulles Airport";"Jul 17, 2026, 14:00:00";"170";"1.68";"0.64";"0.17";"85.35"
"Dulles Airport";"Jul 17, 2026, 13:00:00";"168";"0";"0.6";"0.37";"82.54"
"Dulles Airport";"Jul 17, 2026, 12:00:00";"167";"0";"0.51";"1.32";"78.8"
"Dulles Airport";"Jul 17, 2026, 11:00:00";"166";"0";"0.65";"20.92";"75.65"
"Dulles Airport";"Jul 17, 2026, 10:00:00";"166";"1.81";"1.02";"53.71";"81.49"
"Dulles Airport";"Jul 17, 2026, 09:00:00";"162";"5.09";"1.12";"98.57";"66.49"
"Dulles Airport";"Jul 17, 2026, 08:00:00";"164";"13.81";"1.06";"92.65";"69.61"
"Dulles Airport";"Jul 17, 2026, 07:00:00";"166";"17.12";"1.31";"64.29";"69.17"
"Dulles Airport";"Jul 17, 2026, 06:00:00";"172";"18.82";"1.27";"56.17";"71.55"
"Dulles Airport";"Jul 17, 2026, 05:00:00";"181";"11.92";"1.31";"32.54";"86.41"
"Dulles Airport";"Jul 17, 2026, 04:00:00";"188";"5.48";"1.45";"19.05";"111.16"
"Dulles Airport";"Jul 17, 2026, 03:00:00";"186";"9.14";"1.51";"23.3";"114.71"
"Dulles Airport";"Jul 17, 2026, 02:00:00";"178";"14.43";"1.22";"25.8";"109.52"
"Dulles Airport";"Jul 17, 2026, 01:00:00";"167";"7.57";"0.93";"24.37";"99.24"
"Dulles Airport";"Jul 17, 2026, 00:00:00";"152";"4.05";"0.67";"38.93";"78.27"
"Dulles Airport";"Jul 16, 2026, 23:00:00";"98";"0";"0.46";"60.07";"53.23"
"Dulles Airport";"Jul 16, 2026, 22:00:00";"61";"0";"0.25";"88.47";"17.02"
"Dulles Airport";"Jul 16, 2026, 21:00:00";"59";"0";"0.21";"57.69";"11.27"
"Dulles Airport";"Jul 16, 2026, 20:00:00";"60";"0";"0.22";"51.22";"12.46"
"Dulles Airport";"Jul 16, 2026, 19:00:00";"62";"0";"0.23";"52.88";"14.59"
"Dulles Airport";"Jul 16, 2026, 18:00:00";"62";"0";"0.24";"46.63";"16.32"
"Dulles Airport";"Jul 16, 2026, 17:00:00";"60";"0";"0.25";"47.36";"14.58"
"Dulles Airport";"Jul 16, 2026, 16:00:00";"60";"0";"0.26";"61.46";"13.92"
"Dulles Airport";"Jul 16, 2026, 15:00:00";"60";"0";"0.26";"78.35";"14.19"
"Dulles Airport";"Jul 16, 2026, 14:00:00";"60";"0";"0.26";"79.98";"14.96"
"Dulles Airport";"Jul 16, 2026, 13:00:00";"58";"0";"0.24";"92.18";"13.53"
"Dulles Airport";"Jul 16, 2026, 12:00:00";"57";"0";"0.23";"112.58";"12.98"
"Dulles Airport";"Jul 16, 2026, 11:00:00";"57";"0";"0.22";"131.84";"12.88"
"Dulles Airport";"Jul 16, 2026, 10:00:00";"56";"0";"0.2";"137.13";"11.91"
"Dulles Airport";"Jul 16, 2026, 09:00:00";"55";"0";"0.2";"142.59";"10.49"
"Dulles Airport";"Jul 16, 2026, 08:00:00";"56";"0.8";"0.21";"167.81";"13.01"
"Dulles Airport";"Jul 16, 2026, 07:00:00";"54";"3.53";"0.18";"128.83";"11.03"
"Dulles Airport";"Jul 16, 2026, 06:00:00";"54";"0.69";"0.16";"113.81";"11.19"
"Dulles Airport";"Jul 16, 2026, 05:00:00";"53";"3.46";"0.16";"116";"10.8"
"Dulles Airport";"Jul 16, 2026, 04:00:00";"52";"0.54";"0.16";"118.47";"10.72"
"Dulles Airport";"Jul 16, 2026, 03:00:00";"51";"0";"0.16";"121.19";"10.17"
"Dulles Airport";"Jul 16, 2026, 02:00:00";"50";"0";"0.17";"123.51";"9.4"
"Dulles Airport";"Jul 16, 2026, 01:00:00";"49";"0";"0.18";"135.1";"8.69"
"Dulles Airport";"Jul 16, 2026, 00:00:00";"49";"0";"0.2";"151.7";"9.17"
"Dulles Airport";"Jul 15, 2026, 23:00:00";"49";"1.77";"0.2";"154.21";"9.13"
"Dulles Airport";"Jul 15, 2026, 22:00:00";"49";"0.72";"0.2";"107.17";"8.64"
"Dulles Airport";"Jul 15, 2026, 21:00:00";"48";"0";"0.2";"73.17";"8.35"
"Dulles Airport";"Jul 15, 2026, 20:00:00";"49";"0";"0.22";"71.21";"8.08"
"Dulles Airport";"Jul 15, 2026, 19:00:00";"50";"0";"0.23";"68.24";"8.23"
"Dulles Airport";"Jul 15, 2026, 18:00:00";"50";"0";"0.24";"65.19";"8.35"
"Dulles Airport";"Jul 15, 2026, 17:00:00";"52";"0";"0.24";"56.39";"9.4"
"Dulles Airport";"Jul 15, 2026, 16:00:00";"52";"0";"0.24";"53.94";"9.68"
"Dulles Airport";"Jul 15, 2026, 15:00:00";"52";"0";"0.23";"60.71";"9.6"
"Dulles Airport";"Jul 15, 2026, 14:00:00";"52";"0";"0.21";"68.6";"9.55"
"Dulles Airport";"Jul 15, 2026, 13:00:00";"52";"0";"0.21";"91.54";"9.77"
"Dulles Airport";"Jul 15, 2026, 12:00:00";"51";"0";"0.2";"111.65";"9.77"
"Dulles Airport";"Jul 15, 2026, 11:00:00";"48";"0";"0.19";"145.9";"8.94"
"Dulles Airport";"Jul 15, 2026, 10:00:00";"46";"0";"0.19";"199.62";"7.43"
"Dulles Airport";"Jul 15, 2026, 09:00:00";"51";"4.98";"0.19";"320.84";"7.6"
"Dulles Airport";"Jul 15, 2026, 08:00:00";"54";"16.81";"0.22";"413.71";"9.25"
"Dulles Airport";"Jul 15, 2026, 07:00:00";"57";"8.77";"0.1";"276.14";"14.22"
"Dulles Airport";"Jul 15, 2026, 06:00:00";"52";"5.9";"0.09";"254.39";"9.85"
"Dulles Airport";"Jul 15, 2026, 05:00:00";"52";"6.25";"0.09";"242.52";"9.84"
"Dulles Airport";"Jul 15, 2026, 04:00:00";"50";"6.39";"0.1";"225.54";"9.99"
"Dulles Airport";"Jul 15, 2026, 03:00:00";"47";"7.28";"0.1";"214.39";"9.43"
"Dulles Airport";"Jul 15, 2026, 02:00:00";"42";"5.15";"0.15";"164.84";"9.37"
"Dulles Airport";"Jul 15, 2026, 01:00:00";"35";"8.32";"0.16";"139.75";"6.93"
"Dulles Airport";"Jul 15, 2026, 00:00:00";"34";"5.78";"0.19";"110.79";"5.71"
"Dulles Airport";"Jul 14, 2026, 23:00:00";"36";"6.71";"0.2";"95.16";"5.98"
"Dulles Airport";"Jul 14, 2026, 22:00:00";"37";"7.95";"0.22";"70.91";"6.17"
"Dulles Airport";"Jul 14, 2026, 21:00:00";"37";"6.26";"0.22";"58.83";"6.29"
"Dulles Airport";"Jul 14, 2026, 20:00:00";"38";"0.73";"0.22";"46.19";"6.28"
"Dulles Airport";"Jul 14, 2026, 19:00:00";"39";"0";"0.23";"38.87";"6.64"
"Dulles Airport";"Jul 14, 2026, 18:00:00";"41";"0";"0.22";"26.13";"7.07"
"Dulles Airport";"Jul 14, 2026, 17:00:00";"43";"0";"0.22";"28.68";"7.62"
"Dulles Airport";"Jul 14, 2026, 16:00:00";"42";"0";"0.23";"30.48";"7.7"
"Dulles Airport";"Jul 14, 2026, 15:00:00";"42";"0";"0.22";"29.64";"8.19"
"Dulles Airport";"Jul 14, 2026, 14:00:00";"39";"0";"0.22";"34.08";"7.86"
"Dulles Airport";"Jul 14, 2026, 13:00:00";"37";"0";"0.19";"31.1";"6.72"
"Dulles Airport";"Jul 14, 2026, 12:00:00";"35";"0";"0.19";"71.63";"6.97"
"Dulles Airport";"Jul 14, 2026, 11:00:00";"33";"0";"0.2";"121.55";"6.61"
"Dulles Airport";"Jul 14, 2026, 10:00:00";"31";"2.29";"0.2";"220.98";"5.05"
"Dulles Airport";"Jul 14, 2026, 09:00:00";"33";"6.32";"0.19";"285.98";"4.91"
"Dulles Airport";"Jul 14, 2026, 08:00:00";"37";"17.23";"0.19";"277.85";"5.44"
"Dulles Airport";"Jul 14, 2026, 07:00:00";"41";"4.67";"0.11";"207.5";"8.27"
"Dulles Airport";"Jul 14, 2026, 06:00:00";"37";"4.11";"0.11";"192.46";"7.34"
"Dulles Airport";"Jul 14, 2026, 05:00:00";"34";"6.32";"0.16";"179";"6.41"
"Dulles Airport";"Jul 14, 2026, 04:00:00";"34";"6.31";"0.12";"153.06";"6.45"
"Dulles Airport";"Jul 14, 2026, 03:00:00";"33";"14.06";"0.11";"139.51";"6.77"
"Dulles Airport";"Jul 14, 2026, 02:00:00";"31";"8.22";"0.13";"133.35";"5.83"
"Dulles Airport";"Jul 14, 2026, 01:00:00";"30";"12.49";"0.15";"117.12";"5"
"Dulles Airport";"Jul 14, 2026, 00:00:00";"32";"18.34";"0.16";"92.39";"5.16"
"Dulles Airport";"Jul 13, 2026, 23:00:00";"33";"13.39";"0.16";"62.13";"5.43"
"Dulles Airport";"Jul 13, 2026, 22:00:00";"34";"17.5";"0.19";"39.73";"5.35"
"Dulles Airport";"Jul 13, 2026, 21:00:00";"35";"13.39";"0.2";"29.57";"5.67"
"Dulles Airport";"Jul 13, 2026, 20:00:00";"38";"3.27";"0.2";"11.42";"7.12"
"Dulles Airport";"Jul 13, 2026, 19:00:00";"37";"0";"0.19";"1.1";"6.73"
"Dulles Airport";"Jul 13, 2026, 18:00:00";"36";"0";"0.18";"0.14";"6.52"
"Dulles Airport";"Jul 13, 2026, 17:00:00";"36";"0";"0.17";"0.96";"6.35"
"Dulles Airport";"Jul 13, 2026, 16:00:00";"36";"0";"0.17";"3.8";"6.89"
"Dulles Airport";"Jul 13, 2026, 15:00:00";"34";"0";"0.17";"8.16";"6.4"
"Dulles Airport";"Jul 13, 2026, 14:00:00";"33";"0";"0.17";"15.35";"6.42"
"Dulles Airport";"Jul 13, 2026, 13:00:00";"30";"0";"0.16";"22.82";"5.95"
"Dulles Airport";"Jul 13, 2026, 12:00:00";"28";"0";"0.16";"31.84";"5.45"
"Dulles Airport";"Jul 13, 2026, 11:00:00";"25";"0";"0.18";"89.93";"4.72"
"Dulles Airport";"Jul 13, 2026, 10:00:00";"24";"0.22";"0.15";"190.32";"3.67"
"Dulles Airport";"Jul 13, 2026, 09:00:00";"29";"6.29";"0.19";"294.99";"4.72"
"Dulles Airport";"Jul 13, 2026, 08:00:00";"7";"7.43";"0.22";"332.15";"5.81"
"Dulles Airport";"Jul 13, 2026, 07:00:00";"3";"3.14";"0.12";"220.22";"0"
"Dulles Airport";"Jul 13, 2026, 06:00:00";"2";"2.09";"0.09";"195.7";"0"
"Dulles Airport";"Jul 13, 2026, 05:00:00";"2";"2.47";"0.1";"189.88";"0"
"Dulles Airport";"Jul 13, 2026, 04:00:00";"3";"3.51";"0.1";"191.02";"0"
"Dulles Airport";"Jul 13, 2026, 03:00:00";"48";"3.45";"0.11";"195.62";"0"
"Dulles Airport";"Jul 13, 2026, 02:00:00";"48";"3.42";"0.12";"208.66";"9.09"
"Dulles Airport";"Jul 13, 2026, 01:00:00";"45";"11.38";"0.14";"227.92";"9.39"
"Dulles Airport";"Jul 13, 2026, 00:00:00";"39";"7.92";"0.13";"214.07";"8.51"
"Dulles Airport";"Jul 12, 2026, 23:00:00";"33";"9.41";"0.13";"175.91";"6.64"
"Dulles Airport";"Jul 12, 2026, 22:00:00";"31";"9.85";"0.14";"144.61";"5.58"
"Dulles Airport";"Jul 12, 2026, 21:00:00";"31";"10.14";"0.14";"118.14";"5.26"
"Dulles Airport";"Jul 12, 2026, 20:00:00";"32";"13.63";"0.17";"101.96";"5.17"
"Dulles Airport";"Jul 12, 2026, 19:00:00";"32";"11.33";"0.17";"126.86";"5.09"
"Dulles Airport";"Jul 12, 2026, 18:00:00";"34";"9.17";"0.17";"142.5";"5.05"
"Dulles Airport";"Jul 12, 2026, 17:00:00";"37";"6.15";"0.18";"126.48";"6.83"
"Dulles Airport";"Jul 12, 2026, 16:00:00";"37";"0";"0.19";"89.74";"6.53"
"Dulles Airport";"Jul 12, 2026, 15:00:00";"37";"0";"0.2";"114.17";"7.01"
"Dulles Airport";"Jul 12, 2026, 14:00:00";"35";"0";"0.2";"131.1";"6.06"
"Dulles Airport";"Jul 12, 2026, 13:00:00";"37";"0";"0.19";"163.41";"6.47"
"Dulles Airport";"Jul 12, 2026, 12:00:00";"38";"0";"0.18";"211.67";"6.77"
"Dulles Airport";"Jul 12, 2026, 11:00:00";"38";"0.45";"0.19";"280.94";"6.51"
"Dulles Airport";"Jul 12, 2026, 10:00:00";"39";"0.86";"0.18";"313.72";"6.68"
"Dulles Airport";"Jul 12, 2026, 09:00:00";"42";"2.1";"0.17";"405.1";"6.38"
"Dulles Airport";"Jul 12, 2026, 08:00:00";"48";"2.98";"0.18";"500.62";"7.47"
"Dulles Airport";"Jul 12, 2026, 07:00:00";"52";"3.98";"0.18";"524.9";"8.4"
"Dulles Airport";"Jul 12, 2026, 06:00:00";"54";"3.63";"0.17";"532.18";"9.9"
"Dulles Airport";"Jul 12, 2026, 05:00:00";"56";"4.07";"0.18";"535.62";"11.44"
"Dulles Airport";"Jul 12, 2026, 04:00:00";"56";"3.42";"0.18";"505.46";"11.84"
"Dulles Airport";"Jul 12, 2026, 03:00:00";"55";"4.06";"0.18";"502.66";"10.73"
"Dulles Airport";"Jul 12, 2026, 02:00:00";"57";"5.99";"0.18";"482.05";"11.12"
"Dulles Airport";"Jul 12, 2026, 01:00:00";"58";"3.62";"0.17";"409.18";"14.35"
"Dulles Airport";"Jul 12, 2026, 00:00:00";"54";"5.97";"0.17";"332.14";"13.51"
"Dulles Airport";"Jul 11, 2026, 23:00:00";"47";"8.85";"0.15";"233.05";"7.12"
"Dulles Airport";"Jul 11, 2026, 22:00:00";"50";"0.88";"0.21";"179.46";"8.37"
"Dulles Airport";"Jul 11, 2026, 21:00:00";"52";"0";"0.23";"151.07";"9.29"
"Dulles Airport";"Jul 11, 2026, 20:00:00";"53";"0";"0.22";"83.56";"9.62"
"Dulles Airport";"Jul 11, 2026, 19:00:00";"53";"0";"0.21";"54.85";"9.35"
"Dulles Airport";"Jul 11, 2026, 18:00:00";"54";"0";"0.21";"51.46";"9.55"
"Dulles Airport";"Jul 11, 2026, 17:00:00";"55";"0";"0.21";"59.18";"11.08"
"Dulles Airport";"Jul 11, 2026, 16:00:00";"54";"0";"0.21";"69.17";"11.39"
"Dulles Airport";"Jul 11, 2026, 15:00:00";"53";"0";"0.2";"84.99";"11.45"
"Dulles Airport";"Jul 11, 2026, 14:00:00";"48";"0";"0.2";"102.39";"9.35"
"Dulles Airport";"Jul 11, 2026, 13:00:00";"43";"0";"0.19";"119.82";"8.62"
"Dulles Airport";"Jul 11, 2026, 12:00:00";"38";"0";"0.18";"136.25";"7.74"
"Dulles Airport";"Jul 11, 2026, 11:00:00";"33";"0";"0.18";"161.59";"6.51"
"Dulles Airport";"Jul 11, 2026, 10:00:00";"30";"0";"0.18";"216.99";"5.13"
"Dulles Airport";"Jul 11, 2026, 09:00:00";"32";"0.42";"0.16";"274.6";"4.7"
"Dulles Airport";"Jul 11, 2026, 08:00:00";"37";"1.4";"0.15";"360.17";"4.92"
"Dulles Airport";"Jul 11, 2026, 07:00:00";"45";"3.08";"0.13";"378.72";"5.68"
"Dulles Airport";"Jul 11, 2026, 06:00:00";"54";"1.42";"0.13";"380.42";"8.17"
"Dulles Airport";"Jul 11, 2026, 05:00:00";"58";"1.21";"0.14";"436.63";"10.26"
"Dulles Airport";"Jul 11, 2026, 04:00:00";"63";"1.33";"0.17";"489.14";"13.78"
"Dulles Airport";"Jul 11, 2026, 03:00:00";"66";"3.23";"0.18";"483.4";"16.91"
"Dulles Airport";"Jul 11, 2026, 02:00:00";"66";"4.22";"0.17";"465.87";"17.53"
"Dulles Airport";"Jul 11, 2026, 01:00:00";"65";"5.69";"0.17";"411.71";"18.75"
"Dulles Airport";"Jul 11, 2026, 00:00:00";"60";"3.37";"0.17";"373.48";"17.53"
"Dulles Airport";"Jul 10, 2026, 23:00:00";"54";"3.94";"0.17";"337.39";"12.79"
"Dulles Airport";"Jul 10, 2026, 22:00:00";"45";"22.07";"0.21";"292.54";"8.85"
"Dulles Airport";"Jul 10, 2026, 21:00:00";"40";"5.83";"0.19";"207.55";"7.02"
"Dulles Airport";"Jul 10, 2026, 20:00:00";"41";"8.66";"0.21";"180.73";"4.96"
"Dulles Airport";"Jul 10, 2026, 19:00:00";"53";"1.05";"0.21";"166.64";"8.54"
"Dulles Airport";"Jul 10, 2026, 18:00:00";"55";"0";"0.22";"182.22";"9.44"
"Dulles Airport";"Jul 10, 2026, 17:00:00";"57";"0";"0.24";"279.23";"11.84"
"Dulles Airport";"Jul 10, 2026, 16:00:00";"57";"0.11";"0.23";"195.75";"12.99"
"Dulles Airport";"Jul 10, 2026, 15:00:00";"57";"0";"0.21";"131.45";"11.49"
"Dulles Airport";"Jul 10, 2026, 14:00:00";"57";"1.29";"0.2";"122.64";"12.54"
"Dulles Airport";"Jul 10, 2026, 13:00:00";"57";"0";"0.2";"129.88";"13.27"
"Dulles Airport";"Jul 10, 2026, 12:00:00";"56";"0";"0.19";"161.95";"11.94"
"Dulles Airport";"Jul 10, 2026, 11:00:00";"55";"0";"0.2";"208.65";"10.31"
"Dulles Airport";"Jul 10, 2026, 10:00:00";"56";"0";"0.19";"309.77";"9.59"
"Dulles Airport";"Jul 10, 2026, 09:00:00";"59";"0.38";"0.19";"489.12";"11.26"
"Dulles Airport";"Jul 10, 2026, 08:00:00";"5";"5.86";"0.19";"666.6";"16.35"
"Dulles Airport";"Jul 10, 2026, 07:00:00";"2";"1.83";"0.14";"553.76";"0"
"Dulles Airport";"Jul 10, 2026, 06:00:00";"2";"2.28";"0.13";"485.82";"0"
"Dulles Airport";"Jul 10, 2026, 05:00:00";"2";"1.63";"0.14";"510.85";"0"
"Dulles Airport";"Jul 10, 2026, 04:00:00";"4";"4.55";"0.16";"462.92";"0"
"Dulles Airport";"Jul 10, 2026, 03:00:00";"6";"6.22";"0.17";"524.62";"0"
"Dulles Airport";"Jul 10, 2026, 02:00:00";"12";"12.15";"0.18";"598.3";"0"
"Dulles Airport";"Jul 10, 2026, 01:00:00";"14";"14.17";"0.17";"567.43";"0"
"Dulles Airport";"Jul 10, 2026, 00:00:00";"9";"9.46";"0.15";"525.73";"0"
"Dulles Airport";"Jul 9, 2026, 23:00:00";"2";"1.52";"0.14";"434.44";"0"
"Dulles Airport";"Jul 9, 2026, 22:00:00";"20";"0.93";"0.15";"440.85";"0"
"Dulles Airport";"Jul 9, 2026, 21:00:00";"20";"1";"0.16";"443.21";"2.99"
"Dulles Airport";"Jul 9, 2026, 20:00:00";"24";"0.84";"0.17";"458.42";"2.41"
"Dulles Airport";"Jul 9, 2026, 19:00:00";"34";"6.45";"0.18";"617.06";"3.84"
"Dulles Airport";"Jul 9, 2026, 18:00:00";"47";"6.96";"0.15";"538.74";"8.13"
"Dulles Airport";"Jul 9, 2026, 17:00:00";"48";"9.79";"0.15";"464.79";"10.42"
"Dulles Airport";"Jul 9, 2026, 16:00:00";"38";"7.58";"0.15";"222.51";"4.24"
"Dulles Airport";"Jul 9, 2026, 15:00:00";"52";"0";"0.2";"252.98";"8.68"
"Dulles Airport";"Jul 9, 2026, 14:00:00";"53";"0";"0.21";"318.72";"10.47"
"Dulles Airport";"Jul 9, 2026, 13:00:00";"52";"0";"0.22";"413.09";"9.85"
"Dulles Airport";"Jul 9, 2026, 12:00:00";"50";"0";"0.23";"488.47";"9.99"
"Dulles Airport";"Jul 9, 2026, 11:00:00";"47";"0.11";"0.22";"584.71";"9.03"
"Dulles Airport";"Jul 9, 2026, 10:00:00";"45";"0.45";"0.2";"684.07";"8.5"
"Dulles Airport";"Jul 9, 2026, 09:00:00";"43";"2.19";"0.18";"716.83";"7.86"
"Dulles Airport";"Jul 9, 2026, 08:00:00";"43";"5.77";"0.18";"688.55";"8.12"
"Dulles Airport";"Jul 9, 2026, 07:00:00";"42";"5.31";"0.17";"627.27";"8.61"
"Dulles Airport";"Jul 9, 2026, 06:00:00";"39";"3.61";"0.17";"587.48";"6.95"
"Dulles Airport";"Jul 9, 2026, 05:00:00";"38";"4.36";"0.17";"589.23";"6.68"
"Dulles Airport";"Jul 9, 2026, 04:00:00";"39";"7.27";"0.18";"553.21";"6.54"
"Dulles Airport";"Jul 9, 2026, 03:00:00";"41";"5.68";"0.18";"518.85";"6.95"
"Dulles Airport";"Jul 9, 2026, 02:00:00";"43";"5.87";"0.18";"474.52";"6.6"
"Dulles Airport";"Jul 9, 2026, 01:00:00";"48";"10.78";"0.19";"371.65";"9.8"
"Dulles Airport";"Jul 9, 2026, 00:00:00";"41";"20.5";"0.22";"331.38";"6.77"
"Dulles Airport";"Jul 8, 2026, 23:00:00";"44";"16.64";"0.21";"279.47";"8.87"
"Dulles Airport";"Jul 8, 2026, 22:00:00";"39";"9.38";"0.21";"239.62";"7.25"
"Dulles Airport";"Jul 8, 2026, 21:00:00";"38";"2.59";"0.2";"207.45";"7.66"
"Dulles Airport";"Jul 8, 2026, 20:00:00";"35";"1.61";"0.2";"164.77";"6.73"
"Dulles Airport";"Jul 8, 2026, 19:00:00";"35";"3.57";"0.22";"161.33";"6.43"
"Dulles Airport";"Jul 8, 2026, 18:00:00";"34";"0.32";"0.22";"174.55";"5.83"
"Dulles Airport";"Jul 8, 2026, 17:00:00";"35";"0.07";"0.23";"181.7";"6.63"
"Dulles Airport";"Jul 8, 2026, 16:00:00";"33";"0";"0.24";"214.94";"6.04"
"Dulles Airport";"Jul 8, 2026, 15:00:00";"32";"0.35";"0.22";"256.37";"6.15"
"Dulles Airport";"Jul 8, 2026, 14:00:00";"29";"0.99";"0.21";"312.02";"5.16"
"Dulles Airport";"Jul 8, 2026, 13:00:00";"30";"1.01";"0.2";"344.91";"5.03"
"Dulles Airport";"Jul 8, 2026, 12:00:00";"32";"3.06";"0.19";"395";"4.92"
"Dulles Airport";"Jul 8, 2026, 11:00:00";"35";"3.18";"0.18";"469.42";"5.08"
"Dulles Airport";"Jul 8, 2026, 10:00:00";"43";"4.94";"0.18";"507.56";"6.05"
"Dulles Airport";"Jul 8, 2026, 09:00:00";"52";"5.9";"0.18";"529.59";"6.18"
"Dulles Airport";"Jul 8, 2026, 08:00:00";"58";"6.95";"0.19";"575.9";"11.49"
"Dulles Airport";"Jul 8, 2026, 07:00:00";"60";"7.92";"0.18";"576.66";"12.78"
"Dulles Airport";"Jul 8, 2026, 06:00:00";"62";"6.86";"0.17";"574.15";"12.76"
"Dulles Airport";"Jul 8, 2026, 05:00:00";"64";"5.15";"0.16";"591.91";"12.94"
"Dulles Airport";"Jul 8, 2026, 04:00:00";"71";"3.31";"0.17";"629.08";"18.62"
"Dulles Airport";"Jul 8, 2026, 03:00:00";"73";"3.12";"0.17";"706.66";"20.6"
"Dulles Airport";"Jul 8, 2026, 02:00:00";"3";"2.37";"0.17";"693.18";"20.94"
"Dulles Airport";"Jul 8, 2026, 01:00:00";"3";"1.69";"0.2";"657.63";"0"
"Dulles Airport";"Jul 8, 2026, 00:00:00";"3";"0.35";"0.2";"591.44";"0"
"Dulles Airport";"Jul 7, 2026, 23:00:00";"3";"0.44";"0.19";"548.95";"0"
"Dulles Airport";"Jul 7, 2026, 22:00:00";"3";"0";"0.2";"517.28";"0"
"Dulles Airport";"Jul 7, 2026, 21:00:00";"57";"0.21";"0.21";"525.79";"0"
"Dulles Airport";"Jul 7, 2026, 20:00:00";"57";"0.05";"0.21";"481.77";"12.27"
"Dulles Airport";"Jul 7, 2026, 19:00:00";"56";"0.16";"0.22";"328.28";"12.14"
"Dulles Airport";"Jul 7, 2026, 18:00:00";"55";"0";"0.22";"220.22";"10.75"
"Dulles Airport";"Jul 7, 2026, 17:00:00";"56";"0";"0.22";"215.59";"11.42"
"Dulles Airport";"Jul 7, 2026, 16:00:00";"56";"0";"0.23";"247.41";"12.87"
"Dulles Airport";"Jul 7, 2026, 15:00:00";"54";"0";"0.23";"284.15";"11.27"
"Dulles Airport";"Jul 7, 2026, 14:00:00";"53";"0.46";"0.21";"314.76";"10.22"
"Dulles Airport";"Jul 7, 2026, 13:00:00";"52";"0.04";"0.21";"370.76";"7.99"
"Dulles Airport";"Jul 7, 2026, 12:00:00";"56";"0.48";"0.2";"458.9";"9.27"
"Dulles Airport";"Jul 7, 2026, 11:00:00";"60";"0.59";"0.2";"545.35";"8.85"
"Dulles Airport";"Jul 7, 2026, 10:00:00";"68";"2.42";"0.2";"591.79";"13.8"
"Dulles Airport";"Jul 7, 2026, 09:00:00";"76";"4.43";"0.21";"618.94";"20.71"
"Dulles Airport";"Jul 7, 2026, 08:00:00";"78";"4.07";"0.2";"619.89";"23.77"
"Dulles Airport";"Jul 7, 2026, 07:00:00";"78";"5.03";"0.21";"648.08";"30.36"
"Dulles Airport";"Jul 7, 2026, 06:00:00";"65";"2.94";"0.19";"654.73";"18.36"
"Dulles Airport";"Jul 7, 2026, 05:00:00";"61";"2.41";"0.17";"647.2";"17.05"
"Dulles Airport";"Jul 7, 2026, 04:00:00";"56";"2.1";"0.14";"616.28";"11.23"
"Dulles Airport";"Jul 7, 2026, 03:00:00";"57";"3.05";"0.14";"592.36";"11.79"
"Dulles Airport";"Jul 7, 2026, 02:00:00";"57";"7.6";"0.16";"605.67";"12.77"
"Dulles Airport";"Jul 7, 2026, 01:00:00";"55";"9.16";"0.16";"572.42";"9.59"
"Dulles Airport";"Jul 7, 2026, 00:00:00";"58";"4.87";"0.16";"504.6";"12.04"
"Dulles Airport";"Jul 6, 2026, 23:00:00";"59";"5.57";"0.17";"378.31";"16.9"
"Dulles Airport";"Jul 6, 2026, 22:00:00";"52";"5.9";"0.18";"212.75";"10.57"
"Dulles Airport";"Jul 6, 2026, 21:00:00";"49";"0.22";"0.2";"139.6";"7.17"
"Dulles Airport";"Jul 6, 2026, 20:00:00";"54";"0";"0.23";"173.8";"10.59"
"Dulles Airport";"Jul 6, 2026, 19:00:00";"53";"0";"0.23";"178.83";"9.67"
"Dulles Airport";"Jul 6, 2026, 18:00:00";"54";"0";"0.21";"161.8";"9.7"
"Dulles Airport";"Jul 6, 2026, 17:00:00";"55";"0";"0.21";"143.84";"11.04"
"Dulles Airport";"Jul 6, 2026, 16:00:00";"54";"0";"0.2";"150.43";"11.05"
"Dulles Airport";"Jul 6, 2026, 15:00:00";"53";"0";"0.2";"148.36";"10.97"
"Dulles Airport";"Jul 6, 2026, 14:00:00";"51";"0";"0.2";"179.24";"10.29"
"Dulles Airport";"Jul 6, 2026, 13:00:00";"45";"0";"0.2";"226.26";"8.7"
"Dulles Airport";"Jul 6, 2026, 12:00:00";"42";"0.03";"0.19";"294.95";"7.69"
"Dulles Airport";"Jul 6, 2026, 11:00:00";"40";"0.51";"0.19";"352.73";"7.15"
"Dulles Airport";"Jul 6, 2026, 10:00:00";"40";"1.13";"0.17";"381.74";"6.17"
"Dulles Airport";"Jul 6, 2026, 09:00:00";"46";"2.46";"0.17";"433.04";"5.05"
"Dulles Airport";"Jul 6, 2026, 08:00:00";"56";"6.36";"0.18";"504.07";"9.24"
"Dulles Airport";"Jul 6, 2026, 07:00:00";"60";"2.91";"0.15";"479.74";"13.48"
"Dulles Airport";"Jul 6, 2026, 06:00:00";"60";"2.9";"0.15";"460.48";"14.43"
"Dulles Airport";"Jul 6, 2026, 05:00:00";"59";"1.6";"0.14";"430.95";"14.86"
"Dulles Airport";"Jul 6, 2026, 04:00:00";"57";"2.26";"0.14";"406.55";"13.54"
"Dulles Airport";"Jul 6, 2026, 03:00:00";"53";"2.61";"0.15";"382.62";"11.35"
"Dulles Airport";"Jul 6, 2026, 02:00:00";"49";"2.84";"0.15";"347.66";"9.55"
"Dulles Airport";"Jul 6, 2026, 01:00:00";"45";"2.77";"0.16";"310.26";"8.82"
"Dulles Airport";"Jul 6, 2026, 00:00:00";"42";"4.65";"0.16";"202.36";"6.24"
"Dulles Airport";"Jul 5, 2026, 23:00:00";"50";"1.83";"0.2";"112.37";"7.94"
"Dulles Airport";"Jul 5, 2026, 22:00:00";"53";"2.97";"0.21";"78.45";"9.07"
"Dulles Airport";"Jul 5, 2026, 21:00:00";"54";"3.32";"0.22";"52.73";"7.77"
"Dulles Airport";"Jul 5, 2026, 20:00:00";"60";"4.87";"0.25";"53.67";"10.82"
"Dulles Airport";"Jul 5, 2026, 19:00:00";"65";"0";"0.32";"67.18";"17.94"
"Dulles Airport";"Jul 5, 2026, 18:00:00";"63";"0";"0.33";"36.71";"17.36"
"Dulles Airport";"Jul 5, 2026, 17:00:00";"58";"0";"0.3";"12.6";"14.19"
"Dulles Airport";"Jul 5, 2026, 16:00:00";"56";"0";"0.28";"8.26";"12.2"
"Dulles Airport";"Jul 5, 2026, 15:00:00";"55";"0";"0.27";"11.61";"11.73"
"Dulles Airport";"Jul 5, 2026, 14:00:00";"53";"0";"0.24";"12.67";"9.97"
"Dulles Airport";"Jul 5, 2026, 13:00:00";"53";"0";"0.22";"26.47";"10.17"
"Dulles Airport";"Jul 5, 2026, 12:00:00";"52";"0";"0.2";"53.65";"9.98"
"Dulles Airport";"Jul 5, 2026, 11:00:00";"52";"0";"0.2";"97.36";"10.22"
"Dulles Airport";"Jul 5, 2026, 10:00:00";"47";"2.64";"0.18";"131.75";"7.6"
"Dulles Airport";"Jul 5, 2026, 09:00:00";"52";"0";"0.14";"188.96";"6.84"
"Dulles Airport";"Jul 5, 2026, 08:00:00";"56";"1.39";"0.14";"337.86";"9.82"
"Dulles Airport";"Jul 5, 2026, 07:00:00";"60";"1.38";"0.13";"345.98";"13.74"
"Dulles Airport";"Jul 5, 2026, 06:00:00";"60";"2.31";"0.14";"331.53";"12.31"
"Dulles Airport";"Jul 5, 2026, 05:00:00";"63";"2.66";"0.14";"317.12";"14.7"
"Dulles Airport";"Jul 5, 2026, 04:00:00";"63";"4.35";"0.15";"304.09";"16.17"
"Dulles Airport";"Jul 5, 2026, 03:00:00";"62";"17.01";"0.16";"288.61";"16.61"
"Dulles Airport";"Jul 5, 2026, 02:00:00";"59";"4.79";"0.14";"206.86";"13.54"
"Dulles Airport";"Jul 5, 2026, 01:00:00";"59";"1.39";"0.14";"181.73";"13.67"
"Dulles Airport";"Jul 5, 2026, 00:00:00";"57";"2.06";"0.16";"173.17";"13.1"
"Dulles Airport";"Jul 4, 2026, 23:00:00";"55";"6.59";"0.22";"194.06";"14.73"
"Dulles Airport";"Jul 4, 2026, 22:00:00";"44";"8.84";"0.24";"143";"7.45"
"Dulles Airport";"Jul 4, 2026, 21:00:00";"45";"4.93";"0.19";"63.02";"5.91"
"Dulles Airport";"Jul 4, 2026, 20:00:00";"54";"0.09";"0.2";"33.46";"7.66"
"Dulles Airport";"Jul 4, 2026, 19:00:00";"59";"0";"0.26";"39.72";"12.6"
"Dulles Airport";"Jul 4, 2026, 18:00:00";"60";"0";"0.32";"22.68";"15.6"
"Dulles Airport";"Jul 4, 2026, 17:00:00";"56";"0";"0.33";"2.78";"12.57"
"Dulles Airport";"Jul 4, 2026, 16:00:00";"55";"0";"0.33";"2.55";"12.16"
"Dulles Airport";"Jul 4, 2026, 15:00:00";"53";"0";"0.32";"2.56";"11.04"
"Dulles Airport";"Jul 4, 2026, 14:00:00";"48";"0";"0.3";"2.03";"8.78"
"Dulles Airport";"Jul 4, 2026, 13:00:00";"46";"0";"0.27";"10.42";"7.99"
"Dulles Airport";"Jul 4, 2026, 12:00:00";"48";"0";"0.26";"40.86";"8.41"
"Dulles Airport";"Jul 4, 2026, 11:00:00";"49";"0";"0.24";"73.46";"9.7"
"Dulles Airport";"Jul 4, 2026, 10:00:00";"44";"0";"0.21";"105.76";"9.19"
"Dulles Airport";"Jul 4, 2026, 09:00:00";"36";"0";"0.17";"94.53";"6.67"
"Dulles Airport";"Jul 4, 2026, 08:00:00";"35";"0";"0.15";"95.22";"4.81"
"Dulles Airport";"Jul 4, 2026, 07:00:00";"44";"0";"0.14";"115.02";"5.98"
"Dulles Airport";"Jul 4, 2026, 06:00:00";"53";"0";"0.15";"165.41";"7.98"
"Dulles Airport";"Jul 4, 2026, 05:00:00";"57";"0";"0.19";"225.29";"9.91"
"Dulles Airport";"Jul 4, 2026, 04:00:00";"59";"0";"0.19";"282.85";"12.85"
"Dulles Airport";"Jul 4, 2026, 03:00:00";"59";"0";"0.2";"269.95";"13.34"
"Dulles Airport";"Jul 4, 2026, 02:00:00";"59";"0";"0.22";"244.15";"12.89"
"Dulles Airport";"Jul 4, 2026, 01:00:00";"59";"0";"0.24";"249.73";"11.71"
"Dulles Airport";"Jul 4, 2026, 00:00:00";"60";"0";"0.24";"240.06";"13.64"
"Dulles Airport";"Jul 3, 2026, 23:00:00";"60";"0";"0.24";"193.01";"13.37"
"Dulles Airport";"Jul 3, 2026, 22:00:00";"60";"0";"0.27";"152.2";"11.97"
"Dulles Airport";"Jul 3, 2026, 21:00:00";"61";"0";"0.29";"95.19";"14.16"
"Dulles Airport";"Jul 3, 2026, 20:00:00";"61";"0";"0.31";"60.21";"14.97"
"Dulles Airport";"Jul 3, 2026, 19:00:00";"60";"0";"0.32";"42";"14.43"
"Dulles Airport";"Jul 3, 2026, 18:00:00";"60";"0";"0.33";"37.92";"14.13"
"Dulles Airport";"Jul 3, 2026, 17:00:00";"60";"0";"0.33";"35.24";"13.7"
"Dulles Airport";"Jul 3, 2026, 16:00:00";"60";"0";"0.32";"33.51";"12.86"
"Dulles Airport";"Jul 3, 2026, 15:00:00";"60";"0";"0.31";"34.26";"12.81"
"Dulles Airport";"Jul 3, 2026, 14:00:00";"60";"0";"0.29";"39.14";"12.35"
"Dulles Airport";"Jul 3, 2026, 13:00:00";"61";"0";"0.28";"57.93";"12.47"
"Dulles Airport";"Jul 3, 2026, 12:00:00";"62";"0";"0.28";"106.98";"14.73"
"Dulles Airport";"Jul 3, 2026, 11:00:00";"62";"0";"0.27";"172.82";"15.86"
"Dulles Airport";"Jul 3, 2026, 10:00:00";"61";"0";"0.25";"253.38";"14.8"
"Dulles Airport";"Jul 3, 2026, 09:00:00";"61";"0";"0.24";"276.06";"15.74"
"Dulles Airport";"Jul 3, 2026, 08:00:00";"60";"0";"0.23";"328";"14.55"
"Dulles Airport";"Jul 3, 2026, 07:00:00";"60";"0.48";"0.19";"347.03";"13.92"
"Dulles Airport";"Jul 3, 2026, 06:00:00";"59";"0.65";"0.17";"324.52";"14.79"
"Dulles Airport";"Jul 3, 2026, 05:00:00";"58";"0.56";"0.16";"258.44";"13.79"
"Dulles Airport";"Jul 3, 2026, 04:00:00";"57";"0.21";"0.17";"222.7";"12.55"
"Dulles Airport";"Jul 3, 2026, 03:00:00";"57";"0.03";"0.17";"204.18";"11.89"
"Dulles Airport";"Jul 3, 2026, 02:00:00";"57";"0";"0.19";"179.48";"12.21"
"Dulles Airport";"Jul 3, 2026, 01:00:00";"58";"0";"0.21";"188.52";"11.83"
"Dulles Airport";"Jul 3, 2026, 00:00:00";"58";"0";"0.24";"238.53";"11.82"
"Dulles Airport";"Jul 2, 2026, 23:00:00";"58";"1.22";"0.23";"188.01";"11.62"
"Dulles Airport";"Jul 2, 2026, 22:00:00";"60";"4.98";"0.25";"141.05";"11.73"
"Dulles Airport";"Jul 2, 2026, 21:00:00";"65";"0";"0.27";"109.63";"14.35"
"Dulles Airport";"Jul 2, 2026, 20:00:00";"66";"0";"0.3";"85.48";"16.31"
"Dulles Airport";"Jul 2, 2026, 19:00:00";"67";"0";"0.3";"49.81";"16.58"
"Dulles Airport";"Jul 2, 2026, 18:00:00";"68";"0";"0.31";"44.93";"17.46"
"Dulles Airport";"Jul 2, 2026, 17:00:00";"68";"0";"0.31";"42.36";"17.08"
"Dulles Airport";"Jul 2, 2026, 16:00:00";"69";"0";"0.31";"52.26";"18.18"
"Dulles Airport";"Jul 2, 2026, 15:00:00";"69";"0";"0.3";"52.43";"18.17"
"Dulles Airport";"Jul 2, 2026, 14:00:00";"70";"0";"0.29";"80.66";"18.33"
"Dulles Airport";"Jul 2, 2026, 13:00:00";"71";"0";"0.29";"118.4";"20.57"
"Dulles Airport";"Jul 2, 2026, 12:00:00";"70";"0";"0.27";"148.35";"21.65"
"Dulles Airport";"Jul 2, 2026, 11:00:00";"66";"0";"0.24";"198.85";"18.82"
"Dulles Airport";"Jul 2, 2026, 10:00:00";"64";"0";"0.24";"280.84";"16.32"
"Dulles Airport";"Jul 2, 2026, 09:00:00";"64";"0";"0.25";"374.62";"14.89"
"Dulles Airport";"Jul 2, 2026, 08:00:00";"65";"1.54";"0.24";"542.67";"12.88"
"Dulles Airport";"Jul 2, 2026, 07:00:00";"67";"2.7";"0.19";"570.29";"18.27"
"Dulles Airport";"Jul 2, 2026, 06:00:00";"67";"2.03";"0.17";"496.27";"18.58"
"Dulles Airport";"Jul 2, 2026, 05:00:00";"66";"2.93";"0.18";"460.2";"18.68"
"Dulles Airport";"Jul 2, 2026, 04:00:00";"65";"8.51";"0.19";"433.74";"18.56"
"Dulles Airport";"Jul 2, 2026, 03:00:00";"63";"3.48";"0.21";"407.78";"16.89"
"Dulles Airport";"Jul 2, 2026, 02:00:00";"62";"1.73";"0.23";"369.58";"15.14"
"Dulles Airport";"Jul 2, 2026, 01:00:00";"62";"15.68";"0.26";"349.52";"13.73"
"Dulles Airport";"Jul 2, 2026, 00:00:00";"63";"7.26";"0.25";"287.4";"13.83"
"Dulles Airport";"Jul 1, 2026, 23:00:00";"64";"0";"0.24";"210.82";"13.9"
"Dulles Airport";"Jul 1, 2026, 22:00:00";"64";"0.04";"0.26";"161.38";"14.22"
"Dulles Airport";"Jul 1, 2026, 21:00:00";"66";"0";"0.27";"116.28";"16.26"
"Dulles Airport";"Jul 1, 2026, 20:00:00";"68";"0";"0.29";"82.39";"18.14"
"Dulles Airport";"Jul 1, 2026, 19:00:00";"68";"0";"0.3";"69.71";"18.13"
"Dulles Airport";"Jul 1, 2026, 18:00:00";"67";"0";"0.31";"70.63";"17.95"
"Dulles Airport";"Jul 1, 2026, 17:00:00";"67";"0";"0.31";"79.67";"17.9"
"Dulles Airport";"Jul 1, 2026, 16:00:00";"65";"0";"0.3";"92";"17.44"
"Dulles Airport";"Jul 1, 2026, 15:00:00";"64";"0";"0.29";"101.49";"17.03"
"Dulles Airport";"Jul 1, 2026, 14:00:00";"61";"0";"0.28";"111.88";"16.35"
"Dulles Airport";"Jul 1, 2026, 13:00:00";"58";"0";"0.28";"151.84";"14.66"
"Dulles Airport";"Jul 1, 2026, 12:00:00";"54";"0";"0.27";"171.2";"12.94"
"Dulles Airport";"Jul 1, 2026, 11:00:00";"42";"0";"0.25";"169.59";"9.4"
"Dulles Airport";"Jul 1, 2026, 10:00:00";"32";"0.66";"0.22";"182.73";"6.57"
"Dulles Airport";"Jul 1, 2026, 09:00:00";"27";"2.06";"0.19";"174.96";"5.32"
"Dulles Airport";"Jul 1, 2026, 08:00:00";"24";"9.76";"0.2";"166.56";"4.71"
"Dulles Airport";"Jul 1, 2026, 07:00:00";"23";"13.94";"0.21";"154";"4.26"
"Dulles Airport";"Jul 1, 2026, 06:00:00";"22";"8.41";"0.17";"139.65";"4.08"
"Dulles Airport";"Jul 1, 2026, 05:00:00";"21";"6.41";"0.15";"127.28";"3.79"
"Dulles Airport";"Jul 1, 2026, 04:00:00";"21";"6.09";"0.15";"109.56";"4"
"Dulles Airport";"Jul 1, 2026, 03:00:00";"20";"7.23";"0.17";"90.68";"3.77"
"Dulles Airport";"Jul 1, 2026, 02:00:00";"19";"6.03";"0.19";"82.68";"3.4"
"Dulles Airport";"Jul 1, 2026, 01:00:00";"19";"11.1";"0.2";"74.98";"3.41"
"Dulles Airport";"Jul 1, 2026, 00:00:00";"23";"24.47";"0.23";"67.71";"3.08"
"Dulles Airport";"Jun 30, 2026, 23:00:00";"20";"12.39";"0.21";"60.66";"3.09"
"Dulles Airport";"Jun 30, 2026, 22:00:00";"23";"11.05";"0.24";"53.76";"3.44"
"Dulles Airport";"Jun 30, 2026, 21:00:00";"28";"5.75";"0.24";"57.69";"4.09"
"Dulles Airport";"Jun 30, 2026, 20:00:00";"33";"3.06";"0.22";"67.99";"5.09"
"Dulles Airport";"Jun 30, 2026, 19:00:00";"34";"0";"0.23";"72.93";"5.84"
"Dulles Airport";"Jun 30, 2026, 18:00:00";"35";"0";"0.23";"80.29";"6.27"
"Dulles Airport";"Jun 30, 2026, 17:00:00";"37";"0";"0.23";"92.45";"6.47"
"Dulles Airport";"Jun 30, 2026, 16:00:00";"37";"0";"0.22";"94.78";"6.71"
"Dulles Airport";"Jun 30, 2026, 15:00:00";"36";"0";"0.22";"97.67";"6.81"
"Dulles Airport";"Jun 30, 2026, 14:00:00";"34";"0";"0.2";"108.01";"5.84"
"Dulles Airport";"Jun 30, 2026, 13:00:00";"35";"0";"0.19";"125.26";"6.29"
"Dulles Airport";"Jun 30, 2026, 12:00:00";"36";"0";"0.2";"176.61";"5.96"
"Dulles Airport";"Jun 30, 2026, 11:00:00";"39";"0";"0.21";"230.6";"6.23"
"Dulles Airport";"Jun 30, 2026, 10:00:00";"43";"1.57";"0.22";"322.34";"6.15"
"Dulles Airport";"Jun 30, 2026, 09:00:00";"52";"7.91";"0.23";"414.02";"7.24"
"Dulles Airport";"Jun 30, 2026, 08:00:00";"56";"12.63";"0.22";"441.33";"9.3"
"Dulles Airport";"Jun 30, 2026, 07:00:00";"60";"14.53";"0.19";"375.77";"13.57"
"Dulles Airport";"Jun 30, 2026, 06:00:00";"60";"5.76";"0.15";"305.65";"15.09"
"Dulles Airport";"Jun 30, 2026, 05:00:00";"57";"4.5";"0.14";"311.07";"12.58"
"Dulles Airport";"Jun 30, 2026, 04:00:00";"56";"5.17";"0.15";"282.8";"11.53"
"Dulles Airport";"Jun 30, 2026, 03:00:00";"55";"13.01";"0.17";"274.53";"11.52"
"Dulles Airport";"Jun 30, 2026, 02:00:00";"55";"7.32";"0.18";"248.83";"12.38"
"Dulles Airport";"Jun 30, 2026, 01:00:00";"52";"26.2";"0.21";"225.06";"11.56"
"Dulles Airport";"Jun 30, 2026, 00:00:00";"44";"21.53";"0.21";"176.23";"9.25"
"Dulles Airport";"Jun 29, 2026, 23:00:00";"37";"15.71";"0.21";"137.25";"6.26"
"Dulles Airport";"Jun 29, 2026, 22:00:00";"39";"8.51";"0.22";"130.33";"6.45"
"Dulles Airport";"Jun 29, 2026, 21:00:00";"42";"4.3";"0.22";"108.23";"6.81"
"Dulles Airport";"Jun 29, 2026, 20:00:00";"45";"2.6";"0.23";"92.47";"6.73"
"Dulles Airport";"Jun 29, 2026, 19:00:00";"52";"1.1";"0.24";"96.3";"9.54"
"Dulles Airport";"Jun 29, 2026, 18:00:00";"53";"0";"0.24";"111.44";"11.62"
"Dulles Airport";"Jun 29, 2026, 17:00:00";"44";"0";"0.25";"133.39";"8.77"
"Dulles Airport";"Jun 29, 2026, 16:00:00";"40";"0.28";"0.23";"118.92";"7.13"
"Dulles Airport";"Jun 29, 2026, 15:00:00";"40";"0";"0.18";"115.98";"6.61"
"Dulles Airport";"Jun 29, 2026, 14:00:00";"43";"0";"0.19";"150.89";"6.08"
"Dulles Airport";"Jun 29, 2026, 13:00:00";"52";"0";"0.2";"210.72";"7.15"
"Dulles Airport";"Jun 29, 2026, 12:00:00";"55";"0";"0.25";"325.77";"9.1"
"Dulles Airport";"Jun 29, 2026, 11:00:00";"60";"2";"0.25";"432.08";"8.95"
"Dulles Airport";"Jun 29, 2026, 10:00:00";"69";"6.48";"0.42";"587.17";"18.1"
"Dulles Airport";"Jun 29, 2026, 09:00:00";"69";"7.98";"0.27";"687.47";"20.87"
"Dulles Airport";"Jun 29, 2026, 08:00:00";"64";"2.45";"0.25";"712.86";"15.92"
"Dulles Airport";"Jun 29, 2026, 07:00:00";"3";"1";"0.21";"593.46";"16.65"
"Dulles Airport";"Jun 29, 2026, 06:00:00";"3";"1.39";"0.2";"516.69";"0"
"Dulles Airport";"Jun 29, 2026, 05:00:00";"3";"0.75";"0.2";"458.72";"0"
"Dulles Airport";"Jun 29, 2026, 04:00:00";"3";"0.83";"0.21";"488.7";"0"
"Dulles Airport";"Jun 29, 2026, 03:00:00";"57";"0.38";"0.23";"538.51";"0"
"Dulles Airport";"Jun 29, 2026, 02:00:00";"57";"0.69";"0.22";"553.93";"11.94"
"Dulles Airport";"Jun 29, 2026, 01:00:00";"3";"3.09";"0.21";"512.82";"13.39"
"Dulles Airport";"Jun 29, 2026, 00:00:00";"2";"0.74";"0.21";"498.62";"0"
"Dulles Airport";"Jun 28, 2026, 23:00:00";"2";"0.29";"0.19";"457.48";"0"
"Dulles Airport";"Jun 28, 2026, 22:00:00";"2";"0.27";"0.19";"460.08";"0"
"Dulles Airport";"Jun 28, 2026, 21:00:00";"17";"0.49";"0.2";"472.26";"0"
"Dulles Airport";"Jun 28, 2026, 20:00:00";"17";"0.37";"0.19";"426.92";"3.29"
"Dulles Airport";"Jun 28, 2026, 19:00:00";"15";"0";"0.18";"418.28";"2.73"
"Dulles Airport";"Jun 28, 2026, 18:00:00";"14";"1.62";"0.18";"478.14";"2.41"
"Dulles Airport";"Jun 28, 2026, 17:00:00";"15";"2.14";"0.19";"508.08";"2.44"
"Dulles Airport";"Jun 28, 2026, 16:00:00";"16";"3.89";"0.18";"521.76";"2.56"
"Dulles Airport";"Jun 28, 2026, 15:00:00";"18";"2.99";"0.18";"539.59";"2.46"
"Dulles Airport";"Jun 28, 2026, 14:00:00";"22";"3.72";"0.18";"579.86";"2.42"
"Dulles Airport";"Jun 28, 2026, 13:00:00";"30";"4.18";"0.18";"596.47";"2.8"
"Dulles Airport";"Jun 28, 2026, 12:00:00";"45";"4.77";"0.18";"601.4";"3.87"
"Dulles Airport";"Jun 28, 2026, 11:00:00";"58";"4.2";"0.17";"577.64";"7.15"
"Dulles Airport";"Jun 28, 2026, 10:00:00";"68";"3.9";"0.18";"589.96";"9.42"
"Dulles Airport";"Jun 28, 2026, 09:00:00";"83";"4.34";"0.19";"581.21";"21.98"
"Dulles Airport";"Jun 28, 2026, 08:00:00";"91";"4.41";"0.19";"575.03";"31.38"
"Dulles Airport";"Jun 28, 2026, 07:00:00";"90";"3.95";"0.19";"552.77";"32.08"
"Dulles Airport";"Jun 28, 2026, 06:00:00";"86";"3.07";"0.2";"543.65";"28.14"
"Dulles Airport";"Jun 28, 2026, 05:00:00";"85";"3.97";"0.21";"537.66";"27.33"
"Dulles Airport";"Jun 28, 2026, 04:00:00";"84";"3.82";"0.22";"523.86";"24.27"
"Dulles Airport";"Jun 28, 2026, 03:00:00";"88";"3.88";"0.22";"514.19";"27.69"
"Dulles Airport";"Jun 28, 2026, 02:00:00";"90";"3.7";"0.24";"510.11";"33.54"
"Dulles Airport";"Jun 28, 2026, 01:00:00";"82";"4.7";"0.25";"500.57";"29.6"
"Dulles Airport";"Jun 28, 2026, 00:00:00";"75";"6.79";"0.24";"474.55";"27.66"
"Dulles Airport";"Jun 27, 2026, 23:00:00";"64";"6.65";"0.23";"444.67";"19.92"
"Dulles Airport";"Jun 27, 2026, 22:00:00";"57";"6.53";"0.23";"383.16";"16.6"
"Dulles Airport";"Jun 27, 2026, 21:00:00";"40";"2.28";"0.2";"304.78";"9.59"
"Dulles Airport";"Jun 27, 2026, 20:00:00";"26";"0.86";"0.2";"192.74";"4.72"
"Dulles Airport";"Jun 27, 2026, 19:00:00";"25";"0.2";"0.2";"186.67";"4.81"
"Dulles Airport";"Jun 27, 2026, 18:00:00";"24";"0.27";"0.19";"158.85";"4.61"
"Dulles Airport";"Jun 27, 2026, 17:00:00";"22";"0.66";"0.17";"144.44";"3.59"
"Dulles Airport";"Jun 27, 2026, 16:00:00";"23";"0.01";"0.17";"143.8";"3.46"
"Dulles Airport";"Jun 27, 2026, 15:00:00";"26";"0";"0.17";"149.43";"4.34"
"Dulles Airport";"Jun 27, 2026, 14:00:00";"27";"1.7";"0.17";"157.47";"4.38"
"Dulles Airport";"Jun 27, 2026, 13:00:00";"30";"0";"0.18";"209.19";"4.62"
"Dulles Airport";"Jun 27, 2026, 12:00:00";"34";"1.19";"0.18";"277.61";"5.21"
"Dulles Airport";"Jun 27, 2026, 11:00:00";"40";"0.41";"0.19";"430.63";"5.17"
"Dulles Airport";"Jun 27, 2026, 10:00:00";"51";"2.49";"0.19";"503.98";"6.25"
"Dulles Airport";"Jun 27, 2026, 09:00:00";"57";"11.72";"0.21";"520.47";"9.87"
"Dulles Airport";"Jun 27, 2026, 08:00:00";"61";"5.26";"0.22";"570.18";"15.17"
"Dulles Airport";"Jun 27, 2026, 07:00:00";"59";"3.34";"0.18";"509.03";"14.46"
"Dulles Airport";"Jun 27, 2026, 06:00:00";"56";"4.03";"0.18";"491.12";"11.39"
"Dulles Airport";"Jun 27, 2026, 05:00:00";"56";"3.11";"0.17";"398.24";"12.45"
"Dulles Airport";"Jun 27, 2026, 04:00:00";"54";"2.02";"0.17";"385.3";"11.13"
"Dulles Airport";"Jun 27, 2026, 03:00:00";"54";"2.04";"0.18";"389.76";"11.37"
"Dulles Airport";"Jun 27, 2026, 02:00:00";"50";"2.18";"0.19";"372.13";"9.55"
"Dulles Airport";"Jun 27, 2026, 01:00:00";"48";"8.27";"0.2";"372.19";"9.14"
"Dulles Airport";"Jun 27, 2026, 00:00:00";"45";"19.17";"0.25";"416.91";"7.52"
"Dulles Airport";"Jun 26, 2026, 23:00:00";"49";"15.1";"0.22";"349.81";"10.46"
"Dulles Airport";"Jun 26, 2026, 22:00:00";"39";"10.18";"0.21";"301.33";"8.06"
"Dulles Airport";"Jun 26, 2026, 21:00:00";"34";"12.78";"0.21";"277.03";"7.06"
"Dulles Airport";"Jun 26, 2026, 20:00:00";"28";"17.18";"0.22";"238.07";"5.28"
"Dulles Airport";"Jun 26, 2026, 19:00:00";"26";"18.6";"0.27";"232.97";"5.13"
"Dulles Airport";"Jun 26, 2026, 18:00:00";"23";"7.28";"0.24";"166.95";"5.2"
"Dulles Airport";"Jun 26, 2026, 17:00:00";"18";"1.65";"0.21";"55.35";"3.14"
"Dulles Airport";"Jun 26, 2026, 16:00:00";"18";"0.26";"0.2";"43.7";"3.3"
"Dulles Airport";"Jun 26, 2026, 15:00:00";"18";"0";"0.2";"45.12";"3.28"
"Dulles Airport";"Jun 26, 2026, 14:00:00";"18";"0";"0.21";"58.11";"3.13"
"Dulles Airport";"Jun 26, 2026, 13:00:00";"18";"0";"0.21";"63.38";"2.75"
"Dulles Airport";"Jun 26, 2026, 12:00:00";"19";"0";"0.21";"67.49";"2.97"
"Dulles Airport";"Jun 26, 2026, 11:00:00";"23";"0";"0.21";"82.66";"3.08"
"Dulles Airport";"Jun 26, 2026, 10:00:00";"28";"8.79";"0.22";"110.91";"4.72"
"Dulles Airport";"Jun 26, 2026, 09:00:00";"29";"11.04";"0.21";"133.45";"4.91"
"Dulles Airport";"Jun 26, 2026, 08:00:00";"31";"13.9";"0.19";"148.78";"7.32"
"Dulles Airport";"Jun 26, 2026, 07:00:00";"20";"7.48";"0.14";"115.98";"4.12"
"Dulles Airport";"Jun 26, 2026, 06:00:00";"18";"8.61";"0.16";"93.04";"3.53"
"Dulles Airport";"Jun 26, 2026, 05:00:00";"17";"5.68";"0.16";"75.93";"3.22"
"Dulles Airport";"Jun 26, 2026, 04:00:00";"16";"6.2";"0.16";"61.12";"3.28"
"Dulles Airport";"Jun 26, 2026, 03:00:00";"15";"6.26";"0.17";"52.31";"2.68"
"Dulles Airport";"Jun 26, 2026, 02:00:00";"15";"6.83";"0.19";"52.51";"2.53"
"Dulles Airport";"Jun 26, 2026, 01:00:00";"15";"12.28";"0.2";"53.15";"2.71"
"Dulles Airport";"Jun 26, 2026, 00:00:00";"33";"34.39";"0.21";"38.71";"2.85"
"Dulles Airport";"Jun 25, 2026, 23:00:00";"21";"22.95";"0.26";"31.78";"2.55"
"Dulles Airport";"Jun 25, 2026, 22:00:00";"17";"18.8";"0.23";"27.56";"2.43"
"Dulles Airport";"Jun 25, 2026, 21:00:00";"13";"8.53";"0.21";"22.59";"2.23"
"Dulles Airport";"Jun 25, 2026, 20:00:00";"13";"11.57";"0.21";"20.45";"2.29"
"Dulles Airport";"Jun 25, 2026, 19:00:00";"13";"4.54";"0.2";"16.51";"2.26"
"Dulles Airport";"Jun 25, 2026, 18:00:00";"14";"0.95";"0.19";"15.18";"2.07"
"Dulles Airport";"Jun 25, 2026, 17:00:00";"17";"0";"0.19";"16.09";"3.1"
"Dulles Airport";"Jun 25, 2026, 16:00:00";"15";"0.18";"0.19";"21.63";"2.1"
"Dulles Airport";"Jun 25, 2026, 15:00:00";"19";"1.26";"0.17";"23.61";"3.93"
"Dulles Airport";"Jun 25, 2026, 14:00:00";"16";"0.29";"0.17";"31.53";"3.02"
"Dulles Airport";"Jun 25, 2026, 13:00:00";"15";"0.03";"0.17";"40.41";"2.18"
"Dulles Airport";"Jun 25, 2026, 12:00:00";"18";"0";"0.17";"53.21";"3.1"
"Dulles Airport";"Jun 25, 2026, 11:00:00";"19";"0.05";"0.16";"71.35";"3.17"
"Dulles Airport";"Jun 25, 2026, 10:00:00";"19";"5.11";"0.19";"117.42";"2.39"
"Dulles Airport";"Jun 25, 2026, 09:00:00";"25";"10.6";"0.18";"171.13";"3.59"
"Dulles Airport";"Jun 25, 2026, 08:00:00";"30";"12.76";"0.18";"213.1";"4.95"
"Dulles Airport";"Jun 25, 2026, 07:00:00";"33";"7.02";"0.12";"169.05";"6.16"
"Dulles Airport";"Jun 25, 2026, 06:00:00";"32";"7.57";"0.11";"146.34";"6.4"
"Dulles Airport";"Jun 25, 2026, 05:00:00";"28";"5.95";"0.1";"120.1";"5.46"
"Dulles Airport";"Jun 25, 2026, 04:00:00";"25";"8.07";"0.12";"123.24";"5.55"
"Dulles Airport";"Jun 25, 2026, 03:00:00";"19";"9.59";"0.14";"103.23";"4.5"
"Dulles Airport";"Jun 25, 2026, 02:00:00";"15";"15.95";"0.15";"89.68";"3.12"
"Dulles Airport";"Jun 25, 2026, 01:00:00";"19";"20.09";"0.12";"73.55";"1.93"
"Dulles Airport";"Jun 25, 2026, 00:00:00";"15";"15.06";"0.12";"61.66";"1.96"
"Dulles Airport";"Jun 24, 2026, 23:00:00";"16";"16.81";"0.12";"49.73";"1.37"
"Dulles Airport";"Jun 24, 2026, 22:00:00";"9";"9.81";"0.12";"38.12";"1.17"
"Dulles Airport";"Jun 24, 2026, 21:00:00";"6";"4.28";"0.16";"25.35";"1.08"
"Dulles Airport";"Jun 24, 2026, 20:00:00";"6";"1.93";"0.16";"7.22";"1.04"
"Dulles Airport";"Jun 24, 2026, 19:00:00";"5";"2.43";"0.15";"1.3";"0.94"
"Dulles Airport";"Jun 24, 2026, 18:00:00";"6";"0.14";"0.15";"1.36";"0.9"
"Dulles Airport";"Jun 24, 2026, 17:00:00";"7";"0.15";"0.15";"3.98";"1.08"
"Dulles Airport";"Jun 24, 2026, 16:00:00";"7";"0.02";"0.15";"5.4";"1.11"
"Dulles Airport";"Jun 24, 2026, 15:00:00";"7";"0.25";"0.14";"5.67";"1.1"
"Dulles Airport";"Jun 24, 2026, 14:00:00";"7";"0.19";"0.13";"6.08";"1.26"
"Dulles Airport";"Jun 24, 2026, 13:00:00";"7";"0.56";"0.12";"9.31";"1.16"
"Dulles Airport";"Jun 24, 2026, 12:00:00";"8";"0.09";"0.12";"17.12";"1.29"
"Dulles Airport";"Jun 24, 2026, 11:00:00";"9";"0.46";"0.13";"35.4";"1.52"
"Dulles Airport";"Jun 24, 2026, 10:00:00";"9";"3.48";"0.12";"53.75";"1.56"
"Dulles Airport";"Jun 24, 2026, 09:00:00";"9";"4.34";"0.1";"75.76";"1.38"
"Dulles Airport";"Jun 24, 2026, 08:00:00";"10";"5.44";"0.1";"87.99";"1.4"
"Dulles Airport";"Jun 24, 2026, 07:00:00";"12";"3.83";"0.04";"73.77";"2.59"
"Dulles Airport";"Jun 24, 2026, 06:00:00";"9";"3.75";"0.05";"57.97";"1.64"
"Dulles Airport";"Jun 24, 2026, 05:00:00";"9";"3.55";"0.06";"54.23";"1.17"
"Dulles Airport";"Jun 24, 2026, 04:00:00";"10";"2.83";"0.06";"64.99";"1.22"
"Dulles Airport";"Jun 24, 2026, 03:00:00";"14";"2.6";"0.06";"103.4";"1.26"
"Dulles Airport";"Jun 24, 2026, 02:00:00";"22";"2.96";"0.06";"145.05";"2.85"
"Dulles Airport";"Jun 24, 2026, 01:00:00";"30";"2.03";"0.06";"152.96";"4.39"
"Dulles Airport";"Jun 24, 2026, 00:00:00";"41";"2.22";"0.09";"154.48";"0"
"Dulles Airport";"Jun 23, 2026, 23:00:00";"41";"1.91";"0.1";"139.39";"13.35"
"Dulles Airport";"Jun 23, 2026, 22:00:00";"7";"1.62";"0.09";"127.97";"1.69"
"Dulles Airport";"Jun 23, 2026, 21:00:00";"5";"1.02";"0.11";"124.58";"1.15"
"Dulles Airport";"Jun 23, 2026, 20:00:00";"4";"1.93";"0.12";"94.64";"0.6"
"Dulles Airport";"Jun 23, 2026, 19:00:00";"4";"1.86";"0.11";"107.59";"0.67"
"Dulles Airport";"Jun 23, 2026, 18:00:00";"4";"3.37";"0.11";"152.53";"0.67"
"Dulles Airport";"Jun 23, 2026, 17:00:00";"5";"5.35";"0.1";"208.07";"0.57"
"Dulles Airport";"Jun 23, 2026, 16:00:00";"7";"7.44";"0.1";"287.13";"0.78"
"Dulles Airport";"Jun 23, 2026, 15:00:00";"9";"4.76";"0.09";"299.66";"1.25"
"Dulles Airport";"Jun 23, 2026, 14:00:00";"11";"4.67";"0.1";"337.81";"1.08"
"Dulles Airport";"Jun 23, 2026, 13:00:00";"15";"3.93";"0.11";"360.44";"1.15"
"Dulles Airport";"Jun 23, 2026, 12:00:00";"25";"4.68";"0.12";"392.95";"2.55"
"Dulles Airport";"Jun 23, 2026, 11:00:00";"35";"4.64";"0.13";"423.76";"6.19"
"Dulles Airport";"Jun 23, 2026, 10:00:00";"37";"6.35";"0.15";"422";"7.79"
"Dulles Airport";"Jun 23, 2026, 09:00:00";"28";"5.92";"0.14";"392.51";"5.21"
"Dulles Airport";"Jun 23, 2026, 08:00:00";"4";"4.72";"0.18";"430.03";"4.64"
"Dulles Airport";"Jun 23, 2026, 07:00:00";"4";"4.09";"0.12";"420.46";"0"
"Dulles Airport";"Jun 23, 2026, 06:00:00";"31";"0.76";"0.11";"401.7";"0"
"Dulles Airport";"Jun 23, 2026, 05:00:00";"31";"1.79";"0.11";"398.14";"6.68"
"Dulles Airport";"Jun 23, 2026, 04:00:00";"24";"1.22";"0.12";"410.6";"4.81"
"Dulles Airport";"Jun 23, 2026, 03:00:00";"22";"3.64";"0.12";"409.95";"4.26"
"Dulles Airport";"Jun 23, 2026, 02:00:00";"19";"5.34";"0.14";"427.38";"3.71"
"Dulles Airport";"Jun 23, 2026, 01:00:00";"18";"9.08";"0.14";"402.06";"3.09"
"Dulles Airport";"Jun 23, 2026, 00:00:00";"18";"15.79";"0.15";"391.55";"2.35"
"Dulles Airport";"Jun 22, 2026, 23:00:00";"23";"13.55";"0.19";"393.45";"3.22"
"Dulles Airport";"Jun 22, 2026, 22:00:00";"29";"9.75";"0.18";"392.9";"4.2"
"Dulles Airport";"Jun 22, 2026, 21:00:00";"33";"20.29";"0.19";"362.5";"4.75"
"Dulles Airport";"Jun 22, 2026, 20:00:00";"39";"17.39";"0.27";"367.08";"7.22"
"Dulles Airport";"Jun 22, 2026, 19:00:00";"39";"7.32";"0.23";"273.04";"7.82"
"Dulles Airport";"Jun 22, 2026, 18:00:00";"34";"1.54";"0.26";"214.32";"6.99"
"Dulles Airport";"Jun 22, 2026, 17:00:00";"29";"4.64";"0.24";"99.29";"5.58"
"Dulles Airport";"Jun 22, 2026, 16:00:00";"27";"0";"0.22";"54.48";"4.97"
"Dulles Airport";"Jun 22, 2026, 15:00:00";"25";"0";"0.22";"56.99";"4.6"
"Dulles Airport";"Jun 22, 2026, 14:00:00";"25";"0";"0.23";"67.09";"4.52"
"Dulles Airport";"Jun 22, 2026, 13:00:00";"25";"2.42";"0.21";"66.9";"4.78"
"Dulles Airport";"Jun 22, 2026, 12:00:00";"23";"0.23";"0.2";"71.19";"4.23"
"Dulles Airport";"Jun 22, 2026, 11:00:00";"22";"0.07";"0.21";"94.4";"4.15"
"Dulles Airport";"Jun 22, 2026, 10:00:00";"19";"4.39";"0.23";"135.29";"3.86"
"Dulles Airport";"Jun 22, 2026, 09:00:00";"18";"12.96";"0.28";"152";"2.76"
"Dulles Airport";"Jun 22, 2026, 08:00:00";"19";"12.97";"0.24";"154.91";"3.34"
"Dulles Airport";"Jun 22, 2026, 07:00:00";"20";"7.12";"0.16";"120.33";"4.17"
"Dulles Airport";"Jun 22, 2026, 06:00:00";"17";"6.73";"0.14";"99.64";"3.15"
"Dulles Airport";"Jun 22, 2026, 05:00:00";"15";"6.39";"0.14";"91.29";"3.06"
"Dulles Airport";"Jun 22, 2026, 04:00:00";"14";"7.8";"0.14";"77.03";"2.64"
"Dulles Airport";"Jun 22, 2026, 03:00:00";"13";"9";"0.15";"59.21";"2.46"
"Dulles Airport";"Jun 22, 2026, 02:00:00";"12";"9.25";"0.14";"44.27";"2.23"
"Dulles Airport";"Jun 22, 2026, 01:00:00";"12";"4.9";"0.13";"37.06";"2.3"
"Dulles Airport";"Jun 22, 2026, 00:00:00";"10";"3.73";"0.14";"31.78";"1.91"
"Dulles Airport";"Jun 21, 2026, 23:00:00";"9";"3.41";"0.15";"27.47";"2.02"
"Dulles Airport";"Jun 21, 2026, 22:00:00";"8";"2.8";"0.17";"17.31";"1.61"
"Dulles Airport";"Jun 21, 2026, 21:00:00";"8";"3.77";"0.18";"4.69";"1.36"
"Dulles Airport";"Jun 21, 2026, 20:00:00";"7";"2.38";"0.17";"0";"1.34"
"Dulles Airport";"Jun 21, 2026, 19:00:00";"7";"1.47";"0.16";"0";"1.2"
"Dulles Airport";"Jun 21, 2026, 18:00:00";"8";"0.07";"0.15";"0";"1.18"
"Dulles Airport";"Jun 21, 2026, 17:00:00";"8";"0";"0.15";"0";"1.32"
"Dulles Airport";"Jun 21, 2026, 16:00:00";"9";"0";"0.15";"0";"1.56"
"Dulles Airport";"Jun 21, 2026, 15:00:00";"9";"0.09";"0.15";"2.02";"1.57"
"Dulles Airport";"Jun 21, 2026, 14:00:00";"8";"0.09";"0.15";"3.51";"1.4"
"Dulles Airport";"Jun 21, 2026, 13:00:00";"9";"0";"0.13";"3.59";"1.37"
"Dulles Airport";"Jun 21, 2026, 12:00:00";"10";"0";"0.14";"12.91";"1.66"
"Dulles Airport";"Jun 21, 2026, 11:00:00";"11";"0.1";"0.15";"27.77";"2.42"
"Dulles Airport";"Jun 21, 2026, 10:00:00";"9";"1.3";"0.15";"43.47";"1.94"
"Dulles Airport";"Jun 21, 2026, 09:00:00";"6";"3.15";"0.13";"53.02";"1.11"
"Dulles Airport";"Jun 21, 2026, 08:00:00";"6";"4.23";"0.12";"58.56";"1.09"
"Dulles Airport";"Jun 21, 2026, 07:00:00";"6";"5.07";"0.1";"49.77";"1.19"
"Dulles Airport";"Jun 21, 2026, 06:00:00";"6";"4.74";"0.1";"46.18";"1.08"
"Dulles Airport";"Jun 21, 2026, 05:00:00";"5";"3.93";"0.11";"47.6";"0.99"
"Dulles Airport";"Jun 21, 2026, 04:00:00";"5";"5.23";"0.11";"43.23";"1.01"
"Dulles Airport";"Jun 21, 2026, 03:00:00";"5";"5.22";"0.11";"38.53";"0.81"
"Dulles Airport";"Jun 21, 2026, 02:00:00";"5";"3.13";"0.12";"33.71";"1.12"
"Dulles Airport";"Jun 21, 2026, 01:00:00";"5";"3.31";"0.13";"31.03";"0.77"
"Dulles Airport";"Jun 21, 2026, 00:00:00";"5";"3.72";"0.14";"22.46";"0.87"
"Dulles Airport";"Jun 20, 2026, 23:00:00";"6";"3.69";"0.15";"10.78";"1.14"
"Dulles Airport";"Jun 20, 2026, 22:00:00";"5";"4.98";"0.17";"5.49";"1.05"
"Dulles Airport";"Jun 20, 2026, 21:00:00";"4";"4.09";"0.18";"0";"0.83"
"Dulles Airport";"Jun 20, 2026, 20:00:00";"4";"1.82";"0.18";"0";"0.75"
"Dulles Airport";"Jun 20, 2026, 19:00:00";"4";"0.22";"0.17";"0";"0.65"
"Dulles Airport";"Jun 20, 2026, 18:00:00";"3";"0.02";"0.16";"0";"0.55"
"Dulles Airport";"Jun 20, 2026, 17:00:00";"3";"0";"0.15";"0";"0.56"
"Dulles Airport";"Jun 20, 2026, 16:00:00";"3";"0";"0.15";"0";"0.53"
"Dulles Airport";"Jun 20, 2026, 15:00:00";"4";"0";"0.14";"0";"0.6"
"Dulles Airport";"Jun 20, 2026, 14:00:00";"4";"0";"0.13";"0";"0.6"
"Dulles Airport";"Jun 20, 2026, 13:00:00";"5";"0";"0.13";"0";"0.68"
"Dulles Airport";"Jun 20, 2026, 12:00:00";"5";"0";"0.14";"0.67";"0.78"
"Dulles Airport";"Jun 20, 2026, 11:00:00";"6";"0";"0.14";"3.93";"1.13"
"Dulles Airport";"Jun 20, 2026, 10:00:00";"6";"0.74";"0.14";"9.91";"0.98"
"Dulles Airport";"Jun 20, 2026, 09:00:00";"7";"3.01";"0.13";"20.41";"1.11"
"Dulles Airport";"Jun 20, 2026, 08:00:00";"8";"8.66";"0.13";"29.1";"1.37"
"Dulles Airport";"Jun 20, 2026, 07:00:00";"6";"6.19";"0.11";"27.09";"1.03"
"Dulles Airport";"Jun 20, 2026, 06:00:00";"5";"5.52";"0.1";"24.06";"0.94"
"Dulles Airport";"Jun 20, 2026, 05:00:00";"5";"5.68";"0.1";"24.16";"1"
"Dulles Airport";"Jun 20, 2026, 04:00:00";"5";"5.37";"0.1";"23.76";"0.94"
"Dulles Airport";"Jun 20, 2026, 03:00:00";"6";"5.18";"0.11";"22.1";"1.05"
"Dulles Airport";"Jun 20, 2026, 02:00:00";"6";"5.05";"0.11";"20.14";"0.99"
"Dulles Airport";"Jun 20, 2026, 01:00:00";"6";"5.42";"0.11";"19.32";"1.08"
"Dulles Airport";"Jun 20, 2026, 00:00:00";"5";"4.79";"0.11";"16.85";"1.04"
"Dulles Airport";"Jun 19, 2026, 23:00:00";"5";"4.47";"0.11";"16.11";"1.04"
"Dulles Airport";"Jun 19, 2026, 22:00:00";"5";"5.36";"0.12";"16.84";"1.06"
"Dulles Airport";"Jun 19, 2026, 21:00:00";"5";"5.27";"0.13";"2.16";"0.9"
"Dulles Airport";"Jun 19, 2026, 20:00:00";"5";"2.96";"0.14";"0";"0.79"
"Dulles Airport";"Jun 19, 2026, 19:00:00";"5";"2.42";"0.13";"0";"0.87"
"Dulles Airport";"Jun 19, 2026, 18:00:00";"5";"0.98";"0.13";"0";"0.87"
"Dulles Airport";"Jun 19, 2026, 17:00:00";"5";"0.46";"0.14";"0.84";"0.91"
"Dulles Airport";"Jun 19, 2026, 16:00:00";"5";"0.03";"0.14";"3.4";"0.98"
"Dulles Airport";"Jun 19, 2026, 15:00:00";"5";"0.48";"0.14";"8.28";"0.86"
"Dulles Airport";"Jun 19, 2026, 14:00:00";"5";"0.14";"0.15";"15.05";"1.05"
"Dulles Airport";"Jun 19, 2026, 13:00:00";"5";"0.05";"0.15";"20.39";"0.77"
"Dulles Airport";"Jun 19, 2026, 12:00:00";"6";"2.27";"0.15";"25.05";"1.01"
"Dulles Airport";"Jun 19, 2026, 11:00:00";"5";"5.17";"0.12";"26.01";"1"
"Dulles Airport";"Jun 19, 2026, 10:00:00";"5";"5.95";"0.13";"37.24";"0.81"
"Dulles Airport";"Jun 19, 2026, 09:00:00";"8";"8.63";"0.14";"44.87";"0.93"
"Dulles Airport";"Jun 19, 2026, 08:00:00";"7";"6.89";"0.12";"54.83";"1.14"
"Dulles Airport";"Jun 19, 2026, 07:00:00";"7";"5.05";"0.12";"61.41";"1.35"
"Dulles Airport";"Jun 19, 2026, 06:00:00";"6";"3.79";"0.09";"71.94";"1.06"
"Dulles Airport";"Jun 19, 2026, 05:00:00";"7";"3.72";"0.09";"73.34";"1.06"
"Dulles Airport";"Jun 19, 2026, 04:00:00";"7";"3.28";"0.1";"76.44";"1.08"
"Dulles Airport";"Jun 19, 2026, 03:00:00";"7";"2.8";"0.1";"52.15";"1.02"
"Dulles Airport";"Jun 19, 2026, 02:00:00";"8";"4";"0.11";"55.21";"1.42"
"Dulles Airport";"Jun 19, 2026, 01:00:00";"7";"2.01";"0.1";"17.57";"1.1"
"Dulles Airport";"Jun 19, 2026, 00:00:00";"8";"1.44";"0.11";"30.49";"1.18"
"Dulles Airport";"Jun 18, 2026, 23:00:00";"9";"4.92";"0.13";"64.79";"1.5"
"Dulles Airport";"Jun 18, 2026, 22:00:00";"10";"4.36";"0.14";"55.67";"1.75"
"Dulles Airport";"Jun 18, 2026, 21:00:00";"10";"4.7";"0.14";"61.14";"1.72"
"Dulles Airport";"Jun 18, 2026, 20:00:00";"10";"1.22";"0.15";"52.59";"1.64"
"Dulles Airport";"Jun 18, 2026, 19:00:00";"12";"1.98";"0.15";"58.22";"1.79"
"Dulles Airport";"Jun 18, 2026, 18:00:00";"13";"0.05";"0.17";"71.24";"1.94"
"Dulles Airport";"Jun 18, 2026, 17:00:00";"15";"0.22";"0.16";"68.82";"2"
"Dulles Airport";"Jun 18, 2026, 16:00:00";"20";"0.44";"0.16";"76.92";"2.51"
"Dulles Airport";"Jun 18, 2026, 15:00:00";"25";"0.51";"0.17";"101.09";"4.73"
"Dulles Airport";"Jun 18, 2026, 14:00:00";"24";"0.28";"0.2";"129.56";"4.34"
"Dulles Airport";"Jun 18, 2026, 13:00:00";"23";"0.27";"0.22";"162.42";"4.55"
"Dulles Airport";"Jun 18, 2026, 12:00:00";"22";"11.01";"0.21";"167.52";"4.13"
"Dulles Airport";"Jun 18, 2026, 11:00:00";"20";"8.47";"0.2";"160.94";"3.68"
"Dulles Airport";"Jun 18, 2026, 10:00:00";"19";"8.1";"0.18";"128.17";"3.12"
"Dulles Airport";"Jun 18, 2026, 09:00:00";"20";"11.03";"0.17";"127.48";"3"
"Dulles Airport";"Jun 18, 2026, 08:00:00";"23";"10.72";"0.16";"125.94";"3.38"
"Dulles Airport";"Jun 18, 2026, 07:00:00";"28";"9.42";"0.17";"110.39";"4.08"
"Dulles Airport";"Jun 18, 2026, 06:00:00";"32";"7.51";"0.17";"117.95";"5.67"
"Dulles Airport";"Jun 18, 2026, 05:00:00";"33";"8.28";"0.18";"121.67";"6.34"
"Dulles Airport";"Jun 18, 2026, 04:00:00";"30";"9.92";"0.2";"110.81";"6.36"
"Dulles Airport";"Jun 18, 2026, 03:00:00";"24";"10.74";"0.19";"91.24";"5"
"Dulles Airport";"Jun 18, 2026, 02:00:00";"19";"6.51";"0.19";"67.01";"4.21"
"Dulles Airport";"Jun 18, 2026, 01:00:00";"15";"8.82";"0.2";"53.61";"3.03"
"Dulles Airport";"Jun 18, 2026, 00:00:00";"14";"13.62";"0.23";"43.76";"2.94"
"Dulles Airport";"Jun 17, 2026, 23:00:00";"16";"16.38";"0.26";"30.63";"2.3"
"Dulles Airport";"Jun 17, 2026, 22:00:00";"14";"14.13";"0.25";"24.57";"1.94"
"Dulles Airport";"Jun 17, 2026, 21:00:00";"10";"10.53";"0.23";"19.9";"1.91"
"Dulles Airport";"Jun 17, 2026, 20:00:00";"10";"8.56";"0.2";"17.89";"2.02"
"Dulles Airport";"Jun 17, 2026, 19:00:00";"9";"3.74";"0.18";"13.91";"1.51"
"Dulles Airport";"Jun 17, 2026, 18:00:00";"10";"0";"0.18";"13.58";"1.67"
"Dulles Airport";"Jun 17, 2026, 17:00:00";"12";"3.05";"0.18";"13.15";"2.25"
"Dulles Airport";"Jun 17, 2026, 16:00:00";"10";"0";"0.17";"14.45";"1.83"
"Dulles Airport";"Jun 17, 2026, 15:00:00";"11";"0.37";"0.17";"17.48";"1.89"
"Dulles Airport";"Jun 17, 2026, 14:00:00";"12";"0";"0.16";"19.23";"1.57"
"Dulles Airport";"Jun 17, 2026, 13:00:00";"14";"0";"0.16";"28.29";"1.84"
"Dulles Airport";"Jun 17, 2026, 12:00:00";"18";"0";"0.16";"38.87";"3.14"
"Dulles Airport";"Jun 17, 2026, 11:00:00";"19";"0";"0.18";"73.38";"2.79"
"Dulles Airport";"Jun 17, 2026, 10:00:00";"22";"4.61";"0.19";"120.25";"2.47"
"Dulles Airport";"Jun 17, 2026, 09:00:00";"29";"12.27";"0.19";"164.04";"2.62"
"Dulles Airport";"Jun 17, 2026, 08:00:00";"44";"15.58";"0.21";"180.3";"7.43"
"Dulles Airport";"Jun 17, 2026, 07:00:00";"47";"4.98";"0.08";"113.19";"10.08"
"Dulles Airport";"Jun 17, 2026, 06:00:00";"37";"3.73";"0.07";"92.45";"8.14"
"Dulles Airport";"Jun 17, 2026, 05:00:00";"28";"6.06";"0.08";"93.32";"6.62"
"Dulles Airport";"Jun 17, 2026, 04:00:00";"19";"7.88";"0.08";"75.02";"4.58"
"Dulles Airport";"Jun 17, 2026, 03:00:00";"12";"9.96";"0.11";"68.8";"2.93"
"Dulles Airport";"Jun 17, 2026, 02:00:00";"7";"7.26";"0.13";"55.73";"1.31"
"Dulles Airport";"Jun 17, 2026, 01:00:00";"7";"7.23";"0.14";"41.98";"1.1"
"Dulles Airport";"Jun 17, 2026, 00:00:00";"9";"9.25";"0.15";"33.07";"1.09"
"Dulles Airport";"Jun 16, 2026, 23:00:00";"8";"8.67";"0.17";"27.86";"1.15"
"Dulles Airport";"Jun 16, 2026, 22:00:00";"13";"13.17";"0.17";"24.43";"1.11"
"Dulles Airport";"Jun 16, 2026, 21:00:00";"9";"9.59";"0.14";"18.88";"1.06"
"Dulles Airport";"Jun 16, 2026, 20:00:00";"7";"7.16";"0.15";"6.23";"0.93"
"Dulles Airport";"Jun 16, 2026, 19:00:00";"5";"2.95";"0.16";"1.67";"1.11"
"Dulles Airport";"Jun 16, 2026, 18:00:00";"5";"2.52";"0.16";"0.38";"0.89"
"Dulles Airport";"Jun 16, 2026, 17:00:00";"5";"0.73";"0.15";"0";"0.78"
"Dulles Airport";"Jun 16, 2026, 16:00:00";"6";"1.23";"0.14";"0";"1.02"
"Dulles Airport";"Jun 16, 2026, 15:00:00";"6";"0.74";"0.13";"0";"1.08"
"Dulles Airport";"Jun 16, 2026, 14:00:00";"5";"0.27";"0.12";"0";"0.97"
"Dulles Airport";"Jun 16, 2026, 13:00:00";"5";"0.72";"0.11";"0.09";"0.89"
"Dulles Airport";"Jun 16, 2026, 12:00:00";"5";"0.66";"0.1";"0.43";"0.96"
"Dulles Airport";"Jun 16, 2026, 11:00:00";"5";"0.28";"0.09";"5.27";"0.8"
"Dulles Airport";"Jun 16, 2026, 10:00:00";"5";"2.53";"0.09";"21.6";"0.75"
"Dulles Airport";"Jun 16, 2026, 09:00:00";"5";"4.73";"0.1";"32.44";"1.08"
"Dulles Airport";"Jun 16, 2026, 08:00:00";"5";"4.77";"0.1";"42.09";"0.96"
"Dulles Airport";"Jun 16, 2026, 07:00:00";"5";"5.34";"0.05";"36.58";"0.59"
"Dulles Airport";"Jun 16, 2026, 06:00:00";"5";"4.35";"0.05";"32.19";"0.69"
"Dulles Airport";"Jun 16, 2026, 05:00:00";"6";"5";"0.03";"31.6";"1.29"
"Dulles Airport";"Jun 16, 2026, 04:00:00";"4";"2.76";"0.06";"26.09";"0.55"
"Dulles Airport";"Jun 16, 2026, 03:00:00";"5";"3.18";"0.08";"25.24";"0.69"
"Dulles Airport";"Jun 16, 2026, 02:00:00";"6";"4.99";"0.11";"29.55";"0.95"
"Dulles Airport";"Jun 16, 2026, 01:00:00";"7";"3.91";"0.12";"35";"0.89"
"Dulles Airport";"Jun 16, 2026, 00:00:00";"8";"3.96";"0.12";"37.16";"1.2"
"Dulles Airport";"Jun 15, 2026, 23:00:00";"9";"4.66";"0.12";"34.85";"1.47"
"Dulles Airport";"Jun 15, 2026, 22:00:00";"10";"3.78";"0.12";"32.16";"1.79"
"Dulles Airport";"Jun 15, 2026, 21:00:00";"11";"3.72";"0.14";"18.91";"1.93"
"Dulles Airport";"Jun 15, 2026, 20:00:00";"11";"2.46";"0.14";"12.26";"2.32"
"Dulles Airport";"Jun 15, 2026, 19:00:00";"9";"0.53";"0.15";"9.08";"1.63"
"Dulles Airport";"Jun 15, 2026, 18:00:00";"10";"0.93";"0.16";"15.29";"1.95"
"Dulles Airport";"Jun 15, 2026, 17:00:00";"8";"1.33";"0.15";"13.19";"1.59"
"Dulles Airport";"Jun 15, 2026, 16:00:00";"8";"0.77";"0.15";"12.11";"1.25"
"Dulles Airport";"Jun 15, 2026, 15:00:00";"9";"0.26";"0.15";"9.9";"1.1"
"Dulles Airport";"Jun 15, 2026, 14:00:00";"11";"0";"0.15";"10.92";"1.32"
"Dulles Airport";"Jun 15, 2026, 13:00:00";"14";"0.64";"0.14";"17.07";"1.87"
"Dulles Airport";"Jun 15, 2026, 12:00:00";"18";"0.5";"0.14";"21.44";"3.11"
"Dulles Airport";"Jun 15, 2026, 11:00:00";"17";"0.26";"0.13";"27.66";"3.19"
"Dulles Airport";"Jun 15, 2026, 10:00:00";"17";"1.04";"0.13";"39.01";"3.48"
"Dulles Airport";"Jun 15, 2026, 09:00:00";"14";"1.66";"0.12";"52.51";"3.11"
"Dulles Airport";"Jun 15, 2026, 08:00:00";"11";"2.95";"0.12";"62.7";"2.71"
"Dulles Airport";"Jun 15, 2026, 07:00:00";"7";"3.62";"0.11";"67.44";"1.47"
"Dulles Airport";"Jun 15, 2026, 06:00:00";"4";"3.4";"0.1";"75.07";"0.73"
"Dulles Airport";"Jun 15, 2026, 05:00:00";"5";"2.94";"0.1";"76.51";"0.66"
"Dulles Airport";"Jun 15, 2026, 04:00:00";"5";"2.58";"0.11";"80.39";"0.72"
"Dulles Airport";"Jun 15, 2026, 03:00:00";"7";"1.21";"0.13";"102.79";"0.54"
"Dulles Airport";"Jun 15, 2026, 02:00:00";"10";"1.83";"0.13";"121.71";"0.5"
"Dulles Airport";"Jun 15, 2026, 01:00:00";"18";"0.99";"0.16";"136.81";"1.67"
"Dulles Airport";"Jun 15, 2026, 00:00:00";"27";"9.7";"0.21";"165.08";"4.44"
"Dulles Airport";"Jun 14, 2026, 23:00:00";"27";"5.71";"0.22";"138.28";"4.09"
"Dulles Airport";"Jun 14, 2026, 22:00:00";"30";"4.86";"0.23";"116.68";"4.47"
"Dulles Airport";"Jun 14, 2026, 21:00:00";"35";"1.48";"0.28";"128.32";"6.19"
"Dulles Airport";"Jun 14, 2026, 20:00:00";"37";"3.23";"0.27";"123.83";"6.77"
"Dulles Airport";"Jun 14, 2026, 19:00:00";"35";"0.6";"0.27";"109.91";"7.06"
"Dulles Airport";"Jun 14, 2026, 18:00:00";"32";"0";"0.25";"90.03";"6.01"
"Dulles Airport";"Jun 14, 2026, 17:00:00";"29";"0";"0.25";"87.3";"5.41"
"Dulles Airport";"Jun 14, 2026, 16:00:00";"28";"0";"0.25";"91.33";"5.28"
"Dulles Airport";"Jun 14, 2026, 15:00:00";"28";"0";"0.22";"79.53";"5.27"
"Dulles Airport";"Jun 14, 2026, 14:00:00";"25";"0";"0.22";"90.15";"5.01"
"Dulles Airport";"Jun 14, 2026, 13:00:00";"23";"0";"0.23";"114.82";"4.05"
"Dulles Airport";"Jun 14, 2026, 12:00:00";"24";"0";"0.22";"128.43";"3.39"
"Dulles Airport";"Jun 14, 2026, 11:00:00";"28";"0";"0.24";"176.34";"3.64"
"Dulles Airport";"Jun 14, 2026, 10:00:00";"36";"7.4";"0.25";"284.19";"4.04"
"Dulles Airport";"Jun 14, 2026, 09:00:00";"49";"11.27";"0.24";"367.77";"6.24"
"Dulles Airport";"Jun 14, 2026, 08:00:00";"56";"5.77";"0.23";"393.94";"10.76"
"Dulles Airport";"Jun 14, 2026, 07:00:00";"57";"2.8";"0.22";"316.48";"11.82"
"Dulles Airport";"Jun 14, 2026, 06:00:00";"57";"3.24";"0.22";"265.22";"13.24"
"Dulles Airport";"Jun 14, 2026, 05:00:00";"55";"3.94";"0.18";"237.14";"11.34"
"Dulles Airport";"Jun 14, 2026, 04:00:00";"54";"1.55";"0.17";"230.45";"11.35"
"Dulles Airport";"Jun 14, 2026, 03:00:00";"52";"1.71";"0.18";"230.75";"11.02"
"Dulles Airport";"Jun 14, 2026, 02:00:00";"42";"3.19";"0.17";"202.6";"9.88"
"Dulles Airport";"Jun 14, 2026, 01:00:00";"29";"4.53";"0.18";"193.59";"7.4"
"Dulles Airport";"Jun 14, 2026, 00:00:00";"18";"7.13";"0.19";"163.46";"4.12"
"Dulles Airport";"Jun 13, 2026, 23:00:00";"12";"3.41";"0.19";"134.45";"2.67"
"Dulles Airport";"Jun 13, 2026, 22:00:00";"9";"0.92";"0.2";"111.97";"1.91"
"Dulles Airport";"Jun 13, 2026, 21:00:00";"8";"0";"0.23";"103.82";"1.49"
"Dulles Airport";"Jun 13, 2026, 20:00:00";"7";"0.09";"0.26";"83.9";"1.26"
"Dulles Airport";"Jun 13, 2026, 19:00:00";"8";"0";"0.23";"36.84";"1.27"
"Dulles Airport";"Jun 13, 2026, 18:00:00";"8";"0";"0.22";"31.55";"1.34"
"Dulles Airport";"Jun 13, 2026, 17:00:00";"8";"0";"0.21";"30.6";"1.34"
"Dulles Airport";"Jun 13, 2026, 16:00:00";"8";"0";"0.2";"28.8";"1.42"
"Dulles Airport";"Jun 13, 2026, 15:00:00";"8";"0";"0.2";"35.75";"1.42"
"Dulles Airport";"Jun 13, 2026, 14:00:00";"8";"0";"0.19";"43.66";"1.5"
"Dulles Airport";"Jun 13, 2026, 13:00:00";"8";"0";"0.18";"52.44";"1.28"
"Dulles Airport";"Jun 13, 2026, 12:00:00";"9";"0";"0.16";"65.5";"1.5"
"Dulles Airport";"Jun 13, 2026, 11:00:00";"10";"0";"0.15";"90.61";"1.39"
"Dulles Airport";"Jun 13, 2026, 10:00:00";"12";"0";"0.16";"150.97";"1.53"
"Dulles Airport";"Jun 13, 2026, 09:00:00";"17";"0.23";"0.16";"264.35";"2.31"
"Dulles Airport";"Jun 13, 2026, 08:00:00";"2";"1.75";"0.16";"397.2";"4.12"
"Dulles Airport";"Jun 13, 2026, 07:00:00";"2";"0.72";"0.13";"363.62";"0"
"Dulles Airport";"Jun 13, 2026, 06:00:00";"2";"0.29";"0.13";"324.96";"0"
"Dulles Airport";"Jun 13, 2026, 05:00:00";"2";"0.32";"0.13";"356.41";"0"
"Dulles Airport";"Jun 13, 2026, 04:00:00";"48";"0";"0.14";"355.08";"0"
"Dulles Airport";"Jun 13, 2026, 03:00:00";"48";"0";"0.18";"451.67";"8.53"
"Dulles Airport";"Jun 13, 2026, 02:00:00";"48";"0.37";"0.21";"550.49";"9.68"
"Dulles Airport";"Jun 13, 2026, 01:00:00";"43";"0.46";"0.21";"575.08";"9.49"
"Dulles Airport";"Jun 13, 2026, 00:00:00";"32";"8.56";"0.22";"554.74";"6.84"
"Dulles Airport";"Jun 12, 2026, 23:00:00";"25";"24.89";"0.25";"513.9";"5.16"
"Dulles Airport";"Jun 12, 2026, 22:00:00";"24";"14.28";"0.21";"436.15";"4.47"
"Dulles Airport";"Jun 12, 2026, 21:00:00";"23";"18.46";"0.23";"361.94";"3.73"
"Dulles Airport";"Jun 12, 2026, 20:00:00";"24";"5.07";"0.16";"255.41";"4.02"
"Dulles Airport";"Jun 12, 2026, 19:00:00";"25";"3.56";"0.37";"290.57";"4.43"
"Dulles Airport";"Jun 12, 2026, 18:00:00";"25";"3.18";"0.36";"317.49";"4.04"
"Dulles Airport";"Jun 12, 2026, 17:00:00";"26";"1.2";"0.28";"261.62";"4.78"
"Dulles Airport";"Jun 12, 2026, 16:00:00";"25";"0";"0.27";"129.19";"4.69"
"Dulles Airport";"Jun 12, 2026, 15:00:00";"25";"0";"0.26";"108.86";"4.48"
"Dulles Airport";"Jun 12, 2026, 14:00:00";"25";"0";"0.26";"112.49";"3.9"
"Dulles Airport";"Jun 12, 2026, 13:00:00";"27";"0";"0.24";"149.97";"4.79"
"Dulles Airport";"Jun 12, 2026, 12:00:00";"27";"0";"0.24";"207.23";"4.97"
"Dulles Airport";"Jun 12, 2026, 11:00:00";"26";"0";"0.27";"317.58";"5.21"
"Dulles Airport";"Jun 12, 2026, 10:00:00";"23";"0.19";"0.27";"448.87";"4.29"
"Dulles Airport";"Jun 12, 2026, 09:00:00";"22";"3.86";"0.25";"539.61";"3.45"
"Dulles Airport";"Jun 12, 2026, 08:00:00";"10";"10.51";"0.22";"536.66";"4.69"
"Dulles Airport";"Jun 12, 2026, 07:00:00";"6";"6.55";"0.19";"456.96";"0"
"Dulles Airport";"Jun 12, 2026, 06:00:00";"2";"2.84";"0.15";"392.08";"0"
"Dulles Airport";"Jun 12, 2026, 05:00:00";"3";"3.91";"0.15";"392.41";"0"
"Dulles Airport";"Jun 12, 2026, 04:00:00";"5";"5.59";"0.14";"371.63";"0"
"Dulles Airport";"Jun 12, 2026, 03:00:00";"2";"2.61";"0.15";"372.51";"0"
"Dulles Airport";"Jun 12, 2026, 02:00:00";"52";"3.54";"0.16";"402.19";"0"
"Dulles Airport";"Jun 12, 2026, 01:00:00";"52";"6.49";"0.18";"432.04";"10.36"
"Dulles Airport";"Jun 12, 2026, 00:00:00";"49";"9.25";"0.18";"408.51";"10.18"
"Dulles Airport";"Jun 11, 2026, 23:00:00";"44";"6.4";"0.19";"374.34";"8.97"
"Dulles Airport";"Jun 11, 2026, 22:00:00";"40";"4.07";"0.18";"290.81";"7.71"
"Dulles Airport";"Jun 11, 2026, 21:00:00";"38";"7.01";"0.17";"178.76";"5.93"
"Dulles Airport";"Jun 11, 2026, 20:00:00";"42";"0.39";"0.25";"122.94";"6.98"
"Dulles Airport";"Jun 11, 2026, 19:00:00";"43";"0";"0.27";"128.13";"7.06"
"Dulles Airport";"Jun 11, 2026, 18:00:00";"45";"0";"0.28";"137.18";"8"
"Dulles Airport";"Jun 11, 2026, 17:00:00";"46";"0";"0.27";"141.09";"8.32"
"Dulles Airport";"Jun 11, 2026, 16:00:00";"46";"0";"0.27";"142.18";"7.9"
"Dulles Airport";"Jun 11, 2026, 15:00:00";"47";"0";"0.27";"162.76";"8.36"
"Dulles Airport";"Jun 11, 2026, 14:00:00";"47";"0";"0.28";"189.94";"8.15"
"Dulles Airport";"Jun 11, 2026, 13:00:00";"48";"0";"0.25";"203.7";"9.48"
"Dulles Airport";"Jun 11, 2026, 12:00:00";"45";"0";"0.24";"227.53";"9.35"
"Dulles Airport";"Jun 11, 2026, 11:00:00";"40";"0";"0.23";"273.43";"8.39"
"Dulles Airport";"Jun 11, 2026, 10:00:00";"33";"0";"0.24";"365.37";"5.89"
"Dulles Airport";"Jun 11, 2026, 09:00:00";"34";"0.67";"0.23";"511.12";"5.65"
"Dulles Airport";"Jun 11, 2026, 08:00:00";"37";"1.62";"0.22";"600.67";"6.08"
"Dulles Airport";"Jun 11, 2026, 07:00:00";"2";"2.92";"0.2";"609.54";"7.81"
"Dulles Airport";"Jun 11, 2026, 06:00:00";"4";"4.13";"0.19";"579.43";"0"
"Dulles Airport";"Jun 11, 2026, 05:00:00";"3";"1.45";"0.17";"525.4";"0"
"Dulles Airport";"Jun 11, 2026, 04:00:00";"34";"1.86";"0.17";"531.04";"0"
"Dulles Airport";"Jun 11, 2026, 03:00:00";"34";"5.48";"0.19";"535.09";"6.67"
"Dulles Airport";"Jun 11, 2026, 02:00:00";"30";"3.57";"0.18";"524.73";"5.96"
"Dulles Airport";"Jun 11, 2026, 01:00:00";"27";"12.08";"0.19";"501.1";"5.3"
"Dulles Airport";"Jun 11, 2026, 00:00:00";"24";"16.5";"0.2";"522.39";"4.05"
"Dulles Airport";"Jun 10, 2026, 23:00:00";"25";"7.51";"0.25";"507.44";"4.74"
"Dulles Airport";"Jun 10, 2026, 22:00:00";"25";"16.45";"0.27";"464.17";"5.38"
"Dulles Airport";"Jun 10, 2026, 21:00:00";"20";"7.32";"0.23";"402.67";"3.98"
"Dulles Airport";"Jun 10, 2026, 20:00:00";"17";"2.73";"0.24";"394.78";"3.41"
"Dulles Airport";"Jun 10, 2026, 19:00:00";"15";"0.93";"0.26";"390.72";"2.47"
"Dulles Airport";"Jun 10, 2026, 18:00:00";"17";"4.47";"0.24";"397.06";"1.38"
"Dulles Airport";"Jun 10, 2026, 17:00:00";"27";"7.08";"0.2";"414.74";"3.18"
"Dulles Airport";"Jun 10, 2026, 16:00:00";"35";"4.71";"0.15";"257.04";"3.57"
"Dulles Airport";"Jun 10, 2026, 15:00:00";"50";"0.04";"0.23";"263.97";"9.52"
"Dulles Airport";"Jun 10, 2026, 14:00:00";"48";"0";"0.25";"319.68";"8.63"
"Dulles Airport";"Jun 10, 2026, 13:00:00";"47";"0";"0.24";"351.05";"8.29"
"Dulles Airport";"Jun 10, 2026, 12:00:00";"48";"0";"0.25";"422.58";"8.76"
"Dulles Airport";"Jun 10, 2026, 11:00:00";"48";"1.16";"0.24";"503.29";"8.11"
"Dulles Airport";"Jun 10, 2026, 10:00:00";"50";"5.52";"0.24";"529.45";"8.04"
"Dulles Airport";"Jun 10, 2026, 09:00:00";"53";"6.56";"0.23";"473.64";"10.75"
"Dulles Airport";"Jun 10, 2026, 08:00:00";"49";"10.55";"0.23";"389.46";"11.36"
"Dulles Airport";"Jun 10, 2026, 07:00:00";"35";"8.36";"0.21";"253.95";"8.32"
"Dulles Airport";"Jun 10, 2026, 06:00:00";"22";"6.1";"0.2";"160.27";"4.34"
"Dulles Airport";"Jun 10, 2026, 05:00:00";"20";"7.01";"0.2";"145.47";"4.11"
"Dulles Airport";"Jun 10, 2026, 04:00:00";"19";"6.96";"0.21";"142.48";"3.58"
"Dulles Airport";"Jun 10, 2026, 03:00:00";"20";"4.39";"0.2";"133.54";"3.62"
"Dulles Airport";"Jun 10, 2026, 02:00:00";"19";"3.44";"0.19";"117.4";"3.68"
"Dulles Airport";"Jun 10, 2026, 01:00:00";"18";"3.26";"0.21";"103.94";"3.19"
"Dulles Airport";"Jun 10, 2026, 00:00:00";"18";"13.01";"0.25";"95.19";"3.19"
"Dulles Airport";"Jun 9, 2026, 23:00:00";"18";"9.42";"0.23";"86.04";"2.99"
"Dulles Airport";"Jun 9, 2026, 22:00:00";"19";"5.92";"0.22";"80.61";"3.24"
"Dulles Airport";"Jun 9, 2026, 21:00:00";"19";"5.45";"0.21";"73.57";"3.38"
"Dulles Airport";"Jun 9, 2026, 20:00:00";"20";"3.8";"0.21";"71.34";"3"
"Dulles Airport";"Jun 9, 2026, 19:00:00";"23";"2.8";"0.21";"68.84";"3.69"
"Dulles Airport";"Jun 9, 2026, 18:00:00";"24";"2.37";"0.21";"63.35";"3.86"
"Dulles Airport";"Jun 9, 2026, 17:00:00";"28";"0.2";"0.21";"59.88";"4.44"
"Dulles Airport";"Jun 9, 2026, 16:00:00";"30";"0";"0.23";"63.17";"5.81"
"Dulles Airport";"Jun 9, 2026, 15:00:00";"28";"0";"0.22";"57.55";"6.13"
"Dulles Airport";"Jun 9, 2026, 14:00:00";"22";"0.25";"0.2";"50.86";"4.47"
"Dulles Airport";"Jun 9, 2026, 13:00:00";"18";"0.07";"0.19";"44.04";"3.56"
"Dulles Airport";"Jun 9, 2026, 12:00:00";"17";"1.06";"0.17";"43.62";"3.23"
"Dulles Airport";"Jun 9, 2026, 11:00:00";"15";"1.09";"0.17";"50.95";"2.47"
"Dulles Airport";"Jun 9, 2026, 10:00:00";"16";"5.33";"0.16";"65.5";"2.98"
"Dulles Airport";"Jun 9, 2026, 09:00:00";"15";"7.99";"0.16";"71.35";"2.86"
"Dulles Airport";"Jun 9, 2026, 08:00:00";"15";"9.83";"0.16";"67.85";"3.36"
"Dulles Airport";"Jun 9, 2026, 07:00:00";"10";"8.5";"0.13";"57.12";"2.26"
"Dulles Airport";"Jun 9, 2026, 06:00:00";"9";"5.57";"0.11";"46.32";"1.65"
"Dulles Airport";"Jun 9, 2026, 05:00:00";"8";"3.72";"0.11";"43.41";"1.28"
"Dulles Airport";"Jun 9, 2026, 04:00:00";"9";"3.67";"0.11";"46.9";"1.6"
"Dulles Airport";"Jun 9, 2026, 03:00:00";"9";"4.05";"0.11";"43.15";"1.62"
"Dulles Airport";"Jun 9, 2026, 02:00:00";"9";"3.59";"0.11";"38.44";"1.55"
"Dulles Airport";"Jun 9, 2026, 01:00:00";"9";"3.21";"0.13";"42.06";"1.42"
"Dulles Airport";"Jun 9, 2026, 00:00:00";"10";"4.2";"0.14";"42.81";"1.44"
"Dulles Airport";"Jun 8, 2026, 23:00:00";"11";"3.35";"0.15";"46";"1.6"
"Dulles Airport";"Jun 8, 2026, 22:00:00";"13";"3.74";"0.17";"54.72";"2.14"
"Dulles Airport";"Jun 8, 2026, 21:00:00";"14";"2.74";"0.17";"46.42";"2.36"
"Dulles Airport";"Jun 8, 2026, 20:00:00";"15";"2.42";"0.19";"42.5";"2.55"
"Dulles Airport";"Jun 8, 2026, 19:00:00";"16";"0.19";"0.22";"45.8";"2.73"
"Dulles Airport";"Jun 8, 2026, 18:00:00";"17";"0.58";"0.22";"48.1";"2.88"
"Dulles Airport";"Jun 8, 2026, 17:00:00";"18";"0.11";"0.22";"46.99";"3.33"
"Dulles Airport";"Jun 8, 2026, 16:00:00";"17";"0.73";"0.22";"44.36";"3.05"
"Dulles Airport";"Jun 8, 2026, 15:00:00";"16";"0";"0.22";"46.54";"3.2"
"Dulles Airport";"Jun 8, 2026, 14:00:00";"14";"0.02";"0.22";"48.53";"2.44"
"Dulles Airport";"Jun 8, 2026, 13:00:00";"15";"0";"0.21";"52.7";"2.2"
"Dulles Airport";"Jun 8, 2026, 12:00:00";"18";"0";"0.21";"59.51";"4.09"
"Dulles Airport";"Jun 8, 2026, 11:00:00";"12";"0.03";"0.21";"63.36";"2.16"
"Dulles Airport";"Jun 8, 2026, 10:00:00";"12";"1.73";"0.21";"74.03";"2.03"
"Dulles Airport";"Jun 8, 2026, 09:00:00";"12";"4.26";"0.18";"77.89";"2.5"
"Dulles Airport";"Jun 8, 2026, 08:00:00";"12";"6.29";"0.18";"79.27";"2.08"
"Dulles Airport";"Jun 8, 2026, 07:00:00";"12";"8.31";"0.17";"78.19";"1.92"
"Dulles Airport";"Jun 8, 2026, 06:00:00";"12";"4.9";"0.15";"73.12";"2.28"
"Dulles Airport";"Jun 8, 2026, 05:00:00";"12";"5.36";"0.15";"70.14";"2.16"
"Dulles Airport";"Jun 8, 2026, 04:00:00";"12";"4.18";"0.15";"65.12";"2.18"
"Dulles Airport";"Jun 8, 2026, 03:00:00";"12";"4.78";"0.17";"61.87";"1.98"
"Dulles Airport";"Jun 8, 2026, 02:00:00";"11";"2.9";"0.16";"70.01";"1.84"
"Dulles Airport";"Jun 8, 2026, 01:00:00";"12";"4.12";"0.17";"59.83";"2.21"
"Dulles Airport";"Jun 8, 2026, 00:00:00";"12";"2.92";"0.19";"50.02";"1.98"
"Dulles Airport";"Jun 7, 2026, 23:00:00";"12";"2.26";"0.21";"36.21";"2.11"
"Dulles Airport";"Jun 7, 2026, 22:00:00";"12";"1.67";"0.21";"21.87";"2.07"
"Dulles Airport";"Jun 7, 2026, 21:00:00";"12";"1.21";"0.21";"17.69";"2.04"
"Dulles Airport";"Jun 7, 2026, 20:00:00";"12";"0";"0.2";"14.99";"1.93"
"Dulles Airport";"Jun 7, 2026, 19:00:00";"13";"0";"0.2";"15.03";"1.98"
"Dulles Airport";"Jun 7, 2026, 18:00:00";"15";"0";"0.19";"18.41";"2.31"
"Dulles Airport";"Jun 7, 2026, 17:00:00";"17";"0";"0.19";"25.5";"2.76"
"Dulles Airport";"Jun 7, 2026, 16:00:00";"19";"0";"0.2";"35.26";"2.9"
"Dulles Airport";"Jun 7, 2026, 15:00:00";"22";"0";"0.21";"47.96";"3.43"
"Dulles Airport";"Jun 7, 2026, 14:00:00";"24";"0";"0.21";"68.13";"3.87"
"Dulles Airport";"Jun 7, 2026, 13:00:00";"26";"0";"0.21";"85.97";"4.41"
"Dulles Airport";"Jun 7, 2026, 12:00:00";"27";"0";"0.22";"109.01";"5.24"
"Dulles Airport";"Jun 7, 2026, 11:00:00";"25";"0";"0.21";"118.69";"5.04"
"Dulles Airport";"Jun 7, 2026, 10:00:00";"22";"0";"0.21";"142.64";"4.64"
"Dulles Airport";"Jun 7, 2026, 09:00:00";"19";"0";"0.2";"172.97";"3.8"
"Dulles Airport";"Jun 7, 2026, 08:00:00";"16";"1.42";"0.19";"230.98";"2.64"
"Dulles Airport";"Jun 7, 2026, 07:00:00";"18";"1.5";"0.15";"230.12";"3.38"
"Dulles Airport";"Jun 7, 2026, 06:00:00";"17";"2.17";"0.14";"202.09";"3.43"
"Dulles Airport";"Jun 7, 2026, 05:00:00";"14";"2.12";"0.15";"190.68";"2.62"
"Dulles Airport";"Jun 7, 2026, 04:00:00";"12";"2.81";"0.16";"180.71";"2.14"
"Dulles Airport";"Jun 7, 2026, 03:00:00";"13";"3.17";"0.16";"188.11";"2.14"
"Dulles Airport";"Jun 7, 2026, 02:00:00";"13";"3.11";"0.16";"152.27";"2.09"
"Dulles Airport";"Jun 7, 2026, 01:00:00";"15";"3.39";"0.15";"125.16";"3.27"
"Dulles Airport";"Jun 7, 2026, 00:00:00";"12";"1.44";"0.15";"109.25";"1.91"
"Dulles Airport";"Jun 6, 2026, 23:00:00";"12";"1.02";"0.17";"97.41";"1.74"
"Dulles Airport";"Jun 6, 2026, 22:00:00";"15";"2.1";"0.19";"83.92";"2.23"
"Dulles Airport";"Jun 6, 2026, 21:00:00";"17";"0.41";"0.21";"77.85";"2.34"
"Dulles Airport";"Jun 6, 2026, 20:00:00";"21";"0.06";"0.21";"54.76";"2.83"
"Dulles Airport";"Jun 6, 2026, 19:00:00";"26";"0.21";"0.23";"58.16";"4.16"
"Dulles Airport";"Jun 6, 2026, 18:00:00";"27";"0";"0.25";"58.13";"4.84"
"Dulles Airport";"Jun 6, 2026, 17:00:00";"27";"0";"0.24";"54.52";"4.64"
"Dulles Airport";"Jun 6, 2026, 16:00:00";"27";"0";"0.23";"58.17";"4.78"
"Dulles Airport";"Jun 6, 2026, 15:00:00";"27";"0.04";"0.23";"61.22";"4.71"
"Dulles Airport";"Jun 6, 2026, 14:00:00";"27";"0";"0.22";"67.07";"4.71"
"Dulles Airport";"Jun 6, 2026, 13:00:00";"28";"0.13";"0.21";"70.64";"4.99"
"Dulles Airport";"Jun 6, 2026, 12:00:00";"27";"0";"0.2";"66.25";"4.63"
"Dulles Airport";"Jun 6, 2026, 11:00:00";"28";"0";"0.2";"86.95";"5.03"
"Dulles Airport";"Jun 6, 2026, 10:00:00";"29";"0.6";"0.23";"137.35";"4.21"
"Dulles Airport";"Jun 6, 2026, 09:00:00";"34";"16.83";"0.27";"202.57";"4.87"
"Dulles Airport";"Jun 6, 2026, 08:00:00";"40";"6.07";"0.22";"248.25";"5.29"
"Dulles Airport";"Jun 6, 2026, 07:00:00";"51";"4.57";"0.15";"169.16";"8.82"
"Dulles Airport";"Jun 6, 2026, 06:00:00";"52";"4.51";"0.15";"142.61";"10.71"
"Dulles Airport";"Jun 6, 2026, 05:00:00";"45";"4.8";"0.16";"134.92";"9.8"
"Dulles Airport";"Jun 6, 2026, 04:00:00";"37";"7.56";"0.18";"131.29";"7.44"
"Dulles Airport";"Jun 6, 2026, 03:00:00";"32";"12.44";"0.2";"117.63";"6.49"
"Dulles Airport";"Jun 6, 2026, 02:00:00";"27";"20.12";"0.22";"104.35";"5.48"
"Dulles Airport";"Jun 6, 2026, 01:00:00";"23";"24.92";"0.22";"92.21";"4.73"
"Dulles Airport";"Jun 6, 2026, 00:00:00";"22";"15.8";"0.23";"78.95";"4.34"
"Dulles Airport";"Jun 5, 2026, 23:00:00";"20";"10.65";"0.23";"64.72";"3.77"
"Dulles Airport";"Jun 5, 2026, 22:00:00";"20";"16.74";"0.24";"45.35";"3.63"
"Dulles Airport";"Jun 5, 2026, 21:00:00";"19";"10.18";"0.24";"37.46";"4.11"
"Dulles Airport";"Jun 5, 2026, 20:00:00";"18";"5.69";"0.25";"31.36";"3.45"
"Dulles Airport";"Jun 5, 2026, 19:00:00";"18";"0.27";"0.25";"25.42";"3.31"
"Dulles Airport";"Jun 5, 2026, 18:00:00";"18";"0";"0.24";"22.25";"3.14"
"Dulles Airport";"Jun 5, 2026, 17:00:00";"18";"0";"0.24";"21.61";"3.05"
"Dulles Airport";"Jun 5, 2026, 16:00:00";"18";"0";"0.24";"23.01";"3.32"
"Dulles Airport";"Jun 5, 2026, 15:00:00";"18";"0.13";"0.23";"22.17";"3.13"
"Dulles Airport";"Jun 5, 2026, 14:00:00";"18";"0";"0.21";"22.74";"3.14"
"Dulles Airport";"Jun 5, 2026, 13:00:00";"18";"0";"0.2";"24.26";"3.19"
"Dulles Airport";"Jun 5, 2026, 12:00:00";"19";"0";"0.19";"30.87";"3.47"
"Dulles Airport";"Jun 5, 2026, 11:00:00";"18";"0";"0.21";"43.48";"3.23"
"Dulles Airport";"Jun 5, 2026, 10:00:00";"19";"0.37";"0.21";"65.98";"3.12"
"Dulles Airport";"Jun 5, 2026, 09:00:00";"20";"5.81";"0.2";"107.02";"2.7"
"Dulles Airport";"Jun 5, 2026, 08:00:00";"24";"7.99";"0.18";"140.1";"2.78"
"Dulles Airport";"Jun 5, 2026, 07:00:00";"33";"3.84";"0.09";"97.55";"6.27"
"Dulles Airport";"Jun 5, 2026, 06:00:00";"31";"2.75";"0.09";"85.24";"6.14"
"Dulles Airport";"Jun 5, 2026, 05:00:00";"28";"5.48";"0.11";"84.39";"5.66"
"Dulles Airport";"Jun 5, 2026, 04:00:00";"23";"6.56";"0.12";"74.24";"4.53"
"Dulles Airport";"Jun 5, 2026, 03:00:00";"20";"12.58";"0.12";"63.08";"4.1"
"Dulles Airport";"Jun 5, 2026, 02:00:00";"21";"22.94";"0.14";"58.03";"3.97"
"Dulles Airport";"Jun 5, 2026, 01:00:00";"17";"18.09";"0.15";"49.64";"3.34"
"Dulles Airport";"Jun 5, 2026, 00:00:00";"15";"15.62";"0.17";"40.09";"3.13"
"Dulles Airport";"Jun 4, 2026, 23:00:00";"15";"14.12";"0.17";"36.35";"2.83"
"Dulles Airport";"Jun 4, 2026, 22:00:00";"14";"4.48";"0.17";"30.69";"2.55"
"Dulles Airport";"Jun 4, 2026, 21:00:00";"14";"1.69";"0.22";"24.78";"2.57"
"Dulles Airport";"Jun 4, 2026, 20:00:00";"14";"1.21";"0.23";"11.53";"2.67"
"Dulles Airport";"Jun 4, 2026, 19:00:00";"14";"0";"0.21";"5";"2.55"
"Dulles Airport";"Jun 4, 2026, 18:00:00";"14";"0";"0.21";"3.62";"2.5"
"Dulles Airport";"Jun 4, 2026, 17:00:00";"14";"0";"0.2";"3.4";"2.49"
"Dulles Airport";"Jun 4, 2026, 16:00:00";"14";"0";"0.2";"3.88";"2.55"
"Dulles Airport";"Jun 4, 2026, 15:00:00";"14";"0";"0.19";"4.22";"2.65"
"Dulles Airport";"Jun 4, 2026, 14:00:00";"14";"0";"0.17";"5.07";"2.42"
"Dulles Airport";"Jun 4, 2026, 13:00:00";"14";"0";"0.16";"7.95";"2.53"
"Dulles Airport";"Jun 4, 2026, 12:00:00";"15";"0";"0.17";"14.39";"2.52"
"Dulles Airport";"Jun 4, 2026, 11:00:00";"16";"0";"0.19";"24.88";"2.96"
"Dulles Airport";"Jun 4, 2026, 10:00:00";"15";"0.54";"0.19";"42.73";"2.51"
"Dulles Airport";"Jun 4, 2026, 09:00:00";"16";"4.58";"0.18";"62.73";"2.3"
"Dulles Airport";"Jun 4, 2026, 08:00:00";"19";"6.24";"0.13";"77.81";"1.86"
"Dulles Airport";"Jun 4, 2026, 07:00:00";"27";"6.77";"0.06";"55.14";"5.02"
"Dulles Airport";"Jun 4, 2026, 06:00:00";"26";"5.22";"0.06";"48.19";"5.72"
"Dulles Airport";"Jun 4, 2026, 05:00:00";"20";"7.22";"0.08";"43.17";"4.14"
"Dulles Airport";"Jun 4, 2026, 04:00:00";"18";"9.69";"0.08";"38.9";"3.37"
"Dulles Airport";"Jun 4, 2026, 03:00:00";"16";"12.88";"0.1";"36.34";"3.22"
"Dulles Airport";"Jun 4, 2026, 02:00:00";"14";"11.11";"0.11";"29.69";"2.69"
"Dulles Airport";"Jun 4, 2026, 01:00:00";"25";"26.23";"0.16";"27.49";"2.33"
"Dulles Airport";"Jun 4, 2026, 00:00:00";"17";"17.16";"0.15";"25.51";"2.43"
"Dulles Airport";"Jun 3, 2026, 23:00:00";"10";"8.66";"0.15";"23.91";"2.04"
"Dulles Airport";"Jun 3, 2026, 22:00:00";"10";"7.99";"0.17";"24.31";"1.83"
"Dulles Airport";"Jun 3, 2026, 21:00:00";"9";"8.67";"0.19";"13.08";"1.73"
"Dulles Airport";"Jun 3, 2026, 20:00:00";"9";"3.67";"0.19";"2.28";"1.56"
"Dulles Airport";"Jun 3, 2026, 19:00:00";"10";"1.73";"0.17";"0.16";"1.65"
"Dulles Airport";"Jun 3, 2026, 18:00:00";"10";"0.12";"0.17";"0.09";"1.69"
"Dulles Airport";"Jun 3, 2026, 17:00:00";"10";"0";"0.17";"0.31";"1.58"
"Dulles Airport";"Jun 3, 2026, 16:00:00";"10";"0";"0.16";"1";"1.82"
"Dulles Airport";"Jun 3, 2026, 15:00:00";"10";"0.07";"0.16";"1.97";"1.8"
"Dulles Airport";"Jun 3, 2026, 14:00:00";"11";"0";"0.16";"3.92";"1.76"
"Dulles Airport";"Jun 3, 2026, 13:00:00";"12";"0";"0.15";"5.48";"1.97"
"Dulles Airport";"Jun 3, 2026, 12:00:00";"12";"0.02";"0.14";"7.98";"1.99"
"Dulles Airport";"Jun 3, 2026, 11:00:00";"13";"0";"0.14";"14.37";"2.15"
"Dulles Airport";"Jun 3, 2026, 10:00:00";"14";"1.93";"0.15";"32.74";"2.44"
"Dulles Airport";"Jun 3, 2026, 09:00:00";"15";"4.67";"0.14";"49.13";"1.86"
"Dulles Airport";"Jun 3, 2026, 08:00:00";"20";"6.51";"0.09";"58.63";"2.51"
"Dulles Airport";"Jun 3, 2026, 07:00:00";"25";"5.83";"0.03";"40.82";"4.96"
"Dulles Airport";"Jun 3, 2026, 06:00:00";"24";"3.02";"0.03";"36.25";"4.69"
"Dulles Airport";"Jun 3, 2026, 05:00:00";"21";"4.23";"0.03";"34.36";"4.52"
"Dulles Airport";"Jun 3, 2026, 04:00:00";"17";"4.13";"0.04";"32.4";"3.1"
"Dulles Airport";"Jun 3, 2026, 03:00:00";"16";"4.43";"0.05";"31.44";"3.12"
"Dulles Airport";"Jun 3, 2026, 02:00:00";"14";"4.8";"0.06";"27.37";"3"
"Dulles Airport";"Jun 3, 2026, 01:00:00";"12";"4.61";"0.07";"22.33";"2.38"
"Dulles Airport";"Jun 3, 2026, 00:00:00";"10";"5.69";"0.08";"18.13";"1.91"
"Dulles Airport";"Jun 2, 2026, 23:00:00";"9";"6.09";"0.1";"15.45";"1.88"
"Dulles Airport";"Jun 2, 2026, 22:00:00";"8";"4.55";"0.12";"17.04";"1.59"
"Dulles Airport";"Jun 2, 2026, 21:00:00";"8";"4.69";"0.14";"9.8";"1.36"
"Dulles Airport";"Jun 2, 2026, 20:00:00";"8";"3.98";"0.14";"0.01";"1.32"
"Dulles Airport";"Jun 2, 2026, 19:00:00";"9";"2.8";"0.14";"0";"1.55"
"Dulles Airport";"Jun 2, 2026, 18:00:00";"9";"0.82";"0.14";"0";"1.27"
"Dulles Airport";"Jun 2, 2026, 17:00:00";"10";"0.87";"0.14";"0";"1.7"
"Dulles Airport";"Jun 2, 2026, 16:00:00";"10";"0.56";"0.14";"0";"1.63"
"Dulles Airport";"Jun 2, 2026, 15:00:00";"12";"0.38";"0.13";"0";"2.01"
"Dulles Airport";"Jun 2, 2026, 14:00:00";"13";"0.09";"0.12";"0.14";"1.92"
"Dulles Airport";"Jun 2, 2026, 13:00:00";"15";"0.04";"0.12";"4.61";"2.15"
"Dulles Airport";"Jun 2, 2026, 12:00:00";"18";"0.61";"0.12";"14.31";"2.71"
"Dulles Airport";"Jun 2, 2026, 11:00:00";"20";"1.29";"0.11";"24.65";"3.6"
"Dulles Airport";"Jun 2, 2026, 10:00:00";"21";"3.81";"0.11";"32.69";"3.58"
"Dulles Airport";"Jun 2, 2026, 09:00:00";"22";"7.22";"0.1";"38.25";"4.1"
"Dulles Airport";"Jun 2, 2026, 08:00:00";"20";"9.64";"0.11";"40.71";"3.65"
"Dulles Airport";"Jun 2, 2026, 07:00:00";"20";"9.57";"0.08";"38.08";"3.37"
"Dulles Airport";"Jun 2, 2026, 06:00:00";"21";"8.31";"0.06";"31.44";"4.2"
"Dulles Airport";"Jun 2, 2026, 05:00:00";"18";"8.13";"0.07";"27.82";"3.73"
"Dulles Airport";"Jun 2, 2026, 04:00:00";"15";"6.39";"0.08";"26.11";"3.14"
"Dulles Airport";"Jun 2, 2026, 03:00:00";"13";"6.26";"0.08";"22.79";"2.8"
"Dulles Airport";"Jun 2, 2026, 02:00:00";"11";"5.68";"0.09";"19.47";"2.21"
"Dulles Airport";"Jun 2, 2026, 01:00:00";"11";"6.52";"0.11";"19.18";"1.89"
"Dulles Airport";"Jun 2, 2026, 00:00:00";"11";"6.34";"0.13";"18.11";"1.98"
"Dulles Airport";"Jun 1, 2026, 23:00:00";"11";"5.74";"0.15";"20.45";"1.95"
"Dulles Airport";"Jun 1, 2026, 22:00:00";"11";"6.47";"0.18";"16.83";"1.97"
"Dulles Airport";"Jun 1, 2026, 21:00:00";"10";"6.65";"0.17";"8.96";"2.04"
"Dulles Airport";"Jun 1, 2026, 20:00:00";"9";"3.95";"0.16";"1.67";"1.69"
"Dulles Airport";"Jun 1, 2026, 19:00:00";"10";"3.83";"0.17";"0.35";"1.71"
"Dulles Airport";"Jun 1, 2026, 18:00:00";"10";"1.98";"0.16";"0";"1.63"
"Dulles Airport";"Jun 1, 2026, 17:00:00";"10";"0.59";"0.15";"0.05";"1.56"
"Dulles Airport";"Jun 1, 2026, 16:00:00";"12";"0.03";"0.15";"0.76";"1.85"
"Dulles Airport";"Jun 1, 2026, 15:00:00";"16";"0.18";"0.15";"3.26";"1.81"
"Dulles Airport";"Jun 1, 2026, 14:00:00";"27";"0.17";"0.15";"5.51";"3.65"
"Dulles Airport";"Jun 1, 2026, 13:00:00";"9";"0";"0.14";"7.8";"1.27"
"Dulles Airport";"Jun 1, 2026, 12:00:00";"11";"0";"0.14";"11.79";"1.6"
"Dulles Airport";"Jun 1, 2026, 11:00:00";"13";"0.14";"0.14";"17";"1.95"
"Dulles Airport";"Jun 1, 2026, 10:00:00";"15";"2.4";"0.15";"34.97";"2.3"
"Dulles Airport";"Jun 1, 2026, 09:00:00";"18";"5.51";"0.16";"49.13";"3.23"
"Dulles Airport";"Jun 1, 2026, 08:00:00";"17";"8.89";"0.15";"68.6";"2.08"
"Dulles Airport";"Jun 1, 2026, 07:00:00";"22";"7.1";"0.1";"61.03";"3.64"
"Dulles Airport";"Jun 1, 2026, 06:00:00";"24";"3.63";"0.07";"55.66";"4.99"
"Dulles Airport";"Jun 1, 2026, 05:00:00";"20";"4.71";"0.08";"55.89";"4.46"
"Dulles Airport";"Jun 1, 2026, 04:00:00";"15";"6.81";"0.09";"54.39";"3.34"
"Dulles Airport";"Jun 1, 2026, 03:00:00";"12";"7.84";"0.12";"57.05";"2.53"
"Dulles Airport";"Jun 1, 2026, 02:00:00";"10";"9.5";"0.17";"46.03";"1.88"
"Dulles Airport";"Jun 1, 2026, 01:00:00";"11";"11.03";"0.17";"37.41";"1.83"
"Dulles Airport";"Jun 1, 2026, 00:00:00";"10";"8.69";"0.19";"34.37";"1.7"
"Dulles Airport";"May 31, 2026, 23:00:00";"17";"18.5";"0.22";"28.29";"2.07"
"Dulles Airport";"May 31, 2026, 22:00:00";"17";"18.12";"0.21";"23.07";"1.62"
"Dulles Airport";"May 31, 2026, 21:00:00";"15";"15.28";"0.18";"18.31";"1.71"
"Dulles Airport";"May 31, 2026, 20:00:00";"7";"7.36";"0.2";"3.52";"1.52"
"Dulles Airport";"May 31, 2026, 19:00:00";"7";"0.9";"0.19";"0";"1.09"
"Dulles Airport";"May 31, 2026, 18:00:00";"7";"0.14";"0.18";"0";"1.21"
"Dulles Airport";"May 31, 2026, 17:00:00";"7";"0";"0.17";"0";"1.11"
"Dulles Airport";"May 31, 2026, 16:00:00";"7";"0";"0.17";"0";"1.13"
"Dulles Airport";"May 31, 2026, 15:00:00";"7";"0.11";"0.17";"0.01";"1.22"
"Dulles Airport";"May 31, 2026, 14:00:00";"8";"0.93";"0.16";"0.8";"1.34"
"Dulles Airport";"May 31, 2026, 13:00:00";"8";"0";"0.16";"1.56";"1.32"
"Dulles Airport";"May 31, 2026, 12:00:00";"8";"0.86";"0.15";"7";"1.31"
"Dulles Airport";"May 31, 2026, 11:00:00";"9";"0";"0.15";"16.99";"1.44"
"Dulles Airport";"May 31, 2026, 10:00:00";"10";"1.74";"0.14";"28.15";"1.64"
"Dulles Airport";"May 31, 2026, 09:00:00";"12";"1.8";"0.12";"38.3";"1.33"
"Dulles Airport";"May 31, 2026, 08:00:00";"17";"3.89";"0.09";"50.83";"1.72"
"Dulles Airport";"May 31, 2026, 07:00:00";"23";"0";"0";"0";"4.58"
"Dulles Airport";"May 31, 2026, 06:00:00";"20";"3.41";"0.05";"29.43";"4.77"
"Dulles Airport";"May 31, 2026, 05:00:00";"14";"3.33";"0.06";"28.81";"3.16"
"Dulles Airport";"May 31, 2026, 04:00:00";"12";"5.47";"0.08";"28.05";"2.77"
"Dulles Airport";"May 31, 2026, 03:00:00";"7";"5.18";"0.09";"26.08";"1.78"
"Dulles Airport";"May 31, 2026, 02:00:00";"5";"4.88";"0.11";"24.18";"0.95"
"Dulles Airport";"May 31, 2026, 01:00:00";"5";"5.17";"0.11";"22.11";"0.62"
"Dulles Airport";"May 31, 2026, 00:00:00";"4";"4.93";"0.14";"20.02";"0.76"
"Dulles Airport";"May 30, 2026, 23:00:00";"4";"4.87";"0.15";"17.9";"0.71"
"Dulles Airport";"May 30, 2026, 22:00:00";"5";"5";"0.16";"14.89";"0.77"
"Dulles Airport";"May 30, 2026, 21:00:00";"4";"4.27";"0.16";"12.97";"0.66"
"Dulles Airport";"May 30, 2026, 20:00:00";"5";"2.91";"0.16";"9.79";"0.81"
"Dulles Airport";"May 30, 2026, 19:00:00";"8";"1.51";"0.17";"5.91";"0.62"
"Dulles Airport";"May 30, 2026, 18:00:00";"8";"0.3";"0.18";"3.4";"1.24"
"Dulles Airport";"May 30, 2026, 17:00:00";"8";"0.27";"0.18";"4.39";"0.68"
"Dulles Airport";"May 30, 2026, 16:00:00";"8";"0.01";"0.17";"4.81";"0.63"
"Dulles Airport";"May 30, 2026, 15:00:00";"8";"0.13";"0.17";"5.03";"0.73"
"Dulles Airport";"May 30, 2026, 14:00:00";"8";"0.32";"0.16";"4.87";"0.75"
"Dulles Airport";"May 30, 2026, 13:00:00";"8";"0.27";"0.16";"5.79";"1.01"
"Dulles Airport";"May 30, 2026, 12:00:00";"8";"0.23";"0.15";"8.03";"1.1"
"Dulles Airport";"May 30, 2026, 11:00:00";"8";"0.02";"0.15";"13.48";"1.9"
"Dulles Airport";"May 30, 2026, 10:00:00";"8";"1.2";"0.16";"24.91";"2.97"
"Dulles Airport";"May 30, 2026, 09:00:00";"8";"1.13";"0.15";"31.16";"3.64"
"Dulles Airport";"May 30, 2026, 08:00:00";"7";"1.08";"0.17";"44.87";"4.45"
"Dulles Airport";"May 30, 2026, 07:00:00";"6";"1.73";"0.16";"50.74";"3.38"
"Dulles Airport";"May 30, 2026, 06:00:00";"6";"3.19";"0.11";"61.64";"3.1"
"Dulles Airport";"May 30, 2026, 05:00:00";"6";"2.27";"0.11";"62.63";"3.07"
"Dulles Airport";"May 30, 2026, 04:00:00";"5";"2.15";"0.12";"60.49";"2.64"
"Dulles Airport";"May 30, 2026, 03:00:00";"5";"3";"0.14";"54.48";"2.39"
"Dulles Airport";"May 30, 2026, 02:00:00";"5";"3.34";"0.15";"64.51";"2.19"
"Dulles Airport";"May 30, 2026, 01:00:00";"5";"4.77";"0.17";"60.95";"1.61"
"Dulles Airport";"May 30, 2026, 00:00:00";"5";"4.78";"0.19";"51.72";"1.47"
"Dulles Airport";"May 29, 2026, 23:00:00";"7";"6.33";"0.21";"45.76";"1.38"
"Dulles Airport";"May 29, 2026, 22:00:00";"11";"11.14";"0.22";"37.67";"1.32"
"Dulles Airport";"May 29, 2026, 21:00:00";"11";"11.41";"0.22";"29.91";"1.31"
"Dulles Airport";"May 29, 2026, 20:00:00";"6";"5.62";"0.23";"20.3";"1.06"
"Dulles Airport";"May 29, 2026, 19:00:00";"4";"0.89";"0.22";"13.8";"0.88"
"Dulles Airport";"May 29, 2026, 18:00:00";"4";"0";"0.22";"11.44";"0.89"
"Dulles Airport";"May 29, 2026, 17:00:00";"4";"0";"0.21";"9.46";"0.9"
"Dulles Airport";"May 29, 2026, 16:00:00";"4";"0";"0.21";"7.81";"0.76"
"Dulles Airport";"May 29, 2026, 15:00:00";"4";"0";"0.2";"7.83";"0.58"
"Dulles Airport";"May 29, 2026, 14:00:00";"4";"0.14";"0.19";"8.83";"0.61"
"Dulles Airport";"May 29, 2026, 13:00:00";"4";"0.55";"0.19";"9.9";"0.7"
"Dulles Airport";"May 29, 2026, 12:00:00";"4";"0";"0.18";"10.78";"0.62"
"Dulles Airport";"May 29, 2026, 11:00:00";"5";"0.04";"0.17";"21.62";"0.63"
"Dulles Airport";"May 29, 2026, 10:00:00";"5";"1.39";"0.17";"37.21";"0.97"
"Dulles Airport";"May 29, 2026, 09:00:00";"5";"4";"0.18";"46.69";"0.91"
"Dulles Airport";"May 29, 2026, 08:00:00";"6";"5.97";"0.15";"53.37";"0.58"
"Dulles Airport";"May 29, 2026, 07:00:00";"5";"5";"0.08";"39.63";"1.71"
"Dulles Airport";"May 29, 2026, 06:00:00";"6";"4.54";"0.08";"34.21";"1.12"
"Dulles Airport";"May 29, 2026, 05:00:00";"6";"6.14";"0.1";"30.73";"0.96"
"Dulles Airport";"May 29, 2026, 04:00:00";"7";"6.3";"0.12";"27.94";"0.84"
"Dulles Airport";"May 29, 2026, 03:00:00";"8";"5.25";"0.14";"24.88";"0.64"
"Dulles Airport";"May 29, 2026, 02:00:00";"8";"5.1";"0.15";"24.05";"0.76"
"Dulles Airport";"May 29, 2026, 01:00:00";"9";"6.03";"0.17";"26.03";"0.83"
"Dulles Airport";"May 29, 2026, 00:00:00";"9";"5.69";"0.18";"25.54";"0.89"
"Dulles Airport";"May 28, 2026, 23:00:00";"10";"5.36";"0.19";"24.68";"1.14"
"Dulles Airport";"May 28, 2026, 22:00:00";"10";"4.48";"0.19";"17.74";"0.91"
"Dulles Airport";"May 28, 2026, 21:00:00";"10";"3.64";"0.19";"12.28";"0.79"
"Dulles Airport";"May 28, 2026, 20:00:00";"10";"1.11";"0.19";"8.01";"0.72"
"Dulles Airport";"May 28, 2026, 19:00:00";"10";"0";"0.2";"10.34";"0.85"
"Dulles Airport";"May 28, 2026, 18:00:00";"10";"0.99";"0.2";"12.6";"0.93"
"Dulles Airport";"May 28, 2026, 17:00:00";"10";"0.09";"0.19";"13.23";"1.49"
"Dulles Airport";"May 28, 2026, 16:00:00";"10";"0";"0.2";"17.82";"1.03"
"Dulles Airport";"May 28, 2026, 15:00:00";"10";"0.21";"0.19";"20";"1.19"
"Dulles Airport";"May 28, 2026, 14:00:00";"10";"0";"0.19";"23.25";"1.13"
"Dulles Airport";"May 28, 2026, 13:00:00";"10";"0";"0.18";"29.51";"1.02"
"Dulles Airport";"May 28, 2026, 12:00:00";"10";"0";"0.18";"39.46";"1.23"
"Dulles Airport";"May 28, 2026, 11:00:00";"11";"0";"0.18";"48.4";"1.35"
"Dulles Airport";"May 28, 2026, 10:00:00";"11";"0";"0.19";"80.83";"1.8"
"Dulles Airport";"May 28, 2026, 09:00:00";"12";"0.3";"0.2";"125.15";"2.37"
"Dulles Airport";"May 28, 2026, 08:00:00";"14";"1.62";"0.2";"191.06";"2.58"
"Dulles Airport";"May 28, 2026, 07:00:00";"16";"1.79";"0.21";"271.35";"4.24"
"Dulles Airport";"May 28, 2026, 06:00:00";"19";"0.95";"0.2";"300.55";"3.83"
"Dulles Airport";"May 28, 2026, 05:00:00";"21";"1.08";"0.19";"331.13";"4.47"
"Dulles Airport";"May 28, 2026, 04:00:00";"23";"1.05";"0.18";"364.59";"4.62"
"Dulles Airport";"May 28, 2026, 03:00:00";"24";"0.53";"0.18";"358.6";"5.82"
"Dulles Airport";"May 28, 2026, 02:00:00";"25";"1.41";"0.18";"350.79";"3.53"
"Dulles Airport";"May 28, 2026, 01:00:00";"27";"6.87";"0.19";"393.47";"2.47"
"Dulles Airport";"May 28, 2026, 00:00:00";"29";"2.02";"0.2";"406.07";"3.02"
"Dulles Airport";"May 27, 2026, 23:00:00";"30";"2.87";"0.2";"399.84";"2.64"
"Dulles Airport";"May 27, 2026, 22:00:00";"31";"4.13";"0.22";"384.08";"1.86"
"Dulles Airport";"May 27, 2026, 21:00:00";"32";"3.29";"0.23";"318.57";"1.66"
"Dulles Airport";"May 27, 2026, 20:00:00";"32";"0.04";"0.24";"250.62";"1.02"
"Dulles Airport";"May 27, 2026, 19:00:00";"33";"0";"0.22";"184.11";"0.77"
"Dulles Airport";"May 27, 2026, 18:00:00";"33";"0";"0.22";"188.68";"0.87"
"Dulles Airport";"May 27, 2026, 17:00:00";"34";"0";"0.22";"228.88";"0.81"
"Dulles Airport";"May 27, 2026, 16:00:00";"34";"0";"0.23";"277.19";"1.53"
"Dulles Airport";"May 27, 2026, 15:00:00";"34";"0";"0.22";"325.82";"1.37"
"Dulles Airport";"May 27, 2026, 14:00:00";"34";"0";"0.21";"341.55";"1.15"
"Dulles Airport";"May 27, 2026, 13:00:00";"35";"0.3";"0.19";"332.58";"1.35"
"Dulles Airport";"May 27, 2026, 12:00:00";"36";"0";"0.24";"350.92";"2.67"
"Dulles Airport";"May 27, 2026, 11:00:00";"36";"0";"0.25";"448.59";"4.76"
"Dulles Airport";"May 27, 2026, 10:00:00";"38";"0.25";"0.25";"563.72";"8.1"
"Dulles Airport";"May 27, 2026, 09:00:00";"40";"0.99";"0.23";"595.39";"12.54"
"Dulles Airport";"May 27, 2026, 08:00:00";"42";"3.65";"0.23";"597.85";"16.2"
"Dulles Airport";"May 27, 2026, 07:00:00";"42";"4.9";"0.26";"582.11";"18.77"
"Dulles Airport";"May 27, 2026, 06:00:00";"41";"1.94";"0.23";"541.6";"17.11"
"Dulles Airport";"May 27, 2026, 05:00:00";"40";"2.43";"0.24";"542.37";"14.4"
"Dulles Airport";"May 27, 2026, 04:00:00";"39";"4.54";"0.26";"503.24";"12.99"
"Dulles Airport";"May 27, 2026, 03:00:00";"39";"1.7";"0.24";"438.69";"12.3"
"Dulles Airport";"May 27, 2026, 02:00:00";"38";"0.59";"0.23";"441.4";"13.71"
"Dulles Airport";"May 27, 2026, 01:00:00";"37";"1.95";"0.22";"453.97";"10.12"
"Dulles Airport";"May 27, 2026, 00:00:00";"37";"2.26";"0.22";"428.21";"10.36"
"Dulles Airport";"May 26, 2026, 23:00:00";"37";"4.06";"0.22";"407.21";"8.56"
"Dulles Airport";"May 26, 2026, 22:00:00";"37";"9.29";"0.23";"391.21";"6.75"
"Dulles Airport";"May 26, 2026, 21:00:00";"36";"4.37";"0.28";"371.69";"5.93"
"Dulles Airport";"May 26, 2026, 20:00:00";"36";"0";"0.32";"354.65";"3.15"
"Dulles Airport";"May 26, 2026, 19:00:00";"35";"0.04";"0.31";"292.86";"2.86"
"Dulles Airport";"May 26, 2026, 18:00:00";"35";"0";"0.28";"275.02";"2.76"
"Dulles Airport";"May 26, 2026, 17:00:00";"35";"0";"0.27";"284.12";"2.45"
"Dulles Airport";"May 26, 2026, 16:00:00";"35";"0";"0.27";"304.64";"2.83"
"Dulles Airport";"May 26, 2026, 15:00:00";"35";"0.06";"0.26";"350.01";"3.08"
"Dulles Airport";"May 26, 2026, 14:00:00";"35";"1.05";"0.3";"424.14";"5.57"
"Dulles Airport";"May 26, 2026, 13:00:00";"34";"0.9";"0.29";"437.7";"5.22"
"Dulles Airport";"May 26, 2026, 12:00:00";"34";"0.89";"0.27";"469.88";"6.03"
"Dulles Airport";"May 26, 2026, 11:00:00";"34";"0.23";"0.27";"542.42";"15.24"
"Dulles Airport";"May 26, 2026, 10:00:00";"31";"5.22";"0.35";"594.14";"21.33"
"Dulles Airport";"May 26, 2026, 09:00:00";"28";"7.23";"0.39";"571.99";"19.72"
"Dulles Airport";"May 26, 2026, 08:00:00";"26";"0.11";"0.3";"489.39";"16.65"
"Dulles Airport";"May 26, 2026, 07:00:00";"25";"0";"0.28";"424.87";"13"
"Dulles Airport";"May 26, 2026, 06:00:00";"26";"0.13";"0.27";"377.15";"14.56"
"Dulles Airport";"May 26, 2026, 05:00:00";"4";"0";"0.25";"340.89";"0"
"Dulles Airport";"May 26, 2026, 04:00:00";"4";"2.33";"0.26";"365.95";"0"
"Dulles Airport";"May 26, 2026, 03:00:00";"3";"0.21";"0.27";"368.84";"0"
"Dulles Airport";"May 26, 2026, 02:00:00";"28";"0.97";"0.29";"404.21";"0"
"Dulles Airport";"May 26, 2026, 01:00:00";"31";"0.18";"0.28";"415.05";"0"
"Dulles Airport";"May 26, 2026, 00:00:00";"33";"0";"0.27";"406.49";"0"
"Dulles Airport";"May 25, 2026, 23:00:00";"36";"0.15";"0.26";"393.14";"8.63"
"Dulles Airport";"May 25, 2026, 22:00:00";"39";"0";"0.24";"374.22";"5.11"
"Dulles Airport";"May 25, 2026, 21:00:00";"43";"0";"0.23";"349.41";"3.23"
"Dulles Airport";"May 25, 2026, 20:00:00";"47";"0";"0.22";"307.82";"2.36"
"Dulles Airport";"May 25, 2026, 19:00:00";"49";"0";"0.22";"300.5";"1.95"
"Dulles Airport";"May 25, 2026, 18:00:00";"51";"0";"0.21";"293.98";"1.93"
"Dulles Airport";"May 25, 2026, 17:00:00";"52";"0";"0.21";"301.73";"1.92"
"Dulles Airport";"May 25, 2026, 16:00:00";"52";"0";"0.2";"365.92";"1.93"
"Dulles Airport";"May 25, 2026, 15:00:00";"52";"0";"0.21";"412.44";"2.61"
"Dulles Airport";"May 25, 2026, 14:00:00";"52";"0";"0.22";"457.07";"4.64"
"Dulles Airport";"May 25, 2026, 13:00:00";"52";"0";"0.21";"472.49";"4.9"
"Dulles Airport";"May 25, 2026, 12:00:00";"52";"0";"0.21";"495.94";"4.24"
"Dulles Airport";"May 25, 2026, 11:00:00";"52";"0";"0.21";"542.14";"4.57"
"Dulles Airport";"May 25, 2026, 10:00:00";"51";"4.93";"0.2";"518.77";"6.94"
"Dulles Airport";"May 25, 2026, 09:00:00";"51";"0.97";"0.22";"498.83";"11.64"
"Dulles Airport";"May 25, 2026, 08:00:00";"49";"3.55";"0.22";"459.51";"12.86"
"Dulles Airport";"May 25, 2026, 07:00:00";"47";"5.41";"0.24";"425.31";"16.86"
"Dulles Airport";"May 25, 2026, 06:00:00";"44";"0.8";"0.21";"411.43";"0"
"Dulles Airport";"May 25, 2026, 05:00:00";"42";"1.54";"0.2";"404.05";"0"
"Dulles Airport";"May 25, 2026, 04:00:00";"40";"3.78";"0.22";"362.08";"0"
"Dulles Airport";"May 25, 2026, 03:00:00";"38";"0.31";"0.23";"336.79";"22.44"
"Dulles Airport";"May 25, 2026, 02:00:00";"35";"1.09";"0.23";"335.74";"19.55"
"Dulles Airport";"May 25, 2026, 01:00:00";"32";"2.83";"0.23";"331.08";"18.4"
"Dulles Airport";"May 25, 2026, 00:00:00";"29";"3.14";"0.24";"327.42";"21.74"
"Dulles Airport";"May 24, 2026, 23:00:00";"26";"4.42";"0.25";"325.77";"23.85"
"Dulles Airport";"May 24, 2026, 22:00:00";"22";"4.67";"0.25";"315.85";"26.34"
"Dulles Airport";"May 24, 2026, 21:00:00";"17";"5.49";"0.24";"287.54";"21.57"
"Dulles Airport";"May 24, 2026, 20:00:00";"14";"5.15";"0.23";"256.88";"15.65"
"Dulles Airport";"May 24, 2026, 19:00:00";"12";"5.88";"0.2";"240.8";"12.7"
"Dulles Airport";"May 24, 2026, 18:00:00";"10";"3.22";"0.19";"228.08";"8.86"
"Dulles Airport";"May 24, 2026, 17:00:00";"9";"1.5";"0.18";"223.52";"5.29"
"Dulles Airport";"May 24, 2026, 16:00:00";"8";"1.09";"0.17";"227.35";"4.05"
"Dulles Airport";"May 24, 2026, 15:00:00";"7";"1.73";"0.16";"220.66";"3.19"
"Dulles Airport";"May 24, 2026, 14:00:00";"7";"2.09";"0.16";"218.83";"2.68"
"Dulles Airport";"May 24, 2026, 13:00:00";"7";"2.1";"0.15";"222.96";"2.41"
"Dulles Airport";"May 24, 2026, 12:00:00";"6";"2.64";"0.14";"224.99";"2.09"
"Dulles Airport";"May 24, 2026, 11:00:00";"6";"3.2";"0.12";"214.26";"1.75"
"Dulles Airport";"May 24, 2026, 10:00:00";"6";"4.1";"0.1";"199.48";"1.57"
"Dulles Airport";"May 24, 2026, 09:00:00";"6";"4.99";"0.09";"189.22";"1.21"
"Dulles Airport";"May 24, 2026, 08:00:00";"8";"7.41";"0.08";"180.83";"0.78"
"Dulles Airport";"May 24, 2026, 07:00:00";"6";"6.1";"0.07";"170.99";"0.71"
"Dulles Airport";"May 24, 2026, 06:00:00";"7";"5.7";"0.07";"171.01";"0.7"
"Dulles Airport";"May 24, 2026, 05:00:00";"7";"5.85";"0.07";"177.19";"0.68"
"Dulles Airport";"May 24, 2026, 04:00:00";"7";"5.51";"0.07";"185.1";"0.47"
"Dulles Airport";"May 24, 2026, 03:00:00";"8";"5.98";"0.07";"187.47";"0.93"
"Dulles Airport";"May 24, 2026, 02:00:00";"8";"6.16";"0.08";"187.62";"1.32"
"Dulles Airport";"May 24, 2026, 01:00:00";"8";"6.09";"0.08";"190.12";"2.75"
"Dulles Airport";"May 24, 2026, 00:00:00";"8";"7.25";"0.08";"189.12";"2.7"
"Dulles Airport";"May 23, 2026, 23:00:00";"8";"6.99";"0.08";"182.67";"1.72"
"Dulles Airport";"May 23, 2026, 22:00:00";"8";"7.65";"0.08";"174.35";"1.82"
"Dulles Airport";"May 23, 2026, 21:00:00";"8";"7.74";"0.07";"171.43";"1.99"
"Dulles Airport";"May 23, 2026, 20:00:00";"8";"7.02";"0.08";"179.83";"1.81"
"Dulles Airport";"May 23, 2026, 19:00:00";"8";"7.73";"0.11";"198.87";"2.1"
"Dulles Airport";"May 23, 2026, 18:00:00";"8";"7.82";"0.1";"194.51";"1.89"
"Dulles Airport";"May 23, 2026, 17:00:00";"8";"7.71";"0.1";"195.65";"1.22"
"Dulles Airport";"May 23, 2026, 16:00:00";"7";"6.93";"0.1";"186.41";"0.99"
"Dulles Airport";"May 23, 2026, 15:00:00";"7";"6.87";"0.1";"183.99";"0.71"
"Dulles Airport";"May 23, 2026, 14:00:00";"8";"7.22";"0.1";"185.58";"0.56"
"Dulles Airport";"May 23, 2026, 13:00:00";"8";"7.14";"0.09";"180.13";"0.88"
"Dulles Airport";"May 23, 2026, 12:00:00";"8";"7.9";"0.09";"177.87";"1.03"
"Dulles Airport";"May 23, 2026, 11:00:00";"8";"7.49";"0.08";"169.83";"1.12"
"Dulles Airport";"May 23, 2026, 10:00:00";"9";"7.47";"0.08";"168.49";"1.91"
"Dulles Airport";"May 23, 2026, 09:00:00";"10";"7.63";"0.07";"160.29";"2.03"
"Dulles Airport";"May 23, 2026, 08:00:00";"11";"7.89";"0.06";"151.86";"2.12"
"Dulles Airport";"May 23, 2026, 07:00:00";"13";"7.98";"0.06";"146.18";"2.28"
"Dulles Airport";"May 23, 2026, 06:00:00";"15";"8.54";"0.05";"140.86";"2.25"
"Dulles Airport";"May 23, 2026, 05:00:00";"16";"8.4";"0.05";"136.39";"2.45"
"Dulles Airport";"May 23, 2026, 04:00:00";"17";"7.42";"0.05";"138.67";"2.22"
"Dulles Airport";"May 23, 2026, 03:00:00";"18";"7.24";"0.06";"141.3";"2.07"
"Dulles Airport";"May 23, 2026, 02:00:00";"21";"7.21";"0.06";"136.26";"2.44"
"Dulles Airport";"May 23, 2026, 01:00:00";"23";"7.22";"0.06";"131.99";"2.01"
"Dulles Airport";"May 23, 2026, 00:00:00";"24";"7.03";"0.06";"129.51";"2.25"
"Dulles Airport";"May 22, 2026, 23:00:00";"25";"7.1";"0.06";"124.89";"1.86"
"Dulles Airport";"May 22, 2026, 22:00:00";"26";"5.92";"0.05";"120.05";"1.65"
"Dulles Airport";"May 22, 2026, 21:00:00";"27";"5.59";"0.06";"126.72";"1.4"
"Dulles Airport";"May 22, 2026, 20:00:00";"27";"5.35";"0.07";"140.8";"1.34"
"Dulles Airport";"May 22, 2026, 19:00:00";"27";"4.92";"0.11";"165.78";"1.57"
"Dulles Airport";"May 22, 2026, 18:00:00";"27";"4.64";"0.12";"178.94";"1.57"
"Dulles Airport";"May 22, 2026, 17:00:00";"27";"3.82";"0.14";"204.24";"1.32"
"Dulles Airport";"May 22, 2026, 16:00:00";"27";"3.59";"0.16";"227.44";"1.24"
"Dulles Airport";"May 22, 2026, 15:00:00";"27";"4.01";"0.17";"230.93";"1.5"
"Dulles Airport";"May 22, 2026, 14:00:00";"27";"4.78";"0.16";"226.17";"1.68"
"Dulles Airport";"May 22, 2026, 13:00:00";"27";"7.13";"0.16";"208.73";"3.34"
"Dulles Airport";"May 22, 2026, 12:00:00";"27";"5.88";"0.13";"196.18";"1.84"
"Dulles Airport";"May 22, 2026, 11:00:00";"27";"5.66";"0.15";"200.77";"4.29"
"Dulles Airport";"May 22, 2026, 10:00:00";"26";"4.53";"0.16";"209.1";"9.13"
"Dulles Airport";"May 22, 2026, 09:00:00";"25";"4.34";"0.15";"204.06";"8.23"
"Dulles Airport";"May 22, 2026, 08:00:00";"24";"5.12";"0.15";"199.37";"10.99"
"Dulles Airport";"May 22, 2026, 07:00:00";"23";"3.91";"0.13";"195.7";"12.93"
"Dulles Airport";"May 22, 2026, 06:00:00";"21";"3.87";"0.12";"195.65";"9.49"
"Dulles Airport";"May 22, 2026, 05:00:00";"20";"3.31";"0.12";"193.39";"8.62"
"Dulles Airport";"May 22, 2026, 04:00:00";"20";"3.85";"0.11";"184.5";"10.57"
"Dulles Airport";"May 22, 2026, 03:00:00";"19";"4.03";"0.11";"179.91";"14.41"
"Dulles Airport";"May 22, 2026, 02:00:00";"18";"2.72";"0.11";"185.49";"15.72"
"Dulles Airport";"May 22, 2026, 01:00:00";"15";"3.02";"0.11";"180.55";"10.64"
"Dulles Airport";"May 22, 2026, 00:00:00";"15";"4.93";"0.1";"170.89";"7.6"
"Dulles Airport";"May 21, 2026, 23:00:00";"16";"5.34";"0.1";"163.65";"6.22"
"Dulles Airport";"May 21, 2026, 22:00:00";"17";"5.79";"0.09";"154.23";"4.86"
"Dulles Airport";"May 21, 2026, 21:00:00";"17";"6.26";"0.09";"147.81";"3.09"
"Dulles Airport";"May 21, 2026, 20:00:00";"18";"7.05";"0.09";"143.17";"2.75"
"Dulles Airport";"May 21, 2026, 19:00:00";"19";"6.95";"0.1";"134.42";"2.77"
"Dulles Airport";"May 21, 2026, 18:00:00";"19";"5.75";"0.1";"118.83";"1.37"
"Dulles Airport";"May 21, 2026, 17:00:00";"20";"4.85";"0.11";"116.82";"1"
"Dulles Airport";"May 21, 2026, 16:00:00";"21";"3.92";"0.11";"121.51";"1.05"
"Dulles Airport";"May 21, 2026, 15:00:00";"22";"3.07";"0.14";"148.88";"1.03"
"Dulles Airport";"May 21, 2026, 14:00:00";"23";"2.09";"0.14";"154.17";"1.33"
"Dulles Airport";"May 21, 2026, 13:00:00";"23";"2.37";"0.15";"173.25";"1.7"
"Dulles Airport";"May 21, 2026, 12:00:00";"24";"2.61";"0.15";"178.46";"1.78"
"Dulles Airport";"May 21, 2026, 11:00:00";"24";"1.45";"0.16";"196.13";"2.08"
"Dulles Airport";"May 21, 2026, 10:00:00";"25";"1.82";"0.17";"228.97";"2.28"
"Dulles Airport";"May 21, 2026, 09:00:00";"26";"3.21";"0.19";"272.39";"2.7"
"Dulles Airport";"May 21, 2026, 08:00:00";"26";"2.58";"0.18";"290.69";"2.81"
"Dulles Airport";"May 21, 2026, 07:00:00";"26";"2.54";"0.17";"311.83";"3.29"
"Dulles Airport";"May 21, 2026, 06:00:00";"27";"1.42";"0.17";"339";"3.85"
"Dulles Airport";"May 21, 2026, 05:00:00";"28";"1.16";"0.2";"456.24";"9.92"
"Dulles Airport";"May 21, 2026, 04:00:00";"27";"3.43";"0.21";"451.65";"0"
"Dulles Airport";"May 21, 2026, 03:00:00";"27";"7.39";"0.2";"442.46";"0"
"Dulles Airport";"May 21, 2026, 02:00:00";"27";"12.79";"0.2";"440.76";"0"
"Dulles Airport";"May 21, 2026, 01:00:00";"26";"0.76";"0.2";"437.41";"8.75"
"Dulles Airport";"May 21, 2026, 00:00:00";"25";"6.09";"0.24";"431.55";"12.82"
"Dulles Airport";"May 20, 2026, 23:00:00";"23";"10.21";"0.26";"417.11";"9.44"
"Dulles Airport";"May 20, 2026, 22:00:00";"22";"4.34";"0.21";"392.8";"6.96"
"Dulles Airport";"May 20, 2026, 21:00:00";"22";"3.88";"0.22";"344.47";"7.74"
"Dulles Airport";"May 20, 2026, 20:00:00";"21";"3.2";"0.26";"335.64";"6.47"
"Dulles Airport";"May 20, 2026, 19:00:00";"20";"2.58";"0.27";"285.14";"6.33"
"Dulles Airport";"May 20, 2026, 18:00:00";"19";"3.31";"0.26";"198.17";"5.5"
"Dulles Airport";"May 20, 2026, 17:00:00";"19";"6.02";"0.25";"108.81";"5.08"
"Dulles Airport";"May 20, 2026, 16:00:00";"19";"0";"0.28";"78.51";"5.18"
"Dulles Airport";"May 20, 2026, 15:00:00";"19";"0";"0.28";"89.12";"5.37"
"Dulles Airport";"May 20, 2026, 14:00:00";"18";"0";"0.27";"97";"4.68"
"Dulles Airport";"May 20, 2026, 13:00:00";"18";"0";"0.26";"108.93";"4.47"
"Dulles Airport";"May 20, 2026, 12:00:00";"18";"0";"0.25";"137.88";"4.92"
"Dulles Airport";"May 20, 2026, 11:00:00";"18";"0";"0.27";"166.63";"5.83"
"Dulles Airport";"May 20, 2026, 10:00:00";"18";"1.31";"0.3";"220.68";"5"
"Dulles Airport";"May 20, 2026, 09:00:00";"18";"5.66";"0.31";"296.37";"4.37"
"Dulles Airport";"May 20, 2026, 08:00:00";"18";"7.33";"0.27";"315.43";"4.52"
"Dulles Airport";"May 20, 2026, 07:00:00";"18";"2.28";"0.19";"255";"7.13"
"Dulles Airport";"May 20, 2026, 06:00:00";"18";"1.25";"0.18";"242.14";"6.47"
"Dulles Airport";"May 20, 2026, 05:00:00";"18";"3.54";"0.2";"252.08";"6.97"
"Dulles Airport";"May 20, 2026, 04:00:00";"18";"5.3";"0.23";"260.78";"5.7"
"Dulles Airport";"May 20, 2026, 03:00:00";"18";"8.87";"0.23";"222.8";"3.86"
"Dulles Airport";"May 20, 2026, 02:00:00";"18";"0.63";"0.18";"179.67";"3.83"
"Dulles Airport";"May 20, 2026, 01:00:00";"19";"1.25";"0.2";"183.3";"2.9"
"Dulles Airport";"May 20, 2026, 00:00:00";"19";"3.93";"0.22";"163.7";"3.53"
"Dulles Airport";"May 19, 2026, 23:00:00";"20";"10.03";"0.23";"132.97";"3.15"
"Dulles Airport";"May 19, 2026, 22:00:00";"21";"5.34";"0.23";"107.44";"2.47"
"Dulles Airport";"May 19, 2026, 21:00:00";"21";"0.41";"0.26";"97.1";"2.15"
"Dulles Airport";"May 19, 2026, 20:00:00";"22";"21.56";"0.31";"87.52";"2.89"
"Dulles Airport";"May 19, 2026, 19:00:00";"23";"17.54";"0.35";"71.47";"2.4"
"Dulles Airport";"May 19, 2026, 18:00:00";"23";"1.25";"0.27";"64.83";"3.27"
"Dulles Airport";"May 19, 2026, 17:00:00";"24";"0";"0.29";"71.78";"3.96"
"Dulles Airport";"May 19, 2026, 16:00:00";"24";"0";"0.3";"71.64";"4.12"
"Dulles Airport";"May 19, 2026, 15:00:00";"25";"0";"0.3";"78.91";"3.89"
"Dulles Airport";"May 19, 2026, 14:00:00";"25";"0";"0.28";"83.28";"3.94"
"Dulles Airport";"May 19, 2026, 13:00:00";"25";"0";"0.26";"90.44";"3.88"
"Dulles Airport";"May 19, 2026, 12:00:00";"26";"0";"0.24";"98.84";"4.2"
"Dulles Airport";"May 19, 2026, 11:00:00";"26";"0";"0.26";"113.55";"4.39"
"Dulles Airport";"May 19, 2026, 10:00:00";"27";"2.51";"0.29";"139.63";"5.69"
"Dulles Airport";"May 19, 2026, 09:00:00";"27";"7.51";"0.28";"146.97";"6.19"
"Dulles Airport";"May 19, 2026, 08:00:00";"27";"9.04";"0.26";"157.01";"5.59"
"Dulles Airport";"May 19, 2026, 07:00:00";"27";"15.63";"0.26";"153.93";"5.68"
"Dulles Airport";"May 19, 2026, 06:00:00";"29";"7.54";"0.23";"155.94";"5.71"
"Dulles Airport";"May 19, 2026, 05:00:00";"30";"8.17";"0.23";"159.27";"5.65"
"Dulles Airport";"May 19, 2026, 04:00:00";"31";"8.84";"0.21";"153.38";"6.65"
"Dulles Airport";"May 19, 2026, 03:00:00";"32";"6.13";"0.22";"141.82";"6.8"
"Dulles Airport";"May 19, 2026, 02:00:00";"32";"21.39";"0.24";"127.67";"6.48"
"Dulles Airport";"May 19, 2026, 01:00:00";"31";"18.56";"0.25";"119.21";"6.37"
"Dulles Airport";"May 19, 2026, 00:00:00";"39";"40.11";"0.29";"103.6";"6.27"
"Dulles Airport";"May 18, 2026, 23:00:00";"31";"27.51";"0.35";"92.95";"7.04"
"Dulles Airport";"May 18, 2026, 22:00:00";"30";"14.82";"0.38";"87.16";"6.94"
"Dulles Airport";"May 18, 2026, 21:00:00";"30";"5.8";"0.35";"86.53";"6.47"
"Dulles Airport";"May 18, 2026, 20:00:00";"29";"3.14";"0.35";"85.08";"6.51"
"Dulles Airport";"May 18, 2026, 19:00:00";"28";"1.42";"0.35";"84.96";"6.43"
"Dulles Airport";"May 18, 2026, 18:00:00";"28";"0";"0.36";"88.42";"6.45"
"Dulles Airport";"May 18, 2026, 17:00:00";"27";"0";"0.33";"80.78";"5.63"
"Dulles Airport";"May 18, 2026, 16:00:00";"26";"0";"0.33";"87.82";"6.05"
"Dulles Airport";"May 18, 2026, 15:00:00";"26";"0";"0.34";"91.99";"6.13"
"Dulles Airport";"May 18, 2026, 14:00:00";"25";"0";"0.32";"104.09";"5.81"
"Dulles Airport";"May 18, 2026, 13:00:00";"24";"0";"0.29";"115.85";"6.17"
"Dulles Airport";"May 18, 2026, 12:00:00";"24";"0";"0.3";"156.07";"7.27"
"Dulles Airport";"May 18, 2026, 11:00:00";"23";"0";"0.32";"205.49";"7.43"
"Dulles Airport";"May 18, 2026, 10:00:00";"23";"14.95";"0.32";"257.23";"5.7"
"Dulles Airport";"May 18, 2026, 09:00:00";"22";"19.43";"0.33";"307.44";"5.41"
"Dulles Airport";"May 18, 2026, 08:00:00";"22";"15.69";"0.31";"297.88";"8.83"
"Dulles Airport";"May 18, 2026, 07:00:00";"21";"1.99";"0.19";"234.95";"13.27"
"Dulles Airport";"May 18, 2026, 06:00:00";"21";"2.8";"0.19";"225.71";"14.51"
"Dulles Airport";"May 18, 2026, 05:00:00";"20";"3.87";"0.19";"221.68";"12.3"
"Dulles Airport";"May 18, 2026, 04:00:00";"19";"3.24";"0.2";"216.89";"9.1"
"Dulles Airport";"May 18, 2026, 03:00:00";"18";"3.4";"0.2";"208.07";"6.68"
"Dulles Airport";"May 18, 2026, 02:00:00";"18";"4.99";"0.24";"192.2";"5.14"
"Dulles Airport";"May 18, 2026, 01:00:00";"18";"15.68";"0.25";"167.88";"4.72"
"Dulles Airport";"May 18, 2026, 00:00:00";"34";"35.24";"0.31";"156.96";"3.77"
"Dulles Airport";"May 17, 2026, 23:00:00";"17";"15.61";"0.32";"150.57";"3.98"
"Dulles Airport";"May 17, 2026, 22:00:00";"17";"17.49";"0.27";"126.9";"3.32"
"Dulles Airport";"May 17, 2026, 21:00:00";"18";"18.26";"0.25";"107.69";"2.93"
"Dulles Airport";"May 17, 2026, 20:00:00";"16";"3.19";"0.26";"103.33";"2.54"
"Dulles Airport";"May 17, 2026, 19:00:00";"16";"1.19";"0.25";"84.67";"2.55"
"Dulles Airport";"May 17, 2026, 18:00:00";"16";"0";"0.24";"89.11";"2.6"
"Dulles Airport";"May 17, 2026, 17:00:00";"16";"0";"0.23";"95.67";"2.56"
"Dulles Airport";"May 17, 2026, 16:00:00";"16";"0";"0.22";"101.17";"2.2"
"Dulles Airport";"May 17, 2026, 15:00:00";"16";"0";"0.21";"110.87";"2"
"Dulles Airport";"May 17, 2026, 14:00:00";"16";"0";"0.23";"140.94";"2.97"
"Dulles Airport";"May 17, 2026, 13:00:00";"16";"0.96";"0.26";"191.15";"3.54"
"Dulles Airport";"May 17, 2026, 12:00:00";"15";"5.64";"0.28";"218.05";"3.44"
"Dulles Airport";"May 17, 2026, 11:00:00";"15";"8.63";"0.29";"263.25";"4.33"
"Dulles Airport";"May 17, 2026, 10:00:00";"15";"14.55";"0.3";"238.57";"3.42"
"Dulles Airport";"May 17, 2026, 09:00:00";"14";"11.2";"0.31";"258.25";"3.42"
"Dulles Airport";"May 17, 2026, 08:00:00";"14";"10.82";"0.26";"253.81";"5.41"
"Dulles Airport";"May 17, 2026, 07:00:00";"14";"4.68";"0.18";"191.75";"9.98"
"Dulles Airport";"May 17, 2026, 06:00:00";"12";"4.29";"0.16";"186.3";"8.47"
"Dulles Airport";"May 17, 2026, 05:00:00";"11";"3.04";"0.16";"190.53";"6.02"
"Dulles Airport";"May 17, 2026, 04:00:00";"12";"2.66";"0.18";"200.48";"5.48"
"Dulles Airport";"May 17, 2026, 03:00:00";"12";"2.56";"0.18";"195.5";"4.99"
"Dulles Airport";"May 17, 2026, 02:00:00";"12";"4.58";"0.19";"182.67";"3.73"
"Dulles Airport";"May 17, 2026, 01:00:00";"12";"3.51";"0.2";"175.2";"3.02"
"Dulles Airport";"May 17, 2026, 00:00:00";"12";"3.77";"0.2";"143.67";"3.17"
"Dulles Airport";"May 16, 2026, 23:00:00";"12";"4.39";"0.23";"127.44";"2.33"
"Dulles Airport";"May 16, 2026, 22:00:00";"12";"5.97";"0.24";"114.94";"1.8"
"Dulles Airport";"May 16, 2026, 21:00:00";"11";"7.73";"0.25";"96.55";"2.01"
"Dulles Airport";"May 16, 2026, 20:00:00";"11";"7.88";"0.26";"80.48";"2.23"
"Dulles Airport";"May 16, 2026, 19:00:00";"11";"8.49";"0.24";"63.18";"1.62"
"Dulles Airport";"May 16, 2026, 18:00:00";"11";"6.23";"0.24";"44.84";"2.32"
"Dulles Airport";"May 16, 2026, 17:00:00";"11";"1.9";"0.24";"44.98";"2.05"
"Dulles Airport";"May 16, 2026, 16:00:00";"10";"0.76";"0.23";"44.36";"1.81"
"Dulles Airport";"May 16, 2026, 15:00:00";"10";"0.02";"0.2";"40.22";"1.05"
"Dulles Airport";"May 16, 2026, 14:00:00";"10";"0";"0.2";"43.58";"1"
"Dulles Airport";"May 16, 2026, 13:00:00";"10";"0.51";"0.22";"55.76";"1.5"
"Dulles Airport";"May 16, 2026, 12:00:00";"10";"1.32";"0.24";"63.59";"1.78"
"Dulles Airport";"May 16, 2026, 11:00:00";"10";"4.56";"0.25";"82.33";"2.05"
"Dulles Airport";"May 16, 2026, 10:00:00";"18";"18.37";"0.26";"97.51";"1.64"
"Dulles Airport";"May 16, 2026, 09:00:00";"13";"12.58";"0.19";"106.71";"1.74"
"Dulles Airport";"May 16, 2026, 08:00:00";"16";"16.05";"0.2";"109.57";"3.7"
"Dulles Airport";"May 16, 2026, 07:00:00";"9";"4.58";"0.13";"73.23";"0"
"Dulles Airport";"May 16, 2026, 06:00:00";"9";"4.74";"0.13";"68.97";"0"
"Dulles Airport";"May 16, 2026, 05:00:00";"9";"8";"0.15";"66.06";"9.67"
"Dulles Airport";"May 16, 2026, 04:00:00";"8";"4.72";"0.13";"62.13";"7.44"
"Dulles Airport";"May 16, 2026, 03:00:00";"9";"8.83";"0.15";"61.66";"5.07"
"Dulles Airport";"May 16, 2026, 02:00:00";"17";"17.65";"0.19";"60.88";"2.67"
"Dulles Airport";"May 16, 2026, 01:00:00";"27";"27.68";"0.21";"59.37";"2.52"
"Dulles Airport";"May 16, 2026, 00:00:00";"18";"18.35";"0.18";"50.98";"2.27"
"Dulles Airport";"May 15, 2026, 23:00:00";"6";"6.06";"0.14";"44.14";"1.07"
"Dulles Airport";"May 15, 2026, 22:00:00";"6";"5.16";"0.15";"42.14";"0.84"
"Dulles Airport";"May 15, 2026, 21:00:00";"6";"4.48";"0.18";"44.03";"0.86"
"Dulles Airport";"May 15, 2026, 20:00:00";"6";"6.13";"0.19";"34.38";"0.71"
"Dulles Airport";"May 15, 2026, 19:00:00";"6";"4.38";"0.19";"26.89";"0.59"
"Dulles Airport";"May 15, 2026, 18:00:00";"6";"4.46";"0.18";"27.9";"0.76"
"Dulles Airport";"May 15, 2026, 17:00:00";"6";"3.95";"0.18";"28.12";"0.86"
"Dulles Airport";"May 15, 2026, 16:00:00";"6";"3.08";"0.18";"31.29";"0.76"
"Dulles Airport";"May 15, 2026, 15:00:00";"5";"3.6";"0.17";"34.31";"1.52"
"Dulles Airport";"May 15, 2026, 14:00:00";"5";"3.92";"0.17";"37.32";"1.31"
"Dulles Airport";"May 15, 2026, 13:00:00";"5";"3.92";"0.17";"40.81";"0.97"
"Dulles Airport";"May 15, 2026, 12:00:00";"5";"4.15";"0.16";"42.44";"1.09"
"Dulles Airport";"May 15, 2026, 11:00:00";"5";"4.3";"0.16";"43.99";"1.14"
"Dulles Airport";"May 15, 2026, 10:00:00";"6";"5.98";"0.13";"43.19";"1.37"
"Dulles Airport";"May 15, 2026, 09:00:00";"7";"7.1";"0.12";"43.79";"1.85"
"Dulles Airport";"May 15, 2026, 08:00:00";"9";"8.54";"0.12";"42.92";"1.9"
"Dulles Airport";"May 15, 2026, 07:00:00";"8";"7.94";"0.1";"41.66";"1.69"
"Dulles Airport";"May 15, 2026, 06:00:00";"8";"7.35";"0.1";"42.26";"2"
"Dulles Airport";"May 15, 2026, 05:00:00";"8";"7.19";"0.1";"43.01";"1.84"
"Dulles Airport";"May 15, 2026, 04:00:00";"9";"6.12";"0.1";"46.05";"1.31"
"Dulles Airport";"May 15, 2026, 03:00:00";"9";"4.89";"0.09";"46.65";"0.95"
"Dulles Airport";"May 15, 2026, 02:00:00";"10";"5.31";"0.08";"43.07";"1.11"
"Dulles Airport";"May 15, 2026, 01:00:00";"12";"6.44";"0.08";"37.3";"1.21"
"Dulles Airport";"May 15, 2026, 00:00:00";"16";"7.2";"0.09";"35.28";"1.39"
"Dulles Airport";"May 14, 2026, 23:00:00";"17";"7.43";"0.1";"33.48";"1.8"
"Dulles Airport";"May 14, 2026, 22:00:00";"18";"7.39";"0.11";"32.56";"1.29"
"Dulles Airport";"May 14, 2026, 21:00:00";"18";"7.18";"0.11";"32.92";"0.51"
"Dulles Airport";"May 14, 2026, 20:00:00";"18";"6.59";"0.12";"33.11";"0.39"
"Dulles Airport";"May 14, 2026, 19:00:00";"19";"6.62";"0.12";"33.43";"0.42"
"Dulles Airport";"May 14, 2026, 18:00:00";"19";"6.38";"0.13";"35.76";"0.76"
"Dulles Airport";"May 14, 2026, 17:00:00";"19";"5.29";"0.14";"36.96";"0.4"
"Dulles Airport";"May 14, 2026, 16:00:00";"19";"5.31";"0.14";"39.05";"0.56"
"Dulles Airport";"May 14, 2026, 15:00:00";"20";"4.65";"0.15";"40.46";"0.65"
"Dulles Airport";"May 14, 2026, 14:00:00";"20";"4.69";"0.13";"42.72";"0.78"
"Dulles Airport";"May 14, 2026, 13:00:00";"20";"4.47";"0.14";"48.01";"1.52"
"Dulles Airport";"May 14, 2026, 12:00:00";"20";"3.93";"0.15";"55.02";"1.73"
"Dulles Airport";"May 14, 2026, 11:00:00";"20";"4.34";"0.14";"61.06";"1.98"
"Dulles Airport";"May 14, 2026, 10:00:00";"21";"5.11";"0.14";"75.13";"2.64"
"Dulles Airport";"May 14, 2026, 09:00:00";"21";"6.63";"0.12";"84.73";"3.18"
"Dulles Airport";"May 14, 2026, 08:00:00";"20";"8.99";"0.12";"97.42";"3.97"
"Dulles Airport";"May 14, 2026, 07:00:00";"20";"8.64";"0.11";"111.36";"5.31"
"Dulles Airport";"May 14, 2026, 06:00:00";"19";"9.14";"0.1";"128.77";"7.48"
"Dulles Airport";"May 14, 2026, 05:00:00";"18";"8.51";"0.11";"134.85";"5.47"
"Dulles Airport";"May 14, 2026, 04:00:00";"18";"10.56";"0.12";"145.3";"4.93"
"Dulles Airport";"May 14, 2026, 03:00:00";"17";"9.35";"0.12";"146.43";"7.47"
"Dulles Airport";"May 14, 2026, 02:00:00";"16";"8.38";"0.12";"133.88";"12.77"
"Dulles Airport";"May 14, 2026, 01:00:00";"15";"14.79";"0.12";"129.6";"19.75"
"Dulles Airport";"May 14, 2026, 00:00:00";"17";"16.68";"0.13";"124.81";"10.77"
"Dulles Airport";"May 13, 2026, 23:00:00";"23";"23.85";"0.13";"118.56";"4.12"
"Dulles Airport";"May 13, 2026, 22:00:00";"16";"16.5";"0.16";"105.58";"4.07"
"Dulles Airport";"May 13, 2026, 21:00:00";"11";"11.34";"0.16";"74.55";"1.45"
"Dulles Airport";"May 13, 2026, 20:00:00";"16";"16.56";"0.22";"89.78";"1.94"
"Dulles Airport";"May 13, 2026, 19:00:00";"15";"15.07";"0.22";"89.42";"1.87"
"Dulles Airport";"May 13, 2026, 18:00:00";"15";"14.8";"0.24";"80.13";"1.99"
"Dulles Airport";"May 13, 2026, 17:00:00";"14";"14.33";"0.22";"79.29";"2.05"
"Dulles Airport";"May 13, 2026, 16:00:00";"13";"12.71";"0.2";"54.41";"2.22"
"Dulles Airport";"May 13, 2026, 15:00:00";"8";"8.2";"0.2";"35.45";"2.8"
"Dulles Airport";"May 13, 2026, 14:00:00";"7";"6.15";"0.21";"34";"2.06"
"Dulles Airport";"May 13, 2026, 13:00:00";"8";"3.9";"0.2";"35.07";"1.85"
"Dulles Airport";"May 13, 2026, 12:00:00";"9";"9.29";"0.21";"39.57";"2.43"
"Dulles Airport";"May 13, 2026, 11:00:00";"8";"7.69";"0.19";"43.89";"2.63"
"Dulles Airport";"May 13, 2026, 10:00:00";"8";"8";"0.19";"43.93";"2.79"
"Dulles Airport";"May 13, 2026, 09:00:00";"11";"10.6";"0.17";"41.11";"2.43"
"Dulles Airport";"May 13, 2026, 08:00:00";"12";"12.19";"0.15";"37.71";"2.29"
"Dulles Airport";"May 13, 2026, 07:00:00";"12";"12.35";"0.12";"33.94";"1.71"
"Dulles Airport";"May 13, 2026, 06:00:00";"12";"11.54";"0.11";"33.06";"1.58"
"Dulles Airport";"May 13, 2026, 05:00:00";"10";"10.18";"0.12";"33.66";"1.58"
"Dulles Airport";"May 13, 2026, 04:00:00";"10";"9.85";"0.12";"34.68";"1.32"
"Dulles Airport";"May 13, 2026, 03:00:00";"9";"9.33";"0.13";"35.73";"1.39"
"Dulles Airport";"May 13, 2026, 02:00:00";"11";"10.81";"0.15";"38.79";"1.22"
"Dulles Airport";"May 13, 2026, 01:00:00";"13";"12.61";"0.18";"40.65";"1.53"
"Dulles Airport";"May 13, 2026, 00:00:00";"13";"12.9";"0.19";"40.41";"1.44"
"Dulles Airport";"May 12, 2026, 23:00:00";"12";"11.64";"0.19";"40.34";"1.31"
"Dulles Airport";"May 12, 2026, 22:00:00";"11";"10.85";"0.2";"38.26";"1.51"
"Dulles Airport";"May 12, 2026, 21:00:00";"10";"9.61";"0.2";"34.93";"1.34"
"Dulles Airport";"May 12, 2026, 20:00:00";"13";"12.9";"0.19";"29.8";"1.29"
"Dulles Airport";"May 12, 2026, 19:00:00";"8";"7.45";"0.18";"26.79";"1.35"
"Dulles Airport";"May 12, 2026, 18:00:00";"8";"5.01";"0.19";"24.64";"1.25"
"Dulles Airport";"May 12, 2026, 17:00:00";"7";"5.12";"0.19";"25.11";"1.25"
"Dulles Airport";"May 12, 2026, 16:00:00";"8";"6.15";"0.19";"25.84";"1.24"
"Dulles Airport";"May 12, 2026, 15:00:00";"8";"4.65";"0.18";"26.79";"1.52"
"Dulles Airport";"May 12, 2026, 14:00:00";"8";"3.49";"0.18";"28.74";"2.34"
"Dulles Airport";"May 12, 2026, 13:00:00";"8";"5.33";"0.19";"31.58";"2.73"
"Dulles Airport";"May 12, 2026, 12:00:00";"8";"3.71";"0.17";"34.73";"2.32"
"Dulles Airport";"May 12, 2026, 11:00:00";"7";"3.25";"0.17";"38.21";"2.1"
"Dulles Airport";"May 12, 2026, 10:00:00";"7";"6.62";"0.15";"40.02";"2.18"
"Dulles Airport";"May 12, 2026, 09:00:00";"9";"9.25";"0.12";"46.19";"1.77"
"Dulles Airport";"May 12, 2026, 08:00:00";"9";"8.83";"0.1";"54.02";"2.39"
"Dulles Airport";"May 12, 2026, 07:00:00";"6";"3.62";"0.07";"45.42";"0"
"Dulles Airport";"May 12, 2026, 06:00:00";"6";"2.83";"0.06";"41.65";"0"
"Dulles Airport";"May 12, 2026, 05:00:00";"6";"0.99";"0.06";"41.92";"0"
"Dulles Airport";"May 12, 2026, 04:00:00";"6";"1.03";"0.06";"41.27";"0"
"Dulles Airport";"May 12, 2026, 03:00:00";"6";"4.52";"0.07";"42.07";"0"
"Dulles Airport";"May 12, 2026, 02:00:00";"6";"4.7";"0.07";"41.78";"0"
"Dulles Airport";"May 12, 2026, 01:00:00";"9";"8.87";"0.08";"41.95";"2.32"
"Dulles Airport";"May 12, 2026, 00:00:00";"26";"27.06";"0.11";"41.01";"1.62"
"Dulles Airport";"May 11, 2026, 23:00:00";"14";"14.53";"0.09";"35.64";"1.54"
"Dulles Airport";"May 11, 2026, 22:00:00";"15";"15.38";"0.14";"33.65";"1.42"
"Dulles Airport";"May 11, 2026, 21:00:00";"14";"13.7";"0.12";"31.9";"0.98"
"Dulles Airport";"May 11, 2026, 20:00:00";"10";"3.89";"0.13";"32.29";"0.7"
"Dulles Airport";"May 11, 2026, 19:00:00";"11";"5.16";"0.13";"27.71";"0.68"
"Dulles Airport";"May 11, 2026, 18:00:00";"11";"3.37";"0.13";"27.96";"1.04"
"Dulles Airport";"May 11, 2026, 17:00:00";"12";"4.63";"0.15";"33.59";"1.76"
"Dulles Airport";"May 11, 2026, 16:00:00";"13";"6.26";"0.18";"42.5";"2.28"
"Dulles Airport";"May 11, 2026, 15:00:00";"13";"9.51";"0.16";"47.07";"2.12"
"Dulles Airport";"May 11, 2026, 14:00:00";"13";"10.28";"0.14";"50.3";"1.89"
"Dulles Airport";"May 11, 2026, 13:00:00";"13";"6.58";"0.13";"45.43";"1.15"
"Dulles Airport";"May 11, 2026, 12:00:00";"13";"7.2";"0.13";"52.01";"1.12"
"Dulles Airport";"May 11, 2026, 11:00:00";"13";"10.27";"0.14";"61.65";"1.46"
"Dulles Airport";"May 11, 2026, 10:00:00";"13";"9.68";"0.13";"56.12";"1.55"
"Dulles Airport";"May 11, 2026, 09:00:00";"14";"11.82";"0.12";"39.05";"1.22"
"Dulles Airport";"May 11, 2026, 08:00:00";"15";"0";"0";"0";"0.75"
"Dulles Airport";"May 11, 2026, 07:00:00";"16";"7.6";"0.09";"30.22";"0.84"
"Dulles Airport";"May 11, 2026, 06:00:00";"17";"5.91";"0.08";"33.79";"0.87"
"Dulles Airport";"May 11, 2026, 05:00:00";"17";"4.97";"0.09";"37.84";"1.16"
"Dulles Airport";"May 11, 2026, 04:00:00";"18";"4.35";"0.09";"43.98";"1.26"
"Dulles Airport";"May 11, 2026, 03:00:00";"18";"4.27";"0.11";"67.42";"1.97"
"Dulles Airport";"May 11, 2026, 02:00:00";"19";"4.01";"0.15";"110.69";"2.85"
"Dulles Airport";"May 11, 2026, 01:00:00";"4";"4.16";"0.17";"159.06";"4.15"
"Dulles Airport";"May 11, 2026, 00:00:00";"6";"5.67";"0.2";"202.04";"5.65"
"Dulles Airport";"May 10, 2026, 23:00:00";"4";"4.07";"0.19";"226.9";"7.41"
"Dulles Airport";"May 10, 2026, 22:00:00";"3";"1.62";"0.18";"215.26";"7.45"
"Dulles Airport";"May 10, 2026, 21:00:00";"4";"3.99";"0.2";"203.16";"4.36"
"Dulles Airport";"May 10, 2026, 20:00:00";"4";"4.06";"0.2";"204.05";"5.49"
"Dulles Airport";"May 10, 2026, 19:00:00";"7";"6.43";"0.21";"182.86";"3.34"
"Dulles Airport";"May 10, 2026, 18:00:00";"7";"6.47";"0.24";"207.16";"4.23"
"Dulles Airport";"May 10, 2026, 17:00:00";"4";"4.12";"0.21";"153.9";"5.07"
"Dulles Airport";"May 10, 2026, 16:00:00";"5";"5.01";"0.22";"113.78";"3.23"
"Dulles Airport";"May 10, 2026, 15:00:00";"3";"0.94";"0.18";"43.33";"1.88"
"Dulles Airport";"May 10, 2026, 14:00:00";"3";"0.26";"0.17";"48.92";"1.79"
"Dulles Airport";"May 10, 2026, 13:00:00";"3";"0";"0.18";"59.84";"1.79"
"Dulles Airport";"May 10, 2026, 12:00:00";"3";"0";"0.21";"75.4";"2.09"
"Dulles Airport";"May 10, 2026, 11:00:00";"12";"12.13";"0.28";"105.9";"3.02"
"Dulles Airport";"May 10, 2026, 10:00:00";"32";"32.46";"0.44";"150.04";"7.07"
"Dulles Airport";"May 10, 2026, 09:00:00";"9";"9.35";"0.25";"165.06";"8.39"
"Dulles Airport";"May 10, 2026, 08:00:00";"7";"7.14";"0.2";"133.2";"0"
"Dulles Airport";"May 10, 2026, 07:00:00";"13";"3.92";"0.13";"88.53";"0"
"Dulles Airport";"May 10, 2026, 06:00:00";"13";"1.71";"0.13";"80.5";"0"
"Dulles Airport";"May 10, 2026, 05:00:00";"13";"3.25";"0.15";"87.04";"0"
"Dulles Airport";"May 10, 2026, 04:00:00";"12";"3.32";"0.17";"94.93";"0"
"Dulles Airport";"May 10, 2026, 03:00:00";"12";"4.8";"0.18";"95.13";"0"
"Dulles Airport";"May 10, 2026, 02:00:00";"12";"5.13";"0.2";"93.16";"0"
"Dulles Airport";"May 10, 2026, 01:00:00";"12";"4.52";"0.19";"79.45";"9.13"
"Dulles Airport";"May 10, 2026, 00:00:00";"10";"5.76";"0.21";"73.51";"5.78"
"Dulles Airport";"May 9, 2026, 23:00:00";"10";"6.96";"0.22";"65.35";"3.63"
"Dulles Airport";"May 9, 2026, 22:00:00";"9";"8.88";"0.19";"59.02";"2.75"
"Dulles Airport";"May 9, 2026, 21:00:00";"9";"8.69";"0.2";"57.08";"2.04"
"Dulles Airport";"May 9, 2026, 20:00:00";"9";"4.59";"0.23";"54.15";"1.98"
"Dulles Airport";"May 9, 2026, 19:00:00";"9";"6.5";"0.22";"41.84";"2.12"
"Dulles Airport";"May 9, 2026, 18:00:00";"9";"5.18";"0.21";"36.36";"2.15"
"Dulles Airport";"May 9, 2026, 17:00:00";"9";"4.39";"0.22";"38.37";"2.37"
"Dulles Airport";"May 9, 2026, 16:00:00";"9";"4.29";"0.23";"42.54";"3.1"
"Dulles Airport";"May 9, 2026, 15:00:00";"9";"3.71";"0.23";"44.31";"3.01"
"Dulles Airport";"May 9, 2026, 14:00:00";"8";"5.45";"0.22";"43.69";"3.08"
"Dulles Airport";"May 9, 2026, 13:00:00";"8";"4.95";"0.22";"41.92";"3.04"
"Dulles Airport";"May 9, 2026, 12:00:00";"8";"5.94";"0.22";"42.15";"2.72"
"Dulles Airport";"May 9, 2026, 11:00:00";"8";"7.04";"0.21";"41.66";"2.44"
"Dulles Airport";"May 9, 2026, 10:00:00";"11";"10.81";"0.18";"38.31";"1.97"
"Dulles Airport";"May 9, 2026, 09:00:00";"10";"9.63";"0.17";"34.83";"1.66"
"Dulles Airport";"May 9, 2026, 08:00:00";"14";"13.6";"0.16";"31.38";"1.64"
"Dulles Airport";"May 9, 2026, 07:00:00";"12";"11.72";"0.14";"30.07";"1.39"
"Dulles Airport";"May 9, 2026, 06:00:00";"9";"9.03";"0.13";"28.27";"2.07"
"Dulles Airport";"May 9, 2026, 05:00:00";"9";"8.61";"0.13";"27.61";"1.57"
"Dulles Airport";"May 9, 2026, 04:00:00";"9";"8.01";"0.13";"26.84";"1.61"
"Dulles Airport";"May 9, 2026, 03:00:00";"10";"10.31";"0.14";"26.45";"1.53"
"Dulles Airport";"May 9, 2026, 02:00:00";"9";"8.8";"0.14";"25.71";"1.56"
"Dulles Airport";"May 9, 2026, 01:00:00";"10";"10.15";"0.15";"26.16";"1.5"
"Dulles Airport";"May 9, 2026, 00:00:00";"28";"28.64";"0.17";"26.43";"1.81"
"Dulles Airport";"May 8, 2026, 23:00:00";"24";"24.17";"0.18";"26.98";"1.99"
"Dulles Airport";"May 8, 2026, 22:00:00";"22";"21.98";"0.25";"28.63";"1.94"
"Dulles Airport";"May 8, 2026, 21:00:00";"21";"21.38";"0.19";"26.63";"2.01"
"Dulles Airport";"May 8, 2026, 20:00:00";"17";"16.83";"0.19";"25.8";"2"
"Dulles Airport";"May 8, 2026, 19:00:00";"11";"10.6";"0.17";"22.49";"1.49"
"Dulles Airport";"May 8, 2026, 18:00:00";"11";"7.5";"0.16";"18.98";"1.29"
"Dulles Airport";"May 8, 2026, 17:00:00";"11";"4.65";"0.17";"16.65";"1.27"
"Dulles Airport";"May 8, 2026, 16:00:00";"11";"5.64";"0.16";"17.45";"1.63"
"Dulles Airport";"May 8, 2026, 15:00:00";"11";"4.02";"0.16";"18.61";"2.29"
"Dulles Airport";"May 8, 2026, 14:00:00";"11";"6.19";"0.16";"21.93";"1.29"
"Dulles Airport";"May 8, 2026, 13:00:00";"11";"2.65";"0.15";"26.3";"1.43"
"Dulles Airport";"May 8, 2026, 12:00:00";"11";"2.82";"0.15";"30.5";"1.67"
"Dulles Airport";"May 8, 2026, 11:00:00";"11";"4.19";"0.15";"35.26";"1.88"
"Dulles Airport";"May 8, 2026, 10:00:00";"11";"4.53";"0.14";"39.23";"1.48"
"Dulles Airport";"May 8, 2026, 09:00:00";"11";"9.86";"0.12";"46.1";"1.34"
"Dulles Airport";"May 8, 2026, 08:00:00";"11";"9.74";"0.08";"42.69";"3.13"
"Dulles Airport";"May 8, 2026, 07:00:00";"11";"4.95";"0.05";"34.22";"4.29"
"Dulles Airport";"May 8, 2026, 06:00:00";"11";"4.92";"0.05";"35.2";"3.36"
"Dulles Airport";"May 8, 2026, 05:00:00";"10";"5.99";"0.05";"35.54";"2.74"
"Dulles Airport";"May 8, 2026, 04:00:00";"10";"7.63";"0.06";"35.4";"1.59"
"Dulles Airport";"May 8, 2026, 03:00:00";"10";"6.15";"0.07";"39.31";"1.78"
"Dulles Airport";"May 8, 2026, 02:00:00";"11";"10.41";"0.08";"43.76";"2.63"
"Dulles Airport";"May 8, 2026, 01:00:00";"12";"12.32";"0.08";"44.53";"6.6"
"Dulles Airport";"May 8, 2026, 00:00:00";"15";"14.75";"0.1";"43.81";"4.03"
"Dulles Airport";"May 7, 2026, 23:00:00";"13";"13.02";"0.12";"42.59";"3.02"
"Dulles Airport";"May 7, 2026, 22:00:00";"13";"13.26";"0.14";"40.76";"2.24"
"Dulles Airport";"May 7, 2026, 21:00:00";"15";"14.61";"0.15";"36.02";"2.21"
"Dulles Airport";"May 7, 2026, 20:00:00";"12";"11.64";"0.17";"36.06";"2.02"
"Dulles Airport";"May 7, 2026, 19:00:00";"12";"11.66";"0.19";"35.29";"2.61"
"Dulles Airport";"May 7, 2026, 18:00:00";"10";"10.08";"0.2";"35.88";"2.33"
"Dulles Airport";"May 7, 2026, 17:00:00";"10";"9.96";"0.17";"31.3";"2.04"
"Dulles Airport";"May 7, 2026, 16:00:00";"10";"7.59";"0.15";"27.76";"2.19"
"Dulles Airport";"May 7, 2026, 15:00:00";"10";"3.99";"0.15";"28.22";"1.98"
"Dulles Airport";"May 7, 2026, 14:00:00";"10";"5.4";"0.16";"32.61";"2.21"
"Dulles Airport";"May 7, 2026, 13:00:00";"11";"8.55";"0.15";"31.7";"2.57"
"Dulles Airport";"May 7, 2026, 12:00:00";"11";"7.73";"0.12";"29.61";"2.19"
"Dulles Airport";"May 7, 2026, 11:00:00";"11";"8.76";"0.11";"31.39";"1.65"
"Dulles Airport";"May 7, 2026, 10:00:00";"11";"8.71";"0.1";"32.14";"1.87"
"Dulles Airport";"May 7, 2026, 09:00:00";"12";"8.92";"0.1";"38.5";"1.63"
"Dulles Airport";"May 7, 2026, 08:00:00";"12";"8.3";"0.1";"43.57";"1.39"
"Dulles Airport";"May 7, 2026, 07:00:00";"12";"8.04";"0.11";"47.9";"1.59"
"Dulles Airport";"May 7, 2026, 06:00:00";"12";"7.68";"0.11";"60.68";"1.65"
"Dulles Airport";"May 7, 2026, 05:00:00";"13";"7.87";"0.11";"67.53";"1.79"
"Dulles Airport";"May 7, 2026, 04:00:00";"13";"8.06";"0.11";"71.36";"2.37"
"Dulles Airport";"May 7, 2026, 03:00:00";"13";"7.72";"0.11";"76.07";"3.01"
"Dulles Airport";"May 7, 2026, 02:00:00";"13";"7.35";"0.12";"99.09";"4.98"
"Dulles Airport";"May 7, 2026, 01:00:00";"13";"6.93";"0.14";"102.08";"2.24"
"Dulles Airport";"May 7, 2026, 00:00:00";"13";"6.58";"0.15";"96.79";"1.18"
"Dulles Airport";"May 6, 2026, 23:00:00";"14";"5.2";"0.18";"120.3";"1.12"
"Dulles Airport";"May 6, 2026, 22:00:00";"14";"4.78";"0.19";"158.26";"1.42"
"Dulles Airport";"May 6, 2026, 21:00:00";"14";"6.67";"0.2";"196.66";"3.24"
"Dulles Airport";"May 6, 2026, 20:00:00";"14";"8.58";"0.2";"182.63";"3.64"
"Dulles Airport";"May 6, 2026, 19:00:00";"14";"6.31";"0.2";"182.06";"3.43"
"Dulles Airport";"May 6, 2026, 18:00:00";"14";"5.5";"0.21";"186.95";"3.22"
"Dulles Airport";"May 6, 2026, 17:00:00";"14";"5.22";"0.21";"192.91";"3.17"
"Dulles Airport";"May 6, 2026, 16:00:00";"14";"6.69";"0.2";"193.62";"2.96"
"Dulles Airport";"May 6, 2026, 15:00:00";"14";"7";"0.2";"196.66";"2.75"
"Dulles Airport";"May 6, 2026, 14:00:00";"14";"10.31";"0.2";"203.35";"2.89"
"Dulles Airport";"May 6, 2026, 13:00:00";"14";"10.52";"0.2";"211.89";"2.75"
"Dulles Airport";"May 6, 2026, 12:00:00";"14";"11.8";"0.21";"214.64";"3.15"
"Dulles Airport";"May 6, 2026, 11:00:00";"14";"11.28";"0.21";"194.7";"4.06"
"Dulles Airport";"May 6, 2026, 10:00:00";"19";"19.14";"0.25";"178.49";"4.83"
"Dulles Airport";"May 6, 2026, 09:00:00";"14";"13.87";"0.23";"145.01";"3.61"
"Dulles Airport";"May 6, 2026, 08:00:00";"13";"11.74";"0.2";"99.76";"3.11"
"Dulles Airport";"May 6, 2026, 07:00:00";"20";"20.32";"0.22";"77.23";"2.46"
"Dulles Airport";"May 6, 2026, 06:00:00";"13";"10.35";"0.2";"66.25";"2.7"
"Dulles Airport";"May 6, 2026, 05:00:00";"13";"9.25";"0.2";"58.74";"3.24"
"Dulles Airport";"May 6, 2026, 04:00:00";"13";"9.8";"0.21";"53.72";"3.15"
"Dulles Airport";"May 6, 2026, 03:00:00";"13";"11.88";"0.22";"49.7";"3.45"
"Dulles Airport";"May 6, 2026, 02:00:00";"12";"7.99";"0.24";"45.06";"3.69"
"Dulles Airport";"May 6, 2026, 01:00:00";"12";"10.91";"0.23";"40.48";"3.87"
"Dulles Airport";"May 6, 2026, 00:00:00";"27";"27.57";"0.26";"35.76";"3.46"
"Dulles Airport";"May 5, 2026, 23:00:00";"13";"13.48";"0.23";"30.36";"2.99"
"Dulles Airport";"May 5, 2026, 22:00:00";"11";"10.4";"0.25";"26.78";"2.8"
"Dulles Airport";"May 5, 2026, 21:00:00";"11";"11.26";"0.23";"21.75";"2.93"
"Dulles Airport";"May 5, 2026, 20:00:00";"11";"9.11";"0.22";"19.43";"2.79"
"Dulles Airport";"May 5, 2026, 19:00:00";"11";"10.67";"0.23";"21.37";"2.93"
"Dulles Airport";"May 5, 2026, 18:00:00";"11";"6.42";"0.23";"23.75";"2.71"
"Dulles Airport";"May 5, 2026, 17:00:00";"11";"5.26";"0.21";"24.98";"3.05"
"Dulles Airport";"May 5, 2026, 16:00:00";"10";"1.92";"0.21";"27.95";"3.37"
"Dulles Airport";"May 5, 2026, 15:00:00";"10";"1.2";"0.22";"34.01";"2.99"
"Dulles Airport";"May 5, 2026, 14:00:00";"10";"0.24";"0.23";"36.72";"2.9"
"Dulles Airport";"May 5, 2026, 13:00:00";"10";"0.19";"0.22";"38.99";"3"
"Dulles Airport";"May 5, 2026, 12:00:00";"10";"0.84";"0.23";"44.88";"3.02"
"Dulles Airport";"May 5, 2026, 11:00:00";"9";"4.14";"0.24";"48.76";"3.11"
"Dulles Airport";"May 5, 2026, 10:00:00";"9";"9.08";"0.23";"56.1";"3.02"
"Dulles Airport";"May 5, 2026, 09:00:00";"10";"9.76";"0.2";"55.04";"2.92"
"Dulles Airport";"May 5, 2026, 08:00:00";"12";"11.83";"0.2";"52.3";"2.68"
"Dulles Airport";"May 5, 2026, 07:00:00";"11";"11.14";"0.16";"51.23";"1.96"
"Dulles Airport";"May 5, 2026, 06:00:00";"10";"10.16";"0.15";"52";"1.97"
"Dulles Airport";"May 5, 2026, 05:00:00";"11";"10.99";"0.14";"53.37";"2.05"
"Dulles Airport";"May 5, 2026, 04:00:00";"12";"12.49";"0.16";"54.82";"1.98"
"Dulles Airport";"May 5, 2026, 03:00:00";"13";"12.51";"0.16";"55.71";"1.86"
"Dulles Airport";"May 5, 2026, 02:00:00";"14";"14.23";"0.15";"54.91";"2.73"
"Dulles Airport";"May 5, 2026, 01:00:00";"11";"10.84";"0.16";"50.2";"1.73"
"Dulles Airport";"May 5, 2026, 00:00:00";"17";"16.73";"0.18";"45.33";"2.35"
"Dulles Airport";"May 4, 2026, 23:00:00";"13";"13.06";"0.19";"41.69";"1.65"
"Dulles Airport";"May 4, 2026, 22:00:00";"12";"11.51";"0.19";"39.13";"1.88"
"Dulles Airport";"May 4, 2026, 21:00:00";"13";"13.1";"0.2";"36.69";"1.99"
"Dulles Airport";"May 4, 2026, 20:00:00";"11";"10.89";"0.19";"32.85";"2.15"
"Dulles Airport";"May 4, 2026, 19:00:00";"12";"12.41";"0.2";"29.41";"1.89"
"Dulles Airport";"May 4, 2026, 18:00:00";"8";"5.26";"0.19";"28.37";"2.19"
"Dulles Airport";"May 4, 2026, 17:00:00";"8";"3.03";"0.19";"29.59";"1.78"
"Dulles Airport";"May 4, 2026, 16:00:00";"8";"2.78";"0.19";"30.24";"1.77"
"Dulles Airport";"May 4, 2026, 15:00:00";"7";"3.94";"0.19";"31.19";"1.88"
"Dulles Airport";"May 4, 2026, 14:00:00";"7";"1.78";"0.18";"32";"1.78"
"Dulles Airport";"May 4, 2026, 13:00:00";"7";"1.22";"0.18";"33.14";"1.72"
"Dulles Airport";"May 4, 2026, 12:00:00";"7";"1.99";"0.17";"36.35";"1.76"
"Dulles Airport";"May 4, 2026, 11:00:00";"7";"2.68";"0.19";"41.03";"1.75"
"Dulles Airport";"May 4, 2026, 10:00:00";"16";"16.56";"0.23";"41.33";"2.58"
"Dulles Airport";"May 4, 2026, 09:00:00";"15";"15.31";"0.17";"38.52";"2.8"
"Dulles Airport";"May 4, 2026, 08:00:00";"15";"15.07";"0.17";"38.14";"1.63"
"Dulles Airport";"May 4, 2026, 07:00:00";"16";"15.69";"0.14";"36.59";"1.45"
"Dulles Airport";"May 4, 2026, 06:00:00";"10";"10";"0.12";"37.26";"1.29"
"Dulles Airport";"May 4, 2026, 05:00:00";"9";"8.47";"0.13";"39.6";"1.66"
"Dulles Airport";"May 4, 2026, 04:00:00";"12";"11.83";"0.13";"37.55";"1.57"
"Dulles Airport";"May 4, 2026, 03:00:00";"15";"15";"0.13";"34.34";"1.52"
"Dulles Airport";"May 4, 2026, 02:00:00";"19";"19.55";"0.13";"28.68";"2.25"
"Dulles Airport";"May 4, 2026, 01:00:00";"26";"27.02";"0.13";"25.39";"2.22"
"Dulles Airport";"May 4, 2026, 00:00:00";"35";"36.32";"0.11";"23.23";"1.8"
"Dulles Airport";"May 3, 2026, 23:00:00";"13";"13.06";"0.08";"21.28";"2.06"
"Dulles Airport";"May 3, 2026, 22:00:00";"7";"6.8";"0.08";"21.84";"1.24"
"Dulles Airport";"May 3, 2026, 21:00:00";"7";"5.39";"0.1";"24.67";"1.37"
"Dulles Airport";"May 3, 2026, 20:00:00";"8";"7.83";"0.14";"22.15";"0.98"
"Dulles Airport";"May 3, 2026, 19:00:00";"7";"6.6";"0.14";"22.35";"1.12"
"Dulles Airport";"May 3, 2026, 18:00:00";"7";"4.95";"0.14";"23.01";"1.18"
"Dulles Airport";"May 3, 2026, 17:00:00";"7";"5.57";"0.14";"23.08";"1.23"
"Dulles Airport";"May 3, 2026, 16:00:00";"7";"5.13";"0.14";"23.08";"1.18"
"Dulles Airport";"May 3, 2026, 15:00:00";"7";"4.57";"0.14";"23.23";"1.23"
"Dulles Airport";"May 3, 2026, 14:00:00";"8";"4.55";"0.14";"23.65";"1.06"
"Dulles Airport";"May 3, 2026, 13:00:00";"8";"3.53";"0.13";"23.58";"1.21"
"Dulles Airport";"May 3, 2026, 12:00:00";"8";"4.32";"0.12";"23.46";"1.48"
"Dulles Airport";"May 3, 2026, 11:00:00";"8";"4.43";"0.11";"23.22";"1.93"
"Dulles Airport";"May 3, 2026, 10:00:00";"8";"5.1";"0.09";"23.53";"1.91"
"Dulles Airport";"May 3, 2026, 09:00:00";"8";"5.33";"0.08";"24.44";"1.46"
"Dulles Airport";"May 3, 2026, 08:00:00";"9";"6.68";"0.07";"25.54";"1.15"
"Dulles Airport";"May 3, 2026, 07:00:00";"9";"7.11";"0.06";"24.27";"1.5"
"Dulles Airport";"May 3, 2026, 06:00:00";"9";"7.85";"0.07";"23.81";"1.34"
"Dulles Airport";"May 3, 2026, 05:00:00";"9";"8.87";"0.07";"22.59";"1.67"
"Dulles Airport";"May 3, 2026, 04:00:00";"10";"9.44";"0.07";"21.14";"1.99"
"Dulles Airport";"May 3, 2026, 03:00:00";"10";"10.16";"0.07";"19.5";"1.82"
"Dulles Airport";"May 3, 2026, 02:00:00";"9";"9.36";"0.21";"19.09";"1.73"
"Dulles Airport";"May 3, 2026, 01:00:00";"10";"9.62";"0.23";"19.46";"1.96"
"Dulles Airport";"May 3, 2026, 00:00:00";"10";"9.81";"0.24";"19.24";"1.67"
"Dulles Airport";"May 2, 2026, 23:00:00";"9";"9.31";"0.25";"19.63";"1.78"
"Dulles Airport";"May 2, 2026, 22:00:00";"9";"8.93";"0.25";"19.88";"1.81"
"Dulles Airport";"May 2, 2026, 21:00:00";"9";"8.74";"0.25";"19.93";"1.86"
"Dulles Airport";"May 2, 2026, 20:00:00";"8";"8.05";"0.25";"20.49";"2.05"
"Dulles Airport";"May 2, 2026, 19:00:00";"8";"7.6";"0.26";"21.43";"1.84"
"Dulles Airport";"May 2, 2026, 18:00:00";"7";"6.6";"0.26";"22.74";"1.82"
"Dulles Airport";"May 2, 2026, 17:00:00";"7";"6.04";"0.27";"23.69";"1.89"
"Dulles Airport";"May 2, 2026, 16:00:00";"7";"4.8";"0.27";"24.64";"1.95"
"Dulles Airport";"May 2, 2026, 15:00:00";"7";"3.68";"0.27";"25.18";"2.56"
"Dulles Airport";"May 2, 2026, 14:00:00";"6";"4.6";"0.26";"25.92";"2.23"
"Dulles Airport";"May 2, 2026, 13:00:00";"7";"6.19";"0.26";"25.58";"1.85"
"Dulles Airport";"May 2, 2026, 12:00:00";"7";"4.74";"0.25";"26.37";"2.2"
"Dulles Airport";"May 2, 2026, 11:00:00";"7";"5.33";"0.25";"27.28";"2.67"
"Dulles Airport";"May 2, 2026, 10:00:00";"7";"6.63";"0.24";"27.21";"2.58"
"Dulles Airport";"May 2, 2026, 09:00:00";"8";"7.92";"0.23";"26.36";"2.55"
"Dulles Airport";"May 2, 2026, 08:00:00";"9";"8.5";"0.23";"25.68";"2.55"
"Dulles Airport";"May 2, 2026, 07:00:00";"9";"8.96";"0.24";"26.51";"0.89"
"Dulles Airport";"May 2, 2026, 06:00:00";"9";"8.54";"0.24";"27.06";"0.71"
"Dulles Airport";"May 2, 2026, 05:00:00";"9";"8.4";"0.24";"28.2";"0.96"
"Dulles Airport";"May 2, 2026, 04:00:00";"8";"8.19";"0.25";"31.31";"1.12"
"Dulles Airport";"May 2, 2026, 03:00:00";"9";"8.89";"0.26";"33.6";"1.35"
"Dulles Airport";"May 2, 2026, 02:00:00";"9";"8.98";"0.26";"33.49";"1.39"
"Dulles Airport";"May 2, 2026, 01:00:00";"9";"8.6";"0.27";"35.69";"0.94"
"Dulles Airport";"May 2, 2026, 00:00:00";"9";"8.56";"0.28";"37.32";"0.98"
"Dulles Airport";"May 1, 2026, 23:00:00";"16";"16.13";"0.3";"36.38";"1.01"
"Dulles Airport";"May 1, 2026, 22:00:00";"12";"12.06";"0.32";"32.07";"1.09"
"Dulles Airport";"May 1, 2026, 21:00:00";"15";"14.87";"0.33";"29.87";"1.14"
"Dulles Airport";"May 1, 2026, 20:00:00";"12";"11.97";"0.31";"28.95";"1.04"
"Dulles Airport";"May 1, 2026, 19:00:00";"9";"9.08";"0.28";"29.98";"0.77"
"Dulles Airport";"May 1, 2026, 18:00:00";"7";"6.33";"0.29";"31.14";"0.81"
"Dulles Airport";"May 1, 2026, 17:00:00";"7";"6.25";"0.29";"32.73";"1.01"
"Dulles Airport";"May 1, 2026, 16:00:00";"6";"4.69";"0.29";"34.34";"0.98"
"Dulles Airport";"May 1, 2026, 15:00:00";"6";"4.07";"0.29";"35.15";"1.01"
"Dulles Airport";"May 1, 2026, 14:00:00";"6";"5.6";"0.3";"38.24";"4.52"
"Dulles Airport";"May 1, 2026, 13:00:00";"6";"4.68";"0.31";"39.02";"1.53"
"Dulles Airport";"May 1, 2026, 12:00:00";"6";"5.42";"0.31";"39.89";"2.8"
"Dulles Airport";"May 1, 2026, 11:00:00";"5";"3.92";"0.31";"42.04";"1.37"
"Dulles Airport";"May 1, 2026, 10:00:00";"8";"8.18";"0.28";"43.36";"1.25"
"Dulles Airport";"May 1, 2026, 09:00:00";"9";"9.08";"0.27";"47.79";"0.97"
"Dulles Airport";"May 1, 2026, 08:00:00";"6";"6.18";"0.24";"48.81";"1.2"
"Dulles Airport";"May 1, 2026, 07:00:00";"6";"5.83";"0.23";"43.69";"1.2"
"Dulles Airport";"May 1, 2026, 06:00:00";"7";"7.17";"0.23";"41.26";"1.04"
"Dulles Airport";"May 1, 2026, 05:00:00";"7";"7.22";"0.22";"39.38";"0.95"
"Dulles Airport";"May 1, 2026, 04:00:00";"7";"6.55";"0.22";"36.55";"1.43"
"Dulles Airport";"May 1, 2026, 03:00:00";"6";"5.59";"0.22";"34.49";"2.53"
"Dulles Airport";"May 1, 2026, 02:00:00";"7";"6.39";"0.23";"33.64";"2.22"
"Dulles Airport";"May 1, 2026, 01:00:00";"10";"5.76";"0.21";"32.15";"1.49"
"Dulles Airport";"May 1, 2026, 00:00:00";"11";"7.2";"0.23";"31.01";"1"
"Dulles Airport";"Apr 30, 2026, 23:00:00";"13";"8.58";"0.24";"30.07";"0.78"
"Dulles Airport";"Apr 30, 2026, 22:00:00";"14";"8.56";"0.24";"29.49";"0.84"
"Dulles Airport";"Apr 30, 2026, 21:00:00";"15";"8.57";"0.25";"30.69";"0.87"
"Dulles Airport";"Apr 30, 2026, 20:00:00";"17";"7.87";"0.27";"33.89";"0.93"
"Dulles Airport";"Apr 30, 2026, 19:00:00";"19";"6.97";"0.28";"36.23";"0.46"
"Dulles Airport";"Apr 30, 2026, 18:00:00";"21";"5.44";"0.28";"38.91";"0.95"
"Dulles Airport";"Apr 30, 2026, 17:00:00";"22";"4.98";"0.27";"37.64";"0.94"
"Dulles Airport";"Apr 30, 2026, 16:00:00";"24";"3.91";"0.26";"39.75";"1.04"
"Dulles Airport";"Apr 30, 2026, 15:00:00";"25";"2.52";"0.27";"43.91";"1.03"
"Dulles Airport";"Apr 30, 2026, 14:00:00";"26";"1.86";"0.27";"51.06";"1.17"
"Dulles Airport";"Apr 30, 2026, 13:00:00";"27";"1.9";"0.27";"57.54";"1.42"
"Dulles Airport";"Apr 30, 2026, 12:00:00";"28";"2.16";"0.27";"69.95";"1.58"
"Dulles Airport";"Apr 30, 2026, 11:00:00";"28";"2.34";"0.29";"87.02";"2.11"
"Dulles Airport";"Apr 30, 2026, 10:00:00";"28";"2.84";"0.29";"115.83";"2.11"
"Dulles Airport";"Apr 30, 2026, 09:00:00";"29";"5.76";"0.29";"141.7";"3.38"
"Dulles Airport";"Apr 30, 2026, 08:00:00";"28";"6.81";"0.28";"138.78";"0"
"Dulles Airport";"Apr 30, 2026, 07:00:00";"27";"4.32";"0.25";"130.55";"0"
"Dulles Airport";"Apr 30, 2026, 06:00:00";"26";"1.83";"0.25";"139.64";"0"
"Dulles Airport";"Apr 30, 2026, 05:00:00";"26";"1.45";"0.26";"154.63";"0"
"Dulles Airport";"Apr 30, 2026, 04:00:00";"25";"1.45";"0.27";"180.21";"0"
"Dulles Airport";"Apr 30, 2026, 03:00:00";"24";"3.03";"0.28";"209.36";"4.17"
"Dulles Airport";"Apr 30, 2026, 02:00:00";"24";"2.39";"0.29";"217.78";"14.93"
"Dulles Airport";"Apr 30, 2026, 01:00:00";"22";"4.72";"0.28";"218.65";"8.3"
"Dulles Airport";"Apr 30, 2026, 00:00:00";"21";"6.24";"0.29";"220.84";"8.38"
"Dulles Airport";"Apr 29, 2026, 23:00:00";"20";"8.68";"0.29";"221.28";"7.61"
"Dulles Airport";"Apr 29, 2026, 22:00:00";"19";"8.04";"0.29";"227.78";"6.95"
"Dulles Airport";"Apr 29, 2026, 21:00:00";"19";"8.39";"0.31";"231.61";"8.29"
"Dulles Airport";"Apr 29, 2026, 20:00:00";"18";"7.56";"0.32";"228.53";"8.19"
"Dulles Airport";"Apr 29, 2026, 19:00:00";"18";"10.1";"0.34";"218.66";"9.54"
"Dulles Airport";"Apr 29, 2026, 18:00:00";"17";"11.4";"0.33";"201.19";"8.59"
"Dulles Airport";"Apr 29, 2026, 17:00:00";"16";"9.64";"0.33";"188.67";"7.34"
"Dulles Airport";"Apr 29, 2026, 16:00:00";"15";"9.41";"0.34";"182.6";"6.75"
"Dulles Airport";"Apr 29, 2026, 15:00:00";"14";"10.01";"0.32";"149.83";"7"
"Dulles Airport";"Apr 29, 2026, 14:00:00";"13";"13.05";"0.34";"132.33";"5.99"
"Dulles Airport";"Apr 29, 2026, 13:00:00";"12";"12.12";"0.33";"112.18";"4.73"
"Dulles Airport";"Apr 29, 2026, 12:00:00";"13";"12.68";"0.32";"92.44";"3.01"
"Dulles Airport";"Apr 29, 2026, 11:00:00";"13";"12.59";"0.3";"83.26";"2.37"
"Dulles Airport";"Apr 29, 2026, 10:00:00";"15";"14.71";"0.31";"84";"3.33"
"Dulles Airport";"Apr 29, 2026, 09:00:00";"11";"9.81";"0.28";"78.59";"1.73"
"Dulles Airport";"Apr 29, 2026, 08:00:00";"11";"10.43";"0.26";"78.13";"1.69"
"Dulles Airport";"Apr 29, 2026, 07:00:00";"11";"8.6";"0.26";"75.72";"1.71"
"Dulles Airport";"Apr 29, 2026, 06:00:00";"11";"6.89";"0.25";"79.5";"1.46"
"Dulles Airport";"Apr 29, 2026, 05:00:00";"11";"5.27";"0.25";"91.96";"1.44"
"Dulles Airport";"Apr 29, 2026, 04:00:00";"10";"5.15";"0.26";"97.69";"1.5"
"Dulles Airport";"Apr 29, 2026, 03:00:00";"10";"4.02";"0.28";"109.84";"1.73"
"Dulles Airport";"Apr 29, 2026, 02:00:00";"10";"5.98";"0.31";"129.57";"3.83"
"Dulles Airport";"Apr 29, 2026, 01:00:00";"10";"9.12";"0.33";"126.25";"3.77"
"Dulles Airport";"Apr 29, 2026, 00:00:00";"26";"26.64";"0.31";"121.34";"4.04"
"Dulles Airport";"Apr 28, 2026, 23:00:00";"13";"13.13";"0.3";"117.39";"3.96"
"Dulles Airport";"Apr 28, 2026, 22:00:00";"9";"8.49";"0.3";"112";"4.14"
"Dulles Airport";"Apr 28, 2026, 21:00:00";"11";"11.04";"0.31";"106.2";"4.49"
"Dulles Airport";"Apr 28, 2026, 20:00:00";"9";"8.71";"0.29";"101.25";"4.2"
"Dulles Airport";"Apr 28, 2026, 19:00:00";"8";"7.9";"0.3";"96.63";"4.02"
"Dulles Airport";"Apr 28, 2026, 18:00:00";"8";"7.96";"0.3";"91.73";"3.09"
"Dulles Airport";"Apr 28, 2026, 17:00:00";"9";"8.46";"0.29";"82.59";"3.11"
"Dulles Airport";"Apr 28, 2026, 16:00:00";"7";"6.83";"0.31";"73.1";"1.62"
"Dulles Airport";"Apr 28, 2026, 15:00:00";"7";"6.98";"0.31";"71.96";"1.25"
"Dulles Airport";"Apr 28, 2026, 14:00:00";"11";"11.15";"0.32";"71.85";"1.25"
"Dulles Airport";"Apr 28, 2026, 13:00:00";"11";"11.12";"0.29";"68.79";"1.01"
"Dulles Airport";"Apr 28, 2026, 12:00:00";"12";"11.77";"0.28";"66.58";"1.08"
"Dulles Airport";"Apr 28, 2026, 11:00:00";"13";"12.62";"0.27";"64.62";"1.21"
"Dulles Airport";"Apr 28, 2026, 10:00:00";"13";"12.62";"0.25";"54.53";"1.5"
"Dulles Airport";"Apr 28, 2026, 09:00:00";"14";"13.81";"0.3";"47.91";"1.52"
"Dulles Airport";"Apr 28, 2026, 08:00:00";"15";"14.95";"0.28";"48.23";"1.37"
"Dulles Airport";"Apr 28, 2026, 07:00:00";"16";"16.01";"0.29";"49.49";"1.4"
"Dulles Airport";"Apr 28, 2026, 06:00:00";"9";"9.05";"0.23";"48.04";"1.31"
"Dulles Airport";"Apr 28, 2026, 05:00:00";"9";"9.2";"0.24";"46.56";"1.19"
"Dulles Airport";"Apr 28, 2026, 04:00:00";"12";"11.65";"0.25";"46.48";"1.37"
"Dulles Airport";"Apr 28, 2026, 03:00:00";"13";"12.61";"0.26";"46.47";"1.49"
"Dulles Airport";"Apr 28, 2026, 02:00:00";"12";"11.97";"0.28";"44.92";"1.41"
"Dulles Airport";"Apr 28, 2026, 01:00:00";"12";"12.45";"0.29";"43.41";"1.66"
"Dulles Airport";"Apr 28, 2026, 00:00:00";"13";"12.68";"0.29";"41.92";"1.54"
"Dulles Airport";"Apr 27, 2026, 23:00:00";"12";"12.27";"0.32";"45.48";"2.79"
"Dulles Airport";"Apr 27, 2026, 22:00:00";"13";"12.54";"0.33";"44.79";"1.64"
"Dulles Airport";"Apr 27, 2026, 21:00:00";"12";"12.47";"0.32";"43.62";"1.82"
"Dulles Airport";"Apr 27, 2026, 20:00:00";"9";"9.09";"0.31";"40.69";"1.57"
"Dulles Airport";"Apr 27, 2026, 19:00:00";"9";"8.38";"0.33";"38.45";"1.97"
"Dulles Airport";"Apr 27, 2026, 18:00:00";"8";"7.36";"0.35";"39.99";"2.72"
"Dulles Airport";"Apr 27, 2026, 17:00:00";"7";"6.49";"0.34";"40.43";"3.02"
"Dulles Airport";"Apr 27, 2026, 16:00:00";"6";"5.27";"0.32";"41.22";"2.29"
"Dulles Airport";"Apr 27, 2026, 15:00:00";"4";"3.77";"0.31";"44.17";"1.75"
"Dulles Airport";"Apr 27, 2026, 14:00:00";"4";"1.54";"0.3";"48.83";"1.41"
"Dulles Airport";"Apr 27, 2026, 13:00:00";"4";"2.71";"0.3";"56.42";"1.69"
"Dulles Airport";"Apr 27, 2026, 12:00:00";"6";"5.33";"0.31";"67.76";"2.18"
"Dulles Airport";"Apr 27, 2026, 11:00:00";"8";"8.07";"0.33";"81.59";"1.94"
"Dulles Airport";"Apr 27, 2026, 10:00:00";"9";"9.33";"0.31";"93.82";"2.16"
"Dulles Airport";"Apr 27, 2026, 09:00:00";"10";"9.74";"0.32";"99.91";"0"
"Dulles Airport";"Apr 27, 2026, 08:00:00";"13";"4.07";"0.28";"63.11";"0"
"Dulles Airport";"Apr 27, 2026, 07:00:00";"12";"1.58";"0.25";"47.94";"0"
"Dulles Airport";"Apr 27, 2026, 06:00:00";"12";"1.25";"0.23";"46.59";"0"
"Dulles Airport";"Apr 27, 2026, 05:00:00";"11";"1.72";"0.24";"49.06";"0"
"Dulles Airport";"Apr 27, 2026, 04:00:00";"11";"2.1";"0.23";"51";"0"
"Dulles Airport";"Apr 27, 2026, 03:00:00";"11";"1.43";"0.23";"51.64";"0"
"Dulles Airport";"Apr 27, 2026, 02:00:00";"11";"2.83";"0.23";"53.54";"15.79"
"Dulles Airport";"Apr 27, 2026, 01:00:00";"8";"3.94";"0.25";"54.77";"10.85"
"Dulles Airport";"Apr 27, 2026, 00:00:00";"7";"6.74";"0.29";"61.86";"5.81"
"Dulles Airport";"Apr 26, 2026, 23:00:00";"7";"7.07";"0.27";"58.71";"1.42"
"Dulles Airport";"Apr 26, 2026, 22:00:00";"8";"7.12";"0.27";"55.69";"1.27"
"Dulles Airport";"Apr 26, 2026, 21:00:00";"9";"7.44";"0.27";"54.7";"1.33"
"Dulles Airport";"Apr 26, 2026, 20:00:00";"10";"7.46";"0.27";"54.65";"1.39"
"Dulles Airport";"Apr 26, 2026, 19:00:00";"11";"7.08";"0.27";"55.61";"1.05"
"Dulles Airport";"Apr 26, 2026, 18:00:00";"12";"6.39";"0.27";"55.71";"1.18"
"Dulles Airport";"Apr 26, 2026, 17:00:00";"13";"6.04";"0.27";"56.01";"1.05"
"Dulles Airport";"Apr 26, 2026, 16:00:00";"14";"5.88";"0.27";"56.72";"0.85"
"Dulles Airport";"Apr 26, 2026, 15:00:00";"15";"5.88";"0.27";"58.69";"1.05"
"Dulles Airport";"Apr 26, 2026, 14:00:00";"16";"6.05";"0.26";"60.05";"2.23"
"Dulles Airport";"Apr 26, 2026, 13:00:00";"17";"5.28";"0.25";"61.2";"2.48"
"Dulles Airport";"Apr 26, 2026, 12:00:00";"18";"5.32";"0.26";"66.4";"1.53"
"Dulles Airport";"Apr 26, 2026, 11:00:00";"19";"5.76";"0.25";"67.3";"1.15"
"Dulles Airport";"Apr 26, 2026, 10:00:00";"20";"5.84";"0.23";"64.58";"1.18"
"Dulles Airport";"Apr 26, 2026, 09:00:00";"21";"5.73";"0.22";"61.2";"0.76"
"Dulles Airport";"Apr 26, 2026, 08:00:00";"22";"5.9";"0.22";"59.94";"0.74"
"Dulles Airport";"Apr 26, 2026, 07:00:00";"23";"6.41";"0.21";"59.64";"0.7"
"Dulles Airport";"Apr 26, 2026, 06:00:00";"23";"5.88";"0.22";"61.24";"0.71"
"Dulles Airport";"Apr 26, 2026, 05:00:00";"24";"5.92";"0.22";"66.58";"1.45"
"Dulles Airport";"Apr 26, 2026, 04:00:00";"24";"5.64";"0.22";"70.07";"0.95"
"Dulles Airport";"Apr 26, 2026, 03:00:00";"25";"6.05";"0.22";"73.93";"0.88"
"Dulles Airport";"Apr 26, 2026, 02:00:00";"25";"5.85";"0.23";"81.13";"1.11"
"Dulles Airport";"Apr 26, 2026, 01:00:00";"26";"6.67";"0.24";"91.01";"2.48"
"Dulles Airport";"Apr 26, 2026, 00:00:00";"27";"7.48";"0.25";"96.48";"9.44"
"Dulles Airport";"Apr 25, 2026, 23:00:00";"26";"6.82";"0.24";"96.18";"5.7"
"Dulles Airport";"Apr 25, 2026, 22:00:00";"26";"6.91";"0.25";"96.7";"6.45"
"Dulles Airport";"Apr 25, 2026, 21:00:00";"25";"5.62";"0.25";"99.78";"7.11"
"Dulles Airport";"Apr 25, 2026, 20:00:00";"25";"7.32";"0.26";"96.16";"7.6"
"Dulles Airport";"Apr 25, 2026, 19:00:00";"24";"6.26";"0.27";"100.26";"7.16"
"Dulles Airport";"Apr 25, 2026, 18:00:00";"23";"6.2";"0.28";"102.39";"8.9"
"Dulles Airport";"Apr 25, 2026, 17:00:00";"22";"6.8";"0.28";"78.5";"6.26"
"Dulles Airport";"Apr 25, 2026, 16:00:00";"22";"5.37";"0.3";"78.29";"6.14"
"Dulles Airport";"Apr 25, 2026, 15:00:00";"22";"4.61";"0.31";"86.68";"7.15"
"Dulles Airport";"Apr 25, 2026, 14:00:00";"22";"4.09";"0.32";"99.91";"7.92"
"Dulles Airport";"Apr 25, 2026, 13:00:00";"22";"4.86";"0.31";"105.92";"7.38"
"Dulles Airport";"Apr 25, 2026, 12:00:00";"21";"5.43";"0.31";"108.27";"7.37"
"Dulles Airport";"Apr 25, 2026, 11:00:00";"21";"6.16";"0.3";"104.53";"7.41"
"Dulles Airport";"Apr 25, 2026, 10:00:00";"20";"6.07";"0.29";"100.36";"6.69"
"Dulles Airport";"Apr 25, 2026, 09:00:00";"19";"5.83";"0.28";"98.91";"5.62"
"Dulles Airport";"Apr 25, 2026, 08:00:00";"19";"6.23";"0.27";"91.08";"5.27"
"Dulles Airport";"Apr 25, 2026, 07:00:00";"19";"6.02";"0.26";"82.26";"4.19"
"Dulles Airport";"Apr 25, 2026, 06:00:00";"19";"5.33";"0.27";"94.72";"4.1"
"Dulles Airport";"Apr 25, 2026, 05:00:00";"19";"6.29";"0.29";"93.32";"3.43"
"Dulles Airport";"Apr 25, 2026, 04:00:00";"19";"5.83";"0.29";"81.96";"3.41"
"Dulles Airport";"Apr 25, 2026, 03:00:00";"19";"5.56";"0.3";"92.23";"3.48"
"Dulles Airport";"Apr 25, 2026, 02:00:00";"20";"5.62";"0.34";"113.4";"5.72"
"Dulles Airport";"Apr 25, 2026, 01:00:00";"19";"4.88";"0.36";"112.76";"6.25"
"Dulles Airport";"Apr 25, 2026, 00:00:00";"19";"6.4";"0.37";"101.05";"5.37"
"Dulles Airport";"Apr 24, 2026, 23:00:00";"19";"6.43";"0.37";"85.11";"4.04"
"Dulles Airport";"Apr 24, 2026, 22:00:00";"18";"5.04";"0.38";"82.88";"3.9"
"Dulles Airport";"Apr 24, 2026, 21:00:00";"18";"5.68";"0.4";"81.31";"3.51"
"Dulles Airport";"Apr 24, 2026, 20:00:00";"18";"7.52";"0.4";"68.46";"3.79"
"Dulles Airport";"Apr 24, 2026, 19:00:00";"18";"6.33";"0.4";"58.04";"3.52"
"Dulles Airport";"Apr 24, 2026, 18:00:00";"18";"3.75";"0.4";"57.95";"4.43"
"Dulles Airport";"Apr 24, 2026, 17:00:00";"17";"5.15";"0.42";"68.98";"5.86"
"Dulles Airport";"Apr 24, 2026, 16:00:00";"17";"3.78";"0.36";"48.77";"6.28"
"Dulles Airport";"Apr 24, 2026, 15:00:00";"16";"0";"0.36";"53.05";"5.52"
"Dulles Airport";"Apr 24, 2026, 14:00:00";"16";"0.52";"0.35";"58.25";"5"
"Dulles Airport";"Apr 24, 2026, 13:00:00";"15";"0.32";"0.35";"64.8";"4"
"Dulles Airport";"Apr 24, 2026, 12:00:00";"15";"1.32";"0.36";"70.31";"4.91"
"Dulles Airport";"Apr 24, 2026, 11:00:00";"15";"1.3";"0.35";"83";"4.15"
"Dulles Airport";"Apr 24, 2026, 10:00:00";"15";"2.84";"0.35";"101.87";"3.17"
"Dulles Airport";"Apr 24, 2026, 09:00:00";"15";"6.3";"0.36";"127.96";"2.58"
"Dulles Airport";"Apr 24, 2026, 08:00:00";"15";"3.82";"0.31";"138.05";"3.55"
"Dulles Airport";"Apr 24, 2026, 07:00:00";"15";"4.53";"0.28";"114";"4.27"
"Dulles Airport";"Apr 24, 2026, 06:00:00";"15";"3.58";"0.27";"105.46";"5.56"
"Dulles Airport";"Apr 24, 2026, 05:00:00";"15";"3.41";"0.28";"105.25";"4.66"
"Dulles Airport";"Apr 24, 2026, 04:00:00";"16";"1.77";"0.28";"100.57";"4.56"
"Dulles Airport";"Apr 24, 2026, 03:00:00";"15";"3.03";"0.3";"92.23";"5.18"
"Dulles Airport";"Apr 24, 2026, 02:00:00";"15";"5.38";"0.33";"87.74";"4.18"
"Dulles Airport";"Apr 24, 2026, 01:00:00";"15";"13.55";"0.35";"82.63";"3.86"
"Dulles Airport";"Apr 24, 2026, 00:00:00";"21";"21.39";"0.38";"80.35";"3.4"
"Dulles Airport";"Apr 23, 2026, 23:00:00";"15";"11.85";"0.36";"71.78";"3.01"
"Dulles Airport";"Apr 23, 2026, 22:00:00";"15";"4.29";"0.35";"64.44";"2.41"
"Dulles Airport";"Apr 23, 2026, 21:00:00";"15";"1.28";"0.35";"64.67";"2.78"
"Dulles Airport";"Apr 23, 2026, 20:00:00";"15";"0.02";"0.39";"65.83";"2.84"
"Dulles Airport";"Apr 23, 2026, 19:00:00";"15";"0.54";"0.35";"46.42";"2.24"
"Dulles Airport";"Apr 23, 2026, 18:00:00";"15";"0";"0.34";"42.1";"2.31"
"Dulles Airport";"Apr 23, 2026, 17:00:00";"15";"0";"0.34";"43.62";"2.72"
"Dulles Airport";"Apr 23, 2026, 16:00:00";"16";"0";"0.34";"46.05";"2.96"
"Dulles Airport";"Apr 23, 2026, 15:00:00";"16";"0";"0.34";"51.64";"3.27"
"Dulles Airport";"Apr 23, 2026, 14:00:00";"16";"0.05";"0.34";"54.11";"3.56"
"Dulles Airport";"Apr 23, 2026, 13:00:00";"16";"0.31";"0.34";"61.76";"3.83"
"Dulles Airport";"Apr 23, 2026, 12:00:00";"16";"0.03";"0.35";"74.13";"3.35"
"Dulles Airport";"Apr 23, 2026, 11:00:00";"16";"2.69";"0.34";"82.91";"2.75"
"Dulles Airport";"Apr 23, 2026, 10:00:00";"16";"6.43";"0.36";"109.23";"2.37"
"Dulles Airport";"Apr 23, 2026, 09:00:00";"16";"9.83";"0.36";"125.97";"2.09"
"Dulles Airport";"Apr 23, 2026, 08:00:00";"16";"5.71";"0.27";"91.7";"5.28"
"Dulles Airport";"Apr 23, 2026, 07:00:00";"16";"4.81";"0.25";"74.98";"5.65"
"Dulles Airport";"Apr 23, 2026, 06:00:00";"15";"5.02";"0.26";"75.58";"5.99"
"Dulles Airport";"Apr 23, 2026, 05:00:00";"14";"3.52";"0.25";"68.78";"6.01"
"Dulles Airport";"Apr 23, 2026, 04:00:00";"14";"3.5";"0.26";"64.22";"4.05"
"Dulles Airport";"Apr 23, 2026, 03:00:00";"13";"4.01";"0.27";"57.15";"3.56"
"Dulles Airport";"Apr 23, 2026, 02:00:00";"13";"1.81";"0.26";"48.69";"3.27"
"Dulles Airport";"Apr 23, 2026, 01:00:00";"13";"4.46";"0.27";"44.67";"3.21"
"Dulles Airport";"Apr 23, 2026, 00:00:00";"13";"4.95";"0.29";"42.08";"3.14"
"Dulles Airport";"Apr 22, 2026, 23:00:00";"13";"6.32";"0.31";"41.3";"3.23"
"Dulles Airport";"Apr 22, 2026, 22:00:00";"13";"6.15";"0.31";"41.07";"3.38"
"Dulles Airport";"Apr 22, 2026, 21:00:00";"13";"5.48";"0.3";"40.25";"3.33"
"Dulles Airport";"Apr 22, 2026, 20:00:00";"12";"3.93";"0.3";"34.47";"2.9"
"Dulles Airport";"Apr 22, 2026, 19:00:00";"12";"1.73";"0.32";"35.1";"2.94"
"Dulles Airport";"Apr 22, 2026, 18:00:00";"12";"2.99";"0.33";"41.91";"3.31"
"Dulles Airport";"Apr 22, 2026, 17:00:00";"12";"3.93";"0.32";"40.32";"3.43"
"Dulles Airport";"Apr 22, 2026, 16:00:00";"12";"2.81";"0.33";"42.12";"3.67"
"Dulles Airport";"Apr 22, 2026, 15:00:00";"11";"2.64";"0.35";"44.04";"3.61"
"Dulles Airport";"Apr 22, 2026, 14:00:00";"11";"10.12";"0.39";"49.8";"4.08"
"Dulles Airport";"Apr 22, 2026, 13:00:00";"13";"12.89";"0.39";"53.74";"3.84"
"Dulles Airport";"Apr 22, 2026, 12:00:00";"17";"16.74";"0.4";"55.17";"3.2"
"Dulles Airport";"Apr 22, 2026, 11:00:00";"18";"18.38";"0.34";"42.6";"3.04"
"Dulles Airport";"Apr 22, 2026, 10:00:00";"19";"19.28";"0.32";"34.78";"3.14"
"Dulles Airport";"Apr 22, 2026, 09:00:00";"11";"11.29";"0.28";"31.86";"3.06"
"Dulles Airport";"Apr 22, 2026, 08:00:00";"15";"15.37";"0.29";"28.63";"2.19"
"Dulles Airport";"Apr 22, 2026, 07:00:00";"16";"16.07";"0.27";"26.16";"2.15"
"Dulles Airport";"Apr 22, 2026, 06:00:00";"11";"10.84";"0.27";"24.94";"2.22"
"Dulles Airport";"Apr 22, 2026, 05:00:00";"11";"9.58";"0.26";"24.16";"2.26"
"Dulles Airport";"Apr 22, 2026, 04:00:00";"12";"8.94";"0.26";"23.84";"2.51"
"Dulles Airport";"Apr 22, 2026, 03:00:00";"12";"10.6";"0.27";"23.99";"2.53"
"Dulles Airport";"Apr 22, 2026, 02:00:00";"13";"13.05";"0.27";"23.75";"2.51"
"Dulles Airport";"Apr 22, 2026, 01:00:00";"13";"12.89";"0.28";"23.98";"2.29"
"Dulles Airport";"Apr 22, 2026, 00:00:00";"15";"14.75";"0.29";"23.66";"2.2"
"Dulles Airport";"Apr 21, 2026, 23:00:00";"12";"12.37";"0.29";"23.1";"2.61"
"Dulles Airport";"Apr 21, 2026, 22:00:00";"11";"10.68";"0.28";"22.59";"2.41"
"Dulles Airport";"Apr 21, 2026, 21:00:00";"12";"11.97";"0.3";"21.72";"1.81"
"Dulles Airport";"Apr 21, 2026, 20:00:00";"12";"11.75";"0.29";"21.24";"2.18"
"Dulles Airport";"Apr 21, 2026, 19:00:00";"11";"8.62";"0.29";"22.14";"1.76"
"Dulles Airport";"Apr 21, 2026, 18:00:00";"11";"4.98";"0.29";"22.81";"1.93"
"Dulles Airport";"Apr 21, 2026, 17:00:00";"11";"4.51";"0.29";"23.32";"2.17"
"Dulles Airport";"Apr 21, 2026, 16:00:00";"11";"4.31";"0.28";"23.28";"2.49"
"Dulles Airport";"Apr 21, 2026, 15:00:00";"11";"3.91";"0.29";"23.34";"2.9"
"Dulles Airport";"Apr 21, 2026, 14:00:00";"11";"3.8";"0.28";"23.32";"2.68"
"Dulles Airport";"Apr 21, 2026, 13:00:00";"10";"2.98";"0.27";"23.22";"2.74"
"Dulles Airport";"Apr 21, 2026, 12:00:00";"10";"3.11";"0.27";"23.65";"2.47"
"Dulles Airport";"Apr 21, 2026, 11:00:00";"10";"9.22";"0.31";"24.83";"2.73"
"Dulles Airport";"Apr 21, 2026, 10:00:00";"10";"9.6";"0.29";"25.89";"2.65"
"Dulles Airport";"Apr 21, 2026, 09:00:00";"18";"18.05";"0.34";"29.76";"4.25"
"Dulles Airport";"Apr 21, 2026, 08:00:00";"10";"0";"0";"0";"3.52"
"Dulles Airport";"Apr 21, 2026, 07:00:00";"10";"9.53";"0.05";"21.13";"3.17"
"Dulles Airport";"Apr 21, 2026, 06:00:00";"9";"6.06";"0.03";"20.67";"3.19"
"Dulles Airport";"Apr 21, 2026, 05:00:00";"9";"7.89";"0.04";"20.34";"3.78"
"Dulles Airport";"Apr 21, 2026, 04:00:00";"11";"10.85";"0.05";"19.75";"3.81"
"Dulles Airport";"Apr 21, 2026, 03:00:00";"10";"9.55";"0.05";"17.92";"3.17"
"Dulles Airport";"Apr 21, 2026, 02:00:00";"8";"8.07";"0.05";"16.48";"2.14"
"Dulles Airport";"Apr 21, 2026, 01:00:00";"8";"7.64";"0.06";"16.21";"1.92"
"Dulles Airport";"Apr 21, 2026, 00:00:00";"9";"8.69";"0.09";"14.63";"1.41"
"Dulles Airport";"Apr 20, 2026, 23:00:00";"9";"9.21";"0.1";"14.72";"1.7"
"Dulles Airport";"Apr 20, 2026, 22:00:00";"8";"8.08";"0.11";"14.24";"1.65"
"Dulles Airport";"Apr 20, 2026, 21:00:00";"8";"7.72";"0.13";"14.37";"1.64"
"Dulles Airport";"Apr 20, 2026, 20:00:00";"8";"6.83";"0.15";"14.87";"1.59"
"Dulles Airport";"Apr 20, 2026, 19:00:00";"8";"5.31";"0.17";"16.13";"1.64"
"Dulles Airport";"Apr 20, 2026, 18:00:00";"8";"4.98";"0.18";"16.82";"1.69"
"Dulles Airport";"Apr 20, 2026, 17:00:00";"9";"4.11";"0.18";"18.16";"1.49"
"Dulles Airport";"Apr 20, 2026, 16:00:00";"9";"4.19";"0.18";"19.22";"1.23"
"Dulles Airport";"Apr 20, 2026, 15:00:00";"9";"3.78";"0.19";"21.55";"1.84"
"Dulles Airport";"Apr 20, 2026, 14:00:00";"9";"3.65";"0.2";"25.25";"1.46"
"Dulles Airport";"Apr 20, 2026, 13:00:00";"9";"5.11";"0.18";"27.39";"1.72"
"Dulles Airport";"Apr 20, 2026, 12:00:00";"9";"5.96";"0.18";"30.5";"1.95"
"Dulles Airport";"Apr 20, 2026, 11:00:00";"9";"8.63";"0.14";"29.74";"2.18"
"Dulles Airport";"Apr 20, 2026, 10:00:00";"9";"5.33";"0.17";"30.8";"2.21"
"Dulles Airport";"Apr 20, 2026, 09:00:00";"9";"6.29";"0.14";"31.35";"2.03"
"Dulles Airport";"Apr 20, 2026, 08:00:00";"9";"6.53";"0.14";"31.18";"1.83"
"Dulles Airport";"Apr 20, 2026, 07:00:00";"8";"6.3";"0.14";"31.87";"1.47"
"Dulles Airport";"Apr 20, 2026, 06:00:00";"8";"5.57";"0.13";"32.56";"1.37"
"Dulles Airport";"Apr 20, 2026, 05:00:00";"9";"5.02";"0.12";"34.78";"1.35"
"Dulles Airport";"Apr 20, 2026, 04:00:00";"10";"4.98";"0.11";"37.39";"1.91"
"Dulles Airport";"Apr 20, 2026, 03:00:00";"11";"5.17";"0.12";"35.21";"2.06"
"Dulles Airport";"Apr 20, 2026, 02:00:00";"11";"5.95";"0.1";"31.8";"2.64"
"Dulles Airport";"Apr 20, 2026, 01:00:00";"12";"5.75";"0.08";"27.36";"3.09"
"Dulles Airport";"Apr 20, 2026, 00:00:00";"13";"5.65";"0.07";"24.53";"3.29"
"Dulles Airport";"Apr 19, 2026, 23:00:00";"13";"6.27";"0.09";"22.31";"2.29"
"Dulles Airport";"Apr 19, 2026, 22:00:00";"13";"3.96";"0.11";"22.29";"2.06"
"Dulles Airport";"Apr 19, 2026, 21:00:00";"14";"4.81";"0.15";"20.1";"1.55"
"Dulles Airport";"Apr 19, 2026, 20:00:00";"14";"3.5";"0.17";"19.95";"1.57"
"Dulles Airport";"Apr 19, 2026, 19:00:00";"15";"2.16";"0.18";"21.72";"1.8"
"Dulles Airport";"Apr 19, 2026, 18:00:00";"15";"0.72";"0.19";"25";"2.12"
"Dulles Airport";"Apr 19, 2026, 17:00:00";"16";"1.18";"0.2";"30.37";"2.04"
"Dulles Airport";"Apr 19, 2026, 16:00:00";"16";"0.58";"0.2";"36.38";"2.05"
"Dulles Airport";"Apr 19, 2026, 15:00:00";"16";"0.8";"0.21";"49.55";"2.09"
"Dulles Airport";"Apr 19, 2026, 14:00:00";"16";"2.41";"0.2";"71.53";"1.31"
"Dulles Airport";"Apr 19, 2026, 13:00:00";"17";"3.75";"0.16";"73.42";"1.28"
"Dulles Airport";"Apr 19, 2026, 12:00:00";"17";"4.03";"0.16";"82.46";"1.65"
"Dulles Airport";"Apr 19, 2026, 11:00:00";"17";"4.12";"0.15";"79.3";"1.79"
"Dulles Airport";"Apr 19, 2026, 10:00:00";"17";"4.16";"0.15";"79.08";"2.12"
"Dulles Airport";"Apr 19, 2026, 09:00:00";"17";"3.73";"0.15";"72.1";"1.78"
"Dulles Airport";"Apr 19, 2026, 08:00:00";"17";"2.42";"0.16";"69.19";"1.01"
"Dulles Airport";"Apr 19, 2026, 07:00:00";"18";"2.14";"0.18";"100.09";"0.88"
"Dulles Airport";"Apr 19, 2026, 06:00:00";"19";"1.34";"0.26";"161.66";"4.48"
"Dulles Airport";"Apr 19, 2026, 05:00:00";"19";"1.49";"0.3";"180.45";"6.39"
"Dulles Airport";"Apr 19, 2026, 04:00:00";"18";"3.88";"0.31";"168.25";"6.63"
"Dulles Airport";"Apr 19, 2026, 03:00:00";"18";"6.12";"0.32";"170.88";"6.24"
"Dulles Airport";"Apr 19, 2026, 02:00:00";"17";"2.13";"0.31";"161.18";"7.33"
"Dulles Airport";"Apr 19, 2026, 01:00:00";"16";"3.25";"0.32";"127.61";"5.56"
"Dulles Airport";"Apr 19, 2026, 00:00:00";"16";"7.04";"0.32";"111.14";"5.21"
"Dulles Airport";"Apr 18, 2026, 23:00:00";"15";"5.26";"0.31";"94.87";"4.71"
"Dulles Airport";"Apr 18, 2026, 22:00:00";"14";"2.71";"0.33";"88.89";"4.95"
"Dulles Airport";"Apr 18, 2026, 21:00:00";"14";"2.49";"0.34";"82.88";"4.73"
"Dulles Airport";"Apr 18, 2026, 20:00:00";"13";"0.75";"0.35";"76.93";"4.68"
"Dulles Airport";"Apr 18, 2026, 19:00:00";"13";"0";"0.35";"77.92";"4.9"
"Dulles Airport";"Apr 18, 2026, 18:00:00";"12";"0";"0.37";"80.99";"4.8"
"Dulles Airport";"Apr 18, 2026, 17:00:00";"11";"0";"0.37";"77.03";"4.35"
"Dulles Airport";"Apr 18, 2026, 16:00:00";"11";"0";"0.33";"62.78";"2.88"
"Dulles Airport";"Apr 18, 2026, 15:00:00";"11";"0";"0.32";"63.47";"2.17"
"Dulles Airport";"Apr 18, 2026, 14:00:00";"11";"0.42";"0.32";"67.78";"2.02"
"Dulles Airport";"Apr 18, 2026, 13:00:00";"11";"0";"0.32";"77.16";"1.86"
"Dulles Airport";"Apr 18, 2026, 12:00:00";"11";"0";"0.39";"101.36";"2.13"
"Dulles Airport";"Apr 18, 2026, 11:00:00";"11";"2.12";"0.43";"135.69";"2.29"
"Dulles Airport";"Apr 18, 2026, 10:00:00";"11";"7.99";"0.41";"172.86";"2.57"
"Dulles Airport";"Apr 18, 2026, 09:00:00";"12";"11.67";"0.35";"189.76";"2.73"
"Dulles Airport";"Apr 18, 2026, 08:00:00";"11";"1.77";"0.2";"129.96";"4.88"
"Dulles Airport";"Apr 18, 2026, 07:00:00";"10";"0.55";"0.16";"103.97";"5.44"
"Dulles Airport";"Apr 18, 2026, 06:00:00";"10";"0.46";"0.17";"104.23";"4.81"
"Dulles Airport";"Apr 18, 2026, 05:00:00";"9";"0.65";"0.18";"101.15";"3.86"
"Dulles Airport";"Apr 18, 2026, 04:00:00";"9";"2.65";"0.21";"97.77";"3.67"
"Dulles Airport";"Apr 18, 2026, 03:00:00";"9";"2.3";"0.21";"87.02";"2.87"
"Dulles Airport";"Apr 18, 2026, 02:00:00";"9";"4";"0.25";"78.75";"2.36"
"Dulles Airport";"Apr 18, 2026, 01:00:00";"9";"6.44";"0.25";"69.78";"1.86"
"Dulles Airport";"Apr 18, 2026, 00:00:00";"9";"3.67";"0.24";"61.27";"1.72"
"Dulles Airport";"Apr 17, 2026, 23:00:00";"10";"1.93";"0.27";"58.16";"1.45"
"Dulles Airport";"Apr 17, 2026, 22:00:00";"10";"0.41";"0.3";"57.91";"1.25"
"Dulles Airport";"Apr 17, 2026, 21:00:00";"11";"1.11";"0.3";"44.87";"1.21"
"Dulles Airport";"Apr 17, 2026, 20:00:00";"11";"0.78";"0.3";"35.54";"1.08"
"Dulles Airport";"Apr 17, 2026, 19:00:00";"12";"0.08";"0.31";"38.79";"1.38"
"Dulles Airport";"Apr 17, 2026, 18:00:00";"12";"0.04";"0.32";"41.74";"1.6"
"Dulles Airport";"Apr 17, 2026, 17:00:00";"13";"0";"0.31";"41.68";"1.66"
"Dulles Airport";"Apr 17, 2026, 16:00:00";"14";"0.67";"0.31";"43.31";"2.17"
"Dulles Airport";"Apr 17, 2026, 15:00:00";"14";"0.02";"0.3";"41.74";"1.98"
"Dulles Airport";"Apr 17, 2026, 14:00:00";"14";"0";"0.3";"42.82";"1.52"
"Dulles Airport";"Apr 17, 2026, 13:00:00";"15";"0";"0.29";"45.93";"2.08"
"Dulles Airport";"Apr 17, 2026, 12:00:00";"15";"0";"0.3";"54.93";"2.35"
"Dulles Airport";"Apr 17, 2026, 11:00:00";"16";"0.13";"0.31";"64.49";"2.59"
"Dulles Airport";"Apr 17, 2026, 10:00:00";"16";"0.37";"0.3";"77.98";"2.33"
"Dulles Airport";"Apr 17, 2026, 09:00:00";"17";"3.07";"0.31";"95.23";"2.19"
"Dulles Airport";"Apr 17, 2026, 08:00:00";"17";"3.3";"0.29";"89.7";"2.31"
"Dulles Airport";"Apr 17, 2026, 07:00:00";"17";"0.92";"0.26";"89.71";"3.21"
"Dulles Airport";"Apr 17, 2026, 06:00:00";"17";"0.75";"0.3";"88.18";"3.16"
"Dulles Airport";"Apr 17, 2026, 05:00:00";"17";"0.74";"0.31";"83.43";"2.87"
"Dulles Airport";"Apr 17, 2026, 04:00:00";"18";"0.25";"0.31";"74.97";"2.91"
"Dulles Airport";"Apr 17, 2026, 03:00:00";"18";"0.05";"0.32";"68.05";"2.47"
"Dulles Airport";"Apr 17, 2026, 02:00:00";"18";"0";"0.32";"62.77";"2.47"
"Dulles Airport";"Apr 17, 2026, 01:00:00";"18";"0";"0.33";"52.03";"2.25"
"Dulles Airport";"Apr 17, 2026, 00:00:00";"18";"0";"0.34";"43.42";"3.64"
"Dulles Airport";"Apr 16, 2026, 23:00:00";"18";"0.84";"0.34";"39.22";"4.36"
"Dulles Airport";"Apr 16, 2026, 22:00:00";"18";"8.65";"0.34";"38.92";"4.49"
"Dulles Airport";"Apr 16, 2026, 21:00:00";"18";"14.02";"0.36";"40.62";"4.69"
"Dulles Airport";"Apr 16, 2026, 20:00:00";"18";"6.38";"0.37";"43.76";"4.79"
"Dulles Airport";"Apr 16, 2026, 19:00:00";"18";"7.81";"0.37";"45.59";"4.98"
"Dulles Airport";"Apr 16, 2026, 18:00:00";"17";"2.37";"0.35";"47.58";"4.69"
"Dulles Airport";"Apr 16, 2026, 17:00:00";"17";"0";"0.36";"54.51";"4.74"
"Dulles Airport";"Apr 16, 2026, 16:00:00";"17";"0";"0.36";"62.02";"4.52"
"Dulles Airport";"Apr 16, 2026, 15:00:00";"17";"0";"0.38";"67.58";"4.13"
"Dulles Airport";"Apr 16, 2026, 14:00:00";"17";"0";"0.38";"74.14";"4.09"
"Dulles Airport";"Apr 16, 2026, 13:00:00";"17";"1.69";"0.44";"80.82";"5.08"
"Dulles Airport";"Apr 16, 2026, 12:00:00";"17";"0";"0.37";"75.57";"4.37"
"Dulles Airport";"Apr 16, 2026, 11:00:00";"17";"7.09";"0.48";"96.19";"6.69"
"Dulles Airport";"Apr 16, 2026, 10:00:00";"16";"12.79";"0.41";"108.53";"5.07"
"Dulles Airport";"Apr 16, 2026, 09:00:00";"18";"18.45";"0.36";"132.35";"3.86"
"Dulles Airport";"Apr 16, 2026, 08:00:00";"16";"7.79";"0.28";"114.28";"3.46"
"Dulles Airport";"Apr 16, 2026, 07:00:00";"16";"5.47";"0.25";"93.95";"3.82"
"Dulles Airport";"Apr 16, 2026, 06:00:00";"16";"2.12";"0.24";"84.73";"3.31"
"Dulles Airport";"Apr 16, 2026, 05:00:00";"17";"2.78";"0.26";"80.91";"3.35"
"Dulles Airport";"Apr 16, 2026, 04:00:00";"17";"7.31";"0.28";"77.16";"3.31"
"Dulles Airport";"Apr 16, 2026, 03:00:00";"17";"5.31";"0.31";"78.83";"2.94"
"Dulles Airport";"Apr 16, 2026, 02:00:00";"17";"5.16";"0.32";"79.15";"3.02"
"Dulles Airport";"Apr 16, 2026, 01:00:00";"17";"4.7";"0.31";"76.41";"3.13"
"Dulles Airport";"Apr 16, 2026, 00:00:00";"17";"7.33";"0.32";"62.53";"3.42"
"Dulles Airport";"Apr 15, 2026, 23:00:00";"17";"7.04";"0.34";"64.26";"3.74"
"Dulles Airport";"Apr 15, 2026, 22:00:00";"32";"32.39";"0.4";"67.4";"4.05"
"Dulles Airport";"Apr 15, 2026, 21:00:00";"24";"24.16";"0.38";"64.6";"4.75"
"Dulles Airport";"Apr 15, 2026, 20:00:00";"16";"11.48";"0.4";"64.76";"3.97"
"Dulles Airport";"Apr 15, 2026, 19:00:00";"16";"0.68";"0.35";"61.53";"3.58"
"Dulles Airport";"Apr 15, 2026, 18:00:00";"16";"0";"0.34";"66.32";"3.92"
"Dulles Airport";"Apr 15, 2026, 17:00:00";"16";"0";"0.34";"72.19";"4.06"
"Dulles Airport";"Apr 15, 2026, 16:00:00";"16";"0";"0.34";"76.48";"3.66"
"Dulles Airport";"Apr 15, 2026, 15:00:00";"16";"0";"0.32";"78.43";"4"
"Dulles Airport";"Apr 15, 2026, 14:00:00";"16";"0";"0.31";"86.5";"3.68"
"Dulles Airport";"Apr 15, 2026, 13:00:00";"16";"0";"0.3";"93.83";"3.83"
"Dulles Airport";"Apr 15, 2026, 12:00:00";"16";"0";"0.3";"108.66";"3.87"
"Dulles Airport";"Apr 15, 2026, 11:00:00";"16";"1.3";"0.38";"184";"3.73"
"Dulles Airport";"Apr 15, 2026, 10:00:00";"16";"10.04";"0.43";"250.17";"3.49"
"Dulles Airport";"Apr 15, 2026, 09:00:00";"16";"13.28";"0.36";"259.98";"3.69"
"Dulles Airport";"Apr 15, 2026, 08:00:00";"16";"6.29";"0.25";"216.01";"5.34"
"Dulles Airport";"Apr 15, 2026, 07:00:00";"16";"2.98";"0.2";"177.3";"6.17"
"Dulles Airport";"Apr 15, 2026, 06:00:00";"16";"2.42";"0.21";"170.59";"0"
"Dulles Airport";"Apr 15, 2026, 05:00:00";"16";"2.45";"0.22";"174.23";"0"
"Dulles Airport";"Apr 15, 2026, 04:00:00";"16";"5.99";"0.24";"170.46";"4.7"
"Dulles Airport";"Apr 15, 2026, 03:00:00";"16";"10.36";"0.29";"173.36";"3.56"
"Dulles Airport";"Apr 15, 2026, 02:00:00";"16";"6.23";"0.32";"149.22";"2.65"
"Dulles Airport";"Apr 15, 2026, 01:00:00";"16";"2.36";"0.31";"137.54";"2.09"
"Dulles Airport";"Apr 15, 2026, 00:00:00";"16";"4.27";"0.32";"117.77";"1.99"
"Dulles Airport";"Apr 14, 2026, 23:00:00";"17";"3.85";"0.33";"87.39";"2.4"
"Dulles Airport";"Apr 14, 2026, 22:00:00";"17";"6.81";"0.33";"67.36";"3.79"
"Dulles Airport";"Apr 14, 2026, 21:00:00";"17";"11.71";"0.33";"65.28";"4.52"
"Dulles Airport";"Apr 14, 2026, 20:00:00";"17";"4.71";"0.34";"64.76";"4.46"
"Dulles Airport";"Apr 14, 2026, 19:00:00";"17";"2.1";"0.34";"65.24";"4.14"
"Dulles Airport";"Apr 14, 2026, 18:00:00";"17";"0.38";"0.34";"66.36";"3.83"
"Dulles Airport";"Apr 14, 2026, 17:00:00";"17";"0";"0.33";"68.89";"3.52"
"Dulles Airport";"Apr 14, 2026, 16:00:00";"17";"0";"0.32";"69.17";"3.14"
"Dulles Airport";"Apr 14, 2026, 15:00:00";"18";"0";"0.31";"69.34";"3.12"
"Dulles Airport";"Apr 14, 2026, 14:00:00";"18";"0";"0.3";"70.85";"2.91"
"Dulles Airport";"Apr 14, 2026, 13:00:00";"19";"0";"0.29";"74.87";"3.05"
"Dulles Airport";"Apr 14, 2026, 12:00:00";"19";"0";"0.31";"88.53";"3.03"
"Dulles Airport";"Apr 14, 2026, 11:00:00";"20";"5.31";"0.4";"124.3";"4.49"
"Dulles Airport";"Apr 14, 2026, 10:00:00";"26";"26.76";"0.49";"150.32";"5.27"
"Dulles Airport";"Apr 14, 2026, 09:00:00";"23";"23.52";"0.44";"159.84";"4.39"
"Dulles Airport";"Apr 14, 2026, 08:00:00";"21";"15.1";"0.28";"135.47";"4.49"
"Dulles Airport";"Apr 14, 2026, 07:00:00";"21";"6.77";"0.2";"117.7";"4.15"
"Dulles Airport";"Apr 14, 2026, 06:00:00";"21";"4.75";"0.19";"108.01";"4.55"
"Dulles Airport";"Apr 14, 2026, 05:00:00";"21";"4.95";"0.19";"99.05";"4.28"
"Dulles Airport";"Apr 14, 2026, 04:00:00";"21";"5.97";"0.22";"95.27";"4.25"
"Dulles Airport";"Apr 14, 2026, 03:00:00";"20";"6.9";"0.22";"89.9";"3.67"
"Dulles Airport";"Apr 14, 2026, 02:00:00";"20";"9.9";"0.26";"88.76";"3.93"
"Dulles Airport";"Apr 14, 2026, 01:00:00";"20";"9.79";"0.29";"82.47";"3.68"
"Dulles Airport";"Apr 14, 2026, 00:00:00";"26";"26.75";"0.3";"77.77";"3.74"
"Dulles Airport";"Apr 13, 2026, 23:00:00";"20";"11.99";"0.3";"73.04";"3.83"
"Dulles Airport";"Apr 13, 2026, 22:00:00";"19";"9.43";"0.31";"68.32";"3.85"
"Dulles Airport";"Apr 13, 2026, 21:00:00";"19";"10.65";"0.31";"65.24";"4.02"
"Dulles Airport";"Apr 13, 2026, 20:00:00";"18";"8.5";"0.31";"63.58";"4.44"
"Dulles Airport";"Apr 13, 2026, 19:00:00";"18";"5.15";"0.32";"64.3";"4.92"
"Dulles Airport";"Apr 13, 2026, 18:00:00";"17";"3.7";"0.32";"68.47";"4.91"
"Dulles Airport";"Apr 13, 2026, 17:00:00";"17";"4.94";"0.33";"73.26";"5.16"
"Dulles Airport";"Apr 13, 2026, 16:00:00";"16";"3.71";"0.32";"73.43";"6.03"
"Dulles Airport";"Apr 13, 2026, 15:00:00";"16";"1.55";"0.32";"79.73";"6.34"
"Dulles Airport";"Apr 13, 2026, 14:00:00";"15";"1.52";"0.33";"94.54";"6.06"
"Dulles Airport";"Apr 13, 2026, 13:00:00";"14";"5.18";"0.33";"116.19";"5.6"
"Dulles Airport";"Apr 13, 2026, 12:00:00";"13";"5.36";"0.32";"109.51";"6.49"
"Dulles Airport";"Apr 13, 2026, 11:00:00";"13";"3.65";"0.34";"124.05";"6.88"
"Dulles Airport";"Apr 13, 2026, 10:00:00";"12";"5.42";"0.34";"145.83";"5.99"
"Dulles Airport";"Apr 13, 2026, 09:00:00";"12";"7.41";"0.33";"165.64";"5.43"
"Dulles Airport";"Apr 13, 2026, 08:00:00";"11";"10.54";"0.3";"174.2";"4.55"
"Dulles Airport";"Apr 13, 2026, 07:00:00";"13";"12.64";"0.27";"160.41";"4.37"
"Dulles Airport";"Apr 13, 2026, 06:00:00";"14";"14.08";"0.26";"140.73";"4.12"
"Dulles Airport";"Apr 13, 2026, 05:00:00";"11";"10.35";"0.25";"117.23";"3.1"
"Dulles Airport";"Apr 13, 2026, 04:00:00";"11";"9.65";"0.23";"98.36";"3.09"
"Dulles Airport";"Apr 13, 2026, 03:00:00";"12";"12.07";"0.24";"87.47";"3"
"Dulles Airport";"Apr 13, 2026, 02:00:00";"12";"10.4";"0.24";"69.15";"2.67"
"Dulles Airport";"Apr 13, 2026, 01:00:00";"12";"11.43";"0.24";"56.68";"2.63"
"Dulles Airport";"Apr 13, 2026, 00:00:00";"13";"12.97";"0.26";"48.43";"2.3"
"Dulles Airport";"Apr 12, 2026, 23:00:00";"15";"15.22";"0.27";"43.29";"1.93"
"Dulles Airport";"Apr 12, 2026, 22:00:00";"16";"15.99";"0.27";"36.92";"1.78"
"Dulles Airport";"Apr 12, 2026, 21:00:00";"12";"10.18";"0.26";"34.01";"1.71"
"Dulles Airport";"Apr 12, 2026, 20:00:00";"12";"11.52";"0.28";"35.37";"1.62"
"Dulles Airport";"Apr 12, 2026, 19:00:00";"12";"11.98";"0.3";"35.29";"1.74"
"Dulles Airport";"Apr 12, 2026, 18:00:00";"12";"5.94";"0.3";"36.95";"1.91"
"Dulles Airport";"Apr 12, 2026, 17:00:00";"12";"3.34";"0.3";"35.95";"1.83"
"Dulles Airport";"Apr 12, 2026, 16:00:00";"12";"2.48";"0.3";"35.35";"1.65"
"Dulles Airport";"Apr 12, 2026, 15:00:00";"12";"1.66";"0.3";"37.42";"1.75"
"Dulles Airport";"Apr 12, 2026, 14:00:00";"12";"2.73";"0.3";"41.35";"2.01"
"Dulles Airport";"Apr 12, 2026, 13:00:00";"12";"2.53";"0.29";"46.75";"2.2"
"Dulles Airport";"Apr 12, 2026, 12:00:00";"12";"3.03";"0.3";"53.11";"2.43"
"Dulles Airport";"Apr 12, 2026, 11:00:00";"13";"6.02";"0.3";"59.76";"2.72"
"Dulles Airport";"Apr 12, 2026, 10:00:00";"13";"8.69";"0.26";"57.48";"2.83"
"Dulles Airport";"Apr 12, 2026, 09:00:00";"13";"9.81";"0.24";"52.68";"2.78"
"Dulles Airport";"Apr 12, 2026, 08:00:00";"13";"11.62";"0.23";"51.22";"3.25"
"Dulles Airport";"Apr 12, 2026, 07:00:00";"12";"9.32";"0.16";"47.8";"4.77"
"Dulles Airport";"Apr 12, 2026, 06:00:00";"12";"10.65";"0.13";"44.05";"4.9"
"Dulles Airport";"Apr 12, 2026, 05:00:00";"15";"15.58";"0.16";"38.93";"5.05"
"Dulles Airport";"Apr 12, 2026, 04:00:00";"14";"13.57";"0.12";"35.75";"4.37"
"Dulles Airport";"Apr 12, 2026, 03:00:00";"13";"13.46";"0.13";"35.43";"4"
"Dulles Airport";"Apr 12, 2026, 02:00:00";"14";"14.32";"0.16";"34.15";"3.33"
"Dulles Airport";"Apr 12, 2026, 01:00:00";"12";"11.03";"0.14";"31.15";"2.69"
"Dulles Airport";"Apr 12, 2026, 00:00:00";"13";"9.99";"0.13";"28.62";"2.37"
"Dulles Airport";"Apr 11, 2026, 23:00:00";"13";"9.31";"0.16";"27.3";"1.97"
"Dulles Airport";"Apr 11, 2026, 22:00:00";"13";"5.23";"0.2";"28.94";"2.08"
"Dulles Airport";"Apr 11, 2026, 21:00:00";"14";"5.08";"0.24";"29.46";"1.89"
"Dulles Airport";"Apr 11, 2026, 20:00:00";"14";"4.89";"0.26";"25.98";"1.54"
"Dulles Airport";"Apr 11, 2026, 19:00:00";"15";"3.94";"0.26";"23.33";"1.46"
"Dulles Airport";"Apr 11, 2026, 18:00:00";"15";"2.76";"0.25";"22.54";"1.8"
"Dulles Airport";"Apr 11, 2026, 17:00:00";"16";"1.83";"0.25";"22.82";"1.85"
"Dulles Airport";"Apr 11, 2026, 16:00:00";"16";"1.2";"0.25";"24.71";"2.24"
"Dulles Airport";"Apr 11, 2026, 15:00:00";"16";"1.36";"0.26";"29.28";"2.38"
"Dulles Airport";"Apr 11, 2026, 14:00:00";"17";"2.19";"0.26";"32.74";"2.68"
"Dulles Airport";"Apr 11, 2026, 13:00:00";"17";"2.44";"0.25";"35.74";"3.24"
"Dulles Airport";"Apr 11, 2026, 12:00:00";"17";"4.14";"0.25";"42.23";"3.13"
"Dulles Airport";"Apr 11, 2026, 11:00:00";"18";"4.64";"0.24";"49.38";"2.7"
"Dulles Airport";"Apr 11, 2026, 10:00:00";"19";"5.65";"0.23";"57.09";"3.02"
"Dulles Airport";"Apr 11, 2026, 09:00:00";"20";"6.15";"0.25";"71.18";"2.89"
"Dulles Airport";"Apr 11, 2026, 08:00:00";"21";"7.11";"0.26";"89.39";"2.37"
"Dulles Airport";"Apr 11, 2026, 07:00:00";"22";"7.22";"0.24";"81.44";"3.02"
"Dulles Airport";"Apr 11, 2026, 06:00:00";"23";"5.9";"0.26";"73.66";"3.84"
"Dulles Airport";"Apr 11, 2026, 05:00:00";"24";"6.48";"0.27";"65.72";"4.26"
"Dulles Airport";"Apr 11, 2026, 04:00:00";"24";"6.48";"0.29";"59.47";"4.84"
"Dulles Airport";"Apr 11, 2026, 03:00:00";"25";"6.2";"0.29";"52.88";"5.36"
"Dulles Airport";"Apr 11, 2026, 02:00:00";"25";"6.74";"0.26";"42.24";"4.84"
"Dulles Airport";"Apr 11, 2026, 01:00:00";"25";"8.16";"0.25";"37.24";"3.91"
"Dulles Airport";"Apr 11, 2026, 00:00:00";"33";"34.14";"0.27";"37.98";"3.95"
"Dulles Airport";"Apr 10, 2026, 23:00:00";"26";"24.63";"0.3";"38";"4.59"
"Dulles Airport";"Apr 10, 2026, 22:00:00";"26";"12.88";"0.32";"38.75";"5.07"
"Dulles Airport";"Apr 10, 2026, 21:00:00";"26";"12.58";"0.33";"36.53";"4.52"
"Dulles Airport";"Apr 10, 2026, 20:00:00";"28";"12.23";"0.33";"30.74";"4.44"
"Dulles Airport";"Apr 10, 2026, 19:00:00";"28";"10.41";"0.33";"27.91";"4.05"
"Dulles Airport";"Apr 10, 2026, 18:00:00";"28";"3.52";"0.3";"30.74";"3.57"
"Dulles Airport";"Apr 10, 2026, 17:00:00";"28";"0.13";"0.3";"34.81";"3.92"
"Dulles Airport";"Apr 10, 2026, 16:00:00";"27";"0.19";"0.3";"37.3";"4.18"
"Dulles Airport";"Apr 10, 2026, 15:00:00";"27";"1.34";"0.3";"42.03";"4.28"
"Dulles Airport";"Apr 10, 2026, 14:00:00";"27";"5.88";"0.31";"47.29";"5.31"
"Dulles Airport";"Apr 10, 2026, 13:00:00";"27";"5.98";"0.31";"53.35";"5.71"
"Dulles Airport";"Apr 10, 2026, 12:00:00";"26";"8.47";"0.29";"60.15";"6.65"
"Dulles Airport";"Apr 10, 2026, 11:00:00";"26";"14.35";"0.26";"68.82";"7.65"
"Dulles Airport";"Apr 10, 2026, 10:00:00";"26";"19.32";"0.18";"64.9";"7.76"
"Dulles Airport";"Apr 10, 2026, 09:00:00";"25";"17.86";"0.16";"60.84";"7.37"
"Dulles Airport";"Apr 10, 2026, 08:00:00";"25";"24.05";"0.17";"51.62";"10.17"
"Dulles Airport";"Apr 10, 2026, 07:00:00";"24";"15.27";"0.12";"47.27";"8.81"
"Dulles Airport";"Apr 10, 2026, 06:00:00";"24";"10.76";"0.08";"42.92";"7.84"
"Dulles Airport";"Apr 10, 2026, 05:00:00";"23";"10.88";"0.08";"40.69";"6.96"
"Dulles Airport";"Apr 10, 2026, 04:00:00";"23";"10.26";"0.06";"33.29";"7.47"
"Dulles Airport";"Apr 10, 2026, 03:00:00";"22";"10.06";"0.08";"31.46";"7.86"
"Dulles Airport";"Apr 10, 2026, 02:00:00";"21";"15.43";"0.14";"33.9";"6.2"
"Dulles Airport";"Apr 10, 2026, 01:00:00";"21";"15.79";"0.15";"29.31";"5.73"
"Dulles Airport";"Apr 10, 2026, 00:00:00";"21";"11.95";"0.15";"26.31";"5.22"
"Dulles Airport";"Apr 9, 2026, 23:00:00";"21";"16.66";"0.19";"26.16";"5.12"
"Dulles Airport";"Apr 9, 2026, 22:00:00";"22";"14.55";"0.22";"25.03";"6.45"
"Dulles Airport";"Apr 9, 2026, 21:00:00";"21";"11.43";"0.23";"23.66";"12.97"
"Dulles Airport";"Apr 9, 2026, 20:00:00";"20";"8.17";"0.22";"23.88";"4.81"
"Dulles Airport";"Apr 9, 2026, 19:00:00";"20";"9.1";"0.24";"25.22";"3.83"
"Dulles Airport";"Apr 9, 2026, 18:00:00";"20";"6.92";"0.25";"25.75";"3.5"
"Dulles Airport";"Apr 9, 2026, 17:00:00";"20";"5.37";"0.24";"25.44";"3.24"
"Dulles Airport";"Apr 9, 2026, 16:00:00";"20";"5.78";"0.23";"25.11";"3.57"
"Dulles Airport";"Apr 9, 2026, 15:00:00";"20";"5.53";"0.22";"25.52";"3.18"
"Dulles Airport";"Apr 9, 2026, 14:00:00";"21";"7.59";"0.23";"26.58";"3.39"
"Dulles Airport";"Apr 9, 2026, 13:00:00";"21";"6.88";"0.21";"27.6";"3.67"
"Dulles Airport";"Apr 9, 2026, 12:00:00";"21";"8.21";"0.19";"29.24";"4.56"
"Dulles Airport";"Apr 9, 2026, 11:00:00";"21";"10.37";"0.16";"29.49";"5.36"
"Dulles Airport";"Apr 9, 2026, 10:00:00";"21";"15.47";"0.12";"28.25";"4.75"
"Dulles Airport";"Apr 9, 2026, 09:00:00";"21";"17.14";"0.1";"26.86";"4.68"
"Dulles Airport";"Apr 9, 2026, 08:00:00";"21";"19.44";"0.08";"23.68";"5.98"
"Dulles Airport";"Apr 9, 2026, 07:00:00";"21";"14.2";"0.04";"21.46";"6.62"
"Dulles Airport";"Apr 9, 2026, 06:00:00";"20";"14.05";"0.07";"21.55";"5.78"
"Dulles Airport";"Apr 9, 2026, 05:00:00";"20";"11.73";"0.06";"19.97";"4.26"
"Dulles Airport";"Apr 9, 2026, 04:00:00";"20";"11.76";"0.06";"19.28";"3.71"
"Dulles Airport";"Apr 9, 2026, 03:00:00";"20";"12.12";"0.06";"18.32";"4.16"
"Dulles Airport";"Apr 9, 2026, 02:00:00";"19";"13.24";"0.08";"16.44";"4.74"
"Dulles Airport";"Apr 9, 2026, 01:00:00";"19";"14";"0.1";"15.38";"5.23"
"Dulles Airport";"Apr 9, 2026, 00:00:00";"18";"17.58";"0.12";"15.46";"6.32"
"Dulles Airport";"Apr 8, 2026, 23:00:00";"18";"13";"0.12";"14.92";"6.24"
"Dulles Airport";"Apr 8, 2026, 22:00:00";"17";"12.01";"0.12";"13.69";"5.77"
"Dulles Airport";"Apr 8, 2026, 21:00:00";"16";"10.59";"0.13";"13.15";"4.12"
"Dulles Airport";"Apr 8, 2026, 20:00:00";"16";"9.41";"0.16";"14.75";"3.87"
"Dulles Airport";"Apr 8, 2026, 19:00:00";"15";"7.81";"0.18";"15.48";"4.25"
"Dulles Airport";"Apr 8, 2026, 18:00:00";"15";"7.26";"0.2";"16.3";"4.48"
"Dulles Airport";"Apr 8, 2026, 17:00:00";"15";"7.24";"0.22";"17.11";"4.8"
"Dulles Airport";"Apr 8, 2026, 16:00:00";"14";"7.82";"0.23";"17.78";"4.66"
"Dulles Airport";"Apr 8, 2026, 15:00:00";"14";"7.92";"0.22";"17.62";"4.8"
"Dulles Airport";"Apr 8, 2026, 14:00:00";"13";"8.67";"0.21";"16.61";"4.62"
"Dulles Airport";"Apr 8, 2026, 13:00:00";"13";"7.53";"0.2";"15.41";"5.21"
"Dulles Airport";"Apr 8, 2026, 12:00:00";"13";"7.1";"0.17";"14.9";"4.88"
"Dulles Airport";"Apr 8, 2026, 11:00:00";"12";"7.33";"0.12";"12.94";"4.23"
"Dulles Airport";"Apr 8, 2026, 10:00:00";"12";"10.47";"0.08";"12.13";"3.92"
"Dulles Airport";"Apr 8, 2026, 09:00:00";"12";"11.33";"0.07";"11.67";"3.96"
"Dulles Airport";"Apr 8, 2026, 08:00:00";"17";"17.52";"0.05";"11.65";"5.04"
"Dulles Airport";"Apr 8, 2026, 07:00:00";"18";"18.61";"0.05";"11.99";"4.11"
"Dulles Airport";"Apr 8, 2026, 06:00:00";"13";"13.32";"0.05";"10.9";"4.15"
"Dulles Airport";"Apr 8, 2026, 05:00:00";"10";"10.2";"0.05";"10.9";"3.36"
"Dulles Airport";"Apr 8, 2026, 04:00:00";"11";"10.56";"0.05";"11.06";"2.95"
"Dulles Airport";"Apr 8, 2026, 03:00:00";"10";"9.96";"0.06";"10.83";"2.64"
"Dulles Airport";"Apr 8, 2026, 02:00:00";"10";"9.74";"0.06";"11.25";"2.25"
"Dulles Airport";"Apr 8, 2026, 01:00:00";"10";"10.33";"0.08";"11.62";"2.12"
"Dulles Airport";"Apr 8, 2026, 00:00:00";"10";"10.07";"0.09";"11.43";"1.92"
"Dulles Airport";"Apr 7, 2026, 23:00:00";"10";"9.26";"0.09";"11.4";"1.77"
"Dulles Airport";"Apr 7, 2026, 22:00:00";"10";"8.48";"0.1";"11.65";"1.57"
"Dulles Airport";"Apr 7, 2026, 21:00:00";"11";"9.01";"0.11";"11.91";"1.79"
"Dulles Airport";"Apr 7, 2026, 20:00:00";"11";"7.77";"0.13";"12.26";"2.84"
"Dulles Airport";"Apr 7, 2026, 19:00:00";"11";"6.33";"0.15";"13.4";"2.11"
"Dulles Airport";"Apr 7, 2026, 18:00:00";"11";"5.48";"0.17";"14.72";"2.4"
"Dulles Airport";"Apr 7, 2026, 17:00:00";"11";"4.51";"0.18";"15.24";"2.49"
"Dulles Airport";"Apr 7, 2026, 16:00:00";"11";"4";"0.18";"15.61";"2.26"
"Dulles Airport";"Apr 7, 2026, 15:00:00";"11";"3.34";"0.18";"15.89";"2.04"
"Dulles Airport";"Apr 7, 2026, 14:00:00";"11";"2.91";"0.18";"16.6";"1.96"
"Dulles Airport";"Apr 7, 2026, 13:00:00";"11";"2.07";"0.19";"19.04";"2.92"
"Dulles Airport";"Apr 7, 2026, 12:00:00";"11";"2.18";"0.18";"19.46";"3.33"
"Dulles Airport";"Apr 7, 2026, 11:00:00";"11";"2.45";"0.16";"19.5";"3.12"
"Dulles Airport";"Apr 7, 2026, 10:00:00";"11";"3.95";"0.12";"18.28";"2.78"
"Dulles Airport";"Apr 7, 2026, 09:00:00";"11";"4.34";"0.11";"18.3";"2.29"
"Dulles Airport";"Apr 7, 2026, 08:00:00";"11";"5.5";"0.09";"18.66";"1.79"
"Dulles Airport";"Apr 7, 2026, 07:00:00";"11";"3.69";"0.1";"20.97";"1.71"
"Dulles Airport";"Apr 7, 2026, 06:00:00";"11";"5.44";"0.1";"26.31";"2.2"
"Dulles Airport";"Apr 7, 2026, 05:00:00";"10";"5.54";"0.12";"28.45";"2.41"
"Dulles Airport";"Apr 7, 2026, 04:00:00";"10";"5.07";"0.13";"30.28";"2.36"
"Dulles Airport";"Apr 7, 2026, 03:00:00";"15";"15.59";"0.13";"34.19";"3.2"
"Dulles Airport";"Apr 7, 2026, 02:00:00";"22";"22.48";"0.16";"37.39";"2.75"
"Dulles Airport";"Apr 7, 2026, 01:00:00";"16";"16.12";"0.14";"33.97";"2.52"
"Dulles Airport";"Apr 7, 2026, 00:00:00";"9";"8.96";"0.13";"30.02";"2.37"
"Dulles Airport";"Apr 6, 2026, 23:00:00";"10";"9.59";"0.15";"29.33";"2.24"
"Dulles Airport";"Apr 6, 2026, 22:00:00";"8";"7.53";"0.16";"26.89";"2.32"
"Dulles Airport";"Apr 6, 2026, 21:00:00";"8";"5.78";"0.18";"24.52";"2.38"
"Dulles Airport";"Apr 6, 2026, 20:00:00";"8";"5.65";"0.19";"21.2";"2.73"
"Dulles Airport";"Apr 6, 2026, 19:00:00";"8";"4.3";"0.21";"21.37";"2.49"
"Dulles Airport";"Apr 6, 2026, 18:00:00";"7";"3.23";"0.22";"22.2";"1.95"
"Dulles Airport";"Apr 6, 2026, 17:00:00";"7";"3.58";"0.23";"22.57";"2.71"
"Dulles Airport";"Apr 6, 2026, 16:00:00";"7";"4.59";"0.23";"23.39";"2.91"
"Dulles Airport";"Apr 6, 2026, 15:00:00";"6";"2.68";"0.23";"24.13";"3.19"
"Dulles Airport";"Apr 6, 2026, 14:00:00";"6";"1.43";"0.22";"23.66";"3.16"
"Dulles Airport";"Apr 6, 2026, 13:00:00";"5";"1.57";"0.21";"24.22";"2.86"
"Dulles Airport";"Apr 6, 2026, 12:00:00";"5";"1.69";"0.19";"23.37";"2.58"
"Dulles Airport";"Apr 6, 2026, 11:00:00";"5";"2.76";"0.17";"22.97";"2.2"
"Dulles Airport";"Apr 6, 2026, 10:00:00";"5";"4.64";"0.12";"20.99";"1.96"
"Dulles Airport";"Apr 6, 2026, 09:00:00";"6";"5.42";"0.11";"20.34";"1.63"
"Dulles Airport";"Apr 6, 2026, 08:00:00";"7";"6.52";"0.09";"20.15";"1.5"
"Dulles Airport";"Apr 6, 2026, 07:00:00";"6";"5.85";"0.09";"20.13";"1.38"
"Dulles Airport";"Apr 6, 2026, 06:00:00";"6";"5.36";"0.09";"21.06";"1.27"
"Dulles Airport";"Apr 6, 2026, 05:00:00";"6";"5.14";"0.1";"20.75";"1.01"
"Dulles Airport";"Apr 6, 2026, 04:00:00";"7";"4.75";"0.1";"20.7";"0.94"
"Dulles Airport";"Apr 6, 2026, 03:00:00";"7";"4.01";"0.11";"21.72";"0.97"
"Dulles Airport";"Apr 6, 2026, 02:00:00";"8";"3.42";"0.12";"23.67";"0.9"
"Dulles Airport";"Apr 6, 2026, 01:00:00";"8";"3.55";"0.13";"25.18";"1.2"
"Dulles Airport";"Apr 6, 2026, 00:00:00";"9";"3.14";"0.13";"26.05";"1"
"Dulles Airport";"Apr 5, 2026, 23:00:00";"9";"2.7";"0.14";"28.93";"0.59"
"Dulles Airport";"Apr 5, 2026, 22:00:00";"10";"2.5";"0.15";"31.33";"0.54"
"Dulles Airport";"Apr 5, 2026, 21:00:00";"11";"2.12";"0.15";"32.8";"0.61"
"Dulles Airport";"Apr 5, 2026, 20:00:00";"11";"1.36";"0.17";"37.45";"0.84"
"Dulles Airport";"Apr 5, 2026, 19:00:00";"12";"0.79";"0.19";"45.84";"0.84"
"Dulles Airport";"Apr 5, 2026, 18:00:00";"13";"0.01";"0.23";"63.95";"1.27"
"Dulles Airport";"Apr 5, 2026, 17:00:00";"13";"0.03";"0.25";"95.19";"0.56"
"Dulles Airport";"Apr 5, 2026, 16:00:00";"14";"0.39";"0.24";"128.73";"0.46"
"Dulles Airport";"Apr 5, 2026, 15:00:00";"15";"1.21";"0.2";"145.07";"0.64"
"Dulles Airport";"Apr 5, 2026, 14:00:00";"16";"2.28";"0.24";"202.25";"0.61"
"Dulles Airport";"Apr 5, 2026, 13:00:00";"17";"4.14";"0.25";"223.89";"0.81"
"Dulles Airport";"Apr 5, 2026, 12:00:00";"17";"6.77";"0.24";"206.38";"0.82"
"Dulles Airport";"Apr 5, 2026, 11:00:00";"18";"1.49";"0.28";"218.04";"2.91"
"Dulles Airport";"Apr 5, 2026, 10:00:00";"19";"0.57";"0.31";"205.49";"3.61"
"Dulles Airport";"Apr 5, 2026, 09:00:00";"19";"3.05";"0.31";"192";"3.29"
"Dulles Airport";"Apr 5, 2026, 08:00:00";"19";"2.62";"0.31";"166.98";"3.2"
"Dulles Airport";"Apr 5, 2026, 07:00:00";"20";"2.78";"0.3";"143.6";"3.29"
"Dulles Airport";"Apr 5, 2026, 06:00:00";"20";"1.8";"0.3";"128.73";"3.18"
"Dulles Airport";"Apr 5, 2026, 05:00:00";"20";"0.74";"0.3";"119.37";"3.24"
"Dulles Airport";"Apr 5, 2026, 04:00:00";"21";"0.74";"0.31";"116.08";"3.34"
"Dulles Airport";"Apr 5, 2026, 03:00:00";"21";"0.68";"0.31";"115.89";"3.27"
"Dulles Airport";"Apr 5, 2026, 02:00:00";"21";"0.33";"0.36";"112.31";"3.69"
"Dulles Airport";"Apr 5, 2026, 01:00:00";"22";"2.74";"0.37";"108.14";"3.99"
"Dulles Airport";"Apr 5, 2026, 00:00:00";"22";"6.55";"0.38";"101.36";"4.43"
"Dulles Airport";"Apr 4, 2026, 23:00:00";"22";"6.66";"0.38";"89.68";"4.92"
"Dulles Airport";"Apr 4, 2026, 22:00:00";"22";"8.48";"0.4";"75.34";"5.06"
"Dulles Airport";"Apr 4, 2026, 21:00:00";"22";"6.3";"0.39";"70.73";"5.07"
"Dulles Airport";"Apr 4, 2026, 20:00:00";"22";"3.53";"0.37";"68.68";"4.91"
"Dulles Airport";"Apr 4, 2026, 19:00:00";"22";"0.32";"0.37";"73.08";"4.38"
"Dulles Airport";"Apr 4, 2026, 18:00:00";"22";"0";"0.36";"79.99";"4.52"
"Dulles Airport";"Apr 4, 2026, 17:00:00";"22";"0";"0.38";"94.17";"4.71"
"Dulles Airport";"Apr 4, 2026, 16:00:00";"22";"0";"0.38";"107.97";"4.85"
"Dulles Airport";"Apr 4, 2026, 15:00:00";"22";"0";"0.39";"124.63";"5.2"
"Dulles Airport";"Apr 4, 2026, 14:00:00";"22";"0";"0.4";"135.32";"5.55"
"Dulles Airport";"Apr 4, 2026, 13:00:00";"23";"0";"0.39";"152.64";"6.04"
"Dulles Airport";"Apr 4, 2026, 12:00:00";"23";"0";"0.4";"181.71";"5.55"
"Dulles Airport";"Apr 4, 2026, 11:00:00";"23";"0";"0.38";"232.71";"4.94"
"Dulles Airport";"Apr 4, 2026, 10:00:00";"23";"5.63";"0.37";"273.98";"4.66"
"Dulles Airport";"Apr 4, 2026, 09:00:00";"24";"7.1";"0.35";"276.46";"5.52"
"Dulles Airport";"Apr 4, 2026, 08:00:00";"25";"9.96";"0.37";"225.36";"5.2"
"Dulles Airport";"Apr 4, 2026, 07:00:00";"27";"5.22";"0.31";"203.47";"5.92"
"Dulles Airport";"Apr 4, 2026, 06:00:00";"29";"4.11";"0.35";"193.58";"5.32"
"Dulles Airport";"Apr 4, 2026, 05:00:00";"29";"3.11";"0.33";"161.49";"5.1"
"Dulles Airport";"Apr 4, 2026, 04:00:00";"30";"2.19";"0.32";"145.6";"5.21"
"Dulles Airport";"Apr 4, 2026, 03:00:00";"30";"2.43";"0.31";"136.36";"5.12"
"Dulles Airport";"Apr 4, 2026, 02:00:00";"31";"2.07";"0.32";"130.84";"5.44"
"Dulles Airport";"Apr 4, 2026, 01:00:00";"31";"3.49";"0.34";"129.68";"5.3"
"Dulles Airport";"Apr 4, 2026, 00:00:00";"31";"7.98";"0.35";"126.11";"4.8"
"Dulles Airport";"Apr 3, 2026, 23:00:00";"32";"5.54";"0.36";"129.45";"4.54"
"Dulles Airport";"Apr 3, 2026, 22:00:00";"33";"15.59";"0.45";"129.49";"4.92"
"Dulles Airport";"Apr 3, 2026, 21:00:00";"34";"17.53";"0.38";"123.54";"4.94"
"Dulles Airport";"Apr 3, 2026, 20:00:00";"35";"8.17";"0.35";"120.82";"6.87"
"Dulles Airport";"Apr 3, 2026, 19:00:00";"35";"2.52";"0.34";"121.91";"4.62"
"Dulles Airport";"Apr 3, 2026, 18:00:00";"36";"0";"0.34";"138.28";"4.84"
"Dulles Airport";"Apr 3, 2026, 17:00:00";"36";"0";"0.34";"157.9";"5.28"
"Dulles Airport";"Apr 3, 2026, 16:00:00";"36";"0";"0.35";"192.52";"5.33"
"Dulles Airport";"Apr 3, 2026, 15:00:00";"37";"0.22";"0.37";"251.64";"5.71"
"Dulles Airport";"Apr 3, 2026, 14:00:00";"37";"2.12";"0.35";"269.85";"6.26"
"Dulles Airport";"Apr 3, 2026, 13:00:00";"39";"3.16";"0.3";"231.99";"6.38"
"Dulles Airport";"Apr 3, 2026, 12:00:00";"41";"5.2";"0.28";"201.92";"5.79"
"Dulles Airport";"Apr 3, 2026, 11:00:00";"42";"4.98";"0.25";"179.85";"4.94"
"Dulles Airport";"Apr 3, 2026, 10:00:00";"44";"10.55";"0.28";"157.45";"11.64"
"Dulles Airport";"Apr 3, 2026, 09:00:00";"45";"11.81";"0.25";"137.26";"12.84"
"Dulles Airport";"Apr 3, 2026, 08:00:00";"46";"9.19";"0.22";"127.88";"15.24"
"Dulles Airport";"Apr 3, 2026, 07:00:00";"45";"4.68";"0.19";"116.21";"15.34"
"Dulles Airport";"Apr 3, 2026, 06:00:00";"44";"4.1";"0.18";"110.18";"9.09"
"Dulles Airport";"Apr 3, 2026, 05:00:00";"44";"3.38";"0.18";"107.38";"8.28"
"Dulles Airport";"Apr 3, 2026, 04:00:00";"44";"2.56";"0.17";"107.66";"8.06"
"Dulles Airport";"Apr 3, 2026, 03:00:00";"44";"3.18";"0.17";"108.76";"7.25"
"Dulles Airport";"Apr 3, 2026, 02:00:00";"43";"3.71";"0.18";"102.71";"6.78"
"Dulles Airport";"Apr 3, 2026, 01:00:00";"43";"3.35";"0.18";"104.13";"7.63"
"Dulles Airport";"Apr 3, 2026, 00:00:00";"43";"3.8";"0.19";"104.73";"10.16"
"Dulles Airport";"Apr 2, 2026, 23:00:00";"42";"4.32";"0.19";"103.33";"11.42"
"Dulles Airport";"Apr 2, 2026, 22:00:00";"41";"4.14";"0.21";"105.59";"9.39"
"Dulles Airport";"Apr 2, 2026, 21:00:00";"40";"4.25";"0.23";"111.49";"9.83"
"Dulles Airport";"Apr 2, 2026, 20:00:00";"40";"4.73";"0.24";"113.2";"9.05"
"Dulles Airport";"Apr 2, 2026, 19:00:00";"39";"3.9";"0.26";"114.25";"7.05"
"Dulles Airport";"Apr 2, 2026, 18:00:00";"39";"3.68";"0.27";"118.35";"6.65"
"Dulles Airport";"Apr 2, 2026, 17:00:00";"39";"2.5";"0.28";"125.97";"6.35"
"Dulles Airport";"Apr 2, 2026, 16:00:00";"39";"3.73";"0.29";"129.73";"6.88"
"Dulles Airport";"Apr 2, 2026, 15:00:00";"38";"4.36";"0.29";"134.16";"9.04"
"Dulles Airport";"Apr 2, 2026, 14:00:00";"37";"4.92";"0.29";"141.09";"15.07"
"Dulles Airport";"Apr 2, 2026, 13:00:00";"36";"5.2";"0.29";"152.06";"19.25"
"Dulles Airport";"Apr 2, 2026, 12:00:00";"33";"4.19";"0.29";"169.24";"11.46"
"Dulles Airport";"Apr 2, 2026, 11:00:00";"32";"5.09";"0.3";"194.01";"14.85"
"Dulles Airport";"Apr 2, 2026, 10:00:00";"31";"5.45";"0.31";"215.03";"16.5"
"Dulles Airport";"Apr 2, 2026, 09:00:00";"29";"7.26";"0.32";"194.28";"18.68"
"Dulles Airport";"Apr 2, 2026, 08:00:00";"27";"5.87";"0.3";"188.06";"11.05"
"Dulles Airport";"Apr 2, 2026, 07:00:00";"26";"4.02";"0.32";"218.19";"9.62"
"Dulles Airport";"Apr 2, 2026, 06:00:00";"26";"7.83";"0.32";"266.05";"9.65"
"Dulles Airport";"Apr 2, 2026, 05:00:00";"25";"5.22";"0.31";"267.99";"8.18"
"Dulles Airport";"Apr 2, 2026, 04:00:00";"25";"6.47";"0.31";"258.82";"6.39"
"Dulles Airport";"Apr 2, 2026, 03:00:00";"25";"4.55";"0.31";"255.64";"5.98"
"Dulles Airport";"Apr 2, 2026, 02:00:00";"25";"3.05";"0.32";"250.49";"5.46"
"Dulles Airport";"Apr 2, 2026, 01:00:00";"25";"6.69";"0.34";"234.3";"4.77"
"Dulles Airport";"Apr 2, 2026, 00:00:00";"25";"4.23";"0.36";"242.39";"5.04"
"Dulles Airport";"Apr 1, 2026, 23:00:00";"25";"4.72";"0.37";"255.54";"5.4"
"Dulles Airport";"Apr 1, 2026, 22:00:00";"25";"9.52";"0.4";"239.29";"7.74"
"Dulles Airport";"Apr 1, 2026, 21:00:00";"25";"9.82";"0.39";"211.54";"7.81"
"Dulles Airport";"Apr 1, 2026, 20:00:00";"25";"12.6";"0.39";"205.36";"5.48"
"Dulles Airport";"Apr 1, 2026, 19:00:00";"25";"7.1";"0.4";"155.76";"6.81"
"Dulles Airport";"Apr 1, 2026, 18:00:00";"25";"9.66";"0.42";"93.07";"3.85"
"Dulles Airport";"Apr 1, 2026, 17:00:00";"26";"1.9";"0.39";"79.33";"4.57"
"Dulles Airport";"Apr 1, 2026, 16:00:00";"26";"0";"0.36";"74.63";"4.93"
"Dulles Airport";"Apr 1, 2026, 15:00:00";"26";"0";"0.35";"77.28";"4.27"
"Dulles Airport";"Apr 1, 2026, 14:00:00";"26";"0";"0.36";"88.32";"4.5"
"Dulles Airport";"Apr 1, 2026, 13:00:00";"27";"0";"0.36";"100.43";"5.08"
"Dulles Airport";"Apr 1, 2026, 12:00:00";"27";"0";"0.37";"106.42";"5.2"
"Dulles Airport";"Apr 1, 2026, 11:00:00";"27";"2.19";"0.39";"129.53";"6.1"
"Dulles Airport";"Apr 1, 2026, 10:00:00";"27";"7.12";"0.39";"141.06";"6.45"
"Dulles Airport";"Apr 1, 2026, 09:00:00";"27";"6.45";"0.35";"143.31";"6.65"
"Dulles Airport";"Apr 1, 2026, 08:00:00";"26";"8.06";"0.31";"123.83";"7.19"
"Dulles Airport";"Apr 1, 2026, 07:00:00";"26";"6.73";"0.32";"116.3";"6.77"
"Dulles Airport";"Apr 1, 2026, 06:00:00";"26";"5.15";"0.32";"107.14";"6.88"
"Dulles Airport";"Apr 1, 2026, 05:00:00";"25";"3.55";"0.34";"103.43";"6.67"
"Dulles Airport";"Apr 1, 2026, 04:00:00";"25";"4.09";"0.34";"94.37";"6.09"
"Dulles Airport";"Apr 1, 2026, 03:00:00";"25";"3.27";"0.35";"86.8";"5.74"
"Dulles Airport";"Apr 1, 2026, 02:00:00";"25";"3.11";"0.35";"81.72";"5.74"
"Dulles Airport";"Apr 1, 2026, 01:00:00";"24";"3.46";"0.36";"78.93";"5.76"
"Dulles Airport";"Apr 1, 2026, 00:00:00";"24";"8.73";"0.36";"75.04";"6.17"
"Dulles Airport";"Mar 31, 2026, 23:00:00";"24";"5.62";"0.36";"70.43";"6.55"
"Dulles Airport";"Mar 31, 2026, 22:00:00";"24";"4.49";"0.36";"67.19";"7.45"
"Dulles Airport";"Mar 31, 2026, 21:00:00";"23";"4.05";"0.37";"66.82";"7.08"
"Dulles Airport";"Mar 31, 2026, 20:00:00";"23";"3.1";"0.36";"65.54";"6.76"
"Dulles Airport";"Mar 31, 2026, 19:00:00";"22";"2.03";"0.36";"70.81";"6.23"
"Dulles Airport";"Mar 31, 2026, 18:00:00";"22";"0";"0.36";"76.87";"6"
"Dulles Airport";"Mar 31, 2026, 17:00:00";"22";"0";"0.37";"83.02";"6.08"
"Dulles Airport";"Mar 31, 2026, 16:00:00";"21";"0";"0.36";"86.86";"6.04"
"Dulles Airport";"Mar 31, 2026, 15:00:00";"21";"0";"0.36";"90.16";"6.3"
"Dulles Airport";"Mar 31, 2026, 14:00:00";"21";"1.66";"0.36";"94.39";"6.14"
"Dulles Airport";"Mar 31, 2026, 13:00:00";"21";"0";"0.35";"97.47";"6.62"
"Dulles Airport";"Mar 31, 2026, 12:00:00";"20";"0.57";"0.35";"99.93";"6.01"
"Dulles Airport";"Mar 31, 2026, 11:00:00";"20";"2.76";"0.35";"104.32";"5.24"
"Dulles Airport";"Mar 31, 2026, 10:00:00";"19";"6.32";"0.32";"101.32";"5.38"
"Dulles Airport";"Mar 31, 2026, 09:00:00";"19";"8.49";"0.28";"95.03";"4.61"
"Dulles Airport";"Mar 31, 2026, 08:00:00";"19";"13.15";"0.29";"87.02";"4.75"
"Dulles Airport";"Mar 31, 2026, 07:00:00";"19";"10.62";"0.25";"80.49";"4.6"
"Dulles Airport";"Mar 31, 2026, 06:00:00";"18";"7.28";"0.25";"78.94";"4.73"
"Dulles Airport";"Mar 31, 2026, 05:00:00";"18";"6.13";"0.26";"77.6";"4.85"
"Dulles Airport";"Mar 31, 2026, 04:00:00";"18";"5.87";"0.27";"78.52";"4.59"
"Dulles Airport";"Mar 31, 2026, 03:00:00";"17";"6.36";"0.28";"78.93";"4.78"
"Dulles Airport";"Mar 31, 2026, 02:00:00";"17";"6.92";"0.28";"77.83";"4.81"
"Dulles Airport";"Mar 31, 2026, 01:00:00";"16";"6.3";"0.29";"75.97";"4.92"
"Dulles Airport";"Mar 31, 2026, 00:00:00";"16";"8.06";"0.29";"76.65";"4.96"
"Dulles Airport";"Mar 30, 2026, 23:00:00";"15";"6.11";"0.3";"77.85";"4.8"
"Dulles Airport";"Mar 30, 2026, 22:00:00";"15";"7.2";"0.3";"76.05";"4.78"
"Dulles Airport";"Mar 30, 2026, 21:00:00";"15";"7.29";"0.3";"75.55";"4.59"
"Dulles Airport";"Mar 30, 2026, 20:00:00";"14";"8.15";"0.3";"77.75";"4.47"
"Dulles Airport";"Mar 30, 2026, 19:00:00";"14";"5.4";"0.32";"78.25";"4.58"
"Dulles Airport";"Mar 30, 2026, 18:00:00";"13";"4.53";"0.33";"79.27";"4.08"
"Dulles Airport";"Mar 30, 2026, 17:00:00";"13";"5.45";"0.33";"77.69";"4.16"
"Dulles Airport";"Mar 30, 2026, 16:00:00";"12";"4.3";"0.33";"84.26";"4.3"
"Dulles Airport";"Mar 30, 2026, 15:00:00";"12";"5.99";"0.32";"85.3";"4.38"
"Dulles Airport";"Mar 30, 2026, 14:00:00";"11";"7.44";"0.29";"80.79";"4.36"
"Dulles Airport";"Mar 30, 2026, 13:00:00";"11";"8.72";"0.28";"82.8";"3.83"
"Dulles Airport";"Mar 30, 2026, 12:00:00";"11";"11.13";"0.26";"83.52";"3.83"
"Dulles Airport";"Mar 30, 2026, 11:00:00";"12";"12.31";"0.22";"61.78";"4.21"
"Dulles Airport";"Mar 30, 2026, 10:00:00";"15";"14.91";"0.23";"48.43";"3.58"
"Dulles Airport";"Mar 30, 2026, 09:00:00";"12";"12.09";"0.21";"38.89";"3.54"
"Dulles Airport";"Mar 30, 2026, 08:00:00";"12";"11.73";"0.21";"28.68";"3.54"
"Dulles Airport";"Mar 30, 2026, 07:00:00";"11";"9.26";"0.21";"24.57";"2.93"
"Dulles Airport";"Mar 30, 2026, 06:00:00";"11";"9.23";"0.2";"22.46";"2.59"
"Dulles Airport";"Mar 30, 2026, 05:00:00";"11";"7.84";"0.2";"21.33";"2.45"
"Dulles Airport";"Mar 30, 2026, 04:00:00";"12";"7.03";"0.19";"18.49";"2.06"
"Dulles Airport";"Mar 30, 2026, 03:00:00";"12";"6.69";"0.19";"16.73";"1.55"
"Dulles Airport";"Mar 30, 2026, 02:00:00";"12";"5.65";"0.19";"16.43";"0.97"
"Dulles Airport";"Mar 30, 2026, 01:00:00";"12";"8.66";"0.21";"16.29";"2.05"
"Dulles Airport";"Mar 30, 2026, 00:00:00";"12";"11.66";"0.22";"17.08";"3.83"
"Dulles Airport";"Mar 29, 2026, 23:00:00";"12";"12.48";"0.26";"18.31";"1.95"
"Dulles Airport";"Mar 29, 2026, 22:00:00";"19";"19.11";"0.28";"19.85";"3.13"
"Dulles Airport";"Mar 29, 2026, 21:00:00";"12";"12.42";"0.25";"19.59";"2.23"
"Dulles Airport";"Mar 29, 2026, 20:00:00";"12";"9.95";"0.24";"20.31";"1.46"
"Dulles Airport";"Mar 29, 2026, 19:00:00";"15";"14.6";"0.25";"21.2";"1.52"
"Dulles Airport";"Mar 29, 2026, 18:00:00";"12";"7.93";"0.25";"23.01";"2.33"
"Dulles Airport";"Mar 29, 2026, 17:00:00";"12";"6.06";"0.26";"24.13";"1.62"
"Dulles Airport";"Mar 29, 2026, 16:00:00";"12";"2.75";"0.26";"25.22";"1.82"
"Dulles Airport";"Mar 29, 2026, 15:00:00";"12";"1.66";"0.25";"25.79";"1.91"
"Dulles Airport";"Mar 29, 2026, 14:00:00";"12";"1.6";"0.25";"25.68";"1.85"
"Dulles Airport";"Mar 29, 2026, 13:00:00";"12";"1.17";"0.23";"25.31";"1.95"
"Dulles Airport";"Mar 29, 2026, 12:00:00";"12";"1.27";"0.23";"25.4";"1.99"
"Dulles Airport";"Mar 29, 2026, 11:00:00";"12";"2.44";"0.21";"24.88";"2.17"
"Dulles Airport";"Mar 29, 2026, 10:00:00";"12";"8.31";"0.19";"24.89";"3.2"
"Dulles Airport";"Mar 29, 2026, 09:00:00";"16";"16.28";"0.16";"22.16";"4.88"
"Dulles Airport";"Mar 29, 2026, 08:00:00";"20";"20.46";"0.16";"22.26";"5.72"
"Dulles Airport";"Mar 29, 2026, 07:00:00";"17";"17.16";"0.16";"21.12";"5.38"
"Dulles Airport";"Mar 29, 2026, 06:00:00";"18";"17.71";"0.17";"20.33";"4.81"
"Dulles Airport";"Mar 29, 2026, 05:00:00";"19";"19.65";"0.18";"23.58";"3.69"
"Dulles Airport";"Mar 29, 2026, 04:00:00";"16";"15.76";"0.12";"20.83";"2.81"
"Dulles Airport";"Mar 29, 2026, 03:00:00";"14";"13.79";"0.07";"17.23";"2.65"
"Dulles Airport";"Mar 29, 2026, 02:00:00";"17";"16.74";"0.09";"16.46";"3"
"Dulles Airport";"Mar 29, 2026, 01:00:00";"12";"11.84";"0.08";"15.31";"2.78"
"Dulles Airport";"Mar 29, 2026, 00:00:00";"10";"9.81";"0.08";"14.37";"2.6"
"Dulles Airport";"Mar 28, 2026, 23:00:00";"10";"8.82";"0.09";"14.08";"2.24"
"Dulles Airport";"Mar 28, 2026, 22:00:00";"10";"9.01";"0.11";"13.56";"2.17"
"Dulles Airport";"Mar 28, 2026, 21:00:00";"10";"7.85";"0.12";"14.25";"1.8"
"Dulles Airport";"Mar 28, 2026, 20:00:00";"10";"6.87";"0.15";"13.17";"1.93"
"Dulles Airport";"Mar 28, 2026, 19:00:00";"10";"5.27";"0.16";"13.8";"1.72"
"Dulles Airport";"Mar 28, 2026, 18:00:00";"10";"3.94";"0.18";"14.45";"1.72"
"Dulles Airport";"Mar 28, 2026, 17:00:00";"10";"3.3";"0.18";"15.14";"1.6"
"Dulles Airport";"Mar 28, 2026, 16:00:00";"10";"3.35";"0.18";"15.95";"1.81"
"Dulles Airport";"Mar 28, 2026, 15:00:00";"10";"3.87";"0.17";"16.18";"2.36"
"Dulles Airport";"Mar 28, 2026, 14:00:00";"10";"3.68";"0.16";"16.2";"2.37"
"Dulles Airport";"Mar 28, 2026, 13:00:00";"9";"4.48";"0.15";"16.21";"2.38"
"Dulles Airport";"Mar 28, 2026, 12:00:00";"9";"4.52";"0.13";"16.2";"2.5"
"Dulles Airport";"Mar 28, 2026, 11:00:00";"9";"5.09";"0.11";"15.82";"2.91"
"Dulles Airport";"Mar 28, 2026, 10:00:00";"9";"6.02";"0.08";"15.19";"2.94"
"Dulles Airport";"Mar 28, 2026, 09:00:00";"8";"6.69";"0.07";"15.38";"3.11"
"Dulles Airport";"Mar 28, 2026, 08:00:00";"8";"6.95";"0.07";"15.67";"3.3"
"Dulles Airport";"Mar 28, 2026, 07:00:00";"8";"6.13";"0.07";"17.12";"2.65"
"Dulles Airport";"Mar 28, 2026, 06:00:00";"7";"4.74";"0.08";"19.78";"2.33"
"Dulles Airport";"Mar 28, 2026, 05:00:00";"8";"4.5";"0.11";"25.6";"2.71"
"Dulles Airport";"Mar 28, 2026, 04:00:00";"8";"4.24";"0.12";"29.77";"2.5"
"Dulles Airport";"Mar 28, 2026, 03:00:00";"9";"4.58";"0.09";"30.01";"2.41"
"Dulles Airport";"Mar 28, 2026, 02:00:00";"10";"3.26";"0.07";"28.69";"2.3"
"Dulles Airport";"Mar 28, 2026, 01:00:00";"12";"4.61";"0.1";"29.47";"1.59"
"Dulles Airport";"Mar 28, 2026, 00:00:00";"13";"4.48";"0.12";"31.72";"1.25"
"Dulles Airport";"Mar 27, 2026, 23:00:00";"15";"3.79";"0.12";"37.46";"1.11"
"Dulles Airport";"Mar 27, 2026, 22:00:00";"16";"5.78";"0.13";"40.61";"2.11"
"Dulles Airport";"Mar 27, 2026, 21:00:00";"17";"6.05";"0.14";"41.15";"2.06"
"Dulles Airport";"Mar 27, 2026, 20:00:00";"19";"6.33";"0.14";"39.42";"1.35"
"Dulles Airport";"Mar 27, 2026, 19:00:00";"20";"6.18";"0.15";"42.78";"1.36"
"Dulles Airport";"Mar 27, 2026, 18:00:00";"21";"5.94";"0.17";"41.65";"1.42"
"Dulles Airport";"Mar 27, 2026, 17:00:00";"23";"4.1";"0.19";"41.88";"1.46"
"Dulles Airport";"Mar 27, 2026, 16:00:00";"24";"4.59";"0.2";"48.35";"1.86"
"Dulles Airport";"Mar 27, 2026, 15:00:00";"25";"5.36";"0.21";"55.88";"1.96"
"Dulles Airport";"Mar 27, 2026, 14:00:00";"26";"5.83";"0.22";"69.84";"1.79"
"Dulles Airport";"Mar 27, 2026, 13:00:00";"27";"6.62";"0.24";"97.61";"1.43"
"Dulles Airport";"Mar 27, 2026, 12:00:00";"29";"6.57";"0.23";"111.25";"1.33"
"Dulles Airport";"Mar 27, 2026, 11:00:00";"30";"7.62";"0.24";"121.96";"0.9"
"Dulles Airport";"Mar 27, 2026, 10:00:00";"31";"7.85";"0.24";"125.17";"0.98"
"Dulles Airport";"Mar 27, 2026, 09:00:00";"32";"6.71";"0.3";"165.32";"1.42"
"Dulles Airport";"Mar 27, 2026, 08:00:00";"33";"7.41";"0.3";"162.28";"1.19"
"Dulles Airport";"Mar 27, 2026, 07:00:00";"34";"5.05";"0.33";"135";"1.28"
"Dulles Airport";"Mar 27, 2026, 06:00:00";"35";"5.42";"0.37";"112.02";"2.58"
"Dulles Airport";"Mar 27, 2026, 05:00:00";"36";"4.12";"0.37";"88.03";"6.14"
"Dulles Airport";"Mar 27, 2026, 04:00:00";"36";"2.56";"0.36";"77.28";"8.56"
"Dulles Airport";"Mar 27, 2026, 03:00:00";"35";"3.37";"0.37";"76.98";"9.62"
"Dulles Airport";"Mar 27, 2026, 02:00:00";"35";"2.49";"0.37";"72.34";"9.41"
"Dulles Airport";"Mar 27, 2026, 01:00:00";"34";"3.16";"0.38";"69.23";"9.85"
"Dulles Airport";"Mar 27, 2026, 00:00:00";"33";"5.98";"0.38";"67.9";"9.54"
"Dulles Airport";"Mar 26, 2026, 23:00:00";"32";"4.46";"0.38";"65.22";"10.1"
"Dulles Airport";"Mar 26, 2026, 22:00:00";"31";"8.89";"0.39";"63.72";"10.02"
"Dulles Airport";"Mar 26, 2026, 21:00:00";"30";"6.23";"0.38";"61.4";"9.37"
"Dulles Airport";"Mar 26, 2026, 20:00:00";"29";"8.06";"0.38";"60.54";"9.23"
"Dulles Airport";"Mar 26, 2026, 19:00:00";"28";"1.33";"0.38";"60.24";"9"
"Dulles Airport";"Mar 26, 2026, 18:00:00";"27";"0.18";"0.39";"60.93";"9.03"
"Dulles Airport";"Mar 26, 2026, 17:00:00";"26";"2.99";"0.39";"58.04";"8.47"
"Dulles Airport";"Mar 26, 2026, 16:00:00";"25";"0.26";"0.39";"57.98";"8.83"
"Dulles Airport";"Mar 26, 2026, 15:00:00";"24";"0";"0.38";"54";"8.75"
"Dulles Airport";"Mar 26, 2026, 14:00:00";"24";"0";"0.38";"50.95";"8.38"
"Dulles Airport";"Mar 26, 2026, 13:00:00";"23";"0.41";"0.38";"46.85";"8.5"
"Dulles Airport";"Mar 26, 2026, 12:00:00";"22";"2.86";"0.37";"44.39";"8.15"
"Dulles Airport";"Mar 26, 2026, 11:00:00";"22";"6.03";"0.34";"40.42";"7.62"
"Dulles Airport";"Mar 26, 2026, 10:00:00";"21";"9.87";"0.28";"34.97";"7.93"
"Dulles Airport";"Mar 26, 2026, 09:00:00";"20";"12.31";"0.25";"31.21";"7.54"
"Dulles Airport";"Mar 26, 2026, 08:00:00";"20";"17.18";"0.23";"27.87";"6.84"
"Dulles Airport";"Mar 26, 2026, 07:00:00";"19";"17.69";"0.21";"26.49";"7.08"
"Dulles Airport";"Mar 26, 2026, 06:00:00";"18";"10.72";"0.2";"25.85";"6.23"
"Dulles Airport";"Mar 26, 2026, 05:00:00";"17";"8.64";"0.18";"25.24";"6.21"
"Dulles Airport";"Mar 26, 2026, 04:00:00";"17";"8.22";"0.21";"25.96";"5.34"
"Dulles Airport";"Mar 26, 2026, 03:00:00";"16";"8.56";"0.21";"25.76";"4.59"
"Dulles Airport";"Mar 26, 2026, 02:00:00";"15";"13.31";"0.22";"25.5";"3.78"
"Dulles Airport";"Mar 26, 2026, 01:00:00";"15";"13.19";"0.24";"25.71";"4.22"
"Dulles Airport";"Mar 26, 2026, 00:00:00";"15";"14.09";"0.25";"25.79";"4.19"
"Dulles Airport";"Mar 25, 2026, 23:00:00";"15";"14.77";"0.27";"25.92";"3.92"
"Dulles Airport";"Mar 25, 2026, 22:00:00";"15";"14.12";"0.27";"26.24";"3.84"
"Dulles Airport";"Mar 25, 2026, 21:00:00";"14";"10.23";"0.23";"22.7";"3.76"
"Dulles Airport";"Mar 25, 2026, 20:00:00";"17";"17.52";"0.26";"20.82";"5.49"
"Dulles Airport";"Mar 25, 2026, 19:00:00";"13";"12.22";"0.26";"21.24";"4.42"
"Dulles Airport";"Mar 25, 2026, 18:00:00";"13";"6.71";"0.26";"23.64";"2.99"
"Dulles Airport";"Mar 25, 2026, 17:00:00";"13";"7.61";"0.27";"23.55";"3.65"
"Dulles Airport";"Mar 25, 2026, 16:00:00";"12";"5.11";"0.27";"25.46";"3.9"
"Dulles Airport";"Mar 25, 2026, 15:00:00";"12";"4.07";"0.29";"26.98";"4.95"
"Dulles Airport";"Mar 25, 2026, 14:00:00";"11";"5.09";"0.27";"25.52";"4.85"
"Dulles Airport";"Mar 25, 2026, 13:00:00";"11";"5.77";"0.24";"26.2";"3.65"
"Dulles Airport";"Mar 25, 2026, 12:00:00";"11";"7.3";"0.24";"26.53";"5.03"
"Dulles Airport";"Mar 25, 2026, 11:00:00";"10";"8.11";"0.22";"26.29";"4.06"
"Dulles Airport";"Mar 25, 2026, 10:00:00";"15";"15.57";"0.23";"25.64";"3.94"
"Dulles Airport";"Mar 25, 2026, 09:00:00";"17";"16.92";"0.17";"23.87";"2.82"
"Dulles Airport";"Mar 25, 2026, 08:00:00";"17";"17.42";"0.18";"22.89";"2.63"
"Dulles Airport";"Mar 25, 2026, 07:00:00";"15";"15.01";"0.16";"22.21";"2.3"
"Dulles Airport";"Mar 25, 2026, 06:00:00";"14";"14.34";"0.16";"21.58";"2.07"
"Dulles Airport";"Mar 25, 2026, 05:00:00";"13";"12.83";"0.14";"21.12";"1.85"
"Dulles Airport";"Mar 25, 2026, 04:00:00";"11";"11.31";"0.14";"20.22";"1.87"
"Dulles Airport";"Mar 25, 2026, 03:00:00";"9";"8.78";"0.14";"19.92";"1.78"
"Dulles Airport";"Mar 25, 2026, 02:00:00";"10";"10.38";"0.15";"19.98";"1.88"
"Dulles Airport";"Mar 25, 2026, 01:00:00";"15";"14.95";"0.15";"19.03";"3.32"
"Dulles Airport";"Mar 25, 2026, 00:00:00";"15";"14.83";"0.2";"18.18";"4"
"Dulles Airport";"Mar 24, 2026, 23:00:00";"16";"16";"0.21";"18.4";"2.75"
"Dulles Airport";"Mar 24, 2026, 22:00:00";"15";"15";"0.17";"16.95";"1.71"
"Dulles Airport";"Mar 24, 2026, 21:00:00";"16";"15.69";"0.12";"16.98";"0.98"
"Dulles Airport";"Mar 24, 2026, 20:00:00";"10";"10.1";"0.14";"16.23";"1.17"
"Dulles Airport";"Mar 24, 2026, 19:00:00";"8";"7.79";"0.18";"14.93";"2"
"Dulles Airport";"Mar 24, 2026, 18:00:00";"7";"6.45";"0.21";"16.39";"2.71"
"Dulles Airport";"Mar 24, 2026, 17:00:00";"6";"4.92";"0.21";"16.62";"1.75"
"Dulles Airport";"Mar 24, 2026, 16:00:00";"6";"3.43";"0.21";"17.28";"1.8"
"Dulles Airport";"Mar 24, 2026, 15:00:00";"6";"5.58";"0.21";"17.41";"2.28"
"Dulles Airport";"Mar 24, 2026, 14:00:00";"5";"5.1";"0.2";"17.14";"2.12"
"Dulles Airport";"Mar 24, 2026, 13:00:00";"6";"5.43";"0.18";"17.25";"2.19"
"Dulles Airport";"Mar 24, 2026, 12:00:00";"5";"5.09";"0.17";"16.65";"1.97"
"Dulles Airport";"Mar 24, 2026, 11:00:00";"6";"5.37";"0.13";"15.34";"1.51"
"Dulles Airport";"Mar 24, 2026, 10:00:00";"7";"7.25";"0.1";"14.51";"1.38"
"Dulles Airport";"Mar 24, 2026, 09:00:00";"10";"10.22";"0.09";"14.2";"1.28"
"Dulles Airport";"Mar 24, 2026, 08:00:00";"12";"11.54";"0.08";"13.69";"1.26"
"Dulles Airport";"Mar 24, 2026, 07:00:00";"10";"9.57";"0.08";"13.51";"1.03"
"Dulles Airport";"Mar 24, 2026, 06:00:00";"9";"9.01";"0.08";"13.36";"0.98"
"Dulles Airport";"Mar 24, 2026, 05:00:00";"8";"7.36";"0.07";"13.43";"1.27"
"Dulles Airport";"Mar 24, 2026, 04:00:00";"8";"7.17";"0.08";"13.57";"0.97"
"Dulles Airport";"Mar 24, 2026, 03:00:00";"9";"6.58";"0.08";"13.92";"0.98"
"Dulles Airport";"Mar 24, 2026, 02:00:00";"9";"5.58";"0.09";"14.7";"1.19"
"Dulles Airport";"Mar 24, 2026, 01:00:00";"10";"5.42";"0.09";"15.05";"1.13"
"Dulles Airport";"Mar 24, 2026, 00:00:00";"10";"5.27";"0.1";"15.47";"1.29"
"Dulles Airport";"Mar 23, 2026, 23:00:00";"11";"5.21";"0.12";"16.41";"1.17"
"Dulles Airport";"Mar 23, 2026, 22:00:00";"12";"4.55";"0.14";"17.5";"0.92"
"Dulles Airport";"Mar 23, 2026, 21:00:00";"12";"3.87";"0.16";"19.26";"0.73"
"Dulles Airport";"Mar 23, 2026, 20:00:00";"13";"3.88";"0.16";"20.1";"0.96"
"Dulles Airport";"Mar 23, 2026, 19:00:00";"13";"3.36";"0.17";"21.34";"0.95"
"Dulles Airport";"Mar 23, 2026, 18:00:00";"14";"2.58";"0.17";"22.52";"0.77"
"Dulles Airport";"Mar 23, 2026, 17:00:00";"14";"0.94";"0.2";"24.56";"0.73"
"Dulles Airport";"Mar 23, 2026, 16:00:00";"14";"0.63";"0.21";"28.56";"0.57"
"Dulles Airport";"Mar 23, 2026, 15:00:00";"15";"0.19";"0.24";"36.42";"0.49"
"Dulles Airport";"Mar 23, 2026, 14:00:00";"16";"0.02";"0.27";"51.18";"0.54"
"Dulles Airport";"Mar 23, 2026, 13:00:00";"17";"0.57";"0.3";"79.72";"0.73"
"Dulles Airport";"Mar 23, 2026, 12:00:00";"18";"0.48";"0.29";"112.35";"1.58"
"Dulles Airport";"Mar 23, 2026, 11:00:00";"19";"0.92";"0.32";"155.29";"1.68"
"Dulles Airport";"Mar 23, 2026, 10:00:00";"20";"6.93";"0.31";"184.82";"3.63"
"Dulles Airport";"Mar 23, 2026, 09:00:00";"21";"9.55";"0.31";"174.43";"10.37"
"Dulles Airport";"Mar 23, 2026, 08:00:00";"21";"7.57";"0.28";"143.71";"0"
"Dulles Airport";"Mar 23, 2026, 07:00:00";"23";"1.36";"0.28";"147.09";"0"
"Dulles Airport";"Mar 23, 2026, 06:00:00";"24";"3.02";"0.31";"123.75";"3.64"
"Dulles Airport";"Mar 23, 2026, 05:00:00";"26";"7.42";"0.34";"123.48";"3.59"
"Dulles Airport";"Mar 23, 2026, 04:00:00";"27";"5.82";"0.35";"119.64";"7.18"
"Dulles Airport";"Mar 23, 2026, 03:00:00";"27";"5.87";"0.34";"100.49";"3.54"
"Dulles Airport";"Mar 23, 2026, 02:00:00";"28";"7.87";"0.36";"79.44";"3.35"
"Dulles Airport";"Mar 23, 2026, 01:00:00";"29";"3.72";"0.31";"61.46";"3.68"
"Dulles Airport";"Mar 23, 2026, 00:00:00";"30";"3.04";"0.34";"57.45";"4.07"
"Dulles Airport";"Mar 22, 2026, 23:00:00";"30";"1.45";"0.35";"52.27";"4.64"
"Dulles Airport";"Mar 22, 2026, 22:00:00";"30";"3.32";"0.35";"49.02";"4"
"Dulles Airport";"Mar 22, 2026, 21:00:00";"30";"2.56";"0.34";"45";"3.71"
"Dulles Airport";"Mar 22, 2026, 20:00:00";"30";"3.61";"0.36";"45.48";"3.83"
"Dulles Airport";"Mar 22, 2026, 19:00:00";"30";"17.42";"0.38";"51.1";"3.1"
"Dulles Airport";"Mar 22, 2026, 18:00:00";"30";"3.69";"0.31";"54.6";"2.58"
"Dulles Airport";"Mar 22, 2026, 17:00:00";"30";"0";"0.31";"64.93";"2.74"
"Dulles Airport";"Mar 22, 2026, 16:00:00";"30";"0";"0.35";"77.76";"5.56"
"Dulles Airport";"Mar 22, 2026, 15:00:00";"30";"0";"0.37";"88.4";"5.29"
"Dulles Airport";"Mar 22, 2026, 14:00:00";"30";"0";"0.39";"102.41";"6.14"
"Dulles Airport";"Mar 22, 2026, 13:00:00";"30";"0.83";"0.4";"117.52";"6.51"
"Dulles Airport";"Mar 22, 2026, 12:00:00";"30";"4.89";"0.38";"127.14";"6.13"
"Dulles Airport";"Mar 22, 2026, 11:00:00";"30";"7.1";"0.34";"119.01";"5.84"
"Dulles Airport";"Mar 22, 2026, 10:00:00";"31";"11.92";"0.29";"105.62";"6.25"
"Dulles Airport";"Mar 22, 2026, 09:00:00";"30";"12.9";"0.26";"87.99";"10.28"
"Dulles Airport";"Mar 22, 2026, 08:00:00";"30";"4.4";"0.19";"63.63";"17.8"
"Dulles Airport";"Mar 22, 2026, 07:00:00";"28";"4.14";"0.17";"60.09";"14.05"
"Dulles Airport";"Mar 22, 2026, 06:00:00";"26";"11.67";"0.2";"64.67";"14.46"
"Dulles Airport";"Mar 22, 2026, 05:00:00";"25";"8.63";"0.23";"72.88";"9.96"
"Dulles Airport";"Mar 22, 2026, 04:00:00";"24";"8.3";"0.25";"77.23";"7.32"
"Dulles Airport";"Mar 22, 2026, 03:00:00";"24";"12.64";"0.27";"74.49";"8.33"
"Dulles Airport";"Mar 22, 2026, 02:00:00";"22";"7.74";"0.31";"50.03";"8.54"
"Dulles Airport";"Mar 22, 2026, 01:00:00";"21";"7.5";"0.34";"39.84";"7.97"
"Dulles Airport";"Mar 22, 2026, 00:00:00";"21";"6.91";"0.36";"30.64";"4.29"
"Dulles Airport";"Mar 21, 2026, 23:00:00";"21";"5.85";"0.35";"30.21";"3.95"
"Dulles Airport";"Mar 21, 2026, 22:00:00";"20";"4.5";"0.36";"34.22";"4.34"
"Dulles Airport";"Mar 21, 2026, 21:00:00";"20";"3.15";"0.37";"39.97";"4.31"
"Dulles Airport";"Mar 21, 2026, 20:00:00";"20";"0.29";"0.36";"43.75";"3.51"
"Dulles Airport";"Mar 21, 2026, 19:00:00";"20";"1.48";"0.36";"32.35";"3.11"
"Dulles Airport";"Mar 21, 2026, 18:00:00";"20";"0.23";"0.35";"23.97";"3.22"
"Dulles Airport";"Mar 21, 2026, 17:00:00";"20";"0";"0.35";"28.44";"3.7"
"Dulles Airport";"Mar 21, 2026, 16:00:00";"20";"0";"0.35";"34.39";"4.79"
"Dulles Airport";"Mar 21, 2026, 15:00:00";"20";"0";"0.35";"45.51";"5.41"
"Dulles Airport";"Mar 21, 2026, 14:00:00";"20";"0";"0.35";"57.98";"6.35"
"Dulles Airport";"Mar 21, 2026, 13:00:00";"19";"0.15";"0.35";"75.98";"7.7"
"Dulles Airport";"Mar 21, 2026, 12:00:00";"18";"0.42";"0.35";"99.89";"7.32"
"Dulles Airport";"Mar 21, 2026, 11:00:00";"18";"2.34";"0.33";"114.28";"6.9"
"Dulles Airport";"Mar 21, 2026, 10:00:00";"17";"7.31";"0.3";"128.98";"4.37"
"Dulles Airport";"Mar 21, 2026, 09:00:00";"18";"8.26";"0.24";"85.87";"7.1"
"Dulles Airport";"Mar 21, 2026, 08:00:00";"17";"3.04";"0.19";"58.1";"0"
"Dulles Airport";"Mar 21, 2026, 07:00:00";"17";"6.08";"0.21";"75.68";"0"
"Dulles Airport";"Mar 21, 2026, 06:00:00";"17";"0.45";"0.2";"76.42";"0"
"Dulles Airport";"Mar 21, 2026, 05:00:00";"17";"3.66";"0.22";"90.64";"0"
"Dulles Airport";"Mar 21, 2026, 04:00:00";"17";"9.07";"0.22";"92.72";"0"
"Dulles Airport";"Mar 21, 2026, 03:00:00";"17";"14.33";"0.24";"100.44";"3.18"
"Dulles Airport";"Mar 21, 2026, 02:00:00";"18";"5.85";"0.26";"97.36";"3.4"
"Dulles Airport";"Mar 21, 2026, 01:00:00";"18";"2.3";"0.27";"92.74";"5.93"
"Dulles Airport";"Mar 21, 2026, 00:00:00";"17";"8.24";"0.28";"68.23";"2.74"
"Dulles Airport";"Mar 20, 2026, 23:00:00";"17";"8.5";"0.28";"72.78";"2.38"
"Dulles Airport";"Mar 20, 2026, 22:00:00";"18";"17.91";"0.34";"75.32";"2.94"
"Dulles Airport";"Mar 20, 2026, 21:00:00";"29";"29.63";"0.41";"76.42";"3.21"
"Dulles Airport";"Mar 20, 2026, 20:00:00";"18";"15.36";"0.32";"66.57";"4.61"
"Dulles Airport";"Mar 20, 2026, 19:00:00";"18";"4.72";"0.32";"36.79";"3.43"
"Dulles Airport";"Mar 20, 2026, 18:00:00";"18";"2.88";"0.34";"21.37";"4.9"
"Dulles Airport";"Mar 20, 2026, 17:00:00";"17";"1.44";"0.33";"21.22";"3.34"
"Dulles Airport";"Mar 20, 2026, 16:00:00";"17";"0.57";"0.34";"23.49";"3.86"
"Dulles Airport";"Mar 20, 2026, 15:00:00";"17";"0";"0.34";"26.49";"4.06"
"Dulles Airport";"Mar 20, 2026, 14:00:00";"17";"0.36";"0.37";"30.74";"4.06"
"Dulles Airport";"Mar 20, 2026, 13:00:00";"17";"0";"0.38";"35.97";"4.29"
"Dulles Airport";"Mar 20, 2026, 12:00:00";"17";"3.91";"0.37";"34.26";"4.97"
"Dulles Airport";"Mar 20, 2026, 11:00:00";"17";"9.12";"0.34";"31.61";"4.7"
"Dulles Airport";"Mar 20, 2026, 10:00:00";"19";"19.73";"0.33";"26.82";"4.48"
"Dulles Airport";"Mar 20, 2026, 09:00:00";"16";"16.14";"0.24";"21.77";"3.9"
"Dulles Airport";"Mar 20, 2026, 08:00:00";"20";"20.01";"0.26";"17.86";"4.62"
"Dulles Airport";"Mar 20, 2026, 07:00:00";"18";"17.72";"0.22";"16.28";"4.36"
"Dulles Airport";"Mar 20, 2026, 06:00:00";"16";"11.32";"0.2";"15.15";"4.05"
"Dulles Airport";"Mar 20, 2026, 05:00:00";"15";"8.75";"0.19";"13.42";"4.12"
"Dulles Airport";"Mar 20, 2026, 04:00:00";"15";"10.49";"0.17";"11.16";"4.58"
"Dulles Airport";"Mar 20, 2026, 03:00:00";"14";"10.62";"0.19";"10.67";"5.07"
"Dulles Airport";"Mar 20, 2026, 02:00:00";"14";"14.24";"0.2";"10.37";"3.46"
"Dulles Airport";"Mar 20, 2026, 01:00:00";"18";"18.33";"0.18";"7.89";"3.26"
"Dulles Airport";"Mar 20, 2026, 00:00:00";"19";"18.91";"0.22";"7.42";"3.47"
"Dulles Airport";"Mar 19, 2026, 23:00:00";"14";"13.75";"0.25";"8.11";"4.17"
"Dulles Airport";"Mar 19, 2026, 22:00:00";"21";"21.3";"0.31";"9.2";"4"
"Dulles Airport";"Mar 19, 2026, 21:00:00";"23";"23.35";"0.27";"8.34";"4.18"
"Dulles Airport";"Mar 19, 2026, 20:00:00";"33";"33.95";"0.24";"9.33";"2.98"
"Dulles Airport";"Mar 19, 2026, 19:00:00";"13";"4.97";"0.27";"9.85";"3.47"
"Dulles Airport";"Mar 19, 2026, 18:00:00";"12";"2.61";"0.29";"10.85";"3.64"
"Dulles Airport";"Mar 19, 2026, 17:00:00";"12";"2.22";"0.29";"11.75";"3.91"
"Dulles Airport";"Mar 19, 2026, 16:00:00";"12";"1.44";"0.29";"12.27";"3.88"
"Dulles Airport";"Mar 19, 2026, 15:00:00";"12";"1.93";"0.29";"11.84";"3.53"
"Dulles Airport";"Mar 19, 2026, 14:00:00";"12";"2.85";"0.29";"11.65";"3.5"
"Dulles Airport";"Mar 19, 2026, 13:00:00";"11";"3.67";"0.27";"10.49";"3.12"
"Dulles Airport";"Mar 19, 2026, 12:00:00";"11";"4.73";"0.25";"9.68";"3.06"
"Dulles Airport";"Mar 19, 2026, 11:00:00";"11";"8.74";"0.21";"8.7";"3.5"
"Dulles Airport";"Mar 19, 2026, 10:00:00";"14";"13.85";"0.19";"8.09";"2.97"
"Dulles Airport";"Mar 19, 2026, 09:00:00";"14";"14.02";"0.18";"6.65";"3.07"
"Dulles Airport";"Mar 19, 2026, 08:00:00";"18";"18.09";"0.19";"6.01";"2.99"
"Dulles Airport";"Mar 19, 2026, 07:00:00";"15";"15.35";"0.18";"5.47";"2.69"
"Dulles Airport";"Mar 19, 2026, 06:00:00";"13";"12.89";"0.16";"4.52";"2.29"
"Dulles Airport";"Mar 19, 2026, 05:00:00";"11";"10.76";"0.15";"3.88";"2.05"
"Dulles Airport";"Mar 19, 2026, 04:00:00";"12";"12.4";"0.15";"2.54";"2.1"
"Dulles Airport";"Mar 19, 2026, 03:00:00";"13";"12.86";"0.16";"1.57";"2.29"
"Dulles Airport";"Mar 19, 2026, 02:00:00";"11";"11.05";"0.15";"0.77";"2.63"
"Dulles Airport";"Mar 19, 2026, 01:00:00";"11";"10.79";"0.16";"0.21";"2.83"
"Dulles Airport";"Mar 19, 2026, 00:00:00";"11";"9.72";"0.16";"0";"2.7"
"Dulles Airport";"Mar 18, 2026, 23:00:00";"11";"9.52";"0.16";"0";"2.53"
"Dulles Airport";"Mar 18, 2026, 22:00:00";"11";"10.48";"0.16";"0";"2.58"
"Dulles Airport";"Mar 18, 2026, 21:00:00";"10";"10.14";"0.16";"0";"2.51"
"Dulles Airport";"Mar 18, 2026, 20:00:00";"16";"15.65";"0.14";"0";"2.02"
"Dulles Airport";"Mar 18, 2026, 19:00:00";"10";"7.52";"0.17";"0";"2.21"
"Dulles Airport";"Mar 18, 2026, 18:00:00";"10";"6.19";"0.18";"0";"2.47"
"Dulles Airport";"Mar 18, 2026, 17:00:00";"9";"5.47";"0.19";"0";"2.54"
"Dulles Airport";"Mar 18, 2026, 16:00:00";"9";"5.23";"0.19";"0";"2.49"
"Dulles Airport";"Mar 18, 2026, 15:00:00";"9";"5.43";"0.18";"0";"2.36"
"Dulles Airport";"Mar 18, 2026, 14:00:00";"9";"4.19";"0.18";"0";"1.8"
"Dulles Airport";"Mar 18, 2026, 13:00:00";"8";"3.29";"0.17";"0";"2.11"
"Dulles Airport";"Mar 18, 2026, 12:00:00";"8";"2.21";"0.15";"0";"2"
"Dulles Airport";"Mar 18, 2026, 11:00:00";"8";"5.29";"0.13";"0";"2.6"
"Dulles Airport";"Mar 18, 2026, 10:00:00";"8";"8.06";"0.12";"0";"3.1"
"Dulles Airport";"Mar 18, 2026, 09:00:00";"10";"10.05";"0.12";"0";"3.11"
"Dulles Airport";"Mar 18, 2026, 08:00:00";"11";"10.65";"0.11";"0";"2.99"
"Dulles Airport";"Mar 18, 2026, 07:00:00";"9";"8.91";"0.11";"0";"2.84"
"Dulles Airport";"Mar 18, 2026, 06:00:00";"10";"9.89";"0.1";"0";"2.57"
"Dulles Airport";"Mar 18, 2026, 05:00:00";"8";"7.94";"0.09";"0";"2.45"
"Dulles Airport";"Mar 18, 2026, 04:00:00";"9";"8.72";"0.1";"0";"2.37"
"Dulles Airport";"Mar 18, 2026, 03:00:00";"8";"8.12";"0.1";"0";"2.57"
"Dulles Airport";"Mar 18, 2026, 02:00:00";"8";"7.31";"0.1";"0";"2.62"
"Dulles Airport";"Mar 18, 2026, 01:00:00";"8";"7.37";"0.1";"0";"1.88"
"Dulles Airport";"Mar 18, 2026, 00:00:00";"7";"6.75";"0.1";"0";"1.62"
"Dulles Airport";"Mar 17, 2026, 23:00:00";"7";"6.78";"0.1";"0";"1.35"
"Dulles Airport";"Mar 17, 2026, 22:00:00";"7";"6.34";"0.11";"0";"1.51"
"Dulles Airport";"Mar 17, 2026, 21:00:00";"6";"5.72";"0.11";"0";"1.22"
"Dulles Airport";"Mar 17, 2026, 20:00:00";"6";"5.99";"0.12";"0";"1.07"
"Dulles Airport";"Mar 17, 2026, 19:00:00";"6";"5.3";"0.14";"0";"0.88"
"Dulles Airport";"Mar 17, 2026, 18:00:00";"4";"3.62";"0.15";"0";"0.83"
"Dulles Airport";"Mar 17, 2026, 17:00:00";"4";"3.23";"0.15";"0.09";"0.86"
"Dulles Airport";"Mar 17, 2026, 16:00:00";"4";"3.15";"0.16";"0.82";"0.9"
"Dulles Airport";"Mar 17, 2026, 15:00:00";"4";"2.42";"0.16";"1.36";"0.9"
"Dulles Airport";"Mar 17, 2026, 14:00:00";"4";"2.4";"0.16";"2";"0.98"
"Dulles Airport";"Mar 17, 2026, 13:00:00";"4";"2.16";"0.15";"2.26";"0.91"
"Dulles Airport";"Mar 17, 2026, 12:00:00";"4";"1.13";"0.15";"2.99";"0.98"
"Dulles Airport";"Mar 17, 2026, 11:00:00";"5";"1.84";"0.14";"3.43";"0.82"
"Dulles Airport";"Mar 17, 2026, 10:00:00";"5";"3.48";"0.12";"3.32";"0.76"
"Dulles Airport";"Mar 17, 2026, 09:00:00";"5";"4.81";"0.11";"3.29";"0.73"
"Dulles Airport";"Mar 17, 2026, 08:00:00";"6";"4.77";"0.1";"2.8";"0.78"
"Dulles Airport";"Mar 17, 2026, 07:00:00";"6";"3.38";"0.1";"3.27";"0.78"
"Dulles Airport";"Mar 17, 2026, 06:00:00";"7";"2.25";"0.1";"4.47";"0.96"
"Dulles Airport";"Mar 17, 2026, 05:00:00";"7";"1.31";"0.11";"5.99";"0.78"
"Dulles Airport";"Mar 17, 2026, 04:00:00";"8";"0.25";"0.11";"7.33";"0.54"
"Dulles Airport";"Mar 17, 2026, 03:00:00";"9";"0.3";"0.12";"11.27";"0.35"
"Dulles Airport";"Mar 17, 2026, 02:00:00";"9";"0.85";"0.12";"14.09";"0.3"
"Dulles Airport";"Mar 17, 2026, 01:00:00";"10";"1.03";"0.12";"17.35";"0.14"
"Dulles Airport";"Mar 17, 2026, 00:00:00";"10";"3.95";"0.13";"21.6";"0.25"
"Dulles Airport";"Mar 16, 2026, 23:00:00";"12";"4.56";"0.13";"23.01";"0.25"
"Dulles Airport";"Mar 16, 2026, 22:00:00";"13";"5.32";"0.15";"29.83";"0.23"
"Dulles Airport";"Mar 16, 2026, 21:00:00";"13";"2.44";"0.23";"110.32";"0.72"
"Dulles Airport";"Mar 16, 2026, 20:00:00";"14";"5.46";"0.34";"218.08";"1.37"
"Dulles Airport";"Mar 16, 2026, 19:00:00";"14";"4.88";"0.33";"259.38";"1.84"
"Dulles Airport";"Mar 16, 2026, 18:00:00";"15";"6.7";"0.33";"242.71";"1.92"
"Dulles Airport";"Mar 16, 2026, 17:00:00";"15";"6.76";"0.33";"205.53";"0.94"
"Dulles Airport";"Mar 16, 2026, 16:00:00";"15";"2.41";"0.31";"208.8";"0.63"
"Dulles Airport";"Mar 16, 2026, 15:00:00";"15";"3.45";"0.32";"241.38";"1.18"
"Dulles Airport";"Mar 16, 2026, 14:00:00";"16";"2.7";"0.32";"247.82";"2.46"
"Dulles Airport";"Mar 16, 2026, 13:00:00";"16";"3.12";"0.33";"263.64";"2.68"
"Dulles Airport";"Mar 16, 2026, 12:00:00";"15";"1.24";"0.34";"246.22";"3.04"
"Dulles Airport";"Mar 16, 2026, 11:00:00";"15";"1.82";"0.35";"259.89";"2.55"
"Dulles Airport";"Mar 16, 2026, 10:00:00";"15";"6.33";"0.38";"277.09";"2.67"
"Dulles Airport";"Mar 16, 2026, 09:00:00";"15";"8.03";"0.35";"268.39";"3.03"
"Dulles Airport";"Mar 16, 2026, 08:00:00";"15";"6.77";"0.34";"258.43";"2.83"
"Dulles Airport";"Mar 16, 2026, 07:00:00";"14";"4.21";"0.31";"248.66";"3.77"
"Dulles Airport";"Mar 16, 2026, 06:00:00";"14";"2.96";"0.3";"230.99";"4.77"
"Dulles Airport";"Mar 16, 2026, 05:00:00";"13";"4.79";"0.3";"211.36";"4.06"
"Dulles Airport";"Mar 16, 2026, 04:00:00";"13";"4.22";"0.3";"190.77";"4.44"
"Dulles Airport";"Mar 16, 2026, 03:00:00";"13";"6.7";"0.3";"171.14";"4.09"
"Dulles Airport";"Mar 16, 2026, 02:00:00";"12";"6.89";"0.29";"133.24";"3.38"
"Dulles Airport";"Mar 16, 2026, 01:00:00";"12";"6.12";"0.28";"93.46";"4.28"
"Dulles Airport";"Mar 16, 2026, 00:00:00";"11";"5.43";"0.28";"58.26";"6.77"
"Dulles Airport";"Mar 15, 2026, 23:00:00";"11";"7.14";"0.29";"34.4";"5.84"
"Dulles Airport";"Mar 15, 2026, 22:00:00";"10";"7.53";"0.31";"19.83";"4.67"
"Dulles Airport";"Mar 15, 2026, 21:00:00";"9";"6.57";"0.3";"14.57";"4.13"
"Dulles Airport";"Mar 15, 2026, 20:00:00";"9";"5.88";"0.3";"12.66";"3.55"
"Dulles Airport";"Mar 15, 2026, 19:00:00";"9";"4.27";"0.28";"12.64";"3.5"
"Dulles Airport";"Mar 15, 2026, 18:00:00";"8";"2.75";"0.27";"9.4";"3.15"
"Dulles Airport";"Mar 15, 2026, 17:00:00";"8";"1.76";"0.27";"8.31";"2.83"
"Dulles Airport";"Mar 15, 2026, 16:00:00";"8";"0.85";"0.28";"7.95";"2.59"
"Dulles Airport";"Mar 15, 2026, 15:00:00";"7";"0.66";"0.28";"8.31";"2.33"
"Dulles Airport";"Mar 15, 2026, 14:00:00";"7";"1.1";"0.27";"6.59";"1.97"
"Dulles Airport";"Mar 15, 2026, 13:00:00";"7";"1.12";"0.25";"4.04";"1.56"
"Dulles Airport";"Mar 15, 2026, 12:00:00";"7";"2.12";"0.24";"2.9";"1.58"
"Dulles Airport";"Mar 15, 2026, 11:00:00";"7";"2.92";"0.23";"2.58";"1.69"
"Dulles Airport";"Mar 15, 2026, 10:00:00";"7";"5.21";"0.23";"2.57";"1.69"
"Dulles Airport";"Mar 15, 2026, 09:00:00";"8";"7.68";"0.22";"2.55";"1.82"
"Dulles Airport";"Mar 15, 2026, 08:00:00";"9";"8.95";"0.22";"2.47";"1.55"
"Dulles Airport";"Mar 15, 2026, 07:00:00";"7";"6.49";"0.21";"2.34";"1.61"
"Dulles Airport";"Mar 15, 2026, 06:00:00";"7";"6.98";"0.19";"2.07";"1.33"
"Dulles Airport";"Mar 15, 2026, 05:00:00";"9";"8.48";"0.2";"1.86";"1.66"
"Dulles Airport";"Mar 15, 2026, 04:00:00";"9";"9.37";"0.22";"1.57";"1.99"
"Dulles Airport";"Mar 15, 2026, 03:00:00";"6";"5.35";"0.21";"0.72";"1.75"
"Dulles Airport";"Mar 15, 2026, 02:00:00";"7";"6.67";"0.19";"0.24";"1.78"
"Dulles Airport";"Mar 15, 2026, 01:00:00";"7";"6.44";"0.19";"0.45";"1.48"
"Dulles Airport";"Mar 15, 2026, 00:00:00";"8";"7.53";"0.21";"0.4";"1.7"
"Dulles Airport";"Mar 14, 2026, 23:00:00";"6";"5.17";"0.2";"0.54";"2.11"
"Dulles Airport";"Mar 14, 2026, 22:00:00";"6";"4.21";"0.22";"0.29";"1.63"
"Dulles Airport";"Mar 14, 2026, 21:00:00";"6";"2.88";"0.23";"0.21";"1.67"
"Dulles Airport";"Mar 14, 2026, 20:00:00";"5";"2.68";"0.24";"0.14";"1.28"
"Dulles Airport";"Mar 14, 2026, 19:00:00";"5";"0.43";"0.26";"1.12";"1.3"
"Dulles Airport";"Mar 14, 2026, 18:00:00";"5";"0.01";"0.27";"1.48";"1.24"
"Dulles Airport";"Mar 14, 2026, 17:00:00";"5";"0";"0.27";"1.57";"1.24"
"Dulles Airport";"Mar 14, 2026, 16:00:00";"6";"0";"0.27";"1.68";"1.75"
"Dulles Airport";"Mar 14, 2026, 15:00:00";"5";"0";"0.28";"2.12";"1.77"
"Dulles Airport";"Mar 14, 2026, 14:00:00";"5";"0";"0.27";"1.72";"1.37"
"Dulles Airport";"Mar 14, 2026, 13:00:00";"5";"0";"0.26";"1.03";"1.08"
"Dulles Airport";"Mar 14, 2026, 12:00:00";"5";"0";"0.25";"0.91";"1.11"
"Dulles Airport";"Mar 14, 2026, 11:00:00";"6";"0.04";"0.22";"0.24";"1.27"
"Dulles Airport";"Mar 14, 2026, 10:00:00";"6";"0.05";"0.21";"0.04";"1.14"
"Dulles Airport";"Mar 14, 2026, 09:00:00";"6";"0.18";"0.18";"0";"0.99"
"Dulles Airport";"Mar 14, 2026, 08:00:00";"6";"2.36";"0.14";"0.03";"0.79"
"Dulles Airport";"Mar 14, 2026, 07:00:00";"6";"0.29";"0.17";"0.08";"0.77"
"Dulles Airport";"Mar 14, 2026, 06:00:00";"6";"0";"0.19";"0.11";"0.77"
"Dulles Airport";"Mar 14, 2026, 05:00:00";"7";"1.47";"0.17";"3.32";"1.02"
"Dulles Airport";"Mar 14, 2026, 04:00:00";"7";"3.99";"0.17";"6.04";"1.07"
"Dulles Airport";"Mar 14, 2026, 03:00:00";"7";"3.94";"0.19";"6.71";"1.24"
"Dulles Airport";"Mar 14, 2026, 02:00:00";"7";"3.92";"0.21";"6.84";"1.2"
"Dulles Airport";"Mar 14, 2026, 01:00:00";"7";"5.81";"0.22";"6.64";"1.36"
"Dulles Airport";"Mar 14, 2026, 00:00:00";"7";"2.28";"0.23";"6.52";"1.23"
"Dulles Airport";"Mar 13, 2026, 23:00:00";"7";"0.92";"0.23";"6.57";"1.36"
"Dulles Airport";"Mar 13, 2026, 22:00:00";"7";"3.6";"0.23";"7.21";"1.27"
"Dulles Airport";"Mar 13, 2026, 21:00:00";"14";"13.92";"0.25";"8.13";"1.12"
"Dulles Airport";"Mar 13, 2026, 20:00:00";"25";"25.96";"0.3";"9.09";"1.18"
"Dulles Airport";"Mar 13, 2026, 19:00:00";"7";"3.98";"0.31";"9.49";"1.37"
"Dulles Airport";"Mar 13, 2026, 18:00:00";"7";"3.22";"0.3";"9.89";"1.19"
"Dulles Airport";"Mar 13, 2026, 17:00:00";"7";"3.64";"0.32";"10.32";"1.72"
"Dulles Airport";"Mar 13, 2026, 16:00:00";"7";"0.94";"0.26";"8.26";"1.36"
"Dulles Airport";"Mar 13, 2026, 15:00:00";"7";"0.24";"0.22";"7.72";"1.34"
"Dulles Airport";"Mar 13, 2026, 14:00:00";"8";"1.9";"0.29";"10.6";"1.45"
"Dulles Airport";"Mar 13, 2026, 13:00:00";"9";"0.02";"0.21";"9.4";"1.41"
"Dulles Airport";"Mar 13, 2026, 12:00:00";"9";"0.15";"0.22";"12.03";"1.64"
"Dulles Airport";"Mar 13, 2026, 11:00:00";"9";"3.28";"0.24";"14.55";"1.79"
"Dulles Airport";"Mar 13, 2026, 10:00:00";"14";"14.29";"0.27";"13.92";"1.84"
"Dulles Airport";"Mar 13, 2026, 09:00:00";"18";"17.72";"0.24";"10.51";"1.94"
"Dulles Airport";"Mar 13, 2026, 08:00:00";"27";"27.6";"0.24";"9.68";"2.32"
"Dulles Airport";"Mar 13, 2026, 07:00:00";"25";"25.87";"0.23";"9.93";"2.39"
"Dulles Airport";"Mar 13, 2026, 06:00:00";"20";"19.86";"0.18";"9.13";"2.26"
"Dulles Airport";"Mar 13, 2026, 05:00:00";"15";"15.18";"0.15";"8.74";"1.82"
"Dulles Airport";"Mar 13, 2026, 04:00:00";"11";"10.65";"0.13";"8.96";"1.92"
"Dulles Airport";"Mar 13, 2026, 03:00:00";"11";"10.55";"0.12";"7.21";"1.67"
"Dulles Airport";"Mar 13, 2026, 02:00:00";"8";"8.3";"0.11";"6.69";"1.58"
"Dulles Airport";"Mar 13, 2026, 01:00:00";"8";"8.14";"0.11";"6.06";"1.52"
"Dulles Airport";"Mar 13, 2026, 00:00:00";"8";"4.53";"0.1";"5.02";"1.42"
"Dulles Airport";"Mar 12, 2026, 23:00:00";"8";"3.26";"0.11";"4.4";"1.29"
"Dulles Airport";"Mar 12, 2026, 22:00:00";"9";"1.29";"0.14";"1.96";"1.12"
"Dulles Airport";"Mar 12, 2026, 21:00:00";"9";"1.07";"0.15";"3.32";"1.22"
"Dulles Airport";"Mar 12, 2026, 20:00:00";"10";"0.05";"0.16";"4.24";"1.24"
"Dulles Airport";"Mar 12, 2026, 19:00:00";"11";"0";"0.18";"6.88";"1.13"
"Dulles Airport";"Mar 12, 2026, 18:00:00";"11";"0";"0.19";"11.91";"1.2"
"Dulles Airport";"Mar 12, 2026, 17:00:00";"12";"0.23";"0.19";"19.82";"0.97"
"Dulles Airport";"Mar 12, 2026, 16:00:00";"12";"2.54";"0.16";"21.73";"1.23"
"Dulles Airport";"Mar 12, 2026, 15:00:00";"14";"14.22";"0.18";"20.83";"5.46"
"Dulles Airport";"Mar 12, 2026, 14:00:00";"13";"8.37";"0.15";"18.51";"6.24"
"Dulles Airport";"Mar 12, 2026, 13:00:00";"13";"5.27";"0.13";"16.09";"3.09"
"Dulles Airport";"Mar 12, 2026, 12:00:00";"14";"4.94";"0.13";"16.86";"1.96"
"Dulles Airport";"Mar 12, 2026, 11:00:00";"15";"3.72";"0.16";"20.3";"0.98"
"Dulles Airport";"Mar 12, 2026, 10:00:00";"16";"3.44";"0.19";"26.25";"0.43"
"Dulles Airport";"Mar 12, 2026, 09:00:00";"17";"2.28";"0.2";"27.94";"0.28"
"Dulles Airport";"Mar 12, 2026, 08:00:00";"17";"2.18";"0.23";"38.28";"0.45"
"Dulles Airport";"Mar 12, 2026, 07:00:00";"18";"0.32";"0.28";"41.74";"0.2"
"Dulles Airport";"Mar 12, 2026, 06:00:00";"19";"0";"0.32";"66.71";"0.19"
"Dulles Airport";"Mar 12, 2026, 05:00:00";"20";"0";"0.34";"75.28";"1.82"
"Dulles Airport";"Mar 12, 2026, 04:00:00";"20";"3.02";"0.34";"80.09";"2.4"
"Dulles Airport";"Mar 12, 2026, 03:00:00";"21";"0.82";"0.33";"82.25";"2.9"
"Dulles Airport";"Mar 12, 2026, 02:00:00";"21";"0";"0.33";"80.08";"2.91"
"Dulles Airport";"Mar 12, 2026, 01:00:00";"21";"0.19";"0.34";"98.32";"3.19"
"Dulles Airport";"Mar 12, 2026, 00:00:00";"21";"0.57";"0.37";"138.75";"3.64"
"Dulles Airport";"Mar 11, 2026, 23:00:00";"22";"9.24";"0.39";"187.27";"5.93"
"Dulles Airport";"Mar 11, 2026, 22:00:00";"21";"1.59";"0.37";"185.68";"0"
"Dulles Airport";"Mar 11, 2026, 21:00:00";"21";"0.05";"0.37";"169.94";"0"
"Dulles Airport";"Mar 11, 2026, 20:00:00";"21";"0";"0.38";"151.5";"6.32"
"Dulles Airport";"Mar 11, 2026, 19:00:00";"20";"0";"0.37";"77.1";"4.16"
"Dulles Airport";"Mar 11, 2026, 18:00:00";"20";"0";"0.38";"84.63";"4.5"
"Dulles Airport";"Mar 11, 2026, 17:00:00";"19";"0";"0.38";"95.17";"4.47"
"Dulles Airport";"Mar 11, 2026, 16:00:00";"19";"0";"0.39";"106.26";"5.96"
"Dulles Airport";"Mar 11, 2026, 15:00:00";"19";"0";"0.4";"116.06";"5.95"
"Dulles Airport";"Mar 11, 2026, 14:00:00";"19";"1.62";"0.44";"125.51";"5.95"
"Dulles Airport";"Mar 11, 2026, 13:00:00";"18";"3";"0.44";"134.16";"5.87"
"Dulles Airport";"Mar 11, 2026, 12:00:00";"18";"7.33";"0.45";"139.09";"5.89"
"Dulles Airport";"Mar 11, 2026, 11:00:00";"17";"16.68";"0.5";"141.29";"5.86"
"Dulles Airport";"Mar 11, 2026, 10:00:00";"17";"12.49";"0.43";"126.06";"6.08"
"Dulles Airport";"Mar 11, 2026, 09:00:00";"23";"23.68";"0.43";"94.82";"3.82"
"Dulles Airport";"Mar 11, 2026, 08:00:00";"18";"18.11";"0.33";"64.4";"4.86"
"Dulles Airport";"Mar 11, 2026, 07:00:00";"16";"11.45";"0.33";"63.8";"4.99"
"Dulles Airport";"Mar 11, 2026, 06:00:00";"16";"7.61";"0.35";"66.5";"4.33"
"Dulles Airport";"Mar 11, 2026, 05:00:00";"16";"4.39";"0.34";"61";"4.54"
"Dulles Airport";"Mar 11, 2026, 04:00:00";"16";"2.27";"0.35";"59.7";"4.96"
"Dulles Airport";"Mar 11, 2026, 03:00:00";"15";"3.06";"0.34";"59.08";"4.41"
"Dulles Airport";"Mar 11, 2026, 02:00:00";"15";"4.53";"0.37";"54.08";"4.38"
"Dulles Airport";"Mar 11, 2026, 01:00:00";"17";"16.76";"0.35";"47.26";"3.72"
"Dulles Airport";"Mar 11, 2026, 00:00:00";"26";"26.34";"0.38";"43.42";"4.43"
"Dulles Airport";"Mar 10, 2026, 23:00:00";"19";"19.75";"0.42";"42.87";"3.98"
"Dulles Airport";"Mar 10, 2026, 22:00:00";"30";"30.72";"0.52";"43.78";"3.72"
"Dulles Airport";"Mar 10, 2026, 21:00:00";"30";"31.13";"0.4";"39.09";"2.76"
"Dulles Airport";"Mar 10, 2026, 20:00:00";"14";"14.45";"0.37";"28.89";"2.81"
"Dulles Airport";"Mar 10, 2026, 19:00:00";"13";"0.38";"0.38";"25.53";"2.81"
"Dulles Airport";"Mar 10, 2026, 18:00:00";"13";"0";"0.35";"25.7";"2.65"
"Dulles Airport";"Mar 10, 2026, 17:00:00";"12";"0";"0.34";"26.5";"2.72"
"Dulles Airport";"Mar 10, 2026, 16:00:00";"12";"0";"0.36";"33.32";"4.91"
"Dulles Airport";"Mar 10, 2026, 15:00:00";"12";"0";"0.35";"40.08";"4.26"
"Dulles Airport";"Mar 10, 2026, 14:00:00";"11";"0";"0.36";"46.39";"3.42"
"Dulles Airport";"Mar 10, 2026, 13:00:00";"11";"0";"0.45";"46.48";"2.87"
"Dulles Airport";"Mar 10, 2026, 12:00:00";"11";"2.25";"0.56";"64.89";"3.3"
"Dulles Airport";"Mar 10, 2026, 11:00:00";"19";"19.35";"0.52";"78.53";"3.24"
"Dulles Airport";"Mar 10, 2026, 10:00:00";"23";"23.07";"0.44";"70.58";"3.17"
"Dulles Airport";"Mar 10, 2026, 09:00:00";"12";"11.82";"0.33";"47.77";"3.42"
"Dulles Airport";"Mar 10, 2026, 08:00:00";"10";"7.02";"0.21";"35.45";"4.58"
"Dulles Airport";"Mar 10, 2026, 07:00:00";"10";"6.83";"0.2";"34.37";"4.45"
"Dulles Airport";"Mar 10, 2026, 06:00:00";"10";"8.23";"0.21";"33.95";"3.59"
"Dulles Airport";"Mar 10, 2026, 05:00:00";"10";"6.53";"0.19";"32.98";"2.98"
"Dulles Airport";"Mar 10, 2026, 04:00:00";"12";"11.76";"0.22";"33.08";"2.72"
"Dulles Airport";"Mar 10, 2026, 03:00:00";"17";"17.12";"0.24";"31.72";"3.12"
"Dulles Airport";"Mar 10, 2026, 02:00:00";"13";"13.33";"0.24";"31.64";"2.64"
"Dulles Airport";"Mar 10, 2026, 01:00:00";"25";"25.17";"0.27";"30.52";"2.29"
"Dulles Airport";"Mar 10, 2026, 00:00:00";"25";"25.93";"0.29";"28.37";"1.85"
"Dulles Airport";"Mar 9, 2026, 23:00:00";"23";"23.58";"0.38";"28.87";"1.89"
"Dulles Airport";"Mar 9, 2026, 22:00:00";"36";"36.78";"0.44";"28.81";"2.01"
"Dulles Airport";"Mar 9, 2026, 21:00:00";"30";"31.08";"0.32";"30.86";"1.61"
"Dulles Airport";"Mar 9, 2026, 20:00:00";"13";"12.57";"0.32";"30.65";"1.48"
"Dulles Airport";"Mar 9, 2026, 19:00:00";"11";"0.1";"0.35";"21.69";"1.24"
"Dulles Airport";"Mar 9, 2026, 18:00:00";"11";"0";"0.35";"17.21";"1.21"
"Dulles Airport";"Mar 9, 2026, 17:00:00";"11";"0";"0.35";"19.15";"1.36"
"Dulles Airport";"Mar 9, 2026, 16:00:00";"11";"0";"0.35";"23.3";"1.46"
"Dulles Airport";"Mar 9, 2026, 15:00:00";"11";"0";"0.35";"28.59";"1.52"
"Dulles Airport";"Mar 9, 2026, 14:00:00";"10";"0";"0.37";"29.5";"1.64"
"Dulles Airport";"Mar 9, 2026, 13:00:00";"10";"0";"0.39";"35.87";"1.3"
"Dulles Airport";"Mar 9, 2026, 12:00:00";"10";"1.62";"0.47";"53.44";"2.21"
"Dulles Airport";"Mar 9, 2026, 11:00:00";"10";"9.41";"0.38";"64.06";"2.16"
"Dulles Airport";"Mar 9, 2026, 10:00:00";"18";"18.55";"0.37";"63.41";"1.75"
"Dulles Airport";"Mar 9, 2026, 09:00:00";"11";"7.4";"0.24";"32.2";"4.24"
"Dulles Airport";"Mar 9, 2026, 08:00:00";"11";"6.64";"0.19";"27.04";"5.72"
"Dulles Airport";"Mar 9, 2026, 07:00:00";"10";"6.34";"0.16";"26.65";"5.02"
"Dulles Airport";"Mar 9, 2026, 06:00:00";"10";"7.07";"0.17";"26.59";"4.1"
"Dulles Airport";"Mar 9, 2026, 05:00:00";"11";"8.82";"0.18";"27.39";"3.79"
"Dulles Airport";"Mar 9, 2026, 04:00:00";"15";"15.29";"0.22";"29.05";"3.32"
"Dulles Airport";"Mar 9, 2026, 03:00:00";"17";"17.44";"0.26";"30.73";"3.37"
"Dulles Airport";"Mar 9, 2026, 02:00:00";"21";"21.76";"0.25";"29.89";"2.31"
"Dulles Airport";"Mar 9, 2026, 01:00:00";"14";"11.21";"0.24";"30.37";"2.23"
"Dulles Airport";"Mar 9, 2026, 00:00:00";"16";"2.9";"0.21";"29.66";"2.03"
"Dulles Airport";"Mar 8, 2026, 23:00:00";"16";"2";"0.21";"27.54";"1.96"
"Dulles Airport";"Mar 8, 2026, 22:00:00";"17";"1.58";"0.24";"26.57";"1.56"
"Dulles Airport";"Mar 8, 2026, 21:00:00";"18";"0.03";"0.29";"30.27";"1.5"
"Dulles Airport";"Mar 8, 2026, 20:00:00";"19";"0";"0.32";"33.25";"1.44"
"Dulles Airport";"Mar 8, 2026, 19:00:00";"20";"0";"0.32";"34.84";"1.34"
"Dulles Airport";"Mar 8, 2026, 18:00:00";"21";"0";"0.32";"35.92";"1.17"
"Dulles Airport";"Mar 8, 2026, 17:00:00";"21";"0";"0.32";"53.02";"1.12"
"Dulles Airport";"Mar 8, 2026, 16:00:00";"22";"0";"0.33";"78.45";"1"
"Dulles Airport";"Mar 8, 2026, 15:00:00";"24";"0";"0.32";"91.35";"0.85"
"Dulles Airport";"Mar 8, 2026, 14:00:00";"25";"0";"0.32";"125.99";"0.72"
"Dulles Airport";"Mar 8, 2026, 13:00:00";"26";"0";"0.35";"187.85";"1.56"
"Dulles Airport";"Mar 8, 2026, 12:00:00";"27";"0";"0.36";"221.34";"2.56"
"Dulles Airport";"Mar 8, 2026, 11:00:00";"27";"0.13";"0.35";"247.11";"2.1"
"Dulles Airport";"Mar 8, 2026, 10:00:00";"28";"0.85";"0.34";"274.92";"3.22"
"Dulles Airport";"Mar 8, 2026, 09:00:00";"29";"0";"0.29";"259.99";"3.73"
"Dulles Airport";"Mar 8, 2026, 08:00:00";"30";"0.05";"0.29";"270.34";"4.66"
"Dulles Airport";"Mar 8, 2026, 07:00:00";"31";"0";"0.3";"283.11";"5.5"
"Dulles Airport";"Mar 8, 2026, 06:00:00";"32";"0";"0.31";"296.15";"4.59"
"Dulles Airport";"Mar 8, 2026, 05:00:00";"34";"0";"0.31";"303.57";"3.96"
"Dulles Airport";"Mar 8, 2026, 04:00:00";"36";"2.12";"0.29";"278.2";"4.68"
"Dulles Airport";"Mar 8, 2026, 03:00:00";"39";"11.2";"0.33";"245.16";"10.22"
"Dulles Airport";"Mar 8, 2026, 01:00:00";"39";"6.41";"0.38";"223.67";"15.42"
"Dulles Airport";"Mar 8, 2026, 00:00:00";"38";"0.07";"0.35";"235.8";"10.02"
"Dulles Airport";"Mar 7, 2026, 23:00:00";"39";"0.02";"0.32";"231.38";"6.1"
"Dulles Airport";"Mar 7, 2026, 22:00:00";"41";"4.43";"0.35";"248.35";"5.86"
"Dulles Airport";"Mar 7, 2026, 21:00:00";"44";"8.74";"0.39";"215.06";"6.48"
"Dulles Airport";"Mar 7, 2026, 20:00:00";"47";"5.74";"0.4";"205.5";"6.51"
"Dulles Airport";"Mar 7, 2026, 19:00:00";"49";"5.71";"0.42";"214.45";"6.64"
"Dulles Airport";"Mar 7, 2026, 18:00:00";"51";"4.64";"0.43";"226.5";"6.76"
"Dulles Airport";"Mar 7, 2026, 17:00:00";"52";"0.49";"0.38";"182.99";"6.24"
"Dulles Airport";"Mar 7, 2026, 16:00:00";"53";"0.09";"0.36";"158.72";"6.74"
"Dulles Airport";"Mar 7, 2026, 15:00:00";"54";"0.17";"0.34";"144.35";"7.64"
"Dulles Airport";"Mar 7, 2026, 14:00:00";"55";"2.8";"0.32";"129.6";"6.94"
"Dulles Airport";"Mar 7, 2026, 13:00:00";"56";"3.31";"0.29";"115.7";"7.37"
"Dulles Airport";"Mar 7, 2026, 12:00:00";"56";"2.36";"0.25";"106.95";"6.31"
"Dulles Airport";"Mar 7, 2026, 11:00:00";"57";"4.41";"0.24";"98.48";"6.53"
"Dulles Airport";"Mar 7, 2026, 10:00:00";"58";"6.96";"0.23";"87.31";"7.7"
"Dulles Airport";"Mar 7, 2026, 09:00:00";"59";"7.66";"0.21";"75.01";"9.92"
"Dulles Airport";"Mar 7, 2026, 08:00:00";"59";"2.15";"0.17";"67.01";"9.65"
"Dulles Airport";"Mar 7, 2026, 07:00:00";"60";"1.7";"0.16";"65.36";"10.18"
"Dulles Airport";"Mar 7, 2026, 06:00:00";"61";"2.22";"0.16";"64.59";"10.86"
"Dulles Airport";"Mar 7, 2026, 05:00:00";"61";"2.04";"0.17";"65";"12.71"
"Dulles Airport";"Mar 7, 2026, 04:00:00";"62";"1.57";"0.18";"65.9";"17.27"
"Dulles Airport";"Mar 7, 2026, 03:00:00";"62";"1.97";"0.19";"66.4";"19.1"
"Dulles Airport";"Mar 7, 2026, 02:00:00";"3";"1.41";"0.2";"66.27";"11.86"
"Dulles Airport";"Mar 7, 2026, 01:00:00";"3";"0.81";"0.21";"68.38";"11.33"
"Dulles Airport";"Mar 7, 2026, 00:00:00";"4";"1.68";"0.22";"70.48";"14.07"
"Dulles Airport";"Mar 6, 2026, 23:00:00";"4";"2.5";"0.24";"76.64";"18.95"
"Dulles Airport";"Mar 6, 2026, 22:00:00";"4";"2.44";"0.24";"79.1";"20.72"
"Dulles Airport";"Mar 6, 2026, 21:00:00";"4";"3.83";"0.26";"81.78";"23.4"
"Dulles Airport";"Mar 6, 2026, 20:00:00";"5";"4.2";"0.27";"83.64";"21.29"
"Dulles Airport";"Mar 6, 2026, 19:00:00";"5";"4.79";"0.29";"86.92";"18.3"
"Dulles Airport";"Mar 6, 2026, 18:00:00";"7";"6.32";"0.33";"95.1";"18.11"
"Dulles Airport";"Mar 6, 2026, 17:00:00";"5";"4.59";"0.34";"99.52";"18.81"
"Dulles Airport";"Mar 6, 2026, 16:00:00";"5";"2.54";"0.33";"103.74";"17.75"
"Dulles Airport";"Mar 6, 2026, 15:00:00";"5";"2.14";"0.34";"108.02";"18.06"
"Dulles Airport";"Mar 6, 2026, 14:00:00";"5";"1.76";"0.35";"111.47";"16.63"
"Dulles Airport";"Mar 6, 2026, 13:00:00";"4";"1.57";"0.36";"112.96";"14.82"
"Dulles Airport";"Mar 6, 2026, 12:00:00";"4";"2.95";"0.36";"113.32";"12.77"
"Dulles Airport";"Mar 6, 2026, 11:00:00";"4";"3.45";"0.34";"113.48";"13.56"
"Dulles Airport";"Mar 6, 2026, 10:00:00";"5";"4.74";"0.34";"118.91";"20"
"Dulles Airport";"Mar 6, 2026, 09:00:00";"8";"7.5";"0.37";"120.99";"0"
"Dulles Airport";"Mar 6, 2026, 08:00:00";"9";"8.94";"0.35";"123.76";"0"
"Dulles Airport";"Mar 6, 2026, 07:00:00";"10";"10.38";"0.33";"126.92";"0"
"Dulles Airport";"Mar 6, 2026, 06:00:00";"7";"6.56";"0.31";"128.45";"0"
"Dulles Airport";"Mar 6, 2026, 05:00:00";"5";"5.2";"0.31";"127.64";"0"
"Dulles Airport";"Mar 6, 2026, 04:00:00";"5";"4.62";"0.31";"130.28";"0"
"Dulles Airport";"Mar 6, 2026, 03:00:00";"6";"6.08";"0.34";"139.74";"0"
"Dulles Airport";"Mar 6, 2026, 02:00:00";"8";"7.43";"0.36";"142.96";"0"
"Dulles Airport";"Mar 6, 2026, 01:00:00";"6";"5.89";"0.35";"142.07";"0"
"Dulles Airport";"Mar 6, 2026, 00:00:00";"9";"8.58";"0.36";"143.21";"0"
"Dulles Airport";"Mar 5, 2026, 23:00:00";"12";"11.97";"0.38";"147.02";"0"
"Dulles Airport";"Mar 5, 2026, 22:00:00";"12";"12.41";"0.38";"127.77";"0"
"Dulles Airport";"Mar 5, 2026, 21:00:00";"7";"6.94";"0.35";"112.54";"25.42"
"Dulles Airport";"Mar 5, 2026, 20:00:00";"13";"13.01";"0.43";"120.54";"21.57"
"Dulles Airport";"Mar 5, 2026, 19:00:00";"19";"19.39";"0.5";"123.84";"26.35"
"Dulles Airport";"Mar 5, 2026, 18:00:00";"14";"14.35";"0.53";"134.4";"25.7"
"Dulles Airport";"Mar 5, 2026, 17:00:00";"8";"8.33";"0.49";"144.48";"19.97"
"Dulles Airport";"Mar 5, 2026, 16:00:00";"14";"13.84";"0.53";"148.69";"22.47"
"Dulles Airport";"Mar 5, 2026, 15:00:00";"12";"11.5";"0.52";"154.22";"23.25"
"Dulles Airport";"Mar 5, 2026, 14:00:00";"11";"10.67";"0.49";"150.28";"23.95"
"Dulles Airport";"Mar 5, 2026, 13:00:00";"7";"6.69";"0.43";"143.9";"19.55"
"Dulles Airport";"Mar 5, 2026, 12:00:00";"7";"6.93";"0.39";"134.84";"16.35"
"Dulles Airport";"Mar 5, 2026, 11:00:00";"8";"8.1";"0.35";"127.67";"16.76"
"Dulles Airport";"Mar 5, 2026, 10:00:00";"12";"11.77";"0.36";"124.69";"24.57"
"Dulles Airport";"Mar 5, 2026, 09:00:00";"11";"10.65";"0.38";"122.65";"0"
"Dulles Airport";"Mar 5, 2026, 08:00:00";"9";"9.22";"0.34";"112.99";"0"
"Dulles Airport";"Mar 5, 2026, 07:00:00";"9";"8.47";"0.33";"107.19";"0"
"Dulles Airport";"Mar 5, 2026, 06:00:00";"10";"10.27";"0.33";"107.05";"0"
"Dulles Airport";"Mar 5, 2026, 05:00:00";"11";"10.49";"0.32";"106.78";"0"
"Dulles Airport";"Mar 5, 2026, 04:00:00";"12";"11.69";"0.33";"108.38";"0"
"Dulles Airport";"Mar 5, 2026, 03:00:00";"13";"12.52";"0.37";"110.84";"0"
"Dulles Airport";"Mar 5, 2026, 02:00:00";"4";"2.58";"0.33";"109.76";"0"
"Dulles Airport";"Mar 5, 2026, 01:00:00";"6";"6.19";"0.34";"113.25";"0"
"Dulles Airport";"Mar 5, 2026, 00:00:00";"58";"8.8";"0.38";"116.7";"0"
"Dulles Airport";"Mar 4, 2026, 23:00:00";"57";"12.95";"0.39";"121.42";"0"
"Dulles Airport";"Mar 4, 2026, 22:00:00";"57";"5.83";"0.32";"116.44";"0"
"Dulles Airport";"Mar 4, 2026, 21:00:00";"57";"5.42";"0.3";"115.41";"0"
"Dulles Airport";"Mar 4, 2026, 20:00:00";"57";"5.37";"0.3";"113.64";"23.87"
"Dulles Airport";"Mar 4, 2026, 19:00:00";"56";"6.3";"0.3";"117.6";"21.43"
"Dulles Airport";"Mar 4, 2026, 18:00:00";"55";"6.09";"0.31";"118.38";"17.15"
"Dulles Airport";"Mar 4, 2026, 17:00:00";"54";"7.01";"0.34";"119.56";"13.86"
"Dulles Airport";"Mar 4, 2026, 16:00:00";"54";"6.17";"0.33";"121.38";"15.04"
"Dulles Airport";"Mar 4, 2026, 15:00:00";"53";"6.21";"0.31";"114.09";"18.26"
"Dulles Airport";"Mar 4, 2026, 14:00:00";"52";"6.59";"0.29";"107.31";"19.86"
"Dulles Airport";"Mar 4, 2026, 13:00:00";"51";"8.69";"0.29";"103.98";"18.38"
"Dulles Airport";"Mar 4, 2026, 12:00:00";"51";"3.9";"0.28";"104.41";"11.97"
"Dulles Airport";"Mar 4, 2026, 11:00:00";"53";"4.59";"0.3";"107.02";"8.09"
"Dulles Airport";"Mar 4, 2026, 10:00:00";"54";"7.54";"0.33";"104.66";"8.28"
"Dulles Airport";"Mar 4, 2026, 09:00:00";"54";"9.55";"0.3";"96.85";"12.83"
"Dulles Airport";"Mar 4, 2026, 08:00:00";"54";"4.29";"0.21";"78.31";"18.15"
"Dulles Airport";"Mar 4, 2026, 07:00:00";"54";"4.84";"0.19";"74.27";"19.12"
"Dulles Airport";"Mar 4, 2026, 06:00:00";"3";"2.52";"0.18";"71.64";"19.58"
"Dulles Airport";"Mar 4, 2026, 05:00:00";"3";"0.12";"0.17";"72.22";"0"
"Dulles Airport";"Mar 4, 2026, 04:00:00";"57";"0.49";"0.18";"76.54";"0"
"Dulles Airport";"Mar 4, 2026, 03:00:00";"59";"1.02";"0.19";"75";"11.6"
"Dulles Airport";"Mar 4, 2026, 02:00:00";"61";"1.06";"0.19";"73.14";"10.73"
"Dulles Airport";"Mar 4, 2026, 01:00:00";"63";"2.13";"0.19";"71.25";"10.49"
"Dulles Airport";"Mar 4, 2026, 00:00:00";"64";"5.33";"0.19";"67.15";"11.4"
"Dulles Airport";"Mar 3, 2026, 23:00:00";"66";"6.22";"0.18";"62.68";"10.4"
"Dulles Airport";"Mar 3, 2026, 22:00:00";"68";"9.09";"0.23";"56.77";"16.53"
"Dulles Airport";"Mar 3, 2026, 21:00:00";"69";"12.62";"0.23";"52.5";"15.24"
"Dulles Airport";"Mar 3, 2026, 20:00:00";"70";"18.52";"0.25";"51.34";"11.56"
"Dulles Airport";"Mar 3, 2026, 19:00:00";"71";"17.37";"0.21";"47.02";"10.66"
"Dulles Airport";"Mar 3, 2026, 18:00:00";"71";"10.49";"0.18";"45.05";"11.24"
"Dulles Airport";"Mar 3, 2026, 17:00:00";"71";"10.64";"0.21";"43.98";"9.23"
"Dulles Airport";"Mar 3, 2026, 16:00:00";"71";"9.75";"0.21";"40.26";"9.19"
"Dulles Airport";"Mar 3, 2026, 15:00:00";"71";"12.74";"0.2";"35.91";"7.94"
"Dulles Airport";"Mar 3, 2026, 14:00:00";"70";"15.15";"0.2";"33.12";"9.84"
"Dulles Airport";"Mar 3, 2026, 13:00:00";"70";"12.96";"0.19";"30.83";"16.97"
"Dulles Airport";"Mar 3, 2026, 12:00:00";"68";"19.9";"0.2";"26.85";"30.55"
"Dulles Airport";"Mar 3, 2026, 11:00:00";"65";"19.13";"0.19";"24.28";"0"
"Dulles Airport";"Mar 3, 2026, 10:00:00";"63";"14.01";"0.15";"21.52";"0"
"Dulles Airport";"Mar 3, 2026, 09:00:00";"62";"8.63";"0.13";"20.08";"0"
"Dulles Airport";"Mar 3, 2026, 08:00:00";"61";"10.81";"0.15";"19.24";"0"
"Dulles Airport";"Mar 3, 2026, 07:00:00";"59";"7.57";"0.15";"18.99";"0"
"Dulles Airport";"Mar 3, 2026, 06:00:00";"58";"8.46";"0.15";"18.75";"38.27"
"Dulles Airport";"Mar 3, 2026, 05:00:00";"55";"6.79";"0.15";"18.01";"32.45"
"Dulles Airport";"Mar 3, 2026, 04:00:00";"52";"7.15";"0.15";"17.77";"32.23"
"Dulles Airport";"Mar 3, 2026, 03:00:00";"49";"6.8";"0.15";"16.51";"27.54"
"Dulles Airport";"Mar 3, 2026, 02:00:00";"45";"7.22";"0.15";"15.31";"26.3"
"Dulles Airport";"Mar 3, 2026, 01:00:00";"41";"6.28";"0.15";"14.19";"24.56"
"Dulles Airport";"Mar 3, 2026, 00:00:00";"37";"8.14";"0.17";"13.59";"25.49"