sep=;
"Location";"Date";"NO2 (ppb)";"VOCs (ppb)";"PM2.5 (µg/m³)"
"Farmwell Station MS";"Aug 10, 2026, 23:00:00";"6.23";"54.81";"9.09"
"Farmwell Station MS";"Aug 10, 2026, 22:00:00";"6.07";"56.01";"7.48"
"Farmwell Station MS";"Aug 10, 2026, 21:00:00";"6.07";"47.27";"8.4"
"Farmwell Station MS";"Aug 10, 2026, 20:00:00";"7.91";"38.85";"7.83"
"Farmwell Station MS";"Aug 10, 2026, 19:00:00";"9.66";"37.65";"8.65"
"Farmwell Station MS";"Aug 10, 2026, 18:00:00";"9.45";"28.93";"8.15"
"Farmwell Station MS";"Aug 10, 2026, 17:00:00";"11.92";"2.63";"7.29"
"Farmwell Station MS";"Aug 10, 2026, 16:00:00";"4.24";"0";"12.98"
"Farmwell Station MS";"Aug 10, 2026, 15:00:00";"1.72";"0";"15.3"
"Farmwell Station MS";"Aug 10, 2026, 14:00:00";"1.02";"0";"17.2"
"Farmwell Station MS";"Aug 10, 2026, 13:00:00";"2.3";"0";"18.56"
"Farmwell Station MS";"Aug 10, 2026, 12:00:00";"0.01";"0";"14.97"
"Farmwell Station MS";"Aug 10, 2026, 11:00:00";"0";"0";"21.45"
"Farmwell Station MS";"Aug 10, 2026, 10:00:00";"0";"0";"22.49"
"Farmwell Station MS";"Aug 10, 2026, 09:00:00";"0.73";"0";"16.63"
"Farmwell Station MS";"Aug 10, 2026, 08:00:00";"4.01";"39.86";"13.74"
"Farmwell Station MS";"Aug 10, 2026, 07:00:00";"3.59";"63.53";"14.29"
"Farmwell Station MS";"Aug 10, 2026, 06:00:00";"1.52";"59.66";"15.66"
"Farmwell Station MS";"Aug 10, 2026, 05:00:00";"2.23";"56.04";"15.5"
"Farmwell Station MS";"Aug 10, 2026, 04:00:00";"1.77";"45.45";"15.57"
"Farmwell Station MS";"Aug 10, 2026, 03:00:00";"2.05";"31";"16.06"
"Farmwell Station MS";"Aug 10, 2026, 02:00:00";"2.35";"2.93";"15.36"
"Farmwell Station MS";"Aug 10, 2026, 01:00:00";"2.5";"0";"14.98"
"Farmwell Station MS";"Aug 10, 2026, 00:00:00";"2.96";"0";"15.03"
"Farmwell Station MS";"Aug 9, 2026, 23:00:00";"3.63";"0";"14.98"
"Farmwell Station MS";"Aug 9, 2026, 22:00:00";"4.58";"0";"16.35"
"Farmwell Station MS";"Aug 9, 2026, 21:00:00";"5.29";"0";"16.63"
"Farmwell Station MS";"Aug 9, 2026, 20:00:00";"5.17";"0";"17.92"
"Farmwell Station MS";"Aug 9, 2026, 19:00:00";"3.4";"0";"18.01"
"Farmwell Station MS";"Aug 9, 2026, 18:00:00";"1.82";"0";"16.4"
"Farmwell Station MS";"Aug 9, 2026, 17:00:00";"3.65";"0";"15.36"
"Farmwell Station MS";"Aug 9, 2026, 16:00:00";"2.89";"0";"13.5"
"Farmwell Station MS";"Aug 9, 2026, 15:00:00";"2.16";"0";"14.77"
"Farmwell Station MS";"Aug 9, 2026, 14:00:00";"0.23";"0";"15.56"
"Farmwell Station MS";"Aug 9, 2026, 13:00:00";"1.02";"0";"16.78"
"Farmwell Station MS";"Aug 9, 2026, 12:00:00";"0";"0";"14.46"
"Farmwell Station MS";"Aug 9, 2026, 11:00:00";"0";"0";"13.78"
"Farmwell Station MS";"Aug 9, 2026, 10:00:00";"0";"0";"12.27"
"Farmwell Station MS";"Aug 9, 2026, 09:00:00";"0";"0";"9.5"
"Farmwell Station MS";"Aug 9, 2026, 08:00:00";"1.02";"24.95";"7.28"
"Farmwell Station MS";"Aug 9, 2026, 07:00:00";"1.6";"47.29";"8.41"
"Farmwell Station MS";"Aug 9, 2026, 06:00:00";"2.3";"51.19";"7.25"
"Farmwell Station MS";"Aug 9, 2026, 05:00:00";"0";"0";"6.99"
"Farmwell Station MS";"Aug 9, 2026, 04:00:00";"1.49";"33.26";"7.66"
"Farmwell Station MS";"Aug 9, 2026, 03:00:00";"2.75";"16.7";"7.02"
"Farmwell Station MS";"Aug 9, 2026, 02:00:00";"2.89";"0";"7.05"
"Farmwell Station MS";"Aug 9, 2026, 01:00:00";"3.6";"0";"7.41"
"Farmwell Station MS";"Aug 9, 2026, 00:00:00";"4.05";"0";"6.99"
"Farmwell Station MS";"Aug 8, 2026, 23:00:00";"4.38";"0";"7.34"
"Farmwell Station MS";"Aug 8, 2026, 22:00:00";"4.18";"0";"7.88"
"Farmwell Station MS";"Aug 8, 2026, 21:00:00";"4.54";"0";"8.17"
"Farmwell Station MS";"Aug 8, 2026, 20:00:00";"3.82";"0";"8.43"
"Farmwell Station MS";"Aug 8, 2026, 19:00:00";"2.09";"0";"10.73"
"Farmwell Station MS";"Aug 8, 2026, 18:00:00";"0.92";"0";"10.24"
"Farmwell Station MS";"Aug 8, 2026, 17:00:00";"4.91";"0";"11.78"
"Farmwell Station MS";"Aug 8, 2026, 16:00:00";"2.91";"0";"10.95"
"Farmwell Station MS";"Aug 8, 2026, 15:00:00";"0.02";"0";"9.18"
"Farmwell Station MS";"Aug 8, 2026, 14:00:00";"4.45";"0";"6.2"
"Farmwell Station MS";"Aug 8, 2026, 13:00:00";"2.93";"0";"6.67"
"Farmwell Station MS";"Aug 8, 2026, 12:00:00";"0.23";"0";"5.33"
"Farmwell Station MS";"Aug 8, 2026, 11:00:00";"0";"0";"5.22"
"Farmwell Station MS";"Aug 8, 2026, 10:00:00";"0";"0";"5.21"
"Farmwell Station MS";"Aug 8, 2026, 09:00:00";"0";"0";"3.76"
"Farmwell Station MS";"Aug 8, 2026, 08:00:00";"0.88";"51.07";"3.56"
"Farmwell Station MS";"Aug 8, 2026, 07:00:00";"1.52";"71.55";"5.35"
"Farmwell Station MS";"Aug 8, 2026, 06:00:00";"1.77";"64.07";"5.65"
"Farmwell Station MS";"Aug 8, 2026, 05:00:00";"1.63";"60.03";"5.1"
"Farmwell Station MS";"Aug 8, 2026, 04:00:00";"2.86";"53.46";"4.57"
"Farmwell Station MS";"Aug 8, 2026, 03:00:00";"2.71";"35.7";"4.3"
"Farmwell Station MS";"Aug 8, 2026, 02:00:00";"3.68";"16.78";"3.27"
"Farmwell Station MS";"Aug 8, 2026, 01:00:00";"3.7";"0";"2.91"
"Farmwell Station MS";"Aug 8, 2026, 00:00:00";"4.3";"0";"2.72"
"Farmwell Station MS";"Aug 7, 2026, 23:00:00";"4.31";"0";"2.27"
"Farmwell Station MS";"Aug 7, 2026, 22:00:00";"5.37";"0";"2.64"
"Farmwell Station MS";"Aug 7, 2026, 21:00:00";"5.54";"0";"2.75"
"Farmwell Station MS";"Aug 7, 2026, 20:00:00";"6.55";"0";"2.57"
"Farmwell Station MS";"Aug 7, 2026, 19:00:00";"9.33";"0";"2.43"
"Farmwell Station MS";"Aug 7, 2026, 18:00:00";"1.65";"0";"4.85"
"Farmwell Station MS";"Aug 7, 2026, 17:00:00";"4.05";"0";"4.7"
"Farmwell Station MS";"Aug 7, 2026, 16:00:00";"9.04";"0";"4.76"
"Farmwell Station MS";"Aug 7, 2026, 15:00:00";"7.33";"0";"4.33"
"Farmwell Station MS";"Aug 7, 2026, 14:00:00";"1.43";"0";"2.71"
"Farmwell Station MS";"Aug 7, 2026, 13:00:00";"0";"0";"3.41"
"Farmwell Station MS";"Aug 7, 2026, 12:00:00";"0";"0";"4.61"
"Farmwell Station MS";"Aug 7, 2026, 11:00:00";"0";"0";"5.91"
"Farmwell Station MS";"Aug 7, 2026, 10:00:00";"0";"0";"4.71"
"Farmwell Station MS";"Aug 7, 2026, 09:00:00";"0.73";"4.82";"3.97"
"Farmwell Station MS";"Aug 7, 2026, 08:00:00";"3.56";"68.62";"3.52"
"Farmwell Station MS";"Aug 7, 2026, 07:00:00";"2.73";"81.03";"0"
"Farmwell Station MS";"Aug 7, 2026, 06:00:00";"3.64";"77.21";"0"
"Farmwell Station MS";"Aug 7, 2026, 05:00:00";"5.2";"75.56";"4.85"
"Farmwell Station MS";"Aug 7, 2026, 04:00:00";"10.16";"72.77";"4.24"
"Farmwell Station MS";"Aug 7, 2026, 03:00:00";"7.88";"71.12";"4.12"
"Farmwell Station MS";"Aug 7, 2026, 02:00:00";"3.93";"63.6";"4.91"
"Farmwell Station MS";"Aug 7, 2026, 01:00:00";"3.54";"51.07";"4.21"
"Farmwell Station MS";"Aug 7, 2026, 00:00:00";"4.96";"42.58";"3.1"
"Farmwell Station MS";"Aug 6, 2026, 23:00:00";"5.05";"45.21";"3.89"
"Farmwell Station MS";"Aug 6, 2026, 22:00:00";"7.48";"42.19";"3.59"
"Farmwell Station MS";"Aug 6, 2026, 21:00:00";"8.29";"28.78";"3.65"
"Farmwell Station MS";"Aug 6, 2026, 20:00:00";"6.77";"0.63";"5.01"
"Farmwell Station MS";"Aug 6, 2026, 19:00:00";"5.95";"0";"3.49"
"Farmwell Station MS";"Aug 6, 2026, 18:00:00";"0.84";"0";"3.48"
"Farmwell Station MS";"Aug 6, 2026, 17:00:00";"7.63";"0";"4.61"
"Farmwell Station MS";"Aug 6, 2026, 16:00:00";"16.65";"0";"5.34"
"Farmwell Station MS";"Aug 6, 2026, 15:00:00";"6.72";"0";"8.81"
"Farmwell Station MS";"Aug 6, 2026, 14:00:00";"1.45";"0";"8.46"
"Farmwell Station MS";"Aug 6, 2026, 13:00:00";"0.26";"0";"9.36"
"Farmwell Station MS";"Aug 6, 2026, 12:00:00";"0";"0";"11.18"
"Farmwell Station MS";"Aug 6, 2026, 11:00:00";"0";"0";"14.42"
"Farmwell Station MS";"Aug 6, 2026, 10:00:00";"0";"0";"13.32"
"Farmwell Station MS";"Aug 6, 2026, 09:00:00";"0.03";"5.93";"12.87"
"Farmwell Station MS";"Aug 6, 2026, 08:00:00";"1.55";"55.12";"12.69"
"Farmwell Station MS";"Aug 6, 2026, 07:00:00";"2.82";"66.17";"12.69"
"Farmwell Station MS";"Aug 6, 2026, 06:00:00";"2.5";"61.23";"12.26"
"Farmwell Station MS";"Aug 6, 2026, 05:00:00";"2.3";"49.52";"12.32"
"Farmwell Station MS";"Aug 6, 2026, 04:00:00";"2.83";"37.33";"11.78"
"Farmwell Station MS";"Aug 6, 2026, 03:00:00";"4.6";"29.57";"11.02"
"Farmwell Station MS";"Aug 6, 2026, 02:00:00";"5.1";"3.59";"11.45"
"Farmwell Station MS";"Aug 6, 2026, 01:00:00";"5.24";"0";"11.09"
"Farmwell Station MS";"Aug 6, 2026, 00:00:00";"6.43";"0";"10.69"
"Farmwell Station MS";"Aug 5, 2026, 23:00:00";"6.41";"0";"10.81"
"Farmwell Station MS";"Aug 5, 2026, 22:00:00";"6.56";"0";"8.79"
"Farmwell Station MS";"Aug 5, 2026, 21:00:00";"5.62";"0";"3.57"
"Farmwell Station MS";"Aug 5, 2026, 20:00:00";"3.03";"0";"1.75"
"Farmwell Station MS";"Aug 5, 2026, 19:00:00";"6.61";"0";"1.63"
"Farmwell Station MS";"Aug 5, 2026, 18:00:00";"3.85";"0";"1.52"
"Farmwell Station MS";"Aug 5, 2026, 17:00:00";"0";"0";"1.22"
"Farmwell Station MS";"Aug 5, 2026, 16:00:00";"0.3";"0";"1.74"
"Farmwell Station MS";"Aug 5, 2026, 15:00:00";"3.8";"0";"1.71"
"Farmwell Station MS";"Aug 5, 2026, 14:00:00";"0";"0";"1.88"
"Farmwell Station MS";"Aug 5, 2026, 13:00:00";"0";"0";"2.22"
"Farmwell Station MS";"Aug 5, 2026, 12:00:00";"2.12";"3.01";"3.04"
"Farmwell Station MS";"Aug 5, 2026, 11:00:00";"3.51";"25.53";"2.52"
"Farmwell Station MS";"Aug 5, 2026, 10:00:00";"5.18";"50.59";"2.98"
"Farmwell Station MS";"Aug 5, 2026, 09:00:00";"6.14";"60.5";"3.66"
"Farmwell Station MS";"Aug 5, 2026, 08:00:00";"5.96";"67.43";"7.09"
"Farmwell Station MS";"Aug 5, 2026, 07:00:00";"6.54";"64.55";"8.66"
"Farmwell Station MS";"Aug 5, 2026, 06:00:00";"6.54";"56.28";"7.72"
"Farmwell Station MS";"Aug 5, 2026, 05:00:00";"7.85";"39.82";"6.13"
"Farmwell Station MS";"Aug 5, 2026, 04:00:00";"7.81";"9.37";"4.83"
"Farmwell Station MS";"Aug 5, 2026, 03:00:00";"7.58";"0";"3.42"
"Farmwell Station MS";"Aug 5, 2026, 02:00:00";"7.65";"0";"3.52"
"Farmwell Station MS";"Aug 5, 2026, 01:00:00";"7.58";"0";"4.44"
"Farmwell Station MS";"Aug 5, 2026, 00:00:00";"8.29";"0";"3.49"
"Farmwell Station MS";"Aug 4, 2026, 23:00:00";"8.88";"0";"3.4"
"Farmwell Station MS";"Aug 4, 2026, 22:00:00";"9.75";"0";"3.74"
"Farmwell Station MS";"Aug 4, 2026, 21:00:00";"10.52";"0";"4.14"
"Farmwell Station MS";"Aug 4, 2026, 20:00:00";"11.77";"0";"4.56"
"Farmwell Station MS";"Aug 4, 2026, 19:00:00";"10.12";"0";"4.61"
"Farmwell Station MS";"Aug 4, 2026, 18:00:00";"9.71";"0";"4.43"
"Farmwell Station MS";"Aug 4, 2026, 17:00:00";"12.82";"0";"4.71"
"Farmwell Station MS";"Aug 4, 2026, 16:00:00";"9.99";"0";"4.6"
"Farmwell Station MS";"Aug 4, 2026, 15:00:00";"7.93";"0";"4.21"
"Farmwell Station MS";"Aug 4, 2026, 14:00:00";"3.72";"0";"3.8"
"Farmwell Station MS";"Aug 4, 2026, 13:00:00";"2.07";"0";"3.8"
"Farmwell Station MS";"Aug 4, 2026, 12:00:00";"0.68";"0";"3.87"
"Farmwell Station MS";"Aug 4, 2026, 11:00:00";"1.56";"0";"4.17"
"Farmwell Station MS";"Aug 4, 2026, 10:00:00";"3.5";"0";"4.41"
"Farmwell Station MS";"Aug 4, 2026, 09:00:00";"6.36";"3.32";"3.98"
"Farmwell Station MS";"Aug 4, 2026, 08:00:00";"8.06";"30.52";"4.57"
"Farmwell Station MS";"Aug 4, 2026, 07:00:00";"7.87";"35.28";"4.86"
"Farmwell Station MS";"Aug 4, 2026, 06:00:00";"8.17";"32.42";"4.74"
"Farmwell Station MS";"Aug 4, 2026, 05:00:00";"7.39";"27.7";"4.84"
"Farmwell Station MS";"Aug 4, 2026, 04:00:00";"7.28";"20.19";"4.73"
"Farmwell Station MS";"Aug 4, 2026, 03:00:00";"7.46";"15.29";"4.68"
"Farmwell Station MS";"Aug 4, 2026, 02:00:00";"8.12";"5.61";"4.71"
"Farmwell Station MS";"Aug 4, 2026, 01:00:00";"8.14";"0";"4.68"
"Farmwell Station MS";"Aug 4, 2026, 00:00:00";"8.92";"0";"4.77"
"Farmwell Station MS";"Aug 3, 2026, 23:00:00";"9.73";"0";"4.93"
"Farmwell Station MS";"Aug 3, 2026, 22:00:00";"10.23";"0";"5.48"
"Farmwell Station MS";"Aug 3, 2026, 21:00:00";"10.46";"0";"6.31"
"Farmwell Station MS";"Aug 3, 2026, 20:00:00";"10.25";"0";"4.97"
"Farmwell Station MS";"Aug 3, 2026, 19:00:00";"9.29";"0";"4.38"
"Farmwell Station MS";"Aug 3, 2026, 18:00:00";"8.77";"0";"3.18"
"Farmwell Station MS";"Aug 3, 2026, 17:00:00";"7.18";"0";"1.5"
"Farmwell Station MS";"Aug 3, 2026, 16:00:00";"4.38";"0";"1.03"
"Farmwell Station MS";"Aug 3, 2026, 15:00:00";"2.26";"0";"1.97"
"Farmwell Station MS";"Aug 3, 2026, 14:00:00";"4.34";"0";"5.28"
"Farmwell Station MS";"Aug 3, 2026, 13:00:00";"4.29";"0";"6.69"
"Farmwell Station MS";"Aug 3, 2026, 12:00:00";"0.7";"0";"7.95"
"Farmwell Station MS";"Aug 3, 2026, 11:00:00";"0";"0";"9.4"
"Farmwell Station MS";"Aug 3, 2026, 10:00:00";"0.03";"0";"10.64"
"Farmwell Station MS";"Aug 3, 2026, 09:00:00";"2.72";"64.66";"11.7"
"Farmwell Station MS";"Aug 3, 2026, 08:00:00";"4.78";"90.77";"11.65"
"Farmwell Station MS";"Aug 3, 2026, 07:00:00";"4.28";"95.76";"12.68"
"Farmwell Station MS";"Aug 3, 2026, 06:00:00";"5.21";"100.56";"10.3"
"Farmwell Station MS";"Aug 3, 2026, 05:00:00";"5.74";"96.15";"8"
"Farmwell Station MS";"Aug 3, 2026, 04:00:00";"6.38";"93.94";"6.48"
"Farmwell Station MS";"Aug 3, 2026, 03:00:00";"7.19";"90.78";"5.81"
"Farmwell Station MS";"Aug 3, 2026, 02:00:00";"7.15";"89.38";"7.21"
"Farmwell Station MS";"Aug 3, 2026, 01:00:00";"8.31";"84.86";"6.15"
"Farmwell Station MS";"Aug 3, 2026, 00:00:00";"10.67";"81.64";"5.73"
"Farmwell Station MS";"Aug 2, 2026, 23:00:00";"10.34";"77.59";"5.81"
"Farmwell Station MS";"Aug 2, 2026, 22:00:00";"10.68";"67.54";"5.19"
"Farmwell Station MS";"Aug 2, 2026, 21:00:00";"10.59";"53.68";"8.85"
"Farmwell Station MS";"Aug 2, 2026, 20:00:00";"7.35";"6.29";"8.69"
"Farmwell Station MS";"Aug 2, 2026, 19:00:00";"9.48";"0.45";"5.84"
"Farmwell Station MS";"Aug 2, 2026, 18:00:00";"13.74";"0";"6.35"
"Farmwell Station MS";"Aug 2, 2026, 17:00:00";"7.96";"0";"8.35"
"Farmwell Station MS";"Aug 2, 2026, 16:00:00";"6.15";"0";"6.96"
"Farmwell Station MS";"Aug 2, 2026, 15:00:00";"8.97";"0.07";"8.4"
"Farmwell Station MS";"Aug 2, 2026, 14:00:00";"8.57";"22.86";"8.07"
"Farmwell Station MS";"Aug 2, 2026, 13:00:00";"7.97";"36.37";"12.55"
"Farmwell Station MS";"Aug 2, 2026, 12:00:00";"8.83";"24.54";"10.14"
"Farmwell Station MS";"Aug 2, 2026, 11:00:00";"9.49";"25.95";"9.5"
"Farmwell Station MS";"Aug 2, 2026, 10:00:00";"10.26";"5.08";"8.22"
"Farmwell Station MS";"Aug 2, 2026, 09:00:00";"8.69";"0";"7.09"
"Farmwell Station MS";"Aug 2, 2026, 08:00:00";"9.4";"0.1";"6.23"
"Farmwell Station MS";"Aug 2, 2026, 07:00:00";"8.21";"0";"6.15"
"Farmwell Station MS";"Aug 2, 2026, 06:00:00";"8.09";"0";"5.83"
"Farmwell Station MS";"Aug 2, 2026, 05:00:00";"8.27";"0";"6.28"
"Farmwell Station MS";"Aug 2, 2026, 04:00:00";"8.37";"0";"5.89"
"Farmwell Station MS";"Aug 2, 2026, 03:00:00";"9.66";"0";"6.1"
"Farmwell Station MS";"Aug 2, 2026, 02:00:00";"8.65";"0";"6.63"
"Farmwell Station MS";"Aug 2, 2026, 01:00:00";"7.67";"0";"8.01"
"Farmwell Station MS";"Aug 2, 2026, 00:00:00";"9.13";"0";"10.32"
"Farmwell Station MS";"Aug 1, 2026, 23:00:00";"8.62";"0";"12.94"
"Farmwell Station MS";"Aug 1, 2026, 22:00:00";"8.59";"0";"14.21"
"Farmwell Station MS";"Aug 1, 2026, 21:00:00";"9.3";"0";"15.36"
"Farmwell Station MS";"Aug 1, 2026, 20:00:00";"9.48";"0";"17.64"
"Farmwell Station MS";"Aug 1, 2026, 19:00:00";"10.27";"0";"17.11"
"Farmwell Station MS";"Aug 1, 2026, 18:00:00";"10.75";"0";"13.29"
"Farmwell Station MS";"Aug 1, 2026, 17:00:00";"10.67";"0";"9.7"
"Farmwell Station MS";"Aug 1, 2026, 16:00:00";"10.15";"0";"8.41"
"Farmwell Station MS";"Aug 1, 2026, 15:00:00";"6.65";"0";"7.58"
"Farmwell Station MS";"Aug 1, 2026, 14:00:00";"5.61";"0";"7.08"
"Farmwell Station MS";"Aug 1, 2026, 13:00:00";"3.05";"0";"7.59"
"Farmwell Station MS";"Aug 1, 2026, 12:00:00";"3.77";"0";"8.49"
"Farmwell Station MS";"Aug 1, 2026, 11:00:00";"0.98";"0";"8.67"
"Farmwell Station MS";"Aug 1, 2026, 10:00:00";"3.57";"0";"8.23"
"Farmwell Station MS";"Aug 1, 2026, 09:00:00";"5.88";"3.55";"6.85"
"Farmwell Station MS";"Aug 1, 2026, 08:00:00";"5.9";"35.26";"6.34"
"Farmwell Station MS";"Aug 1, 2026, 07:00:00";"6.19";"49.86";"7.47"
"Farmwell Station MS";"Aug 1, 2026, 06:00:00";"7.07";"47.4";"7.82"
"Farmwell Station MS";"Aug 1, 2026, 05:00:00";"7.87";"45.84";"7.97"
"Farmwell Station MS";"Aug 1, 2026, 04:00:00";"9.62";"41.43";"8.06"
"Farmwell Station MS";"Aug 1, 2026, 03:00:00";"12.17";"35.14";"7.7"
"Farmwell Station MS";"Aug 1, 2026, 02:00:00";"9.64";"23.78";"8.4"
"Farmwell Station MS";"Aug 1, 2026, 01:00:00";"12.83";"10.08";"8.64"
"Farmwell Station MS";"Aug 1, 2026, 00:00:00";"12.1";"0.77";"8.38"
"Farmwell Station MS";"Jul 31, 2026, 23:00:00";"10.49";"0";"8.11"
"Farmwell Station MS";"Jul 31, 2026, 22:00:00";"9";"0";"8.62"
"Farmwell Station MS";"Jul 31, 2026, 21:00:00";"9.46";"0.75";"9.81"
"Farmwell Station MS";"Jul 31, 2026, 20:00:00";"7.95";"0";"9.38"
"Farmwell Station MS";"Jul 31, 2026, 19:00:00";"9.74";"0";"9.43"
"Farmwell Station MS";"Jul 31, 2026, 18:00:00";"7.89";"0";"9.83"
"Farmwell Station MS";"Jul 31, 2026, 17:00:00";"4.9";"0";"9.72"
"Farmwell Station MS";"Jul 31, 2026, 16:00:00";"3.67";"0";"9.62"
"Farmwell Station MS";"Jul 31, 2026, 15:00:00";"5.99";"0";"9.35"
"Farmwell Station MS";"Jul 31, 2026, 14:00:00";"2.42";"0";"9.14"
"Farmwell Station MS";"Jul 31, 2026, 13:00:00";"3.04";"0";"8.86"
"Farmwell Station MS";"Jul 31, 2026, 12:00:00";"1.27";"0";"7.28"
"Farmwell Station MS";"Jul 31, 2026, 11:00:00";"2.24";"0.2";"7.39"
"Farmwell Station MS";"Jul 31, 2026, 10:00:00";"2.59";"0";"6.41"
"Farmwell Station MS";"Jul 31, 2026, 09:00:00";"7.4";"0";"5.31"
"Farmwell Station MS";"Jul 31, 2026, 08:00:00";"9.66";"9.27";"4.07"
"Farmwell Station MS";"Jul 31, 2026, 07:00:00";"8.17";"21.36";"3.86"
"Farmwell Station MS";"Jul 31, 2026, 06:00:00";"7.6";"21.22";"4.18"
"Farmwell Station MS";"Jul 31, 2026, 05:00:00";"6.38";"14.22";"5.1"
"Farmwell Station MS";"Jul 31, 2026, 04:00:00";"6.02";"4.44";"4.03"
"Farmwell Station MS";"Jul 31, 2026, 03:00:00";"6.19";"0.08";"3.62"
"Farmwell Station MS";"Jul 31, 2026, 02:00:00";"7.44";"0";"5.14"
"Farmwell Station MS";"Jul 31, 2026, 01:00:00";"6.51";"0";"3.5"
"Farmwell Station MS";"Jul 31, 2026, 00:00:00";"6.36";"0";"3.32"
"Farmwell Station MS";"Jul 30, 2026, 23:00:00";"6.27";"0";"3.41"
"Farmwell Station MS";"Jul 30, 2026, 22:00:00";"6.12";"0";"3.42"
"Farmwell Station MS";"Jul 30, 2026, 21:00:00";"6.28";"0";"4.32"
"Farmwell Station MS";"Jul 30, 2026, 20:00:00";"6.14";"0.08";"3.97"
"Farmwell Station MS";"Jul 30, 2026, 19:00:00";"6.39";"1.14";"3.95"
"Farmwell Station MS";"Jul 30, 2026, 18:00:00";"6.34";"0.84";"3.5"
"Farmwell Station MS";"Jul 30, 2026, 17:00:00";"6.26";"0";"3.57"
"Farmwell Station MS";"Jul 30, 2026, 16:00:00";"4.71";"0";"3.49"
"Farmwell Station MS";"Jul 30, 2026, 15:00:00";"3.99";"0";"3.69"
"Farmwell Station MS";"Jul 30, 2026, 14:00:00";"4.05";"0";"3.68"
"Farmwell Station MS";"Jul 30, 2026, 13:00:00";"2.49";"0";"3.9"
"Farmwell Station MS";"Jul 30, 2026, 12:00:00";"1.94";"1.58";"4.5"
"Farmwell Station MS";"Jul 30, 2026, 11:00:00";"2.68";"3.57";"4.55"
"Farmwell Station MS";"Jul 30, 2026, 10:00:00";"4.39";"0.47";"4.62"
"Farmwell Station MS";"Jul 30, 2026, 09:00:00";"6.34";"0.25";"4.09"
"Farmwell Station MS";"Jul 30, 2026, 08:00:00";"7.95";"7.83";"4.44"
"Farmwell Station MS";"Jul 30, 2026, 07:00:00";"6.44";"12.53";"3.57"
"Farmwell Station MS";"Jul 30, 2026, 06:00:00";"6.03";"6.87";"3.92"
"Farmwell Station MS";"Jul 30, 2026, 04:00:00";"7.73";"5.41";"5.27"
"Farmwell Station MS";"Jul 30, 2026, 03:00:00";"8.52";"1.27";"5.69"
"Farmwell Station MS";"Jul 30, 2026, 02:00:00";"7.47";"0";"6.34"
"Farmwell Station MS";"Jul 30, 2026, 01:00:00";"8.19";"0";"7.62"
"Farmwell Station MS";"Jul 30, 2026, 00:00:00";"8.51";"0";"7.73"
"Farmwell Station MS";"Jul 29, 2026, 23:00:00";"8.45";"0";"7.49"
"Farmwell Station MS";"Jul 29, 2026, 22:00:00";"8.14";"0";"7.57"
"Farmwell Station MS";"Jul 29, 2026, 21:00:00";"8.14";"0";"10.33"
"Farmwell Station MS";"Jul 29, 2026, 20:00:00";"8.44";"0";"9.66"
"Farmwell Station MS";"Jul 29, 2026, 19:00:00";"8.95";"0";"10.45"
"Farmwell Station MS";"Jul 29, 2026, 18:00:00";"8.51";"0.31";"11.12"
"Farmwell Station MS";"Jul 29, 2026, 17:00:00";"5.86";"0.59";"11.55"
"Farmwell Station MS";"Jul 29, 2026, 16:00:00";"4.24";"0.34";"11.68"
"Farmwell Station MS";"Jul 29, 2026, 15:00:00";"5.49";"2.83";"12.95"
"Farmwell Station MS";"Jul 29, 2026, 14:00:00";"5.38";"4.32";"11.21"
"Farmwell Station MS";"Jul 29, 2026, 13:00:00";"3.78";"4.96";"11.81"
"Farmwell Station MS";"Jul 29, 2026, 12:00:00";"2.29";"4.71";"14.61"
"Farmwell Station MS";"Jul 29, 2026, 11:00:00";"1.65";"1.44";"16.71"
"Farmwell Station MS";"Jul 29, 2026, 10:00:00";"2.83";"0";"15.31"
"Farmwell Station MS";"Jul 29, 2026, 09:00:00";"5.46";"1.12";"15.39"
"Farmwell Station MS";"Jul 29, 2026, 08:00:00";"8.65";"42.89";"13.73"
"Farmwell Station MS";"Jul 29, 2026, 07:00:00";"7.7";"58.74";"12.77"
"Farmwell Station MS";"Jul 29, 2026, 06:00:00";"8.15";"60.47";"10.27"
"Farmwell Station MS";"Jul 29, 2026, 05:00:00";"7.45";"62.27";"9.26"
"Farmwell Station MS";"Jul 29, 2026, 04:00:00";"6.76";"62.41";"7.54"
"Farmwell Station MS";"Jul 29, 2026, 03:00:00";"6.65";"64.75";"5.85"
"Farmwell Station MS";"Jul 29, 2026, 02:00:00";"6.21";"64.49";"6.23"
"Farmwell Station MS";"Jul 29, 2026, 01:00:00";"6.82";"62.93";"6.86"
"Farmwell Station MS";"Jul 29, 2026, 00:00:00";"7.17";"57.87";"7.3"
"Farmwell Station MS";"Jul 28, 2026, 23:00:00";"8.59";"49.82";"5.83"
"Farmwell Station MS";"Jul 28, 2026, 22:00:00";"10.01";"46.34";"5.55"
"Farmwell Station MS";"Jul 28, 2026, 21:00:00";"9.18";"24.63";"5.44"
"Farmwell Station MS";"Jul 28, 2026, 20:00:00";"11.86";"2.78";"5.24"
"Farmwell Station MS";"Jul 28, 2026, 19:00:00";"12.86";"2.83";"7.24"
"Farmwell Station MS";"Jul 28, 2026, 18:00:00";"10.21";"0";"9.79"
"Farmwell Station MS";"Jul 28, 2026, 17:00:00";"9.08";"0";"17.29"
"Farmwell Station MS";"Jul 28, 2026, 16:00:00";"9.53";"0";"20.1"
"Farmwell Station MS";"Jul 28, 2026, 15:00:00";"9.26";"0";"25.84"
"Farmwell Station MS";"Jul 28, 2026, 14:00:00";"1.97";"0";"26.33"
"Farmwell Station MS";"Jul 28, 2026, 13:00:00";"3.15";"0";"25.1"
"Farmwell Station MS";"Jul 28, 2026, 12:00:00";"2.69";"0";"20.86"
"Farmwell Station MS";"Jul 28, 2026, 11:00:00";"3.36";"0";"19.68"
"Farmwell Station MS";"Jul 28, 2026, 10:00:00";"5.13";"0";"19.21"
"Farmwell Station MS";"Jul 28, 2026, 09:00:00";"8.34";"0";"18.96"
"Farmwell Station MS";"Jul 28, 2026, 08:00:00";"17.28";"4.37";"17.23"
"Farmwell Station MS";"Jul 28, 2026, 07:00:00";"22.01";"15.5";"16.6"
"Farmwell Station MS";"Jul 28, 2026, 06:00:00";"11.41";"9.75";"15.28"
"Farmwell Station MS";"Jul 28, 2026, 05:00:00";"11.21";"0.49";"15.06"
"Farmwell Station MS";"Jul 28, 2026, 04:00:00";"7.42";"0";"15.41"
"Farmwell Station MS";"Jul 28, 2026, 03:00:00";"15.25";"0";"15.2"
"Farmwell Station MS";"Jul 28, 2026, 02:00:00";"14.66";"0";"14.98"
"Farmwell Station MS";"Jul 28, 2026, 01:00:00";"14.25";"0";"14.49"
"Farmwell Station MS";"Jul 28, 2026, 00:00:00";"10.21";"0";"14.03"
"Farmwell Station MS";"Jul 27, 2026, 23:00:00";"12.11";"0";"13.93"
"Farmwell Station MS";"Jul 27, 2026, 22:00:00";"12.06";"0";"13.83"
"Farmwell Station MS";"Jul 27, 2026, 21:00:00";"10.55";"0";"14"
"Farmwell Station MS";"Jul 27, 2026, 20:00:00";"9.41";"0";"14.79"
"Farmwell Station MS";"Jul 27, 2026, 19:00:00";"7.88";"0";"14.07"
"Farmwell Station MS";"Jul 27, 2026, 18:00:00";"7.21";"0";"12.97"
"Farmwell Station MS";"Jul 27, 2026, 17:00:00";"4.61";"0";"13.46"
"Farmwell Station MS";"Jul 27, 2026, 16:00:00";"4.27";"0";"13.26"
"Farmwell Station MS";"Jul 27, 2026, 15:00:00";"3.52";"0";"14.49"
"Farmwell Station MS";"Jul 27, 2026, 14:00:00";"3.87";"0";"11.66"
"Farmwell Station MS";"Jul 27, 2026, 13:00:00";"2.5";"0";"9.48"
"Farmwell Station MS";"Jul 27, 2026, 12:00:00";"1.16";"0";"10.17"
"Farmwell Station MS";"Jul 27, 2026, 11:00:00";"1.88";"0";"10.5"
"Farmwell Station MS";"Jul 27, 2026, 10:00:00";"4.85";"0";"10.67"
"Farmwell Station MS";"Jul 27, 2026, 09:00:00";"10.59";"0.5";"10.66"
"Farmwell Station MS";"Jul 27, 2026, 08:00:00";"9.89";"35.76";"11.17"
"Farmwell Station MS";"Jul 27, 2026, 07:00:00";"6.14";"49.74";"17.28"
"Farmwell Station MS";"Jul 27, 2026, 06:00:00";"5.24";"48.72";"13.89"
"Farmwell Station MS";"Jul 27, 2026, 05:00:00";"4.87";"44.96";"14.63"
"Farmwell Station MS";"Jul 27, 2026, 04:00:00";"4.8";"36.52";"11.99"
"Farmwell Station MS";"Jul 27, 2026, 03:00:00";"5.33";"33.49";"11.59"
"Farmwell Station MS";"Jul 27, 2026, 02:00:00";"5.85";"21.1";"9.88"
"Farmwell Station MS";"Jul 27, 2026, 01:00:00";"15.29";"15.11";"8.54"
"Farmwell Station MS";"Jul 27, 2026, 00:00:00";"14.31";"34.09";"11.67"
"Farmwell Station MS";"Jul 26, 2026, 23:00:00";"8.47";"10.31";"14.07"
"Farmwell Station MS";"Jul 26, 2026, 22:00:00";"9.6";"0";"8.35"
"Farmwell Station MS";"Jul 26, 2026, 21:00:00";"13.08";"0";"8.09"
"Farmwell Station MS";"Jul 26, 2026, 20:00:00";"7.36";"0";"8.72"
"Farmwell Station MS";"Jul 26, 2026, 19:00:00";"7.33";"0.13";"8.65"
"Farmwell Station MS";"Jul 26, 2026, 18:00:00";"4.15";"0";"8.14"
"Farmwell Station MS";"Jul 26, 2026, 17:00:00";"7.21";"0";"8.02"
"Farmwell Station MS";"Jul 26, 2026, 16:00:00";"5.93";"0";"7.46"
"Farmwell Station MS";"Jul 26, 2026, 15:00:00";"6.01";"0";"7.38"
"Farmwell Station MS";"Jul 26, 2026, 14:00:00";"1.47";"0";"7.23"
"Farmwell Station MS";"Jul 26, 2026, 13:00:00";"1.26";"0";"7.36"
"Farmwell Station MS";"Jul 26, 2026, 12:00:00";"2.83";"0";"7.52"
"Farmwell Station MS";"Jul 26, 2026, 11:00:00";"2.8";"0";"6.1"
"Farmwell Station MS";"Jul 26, 2026, 10:00:00";"2.12";"0";"5.48"
"Farmwell Station MS";"Jul 26, 2026, 09:00:00";"4.45";"0.74";"4.44"
"Farmwell Station MS";"Jul 26, 2026, 08:00:00";"4.99";"25.95";"4.16"
"Farmwell Station MS";"Jul 26, 2026, 07:00:00";"5.44";"45.1";"5.4"
"Farmwell Station MS";"Jul 26, 2026, 06:00:00";"5.48";"39.23";"5.69"
"Farmwell Station MS";"Jul 26, 2026, 05:00:00";"5.76";"33.23";"4.48"
"Farmwell Station MS";"Jul 26, 2026, 04:00:00";"7.44";"31.62";"4.06"
"Farmwell Station MS";"Jul 26, 2026, 03:00:00";"7.56";"31.91";"4.03"
"Farmwell Station MS";"Jul 26, 2026, 02:00:00";"8.76";"32.88";"3.95"
"Farmwell Station MS";"Jul 26, 2026, 01:00:00";"8.74";"30.75";"4.37"
"Farmwell Station MS";"Jul 26, 2026, 00:00:00";"8.35";"15.58";"4.23"
"Farmwell Station MS";"Jul 25, 2026, 23:00:00";"10.22";"2.48";"3.55"
"Farmwell Station MS";"Jul 25, 2026, 22:00:00";"8.91";"0";"3.54"
"Farmwell Station MS";"Jul 25, 2026, 21:00:00";"12.1";"0";"3.8"
"Farmwell Station MS";"Jul 25, 2026, 20:00:00";"14.56";"0";"4.42"
"Farmwell Station MS";"Jul 25, 2026, 19:00:00";"11.9";"0.02";"4.02"
"Farmwell Station MS";"Jul 25, 2026, 18:00:00";"10.84";"0.2";"5.17"
"Farmwell Station MS";"Jul 25, 2026, 17:00:00";"5.74";"0.33";"4.45"
"Farmwell Station MS";"Jul 25, 2026, 16:00:00";"5.71";"0";"4.44"
"Farmwell Station MS";"Jul 25, 2026, 15:00:00";"7.3";"0";"2.43"
"Farmwell Station MS";"Jul 25, 2026, 14:00:00";"6.98";"0";"2.85"
"Farmwell Station MS";"Jul 25, 2026, 13:00:00";"8.67";"0.93";"4.13"
"Farmwell Station MS";"Jul 25, 2026, 12:00:00";"4.15";"0.91";"4.15"
"Farmwell Station MS";"Jul 25, 2026, 11:00:00";"9.09";"2.05";"4.98"
"Farmwell Station MS";"Jul 25, 2026, 10:00:00";"14.81";"0.73";"2.83"
"Farmwell Station MS";"Jul 25, 2026, 09:00:00";"10.03";"11.77";"2.72"
"Farmwell Station MS";"Jul 25, 2026, 08:00:00";"10.03";"26.77";"2.58"
"Farmwell Station MS";"Jul 25, 2026, 07:00:00";"12.83";"32.86";"2.57"
"Farmwell Station MS";"Jul 25, 2026, 06:00:00";"10.85";"33.36";"3.34"
"Farmwell Station MS";"Jul 25, 2026, 05:00:00";"11.16";"33.25";"3.31"
"Farmwell Station MS";"Jul 25, 2026, 04:00:00";"11.76";"26.5";"3.28"
"Farmwell Station MS";"Jul 25, 2026, 03:00:00";"11.75";"11.59";"3.19"
"Farmwell Station MS";"Jul 25, 2026, 02:00:00";"17.53";"3.4";"3.44"
"Farmwell Station MS";"Jul 25, 2026, 01:00:00";"15.77";"6.68";"3.27"
"Farmwell Station MS";"Jul 25, 2026, 00:00:00";"10.62";"9.67";"3.08"
"Farmwell Station MS";"Jul 24, 2026, 23:00:00";"10.72";"12.15";"3.21"
"Farmwell Station MS";"Jul 24, 2026, 22:00:00";"10.91";"11.58";"3.7"
"Farmwell Station MS";"Jul 24, 2026, 21:00:00";"10.8";"9.83";"4.79"
"Farmwell Station MS";"Jul 24, 2026, 20:00:00";"10.48";"6";"4.62"
"Farmwell Station MS";"Jul 24, 2026, 19:00:00";"11.19";"4.37";"4.06"
"Farmwell Station MS";"Jul 24, 2026, 18:00:00";"11.61";"1.17";"3.65"
"Farmwell Station MS";"Jul 24, 2026, 17:00:00";"11.93";"0";"3.45"
"Farmwell Station MS";"Jul 24, 2026, 16:00:00";"9.61";"0";"3.56"
"Farmwell Station MS";"Jul 24, 2026, 15:00:00";"9.05";"0";"3.98"
"Farmwell Station MS";"Jul 24, 2026, 14:00:00";"12.34";"0";"3.83"
"Farmwell Station MS";"Jul 24, 2026, 13:00:00";"15.86";"0";"4"
"Farmwell Station MS";"Jul 24, 2026, 12:00:00";"8.26";"0";"4.17"
"Farmwell Station MS";"Jul 24, 2026, 11:00:00";"2.35";"0.79";"4.48"
"Farmwell Station MS";"Jul 24, 2026, 10:00:00";"2.87";"6.99";"5.37"
"Farmwell Station MS";"Jul 24, 2026, 09:00:00";"8.87";"18.7";"4.58"
"Farmwell Station MS";"Jul 24, 2026, 08:00:00";"8.94";"36.65";"3.79"
"Farmwell Station MS";"Jul 24, 2026, 07:00:00";"8.2";"35.44";"4.05"
"Farmwell Station MS";"Jul 24, 2026, 06:00:00";"7.28";"34.28";"4.91"
"Farmwell Station MS";"Jul 24, 2026, 05:00:00";"7.64";"33.66";"3.91"
"Farmwell Station MS";"Jul 24, 2026, 04:00:00";"9.69";"33.88";"3.56"
"Farmwell Station MS";"Jul 24, 2026, 03:00:00";"10.37";"34.19";"3.57"
"Farmwell Station MS";"Jul 24, 2026, 02:00:00";"11.21";"32.63";"3.67"
"Farmwell Station MS";"Jul 24, 2026, 01:00:00";"11.48";"29.51";"3.96"
"Farmwell Station MS";"Jul 24, 2026, 00:00:00";"12.11";"24.18";"3.56"
"Farmwell Station MS";"Jul 23, 2026, 23:00:00";"11.1";"21.17";"3.43"
"Farmwell Station MS";"Jul 23, 2026, 22:00:00";"12.94";"25.3";"4.16"
"Farmwell Station MS";"Jul 23, 2026, 21:00:00";"10.82";"7.95";"4.13"
"Farmwell Station MS";"Jul 23, 2026, 20:00:00";"8.83";"0";"3.22"
"Farmwell Station MS";"Jul 23, 2026, 19:00:00";"8.18";"0";"3.19"
"Farmwell Station MS";"Jul 23, 2026, 18:00:00";"6.83";"0";"3.16"
"Farmwell Station MS";"Jul 23, 2026, 17:00:00";"5.22";"0";"3.1"
"Farmwell Station MS";"Jul 23, 2026, 16:00:00";"5.23";"0";"3.31"
"Farmwell Station MS";"Jul 23, 2026, 15:00:00";"3.41";"0";"3.35"
"Farmwell Station MS";"Jul 23, 2026, 14:00:00";"1.82";"0";"3.13"
"Farmwell Station MS";"Jul 23, 2026, 13:00:00";"1.38";"0";"2.99"
"Farmwell Station MS";"Jul 23, 2026, 12:00:00";"2.5";"0.06";"2.87"
"Farmwell Station MS";"Jul 23, 2026, 11:00:00";"1.8";"4.71";"3.09"
"Farmwell Station MS";"Jul 23, 2026, 10:00:00";"4.66";"8.31";"3.06"
"Farmwell Station MS";"Jul 23, 2026, 09:00:00";"7";"14.85";"2.43"
"Farmwell Station MS";"Jul 23, 2026, 08:00:00";"9.13";"26.2";"2.1"
"Farmwell Station MS";"Jul 23, 2026, 07:00:00";"9.07";"29.64";"2.15"
"Farmwell Station MS";"Jul 23, 2026, 06:00:00";"8.01";"26.32";"2.28"
"Farmwell Station MS";"Jul 23, 2026, 05:00:00";"7.7";"22.57";"2.58"
"Farmwell Station MS";"Jul 23, 2026, 04:00:00";"7.58";"19.78";"3.54"
"Farmwell Station MS";"Jul 23, 2026, 03:00:00";"7.31";"17.09";"4.76"
"Farmwell Station MS";"Jul 23, 2026, 02:00:00";"7.31";"14.54";"5.6"
"Farmwell Station MS";"Jul 23, 2026, 01:00:00";"7.44";"9.06";"6.32"
"Farmwell Station MS";"Jul 23, 2026, 00:00:00";"8.19";"5.17";"5.86"
"Farmwell Station MS";"Jul 22, 2026, 23:00:00";"8.5";"0.51";"6.34"
"Farmwell Station MS";"Jul 22, 2026, 22:00:00";"8.25";"1.97";"7.35"
"Farmwell Station MS";"Jul 22, 2026, 21:00:00";"8.44";"4.09";"8.52"
"Farmwell Station MS";"Jul 22, 2026, 20:00:00";"7.87";"1.24";"8.6"
"Farmwell Station MS";"Jul 22, 2026, 19:00:00";"6.47";"0";"8.8"
"Farmwell Station MS";"Jul 22, 2026, 18:00:00";"6.54";"0";"9.77"
"Farmwell Station MS";"Jul 22, 2026, 17:00:00";"5.19";"0";"10.51"
"Farmwell Station MS";"Jul 22, 2026, 16:00:00";"2.92";"0";"11.46"
"Farmwell Station MS";"Jul 22, 2026, 15:00:00";"1.28";"0";"11.42"
"Farmwell Station MS";"Jul 22, 2026, 14:00:00";"3.47";"0";"12.16"
"Farmwell Station MS";"Jul 22, 2026, 13:00:00";"0";"0";"12.25"
"Farmwell Station MS";"Jul 22, 2026, 12:00:00";"0";"0";"14.42"
"Farmwell Station MS";"Jul 22, 2026, 11:00:00";"0";"0";"16.04"
"Farmwell Station MS";"Jul 22, 2026, 10:00:00";"0";"0";"10.23"
"Farmwell Station MS";"Jul 22, 2026, 09:00:00";"1.6";"7.76";"6.7"
"Farmwell Station MS";"Jul 22, 2026, 08:00:00";"5.31";"68.66";"5.04"
"Farmwell Station MS";"Jul 22, 2026, 07:00:00";"5.21";"80.92";"6.4"
"Farmwell Station MS";"Jul 22, 2026, 06:00:00";"5.75";"77.69";"6.66"
"Farmwell Station MS";"Jul 22, 2026, 05:00:00";"6.69";"76.91";"5.91"
"Farmwell Station MS";"Jul 22, 2026, 04:00:00";"9.37";"73.61";"5.67"
"Farmwell Station MS";"Jul 22, 2026, 03:00:00";"10.72";"71.04";"4.4"
"Farmwell Station MS";"Jul 22, 2026, 02:00:00";"17.41";"68.64";"4.41"
"Farmwell Station MS";"Jul 22, 2026, 01:00:00";"10.65";"60.48";"3.45"
"Farmwell Station MS";"Jul 22, 2026, 00:00:00";"18.39";"61.72";"2.45"
"Farmwell Station MS";"Jul 21, 2026, 23:00:00";"17.92";"61.92";"3.52"
"Farmwell Station MS";"Jul 21, 2026, 22:00:00";"18.06";"39.79";"5.17"
"Farmwell Station MS";"Jul 21, 2026, 21:00:00";"7.55";"38.28";"8.18"
"Farmwell Station MS";"Jul 21, 2026, 20:00:00";"7.51";"7.15";"7.98"
"Farmwell Station MS";"Jul 21, 2026, 19:00:00";"6.33";"0";"7.27"
"Farmwell Station MS";"Jul 21, 2026, 18:00:00";"4.53";"0";"8.17"
"Farmwell Station MS";"Jul 21, 2026, 17:00:00";"2.41";"0";"7.93"
"Farmwell Station MS";"Jul 21, 2026, 16:00:00";"0.57";"0";"8.48"
"Farmwell Station MS";"Jul 21, 2026, 15:00:00";"0.02";"0";"7.38"
"Farmwell Station MS";"Jul 21, 2026, 14:00:00";"0";"0";"7.79"
"Farmwell Station MS";"Jul 21, 2026, 13:00:00";"0.9";"0";"8.51"
"Farmwell Station MS";"Jul 21, 2026, 12:00:00";"0.15";"0";"9.59"
"Farmwell Station MS";"Jul 21, 2026, 11:00:00";"0.55";"0";"11.07"
"Farmwell Station MS";"Jul 21, 2026, 10:00:00";"2.27";"8.3";"11.49"
"Farmwell Station MS";"Jul 21, 2026, 09:00:00";"7.34";"30.46";"13.9"
"Farmwell Station MS";"Jul 21, 2026, 08:00:00";"7.94";"26.8";"15.68"
"Farmwell Station MS";"Jul 21, 2026, 07:00:00";"8.33";"37.21";"16.49"
"Farmwell Station MS";"Jul 21, 2026, 06:00:00";"7.23";"36.03";"17.93"
"Farmwell Station MS";"Jul 21, 2026, 05:00:00";"14.62";"33.85";"18.79"
"Farmwell Station MS";"Jul 21, 2026, 04:00:00";"17.57";"30.74";"21.55"
"Farmwell Station MS";"Jul 21, 2026, 03:00:00";"17.36";"21.26";"23.59"
"Farmwell Station MS";"Jul 21, 2026, 02:00:00";"14.86";"11.83";"24.81"
"Farmwell Station MS";"Jul 21, 2026, 01:00:00";"17.2";"2.96";"25.18"
"Farmwell Station MS";"Jul 21, 2026, 00:00:00";"19.99";"0";"26.38"
"Farmwell Station MS";"Jul 20, 2026, 23:00:00";"19.94";"0";"26.42"
"Farmwell Station MS";"Jul 20, 2026, 22:00:00";"21.69";"0";"26.25"
"Farmwell Station MS";"Jul 20, 2026, 21:00:00";"21.82";"0";"27.51"
"Farmwell Station MS";"Jul 20, 2026, 20:00:00";"19.58";"4.59";"31.79"
"Farmwell Station MS";"Jul 20, 2026, 19:00:00";"17.13";"2.67";"31.78"
"Farmwell Station MS";"Jul 20, 2026, 18:00:00";"16.93";"0";"31.26"
"Farmwell Station MS";"Jul 20, 2026, 17:00:00";"14.18";"0";"31.77"
"Farmwell Station MS";"Jul 20, 2026, 16:00:00";"6.25";"0";"30.17"
"Farmwell Station MS";"Jul 20, 2026, 15:00:00";"13.32";"0";"31.12"
"Farmwell Station MS";"Jul 20, 2026, 14:00:00";"18.59";"0";"30.89"
"Farmwell Station MS";"Jul 20, 2026, 13:00:00";"15.24";"0";"28.25"
"Farmwell Station MS";"Jul 20, 2026, 12:00:00";"3.5";"0";"25.74"
"Farmwell Station MS";"Jul 20, 2026, 11:00:00";"1.9";"7.27";"25.11"
"Farmwell Station MS";"Jul 20, 2026, 10:00:00";"3.41";"3.94";"24.69"
"Farmwell Station MS";"Jul 20, 2026, 09:00:00";"5.06";"8.87";"19.48"
"Farmwell Station MS";"Jul 20, 2026, 08:00:00";"8.56";"34.44";"16.8"
"Farmwell Station MS";"Jul 20, 2026, 07:00:00";"9.29";"48.43";"13.67"
"Farmwell Station MS";"Jul 20, 2026, 06:00:00";"0";"0";"12.85"
"Farmwell Station MS";"Jul 20, 2026, 04:00:00";"6.44";"40.83";"15.36"
"Farmwell Station MS";"Jul 20, 2026, 03:00:00";"7.08";"34.14";"16.41"
"Farmwell Station MS";"Jul 20, 2026, 02:00:00";"7.53";"23.84";"17.73"
"Farmwell Station MS";"Jul 20, 2026, 01:00:00";"7.48";"14.41";"18.66"
"Farmwell Station MS";"Jul 20, 2026, 00:00:00";"7.75";"8.47";"19.88"
"Farmwell Station MS";"Jul 19, 2026, 23:00:00";"8.22";"1.61";"22.24"
"Farmwell Station MS";"Jul 19, 2026, 22:00:00";"7.67";"0";"25.22"
"Farmwell Station MS";"Jul 19, 2026, 21:00:00";"7.17";"1.15";"29.37"
"Farmwell Station MS";"Jul 19, 2026, 20:00:00";"5.58";"5.3";"35.98"
"Farmwell Station MS";"Jul 19, 2026, 19:00:00";"5.42";"4.5";"36.65"
"Farmwell Station MS";"Jul 19, 2026, 18:00:00";"5.07";"2.17";"38"
"Farmwell Station MS";"Jul 19, 2026, 17:00:00";"4.51";"0.2";"44.36"
"Farmwell Station MS";"Jul 19, 2026, 16:00:00";"2.78";"0";"48.79"
"Farmwell Station MS";"Jul 19, 2026, 15:00:00";"2.62";"0";"51.16"
"Farmwell Station MS";"Jul 19, 2026, 14:00:00";"1.44";"0";"54.71"
"Farmwell Station MS";"Jul 19, 2026, 13:00:00";"1.01";"0";"57.35"
"Farmwell Station MS";"Jul 19, 2026, 12:00:00";"0.99";"0.08";"50.88"
"Farmwell Station MS";"Jul 19, 2026, 11:00:00";"0.85";"0";"41.71"
"Farmwell Station MS";"Jul 19, 2026, 10:00:00";"1.88";"0";"26.73"
"Farmwell Station MS";"Jul 19, 2026, 09:00:00";"1.88";"0";"15.22"
"Farmwell Station MS";"Jul 19, 2026, 08:00:00";"2.94";"0.26";"6.59"
"Farmwell Station MS";"Jul 19, 2026, 07:00:00";"4.21";"18.48";"6.66"
"Farmwell Station MS";"Jul 19, 2026, 06:00:00";"4.02";"6.8";"6.76"
"Farmwell Station MS";"Jul 19, 2026, 05:00:00";"3.74";"7.44";"5.78"
"Farmwell Station MS";"Jul 19, 2026, 04:00:00";"2.49";"17.48";"5.55"
"Farmwell Station MS";"Jul 19, 2026, 03:00:00";"1.81";"32.16";"7.21"
"Farmwell Station MS";"Jul 19, 2026, 02:00:00";"0.83";"26.67";"8.17"
"Farmwell Station MS";"Jul 19, 2026, 01:00:00";"3.51";"52.09";"11.02"
"Farmwell Station MS";"Jul 19, 2026, 00:00:00";"3.97";"59.37";"12.48"
"Farmwell Station MS";"Jul 18, 2026, 23:00:00";"3.81";"51.77";"11.78"
"Farmwell Station MS";"Jul 18, 2026, 22:00:00";"5.98";"45.05";"10.87"
"Farmwell Station MS";"Jul 18, 2026, 21:00:00";"5.45";"39.48";"10.53"
"Farmwell Station MS";"Jul 18, 2026, 20:00:00";"10.58";"35.27";"10.23"
"Farmwell Station MS";"Jul 18, 2026, 19:00:00";"10.63";"6.45";"10.13"
"Farmwell Station MS";"Jul 18, 2026, 18:00:00";"16.02";"6.35";"10.54"
"Farmwell Station MS";"Jul 18, 2026, 17:00:00";"9.86";"7.12";"12.73"
"Farmwell Station MS";"Jul 18, 2026, 16:00:00";"9.73";"0";"21.06"
"Farmwell Station MS";"Jul 18, 2026, 15:00:00";"9.23";"0";"67.31"
"Farmwell Station MS";"Jul 18, 2026, 14:00:00";"0.06";"0";"80.02"
"Farmwell Station MS";"Jul 18, 2026, 13:00:00";"0.24";"0";"83.58"
"Farmwell Station MS";"Jul 18, 2026, 12:00:00";"4.91";"0";"74.58"
"Farmwell Station MS";"Jul 18, 2026, 11:00:00";"6.85";"0";"65.41"
"Farmwell Station MS";"Jul 18, 2026, 10:00:00";"12.14";"0.25";"61.65"
"Farmwell Station MS";"Jul 18, 2026, 09:00:00";"15.75";"5.69";"59.52"
"Farmwell Station MS";"Jul 18, 2026, 08:00:00";"21.83";"5.72";"59.85"
"Farmwell Station MS";"Jul 18, 2026, 07:00:00";"28.52";"5.32";"60.45"
"Farmwell Station MS";"Jul 18, 2026, 06:00:00";"14.37";"0.57";"60.93"
"Farmwell Station MS";"Jul 18, 2026, 05:00:00";"15.19";"1.47";"64.19"
"Farmwell Station MS";"Jul 18, 2026, 04:00:00";"13.97";"0.87";"67.28"
"Farmwell Station MS";"Jul 18, 2026, 03:00:00";"9.32";"3.2";"64.59"
"Farmwell Station MS";"Jul 18, 2026, 02:00:00";"6.69";"0.03";"68.89"
"Farmwell Station MS";"Jul 18, 2026, 01:00:00";"7.78";"0";"71.63"
"Farmwell Station MS";"Jul 18, 2026, 00:00:00";"6.4";"0";"68.51"
"Farmwell Station MS";"Jul 17, 2026, 23:00:00";"6.88";"0";"73.41"
"Farmwell Station MS";"Jul 17, 2026, 22:00:00";"6.79";"2.71";"86.62"
"Farmwell Station MS";"Jul 17, 2026, 21:00:00";"5.63";"8.31";"99.56"
"Farmwell Station MS";"Jul 17, 2026, 20:00:00";"5.1";"3.2";"100.97"
"Farmwell Station MS";"Jul 17, 2026, 19:00:00";"3.43";"0";"100.39"
"Farmwell Station MS";"Jul 17, 2026, 18:00:00";"4.83";"0";"98.39"
"Farmwell Station MS";"Jul 17, 2026, 17:00:00";"6.96";"0";"96.93"
"Farmwell Station MS";"Jul 17, 2026, 16:00:00";"5.35";"0";"98.91"
"Farmwell Station MS";"Jul 17, 2026, 15:00:00";"5.85";"0";"99.16"
"Farmwell Station MS";"Jul 17, 2026, 14:00:00";"4.95";"0";"97.16"
"Farmwell Station MS";"Jul 17, 2026, 13:00:00";"3.52";"0";"101.06"
"Farmwell Station MS";"Jul 17, 2026, 12:00:00";"0.48";"0";"99.99"
"Farmwell Station MS";"Jul 17, 2026, 11:00:00";"0.74";"0";"102.71"
"Farmwell Station MS";"Jul 17, 2026, 10:00:00";"1.13";"6.2";"128.92"
"Farmwell Station MS";"Jul 17, 2026, 09:00:00";"6.81";"8.17";"133.84"
"Farmwell Station MS";"Jul 17, 2026, 08:00:00";"10.31";"11.47";"108.44"
"Farmwell Station MS";"Jul 17, 2026, 07:00:00";"12.06";"21.75";"101.36"
"Farmwell Station MS";"Jul 17, 2026, 06:00:00";"11.29";"11.17";"109.79"
"Farmwell Station MS";"Jul 17, 2026, 05:00:00";"8.93";"5.88";"124.82"
"Farmwell Station MS";"Jul 17, 2026, 04:00:00";"8.24";"12.8";"144.61"
"Farmwell Station MS";"Jul 17, 2026, 03:00:00";"7.2";"13.73";"157.91"
"Farmwell Station MS";"Jul 17, 2026, 02:00:00";"6.44";"13.44";"155.93"
"Farmwell Station MS";"Jul 17, 2026, 01:00:00";"5.85";"3.78";"119.04"
"Farmwell Station MS";"Jul 17, 2026, 00:00:00";"4.96";"0.74";"87.6"
"Farmwell Station MS";"Jul 16, 2026, 23:00:00";"3.69";"0";"63.19"
"Farmwell Station MS";"Jul 16, 2026, 22:00:00";"1.56";"0";"40.93"
"Farmwell Station MS";"Jul 16, 2026, 21:00:00";"0.95";"0";"15.54"
"Farmwell Station MS";"Jul 16, 2026, 20:00:00";"0.77";"0";"17.23"
"Farmwell Station MS";"Jul 16, 2026, 19:00:00";"0.3";"0";"18.87"
"Farmwell Station MS";"Jul 16, 2026, 18:00:00";"1.39";"0";"19.42"
"Farmwell Station MS";"Jul 16, 2026, 17:00:00";"0.74";"0";"17.26"
"Farmwell Station MS";"Jul 16, 2026, 16:00:00";"0.1";"0";"15.95"
"Farmwell Station MS";"Jul 16, 2026, 15:00:00";"0";"0";"17.19"
"Farmwell Station MS";"Jul 16, 2026, 14:00:00";"1.79";"0";"18.78"
"Farmwell Station MS";"Jul 16, 2026, 13:00:00";"0.64";"0";"16.24"
"Farmwell Station MS";"Jul 16, 2026, 12:00:00";"0";"0";"17.33"
"Farmwell Station MS";"Jul 16, 2026, 11:00:00";"0";"0";"19.9"
"Farmwell Station MS";"Jul 16, 2026, 10:00:00";"0.07";"0";"17.62"
"Farmwell Station MS";"Jul 16, 2026, 09:00:00";"0.7";"0";"15.83"
"Farmwell Station MS";"Jul 16, 2026, 08:00:00";"3.39";"0";"14.39"
"Farmwell Station MS";"Jul 16, 2026, 07:00:00";"4.43";"0";"14.5"
"Farmwell Station MS";"Jul 16, 2026, 06:00:00";"4.08";"0";"13.35"
"Farmwell Station MS";"Jul 16, 2026, 05:00:00";"4";"0";"13.91"
"Farmwell Station MS";"Jul 16, 2026, 04:00:00";"3.43";"0";"14.35"
"Farmwell Station MS";"Jul 16, 2026, 03:00:00";"3.78";"0";"13.77"
"Farmwell Station MS";"Jul 16, 2026, 02:00:00";"0.96";"0";"12.79"
"Farmwell Station MS";"Jul 16, 2026, 01:00:00";"0.73";"0";"12.05"
"Farmwell Station MS";"Jul 16, 2026, 00:00:00";"0.63";"0";"12.47"
"Farmwell Station MS";"Jul 15, 2026, 23:00:00";"0.48";"0";"12.14"
"Farmwell Station MS";"Jul 15, 2026, 22:00:00";"0.18";"0";"10.89"
"Farmwell Station MS";"Jul 15, 2026, 21:00:00";"0";"0";"10.66"
"Farmwell Station MS";"Jul 15, 2026, 20:00:00";"0.07";"0";"11.26"
"Farmwell Station MS";"Jul 15, 2026, 19:00:00";"0.14";"0";"11.48"
"Farmwell Station MS";"Jul 15, 2026, 18:00:00";"0.27";"0";"10.8"
"Farmwell Station MS";"Jul 15, 2026, 17:00:00";"0";"0";"10.58"
"Farmwell Station MS";"Jul 15, 2026, 16:00:00";"0.22";"0";"10.82"
"Farmwell Station MS";"Jul 15, 2026, 15:00:00";"0";"0";"11.76"
"Farmwell Station MS";"Jul 15, 2026, 14:00:00";"0";"0";"11.96"
"Farmwell Station MS";"Jul 15, 2026, 13:00:00";"0";"0";"13.25"
"Farmwell Station MS";"Jul 15, 2026, 12:00:00";"0";"0";"13.25"
"Farmwell Station MS";"Jul 15, 2026, 11:00:00";"0";"0";"13.81"
"Farmwell Station MS";"Jul 15, 2026, 10:00:00";"0";"0";"13.09"
"Farmwell Station MS";"Jul 15, 2026, 09:00:00";"0.11";"0";"10.58"
"Farmwell Station MS";"Jul 15, 2026, 08:00:00";"3.06";"4.32";"8.93"
"Farmwell Station MS";"Jul 15, 2026, 07:00:00";"4.21";"31.61";"8.57"
"Farmwell Station MS";"Jul 15, 2026, 06:00:00";"4.06";"28.38";"8.46"
"Farmwell Station MS";"Jul 15, 2026, 05:00:00";"3.43";"25.51";"7.73"
"Farmwell Station MS";"Jul 15, 2026, 04:00:00";"3.64";"22.19";"7.97"
"Farmwell Station MS";"Jul 15, 2026, 03:00:00";"5.38";"19.07";"7.91"
"Farmwell Station MS";"Jul 15, 2026, 02:00:00";"3.61";"3.12";"7.6"
"Farmwell Station MS";"Jul 15, 2026, 01:00:00";"3.51";"0";"7.76"
"Farmwell Station MS";"Jul 15, 2026, 00:00:00";"3.32";"0";"7.65"
"Farmwell Station MS";"Jul 14, 2026, 23:00:00";"2.4";"0";"7.42"
"Farmwell Station MS";"Jul 14, 2026, 22:00:00";"2.79";"0";"7.88"
"Farmwell Station MS";"Jul 14, 2026, 21:00:00";"2.37";"0";"8.54"
"Farmwell Station MS";"Jul 14, 2026, 20:00:00";"2.33";"0";"8.98"
"Farmwell Station MS";"Jul 14, 2026, 19:00:00";"1.24";"0";"8.99"
"Farmwell Station MS";"Jul 14, 2026, 18:00:00";"0.49";"0";"8.81"
"Farmwell Station MS";"Jul 14, 2026, 17:00:00";"0.74";"0";"8.72"
"Farmwell Station MS";"Jul 14, 2026, 16:00:00";"0.17";"0";"8.31"
"Farmwell Station MS";"Jul 14, 2026, 15:00:00";"0.95";"0";"8.19"
"Farmwell Station MS";"Jul 14, 2026, 14:00:00";"0";"0";"8.08"
"Farmwell Station MS";"Jul 14, 2026, 13:00:00";"0";"0";"8.13"
"Farmwell Station MS";"Jul 14, 2026, 12:00:00";"0";"0";"8.64"
"Farmwell Station MS";"Jul 14, 2026, 11:00:00";"0";"0";"8.65"
"Farmwell Station MS";"Jul 14, 2026, 10:00:00";"0.17";"0";"9.8"
"Farmwell Station MS";"Jul 14, 2026, 09:00:00";"0.98";"0";"7.99"
"Farmwell Station MS";"Jul 14, 2026, 08:00:00";"2.88";"21.87";"5.75"
"Farmwell Station MS";"Jul 14, 2026, 07:00:00";"5.18";"47.85";"6.18"
"Farmwell Station MS";"Jul 14, 2026, 06:00:00";"3.74";"42.48";"7.68"
"Farmwell Station MS";"Jul 14, 2026, 05:00:00";"3.61";"34.68";"6.56"
"Farmwell Station MS";"Jul 14, 2026, 04:00:00";"8.8";"30.74";"6.1"
"Farmwell Station MS";"Jul 14, 2026, 03:00:00";"4.59";"26.95";"6.36"
"Farmwell Station MS";"Jul 14, 2026, 02:00:00";"3.61";"8.25";"6.47"
"Farmwell Station MS";"Jul 14, 2026, 01:00:00";"5.98";"0.11";"6.34"
"Farmwell Station MS";"Jul 14, 2026, 00:00:00";"8.52";"0";"6.23"
"Farmwell Station MS";"Jul 13, 2026, 23:00:00";"10.07";"0";"7.47"
"Farmwell Station MS";"Jul 13, 2026, 22:00:00";"9.21";"0.01";"8.49"
"Farmwell Station MS";"Jul 13, 2026, 21:00:00";"6.43";"2.99";"8.98"
"Farmwell Station MS";"Jul 13, 2026, 20:00:00";"10.36";"0";"8.83"
"Farmwell Station MS";"Jul 13, 2026, 19:00:00";"12.94";"0";"8.55"
"Farmwell Station MS";"Jul 13, 2026, 18:00:00";"6.54";"0";"8.18"
"Farmwell Station MS";"Jul 13, 2026, 17:00:00";"6.94";"0";"8.66"
"Farmwell Station MS";"Jul 13, 2026, 16:00:00";"2.43";"0";"7.9"
"Farmwell Station MS";"Jul 13, 2026, 15:00:00";"3.05";"0";"8.69"
"Farmwell Station MS";"Jul 13, 2026, 14:00:00";"0.33";"0";"8.57"
"Farmwell Station MS";"Jul 13, 2026, 13:00:00";"0.03";"0";"7.66"
"Farmwell Station MS";"Jul 13, 2026, 12:00:00";"2.43";"0";"7.21"
"Farmwell Station MS";"Jul 13, 2026, 11:00:00";"0";"4.82";"7.39"
"Farmwell Station MS";"Jul 13, 2026, 10:00:00";"0";"5.05";"7.14"
"Farmwell Station MS";"Jul 13, 2026, 09:00:00";"1.01";"4.11";"6.58"
"Farmwell Station MS";"Jul 13, 2026, 08:00:00";"2.85";"48.71";"5.06"
"Farmwell Station MS";"Jul 13, 2026, 07:00:00";"4.41";"61.08";"7.34"
"Farmwell Station MS";"Jul 13, 2026, 06:00:00";"2.95";"57.56";"11.79"
"Farmwell Station MS";"Jul 13, 2026, 05:00:00";"3.82";"56.9";"10.3"
"Farmwell Station MS";"Jul 13, 2026, 04:00:00";"4.62";"54.24";"10.02"
"Farmwell Station MS";"Jul 13, 2026, 03:00:00";"6.24";"47.08";"7.92"
"Farmwell Station MS";"Jul 13, 2026, 02:00:00";"3.51";"31.71";"6.98"
"Farmwell Station MS";"Jul 13, 2026, 01:00:00";"6.73";"13.13";"6.9"
"Farmwell Station MS";"Jul 13, 2026, 00:00:00";"6.18";"5.23";"7.37"
"Farmwell Station MS";"Jul 12, 2026, 23:00:00";"12.58";"0";"8.08"
"Farmwell Station MS";"Jul 12, 2026, 22:00:00";"14.88";"0";"8.14"
"Farmwell Station MS";"Jul 12, 2026, 21:00:00";"13.45";"0";"7.76"
"Farmwell Station MS";"Jul 12, 2026, 20:00:00";"15.23";"0";"7.73"
"Farmwell Station MS";"Jul 12, 2026, 19:00:00";"11.03";"0";"7.41"
"Farmwell Station MS";"Jul 12, 2026, 18:00:00";"18.66";"0";"7.82"
"Farmwell Station MS";"Jul 12, 2026, 17:00:00";"10.75";"0";"9.77"
"Farmwell Station MS";"Jul 12, 2026, 16:00:00";"0.66";"0";"9.93"
"Farmwell Station MS";"Jul 12, 2026, 15:00:00";"0.58";"0";"10.29"
"Farmwell Station MS";"Jul 12, 2026, 14:00:00";"0";"0";"10.61"
"Farmwell Station MS";"Jul 12, 2026, 13:00:00";"0";"0";"10.57"
"Farmwell Station MS";"Jul 12, 2026, 12:00:00";"0.14";"0";"10.06"
"Farmwell Station MS";"Jul 12, 2026, 11:00:00";"0.42";"0";"9.74"
"Farmwell Station MS";"Jul 12, 2026, 10:00:00";"0.47";"0";"10.07"
"Farmwell Station MS";"Jul 12, 2026, 09:00:00";"2.53";"20.06";"10.19"
"Farmwell Station MS";"Jul 12, 2026, 08:00:00";"2.33";"50.45";"11.07"
"Farmwell Station MS";"Jul 12, 2026, 07:00:00";"2.85";"70.81";"11.79"
"Farmwell Station MS";"Jul 12, 2026, 06:00:00";"3.32";"71.57";"11.89"
"Farmwell Station MS";"Jul 12, 2026, 05:00:00";"3.47";"71.79";"11.62"
"Farmwell Station MS";"Jul 12, 2026, 04:00:00";"4.18";"70.46";"11.86"
"Farmwell Station MS";"Jul 12, 2026, 03:00:00";"5.32";"67.13";"10.27"
"Farmwell Station MS";"Jul 12, 2026, 02:00:00";"5.76";"62.87";"10.38"
"Farmwell Station MS";"Jul 12, 2026, 01:00:00";"6.85";"52.95";"9.15"
"Farmwell Station MS";"Jul 12, 2026, 00:00:00";"8.08";"44.69";"7.68"
"Farmwell Station MS";"Jul 11, 2026, 23:00:00";"14.45";"35.17";"7.6"
"Farmwell Station MS";"Jul 11, 2026, 22:00:00";"6.36";"0";"9.4"
"Farmwell Station MS";"Jul 11, 2026, 21:00:00";"3.5";"0";"13.33"
"Farmwell Station MS";"Jul 11, 2026, 20:00:00";"2.81";"0";"13.34"
"Farmwell Station MS";"Jul 11, 2026, 19:00:00";"3.04";"0";"12.7"
"Farmwell Station MS";"Jul 11, 2026, 18:00:00";"3.3";"0";"12.93"
"Farmwell Station MS";"Jul 11, 2026, 17:00:00";"0.48";"0";"13"
"Farmwell Station MS";"Jul 11, 2026, 16:00:00";"0";"0";"13.51"
"Farmwell Station MS";"Jul 11, 2026, 15:00:00";"0";"0";"15.25"
"Farmwell Station MS";"Jul 11, 2026, 14:00:00";"0";"0";"14.78"
"Farmwell Station MS";"Jul 11, 2026, 13:00:00";"0";"0";"14.9"
"Farmwell Station MS";"Jul 11, 2026, 12:00:00";"0";"0";"14.68"
"Farmwell Station MS";"Jul 11, 2026, 11:00:00";"0";"0";"11.06"
"Farmwell Station MS";"Jul 11, 2026, 10:00:00";"0";"0";"8.35"
"Farmwell Station MS";"Jul 11, 2026, 09:00:00";"0.6";"0";"7.03"
"Farmwell Station MS";"Jul 11, 2026, 08:00:00";"1.55";"23.61";"6.14"
"Farmwell Station MS";"Jul 11, 2026, 07:00:00";"2.88";"54.37";"6.13"
"Farmwell Station MS";"Jul 11, 2026, 06:00:00";"2.82";"59.27";"7.09"
"Farmwell Station MS";"Jul 11, 2026, 05:00:00";"2.46";"56.48";"6.29"
"Farmwell Station MS";"Jul 11, 2026, 04:00:00";"3.51";"59.89";"6.75"
"Farmwell Station MS";"Jul 11, 2026, 03:00:00";"4.65";"59.95";"7.23"
"Farmwell Station MS";"Jul 11, 2026, 02:00:00";"6.34";"56.29";"6.6"
"Farmwell Station MS";"Jul 11, 2026, 01:00:00";"6.56";"44.68";"6.46"
"Farmwell Station MS";"Jul 11, 2026, 00:00:00";"6.26";"38.3";"8.45"
"Farmwell Station MS";"Jul 10, 2026, 23:00:00";"7.74";"32.83";"10.03"
"Farmwell Station MS";"Jul 10, 2026, 22:00:00";"9.9";"10.37";"10.48"
"Farmwell Station MS";"Jul 10, 2026, 21:00:00";"10.09";"0";"7.72"
"Farmwell Station MS";"Jul 10, 2026, 20:00:00";"14.97";"0";"8.5"
"Farmwell Station MS";"Jul 10, 2026, 19:00:00";"0";"0";"11.64"
"Farmwell Station MS";"Jul 10, 2026, 18:00:00";"0.24";"0";"13.91"
"Farmwell Station MS";"Jul 10, 2026, 17:00:00";"0.88";"0";"16.19"
"Farmwell Station MS";"Jul 10, 2026, 16:00:00";"2.84";"0";"16.91"
"Farmwell Station MS";"Jul 10, 2026, 15:00:00";"0.76";"0";"16.74"
"Farmwell Station MS";"Jul 10, 2026, 14:00:00";"0.49";"0";"18.43"
"Farmwell Station MS";"Jul 10, 2026, 13:00:00";"0";"0";"19.57"
"Farmwell Station MS";"Jul 10, 2026, 12:00:00";"0.34";"0";"22.12"
"Farmwell Station MS";"Jul 10, 2026, 11:00:00";"0";"0.56";"17.35"
"Farmwell Station MS";"Jul 10, 2026, 10:00:00";"0";"0.28";"17.83"
"Farmwell Station MS";"Jul 10, 2026, 09:00:00";"0";"0";"13.8"
"Farmwell Station MS";"Jul 10, 2026, 08:00:00";"2.34";"20.71";"11.43"
"Farmwell Station MS";"Jul 10, 2026, 07:00:00";"4.96";"80.39";"10.48"
"Farmwell Station MS";"Jul 10, 2026, 05:00:00";"2.15";"92.24";"0"
"Farmwell Station MS";"Jul 10, 2026, 04:00:00";"2.28";"89.83";"0"
"Farmwell Station MS";"Jul 10, 2026, 03:00:00";"1.75";"84.39";"0"
"Farmwell Station MS";"Jul 10, 2026, 02:00:00";"3.2";"86.84";"8.63"
"Farmwell Station MS";"Jul 10, 2026, 01:00:00";"3.11";"95.22";"9.31"
"Farmwell Station MS";"Jul 10, 2026, 00:00:00";"2.95";"99.54";"10.59"
"Farmwell Station MS";"Jul 9, 2026, 23:00:00";"4.06";"84.91";"9.48"
"Farmwell Station MS";"Jul 9, 2026, 22:00:00";"2.8";"60.09";"7.3"
"Farmwell Station MS";"Jul 9, 2026, 21:00:00";"2.4";"32.01";"4.62"
"Farmwell Station MS";"Jul 9, 2026, 20:00:00";"0.93";"3.23";"4.05"
"Farmwell Station MS";"Jul 9, 2026, 19:00:00";"4.37";"30.08";"4.77"
"Farmwell Station MS";"Jul 9, 2026, 18:00:00";"7.31";"57.49";"5.49"
"Farmwell Station MS";"Jul 9, 2026, 17:00:00";"8.82";"38.15";"8.73"
"Farmwell Station MS";"Jul 9, 2026, 16:00:00";"12.05";"5.69";"5.79"
"Farmwell Station MS";"Jul 9, 2026, 15:00:00";"2.53";"0";"12.22"
"Farmwell Station MS";"Jul 9, 2026, 14:00:00";"0.28";"0";"17.48"
"Farmwell Station MS";"Jul 9, 2026, 13:00:00";"0";"0";"17.64"
"Farmwell Station MS";"Jul 9, 2026, 12:00:00";"2.02";"0";"16.2"
"Farmwell Station MS";"Jul 9, 2026, 11:00:00";"0.09";"0";"14.99"
"Farmwell Station MS";"Jul 9, 2026, 10:00:00";"1.21";"25.27";"15.46"
"Farmwell Station MS";"Jul 9, 2026, 09:00:00";"0.39";"70.07";"15.61"
"Farmwell Station MS";"Jul 9, 2026, 08:00:00";"0.72";"75.96";"14.86"
"Farmwell Station MS";"Jul 9, 2026, 07:00:00";"4.01";"71.65";"12.41"
"Farmwell Station MS";"Jul 9, 2026, 06:00:00";"5.07";"68.67";"10.21"
"Farmwell Station MS";"Jul 9, 2026, 05:00:00";"6.17";"69.5";"9.89"
"Farmwell Station MS";"Jul 9, 2026, 04:00:00";"8.57";"61.57";"9.19"
"Farmwell Station MS";"Jul 9, 2026, 03:00:00";"6.28";"49.67";"8.53"
"Farmwell Station MS";"Jul 9, 2026, 02:00:00";"8.65";"38";"8.38"
"Farmwell Station MS";"Jul 9, 2026, 01:00:00";"13.59";"28.77";"8.73"
"Farmwell Station MS";"Jul 9, 2026, 00:00:00";"19.63";"13.15";"9.31"
"Farmwell Station MS";"Jul 8, 2026, 23:00:00";"17.65";"0.91";"9.76"
"Farmwell Station MS";"Jul 8, 2026, 22:00:00";"25.22";"0";"9.93"
"Farmwell Station MS";"Jul 8, 2026, 21:00:00";"25.05";"0";"9.47"
"Farmwell Station MS";"Jul 8, 2026, 20:00:00";"25.27";"0";"10.41"
"Farmwell Station MS";"Jul 8, 2026, 19:00:00";"16.4";"0";"9.44"
"Farmwell Station MS";"Jul 8, 2026, 18:00:00";"7.33";"0";"10.68"
"Farmwell Station MS";"Jul 8, 2026, 17:00:00";"1.72";"0.23";"11"
"Farmwell Station MS";"Jul 8, 2026, 16:00:00";"2.96";"0";"12.43"
"Farmwell Station MS";"Jul 8, 2026, 15:00:00";"5.36";"0";"11.02"
"Farmwell Station MS";"Jul 8, 2026, 14:00:00";"2.25";"0";"11.53"
"Farmwell Station MS";"Jul 8, 2026, 13:00:00";"2.32";"4.85";"10.72"
"Farmwell Station MS";"Jul 8, 2026, 12:00:00";"2.64";"0.16";"8.46"
"Farmwell Station MS";"Jul 8, 2026, 11:00:00";"3.27";"18.09";"7.16"
"Farmwell Station MS";"Jul 8, 2026, 10:00:00";"3.42";"43.81";"8.28"
"Farmwell Station MS";"Jul 8, 2026, 09:00:00";"3.41";"61.38";"7.76"
"Farmwell Station MS";"Jul 8, 2026, 08:00:00";"3.32";"73.04";"8.51"
"Farmwell Station MS";"Jul 8, 2026, 07:00:00";"3.68";"75.43";"14.06"
"Farmwell Station MS";"Jul 8, 2026, 06:00:00";"3.27";"71.23";"16.56"
"Farmwell Station MS";"Jul 8, 2026, 05:00:00";"2.84";"71.4";"11.94"
"Farmwell Station MS";"Jul 8, 2026, 04:00:00";"2.45";"74.93";"14.14"
"Farmwell Station MS";"Jul 8, 2026, 03:00:00";"3.42";"78.25";"16.54"
"Farmwell Station MS";"Jul 8, 2026, 02:00:00";"3.48";"63.77";"15.66"
"Farmwell Station MS";"Jul 8, 2026, 01:00:00";"3.33";"67.69";"14.08"
"Farmwell Station MS";"Jul 8, 2026, 00:00:00";"2.54";"76.28";"18.8"
"Farmwell Station MS";"Jul 7, 2026, 23:00:00";"3.64";"62.52";"17.25"
"Farmwell Station MS";"Jul 7, 2026, 22:00:00";"3.57";"28.97";"14.24"
"Farmwell Station MS";"Jul 7, 2026, 21:00:00";"2.54";"5.73";"13.13"
"Farmwell Station MS";"Jul 7, 2026, 20:00:00";"2.09";"0";"14.84"
"Farmwell Station MS";"Jul 7, 2026, 19:00:00";"3.72";"0";"15"
"Farmwell Station MS";"Jul 7, 2026, 18:00:00";"1.44";"0";"13.58"
"Farmwell Station MS";"Jul 7, 2026, 17:00:00";"0";"0";"15.75"
"Farmwell Station MS";"Jul 7, 2026, 16:00:00";"0";"0";"19.31"
"Farmwell Station MS";"Jul 7, 2026, 15:00:00";"0";"0";"19.32"
"Farmwell Station MS";"Jul 7, 2026, 14:00:00";"0.06";"0";"19.16"
"Farmwell Station MS";"Jul 7, 2026, 13:00:00";"0";"0";"18.75"
"Farmwell Station MS";"Jul 7, 2026, 12:00:00";"0.16";"27.56";"18.57"
"Farmwell Station MS";"Jul 7, 2026, 11:00:00";"0.15";"39.21";"15.82"
"Farmwell Station MS";"Jul 7, 2026, 10:00:00";"1.11";"67.49";"18.86"
"Farmwell Station MS";"Jul 7, 2026, 09:00:00";"1.75";"82.13";"35.67"
"Farmwell Station MS";"Jul 7, 2026, 08:00:00";"2.7";"84.09";"0"
"Farmwell Station MS";"Jul 7, 2026, 07:00:00";"3.14";"85.93";"0"
"Farmwell Station MS";"Jul 7, 2026, 06:00:00";"2.41";"86.51";"0"
"Farmwell Station MS";"Jul 7, 2026, 05:00:00";"2.3";"83.15";"0"
"Farmwell Station MS";"Jul 7, 2026, 04:00:00";"3.42";"79.67";"12.22"
"Farmwell Station MS";"Jul 7, 2026, 03:00:00";"3.9";"75.75";"14.16"
"Farmwell Station MS";"Jul 7, 2026, 02:00:00";"5.1";"74.05";"11.76"
"Farmwell Station MS";"Jul 7, 2026, 01:00:00";"4.83";"69.86";"10.75"
"Farmwell Station MS";"Jul 7, 2026, 00:00:00";"7.56";"68.51";"12.37"
"Farmwell Station MS";"Jul 6, 2026, 23:00:00";"7.2";"51.61";"15.35"
"Farmwell Station MS";"Jul 6, 2026, 22:00:00";"5.62";"17.25";"16.43"
"Farmwell Station MS";"Jul 6, 2026, 21:00:00";"1.23";"0";"12.12"
"Farmwell Station MS";"Jul 6, 2026, 20:00:00";"0.01";"0";"11.61"
"Farmwell Station MS";"Jul 6, 2026, 19:00:00";"0";"0";"11.85"
"Farmwell Station MS";"Jul 6, 2026, 18:00:00";"0.02";"0";"11.88"
"Farmwell Station MS";"Jul 6, 2026, 17:00:00";"0.12";"0";"14"
"Farmwell Station MS";"Jul 6, 2026, 16:00:00";"0.45";"0";"16.41"
"Farmwell Station MS";"Jul 6, 2026, 15:00:00";"0";"0";"15.11"
"Farmwell Station MS";"Jul 6, 2026, 14:00:00";"0";"0";"14.79"
"Farmwell Station MS";"Jul 6, 2026, 13:00:00";"0";"0";"14.14"
"Farmwell Station MS";"Jul 6, 2026, 12:00:00";"0";"0";"13.36"
"Farmwell Station MS";"Jul 6, 2026, 11:00:00";"0.16";"0.01";"12.96"
"Farmwell Station MS";"Jul 6, 2026, 10:00:00";"0.58";"6.36";"9.97"
"Farmwell Station MS";"Jul 6, 2026, 09:00:00";"1.39";"28.41";"8.64"
"Farmwell Station MS";"Jul 6, 2026, 08:00:00";"4.31";"51.19";"8.38"
"Farmwell Station MS";"Jul 6, 2026, 07:00:00";"4.68";"63.27";"11.74"
"Farmwell Station MS";"Jul 6, 2026, 06:00:00";"3.65";"64.9";"10.71"
"Farmwell Station MS";"Jul 6, 2026, 05:00:00";"4.01";"62.45";"11.71"
"Farmwell Station MS";"Jul 6, 2026, 04:00:00";"3.99";"57.81";"10.49"
"Farmwell Station MS";"Jul 6, 2026, 03:00:00";"4.69";"56.05";"10.72"
"Farmwell Station MS";"Jul 6, 2026, 02:00:00";"3.99";"53.11";"7.57"
"Farmwell Station MS";"Jul 6, 2026, 01:00:00";"5.33";"52.38";"9.11"
"Farmwell Station MS";"Jul 6, 2026, 00:00:00";"5.76";"45.32";"9.09"
"Farmwell Station MS";"Jul 5, 2026, 23:00:00";"4.52";"7.64";"11.33"
"Farmwell Station MS";"Jul 5, 2026, 22:00:00";"2.92";"0";"9.86"
"Farmwell Station MS";"Jul 5, 2026, 21:00:00";"3.42";"1.28";"10.58"
"Farmwell Station MS";"Jul 5, 2026, 20:00:00";"0.01";"0.54";"16.96"
"Farmwell Station MS";"Jul 5, 2026, 19:00:00";"0";"0";"23.3"
"Farmwell Station MS";"Jul 5, 2026, 18:00:00";"0";"0";"19.49"
"Farmwell Station MS";"Jul 5, 2026, 17:00:00";"0";"0";"15.6"
"Farmwell Station MS";"Jul 5, 2026, 16:00:00";"0";"0";"14.86"
"Farmwell Station MS";"Jul 5, 2026, 15:00:00";"0";"0";"12.48"
"Farmwell Station MS";"Jul 5, 2026, 14:00:00";"0";"0";"11.99"
"Farmwell Station MS";"Jul 5, 2026, 13:00:00";"0";"0";"11.77"
"Farmwell Station MS";"Jul 5, 2026, 12:00:00";"0";"0";"11.88"
"Farmwell Station MS";"Jul 5, 2026, 11:00:00";"0";"0";"10.98"
"Farmwell Station MS";"Jul 5, 2026, 10:00:00";"0";"0.62";"12.44"
"Farmwell Station MS";"Jul 5, 2026, 09:00:00";"0";"0.03";"11.32"
"Farmwell Station MS";"Jul 5, 2026, 08:00:00";"0.21";"9.01";"11.39"
"Farmwell Station MS";"Jul 5, 2026, 07:00:00";"0.8";"35.95";"12.08"
"Farmwell Station MS";"Jul 5, 2026, 06:00:00";"1.03";"35.85";"15.52"
"Farmwell Station MS";"Jul 5, 2026, 05:00:00";"1.24";"31.89";"13.33"
"Farmwell Station MS";"Jul 5, 2026, 04:00:00";"2.55";"31.14";"16.03"
"Farmwell Station MS";"Jul 5, 2026, 03:00:00";"3.54";"23.66";"13"
"Farmwell Station MS";"Jul 5, 2026, 02:00:00";"3.06";"24.88";"11.52"
"Farmwell Station MS";"Jul 5, 2026, 01:00:00";"1.57";"20.81";"12.9"
"Farmwell Station MS";"Jul 5, 2026, 00:00:00";"2.54";"15.52";"21.14"
"Farmwell Station MS";"Jul 4, 2026, 23:00:00";"3.38";"9.37";"24.84"
"Farmwell Station MS";"Jul 4, 2026, 22:00:00";"1.88";"9.35";"8.63"
"Farmwell Station MS";"Jul 4, 2026, 21:00:00";"0.61";"0.6";"8.61"
"Farmwell Station MS";"Jul 4, 2026, 20:00:00";"0";"1.04";"12.06"
"Farmwell Station MS";"Jul 4, 2026, 19:00:00";"0";"0.72";"15.33"
"Farmwell Station MS";"Jul 4, 2026, 18:00:00";"0";"0";"17.42"
"Farmwell Station MS";"Jul 4, 2026, 17:00:00";"0";"0";"12.56"
"Farmwell Station MS";"Jul 4, 2026, 16:00:00";"0";"0";"12.35"
"Farmwell Station MS";"Jul 4, 2026, 15:00:00";"0";"0";"12.45"
"Farmwell Station MS";"Jul 4, 2026, 14:00:00";"0";"0";"10.41"
"Farmwell Station MS";"Jul 4, 2026, 13:00:00";"0.02";"0";"8.24"
"Farmwell Station MS";"Jul 4, 2026, 12:00:00";"0";"0";"9.2"
"Farmwell Station MS";"Jul 4, 2026, 11:00:00";"0";"0";"10.25"
"Farmwell Station MS";"Jul 4, 2026, 10:00:00";"0";"0";"11.67"
"Farmwell Station MS";"Jul 4, 2026, 09:00:00";"0";"0.6";"9.24"
"Farmwell Station MS";"Jul 4, 2026, 08:00:00";"0";"0";"7.15"
"Farmwell Station MS";"Jul 4, 2026, 07:00:00";"0.1";"0";"8.16"
"Farmwell Station MS";"Jul 4, 2026, 06:00:00";"0.14";"0";"10.52"
"Farmwell Station MS";"Jul 4, 2026, 05:00:00";"0";"0";"13.27"
"Farmwell Station MS";"Jul 4, 2026, 04:00:00";"0";"0";"15.43"
"Farmwell Station MS";"Jul 4, 2026, 03:00:00";"0";"0";"15.57"
"Farmwell Station MS";"Jul 4, 2026, 02:00:00";"0";"0";"15.58"
"Farmwell Station MS";"Jul 4, 2026, 01:00:00";"0";"0";"15.89"
"Farmwell Station MS";"Jul 4, 2026, 00:00:00";"0";"0";"16.72"
"Farmwell Station MS";"Jul 3, 2026, 23:00:00";"0";"0";"17.14"
"Farmwell Station MS";"Jul 3, 2026, 22:00:00";"0";"0";"18"
"Farmwell Station MS";"Jul 3, 2026, 21:00:00";"0";"0";"18.71"
"Farmwell Station MS";"Jul 3, 2026, 20:00:00";"0";"0";"17.52"
"Farmwell Station MS";"Jul 3, 2026, 19:00:00";"0";"0";"17.51"
"Farmwell Station MS";"Jul 3, 2026, 18:00:00";"0";"0";"16.51"
"Farmwell Station MS";"Jul 3, 2026, 17:00:00";"0";"0";"16.78"
"Farmwell Station MS";"Jul 3, 2026, 16:00:00";"0";"0";"15.14"
"Farmwell Station MS";"Jul 3, 2026, 15:00:00";"0";"0";"15.05"
"Farmwell Station MS";"Jul 3, 2026, 14:00:00";"0";"0";"15.81"
"Farmwell Station MS";"Jul 3, 2026, 13:00:00";"1.14";"0";"16.19"
"Farmwell Station MS";"Jul 3, 2026, 12:00:00";"0";"0";"17.31"
"Farmwell Station MS";"Jul 3, 2026, 11:00:00";"0";"0";"20.79"
"Farmwell Station MS";"Jul 3, 2026, 10:00:00";"0";"0";"23.55"
"Farmwell Station MS";"Jul 3, 2026, 09:00:00";"0";"0";"24.2"
"Farmwell Station MS";"Jul 3, 2026, 08:00:00";"0";"0";"23.64"
"Farmwell Station MS";"Jul 3, 2026, 07:00:00";"0";"0.12";"22.27"
"Farmwell Station MS";"Jul 3, 2026, 06:00:00";"0.17";"0";"18.19"
"Farmwell Station MS";"Jul 3, 2026, 05:00:00";"0.26";"0";"17.95"
"Farmwell Station MS";"Jul 3, 2026, 04:00:00";"0.09";"0";"18.16"
"Farmwell Station MS";"Jul 3, 2026, 03:00:00";"0";"0";"16.7"
"Farmwell Station MS";"Jul 3, 2026, 02:00:00";"0";"0";"16.16"
"Farmwell Station MS";"Jul 3, 2026, 01:00:00";"0";"0";"16.43"
"Farmwell Station MS";"Jul 3, 2026, 00:00:00";"0";"0";"17"
"Farmwell Station MS";"Jul 2, 2026, 23:00:00";"0";"0";"17.54"
"Farmwell Station MS";"Jul 2, 2026, 22:00:00";"0";"0";"18.54"
"Farmwell Station MS";"Jul 2, 2026, 21:00:00";"0";"0";"20.13"
"Farmwell Station MS";"Jul 2, 2026, 20:00:00";"0";"0";"21.69"
"Farmwell Station MS";"Jul 2, 2026, 19:00:00";"0";"0";"21.78"
"Farmwell Station MS";"Jul 2, 2026, 18:00:00";"0";"0";"22.46"
"Farmwell Station MS";"Jul 2, 2026, 17:00:00";"0";"0";"22.74"
"Farmwell Station MS";"Jul 2, 2026, 16:00:00";"0";"0";"22.69"
"Farmwell Station MS";"Jul 2, 2026, 15:00:00";"0";"0";"24.26"
"Farmwell Station MS";"Jul 2, 2026, 14:00:00";"0";"0";"23.86"
"Farmwell Station MS";"Jul 2, 2026, 13:00:00";"0";"0";"25.91"
"Farmwell Station MS";"Jul 2, 2026, 12:00:00";"0";"0";"26.5"
"Farmwell Station MS";"Jul 2, 2026, 11:00:00";"0";"0";"27.64"
"Farmwell Station MS";"Jul 2, 2026, 10:00:00";"0";"0";"27.28"
"Farmwell Station MS";"Jul 2, 2026, 09:00:00";"0";"0";"23.42"
"Farmwell Station MS";"Jul 2, 2026, 08:00:00";"0.4";"0.37";"19.24"
"Farmwell Station MS";"Jul 2, 2026, 07:00:00";"1.73";"27.6";"16.47"
"Farmwell Station MS";"Jul 2, 2026, 06:00:00";"1.39";"35.88";"17.04"
"Farmwell Station MS";"Jul 2, 2026, 05:00:00";"0.21";"16.74";"17.33"
"Farmwell Station MS";"Jul 2, 2026, 04:00:00";"0";"0.16";"17.42"
"Farmwell Station MS";"Jul 2, 2026, 03:00:00";"0";"0";"16.72"
"Farmwell Station MS";"Jul 2, 2026, 02:00:00";"0.03";"0";"17.33"
"Farmwell Station MS";"Jul 2, 2026, 01:00:00";"0";"0";"17.62"
"Farmwell Station MS";"Jul 2, 2026, 00:00:00";"0";"0";"17.85"
"Farmwell Station MS";"Jul 1, 2026, 23:00:00";"0";"0";"18.33"
"Farmwell Station MS";"Jul 1, 2026, 22:00:00";"0";"0";"18.96"
"Farmwell Station MS";"Jul 1, 2026, 21:00:00";"0";"0";"21.16"
"Farmwell Station MS";"Jul 1, 2026, 20:00:00";"0";"0";"21.88"
"Farmwell Station MS";"Jul 1, 2026, 19:00:00";"0";"0";"21.79"
"Farmwell Station MS";"Jul 1, 2026, 18:00:00";"0";"0";"22.06"
"Farmwell Station MS";"Jul 1, 2026, 17:00:00";"0.09";"0";"21.28"
"Farmwell Station MS";"Jul 1, 2026, 16:00:00";"0.1";"0";"21.05"
"Farmwell Station MS";"Jul 1, 2026, 15:00:00";"0.33";"0";"20.19"
"Farmwell Station MS";"Jul 1, 2026, 14:00:00";"0";"0";"20.33"
"Farmwell Station MS";"Jul 1, 2026, 13:00:00";"0";"0";"19.22"
"Farmwell Station MS";"Jul 1, 2026, 12:00:00";"0";"0";"17.57"
"Farmwell Station MS";"Jul 1, 2026, 11:00:00";"0";"0";"14.82"
"Farmwell Station MS";"Jul 1, 2026, 10:00:00";"0";"0";"11.89"
"Farmwell Station MS";"Jul 1, 2026, 09:00:00";"0.73";"0";"8.99"
"Farmwell Station MS";"Jul 1, 2026, 08:00:00";"3.87";"0";"6.78"
"Farmwell Station MS";"Jul 1, 2026, 07:00:00";"5.34";"0";"6.11"
"Farmwell Station MS";"Jul 1, 2026, 06:00:00";"4.73";"0";"5.83"
"Farmwell Station MS";"Jul 1, 2026, 05:00:00";"3.93";"0";"5.35"
"Farmwell Station MS";"Jul 1, 2026, 04:00:00";"4.62";"0";"5.2"
"Farmwell Station MS";"Jul 1, 2026, 03:00:00";"7.3";"0";"4.72"
"Farmwell Station MS";"Jul 1, 2026, 02:00:00";"6.73";"0";"4.94"
"Farmwell Station MS";"Jul 1, 2026, 01:00:00";"8.52";"0";"4.81"
"Farmwell Station MS";"Jul 1, 2026, 00:00:00";"11.27";"0";"4.87"
"Farmwell Station MS";"Jun 30, 2026, 23:00:00";"8.35";"0";"4.74"
"Farmwell Station MS";"Jun 30, 2026, 22:00:00";"9.21";"0.13";"5.45"
"Farmwell Station MS";"Jun 30, 2026, 21:00:00";"6.48";"0.11";"6.11"
"Farmwell Station MS";"Jun 30, 2026, 20:00:00";"5.87";"0.3";"7.86"
"Farmwell Station MS";"Jun 30, 2026, 19:00:00";"3.61";"0";"8.63"
"Farmwell Station MS";"Jun 30, 2026, 18:00:00";"1.51";"0";"8.9"
"Farmwell Station MS";"Jun 30, 2026, 17:00:00";"0.72";"0";"8.48"
"Farmwell Station MS";"Jun 30, 2026, 16:00:00";"0.16";"0";"9.47"
"Farmwell Station MS";"Jun 30, 2026, 15:00:00";"0.28";"0";"8.87"
"Farmwell Station MS";"Jun 30, 2026, 14:00:00";"0";"0";"9.23"
"Farmwell Station MS";"Jun 30, 2026, 13:00:00";"0";"0.12";"10.47"
"Farmwell Station MS";"Jun 30, 2026, 12:00:00";"0.07";"0";"12.15"
"Farmwell Station MS";"Jun 30, 2026, 11:00:00";"0.03";"0";"11.35"
"Farmwell Station MS";"Jun 30, 2026, 10:00:00";"0.07";"0";"11.52"
"Farmwell Station MS";"Jun 30, 2026, 09:00:00";"3.07";"1.37";"11.5"
"Farmwell Station MS";"Jun 30, 2026, 08:00:00";"6.97";"33.12";"11.66"
"Farmwell Station MS";"Jun 30, 2026, 07:00:00";"7.37";"53.83";"15.57"
"Farmwell Station MS";"Jun 30, 2026, 06:00:00";"0";"0";"14.63"
"Farmwell Station MS";"Jun 30, 2026, 05:00:00";"5.77";"31.56";"12.01"
"Farmwell Station MS";"Jun 30, 2026, 04:00:00";"7.69";"15.76";"9.54"
"Farmwell Station MS";"Jun 30, 2026, 03:00:00";"7.96";"7.27";"9.18"
"Farmwell Station MS";"Jun 30, 2026, 02:00:00";"8.7";"0";"9.03"
"Farmwell Station MS";"Jun 30, 2026, 01:00:00";"16.01";"0";"8.46"
"Farmwell Station MS";"Jun 30, 2026, 00:00:00";"12.84";"0";"8.07"
"Farmwell Station MS";"Jun 29, 2026, 23:00:00";"10.39";"0";"7.87"
"Farmwell Station MS";"Jun 29, 2026, 22:00:00";"9.19";"0";"7.03"
"Farmwell Station MS";"Jun 29, 2026, 21:00:00";"9.61";"0";"8.47"
"Farmwell Station MS";"Jun 29, 2026, 20:00:00";"10.64";"4.09";"9.32"
"Farmwell Station MS";"Jun 29, 2026, 19:00:00";"9.97";"4.56";"12.85"
"Farmwell Station MS";"Jun 29, 2026, 18:00:00";"6.6";"0.19";"13.97"
"Farmwell Station MS";"Jun 29, 2026, 17:00:00";"3.96";"0";"10.74"
"Farmwell Station MS";"Jun 29, 2026, 16:00:00";"5.4";"0";"9.69"
"Farmwell Station MS";"Jun 29, 2026, 15:00:00";"0.05";"0";"7.96"
"Farmwell Station MS";"Jun 29, 2026, 14:00:00";"1.21";"2.95";"8.94"
"Farmwell Station MS";"Jun 29, 2026, 13:00:00";"0";"17.14";"10.85"
"Farmwell Station MS";"Jun 29, 2026, 12:00:00";"0";"4.93";"14.62"
"Farmwell Station MS";"Jun 29, 2026, 11:00:00";"0.23";"12.76";"15.76"
"Farmwell Station MS";"Jun 29, 2026, 10:00:00";"1.59";"61.91";"16.79"
"Farmwell Station MS";"Jun 29, 2026, 09:00:00";"2.41";"88.35";"22.42"
"Farmwell Station MS";"Jun 29, 2026, 08:00:00";"2.38";"95.94";"28.75"
"Farmwell Station MS";"Jun 29, 2026, 07:00:00";"3.14";"94.77";"28.3"
"Farmwell Station MS";"Jun 29, 2026, 06:00:00";"1.98";"91.95";"23.87"
"Farmwell Station MS";"Jun 29, 2026, 05:00:00";"1.88";"86.52";"20.92"
"Farmwell Station MS";"Jun 29, 2026, 04:00:00";"2.26";"76.86";"16.04"
"Farmwell Station MS";"Jun 29, 2026, 03:00:00";"3.2";"73.9";"11.53"
"Farmwell Station MS";"Jun 29, 2026, 02:00:00";"4.39";"70.89";"9.86"
"Farmwell Station MS";"Jun 29, 2026, 01:00:00";"4.71";"66.28";"9.91"
"Farmwell Station MS";"Jun 29, 2026, 00:00:00";"5.35";"64.73";"8.61"
"Farmwell Station MS";"Jun 28, 2026, 23:00:00";"5.42";"65.85";"9.28"
"Farmwell Station MS";"Jun 28, 2026, 22:00:00";"5.03";"50.07";"9.6"
"Farmwell Station MS";"Jun 28, 2026, 21:00:00";"4.73";"21.76";"6.55"
"Farmwell Station MS";"Jun 28, 2026, 20:00:00";"5.53";"2.02";"5.5"
"Farmwell Station MS";"Jun 28, 2026, 19:00:00";"4.28";"0";"4.66"
"Farmwell Station MS";"Jun 28, 2026, 18:00:00";"3.64";"1.73";"5.2"
"Farmwell Station MS";"Jun 28, 2026, 17:00:00";"5.67";"20.32";"6.5"
"Farmwell Station MS";"Jun 28, 2026, 16:00:00";"6";"46.02";"7.31"
"Farmwell Station MS";"Jun 28, 2026, 15:00:00";"5.03";"37.52";"5.75"
"Farmwell Station MS";"Jun 28, 2026, 14:00:00";"4.58";"49.34";"5.82"
"Farmwell Station MS";"Jun 28, 2026, 13:00:00";"4.93";"63.3";"7.36"
"Farmwell Station MS";"Jun 28, 2026, 12:00:00";"4.89";"70.79";"10.65"
"Farmwell Station MS";"Jun 28, 2026, 11:00:00";"5.77";"77.65";"12.52"
"Farmwell Station MS";"Jun 28, 2026, 10:00:00";"4.98";"79.63";"17.12"
"Farmwell Station MS";"Jun 28, 2026, 09:00:00";"5.03";"81.5";"0"
"Farmwell Station MS";"Jun 28, 2026, 08:00:00";"4.79";"81.38";"0"
"Farmwell Station MS";"Jun 28, 2026, 07:00:00";"4.35";"79.83";"0"
"Farmwell Station MS";"Jun 28, 2026, 06:00:00";"4.13";"78.93";"0"
"Farmwell Station MS";"Jun 28, 2026, 05:00:00";"3.41";"76.63";"0"
"Farmwell Station MS";"Jun 28, 2026, 04:00:00";"4.1";"76.17";"0"
"Farmwell Station MS";"Jun 28, 2026, 03:00:00";"5.43";"73.29";"0"
"Farmwell Station MS";"Jun 28, 2026, 02:00:00";"5.26";"70.32";"48.07"
"Farmwell Station MS";"Jun 28, 2026, 01:00:00";"5.75";"68.4";"44.27"
"Farmwell Station MS";"Jun 28, 2026, 00:00:00";"7.53";"63.04";"36.63"
"Farmwell Station MS";"Jun 27, 2026, 23:00:00";"8.32";"57.79";"31.39"
"Farmwell Station MS";"Jun 27, 2026, 22:00:00";"7.62";"37.09";"21.66"
"Farmwell Station MS";"Jun 27, 2026, 21:00:00";"5.69";"10";"11.13"
"Farmwell Station MS";"Jun 27, 2026, 20:00:00";"3.77";"0";"7.42"
"Farmwell Station MS";"Jun 27, 2026, 19:00:00";"3.69";"0";"8.38"
"Farmwell Station MS";"Jun 27, 2026, 18:00:00";"3.8";"0";"8.29"
"Farmwell Station MS";"Jun 27, 2026, 17:00:00";"6.39";"0";"8.22"
"Farmwell Station MS";"Jun 27, 2026, 16:00:00";"2.32";"0";"7.54"
"Farmwell Station MS";"Jun 27, 2026, 15:00:00";"0.17";"0";"7.77"
"Farmwell Station MS";"Jun 27, 2026, 14:00:00";"0.1";"0";"8.8"
"Farmwell Station MS";"Jun 27, 2026, 13:00:00";"0.59";"0";"8.3"
"Farmwell Station MS";"Jun 27, 2026, 12:00:00";"0";"0";"8.49"
"Farmwell Station MS";"Jun 27, 2026, 11:00:00";"0.94";"3.82";"10.2"
"Farmwell Station MS";"Jun 27, 2026, 10:00:00";"2.19";"20.62";"8.86"
"Farmwell Station MS";"Jun 27, 2026, 09:00:00";"2.06";"30.14";"9.59"
"Farmwell Station MS";"Jun 27, 2026, 08:00:00";"3.69";"52.78";"11.57"
"Farmwell Station MS";"Jun 27, 2026, 07:00:00";"3.5";"56.25";"13.57"
"Farmwell Station MS";"Jun 27, 2026, 06:00:00";"4.93";"49.3";"9.23"
"Farmwell Station MS";"Jun 27, 2026, 05:00:00";"3.51";"41.54";"11.66"
"Farmwell Station MS";"Jun 27, 2026, 04:00:00";"4.37";"36.73";"9.57"
"Farmwell Station MS";"Jun 27, 2026, 03:00:00";"4.53";"27.36";"9.01"
"Farmwell Station MS";"Jun 27, 2026, 02:00:00";"5.87";"18.94";"7.43"
"Farmwell Station MS";"Jun 27, 2026, 01:00:00";"5.6";"15.61";"8.2"
"Farmwell Station MS";"Jun 27, 2026, 00:00:00";"10.42";"15.14";"8.2"
"Farmwell Station MS";"Jun 26, 2026, 23:00:00";"3.95";"3.71";"7.89"
"Farmwell Station MS";"Jun 26, 2026, 22:00:00";"3.91";"0.06";"6.83"
"Farmwell Station MS";"Jun 26, 2026, 21:00:00";"4.22";"0";"6.34"
"Farmwell Station MS";"Jun 26, 2026, 20:00:00";"7.57";"0";"5.98"
"Farmwell Station MS";"Jun 26, 2026, 19:00:00";"5.17";"0.58";"5.07"
"Farmwell Station MS";"Jun 26, 2026, 18:00:00";"3.33";"0.53";"3.35"
"Farmwell Station MS";"Jun 26, 2026, 17:00:00";"5.92";"1.42";"3.55"
"Farmwell Station MS";"Jun 26, 2026, 16:00:00";"2.92";"0";"3.87"
"Farmwell Station MS";"Jun 26, 2026, 15:00:00";"0.25";"0";"4.23"
"Farmwell Station MS";"Jun 26, 2026, 14:00:00";"0.25";"0";"3.98"
"Farmwell Station MS";"Jun 26, 2026, 13:00:00";"0.28";"0";"4.03"
"Farmwell Station MS";"Jun 26, 2026, 12:00:00";"0.13";"0.33";"3.72"
"Farmwell Station MS";"Jun 26, 2026, 11:00:00";"1.79";"2.28";"4.98"
"Farmwell Station MS";"Jun 26, 2026, 10:00:00";"5.57";"0";"5.04"
"Farmwell Station MS";"Jun 26, 2026, 09:00:00";"7.18";"0";"4.71"
"Farmwell Station MS";"Jun 26, 2026, 08:00:00";"6.9";"5.34";"4.8"
"Farmwell Station MS";"Jun 26, 2026, 07:00:00";"7.45";"12.11";"4.99"
"Farmwell Station MS";"Jun 26, 2026, 06:00:00";"6.28";"4.23";"4.37"
"Farmwell Station MS";"Jun 26, 2026, 05:00:00";"6.7";"0.48";"4.05"
"Farmwell Station MS";"Jun 26, 2026, 04:00:00";"6.57";"0";"4.07"
"Farmwell Station MS";"Jun 26, 2026, 03:00:00";"6.19";"0";"3.85"
"Farmwell Station MS";"Jun 26, 2026, 02:00:00";"6.64";"0";"3.56"
"Farmwell Station MS";"Jun 26, 2026, 01:00:00";"6.93";"1.22";"3.85"
"Farmwell Station MS";"Jun 26, 2026, 00:00:00";"9.77";"4.57";"3.93"
"Farmwell Station MS";"Jun 25, 2026, 23:00:00";"6.56";"5.81";"3.8"
"Farmwell Station MS";"Jun 25, 2026, 22:00:00";"7.63";"5.84";"3.53"
"Farmwell Station MS";"Jun 25, 2026, 21:00:00";"7.12";"4.83";"3.45"
"Farmwell Station MS";"Jun 25, 2026, 20:00:00";"8.12";"1.16";"2.96"
"Farmwell Station MS";"Jun 25, 2026, 19:00:00";"5.08";"0";"2.54"
"Farmwell Station MS";"Jun 25, 2026, 18:00:00";"4.68";"0";"2.37"
"Farmwell Station MS";"Jun 25, 2026, 17:00:00";"2.83";"0";"2.39"
"Farmwell Station MS";"Jun 25, 2026, 16:00:00";"2.87";"0";"2.32"
"Farmwell Station MS";"Jun 25, 2026, 15:00:00";"2.88";"0";"2.72"
"Farmwell Station MS";"Jun 25, 2026, 14:00:00";"0.65";"0";"2.63"
"Farmwell Station MS";"Jun 25, 2026, 13:00:00";"0.31";"0";"2.73"
"Farmwell Station MS";"Jun 25, 2026, 12:00:00";"0.06";"2.16";"3.2"
"Farmwell Station MS";"Jun 25, 2026, 11:00:00";"0.39";"9.1";"3.12"
"Farmwell Station MS";"Jun 25, 2026, 10:00:00";"2.9";"3.05";"3.46"
"Farmwell Station MS";"Jun 25, 2026, 09:00:00";"5.58";"12.59";"3.24"
"Farmwell Station MS";"Jun 25, 2026, 08:00:00";"5.69";"32.36";"2.76"
"Farmwell Station MS";"Jun 25, 2026, 07:00:00";"5.78";"36.26";"2.9"
"Farmwell Station MS";"Jun 25, 2026, 06:00:00";"4.86";"35.1";"2.27"
"Farmwell Station MS";"Jun 25, 2026, 05:00:00";"5.81";"33.42";"2.01"
"Farmwell Station MS";"Jun 25, 2026, 04:00:00";"5.38";"32.4";"2.04"
"Farmwell Station MS";"Jun 25, 2026, 03:00:00";"5.41";"29.21";"1.61"
"Farmwell Station MS";"Jun 25, 2026, 02:00:00";"7.2";"28.06";"1.89"
"Farmwell Station MS";"Jun 25, 2026, 01:00:00";"8.75";"26.39";"2.26"
"Farmwell Station MS";"Jun 25, 2026, 00:00:00";"8.33";"21.65";"2.65"
"Farmwell Station MS";"Jun 24, 2026, 23:00:00";"9.02";"21.54";"1.91"
"Farmwell Station MS";"Jun 24, 2026, 22:00:00";"8.25";"19.03";"1.91"
"Farmwell Station MS";"Jun 24, 2026, 21:00:00";"5.84";"1.59";"1.45"
"Farmwell Station MS";"Jun 24, 2026, 20:00:00";"3.96";"0";"1.25"
"Farmwell Station MS";"Jun 24, 2026, 19:00:00";"3.65";"0";"1.2"
"Farmwell Station MS";"Jun 24, 2026, 18:00:00";"3.1";"0";"1.43"
"Farmwell Station MS";"Jun 24, 2026, 17:00:00";"3.11";"0";"1.45"
"Farmwell Station MS";"Jun 24, 2026, 16:00:00";"2.18";"0";"1.44"
"Farmwell Station MS";"Jun 24, 2026, 15:00:00";"1.7";"0";"1.36"
"Farmwell Station MS";"Jun 24, 2026, 14:00:00";"1.48";"0";"1.28"
"Farmwell Station MS";"Jun 24, 2026, 13:00:00";"0.94";"0";"1.46"
"Farmwell Station MS";"Jun 24, 2026, 12:00:00";"0.09";"0";"1.78"
"Farmwell Station MS";"Jun 24, 2026, 11:00:00";"0.18";"3.07";"1.96"
"Farmwell Station MS";"Jun 24, 2026, 10:00:00";"2.21";"11.87";"2.25"
"Farmwell Station MS";"Jun 24, 2026, 09:00:00";"5.38";"13.05";"2.41"
"Farmwell Station MS";"Jun 24, 2026, 08:00:00";"6.23";"22.8";"2.26"
"Farmwell Station MS";"Jun 24, 2026, 07:00:00";"5.93";"25.8";"2.25"
"Farmwell Station MS";"Jun 24, 2026, 06:00:00";"5.22";"24.36";"1.98"
"Farmwell Station MS";"Jun 24, 2026, 05:00:00";"4.57";"22.73";"1.79"
"Farmwell Station MS";"Jun 24, 2026, 04:00:00";"3.83";"22.98";"1.58"
"Farmwell Station MS";"Jun 24, 2026, 03:00:00";"3.17";"23.17";"1.57"
"Farmwell Station MS";"Jun 24, 2026, 02:00:00";"3.63";"23.49";"1.59"
"Farmwell Station MS";"Jun 24, 2026, 01:00:00";"4.4";"26.85";"1.47"
"Farmwell Station MS";"Jun 24, 2026, 00:00:00";"5.56";"33.52";"1.39"
"Farmwell Station MS";"Jun 23, 2026, 23:00:00";"7.24";"35.71";"1.56"
"Farmwell Station MS";"Jun 23, 2026, 22:00:00";"6.8";"23.36";"1.84"
"Farmwell Station MS";"Jun 23, 2026, 21:00:00";"3.82";"0.44";"1.22"
"Farmwell Station MS";"Jun 23, 2026, 20:00:00";"2.62";"0";"0.87"
"Farmwell Station MS";"Jun 23, 2026, 19:00:00";"1.39";"0";"0.98"
"Farmwell Station MS";"Jun 23, 2026, 18:00:00";"1.5";"0";"1.19"
"Farmwell Station MS";"Jun 23, 2026, 17:00:00";"3.41";"11.78";"1.08"
"Farmwell Station MS";"Jun 23, 2026, 16:00:00";"4.28";"35.52";"1.35"
"Farmwell Station MS";"Jun 23, 2026, 15:00:00";"4.59";"48.49";"2.39"
"Farmwell Station MS";"Jun 23, 2026, 14:00:00";"4.1";"52.91";"2.3"
"Farmwell Station MS";"Jun 23, 2026, 13:00:00";"3.05";"55.77";"2"
"Farmwell Station MS";"Jun 23, 2026, 12:00:00";"3.17";"58.57";"4.02"
"Farmwell Station MS";"Jun 23, 2026, 11:00:00";"3.81";"60.09";"10.42"
"Farmwell Station MS";"Jun 23, 2026, 10:00:00";"3.97";"57.47";"14.99"
"Farmwell Station MS";"Jun 23, 2026, 09:00:00";"4.65";"54.73";"9.27"
"Farmwell Station MS";"Jun 23, 2026, 08:00:00";"5.26";"59.91";"5.62"
"Farmwell Station MS";"Jun 23, 2026, 07:00:00";"3.66";"62.94";"6.64"
"Farmwell Station MS";"Jun 23, 2026, 06:00:00";"2.33";"63.13";"8.13"
"Farmwell Station MS";"Jun 23, 2026, 05:00:00";"2.24";"62.21";"7.86"
"Farmwell Station MS";"Jun 23, 2026, 04:00:00";"2.1";"60.95";"6.21"
"Farmwell Station MS";"Jun 23, 2026, 03:00:00";"2.8";"58.22";"5.09"
"Farmwell Station MS";"Jun 23, 2026, 02:00:00";"4.28";"53.91";"3.23"
"Farmwell Station MS";"Jun 23, 2026, 01:00:00";"9.72";"49.51";"2.95"
"Farmwell Station MS";"Jun 23, 2026, 00:00:00";"5.6";"46.53";"3.23"
"Farmwell Station MS";"Jun 22, 2026, 23:00:00";"5.66";"44.51";"4.37"
"Farmwell Station MS";"Jun 22, 2026, 22:00:00";"4.5";"39.13";"5.93"
"Farmwell Station MS";"Jun 22, 2026, 21:00:00";"4.62";"29.69";"7.99"
"Farmwell Station MS";"Jun 22, 2026, 20:00:00";"5.25";"30.01";"7.63"
"Farmwell Station MS";"Jun 22, 2026, 19:00:00";"3.36";"7.91";"8.95"
"Farmwell Station MS";"Jun 22, 2026, 18:00:00";"2.78";"0";"7.5"
"Farmwell Station MS";"Jun 22, 2026, 17:00:00";"3.05";"0.41";"6.06"
"Farmwell Station MS";"Jun 22, 2026, 16:00:00";"1.31";"0.14";"5.85"
"Farmwell Station MS";"Jun 22, 2026, 15:00:00";"1.19";"0";"5.54"
"Farmwell Station MS";"Jun 22, 2026, 14:00:00";"0.84";"0.02";"5.64"
"Farmwell Station MS";"Jun 22, 2026, 13:00:00";"4.14";"1.3";"6.28"
"Farmwell Station MS";"Jun 22, 2026, 12:00:00";"3.83";"1.81";"6.46"
"Farmwell Station MS";"Jun 22, 2026, 11:00:00";"4.83";"0";"6.32"
"Farmwell Station MS";"Jun 22, 2026, 10:00:00";"6.38";"0";"5.76"
"Farmwell Station MS";"Jun 22, 2026, 09:00:00";"10.57";"0.84";"4.94"
"Farmwell Station MS";"Jun 22, 2026, 08:00:00";"8.05";"20";"4.22"
"Farmwell Station MS";"Jun 22, 2026, 07:00:00";"7.05";"24.34";"4.17"
"Farmwell Station MS";"Jun 22, 2026, 06:00:00";"6.6";"22.72";"3.76"
"Farmwell Station MS";"Jun 22, 2026, 05:00:00";"5.98";"21.85";"3.44"
"Farmwell Station MS";"Jun 22, 2026, 04:00:00";"5.86";"23.32";"3.07"
"Farmwell Station MS";"Jun 22, 2026, 03:00:00";"6.05";"23.17";"3.02"
"Farmwell Station MS";"Jun 22, 2026, 02:00:00";"6.31";"22.49";"3.25"
"Farmwell Station MS";"Jun 22, 2026, 01:00:00";"6.5";"19.3";"3.19"
"Farmwell Station MS";"Jun 22, 2026, 00:00:00";"8.25";"18.54";"4.35"
"Farmwell Station MS";"Jun 21, 2026, 23:00:00";"6.8";"17.91";"3.7"
"Farmwell Station MS";"Jun 21, 2026, 22:00:00";"5.71";"8.39";"2.89"
"Farmwell Station MS";"Jun 21, 2026, 21:00:00";"4.63";"0";"1.79"
"Farmwell Station MS";"Jun 21, 2026, 20:00:00";"3.34";"0";"1.73"
"Farmwell Station MS";"Jun 21, 2026, 19:00:00";"3.01";"0";"1.68"
"Farmwell Station MS";"Jun 21, 2026, 18:00:00";"2.35";"0";"1.82"
"Farmwell Station MS";"Jun 21, 2026, 17:00:00";"1.6";"0";"1.57"
"Farmwell Station MS";"Jun 21, 2026, 16:00:00";"0.82";"0";"1.71"
"Farmwell Station MS";"Jun 21, 2026, 15:00:00";"1.55";"0";"1.69"
"Farmwell Station MS";"Jun 21, 2026, 14:00:00";"1.22";"0";"1.91"
"Farmwell Station MS";"Jun 21, 2026, 13:00:00";"1.9";"0";"2"
"Farmwell Station MS";"Jun 21, 2026, 12:00:00";"0.65";"0";"2.4"
"Farmwell Station MS";"Jun 21, 2026, 11:00:00";"1.5";"0";"4.03"
"Farmwell Station MS";"Jun 21, 2026, 10:00:00";"2.45";"1.72";"4.52"
"Farmwell Station MS";"Jun 21, 2026, 09:00:00";"5.18";"0";"2.21"
"Farmwell Station MS";"Jun 21, 2026, 08:00:00";"6.43";"9.29";"1.64"
"Farmwell Station MS";"Jun 21, 2026, 07:00:00";"6.09";"19.3";"1.67"
"Farmwell Station MS";"Jun 21, 2026, 06:00:00";"5.87";"16.18";"1.72"
"Farmwell Station MS";"Jun 21, 2026, 05:00:00";"4.98";"17.2";"1.53"
"Farmwell Station MS";"Jun 21, 2026, 04:00:00";"4.53";"17.68";"1.58"
"Farmwell Station MS";"Jun 21, 2026, 03:00:00";"4.39";"17.15";"1.64"
"Farmwell Station MS";"Jun 21, 2026, 02:00:00";"4.67";"16.44";"1.64"
"Farmwell Station MS";"Jun 21, 2026, 01:00:00";"4.75";"15.18";"1.57"
"Farmwell Station MS";"Jun 21, 2026, 00:00:00";"4.95";"14.21";"1.51"
"Farmwell Station MS";"Jun 20, 2026, 23:00:00";"5.03";"11.24";"1.71"
"Farmwell Station MS";"Jun 20, 2026, 22:00:00";"4.59";"2.05";"1.9"
"Farmwell Station MS";"Jun 20, 2026, 21:00:00";"4.01";"0";"1.27"
"Farmwell Station MS";"Jun 20, 2026, 20:00:00";"2.98";"0";"1.02"
"Farmwell Station MS";"Jun 20, 2026, 19:00:00";"2.97";"0";"1.01"
"Farmwell Station MS";"Jun 20, 2026, 18:00:00";"2.32";"0";"0.83"
"Farmwell Station MS";"Jun 20, 2026, 17:00:00";"1.77";"0";"0.67"
"Farmwell Station MS";"Jun 20, 2026, 16:00:00";"2.26";"0";"0.75"
"Farmwell Station MS";"Jun 20, 2026, 15:00:00";"2.41";"0";"0.74"
"Farmwell Station MS";"Jun 20, 2026, 14:00:00";"1.43";"0";"0.83"
"Farmwell Station MS";"Jun 20, 2026, 13:00:00";"1.03";"0";"0.87"
"Farmwell Station MS";"Jun 20, 2026, 12:00:00";"1.41";"0";"1.16"
"Farmwell Station MS";"Jun 20, 2026, 11:00:00";"1.79";"0";"1.39"
"Farmwell Station MS";"Jun 20, 2026, 10:00:00";"3.02";"1.12";"1.64"
"Farmwell Station MS";"Jun 20, 2026, 09:00:00";"4.19";"5.45";"1.64"
"Farmwell Station MS";"Jun 20, 2026, 08:00:00";"7.77";"12.67";"1.77"
"Farmwell Station MS";"Jun 20, 2026, 07:00:00";"0";"0";"1.56"
"Farmwell Station MS";"Jun 20, 2026, 05:00:00";"6.93";"18.2";"1.52"
"Farmwell Station MS";"Jun 20, 2026, 04:00:00";"7.1";"17.87";"1.46"
"Farmwell Station MS";"Jun 20, 2026, 03:00:00";"6.35";"18.16";"1.57"
"Farmwell Station MS";"Jun 20, 2026, 02:00:00";"6.04";"18.47";"1.71"
"Farmwell Station MS";"Jun 20, 2026, 01:00:00";"5.76";"15.18";"1.58"
"Farmwell Station MS";"Jun 20, 2026, 00:00:00";"5.62";"14.94";"1.48"
"Farmwell Station MS";"Jun 19, 2026, 23:00:00";"5.79";"14.88";"1.62"
"Farmwell Station MS";"Jun 19, 2026, 22:00:00";"6.15";"11.76";"1.77"
"Farmwell Station MS";"Jun 19, 2026, 21:00:00";"5.47";"0.79";"1.51"
"Farmwell Station MS";"Jun 19, 2026, 20:00:00";"4.5";"0";"1.38"
"Farmwell Station MS";"Jun 19, 2026, 19:00:00";"3.23";"0";"1.22"
"Farmwell Station MS";"Jun 19, 2026, 18:00:00";"3.19";"0";"1.15"
"Farmwell Station MS";"Jun 19, 2026, 17:00:00";"3.22";"0";"1.1"
"Farmwell Station MS";"Jun 19, 2026, 16:00:00";"1.52";"0";"1.45"
"Farmwell Station MS";"Jun 19, 2026, 15:00:00";"2.04";"0";"1.3"
"Farmwell Station MS";"Jun 19, 2026, 14:00:00";"1.54";"0";"1.16"
"Farmwell Station MS";"Jun 19, 2026, 13:00:00";"2.41";"1.61";"1.22"
"Farmwell Station MS";"Jun 19, 2026, 12:00:00";"3.54";"4.43";"1.3"
"Farmwell Station MS";"Jun 19, 2026, 11:00:00";"4.38";"5.23";"1.02"
"Farmwell Station MS";"Jun 19, 2026, 10:00:00";"4.38";"4.27";"1.15"
"Farmwell Station MS";"Jun 19, 2026, 09:00:00";"6.04";"3.29";"1.39"
"Farmwell Station MS";"Jun 19, 2026, 08:00:00";"6.62";"4.53";"1.58"
"Farmwell Station MS";"Jun 19, 2026, 07:00:00";"6.44";"2.37";"2.07"
"Farmwell Station MS";"Jun 19, 2026, 06:00:00";"5.54";"6.3";"2.11"
"Farmwell Station MS";"Jun 19, 2026, 05:00:00";"4.05";"7.77";"1.82"
"Farmwell Station MS";"Jun 19, 2026, 04:00:00";"4.21";"5.58";"2.16"
"Farmwell Station MS";"Jun 19, 2026, 03:00:00";"4.18";"7.41";"1.61"
"Farmwell Station MS";"Jun 19, 2026, 02:00:00";"3.07";"8.64";"1.93"
"Farmwell Station MS";"Jun 19, 2026, 01:00:00";"3.23";"8.92";"1.88"
"Farmwell Station MS";"Jun 19, 2026, 00:00:00";"3.42";"8.3";"1.83"
"Farmwell Station MS";"Jun 18, 2026, 23:00:00";"2.85";"7.32";"1.87"
"Farmwell Station MS";"Jun 18, 2026, 22:00:00";"3.91";"1.56";"1.98"
"Farmwell Station MS";"Jun 18, 2026, 21:00:00";"2.99";"1.96";"2.95"
"Farmwell Station MS";"Jun 18, 2026, 20:00:00";"0.67";"5.22";"2.13"
"Farmwell Station MS";"Jun 18, 2026, 19:00:00";"0.1";"2.93";"2.39"
"Farmwell Station MS";"Jun 18, 2026, 18:00:00";"0.1";"1.78";"2.51"
"Farmwell Station MS";"Jun 18, 2026, 17:00:00";"0.4";"0";"2.58"
"Farmwell Station MS";"Jun 18, 2026, 16:00:00";"0.02";"0.1";"3.44"
"Farmwell Station MS";"Jun 18, 2026, 15:00:00";"0.25";"0";"4.89"
"Farmwell Station MS";"Jun 18, 2026, 14:00:00";"0";"0";"6.77"
"Farmwell Station MS";"Jun 18, 2026, 13:00:00";"0.15";"0";"7"
"Farmwell Station MS";"Jun 18, 2026, 12:00:00";"4.89";"0.87";"5.76"
"Farmwell Station MS";"Jun 18, 2026, 11:00:00";"8.25";"16.35";"5.16"
"Farmwell Station MS";"Jun 18, 2026, 10:00:00";"6.27";"9.26";"4.86"
"Farmwell Station MS";"Jun 18, 2026, 09:00:00";"7.42";"12.81";"4.76"
"Farmwell Station MS";"Jun 18, 2026, 08:00:00";"7.11";"13.88";"5.44"
"Farmwell Station MS";"Jun 18, 2026, 07:00:00";"6.25";"7.58";"5.9"
"Farmwell Station MS";"Jun 18, 2026, 06:00:00";"8.28";"7.31";"7.59"
"Farmwell Station MS";"Jun 18, 2026, 05:00:00";"7.04";"6.56";"8.25"
"Farmwell Station MS";"Jun 18, 2026, 04:00:00";"7.3";"2.36";"8.37"
"Farmwell Station MS";"Jun 18, 2026, 03:00:00";"11.9";"0";"7.39"
"Farmwell Station MS";"Jun 18, 2026, 02:00:00";"10.33";"0";"4.97"
"Farmwell Station MS";"Jun 18, 2026, 01:00:00";"6.89";"0.08";"3.66"
"Farmwell Station MS";"Jun 18, 2026, 00:00:00";"10.5";"2.94";"3.65"
"Farmwell Station MS";"Jun 17, 2026, 23:00:00";"6.25";"6.32";"2.85"
"Farmwell Station MS";"Jun 17, 2026, 22:00:00";"5.63";"5.01";"2.47"
"Farmwell Station MS";"Jun 17, 2026, 21:00:00";"5.2";"1.04";"2.38"
"Farmwell Station MS";"Jun 17, 2026, 20:00:00";"3.58";"0";"2.32"
"Farmwell Station MS";"Jun 17, 2026, 19:00:00";"1.39";"0";"2.17"
"Farmwell Station MS";"Jun 17, 2026, 18:00:00";"1.24";"0";"2.08"
"Farmwell Station MS";"Jun 17, 2026, 17:00:00";"0.91";"0";"1.88"
"Farmwell Station MS";"Jun 17, 2026, 16:00:00";"1.07";"0";"2.14"
"Farmwell Station MS";"Jun 17, 2026, 15:00:00";"0.54";"0";"1.84"
"Farmwell Station MS";"Jun 17, 2026, 14:00:00";"1.35";"0";"1.99"
"Farmwell Station MS";"Jun 17, 2026, 13:00:00";"0.35";"0";"2.05"
"Farmwell Station MS";"Jun 17, 2026, 12:00:00";"0";"0";"2.07"
"Farmwell Station MS";"Jun 17, 2026, 11:00:00";"0";"2.1";"3.43"
"Farmwell Station MS";"Jun 17, 2026, 10:00:00";"0.28";"7.16";"4.24"
"Farmwell Station MS";"Jun 17, 2026, 09:00:00";"5.35";"4.19";"3.88"
"Farmwell Station MS";"Jun 17, 2026, 08:00:00";"8.66";"27.04";"3.2"
"Farmwell Station MS";"Jun 17, 2026, 07:00:00";"8.27";"35.48";"4.67"
"Farmwell Station MS";"Jun 17, 2026, 06:00:00";"5.35";"33.03";"5.28"
"Farmwell Station MS";"Jun 17, 2026, 05:00:00";"4.47";"30.22";"4.15"
"Farmwell Station MS";"Jun 17, 2026, 04:00:00";"5.35";"26.02";"2.84"
"Farmwell Station MS";"Jun 17, 2026, 03:00:00";"6.62";"22.06";"1.94"
"Farmwell Station MS";"Jun 17, 2026, 02:00:00";"6.82";"16.28";"1.72"
"Farmwell Station MS";"Jun 17, 2026, 01:00:00";"7.23";"11.96";"1.67"
"Farmwell Station MS";"Jun 17, 2026, 00:00:00";"5.9";"12.52";"1.63"
"Farmwell Station MS";"Jun 16, 2026, 23:00:00";"5.69";"13.68";"1.78"
"Farmwell Station MS";"Jun 16, 2026, 22:00:00";"5.11";"13.29";"1.53"
"Farmwell Station MS";"Jun 16, 2026, 21:00:00";"4.68";"8.38";"1.19"
"Farmwell Station MS";"Jun 16, 2026, 20:00:00";"3.74";"0.88";"1.28"
"Farmwell Station MS";"Jun 16, 2026, 19:00:00";"2.67";"0";"1.25"
"Farmwell Station MS";"Jun 16, 2026, 18:00:00";"2.18";"0";"1"
"Farmwell Station MS";"Jun 16, 2026, 17:00:00";"1.51";"0";"1.11"
"Farmwell Station MS";"Jun 16, 2026, 16:00:00";"1.16";"0";"0.97"
"Farmwell Station MS";"Jun 16, 2026, 15:00:00";"1.43";"0";"1.07"
"Farmwell Station MS";"Jun 16, 2026, 14:00:00";"1.04";"0";"1.1"
"Farmwell Station MS";"Jun 16, 2026, 13:00:00";"0.38";"0";"1.04"
"Farmwell Station MS";"Jun 16, 2026, 12:00:00";"0.13";"0";"0.81"
"Farmwell Station MS";"Jun 16, 2026, 11:00:00";"0";"0";"1.01"
"Farmwell Station MS";"Jun 16, 2026, 10:00:00";"0";"4.25";"0.74"
"Farmwell Station MS";"Jun 16, 2026, 09:00:00";"2.62";"22.2";"1.15"
"Farmwell Station MS";"Jun 16, 2026, 08:00:00";"5.64";"26.53";"1.91"
"Farmwell Station MS";"Jun 16, 2026, 07:00:00";"6.9";"25.67";"5.61"
"Farmwell Station MS";"Jun 16, 2026, 06:00:00";"5.59";"24.9";"1.41"
"Farmwell Station MS";"Jun 16, 2026, 05:00:00";"5.02";"24.34";"2.3"
"Farmwell Station MS";"Jun 16, 2026, 04:00:00";"5.71";"23.01";"1.1"
"Farmwell Station MS";"Jun 16, 2026, 03:00:00";"4.66";"22.65";"0.87"
"Farmwell Station MS";"Jun 16, 2026, 02:00:00";"5.09";"28.42";"1.2"
"Farmwell Station MS";"Jun 16, 2026, 01:00:00";"4.62";"28.41";"1.34"
"Farmwell Station MS";"Jun 16, 2026, 00:00:00";"4.48";"27.66";"2.76"
"Farmwell Station MS";"Jun 15, 2026, 23:00:00";"4.96";"27.93";"1.6"
"Farmwell Station MS";"Jun 15, 2026, 22:00:00";"5.01";"28.21";"2.28"
"Farmwell Station MS";"Jun 15, 2026, 21:00:00";"4";"24.79";"2.95"
"Farmwell Station MS";"Jun 15, 2026, 20:00:00";"3.19";"18.08";"3.24"
"Farmwell Station MS";"Jun 15, 2026, 19:00:00";"1.31";"12.3";"2.85"
"Farmwell Station MS";"Jun 15, 2026, 18:00:00";"2.19";"16.22";"2.91"
"Farmwell Station MS";"Jun 15, 2026, 17:00:00";"1.92";"12.79";"2.13"
"Farmwell Station MS";"Jun 15, 2026, 16:00:00";"1.28";"6.38";"1.82"
"Farmwell Station MS";"Jun 15, 2026, 15:00:00";"0.35";"0.43";"1.69"
"Farmwell Station MS";"Jun 15, 2026, 14:00:00";"0.23";"5.29";"1.74"
"Farmwell Station MS";"Jun 15, 2026, 13:00:00";"0.19";"8.96";"2.99"
"Farmwell Station MS";"Jun 15, 2026, 12:00:00";"0.19";"14.34";"4.47"
"Farmwell Station MS";"Jun 15, 2026, 11:00:00";"0.6";"18.49";"3.93"
"Farmwell Station MS";"Jun 15, 2026, 10:00:00";"0.9";"20.34";"4.54"
"Farmwell Station MS";"Jun 15, 2026, 09:00:00";"2.3";"23.09";"4.46"
"Farmwell Station MS";"Jun 15, 2026, 08:00:00";"3.66";"29.78";"3.66"
"Farmwell Station MS";"Jun 15, 2026, 07:00:00";"3.65";"33.54";"1.76"
"Farmwell Station MS";"Jun 15, 2026, 06:00:00";"3.46";"34.12";"1"
"Farmwell Station MS";"Jun 15, 2026, 05:00:00";"3.58";"32.7";"0.89"
"Farmwell Station MS";"Jun 15, 2026, 04:00:00";"3.25";"26.25";"1.16"
"Farmwell Station MS";"Jun 15, 2026, 03:00:00";"2.35";"20.15";"0.77"
"Farmwell Station MS";"Jun 15, 2026, 02:00:00";"3.04";"17.65";"0.8"
"Farmwell Station MS";"Jun 15, 2026, 01:00:00";"1.77";"4.06";"1.4"
"Farmwell Station MS";"Jun 15, 2026, 00:00:00";"2.87";"0.07";"6.03"
"Farmwell Station MS";"Jun 14, 2026, 23:00:00";"1.16";"0";"6.09"
"Farmwell Station MS";"Jun 14, 2026, 22:00:00";"0.2";"0";"7.18"
"Farmwell Station MS";"Jun 14, 2026, 21:00:00";"0";"4.5";"9.15"
"Farmwell Station MS";"Jun 14, 2026, 20:00:00";"0.05";"12.69";"9.54"
"Farmwell Station MS";"Jun 14, 2026, 19:00:00";"0.12";"13.56";"9.09"
"Farmwell Station MS";"Jun 14, 2026, 18:00:00";"0";"6.66";"7.84"
"Farmwell Station MS";"Jun 14, 2026, 17:00:00";"0";"6.8";"7.03"
"Farmwell Station MS";"Jun 14, 2026, 16:00:00";"0.04";"3.5";"6.67"
"Farmwell Station MS";"Jun 14, 2026, 15:00:00";"0.19";"2.8";"6.76"
"Farmwell Station MS";"Jun 14, 2026, 14:00:00";"0";"0";"5.62"
"Farmwell Station MS";"Jun 14, 2026, 13:00:00";"0";"3.15";"4.65"
"Farmwell Station MS";"Jun 14, 2026, 12:00:00";"0";"7.96";"4.26"
"Farmwell Station MS";"Jun 14, 2026, 11:00:00";"0";"13.54";"6.13"
"Farmwell Station MS";"Jun 14, 2026, 10:00:00";"0";"6.54";"7.58"
"Farmwell Station MS";"Jun 14, 2026, 09:00:00";"0.27";"22.23";"4.92"
"Farmwell Station MS";"Jun 14, 2026, 08:00:00";"1.49";"46.61";"4.6"
"Farmwell Station MS";"Jun 14, 2026, 07:00:00";"3.79";"55.72";"5.74"
"Farmwell Station MS";"Jun 14, 2026, 06:00:00";"4.18";"53.32";"5.28"
"Farmwell Station MS";"Jun 14, 2026, 05:00:00";"3.98";"49.43";"3.96"
"Farmwell Station MS";"Jun 14, 2026, 04:00:00";"3.12";"44.34";"3.29"
"Farmwell Station MS";"Jun 14, 2026, 03:00:00";"2.85";"37.2";"2.91"
"Farmwell Station MS";"Jun 14, 2026, 02:00:00";"2.65";"26.3";"3.2"
"Farmwell Station MS";"Jun 14, 2026, 01:00:00";"2.84";"18.21";"2.89"
"Farmwell Station MS";"Jun 14, 2026, 00:00:00";"2.93";"10.25";"2.82"
"Farmwell Station MS";"Jun 13, 2026, 23:00:00";"2.96";"6.42";"2.49"
"Farmwell Station MS";"Jun 13, 2026, 22:00:00";"3.24";"13.76";"2.71"
"Farmwell Station MS";"Jun 13, 2026, 21:00:00";"2.18";"15.41";"3.09"
"Farmwell Station MS";"Jun 13, 2026, 20:00:00";"0.51";"4.76";"1.78"
"Farmwell Station MS";"Jun 13, 2026, 19:00:00";"0.94";"0.2";"1.76"
"Farmwell Station MS";"Jun 13, 2026, 18:00:00";"0";"0";"1.61"
"Farmwell Station MS";"Jun 13, 2026, 17:00:00";"0.43";"0";"1.51"
"Farmwell Station MS";"Jun 13, 2026, 16:00:00";"0.82";"0";"1.72"
"Farmwell Station MS";"Jun 13, 2026, 15:00:00";"0";"0";"1.66"
"Farmwell Station MS";"Jun 13, 2026, 14:00:00";"0";"0";"1.7"
"Farmwell Station MS";"Jun 13, 2026, 13:00:00";"0";"0";"1.64"
"Farmwell Station MS";"Jun 13, 2026, 12:00:00";"0";"0";"1.64"
"Farmwell Station MS";"Jun 13, 2026, 11:00:00";"0";"8.17";"1.86"
"Farmwell Station MS";"Jun 13, 2026, 10:00:00";"0";"22.06";"2.31"
"Farmwell Station MS";"Jun 13, 2026, 09:00:00";"0";"6.96";"3.04"
"Farmwell Station MS";"Jun 13, 2026, 08:00:00";"1.81";"15.33";"2.75"
"Farmwell Station MS";"Jun 13, 2026, 07:00:00";"2.76";"50.74";"3.31"
"Farmwell Station MS";"Jun 13, 2026, 06:00:00";"1.5";"56.94";"5.1"
"Farmwell Station MS";"Jun 13, 2026, 05:00:00";"0.71";"48.82";"4.25"
"Farmwell Station MS";"Jun 13, 2026, 04:00:00";"0.22";"34.11";"3.39"
"Farmwell Station MS";"Jun 13, 2026, 03:00:00";"0";"35.46";"3.53"
"Farmwell Station MS";"Jun 13, 2026, 02:00:00";"0.01";"66.67";"7.25"
"Farmwell Station MS";"Jun 13, 2026, 01:00:00";"0.34";"73.84";"7.62"
"Farmwell Station MS";"Jun 13, 2026, 00:00:00";"1.61";"72.99";"8.06"
"Farmwell Station MS";"Jun 12, 2026, 23:00:00";"3.32";"65.94";"6.67"
"Farmwell Station MS";"Jun 12, 2026, 22:00:00";"3.82";"54.79";"5.5"
"Farmwell Station MS";"Jun 12, 2026, 21:00:00";"5.97";"35.76";"4.39"
"Farmwell Station MS";"Jun 12, 2026, 20:00:00";"4.08";"10.18";"4.22"
"Farmwell Station MS";"Jun 12, 2026, 19:00:00";"0.2";"6.43";"4.71"
"Farmwell Station MS";"Jun 12, 2026, 18:00:00";"0.3";"2.73";"5.81"
"Farmwell Station MS";"Jun 12, 2026, 17:00:00";"1.47";"2.17";"4.38"
"Farmwell Station MS";"Jun 12, 2026, 16:00:00";"1.29";"0";"4.35"
"Farmwell Station MS";"Jun 12, 2026, 15:00:00";"0.2";"0";"4.72"
"Farmwell Station MS";"Jun 12, 2026, 14:00:00";"0";"0";"5.2"
"Farmwell Station MS";"Jun 12, 2026, 13:00:00";"0";"0";"5.84"
"Farmwell Station MS";"Jun 12, 2026, 12:00:00";"0";"1.59";"6.46"
"Farmwell Station MS";"Jun 12, 2026, 11:00:00";"0";"9.55";"8.41"
"Farmwell Station MS";"Jun 12, 2026, 10:00:00";"0";"0.27";"7.61"
"Farmwell Station MS";"Jun 12, 2026, 09:00:00";"0.34";"6.87";"5.8"
"Farmwell Station MS";"Jun 12, 2026, 08:00:00";"2.63";"48.64";"4.78"
"Farmwell Station MS";"Jun 12, 2026, 07:00:00";"1.7";"80.89";"6.1"
"Farmwell Station MS";"Jun 12, 2026, 06:00:00";"0.52";"79.77";"8.22"
"Farmwell Station MS";"Jun 12, 2026, 05:00:00";"0.34";"78.6";"7.2"
"Farmwell Station MS";"Jun 12, 2026, 04:00:00";"0.67";"77.26";"6.6"
"Farmwell Station MS";"Jun 12, 2026, 03:00:00";"1.33";"78.02";"6.35"
"Farmwell Station MS";"Jun 12, 2026, 02:00:00";"1.75";"70.34";"7.78"
"Farmwell Station MS";"Jun 12, 2026, 01:00:00";"2.14";"69.47";"9.68"
"Farmwell Station MS";"Jun 12, 2026, 00:00:00";"3.5";"64.33";"7.86"
"Farmwell Station MS";"Jun 11, 2026, 23:00:00";"4.27";"58.66";"7.46"
"Farmwell Station MS";"Jun 11, 2026, 22:00:00";"4.68";"43.72";"6.22"
"Farmwell Station MS";"Jun 11, 2026, 21:00:00";"7.19";"6.87";"5.42"
"Farmwell Station MS";"Jun 11, 2026, 20:00:00";"0.15";"4.53";"7.59"
"Farmwell Station MS";"Jun 11, 2026, 19:00:00";"0";"0";"7.75"
"Farmwell Station MS";"Jun 11, 2026, 18:00:00";"0";"0";"9.52"
"Farmwell Station MS";"Jun 11, 2026, 17:00:00";"0";"0";"9.31"
"Farmwell Station MS";"Jun 11, 2026, 16:00:00";"0";"0";"8.94"
"Farmwell Station MS";"Jun 11, 2026, 15:00:00";"0";"0";"10.02"
"Farmwell Station MS";"Jun 11, 2026, 14:00:00";"0";"0";"11.45"
"Farmwell Station MS";"Jun 11, 2026, 13:00:00";"0";"0";"12.48"
"Farmwell Station MS";"Jun 11, 2026, 12:00:00";"0";"2.52";"12.31"
"Farmwell Station MS";"Jun 11, 2026, 11:00:00";"0";"9.64";"12.05"
"Farmwell Station MS";"Jun 11, 2026, 10:00:00";"0";"13.94";"11.06"
"Farmwell Station MS";"Jun 11, 2026, 09:00:00";"0";"0.1";"8.1"
"Farmwell Station MS";"Jun 11, 2026, 08:00:00";"0.04";"36.39";"6.28"
"Farmwell Station MS";"Jun 11, 2026, 07:00:00";"0.79";"76.93";"5.96"
"Farmwell Station MS";"Jun 11, 2026, 06:00:00";"2.15";"86.2";"6.33"
"Farmwell Station MS";"Jun 11, 2026, 05:00:00";"0.9";"84.96";"6.49"
"Farmwell Station MS";"Jun 11, 2026, 04:00:00";"0.76";"80.7";"5.93"
"Farmwell Station MS";"Jun 11, 2026, 03:00:00";"1.01";"73.74";"5.23"
"Farmwell Station MS";"Jun 11, 2026, 02:00:00";"1.1";"66.08";"4.84"
"Farmwell Station MS";"Jun 11, 2026, 01:00:00";"1.47";"52.24";"3.88"
"Farmwell Station MS";"Jun 11, 2026, 00:00:00";"0.82";"49.39";"4.31"
"Farmwell Station MS";"Jun 10, 2026, 23:00:00";"2.4";"45.07";"5.62"
"Farmwell Station MS";"Jun 10, 2026, 22:00:00";"1.76";"6.9";"5.23"
"Farmwell Station MS";"Jun 10, 2026, 21:00:00";"0";"0.03";"4.74"
"Farmwell Station MS";"Jun 10, 2026, 20:00:00";"0.12";"0";"3.92"
"Farmwell Station MS";"Jun 10, 2026, 19:00:00";"0";"0";"3.38"
"Farmwell Station MS";"Jun 10, 2026, 18:00:00";"0.19";"0.25";"2.96"
"Farmwell Station MS";"Jun 10, 2026, 17:00:00";"6.27";"42.85";"3.47"
"Farmwell Station MS";"Jun 10, 2026, 16:00:00";"4.27";"14.38";"4.22"
"Farmwell Station MS";"Jun 10, 2026, 15:00:00";"0.12";"0.29";"12.94"
"Farmwell Station MS";"Jun 10, 2026, 14:00:00";"0";"0.89";"12.43"
"Farmwell Station MS";"Jun 10, 2026, 13:00:00";"0";"0";"14.27"
"Farmwell Station MS";"Jun 10, 2026, 12:00:00";"0";"0";"13.75"
"Farmwell Station MS";"Jun 10, 2026, 11:00:00";"0.11";"13.23";"13.57"
"Farmwell Station MS";"Jun 10, 2026, 10:00:00";"2.98";"48.19";"14.17"
"Farmwell Station MS";"Jun 10, 2026, 09:00:00";"5.21";"60.92";"13.57"
"Farmwell Station MS";"Jun 10, 2026, 08:00:00";"7.25";"57.86";"11.42"
"Farmwell Station MS";"Jun 10, 2026, 07:00:00";"3.98";"42.79";"8.08"
"Farmwell Station MS";"Jun 10, 2026, 06:00:00";"3.63";"25.92";"5.78"
"Farmwell Station MS";"Jun 10, 2026, 05:00:00";"3.96";"21.02";"5.37"
"Farmwell Station MS";"Jun 10, 2026, 04:00:00";"3.26";"17.07";"5.11"
"Farmwell Station MS";"Jun 10, 2026, 03:00:00";"2.99";"14.14";"5.48"
"Farmwell Station MS";"Jun 10, 2026, 02:00:00";"2.43";"10.55";"4.43"
"Farmwell Station MS";"Jun 10, 2026, 01:00:00";"3.2";"6.55";"4.05"
"Farmwell Station MS";"Jun 10, 2026, 00:00:00";"5.11";"4.83";"4.28"
"Farmwell Station MS";"Jun 9, 2026, 23:00:00";"2.84";"3.73";"4.2"
"Farmwell Station MS";"Jun 9, 2026, 22:00:00";"4.19";"3.87";"4.04"
"Farmwell Station MS";"Jun 9, 2026, 21:00:00";"4.83";"4.48";"4.39"
"Farmwell Station MS";"Jun 9, 2026, 20:00:00";"4.04";"7.22";"4.49"
"Farmwell Station MS";"Jun 9, 2026, 19:00:00";"3.05";"9.68";"5.2"
"Farmwell Station MS";"Jun 9, 2026, 18:00:00";"2.2";"13.41";"5.25"
"Farmwell Station MS";"Jun 9, 2026, 17:00:00";"0.86";"15.98";"6.54"
"Farmwell Station MS";"Jun 9, 2026, 16:00:00";"0.03";"7.72";"7.4"
"Farmwell Station MS";"Jun 9, 2026, 15:00:00";"0";"13.3";"6.19"
"Farmwell Station MS";"Jun 9, 2026, 14:00:00";"0.59";"15.82";"6.19"
"Farmwell Station MS";"Jun 9, 2026, 13:00:00";"0.46";"16.79";"5.52"
"Farmwell Station MS";"Jun 9, 2026, 12:00:00";"1.58";"15.1";"4.79"
"Farmwell Station MS";"Jun 9, 2026, 11:00:00";"1.41";"16.14";"4.51"
"Farmwell Station MS";"Jun 9, 2026, 10:00:00";"4.19";"16.44";"3.9"
"Farmwell Station MS";"Jun 9, 2026, 09:00:00";"6.09";"25.04";"4.11"
"Farmwell Station MS";"Jun 9, 2026, 08:00:00";"6.52";"30.1";"3.61"
"Farmwell Station MS";"Jun 9, 2026, 07:00:00";"5.33";"29.64";"2.86"
"Farmwell Station MS";"Jun 9, 2026, 06:00:00";"4.32";"28.29";"1.99"
"Farmwell Station MS";"Jun 9, 2026, 05:00:00";"3.63";"27.75";"1.8"
"Farmwell Station MS";"Jun 9, 2026, 04:00:00";"3.93";"27.28";"1.96"
"Farmwell Station MS";"Jun 9, 2026, 03:00:00";"3.97";"25.95";"1.96"
"Farmwell Station MS";"Jun 9, 2026, 02:00:00";"2.98";"26.51";"1.71"
"Farmwell Station MS";"Jun 9, 2026, 01:00:00";"3.4";"22.58";"2.09"
"Farmwell Station MS";"Jun 9, 2026, 00:00:00";"3.84";"20.84";"1.91"
"Farmwell Station MS";"Jun 8, 2026, 23:00:00";"3.64";"19.8";"2.24"
"Farmwell Station MS";"Jun 8, 2026, 22:00:00";"3.56";"17.25";"2.85"
"Farmwell Station MS";"Jun 8, 2026, 21:00:00";"3.4";"16.4";"3.04"
"Farmwell Station MS";"Jun 8, 2026, 20:00:00";"2.75";"14.04";"3.36"
"Farmwell Station MS";"Jun 8, 2026, 19:00:00";"1.8";"15.94";"4.08"
"Farmwell Station MS";"Jun 8, 2026, 18:00:00";"2.18";"15.97";"4.55"
"Farmwell Station MS";"Jun 8, 2026, 17:00:00";"1.13";"16.32";"4.51"
"Farmwell Station MS";"Jun 8, 2026, 16:00:00";"0.34";"13.76";"3.86"
"Farmwell Station MS";"Jun 8, 2026, 15:00:00";"0.71";"16.25";"4.15"
"Farmwell Station MS";"Jun 8, 2026, 14:00:00";"1.1";"15.83";"3.52"
"Farmwell Station MS";"Jun 8, 2026, 13:00:00";"0.25";"17.14";"2.82"
"Farmwell Station MS";"Jun 8, 2026, 12:00:00";"0.37";"17.24";"3.29"
"Farmwell Station MS";"Jun 8, 2026, 11:00:00";"0.82";"15.95";"3.7"
"Farmwell Station MS";"Jun 8, 2026, 10:00:00";"0.63";"17.57";"3.18"
"Farmwell Station MS";"Jun 8, 2026, 09:00:00";"2.59";"14.36";"2.73"
"Farmwell Station MS";"Jun 8, 2026, 08:00:00";"4.5";"25.05";"2.96"
"Farmwell Station MS";"Jun 8, 2026, 07:00:00";"5.14";"34.05";"3.08"
"Farmwell Station MS";"Jun 8, 2026, 06:00:00";"5.09";"35.25";"3.42"
"Farmwell Station MS";"Jun 8, 2026, 05:00:00";"3.94";"33.85";"3.49"
"Farmwell Station MS";"Jun 8, 2026, 04:00:00";"3.33";"30.9";"3.07"
"Farmwell Station MS";"Jun 8, 2026, 03:00:00";"3.94";"28.61";"2.97"
"Farmwell Station MS";"Jun 8, 2026, 02:00:00";"4.81";"28.76";"2.81"
"Farmwell Station MS";"Jun 8, 2026, 01:00:00";"4.7";"29.6";"3.41"
"Farmwell Station MS";"Jun 8, 2026, 00:00:00";"3.64";"23.98";"3.15"
"Farmwell Station MS";"Jun 7, 2026, 23:00:00";"2.81";"20.45";"3.31"
"Farmwell Station MS";"Jun 7, 2026, 22:00:00";"2.87";"17.13";"3.1"
"Farmwell Station MS";"Jun 7, 2026, 21:00:00";"1.74";"8.03";"2.9"
"Farmwell Station MS";"Jun 7, 2026, 20:00:00";"0.67";"0.09";"2.5"
"Farmwell Station MS";"Jun 7, 2026, 19:00:00";"0.51";"0";"2.75"
"Farmwell Station MS";"Jun 7, 2026, 18:00:00";"0.03";"0";"3.07"
"Farmwell Station MS";"Jun 7, 2026, 17:00:00";"0.3";"0";"3.25"
"Farmwell Station MS";"Jun 7, 2026, 16:00:00";"0.09";"0";"3.56"
"Farmwell Station MS";"Jun 7, 2026, 15:00:00";"0.27";"0";"4.03"
"Farmwell Station MS";"Jun 7, 2026, 14:00:00";"0.16";"0.44";"4.43"
"Farmwell Station MS";"Jun 7, 2026, 13:00:00";"0.03";"3.49";"5.1"
"Farmwell Station MS";"Jun 7, 2026, 12:00:00";"0";"12.23";"6.22"
"Farmwell Station MS";"Jun 7, 2026, 11:00:00";"0";"14.25";"7.29"
"Farmwell Station MS";"Jun 7, 2026, 10:00:00";"0.04";"10.92";"8.11"
"Farmwell Station MS";"Jun 7, 2026, 09:00:00";"0";"4.02";"7.47"
"Farmwell Station MS";"Jun 7, 2026, 08:00:00";"1.06";"7.07";"5.12"
"Farmwell Station MS";"Jun 7, 2026, 07:00:00";"3.04";"36.87";"4.69"
"Farmwell Station MS";"Jun 7, 2026, 06:00:00";"2.06";"39.79";"4.95"
"Farmwell Station MS";"Jun 7, 2026, 05:00:00";"2.91";"28.15";"3.91"
"Farmwell Station MS";"Jun 7, 2026, 04:00:00";"2.51";"28.62";"3.52"
"Farmwell Station MS";"Jun 7, 2026, 03:00:00";"3.99";"33.02";"3.43"
"Farmwell Station MS";"Jun 7, 2026, 02:00:00";"3.1";"32.11";"3.07"
"Farmwell Station MS";"Jun 7, 2026, 01:00:00";"4.12";"28.95";"3.67"
"Farmwell Station MS";"Jun 7, 2026, 00:00:00";"3.74";"23.22";"4.06"
"Farmwell Station MS";"Jun 6, 2026, 23:00:00";"3.11";"15.95";"4.37"
"Farmwell Station MS";"Jun 6, 2026, 22:00:00";"2.67";"8.26";"3.21"
"Farmwell Station MS";"Jun 6, 2026, 21:00:00";"2.2";"11.71";"3.73"
"Farmwell Station MS";"Jun 6, 2026, 20:00:00";"0.66";"15.97";"3.55"
"Farmwell Station MS";"Jun 6, 2026, 19:00:00";"1";"12.15";"4.41"
"Farmwell Station MS";"Jun 6, 2026, 18:00:00";"0";"1.38";"6.39"
"Farmwell Station MS";"Jun 6, 2026, 17:00:00";"0";"0.21";"5.93"
"Farmwell Station MS";"Jun 6, 2026, 16:00:00";"0";"0";"5.73"
"Farmwell Station MS";"Jun 6, 2026, 15:00:00";"0";"0";"5.8"
"Farmwell Station MS";"Jun 6, 2026, 14:00:00";"0";"9.8";"6.16"
"Farmwell Station MS";"Jun 6, 2026, 13:00:00";"1.53";"12.52";"6.99"
"Farmwell Station MS";"Jun 6, 2026, 12:00:00";"0";"2.89";"6.17"
"Farmwell Station MS";"Jun 6, 2026, 11:00:00";"0";"13.24";"6.57"
"Farmwell Station MS";"Jun 6, 2026, 10:00:00";"0";"16.69";"5.86"
"Farmwell Station MS";"Jun 6, 2026, 09:00:00";"0.27";"16.36";"5.51"
"Farmwell Station MS";"Jun 6, 2026, 08:00:00";"3.28";"24.75";"5.43"
"Farmwell Station MS";"Jun 6, 2026, 07:00:00";"4.42";"40.67";"5.23"
"Farmwell Station MS";"Jun 6, 2026, 06:00:00";"3.12";"42.42";"6.8"
"Farmwell Station MS";"Jun 6, 2026, 05:00:00";"3.61";"40.64";"6.28"
"Farmwell Station MS";"Jun 6, 2026, 04:00:00";"3.38";"40.4";"6.23"
"Farmwell Station MS";"Jun 6, 2026, 03:00:00";"2.64";"34.83";"5.99"
"Farmwell Station MS";"Jun 6, 2026, 02:00:00";"3.59";"26.69";"5.38"
"Farmwell Station MS";"Jun 6, 2026, 01:00:00";"3.56";"22.22";"5.83"
"Farmwell Station MS";"Jun 6, 2026, 00:00:00";"4.19";"21.74";"5.73"
"Farmwell Station MS";"Jun 5, 2026, 23:00:00";"4.67";"17.89";"5.52"
"Farmwell Station MS";"Jun 5, 2026, 22:00:00";"2.86";"13.42";"4.86"
"Farmwell Station MS";"Jun 5, 2026, 21:00:00";"0.67";"5.83";"4.46"
"Farmwell Station MS";"Jun 5, 2026, 20:00:00";"0";"0.03";"3.92"
"Farmwell Station MS";"Jun 5, 2026, 19:00:00";"0";"0";"3.72"
"Farmwell Station MS";"Jun 5, 2026, 18:00:00";"0";"0";"4.07"
"Farmwell Station MS";"Jun 5, 2026, 17:00:00";"0";"0";"3.89"
"Farmwell Station MS";"Jun 5, 2026, 16:00:00";"0.03";"0";"3.69"
"Farmwell Station MS";"Jun 5, 2026, 15:00:00";"0";"0";"3.93"
"Farmwell Station MS";"Jun 5, 2026, 14:00:00";"0";"0";"3.86"
"Farmwell Station MS";"Jun 5, 2026, 13:00:00";"0";"0";"4.06"
"Farmwell Station MS";"Jun 5, 2026, 12:00:00";"0.25";"0";"4.09"
"Farmwell Station MS";"Jun 5, 2026, 11:00:00";"0.3";"0";"4.47"
"Farmwell Station MS";"Jun 5, 2026, 10:00:00";"0.28";"5.14";"5.1"
"Farmwell Station MS";"Jun 5, 2026, 09:00:00";"4.33";"19.2";"5.54"
"Farmwell Station MS";"Jun 5, 2026, 08:00:00";"7.47";"29.83";"4.62"
"Farmwell Station MS";"Jun 5, 2026, 07:00:00";"6.22";"35.35";"3.88"
"Farmwell Station MS";"Jun 5, 2026, 06:00:00";"4.11";"35.61";"5.14"
"Farmwell Station MS";"Jun 5, 2026, 05:00:00";"3.91";"35.13";"4.43"
"Farmwell Station MS";"Jun 5, 2026, 04:00:00";"3.98";"33.08";"4.27"
"Farmwell Station MS";"Jun 5, 2026, 03:00:00";"5.83";"33.79";"4.42"
"Farmwell Station MS";"Jun 5, 2026, 02:00:00";"5.49";"32.04";"3.99"
"Farmwell Station MS";"Jun 5, 2026, 01:00:00";"7.52";"32.61";"4.89"
"Farmwell Station MS";"Jun 5, 2026, 00:00:00";"6.78";"30.11";"4.33"
"Farmwell Station MS";"Jun 4, 2026, 23:00:00";"5.5";"31.09";"4.45"
"Farmwell Station MS";"Jun 4, 2026, 22:00:00";"5.29";"21.32";"4.58"
"Farmwell Station MS";"Jun 4, 2026, 21:00:00";"2.43";"2.58";"3.91"
"Farmwell Station MS";"Jun 4, 2026, 20:00:00";"0.75";"0";"3.41"
"Farmwell Station MS";"Jun 4, 2026, 19:00:00";"0.02";"0";"3.22"
"Farmwell Station MS";"Jun 4, 2026, 18:00:00";"0.13";"0";"3.51"
"Farmwell Station MS";"Jun 4, 2026, 17:00:00";"0.04";"0";"3.03"
"Farmwell Station MS";"Jun 4, 2026, 16:00:00";"0.54";"0";"3.12"
"Farmwell Station MS";"Jun 4, 2026, 15:00:00";"0.21";"0";"2.92"
"Farmwell Station MS";"Jun 4, 2026, 14:00:00";"0.16";"0";"2.86"
"Farmwell Station MS";"Jun 4, 2026, 13:00:00";"0.28";"0";"3.11"
"Farmwell Station MS";"Jun 4, 2026, 12:00:00";"0.04";"0";"3.3"
"Farmwell Station MS";"Jun 4, 2026, 11:00:00";"0";"0";"3.55"
"Farmwell Station MS";"Jun 4, 2026, 10:00:00";"1.14";"4.39";"4.03"
"Farmwell Station MS";"Jun 4, 2026, 09:00:00";"5.77";"20.36";"4.88"
"Farmwell Station MS";"Jun 4, 2026, 08:00:00";"7.22";"29.3";"3.98"
"Farmwell Station MS";"Jun 4, 2026, 07:00:00";"9.17";"31.67";"3.72"
"Farmwell Station MS";"Jun 4, 2026, 06:00:00";"5.7";"30.4";"5"
"Farmwell Station MS";"Jun 4, 2026, 05:00:00";"5.69";"29.97";"5.03"
"Farmwell Station MS";"Jun 4, 2026, 04:00:00";"5.78";"28.41";"3.59"
"Farmwell Station MS";"Jun 4, 2026, 03:00:00";"6.69";"26.96";"3.6"
"Farmwell Station MS";"Jun 4, 2026, 02:00:00";"6.28";"26.34";"3.5"
"Farmwell Station MS";"Jun 4, 2026, 01:00:00";"12.88";"27.52";"3.56"
"Farmwell Station MS";"Jun 4, 2026, 00:00:00";"11.56";"28.51";"3.61"
"Farmwell Station MS";"Jun 3, 2026, 23:00:00";"9.39";"31.3";"4.23"
"Farmwell Station MS";"Jun 3, 2026, 22:00:00";"7.72";"25.19";"3.68"
"Farmwell Station MS";"Jun 3, 2026, 21:00:00";"4.69";"3.03";"2.65"
"Farmwell Station MS";"Jun 3, 2026, 20:00:00";"2.98";"0";"2.06"
"Farmwell Station MS";"Jun 3, 2026, 19:00:00";"1.54";"0";"2.47"
"Farmwell Station MS";"Jun 3, 2026, 18:00:00";"1.47";"0";"2.13"
"Farmwell Station MS";"Jun 3, 2026, 17:00:00";"0.71";"0";"1.92"
"Farmwell Station MS";"Jun 3, 2026, 16:00:00";"1.6";"0";"2.15"
"Farmwell Station MS";"Jun 3, 2026, 15:00:00";"0.53";"0";"1.99"
"Farmwell Station MS";"Jun 3, 2026, 14:00:00";"0.3";"0";"2.45"
"Farmwell Station MS";"Jun 3, 2026, 13:00:00";"0";"0";"2.35"
"Farmwell Station MS";"Jun 3, 2026, 12:00:00";"0.4";"0";"2.7"
"Farmwell Station MS";"Jun 3, 2026, 11:00:00";"0.01";"0.29";"2.74"
"Farmwell Station MS";"Jun 3, 2026, 10:00:00";"0.72";"10.27";"3.29"
"Farmwell Station MS";"Jun 3, 2026, 09:00:00";"6.75";"26.12";"4.14"
"Farmwell Station MS";"Jun 3, 2026, 08:00:00";"9";"26.94";"3.36"
"Farmwell Station MS";"Jun 3, 2026, 07:00:00";"11.44";"28.77";"3.66"
"Farmwell Station MS";"Jun 3, 2026, 06:00:00";"6.92";"27.37";"5.4"
"Farmwell Station MS";"Jun 3, 2026, 05:00:00";"5.49";"25.53";"6.99"
"Farmwell Station MS";"Jun 3, 2026, 04:00:00";"5.69";"24.96";"5.48"
"Farmwell Station MS";"Jun 3, 2026, 03:00:00";"5.35";"23.94";"4.05"
"Farmwell Station MS";"Jun 3, 2026, 02:00:00";"5.14";"22.09";"2.75"
"Farmwell Station MS";"Jun 3, 2026, 01:00:00";"6.14";"21.99";"2.69"
"Farmwell Station MS";"Jun 3, 2026, 00:00:00";"6.51";"22.72";"2.74"
"Farmwell Station MS";"Jun 2, 2026, 23:00:00";"7.59";"24.85";"3.13"
"Farmwell Station MS";"Jun 2, 2026, 22:00:00";"8.02";"24.8";"3.59"
"Farmwell Station MS";"Jun 2, 2026, 21:00:00";"5.24";"12.42";"2.05"
"Farmwell Station MS";"Jun 2, 2026, 20:00:00";"3.23";"0.71";"1.75"
"Farmwell Station MS";"Jun 2, 2026, 19:00:00";"2.55";"0";"1.83"
"Farmwell Station MS";"Jun 2, 2026, 18:00:00";"2.15";"0";"1.78"
"Farmwell Station MS";"Jun 2, 2026, 17:00:00";"1.08";"0";"1.98"
"Farmwell Station MS";"Jun 2, 2026, 16:00:00";"2.1";"0";"2.19"
"Farmwell Station MS";"Jun 2, 2026, 15:00:00";"0.47";"0";"2.23"
"Farmwell Station MS";"Jun 2, 2026, 14:00:00";"0.3";"0";"2.46"
"Farmwell Station MS";"Jun 2, 2026, 13:00:00";"0.16";"0";"2.64"
"Farmwell Station MS";"Jun 2, 2026, 12:00:00";"0.28";"0";"3.44"
"Farmwell Station MS";"Jun 2, 2026, 11:00:00";"0.38";"5.59";"3.86"
"Farmwell Station MS";"Jun 2, 2026, 10:00:00";"2.39";"21.65";"4.96"
"Farmwell Station MS";"Jun 2, 2026, 09:00:00";"5.2";"26.81";"6.54"
"Farmwell Station MS";"Jun 2, 2026, 08:00:00";"6.75";"24.95";"4.84"
"Farmwell Station MS";"Jun 2, 2026, 07:00:00";"7.89";"25.89";"4.82"
"Farmwell Station MS";"Jun 2, 2026, 06:00:00";"7.39";"25.73";"4.88"
"Farmwell Station MS";"Jun 2, 2026, 05:00:00";"6.1";"24.1";"4.71"
"Farmwell Station MS";"Jun 2, 2026, 04:00:00";"6.54";"23.29";"4"
"Farmwell Station MS";"Jun 2, 2026, 03:00:00";"6.69";"23.05";"3.59"
"Farmwell Station MS";"Jun 2, 2026, 02:00:00";"6.56";"22.78";"3.31"
"Farmwell Station MS";"Jun 2, 2026, 01:00:00";"6.5";"24.19";"2.6"
"Farmwell Station MS";"Jun 2, 2026, 00:00:00";"7.22";"25.37";"2.84"
"Farmwell Station MS";"Jun 1, 2026, 23:00:00";"6.14";"27.3";"3"
"Farmwell Station MS";"Jun 1, 2026, 22:00:00";"6.71";"26.01";"2.89"
"Farmwell Station MS";"Jun 1, 2026, 21:00:00";"5.37";"17.57";"2.58"
"Farmwell Station MS";"Jun 1, 2026, 20:00:00";"4.21";"2.65";"2.15"
"Farmwell Station MS";"Jun 1, 2026, 19:00:00";"2.99";"0";"2.09"
"Farmwell Station MS";"Jun 1, 2026, 18:00:00";"2.74";"0";"2.12"
"Farmwell Station MS";"Jun 1, 2026, 17:00:00";"1.18";"0";"1.99"
"Farmwell Station MS";"Jun 1, 2026, 16:00:00";"1.17";"0";"2.05"
"Farmwell Station MS";"Jun 1, 2026, 15:00:00";"0.91";"0";"2.38"
"Farmwell Station MS";"Jun 1, 2026, 14:00:00";"0.19";"0";"1.83"
"Farmwell Station MS";"Jun 1, 2026, 13:00:00";"0.23";"0";"1.77"
"Farmwell Station MS";"Jun 1, 2026, 12:00:00";"0";"0";"2.3"
"Farmwell Station MS";"Jun 1, 2026, 11:00:00";"0";"0.62";"2.16"
"Farmwell Station MS";"Jun 1, 2026, 10:00:00";"0.54";"12.76";"2.39"
"Farmwell Station MS";"Jun 1, 2026, 09:00:00";"3.38";"27.14";"2.98"
"Farmwell Station MS";"Jun 1, 2026, 08:00:00";"7.06";"28.65";"4.34"
"Farmwell Station MS";"Jun 1, 2026, 07:00:00";"8.07";"28.39";"4.24"
"Farmwell Station MS";"Jun 1, 2026, 06:00:00";"7.28";"29.61";"4.35"
"Farmwell Station MS";"Jun 1, 2026, 05:00:00";"7.52";"29.17";"3.89"
"Farmwell Station MS";"Jun 1, 2026, 04:00:00";"9.25";"29.08";"3.87"
"Farmwell Station MS";"Jun 1, 2026, 03:00:00";"11.13";"27.49";"3.11"
"Farmwell Station MS";"Jun 1, 2026, 02:00:00";"7.41";"24.98";"2.52"
"Farmwell Station MS";"Jun 1, 2026, 01:00:00";"6.92";"26.06";"2.48"
"Farmwell Station MS";"Jun 1, 2026, 00:00:00";"16.36";"27.77";"2.6"
"Farmwell Station MS";"May 31, 2026, 23:00:00";"9.35";"27.44";"2.66"
"Farmwell Station MS";"May 31, 2026, 22:00:00";"8.58";"24.17";"3.15"
"Farmwell Station MS";"May 31, 2026, 21:00:00";"6.73";"14.53";"2.96"
"Farmwell Station MS";"May 31, 2026, 20:00:00";"4.76";"0.46";"1.78"
"Farmwell Station MS";"May 31, 2026, 19:00:00";"3.02";"0";"1.57"
"Farmwell Station MS";"May 31, 2026, 18:00:00";"1.52";"0";"1.48"
"Farmwell Station MS";"May 31, 2026, 17:00:00";"1.45";"0";"1.32"
"Farmwell Station MS";"May 31, 2026, 16:00:00";"0.38";"0";"1.4"
"Farmwell Station MS";"May 31, 2026, 15:00:00";"0";"0";"1.59"
"Farmwell Station MS";"May 31, 2026, 14:00:00";"0";"0";"1.81"
"Farmwell Station MS";"May 31, 2026, 13:00:00";"0";"0";"1.77"
"Farmwell Station MS";"May 31, 2026, 12:00:00";"0";"0";"1.91"
"Farmwell Station MS";"May 31, 2026, 11:00:00";"0";"0.85";"2.24"
"Farmwell Station MS";"May 31, 2026, 10:00:00";"0.11";"15.08";"2.27"
"Farmwell Station MS";"May 31, 2026, 09:00:00";"1.9";"29.5";"2.85"
"Farmwell Station MS";"May 31, 2026, 08:00:00";"3.5";"26.48";"2.94"
"Farmwell Station MS";"May 31, 2026, 07:00:00";"4.89";"25.91";"2.53"
"Farmwell Station MS";"May 31, 2026, 06:00:00";"5.1";"25.67";"2.65"
"Farmwell Station MS";"May 31, 2026, 05:00:00";"5.4";"25.9";"2.84"
"Farmwell Station MS";"May 31, 2026, 04:00:00";"5.53";"25.36";"2.32"
"Farmwell Station MS";"May 31, 2026, 03:00:00";"5.57";"24.55";"2.15"
"Farmwell Station MS";"May 31, 2026, 02:00:00";"5.5";"24.21";"1.49"
"Farmwell Station MS";"May 31, 2026, 01:00:00";"5.91";"23.99";"1.29"
"Farmwell Station MS";"May 31, 2026, 00:00:00";"6.14";"23.06";"1.96"
"Farmwell Station MS";"May 30, 2026, 23:00:00";"5.62";"22.78";"1.99"
"Farmwell Station MS";"May 30, 2026, 22:00:00";"4.81";"25.24";"1.48"
"Farmwell Station MS";"May 30, 2026, 21:00:00";"3.88";"26.57";"1.15"
"Farmwell Station MS";"May 30, 2026, 20:00:00";"2.72";"22.34";"0.91"
"Farmwell Station MS";"May 30, 2026, 19:00:00";"1.25";"8.82";"1"
"Farmwell Station MS";"May 30, 2026, 18:00:00";"0.27";"0.83";"0.87"
"Farmwell Station MS";"May 30, 2026, 17:00:00";"0.14";"0";"0.95"
"Farmwell Station MS";"May 30, 2026, 16:00:00";"0.12";"0";"0.75"
"Farmwell Station MS";"May 30, 2026, 15:00:00";"0.13";"0";"0.99"
"Farmwell Station MS";"May 30, 2026, 14:00:00";"0.11";"0";"1.11"
"Farmwell Station MS";"May 30, 2026, 13:00:00";"0.32";"0";"1.36"
"Farmwell Station MS";"May 30, 2026, 12:00:00";"0.4";"0.11";"1.58"
"Farmwell Station MS";"May 30, 2026, 11:00:00";"0.76";"4.81";"2.31"
"Farmwell Station MS";"May 30, 2026, 10:00:00";"1.56";"14.18";"3.71"
"Farmwell Station MS";"May 30, 2026, 09:00:00";"3.02";"22.73";"4.91"
"Farmwell Station MS";"May 30, 2026, 08:00:00";"3.79";"27.68";"6.17"
"Farmwell Station MS";"May 30, 2026, 07:00:00";"4.54";"29.54";"6.59"
"Farmwell Station MS";"May 30, 2026, 06:00:00";"4.32";"29.88";"6.65"
"Farmwell Station MS";"May 30, 2026, 05:00:00";"4.08";"30.92";"6.66"
"Farmwell Station MS";"May 30, 2026, 04:00:00";"4.54";"31.15";"5.95"
"Farmwell Station MS";"May 30, 2026, 03:00:00";"6.14";"30.03";"4.33"
"Farmwell Station MS";"May 30, 2026, 02:00:00";"6.42";"30.28";"3.43"
"Farmwell Station MS";"May 30, 2026, 01:00:00";"6.5";"29.02";"2.81"
"Farmwell Station MS";"May 30, 2026, 00:00:00";"5.39";"25.97";"2.59"
"Farmwell Station MS";"May 29, 2026, 23:00:00";"5.41";"23.77";"2.29"
"Farmwell Station MS";"May 29, 2026, 22:00:00";"5.63";"22.23";"2.54"
"Farmwell Station MS";"May 29, 2026, 21:00:00";"4.83";"18.15";"1.64"
"Farmwell Station MS";"May 29, 2026, 20:00:00";"2.48";"8.1";"1.21"
"Farmwell Station MS";"May 29, 2026, 19:00:00";"0.67";"0.98";"1.28"
"Farmwell Station MS";"May 29, 2026, 18:00:00";"0.14";"0";"1.38"
"Farmwell Station MS";"May 29, 2026, 17:00:00";"0.01";"0";"1.29"
"Farmwell Station MS";"May 29, 2026, 16:00:00";"0.09";"0";"1.03"
"Farmwell Station MS";"May 29, 2026, 15:00:00";"0.09";"0";"0.77"
"Farmwell Station MS";"May 29, 2026, 14:00:00";"0";"0";"0.69"
"Farmwell Station MS";"May 29, 2026, 13:00:00";"0";"0";"1.04"
"Farmwell Station MS";"May 29, 2026, 12:00:00";"0";"0";"0.84"
"Farmwell Station MS";"May 29, 2026, 11:00:00";"0";"6.24";"0.94"
"Farmwell Station MS";"May 29, 2026, 10:00:00";"0";"20.04";"1.14"
"Farmwell Station MS";"May 29, 2026, 09:00:00";"1.11";"32.07";"1.11"
"Farmwell Station MS";"May 29, 2026, 08:00:00";"5.09";"31.48";"1.72"
"Farmwell Station MS";"May 29, 2026, 07:00:00";"8.4";"30.29";"1.58"
"Farmwell Station MS";"May 29, 2026, 06:00:00";"6.16";"29.45";"1.26"
"Farmwell Station MS";"May 29, 2026, 05:00:00";"5.86";"29.45";"1.4"
"Farmwell Station MS";"May 29, 2026, 04:00:00";"7.22";"29.4";"1.87"
"Farmwell Station MS";"May 29, 2026, 03:00:00";"7.8";"28.16";"0.68"
"Farmwell Station MS";"May 29, 2026, 02:00:00";"5.47";"27.61";"0.82"
"Farmwell Station MS";"May 29, 2026, 01:00:00";"4.46";"26.98";"0.98"
"Farmwell Station MS";"May 29, 2026, 00:00:00";"4.01";"27.96";"1"
"Farmwell Station MS";"May 28, 2026, 23:00:00";"4.03";"28.44";"1.19"
"Farmwell Station MS";"May 28, 2026, 22:00:00";"5.28";"30.04";"1.36"
"Farmwell Station MS";"May 28, 2026, 21:00:00";"4.4";"21.7";"1.36"
"Farmwell Station MS";"May 28, 2026, 20:00:00";"1.96";"8.09";"1.09"
"Farmwell Station MS";"May 28, 2026, 19:00:00";"0.74";"1.45";"1.17"
"Farmwell Station MS";"May 28, 2026, 18:00:00";"0.27";"0.01";"1.02"
"Farmwell Station MS";"May 28, 2026, 17:00:00";"0.25";"0";"1.14"
"Farmwell Station MS";"May 28, 2026, 16:00:00";"0.18";"0";"1.19"
"Farmwell Station MS";"May 28, 2026, 15:00:00";"0.21";"0.83";"1.27"
"Farmwell Station MS";"May 28, 2026, 14:00:00";"0";"0.27";"1.37"
"Farmwell Station MS";"May 28, 2026, 13:00:00";"0";"8.16";"1.23"
"Farmwell Station MS";"May 28, 2026, 12:00:00";"0";"19.07";"1.53"
"Farmwell Station MS";"May 28, 2026, 11:00:00";"0";"25.88";"1.94"
"Farmwell Station MS";"May 28, 2026, 10:00:00";"0";"23.33";"2.7"
"Farmwell Station MS";"May 28, 2026, 09:00:00";"1.15";"21.34";"3.5"
"Farmwell Station MS";"May 28, 2026, 08:00:00";"0.71";"35.56";"4.02"
"Farmwell Station MS";"May 28, 2026, 07:00:00";"1.27";"57.09";"5.02"
"Farmwell Station MS";"May 28, 2026, 06:00:00";"1.26";"64.94";"5.61"
"Farmwell Station MS";"May 28, 2026, 05:00:00";"0.52";"68.67";"5.21"
"Farmwell Station MS";"May 28, 2026, 04:00:00";"0.99";"75.38";"5.15"
"Farmwell Station MS";"May 28, 2026, 03:00:00";"0.51";"76.14";"5.45"
"Farmwell Station MS";"May 28, 2026, 02:00:00";"1.33";"73.36";"4.13"
"Farmwell Station MS";"May 28, 2026, 01:00:00";"1.92";"70.08";"2.76"
"Farmwell Station MS";"May 28, 2026, 00:00:00";"2.51";"71.28";"1.95"
"Farmwell Station MS";"May 27, 2026, 23:00:00";"2.14";"82.1";"2.29"
"Farmwell Station MS";"May 27, 2026, 22:00:00";"3.52";"76.99";"2.69"
"Farmwell Station MS";"May 27, 2026, 21:00:00";"3.11";"31.99";"2.04"
"Farmwell Station MS";"May 27, 2026, 20:00:00";"0.31";"0";"1.41"
"Farmwell Station MS";"May 27, 2026, 19:00:00";"0";"0.21";"1.39"
"Farmwell Station MS";"May 27, 2026, 18:00:00";"0";"9.76";"1.41"
"Farmwell Station MS";"May 27, 2026, 17:00:00";"0";"0.74";"1.16"
"Farmwell Station MS";"May 27, 2026, 16:00:00";"0";"0";"1.68"
"Farmwell Station MS";"May 27, 2026, 15:00:00";"0";"0";"1.76"
"Farmwell Station MS";"May 27, 2026, 14:00:00";"0";"8.04";"1.86"
"Farmwell Station MS";"May 27, 2026, 13:00:00";"0.23";"21.41";"2.35"
"Farmwell Station MS";"May 27, 2026, 12:00:00";"0";"0";"2.34"
"Farmwell Station MS";"May 27, 2026, 11:00:00";"0";"40.06";"6.55"
"Farmwell Station MS";"May 27, 2026, 10:00:00";"0";"80.75";"11.75"
"Farmwell Station MS";"May 27, 2026, 09:00:00";"0";"89.78";"16.93"
"Farmwell Station MS";"May 27, 2026, 08:00:00";"0";"100.29";"19.48"
"Farmwell Station MS";"May 27, 2026, 07:00:00";"0";"102.28";"20.79"
"Farmwell Station MS";"May 27, 2026, 06:00:00";"0.11";"98";"18.11"
"Farmwell Station MS";"May 27, 2026, 05:00:00";"0.16";"94.89";"14.08"
"Farmwell Station MS";"May 27, 2026, 04:00:00";"0.24";"91.39";"17.04"
"Farmwell Station MS";"May 27, 2026, 03:00:00";"0.25";"87.72";"18.46"
"Farmwell Station MS";"May 27, 2026, 02:00:00";"0.4";"85.41";"19.09"
"Farmwell Station MS";"May 27, 2026, 01:00:00";"0.63";"82.53";"15.52"
"Farmwell Station MS";"May 27, 2026, 00:00:00";"1.82";"78.51";"13.59"
"Farmwell Station MS";"May 26, 2026, 23:00:00";"2.18";"72.73";"10.48"
"Farmwell Station MS";"May 26, 2026, 22:00:00";"4.45";"64.95";"7.76"
"Farmwell Station MS";"May 26, 2026, 21:00:00";"2.35";"44.57";"5.67"
"Farmwell Station MS";"May 26, 2026, 20:00:00";"1.93";"27.6";"4.5"
"Farmwell Station MS";"May 26, 2026, 19:00:00";"0.36";"2.56";"4.23"
"Farmwell Station MS";"May 26, 2026, 18:00:00";"0.97";"0";"3.88"
"Farmwell Station MS";"May 26, 2026, 17:00:00";"0";"0";"3.92"
"Farmwell Station MS";"May 26, 2026, 16:00:00";"0.05";"7.82";"3.48"
"Farmwell Station MS";"May 26, 2026, 15:00:00";"0.27";"55.18";"7.21"
"Farmwell Station MS";"May 26, 2026, 14:00:00";"1.01";"69.43";"9.92"
"Farmwell Station MS";"May 26, 2026, 13:00:00";"1.11";"79.42";"9.54"
"Farmwell Station MS";"May 26, 2026, 12:00:00";"1.66";"82.62";"11.62"
"Farmwell Station MS";"May 26, 2026, 11:00:00";"0.47";"94.86";"17.3"
"Farmwell Station MS";"May 26, 2026, 10:00:00";"1.22";"99.07";"25.22"
"Farmwell Station MS";"May 26, 2026, 09:00:00";"2.14";"98.55";"0"
"Farmwell Station MS";"May 26, 2026, 08:00:00";"1.45";"93.1";"0"
"Farmwell Station MS";"May 26, 2026, 07:00:00";"0.35";"88.25";"0"
"Farmwell Station MS";"May 26, 2026, 06:00:00";"0.14";"85.86";"0"
"Farmwell Station MS";"May 26, 2026, 05:00:00";"0.08";"86.2";"0"
"Farmwell Station MS";"May 26, 2026, 04:00:00";"0.23";"83.57";"0"
"Farmwell Station MS";"May 26, 2026, 03:00:00";"0.51";"87.69";"0"
"Farmwell Station MS";"May 26, 2026, 02:00:00";"1.75";"88.13";"0"
"Farmwell Station MS";"May 26, 2026, 01:00:00";"2.49";"85.35";"18.93"
"Farmwell Station MS";"May 26, 2026, 00:00:00";"3.55";"80.65";"14.92"
"Farmwell Station MS";"May 25, 2026, 23:00:00";"4.15";"72.49";"11.42"
"Farmwell Station MS";"May 25, 2026, 22:00:00";"3.51";"56.39";"8.13"
"Farmwell Station MS";"May 25, 2026, 21:00:00";"1.63";"22.77";"4.5"
"Farmwell Station MS";"May 25, 2026, 20:00:00";"0.21";"0";"3.03"
"Farmwell Station MS";"May 25, 2026, 19:00:00";"0";"0";"3.17"
"Farmwell Station MS";"May 25, 2026, 18:00:00";"0";"0";"3.58"
"Farmwell Station MS";"May 25, 2026, 17:00:00";"0";"0";"3.99"
"Farmwell Station MS";"May 25, 2026, 16:00:00";"0";"0.42";"3.8"
"Farmwell Station MS";"May 25, 2026, 15:00:00";"0";"7.34";"4.88"
"Farmwell Station MS";"May 25, 2026, 14:00:00";"0";"30.57";"5.94"
"Farmwell Station MS";"May 25, 2026, 13:00:00";"0";"51.83";"8.83"
"Farmwell Station MS";"May 25, 2026, 12:00:00";"0";"61.12";"9.74"
"Farmwell Station MS";"May 25, 2026, 11:00:00";"0";"85.57";"10.96"
"Farmwell Station MS";"May 25, 2026, 10:00:00";"0";"87.67";"13.46"
"Farmwell Station MS";"May 25, 2026, 09:00:00";"0";"85.42";"16.63"
"Farmwell Station MS";"May 25, 2026, 08:00:00";"0.04";"80.62";"19.26"
"Farmwell Station MS";"May 25, 2026, 07:00:00";"0.08";"76.89";"17.22"
"Farmwell Station MS";"May 25, 2026, 06:00:00";"0.24";"75.4";"18.86"
"Farmwell Station MS";"May 25, 2026, 05:00:00";"0.6";"72.02";"0"
"Farmwell Station MS";"May 25, 2026, 04:00:00";"2.07";"69.31";"0"
"Farmwell Station MS";"May 25, 2026, 03:00:00";"2.2";"68.25";"0"
"Farmwell Station MS";"May 25, 2026, 02:00:00";"2.63";"67.5";"0"
"Farmwell Station MS";"May 25, 2026, 01:00:00";"2.93";"67.72";"25.43"
"Farmwell Station MS";"May 25, 2026, 00:00:00";"3.4";"66.3";"31.56"
"Farmwell Station MS";"May 24, 2026, 23:00:00";"4.22";"65.11";"27.12"
"Farmwell Station MS";"May 24, 2026, 22:00:00";"6";"64.85";"0"
"Farmwell Station MS";"May 24, 2026, 21:00:00";"6.66";"62.93";"0"
"Farmwell Station MS";"May 24, 2026, 20:00:00";"6.24";"59.74";"0"
"Farmwell Station MS";"May 24, 2026, 19:00:00";"5.26";"56.37";"20.06"
"Farmwell Station MS";"May 24, 2026, 18:00:00";"3.5";"50.52";"12.6"
"Farmwell Station MS";"May 24, 2026, 17:00:00";"2.58";"44.98";"10.46"
"Farmwell Station MS";"May 24, 2026, 16:00:00";"1.62";"37.35";"8.28"
"Farmwell Station MS";"May 24, 2026, 15:00:00";"1.87";"41.9";"6.2"
"Farmwell Station MS";"May 24, 2026, 14:00:00";"1.7";"50.37";"5.33"
"Farmwell Station MS";"May 24, 2026, 13:00:00";"1";"51.45";"4.32"
"Farmwell Station MS";"May 24, 2026, 12:00:00";"1.55";"51.44";"3.79"
"Farmwell Station MS";"May 24, 2026, 11:00:00";"2.47";"50.78";"3.11"
"Farmwell Station MS";"May 24, 2026, 10:00:00";"3.15";"48.57";"5.02"
"Farmwell Station MS";"May 24, 2026, 09:00:00";"4.05";"45.98";"6.59"
"Farmwell Station MS";"May 24, 2026, 08:00:00";"4.66";"43.65";"6.07"
"Farmwell Station MS";"May 24, 2026, 07:00:00";"4.89";"42.19";"4.98"
"Farmwell Station MS";"May 24, 2026, 06:00:00";"4.79";"42.17";"2.32"
"Farmwell Station MS";"May 24, 2026, 05:00:00";"4.94";"42.15";"2.25"
"Farmwell Station MS";"May 24, 2026, 04:00:00";"4.96";"42.8";"2.04"
"Farmwell Station MS";"May 24, 2026, 03:00:00";"5.39";"42.85";"1.47"
"Farmwell Station MS";"May 24, 2026, 02:00:00";"5.7";"42.91";"2.48"
"Farmwell Station MS";"May 24, 2026, 01:00:00";"5.68";"43.42";"3.69"
"Farmwell Station MS";"May 24, 2026, 00:00:00";"6.49";"43.33";"6.13"
"Farmwell Station MS";"May 23, 2026, 23:00:00";"6.98";"42.83";"9.59"
"Farmwell Station MS";"May 23, 2026, 22:00:00";"7.6";"42.21";"8.57"
"Farmwell Station MS";"May 23, 2026, 21:00:00";"8.06";"41.91";"6.18"
"Farmwell Station MS";"May 23, 2026, 20:00:00";"7.87";"42.5";"4.81"
"Farmwell Station MS";"May 23, 2026, 19:00:00";"7.02";"44.47";"2.62"
"Farmwell Station MS";"May 23, 2026, 18:00:00";"6.85";"44.6";"3"
"Farmwell Station MS";"May 23, 2026, 17:00:00";"7.73";"44.41";"3.45"
"Farmwell Station MS";"May 23, 2026, 16:00:00";"7.23";"44.18";"2.04"
"Farmwell Station MS";"May 23, 2026, 15:00:00";"7.18";"44.08";"1.15"
"Farmwell Station MS";"May 23, 2026, 14:00:00";"7.24";"43.36";"0.97"
"Farmwell Station MS";"May 23, 2026, 13:00:00";"6.69";"43.46";"1.7"
"Farmwell Station MS";"May 23, 2026, 12:00:00";"7.1";"42.66";"2.98"
"Farmwell Station MS";"May 23, 2026, 11:00:00";"7.36";"41.81";"5.03"
"Farmwell Station MS";"May 23, 2026, 10:00:00";"6.99";"41.41";"5.78"
"Farmwell Station MS";"May 23, 2026, 09:00:00";"7.42";"40.91";"9.97"
"Farmwell Station MS";"May 23, 2026, 08:00:00";"7.36";"40.59";"8.65"
"Farmwell Station MS";"May 23, 2026, 07:00:00";"7.63";"39.82";"10.33"
"Farmwell Station MS";"May 23, 2026, 06:00:00";"8.59";"38.7";"6.97"
"Farmwell Station MS";"May 23, 2026, 05:00:00";"8.39";"38.3";"3.76"
"Farmwell Station MS";"May 23, 2026, 04:00:00";"7.5";"38.51";"3.45"
"Farmwell Station MS";"May 23, 2026, 03:00:00";"6.64";"38.46";"4.14"
"Farmwell Station MS";"May 23, 2026, 02:00:00";"6.71";"37.65";"4.64"
"Farmwell Station MS";"May 23, 2026, 01:00:00";"6.8";"37.32";"5.07"
"Farmwell Station MS";"May 23, 2026, 00:00:00";"6.85";"37.12";"3.98"
"Farmwell Station MS";"May 22, 2026, 23:00:00";"7.23";"36.62";"3.05"
"Farmwell Station MS";"May 22, 2026, 22:00:00";"7.15";"36.82";"2.6"
"Farmwell Station MS";"May 22, 2026, 21:00:00";"6.42";"36.91";"1.77"
"Farmwell Station MS";"May 22, 2026, 20:00:00";"5.55";"38.78";"1.73"
"Farmwell Station MS";"May 22, 2026, 19:00:00";"5.35";"42.25";"2.03"
"Farmwell Station MS";"May 22, 2026, 18:00:00";"4.83";"43.47";"2.06"
"Farmwell Station MS";"May 22, 2026, 17:00:00";"4.41";"46.13";"1.74"
"Farmwell Station MS";"May 22, 2026, 16:00:00";"4.03";"47.55";"2.09"
"Farmwell Station MS";"May 22, 2026, 15:00:00";"4.64";"48.18";"5.07"
"Farmwell Station MS";"May 22, 2026, 14:00:00";"4.68";"47.33";"3.97"
"Farmwell Station MS";"May 22, 2026, 13:00:00";"4.92";"46.36";"3.52"
"Farmwell Station MS";"May 22, 2026, 12:00:00";"4.64";"45.52";"2.68"
"Farmwell Station MS";"May 22, 2026, 11:00:00";"2.36";"47.69";"12.73"
"Farmwell Station MS";"May 22, 2026, 10:00:00";"1.12";"48.89";"18.12"
"Farmwell Station MS";"May 22, 2026, 09:00:00";"1.87";"48.18";"23.96"
"Farmwell Station MS";"May 22, 2026, 08:00:00";"2.39";"47.01";"25.47"
"Farmwell Station MS";"May 22, 2026, 07:00:00";"2.5";"45.83";"29.43"
"Farmwell Station MS";"May 22, 2026, 06:00:00";"2.39";"45.14";"24.34"
"Farmwell Station MS";"May 22, 2026, 05:00:00";"2.39";"44.73";"11.93"
"Farmwell Station MS";"May 22, 2026, 04:00:00";"2.8";"44.21";"14"
"Farmwell Station MS";"May 22, 2026, 03:00:00";"3.65";"43.56";"22.93"
"Farmwell Station MS";"May 22, 2026, 02:00:00";"2.84";"43.78";"24.19"
"Farmwell Station MS";"May 22, 2026, 01:00:00";"3.73";"43.4";"18.24"
"Farmwell Station MS";"May 22, 2026, 00:00:00";"4.53";"42.5";"13.1"
"Farmwell Station MS";"May 21, 2026, 23:00:00";"5.31";"41.58";"13.29"
"Farmwell Station MS";"May 21, 2026, 22:00:00";"6.26";"40.77";"10.58"
"Farmwell Station MS";"May 21, 2026, 21:00:00";"6.45";"39.99";"7.14"
"Farmwell Station MS";"May 21, 2026, 20:00:00";"6.5";"39.6";"5.27"
"Farmwell Station MS";"May 21, 2026, 19:00:00";"6.3";"38.87";"4.43"
"Farmwell Station MS";"May 21, 2026, 18:00:00";"5.71";"38.49";"4.28"
"Farmwell Station MS";"May 21, 2026, 17:00:00";"4.21";"38.7";"1.88"
"Farmwell Station MS";"May 21, 2026, 16:00:00";"3.59";"39.31";"1.57"
"Farmwell Station MS";"May 21, 2026, 15:00:00";"2.1";"42.25";"2.08"
"Farmwell Station MS";"May 21, 2026, 14:00:00";"1.49";"44";"1.99"
"Farmwell Station MS";"May 21, 2026, 13:00:00";"1.13";"45.77";"2.77"
"Farmwell Station MS";"May 21, 2026, 12:00:00";"1.24";"45.34";"2.98"
"Farmwell Station MS";"May 21, 2026, 11:00:00";"0.73";"46.48";"3.04"
"Farmwell Station MS";"May 21, 2026, 10:00:00";"0";"49.57";"3.08"
"Farmwell Station MS";"May 21, 2026, 09:00:00";"0.05";"52.73";"3.16"
"Farmwell Station MS";"May 21, 2026, 08:00:00";"0";"0";"3.4"
"Farmwell Station MS";"May 21, 2026, 07:00:00";"0.44";"56.12";"3.75"
"Farmwell Station MS";"May 21, 2026, 06:00:00";"0";"58.56";"4.2"
"Farmwell Station MS";"May 21, 2026, 05:00:00";"0.05";"68.83";"8.7"
"Farmwell Station MS";"May 21, 2026, 04:00:00";"0.26";"77.71";"21.14"
"Farmwell Station MS";"May 21, 2026, 03:00:00";"0.15";"74.08";"17.26"
"Farmwell Station MS";"May 21, 2026, 02:00:00";"0.02";"72.07";"12.36"
"Farmwell Station MS";"May 21, 2026, 01:00:00";"0.35";"70.61";"11.45"
"Farmwell Station MS";"May 21, 2026, 00:00:00";"1.44";"69.36";"12.46"
"Farmwell Station MS";"May 20, 2026, 23:00:00";"2.76";"66.9";"10.55"
"Farmwell Station MS";"May 20, 2026, 22:00:00";"3.55";"63.29";"9.79"
"Farmwell Station MS";"May 20, 2026, 21:00:00";"3.08";"57.44";"9.02"
"Farmwell Station MS";"May 20, 2026, 20:00:00";"3.49";"52.74";"7.36"
"Farmwell Station MS";"May 20, 2026, 19:00:00";"2.93";"51.76";"9.48"
"Farmwell Station MS";"May 20, 2026, 18:00:00";"2";"44.61";"9.36"
"Farmwell Station MS";"May 20, 2026, 17:00:00";"1.9";"16.25";"7.07"
"Farmwell Station MS";"May 20, 2026, 16:00:00";"0";"0";"6.28"
"Farmwell Station MS";"May 20, 2026, 15:00:00";"0";"0";"6.16"
"Farmwell Station MS";"May 20, 2026, 14:00:00";"0";"0";"5.54"
"Farmwell Station MS";"May 20, 2026, 13:00:00";"0";"0";"5.57"
"Farmwell Station MS";"May 20, 2026, 12:00:00";"0";"0";"6.37"
"Farmwell Station MS";"May 20, 2026, 11:00:00";"0";"0.34";"7.3"
"Farmwell Station MS";"May 20, 2026, 10:00:00";"0";"18.99";"6.92"
"Farmwell Station MS";"May 20, 2026, 09:00:00";"0";"19.61";"7.61"
"Farmwell Station MS";"May 20, 2026, 08:00:00";"1.99";"27.19";"5.38"
"Farmwell Station MS";"May 20, 2026, 07:00:00";"2.12";"45.35";"5.19"
"Farmwell Station MS";"May 20, 2026, 06:00:00";"1.21";"49.14";"5.37"
"Farmwell Station MS";"May 20, 2026, 05:00:00";"1.01";"45.37";"5.05"
"Farmwell Station MS";"May 20, 2026, 04:00:00";"1.33";"37.01";"4.35"
"Farmwell Station MS";"May 20, 2026, 03:00:00";"0.99";"35.76";"3.5"
"Farmwell Station MS";"May 20, 2026, 02:00:00";"0.73";"31.71";"3.49"
"Farmwell Station MS";"May 20, 2026, 01:00:00";"0.06";"24.47";"3.42"
"Farmwell Station MS";"May 20, 2026, 00:00:00";"0.71";"21.09";"3.43"
"Farmwell Station MS";"May 19, 2026, 23:00:00";"0.77";"16.39";"3.89"
"Farmwell Station MS";"May 19, 2026, 22:00:00";"0.11";"18.25";"3.66"
"Farmwell Station MS";"May 19, 2026, 21:00:00";"0";"17.03";"3.43"
"Farmwell Station MS";"May 19, 2026, 20:00:00";"0";"5.86";"2.94"
"Farmwell Station MS";"May 19, 2026, 19:00:00";"9.55";"4.29";"2.68"
"Farmwell Station MS";"May 19, 2026, 18:00:00";"0";"0.58";"3.75"
"Farmwell Station MS";"May 19, 2026, 17:00:00";"0";"0";"4.6"
"Farmwell Station MS";"May 19, 2026, 16:00:00";"0";"0";"4.91"
"Farmwell Station MS";"May 19, 2026, 15:00:00";"0";"0";"5.15"
"Farmwell Station MS";"May 19, 2026, 14:00:00";"0";"0";"4.96"
"Farmwell Station MS";"May 19, 2026, 13:00:00";"0";"0";"5.96"
"Farmwell Station MS";"May 19, 2026, 12:00:00";"0";"0";"5.88"
"Farmwell Station MS";"May 19, 2026, 11:00:00";"0";"0";"6.08"
"Farmwell Station MS";"May 19, 2026, 10:00:00";"0";"7.95";"6.69"
"Farmwell Station MS";"May 19, 2026, 09:00:00";"0.57";"22.93";"9.05"
"Farmwell Station MS";"May 19, 2026, 08:00:00";"6.52";"17.93";"9.69"
"Farmwell Station MS";"May 19, 2026, 07:00:00";"6.81";"23.25";"8.16"
"Farmwell Station MS";"May 19, 2026, 06:00:00";"4.33";"20.33";"8.66"
"Farmwell Station MS";"May 19, 2026, 05:00:00";"3.55";"15.79";"8.76"
"Farmwell Station MS";"May 19, 2026, 04:00:00";"2.32";"15.3";"9.13"
"Farmwell Station MS";"May 19, 2026, 03:00:00";"0.94";"13.66";"8.9"
"Farmwell Station MS";"May 19, 2026, 02:00:00";"0.03";"15.77";"8.91"
"Farmwell Station MS";"May 19, 2026, 01:00:00";"0";"17.81";"8.88"
"Farmwell Station MS";"May 19, 2026, 00:00:00";"0.11";"20.61";"8.6"
"Farmwell Station MS";"May 18, 2026, 23:00:00";"4.92";"19.07";"8.49"
"Farmwell Station MS";"May 18, 2026, 22:00:00";"23.45";"15.35";"8.83"
"Farmwell Station MS";"May 18, 2026, 21:00:00";"13.79";"11.49";"9.09"
"Farmwell Station MS";"May 18, 2026, 20:00:00";"7.82";"2.05";"8.72"
"Farmwell Station MS";"May 18, 2026, 19:00:00";"5.38";"0";"7.26"
"Farmwell Station MS";"May 18, 2026, 18:00:00";"6.15";"0";"7.62"
"Farmwell Station MS";"May 18, 2026, 17:00:00";"2.69";"0";"7.52"
"Farmwell Station MS";"May 18, 2026, 16:00:00";"1.69";"0";"7.56"
"Farmwell Station MS";"May 18, 2026, 15:00:00";"0.47";"0";"6.27"
"Farmwell Station MS";"May 18, 2026, 14:00:00";"0";"0";"6.18"
"Farmwell Station MS";"May 18, 2026, 13:00:00";"0";"0";"6.85"
"Farmwell Station MS";"May 18, 2026, 12:00:00";"0.12";"0";"7.91"
"Farmwell Station MS";"May 18, 2026, 11:00:00";"0";"4.15";"8.87"
"Farmwell Station MS";"May 18, 2026, 10:00:00";"0.12";"24.87";"9.96"
"Farmwell Station MS";"May 18, 2026, 09:00:00";"4.89";"16.09";"9.14"
"Farmwell Station MS";"May 18, 2026, 08:00:00";"5.36";"45.64";"6.9"
"Farmwell Station MS";"May 18, 2026, 07:00:00";"6.51";"57.8";"10.64"
"Farmwell Station MS";"May 18, 2026, 06:00:00";"4.45";"62.22";"11.09"
"Farmwell Station MS";"May 18, 2026, 05:00:00";"5.06";"45.39";"8.85"
"Farmwell Station MS";"May 18, 2026, 04:00:00";"5.31";"40.61";"7.74"
"Farmwell Station MS";"May 18, 2026, 03:00:00";"6.22";"26.4";"7.37"
"Farmwell Station MS";"May 18, 2026, 02:00:00";"3.67";"12.37";"6.09"
"Farmwell Station MS";"May 18, 2026, 01:00:00";"4.57";"5.74";"5.64"
"Farmwell Station MS";"May 18, 2026, 00:00:00";"12.16";"9.26";"5.08"
"Farmwell Station MS";"May 17, 2026, 23:00:00";"11.76";"13.63";"4.86"
"Farmwell Station MS";"May 17, 2026, 22:00:00";"6.92";"18.76";"4.69"
"Farmwell Station MS";"May 17, 2026, 21:00:00";"4.22";"17.79";"4.38"
"Farmwell Station MS";"May 17, 2026, 20:00:00";"2.39";"7.44";"3.77"
"Farmwell Station MS";"May 17, 2026, 19:00:00";"0.48";"0.25";"3.36"
"Farmwell Station MS";"May 17, 2026, 18:00:00";"0.02";"0";"3.54"
"Farmwell Station MS";"May 17, 2026, 17:00:00";"0";"0";"3.37"
"Farmwell Station MS";"May 17, 2026, 16:00:00";"0.04";"0";"2.95"
"Farmwell Station MS";"May 17, 2026, 15:00:00";"0";"0";"2.48"
"Farmwell Station MS";"May 17, 2026, 14:00:00";"0";"14.49";"3.33"
"Farmwell Station MS";"May 17, 2026, 13:00:00";"0.46";"14";"4.98"
"Farmwell Station MS";"May 17, 2026, 12:00:00";"0.88";"10.74";"5.9"
"Farmwell Station MS";"May 17, 2026, 11:00:00";"2.13";"10.71";"5.27"
"Farmwell Station MS";"May 17, 2026, 10:00:00";"3.02";"23.45";"5.17"
"Farmwell Station MS";"May 17, 2026, 09:00:00";"6.31";"28.54";"4.75"
"Farmwell Station MS";"May 17, 2026, 08:00:00";"6.63";"42.37";"5.36"
"Farmwell Station MS";"May 17, 2026, 07:00:00";"3.93";"43.28";"7.23"
"Farmwell Station MS";"May 17, 2026, 06:00:00";"4.17";"41.41";"7.87"
"Farmwell Station MS";"May 17, 2026, 05:00:00";"4.07";"41.09";"5.59"
"Farmwell Station MS";"May 17, 2026, 04:00:00";"4.77";"41.78";"6.27"
"Farmwell Station MS";"May 17, 2026, 03:00:00";"4.56";"39.59";"5.4"
"Farmwell Station MS";"May 17, 2026, 02:00:00";"5.14";"36.66";"3.97"
"Farmwell Station MS";"May 17, 2026, 01:00:00";"6.8";"34.36";"3.17"
"Farmwell Station MS";"May 17, 2026, 00:00:00";"7.07";"33.11";"3.17"
"Farmwell Station MS";"May 16, 2026, 23:00:00";"6.83";"25.11";"3.23"
"Farmwell Station MS";"May 16, 2026, 22:00:00";"5.94";"16.93";"2.68"
"Farmwell Station MS";"May 16, 2026, 21:00:00";"5.75";"12.85";"2.56"
"Farmwell Station MS";"May 16, 2026, 20:00:00";"5.8";"11.38";"2.79"
"Farmwell Station MS";"May 16, 2026, 19:00:00";"6.83";"15.89";"2.3"
"Farmwell Station MS";"May 16, 2026, 18:00:00";"5.71";"6.69";"3.19"
"Farmwell Station MS";"May 16, 2026, 17:00:00";"1.66";"0";"2.65"
"Farmwell Station MS";"May 16, 2026, 16:00:00";"1.77";"0";"2.38"
"Farmwell Station MS";"May 16, 2026, 15:00:00";"1.88";"0";"1.76"
"Farmwell Station MS";"May 16, 2026, 14:00:00";"0.22";"0";"1.53"
"Farmwell Station MS";"May 16, 2026, 13:00:00";"0.25";"0.1";"1.69"
"Farmwell Station MS";"May 16, 2026, 12:00:00";"0";"3.32";"2.05"
"Farmwell Station MS";"May 16, 2026, 11:00:00";"0.17";"17.1";"2.46"
"Farmwell Station MS";"May 16, 2026, 10:00:00";"3.03";"25.25";"3.01"
"Farmwell Station MS";"May 16, 2026, 09:00:00";"6.7";"29.82";"3.44"
"Farmwell Station MS";"May 16, 2026, 08:00:00";"5.61";"31.14";"3.3"
"Farmwell Station MS";"May 16, 2026, 07:00:00";"3.73";"30.17";"7.65"
"Farmwell Station MS";"May 16, 2026, 06:00:00";"4.98";"29.6";"8.05"
"Farmwell Station MS";"May 16, 2026, 05:00:00";"5.88";"30.17";"6.7"
"Farmwell Station MS";"May 16, 2026, 04:00:00";"7.72";"30.04";"4.63"
"Farmwell Station MS";"May 16, 2026, 03:00:00";"7.58";"29.09";"3.59"
"Farmwell Station MS";"May 16, 2026, 02:00:00";"9.6";"27.67";"3.11"
"Farmwell Station MS";"May 16, 2026, 01:00:00";"13.53";"27.85";"3.85"
"Farmwell Station MS";"May 16, 2026, 00:00:00";"11.98";"28.27";"5.04"
"Farmwell Station MS";"May 15, 2026, 23:00:00";"10.64";"26.14";"4.25"
"Farmwell Station MS";"May 15, 2026, 22:00:00";"9.2";"24.84";"3.72"
"Farmwell Station MS";"May 15, 2026, 21:00:00";"7.6";"27.75";"2.56"
"Farmwell Station MS";"May 15, 2026, 20:00:00";"5.62";"16.67";"1.18"
"Farmwell Station MS";"May 15, 2026, 19:00:00";"3.85";"4.1";"0.98"
"Farmwell Station MS";"May 15, 2026, 18:00:00";"4.3";"4.93";"1.06"
"Farmwell Station MS";"May 15, 2026, 17:00:00";"2.63";"0.31";"1.01"
"Farmwell Station MS";"May 15, 2026, 16:00:00";"1.74";"1.42";"0.95"
"Farmwell Station MS";"May 15, 2026, 15:00:00";"1.71";"5.53";"1.37"
"Farmwell Station MS";"May 15, 2026, 14:00:00";"1.44";"8.39";"1.41"
"Farmwell Station MS";"May 15, 2026, 13:00:00";"1.99";"12.52";"1.57"
"Farmwell Station MS";"May 15, 2026, 12:00:00";"2.89";"23.3";"1.55"
"Farmwell Station MS";"May 15, 2026, 11:00:00";"2.99";"26.57";"1.71"
"Farmwell Station MS";"May 15, 2026, 10:00:00";"4.45";"25.91";"1.85"
"Farmwell Station MS";"May 15, 2026, 09:00:00";"5.12";"22.13";"3.95"
"Farmwell Station MS";"May 15, 2026, 08:00:00";"6.17";"22.29";"3.65"
"Farmwell Station MS";"May 15, 2026, 07:00:00";"6.17";"21.93";"3.32"
"Farmwell Station MS";"May 15, 2026, 06:00:00";"6";"22.06";"3.19"
"Farmwell Station MS";"May 15, 2026, 05:00:00";"5.92";"22.21";"3.3"
"Farmwell Station MS";"May 15, 2026, 04:00:00";"6.22";"22.57";"2.68"
"Farmwell Station MS";"May 15, 2026, 03:00:00";"5.76";"23.09";"2.03"
"Farmwell Station MS";"May 15, 2026, 02:00:00";"6.01";"22.45";"1.79"
"Farmwell Station MS";"May 15, 2026, 01:00:00";"5.79";"21.91";"2.04"
"Farmwell Station MS";"May 15, 2026, 00:00:00";"6.27";"21.3";"2.81"
"Farmwell Station MS";"May 14, 2026, 23:00:00";"6.43";"21.15";"4.1"
"Farmwell Station MS";"May 14, 2026, 22:00:00";"6.12";"21.05";"3.1"
"Farmwell Station MS";"May 14, 2026, 21:00:00";"5.83";"21.07";"1.63"
"Farmwell Station MS";"May 14, 2026, 20:00:00";"5.48";"21.44";"1.28"
"Farmwell Station MS";"May 14, 2026, 19:00:00";"5.19";"22.63";"1.1"
"Farmwell Station MS";"May 14, 2026, 18:00:00";"4.9";"25.16";"0.94"
"Farmwell Station MS";"May 14, 2026, 17:00:00";"4.67";"26.41";"0.63"
"Farmwell Station MS";"May 14, 2026, 16:00:00";"4.53";"27.25";"0.94"
"Farmwell Station MS";"May 14, 2026, 15:00:00";"4.02";"27.71";"1"
"Farmwell Station MS";"May 14, 2026, 14:00:00";"3.88";"29.23";"1.1"
"Farmwell Station MS";"May 14, 2026, 13:00:00";"2.89";"27.16";"2.11"
"Farmwell Station MS";"May 14, 2026, 12:00:00";"2.35";"29.95";"2.8"
"Farmwell Station MS";"May 14, 2026, 11:00:00";"2.23";"32.07";"3.59"
"Farmwell Station MS";"May 14, 2026, 10:00:00";"3.32";"29.68";"5.24"
"Farmwell Station MS";"May 14, 2026, 09:00:00";"4.92";"30.29";"6.32"
"Farmwell Station MS";"May 14, 2026, 08:00:00";"7.62";"32.15";"11.89"
"Farmwell Station MS";"May 14, 2026, 07:00:00";"5.85";"32.27";"14.73"
"Farmwell Station MS";"May 14, 2026, 06:00:00";"7.26";"33.04";"20.52"
"Farmwell Station MS";"May 14, 2026, 05:00:00";"7.08";"33.22";"15.67"
"Farmwell Station MS";"May 14, 2026, 04:00:00";"8.04";"33.41";"10.88"
"Farmwell Station MS";"May 14, 2026, 03:00:00";"7.81";"33.86";"17.17"
"Farmwell Station MS";"May 14, 2026, 02:00:00";"7.25";"33.51";"17.56"
"Farmwell Station MS";"May 14, 2026, 01:00:00";"9.17";"33.28";"11.35"
"Farmwell Station MS";"May 14, 2026, 00:00:00";"10.89";"32.58";"6.43"
"Farmwell Station MS";"May 13, 2026, 23:00:00";"11.65";"31.05";"3.89"
"Farmwell Station MS";"May 13, 2026, 22:00:00";"11.85";"29.55";"2.68"
"Farmwell Station MS";"May 13, 2026, 21:00:00";"10.42";"25.37";"1.81"
"Farmwell Station MS";"May 13, 2026, 20:00:00";"9.55";"23.62";"3.18"
"Farmwell Station MS";"May 13, 2026, 19:00:00";"9.33";"22.92";"3.27"
"Farmwell Station MS";"May 13, 2026, 18:00:00";"9.97";"23.65";"3.3"
"Farmwell Station MS";"May 13, 2026, 17:00:00";"8.09";"24.08";"3.27"
"Farmwell Station MS";"May 13, 2026, 16:00:00";"7.15";"22.1";"3.26"
"Farmwell Station MS";"May 13, 2026, 15:00:00";"5.16";"13.81";"3.2"
"Farmwell Station MS";"May 13, 2026, 14:00:00";"3.38";"7.01";"2.89"
"Farmwell Station MS";"May 13, 2026, 13:00:00";"2.75";"8.13";"2.81"
"Farmwell Station MS";"May 13, 2026, 12:00:00";"4.94";"17.08";"3.38"
"Farmwell Station MS";"May 13, 2026, 11:00:00";"5.68";"21.68";"3.81"
"Farmwell Station MS";"May 13, 2026, 10:00:00";"7.03";"26.1";"4.37"
"Farmwell Station MS";"May 13, 2026, 09:00:00";"8.22";"23.65";"4.41"
"Farmwell Station MS";"May 13, 2026, 08:00:00";"9.74";"22.27";"3.89"
"Farmwell Station MS";"May 13, 2026, 07:00:00";"9.46";"21.76";"3.43"
"Farmwell Station MS";"May 13, 2026, 06:00:00";"8.29";"21.74";"3.3"
"Farmwell Station MS";"May 13, 2026, 05:00:00";"8.15";"22.16";"2.9"
"Farmwell Station MS";"May 13, 2026, 04:00:00";"7.99";"22.57";"2.29"
"Farmwell Station MS";"May 13, 2026, 03:00:00";"7.82";"23.28";"2.41"
"Farmwell Station MS";"May 13, 2026, 02:00:00";"7.96";"24.01";"1.99"
"Farmwell Station MS";"May 13, 2026, 01:00:00";"10.73";"24.42";"2.07"
"Farmwell Station MS";"May 13, 2026, 00:00:00";"15.88";"25.87";"2.01"
"Farmwell Station MS";"May 12, 2026, 23:00:00";"8.85";"26.03";"1.99"
"Farmwell Station MS";"May 12, 2026, 22:00:00";"8.33";"27.75";"2.48"
"Farmwell Station MS";"May 12, 2026, 21:00:00";"8.51";"27.65";"2.15"
"Farmwell Station MS";"May 12, 2026, 20:00:00";"6.77";"18.93";"1.85"
"Farmwell Station MS";"May 12, 2026, 19:00:00";"4.81";"8.88";"1.6"
"Farmwell Station MS";"May 12, 2026, 18:00:00";"3.13";"1.42";"1.68"
"Farmwell Station MS";"May 12, 2026, 17:00:00";"2.72";"0.08";"1.65"
"Farmwell Station MS";"May 12, 2026, 16:00:00";"1.98";"0";"1.61"
"Farmwell Station MS";"May 12, 2026, 15:00:00";"1.65";"0";"2.26"
"Farmwell Station MS";"May 12, 2026, 14:00:00";"0.95";"0";"2.71"
"Farmwell Station MS";"May 12, 2026, 13:00:00";"1.15";"0";"3.53"
"Farmwell Station MS";"May 12, 2026, 12:00:00";"0.16";"0.67";"3.01"
"Farmwell Station MS";"May 12, 2026, 11:00:00";"0.36";"12.57";"2.17"
"Farmwell Station MS";"May 12, 2026, 10:00:00";"1.71";"26.61";"2.22"
"Farmwell Station MS";"May 12, 2026, 09:00:00";"5.07";"26.42";"2.24"
"Farmwell Station MS";"May 12, 2026, 08:00:00";"7.73";"25.7";"2.51"
"Farmwell Station MS";"May 12, 2026, 07:00:00";"8.15";"24.69";"3.08"
"Farmwell Station MS";"May 12, 2026, 06:00:00";"7.28";"24.68";"3.94"
"Farmwell Station MS";"May 12, 2026, 05:00:00";"6.33";"24.19";"3.83"
"Farmwell Station MS";"May 12, 2026, 04:00:00";"5.91";"24.22";"3.35"
"Farmwell Station MS";"May 12, 2026, 03:00:00";"7.62";"24.22";"3.47"
"Farmwell Station MS";"May 12, 2026, 02:00:00";"6.87";"23.55";"3.53"
"Farmwell Station MS";"May 12, 2026, 01:00:00";"7.43";"22.7";"2.93"
"Farmwell Station MS";"May 12, 2026, 00:00:00";"7.89";"21.23";"2.24"
"Farmwell Station MS";"May 11, 2026, 23:00:00";"7.88";"19.92";"1.8"
"Farmwell Station MS";"May 11, 2026, 22:00:00";"7.39";"19.17";"1.72"
"Farmwell Station MS";"May 11, 2026, 21:00:00";"7.34";"21.45";"1.68"
"Farmwell Station MS";"May 11, 2026, 20:00:00";"4.09";"17.83";"1.33"
"Farmwell Station MS";"May 11, 2026, 19:00:00";"2.93";"12.14";"1.16"
"Farmwell Station MS";"May 11, 2026, 18:00:00";"2.49";"6.86";"1.24"
"Farmwell Station MS";"May 11, 2026, 17:00:00";"1.09";"3.11";"1.44"
"Farmwell Station MS";"May 11, 2026, 16:00:00";"1";"9.3";"2.3"
"Farmwell Station MS";"May 11, 2026, 15:00:00";"3.05";"22.96";"2.65"
"Farmwell Station MS";"May 11, 2026, 14:00:00";"4.11";"24.44";"2.4"
"Farmwell Station MS";"May 11, 2026, 13:00:00";"5.78";"24.51";"2.32"
"Farmwell Station MS";"May 11, 2026, 12:00:00";"6.43";"23.19";"2.58"
"Farmwell Station MS";"May 11, 2026, 11:00:00";"7.63";"22.33";"2.51"
"Farmwell Station MS";"May 11, 2026, 10:00:00";"6.64";"21.7";"1.65"
"Farmwell Station MS";"May 11, 2026, 09:00:00";"6.42";"20.96";"1.53"
"Farmwell Station MS";"May 11, 2026, 08:00:00";"5.29";"21.5";"1.37"
"Farmwell Station MS";"May 11, 2026, 07:00:00";"4.41";"22.05";"1.18"
"Farmwell Station MS";"May 11, 2026, 06:00:00";"3.47";"23.07";"1.28"
"Farmwell Station MS";"May 11, 2026, 05:00:00";"2.72";"23.52";"1.48"
"Farmwell Station MS";"May 11, 2026, 04:00:00";"2.1";"25.94";"1.58"
"Farmwell Station MS";"May 11, 2026, 03:00:00";"1.54";"27.02";"2.48"
"Farmwell Station MS";"May 11, 2026, 02:00:00";"2";"31.41";"5.56"
"Farmwell Station MS";"May 11, 2026, 01:00:00";"2.5";"36.98";"9.58"
"Farmwell Station MS";"May 11, 2026, 00:00:00";"3.97";"40.56";"11.96"
"Farmwell Station MS";"May 10, 2026, 23:00:00";"5.31";"41.41";"11.89"
"Farmwell Station MS";"May 10, 2026, 22:00:00";"4.65";"38.16";"8.01"
"Farmwell Station MS";"May 10, 2026, 21:00:00";"6.5";"36.25";"6.11"
"Farmwell Station MS";"May 10, 2026, 20:00:00";"5.92";"34.98";"5.76"
"Farmwell Station MS";"May 10, 2026, 19:00:00";"6.35";"32.8";"5.26"
"Farmwell Station MS";"May 10, 2026, 18:00:00";"6.66";"31.67";"7.12"
"Farmwell Station MS";"May 10, 2026, 17:00:00";"6.19";"20.24";"5.8"
"Farmwell Station MS";"May 10, 2026, 16:00:00";"4.64";"6.68";"2.57"
"Farmwell Station MS";"May 10, 2026, 15:00:00";"1.05";"0";"2.52"
"Farmwell Station MS";"May 10, 2026, 14:00:00";"0.44";"0";"2.42"
"Farmwell Station MS";"May 10, 2026, 13:00:00";"0";"0";"2.36"
"Farmwell Station MS";"May 10, 2026, 12:00:00";"0";"3.32";"3.08"
"Farmwell Station MS";"May 10, 2026, 11:00:00";"0";"15.49";"3.6"
"Farmwell Station MS";"May 10, 2026, 10:00:00";"1.64";"25.74";"9.51"
"Farmwell Station MS";"May 10, 2026, 09:00:00";"5.21";"32.79";"11.95"
"Farmwell Station MS";"May 10, 2026, 08:00:00";"6.35";"33.07";"13.26"
"Farmwell Station MS";"May 10, 2026, 07:00:00";"4.78";"31.33";"18.13"
"Farmwell Station MS";"May 10, 2026, 06:00:00";"4.22";"30.6";"22.23"
"Farmwell Station MS";"May 10, 2026, 05:00:00";"5.38";"30.45";"18.74"
"Farmwell Station MS";"May 10, 2026, 04:00:00";"7.68";"30.87";"14.4"
"Farmwell Station MS";"May 10, 2026, 03:00:00";"6.94";"30.6";"12.26"
"Farmwell Station MS";"May 10, 2026, 02:00:00";"6.26";"30.36";"10.2"
"Farmwell Station MS";"May 10, 2026, 01:00:00";"7.11";"29.66";"8.56"
"Farmwell Station MS";"May 10, 2026, 00:00:00";"8.71";"28.35";"6.38"
"Farmwell Station MS";"May 9, 2026, 23:00:00";"8.53";"25.81";"5.74"
"Farmwell Station MS";"May 9, 2026, 22:00:00";"8.55";"23.87";"6.75"
"Farmwell Station MS";"May 9, 2026, 21:00:00";"6.55";"24.74";"4.74"
"Farmwell Station MS";"May 9, 2026, 20:00:00";"3.26";"11.46";"2.99"
"Farmwell Station MS";"May 9, 2026, 19:00:00";"3.64";"9.78";"3.12"
"Farmwell Station MS";"May 9, 2026, 18:00:00";"2.79";"5.42";"3.51"
"Farmwell Station MS";"May 9, 2026, 17:00:00";"1.15";"4.47";"3.43"
"Farmwell Station MS";"May 9, 2026, 16:00:00";"2.31";"8.54";"3.65"
"Farmwell Station MS";"May 9, 2026, 15:00:00";"3.03";"6.98";"4.43"
"Farmwell Station MS";"May 9, 2026, 14:00:00";"2.91";"8";"4.58"
"Farmwell Station MS";"May 9, 2026, 13:00:00";"2.99";"10.23";"4.26"
"Farmwell Station MS";"May 9, 2026, 12:00:00";"2.95";"12.58";"3.96"
"Farmwell Station MS";"May 9, 2026, 11:00:00";"6.47";"21.44";"3.79"
"Farmwell Station MS";"May 9, 2026, 10:00:00";"8.16";"20.85";"3.67"
"Farmwell Station MS";"May 9, 2026, 09:00:00";"7.96";"20.37";"3.03"
"Farmwell Station MS";"May 9, 2026, 08:00:00";"9.05";"20.03";"3.06"
"Farmwell Station MS";"May 9, 2026, 07:00:00";"7.87";"19.61";"2.57"
"Farmwell Station MS";"May 9, 2026, 06:00:00";"7.2";"19.32";"2.7"
"Farmwell Station MS";"May 9, 2026, 05:00:00";"7.42";"20.03";"2.65"
"Farmwell Station MS";"May 9, 2026, 04:00:00";"7.68";"20.49";"2.56"
"Farmwell Station MS";"May 9, 2026, 03:00:00";"7.83";"21.07";"2.46"
"Farmwell Station MS";"May 9, 2026, 02:00:00";"7.5";"21.49";"2.56"
"Farmwell Station MS";"May 9, 2026, 01:00:00";"7.66";"22.49";"2.39"
"Farmwell Station MS";"May 9, 2026, 00:00:00";"7.95";"23.73";"2.55"
"Farmwell Station MS";"May 8, 2026, 23:00:00";"8.49";"24.15";"2.59"
"Farmwell Station MS";"May 8, 2026, 22:00:00";"8.64";"23.32";"2.6"
"Farmwell Station MS";"May 8, 2026, 21:00:00";"7.41";"20";"2.4"
"Farmwell Station MS";"May 8, 2026, 20:00:00";"7.03";"11.83";"2.04"
"Farmwell Station MS";"May 8, 2026, 19:00:00";"4.94";"5.21";"2.1"
"Farmwell Station MS";"May 8, 2026, 18:00:00";"4.38";"5.8";"1.94"
"Farmwell Station MS";"May 8, 2026, 17:00:00";"5.18";"7.78";"2.06"
"Farmwell Station MS";"May 8, 2026, 16:00:00";"3.17";"0.78";"2.02"
"Farmwell Station MS";"May 8, 2026, 15:00:00";"3.99";"3.82";"2.21"
"Farmwell Station MS";"May 8, 2026, 14:00:00";"1.9";"0.06";"2.16"
"Farmwell Station MS";"May 8, 2026, 13:00:00";"0.97";"0.77";"2.27"
"Farmwell Station MS";"May 8, 2026, 12:00:00";"1.51";"7.34";"2.5"
"Farmwell Station MS";"May 8, 2026, 11:00:00";"1.43";"16.55";"2.49"
"Farmwell Station MS";"May 8, 2026, 10:00:00";"2.38";"25.57";"2.31"
"Farmwell Station MS";"May 8, 2026, 09:00:00";"4.76";"25.51";"2.45"
"Farmwell Station MS";"May 8, 2026, 08:00:00";"7.7";"24.65";"2.59"
"Farmwell Station MS";"May 8, 2026, 07:00:00";"8.63";"23.51";"3.2"
"Farmwell Station MS";"May 8, 2026, 06:00:00";"7.84";"23.46";"3.57"
"Farmwell Station MS";"May 8, 2026, 05:00:00";"6.98";"24.02";"3.68"
"Farmwell Station MS";"May 8, 2026, 04:00:00";"5.82";"23.13";"3.5"
"Farmwell Station MS";"May 8, 2026, 03:00:00";"6.94";"23.65";"3.33"
"Farmwell Station MS";"May 8, 2026, 02:00:00";"6.68";"22.43";"2.74"
"Farmwell Station MS";"May 8, 2026, 01:00:00";"7.22";"22.94";"3.01"
"Farmwell Station MS";"May 8, 2026, 00:00:00";"7.75";"23.47";"4.25"
"Farmwell Station MS";"May 7, 2026, 23:00:00";"8.05";"21.95";"3.53"
"Farmwell Station MS";"May 7, 2026, 22:00:00";"8.53";"20.89";"3.33"
"Farmwell Station MS";"May 7, 2026, 21:00:00";"8.52";"21.23";"3.04"
"Farmwell Station MS";"May 7, 2026, 20:00:00";"8.19";"24.62";"3.17"
"Farmwell Station MS";"May 7, 2026, 19:00:00";"7.97";"27.25";"3.49"
"Farmwell Station MS";"May 7, 2026, 18:00:00";"14.38";"14.65";"3.81"
"Farmwell Station MS";"May 7, 2026, 17:00:00";"3.6";"0";"2.21"
"Farmwell Station MS";"May 7, 2026, 16:00:00";"4.64";"0";"2.72"
"Farmwell Station MS";"May 7, 2026, 15:00:00";"1.78";"0";"2.76"
"Farmwell Station MS";"May 7, 2026, 14:00:00";"0.79";"0";"3.03"
"Farmwell Station MS";"May 7, 2026, 13:00:00";"1.18";"4.86";"3.15"
"Farmwell Station MS";"May 7, 2026, 12:00:00";"4.21";"23.63";"3.77"
"Farmwell Station MS";"May 7, 2026, 11:00:00";"5.74";"23.19";"2.71"
"Farmwell Station MS";"May 7, 2026, 10:00:00";"5.91";"22.82";"2.98"
"Farmwell Station MS";"May 7, 2026, 09:00:00";"5.41";"23.14";"2.43"
"Farmwell Station MS";"May 7, 2026, 08:00:00";"5.56";"23.12";"2.26"
"Farmwell Station MS";"May 7, 2026, 07:00:00";"5.04";"23.69";"2.42"
"Farmwell Station MS";"May 7, 2026, 06:00:00";"4.93";"24.7";"2.83"
"Farmwell Station MS";"May 7, 2026, 05:00:00";"5";"25.72";"3.16"
"Farmwell Station MS";"May 7, 2026, 04:00:00";"5.52";"25.84";"3.99"
"Farmwell Station MS";"May 7, 2026, 03:00:00";"5.42";"24.87";"4.67"
"Farmwell Station MS";"May 7, 2026, 02:00:00";"4.9";"25.34";"7.72"
"Farmwell Station MS";"May 7, 2026, 01:00:00";"4.88";"26.68";"4.44"
"Farmwell Station MS";"May 7, 2026, 00:00:00";"4.26";"26.36";"1.91"
"Farmwell Station MS";"May 6, 2026, 23:00:00";"3.89";"25.55";"1.75"
"Farmwell Station MS";"May 6, 2026, 22:00:00";"3.51";"27.81";"2.12"
"Farmwell Station MS";"May 6, 2026, 21:00:00";"3.64";"29.75";"3.87"
"Farmwell Station MS";"May 6, 2026, 20:00:00";"3.89";"24.02";"5.52"
"Farmwell Station MS";"May 6, 2026, 19:00:00";"3.21";"17.2";"5.32"
"Farmwell Station MS";"May 6, 2026, 18:00:00";"2.72";"12.43";"5.18"
"Farmwell Station MS";"May 6, 2026, 17:00:00";"2.4";"10.63";"5.19"
"Farmwell Station MS";"May 6, 2026, 16:00:00";"2.98";"14.45";"5.25"
"Farmwell Station MS";"May 6, 2026, 15:00:00";"3.9";"18.99";"5.05"
"Farmwell Station MS";"May 6, 2026, 14:00:00";"5.15";"25.85";"4.95"
"Farmwell Station MS";"May 6, 2026, 13:00:00";"6.74";"33.56";"4.91"
"Farmwell Station MS";"May 6, 2026, 12:00:00";"8.49";"35.99";"5.35"
"Farmwell Station MS";"May 6, 2026, 11:00:00";"9.52";"35.44";"6.08"
"Farmwell Station MS";"May 6, 2026, 10:00:00";"10.47";"35.02";"5.99"
"Farmwell Station MS";"May 6, 2026, 09:00:00";"10.3";"31.99";"4.96"
"Farmwell Station MS";"May 6, 2026, 08:00:00";"8.31";"25.96";"4.62"
"Farmwell Station MS";"May 6, 2026, 07:00:00";"7.64";"22.05";"4.23"
"Farmwell Station MS";"May 6, 2026, 06:00:00";"6.96";"20.81";"4.2"
"Farmwell Station MS";"May 6, 2026, 05:00:00";"6.91";"20.1";"4.67"
"Farmwell Station MS";"May 6, 2026, 04:00:00";"7.4";"19.89";"5.09"
"Farmwell Station MS";"May 6, 2026, 03:00:00";"8.29";"19.95";"5.25"
"Farmwell Station MS";"May 6, 2026, 02:00:00";"1.92";"19.25";"5.83"
"Farmwell Station MS";"May 6, 2026, 01:00:00";"1.16";"18.23";"5.55"
"Farmwell Station MS";"May 6, 2026, 00:00:00";"2.28";"16.52";"5.09"
"Farmwell Station MS";"May 5, 2026, 23:00:00";"1.14";"9.56";"4.17"
"Farmwell Station MS";"May 5, 2026, 22:00:00";"0.46";"2.23";"3.79"
"Farmwell Station MS";"May 5, 2026, 21:00:00";"0.78";"0.02";"3.87"
"Farmwell Station MS";"May 5, 2026, 20:00:00";"0.39";"0";"3.78"
"Farmwell Station MS";"May 5, 2026, 19:00:00";"0.09";"0";"3.95"
"Farmwell Station MS";"May 5, 2026, 18:00:00";"0.04";"0";"3.6"
"Farmwell Station MS";"May 5, 2026, 17:00:00";"0.04";"0";"3.41"
"Farmwell Station MS";"May 5, 2026, 16:00:00";"0";"0";"3.55"
"Farmwell Station MS";"May 5, 2026, 15:00:00";"0";"0";"3.56"
"Farmwell Station MS";"May 5, 2026, 14:00:00";"0";"0";"3.71"
"Farmwell Station MS";"May 5, 2026, 13:00:00";"0";"0";"3.76"
"Farmwell Station MS";"May 5, 2026, 12:00:00";"0";"0.82";"3.83"
"Farmwell Station MS";"May 5, 2026, 11:00:00";"0";"7.63";"4.17"
"Farmwell Station MS";"May 5, 2026, 10:00:00";"0.18";"14.58";"4.08"
"Farmwell Station MS";"May 5, 2026, 09:00:00";"1.63";"22.93";"4.32"
"Farmwell Station MS";"May 5, 2026, 08:00:00";"3.17";"21.17";"4.09"
"Farmwell Station MS";"May 5, 2026, 07:00:00";"3.39";"19.94";"3.33"
"Farmwell Station MS";"May 5, 2026, 06:00:00";"3.14";"19.62";"3.41"
"Farmwell Station MS";"May 5, 2026, 05:00:00";"2.42";"19.56";"3.31"
"Farmwell Station MS";"May 5, 2026, 04:00:00";"2.83";"19.57";"3.31"
"Farmwell Station MS";"May 5, 2026, 03:00:00";"2.79";"19.24";"2.71"
"Farmwell Station MS";"May 5, 2026, 02:00:00";"2.32";"19.05";"2.55"
"Farmwell Station MS";"May 5, 2026, 01:00:00";"2.59";"19.23";"2.5"
"Farmwell Station MS";"May 5, 2026, 00:00:00";"2.37";"20.61";"2.66"
"Farmwell Station MS";"May 4, 2026, 23:00:00";"1.96";"21.55";"2.59"
"Farmwell Station MS";"May 4, 2026, 22:00:00";"1.74";"18.34";"2.7"
"Farmwell Station MS";"May 4, 2026, 21:00:00";"1.35";"12.76";"2.78"
"Farmwell Station MS";"May 4, 2026, 20:00:00";"1.32";"5.4";"2.7"
"Farmwell Station MS";"May 4, 2026, 19:00:00";"0.61";"0.1";"2.67"
"Farmwell Station MS";"May 4, 2026, 18:00:00";"0.14";"0";"2.65"
"Farmwell Station MS";"May 4, 2026, 17:00:00";"0";"0";"2.62"
"Farmwell Station MS";"May 4, 2026, 16:00:00";"0";"0";"2.57"
"Farmwell Station MS";"May 4, 2026, 15:00:00";"0";"0";"2.34"
"Farmwell Station MS";"May 4, 2026, 14:00:00";"0";"0";"2.53"
"Farmwell Station MS";"May 4, 2026, 13:00:00";"0";"0";"2.38"
"Farmwell Station MS";"May 4, 2026, 12:00:00";"0";"0";"2.16"
"Farmwell Station MS";"May 4, 2026, 11:00:00";"0";"8";"2.66"
"Farmwell Station MS";"May 4, 2026, 10:00:00";"0.76";"18.13";"2.79"
"Farmwell Station MS";"May 4, 2026, 09:00:00";"2.53";"17.1";"3.03"
"Farmwell Station MS";"May 4, 2026, 08:00:00";"3.85";"15.41";"3.1"
"Farmwell Station MS";"May 4, 2026, 07:00:00";"3.7";"14.42";"2.81"
"Farmwell Station MS";"May 4, 2026, 06:00:00";"3.35";"14.6";"2.7"
"Farmwell Station MS";"May 4, 2026, 05:00:00";"3.87";"14.85";"2.87"
"Farmwell Station MS";"May 4, 2026, 04:00:00";"4.6";"14.69";"2.36"
"Farmwell Station MS";"May 4, 2026, 03:00:00";"5.01";"14.6";"2.26"
"Farmwell Station MS";"May 4, 2026, 02:00:00";"5.88";"13.41";"2.36"
"Farmwell Station MS";"May 4, 2026, 01:00:00";"5.32";"13.08";"2.77"
"Farmwell Station MS";"May 4, 2026, 00:00:00";"6.8";"13.69";"3.41"
"Farmwell Station MS";"May 3, 2026, 23:00:00";"7.56";"13.64";"3.57"
"Farmwell Station MS";"May 3, 2026, 22:00:00";"5.69";"13.94";"2.66"
"Farmwell Station MS";"May 3, 2026, 21:00:00";"4.37";"12.93";"2.04"
"Farmwell Station MS";"May 3, 2026, 20:00:00";"2.21";"11.64";"1.68"
"Farmwell Station MS";"May 3, 2026, 19:00:00";"0.82";"10.66";"1.8"
"Farmwell Station MS";"May 3, 2026, 18:00:00";"0.15";"8.88";"1.8"
"Farmwell Station MS";"May 3, 2026, 17:00:00";"0.01";"7.47";"1.93"
"Farmwell Station MS";"May 3, 2026, 16:00:00";"0";"7.99";"1.85"
"Farmwell Station MS";"May 3, 2026, 15:00:00";"0.03";"11.94";"1.93"
"Farmwell Station MS";"May 3, 2026, 14:00:00";"0.04";"13.85";"1.92"
"Farmwell Station MS";"May 3, 2026, 13:00:00";"0";"14.53";"2.13"
"Farmwell Station MS";"May 3, 2026, 12:00:00";"0";"15.38";"2.29"
"Farmwell Station MS";"May 3, 2026, 11:00:00";"0.03";"16.21";"3.21"
"Farmwell Station MS";"May 3, 2026, 10:00:00";"0";"16.32";"3.33"
"Farmwell Station MS";"May 3, 2026, 09:00:00";"0.06";"16.45";"3.06"
"Farmwell Station MS";"May 3, 2026, 08:00:00";"0.18";"17.15";"2.47"
"Farmwell Station MS";"May 3, 2026, 07:00:00";"1.07";"17.33";"2.14"
"Farmwell Station MS";"May 3, 2026, 06:00:00";"1.49";"17.29";"2.36"
"Farmwell Station MS";"May 3, 2026, 05:00:00";"1.96";"16.83";"2.66"
"Farmwell Station MS";"May 3, 2026, 04:00:00";"2.49";"16.26";"3.09"
"Farmwell Station MS";"May 3, 2026, 03:00:00";"2.67";"14.04";"2.53"
"Farmwell Station MS";"May 3, 2026, 02:00:00";"3.36";"0.66";"2.96"
"Farmwell Station MS";"May 3, 2026, 01:00:00";"3.39";"0.04";"3.07"
"Farmwell Station MS";"May 3, 2026, 00:00:00";"3.2";"0";"2.77"
"Farmwell Station MS";"May 2, 2026, 23:00:00";"2.87";"0.39";"2.94"
"Farmwell Station MS";"May 2, 2026, 22:00:00";"3.2";"0.72";"3.13"
"Farmwell Station MS";"May 2, 2026, 21:00:00";"3.05";"1.29";"3.55"
"Farmwell Station MS";"May 2, 2026, 20:00:00";"2.27";"1.58";"4.23"
"Farmwell Station MS";"May 2, 2026, 19:00:00";"1.58";"2.13";"3.68"
"Farmwell Station MS";"May 2, 2026, 18:00:00";"0.68";"2.35";"3.54"
"Farmwell Station MS";"May 2, 2026, 17:00:00";"0.24";"1.62";"2.88"
"Farmwell Station MS";"May 2, 2026, 16:00:00";"0.16";"0.87";"3.33"
"Farmwell Station MS";"May 2, 2026, 15:00:00";"0.05";"1.13";"3.66"
"Farmwell Station MS";"May 2, 2026, 14:00:00";"0";"1.94";"3.73"
"Farmwell Station MS";"May 2, 2026, 13:00:00";"0";"1.63";"3.22"
"Farmwell Station MS";"May 2, 2026, 12:00:00";"0";"4.48";"3.44"
"Farmwell Station MS";"May 2, 2026, 11:00:00";"0.05";"4.34";"4.24"
"Farmwell Station MS";"May 2, 2026, 10:00:00";"0.41";"3.74";"4.5"
"Farmwell Station MS";"May 2, 2026, 09:00:00";"1.04";"3.68";"4.52"
"Farmwell Station MS";"May 2, 2026, 08:00:00";"1.53";"4.03";"3.85"
"Farmwell Station MS";"May 2, 2026, 07:00:00";"1.89";"3.99";"2.14"
"Farmwell Station MS";"May 2, 2026, 06:00:00";"1.77";"3.74";"1.08"
"Farmwell Station MS";"May 2, 2026, 05:00:00";"1.89";"3.62";"1.54"
"Farmwell Station MS";"May 2, 2026, 04:00:00";"1.98";"4.09";"1.89"
"Farmwell Station MS";"May 2, 2026, 03:00:00";"2.44";"4.06";"2.09"
"Farmwell Station MS";"May 2, 2026, 02:00:00";"2.63";"4.14";"2.08"
"Farmwell Station MS";"May 2, 2026, 01:00:00";"2.58";"4.27";"1.83"
"Farmwell Station MS";"May 2, 2026, 00:00:00";"2.97";"4.72";"1.72"
"Farmwell Station MS";"May 1, 2026, 23:00:00";"4.62";"8.32";"1.97"
"Farmwell Station MS";"May 1, 2026, 22:00:00";"4.81";"8.1";"1.67"
"Farmwell Station MS";"May 1, 2026, 21:00:00";"4.56";"6.63";"1.77"
"Farmwell Station MS";"May 1, 2026, 20:00:00";"2.82";"5.21";"1.44"
"Farmwell Station MS";"May 1, 2026, 19:00:00";"1.38";"3.75";"1.82"
"Farmwell Station MS";"May 1, 2026, 18:00:00";"0.01";"0";"1.03"
"Farmwell Station MS";"May 1, 2026, 17:00:00";"0.03";"0";"1.18"
"Farmwell Station MS";"May 1, 2026, 16:00:00";"0";"0";"1.17"
"Farmwell Station MS";"May 1, 2026, 15:00:00";"0";"0";"1.39"
"Farmwell Station MS";"May 1, 2026, 14:00:00";"0";"0";"2.36"
"Farmwell Station MS";"May 1, 2026, 13:00:00";"0";"0";"1.99"
"Farmwell Station MS";"May 1, 2026, 12:00:00";"0";"0";"2.01"
"Farmwell Station MS";"May 1, 2026, 11:00:00";"0";"3.4";"1.48"
"Farmwell Station MS";"May 1, 2026, 10:00:00";"0";"13.03";"1.6"
"Farmwell Station MS";"May 1, 2026, 09:00:00";"2.23";"10.31";"1.96"
"Farmwell Station MS";"May 1, 2026, 08:00:00";"4.32";"11.12";"2.22"
"Farmwell Station MS";"May 1, 2026, 07:00:00";"2.26";"10.51";"1.89"
"Farmwell Station MS";"May 1, 2026, 06:00:00";"1.77";"10.41";"2.62"
"Farmwell Station MS";"May 1, 2026, 05:00:00";"1.2";"10.26";"2.04"
"Farmwell Station MS";"May 1, 2026, 04:00:00";"1.99";"9.68";"1.71"
"Farmwell Station MS";"May 1, 2026, 03:00:00";"2.53";"10.64";"3.25"
"Farmwell Station MS";"May 1, 2026, 02:00:00";"2.73";"9.83";"2.13"
"Farmwell Station MS";"May 1, 2026, 01:00:00";"3.46";"9.59";"1.74"
"Farmwell Station MS";"May 1, 2026, 00:00:00";"3.02";"8.7";"2.05"
"Farmwell Station MS";"Apr 30, 2026, 23:00:00";"3.08";"7.69";"1.58"
"Farmwell Station MS";"Apr 30, 2026, 22:00:00";"2.94";"6.85";"1.55"
"Farmwell Station MS";"Apr 30, 2026, 21:00:00";"2.48";"7.71";"1.12"
"Farmwell Station MS";"Apr 30, 2026, 20:00:00";"1.92";"9.88";"1.22"
"Farmwell Station MS";"Apr 30, 2026, 19:00:00";"1.05";"12.58";"0.82"
"Farmwell Station MS";"Apr 30, 2026, 18:00:00";"0.24";"10.79";"1.35"
"Farmwell Station MS";"Apr 30, 2026, 17:00:00";"0.14";"2.04";"1.6"
"Farmwell Station MS";"Apr 30, 2026, 16:00:00";"0.02";"0.08";"1.51"
"Farmwell Station MS";"Apr 30, 2026, 15:00:00";"0";"0.01";"1.67"
"Farmwell Station MS";"Apr 30, 2026, 14:00:00";"0";"1.94";"1.7"
"Farmwell Station MS";"Apr 30, 2026, 13:00:00";"0";"8.29";"1.84"
"Farmwell Station MS";"Apr 30, 2026, 12:00:00";"0";"14.41";"2.34"
"Farmwell Station MS";"Apr 30, 2026, 11:00:00";"0";"19.46";"3.36"
"Farmwell Station MS";"Apr 30, 2026, 10:00:00";"0";"19.92";"4.06"
"Farmwell Station MS";"Apr 30, 2026, 09:00:00";"0.45";"19.13";"4.75"
"Farmwell Station MS";"Apr 30, 2026, 08:00:00";"0.71";"20.2";"6.53"
"Farmwell Station MS";"Apr 30, 2026, 07:00:00";"0.26";"19.33";"6.43"
"Farmwell Station MS";"Apr 30, 2026, 06:00:00";"0";"19.96";"7.53"
"Farmwell Station MS";"Apr 30, 2026, 05:00:00";"0";"21.2";"5.12"
"Farmwell Station MS";"Apr 30, 2026, 04:00:00";"0";"22.58";"5.03"
"Farmwell Station MS";"Apr 30, 2026, 03:00:00";"0";"25.73";"0"
"Farmwell Station MS";"Apr 30, 2026, 02:00:00";"0.09";"26.22";"0"
"Farmwell Station MS";"Apr 30, 2026, 01:00:00";"0.55";"25.82";"0"
"Farmwell Station MS";"Apr 30, 2026, 00:00:00";"1.73";"26.05";"0"
"Farmwell Station MS";"Apr 29, 2026, 23:00:00";"1.4";"25.42";"5.64"
"Farmwell Station MS";"Apr 29, 2026, 22:00:00";"3.03";"26.03";"9.62"
"Farmwell Station MS";"Apr 29, 2026, 21:00:00";"2.79";"25.64";"10.76"
"Farmwell Station MS";"Apr 29, 2026, 20:00:00";"2.86";"24.62";"9.67"
"Farmwell Station MS";"Apr 29, 2026, 19:00:00";"4.08";"23.45";"12.11"
"Farmwell Station MS";"Apr 29, 2026, 18:00:00";"4.02";"21.65";"14.38"
"Farmwell Station MS";"Apr 29, 2026, 17:00:00";"4.45";"19.55";"11.8"
"Farmwell Station MS";"Apr 29, 2026, 16:00:00";"5.24";"18.63";"11.42"
"Farmwell Station MS";"Apr 29, 2026, 15:00:00";"4.73";"16.95";"11.74"
"Farmwell Station MS";"Apr 29, 2026, 14:00:00";"4.12";"14.55";"10.21"
"Farmwell Station MS";"Apr 29, 2026, 13:00:00";"3.78";"12.93";"7.77"
"Farmwell Station MS";"Apr 29, 2026, 12:00:00";"3.28";"11.66";"5.51"
"Farmwell Station MS";"Apr 29, 2026, 11:00:00";"4.42";"10.56";"3.97"
"Farmwell Station MS";"Apr 29, 2026, 10:00:00";"5.77";"10.92";"5.76"
"Farmwell Station MS";"Apr 29, 2026, 09:00:00";"5.46";"10.83";"3.58"
"Farmwell Station MS";"Apr 29, 2026, 08:00:00";"5.24";"10.48";"3.67"
"Farmwell Station MS";"Apr 29, 2026, 07:00:00";"2.81";"10.59";"3.26"
"Farmwell Station MS";"Apr 29, 2026, 06:00:00";"1.29";"11.11";"2.88"
"Farmwell Station MS";"Apr 29, 2026, 05:00:00";"0.67";"11.3";"2.54"
"Farmwell Station MS";"Apr 29, 2026, 04:00:00";"0.31";"11.81";"2.23"
"Farmwell Station MS";"Apr 29, 2026, 03:00:00";"0.05";"13.89";"4.28"
"Farmwell Station MS";"Apr 29, 2026, 02:00:00";"0.16";"14.89";"8.95"
"Farmwell Station MS";"Apr 29, 2026, 01:00:00";"0.91";"14.27";"9.1"
"Farmwell Station MS";"Apr 29, 2026, 00:00:00";"1.87";"13.4";"8.08"
"Farmwell Station MS";"Apr 28, 2026, 23:00:00";"0.36";"13.12";"6.58"
"Farmwell Station MS";"Apr 28, 2026, 22:00:00";"0.26";"12.68";"7.09"
"Farmwell Station MS";"Apr 28, 2026, 21:00:00";"0.66";"11.96";"7.63"
"Farmwell Station MS";"Apr 28, 2026, 20:00:00";"0.73";"11.18";"7.71"
"Farmwell Station MS";"Apr 28, 2026, 19:00:00";"1.34";"10.26";"6.41"
"Farmwell Station MS";"Apr 28, 2026, 18:00:00";"0.59";"9.81";"5.43"
"Farmwell Station MS";"Apr 28, 2026, 17:00:00";"1.49";"9.19";"4.93"
"Farmwell Station MS";"Apr 28, 2026, 16:00:00";"2.03";"11.54";"3.08"
"Farmwell Station MS";"Apr 28, 2026, 15:00:00";"1.63";"10.78";"3.04"
"Farmwell Station MS";"Apr 28, 2026, 14:00:00";"3.19";"9.73";"2.54"
"Farmwell Station MS";"Apr 28, 2026, 13:00:00";"5.09";"9.23";"2.01"
"Farmwell Station MS";"Apr 28, 2026, 12:00:00";"5.5";"9.63";"2.04"
"Farmwell Station MS";"Apr 28, 2026, 11:00:00";"5.21";"9.67";"2.01"
"Farmwell Station MS";"Apr 28, 2026, 10:00:00";"2.75";"8.75";"2.27"
"Farmwell Station MS";"Apr 28, 2026, 09:00:00";"4.51";"8.81";"2.4"
"Farmwell Station MS";"Apr 28, 2026, 08:00:00";"5.49";"9.33";"2.43"
"Farmwell Station MS";"Apr 28, 2026, 07:00:00";"3.2";"9.28";"2.11"
"Farmwell Station MS";"Apr 28, 2026, 06:00:00";"3.13";"9.53";"2.29"
"Farmwell Station MS";"Apr 28, 2026, 05:00:00";"3";"9.17";"1.99"
"Farmwell Station MS";"Apr 28, 2026, 04:00:00";"3.25";"9.18";"1.98"
"Farmwell Station MS";"Apr 28, 2026, 03:00:00";"2.83";"8.82";"2.29"
"Farmwell Station MS";"Apr 28, 2026, 02:00:00";"3.8";"8.5";"2.32"
"Farmwell Station MS";"Apr 28, 2026, 01:00:00";"4.65";"8.8";"2.25"
"Farmwell Station MS";"Apr 28, 2026, 00:00:00";"3.96";"10.28";"2.12"
"Farmwell Station MS";"Apr 27, 2026, 23:00:00";"5.77";"11.04";"2.81"
"Farmwell Station MS";"Apr 27, 2026, 22:00:00";"4.66";"11.21";"2.76"
"Farmwell Station MS";"Apr 27, 2026, 21:00:00";"5.1";"12.74";"2.82"
"Farmwell Station MS";"Apr 27, 2026, 20:00:00";"3.74";"11.25";"2.5"
"Farmwell Station MS";"Apr 27, 2026, 19:00:00";"2.68";"1.47";"3.42"
"Farmwell Station MS";"Apr 27, 2026, 18:00:00";"1.43";"0";"3.8"
"Farmwell Station MS";"Apr 27, 2026, 17:00:00";"0.41";"0";"3.69"
"Farmwell Station MS";"Apr 27, 2026, 16:00:00";"0";"0";"2.73"
"Farmwell Station MS";"Apr 27, 2026, 15:00:00";"0.07";"0";"2.29"
"Farmwell Station MS";"Apr 27, 2026, 14:00:00";"0";"0";"2.11"
"Farmwell Station MS";"Apr 27, 2026, 13:00:00";"0";"0";"2.2"
"Farmwell Station MS";"Apr 27, 2026, 12:00:00";"0";"0.62";"2.19"
"Farmwell Station MS";"Apr 27, 2026, 11:00:00";"0";"13.26";"2.58"
"Farmwell Station MS";"Apr 27, 2026, 10:00:00";"2.51";"17.91";"3.21"
"Farmwell Station MS";"Apr 27, 2026, 09:00:00";"4.91";"15.57";"6.1"
"Farmwell Station MS";"Apr 27, 2026, 08:00:00";"2.51";"13.31";"10.74"
"Farmwell Station MS";"Apr 27, 2026, 07:00:00";"0.89";"11.65";"16.49"
"Farmwell Station MS";"Apr 27, 2026, 06:00:00";"0.71";"11.68";"15.86"
"Farmwell Station MS";"Apr 27, 2026, 05:00:00";"0.14";"12.19";"15.75"
"Farmwell Station MS";"Apr 27, 2026, 04:00:00";"0.59";"11.84";"15.95"
"Farmwell Station MS";"Apr 27, 2026, 03:00:00";"0.85";"12.35";"10.25"
"Farmwell Station MS";"Apr 27, 2026, 02:00:00";"1.28";"12.33";"7.39"
"Farmwell Station MS";"Apr 27, 2026, 01:00:00";"0.75";"11.89";"4.47"
"Farmwell Station MS";"Apr 27, 2026, 00:00:00";"0.63";"10.33";"2.72"
"Farmwell Station MS";"Apr 26, 2026, 23:00:00";"0.56";"10.09";"2.12"
"Farmwell Station MS";"Apr 26, 2026, 22:00:00";"1.08";"9.82";"2.17"
"Farmwell Station MS";"Apr 26, 2026, 21:00:00";"1.26";"9.74";"2.24"
"Farmwell Station MS";"Apr 26, 2026, 20:00:00";"1.49";"9.54";"2.46"
"Farmwell Station MS";"Apr 26, 2026, 19:00:00";"0.99";"9.61";"2.25"
"Farmwell Station MS";"Apr 26, 2026, 18:00:00";"0.62";"10.04";"1.92"
"Farmwell Station MS";"Apr 26, 2026, 17:00:00";"0.13";"10.64";"1.92"
"Farmwell Station MS";"Apr 26, 2026, 16:00:00";"0.17";"11.69";"1.47"
"Farmwell Station MS";"Apr 26, 2026, 15:00:00";"0.06";"11.33";"1.65"
"Farmwell Station MS";"Apr 26, 2026, 14:00:00";"0.11";"11.78";"2.95"
"Farmwell Station MS";"Apr 26, 2026, 13:00:00";"0.05";"11.36";"5.87"
"Farmwell Station MS";"Apr 26, 2026, 12:00:00";"0.03";"12.11";"4.75"
"Farmwell Station MS";"Apr 26, 2026, 11:00:00";"0.12";"12.75";"5.35"
"Farmwell Station MS";"Apr 26, 2026, 10:00:00";"0.16";"12.62";"3.75"
"Farmwell Station MS";"Apr 26, 2026, 09:00:00";"0";"12.71";"2.2"
"Farmwell Station MS";"Apr 26, 2026, 08:00:00";"0.01";"12.58";"1.13"
"Farmwell Station MS";"Apr 26, 2026, 07:00:00";"0";"12.39";"0.93"
"Farmwell Station MS";"Apr 26, 2026, 06:00:00";"0";"12.62";"1.49"
"Farmwell Station MS";"Apr 26, 2026, 05:00:00";"0";"12.54";"2.06"
"Farmwell Station MS";"Apr 26, 2026, 04:00:00";"0";"12.48";"1.89"
"Farmwell Station MS";"Apr 26, 2026, 03:00:00";"0";"12.45";"1.53"
"Farmwell Station MS";"Apr 26, 2026, 02:00:00";"0";"12.42";"1.55"
"Farmwell Station MS";"Apr 26, 2026, 01:00:00";"0";"12.49";"2.61"
"Farmwell Station MS";"Apr 26, 2026, 00:00:00";"0.1";"12.94";"9.99"
"Farmwell Station MS";"Apr 25, 2026, 23:00:00";"0.54";"12.96";"15.5"
"Farmwell Station MS";"Apr 25, 2026, 22:00:00";"0.84";"12.87";"8.89"
"Farmwell Station MS";"Apr 25, 2026, 21:00:00";"1.04";"12.94";"9.44"
"Farmwell Station MS";"Apr 25, 2026, 20:00:00";"1.45";"12.61";"10.04"
"Farmwell Station MS";"Apr 25, 2026, 19:00:00";"1.47";"12.42";"10.53"
"Farmwell Station MS";"Apr 25, 2026, 18:00:00";"1.38";"12.45";"10.81"
"Farmwell Station MS";"Apr 25, 2026, 17:00:00";"0.86";"11.52";"9.12"
"Farmwell Station MS";"Apr 25, 2026, 16:00:00";"0.16";"11.59";"8.56"
"Farmwell Station MS";"Apr 25, 2026, 15:00:00";"0";"13.27";"10.98"
"Farmwell Station MS";"Apr 25, 2026, 14:00:00";"0.04";"13.23";"11.91"
"Farmwell Station MS";"Apr 25, 2026, 13:00:00";"0.38";"12.34";"12.14"
"Farmwell Station MS";"Apr 25, 2026, 12:00:00";"0.62";"11.9";"12.34"
"Farmwell Station MS";"Apr 25, 2026, 11:00:00";"1.03";"12.09";"11.79"
"Farmwell Station MS";"Apr 25, 2026, 10:00:00";"1.23";"12.07";"10.97"
"Farmwell Station MS";"Apr 25, 2026, 09:00:00";"1.14";"12.13";"9.92"
"Farmwell Station MS";"Apr 25, 2026, 08:00:00";"1.21";"12.69";"9.73"
"Farmwell Station MS";"Apr 25, 2026, 07:00:00";"0.2";"12.32";"6.12"
"Farmwell Station MS";"Apr 25, 2026, 06:00:00";"0.14";"13.12";"6.18"
"Farmwell Station MS";"Apr 25, 2026, 05:00:00";"0.99";"13.2";"5.96"
"Farmwell Station MS";"Apr 25, 2026, 04:00:00";"1.24";"13.2";"6.23"
"Farmwell Station MS";"Apr 25, 2026, 03:00:00";"1.34";"13.35";"5.46"
"Farmwell Station MS";"Apr 25, 2026, 02:00:00";"1.7";"13.95";"6.11"
"Farmwell Station MS";"Apr 25, 2026, 01:00:00";"2.54";"13.36";"6.4"
"Farmwell Station MS";"Apr 25, 2026, 00:00:00";"2.63";"12.26";"5.6"
"Farmwell Station MS";"Apr 24, 2026, 23:00:00";"2.47";"12.86";"5.56"
"Farmwell Station MS";"Apr 24, 2026, 22:00:00";"2.32";"13.73";"4.91"
"Farmwell Station MS";"Apr 24, 2026, 21:00:00";"1.51";"12.58";"4.85"
"Farmwell Station MS";"Apr 24, 2026, 20:00:00";"1.53";"7.36";"5.1"
"Farmwell Station MS";"Apr 24, 2026, 19:00:00";"0.16";"3.59";"4.83"
"Farmwell Station MS";"Apr 24, 2026, 18:00:00";"0";"0";"6.05"
"Farmwell Station MS";"Apr 24, 2026, 17:00:00";"0";"0";"6.03"
"Farmwell Station MS";"Apr 24, 2026, 16:00:00";"0.76";"3.75";"6.38"
"Farmwell Station MS";"Apr 24, 2026, 15:00:00";"0";"0";"7.53"
"Farmwell Station MS";"Apr 24, 2026, 14:00:00";"0";"0";"6.13"
"Farmwell Station MS";"Apr 24, 2026, 13:00:00";"0";"0";"5.69"
"Farmwell Station MS";"Apr 24, 2026, 12:00:00";"0";"0";"6.14"
"Farmwell Station MS";"Apr 24, 2026, 11:00:00";"0";"0";"5.44"
"Farmwell Station MS";"Apr 24, 2026, 10:00:00";"0.25";"3.05";"5.23"
"Farmwell Station MS";"Apr 24, 2026, 09:00:00";"2.71";"10.7";"5.08"
"Farmwell Station MS";"Apr 24, 2026, 08:00:00";"5";"13.87";"4.15"
"Farmwell Station MS";"Apr 24, 2026, 07:00:00";"3.43";"13.05";"5.16"
"Farmwell Station MS";"Apr 24, 2026, 06:00:00";"1.03";"11.38";"3.89"
"Farmwell Station MS";"Apr 24, 2026, 05:00:00";"0";"10.9";"3.86"
"Farmwell Station MS";"Apr 24, 2026, 04:00:00";"0";"10.9";"3.61"
"Farmwell Station MS";"Apr 24, 2026, 03:00:00";"0.05";"11.1";"3.64"
"Farmwell Station MS";"Apr 24, 2026, 02:00:00";"0.15";"11.91";"3.98"
"Farmwell Station MS";"Apr 24, 2026, 01:00:00";"1.36";"15.71";"7"
"Farmwell Station MS";"Apr 24, 2026, 00:00:00";"3.41";"15.09";"7.6"
"Farmwell Station MS";"Apr 23, 2026, 23:00:00";"3.05";"13.26";"4.71"
"Farmwell Station MS";"Apr 23, 2026, 22:00:00";"1.99";"14.01";"4.93"
"Farmwell Station MS";"Apr 23, 2026, 21:00:00";"2.16";"5.83";"5.13"
"Farmwell Station MS";"Apr 23, 2026, 20:00:00";"0";"0";"3.66"
"Farmwell Station MS";"Apr 23, 2026, 19:00:00";"0";"0";"2.95"
"Farmwell Station MS";"Apr 23, 2026, 18:00:00";"0";"0";"2.83"
"Farmwell Station MS";"Apr 23, 2026, 17:00:00";"0";"0";"3.71"
"Farmwell Station MS";"Apr 23, 2026, 16:00:00";"0";"0";"3.84"
"Farmwell Station MS";"Apr 23, 2026, 15:00:00";"0";"0";"4.6"
"Farmwell Station MS";"Apr 23, 2026, 14:00:00";"0";"0";"5.06"
"Farmwell Station MS";"Apr 23, 2026, 13:00:00";"0";"0";"5.23"
"Farmwell Station MS";"Apr 23, 2026, 12:00:00";"0";"0";"4.79"
"Farmwell Station MS";"Apr 23, 2026, 11:00:00";"0";"0";"4.11"
"Farmwell Station MS";"Apr 23, 2026, 10:00:00";"0";"0.7";"4.38"
"Farmwell Station MS";"Apr 23, 2026, 09:00:00";"3.28";"9.89";"5.16"
"Farmwell Station MS";"Apr 23, 2026, 08:00:00";"5.75";"13.24";"5.56"
"Farmwell Station MS";"Apr 23, 2026, 07:00:00";"3.94";"11.5";"6.34"
"Farmwell Station MS";"Apr 23, 2026, 06:00:00";"0.45";"10.97";"7.01"
"Farmwell Station MS";"Apr 23, 2026, 05:00:00";"0.12";"8.91";"5.96"
"Farmwell Station MS";"Apr 23, 2026, 04:00:00";"0.3";"6.18";"5.06"
"Farmwell Station MS";"Apr 23, 2026, 03:00:00";"0.55";"4.93";"4.89"
"Farmwell Station MS";"Apr 23, 2026, 02:00:00";"0.2";"4.8";"4.88"
"Farmwell Station MS";"Apr 23, 2026, 01:00:00";"0.1";"4.89";"4.65"
"Farmwell Station MS";"Apr 23, 2026, 00:00:00";"0.39";"5.89";"4.7"
"Farmwell Station MS";"Apr 22, 2026, 23:00:00";"0.65";"6.31";"5.08"
"Farmwell Station MS";"Apr 22, 2026, 22:00:00";"0.77";"7.34";"5.52"
"Farmwell Station MS";"Apr 22, 2026, 21:00:00";"0.17";"4.77";"5.16"
"Farmwell Station MS";"Apr 22, 2026, 20:00:00";"0";"0";"4.1"
"Farmwell Station MS";"Apr 22, 2026, 19:00:00";"0";"0";"4.45"
"Farmwell Station MS";"Apr 22, 2026, 18:00:00";"0";"0";"4.41"
"Farmwell Station MS";"Apr 22, 2026, 17:00:00";"0.19";"0";"4.52"
"Farmwell Station MS";"Apr 22, 2026, 16:00:00";"0";"0";"4.6"
"Farmwell Station MS";"Apr 22, 2026, 15:00:00";"0";"0";"5.2"
"Farmwell Station MS";"Apr 22, 2026, 14:00:00";"0.03";"0";"4.89"
"Farmwell Station MS";"Apr 22, 2026, 13:00:00";"6.34";"1.81";"5.59"
"Farmwell Station MS";"Apr 22, 2026, 12:00:00";"8.55";"4.64";"6.37"
"Farmwell Station MS";"Apr 22, 2026, 11:00:00";"2.86";"3.03";"4.44"
"Farmwell Station MS";"Apr 22, 2026, 10:00:00";"2.5";"2.43";"4.21"
"Farmwell Station MS";"Apr 22, 2026, 09:00:00";"4.47";"0.91";"4.22"
"Farmwell Station MS";"Apr 22, 2026, 08:00:00";"3.92";"0.18";"3.76"
"Farmwell Station MS";"Apr 22, 2026, 07:00:00";"3.31";"0";"3.83"
"Farmwell Station MS";"Apr 22, 2026, 06:00:00";"2.67";"0";"3.85"
"Farmwell Station MS";"Apr 22, 2026, 05:00:00";"3.04";"0.02";"3.91"
"Farmwell Station MS";"Apr 22, 2026, 04:00:00";"2.46";"0.05";"4.73"
"Farmwell Station MS";"Apr 22, 2026, 03:00:00";"3.29";"0.13";"5.05"
"Farmwell Station MS";"Apr 22, 2026, 02:00:00";"4.23";"0.01";"4.62"
"Farmwell Station MS";"Apr 22, 2026, 01:00:00";"4.34";"0.05";"4.11"
"Farmwell Station MS";"Apr 22, 2026, 00:00:00";"4.1";"0";"3.96"
"Farmwell Station MS";"Apr 21, 2026, 23:00:00";"3.81";"0.03";"3.71"
"Farmwell Station MS";"Apr 21, 2026, 22:00:00";"3.65";"0.03";"3.17"
"Farmwell Station MS";"Apr 21, 2026, 21:00:00";"3.15";"0";"2.77"
"Farmwell Station MS";"Apr 21, 2026, 20:00:00";"1.89";"0";"2.95"
"Farmwell Station MS";"Apr 21, 2026, 19:00:00";"0.34";"0";"2.55"
"Farmwell Station MS";"Apr 21, 2026, 18:00:00";"0";"0";"2.95"
"Farmwell Station MS";"Apr 21, 2026, 17:00:00";"0";"0";"3.33"
"Farmwell Station MS";"Apr 21, 2026, 16:00:00";"0";"0";"3.78"
"Farmwell Station MS";"Apr 21, 2026, 15:00:00";"0";"0";"3.89"
"Farmwell Station MS";"Apr 21, 2026, 14:00:00";"0";"0";"3.85"
"Farmwell Station MS";"Apr 21, 2026, 13:00:00";"0";"0";"3.84"
"Farmwell Station MS";"Apr 21, 2026, 12:00:00";"0";"0.01";"3.73"
"Farmwell Station MS";"Apr 21, 2026, 11:00:00";"0.37";"1.89";"4.19"
"Farmwell Station MS";"Apr 21, 2026, 10:00:00";"1.02";"5.82";"5.46"
"Farmwell Station MS";"Apr 21, 2026, 09:00:00";"1.22";"6.61";"5.13"
"Farmwell Station MS";"Apr 21, 2026, 08:00:00";"0";"0";"4.2"
"Farmwell Station MS";"Apr 21, 2026, 07:00:00";"7.23";"3.99";"5.67"
"Farmwell Station MS";"Apr 21, 2026, 06:00:00";"6.49";"4.39";"3.17"
"Farmwell Station MS";"Apr 21, 2026, 05:00:00";"3.83";"4.01";"3.39"
"Farmwell Station MS";"Apr 21, 2026, 04:00:00";"8.63";"3.89";"4.29"
"Farmwell Station MS";"Apr 21, 2026, 03:00:00";"9.22";"3.76";"5.77"
"Farmwell Station MS";"Apr 21, 2026, 02:00:00";"9.4";"5.4";"3.1"
"Farmwell Station MS";"Apr 21, 2026, 01:00:00";"9.41";"3.56";"2.9"
"Farmwell Station MS";"Apr 21, 2026, 00:00:00";"8.09";"0.27";"3.03"
"Farmwell Station MS";"Apr 20, 2026, 23:00:00";"4.99";"0";"2.6"
"Farmwell Station MS";"Apr 20, 2026, 22:00:00";"4.03";"0";"2.97"
"Farmwell Station MS";"Apr 20, 2026, 21:00:00";"2.92";"0";"3.38"
"Farmwell Station MS";"Apr 20, 2026, 20:00:00";"1.46";"0";"2.94"
"Farmwell Station MS";"Apr 20, 2026, 19:00:00";"0.41";"0";"3.09"
"Farmwell Station MS";"Apr 20, 2026, 18:00:00";"0.07";"0";"2.78"
"Farmwell Station MS";"Apr 20, 2026, 17:00:00";"0";"0.04";"2.27"
"Farmwell Station MS";"Apr 20, 2026, 16:00:00";"0.01";"0.58";"2.1"
"Farmwell Station MS";"Apr 20, 2026, 15:00:00";"0";"2.33";"2.21"
"Farmwell Station MS";"Apr 20, 2026, 14:00:00";"0.08";"5.23";"2.7"
"Farmwell Station MS";"Apr 20, 2026, 13:00:00";"0.6";"5.61";"3.21"
"Farmwell Station MS";"Apr 20, 2026, 12:00:00";"1.41";"6.52";"3.8"
"Farmwell Station MS";"Apr 20, 2026, 11:00:00";"2.2";"5.56";"4.26"
"Farmwell Station MS";"Apr 20, 2026, 10:00:00";"0.62";"6.87";"4.04"
"Farmwell Station MS";"Apr 20, 2026, 09:00:00";"1.42";"6.44";"3.92"
"Farmwell Station MS";"Apr 20, 2026, 08:00:00";"1.77";"6.44";"3.32"
"Farmwell Station MS";"Apr 20, 2026, 07:00:00";"1.4";"6.67";"2.74"
"Farmwell Station MS";"Apr 20, 2026, 06:00:00";"1.14";"7.13";"2.34"
"Farmwell Station MS";"Apr 20, 2026, 05:00:00";"1.29";"8.48";"2.78"
"Farmwell Station MS";"Apr 20, 2026, 04:00:00";"0.12";"9.78";"2.45"
"Farmwell Station MS";"Apr 20, 2026, 03:00:00";"1.6";"9.86";"2.51"
"Farmwell Station MS";"Apr 20, 2026, 02:00:00";"4.45";"9.45";"2.84"
"Farmwell Station MS";"Apr 20, 2026, 01:00:00";"5.88";"9.6";"3.02"
"Farmwell Station MS";"Apr 20, 2026, 00:00:00";"4.47";"8.61";"3.21"
"Farmwell Station MS";"Apr 19, 2026, 23:00:00";"3.43";"6.43";"2.71"
"Farmwell Station MS";"Apr 19, 2026, 22:00:00";"1.12";"5.33";"2.46"
"Farmwell Station MS";"Apr 19, 2026, 21:00:00";"0.01";"5.29";"2.38"
"Farmwell Station MS";"Apr 19, 2026, 20:00:00";"0";"4.66";"2.41"
"Farmwell Station MS";"Apr 19, 2026, 19:00:00";"0";"4.52";"2.64"
"Farmwell Station MS";"Apr 19, 2026, 18:00:00";"0";"5.63";"2.56"
"Farmwell Station MS";"Apr 19, 2026, 17:00:00";"0";"8.96";"2.84"
"Farmwell Station MS";"Apr 19, 2026, 16:00:00";"0";"12.2";"2.93"
"Farmwell Station MS";"Apr 19, 2026, 15:00:00";"0";"14.67";"3.22"
"Farmwell Station MS";"Apr 19, 2026, 14:00:00";"0.01";"15.39";"2.95"
"Farmwell Station MS";"Apr 19, 2026, 13:00:00";"0";"13.93";"2.6"
"Farmwell Station MS";"Apr 19, 2026, 12:00:00";"0";"14.42";"2.3"
"Farmwell Station MS";"Apr 19, 2026, 11:00:00";"0";"13.97";"2.61"
"Farmwell Station MS";"Apr 19, 2026, 10:00:00";"0";"13.77";"3.66"
"Farmwell Station MS";"Apr 19, 2026, 09:00:00";"0";"13.73";"2.82"
"Farmwell Station MS";"Apr 19, 2026, 08:00:00";"0";"13.85";"1.84"
"Farmwell Station MS";"Apr 19, 2026, 07:00:00";"0";"14.19";"1.2"
"Farmwell Station MS";"Apr 19, 2026, 06:00:00";"0";"19.88";"9.59"
"Farmwell Station MS";"Apr 19, 2026, 05:00:00";"0";"23.89";"20.69"
"Farmwell Station MS";"Apr 19, 2026, 04:00:00";"0";"22.23";"14.19"
"Farmwell Station MS";"Apr 19, 2026, 03:00:00";"0";"21.57";"11.16"
"Farmwell Station MS";"Apr 19, 2026, 02:00:00";"0";"20.08";"9.73"
"Farmwell Station MS";"Apr 19, 2026, 01:00:00";"0";"19.21";"8.73"
"Farmwell Station MS";"Apr 19, 2026, 00:00:00";"0";"15.62";"7"
"Farmwell Station MS";"Apr 18, 2026, 23:00:00";"0";"12.23";"6.83"
"Farmwell Station MS";"Apr 18, 2026, 22:00:00";"0";"9.01";"6.68"
"Farmwell Station MS";"Apr 18, 2026, 21:00:00";"0";"4.86";"6.96"
"Farmwell Station MS";"Apr 18, 2026, 20:00:00";"0";"1.91";"6.65"
"Farmwell Station MS";"Apr 18, 2026, 19:00:00";"0";"2.26";"6.87"
"Farmwell Station MS";"Apr 18, 2026, 18:00:00";"0";"1.1";"7.12"
"Farmwell Station MS";"Apr 18, 2026, 17:00:00";"0";"0";"6.71"
"Farmwell Station MS";"Apr 18, 2026, 16:00:00";"0";"0";"4.29"
"Farmwell Station MS";"Apr 18, 2026, 15:00:00";"0";"0";"3.04"
"Farmwell Station MS";"Apr 18, 2026, 14:00:00";"0.32";"0";"2.82"
"Farmwell Station MS";"Apr 18, 2026, 13:00:00";"0";"0";"2.72"
"Farmwell Station MS";"Apr 18, 2026, 12:00:00";"0";"0.07";"3.42"
"Farmwell Station MS";"Apr 18, 2026, 11:00:00";"0";"7.5";"3.99"
"Farmwell Station MS";"Apr 18, 2026, 10:00:00";"0";"10.29";"4.47"
"Farmwell Station MS";"Apr 18, 2026, 09:00:00";"0";"21.48";"3.62"
"Farmwell Station MS";"Apr 18, 2026, 08:00:00";"0";"23.55";"3.62"
"Farmwell Station MS";"Apr 18, 2026, 07:00:00";"0.05";"20.97";"4.24"
"Farmwell Station MS";"Apr 18, 2026, 06:00:00";"0";"19.95";"4.52"
"Farmwell Station MS";"Apr 18, 2026, 05:00:00";"0.03";"19.98";"6.84"
"Farmwell Station MS";"Apr 18, 2026, 04:00:00";"0";"19.64";"3.51"
"Farmwell Station MS";"Apr 18, 2026, 03:00:00";"0";"18.78";"3.06"
"Farmwell Station MS";"Apr 18, 2026, 02:00:00";"0";"17.94";"2.51"
"Farmwell Station MS";"Apr 18, 2026, 01:00:00";"0.21";"19.58";"3.2"
"Farmwell Station MS";"Apr 18, 2026, 00:00:00";"0.88";"19.03";"3.92"
"Farmwell Station MS";"Apr 17, 2026, 23:00:00";"0.24";"15.23";"4.03"
"Farmwell Station MS";"Apr 17, 2026, 22:00:00";"0";"15.41";"2.3"
"Farmwell Station MS";"Apr 17, 2026, 21:00:00";"0";"12.14";"2.48"
"Farmwell Station MS";"Apr 17, 2026, 20:00:00";"0";"0.52";"1.74"
"Farmwell Station MS";"Apr 17, 2026, 19:00:00";"0";"0";"1.93"
"Farmwell Station MS";"Apr 17, 2026, 18:00:00";"0";"0";"2.12"
"Farmwell Station MS";"Apr 17, 2026, 17:00:00";"0";"0";"2.15"
"Farmwell Station MS";"Apr 17, 2026, 16:00:00";"0";"0";"2.19"
"Farmwell Station MS";"Apr 17, 2026, 15:00:00";"0";"0";"2.98"
"Farmwell Station MS";"Apr 17, 2026, 14:00:00";"0";"0";"2.06"
"Farmwell Station MS";"Apr 17, 2026, 13:00:00";"0";"0";"2.3"
"Farmwell Station MS";"Apr 17, 2026, 12:00:00";"0";"0";"2.91"
"Farmwell Station MS";"Apr 17, 2026, 11:00:00";"0";"0.32";"3.38"
"Farmwell Station MS";"Apr 17, 2026, 10:00:00";"0";"1.59";"3.93"
"Farmwell Station MS";"Apr 17, 2026, 09:00:00";"0.04";"11.84";"3.64"
"Farmwell Station MS";"Apr 17, 2026, 08:00:00";"0.06";"17.96";"4.17"
"Farmwell Station MS";"Apr 17, 2026, 07:00:00";"0.26";"19.01";"4.24"
"Farmwell Station MS";"Apr 17, 2026, 06:00:00";"0";"18.63";"3.77"
"Farmwell Station MS";"Apr 17, 2026, 05:00:00";"0";"16.09";"3.7"
"Farmwell Station MS";"Apr 17, 2026, 04:00:00";"0";"8.61";"3.59"
"Farmwell Station MS";"Apr 17, 2026, 03:00:00";"0";"5.23";"3.3"
"Farmwell Station MS";"Apr 17, 2026, 02:00:00";"0";"2.65";"3.34"
"Farmwell Station MS";"Apr 17, 2026, 01:00:00";"0";"0";"3.53"
"Farmwell Station MS";"Apr 17, 2026, 00:00:00";"0";"0";"4.77"
"Farmwell Station MS";"Apr 16, 2026, 23:00:00";"0";"0";"5.92"
"Farmwell Station MS";"Apr 16, 2026, 22:00:00";"0";"0";"5.73"
"Farmwell Station MS";"Apr 16, 2026, 21:00:00";"0";"0";"6.16"
"Farmwell Station MS";"Apr 16, 2026, 20:00:00";"0";"0";"6.48"
"Farmwell Station MS";"Apr 16, 2026, 19:00:00";"0";"0";"6.37"
"Farmwell Station MS";"Apr 16, 2026, 18:00:00";"0";"0";"5.81"
"Farmwell Station MS";"Apr 16, 2026, 17:00:00";"0";"0";"5.7"
"Farmwell Station MS";"Apr 16, 2026, 16:00:00";"0";"0";"4.97"
"Farmwell Station MS";"Apr 16, 2026, 15:00:00";"0";"0";"5.39"
"Farmwell Station MS";"Apr 16, 2026, 14:00:00";"0";"0";"5.18"
"Farmwell Station MS";"Apr 16, 2026, 13:00:00";"0";"0";"4.86"
"Farmwell Station MS";"Apr 16, 2026, 12:00:00";"0";"0";"5.21"
"Farmwell Station MS";"Apr 16, 2026, 11:00:00";"0";"0";"5.16"
"Farmwell Station MS";"Apr 16, 2026, 10:00:00";"0";"2.76";"5.74"
"Farmwell Station MS";"Apr 16, 2026, 09:00:00";"1.28";"11.81";"5.61"
"Farmwell Station MS";"Apr 16, 2026, 08:00:00";"4.99";"20.03";"5.48"
"Farmwell Station MS";"Apr 16, 2026, 07:00:00";"6.76";"17.27";"5.5"
"Farmwell Station MS";"Apr 16, 2026, 06:00:00";"0.43";"15.3";"4.95"
"Farmwell Station MS";"Apr 16, 2026, 05:00:00";"0";"14.96";"4.86"
"Farmwell Station MS";"Apr 16, 2026, 04:00:00";"0";"14.74";"4.88"
"Farmwell Station MS";"Apr 16, 2026, 03:00:00";"0";"11.54";"4.71"
"Farmwell Station MS";"Apr 16, 2026, 02:00:00";"0";"8.91";"4.51"
"Farmwell Station MS";"Apr 16, 2026, 01:00:00";"0";"7.99";"5.15"
"Farmwell Station MS";"Apr 16, 2026, 00:00:00";"0";"1.78";"5.14"
"Farmwell Station MS";"Apr 15, 2026, 23:00:00";"0";"0";"5.11"
"Farmwell Station MS";"Apr 15, 2026, 22:00:00";"0.12";"0";"5.28"
"Farmwell Station MS";"Apr 15, 2026, 21:00:00";"0.23";"0";"5.17"
"Farmwell Station MS";"Apr 15, 2026, 20:00:00";"0";"0";"4.52"
"Farmwell Station MS";"Apr 15, 2026, 19:00:00";"0";"0";"4.72"
"Farmwell Station MS";"Apr 15, 2026, 18:00:00";"0";"0";"4.59"
"Farmwell Station MS";"Apr 15, 2026, 17:00:00";"0";"0";"4.58"
"Farmwell Station MS";"Apr 15, 2026, 16:00:00";"0";"0";"4.45"
"Farmwell Station MS";"Apr 15, 2026, 15:00:00";"0";"0";"4.76"
"Farmwell Station MS";"Apr 15, 2026, 14:00:00";"0";"0";"4.92"
"Farmwell Station MS";"Apr 15, 2026, 13:00:00";"0";"1.44";"5"
"Farmwell Station MS";"Apr 15, 2026, 12:00:00";"0";"0";"5.07"
"Farmwell Station MS";"Apr 15, 2026, 11:00:00";"0";"0.93";"5.58"
"Farmwell Station MS";"Apr 15, 2026, 10:00:00";"0";"1.78";"4.9"
"Farmwell Station MS";"Apr 15, 2026, 09:00:00";"0.17";"19.55";"5.08"
"Farmwell Station MS";"Apr 15, 2026, 08:00:00";"0.02";"25.93";"6.11"
"Farmwell Station MS";"Apr 15, 2026, 07:00:00";"0.32";"24.36";"8.18"
"Farmwell Station MS";"Apr 15, 2026, 06:00:00";"0";"24";"6.9"
"Farmwell Station MS";"Apr 15, 2026, 05:00:00";"0";"23.91";"5.88"
"Farmwell Station MS";"Apr 15, 2026, 04:00:00";"0";"23.76";"6.36"
"Farmwell Station MS";"Apr 15, 2026, 03:00:00";"0";"23.16";"5.39"
"Farmwell Station MS";"Apr 15, 2026, 02:00:00";"0";"22.8";"4.86"
"Farmwell Station MS";"Apr 15, 2026, 01:00:00";"0";"18.45";"3.87"
"Farmwell Station MS";"Apr 15, 2026, 00:00:00";"0";"9.99";"3.13"
"Farmwell Station MS";"Apr 14, 2026, 23:00:00";"0";"4.28";"3.19"
"Farmwell Station MS";"Apr 14, 2026, 22:00:00";"0";"0";"5.05"
"Farmwell Station MS";"Apr 14, 2026, 21:00:00";"0";"0";"5.44"
"Farmwell Station MS";"Apr 14, 2026, 20:00:00";"0";"0";"6.22"
"Farmwell Station MS";"Apr 14, 2026, 19:00:00";"0";"0";"5.39"
"Farmwell Station MS";"Apr 14, 2026, 18:00:00";"0";"0";"4.37"
"Farmwell Station MS";"Apr 14, 2026, 17:00:00";"0";"0";"4.05"
"Farmwell Station MS";"Apr 14, 2026, 16:00:00";"0";"0";"3.94"
"Farmwell Station MS";"Apr 14, 2026, 15:00:00";"0";"0";"3.73"
"Farmwell Station MS";"Apr 14, 2026, 14:00:00";"0";"0";"3.81"
"Farmwell Station MS";"Apr 14, 2026, 13:00:00";"0";"0";"3.69"
"Farmwell Station MS";"Apr 14, 2026, 12:00:00";"0";"0";"4.22"
"Farmwell Station MS";"Apr 14, 2026, 11:00:00";"0";"3.55";"5.86"
"Farmwell Station MS";"Apr 14, 2026, 10:00:00";"3.2";"8.48";"8.23"
"Farmwell Station MS";"Apr 14, 2026, 09:00:00";"8.42";"12.6";"8.07"
"Farmwell Station MS";"Apr 14, 2026, 08:00:00";"3.18";"18.36";"5.67"
"Farmwell Station MS";"Apr 14, 2026, 07:00:00";"0.38";"18.31";"6.39"
"Farmwell Station MS";"Apr 14, 2026, 06:00:00";"0.28";"16.93";"6.31"
"Farmwell Station MS";"Apr 14, 2026, 05:00:00";"0.07";"14.36";"5.4"
"Farmwell Station MS";"Apr 14, 2026, 04:00:00";"0";"12.89";"5.28"
"Farmwell Station MS";"Apr 14, 2026, 03:00:00";"0";"12.47";"5.5"
"Farmwell Station MS";"Apr 14, 2026, 02:00:00";"0";"10.95";"5.24"
"Farmwell Station MS";"Apr 14, 2026, 01:00:00";"0";"9.97";"5.17"
"Farmwell Station MS";"Apr 14, 2026, 00:00:00";"0";"10.76";"5.14"
"Farmwell Station MS";"Apr 13, 2026, 23:00:00";"0";"9.29";"5.72"
"Farmwell Station MS";"Apr 13, 2026, 22:00:00";"0";"7.44";"6.06"
"Farmwell Station MS";"Apr 13, 2026, 21:00:00";"0";"5.69";"6"
"Farmwell Station MS";"Apr 13, 2026, 20:00:00";"0";"0.73";"6.44"
"Farmwell Station MS";"Apr 13, 2026, 19:00:00";"0";"0";"6.07"
"Farmwell Station MS";"Apr 13, 2026, 18:00:00";"0";"0";"6.7"
"Farmwell Station MS";"Apr 13, 2026, 17:00:00";"0";"0";"7.06"
"Farmwell Station MS";"Apr 13, 2026, 16:00:00";"0";"0.34";"7.53"
"Farmwell Station MS";"Apr 13, 2026, 15:00:00";"0";"0.32";"7.58"
"Farmwell Station MS";"Apr 13, 2026, 14:00:00";"0";"1.37";"8.19"
"Farmwell Station MS";"Apr 13, 2026, 13:00:00";"0";"0.2";"9.35"
"Farmwell Station MS";"Apr 13, 2026, 12:00:00";"0";"0.54";"9.12"
"Farmwell Station MS";"Apr 13, 2026, 11:00:00";"0";"0";"9.58"
"Farmwell Station MS";"Apr 13, 2026, 10:00:00";"0";"0.38";"9.57"
"Farmwell Station MS";"Apr 13, 2026, 09:00:00";"0";"7.92";"8.32"
"Farmwell Station MS";"Apr 13, 2026, 08:00:00";"1.51";"15.96";"7.46"
"Farmwell Station MS";"Apr 13, 2026, 07:00:00";"1.63";"16.84";"6.34"
"Farmwell Station MS";"Apr 13, 2026, 06:00:00";"1.04";"15.48";"5.26"
"Farmwell Station MS";"Apr 13, 2026, 05:00:00";"0.29";"13.33";"4.7"
"Farmwell Station MS";"Apr 13, 2026, 04:00:00";"0.53";"11.54";"4.22"
"Farmwell Station MS";"Apr 13, 2026, 03:00:00";"0.51";"10.22";"3.84"
"Farmwell Station MS";"Apr 13, 2026, 02:00:00";"1.14";"9.1";"3.88"
"Farmwell Station MS";"Apr 13, 2026, 01:00:00";"2.03";"7.74";"3.46"
"Farmwell Station MS";"Apr 13, 2026, 00:00:00";"2.85";"6.9";"3.11"
"Farmwell Station MS";"Apr 12, 2026, 23:00:00";"2.5";"7.46";"2.62"
"Farmwell Station MS";"Apr 12, 2026, 22:00:00";"0.59";"9.47";"2.88"
"Farmwell Station MS";"Apr 12, 2026, 21:00:00";"0.07";"11.12";"2.5"
"Farmwell Station MS";"Apr 12, 2026, 20:00:00";"0.06";"11.33";"2.49"
"Farmwell Station MS";"Apr 12, 2026, 19:00:00";"0.02";"4.76";"2.67"
"Farmwell Station MS";"Apr 12, 2026, 18:00:00";"0";"1.53";"2.52"
"Farmwell Station MS";"Apr 12, 2026, 17:00:00";"0";"0";"2.53"
"Farmwell Station MS";"Apr 12, 2026, 16:00:00";"0";"0";"2.78"
"Farmwell Station MS";"Apr 12, 2026, 15:00:00";"0";"0";"2.7"
"Farmwell Station MS";"Apr 12, 2026, 14:00:00";"0";"0";"3"
"Farmwell Station MS";"Apr 12, 2026, 13:00:00";"0";"0.08";"3.29"
"Farmwell Station MS";"Apr 12, 2026, 12:00:00";"0";"4.7";"3.71"
"Farmwell Station MS";"Apr 12, 2026, 11:00:00";"0";"12.64";"5.35"
"Farmwell Station MS";"Apr 12, 2026, 10:00:00";"0";"13.8";"5.78"
"Farmwell Station MS";"Apr 12, 2026, 09:00:00";"1.01";"10.54";"5.07"
"Farmwell Station MS";"Apr 12, 2026, 08:00:00";"0.87";"10.19";"4.36"
"Farmwell Station MS";"Apr 12, 2026, 07:00:00";"0.16";"9.1";"4.4"
"Farmwell Station MS";"Apr 12, 2026, 06:00:00";"0.04";"8.93";"5.24"
"Farmwell Station MS";"Apr 12, 2026, 05:00:00";"0";"8.26";"5.46"
"Farmwell Station MS";"Apr 12, 2026, 04:00:00";"0.51";"8.27";"4.65"
"Farmwell Station MS";"Apr 12, 2026, 03:00:00";"1.45";"9.06";"5.24"
"Farmwell Station MS";"Apr 12, 2026, 02:00:00";"1.49";"8.44";"5.16"
"Farmwell Station MS";"Apr 12, 2026, 01:00:00";"4.29";"7.83";"4.55"
"Farmwell Station MS";"Apr 12, 2026, 00:00:00";"4.34";"7.1";"5.41"
"Farmwell Station MS";"Apr 11, 2026, 23:00:00";"4.27";"6.66";"6.91"
"Farmwell Station MS";"Apr 11, 2026, 22:00:00";"2.44";"5.63";"6.3"
"Farmwell Station MS";"Apr 11, 2026, 21:00:00";"0";"7.18";"2.61"
"Farmwell Station MS";"Apr 11, 2026, 20:00:00";"0";"4.76";"2.28"
"Farmwell Station MS";"Apr 11, 2026, 19:00:00";"0";"1.51";"2.17"
"Farmwell Station MS";"Apr 11, 2026, 18:00:00";"0";"0.45";"2.17"
"Farmwell Station MS";"Apr 11, 2026, 17:00:00";"0";"0";"2.03"
"Farmwell Station MS";"Apr 11, 2026, 16:00:00";"0";"5.22";"2.66"
"Farmwell Station MS";"Apr 11, 2026, 15:00:00";"0";"0";"2.88"
"Farmwell Station MS";"Apr 11, 2026, 14:00:00";"0";"0";"4"
"Farmwell Station MS";"Apr 11, 2026, 13:00:00";"0";"0.09";"4.92"
"Farmwell Station MS";"Apr 11, 2026, 12:00:00";"0";"5.98";"4.65"
"Farmwell Station MS";"Apr 11, 2026, 11:00:00";"0";"9.96";"4.22"
"Farmwell Station MS";"Apr 11, 2026, 10:00:00";"0";"8.39";"5.52"
"Farmwell Station MS";"Apr 11, 2026, 09:00:00";"0";"7.03";"5.18"
"Farmwell Station MS";"Apr 11, 2026, 08:00:00";"0.02";"8.98";"4.01"
"Farmwell Station MS";"Apr 11, 2026, 07:00:00";"0.16";"9.89";"4.98"
"Farmwell Station MS";"Apr 11, 2026, 06:00:00";"0.24";"8.36";"5.82"
"Farmwell Station MS";"Apr 11, 2026, 05:00:00";"0.67";"6.28";"6.46"
"Farmwell Station MS";"Apr 11, 2026, 04:00:00";"2.41";"6";"7"
"Farmwell Station MS";"Apr 11, 2026, 03:00:00";"1.88";"6.02";"7.42"
"Farmwell Station MS";"Apr 11, 2026, 02:00:00";"0";"7.79";"7.68"
"Farmwell Station MS";"Apr 11, 2026, 01:00:00";"0";"8.59";"6.01"
"Farmwell Station MS";"Apr 11, 2026, 00:00:00";"0.03";"8.87";"5.96"
"Farmwell Station MS";"Apr 10, 2026, 23:00:00";"3";"9.13";"6.73"
"Farmwell Station MS";"Apr 10, 2026, 22:00:00";"2.64";"5.61";"6.72"
"Farmwell Station MS";"Apr 10, 2026, 21:00:00";"0.33";"0.43";"6.43"
"Farmwell Station MS";"Apr 10, 2026, 20:00:00";"0";"0";"5.84"
"Farmwell Station MS";"Apr 10, 2026, 19:00:00";"0.07";"0";"5.49"
"Farmwell Station MS";"Apr 10, 2026, 18:00:00";"0";"0";"4.9"
"Farmwell Station MS";"Apr 10, 2026, 17:00:00";"0";"0";"5.5"
"Farmwell Station MS";"Apr 10, 2026, 16:00:00";"0";"0";"5.78"
"Farmwell Station MS";"Apr 10, 2026, 15:00:00";"0";"0";"6.63"
"Farmwell Station MS";"Apr 10, 2026, 14:00:00";"0";"0";"7.41"
"Farmwell Station MS";"Apr 10, 2026, 13:00:00";"0";"0";"8.32"
"Farmwell Station MS";"Apr 10, 2026, 12:00:00";"0";"3.2";"10.94"
"Farmwell Station MS";"Apr 10, 2026, 11:00:00";"0.17";"9.02";"13.6"
"Farmwell Station MS";"Apr 10, 2026, 10:00:00";"1.03";"5.41";"12.97"
"Farmwell Station MS";"Apr 10, 2026, 09:00:00";"3.84";"6.28";"12.61"
"Farmwell Station MS";"Apr 10, 2026, 08:00:00";"6.38";"5.45";"11.22"
"Farmwell Station MS";"Apr 10, 2026, 07:00:00";"6.13";"4.72";"11.2"
"Farmwell Station MS";"Apr 10, 2026, 06:00:00";"3.41";"3.59";"10.7"
"Farmwell Station MS";"Apr 10, 2026, 05:00:00";"2.25";"2.85";"9.87"
"Farmwell Station MS";"Apr 10, 2026, 04:00:00";"2.11";"2.22";"9.34"
"Farmwell Station MS";"Apr 10, 2026, 03:00:00";"2.26";"1.62";"9.11"
"Farmwell Station MS";"Apr 10, 2026, 02:00:00";"3.09";"0.56";"8.58"
"Farmwell Station MS";"Apr 10, 2026, 01:00:00";"3.38";"0";"7.78"
"Farmwell Station MS";"Apr 10, 2026, 00:00:00";"2.29";"0";"6.93"
"Farmwell Station MS";"Apr 9, 2026, 23:00:00";"3.6";"0";"7.81"
"Farmwell Station MS";"Apr 9, 2026, 22:00:00";"2.31";"0";"11.43"
"Farmwell Station MS";"Apr 9, 2026, 21:00:00";"1.72";"0.01";"17.49"
"Farmwell Station MS";"Apr 9, 2026, 20:00:00";"0.07";"0.02";"6.16"
"Farmwell Station MS";"Apr 9, 2026, 19:00:00";"3.36";"0.23";"5.13"
"Farmwell Station MS";"Apr 9, 2026, 18:00:00";"12.36";"0.29";"5.22"
"Farmwell Station MS";"Apr 9, 2026, 17:00:00";"0";"0";"4.79"
"Farmwell Station MS";"Apr 9, 2026, 16:00:00";"0";"0";"4.59"
"Farmwell Station MS";"Apr 9, 2026, 15:00:00";"0";"0";"4.82"
"Farmwell Station MS";"Apr 9, 2026, 14:00:00";"0";"0";"5.2"
"Farmwell Station MS";"Apr 9, 2026, 13:00:00";"0";"0.52";"5.33"
"Farmwell Station MS";"Apr 9, 2026, 12:00:00";"0";"1.52";"6.89"
"Farmwell Station MS";"Apr 9, 2026, 11:00:00";"0.47";"1.89";"8.09"
"Farmwell Station MS";"Apr 9, 2026, 10:00:00";"2.32";"1.59";"9.57"
"Farmwell Station MS";"Apr 9, 2026, 09:00:00";"3.18";"1.24";"8.09"
"Farmwell Station MS";"Apr 9, 2026, 08:00:00";"4.25";"0.65";"6.64"
"Farmwell Station MS";"Apr 9, 2026, 07:00:00";"3.81";"0.06";"7.15"
"Farmwell Station MS";"Apr 9, 2026, 06:00:00";"3.79";"0";"6.88"
"Farmwell Station MS";"Apr 9, 2026, 05:00:00";"3.77";"0";"7.01"
"Farmwell Station MS";"Apr 9, 2026, 04:00:00";"3.24";"0";"5.74"
"Farmwell Station MS";"Apr 9, 2026, 03:00:00";"3.51";"0";"5.03"
"Farmwell Station MS";"Apr 9, 2026, 02:00:00";"4.23";"0";"6.22"
"Farmwell Station MS";"Apr 9, 2026, 01:00:00";"4.77";"0";"9.33"
"Farmwell Station MS";"Apr 9, 2026, 00:00:00";"4.78";"0";"11.04"
"Farmwell Station MS";"Apr 8, 2026, 23:00:00";"4.78";"0";"10.99"
"Farmwell Station MS";"Apr 8, 2026, 22:00:00";"3.66";"0";"9.58"
"Farmwell Station MS";"Apr 8, 2026, 21:00:00";"4.12";"0";"6.26"
"Farmwell Station MS";"Apr 8, 2026, 20:00:00";"1.91";"0";"6.74"
"Farmwell Station MS";"Apr 8, 2026, 19:00:00";"0.49";"0";"7.4"
"Farmwell Station MS";"Apr 8, 2026, 18:00:00";"0.15";"0";"7.79"
"Farmwell Station MS";"Apr 8, 2026, 17:00:00";"0";"0";"7.01"
"Farmwell Station MS";"Apr 8, 2026, 16:00:00";"0";"0";"7.68"
"Farmwell Station MS";"Apr 8, 2026, 15:00:00";"0";"0.63";"6.63"
"Farmwell Station MS";"Apr 8, 2026, 14:00:00";"0";"0";"7.81"
"Farmwell Station MS";"Apr 8, 2026, 13:00:00";"0";"0";"7.52"
"Farmwell Station MS";"Apr 8, 2026, 12:00:00";"0";"0.81";"6.34"
"Farmwell Station MS";"Apr 8, 2026, 11:00:00";"6.66";"0.73";"2.29"
"Farmwell Station MS";"Apr 8, 2026, 10:00:00";"4.68";"1.08";"4.94"
"Farmwell Station MS";"Apr 8, 2026, 09:00:00";"7.31";"0";"5.7"
"Farmwell Station MS";"Apr 8, 2026, 08:00:00";"17.21";"0";"8.37"
"Farmwell Station MS";"Apr 8, 2026, 07:00:00";"22.38";"0";"10.79"
"Farmwell Station MS";"Apr 8, 2026, 06:00:00";"13.83";"0";"4.85"
"Farmwell Station MS";"Apr 8, 2026, 05:00:00";"12.06";"0";"4.3"
"Farmwell Station MS";"Apr 8, 2026, 04:00:00";"9.61";"0";"3.97"
"Farmwell Station MS";"Apr 8, 2026, 03:00:00";"7.94";"0";"3.01"
"Farmwell Station MS";"Apr 8, 2026, 02:00:00";"7.14";"0";"2.9"
"Farmwell Station MS";"Apr 8, 2026, 01:00:00";"6.39";"0";"2.97"
"Farmwell Station MS";"Apr 8, 2026, 00:00:00";"5.78";"0";"3.14"