sep=;
"Location";"Date";"AQI";"NO2 (ppb)";"CO (ppm)";"VOCs (ppb)";"PM2.5 (µg/m³)"
"1757 Golf Club";"Sep 11, 2026, 23:00:00";"24";"7.24";"0.18";"130.01";"4.13"
"1757 Golf Club";"Sep 11, 2026, 22:00:00";"25";"9.06";"0.21";"129.19";"3.92"
"1757 Golf Club";"Sep 11, 2026, 21:00:00";"28";"8.18";"0.23";"140.11";"5.69"
"1757 Golf Club";"Sep 11, 2026, 20:00:00";"26";"3.05";"0.17";"112.77";"4.74"
"1757 Golf Club";"Sep 11, 2026, 19:00:00";"25";"1.2";"0.15";"115.31";"4.66"
"1757 Golf Club";"Sep 11, 2026, 18:00:00";"24";"0.73";"0.14";"130.55";"4.17"
"1757 Golf Club";"Sep 11, 2026, 17:00:00";"24";"0.34";"0.14";"130.49";"4.1"
"1757 Golf Club";"Sep 11, 2026, 16:00:00";"26";"0";"0.13";"127.89";"4.33"
"1757 Golf Club";"Sep 11, 2026, 15:00:00";"28";"0";"0.14";"142.79";"4.42"
"1757 Golf Club";"Sep 11, 2026, 14:00:00";"32";"0";"0.13";"165.15";"4.77"
"1757 Golf Club";"Sep 11, 2026, 13:00:00";"36";"0.12";"0.13";"204.1";"5.87"
"1757 Golf Club";"Sep 11, 2026, 12:00:00";"39";"0";"0.13";"225.44";"6.53"
"1757 Golf Club";"Sep 11, 2026, 11:00:00";"42";"1.63";"0.15";"252.48";"6.24"
"1757 Golf Club";"Sep 11, 2026, 10:00:00";"48";"4.32";"0.14";"294.43";"5.64"
"1757 Golf Club";"Sep 11, 2026, 09:00:00";"56";"6.2";"0.14";"346.76";"9.94"
"1757 Golf Club";"Sep 11, 2026, 08:00:00";"60";"10.49";"0.25";"340.99";"14.43"
"1757 Golf Club";"Sep 11, 2026, 07:00:00";"58";"9.15";"0.17";"282.5";"11.87"
"1757 Golf Club";"Sep 11, 2026, 06:00:00";"60";"4.08";"0.09";"272.11";"14.41"
"1757 Golf Club";"Sep 11, 2026, 05:00:00";"58";"4.03";"0.11";"266.85";"14.03"
"1757 Golf Club";"Sep 11, 2026, 04:00:00";"55";"4.04";"0.11";"201.57";"12.72"
"1757 Golf Club";"Sep 11, 2026, 03:00:00";"52";"2.16";"0.12";"110.21";"10.06"
"1757 Golf Club";"Sep 11, 2026, 02:00:00";"51";"1.9";"0.12";"108.72";"9.78"
"1757 Golf Club";"Sep 11, 2026, 01:00:00";"48";"1.57";"0.12";"103.81";"9.07"
"1757 Golf Club";"Sep 11, 2026, 00:00:00";"45";"2.18";"0.13";"98.7";"9.2"
"1757 Golf Club";"Sep 10, 2026, 23:00:00";"40";"2.88";"0.13";"101.38";"7.57"
"1757 Golf Club";"Sep 10, 2026, 22:00:00";"37";"2.7";"0.14";"94.65";"7.23"
"1757 Golf Club";"Sep 10, 2026, 21:00:00";"34";"3.77";"0.14";"82.62";"6.37"
"1757 Golf Club";"Sep 10, 2026, 20:00:00";"32";"3.1";"0.14";"76.2";"6.11"
"1757 Golf Club";"Sep 10, 2026, 19:00:00";"30";"2.05";"0.15";"71.41";"6.04"
"1757 Golf Club";"Sep 10, 2026, 18:00:00";"27";"0.61";"0.15";"75.75";"5.42"
"1757 Golf Club";"Sep 10, 2026, 17:00:00";"23";"0.44";"0.16";"89.59";"3.86"
"1757 Golf Club";"Sep 10, 2026, 16:00:00";"23";"0.05";"0.15";"85.78";"4.32"
"1757 Golf Club";"Sep 10, 2026, 15:00:00";"22";"0";"0.16";"98.05";"4.48"
"1757 Golf Club";"Sep 10, 2026, 14:00:00";"20";"0.12";"0.16";"109.29";"2.87"
"1757 Golf Club";"Sep 10, 2026, 13:00:00";"23";"0.21";"0.16";"113.69";"3.48"
"1757 Golf Club";"Sep 10, 2026, 12:00:00";"28";"0";"0.17";"113.13";"3.7"
"1757 Golf Club";"Sep 10, 2026, 11:00:00";"33";"5.85";"0.22";"129.48";"5.81"
"1757 Golf Club";"Sep 10, 2026, 10:00:00";"34";"13.16";"0.25";"130.19";"6.8"
"1757 Golf Club";"Sep 10, 2026, 09:00:00";"30";"16.4";"0.23";"116.26";"6.38"
"1757 Golf Club";"Sep 10, 2026, 08:00:00";"25";"18.73";"0.21";"106.93";"5.4"
"1757 Golf Club";"Sep 10, 2026, 07:00:00";"23";"8.67";"0.18";"94.62";"4.47"
"1757 Golf Club";"Sep 10, 2026, 06:00:00";"22";"4.82";"0.15";"88.48";"3.94"
"1757 Golf Club";"Sep 10, 2026, 05:00:00";"22";"4.76";"0.14";"83.14";"3.87"
"1757 Golf Club";"Sep 10, 2026, 04:00:00";"22";"4.29";"0.13";"74.99";"3.92"
"1757 Golf Club";"Sep 10, 2026, 03:00:00";"22";"4.56";"0.13";"63.91";"3.96"
"1757 Golf Club";"Sep 10, 2026, 02:00:00";"23";"4.11";"0.13";"52.42";"3.68"
"1757 Golf Club";"Sep 10, 2026, 01:00:00";"24";"3.59";"0.14";"48.76";"3.88"
"1757 Golf Club";"Sep 10, 2026, 00:00:00";"25";"6.34";"0.15";"47.49";"4.19"
"1757 Golf Club";"Sep 9, 2026, 23:00:00";"25";"7.47";"0.17";"48.17";"4.16"
"1757 Golf Club";"Sep 9, 2026, 22:00:00";"26";"8.28";"0.2";"48.32";"4.3"
"1757 Golf Club";"Sep 9, 2026, 21:00:00";"27";"6.43";"0.2";"46.66";"4.42"
"1757 Golf Club";"Sep 9, 2026, 20:00:00";"27";"6.99";"0.2";"44.84";"4.31"
"1757 Golf Club";"Sep 9, 2026, 19:00:00";"28";"4.51";"0.19";"42.96";"4.88"
"1757 Golf Club";"Sep 9, 2026, 18:00:00";"29";"1.8";"0.19";"40.41";"4.82"
"1757 Golf Club";"Sep 9, 2026, 17:00:00";"29";"0.97";"0.19";"43.97";"5.58"
"1757 Golf Club";"Sep 9, 2026, 16:00:00";"29";"0.27";"0.17";"42.36";"5.19"
"1757 Golf Club";"Sep 9, 2026, 15:00:00";"29";"0.05";"0.17";"54.18";"5.41"
"1757 Golf Club";"Sep 9, 2026, 14:00:00";"28";"0.08";"0.17";"67.26";"4.86"
"1757 Golf Club";"Sep 9, 2026, 13:00:00";"28";"0.22";"0.17";"70.74";"5.23"
"1757 Golf Club";"Sep 9, 2026, 12:00:00";"27";"0.47";"0.18";"78.49";"5.04"
"1757 Golf Club";"Sep 9, 2026, 11:00:00";"27";"1.49";"0.18";"82.72";"5.18"
"1757 Golf Club";"Sep 9, 2026, 10:00:00";"25";"5.47";"0.18";"84.72";"5.05"
"1757 Golf Club";"Sep 9, 2026, 09:00:00";"23";"7.92";"0.2";"98.22";"4.57"
"1757 Golf Club";"Sep 9, 2026, 08:00:00";"22";"12.04";"0.17";"99.72";"4.44"
"1757 Golf Club";"Sep 9, 2026, 07:00:00";"20";"9.67";"0.14";"95.67";"4.17"
"1757 Golf Club";"Sep 9, 2026, 06:00:00";"20";"5.01";"0.13";"97.63";"3.67"
"1757 Golf Club";"Sep 9, 2026, 05:00:00";"19";"5.09";"0.12";"97.71";"3.4"
"1757 Golf Club";"Sep 9, 2026, 04:00:00";"19";"4.85";"0.12";"94.31";"3.38"
"1757 Golf Club";"Sep 9, 2026, 03:00:00";"20";"6.73";"0.14";"88.37";"3.46"
"1757 Golf Club";"Sep 9, 2026, 02:00:00";"20";"8.26";"0.16";"83.94";"3.46"
"1757 Golf Club";"Sep 9, 2026, 01:00:00";"20";"10.22";"0.15";"68.44";"3.42"
"1757 Golf Club";"Sep 9, 2026, 00:00:00";"20";"14.23";"0.15";"58.71";"3.45"
"1757 Golf Club";"Sep 8, 2026, 23:00:00";"20";"9.88";"0.18";"51.09";"3.54"
"1757 Golf Club";"Sep 8, 2026, 22:00:00";"20";"9.96";"0.18";"37.23";"3.33"
"1757 Golf Club";"Sep 8, 2026, 21:00:00";"21";"8.55";"0.18";"28.57";"3.48"
"1757 Golf Club";"Sep 8, 2026, 20:00:00";"22";"9.88";"0.18";"21";"3.9"
"1757 Golf Club";"Sep 8, 2026, 19:00:00";"22";"2.16";"0.17";"19.88";"4.1"
"1757 Golf Club";"Sep 8, 2026, 18:00:00";"21";"0.86";"0.14";"20.24";"3.67"
"1757 Golf Club";"Sep 8, 2026, 17:00:00";"21";"0.32";"0.14";"26.71";"3.56"
"1757 Golf Club";"Sep 8, 2026, 16:00:00";"22";"2.06";"0.14";"36.95";"4"
"1757 Golf Club";"Sep 8, 2026, 15:00:00";"22";"0.06";"0.14";"40.44";"3.98"
"1757 Golf Club";"Sep 8, 2026, 14:00:00";"23";"0";"0.15";"50.29";"3.96"
"1757 Golf Club";"Sep 8, 2026, 13:00:00";"23";"0";"0.15";"56.85";"3.69"
"1757 Golf Club";"Sep 8, 2026, 12:00:00";"24";"0.83";"0.17";"73.52";"3.97"
"1757 Golf Club";"Sep 8, 2026, 11:00:00";"27";"4.75";"0.21";"85.17";"4.6"
"1757 Golf Club";"Sep 8, 2026, 10:00:00";"28";"11.57";"0.28";"131.77";"4.23"
"1757 Golf Club";"Sep 8, 2026, 09:00:00";"32";"8.07";"0.22";"162.73";"4.74"
"1757 Golf Club";"Sep 8, 2026, 08:00:00";"37";"6.71";"0.19";"153.08";"6.5"
"1757 Golf Club";"Sep 8, 2026, 07:00:00";"37";"4.87";"0.18";"139.88";"7.22"
"1757 Golf Club";"Sep 8, 2026, 06:00:00";"33";"3.33";"0.07";"136.91";"6.04"
"1757 Golf Club";"Sep 8, 2026, 05:00:00";"32";"3.81";"0.07";"141.73";"6.4"
"1757 Golf Club";"Sep 8, 2026, 04:00:00";"28";"4.45";"0.08";"138.96";"5.72"
"1757 Golf Club";"Sep 8, 2026, 03:00:00";"23";"5.12";"0.1";"128.33";"4.58"
"1757 Golf Club";"Sep 8, 2026, 02:00:00";"21";"5.65";"0.11";"119.29";"4.42"
"1757 Golf Club";"Sep 8, 2026, 01:00:00";"18";"5.93";"0.11";"88.32";"3.71"
"1757 Golf Club";"Sep 8, 2026, 00:00:00";"14";"4.66";"0.12";"58.97";"2.78"
"1757 Golf Club";"Sep 7, 2026, 23:00:00";"13";"6.18";"0.15";"38.44";"2.33"
"1757 Golf Club";"Sep 7, 2026, 22:00:00";"13";"9.9";"0.15";"47.47";"2.55"
"1757 Golf Club";"Sep 7, 2026, 21:00:00";"13";"8.44";"0.14";"35.84";"2.7"
"1757 Golf Club";"Sep 7, 2026, 20:00:00";"10";"4.59";"0.13";"12.04";"1.89"
"1757 Golf Club";"Sep 7, 2026, 19:00:00";"9";"1.56";"0.12";"1.31";"1.8"
"1757 Golf Club";"Sep 7, 2026, 18:00:00";"9";"0.86";"0.12";"1.15";"1.63"
"1757 Golf Club";"Sep 7, 2026, 17:00:00";"9";"1.15";"0.11";"1.56";"1.59"
"1757 Golf Club";"Sep 7, 2026, 16:00:00";"9";"0.12";"0.11";"3.78";"1.46"
"1757 Golf Club";"Sep 7, 2026, 15:00:00";"9";"0";"0.1";"8.27";"1.54"
"1757 Golf Club";"Sep 7, 2026, 14:00:00";"10";"0";"0.1";"14.56";"1.52"
"1757 Golf Club";"Sep 7, 2026, 13:00:00";"11";"0";"0.1";"24.26";"1.63"
"1757 Golf Club";"Sep 7, 2026, 12:00:00";"13";"0";"0.11";"48.84";"2.07"
"1757 Golf Club";"Sep 7, 2026, 11:00:00";"14";"0";"0.12";"62.97";"2.42"
"1757 Golf Club";"Sep 7, 2026, 10:00:00";"15";"0.96";"0.11";"90.16";"2.16"
"1757 Golf Club";"Sep 7, 2026, 09:00:00";"18";"3.58";"0.09";"107.09";"2.51"
"1757 Golf Club";"Sep 7, 2026, 08:00:00";"22";"3.54";"0.09";"109.27";"3.47"
"1757 Golf Club";"Sep 7, 2026, 07:00:00";"25";"3.76";"0.19";"109.1";"4.7"
"1757 Golf Club";"Sep 7, 2026, 06:00:00";"24";"2.76";"0.09";"110.21";"4.35"
"1757 Golf Club";"Sep 7, 2026, 05:00:00";"23";"3.38";"0.09";"121.9";"3.85"
"1757 Golf Club";"Sep 7, 2026, 04:00:00";"24";"3.78";"0.09";"127.2";"4.35"
"1757 Golf Club";"Sep 7, 2026, 03:00:00";"24";"4.5";"0.09";"122.9";"4.99"
"1757 Golf Club";"Sep 7, 2026, 02:00:00";"21";"4.84";"0.11";"125.21";"4.34"
"1757 Golf Club";"Sep 7, 2026, 01:00:00";"18";"5.87";"0.11";"104.43";"3.76"
"1757 Golf Club";"Sep 7, 2026, 00:00:00";"15";"6.38";"0.12";"86.31";"3.14"
"1757 Golf Club";"Sep 6, 2026, 23:00:00";"12";"6.8";"0.12";"67.13";"2.3"
"1757 Golf Club";"Sep 6, 2026, 22:00:00";"10";"6.47";"0.13";"43.05";"1.98"
"1757 Golf Club";"Sep 6, 2026, 21:00:00";"10";"5.36";"0.13";"30.67";"1.88"
"1757 Golf Club";"Sep 6, 2026, 20:00:00";"9";"4.72";"0.13";"13.93";"1.7"
"1757 Golf Club";"Sep 6, 2026, 19:00:00";"9";"1.37";"0.12";"2.94";"1.78"
"1757 Golf Club";"Sep 6, 2026, 18:00:00";"8";"0.47";"0.12";"4.71";"1.61"
"1757 Golf Club";"Sep 6, 2026, 17:00:00";"7";"0.01";"0.12";"7.15";"1.2"
"1757 Golf Club";"Sep 6, 2026, 16:00:00";"8";"0";"0.11";"12.69";"1.2"
"1757 Golf Club";"Sep 6, 2026, 15:00:00";"9";"0";"0.11";"20.95";"1.29"
"1757 Golf Club";"Sep 6, 2026, 14:00:00";"10";"0";"0.11";"32.16";"1.54"
"1757 Golf Club";"Sep 6, 2026, 13:00:00";"11";"0";"0.11";"46.26";"1.67"
"1757 Golf Club";"Sep 6, 2026, 12:00:00";"12";"0";"0.12";"56.21";"1.85"
"1757 Golf Club";"Sep 6, 2026, 11:00:00";"14";"0";"0.12";"74.81";"1.91"
"1757 Golf Club";"Sep 6, 2026, 10:00:00";"17";"1.19";"0.12";"107.41";"2.1"
"1757 Golf Club";"Sep 6, 2026, 09:00:00";"22";"3.87";"0.11";"126.2";"2.51"
"1757 Golf Club";"Sep 6, 2026, 08:00:00";"28";"3.76";"0.15";"133.04";"4.41"
"1757 Golf Club";"Sep 6, 2026, 07:00:00";"32";"4.14";"0.23";"133.65";"5.05"
"1757 Golf Club";"Sep 6, 2026, 06:00:00";"37";"3.2";"0.17";"142.32";"7.44"
"1757 Golf Club";"Sep 6, 2026, 05:00:00";"31";"3.52";"0.11";"145.53";"6.16"
"1757 Golf Club";"Sep 6, 2026, 04:00:00";"28";"3.66";"0.11";"142.09";"5.53"
"1757 Golf Club";"Sep 6, 2026, 03:00:00";"25";"3.95";"0.11";"132.85";"5.15"
"1757 Golf Club";"Sep 6, 2026, 02:00:00";"21";"4.07";"0.12";"114.43";"4.41"
"1757 Golf Club";"Sep 6, 2026, 01:00:00";"19";"4.32";"0.13";"92.14";"3.83"
"1757 Golf Club";"Sep 6, 2026, 00:00:00";"18";"4.17";"0.14";"61.19";"2.94"
"1757 Golf Club";"Sep 5, 2026, 23:00:00";"18";"3.08";"0.14";"49.94";"2.84"
"1757 Golf Club";"Sep 5, 2026, 22:00:00";"20";"3.37";"0.15";"62.39";"3.21"
"1757 Golf Club";"Sep 5, 2026, 21:00:00";"22";"3.22";"0.14";"72.4";"3.61"
"1757 Golf Club";"Sep 5, 2026, 20:00:00";"22";"1.71";"0.13";"79.41";"3.69"
"1757 Golf Club";"Sep 5, 2026, 19:00:00";"22";"0.19";"0.14";"80.58";"3.56"
"1757 Golf Club";"Sep 5, 2026, 18:00:00";"23";"0.3";"0.13";"89.78";"3.69"
"1757 Golf Club";"Sep 5, 2026, 17:00:00";"24";"0.21";"0.13";"100.64";"4.04"
"1757 Golf Club";"Sep 5, 2026, 16:00:00";"25";"0.18";"0.14";"103.66";"4.19"
"1757 Golf Club";"Sep 5, 2026, 15:00:00";"25";"0";"0.14";"122.4";"4.43"
"1757 Golf Club";"Sep 5, 2026, 14:00:00";"26";"0.03";"0.13";"123.09";"4.85"
"1757 Golf Club";"Sep 5, 2026, 13:00:00";"25";"0.05";"0.14";"134.83";"4.51"
"1757 Golf Club";"Sep 5, 2026, 12:00:00";"25";"0";"0.13";"135.08";"4.37"
"1757 Golf Club";"Sep 5, 2026, 11:00:00";"27";"0";"0.13";"150.98";"4.65"
"1757 Golf Club";"Sep 5, 2026, 10:00:00";"27";"0.08";"0.14";"211.27";"4.98"
"1757 Golf Club";"Sep 5, 2026, 09:00:00";"27";"1.76";"0.14";"219.4";"4.65"
"1757 Golf Club";"Sep 5, 2026, 08:00:00";"27";"3.41";"0.18";"242.53";"4.66"
"1757 Golf Club";"Sep 5, 2026, 07:00:00";"27";"3.25";"0.36";"217.22";"5.69"
"1757 Golf Club";"Sep 5, 2026, 06:00:00";"23";"1.13";"0.13";"192.9";"4.44"
"1757 Golf Club";"Sep 5, 2026, 05:00:00";"21";"1.24";"0.1";"181.23";"3.78"
"1757 Golf Club";"Sep 5, 2026, 04:00:00";"21";"1.17";"0.1";"172.76";"3.51"
"1757 Golf Club";"Sep 5, 2026, 03:00:00";"22";"0.9";"0.1";"194.85";"3.92"
"1757 Golf Club";"Sep 5, 2026, 02:00:00";"22";"1.69";"0.12";"202.1";"4.13"
"1757 Golf Club";"Sep 5, 2026, 01:00:00";"20";"3.49";"0.16";"215.65";"3.81"
"1757 Golf Club";"Sep 5, 2026, 00:00:00";"20";"7.97";"0.18";"245.48";"3.83"
"1757 Golf Club";"Sep 4, 2026, 23:00:00";"18";"9.58";"0.18";"223.89";"3.52"
"1757 Golf Club";"Sep 4, 2026, 22:00:00";"17";"9.75";"0.17";"193.16";"2.96"
"1757 Golf Club";"Sep 4, 2026, 21:00:00";"17";"6.15";"0.15";"174.63";"3.07"
"1757 Golf Club";"Sep 4, 2026, 20:00:00";"15";"8.99";"0.15";"166.5";"2.75"
"1757 Golf Club";"Sep 4, 2026, 19:00:00";"15";"7.96";"0.16";"151.97";"2.25"
"1757 Golf Club";"Sep 4, 2026, 18:00:00";"18";"9.13";"0.16";"156.12";"2.38"
"1757 Golf Club";"Sep 4, 2026, 17:00:00";"23";"5.12";"0.17";"147.66";"3.7"
"1757 Golf Club";"Sep 4, 2026, 16:00:00";"24";"0.16";"0.18";"127.35";"4.46"
"1757 Golf Club";"Sep 4, 2026, 15:00:00";"23";"0";"0.18";"118.65";"4.6"
"1757 Golf Club";"Sep 4, 2026, 14:00:00";"21";"0";"0.16";"127.05";"3.95"
"1757 Golf Club";"Sep 4, 2026, 13:00:00";"19";"0";"0.15";"127.72";"3.45"
"1757 Golf Club";"Sep 4, 2026, 12:00:00";"19";"0";"0.14";"143.91";"2.71"
"1757 Golf Club";"Sep 4, 2026, 11:00:00";"24";"0";"0.14";"165.37";"3.21"
"1757 Golf Club";"Sep 4, 2026, 10:00:00";"30";"2.05";"0.17";"276.91";"3.44"
"1757 Golf Club";"Sep 4, 2026, 09:00:00";"40";"6.94";"0.14";"385.79";"5.09"
"1757 Golf Club";"Sep 4, 2026, 08:00:00";"53";"3.71";"0.12";"419.56";"8.02"
"1757 Golf Club";"Sep 4, 2026, 07:00:00";"54";"4.37";"0.17";"423.27";"11.6"
"1757 Golf Club";"Sep 4, 2026, 06:00:00";"53";"12.46";"0.2";"439.9";"9.57"
"1757 Golf Club";"Sep 4, 2026, 05:00:00";"53";"6.68";"0.1";"418.13";"11.8"
"1757 Golf Club";"Sep 4, 2026, 04:00:00";"52";"6.52";"0.09";"381.83";"8.82"
"1757 Golf Club";"Sep 4, 2026, 03:00:00";"52";"4.78";"0.08";"375.03";"11.57"
"1757 Golf Club";"Sep 4, 2026, 02:00:00";"49";"7.37";"0.08";"319.36";"8.34"
"1757 Golf Club";"Sep 4, 2026, 01:00:00";"50";"9.29";"0.08";"273.18";"8.37"
"1757 Golf Club";"Sep 4, 2026, 00:00:00";"52";"2.72";"0.11";"208.55";"8.65"
"1757 Golf Club";"Sep 3, 2026, 23:00:00";"53";"4.46";"0.25";"291.2";"9.48"
"1757 Golf Club";"Sep 3, 2026, 22:00:00";"53";"11.13";"0.25";"270.54";"10.06"
"1757 Golf Club";"Sep 3, 2026, 21:00:00";"53";"8.44";"0.26";"229.87";"9.75"
"1757 Golf Club";"Sep 3, 2026, 20:00:00";"53";"7.93";"0.25";"192.64";"9.51"
"1757 Golf Club";"Sep 3, 2026, 19:00:00";"53";"3.77";"0.23";"148.45";"10.41"
"1757 Golf Club";"Sep 3, 2026, 18:00:00";"53";"0.34";"0.2";"115.6";"10.49"
"1757 Golf Club";"Sep 3, 2026, 17:00:00";"52";"0";"0.2";"125.47";"10.92"
"1757 Golf Club";"Sep 3, 2026, 16:00:00";"48";"0";"0.2";"149.98";"10.21"
"1757 Golf Club";"Sep 3, 2026, 15:00:00";"40";"0.32";"0.2";"169.81";"7.66"
"1757 Golf Club";"Sep 3, 2026, 14:00:00";"37";"0";"0.17";"153.28";"6.52"
"1757 Golf Club";"Sep 3, 2026, 13:00:00";"38";"0";"0.18";"201.46";"5.95"
"1757 Golf Club";"Sep 3, 2026, 12:00:00";"43";"0.57";"0.18";"243.35";"7.79"
"1757 Golf Club";"Sep 3, 2026, 11:00:00";"42";"3.98";"0.18";"276.55";"8.15"
"1757 Golf Club";"Sep 3, 2026, 10:00:00";"38";"7.08";"0.19";"317.64";"7.46"
"1757 Golf Club";"Sep 3, 2026, 09:00:00";"34";"6.35";"0.18";"358.41";"6.31"
"1757 Golf Club";"Sep 3, 2026, 08:00:00";"33";"3.67";"0.15";"401.2";"6.37"
"1757 Golf Club";"Sep 3, 2026, 07:00:00";"32";"5.2";"0.18";"379.98";"5.93"
"1757 Golf Club";"Sep 3, 2026, 06:00:00";"32";"4.05";"0.11";"301.38";"6.42"
"1757 Golf Club";"Sep 3, 2026, 05:00:00";"27";"3.98";"0.11";"267.5";"4.94"
"1757 Golf Club";"Sep 3, 2026, 04:00:00";"27";"4.03";"0.13";"262.4";"4.19"
"1757 Golf Club";"Sep 3, 2026, 03:00:00";"29";"7.82";"0.19";"276.11";"4.6"
"1757 Golf Club";"Sep 3, 2026, 02:00:00";"33";"11.11";"0.27";"306.44";"6.26"
"1757 Golf Club";"Sep 3, 2026, 01:00:00";"30";"8.88";"0.25";"283.09";"5.49"
"1757 Golf Club";"Sep 3, 2026, 00:00:00";"30";"7.99";"0.21";"235.16";"5.86"
"1757 Golf Club";"Sep 2, 2026, 23:00:00";"28";"6.63";"0.14";"179.41";"4.81"
"1757 Golf Club";"Sep 2, 2026, 22:00:00";"29";"7.42";"0.16";"203.41";"5.47"
"1757 Golf Club";"Sep 2, 2026, 21:00:00";"27";"9.13";"0.19";"216.29";"5.87"
"1757 Golf Club";"Sep 2, 2026, 20:00:00";"21";"12.14";"0.2";"163.35";"4.45"
"1757 Golf Club";"Sep 2, 2026, 19:00:00";"17";"6.4";"0.18";"112.07";"2.29"
"1757 Golf Club";"Sep 2, 2026, 18:00:00";"20";"9.5";"0.22";"145.59";"3.14"
"1757 Golf Club";"Sep 2, 2026, 17:00:00";"23";"16.51";"0.23";"155.37";"3.92"
"1757 Golf Club";"Sep 2, 2026, 16:00:00";"25";"12.63";"0.19";"142.95";"3.05"
"1757 Golf Club";"Sep 2, 2026, 15:00:00";"33";"10.68";"0.15";"127.14";"3.29"
"1757 Golf Club";"Sep 2, 2026, 14:00:00";"46";"0.09";"0.19";"114.55";"7.9"
"1757 Golf Club";"Sep 2, 2026, 13:00:00";"48";"0";"0.23";"126.03";"9.92"
"1757 Golf Club";"Sep 2, 2026, 12:00:00";"42";"0.31";"0.22";"138.11";"8.76"
"1757 Golf Club";"Sep 2, 2026, 11:00:00";"39";"0";"0.21";"156.16";"7.3"
"1757 Golf Club";"Sep 2, 2026, 10:00:00";"38";"2.88";"0.23";"201.47";"6.31"
"1757 Golf Club";"Sep 2, 2026, 09:00:00";"39";"11.91";"0.28";"249.69";"6.82"
"1757 Golf Club";"Sep 2, 2026, 08:00:00";"40";"9.23";"0.21";"264.92";"7.38"
"1757 Golf Club";"Sep 2, 2026, 07:00:00";"39";"5.97";"0.16";"225.76";"7.28"
"1757 Golf Club";"Sep 2, 2026, 06:00:00";"38";"3.84";"0.15";"195.49";"6.16"
"1757 Golf Club";"Sep 2, 2026, 05:00:00";"40";"4.88";"0.14";"185.59";"6.74"
"1757 Golf Club";"Sep 2, 2026, 04:00:00";"42";"4.88";"0.14";"155.79";"6.86"
"1757 Golf Club";"Sep 2, 2026, 03:00:00";"44";"5.27";"0.15";"145.63";"7.87"
"1757 Golf Club";"Sep 2, 2026, 02:00:00";"45";"4.75";"0.15";"115.27";"8.22"
"1757 Golf Club";"Sep 2, 2026, 01:00:00";"44";"2.77";"0.16";"80.27";"7.05"
"1757 Golf Club";"Sep 2, 2026, 00:00:00";"49";"1.56";"0.16";"73.99";"7.75"
"1757 Golf Club";"Sep 1, 2026, 23:00:00";"52";"0.96";"0.17";"80.54";"8.17"
"1757 Golf Club";"Sep 1, 2026, 22:00:00";"54";"2.64";"0.19";"97.18";"9.73"
"1757 Golf Club";"Sep 1, 2026, 21:00:00";"55";"2.81";"0.21";"96.12";"10.16"
"1757 Golf Club";"Sep 1, 2026, 20:00:00";"55";"3.97";"0.22";"96.06";"10.12"
"1757 Golf Club";"Sep 1, 2026, 19:00:00";"56";"3.3";"0.23";"96.42";"10.81"
"1757 Golf Club";"Sep 1, 2026, 18:00:00";"57";"0.66";"0.22";"81.48";"12.49"
"1757 Golf Club";"Sep 1, 2026, 17:00:00";"57";"0.05";"0.21";"81.82";"12.41"
"1757 Golf Club";"Sep 1, 2026, 16:00:00";"57";"0.93";"0.22";"108.7";"11.73"
"1757 Golf Club";"Sep 1, 2026, 15:00:00";"57";"1.67";"0.2";"113.09";"13.31"
"1757 Golf Club";"Sep 1, 2026, 14:00:00";"56";"0.16";"0.19";"119.7";"12.53"
"1757 Golf Club";"Sep 1, 2026, 13:00:00";"55";"0.17";"0.17";"126.3";"12.18"
"1757 Golf Club";"Sep 1, 2026, 12:00:00";"54";"0";"0.17";"137.27";"11.55"
"1757 Golf Club";"Sep 1, 2026, 11:00:00";"53";"0";"0.18";"158.22";"10.56"
"1757 Golf Club";"Sep 1, 2026, 10:00:00";"52";"1.26";"0.2";"202.14";"9.1"
"1757 Golf Club";"Sep 1, 2026, 09:00:00";"52";"7.9";"0.27";"300.08";"8.6"
"1757 Golf Club";"Sep 1, 2026, 08:00:00";"54";"10.8";"0.35";"333.87";"9.78"
"1757 Golf Club";"Sep 1, 2026, 07:00:00";"54";"6.96";"0.33";"321.65";"10.89"
"1757 Golf Club";"Sep 1, 2026, 06:00:00";"54";"5.41";"0.27";"294.58";"10.16"
"1757 Golf Club";"Sep 1, 2026, 05:00:00";"54";"3.5";"0.19";"294.39";"10.14"
"1757 Golf Club";"Sep 1, 2026, 04:00:00";"55";"3.38";"0.21";"301.94";"10.43"
"1757 Golf Club";"Sep 1, 2026, 03:00:00";"55";"7.15";"0.25";"290.82";"11.62"
"1757 Golf Club";"Sep 1, 2026, 02:00:00";"54";"7.37";"0.21";"244.76";"10.59"
"1757 Golf Club";"Sep 1, 2026, 01:00:00";"54";"3.59";"0.19";"232.03";"9.45"
"1757 Golf Club";"Sep 1, 2026, 00:00:00";"56";"5.89";"0.22";"247.93";"9.85"
"1757 Golf Club";"Aug 31, 2026, 23:00:00";"57";"13.45";"0.25";"261.75";"12.27"
"1757 Golf Club";"Aug 31, 2026, 22:00:00";"57";"11.27";"0.26";"248.76";"13.6"
"1757 Golf Club";"Aug 31, 2026, 21:00:00";"55";"8.7";"0.27";"218.49";"12.09"
"1757 Golf Club";"Aug 31, 2026, 20:00:00";"54";"6.65";"0.27";"179.33";"11.75"
"1757 Golf Club";"Aug 31, 2026, 19:00:00";"53";"2.97";"0.23";"173.01";"9.98"
"1757 Golf Club";"Aug 31, 2026, 18:00:00";"54";"1.66";"0.21";"166.17";"9.8"
"1757 Golf Club";"Aug 31, 2026, 17:00:00";"54";"2.34";"0.22";"179.52";"10.46"
"1757 Golf Club";"Aug 31, 2026, 16:00:00";"54";"1.93";"0.22";"178.08";"10.48"
"1757 Golf Club";"Aug 31, 2026, 15:00:00";"54";"0.45";"0.21";"160.02";"10.96"
"1757 Golf Club";"Aug 31, 2026, 14:00:00";"54";"0";"0.21";"160.67";"11.09"
"1757 Golf Club";"Aug 31, 2026, 13:00:00";"53";"0.14";"0.2";"181.32";"9.93"
"1757 Golf Club";"Aug 31, 2026, 12:00:00";"53";"0";"0.2";"223.91";"9.81"
"1757 Golf Club";"Aug 31, 2026, 11:00:00";"53";"0";"0.2";"269.98";"8.29"
"1757 Golf Club";"Aug 31, 2026, 10:00:00";"56";"0.79";"0.18";"324.39";"9.81"
"1757 Golf Club";"Aug 31, 2026, 09:00:00";"57";"2.55";"0.15";"373.63";"11.3"
"1757 Golf Club";"Aug 31, 2026, 08:00:00";"59";"4.16";"0.15";"387.25";"13.83"
"1757 Golf Club";"Aug 31, 2026, 07:00:00";"57";"4.48";"0.16";"394.54";"13.04"
"1757 Golf Club";"Aug 31, 2026, 06:00:00";"56";"1.13";"0.11";"395.02";"10.5"
"1757 Golf Club";"Aug 31, 2026, 05:00:00";"58";"0.42";"0.12";"386.88";"12.24"
"1757 Golf Club";"Aug 31, 2026, 04:00:00";"58";"2.79";"0.15";"400.01";"12.46"
"1757 Golf Club";"Aug 31, 2026, 03:00:00";"59";"3.54";"0.17";"407.76";"13.6"
"1757 Golf Club";"Aug 31, 2026, 02:00:00";"58";"5.14";"0.16";"405.32";"14.42"
"1757 Golf Club";"Aug 31, 2026, 01:00:00";"53";"10.19";"0.14";"402.47";"11.56"
"1757 Golf Club";"Aug 31, 2026, 00:00:00";"50";"11.18";"0.14";"386.85";"9.39"
"1757 Golf Club";"Aug 30, 2026, 23:00:00";"49";"10.87";"0.15";"351.23";"9.3"
"1757 Golf Club";"Aug 30, 2026, 22:00:00";"47";"12.16";"0.15";"306.72";"10.44"
"1757 Golf Club";"Aug 30, 2026, 21:00:00";"42";"8.11";"0.14";"229.85";"7.07"
"1757 Golf Club";"Aug 30, 2026, 20:00:00";"43";"9.08";"0.13";"145.82";"6.58"
"1757 Golf Club";"Aug 30, 2026, 19:00:00";"46";"9.34";"0.2";"101.87";"7.44"
"1757 Golf Club";"Aug 30, 2026, 18:00:00";"47";"0";"0.17";"94.5";"8.5"
"1757 Golf Club";"Aug 30, 2026, 17:00:00";"47";"0.57";"0.16";"101.7";"8.33"
"1757 Golf Club";"Aug 30, 2026, 16:00:00";"47";"0";"0.16";"102.97";"8.49"
"1757 Golf Club";"Aug 30, 2026, 15:00:00";"47";"0";"0.16";"118.51";"8.31"
"1757 Golf Club";"Aug 30, 2026, 14:00:00";"47";"1.39";"0.16";"160.8";"7.96"
"1757 Golf Club";"Aug 30, 2026, 13:00:00";"49";"0.64";"0.14";"152.1";"8.7"
"1757 Golf Club";"Aug 30, 2026, 12:00:00";"49";"0.26";"0.14";"175.11";"9.28"
"1757 Golf Club";"Aug 30, 2026, 11:00:00";"47";"1.38";"0.14";"218.24";"8.48"
"1757 Golf Club";"Aug 30, 2026, 10:00:00";"47";"4.48";"0.14";"260.01";"8.15"
"1757 Golf Club";"Aug 30, 2026, 09:00:00";"48";"4.4";"0.14";"281.76";"8.43"
"1757 Golf Club";"Aug 30, 2026, 08:00:00";"48";"5.75";"0.16";"289.81";"9.27"
"1757 Golf Club";"Aug 30, 2026, 07:00:00";"44";"4.87";"0.2";"250.52";"9.64"
"1757 Golf Club";"Aug 30, 2026, 06:00:00";"35";"4.15";"0.2";"205.04";"7.36"
"1757 Golf Club";"Aug 30, 2026, 05:00:00";"29";"4.46";"0.15";"179.6";"5.82"
"1757 Golf Club";"Aug 30, 2026, 04:00:00";"27";"4.48";"0.16";"151.26";"5.2"
"1757 Golf Club";"Aug 30, 2026, 03:00:00";"25";"12.06";"0.16";"107.22";"4.84"
"1757 Golf Club";"Aug 30, 2026, 02:00:00";"25";"6.17";"0.18";"76.71";"4.18"
"1757 Golf Club";"Aug 30, 2026, 01:00:00";"25";"8.28";"0.19";"69.55";"4.38"
"1757 Golf Club";"Aug 30, 2026, 00:00:00";"25";"13.93";"0.2";"59.19";"4.65"
"1757 Golf Club";"Aug 29, 2026, 23:00:00";"25";"12.84";"0.24";"50.43";"4.96"
"1757 Golf Club";"Aug 29, 2026, 22:00:00";"24";"9.04";"0.23";"39.36";"4.47"
"1757 Golf Club";"Aug 29, 2026, 21:00:00";"23";"6.62";"0.18";"31.81";"4.05"
"1757 Golf Club";"Aug 29, 2026, 20:00:00";"24";"3.71";"0.15";"17.57";"3.66"
"1757 Golf Club";"Aug 29, 2026, 19:00:00";"26";"2";"0.17";"15.25";"5.08"
"1757 Golf Club";"Aug 29, 2026, 18:00:00";"24";"1.94";"0.16";"14.71";"4.61"
"1757 Golf Club";"Aug 29, 2026, 17:00:00";"23";"1.19";"0.16";"14.51";"4.13"
"1757 Golf Club";"Aug 29, 2026, 16:00:00";"24";"0.59";"0.14";"11.91";"4.34"
"1757 Golf Club";"Aug 29, 2026, 15:00:00";"23";"0.23";"0.15";"18.68";"4.55"
"1757 Golf Club";"Aug 29, 2026, 14:00:00";"20";"0.67";"0.13";"17.64";"3.92"
"1757 Golf Club";"Aug 29, 2026, 13:00:00";"19";"0";"0.12";"16.86";"3.58"
"1757 Golf Club";"Aug 29, 2026, 12:00:00";"18";"0";"0.1";"13.88";"3.01"
"1757 Golf Club";"Aug 29, 2026, 11:00:00";"19";"0";"0.1";"22.21";"2.79"
"1757 Golf Club";"Aug 29, 2026, 10:00:00";"22";"0.46";"0.1";"50.42";"3.27"
"1757 Golf Club";"Aug 29, 2026, 09:00:00";"25";"2.91";"0.09";"89.1";"3.84"
"1757 Golf Club";"Aug 29, 2026, 08:00:00";"29";"3.42";"0.11";"98.86";"4.67"
"1757 Golf Club";"Aug 29, 2026, 07:00:00";"33";"2.37";"0.09";"104.94";"5.27"
"1757 Golf Club";"Aug 29, 2026, 06:00:00";"37";"1.99";"0.09";"110.22";"5.94"
"1757 Golf Club";"Aug 29, 2026, 05:00:00";"40";"1.28";"0.09";"113.98";"6.43"
"1757 Golf Club";"Aug 29, 2026, 04:00:00";"43";"2.19";"0.1";"136.05";"6.75"
"1757 Golf Club";"Aug 29, 2026, 03:00:00";"46";"2.82";"0.12";"161.6";"9.66"
"1757 Golf Club";"Aug 29, 2026, 02:00:00";"41";"3.36";"0.12";"158.82";"7.51"
"1757 Golf Club";"Aug 29, 2026, 01:00:00";"40";"4.32";"0.12";"180.25";"7.65"
"1757 Golf Club";"Aug 29, 2026, 00:00:00";"39";"5.82";"0.14";"181.81";"7.37"
"1757 Golf Club";"Aug 28, 2026, 23:00:00";"38";"5.67";"0.13";"138.71";"7.05"
"1757 Golf Club";"Aug 28, 2026, 22:00:00";"35";"5.44";"0.13";"97.09";"6.34"
"1757 Golf Club";"Aug 28, 2026, 21:00:00";"35";"4.98";"0.13";"71.18";"5.83"
"1757 Golf Club";"Aug 28, 2026, 20:00:00";"38";"3.17";"0.14";"59.83";"6.07"
"1757 Golf Club";"Aug 28, 2026, 19:00:00";"42";"2.16";"0.15";"62.21";"6.6"
"1757 Golf Club";"Aug 28, 2026, 18:00:00";"45";"3.17";"0.15";"68.97";"7.46"
"1757 Golf Club";"Aug 28, 2026, 17:00:00";"49";"0.94";"0.14";"53.86";"9.05"
"1757 Golf Club";"Aug 28, 2026, 16:00:00";"48";"0";"0.14";"63.08";"9.09"
"1757 Golf Club";"Aug 28, 2026, 15:00:00";"46";"0";"0.15";"93.27";"9.02"
"1757 Golf Club";"Aug 28, 2026, 14:00:00";"42";"0.23";"0.14";"99.07";"8.73"
"1757 Golf Club";"Aug 28, 2026, 13:00:00";"36";"0.03";"0.13";"105.35";"7.39"
"1757 Golf Club";"Aug 28, 2026, 12:00:00";"31";"0";"0.12";"112.69";"5.73"
"1757 Golf Club";"Aug 28, 2026, 11:00:00";"30";"0.5";"0.12";"131.23";"5.05"
"1757 Golf Club";"Aug 28, 2026, 10:00:00";"33";"1.53";"0.12";"178.18";"4.86"
"1757 Golf Club";"Aug 28, 2026, 09:00:00";"38";"5.61";"0.14";"232.51";"5.4"
"1757 Golf Club";"Aug 28, 2026, 08:00:00";"44";"5.84";"0.1";"241.75";"7.52"
"1757 Golf Club";"Aug 28, 2026, 07:00:00";"45";"3.69";"0.11";"251.26";"7.94"
"1757 Golf Club";"Aug 28, 2026, 06:00:00";"47";"3.28";"0.19";"262.67";"8.41"
"1757 Golf Club";"Aug 28, 2026, 05:00:00";"47";"2.05";"0.08";"264.84";"9.04"
"1757 Golf Club";"Aug 28, 2026, 04:00:00";"43";"2.44";"0.08";"254.1";"7.9"
"1757 Golf Club";"Aug 28, 2026, 03:00:00";"42";"4.23";"0.08";"247.73";"7.56"
"1757 Golf Club";"Aug 28, 2026, 02:00:00";"42";"2.22";"0.08";"242.04";"7.68"
"1757 Golf Club";"Aug 28, 2026, 01:00:00";"40";"7.95";"0.13";"252";"7.57"
"1757 Golf Club";"Aug 28, 2026, 00:00:00";"38";"10.71";"0.17";"234.2";"6.78"
"1757 Golf Club";"Aug 27, 2026, 23:00:00";"38";"11.83";"0.14";"239.92";"6.8"
"1757 Golf Club";"Aug 27, 2026, 22:00:00";"39";"8.98";"0.1";"167.51";"6.53"
"1757 Golf Club";"Aug 27, 2026, 21:00:00";"40";"7.21";"0.12";"80.87";"5.25"
"1757 Golf Club";"Aug 27, 2026, 20:00:00";"53";"9.44";"0.19";"83.74";"8.23"
"1757 Golf Club";"Aug 27, 2026, 19:00:00";"54";"11.92";"0.18";"73.35";"9.88"
"1757 Golf Club";"Aug 27, 2026, 18:00:00";"55";"6.15";"0.16";"75.11";"10.48"
"1757 Golf Club";"Aug 27, 2026, 17:00:00";"56";"0.94";"0.16";"71.85";"10.94"
"1757 Golf Club";"Aug 27, 2026, 16:00:00";"56";"1.14";"0.17";"92.34";"10.9"
"1757 Golf Club";"Aug 27, 2026, 15:00:00";"58";"0.39";"0.17";"102.78";"12.44"
"1757 Golf Club";"Aug 27, 2026, 14:00:00";"57";"0.33";"0.18";"116.37";"12.93"
"1757 Golf Club";"Aug 27, 2026, 13:00:00";"57";"2.31";"0.2";"130.72";"12.93"
"1757 Golf Club";"Aug 27, 2026, 12:00:00";"54";"2.33";"0.18";"133.86";"11.91"
"1757 Golf Club";"Aug 27, 2026, 11:00:00";"52";"3.55";"0.16";"142.28";"10.58"
"1757 Golf Club";"Aug 27, 2026, 10:00:00";"45";"6.66";"0.16";"171.39";"9.24"
"1757 Golf Club";"Aug 27, 2026, 09:00:00";"42";"9.74";"0.16";"189.92";"8.32"
"1757 Golf Club";"Aug 27, 2026, 08:00:00";"40";"13.96";"0.17";"188.3";"7.83"
"1757 Golf Club";"Aug 27, 2026, 07:00:00";"39";"9.44";"0.16";"180.52";"7.31"
"1757 Golf Club";"Aug 27, 2026, 06:00:00";"38";"7.91";"0.14";"166.59";"7.2"
"1757 Golf Club";"Aug 27, 2026, 05:00:00";"38";"6.04";"0.12";"152.39";"6.64"
"1757 Golf Club";"Aug 27, 2026, 04:00:00";"38";"6.18";"0.11";"138.47";"6.46"
"1757 Golf Club";"Aug 27, 2026, 03:00:00";"39";"6.61";"0.12";"121.89";"6.86"
"1757 Golf Club";"Aug 27, 2026, 02:00:00";"39";"6.66";"0.12";"97.6";"6.51"
"1757 Golf Club";"Aug 27, 2026, 01:00:00";"42";"6.86";"0.13";"77.9";"6.7"
"1757 Golf Club";"Aug 27, 2026, 00:00:00";"44";"6.64";"0.14";"64.85";"7.02"
"1757 Golf Club";"Aug 26, 2026, 23:00:00";"47";"8.41";"0.16";"58.66";"7.36"
"1757 Golf Club";"Aug 26, 2026, 22:00:00";"49";"8.48";"0.17";"46.45";"7.48"
"1757 Golf Club";"Aug 26, 2026, 21:00:00";"50";"9.36";"0.18";"36.95";"8.34"
"1757 Golf Club";"Aug 26, 2026, 20:00:00";"52";"8.63";"0.18";"20.17";"9.25"
"1757 Golf Club";"Aug 26, 2026, 19:00:00";"52";"8.61";"0.18";"21.47";"9.78"
"1757 Golf Club";"Aug 26, 2026, 18:00:00";"52";"6.14";"0.16";"17.65";"9.62"
"1757 Golf Club";"Aug 26, 2026, 17:00:00";"50";"4.32";"0.14";"16.01";"9.31"
"1757 Golf Club";"Aug 26, 2026, 16:00:00";"50";"1.17";"0.12";"14.11";"8.61"
"1757 Golf Club";"Aug 26, 2026, 15:00:00";"50";"1.2";"0.13";"21.51";"9.71"
"1757 Golf Club";"Aug 26, 2026, 14:00:00";"48";"0.79";"0.11";"21.91";"8.77"
"1757 Golf Club";"Aug 26, 2026, 13:00:00";"48";"0";"0.11";"28.33";"9.31"
"1757 Golf Club";"Aug 26, 2026, 12:00:00";"45";"0";"0.13";"40.64";"9.12"
"1757 Golf Club";"Aug 26, 2026, 11:00:00";"41";"1";"0.15";"55.6";"8.48"
"1757 Golf Club";"Aug 26, 2026, 10:00:00";"34";"10.14";"0.23";"117.18";"5.99"
"1757 Golf Club";"Aug 26, 2026, 09:00:00";"16";"16.08";"0.21";"181.98";"6.37"
"1757 Golf Club";"Aug 26, 2026, 08:00:00";"12";"12.46";"0.2";"203.08";"0"
"1757 Golf Club";"Aug 26, 2026, 07:00:00";"3";"3.99";"0.15";"196.15";"0"
"1757 Golf Club";"Aug 26, 2026, 06:00:00";"5";"5.48";"0.12";"198.81";"0"
"1757 Golf Club";"Aug 26, 2026, 05:00:00";"4";"4.61";"0.09";"184.77";"0"
"1757 Golf Club";"Aug 26, 2026, 04:00:00";"4";"4.23";"0.08";"167.34";"0"
"1757 Golf Club";"Aug 26, 2026, 03:00:00";"8";"8.2";"0.1";"153.03";"0"
"1757 Golf Club";"Aug 26, 2026, 02:00:00";"30";"8.79";"0.1";"137.53";"0"
"1757 Golf Club";"Aug 26, 2026, 01:00:00";"30";"10.24";"0.12";"117.28";"6.2"
"1757 Golf Club";"Aug 26, 2026, 00:00:00";"27";"13.65";"0.14";"106.33";"4.92"
"1757 Golf Club";"Aug 25, 2026, 23:00:00";"26";"12.08";"0.16";"91.66";"4.62"
"1757 Golf Club";"Aug 25, 2026, 22:00:00";"26";"12.47";"0.14";"73.01";"4.34"
"1757 Golf Club";"Aug 25, 2026, 21:00:00";"28";"5.84";"0.12";"54.73";"4.46"
"1757 Golf Club";"Aug 25, 2026, 20:00:00";"30";"5.24";"0.11";"28.8";"4.92"
"1757 Golf Club";"Aug 25, 2026, 19:00:00";"33";"2.26";"0.11";"12.36";"5.55"
"1757 Golf Club";"Aug 25, 2026, 18:00:00";"35";"1.26";"0.12";"10.93";"5.72"
"1757 Golf Club";"Aug 25, 2026, 17:00:00";"38";"0.87";"0.11";"10.27";"5.86"
"1757 Golf Club";"Aug 25, 2026, 16:00:00";"43";"0.85";"0.11";"10.4";"5.8"
"1757 Golf Club";"Aug 25, 2026, 15:00:00";"52";"1.37";"0.11";"7.88";"8.33"
"1757 Golf Club";"Aug 25, 2026, 14:00:00";"53";"0.29";"0.12";"13.38";"9.75"
"1757 Golf Club";"Aug 25, 2026, 13:00:00";"53";"0";"0.11";"13.7";"10.03"
"1757 Golf Club";"Aug 25, 2026, 12:00:00";"52";"0";"0.1";"11.89";"10.61"
"1757 Golf Club";"Aug 25, 2026, 11:00:00";"52";"0.17";"0.1";"18.29";"10.79"
"1757 Golf Club";"Aug 25, 2026, 10:00:00";"48";"2.88";"0.12";"39.33";"9.43"
"1757 Golf Club";"Aug 25, 2026, 09:00:00";"45";"9.08";"0.14";"60.76";"7.89"
"1757 Golf Club";"Aug 25, 2026, 08:00:00";"46";"12.33";"0.12";"61.45";"8.28"
"1757 Golf Club";"Aug 25, 2026, 07:00:00";"46";"9.53";"0.09";"61.64";"8.45"
"1757 Golf Club";"Aug 25, 2026, 06:00:00";"45";"3.94";"0.04";"55.77";"8.21"
"1757 Golf Club";"Aug 25, 2026, 05:00:00";"44";"4.25";"0.05";"39.69";"7.55"
"1757 Golf Club";"Aug 25, 2026, 04:00:00";"45";"4.55";"0.04";"44.96";"7.63"
"1757 Golf Club";"Aug 25, 2026, 03:00:00";"47";"4.57";"0.05";"37.38";"7.33"
"1757 Golf Club";"Aug 25, 2026, 02:00:00";"52";"4.84";"0.07";"28.59";"8.21"
"1757 Golf Club";"Aug 25, 2026, 01:00:00";"54";"5.85";"0.08";"35.68";"9.3"
"1757 Golf Club";"Aug 25, 2026, 00:00:00";"56";"6.2";"0.1";"28.35";"10.72"
"1757 Golf Club";"Aug 24, 2026, 23:00:00";"56";"6.07";"0.1";"25.32";"11.03"
"1757 Golf Club";"Aug 24, 2026, 22:00:00";"57";"5.51";"0.11";"15.5";"11.73"
"1757 Golf Club";"Aug 24, 2026, 21:00:00";"58";"4.56";"0.11";"3.37";"13.29"
"1757 Golf Club";"Aug 24, 2026, 20:00:00";"56";"3.43";"0.11";"0";"12.42"
"1757 Golf Club";"Aug 24, 2026, 19:00:00";"54";"0.46";"0.1";"0";"11.11"
"1757 Golf Club";"Aug 24, 2026, 18:00:00";"54";"0.68";"0.11";"0";"10"
"1757 Golf Club";"Aug 24, 2026, 17:00:00";"54";"0.02";"0.12";"0.61";"10.32"
"1757 Golf Club";"Aug 24, 2026, 16:00:00";"55";"0.31";"0.12";"2.31";"11.49"
"1757 Golf Club";"Aug 24, 2026, 15:00:00";"54";"0.53";"0.13";"11.66";"11.3"
"1757 Golf Club";"Aug 24, 2026, 14:00:00";"53";"0.37";"0.11";"9.41";"10.27"
"1757 Golf Club";"Aug 24, 2026, 13:00:00";"52";"0.21";"0.1";"8.06";"10.27"
"1757 Golf Club";"Aug 24, 2026, 12:00:00";"45";"0";"0.1";"11.75";"10.35"
"1757 Golf Club";"Aug 24, 2026, 11:00:00";"33";"0";"0.12";"22.38";"7.58"
"1757 Golf Club";"Aug 24, 2026, 10:00:00";"25";"2.79";"0.12";"43.43";"4.68"
"1757 Golf Club";"Aug 24, 2026, 09:00:00";"24";"6";"0.09";"57.51";"4.29"
"1757 Golf Club";"Aug 24, 2026, 08:00:00";"25";"5.58";"0.08";"54.88";"4.32"
"1757 Golf Club";"Aug 24, 2026, 07:00:00";"25";"4.56";"0.08";"51.51";"4.16"
"1757 Golf Club";"Aug 24, 2026, 06:00:00";"26";"6.92";"0.1";"49.59";"4.16"
"1757 Golf Club";"Aug 24, 2026, 05:00:00";"27";"11.61";"0.12";"44.44";"4.38"
"1757 Golf Club";"Aug 24, 2026, 04:00:00";"29";"12.74";"0.12";"35.09";"4.62"
"1757 Golf Club";"Aug 24, 2026, 03:00:00";"29";"9.47";"0.08";"30.25";"4.78"
"1757 Golf Club";"Aug 24, 2026, 02:00:00";"30";"6.78";"0.07";"24.7";"4.92"
"1757 Golf Club";"Aug 24, 2026, 01:00:00";"31";"5.16";"0.08";"22.24";"5.17"
"1757 Golf Club";"Aug 24, 2026, 00:00:00";"33";"5.03";"0.09";"12.9";"5.76"
"1757 Golf Club";"Aug 23, 2026, 23:00:00";"33";"4.05";"0.1";"1.88";"5.87"
"1757 Golf Club";"Aug 23, 2026, 22:00:00";"33";"3.69";"0.1";"0";"6.02"
"1757 Golf Club";"Aug 23, 2026, 21:00:00";"32";"4.24";"0.1";"0";"5.82"
"1757 Golf Club";"Aug 23, 2026, 20:00:00";"30";"4.89";"0.11";"0";"5.49"
"1757 Golf Club";"Aug 23, 2026, 19:00:00";"30";"2.69";"0.1";"0";"5.09"
"1757 Golf Club";"Aug 23, 2026, 18:00:00";"33";"0.45";"0.1";"0";"5.38"
"1757 Golf Club";"Aug 23, 2026, 17:00:00";"35";"0.31";"0.09";"0";"5.76"
"1757 Golf Club";"Aug 23, 2026, 16:00:00";"39";"0";"0.09";"1.1";"6.39"
"1757 Golf Club";"Aug 23, 2026, 15:00:00";"43";"0";"0.09";"11.52";"7.15"
"1757 Golf Club";"Aug 23, 2026, 14:00:00";"45";"0.09";"0.09";"28.25";"8.93"
"1757 Golf Club";"Aug 23, 2026, 13:00:00";"42";"0";"0.09";"35.43";"8.66"
"1757 Golf Club";"Aug 23, 2026, 12:00:00";"34";"0";"0.09";"56.26";"7.04"
"1757 Golf Club";"Aug 23, 2026, 11:00:00";"29";"0";"0.09";"89.18";"6.4"
"1757 Golf Club";"Aug 23, 2026, 10:00:00";"23";"1.98";"0.09";"175.66";"4.16"
"1757 Golf Club";"Aug 23, 2026, 09:00:00";"23";"3.94";"0.08";"296.51";"3.65"
"1757 Golf Club";"Aug 23, 2026, 08:00:00";"27";"5.59";"0.06";"286.45";"4"
"1757 Golf Club";"Aug 23, 2026, 07:00:00";"30";"3.01";"0.1";"257.21";"5.83"
"1757 Golf Club";"Aug 23, 2026, 06:00:00";"28";"2.84";"0.04";"274.91";"5.68"
"1757 Golf Club";"Aug 23, 2026, 05:00:00";"25";"4.97";"0.04";"263.93";"5.45"
"1757 Golf Club";"Aug 23, 2026, 04:00:00";"19";"4.18";"0.04";"230.15";"4.11"
"1757 Golf Club";"Aug 23, 2026, 03:00:00";"15";"5.7";"0.05";"211.51";"2.31"
"1757 Golf Club";"Aug 23, 2026, 02:00:00";"18";"11.38";"0.1";"238.04";"2.97"
"1757 Golf Club";"Aug 23, 2026, 01:00:00";"19";"4.61";"0.06";"248.22";"3.33"
"1757 Golf Club";"Aug 23, 2026, 00:00:00";"19";"6.15";"0.09";"252.86";"3.42"
"1757 Golf Club";"Aug 22, 2026, 23:00:00";"18";"8.11";"0.12";"234.93";"3.64"
"1757 Golf Club";"Aug 22, 2026, 22:00:00";"16";"7.02";"0.12";"158.1";"2.68"
"1757 Golf Club";"Aug 22, 2026, 21:00:00";"17";"6.9";"0.12";"129.5";"2.44"
"1757 Golf Club";"Aug 22, 2026, 20:00:00";"21";"6.28";"0.13";"115.75";"3.3"
"1757 Golf Club";"Aug 22, 2026, 19:00:00";"23";"4.77";"0.14";"114.19";"3.66"
"1757 Golf Club";"Aug 22, 2026, 18:00:00";"24";"3.31";"0.14";"106.5";"3.78"
"1757 Golf Club";"Aug 22, 2026, 17:00:00";"27";"1.65";"0.14";"105.57";"4.08"
"1757 Golf Club";"Aug 22, 2026, 16:00:00";"27";"0.79";"0.13";"108.26";"4.25"
"1757 Golf Club";"Aug 22, 2026, 15:00:00";"30";"1.71";"0.14";"119.49";"5.22"
"1757 Golf Club";"Aug 22, 2026, 14:00:00";"30";"2.37";"0.14";"134.38";"5.48"
"1757 Golf Club";"Aug 22, 2026, 13:00:00";"30";"1.87";"0.13";"141.99";"5.36"
"1757 Golf Club";"Aug 22, 2026, 12:00:00";"30";"2.79";"0.12";"153.94";"5.63"
"1757 Golf Club";"Aug 22, 2026, 11:00:00";"29";"1.83";"0.11";"147.68";"5.38"
"1757 Golf Club";"Aug 22, 2026, 10:00:00";"27";"3.01";"0.1";"156.72";"4.56"
"1757 Golf Club";"Aug 22, 2026, 09:00:00";"29";"3.83";"0.13";"161.04";"5.46"
"1757 Golf Club";"Aug 22, 2026, 08:00:00";"27";"6.98";"0.09";"159.76";"4.22"
"1757 Golf Club";"Aug 22, 2026, 07:00:00";"30";"7.39";"0.14";"172.68";"4.28"
"1757 Golf Club";"Aug 22, 2026, 06:00:00";"36";"6.99";"0.13";"174.14";"5.51"
"1757 Golf Club";"Aug 22, 2026, 05:00:00";"42";"2.44";"0.14";"145.58";"7.39"
"1757 Golf Club";"Aug 22, 2026, 04:00:00";"43";"5.18";"0.14";"127.89";"7.02"
"1757 Golf Club";"Aug 22, 2026, 03:00:00";"46";"5.96";"0.13";"114.26";"7.84"
"1757 Golf Club";"Aug 22, 2026, 02:00:00";"47";"5.64";"0.14";"107.69";"8.16"
"1757 Golf Club";"Aug 22, 2026, 01:00:00";"48";"6.25";"0.14";"105.41";"8.13"
"1757 Golf Club";"Aug 22, 2026, 00:00:00";"50";"7.04";"0.14";"92.04";"7.96"
"1757 Golf Club";"Aug 21, 2026, 23:00:00";"53";"10.78";"0.13";"55.32";"8.52"
"1757 Golf Club";"Aug 21, 2026, 22:00:00";"54";"14.4";"0.13";"35.54";"9.07"
"1757 Golf Club";"Aug 21, 2026, 21:00:00";"57";"5.71";"0.12";"5.5";"11.75"
"1757 Golf Club";"Aug 21, 2026, 20:00:00";"58";"4.32";"0.11";"0.14";"12.32"
"1757 Golf Club";"Aug 21, 2026, 19:00:00";"58";"3.31";"0.11";"0.06";"12.21"
"1757 Golf Club";"Aug 21, 2026, 18:00:00";"59";"2.48";"0.12";"0.11";"12.83"
"1757 Golf Club";"Aug 21, 2026, 17:00:00";"59";"1.33";"0.12";"0";"13.04"
"1757 Golf Club";"Aug 21, 2026, 16:00:00";"59";"0.19";"0.11";"0";"13.4"
"1757 Golf Club";"Aug 21, 2026, 15:00:00";"58";"0.02";"0.1";"0";"13.87"
"1757 Golf Club";"Aug 21, 2026, 14:00:00";"56";"0.17";"0.1";"2.43";"13.18"
"1757 Golf Club";"Aug 21, 2026, 13:00:00";"52";"0";"0.1";"11.46";"11.5"
"1757 Golf Club";"Aug 21, 2026, 12:00:00";"43";"0";"0.09";"18.95";"9.15"
"1757 Golf Club";"Aug 21, 2026, 11:00:00";"35";"0";"0.09";"37.21";"6.76"
"1757 Golf Club";"Aug 21, 2026, 10:00:00";"32";"0.98";"0.08";"76.61";"5.71"
"1757 Golf Club";"Aug 21, 2026, 09:00:00";"32";"4.57";"0.1";"121.37";"5.1"
"1757 Golf Club";"Aug 21, 2026, 08:00:00";"35";"6.04";"0.07";"127.43";"6.07"
"1757 Golf Club";"Aug 21, 2026, 07:00:00";"35";"4.81";"0.09";"128.23";"6.42"
"1757 Golf Club";"Aug 21, 2026, 06:00:00";"35";"3.88";"0.07";"134.94";"6.41"
"1757 Golf Club";"Aug 21, 2026, 05:00:00";"34";"3.92";"0.05";"124.34";"6.87"
"1757 Golf Club";"Aug 21, 2026, 04:00:00";"31";"3.79";"0.05";"118.12";"6.37"
"1757 Golf Club";"Aug 21, 2026, 03:00:00";"26";"4.29";"0.06";"113.65";"4.97"
"1757 Golf Club";"Aug 21, 2026, 02:00:00";"24";"4.33";"0.06";"107.24";"4.89"
"1757 Golf Club";"Aug 21, 2026, 01:00:00";"21";"4.14";"0.06";"98.54";"4.74"
"1757 Golf Club";"Aug 21, 2026, 00:00:00";"15";"4.03";"0.05";"84.12";"3.53"
"1757 Golf Club";"Aug 20, 2026, 23:00:00";"11";"4.36";"0.04";"80.21";"2.21"
"1757 Golf Club";"Aug 20, 2026, 22:00:00";"9";"4.44";"0.03";"72.74";"1.42"
"1757 Golf Club";"Aug 20, 2026, 21:00:00";"10";"3.78";"0.03";"64.43";"1.3"
"1757 Golf Club";"Aug 20, 2026, 20:00:00";"13";"1.15";"0.05";"65.12";"1.25"
"1757 Golf Club";"Aug 20, 2026, 19:00:00";"20";"0.36";"0.11";"110.44";"2.66"
"1757 Golf Club";"Aug 20, 2026, 18:00:00";"24";"0.4";"0.12";"145.57";"3.4"
"1757 Golf Club";"Aug 20, 2026, 17:00:00";"29";"6.27";"0.13";"194.46";"3.07"
"1757 Golf Club";"Aug 20, 2026, 16:00:00";"42";"3.94";"0.11";"147.85";"4.56"
"1757 Golf Club";"Aug 20, 2026, 15:00:00";"54";"1.57";"0.21";"167.16";"10.71"
"1757 Golf Club";"Aug 20, 2026, 14:00:00";"53";"0.48";"0.21";"160.46";"10.63"
"1757 Golf Club";"Aug 20, 2026, 13:00:00";"52";"4.03";"0.29";"212.46";"11.6"
"1757 Golf Club";"Aug 20, 2026, 12:00:00";"41";"10.12";"0.35";"207.77";"8.8"
"1757 Golf Club";"Aug 20, 2026, 11:00:00";"34";"7.05";"0.3";"155.33";"6.83"
"1757 Golf Club";"Aug 20, 2026, 10:00:00";"32";"8.03";"0.25";"130.3";"5.96"
"1757 Golf Club";"Aug 20, 2026, 09:00:00";"31";"8.37";"0.26";"140.49";"5.6"
"1757 Golf Club";"Aug 20, 2026, 08:00:00";"31";"7.74";"0.24";"160.13";"5.79"
"1757 Golf Club";"Aug 20, 2026, 07:00:00";"30";"6.29";"0.21";"171.3";"5.38"
"1757 Golf Club";"Aug 20, 2026, 06:00:00";"30";"2.06";"0.16";"188.34";"5.17"
"1757 Golf Club";"Aug 20, 2026, 05:00:00";"31";"2.17";"0.15";"176.64";"5.33"
"1757 Golf Club";"Aug 20, 2026, 04:00:00";"32";"1.46";"0.13";"164.4";"5.2"
"1757 Golf Club";"Aug 20, 2026, 03:00:00";"33";"1.97";"0.15";"143.55";"4.85"
"1757 Golf Club";"Aug 20, 2026, 02:00:00";"36";"3.68";"0.17";"165.4";"6.19"
"1757 Golf Club";"Aug 20, 2026, 01:00:00";"37";"4.47";"0.18";"158.14";"6.88"
"1757 Golf Club";"Aug 20, 2026, 00:00:00";"37";"5.54";"0.19";"123.4";"7.15"
"1757 Golf Club";"Aug 19, 2026, 23:00:00";"34";"6.4";"0.16";"102.54";"5.79"
"1757 Golf Club";"Aug 19, 2026, 22:00:00";"36";"6.38";"0.18";"77.68";"6.5"
"1757 Golf Club";"Aug 19, 2026, 21:00:00";"35";"4.5";"0.18";"34.36";"6.05"
"1757 Golf Club";"Aug 19, 2026, 20:00:00";"37";"3.95";"0.18";"26.29";"6.53"
"1757 Golf Club";"Aug 19, 2026, 19:00:00";"37";"1.91";"0.18";"30.59";"7.13"
"1757 Golf Club";"Aug 19, 2026, 18:00:00";"34";"0.73";"0.18";"37.43";"6.6"
"1757 Golf Club";"Aug 19, 2026, 17:00:00";"30";"1.24";"0.18";"41.91";"5.6"
"1757 Golf Club";"Aug 19, 2026, 16:00:00";"30";"0.96";"0.17";"37.45";"5.64"
"1757 Golf Club";"Aug 19, 2026, 15:00:00";"29";"0.32";"0.16";"31.89";"5.54"
"1757 Golf Club";"Aug 19, 2026, 14:00:00";"27";"0.26";"0.16";"38.89";"5.65"
"1757 Golf Club";"Aug 19, 2026, 13:00:00";"23";"0.11";"0.13";"35.75";"4.53"
"1757 Golf Club";"Aug 19, 2026, 12:00:00";"20";"0";"0.13";"38.85";"3.79"
"1757 Golf Club";"Aug 19, 2026, 11:00:00";"19";"0";"0.15";"54.05";"3.38"
"1757 Golf Club";"Aug 19, 2026, 10:00:00";"19";"1.83";"0.17";"68.72";"3.01"
"1757 Golf Club";"Aug 19, 2026, 09:00:00";"20";"7.4";"0.14";"82.19";"2.99"
"1757 Golf Club";"Aug 19, 2026, 08:00:00";"24";"8.32";"0.23";"99.36";"4.14"
"1757 Golf Club";"Aug 19, 2026, 07:00:00";"24";"7.68";"0.21";"83.95";"4.2"
"1757 Golf Club";"Aug 19, 2026, 06:00:00";"24";"3.68";"0.08";"68.56";"4.11"
"1757 Golf Club";"Aug 19, 2026, 05:00:00";"26";"3.55";"0.08";"64.82";"3.61"
"1757 Golf Club";"Aug 19, 2026, 04:00:00";"32";"4.09";"0.09";"79.57";"3.99"
"1757 Golf Club";"Aug 19, 2026, 03:00:00";"42";"5.55";"0.1";"112.64";"6.68"
"1757 Golf Club";"Aug 19, 2026, 02:00:00";"44";"5.81";"0.12";"124.09";"9.05"
"1757 Golf Club";"Aug 19, 2026, 01:00:00";"40";"6.17";"0.14";"122.73";"6.76"
"1757 Golf Club";"Aug 19, 2026, 00:00:00";"42";"5.24";"0.14";"138.8";"9.28"
"1757 Golf Club";"Aug 18, 2026, 23:00:00";"33";"5.04";"0.16";"106.67";"6.74"
"1757 Golf Club";"Aug 18, 2026, 22:00:00";"32";"6.19";"0.15";"87.69";"6.07"
"1757 Golf Club";"Aug 18, 2026, 21:00:00";"31";"4.47";"0.15";"49.8";"5.28"
"1757 Golf Club";"Aug 18, 2026, 20:00:00";"32";"2.74";"0.16";"41.24";"5.26"
"1757 Golf Club";"Aug 18, 2026, 19:00:00";"32";"0.04";"0.15";"31.31";"5.56"
"1757 Golf Club";"Aug 18, 2026, 18:00:00";"32";"0.43";"0.15";"37.29";"5.63"
"1757 Golf Club";"Aug 18, 2026, 17:00:00";"32";"0.38";"0.14";"42.21";"5.43"
"1757 Golf Club";"Aug 18, 2026, 16:00:00";"32";"0";"0.14";"47.43";"5.25"
"1757 Golf Club";"Aug 18, 2026, 15:00:00";"35";"0";"0.14";"78.21";"5.96"
"1757 Golf Club";"Aug 18, 2026, 14:00:00";"37";"0.08";"0.15";"117.89";"6.31"
"1757 Golf Club";"Aug 18, 2026, 13:00:00";"38";"0";"0.18";"171.1";"6.89"
"1757 Golf Club";"Aug 18, 2026, 12:00:00";"38";"0";"0.17";"187.94";"7.03"
"1757 Golf Club";"Aug 18, 2026, 11:00:00";"36";"0.15";"0.17";"206.23";"6.42"
"1757 Golf Club";"Aug 18, 2026, 10:00:00";"36";"0";"0.16";"223.43";"6.33"
"1757 Golf Club";"Aug 18, 2026, 09:00:00";"37";"0.6";"0.15";"263.84";"5.73"
"1757 Golf Club";"Aug 18, 2026, 08:00:00";"41";"1.5";"0.14";"290.31";"5.89"
"1757 Golf Club";"Aug 18, 2026, 07:00:00";"49";"2.45";"0.13";"327.21";"8.07"
"1757 Golf Club";"Aug 18, 2026, 06:00:00";"52";"1.07";"0.11";"339.25";"10.32"
"1757 Golf Club";"Aug 18, 2026, 05:00:00";"47";"0.58";"0.1";"327.61";"9.74"
"1757 Golf Club";"Aug 18, 2026, 04:00:00";"39";"0.8";"0.1";"308.34";"7.45"
"1757 Golf Club";"Aug 18, 2026, 03:00:00";"37";"2.38";"0.1";"349.64";"6.49"
"1757 Golf Club";"Aug 18, 2026, 02:00:00";"37";"3.8";"0.11";"360.95";"7.14"
"1757 Golf Club";"Aug 18, 2026, 01:00:00";"34";"4.8";"0.12";"342.13";"6.88"
"1757 Golf Club";"Aug 18, 2026, 00:00:00";"29";"8.48";"0.14";"316.94";"5.16"
"1757 Golf Club";"Aug 17, 2026, 23:00:00";"29";"10.78";"0.16";"281.45";"5.91"
"1757 Golf Club";"Aug 17, 2026, 22:00:00";"25";"8.24";"0.15";"211.88";"4.6"
"1757 Golf Club";"Aug 17, 2026, 21:00:00";"24";"7.94";"0.14";"157";"4.36"
"1757 Golf Club";"Aug 17, 2026, 20:00:00";"24";"6.36";"0.13";"147.65";"3.42"
"1757 Golf Club";"Aug 17, 2026, 19:00:00";"29";"6.66";"0.13";"142.99";"3.99"
"1757 Golf Club";"Aug 17, 2026, 18:00:00";"34";"2.46";"0.16";"107.01";"6.82"
"1757 Golf Club";"Aug 17, 2026, 17:00:00";"31";"1.05";"0.15";"104.94";"5.44"
"1757 Golf Club";"Aug 17, 2026, 16:00:00";"31";"0.78";"0.16";"126.12";"5.9"
"1757 Golf Club";"Aug 17, 2026, 15:00:00";"30";"0.07";"0.15";"124.17";"6.39"
"1757 Golf Club";"Aug 17, 2026, 14:00:00";"27";"0.6";"0.15";"157.32";"4.92"
"1757 Golf Club";"Aug 17, 2026, 13:00:00";"27";"0.21";"0.13";"154.87";"5.05"
"1757 Golf Club";"Aug 17, 2026, 12:00:00";"25";"0";"0.12";"176.45";"4.68"
"1757 Golf Club";"Aug 17, 2026, 11:00:00";"25";"0";"0.13";"218.92";"4.43"
"1757 Golf Club";"Aug 17, 2026, 10:00:00";"25";"0.08";"0.12";"247.44";"4.71"
"1757 Golf Club";"Aug 17, 2026, 09:00:00";"24";"1.77";"0.12";"288.77";"4.14"
"1757 Golf Club";"Aug 17, 2026, 08:00:00";"25";"3.64";"0.1";"314.78";"3.99"
"1757 Golf Club";"Aug 17, 2026, 07:00:00";"27";"5.99";"0.17";"341.54";"4.47"
"1757 Golf Club";"Aug 17, 2026, 06:00:00";"29";"8.23";"0.1";"351.72";"5.18"
"1757 Golf Club";"Aug 17, 2026, 05:00:00";"30";"2.19";"0.06";"372.52";"4.96"
"1757 Golf Club";"Aug 17, 2026, 04:00:00";"32";"2.08";"0.07";"412.07";"5.38"
"1757 Golf Club";"Aug 17, 2026, 03:00:00";"34";"1.42";"0.09";"482.22";"5.68"
"1757 Golf Club";"Aug 17, 2026, 02:00:00";"36";"4.25";"0.13";"556.76";"6.06"
"1757 Golf Club";"Aug 17, 2026, 01:00:00";"38";"15.36";"0.18";"494.74";"6.22"
"1757 Golf Club";"Aug 17, 2026, 00:00:00";"41";"17.17";"0.18";"520.68";"6.93"
"1757 Golf Club";"Aug 16, 2026, 23:00:00";"43";"9.76";"0.14";"531.72";"8.3"
"1757 Golf Club";"Aug 16, 2026, 22:00:00";"40";"8.47";"0.16";"508.83";"7.1"
"1757 Golf Club";"Aug 16, 2026, 21:00:00";"42";"10.13";"0.15";"420.82";"5.25"
"1757 Golf Club";"Aug 16, 2026, 20:00:00";"53";"5.11";"0.14";"474.16";"8.5"
"1757 Golf Club";"Aug 16, 2026, 19:00:00";"54";"3.52";"0.16";"369.36";"12.21"
"1757 Golf Club";"Aug 16, 2026, 18:00:00";"53";"1.94";"0.17";"287.68";"9.69"
"1757 Golf Club";"Aug 16, 2026, 17:00:00";"53";"4.6";"0.17";"311.99";"9.1"
"1757 Golf Club";"Aug 16, 2026, 16:00:00";"54";"6.11";"0.15";"321.11";"10.18"
"1757 Golf Club";"Aug 16, 2026, 15:00:00";"54";"6.54";"0.18";"362.72";"9.4"
"1757 Golf Club";"Aug 16, 2026, 14:00:00";"55";"9.01";"0.19";"340.23";"10.11"
"1757 Golf Club";"Aug 16, 2026, 13:00:00";"56";"9.68";"0.16";"277.8";"11.14"
"1757 Golf Club";"Aug 16, 2026, 12:00:00";"57";"7.19";"0.17";"228.85";"11.08"
"1757 Golf Club";"Aug 16, 2026, 11:00:00";"57";"7.89";"0.16";"162.42";"10.93"
"1757 Golf Club";"Aug 16, 2026, 10:00:00";"58";"4.94";"0.17";"163.83";"11.56"
"1757 Golf Club";"Aug 16, 2026, 09:00:00";"58";"6.95";"0.2";"187.63";"12.03"
"1757 Golf Club";"Aug 16, 2026, 08:00:00";"58";"6.75";"0.2";"200.67";"12.5"
"1757 Golf Club";"Aug 16, 2026, 07:00:00";"58";"6.51";"0.2";"211.25";"12.4"
"1757 Golf Club";"Aug 16, 2026, 06:00:00";"59";"6.31";"0.22";"175.18";"12.82"
"1757 Golf Club";"Aug 16, 2026, 05:00:00";"59";"6.44";"0.21";"146.96";"12.63"
"1757 Golf Club";"Aug 16, 2026, 04:00:00";"59";"7.12";"0.22";"138.03";"12.8"
"1757 Golf Club";"Aug 16, 2026, 03:00:00";"59";"8.21";"0.23";"112.77";"13.14"
"1757 Golf Club";"Aug 16, 2026, 02:00:00";"59";"8.48";"0.22";"82.42";"13.13"
"1757 Golf Club";"Aug 16, 2026, 01:00:00";"59";"6.23";"0.2";"42.14";"12.91"
"1757 Golf Club";"Aug 16, 2026, 00:00:00";"59";"6.94";"0.21";"44.73";"13.26"
"1757 Golf Club";"Aug 15, 2026, 23:00:00";"59";"5.12";"0.21";"40.25";"13.29"
"1757 Golf Club";"Aug 15, 2026, 22:00:00";"59";"6.04";"0.25";"51.18";"14.33"
"1757 Golf Club";"Aug 15, 2026, 21:00:00";"58";"5.97";"0.22";"41.44";"12.31"
"1757 Golf Club";"Aug 15, 2026, 20:00:00";"59";"3.96";"0.19";"35.2";"12.77"
"1757 Golf Club";"Aug 15, 2026, 19:00:00";"59";"1.98";"0.19";"54.34";"13.13"
"1757 Golf Club";"Aug 15, 2026, 18:00:00";"59";"0.89";"0.19";"47.15";"13.16"
"1757 Golf Club";"Aug 15, 2026, 17:00:00";"60";"2.44";"0.19";"57.35";"13.19"
"1757 Golf Club";"Aug 15, 2026, 16:00:00";"60";"1.91";"0.19";"46.87";"14.28"
"1757 Golf Club";"Aug 15, 2026, 15:00:00";"60";"1.05";"0.18";"42.09";"14.28"
"1757 Golf Club";"Aug 15, 2026, 14:00:00";"59";"1.18";"0.16";"44.89";"13.77"
"1757 Golf Club";"Aug 15, 2026, 13:00:00";"57";"0";"0.15";"47.47";"13.03"
"1757 Golf Club";"Aug 15, 2026, 12:00:00";"55";"0";"0.14";"71.92";"11.35"
"1757 Golf Club";"Aug 15, 2026, 11:00:00";"55";"0";"0.15";"104.35";"10.25"
"1757 Golf Club";"Aug 15, 2026, 10:00:00";"56";"0.81";"0.16";"152.82";"9.39"
"1757 Golf Club";"Aug 15, 2026, 09:00:00";"61";"3.15";"0.14";"209.34";"11.26"
"1757 Golf Club";"Aug 15, 2026, 08:00:00";"65";"4.9";"0.16";"243.12";"13.98"
"1757 Golf Club";"Aug 15, 2026, 07:00:00";"69";"4.97";"0.16";"243.53";"19.45"
"1757 Golf Club";"Aug 15, 2026, 06:00:00";"67";"4.28";"0.21";"256.06";"19.97"
"1757 Golf Club";"Aug 15, 2026, 05:00:00";"63";"3.3";"0.13";"240.89";"18.09"
"1757 Golf Club";"Aug 15, 2026, 04:00:00";"60";"3.74";"0.14";"239.19";"14.76"
"1757 Golf Club";"Aug 15, 2026, 03:00:00";"60";"2.9";"0.14";"215.73";"16.11"
"1757 Golf Club";"Aug 15, 2026, 02:00:00";"58";"2.07";"0.15";"196.87";"12.64"
"1757 Golf Club";"Aug 15, 2026, 01:00:00";"58";"3.37";"0.16";"184.86";"11.54"
"1757 Golf Club";"Aug 15, 2026, 00:00:00";"59";"4.54";"0.17";"172.57";"11.86"
"1757 Golf Club";"Aug 14, 2026, 23:00:00";"60";"4.41";"0.18";"174.1";"12.41"
"1757 Golf Club";"Aug 14, 2026, 22:00:00";"62";"4.33";"0.18";"180.69";"13.69"
"1757 Golf Club";"Aug 14, 2026, 21:00:00";"62";"4.5";"0.19";"164.96";"14.97"
"1757 Golf Club";"Aug 14, 2026, 20:00:00";"62";"3.95";"0.17";"157.88";"14.99"
"1757 Golf Club";"Aug 14, 2026, 19:00:00";"61";"2.77";"0.16";"151.08";"13.86"
"1757 Golf Club";"Aug 14, 2026, 18:00:00";"62";"0.71";"0.14";"127.68";"13.45"
"1757 Golf Club";"Aug 14, 2026, 17:00:00";"62";"0.37";"0.16";"140.17";"13.92"
"1757 Golf Club";"Aug 14, 2026, 16:00:00";"63";"1.11";"0.2";"171.59";"15.31"
"1757 Golf Club";"Aug 14, 2026, 15:00:00";"63";"3.37";"0.18";"197.43";"15.23"
"1757 Golf Club";"Aug 14, 2026, 14:00:00";"64";"5.14";"0.17";"209.09";"16.36"
"1757 Golf Club";"Aug 14, 2026, 13:00:00";"63";"3.25";"0.18";"188.27";"16.14"
"1757 Golf Club";"Aug 14, 2026, 12:00:00";"62";"2.52";"0.19";"173.22";"15.49"
"1757 Golf Club";"Aug 14, 2026, 11:00:00";"60";"2.84";"0.19";"163.71";"14.62"
"1757 Golf Club";"Aug 14, 2026, 10:00:00";"59";"2.27";"0.18";"177.35";"13.68"
"1757 Golf Club";"Aug 14, 2026, 09:00:00";"58";"2.52";"0.17";"208.98";"12.96"
"1757 Golf Club";"Aug 14, 2026, 08:00:00";"58";"3.54";"0.17";"253.06";"12.53"
"1757 Golf Club";"Aug 14, 2026, 07:00:00";"58";"4.88";"0.2";"263.97";"12.19"
"1757 Golf Club";"Aug 14, 2026, 06:00:00";"58";"5.84";"0.26";"253.74";"13.91"
"1757 Golf Club";"Aug 14, 2026, 05:00:00";"56";"3.14";"0.15";"252.09";"13.57"
"1757 Golf Club";"Aug 14, 2026, 04:00:00";"53";"2.81";"0.17";"242.21";"12.33"
"1757 Golf Club";"Aug 14, 2026, 03:00:00";"48";"3.04";"0.16";"225.08";"8.74"
"1757 Golf Club";"Aug 14, 2026, 02:00:00";"48";"2.97";"0.15";"201.36";"8.68"
"1757 Golf Club";"Aug 14, 2026, 01:00:00";"47";"3.12";"0.17";"230.9";"8.55"
"1757 Golf Club";"Aug 14, 2026, 00:00:00";"47";"1.13";"0.16";"178.11";"8.42"
"1757 Golf Club";"Aug 13, 2026, 23:00:00";"47";"6.05";"0.16";"150.87";"8.28"
"1757 Golf Club";"Aug 13, 2026, 22:00:00";"48";"6.35";"0.17";"114.8";"7.91"
"1757 Golf Club";"Aug 13, 2026, 21:00:00";"49";"8.97";"0.18";"73.78";"8.37"
"1757 Golf Club";"Aug 13, 2026, 20:00:00";"50";"5.41";"0.17";"70.65";"8.28"
"1757 Golf Club";"Aug 13, 2026, 19:00:00";"50";"3.48";"0.17";"52.56";"8.94"
"1757 Golf Club";"Aug 13, 2026, 18:00:00";"50";"1.44";"0.17";"58.71";"8.97"
"1757 Golf Club";"Aug 13, 2026, 17:00:00";"50";"1.6";"0.16";"55.79";"8.9"
"1757 Golf Club";"Aug 13, 2026, 16:00:00";"51";"2.46";"0.14";"40.22";"8.73"
"1757 Golf Club";"Aug 13, 2026, 15:00:00";"52";"0.85";"0.14";"45.93";"9.03"
"1757 Golf Club";"Aug 13, 2026, 14:00:00";"53";"0.27";"0.14";"60.42";"10.31"
"1757 Golf Club";"Aug 13, 2026, 13:00:00";"52";"0.49";"0.14";"65.43";"10.23"
"1757 Golf Club";"Aug 13, 2026, 12:00:00";"49";"0.24";"0.12";"56.3";"9.23"
"1757 Golf Club";"Aug 13, 2026, 11:00:00";"49";"0.15";"0.12";"64.67";"9.26"
"1757 Golf Club";"Aug 13, 2026, 10:00:00";"45";"1.55";"0.13";"77.9";"8.47"
"1757 Golf Club";"Aug 13, 2026, 09:00:00";"44";"5.31";"0.12";"56.32";"8.21"
"1757 Golf Club";"Aug 13, 2026, 08:00:00";"42";"4.67";"0.1";"52.94";"7.44"
"1757 Golf Club";"Aug 13, 2026, 07:00:00";"43";"4.83";"0.13";"48.72";"6.85"
"1757 Golf Club";"Aug 13, 2026, 06:00:00";"47";"3.65";"0.11";"42.64";"7.17"
"1757 Golf Club";"Aug 13, 2026, 05:00:00";"52";"2.67";"0.09";"41.9";"7.73"
"1757 Golf Club";"Aug 13, 2026, 04:00:00";"57";"3.56";"0.13";"92.73";"10.79"
"1757 Golf Club";"Aug 13, 2026, 03:00:00";"58";"5.58";"0.15";"110.47";"12.17"
"1757 Golf Club";"Aug 13, 2026, 02:00:00";"59";"4.8";"0.15";"98.32";"12.2"
"1757 Golf Club";"Aug 13, 2026, 01:00:00";"60";"4.4";"0.15";"87.66";"12.12"
"1757 Golf Club";"Aug 13, 2026, 00:00:00";"62";"5.2";"0.17";"87.63";"13.86"
"1757 Golf Club";"Aug 12, 2026, 23:00:00";"62";"4.99";"0.17";"68.72";"14.06"
"1757 Golf Club";"Aug 12, 2026, 22:00:00";"63";"5.26";"0.17";"58.86";"14.12"
"1757 Golf Club";"Aug 12, 2026, 21:00:00";"64";"5.75";"0.17";"43.18";"14.75"
"1757 Golf Club";"Aug 12, 2026, 20:00:00";"66";"5.45";"0.17";"35.5";"15.57"
"1757 Golf Club";"Aug 12, 2026, 19:00:00";"68";"2.9";"0.17";"45.06";"17.88"
"1757 Golf Club";"Aug 12, 2026, 18:00:00";"68";"2.01";"0.17";"43.7";"18.63"
"1757 Golf Club";"Aug 12, 2026, 17:00:00";"68";"0.99";"0.16";"47.47";"18.83"
"1757 Golf Club";"Aug 12, 2026, 16:00:00";"66";"0.97";"0.18";"71.35";"18.22"
"1757 Golf Club";"Aug 12, 2026, 15:00:00";"63";"1.24";"0.16";"65.9";"16.43"
"1757 Golf Club";"Aug 12, 2026, 14:00:00";"60";"0.14";"0.16";"78.69";"15.46"
"1757 Golf Club";"Aug 12, 2026, 13:00:00";"57";"1.09";"0.16";"82.78";"13.39"
"1757 Golf Club";"Aug 12, 2026, 12:00:00";"56";"0";"0.15";"83.69";"12.64"
"1757 Golf Club";"Aug 12, 2026, 11:00:00";"54";"1.1";"0.15";"87.8";"11.71"
"1757 Golf Club";"Aug 12, 2026, 10:00:00";"52";"1.57";"0.15";"93.48";"10.6"
"1757 Golf Club";"Aug 12, 2026, 09:00:00";"48";"4.98";"0.14";"95.63";"9.23"
"1757 Golf Club";"Aug 12, 2026, 08:00:00";"47";"7.69";"0.14";"102.86";"8.71"
"1757 Golf Club";"Aug 12, 2026, 07:00:00";"45";"7.51";"0.12";"96.51";"8.14"
"1757 Golf Club";"Aug 12, 2026, 06:00:00";"45";"5.53";"0.28";"95.37";"8.26"
"1757 Golf Club";"Aug 12, 2026, 05:00:00";"44";"4.48";"0.1";"63.63";"7.94"
"1757 Golf Club";"Aug 12, 2026, 04:00:00";"45";"3.73";"0.09";"47.23";"8.02"
"1757 Golf Club";"Aug 12, 2026, 03:00:00";"45";"4.87";"0.1";"39.43";"7.8"
"1757 Golf Club";"Aug 12, 2026, 02:00:00";"46";"5.96";"0.1";"43.82";"7.39"
"1757 Golf Club";"Aug 12, 2026, 01:00:00";"51";"6.08";"0.1";"41.56";"7.92"
"1757 Golf Club";"Aug 12, 2026, 00:00:00";"54";"5.61";"0.11";"32.71";"9.14"
"1757 Golf Club";"Aug 11, 2026, 23:00:00";"56";"5.18";"0.12";"25.73";"10.64"
"1757 Golf Club";"Aug 11, 2026, 22:00:00";"58";"5.75";"0.13";"20.17";"11.42"
"1757 Golf Club";"Aug 11, 2026, 21:00:00";"59";"6.29";"0.13";"16.94";"12.15"
"1757 Golf Club";"Aug 11, 2026, 20:00:00";"61";"5.97";"0.13";"16.13";"13.57"
"1757 Golf Club";"Aug 11, 2026, 19:00:00";"62";"2.77";"0.13";"17.81";"15.19"
"1757 Golf Club";"Aug 11, 2026, 18:00:00";"61";"0.99";"0.12";"23.96";"13.41"
"1757 Golf Club";"Aug 11, 2026, 17:00:00";"61";"0.51";"0.14";"56.72";"13.65"
"1757 Golf Club";"Aug 11, 2026, 16:00:00";"62";"0.64";"0.16";"80.31";"14.19"
"1757 Golf Club";"Aug 11, 2026, 15:00:00";"64";"0.55";"0.16";"77.07";"15.21"
"1757 Golf Club";"Aug 11, 2026, 14:00:00";"65";"0.25";"0.16";"94.63";"16.94"
"1757 Golf Club";"Aug 11, 2026, 13:00:00";"64";"0.27";"0.16";"102.09";"18.17"
"1757 Golf Club";"Aug 11, 2026, 12:00:00";"60";"0.65";"0.18";"122.8";"15.22"
"1757 Golf Club";"Aug 11, 2026, 11:00:00";"57";"1.39";"0.17";"132.05";"12.58"
"1757 Golf Club";"Aug 11, 2026, 10:00:00";"56";"5.61";"0.17";"177.44";"11.23"
"1757 Golf Club";"Aug 11, 2026, 09:00:00";"57";"8.45";"0.16";"210.36";"10.62"
"1757 Golf Club";"Aug 11, 2026, 08:00:00";"60";"7.93";"0.2";"253.52";"15.72"
"1757 Golf Club";"Aug 11, 2026, 07:00:00";"57";"5.15";"0.12";"212.51";"16.51"
"1757 Golf Club";"Aug 11, 2026, 06:00:00";"40";"2.82";"0.1";"187.64";"8.98"
"1757 Golf Club";"Aug 11, 2026, 05:00:00";"33";"3.04";"0.1";"233.1";"6.09"
"1757 Golf Club";"Aug 11, 2026, 04:00:00";"33";"5.01";"0.09";"232.8";"5.18"
"1757 Golf Club";"Aug 11, 2026, 03:00:00";"35";"3.44";"0.08";"230.81";"6.5"
"1757 Golf Club";"Aug 11, 2026, 02:00:00";"34";"3.64";"0.08";"207.39";"5.92"
"1757 Golf Club";"Aug 11, 2026, 01:00:00";"35";"4.49";"0.09";"207.15";"5.8"
"1757 Golf Club";"Aug 11, 2026, 00:00:00";"37";"7.71";"0.1";"220";"6.53"
"1757 Golf Club";"Aug 10, 2026, 23:00:00";"38";"14.14";"0.11";"225.84";"7.27"
"1757 Golf Club";"Aug 10, 2026, 22:00:00";"35";"11.47";"0.11";"240.6";"6.14"
"1757 Golf Club";"Aug 10, 2026, 21:00:00";"35";"8.39";"0.12";"238.61";"5.84"
"1757 Golf Club";"Aug 10, 2026, 20:00:00";"39";"11.17";"0.12";"215.01";"5.3"
"1757 Golf Club";"Aug 10, 2026, 19:00:00";"48";"15.15";"0.15";"235.52";"6.71"
"1757 Golf Club";"Aug 10, 2026, 18:00:00";"54";"11.85";"0.13";"224.43";"8.85"
"1757 Golf Club";"Aug 10, 2026, 17:00:00";"57";"9.03";"0.11";"129.72";"6.54"
"1757 Golf Club";"Aug 10, 2026, 16:00:00";"67";"1.42";"0.2";"68.34";"16.49"
"1757 Golf Club";"Aug 10, 2026, 15:00:00";"68";"1.15";"0.19";"73.54";"17.24"
"1757 Golf Club";"Aug 10, 2026, 14:00:00";"68";"0.13";"0.17";"76.41";"18.51"
"1757 Golf Club";"Aug 10, 2026, 13:00:00";"68";"0.31";"0.16";"79.52";"17.97"
"1757 Golf Club";"Aug 10, 2026, 12:00:00";"68";"0";"0.16";"84.43";"18.33"
"1757 Golf Club";"Aug 10, 2026, 11:00:00";"68";"0";"0.18";"106.58";"21.36"
"1757 Golf Club";"Aug 10, 2026, 10:00:00";"65";"0.32";"0.22";"166.04";"15.5"
"1757 Golf Club";"Aug 10, 2026, 09:00:00";"65";"3.09";"0.23";"205.65";"13.75"
"1757 Golf Club";"Aug 10, 2026, 08:00:00";"67";"7.26";"0.25";"285.2";"16.25"
"1757 Golf Club";"Aug 10, 2026, 07:00:00";"68";"5.66";"0.27";"304.11";"18.19"
"1757 Golf Club";"Aug 10, 2026, 06:00:00";"68";"3.17";"0.3";"268.5";"19.11"
"1757 Golf Club";"Aug 10, 2026, 05:00:00";"67";"2.81";"0.13";"256.99";"17.6"
"1757 Golf Club";"Aug 10, 2026, 04:00:00";"67";"3.4";"0.16";"267.96";"19.87"
"1757 Golf Club";"Aug 10, 2026, 03:00:00";"65";"3.16";"0.16";"244.94";"19.57"
"1757 Golf Club";"Aug 10, 2026, 02:00:00";"63";"3.74";"0.18";"193.78";"15.45"
"1757 Golf Club";"Aug 10, 2026, 01:00:00";"64";"4.21";"0.2";"164.38";"14.87"
"1757 Golf Club";"Aug 10, 2026, 00:00:00";"64";"5.12";"0.21";"117.61";"14.82"
"1757 Golf Club";"Aug 9, 2026, 23:00:00";"64";"6.87";"0.21";"99.56";"15.39"
"1757 Golf Club";"Aug 9, 2026, 22:00:00";"64";"6.17";"0.21";"83.29";"14.98"
"1757 Golf Club";"Aug 9, 2026, 21:00:00";"65";"6.2";"0.21";"55.83";"15.72"
"1757 Golf Club";"Aug 9, 2026, 20:00:00";"67";"3.79";"0.19";"39.8";"17.47"
"1757 Golf Club";"Aug 9, 2026, 19:00:00";"67";"2.42";"0.19";"38.6";"17.92"
"1757 Golf Club";"Aug 9, 2026, 18:00:00";"66";"0.72";"0.18";"36.34";"17.77"
"1757 Golf Club";"Aug 9, 2026, 17:00:00";"64";"11.88";"0.17";"26.16";"16.57"
"1757 Golf Club";"Aug 9, 2026, 16:00:00";"62";"0";"0.13";"17.29";"14.47"
"1757 Golf Club";"Aug 9, 2026, 15:00:00";"63";"0";"0.13";"30.01";"16.05"
"1757 Golf Club";"Aug 9, 2026, 14:00:00";"61";"0";"0.14";"61.16";"15.62"
"1757 Golf Club";"Aug 9, 2026, 13:00:00";"58";"0";"0.15";"99.59";"14.65"
"1757 Golf Club";"Aug 9, 2026, 12:00:00";"54";"0";"0.14";"118.32";"11.85"
"1757 Golf Club";"Aug 9, 2026, 11:00:00";"52";"0";"0.12";"130.39";"10.75"
"1757 Golf Club";"Aug 9, 2026, 10:00:00";"47";"0";"0.14";"157.72";"10.11"
"1757 Golf Club";"Aug 9, 2026, 09:00:00";"40";"0.88";"0.18";"232.45";"7.43"
"1757 Golf Club";"Aug 9, 2026, 08:00:00";"39";"6.18";"0.26";"291.92";"6.74"
"1757 Golf Club";"Aug 9, 2026, 07:00:00";"40";"6.05";"0.62";"268.03";"8.68"
"1757 Golf Club";"Aug 9, 2026, 06:00:00";"35";"4.93";"0.19";"231.65";"5.87"
"1757 Golf Club";"Aug 9, 2026, 05:00:00";"37";"7.48";"0.15";"215.26";"5.77"
"1757 Golf Club";"Aug 9, 2026, 04:00:00";"40";"5.33";"0.12";"198.93";"8"
"1757 Golf Club";"Aug 9, 2026, 03:00:00";"38";"5.58";"0.13";"179.23";"7.31"
"1757 Golf Club";"Aug 9, 2026, 02:00:00";"35";"6.09";"0.16";"147.34";"6.21"
"1757 Golf Club";"Aug 9, 2026, 01:00:00";"35";"12.68";"0.17";"102.56";"5.89"
"1757 Golf Club";"Aug 9, 2026, 00:00:00";"37";"14.73";"0.19";"74.01";"6"
"1757 Golf Club";"Aug 8, 2026, 23:00:00";"38";"11.15";"0.2";"75.09";"6.59"
"1757 Golf Club";"Aug 8, 2026, 22:00:00";"40";"11.88";"0.18";"75.4";"6.71"
"1757 Golf Club";"Aug 8, 2026, 21:00:00";"42";"9.94";"0.16";"53.68";"6.8"
"1757 Golf Club";"Aug 8, 2026, 20:00:00";"45";"5.4";"0.17";"59.34";"7.26"
"1757 Golf Club";"Aug 8, 2026, 19:00:00";"51";"2.42";"0.17";"63.97";"8.94"
"1757 Golf Club";"Aug 8, 2026, 18:00:00";"52";"1.23";"0.18";"66.29";"9.22"
"1757 Golf Club";"Aug 8, 2026, 17:00:00";"52";"2.49";"0.19";"84.41";"9.18"
"1757 Golf Club";"Aug 8, 2026, 16:00:00";"52";"0.24";"0.18";"70.4";"10.87"
"1757 Golf Club";"Aug 8, 2026, 15:00:00";"46";"0";"0.18";"84.3";"10.39"
"1757 Golf Club";"Aug 8, 2026, 14:00:00";"34";"0.08";"0.16";"109.7";"6.38"
"1757 Golf Club";"Aug 8, 2026, 13:00:00";"33";"0";"0.15";"104.94";"6.88"
"1757 Golf Club";"Aug 8, 2026, 12:00:00";"27";"0";"0.15";"111.98";"5.44"
"1757 Golf Club";"Aug 8, 2026, 11:00:00";"24";"0";"0.16";"147.94";"4.54"
"1757 Golf Club";"Aug 8, 2026, 10:00:00";"23";"1.27";"0.19";"247.09";"4.24"
"1757 Golf Club";"Aug 8, 2026, 09:00:00";"23";"8.91";"0.21";"307.6";"3.7"
"1757 Golf Club";"Aug 8, 2026, 08:00:00";"25";"11.05";"0.18";"328.21";"4.16"
"1757 Golf Club";"Aug 8, 2026, 07:00:00";"27";"6.83";"0.2";"331.42";"5.04"
"1757 Golf Club";"Aug 8, 2026, 06:00:00";"25";"5.57";"0.23";"304.56";"5.74"
"1757 Golf Club";"Aug 8, 2026, 05:00:00";"19";"4.12";"0.12";"264.74";"3.71"
"1757 Golf Club";"Aug 8, 2026, 04:00:00";"18";"9.4";"0.14";"239.79";"3.28"
"1757 Golf Club";"Aug 8, 2026, 03:00:00";"17";"10.4";"0.14";"220.24";"3.01"
"1757 Golf Club";"Aug 8, 2026, 02:00:00";"16";"8.08";"0.14";"209.7";"2.95"
"1757 Golf Club";"Aug 8, 2026, 01:00:00";"15";"8.5";"0.13";"179.93";"2.78"
"1757 Golf Club";"Aug 8, 2026, 00:00:00";"16";"10.8";"0.15";"150.53";"2.98"
"1757 Golf Club";"Aug 7, 2026, 23:00:00";"15";"6.37";"0.14";"138.28";"2.61"
"1757 Golf Club";"Aug 7, 2026, 22:00:00";"15";"9.99";"0.16";"116.39";"2.22"
"1757 Golf Club";"Aug 7, 2026, 21:00:00";"17";"7.83";"0.16";"136.28";"2.72"
"1757 Golf Club";"Aug 7, 2026, 20:00:00";"19";"4.35";"0.15";"143.28";"2.36"
"1757 Golf Club";"Aug 7, 2026, 19:00:00";"25";"3.92";"0.17";"144.32";"3.87"
"1757 Golf Club";"Aug 7, 2026, 18:00:00";"28";"2.65";"0.19";"137.49";"5.42"
"1757 Golf Club";"Aug 7, 2026, 17:00:00";"25";"3.02";"0.19";"125.63";"4.53"
"1757 Golf Club";"Aug 7, 2026, 16:00:00";"25";"1.19";"0.17";"97.5";"4.58"
"1757 Golf Club";"Aug 7, 2026, 15:00:00";"25";"0.73";"0.17";"119.43";"4.8"
"1757 Golf Club";"Aug 7, 2026, 14:00:00";"24";"0.5";"0.15";"115.34";"4.31"
"1757 Golf Club";"Aug 7, 2026, 13:00:00";"24";"0";"0.14";"118.42";"3.75"
"1757 Golf Club";"Aug 7, 2026, 12:00:00";"26";"0.21";"0.17";"168.13";"4.59"
"1757 Golf Club";"Aug 7, 2026, 11:00:00";"26";"2.89";"0.2";"221.55";"4.6"
"1757 Golf Club";"Aug 7, 2026, 10:00:00";"26";"7.76";"0.21";"292.09";"4.03"
"1757 Golf Club";"Aug 7, 2026, 09:00:00";"28";"15.51";"0.27";"385.59";"4.85"
"1757 Golf Club";"Aug 7, 2026, 08:00:00";"29";"12.71";"0.26";"415.37";"4.3"
"1757 Golf Club";"Aug 7, 2026, 07:00:00";"35";"10.27";"0.28";"388.57";"6.79"
"1757 Golf Club";"Aug 7, 2026, 06:00:00";"32";"7.57";"0.27";"368.87";"6.57"
"1757 Golf Club";"Aug 7, 2026, 05:00:00";"27";"7.65";"0.13";"357.34";"5.12"
"1757 Golf Club";"Aug 7, 2026, 04:00:00";"25";"10.73";"0.15";"342.93";"4.01"
"1757 Golf Club";"Aug 7, 2026, 03:00:00";"27";"9.58";"0.15";"384.92";"4.81"
"1757 Golf Club";"Aug 7, 2026, 02:00:00";"28";"8.88";"0.14";"394.13";"5.28"
"1757 Golf Club";"Aug 7, 2026, 01:00:00";"26";"8.5";"0.17";"402.05";"5.34"
"1757 Golf Club";"Aug 7, 2026, 00:00:00";"23";"14.2";"0.17";"365.48";"4.15"
"1757 Golf Club";"Aug 6, 2026, 23:00:00";"22";"5.6";"0.1";"326.71";"4.19"
"1757 Golf Club";"Aug 6, 2026, 22:00:00";"20";"7.32";"0.1";"282.3";"2.65"
"1757 Golf Club";"Aug 6, 2026, 21:00:00";"24";"8.46";"0.12";"298.99";"3.57"
"1757 Golf Club";"Aug 6, 2026, 20:00:00";"29";"7.39";"0.13";"290.54";"5.43"
"1757 Golf Club";"Aug 6, 2026, 19:00:00";"28";"8.36";"0.19";"297.77";"4.83"
"1757 Golf Club";"Aug 6, 2026, 18:00:00";"29";"7.69";"0.21";"281.65";"4.47"
"1757 Golf Club";"Aug 6, 2026, 17:00:00";"33";"13.26";"0.18";"288.98";"4.77"
"1757 Golf Club";"Aug 6, 2026, 16:00:00";"39";"6.05";"0.11";"120.15";"4.33"
"1757 Golf Club";"Aug 6, 2026, 15:00:00";"52";"1.74";"0.18";"109.36";"9.62"
"1757 Golf Club";"Aug 6, 2026, 14:00:00";"52";"0";"0.17";"119.54";"9.53"
"1757 Golf Club";"Aug 6, 2026, 13:00:00";"52";"0.36";"0.16";"158.59";"8.57"
"1757 Golf Club";"Aug 6, 2026, 12:00:00";"53";"0.15";"0.16";"205.82";"9.44"
"1757 Golf Club";"Aug 6, 2026, 11:00:00";"53";"0";"0.19";"250.28";"10.17"
"1757 Golf Club";"Aug 6, 2026, 10:00:00";"53";"0.5";"0.19";"329.44";"9.74"
"1757 Golf Club";"Aug 6, 2026, 09:00:00";"53";"3.87";"0.18";"408.88";"9.98"
"1757 Golf Club";"Aug 6, 2026, 08:00:00";"54";"6.97";"0.18";"411.31";"10.12"
"1757 Golf Club";"Aug 6, 2026, 07:00:00";"54";"7";"0.17";"390.58";"10.7"
"1757 Golf Club";"Aug 6, 2026, 06:00:00";"54";"4.17";"0.16";"367.57";"10.71"
"1757 Golf Club";"Aug 6, 2026, 05:00:00";"53";"3.27";"0.15";"342.51";"10.23"
"1757 Golf Club";"Aug 6, 2026, 04:00:00";"53";"5.97";"0.15";"315.77";"9.92"
"1757 Golf Club";"Aug 6, 2026, 03:00:00";"53";"3.37";"0.15";"284.15";"9.78"
"1757 Golf Club";"Aug 6, 2026, 02:00:00";"53";"3.36";"0.15";"247.09";"9.84"
"1757 Golf Club";"Aug 6, 2026, 01:00:00";"52";"10.29";"0.15";"217.91";"10.14"
"1757 Golf Club";"Aug 6, 2026, 00:00:00";"50";"13.25";"0.16";"196.72";"9.94"
"1757 Golf Club";"Aug 5, 2026, 23:00:00";"45";"9.62";"0.17";"170.97";"10.08"
"1757 Golf Club";"Aug 5, 2026, 22:00:00";"34";"0";"0";"0";"9.53"
"1757 Golf Club";"Aug 5, 2026, 21:00:00";"15";"4.62";"0.15";"171.78";"3.71"
"1757 Golf Club";"Aug 5, 2026, 20:00:00";"10";"3.76";"0.14";"179.05";"2.22"
"1757 Golf Club";"Aug 5, 2026, 19:00:00";"8";"1.08";"0.13";"186.95";"1.14"
"1757 Golf Club";"Aug 5, 2026, 18:00:00";"9";"0.17";"0.11";"181.77";"1.45"
"1757 Golf Club";"Aug 5, 2026, 17:00:00";"9";"0";"0.12";"221.77";"1.25"
"1757 Golf Club";"Aug 5, 2026, 16:00:00";"10";"0.23";"0.12";"250.59";"1.86"
"1757 Golf Club";"Aug 5, 2026, 15:00:00";"11";"2.87";"0.11";"272.74";"1.89"
"1757 Golf Club";"Aug 5, 2026, 14:00:00";"11";"1.08";"0.1";"261.15";"1.73"
"1757 Golf Club";"Aug 5, 2026, 13:00:00";"13";"0.71";"0.09";"270.21";"2.05"
"1757 Golf Club";"Aug 5, 2026, 12:00:00";"13";"1.19";"0.1";"306.61";"1.74"
"1757 Golf Club";"Aug 5, 2026, 11:00:00";"17";"2.32";"0.13";"430.4";"2.5"
"1757 Golf Club";"Aug 5, 2026, 10:00:00";"19";"3.78";"0.22";"515.52";"2.5"
"1757 Golf Club";"Aug 5, 2026, 09:00:00";"25";"4.52";"0.12";"518.32";"2.79"
"1757 Golf Club";"Aug 5, 2026, 08:00:00";"34";"6.92";"0.13";"517.64";"5.45"
"1757 Golf Club";"Aug 5, 2026, 07:00:00";"38";"5.89";"0.12";"519.35";"6.91"
"1757 Golf Club";"Aug 5, 2026, 06:00:00";"37";"5.15";"0.12";"416.99";"7.58"
"1757 Golf Club";"Aug 5, 2026, 05:00:00";"30";"5.31";"0.12";"364.98";"6.26"
"1757 Golf Club";"Aug 5, 2026, 04:00:00";"25";"5.76";"0.12";"272.59";"5.88"
"1757 Golf Club";"Aug 5, 2026, 03:00:00";"19";"3.92";"0.12";"156.14";"3.36"
"1757 Golf Club";"Aug 5, 2026, 02:00:00";"20";"3.38";"0.13";"150.01";"3.62"
"1757 Golf Club";"Aug 5, 2026, 01:00:00";"20";"3.99";"0.14";"135.13";"3.47"
"1757 Golf Club";"Aug 5, 2026, 00:00:00";"20";"4.9";"0.15";"123.82";"3.39"
"1757 Golf Club";"Aug 4, 2026, 23:00:00";"20";"5.46";"0.17";"116.34";"3.23"
"1757 Golf Club";"Aug 4, 2026, 22:00:00";"22";"6.58";"0.18";"105.36";"3.44"
"1757 Golf Club";"Aug 4, 2026, 21:00:00";"23";"7.93";"0.19";"84.79";"3.84"
"1757 Golf Club";"Aug 4, 2026, 20:00:00";"24";"7.74";"0.19";"59.79";"3.99"
"1757 Golf Club";"Aug 4, 2026, 19:00:00";"25";"5.96";"0.18";"37.45";"4.53"
"1757 Golf Club";"Aug 4, 2026, 18:00:00";"26";"2.51";"0.16";"28.96";"4.77"
"1757 Golf Club";"Aug 4, 2026, 17:00:00";"25";"3.89";"0.16";"35.38";"4.4"
"1757 Golf Club";"Aug 4, 2026, 16:00:00";"26";"1.47";"0.16";"40.54";"4.82"
"1757 Golf Club";"Aug 4, 2026, 15:00:00";"25";"1.04";"0.16";"49.01";"5.04"
"1757 Golf Club";"Aug 4, 2026, 14:00:00";"23";"1.03";"0.15";"43.27";"4.71"
"1757 Golf Club";"Aug 4, 2026, 13:00:00";"20";"0";"0.12";"34.84";"4.15"
"1757 Golf Club";"Aug 4, 2026, 12:00:00";"19";"0";"0.14";"58.45";"3.58"
"1757 Golf Club";"Aug 4, 2026, 11:00:00";"18";"0";"0.13";"78.08";"2.76"
"1757 Golf Club";"Aug 4, 2026, 10:00:00";"20";"2.84";"0.13";"100.87";"3.02"
"1757 Golf Club";"Aug 4, 2026, 09:00:00";"22";"5.31";"0.12";"119.95";"3.36"
"1757 Golf Club";"Aug 4, 2026, 08:00:00";"23";"6.4";"0.11";"126.5";"3.53"
"1757 Golf Club";"Aug 4, 2026, 07:00:00";"24";"6.25";"0.17";"119.51";"4.08"
"1757 Golf Club";"Aug 4, 2026, 06:00:00";"24";"4.36";"0.11";"105.21";"4.38"
"1757 Golf Club";"Aug 4, 2026, 05:00:00";"24";"3.92";"0.08";"89.64";"4.3"
"1757 Golf Club";"Aug 4, 2026, 04:00:00";"24";"3.83";"0.08";"71.59";"4.35"
"1757 Golf Club";"Aug 4, 2026, 03:00:00";"24";"3.69";"0.08";"59.79";"4.23"
"1757 Golf Club";"Aug 4, 2026, 02:00:00";"25";"2.71";"0.09";"53.67";"4.66"
"1757 Golf Club";"Aug 4, 2026, 01:00:00";"24";"5";"0.1";"49.2";"4.34"
"1757 Golf Club";"Aug 4, 2026, 00:00:00";"24";"5.23";"0.12";"37";"4.34"
"1757 Golf Club";"Aug 3, 2026, 23:00:00";"24";"5.02";"0.13";"28.1";"4.17"
"1757 Golf Club";"Aug 3, 2026, 22:00:00";"24";"5.37";"0.13";"24.88";"4.6"
"1757 Golf Club";"Aug 3, 2026, 21:00:00";"23";"5.11";"0.14";"26.99";"4.65"
"1757 Golf Club";"Aug 3, 2026, 20:00:00";"20";"4.33";"0.13";"20.99";"4.06"
"1757 Golf Club";"Aug 3, 2026, 19:00:00";"18";"2.89";"0.11";"9.24";"3.92"
"1757 Golf Club";"Aug 3, 2026, 18:00:00";"15";"0.87";"0.1";"13.37";"3.36"
"1757 Golf Club";"Aug 3, 2026, 17:00:00";"10";"0.22";"0.11";"30.29";"1.43"
"1757 Golf Club";"Aug 3, 2026, 16:00:00";"13";"0";"0.12";"51.74";"0.97"
"1757 Golf Club";"Aug 3, 2026, 15:00:00";"21";"0.01";"0.14";"99.87";"1.95"
"1757 Golf Club";"Aug 3, 2026, 14:00:00";"32";"0.5";"0.13";"120.61";"4.8"
"1757 Golf Club";"Aug 3, 2026, 13:00:00";"36";"0.28";"0.12";"121.26";"5.46"
"1757 Golf Club";"Aug 3, 2026, 12:00:00";"41";"0";"0.12";"167.92";"6.75"
"1757 Golf Club";"Aug 3, 2026, 11:00:00";"44";"0";"0.12";"248.14";"7.39"
"1757 Golf Club";"Aug 3, 2026, 10:00:00";"47";"0.67";"0.14";"383.79";"8.24"
"1757 Golf Club";"Aug 3, 2026, 09:00:00";"49";"5.1";"0.15";"480.82";"9.28"
"1757 Golf Club";"Aug 3, 2026, 08:00:00";"45";"6.92";"0.13";"515.79";"9.2"
"1757 Golf Club";"Aug 3, 2026, 07:00:00";"40";"4.77";"0.12";"516.73";"8.13"
"1757 Golf Club";"Aug 3, 2026, 06:00:00";"34";"3.34";"0.1";"539.05";"7.19"
"1757 Golf Club";"Aug 3, 2026, 05:00:00";"30";"3.49";"0.08";"516.37";"5.85"
"1757 Golf Club";"Aug 3, 2026, 04:00:00";"28";"3.67";"0.08";"508.86";"4.27"
"1757 Golf Club";"Aug 3, 2026, 03:00:00";"30";"4.29";"0.08";"506.29";"5.31"
"1757 Golf Club";"Aug 3, 2026, 02:00:00";"31";"3.39";"0.08";"505.06";"5.96"
"1757 Golf Club";"Aug 3, 2026, 01:00:00";"29";"6.09";"0.09";"487.46";"5.24"
"1757 Golf Club";"Aug 3, 2026, 00:00:00";"28";"9.62";"0.1";"479.53";"5.12"
"1757 Golf Club";"Aug 2, 2026, 23:00:00";"28";"7.35";"0.09";"456.64";"4.71"
"1757 Golf Club";"Aug 2, 2026, 22:00:00";"30";"8.02";"0.1";"420.77";"4.31"
"1757 Golf Club";"Aug 2, 2026, 21:00:00";"37";"5.43";"0.11";"389.01";"6.02"
"1757 Golf Club";"Aug 2, 2026, 20:00:00";"38";"3.67";"0.12";"344.32";"7.86"
"1757 Golf Club";"Aug 2, 2026, 19:00:00";"34";"3.79";"0.15";"332.54";"5.71"
"1757 Golf Club";"Aug 2, 2026, 18:00:00";"37";"3.43";"0.16";"368.22";"6.03"
"1757 Golf Club";"Aug 2, 2026, 17:00:00";"38";"3.94";"0.14";"345.52";"7.08"
"1757 Golf Club";"Aug 2, 2026, 16:00:00";"38";"1.92";"0.13";"287.12";"6.28"
"1757 Golf Club";"Aug 2, 2026, 15:00:00";"40";"5.17";"0.14";"317.46";"6.48"
"1757 Golf Club";"Aug 2, 2026, 14:00:00";"43";"5.25";"0.13";"352.81";"6.4"
"1757 Golf Club";"Aug 2, 2026, 13:00:00";"49";"5.61";"0.16";"383.43";"9.7"
"1757 Golf Club";"Aug 2, 2026, 12:00:00";"45";"5.49";"0.14";"307.51";"9.22"
"1757 Golf Club";"Aug 2, 2026, 11:00:00";"39";"5.68";"0.13";"263.7";"7.82"
"1757 Golf Club";"Aug 2, 2026, 10:00:00";"37";"4.9";"0.13";"223.25";"7.1"
"1757 Golf Club";"Aug 2, 2026, 09:00:00";"33";"4.96";"0.13";"184.09";"6.37"
"1757 Golf Club";"Aug 2, 2026, 08:00:00";"30";"5.49";"0.11";"164.67";"5.5"
"1757 Golf Club";"Aug 2, 2026, 07:00:00";"30";"5.03";"0.11";"138.24";"5.51"
"1757 Golf Club";"Aug 2, 2026, 06:00:00";"30";"4.44";"0.13";"119.73";"5.15"
"1757 Golf Club";"Aug 2, 2026, 05:00:00";"31";"4.65";"0.11";"103.26";"5.42"
"1757 Golf Club";"Aug 2, 2026, 04:00:00";"32";"4.94";"0.11";"83.53";"5.09"
"1757 Golf Club";"Aug 2, 2026, 03:00:00";"36";"4.24";"0.11";"82.16";"5.37"
"1757 Golf Club";"Aug 2, 2026, 02:00:00";"42";"3.63";"0.12";"81.69";"5.99"
"1757 Golf Club";"Aug 2, 2026, 01:00:00";"50";"3.53";"0.13";"85.49";"6.81"
"1757 Golf Club";"Aug 2, 2026, 00:00:00";"55";"4.08";"0.16";"95.24";"9.27"
"1757 Golf Club";"Aug 1, 2026, 23:00:00";"58";"5.42";"0.18";"109.33";"11.34"
"1757 Golf Club";"Aug 1, 2026, 22:00:00";"61";"4.83";"0.19";"94.18";"13.6"
"1757 Golf Club";"Aug 1, 2026, 21:00:00";"62";"5.38";"0.2";"90.98";"14.3"
"1757 Golf Club";"Aug 1, 2026, 20:00:00";"62";"4.57";"0.2";"82.68";"16.41"
"1757 Golf Club";"Aug 1, 2026, 19:00:00";"60";"5.02";"0.2";"74.3";"16.33"
"1757 Golf Club";"Aug 1, 2026, 18:00:00";"54";"5.25";"0.2";"58.56";"12.32"
"1757 Golf Club";"Aug 1, 2026, 17:00:00";"52";"3.81";"0.17";"32.33";"9.91"
"1757 Golf Club";"Aug 1, 2026, 16:00:00";"48";"2.65";"0.17";"33.24";"9.4"
"1757 Golf Club";"Aug 1, 2026, 15:00:00";"42";"0.74";"0.14";"23.22";"8.05"
"1757 Golf Club";"Aug 1, 2026, 14:00:00";"40";"1.78";"0.15";"41.44";"7.75"
"1757 Golf Club";"Aug 1, 2026, 13:00:00";"37";"2.23";"0.15";"51.63";"7.04"
"1757 Golf Club";"Aug 1, 2026, 12:00:00";"36";"2.64";"0.16";"55.5";"6.92"
"1757 Golf Club";"Aug 1, 2026, 11:00:00";"35";"4.03";"0.19";"81.03";"6.91"
"1757 Golf Club";"Aug 1, 2026, 10:00:00";"32";"15.45";"0.22";"108.86";"6.27"
"1757 Golf Club";"Aug 1, 2026, 09:00:00";"30";"9.66";"0.18";"110.3";"5.63"
"1757 Golf Club";"Aug 1, 2026, 08:00:00";"29";"15.85";"0.21";"140.36";"5.25"
"1757 Golf Club";"Aug 1, 2026, 07:00:00";"28";"8.68";"0.31";"91.97";"5.21"
"1757 Golf Club";"Aug 1, 2026, 06:00:00";"27";"8.16";"0.24";"53.95";"4.53"
"1757 Golf Club";"Aug 1, 2026, 05:00:00";"28";"6.85";"0.12";"40.46";"4.39"
"1757 Golf Club";"Aug 1, 2026, 04:00:00";"32";"9.15";"0.14";"55.79";"5.17"
"1757 Golf Club";"Aug 1, 2026, 03:00:00";"36";"7.67";"0.1";"58.37";"6.21"
"1757 Golf Club";"Aug 1, 2026, 02:00:00";"37";"10.39";"0.12";"38.25";"5.95"
"1757 Golf Club";"Aug 1, 2026, 01:00:00";"41";"17.21";"0.15";"27.19";"6.47"
"1757 Golf Club";"Aug 1, 2026, 00:00:00";"45";"16.38";"0.2";"16.78";"7.75"
"1757 Golf Club";"Jul 31, 2026, 23:00:00";"46";"8.81";"0.19";"35.68";"7.69"
"1757 Golf Club";"Jul 31, 2026, 22:00:00";"46";"8.29";"0.17";"25.9";"7.3"
"1757 Golf Club";"Jul 31, 2026, 21:00:00";"50";"5.81";"0.15";"4.35";"8.06"
"1757 Golf Club";"Jul 31, 2026, 20:00:00";"53";"3.9";"0.15";"3.1";"9.37"
"1757 Golf Club";"Jul 31, 2026, 19:00:00";"53";"1.3";"0.14";"1.31";"9.96"
"1757 Golf Club";"Jul 31, 2026, 18:00:00";"54";"1.13";"0.14";"4.86";"10.67"
"1757 Golf Club";"Jul 31, 2026, 17:00:00";"53";"0.74";"0.14";"11.77";"10.58"
"1757 Golf Club";"Jul 31, 2026, 16:00:00";"53";"2.12";"0.13";"6.98";"10.19"
"1757 Golf Club";"Jul 31, 2026, 15:00:00";"52";"0.47";"0.12";"8.98";"10.06"
"1757 Golf Club";"Jul 31, 2026, 14:00:00";"48";"1.09";"0.12";"14.88";"9.47"
"1757 Golf Club";"Jul 31, 2026, 13:00:00";"43";"0.58";"0.11";"20.44";"9.38"
"1757 Golf Club";"Jul 31, 2026, 12:00:00";"33";"0.09";"0.12";"48.59";"6.82"
"1757 Golf Club";"Jul 31, 2026, 11:00:00";"28";"0";"0.12";"49.41";"5.91"
"1757 Golf Club";"Jul 31, 2026, 10:00:00";"23";"1.22";"0.12";"47.14";"4.73"
"1757 Golf Club";"Jul 31, 2026, 09:00:00";"20";"5.78";"0.11";"46.66";"3.61"
"1757 Golf Club";"Jul 31, 2026, 08:00:00";"20";"6.2";"0.11";"40.61";"3.56"
"1757 Golf Club";"Jul 31, 2026, 07:00:00";"21";"5.77";"0.11";"36.41";"3.45"
"1757 Golf Club";"Jul 31, 2026, 06:00:00";"22";"5.98";"0.2";"37.77";"4.19"
"1757 Golf Club";"Jul 31, 2026, 05:00:00";"22";"3.31";"0.07";"31.6";"4.69"
"1757 Golf Club";"Jul 31, 2026, 04:00:00";"19";"3.79";"0.08";"29.36";"3.37"
"1757 Golf Club";"Jul 31, 2026, 03:00:00";"18";"3.83";"0.09";"31.38";"3.32"
"1757 Golf Club";"Jul 31, 2026, 02:00:00";"18";"3.04";"0.11";"33.29";"3.55"
"1757 Golf Club";"Jul 31, 2026, 01:00:00";"18";"4.04";"0.11";"27.55";"2.9"
"1757 Golf Club";"Jul 31, 2026, 00:00:00";"19";"1.95";"0.12";"28.22";"3.68"
"1757 Golf Club";"Jul 30, 2026, 23:00:00";"18";"1.27";"0.11";"18.84";"3.38"
"1757 Golf Club";"Jul 30, 2026, 22:00:00";"18";"2.91";"0.12";"17.36";"2.94"
"1757 Golf Club";"Jul 30, 2026, 21:00:00";"18";"2.85";"0.12";"9.74";"3.01"
"1757 Golf Club";"Jul 30, 2026, 20:00:00";"19";"3.16";"0.12";"4.89";"3.16"
"1757 Golf Club";"Jul 30, 2026, 19:00:00";"19";"2.47";"0.13";"0.97";"3.28"
"1757 Golf Club";"Jul 30, 2026, 18:00:00";"19";"2.95";"0.13";"0.52";"3.33"
"1757 Golf Club";"Jul 30, 2026, 17:00:00";"20";"2";"0.12";"0.4";"3.33"
"1757 Golf Club";"Jul 30, 2026, 16:00:00";"20";"0.47";"0.13";"3.22";"3.43"
"1757 Golf Club";"Jul 30, 2026, 15:00:00";"21";"0.61";"0.12";"3.01";"3.61"
"1757 Golf Club";"Jul 30, 2026, 14:00:00";"22";"0.76";"0.11";"2.59";"3.91"
"1757 Golf Club";"Jul 30, 2026, 13:00:00";"22";"0.54";"0.1";"0.09";"3.98"
"1757 Golf Club";"Jul 30, 2026, 12:00:00";"22";"0.24";"0.09";"0";"4.13"
"1757 Golf Club";"Jul 30, 2026, 11:00:00";"20";"1.14";"0.09";"0.02";"3.81"
"1757 Golf Club";"Jul 30, 2026, 10:00:00";"18";"2.55";"0.07";"2.56";"3.38"
"1757 Golf Club";"Jul 30, 2026, 09:00:00";"18";"3.57";"0.07";"14.06";"3.03"
"1757 Golf Club";"Jul 30, 2026, 08:00:00";"19";"5.56";"0.06";"19.89";"3"
"1757 Golf Club";"Jul 30, 2026, 07:00:00";"20";"4.68";"0.06";"15.69";"3.22"
"1757 Golf Club";"Jul 30, 2026, 06:00:00";"23";"3.58";"0.06";"13.66";"3.32"
"1757 Golf Club";"Jul 30, 2026, 05:00:00";"27";"3.78";"0.06";"16.1";"4.09"
"1757 Golf Club";"Jul 30, 2026, 04:00:00";"31";"3.45";"0.07";"15.13";"4.83"
"1757 Golf Club";"Jul 30, 2026, 03:00:00";"35";"3.56";"0.07";"12.77";"5.66"
"1757 Golf Club";"Jul 30, 2026, 02:00:00";"38";"3.41";"0.09";"17.81";"6.44"
"1757 Golf Club";"Jul 30, 2026, 01:00:00";"40";"4.39";"0.09";"17.36";"6.92"
"1757 Golf Club";"Jul 30, 2026, 00:00:00";"42";"4.48";"0.1";"16.31";"7.15"
"1757 Golf Club";"Jul 29, 2026, 23:00:00";"42";"4.31";"0.11";"13.69";"6.7"
"1757 Golf Club";"Jul 29, 2026, 22:00:00";"47";"3.88";"0.12";"10.01";"7.19"
"1757 Golf Club";"Jul 29, 2026, 21:00:00";"53";"4.39";"0.12";"10.61";"9.37"
"1757 Golf Club";"Jul 29, 2026, 20:00:00";"54";"4.36";"0.12";"9.26";"9.28"
"1757 Golf Club";"Jul 29, 2026, 19:00:00";"54";"4.65";"0.13";"8.07";"9.32"
"1757 Golf Club";"Jul 29, 2026, 18:00:00";"56";"2.49";"0.13";"6.72";"11.06"
"1757 Golf Club";"Jul 29, 2026, 17:00:00";"56";"1.82";"0.14";"12.51";"11.1"
"1757 Golf Club";"Jul 29, 2026, 16:00:00";"57";"1.93";"0.13";"9.35";"12.19"
"1757 Golf Club";"Jul 29, 2026, 15:00:00";"57";"2.7";"0.12";"8.69";"12.76"
"1757 Golf Club";"Jul 29, 2026, 14:00:00";"55";"0.88";"0.1";"8.52";"10.2"
"1757 Golf Club";"Jul 29, 2026, 13:00:00";"57";"0.35";"0.08";"11.37";"10.74"
"1757 Golf Club";"Jul 29, 2026, 12:00:00";"60";"0";"0.09";"18.7";"14.04"
"1757 Golf Club";"Jul 29, 2026, 11:00:00";"58";"0.04";"0.1";"35.83";"13.23"
"1757 Golf Club";"Jul 29, 2026, 10:00:00";"58";"0.39";"0.11";"72.83";"12.68"
"1757 Golf Club";"Jul 29, 2026, 09:00:00";"57";"3.54";"0.13";"182.33";"12.48"
"1757 Golf Club";"Jul 29, 2026, 08:00:00";"57";"5.2";"0.12";"193.94";"13.45"
"1757 Golf Club";"Jul 29, 2026, 07:00:00";"54";"4.39";"0.1";"211.57";"12.25"
"1757 Golf Club";"Jul 29, 2026, 06:00:00";"50";"4.04";"0.09";"240.42";"10.01"
"1757 Golf Club";"Jul 29, 2026, 05:00:00";"45";"3.7";"0.07";"264.08";"9.4"
"1757 Golf Club";"Jul 29, 2026, 04:00:00";"40";"3.07";"0.07";"279.83";"8.26"
"1757 Golf Club";"Jul 29, 2026, 03:00:00";"35";"3.9";"0.07";"301.04";"5.78"
"1757 Golf Club";"Jul 29, 2026, 02:00:00";"38";"3.75";"0.08";"326.7";"6.57"
"1757 Golf Club";"Jul 29, 2026, 01:00:00";"39";"4.08";"0.08";"343.43";"7.55"
"1757 Golf Club";"Jul 29, 2026, 00:00:00";"35";"5.64";"0.09";"338.89";"5.66"
"1757 Golf Club";"Jul 28, 2026, 23:00:00";"39";"4.94";"0.1";"312.28";"7.19"
"1757 Golf Club";"Jul 28, 2026, 22:00:00";"37";"6.26";"0.11";"298.03";"6.13"
"1757 Golf Club";"Jul 28, 2026, 21:00:00";"40";"7.76";"0.11";"265.07";"6.03"
"1757 Golf Club";"Jul 28, 2026, 20:00:00";"47";"8.19";"0.12";"220.64";"5.71"
"1757 Golf Club";"Jul 28, 2026, 19:00:00";"55";"7.98";"0.11";"187.93";"7.98"
"1757 Golf Club";"Jul 28, 2026, 18:00:00";"60";"4.32";"0.12";"78.16";"10.42"
"1757 Golf Club";"Jul 28, 2026, 17:00:00";"68";"2.85";"0.2";"86.22";"16.3"
"1757 Golf Club";"Jul 28, 2026, 16:00:00";"69";"1.67";"0.17";"104.49";"16.84"
"1757 Golf Club";"Jul 28, 2026, 15:00:00";"71";"0.29";"0.19";"127.35";"20.25"
"1757 Golf Club";"Jul 28, 2026, 14:00:00";"70";"0.19";"0.21";"150.6";"21.54"
"1757 Golf Club";"Jul 28, 2026, 13:00:00";"67";"2.26";"0.22";"163.83";"19.47"
"1757 Golf Club";"Jul 28, 2026, 12:00:00";"65";"6.9";"0.22";"172.16";"17.72"
"1757 Golf Club";"Jul 28, 2026, 11:00:00";"64";"8.4";"0.21";"163.36";"17.48"
"1757 Golf Club";"Jul 28, 2026, 10:00:00";"63";"8.63";"0.22";"164.73";"16.84"
"1757 Golf Club";"Jul 28, 2026, 09:00:00";"62";"11.05";"0.24";"173.66";"16.46"
"1757 Golf Club";"Jul 28, 2026, 08:00:00";"61";"13.76";"0.22";"173.03";"15.33"
"1757 Golf Club";"Jul 28, 2026, 07:00:00";"60";"13.26";"0.25";"161.09";"15.07"
"1757 Golf Club";"Jul 28, 2026, 06:00:00";"60";"8.68";"0.2";"152.94";"14.25"
"1757 Golf Club";"Jul 28, 2026, 05:00:00";"60";"5.71";"0.17";"135.23";"14.01"
"1757 Golf Club";"Jul 28, 2026, 04:00:00";"60";"5.61";"0.17";"130.18";"13.72"
"1757 Golf Club";"Jul 28, 2026, 03:00:00";"60";"8.11";"0.18";"124.79";"13.73"
"1757 Golf Club";"Jul 28, 2026, 02:00:00";"60";"6.31";"0.18";"101.26";"13.55"
"1757 Golf Club";"Jul 28, 2026, 01:00:00";"59";"9.22";"0.18";"78.11";"13.42"
"1757 Golf Club";"Jul 28, 2026, 00:00:00";"59";"11.57";"0.18";"59.68";"13.06"
"1757 Golf Club";"Jul 27, 2026, 23:00:00";"59";"9.11";"0.19";"43.84";"13.29"
"1757 Golf Club";"Jul 27, 2026, 22:00:00";"59";"8.2";"0.18";"34.64";"13.2"
"1757 Golf Club";"Jul 27, 2026, 21:00:00";"59";"7.24";"0.17";"29.46";"13.37"
"1757 Golf Club";"Jul 27, 2026, 20:00:00";"59";"4.65";"0.17";"27.89";"13.32"
"1757 Golf Club";"Jul 27, 2026, 19:00:00";"60";"4.25";"0.16";"35.87";"13.55"
"1757 Golf Club";"Jul 27, 2026, 18:00:00";"60";"1.44";"0.16";"42.6";"13.55"
"1757 Golf Club";"Jul 27, 2026, 17:00:00";"59";"1.74";"0.15";"45.27";"13.71"
"1757 Golf Club";"Jul 27, 2026, 16:00:00";"59";"0.85";"0.15";"52.73";"14.16"
"1757 Golf Club";"Jul 27, 2026, 15:00:00";"56";"2.08";"0.15";"68.29";"13.68"
"1757 Golf Club";"Jul 27, 2026, 14:00:00";"53";"0";"0.13";"57.55";"11.15"
"1757 Golf Club";"Jul 27, 2026, 13:00:00";"47";"0.13";"0.12";"74.68";"8.57"
"1757 Golf Club";"Jul 27, 2026, 12:00:00";"47";"0.17";"0.12";"96.11";"7.94"
"1757 Golf Club";"Jul 27, 2026, 11:00:00";"48";"0.01";"0.13";"114.86";"7.8"
"1757 Golf Club";"Jul 27, 2026, 10:00:00";"52";"4.86";"0.15";"142.17";"8.11"
"1757 Golf Club";"Jul 27, 2026, 09:00:00";"55";"8.74";"0.15";"194.19";"8.18"
"1757 Golf Club";"Jul 27, 2026, 08:00:00";"60";"6.23";"0.11";"230.45";"12.29"
"1757 Golf Club";"Jul 27, 2026, 07:00:00";"63";"6.24";"0.13";"247.73";"15.34"
"1757 Golf Club";"Jul 27, 2026, 06:00:00";"62";"8.4";"0.1";"250.73";"14.91"
"1757 Golf Club";"Jul 27, 2026, 05:00:00";"63";"5.65";"0.09";"252.59";"17.21"
"1757 Golf Club";"Jul 27, 2026, 04:00:00";"59";"6.51";"0.11";"284.64";"14.03"
"1757 Golf Club";"Jul 27, 2026, 03:00:00";"57";"7.62";"0.12";"255.66";"16.45"
"1757 Golf Club";"Jul 27, 2026, 02:00:00";"43";"4.69";"0.14";"158.63";"7.66"
"1757 Golf Club";"Jul 27, 2026, 01:00:00";"43";"8.07";"0.18";"170.12";"6.75"
"1757 Golf Club";"Jul 27, 2026, 00:00:00";"48";"14.15";"0.19";"177.99";"7.49"
"1757 Golf Club";"Jul 26, 2026, 23:00:00";"53";"7.25";"0.16";"170.52";"12.02"
"1757 Golf Club";"Jul 26, 2026, 22:00:00";"42";"8.99";"0.18";"101.65";"7.49"
"1757 Golf Club";"Jul 26, 2026, 21:00:00";"42";"7.8";"0.18";"69.5";"7.42"
"1757 Golf Club";"Jul 26, 2026, 20:00:00";"43";"6.8";"0.16";"45.45";"7.89"
"1757 Golf Club";"Jul 26, 2026, 19:00:00";"42";"2.26";"0.14";"43.31";"7.71"
"1757 Golf Club";"Jul 26, 2026, 18:00:00";"39";"2.27";"0.14";"60.5";"7.12"
"1757 Golf Club";"Jul 26, 2026, 17:00:00";"39";"1.73";"0.12";"41.76";"7.15"
"1757 Golf Club";"Jul 26, 2026, 16:00:00";"39";"0.82";"0.11";"43.25";"6.99"
"1757 Golf Club";"Jul 26, 2026, 15:00:00";"39";"0.16";"0.1";"38.2";"7.75"
"1757 Golf Club";"Jul 26, 2026, 14:00:00";"34";"1";"0.11";"64.01";"6.65"
"1757 Golf Club";"Jul 26, 2026, 13:00:00";"31";"0.32";"0.11";"76.52";"6.3"
"1757 Golf Club";"Jul 26, 2026, 12:00:00";"27";"1.44";"0.11";"112.28";"5.56"
"1757 Golf Club";"Jul 26, 2026, 11:00:00";"24";"3.25";"0.1";"115.34";"4.65"
"1757 Golf Club";"Jul 26, 2026, 10:00:00";"23";"4.86";"0.1";"122.65";"4.32"
"1757 Golf Club";"Jul 26, 2026, 09:00:00";"22";"4.88";"0.11";"141.83";"3.27"
"1757 Golf Club";"Jul 26, 2026, 08:00:00";"24";"5.97";"0.14";"157.99";"3.62"
"1757 Golf Club";"Jul 26, 2026, 07:00:00";"27";"6.06";"0.15";"178.95";"5.5"
"1757 Golf Club";"Jul 26, 2026, 06:00:00";"24";"6.86";"0.24";"148.66";"5.24"
"1757 Golf Club";"Jul 26, 2026, 05:00:00";"20";"7.88";"0.1";"123.79";"3.68"
"1757 Golf Club";"Jul 26, 2026, 04:00:00";"20";"8.93";"0.11";"121.03";"3.67"
"1757 Golf Club";"Jul 26, 2026, 03:00:00";"20";"8.32";"0.12";"116.98";"3.71"
"1757 Golf Club";"Jul 26, 2026, 02:00:00";"20";"11.31";"0.14";"112.82";"3.67"
"1757 Golf Club";"Jul 26, 2026, 01:00:00";"19";"13.27";"0.12";"104.09";"3.66"
"1757 Golf Club";"Jul 26, 2026, 00:00:00";"19";"12.05";"0.11";"81.17";"3.31"
"1757 Golf Club";"Jul 25, 2026, 23:00:00";"19";"9.17";"0.11";"64.29";"3.2"
"1757 Golf Club";"Jul 25, 2026, 22:00:00";"19";"7.5";"0.09";"38.16";"3.17"
"1757 Golf Club";"Jul 25, 2026, 21:00:00";"20";"6.06";"0.1";"27.22";"3.59"
"1757 Golf Club";"Jul 25, 2026, 20:00:00";"20";"7.11";"0.1";"28.15";"3.56"
"1757 Golf Club";"Jul 25, 2026, 19:00:00";"21";"6.92";"0.11";"27.52";"3.78"
"1757 Golf Club";"Jul 25, 2026, 18:00:00";"22";"1.96";"0.11";"42.78";"4.19"
"1757 Golf Club";"Jul 25, 2026, 17:00:00";"20";"2.04";"0.1";"43.3";"4.06"
"1757 Golf Club";"Jul 25, 2026, 16:00:00";"17";"2.92";"0.1";"58.87";"3.39"
"1757 Golf Club";"Jul 25, 2026, 15:00:00";"16";"5.82";"0.09";"54.86";"2.39"
"1757 Golf Club";"Jul 25, 2026, 14:00:00";"18";"5.27";"0.08";"42.44";"2.87"
"1757 Golf Club";"Jul 25, 2026, 13:00:00";"19";"2.89";"0.09";"32.91";"3.87"
"1757 Golf Club";"Jul 25, 2026, 12:00:00";"18";"0.87";"0.08";"47.04";"3.53"
"1757 Golf Club";"Jul 25, 2026, 11:00:00";"16";"4.82";"0.08";"72.63";"3.31"
"1757 Golf Club";"Jul 25, 2026, 10:00:00";"15";"12.33";"0.09";"95.76";"2.52"
"1757 Golf Club";"Jul 25, 2026, 09:00:00";"15";"11.54";"0.07";"102.93";"3.02"
"1757 Golf Club";"Jul 25, 2026, 08:00:00";"13";"11.56";"0.08";"113.01";"2.4"
"1757 Golf Club";"Jul 25, 2026, 07:00:00";"13";"9.34";"0.06";"114.44";"2.19"
"1757 Golf Club";"Jul 25, 2026, 06:00:00";"14";"7.61";"0.13";"127.66";"2.32"
"1757 Golf Club";"Jul 25, 2026, 05:00:00";"16";"7.77";"0.05";"125.08";"2.68"
"1757 Golf Club";"Jul 25, 2026, 04:00:00";"17";"7.45";"0.06";"90.46";"3.09"
"1757 Golf Club";"Jul 25, 2026, 03:00:00";"17";"6.44";"0.07";"45.17";"2.97"
"1757 Golf Club";"Jul 25, 2026, 02:00:00";"18";"9.02";"0.09";"22.18";"3.12"
"1757 Golf Club";"Jul 25, 2026, 01:00:00";"18";"7.7";"0.09";"19.77";"2.79"
"1757 Golf Club";"Jul 25, 2026, 00:00:00";"20";"7.84";"0.09";"11.55";"3.12"
"1757 Golf Club";"Jul 24, 2026, 23:00:00";"24";"7.84";"0.11";"8.29";"3.58"
"1757 Golf Club";"Jul 24, 2026, 22:00:00";"26";"7.77";"0.11";"2.98";"4.41"
"1757 Golf Club";"Jul 24, 2026, 21:00:00";"28";"7.39";"0.11";"0.07";"4.98"
"1757 Golf Club";"Jul 24, 2026, 20:00:00";"27";"7.17";"0.12";"0.3";"6"
"1757 Golf Club";"Jul 24, 2026, 19:00:00";"22";"6.05";"0.12";"0.05";"4.22"
"1757 Golf Club";"Jul 24, 2026, 18:00:00";"21";"5";"0.12";"0";"3.79"
"1757 Golf Club";"Jul 24, 2026, 17:00:00";"20";"3.53";"0.12";"0";"3.67"
"1757 Golf Club";"Jul 24, 2026, 16:00:00";"20";"2.08";"0.11";"0";"3.47"
"1757 Golf Club";"Jul 24, 2026, 15:00:00";"21";"2.29";"0.11";"0.17";"3.49"
"1757 Golf Club";"Jul 24, 2026, 14:00:00";"22";"2.16";"0.1";"0.18";"3.79"
"1757 Golf Club";"Jul 24, 2026, 13:00:00";"23";"1.69";"0.11";"2.89";"4.16"
"1757 Golf Club";"Jul 24, 2026, 12:00:00";"23";"0.86";"0.12";"9.71";"4.25"
"1757 Golf Club";"Jul 24, 2026, 11:00:00";"22";"0.72";"0.13";"31.62";"3.71"
"1757 Golf Club";"Jul 24, 2026, 10:00:00";"23";"7.47";"0.16";"76.98";"3.27"
"1757 Golf Club";"Jul 24, 2026, 09:00:00";"28";"9.16";"0.11";"83.31";"3.77"
"1757 Golf Club";"Jul 24, 2026, 08:00:00";"34";"8.78";"0.11";"94.96";"5.27"
"1757 Golf Club";"Jul 24, 2026, 07:00:00";"39";"7.35";"0.24";"90.74";"7.88"
"1757 Golf Club";"Jul 24, 2026, 06:00:00";"35";"6.32";"0.12";"80.8";"6.99"
"1757 Golf Club";"Jul 24, 2026, 05:00:00";"30";"5.97";"0.08";"76.23";"6.01"
"1757 Golf Club";"Jul 24, 2026, 04:00:00";"28";"6.82";"0.06";"67.91";"4.86"
"1757 Golf Club";"Jul 24, 2026, 03:00:00";"28";"7.79";"0.1";"63.09";"5.8"
"1757 Golf Club";"Jul 24, 2026, 02:00:00";"23";"8.07";"0.12";"52.64";"4.71"
"1757 Golf Club";"Jul 24, 2026, 01:00:00";"20";"9.08";"0.1";"35.56";"3.63"
"1757 Golf Club";"Jul 24, 2026, 00:00:00";"20";"9.23";"0.11";"27.44";"3.83"
"1757 Golf Club";"Jul 23, 2026, 23:00:00";"19";"7.98";"0.11";"14.91";"4"
"1757 Golf Club";"Jul 23, 2026, 22:00:00";"18";"9.22";"0.08";"6.08";"3.25"
"1757 Golf Club";"Jul 23, 2026, 21:00:00";"18";"4.72";"0.08";"0";"3.17"
"1757 Golf Club";"Jul 23, 2026, 20:00:00";"18";"3.52";"0.08";"0";"3.03"
"1757 Golf Club";"Jul 23, 2026, 19:00:00";"18";"2.92";"0.08";"0";"3.23"
"1757 Golf Club";"Jul 23, 2026, 18:00:00";"18";"1.02";"0.08";"0";"3.24"
"1757 Golf Club";"Jul 23, 2026, 17:00:00";"19";"0.54";"0.08";"0";"3.36"
"1757 Golf Club";"Jul 23, 2026, 16:00:00";"18";"0.47";"0.07";"0";"3.15"
"1757 Golf Club";"Jul 23, 2026, 15:00:00";"19";"0.17";"0.07";"0";"3.79"
"1757 Golf Club";"Jul 23, 2026, 14:00:00";"17";"0.81";"0.06";"0";"3.31"
"1757 Golf Club";"Jul 23, 2026, 13:00:00";"15";"0.63";"0.05";"0";"2.97"
"1757 Golf Club";"Jul 23, 2026, 12:00:00";"14";"0";"0.05";"0";"2.56"
"1757 Golf Club";"Jul 23, 2026, 11:00:00";"13";"0";"0.05";"2.96";"2.5"
"1757 Golf Club";"Jul 23, 2026, 10:00:00";"12";"1.7";"0.05";"17.06";"2.38"
"1757 Golf Club";"Jul 23, 2026, 09:00:00";"10";"6.06";"0.04";"27.2";"1.64"
"1757 Golf Club";"Jul 23, 2026, 08:00:00";"11";"7.82";"0.05";"27.98";"1.7"
"1757 Golf Club";"Jul 23, 2026, 07:00:00";"12";"7.77";"0.04";"26.94";"1.74"
"1757 Golf Club";"Jul 23, 2026, 06:00:00";"14";"6.47";"0.34";"25.14";"1.82"
"1757 Golf Club";"Jul 23, 2026, 05:00:00";"19";"5.27";"0.04";"23.42";"2.45"
"1757 Golf Club";"Jul 23, 2026, 04:00:00";"23";"5.02";"0.05";"20.22";"3.41"
"1757 Golf Club";"Jul 23, 2026, 03:00:00";"28";"3.63";"0.06";"14.8";"4.45"
"1757 Golf Club";"Jul 23, 2026, 02:00:00";"30";"3.62";"0.08";"12.72";"5.1"
"1757 Golf Club";"Jul 23, 2026, 01:00:00";"32";"4.25";"0.09";"12.5";"5.61"
"1757 Golf Club";"Jul 23, 2026, 00:00:00";"33";"3.94";"0.1";"6.51";"5.18"
"1757 Golf Club";"Jul 22, 2026, 23:00:00";"37";"4.22";"0.12";"7.73";"5.82"
"1757 Golf Club";"Jul 22, 2026, 22:00:00";"42";"4.93";"0.14";"11.05";"6.57"
"1757 Golf Club";"Jul 22, 2026, 21:00:00";"47";"4.98";"0.15";"8.45";"7.41"
"1757 Golf Club";"Jul 22, 2026, 20:00:00";"50";"3.07";"0.14";"5.46";"7.99"
"1757 Golf Club";"Jul 22, 2026, 19:00:00";"53";"2.61";"0.15";"14.58";"9.11"
"1757 Golf Club";"Jul 22, 2026, 18:00:00";"55";"1.76";"0.15";"23.78";"9.86"
"1757 Golf Club";"Jul 22, 2026, 17:00:00";"57";"0.36";"0.15";"27.8";"11.71"
"1757 Golf Club";"Jul 22, 2026, 16:00:00";"57";"0.44";"0.15";"35.8";"12.32"
"1757 Golf Club";"Jul 22, 2026, 15:00:00";"57";"1.05";"0.14";"41.81";"12.25"
"1757 Golf Club";"Jul 22, 2026, 14:00:00";"57";"2.8";"0.14";"62.4";"11.9"
"1757 Golf Club";"Jul 22, 2026, 13:00:00";"57";"1.28";"0.14";"84.85";"12.65"
"1757 Golf Club";"Jul 22, 2026, 12:00:00";"56";"1.28";"0.13";"104.67";"12.49"
"1757 Golf Club";"Jul 22, 2026, 11:00:00";"54";"0.05";"0.14";"132.9";"12.82"
"1757 Golf Club";"Jul 22, 2026, 10:00:00";"44";"0.83";"0.24";"163.97";"11.28"
"1757 Golf Club";"Jul 22, 2026, 09:00:00";"25";"20.42";"0.19";"217.87";"5.62"
"1757 Golf Club";"Jul 22, 2026, 08:00:00";"20";"14.84";"0.17";"316.14";"3.67"
"1757 Golf Club";"Jul 22, 2026, 07:00:00";"19";"10.42";"0.15";"333.04";"3.3"
"1757 Golf Club";"Jul 22, 2026, 06:00:00";"20";"11.31";"0.11";"345.05";"3.81"
"1757 Golf Club";"Jul 22, 2026, 05:00:00";"19";"8.34";"0.07";"346.99";"3.45"
"1757 Golf Club";"Jul 22, 2026, 04:00:00";"18";"6.89";"0.06";"324.84";"3.48"
"1757 Golf Club";"Jul 22, 2026, 03:00:00";"17";"9.84";"0.08";"312.89";"3.01"
"1757 Golf Club";"Jul 22, 2026, 02:00:00";"17";"8.49";"0.05";"270.18";"3.24"
"1757 Golf Club";"Jul 22, 2026, 01:00:00";"16";"10.37";"0.04";"249.26";"2.57"
"1757 Golf Club";"Jul 22, 2026, 00:00:00";"17";"13.28";"0.08";"290.95";"1.77"
"1757 Golf Club";"Jul 21, 2026, 23:00:00";"24";"14.25";"0.08";"291.69";"2.99"
"1757 Golf Club";"Jul 21, 2026, 22:00:00";"32";"7.4";"0.05";"218.92";"4.16"
"1757 Golf Club";"Jul 21, 2026, 21:00:00";"42";"4.65";"0.08";"317.75";"7.06"
"1757 Golf Club";"Jul 21, 2026, 20:00:00";"43";"5.22";"0.11";"257.39";"8.78"
"1757 Golf Club";"Jul 21, 2026, 19:00:00";"38";"5.69";"0.12";"221.04";"6.11"
"1757 Golf Club";"Jul 21, 2026, 18:00:00";"42";"3.81";"0.13";"185.66";"7.2"
"1757 Golf Club";"Jul 21, 2026, 17:00:00";"44";"4.11";"0.13";"168.27";"8.19"
"1757 Golf Club";"Jul 21, 2026, 16:00:00";"43";"1.22";"0.13";"185.39";"7.98"
"1757 Golf Club";"Jul 21, 2026, 15:00:00";"42";"3.08";"0.13";"192.61";"7.76"
"1757 Golf Club";"Jul 21, 2026, 14:00:00";"41";"0.2";"0.12";"205.52";"6.91"
"1757 Golf Club";"Jul 21, 2026, 13:00:00";"43";"0.24";"0.11";"207.4";"6.54"
"1757 Golf Club";"Jul 21, 2026, 12:00:00";"50";"1.13";"0.11";"221.47";"7.54"
"1757 Golf Club";"Jul 21, 2026, 11:00:00";"54";"1.18";"0.14";"243.4";"9.2"
"1757 Golf Club";"Jul 21, 2026, 10:00:00";"56";"5.56";"0.16";"267.89";"10.24"
"1757 Golf Club";"Jul 21, 2026, 09:00:00";"59";"7.41";"0.19";"291.99";"11.66"
"1757 Golf Club";"Jul 21, 2026, 08:00:00";"61";"8.65";"0.22";"286.43";"13.07"
"1757 Golf Club";"Jul 21, 2026, 07:00:00";"64";"6.56";"0.24";"290.95";"14.5"
"1757 Golf Club";"Jul 21, 2026, 06:00:00";"66";"5.06";"0.28";"290.99";"15.15"
"1757 Golf Club";"Jul 21, 2026, 05:00:00";"70";"6.55";"0.3";"282.25";"16.76"
"1757 Golf Club";"Jul 21, 2026, 04:00:00";"74";"6.14";"0.35";"268.01";"19.03"
"1757 Golf Club";"Jul 21, 2026, 03:00:00";"78";"6.6";"0.42";"244.2";"21.89"
"1757 Golf Club";"Jul 21, 2026, 02:00:00";"80";"5.89";"0.44";"213.04";"23.04"
"1757 Golf Club";"Jul 21, 2026, 01:00:00";"82";"6.3";"0.45";"181.74";"24.12"
"1757 Golf Club";"Jul 21, 2026, 00:00:00";"83";"8.12";"0.47";"140.57";"24.83"
"1757 Golf Club";"Jul 20, 2026, 23:00:00";"84";"8.43";"0.44";"68.84";"24.03"
"1757 Golf Club";"Jul 20, 2026, 22:00:00";"85";"9.1";"0.38";"33.07";"24.53"
"1757 Golf Club";"Jul 20, 2026, 21:00:00";"86";"9.26";"0.36";"28.06";"25.33"
"1757 Golf Club";"Jul 20, 2026, 20:00:00";"91";"6.54";"0.35";"20.9";"28.96"
"1757 Golf Club";"Jul 20, 2026, 19:00:00";"93";"3.07";"0.33";"17.22";"30.98"
"1757 Golf Club";"Jul 20, 2026, 18:00:00";"94";"1.56";"0.32";"20.49";"31.43"
"1757 Golf Club";"Jul 20, 2026, 17:00:00";"94";"3.75";"0.32";"20.79";"32.98"
"1757 Golf Club";"Jul 20, 2026, 16:00:00";"92";"3.98";"0.31";"20.48";"32.48"
"1757 Golf Club";"Jul 20, 2026, 15:00:00";"90";"2.88";"0.3";"14.69";"31.46"
"1757 Golf Club";"Jul 20, 2026, 14:00:00";"87";"2.98";"0.28";"17.34";"30.46"
"1757 Golf Club";"Jul 20, 2026, 13:00:00";"83";"1.99";"0.23";"9.94";"29.12"
"1757 Golf Club";"Jul 20, 2026, 12:00:00";"76";"0.66";"0.21";"13.16";"27.02"
"1757 Golf Club";"Jul 20, 2026, 11:00:00";"68";"0.23";"0.22";"20.02";"21.85"
"1757 Golf Club";"Jul 20, 2026, 10:00:00";"65";"2.07";"0.22";"37.39";"17.13"
"1757 Golf Club";"Jul 20, 2026, 09:00:00";"64";"4.46";"0.23";"65.62";"15.18"
"1757 Golf Club";"Jul 20, 2026, 08:00:00";"64";"7.34";"0.3";"122.98";"15.48"
"1757 Golf Club";"Jul 20, 2026, 07:00:00";"65";"6.33";"0.31";"114.09";"16.42"
"1757 Golf Club";"Jul 20, 2026, 06:00:00";"64";"5.16";"0.24";"89.73";"15.49"
"1757 Golf Club";"Jul 20, 2026, 05:00:00";"66";"5.22";"0.24";"97.69";"16.79"
"1757 Golf Club";"Jul 20, 2026, 04:00:00";"65";"4.79";"0.24";"72.17";"16.36"
"1757 Golf Club";"Jul 20, 2026, 03:00:00";"66";"4.1";"0.23";"54.6";"16.05"
"1757 Golf Club";"Jul 20, 2026, 02:00:00";"68";"4.5";"0.27";"39.59";"16.59"
"1757 Golf Club";"Jul 20, 2026, 01:00:00";"70";"4.1";"0.31";"33.75";"16.77"
"1757 Golf Club";"Jul 20, 2026, 00:00:00";"74";"3.15";"0.34";"32.62";"18.38"
"1757 Golf Club";"Jul 19, 2026, 23:00:00";"79";"2.85";"0.35";"18.82";"20.47"
"1757 Golf Club";"Jul 19, 2026, 22:00:00";"85";"4.14";"0.38";"7.36";"23.78"
"1757 Golf Club";"Jul 19, 2026, 21:00:00";"92";"3.03";"0.44";"10.9";"27.64"
"1757 Golf Club";"Jul 19, 2026, 20:00:00";"98";"2.49";"0.48";"9.62";"31.26"
"1757 Golf Club";"Jul 19, 2026, 19:00:00";"104";"1.18";"0.5";"9.93";"33.67"
"1757 Golf Club";"Jul 19, 2026, 18:00:00";"112";"0.21";"0.56";"19.29";"35.84"
"1757 Golf Club";"Jul 19, 2026, 17:00:00";"121";"0.7";"0.57";"26.09";"42.45"
"1757 Golf Club";"Jul 19, 2026, 16:00:00";"124";"0.19";"0.58";"38.52";"43.52"
"1757 Golf Club";"Jul 19, 2026, 15:00:00";"127";"0.09";"0.59";"50.94";"46.42"
"1757 Golf Club";"Jul 19, 2026, 14:00:00";"125";"0";"0.59";"52.41";"49.34"
"1757 Golf Club";"Jul 19, 2026, 13:00:00";"114";"0";"0.55";"70.47";"49.15"
"1757 Golf Club";"Jul 19, 2026, 12:00:00";"95";"0";"0.44";"69.23";"40.97"
"1757 Golf Club";"Jul 19, 2026, 11:00:00";"78";"0";"0.29";"89.06";"31.73"
"1757 Golf Club";"Jul 19, 2026, 10:00:00";"63";"0.23";"0.19";"108.55";"21.26"
"1757 Golf Club";"Jul 19, 2026, 09:00:00";"52";"0.87";"0.12";"114.92";"12.55"
"1757 Golf Club";"Jul 19, 2026, 08:00:00";"34";"2.33";"0.09";"132.87";"6.03"
"1757 Golf Club";"Jul 19, 2026, 07:00:00";"34";"2.37";"0.07";"128.92";"6.29"
"1757 Golf Club";"Jul 19, 2026, 06:00:00";"34";"0.75";"0.05";"101.69";"6.4"
"1757 Golf Club";"Jul 19, 2026, 05:00:00";"32";"0.18";"0.04";"97.77";"5.35"
"1757 Golf Club";"Jul 19, 2026, 04:00:00";"34";"0.16";"0.05";"120.7";"4.86"
"1757 Golf Club";"Jul 19, 2026, 03:00:00";"42";"0.31";"0.05";"174.68";"5.33"
"1757 Golf Club";"Jul 19, 2026, 02:00:00";"53";"1.12";"0.08";"254.6";"7.15"
"1757 Golf Club";"Jul 19, 2026, 01:00:00";"57";"9.76";"0.17";"327.9";"11.92"
"1757 Golf Club";"Jul 19, 2026, 00:00:00";"58";"9.8";"0.18";"351.62";"13.18"
"1757 Golf Club";"Jul 18, 2026, 23:00:00";"58";"5.71";"0.19";"363.3";"12.8"
"1757 Golf Club";"Jul 18, 2026, 22:00:00";"57";"6.59";"0.17";"377.68";"12.81"
"1757 Golf Club";"Jul 18, 2026, 21:00:00";"57";"8.57";"0.17";"357.17";"11.71"
"1757 Golf Club";"Jul 18, 2026, 20:00:00";"57";"9.43";"0.16";"345";"9.87"
"1757 Golf Club";"Jul 18, 2026, 19:00:00";"61";"12.01";"0.17";"306.65";"9.03"
"1757 Golf Club";"Jul 18, 2026, 18:00:00";"70";"9.75";"0.12";"271.37";"8.67"
"1757 Golf Club";"Jul 18, 2026, 17:00:00";"89";"8";"0.09";"188.65";"13.86"
"1757 Golf Club";"Jul 18, 2026, 16:00:00";"124";"2.48";"0.18";"148.22";"28.09"
"1757 Golf Club";"Jul 18, 2026, 15:00:00";"155";"0.13";"0.32";"179.61";"59.24"
"1757 Golf Club";"Jul 18, 2026, 14:00:00";"155";"0";"0.42";"233.34";"66.83"
"1757 Golf Club";"Jul 18, 2026, 13:00:00";"154";"0";"0.47";"270.29";"65.01"
"1757 Golf Club";"Jul 18, 2026, 12:00:00";"152";"2.79";"0.52";"276.8";"58.88"
"1757 Golf Club";"Jul 18, 2026, 11:00:00";"152";"11.3";"0.52";"255.1";"57.31"
"1757 Golf Club";"Jul 18, 2026, 10:00:00";"150";"8.43";"0.51";"257.74";"53.13"
"1757 Golf Club";"Jul 18, 2026, 09:00:00";"152";"9.4";"0.49";"241.42";"52.69"
"1757 Golf Club";"Jul 18, 2026, 08:00:00";"153";"10.24";"0.5";"213.18";"53.79"
"1757 Golf Club";"Jul 18, 2026, 07:00:00";"154";"10.1";"0.51";"183.9";"55.28"
"1757 Golf Club";"Jul 18, 2026, 06:00:00";"156";"7.31";"0.59";"169.09";"59.29"
"1757 Golf Club";"Jul 18, 2026, 05:00:00";"157";"3.08";"0.57";"180.81";"59.86"
"1757 Golf Club";"Jul 18, 2026, 04:00:00";"158";"4.69";"0.6";"184.99";"61.55"
"1757 Golf Club";"Jul 18, 2026, 03:00:00";"160";"9.16";"0.65";"160.08";"61.97"
"1757 Golf Club";"Jul 18, 2026, 02:00:00";"163";"5.24";"0.65";"122.96";"66.17"
"1757 Golf Club";"Jul 18, 2026, 01:00:00";"167";"10.35";"0.71";"84.25";"71.87"
"1757 Golf Club";"Jul 18, 2026, 00:00:00";"169";"16.85";"0.79";"79.35";"75.08"
"1757 Golf Club";"Jul 17, 2026, 23:00:00";"170";"7.55";"0.74";"74.24";"73.58"
"1757 Golf Club";"Jul 17, 2026, 22:00:00";"173";"5.09";"0.73";"62.64";"72.21"
"1757 Golf Club";"Jul 17, 2026, 21:00:00";"179";"3.75";"0.73";"37.86";"86.57"
"1757 Golf Club";"Jul 17, 2026, 20:00:00";"181";"2.61";"0.67";"40.38";"89.4"
"1757 Golf Club";"Jul 17, 2026, 19:00:00";"182";"0.76";"0.65";"48.99";"93.4"
"1757 Golf Club";"Jul 17, 2026, 18:00:00";"183";"1.44";"0.63";"60.36";"98.23"
"1757 Golf Club";"Jul 17, 2026, 17:00:00";"183";"0.7";"0.63";"46.04";"102"
"1757 Golf Club";"Jul 17, 2026, 16:00:00";"183";"0.74";"0.59";"23.68";"102.39"
"1757 Golf Club";"Jul 17, 2026, 15:00:00";"183";"0.51";"0.57";"17.19";"99.52"
"1757 Golf Club";"Jul 17, 2026, 14:00:00";"184";"0.74";"0.57";"16.5";"103.65"
"1757 Golf Club";"Jul 17, 2026, 13:00:00";"183";"0.53";"0.55";"16.57";"102.62"
"1757 Golf Club";"Jul 17, 2026, 12:00:00";"182";"1.36";"0.51";"14.5";"96.56"
"1757 Golf Club";"Jul 17, 2026, 11:00:00";"183";"0.09";"0.67";"23.44";"101.26"
"1757 Golf Club";"Jul 17, 2026, 10:00:00";"183";"1.11";"0.91";"36.21";"106.49"
"1757 Golf Club";"Jul 17, 2026, 09:00:00";"179";"10.65";"1.15";"48.83";"94.65"
"1757 Golf Club";"Jul 17, 2026, 08:00:00";"179";"7.47";"1.31";"48.81";"92.15"
"1757 Golf Club";"Jul 17, 2026, 07:00:00";"181";"8.79";"1.53";"52.83";"90.05"
"1757 Golf Club";"Jul 17, 2026, 06:00:00";"187";"5.09";"1.42";"37.5";"100.56"
"1757 Golf Club";"Jul 17, 2026, 05:00:00";"190";"0";"0";"0";"110.39"
"1757 Golf Club";"Jul 17, 2026, 04:00:00";"190";"2";"1.3";"24.51";"115.19"
"1757 Golf Club";"Jul 17, 2026, 03:00:00";"187";"2.15";"1.28";"24.66";"119.76"
"1757 Golf Club";"Jul 17, 2026, 02:00:00";"178";"3.6";"0.94";"33.19";"102.33"
"1757 Golf Club";"Jul 17, 2026, 01:00:00";"172";"2.19";"0.81";"34.64";"102.12"
"1757 Golf Club";"Jul 17, 2026, 00:00:00";"160";"1.2";"0.62";"63.56";"90.59"
"1757 Golf Club";"Jul 16, 2026, 23:00:00";"121";"1.1";"0.41";"85.38";"60.78"
"1757 Golf Club";"Jul 16, 2026, 22:00:00";"84";"1.61";"0.29";"127.21";"36.3"
"1757 Golf Club";"Jul 16, 2026, 21:00:00";"67";"1.77";"0.22";"91.82";"14.88"
"1757 Golf Club";"Jul 16, 2026, 20:00:00";"69";"0.86";"0.21";"81.17";"16.87"
"1757 Golf Club";"Jul 16, 2026, 19:00:00";"71";"0.26";"0.22";"92.42";"20.42"
"1757 Golf Club";"Jul 16, 2026, 18:00:00";"70";"0.49";"0.23";"102.68";"20.87"
"1757 Golf Club";"Jul 16, 2026, 17:00:00";"68";"0.05";"0.24";"124.97";"18.99"
"1757 Golf Club";"Jul 16, 2026, 16:00:00";"67";"0";"0.23";"135.79";"18.07"
"1757 Golf Club";"Jul 16, 2026, 15:00:00";"66";"0.12";"0.24";"162.12";"18.36"
"1757 Golf Club";"Jul 16, 2026, 14:00:00";"65";"0.08";"0.21";"151.89";"18.32"
"1757 Golf Club";"Jul 16, 2026, 13:00:00";"63";"0.04";"0.21";"160.12";"16.79"
"1757 Golf Club";"Jul 16, 2026, 12:00:00";"62";"0";"0.21";"188.32";"16.37"
"1757 Golf Club";"Jul 16, 2026, 11:00:00";"60";"0.01";"0.2";"186.39";"15.98"
"1757 Golf Club";"Jul 16, 2026, 10:00:00";"59";"0.18";"0.19";"175.68";"13.98"
"1757 Golf Club";"Jul 16, 2026, 09:00:00";"59";"1.39";"0.18";"137.4";"12.93"
"1757 Golf Club";"Jul 16, 2026, 08:00:00";"59";"1.95";"0.18";"122.29";"13.34"
"1757 Golf Club";"Jul 16, 2026, 07:00:00";"58";"2.02";"0.17";"128.16";"12.85"
"1757 Golf Club";"Jul 16, 2026, 06:00:00";"58";"2.34";"0.16";"138.61";"12.95"
"1757 Golf Club";"Jul 16, 2026, 05:00:00";"58";"2.34";"0.15";"139.14";"13.14"
"1757 Golf Club";"Jul 16, 2026, 04:00:00";"58";"2.12";"0.15";"134.54";"13.41"
"1757 Golf Club";"Jul 16, 2026, 03:00:00";"58";"1.22";"0.16";"130.41";"13.41"
"1757 Golf Club";"Jul 16, 2026, 02:00:00";"57";"1.62";"0.17";"130.59";"13.11"
"1757 Golf Club";"Jul 16, 2026, 01:00:00";"57";"0.67";"0.18";"124.85";"12.38"
"1757 Golf Club";"Jul 16, 2026, 00:00:00";"57";"0.3";"0.2";"132.15";"13.07"
"1757 Golf Club";"Jul 15, 2026, 23:00:00";"56";"1.9";"0.21";"145.06";"12.21"
"1757 Golf Club";"Jul 15, 2026, 22:00:00";"56";"2.84";"0.21";"128.61";"10.69"
"1757 Golf Club";"Jul 15, 2026, 21:00:00";"56";"1.96";"0.21";"109.9";"10.59"
"1757 Golf Club";"Jul 15, 2026, 20:00:00";"56";"1.16";"0.21";"104.11";"11.15"
"1757 Golf Club";"Jul 15, 2026, 19:00:00";"56";"0.28";"0.21";"97.97";"11.25"
"1757 Golf Club";"Jul 15, 2026, 18:00:00";"57";"0.07";"0.22";"115.77";"11.74"
"1757 Golf Club";"Jul 15, 2026, 17:00:00";"57";"0";"0.22";"109.8";"11.96"
"1757 Golf Club";"Jul 15, 2026, 16:00:00";"57";"0.22";"0.21";"113.79";"12.03"
"1757 Golf Club";"Jul 15, 2026, 15:00:00";"58";"0";"0.2";"125.06";"13.15"
"1757 Golf Club";"Jul 15, 2026, 14:00:00";"57";"0";"0.18";"125.98";"12.62"
"1757 Golf Club";"Jul 15, 2026, 13:00:00";"57";"0.19";"0.17";"130.34";"12.42"
"1757 Golf Club";"Jul 15, 2026, 12:00:00";"56";"0";"0.18";"155.1";"13.06"
"1757 Golf Club";"Jul 15, 2026, 11:00:00";"53";"0";"0.17";"155.62";"11.8"
"1757 Golf Club";"Jul 15, 2026, 10:00:00";"51";"0.07";"0.17";"158.53";"10.23"
"1757 Golf Club";"Jul 15, 2026, 09:00:00";"48";"7.08";"0.21";"177.98";"9.43"
"1757 Golf Club";"Jul 15, 2026, 08:00:00";"46";"15.91";"0.26";"177.66";"8.72"
"1757 Golf Club";"Jul 15, 2026, 07:00:00";"45";"14.8";"0.43";"139.5";"8.96"
"1757 Golf Club";"Jul 15, 2026, 06:00:00";"45";"12.78";"0.19";"110.61";"8.43"
"1757 Golf Club";"Jul 15, 2026, 05:00:00";"44";"10.28";"0.14";"100.01";"8.4"
"1757 Golf Club";"Jul 15, 2026, 04:00:00";"44";"6.28";"0.13";"80.9";"7.73"
"1757 Golf Club";"Jul 15, 2026, 03:00:00";"44";"6.89";"0.14";"74.74";"7.71"
"1757 Golf Club";"Jul 15, 2026, 02:00:00";"44";"5.2";"0.19";"70.64";"7.72"
"1757 Golf Club";"Jul 15, 2026, 01:00:00";"45";"4.35";"0.21";"62.22";"8.03"
"1757 Golf Club";"Jul 15, 2026, 00:00:00";"45";"4.05";"0.22";"59.45";"7.7"
"1757 Golf Club";"Jul 14, 2026, 23:00:00";"45";"4.84";"0.23";"65.99";"7.41"
"1757 Golf Club";"Jul 14, 2026, 22:00:00";"48";"4.84";"0.23";"59.88";"7.97"
"1757 Golf Club";"Jul 14, 2026, 21:00:00";"48";"5.36";"0.24";"55.79";"7.78"
"1757 Golf Club";"Jul 14, 2026, 20:00:00";"50";"4.17";"0.22";"48.66";"8.23"
"1757 Golf Club";"Jul 14, 2026, 19:00:00";"52";"1.71";"0.25";"52.32";"9.28"
"1757 Golf Club";"Jul 14, 2026, 18:00:00";"52";"0.11";"0.22";"60.3";"9.24"
"1757 Golf Club";"Jul 14, 2026, 17:00:00";"52";"0.74";"0.23";"77.08";"9.4"
"1757 Golf Club";"Jul 14, 2026, 16:00:00";"52";"0.29";"0.22";"71.5";"8.77"
"1757 Golf Club";"Jul 14, 2026, 15:00:00";"53";"0.17";"0.22";"71.5";"10.06"
"1757 Golf Club";"Jul 14, 2026, 14:00:00";"52";"0.69";"0.2";"69.49";"10.46"
"1757 Golf Club";"Jul 14, 2026, 13:00:00";"48";"0";"0.18";"71.51";"9.42"
"1757 Golf Club";"Jul 14, 2026, 12:00:00";"44";"0";"0.17";"80.64";"8.45"
"1757 Golf Club";"Jul 14, 2026, 11:00:00";"43";"0";"0.18";"114.21";"8.5"
"1757 Golf Club";"Jul 14, 2026, 10:00:00";"39";"2.53";"0.22";"148.55";"8.13"
"1757 Golf Club";"Jul 14, 2026, 09:00:00";"37";"13.54";"0.25";"154.31";"6.98"
"1757 Golf Club";"Jul 14, 2026, 08:00:00";"37";"19.89";"0.22";"144.69";"6.75"
"1757 Golf Club";"Jul 14, 2026, 07:00:00";"36";"11.26";"0.27";"124.31";"7.16"
"1757 Golf Club";"Jul 14, 2026, 06:00:00";"34";"7.28";"0.2";"84.3";"6.32"
"1757 Golf Club";"Jul 14, 2026, 05:00:00";"34";"7";"0.15";"66.97";"5.73"
"1757 Golf Club";"Jul 14, 2026, 04:00:00";"35";"6.78";"0.14";"53.61";"5.9"
"1757 Golf Club";"Jul 14, 2026, 03:00:00";"36";"8.83";"0.14";"41.57";"6.02"
"1757 Golf Club";"Jul 14, 2026, 02:00:00";"37";"6.89";"0.15";"39.88";"5.96"
"1757 Golf Club";"Jul 14, 2026, 01:00:00";"38";"10.89";"0.18";"32.16";"6.04"
"1757 Golf Club";"Jul 14, 2026, 00:00:00";"41";"23.44";"0.23";"24.78";"6.32"
"1757 Golf Club";"Jul 13, 2026, 23:00:00";"44";"16.14";"0.25";"18.14";"6.99"
"1757 Golf Club";"Jul 13, 2026, 22:00:00";"46";"13.98";"0.22";"9.13";"7.59"
"1757 Golf Club";"Jul 13, 2026, 21:00:00";"47";"6.38";"0.2";"5.87";"8.38"
"1757 Golf Club";"Jul 13, 2026, 20:00:00";"48";"5.59";"0.2";"1.09";"8.71"
"1757 Golf Club";"Jul 13, 2026, 19:00:00";"47";"2.38";"0.18";"0";"8.48"
"1757 Golf Club";"Jul 13, 2026, 18:00:00";"46";"0.7";"0.18";"0.04";"8.14"
"1757 Golf Club";"Jul 13, 2026, 17:00:00";"47";"0.71";"0.17";"1.08";"8.46"
"1757 Golf Club";"Jul 13, 2026, 16:00:00";"47";"0.61";"0.17";"3.3";"8.16"
"1757 Golf Club";"Jul 13, 2026, 15:00:00";"48";"1.71";"0.17";"5.51";"8.89"
"1757 Golf Club";"Jul 13, 2026, 14:00:00";"47";"1.36";"0.17";"10.5";"9.02"
"1757 Golf Club";"Jul 13, 2026, 13:00:00";"44";"0";"0.16";"11.74";"8.64"
"1757 Golf Club";"Jul 13, 2026, 12:00:00";"40";"0";"0.16";"22.47";"8.09"
"1757 Golf Club";"Jul 13, 2026, 11:00:00";"35";"0";"0.17";"48.21";"6.65"
"1757 Golf Club";"Jul 13, 2026, 10:00:00";"33";"1.34";"0.16";"73.96";"5.28"
"1757 Golf Club";"Jul 13, 2026, 09:00:00";"37";"6.91";"0.18";"150.17";"4.83"
"1757 Golf Club";"Jul 13, 2026, 08:00:00";"47";"7.12";"0.23";"148.17";"7.15"
"1757 Golf Club";"Jul 13, 2026, 07:00:00";"52";"8.41";"0.28";"137.18";"9.99"
"1757 Golf Club";"Jul 13, 2026, 06:00:00";"50";"4.71";"0.14";"110.5";"11.11"
"1757 Golf Club";"Jul 13, 2026, 05:00:00";"38";"5.7";"0.14";"93.42";"8.04"
"1757 Golf Club";"Jul 13, 2026, 04:00:00";"36";"6.2";"0.14";"70.91";"6.53"
"1757 Golf Club";"Jul 13, 2026, 03:00:00";"36";"6.97";"0.13";"51.39";"6.19"
"1757 Golf Club";"Jul 13, 2026, 02:00:00";"37";"3.96";"0.13";"39.95";"6.01"
"1757 Golf Club";"Jul 13, 2026, 01:00:00";"38";"3.6";"0.13";"28.13";"6.19"
"1757 Golf Club";"Jul 13, 2026, 00:00:00";"39";"3.96";"0.14";"26.64";"6.53"
"1757 Golf Club";"Jul 12, 2026, 23:00:00";"40";"5.15";"0.15";"29.68";"7.22"
"1757 Golf Club";"Jul 12, 2026, 22:00:00";"40";"11";"0.17";"40.59";"7"
"1757 Golf Club";"Jul 12, 2026, 21:00:00";"41";"6";"0.16";"42.27";"7.15"
"1757 Golf Club";"Jul 12, 2026, 20:00:00";"41";"7.42";"0.22";"46.28";"6.9"
"1757 Golf Club";"Jul 12, 2026, 19:00:00";"40";"8.16";"0.18";"63.68";"6.75"
"1757 Golf Club";"Jul 12, 2026, 18:00:00";"42";"5.29";"0.17";"83.22";"6.97"
"1757 Golf Club";"Jul 12, 2026, 17:00:00";"45";"2.99";"0.18";"90.25";"7.92"
"1757 Golf Club";"Jul 12, 2026, 16:00:00";"47";"0";"0.19";"130.69";"8.07"
"1757 Golf Club";"Jul 12, 2026, 15:00:00";"48";"0";"0.19";"145.03";"8.59"
"1757 Golf Club";"Jul 12, 2026, 14:00:00";"48";"0";"0.2";"171.33";"8.81"
"1757 Golf Club";"Jul 12, 2026, 13:00:00";"47";"0";"0.19";"188.52";"8.14"
"1757 Golf Club";"Jul 12, 2026, 12:00:00";"49";"0.01";"0.18";"198.9";"7.95"
"1757 Golf Club";"Jul 12, 2026, 11:00:00";"52";"0.03";"0.18";"244.62";"8.62"
"1757 Golf Club";"Jul 12, 2026, 10:00:00";"54";"0.21";"0.18";"274.72";"8.8"
"1757 Golf Club";"Jul 12, 2026, 09:00:00";"58";"1.06";"0.18";"333.14";"9.51"
"1757 Golf Club";"Jul 12, 2026, 08:00:00";"63";"1.95";"0.18";"389.84";"12.55"
"1757 Golf Club";"Jul 12, 2026, 07:00:00";"68";"2.09";"0.19";"411.9";"18.4"
"1757 Golf Club";"Jul 12, 2026, 06:00:00";"68";"2.1";"0.19";"414.98";"18.18"
"1757 Golf Club";"Jul 12, 2026, 05:00:00";"67";"2.81";"0.17";"431.5";"17.59"
"1757 Golf Club";"Jul 12, 2026, 04:00:00";"67";"0";"0";"0";"19.33"
"1757 Golf Club";"Jul 12, 2026, 03:00:00";"64";"3.66";"0.17";"387.61";"17.69"
"1757 Golf Club";"Jul 12, 2026, 02:00:00";"61";"4.38";"0.17";"393.94";"15.25"
"1757 Golf Club";"Jul 12, 2026, 01:00:00";"60";"5.53";"0.16";"356.11";"16.07"
"1757 Golf Club";"Jul 12, 2026, 00:00:00";"57";"6.96";"0.18";"372.58";"13.82"
"1757 Golf Club";"Jul 11, 2026, 23:00:00";"56";"9.34";"0.18";"283.65";"11.78"
"1757 Golf Club";"Jul 11, 2026, 22:00:00";"55";"2.51";"0.19";"136.18";"10.61"
"1757 Golf Club";"Jul 11, 2026, 21:00:00";"56";"2.36";"0.22";"125.2";"11.9"
"1757 Golf Club";"Jul 11, 2026, 20:00:00";"55";"2.14";"0.21";"99.66";"11.5"
"1757 Golf Club";"Jul 11, 2026, 19:00:00";"55";"1.06";"0.2";"91.54";"10.36"
"1757 Golf Club";"Jul 11, 2026, 18:00:00";"56";"0.02";"0.2";"83.2";"10.67"
"1757 Golf Club";"Jul 11, 2026, 17:00:00";"58";"0.28";"0.2";"80.69";"12.34"
"1757 Golf Club";"Jul 11, 2026, 16:00:00";"58";"0";"0.19";"82.44";"12.28"
"1757 Golf Club";"Jul 11, 2026, 15:00:00";"58";"0.13";"0.2";"96.47";"13.67"
"1757 Golf Club";"Jul 11, 2026, 14:00:00";"57";"0.01";"0.19";"114.92";"12.83"
"1757 Golf Club";"Jul 11, 2026, 13:00:00";"55";"0.08";"0.19";"109.53";"12.88"
"1757 Golf Club";"Jul 11, 2026, 12:00:00";"50";"0";"0.18";"120.22";"11.13"
"1757 Golf Club";"Jul 11, 2026, 11:00:00";"39";"0";"0.17";"139.83";"7.78"
"1757 Golf Club";"Jul 11, 2026, 10:00:00";"34";"0";"0.18";"146.89";"6.37"
"1757 Golf Club";"Jul 11, 2026, 09:00:00";"32";"1.46";"0.18";"154.1";"5.86"
"1757 Golf Club";"Jul 11, 2026, 08:00:00";"32";"2.53";"0.16";"171.96";"5.35"
"1757 Golf Club";"Jul 11, 2026, 07:00:00";"33";"2.99";"0.14";"183.97";"5.24"
"1757 Golf Club";"Jul 11, 2026, 06:00:00";"38";"0";"0";"0";"6.08"
"1757 Golf Club";"Jul 11, 2026, 05:00:00";"42";"0";"0";"0";"6.09"
"1757 Golf Club";"Jul 11, 2026, 04:00:00";"48";"1.91";"0.16";"261.49";"7.75"
"1757 Golf Club";"Jul 11, 2026, 03:00:00";"52";"3.16";"0.17";"244.29";"10.18"
"1757 Golf Club";"Jul 11, 2026, 02:00:00";"47";"3.21";"0.16";"202.11";"6.88"
"1757 Golf Club";"Jul 11, 2026, 01:00:00";"53";"5.15";"0.19";"236.44";"10.35"
"1757 Golf Club";"Jul 11, 2026, 00:00:00";"52";"8.24";"0.19";"229.05";"10.62"
"1757 Golf Club";"Jul 10, 2026, 23:00:00";"45";"8.98";"0.19";"187.83";"8.97"
"1757 Golf Club";"Jul 10, 2026, 22:00:00";"40";"22.07";"0.24";"156.92";"6.77"
"1757 Golf Club";"Jul 10, 2026, 21:00:00";"43";"7.98";"0.22";"130.72";"6.1"
"1757 Golf Club";"Jul 10, 2026, 20:00:00";"52";"10.69";"0.22";"117.98";"6.96"
"1757 Golf Club";"Jul 10, 2026, 19:00:00";"57";"0.57";"0.21";"146.03";"11.22"
"1757 Golf Club";"Jul 10, 2026, 18:00:00";"58";"0.21";"0.2";"122.71";"11.33"
"1757 Golf Club";"Jul 10, 2026, 17:00:00";"61";"2.2";"0.23";"157.97";"12.66"
"1757 Golf Club";"Jul 10, 2026, 16:00:00";"64";"4.64";"0.23";"127.6";"15.48"
"1757 Golf Club";"Jul 10, 2026, 15:00:00";"64";"3.34";"0.21";"104.57";"15.14"
"1757 Golf Club";"Jul 10, 2026, 14:00:00";"65";"0.88";"0.19";"98.97";"16.61"
"1757 Golf Club";"Jul 10, 2026, 13:00:00";"64";"0.06";"0.19";"106.95";"16.86"
"1757 Golf Club";"Jul 10, 2026, 12:00:00";"63";"0.09";"0.2";"122.21";"17.03"
"1757 Golf Club";"Jul 10, 2026, 11:00:00";"60";"0";"0.2";"126.74";"15.11"
"1757 Golf Club";"Jul 10, 2026, 10:00:00";"57";"0.01";"0.19";"149.13";"13.63"
"1757 Golf Club";"Jul 10, 2026, 09:00:00";"53";"1.64";"0.19";"176.35";"11.49"
"1757 Golf Club";"Jul 10, 2026, 08:00:00";"50";"0";"0";"0";"8.98"
"1757 Golf Club";"Jul 10, 2026, 07:00:00";"49";"3.75";"0.16";"218.59";"8.39"
"1757 Golf Club";"Jul 10, 2026, 06:00:00";"52";"3.99";"0.32";"251.74";"10.85"
"1757 Golf Club";"Jul 10, 2026, 05:00:00";"44";"2.71";"0.12";"253.9";"7.9"
"1757 Golf Club";"Jul 10, 2026, 04:00:00";"44";"2.49";"0.12";"263.29";"8.93"
"1757 Golf Club";"Jul 10, 2026, 03:00:00";"39";"1.05";"0.12";"267.64";"7.04"
"1757 Golf Club";"Jul 10, 2026, 02:00:00";"39";"1.16";"0.13";"324.28";"7.28"
"1757 Golf Club";"Jul 10, 2026, 01:00:00";"38";"2.68";"0.16";"383.9";"6.16"
"1757 Golf Club";"Jul 10, 2026, 00:00:00";"41";"5.32";"0.17";"453.68";"7.81"
"1757 Golf Club";"Jul 9, 2026, 23:00:00";"38";"3.53";"0.16";"469.65";"7.96"
"1757 Golf Club";"Jul 9, 2026, 22:00:00";"33";"0";"0";"0";"7.24"
"1757 Golf Club";"Jul 9, 2026, 21:00:00";"24";"2.29";"0.15";"356.87";"3.84"
"1757 Golf Club";"Jul 9, 2026, 20:00:00";"28";"2.68";"0.17";"402.77";"3.5"
"1757 Golf Club";"Jul 9, 2026, 19:00:00";"35";"5.69";"0.16";"451.17";"4.94"
"1757 Golf Club";"Jul 9, 2026, 18:00:00";"44";"7.07";"0.16";"385.12";"6.08"
"1757 Golf Club";"Jul 9, 2026, 17:00:00";"52";"7.45";"0.16";"350.91";"11.02"
"1757 Golf Club";"Jul 9, 2026, 16:00:00";"46";"2.81";"0.15";"181.29";"4.12"
"1757 Golf Club";"Jul 9, 2026, 15:00:00";"58";"0.04";"0.19";"224.85";"10.14"
"1757 Golf Club";"Jul 9, 2026, 14:00:00";"61";"0.11";"0.22";"271.27";"15.16"
"1757 Golf Club";"Jul 9, 2026, 13:00:00";"60";"0.85";"0.22";"318.55";"14.38"
"1757 Golf Club";"Jul 9, 2026, 12:00:00";"59";"2.44";"0.23";"342.7";"13.94"
"1757 Golf Club";"Jul 9, 2026, 11:00:00";"58";"4.16";"0.23";"370.12";"13.87"
"1757 Golf Club";"Jul 9, 2026, 10:00:00";"55";"5.49";"0.23";"421.45";"11.92"
"1757 Golf Club";"Jul 9, 2026, 09:00:00";"55";"7.14";"0.22";"446.1";"11.46"
"1757 Golf Club";"Jul 9, 2026, 08:00:00";"54";"8.51";"0.2";"424.51";"11.76"
"1757 Golf Club";"Jul 9, 2026, 07:00:00";"52";"8.13";"0.2";"382.46";"11.68"
"1757 Golf Club";"Jul 9, 2026, 06:00:00";"46";"5.74";"0.19";"375.97";"8.6"
"1757 Golf Club";"Jul 9, 2026, 05:00:00";"45";"7.15";"0.18";"370.21";"8.5"
"1757 Golf Club";"Jul 9, 2026, 04:00:00";"45";"7.07";"0.17";"346.96";"8.08"
"1757 Golf Club";"Jul 9, 2026, 03:00:00";"45";"10.56";"0.18";"313.39";"7.81"
"1757 Golf Club";"Jul 9, 2026, 02:00:00";"45";"6.78";"0.19";"284.62";"7.18"
"1757 Golf Club";"Jul 9, 2026, 01:00:00";"47";"10.06";"0.2";"247.27";"7.81"
"1757 Golf Club";"Jul 9, 2026, 00:00:00";"48";"7.46";"0.2";"219.24";"8.05"
"1757 Golf Club";"Jul 8, 2026, 23:00:00";"48";"6.72";"0.22";"190.82";"8.79"
"1757 Golf Club";"Jul 8, 2026, 22:00:00";"48";"8.03";"0.22";"170.11";"8.76"
"1757 Golf Club";"Jul 8, 2026, 21:00:00";"47";"5.39";"0.2";"141.62";"8.53"
"1757 Golf Club";"Jul 8, 2026, 20:00:00";"47";"6.05";"0.21";"153.94";"8.7"
"1757 Golf Club";"Jul 8, 2026, 19:00:00";"47";"5.54";"0.22";"152.78";"7.84"
"1757 Golf Club";"Jul 8, 2026, 18:00:00";"48";"2.14";"0.23";"169.25";"8.56"
"1757 Golf Club";"Jul 8, 2026, 17:00:00";"48";"0.33";"0.23";"173.38";"8.19"
"1757 Golf Club";"Jul 8, 2026, 16:00:00";"50";"1.03";"0.23";"200.51";"8.71"
"1757 Golf Club";"Jul 8, 2026, 15:00:00";"51";"0.78";"0.21";"227.35";"9.21"
"1757 Golf Club";"Jul 8, 2026, 14:00:00";"50";"2.8";"0.19";"258.22";"9.62"
"1757 Golf Club";"Jul 8, 2026, 13:00:00";"47";"5.25";"0.19";"272.66";"9.12"
"1757 Golf Club";"Jul 8, 2026, 12:00:00";"43";"2.3";"0.19";"271.92";"7.82"
"1757 Golf Club";"Jul 8, 2026, 11:00:00";"43";"5.89";"0.19";"287.82";"7.05"
"1757 Golf Club";"Jul 8, 2026, 10:00:00";"47";"6.27";"0.22";"309.27";"7.71"
"1757 Golf Club";"Jul 8, 2026, 09:00:00";"52";"5.46";"0.21";"330.37";"7.05"
"1757 Golf Club";"Jul 8, 2026, 08:00:00";"56";"4.75";"0.19";"366.01";"7.83"
"1757 Golf Club";"Jul 8, 2026, 07:00:00";"63";"4.32";"0.18";"384.68";"14.59"
"1757 Golf Club";"Jul 8, 2026, 06:00:00";"64";"3.22";"0.17";"401.18";"14.95"
"1757 Golf Club";"Jul 8, 2026, 05:00:00";"65";"2.29";"0.15";"431.04";"13.7"
"1757 Golf Club";"Jul 8, 2026, 04:00:00";"70";"3.63";"0.16";"468.19";"17.27"
"1757 Golf Club";"Jul 8, 2026, 03:00:00";"73";"3.23";"0.17";"534.2";"23.7"
"1757 Golf Club";"Jul 8, 2026, 02:00:00";"68";"2.92";"0.17";"561.79";"20.36"
"1757 Golf Club";"Jul 8, 2026, 01:00:00";"64";"3.56";"0.2";"547.06";"19.28"
"1757 Golf Club";"Jul 8, 2026, 00:00:00";"60";"4.53";"0.21";"495.05";"12.65"
"1757 Golf Club";"Jul 7, 2026, 23:00:00";"61";"5.13";"0.22";"458.39";"14.26"
"1757 Golf Club";"Jul 7, 2026, 22:00:00";"62";"3.36";"0.21";"389.21";"15.1"
"1757 Golf Club";"Jul 7, 2026, 21:00:00";"61";"3.72";"0.2";"379.86";"13.91"
"1757 Golf Club";"Jul 7, 2026, 20:00:00";"62";"3.02";"0.19";"370.27";"15.23"
"1757 Golf Club";"Jul 7, 2026, 19:00:00";"61";"2.25";"0.18";"302.55";"15.01"
"1757 Golf Club";"Jul 7, 2026, 18:00:00";"59";"0.01";"0.18";"251.15";"12.21"
"1757 Golf Club";"Jul 7, 2026, 17:00:00";"60";"0.01";"0.19";"257.4";"12.26"
"1757 Golf Club";"Jul 7, 2026, 16:00:00";"63";"0.99";"0.2";"271.72";"15.14"
"1757 Golf Club";"Jul 7, 2026, 15:00:00";"64";"2.36";"0.22";"298.57";"15.98"
"1757 Golf Club";"Jul 7, 2026, 14:00:00";"64";"2.73";"0.24";"314.61";"16.55"
"1757 Golf Club";"Jul 7, 2026, 13:00:00";"62";"3.33";"0.21";"345.53";"15.1"
"1757 Golf Club";"Jul 7, 2026, 12:00:00";"62";"2.37";"0.2";"362.19";"12.27"
"1757 Golf Club";"Jul 7, 2026, 11:00:00";"67";"3.18";"0.2";"397.16";"15.37"
"1757 Golf Club";"Jul 7, 2026, 10:00:00";"71";"3.26";"0.2";"451.51";"13.55"
"1757 Golf Club";"Jul 7, 2026, 09:00:00";"83";"4.79";"0.23";"505.8";"25.42"
"1757 Golf Club";"Jul 7, 2026, 08:00:00";"84";"5.82";"0.21";"519.16";"27.1"
"1757 Golf Club";"Jul 7, 2026, 07:00:00";"82";"5.77";"0.21";"559.87";"31.8"
"1757 Golf Club";"Jul 7, 2026, 06:00:00";"71";"4.47";"0.27";"545.71";"25.3"
"1757 Golf Club";"Jul 7, 2026, 05:00:00";"61";"2.97";"0.17";"543.09";"16.74"
"1757 Golf Club";"Jul 7, 2026, 04:00:00";"56";"1.9";"0.14";"548.09";"12.71"
"1757 Golf Club";"Jul 7, 2026, 03:00:00";"54";"2.43";"0.14";"557.73";"11.63"
"1757 Golf Club";"Jul 7, 2026, 02:00:00";"53";"5.42";"0.15";"523.27";"9.35"
"1757 Golf Club";"Jul 7, 2026, 01:00:00";"54";"5.15";"0.15";"512.95";"8.1"
"1757 Golf Club";"Jul 7, 2026, 00:00:00";"57";"5.03";"0.15";"504.21";"10.95"
"1757 Golf Club";"Jul 6, 2026, 23:00:00";"58";"8.12";"0.17";"415.38";"13.14"
"1757 Golf Club";"Jul 6, 2026, 22:00:00";"58";"7.93";"0.2";"303.54";"13.74"
"1757 Golf Club";"Jul 6, 2026, 21:00:00";"57";"2.72";"0.21";"215.79";"12.11"
"1757 Golf Club";"Jul 6, 2026, 20:00:00";"57";"0.12";"0.22";"238.94";"12.85"
"1757 Golf Club";"Jul 6, 2026, 19:00:00";"56";"0.87";"0.21";"248.33";"11.28"
"1757 Golf Club";"Jul 6, 2026, 18:00:00";"57";"0.92";"0.2";"239.39";"11.37"
"1757 Golf Club";"Jul 6, 2026, 17:00:00";"58";"0.1";"0.19";"225.01";"12.32"
"1757 Golf Club";"Jul 6, 2026, 16:00:00";"58";"0.1";"0.19";"228.99";"12.77"
"1757 Golf Club";"Jul 6, 2026, 15:00:00";"58";"0";"0.17";"227.11";"13.14"
"1757 Golf Club";"Jul 6, 2026, 14:00:00";"57";"0";"0.18";"249.17";"13.09"
"1757 Golf Club";"Jul 6, 2026, 13:00:00";"54";"0.26";"0.19";"286.18";"11.58"
"1757 Golf Club";"Jul 6, 2026, 12:00:00";"52";"0.32";"0.17";"326.08";"10.35"
"1757 Golf Club";"Jul 6, 2026, 11:00:00";"50";"1.59";"0.18";"352.56";"9.68"
"1757 Golf Club";"Jul 6, 2026, 10:00:00";"47";"0.88";"0.16";"355.37";"8.96"
"1757 Golf Club";"Jul 6, 2026, 09:00:00";"43";"2.22";"0.17";"395.1";"6.43"
"1757 Golf Club";"Jul 6, 2026, 08:00:00";"50";"3.9";"0.16";"410.07";"6.95"
"1757 Golf Club";"Jul 6, 2026, 07:00:00";"55";"3.34";"0.21";"399.98";"10.43"
"1757 Golf Club";"Jul 6, 2026, 06:00:00";"56";"2.81";"0.15";"423.19";"11.55"
"1757 Golf Club";"Jul 6, 2026, 05:00:00";"56";"3.52";"0.15";"428.4";"10.6"
"1757 Golf Club";"Jul 6, 2026, 04:00:00";"57";"3.49";"0.14";"420.31";"12.02"
"1757 Golf Club";"Jul 6, 2026, 03:00:00";"57";"3.83";"0.15";"410.88";"13.04"
"1757 Golf Club";"Jul 6, 2026, 02:00:00";"55";"5.16";"0.17";"398.52";"11.41"
"1757 Golf Club";"Jul 6, 2026, 01:00:00";"54";"0";"0";"0";"11.2"
"1757 Golf Club";"Jul 6, 2026, 00:00:00";"53";"5.29";"0.16";"292.9";"9.22"
"1757 Golf Club";"Jul 5, 2026, 23:00:00";"55";"5.13";"0.2";"122.5";"9.81"
"1757 Golf Club";"Jul 5, 2026, 22:00:00";"58";"5.09";"0.2";"76.82";"11.2"
"1757 Golf Club";"Jul 5, 2026, 21:00:00";"60";"5.07";"0.19";"54.72";"9.61"
"1757 Golf Club";"Jul 5, 2026, 20:00:00";"68";"1.84";"0.24";"109.72";"14.9"
"1757 Golf Club";"Jul 5, 2026, 19:00:00";"73";"1.6";"0.3";"151.22";"22.35"
"1757 Golf Club";"Jul 5, 2026, 18:00:00";"70";"0.88";"0.3";"123.04";"21.87"
"1757 Golf Club";"Jul 5, 2026, 17:00:00";"65";"0.08";"0.27";"97.54";"17.78"
"1757 Golf Club";"Jul 5, 2026, 16:00:00";"62";"0.11";"0.25";"90";"16.51"
"1757 Golf Club";"Jul 5, 2026, 15:00:00";"60";"0.41";"0.23";"84.59";"15.32"
"1757 Golf Club";"Jul 5, 2026, 14:00:00";"59";"0.12";"0.22";"98.26";"13.94"
"1757 Golf Club";"Jul 5, 2026, 13:00:00";"58";"0";"0.2";"117.52";"13.54"
"1757 Golf Club";"Jul 5, 2026, 12:00:00";"57";"0";"0.17";"121.17";"12.63"
"1757 Golf Club";"Jul 5, 2026, 11:00:00";"55";"0";"0.16";"147.86";"11.52"
"1757 Golf Club";"Jul 5, 2026, 10:00:00";"54";"0";"0.18";"192.58";"9.84"
"1757 Golf Club";"Jul 5, 2026, 09:00:00";"56";"1.88";"0.16";"209.18";"10.25"
"1757 Golf Club";"Jul 5, 2026, 08:00:00";"58";"1.95";"0.14";"213.04";"11.83"
"1757 Golf Club";"Jul 5, 2026, 07:00:00";"60";"2.54";"0.14";"240.86";"13.03"
"1757 Golf Club";"Jul 5, 2026, 06:00:00";"61";"5.47";"0.21";"230.9";"13.74"
"1757 Golf Club";"Jul 5, 2026, 05:00:00";"62";"4.22";"0.15";"224.15";"13.93"
"1757 Golf Club";"Jul 5, 2026, 04:00:00";"63";"7.85";"0.15";"214.59";"16.08"
"1757 Golf Club";"Jul 5, 2026, 03:00:00";"62";"6.36";"0.15";"227.89";"14.99"
"1757 Golf Club";"Jul 5, 2026, 02:00:00";"62";"5.13";"0.15";"217.92";"15.55"
"1757 Golf Club";"Jul 5, 2026, 01:00:00";"61";"3.37";"0.14";"193.3";"12.94"
"1757 Golf Club";"Jul 5, 2026, 00:00:00";"63";"3.21";"0.16";"194.37";"18.67"
"1757 Golf Club";"Jul 4, 2026, 23:00:00";"58";"6.7";"0.19";"156.69";"15.76"
"1757 Golf Club";"Jul 4, 2026, 22:00:00";"52";"8.79";"0.2";"126.86";"8.17"
"1757 Golf Club";"Jul 4, 2026, 21:00:00";"54";"4.65";"0.19";"69.13";"6.71"
"1757 Golf Club";"Jul 4, 2026, 20:00:00";"60";"4.35";"0.22";"65.27";"10.74"
"1757 Golf Club";"Jul 4, 2026, 19:00:00";"66";"2.02";"0.27";"87.07";"17.46"
"1757 Golf Club";"Jul 4, 2026, 18:00:00";"65";"0.65";"0.31";"84.68";"19.11"
"1757 Golf Club";"Jul 4, 2026, 17:00:00";"61";"0";"0.29";"73.2";"14.25"
"1757 Golf Club";"Jul 4, 2026, 16:00:00";"60";"0.04";"0.29";"84.17";"15.09"
"1757 Golf Club";"Jul 4, 2026, 15:00:00";"58";"0.25";"0.28";"85.73";"14.61"
"1757 Golf Club";"Jul 4, 2026, 14:00:00";"55";"0";"0.24";"72.7";"12"
"1757 Golf Club";"Jul 4, 2026, 13:00:00";"53";"0";"0.22";"74.15";"9.38"
"1757 Golf Club";"Jul 4, 2026, 12:00:00";"54";"0";"0.23";"111.74";"11.08"
"1757 Golf Club";"Jul 4, 2026, 11:00:00";"53";"0";"0.2";"127.13";"11"
"1757 Golf Club";"Jul 4, 2026, 10:00:00";"49";"0";"0.19";"152.04";"9.56"
"1757 Golf Club";"Jul 4, 2026, 09:00:00";"45";"0.01";"0.16";"120.17";"7.39"
"1757 Golf Club";"Jul 4, 2026, 08:00:00";"49";"0.13";"0.14";"123.48";"6.24"
"1757 Golf Club";"Jul 4, 2026, 07:00:00";"56";"0.22";"0.16";"144.35";"8"
"1757 Golf Club";"Jul 4, 2026, 06:00:00";"63";"0.82";"0.35";"212.37";"12.05"
"1757 Golf Club";"Jul 4, 2026, 05:00:00";"67";"0.72";"0.2";"246.69";"17.57"
"1757 Golf Club";"Jul 4, 2026, 04:00:00";"67";"0.12";"0.21";"245.65";"16.16"
"1757 Golf Club";"Jul 4, 2026, 03:00:00";"68";"2.55";"0.23";"329.47";"18.99"
"1757 Golf Club";"Jul 4, 2026, 02:00:00";"67";"1.99";"0.25";"241.97";"19.99"
"1757 Golf Club";"Jul 4, 2026, 01:00:00";"66";"0.56";"0.26";"231.36";"16.5"
"1757 Golf Club";"Jul 4, 2026, 00:00:00";"67";"0.22";"0.27";"211.12";"16.06"
"1757 Golf Club";"Jul 3, 2026, 23:00:00";"67";"0.47";"0.29";"177.07";"17.49"
"1757 Golf Club";"Jul 3, 2026, 22:00:00";"67";"0.29";"0.29";"150.15";"16.92"
"1757 Golf Club";"Jul 3, 2026, 21:00:00";"67";"0";"0.28";"138.91";"17.32"
"1757 Golf Club";"Jul 3, 2026, 20:00:00";"68";"0.42";"0.29";"138.93";"18.15"
"1757 Golf Club";"Jul 3, 2026, 19:00:00";"68";"0.06";"0.3";"141.97";"18.31"
"1757 Golf Club";"Jul 3, 2026, 18:00:00";"67";"0.1";"0.31";"130.62";"17.55"
"1757 Golf Club";"Jul 3, 2026, 17:00:00";"67";"0";"0.31";"133.08";"17.75"
"1757 Golf Club";"Jul 3, 2026, 16:00:00";"67";"0";"0.29";"126.09";"17.24"
"1757 Golf Club";"Jul 3, 2026, 15:00:00";"68";"0.11";"0.28";"128.14";"16.55"
"1757 Golf Club";"Jul 3, 2026, 14:00:00";"68";"0";"0.26";"130.38";"17.29"
"1757 Golf Club";"Jul 3, 2026, 13:00:00";"69";"0.64";"0.24";"145.73";"16.76"
"1757 Golf Club";"Jul 3, 2026, 12:00:00";"70";"0";"0.25";"164.55";"17.36"
"1757 Golf Club";"Jul 3, 2026, 11:00:00";"70";"0";"0.24";"230.96";"18.38"
"1757 Golf Club";"Jul 3, 2026, 10:00:00";"71";"0";"0.24";"250.77";"18.61"
"1757 Golf Club";"Jul 3, 2026, 09:00:00";"71";"0.22";"0.23";"271.51";"19.65"
"1757 Golf Club";"Jul 3, 2026, 08:00:00";"71";"1.72";"0.24";"282.97";"20.92"
"1757 Golf Club";"Jul 3, 2026, 07:00:00";"71";"1.53";"0.28";"245.22";"21.22"
"1757 Golf Club";"Jul 3, 2026, 06:00:00";"70";"2.16";"0.22";"204.89";"20.42"
"1757 Golf Club";"Jul 3, 2026, 05:00:00";"69";"6.43";"0.21";"197.82";"18.25"
"1757 Golf Club";"Jul 3, 2026, 04:00:00";"69";"1.63";"0.2";"193.55";"18.46"
"1757 Golf Club";"Jul 3, 2026, 03:00:00";"70";"2.34";"0.21";"184.1";"18.17"
"1757 Golf Club";"Jul 3, 2026, 02:00:00";"70";"4.64";"0.22";"203.3";"19.13"
"1757 Golf Club";"Jul 3, 2026, 01:00:00";"70";"4.82";"0.23";"166.16";"18.55"
"1757 Golf Club";"Jul 3, 2026, 00:00:00";"70";"1.77";"0.26";"180.14";"18.38"
"1757 Golf Club";"Jul 2, 2026, 23:00:00";"71";"0.73";"0.28";"183.56";"17.72"
"1757 Golf Club";"Jul 2, 2026, 22:00:00";"72";"2.08";"0.29";"153.72";"17.68"
"1757 Golf Club";"Jul 2, 2026, 21:00:00";"75";"1.5";"0.28";"148.43";"19.72"
"1757 Golf Club";"Jul 2, 2026, 20:00:00";"76";"0.45";"0.29";"147.97";"21.16"
"1757 Golf Club";"Jul 2, 2026, 19:00:00";"77";"0.02";"0.29";"136.31";"22.16"
"1757 Golf Club";"Jul 2, 2026, 18:00:00";"77";"0.08";"0.3";"132.95";"23"
"1757 Golf Club";"Jul 2, 2026, 17:00:00";"77";"0.06";"0.29";"131.9";"22.48"
"1757 Golf Club";"Jul 2, 2026, 16:00:00";"78";"0.25";"0.28";"128.78";"22.65"
"1757 Golf Club";"Jul 2, 2026, 15:00:00";"79";"0.49";"0.27";"146.72";"23.72"
"1757 Golf Club";"Jul 2, 2026, 14:00:00";"79";"1.02";"0.26";"162.82";"24.45"
"1757 Golf Club";"Jul 2, 2026, 13:00:00";"78";"0";"0.27";"191.43";"26.26"
"1757 Golf Club";"Jul 2, 2026, 12:00:00";"74";"0";"0.24";"216.15";"23.41"
"1757 Golf Club";"Jul 2, 2026, 11:00:00";"72";"0";"0.22";"240.51";"22.59"
"1757 Golf Club";"Jul 2, 2026, 10:00:00";"70";"0.07";"0.23";"275.17";"21.83"
"1757 Golf Club";"Jul 2, 2026, 09:00:00";"68";"1.57";"0.23";"296.77";"19.08"
"1757 Golf Club";"Jul 2, 2026, 08:00:00";"68";"4.63";"0.28";"312.93";"18.73"
"1757 Golf Club";"Jul 2, 2026, 07:00:00";"68";"3.38";"0.26";"262.94";"19"
"1757 Golf Club";"Jul 2, 2026, 06:00:00";"68";"9.07";"0.31";"262.89";"17.82"
"1757 Golf Club";"Jul 2, 2026, 05:00:00";"68";"2.16";"0.18";"274.77";"17.31"
"1757 Golf Club";"Jul 2, 2026, 04:00:00";"68";"2.09";"0.2";"296.69";"16.61"
"1757 Golf Club";"Jul 2, 2026, 03:00:00";"70";"2.9";"0.24";"320.26";"18.51"
"1757 Golf Club";"Jul 2, 2026, 02:00:00";"70";"8.31";"0.27";"325.52";"18.13"
"1757 Golf Club";"Jul 2, 2026, 01:00:00";"71";"21.33";"0.3";"300.41";"18.52"
"1757 Golf Club";"Jul 2, 2026, 00:00:00";"71";"21.39";"0.32";"243.95";"18.38"
"1757 Golf Club";"Jul 1, 2026, 23:00:00";"71";"2.24";"0.27";"213.71";"17.56"
"1757 Golf Club";"Jul 1, 2026, 22:00:00";"72";"1.72";"0.28";"178.05";"18.74"
"1757 Golf Club";"Jul 1, 2026, 21:00:00";"73";"1.05";"0.27";"166.23";"20.19"
"1757 Golf Club";"Jul 1, 2026, 20:00:00";"75";"2.07";"0.28";"163.58";"21.62"
"1757 Golf Club";"Jul 1, 2026, 19:00:00";"75";"0.06";"0.27";"139.63";"21.58"
"1757 Golf Club";"Jul 1, 2026, 18:00:00";"75";"0";"0.28";"142.68";"22.21"
"1757 Golf Club";"Jul 1, 2026, 17:00:00";"74";"0";"0.28";"162.37";"22.23"
"1757 Golf Club";"Jul 1, 2026, 16:00:00";"73";"0.01";"0.27";"172.96";"21.17"
"1757 Golf Club";"Jul 1, 2026, 15:00:00";"72";"0";"0.27";"180";"21.31"
"1757 Golf Club";"Jul 1, 2026, 14:00:00";"69";"0";"0.24";"176.8";"20.81"
"1757 Golf Club";"Jul 1, 2026, 13:00:00";"65";"0";"0.24";"215.13";"18.69"
"1757 Golf Club";"Jul 1, 2026, 12:00:00";"60";"0.07";"0.25";"224.29";"16.22"
"1757 Golf Club";"Jul 1, 2026, 11:00:00";"55";"1.7";"0.25";"212.8";"13.65"
"1757 Golf Club";"Jul 1, 2026, 10:00:00";"48";"6.02";"0.25";"193.45";"10.16"
"1757 Golf Club";"Jul 1, 2026, 09:00:00";"38";"9.84";"0.22";"164.46";"7.93"
"1757 Golf Club";"Jul 1, 2026, 08:00:00";"32";"13.92";"0.28";"123.61";"6.38"
"1757 Golf Club";"Jul 1, 2026, 07:00:00";"30";"12.16";"0.22";"103.59";"6.1"
"1757 Golf Club";"Jul 1, 2026, 06:00:00";"28";"10.69";"0.19";"96.63";"5.21"
"1757 Golf Club";"Jul 1, 2026, 05:00:00";"27";"6.96";"0.16";"87.46";"4.76"
"1757 Golf Club";"Jul 1, 2026, 04:00:00";"26";"7";"0.17";"78.95";"4.6"
"1757 Golf Club";"Jul 1, 2026, 03:00:00";"27";"9.12";"0.18";"74.5";"4.88"
"1757 Golf Club";"Jul 1, 2026, 02:00:00";"26";"8.49";"0.21";"66.9";"4.64"
"1757 Golf Club";"Jul 1, 2026, 01:00:00";"26";"10.47";"0.22";"61.71";"4.55"
"1757 Golf Club";"Jul 1, 2026, 00:00:00";"27";"13.54";"0.25";"63.98";"4.69"
"1757 Golf Club";"Jun 30, 2026, 23:00:00";"27";"10.33";"0.25";"65.4";"4.09"
"1757 Golf Club";"Jun 30, 2026, 22:00:00";"30";"9.28";"0.25";"65.29";"4.4"
"1757 Golf Club";"Jun 30, 2026, 21:00:00";"37";"5.95";"0.24";"71.33";"5.13"
"1757 Golf Club";"Jun 30, 2026, 20:00:00";"45";"3.65";"0.24";"96.49";"6.86"
"1757 Golf Club";"Jun 30, 2026, 19:00:00";"48";"2.26";"0.25";"119.28";"7.9"
"1757 Golf Club";"Jun 30, 2026, 18:00:00";"50";"0.58";"0.24";"128.17";"9.1"
"1757 Golf Club";"Jun 30, 2026, 17:00:00";"50";"0.35";"0.24";"134.04";"8.93"
"1757 Golf Club";"Jun 30, 2026, 16:00:00";"50";"0.06";"0.24";"139.08";"8.42"
"1757 Golf Club";"Jun 30, 2026, 15:00:00";"50";"0.8";"0.23";"140.11";"8.68"
"1757 Golf Club";"Jun 30, 2026, 14:00:00";"51";"0.26";"0.21";"132.65";"9.28"
"1757 Golf Club";"Jun 30, 2026, 13:00:00";"50";"0.29";"0.21";"143.69";"8.47"
"1757 Golf Club";"Jun 30, 2026, 12:00:00";"51";"1.14";"0.22";"172.69";"8.89"
"1757 Golf Club";"Jun 30, 2026, 11:00:00";"52";"1.36";"0.23";"189.64";"9.16"
"1757 Golf Club";"Jun 30, 2026, 10:00:00";"52";"7.01";"0.25";"221.58";"9.06"
"1757 Golf Club";"Jun 30, 2026, 09:00:00";"52";"11.87";"0.26";"267.1";"9.42"
"1757 Golf Club";"Jun 30, 2026, 08:00:00";"53";"16.46";"0.25";"258.35";"9.96"
"1757 Golf Club";"Jun 30, 2026, 07:00:00";"53";"16.48";"0.25";"238.98";"10.12"
"1757 Golf Club";"Jun 30, 2026, 06:00:00";"52";"0";"0";"0";"10.7"
"1757 Golf Club";"Jun 30, 2026, 05:00:00";"49";"9.76";"0.19";"206.81";"9.32"
"1757 Golf Club";"Jun 30, 2026, 04:00:00";"46";"7.41";"0.19";"193.79";"8.53"
"1757 Golf Club";"Jun 30, 2026, 03:00:00";"44";"8.28";"0.21";"163.79";"8.23"
"1757 Golf Club";"Jun 30, 2026, 02:00:00";"42";"8.47";"0.21";"151.7";"7.75"
"1757 Golf Club";"Jun 30, 2026, 01:00:00";"41";"10.93";"0.22";"143.03";"7.31"
"1757 Golf Club";"Jun 30, 2026, 00:00:00";"42";"10.23";"0.25";"133.45";"7.88"
"1757 Golf Club";"Jun 29, 2026, 23:00:00";"39";"8.81";"0.23";"97.44";"6.67"
"1757 Golf Club";"Jun 29, 2026, 22:00:00";"41";"7.73";"0.21";"65.06";"5.92"
"1757 Golf Club";"Jun 29, 2026, 21:00:00";"49";"5.7";"0.22";"103.97";"7.07"
"1757 Golf Club";"Jun 29, 2026, 20:00:00";"54";"6.85";"0.26";"123.29";"9.06"
"1757 Golf Club";"Jun 29, 2026, 19:00:00";"56";"2.72";"0.23";"109.65";"10.2"
"1757 Golf Club";"Jun 29, 2026, 18:00:00";"59";"2";"0.25";"141.94";"16.33"
"1757 Golf Club";"Jun 29, 2026, 17:00:00";"53";"2.03";"0.25";"150.05";"11.1"
"1757 Golf Club";"Jun 29, 2026, 16:00:00";"49";"1.42";"0.22";"149.67";"9.11"
"1757 Golf Club";"Jun 29, 2026, 15:00:00";"47";"0.22";"0.2";"159.08";"7.55"
"1757 Golf Club";"Jun 29, 2026, 14:00:00";"51";"0";"0.19";"168.87";"8.23"
"1757 Golf Club";"Jun 29, 2026, 13:00:00";"53";"0";"0.2";"219.64";"8.86"
"1757 Golf Club";"Jun 29, 2026, 12:00:00";"56";"0.37";"0.25";"315.48";"10.6"
"1757 Golf Club";"Jun 29, 2026, 11:00:00";"57";"3.95";"0.26";"349.79";"11.34"
"1757 Golf Club";"Jun 29, 2026, 10:00:00";"58";"3.81";"0.26";"420.91";"11.17"
"1757 Golf Club";"Jun 29, 2026, 09:00:00";"60";"3.95";"0.25";"460.46";"13.38"
"1757 Golf Club";"Jun 29, 2026, 08:00:00";"61";"4.91";"0.25";"498.22";"12.76"
"1757 Golf Club";"Jun 29, 2026, 07:00:00";"65";"5.86";"0.23";"484.9";"16.26"
"1757 Golf Club";"Jun 29, 2026, 06:00:00";"64";"3.87";"0.26";"453.92";"15.6"
"1757 Golf Club";"Jun 29, 2026, 05:00:00";"65";"3.77";"0.21";"431.6";"18.62"
"1757 Golf Club";"Jun 29, 2026, 04:00:00";"61";"3.54";"0.21";"405.94";"16.94"
"1757 Golf Club";"Jun 29, 2026, 03:00:00";"56";"3.66";"0.2";"388.2";"12.96"
"1757 Golf Club";"Jun 29, 2026, 02:00:00";"53";"3.67";"0.2";"397.46";"10.33"
"1757 Golf Club";"Jun 29, 2026, 01:00:00";"52";"4.33";"0.2";"381.75";"9.51"
"1757 Golf Club";"Jun 29, 2026, 00:00:00";"52";"5.66";"0.25";"409.56";"10.47"
"1757 Golf Club";"Jun 28, 2026, 23:00:00";"48";"0";"0";"0";"10.51"
"1757 Golf Club";"Jun 28, 2026, 22:00:00";"38";"0";"0";"0";"8.39"
"1757 Golf Club";"Jun 28, 2026, 21:00:00";"30";"3.3";"0.21";"369.54";"6.2"
"1757 Golf Club";"Jun 28, 2026, 20:00:00";"25";"2.23";"0.2";"353.04";"4.62"
"1757 Golf Club";"Jun 28, 2026, 19:00:00";"25";"1.4";"0.2";"335.35";"4.04"
"1757 Golf Club";"Jun 28, 2026, 18:00:00";"27";"2.05";"0.2";"362.53";"3.63"
"1757 Golf Club";"Jun 28, 2026, 17:00:00";"33";"2.71";"0.2";"405.18";"6.23"
"1757 Golf Club";"Jun 28, 2026, 16:00:00";"31";"3.25";"0.2";"428.97";"5.76"
"1757 Golf Club";"Jun 28, 2026, 15:00:00";"30";"2.8";"0.19";"427.82";"4.54"
"1757 Golf Club";"Jun 28, 2026, 14:00:00";"35";"0";"0";"0";"4.17"
"1757 Golf Club";"Jun 28, 2026, 13:00:00";"47";"3.98";"0.19";"483.36";"5.79"
"1757 Golf Club";"Jun 28, 2026, 12:00:00";"55";"0";"0";"0";"6.57"
"1757 Golf Club";"Jun 28, 2026, 11:00:00";"65";"3.67";"0.17";"495.37";"10.02"
"1757 Golf Club";"Jun 28, 2026, 10:00:00";"78";"3.4";"0.17";"502.82";"15.62"
"1757 Golf Club";"Jun 28, 2026, 09:00:00";"97";"2.84";"0.18";"472.81";"30.49"
"1757 Golf Club";"Jun 28, 2026, 08:00:00";"0";"0";"0";"0";"37.99"
"1757 Golf Club";"Jun 28, 2026, 07:00:00";"3";"3.74";"0.19";"468.28";"0"
"1757 Golf Club";"Jun 28, 2026, 06:00:00";"3";"0";"0";"0";"0"
"1757 Golf Club";"Jun 28, 2026, 05:00:00";"100";"0";"0";"0";"0"
"1757 Golf Club";"Jun 28, 2026, 04:00:00";"100";"4.28";"0.22";"433.21";"36.43"
"1757 Golf Club";"Jun 28, 2026, 03:00:00";"97";"4.1";"0.21";"446.31";"32.43"
"1757 Golf Club";"Jun 28, 2026, 02:00:00";"100";"4.23";"0.22";"438.03";"38.48"
"1757 Golf Club";"Jun 28, 2026, 01:00:00";"93";"5.74";"0.25";"438.64";"34.83"
"1757 Golf Club";"Jun 28, 2026, 00:00:00";"86";"6.14";"0.26";"444.86";"33.68"
"1757 Golf Club";"Jun 27, 2026, 23:00:00";"76";"5.86";"0.24";"456.85";"28.26"
"1757 Golf Club";"Jun 27, 2026, 22:00:00";"64";"6.09";"0.25";"392.35";"23.85"
"1757 Golf Club";"Jun 27, 2026, 21:00:00";"44";"4.11";"0.23";"302.22";"10.27"
"1757 Golf Club";"Jun 27, 2026, 20:00:00";"34";"1.97";"0.2";"227.12";"5.5"
"1757 Golf Club";"Jun 27, 2026, 19:00:00";"35";"1.29";"0.19";"228.85";"5.85"
"1757 Golf Club";"Jun 27, 2026, 18:00:00";"34";"1";"0.19";"237.47";"5.86"
"1757 Golf Club";"Jun 27, 2026, 17:00:00";"35";"2.76";"0.2";"235.76";"6.07"
"1757 Golf Club";"Jun 27, 2026, 16:00:00";"37";"1.54";"0.2";"228.37";"6.87"
"1757 Golf Club";"Jun 27, 2026, 15:00:00";"36";"0.31";"0.19";"220.12";"6.4"
"1757 Golf Club";"Jun 27, 2026, 14:00:00";"37";"0";"0.2";"230.2";"6.57"
"1757 Golf Club";"Jun 27, 2026, 13:00:00";"36";"0.14";"0.19";"216.78";"6.65"
"1757 Golf Club";"Jun 27, 2026, 12:00:00";"35";"0.73";"0.19";"222.66";"6.01"
"1757 Golf Club";"Jun 27, 2026, 11:00:00";"36";"3";"0.19";"284.7";"6.18"
"1757 Golf Club";"Jun 27, 2026, 10:00:00";"38";"7.23";"0.2";"317.79";"6.19"
"1757 Golf Club";"Jun 27, 2026, 09:00:00";"40";"0";"0";"0";"6.51"
"1757 Golf Club";"Jun 27, 2026, 08:00:00";"43";"5.1";"0.2";"389.06";"7.33"
"1757 Golf Club";"Jun 27, 2026, 07:00:00";"46";"5.84";"0.2";"379.99";"10.18"
"1757 Golf Club";"Jun 27, 2026, 06:00:00";"35";"8.98";"0.22";"337.27";"6.89"
"1757 Golf Club";"Jun 27, 2026, 05:00:00";"33";"9.25";"0.22";"298.54";"5.78"
"1757 Golf Club";"Jun 27, 2026, 04:00:00";"34";"5.9";"0.19";"293.45";"6.41"
"1757 Golf Club";"Jun 27, 2026, 03:00:00";"33";"5.37";"0.19";"280.57";"5.93"
"1757 Golf Club";"Jun 27, 2026, 02:00:00";"34";"5.88";"0.2";"266.74";"5.48"
"1757 Golf Club";"Jun 27, 2026, 01:00:00";"37";"12.04";"0.23";"286.74";"6.65"
"1757 Golf Club";"Jun 27, 2026, 00:00:00";"36";"21.5";"0.3";"289.23";"6.91"
"1757 Golf Club";"Jun 26, 2026, 23:00:00";"34";"8.75";"0.25";"287.73";"6.35"
"1757 Golf Club";"Jun 26, 2026, 22:00:00";"32";"8.75";"0.22";"267.14";"6.37"
"1757 Golf Club";"Jun 26, 2026, 21:00:00";"29";"9.45";"0.25";"227.72";"5.3"
"1757 Golf Club";"Jun 26, 2026, 20:00:00";"29";"15.02";"0.27";"223.74";"5.22"
"1757 Golf Club";"Jun 26, 2026, 19:00:00";"28";"21.69";"0.37";"228.37";"6.29"
"1757 Golf Club";"Jun 26, 2026, 18:00:00";"21";"0";"0";"0";"3.52"
"1757 Golf Club";"Jun 26, 2026, 17:00:00";"22";"2.04";"0.2";"107.51";"3.32"
"1757 Golf Club";"Jun 26, 2026, 16:00:00";"25";"0.4";"0.2";"103.12";"4.35"
"1757 Golf Club";"Jun 26, 2026, 15:00:00";"27";"0.72";"0.2";"109.95";"4.02"
"1757 Golf Club";"Jun 26, 2026, 14:00:00";"31";"0.4";"0.21";"119.33";"7.06"
"1757 Golf Club";"Jun 26, 2026, 13:00:00";"23";"0.09";"0.21";"119.89";"3.67"
"1757 Golf Club";"Jun 26, 2026, 12:00:00";"25";"0.62";"0.2";"111.29";"3.77"
"1757 Golf Club";"Jun 26, 2026, 11:00:00";"29";"5.29";"0.23";"124.89";"3.88"
"1757 Golf Club";"Jun 26, 2026, 10:00:00";"36";"16.64";"0.26";"136.69";"7.25"
"1757 Golf Club";"Jun 26, 2026, 09:00:00";"32";"23.44";"0.29";"135.64";"6.66"
"1757 Golf Club";"Jun 26, 2026, 08:00:00";"25";"14.2";"0.22";"109.5";"5.18"
"1757 Golf Club";"Jun 26, 2026, 07:00:00";"21";"8.98";"0.21";"83.59";"4.09"
"1757 Golf Club";"Jun 26, 2026, 06:00:00";"20";"6.94";"0.21";"72.02";"3.79"
"1757 Golf Club";"Jun 26, 2026, 05:00:00";"20";"6.54";"0.18";"68.78";"3.77"
"1757 Golf Club";"Jun 26, 2026, 04:00:00";"19";"6.54";"0.19";"58.04";"3.86"
"1757 Golf Club";"Jun 26, 2026, 03:00:00";"18";"6.18";"0.19";"49.87";"3.23"
"1757 Golf Club";"Jun 26, 2026, 02:00:00";"18";"6.8";"0.19";"48.29";"3.37"
"1757 Golf Club";"Jun 26, 2026, 01:00:00";"19";"10.2";"0.21";"46.63";"3.35"
"1757 Golf Club";"Jun 26, 2026, 00:00:00";"18";"14.3";"0.24";"45.99";"3.55"
"1757 Golf Club";"Jun 25, 2026, 23:00:00";"18";"7.53";"0.23";"40.73";"3.3"
"1757 Golf Club";"Jun 25, 2026, 22:00:00";"18";"10.09";"0.23";"39.36";"3.18"
"1757 Golf Club";"Jun 25, 2026, 21:00:00";"17";"8.08";"0.22";"39.45";"3.01"
"1757 Golf Club";"Jun 25, 2026, 20:00:00";"18";"6.61";"0.21";"42.15";"2.86"
"1757 Golf Club";"Jun 25, 2026, 19:00:00";"18";"3.68";"0.21";"46.56";"3.31"
"1757 Golf Club";"Jun 25, 2026, 18:00:00";"18";"3.18";"0.2";"46.37";"3.01"
"1757 Golf Club";"Jun 25, 2026, 17:00:00";"19";"1.37";"0.19";"49";"2.86"
"1757 Golf Club";"Jun 25, 2026, 16:00:00";"20";"3.6";"0.19";"48.48";"3.42"
"1757 Golf Club";"Jun 25, 2026, 15:00:00";"20";"2.61";"0.17";"44.83";"3.4"
"1757 Golf Club";"Jun 25, 2026, 14:00:00";"22";"1.73";"0.18";"54.67";"4.27"
"1757 Golf Club";"Jun 25, 2026, 13:00:00";"20";"0.66";"0.18";"63.4";"3.33"
"1757 Golf Club";"Jun 25, 2026, 12:00:00";"22";"1.04";"0.17";"58.52";"3.99"
"1757 Golf Club";"Jun 25, 2026, 11:00:00";"21";"1.14";"0.18";"66.3";"3.6"
"1757 Golf Club";"Jun 25, 2026, 10:00:00";"22";"9.26";"0.21";"81.85";"4.23"
"1757 Golf Club";"Jun 25, 2026, 09:00:00";"20";"14.56";"0.22";"82.91";"4.38"
"1757 Golf Club";"Jun 25, 2026, 08:00:00";"18";"19.83";"0.24";"89.47";"3.32"
"1757 Golf Club";"Jun 25, 2026, 07:00:00";"17";"17.11";"0.44";"105.7";"2.87"
"1757 Golf Club";"Jun 25, 2026, 06:00:00";"14";"11.72";"0.19";"91.79";"2.65"
"1757 Golf Club";"Jun 25, 2026, 05:00:00";"13";"10.58";"0.16";"73.13";"2.31"
"1757 Golf Club";"Jun 25, 2026, 04:00:00";"12";"10.51";"0.17";"74.91";"2.2"
"1757 Golf Club";"Jun 25, 2026, 03:00:00";"14";"14.57";"0.19";"73.13";"2.39"
"1757 Golf Club";"Jun 25, 2026, 02:00:00";"23";"24.11";"0.21";"60.63";"2.06"
"1757 Golf Club";"Jun 25, 2026, 01:00:00";"29";"30.35";"0.24";"55.08";"1.88"
"1757 Golf Club";"Jun 25, 2026, 00:00:00";"9";"0";"0";"0";"1.82"
"1757 Golf Club";"Jun 24, 2026, 23:00:00";"9";"0";"0";"0";"1.88"
"1757 Golf Club";"Jun 24, 2026, 22:00:00";"8";"6.11";"0.16";"31.15";"1.41"
"1757 Golf Club";"Jun 24, 2026, 21:00:00";"8";"4.51";"0.16";"19.3";"1.26"
"1757 Golf Club";"Jun 24, 2026, 20:00:00";"8";"4.07";"0.16";"15";"1.25"
"1757 Golf Club";"Jun 24, 2026, 19:00:00";"8";"3.63";"0.16";"16.19";"1.41"
"1757 Golf Club";"Jun 24, 2026, 18:00:00";"8";"2.09";"0.16";"19.41";"1.29"
"1757 Golf Club";"Jun 24, 2026, 17:00:00";"8";"0.51";"0.16";"20.97";"1.43"
"1757 Golf Club";"Jun 24, 2026, 16:00:00";"9";"1.07";"0.15";"18.4";"1.38"
"1757 Golf Club";"Jun 24, 2026, 15:00:00";"9";"1.8";"0.14";"19.97";"1.55"
"1757 Golf Club";"Jun 24, 2026, 14:00:00";"10";"1.2";"0.13";"20.37";"1.7"
"1757 Golf Club";"Jun 24, 2026, 13:00:00";"10";"0.68";"0.12";"25.26";"1.55"
"1757 Golf Club";"Jun 24, 2026, 12:00:00";"11";"0.29";"0.13";"31.31";"1.79"
"1757 Golf Club";"Jun 24, 2026, 11:00:00";"12";"1.8";"0.23";"40.19";"1.95"
"1757 Golf Club";"Jun 24, 2026, 10:00:00";"12";"3.95";"0.16";"42.46";"2.26"
"1757 Golf Club";"Jun 24, 2026, 09:00:00";"12";"6.55";"0.14";"48.71";"2.05"
"1757 Golf Club";"Jun 24, 2026, 08:00:00";"12";"6.78";"0.11";"46.46";"1.6"
"1757 Golf Club";"Jun 24, 2026, 07:00:00";"14";"6.5";"0.11";"41.75";"1.93"
"1757 Golf Club";"Jun 24, 2026, 06:00:00";"17";"3.91";"0.1";"38.78";"4.55"
"1757 Golf Club";"Jun 24, 2026, 05:00:00";"8";"3.07";"0.08";"37.39";"1.47"
"1757 Golf Club";"Jun 24, 2026, 04:00:00";"8";"3.2";"0.07";"41.77";"1.43"
"1757 Golf Club";"Jun 24, 2026, 03:00:00";"8";"2.47";"0.08";"51.41";"1.43"
"1757 Golf Club";"Jun 24, 2026, 02:00:00";"8";"3.37";"0.09";"63.57";"1.23"
"1757 Golf Club";"Jun 24, 2026, 01:00:00";"8";"4.81";"0.11";"85.28";"1.45"
"1757 Golf Club";"Jun 24, 2026, 00:00:00";"8";"6.26";"0.12";"125.77";"1.29"
"1757 Golf Club";"Jun 23, 2026, 23:00:00";"10";"6.7";"0.12";"145.8";"2.26"
"1757 Golf Club";"Jun 23, 2026, 22:00:00";"12";"12.41";"0.12";"123.48";"1.47"
"1757 Golf Club";"Jun 23, 2026, 21:00:00";"5";"3.73";"0.11";"105.5";"0.84"
"1757 Golf Club";"Jun 23, 2026, 20:00:00";"5";"0.62";"0.11";"93.44";"0.7"
"1757 Golf Club";"Jun 23, 2026, 19:00:00";"5";"0.41";"0.11";"110.87";"0.77"
"1757 Golf Club";"Jun 23, 2026, 18:00:00";"6";"0.58";"0.1";"145.4";"0.76"
"1757 Golf Club";"Jun 23, 2026, 17:00:00";"8";"1.81";"0.11";"199.4";"0.8"
"1757 Golf Club";"Jun 23, 2026, 16:00:00";"12";"4.01";"0.11";"277.4";"1.38"
"1757 Golf Club";"Jun 23, 2026, 15:00:00";"15";"3.98";"0.11";"287.69";"2.68"
"1757 Golf Club";"Jun 23, 2026, 14:00:00";"16";"3.88";"0.11";"319.21";"2.07"
"1757 Golf Club";"Jun 23, 2026, 13:00:00";"20";"4.7";"0.12";"347.61";"1.64"
"1757 Golf Club";"Jun 23, 2026, 12:00:00";"32";"7.04";"0.13";"383.94";"3.03"
"1757 Golf Club";"Jun 23, 2026, 11:00:00";"47";"5.63";"0.14";"401.21";"8.78"
"1757 Golf Club";"Jun 23, 2026, 10:00:00";"44";"5.29";"0.15";"376.31";"10.73"
"1757 Golf Club";"Jun 23, 2026, 09:00:00";"29";"4.95";"0.18";"329.6";"6.62"
"1757 Golf Club";"Jun 23, 2026, 08:00:00";"20";"5.61";"0.13";"316.42";"3.53"
"1757 Golf Club";"Jun 23, 2026, 07:00:00";"20";"4.97";"0.15";"341.9";"3.35"
"1757 Golf Club";"Jun 23, 2026, 06:00:00";"22";"3.4";"0.18";"381.3";"4.36"
"1757 Golf Club";"Jun 23, 2026, 05:00:00";"20";"2.88";"0.12";"398.63";"3.97"
"1757 Golf Club";"Jun 23, 2026, 04:00:00";"18";"3.29";"0.12";"379.8";"3.49"
"1757 Golf Club";"Jun 23, 2026, 03:00:00";"16";"0";"0";"0";"2.78"
"1757 Golf Club";"Jun 23, 2026, 02:00:00";"17";"6.77";"0.15";"364.85";"2.9"
"1757 Golf Club";"Jun 23, 2026, 01:00:00";"17";"8.46";"0.15";"356.74";"2.7"
"1757 Golf Club";"Jun 23, 2026, 00:00:00";"18";"11.65";"0.18";"331.16";"2.37"
"1757 Golf Club";"Jun 22, 2026, 23:00:00";"24";"11.57";"0.2";"353.43";"3.55"
"1757 Golf Club";"Jun 22, 2026, 22:00:00";"27";"10.76";"0.18";"345.78";"3.77"
"1757 Golf Club";"Jun 22, 2026, 21:00:00";"34";"18.52";"0.23";"336.85";"4.66"
"1757 Golf Club";"Jun 22, 2026, 20:00:00";"40";"13.48";"0.25";"369.63";"7.83"
"1757 Golf Club";"Jun 22, 2026, 19:00:00";"38";"7.59";"0.24";"263.08";"7.7"
"1757 Golf Club";"Jun 22, 2026, 18:00:00";"33";"6.27";"0.25";"191.27";"5.94"
"1757 Golf Club";"Jun 22, 2026, 17:00:00";"34";"4.19";"0.23";"140.62";"6.08"
"1757 Golf Club";"Jun 22, 2026, 16:00:00";"33";"1.32";"0.22";"122.63";"6.23"
"1757 Golf Club";"Jun 22, 2026, 15:00:00";"33";"1.79";"0.23";"127.06";"5.93"
"1757 Golf Club";"Jun 22, 2026, 14:00:00";"33";"1.96";"0.23";"134.19";"6.09"
"1757 Golf Club";"Jun 22, 2026, 13:00:00";"33";"3.28";"0.21";"118.27";"5.96"
"1757 Golf Club";"Jun 22, 2026, 12:00:00";"33";"3.13";"0.22";"122.19";"6.31"
"1757 Golf Club";"Jun 22, 2026, 11:00:00";"30";"5.26";"0.22";"146.12";"6.08"
"1757 Golf Club";"Jun 22, 2026, 10:00:00";"27";"7.83";"0.24";"172.02";"5.19"
"1757 Golf Club";"Jun 22, 2026, 09:00:00";"24";"16.46";"0.26";"179.69";"4.25"
"1757 Golf Club";"Jun 22, 2026, 08:00:00";"24";"12.42";"0.27";"155.04";"4.2"
"1757 Golf Club";"Jun 22, 2026, 07:00:00";"25";"10.73";"0.37";"145.26";"4.56"
"1757 Golf Club";"Jun 22, 2026, 06:00:00";"26";"7.46";"0.18";"124.25";"4.58"
"1757 Golf Club";"Jun 22, 2026, 05:00:00";"26";"5";"0.16";"101.9";"5.94"
"1757 Golf Club";"Jun 22, 2026, 04:00:00";"19";"4.67";"0.17";"93.23";"3.53"
"1757 Golf Club";"Jun 22, 2026, 03:00:00";"18";"5.75";"0.18";"59.19";"3.49"
"1757 Golf Club";"Jun 22, 2026, 02:00:00";"17";"6.53";"0.19";"53.67";"2.76"
"1757 Golf Club";"Jun 22, 2026, 01:00:00";"19";"6.33";"0.19";"52.95";"3.47"
"1757 Golf Club";"Jun 22, 2026, 00:00:00";"19";"6.05";"0.19";"34.43";"4.09"
"1757 Golf Club";"Jun 21, 2026, 23:00:00";"15";"5.02";"0.2";"24.57";"3.37"
"1757 Golf Club";"Jun 21, 2026, 22:00:00";"12";"4.24";"0.18";"11.52";"2.52"
"1757 Golf Club";"Jun 21, 2026, 21:00:00";"9";"2.65";"0.18";"10.83";"1.68"
"1757 Golf Club";"Jun 21, 2026, 20:00:00";"9";"1.29";"0.17";"4.6";"1.66"
"1757 Golf Club";"Jun 21, 2026, 19:00:00";"9";"0.6";"0.17";"5.06";"1.62"
"1757 Golf Club";"Jun 21, 2026, 18:00:00";"9";"0.27";"0.15";"5.27";"1.54"
"1757 Golf Club";"Jun 21, 2026, 17:00:00";"10";"0.3";"0.14";"6.73";"1.75"
"1757 Golf Club";"Jun 21, 2026, 16:00:00";"11";"0.03";"0.14";"8.14";"1.81"
"1757 Golf Club";"Jun 21, 2026, 15:00:00";"12";"1.11";"0.16";"15.25";"2.08"
"1757 Golf Club";"Jun 21, 2026, 14:00:00";"12";"1.45";"0.14";"12.95";"1.85"
"1757 Golf Club";"Jun 21, 2026, 13:00:00";"13";"0.34";"0.13";"13.95";"1.92"
"1757 Golf Club";"Jun 21, 2026, 12:00:00";"15";"0.39";"0.14";"27.18";"2.5"
"1757 Golf Club";"Jun 21, 2026, 11:00:00";"17";"0.98";"0.15";"39.23";"3.59"
"1757 Golf Club";"Jun 21, 2026, 10:00:00";"13";"2.04";"0.17";"49.48";"3.2"
"1757 Golf Club";"Jun 21, 2026, 09:00:00";"9";"4.88";"0.15";"38.24";"1.67"
"1757 Golf Club";"Jun 21, 2026, 08:00:00";"9";"5.49";"0.14";"36.97";"1.43"
"1757 Golf Club";"Jun 21, 2026, 07:00:00";"9";"5.76";"0.13";"37.52";"1.58"
"1757 Golf Club";"Jun 21, 2026, 06:00:00";"9";"4.72";"0.14";"27.28";"1.65"
"1757 Golf Club";"Jun 21, 2026, 05:00:00";"9";"4.01";"0.14";"21.63";"1.57"
"1757 Golf Club";"Jun 21, 2026, 04:00:00";"10";"3.65";"0.14";"19.11";"1.5"
"1757 Golf Club";"Jun 21, 2026, 03:00:00";"11";"3.52";"0.15";"17.32";"1.88"
"1757 Golf Club";"Jun 21, 2026, 02:00:00";"12";"3.05";"0.15";"10.41";"2.43"
"1757 Golf Club";"Jun 21, 2026, 01:00:00";"9";"3.18";"0.15";"8.57";"1.61"
"1757 Golf Club";"Jun 21, 2026, 00:00:00";"9";"2.87";"0.17";"6.19";"1.45"
"1757 Golf Club";"Jun 20, 2026, 23:00:00";"9";"3.28";"0.18";"5.8";"2.2"
"1757 Golf Club";"Jun 20, 2026, 22:00:00";"7";"2.8";"0.18";"3";"1.26"
"1757 Golf Club";"Jun 20, 2026, 21:00:00";"6";"2.66";"0.18";"1.32";"1.28"
"1757 Golf Club";"Jun 20, 2026, 20:00:00";"5";"1.47";"0.17";"0.5";"0.97"
"1757 Golf Club";"Jun 20, 2026, 19:00:00";"5";"1.96";"0.17";"0.68";"0.83"
"1757 Golf Club";"Jun 20, 2026, 18:00:00";"5";"0.79";"0.16";"0.65";"0.81"
"1757 Golf Club";"Jun 20, 2026, 17:00:00";"5";"0.23";"0.15";"0.89";"0.72"
"1757 Golf Club";"Jun 20, 2026, 16:00:00";"6";"0.12";"0.14";"0.67";"0.89"
"1757 Golf Club";"Jun 20, 2026, 15:00:00";"7";"0.54";"0.14";"1.32";"0.88"
"1757 Golf Club";"Jun 20, 2026, 14:00:00";"9";"0.04";"0.13";"1.73";"1.76"
"1757 Golf Club";"Jun 20, 2026, 13:00:00";"8";"0.51";"0.14";"6.06";"1.18"
"1757 Golf Club";"Jun 20, 2026, 12:00:00";"8";"0.74";"0.14";"8.8";"1.4"
"1757 Golf Club";"Jun 20, 2026, 11:00:00";"9";"0.89";"0.14";"8.17";"1.43"
"1757 Golf Club";"Jun 20, 2026, 10:00:00";"9";"1.24";"0.14";"11.6";"1.55"
"1757 Golf Club";"Jun 20, 2026, 09:00:00";"9";"3.28";"0.14";"17.55";"1.52"
"1757 Golf Club";"Jun 20, 2026, 08:00:00";"9";"6.06";"0.14";"24.6";"1.76"
"1757 Golf Club";"Jun 20, 2026, 07:00:00";"9";"5.9";"0.13";"25.44";"1.51"
"1757 Golf Club";"Jun 20, 2026, 06:00:00";"9";"5.1";"0.21";"24.94";"1.49"
"1757 Golf Club";"Jun 20, 2026, 05:00:00";"9";"3.71";"0.12";"19.02";"1.46"
"1757 Golf Club";"Jun 20, 2026, 04:00:00";"9";"4.03";"0.14";"17.29";"1.58"
"1757 Golf Club";"Jun 20, 2026, 03:00:00";"9";"5.29";"0.13";"19.16";"1.85"
"1757 Golf Club";"Jun 20, 2026, 02:00:00";"8";"4.07";"0.14";"14.91";"1.4"
"1757 Golf Club";"Jun 20, 2026, 01:00:00";"9";"4.56";"0.14";"13.14";"1.53"
"1757 Golf Club";"Jun 20, 2026, 00:00:00";"9";"5.28";"0.14";"12.22";"1.69"
"1757 Golf Club";"Jun 19, 2026, 23:00:00";"8";"4.02";"0.14";"7.75";"1.6"
"1757 Golf Club";"Jun 19, 2026, 22:00:00";"8";"3.96";"0.15";"3.29";"1.43"
"1757 Golf Club";"Jun 19, 2026, 21:00:00";"8";"2.99";"0.14";"0.68";"1.59"
"1757 Golf Club";"Jun 19, 2026, 20:00:00";"7";"1.59";"0.14";"0.38";"1.21"
"1757 Golf Club";"Jun 19, 2026, 19:00:00";"7";"1.19";"0.14";"1.7";"1.11"
"1757 Golf Club";"Jun 19, 2026, 18:00:00";"7";"0.61";"0.14";"2.56";"1.21"
"1757 Golf Club";"Jun 19, 2026, 17:00:00";"8";"0.56";"0.14";"6.22";"1.35"
"1757 Golf Club";"Jun 19, 2026, 16:00:00";"7";"0.19";"0.15";"11.09";"1.29"
"1757 Golf Club";"Jun 19, 2026, 15:00:00";"7";"0.44";"0.15";"12.21";"1.34"
"1757 Golf Club";"Jun 19, 2026, 14:00:00";"7";"1.06";"0.15";"15.46";"1.22"
"1757 Golf Club";"Jun 19, 2026, 13:00:00";"7";"0.86";"0.16";"20.05";"1.4"
"1757 Golf Club";"Jun 19, 2026, 12:00:00";"7";"2.58";"0.14";"18.18";"1.31"
"1757 Golf Club";"Jun 19, 2026, 11:00:00";"6";"2.36";"0.13";"21.33";"0.9"
"1757 Golf Club";"Jun 19, 2026, 10:00:00";"7";"2.78";"0.14";"27.37";"0.95"
"1757 Golf Club";"Jun 19, 2026, 09:00:00";"9";"4.31";"0.14";"32.44";"1.17"
"1757 Golf Club";"Jun 19, 2026, 08:00:00";"10";"4.64";"0.15";"36.41";"1.57"
"1757 Golf Club";"Jun 19, 2026, 07:00:00";"10";"5.11";"0.15";"33.25";"2.11"
"1757 Golf Club";"Jun 19, 2026, 06:00:00";"10";"4.17";"0.14";"28.22";"1.9"
"1757 Golf Club";"Jun 19, 2026, 05:00:00";"10";"4.19";"0.14";"24.08";"1.59"
"1757 Golf Club";"Jun 19, 2026, 04:00:00";"10";"3.85";"0.14";"21.49";"1.59"
"1757 Golf Club";"Jun 19, 2026, 03:00:00";"11";"0";"0";"0";"2.02"
"1757 Golf Club";"Jun 19, 2026, 02:00:00";"11";"2.6";"0.12";"7.7";"2.1"
"1757 Golf Club";"Jun 19, 2026, 01:00:00";"10";"1.37";"0.12";"6.26";"1.58"
"1757 Golf Club";"Jun 19, 2026, 00:00:00";"11";"0.76";"0.13";"10.07";"1.94"
"1757 Golf Club";"Jun 18, 2026, 23:00:00";"11";"2.24";"0.13";"16.05";"1.86"
"1757 Golf Club";"Jun 18, 2026, 22:00:00";"12";"1.61";"0.14";"28.08";"1.83"
"1757 Golf Club";"Jun 18, 2026, 21:00:00";"12";"3.37";"0.15";"39.47";"2.12"
"1757 Golf Club";"Jun 18, 2026, 20:00:00";"13";"1.11";"0.15";"58.26";"2.05"
"1757 Golf Club";"Jun 18, 2026, 19:00:00";"14";"0.77";"0.16";"80.96";"2.13"
"1757 Golf Club";"Jun 18, 2026, 18:00:00";"15";"1.59";"0.17";"92.99";"2.27"
"1757 Golf Club";"Jun 18, 2026, 17:00:00";"18";"1.49";"0.16";"99.22";"2.33"
"1757 Golf Club";"Jun 18, 2026, 16:00:00";"22";"1.22";"0.18";"117.27";"2.82"
"1757 Golf Club";"Jun 18, 2026, 15:00:00";"28";"2.82";"0.19";"126.94";"4.22"
"1757 Golf Club";"Jun 18, 2026, 14:00:00";"32";"2.09";"0.22";"154.76";"5.65"
"1757 Golf Club";"Jun 18, 2026, 13:00:00";"32";"7";"0.25";"166";"6.33"
"1757 Golf Club";"Jun 18, 2026, 12:00:00";"30";"13.77";"0.24";"156.21";"5.75"
"1757 Golf Club";"Jun 18, 2026, 11:00:00";"28";"18.1";"0.24";"144.9";"5.59"
"1757 Golf Club";"Jun 18, 2026, 10:00:00";"25";"12.57";"0.22";"101.25";"4.34"
"1757 Golf Club";"Jun 18, 2026, 09:00:00";"25";"15.36";"0.22";"92.71";"4.04"
"1757 Golf Club";"Jun 18, 2026, 08:00:00";"28";"13.86";"0.2";"94.35";"4.16"
"1757 Golf Club";"Jun 18, 2026, 07:00:00";"32";"8.89";"0.2";"89.91";"4.97"
"1757 Golf Club";"Jun 18, 2026, 06:00:00";"36";"7.33";"0.2";"111.19";"6.08"
"1757 Golf Club";"Jun 18, 2026, 05:00:00";"38";"6.12";"0.2";"134.34";"7.07"
"1757 Golf Club";"Jun 18, 2026, 04:00:00";"36";"7.62";"0.21";"132.85";"7.27"
"1757 Golf Club";"Jun 18, 2026, 03:00:00";"32";"7.44";"0.21";"89.56";"6.85"
"1757 Golf Club";"Jun 18, 2026, 02:00:00";"25";"5.77";"0.2";"60.45";"5.08"
"1757 Golf Club";"Jun 18, 2026, 01:00:00";"22";"7.9";"0.22";"52.08";"4.39"
"1757 Golf Club";"Jun 18, 2026, 00:00:00";"18";"9.62";"0.23";"45.51";"3.72"
"1757 Golf Club";"Jun 17, 2026, 23:00:00";"15";"9.78";"0.24";"31.6";"3.23"
"1757 Golf Club";"Jun 17, 2026, 22:00:00";"15";"10.96";"0.24";"24.07";"2.88"
"1757 Golf Club";"Jun 17, 2026, 21:00:00";"14";"8.83";"0.22";"23.24";"2.46"
"1757 Golf Club";"Jun 17, 2026, 20:00:00";"14";"5.79";"0.19";"22.46";"2.32"
"1757 Golf Club";"Jun 17, 2026, 19:00:00";"14";"2.23";"0.18";"23.18";"2.42"
"1757 Golf Club";"Jun 17, 2026, 18:00:00";"14";"2.72";"0.18";"29.5";"2.44"
"1757 Golf Club";"Jun 17, 2026, 17:00:00";"16";"1.14";"0.18";"31.74";"2.65"
"1757 Golf Club";"Jun 17, 2026, 16:00:00";"15";"1.92";"0.18";"34.93";"2.61"
"1757 Golf Club";"Jun 17, 2026, 15:00:00";"16";"1.21";"0.17";"33.31";"2.59"
"1757 Golf Club";"Jun 17, 2026, 14:00:00";"17";"0.73";"0.15";"40.74";"2.64"
"1757 Golf Club";"Jun 17, 2026, 13:00:00";"18";"1.89";"0.15";"44.19";"2.86"
"1757 Golf Club";"Jun 17, 2026, 12:00:00";"19";"0.62";"0.16";"58.17";"2.73"
"1757 Golf Club";"Jun 17, 2026, 11:00:00";"23";"2.04";"0.18";"93.17";"4.48"
"1757 Golf Club";"Jun 17, 2026, 10:00:00";"22";"8.25";"0.21";"101.22";"3.66"
"1757 Golf Club";"Jun 17, 2026, 09:00:00";"23";"15.76";"0.22";"78.09";"3.86"
"1757 Golf Club";"Jun 17, 2026, 08:00:00";"24";"19.23";"0.3";"85.62";"3.78"
"1757 Golf Club";"Jun 17, 2026, 07:00:00";"26";"18.43";"0.23";"86.13";"4.92"
"1757 Golf Club";"Jun 17, 2026, 06:00:00";"25";"13.48";"0.2";"80.12";"5.13"
"1757 Golf Club";"Jun 17, 2026, 05:00:00";"20";"8.41";"0.14";"71.25";"5.34"
"1757 Golf Club";"Jun 17, 2026, 04:00:00";"12";"9.07";"0.15";"57.84";"2.37"
"1757 Golf Club";"Jun 17, 2026, 03:00:00";"10";"8.44";"0.16";"51.15";"2.04"
"1757 Golf Club";"Jun 17, 2026, 02:00:00";"8";"8.39";"0.15";"41.28";"1.53"
"1757 Golf Club";"Jun 17, 2026, 01:00:00";"8";"8.92";"0.16";"32.18";"1.3"
"1757 Golf Club";"Jun 17, 2026, 00:00:00";"8";"8.76";"0.17";"27.36";"1.33"
"1757 Golf Club";"Jun 16, 2026, 23:00:00";"8";"8.8";"0.18";"19.01";"1.5"
"1757 Golf Club";"Jun 16, 2026, 22:00:00";"15";"15.91";"0.2";"16.8";"1.36"
"1757 Golf Club";"Jun 16, 2026, 21:00:00";"7";"7.83";"0.18";"11.46";"1.21"
"1757 Golf Club";"Jun 16, 2026, 20:00:00";"7";"4.4";"0.16";"8.65";"1.09"
"1757 Golf Club";"Jun 16, 2026, 19:00:00";"8";"3.68";"0.16";"6.97";"1.22"
"1757 Golf Club";"Jun 16, 2026, 18:00:00";"8";"2.58";"0.16";"5.55";"1.48"
"1757 Golf Club";"Jun 16, 2026, 17:00:00";"7";"2.18";"0.15";"4.53";"1.24"
"1757 Golf Club";"Jun 16, 2026, 16:00:00";"8";"1.41";"0.13";"2.88";"1.27"
"1757 Golf Club";"Jun 16, 2026, 15:00:00";"10";"2.47";"0.13";"2.34";"1.5"
"1757 Golf Club";"Jun 16, 2026, 14:00:00";"10";"0.52";"0.12";"2.8";"1.55"
"1757 Golf Club";"Jun 16, 2026, 13:00:00";"6";"0.46";"0.1";"2.75";"1.07"
"1757 Golf Club";"Jun 16, 2026, 12:00:00";"5";"0.38";"0.09";"3.77";"0.85"
"1757 Golf Club";"Jun 16, 2026, 11:00:00";"6";"0";"0.09";"9.91";"0.88"
"1757 Golf Club";"Jun 16, 2026, 10:00:00";"7";"0.39";"0.09";"22.35";"1.01"
"1757 Golf Club";"Jun 16, 2026, 09:00:00";"7";"7.1";"0.12";"30.77";"1.01"
"1757 Golf Club";"Jun 16, 2026, 08:00:00";"11";"11.33";"0.12";"39.21";"1.52"
"1757 Golf Club";"Jun 16, 2026, 07:00:00";"10";"10.57";"0.3";"34.05";"1.83"
"1757 Golf Club";"Jun 16, 2026, 06:00:00";"8";"8.23";"0.12";"30.81";"1.77"
"1757 Golf Club";"Jun 16, 2026, 05:00:00";"7";"6.56";"0.06";"25.66";"1.13"
"1757 Golf Club";"Jun 16, 2026, 04:00:00";"7";"6.12";"0.07";"24.66";"1.29"
"1757 Golf Club";"Jun 16, 2026, 03:00:00";"7";"5.72";"0.09";"22.82";"0.87"
"1757 Golf Club";"Jun 16, 2026, 02:00:00";"8";"5.53";"0.14";"34.54";"1.1"
"1757 Golf Club";"Jun 16, 2026, 01:00:00";"10";"5.15";"0.15";"36.02";"1.42"
"1757 Golf Club";"Jun 16, 2026, 00:00:00";"12";"4.56";"0.15";"37.6";"2.34"
"1757 Golf Club";"Jun 15, 2026, 23:00:00";"10";"4.55";"0.16";"34.13";"1.37"
"1757 Golf Club";"Jun 15, 2026, 22:00:00";"12";"4.6";"0.16";"33.52";"1.69"
"1757 Golf Club";"Jun 15, 2026, 21:00:00";"14";"3.24";"0.16";"28.78";"2.55"
"1757 Golf Club";"Jun 15, 2026, 20:00:00";"15";"2.41";"0.17";"26.55";"2.83"
"1757 Golf Club";"Jun 15, 2026, 19:00:00";"14";"1.01";"0.16";"24.22";"2.43"
"1757 Golf Club";"Jun 15, 2026, 18:00:00";"14";"3.15";"0.18";"28.6";"2.58"
"1757 Golf Club";"Jun 15, 2026, 17:00:00";"13";"2.27";"0.17";"26.12";"2.43"
"1757 Golf Club";"Jun 15, 2026, 16:00:00";"12";"1.75";"0.17";"25.32";"1.99"
"1757 Golf Club";"Jun 15, 2026, 15:00:00";"12";"1.34";"0.16";"25.46";"1.64"
"1757 Golf Club";"Jun 15, 2026, 14:00:00";"14";"2.19";"0.16";"28.08";"1.86"
"1757 Golf Club";"Jun 15, 2026, 13:00:00";"18";"1.15";"0.16";"30.79";"2.89"
"1757 Golf Club";"Jun 15, 2026, 12:00:00";"20";"2.2";"0.16";"33.99";"3.72"
"1757 Golf Club";"Jun 15, 2026, 11:00:00";"19";"0.89";"0.15";"37.99";"3.39"
"1757 Golf Club";"Jun 15, 2026, 10:00:00";"18";"0.85";"0.15";"41.67";"3.59"
"1757 Golf Club";"Jun 15, 2026, 09:00:00";"17";"3.02";"0.14";"49.32";"3.54"
"1757 Golf Club";"Jun 15, 2026, 08:00:00";"13";"4.07";"0.14";"53.56";"3.26"
"1757 Golf Club";"Jun 15, 2026, 07:00:00";"8";"3.87";"0.14";"58.4";"1.63"
"1757 Golf Club";"Jun 15, 2026, 06:00:00";"6";"3.76";"0.13";"63.78";"0.92"
"1757 Golf Club";"Jun 15, 2026, 05:00:00";"6";"3.37";"0.13";"65.58";"0.85"
"1757 Golf Club";"Jun 15, 2026, 04:00:00";"8";"2.7";"0.14";"63.4";"1.08"
"1757 Golf Club";"Jun 15, 2026, 03:00:00";"9";"2.31";"0.15";"81.08";"0.94"
"1757 Golf Club";"Jun 15, 2026, 02:00:00";"13";"3.13";"0.16";"93.65";"0.86"
"1757 Golf Club";"Jun 15, 2026, 01:00:00";"20";"2.1";"0.19";"103.38";"1.3"
"1757 Golf Club";"Jun 15, 2026, 00:00:00";"34";"8.12";"0.25";"144.69";"5.46"
"1757 Golf Club";"Jun 14, 2026, 23:00:00";"35";"6.63";"0.26";"124.71";"5.47"
"1757 Golf Club";"Jun 14, 2026, 22:00:00";"39";"4.13";"0.26";"122.13";"5.79"
"1757 Golf Club";"Jun 14, 2026, 21:00:00";"45";"4.91";"0.3";"159.84";"7.97"
"1757 Golf Club";"Jun 14, 2026, 20:00:00";"46";"5.27";"0.29";"155.53";"8.69"
"1757 Golf Club";"Jun 14, 2026, 19:00:00";"44";"3.65";"0.29";"142.08";"8.44"
"1757 Golf Club";"Jun 14, 2026, 18:00:00";"40";"0.63";"0.26";"113.23";"8.02"
"1757 Golf Club";"Jun 14, 2026, 17:00:00";"37";"0.27";"0.26";"122.51";"6.7"
"1757 Golf Club";"Jun 14, 2026, 16:00:00";"37";"0.41";"0.26";"117.47";"7.05"
"1757 Golf Club";"Jun 14, 2026, 15:00:00";"34";"0.04";"0.23";"104.78";"6.67"
"1757 Golf Club";"Jun 14, 2026, 14:00:00";"32";"0";"0.23";"117.51";"6.45"
"1757 Golf Club";"Jun 14, 2026, 13:00:00";"28";"0";"0.23";"132.45";"5.05"
"1757 Golf Club";"Jun 14, 2026, 12:00:00";"27";"0";"0.23";"130.35";"4.37"
"1757 Golf Club";"Jun 14, 2026, 11:00:00";"29";"0.01";"0.26";"184.66";"5.02"
"1757 Golf Club";"Jun 14, 2026, 10:00:00";"30";"8.55";"0.28";"219.52";"5.41"
"1757 Golf Club";"Jun 14, 2026, 09:00:00";"31";"9.12";"0.28";"208.95";"5.27"
"1757 Golf Club";"Jun 14, 2026, 08:00:00";"33";"11.56";"0.28";"203.24";"4.5"
"1757 Golf Club";"Jun 14, 2026, 07:00:00";"40";"14.03";"0.42";"228.14";"7.06"
"1757 Golf Club";"Jun 14, 2026, 06:00:00";"42";"11.37";"0.35";"204.69";"10.55"
"1757 Golf Club";"Jun 14, 2026, 05:00:00";"24";"10.37";"0.24";"156.95";"4.92"
"1757 Golf Club";"Jun 14, 2026, 04:00:00";"20";"8.99";"0.21";"126.18";"4.02"
"1757 Golf Club";"Jun 14, 2026, 03:00:00";"18";"3.82";"0.21";"111.36";"3.27"
"1757 Golf Club";"Jun 14, 2026, 02:00:00";"18";"2.96";"0.23";"101.42";"3.36"
"1757 Golf Club";"Jun 14, 2026, 01:00:00";"16";"3.23";"0.25";"84.23";"3.33"
"1757 Golf Club";"Jun 14, 2026, 00:00:00";"13";"4.82";"0.26";"77.3";"2.77"
"1757 Golf Club";"Jun 13, 2026, 23:00:00";"12";"6.29";"0.27";"70.05";"2.35"
"1757 Golf Club";"Jun 13, 2026, 22:00:00";"10";"2.41";"0.25";"60.24";"2.02"
"1757 Golf Club";"Jun 13, 2026, 21:00:00";"10";"1.19";"0.25";"61.19";"2.01"
"1757 Golf Club";"Jun 13, 2026, 20:00:00";"10";"0.54";"0.24";"50.91";"1.67"
"1757 Golf Club";"Jun 13, 2026, 19:00:00";"10";"0.12";"0.23";"48.23";"1.73"
"1757 Golf Club";"Jun 13, 2026, 18:00:00";"10";"0.12";"0.23";"49.92";"1.8"
"1757 Golf Club";"Jun 13, 2026, 17:00:00";"10";"0";"0.22";"47.82";"1.64"
"1757 Golf Club";"Jun 13, 2026, 16:00:00";"10";"0.01";"0.21";"47.75";"1.78"
"1757 Golf Club";"Jun 13, 2026, 15:00:00";"10";"0.11";"0.21";"51.64";"1.92"
"1757 Golf Club";"Jun 13, 2026, 14:00:00";"10";"0.05";"0.2";"52.72";"1.94"
"1757 Golf Club";"Jun 13, 2026, 13:00:00";"10";"0.07";"0.19";"53.14";"1.67"
"1757 Golf Club";"Jun 13, 2026, 12:00:00";"10";"0";"0.18";"59.95";"1.7"
"1757 Golf Club";"Jun 13, 2026, 11:00:00";"11";"0";"0.17";"62.47";"1.7"
"1757 Golf Club";"Jun 13, 2026, 10:00:00";"12";"0";"0.17";"81.3";"1.78"
"1757 Golf Club";"Jun 13, 2026, 09:00:00";"14";"0.15";"0.19";"127.24";"2.09"
"1757 Golf Club";"Jun 13, 2026, 08:00:00";"17";"1.18";"0.18";"163.19";"2.64"
"1757 Golf Club";"Jun 13, 2026, 07:00:00";"18";"0.98";"0.29";"157.26";"2.95"
"1757 Golf Club";"Jun 13, 2026, 06:00:00";"19";"1.04";"0.5";"147.71";"3.42"
"1757 Golf Club";"Jun 13, 2026, 05:00:00";"19";"0";"0.15";"146.58";"3.09"
"1757 Golf Club";"Jun 13, 2026, 04:00:00";"20";"0";"0.15";"157.03";"2.84"
"1757 Golf Club";"Jun 13, 2026, 03:00:00";"24";"0";"0.17";"219.56";"3.09"
"1757 Golf Club";"Jun 13, 2026, 02:00:00";"30";"0";"0.23";"395.61";"6.55"
"1757 Golf Club";"Jun 13, 2026, 01:00:00";"27";"1.15";"0.26";"431.85";"4.87"
"1757 Golf Club";"Jun 13, 2026, 00:00:00";"26";"10.29";"0.25";"440.61";"4.85"
"1757 Golf Club";"Jun 12, 2026, 23:00:00";"25";"17.87";"0.29";"429.37";"4.83"
"1757 Golf Club";"Jun 12, 2026, 22:00:00";"24";"6.79";"0.24";"393.44";"4.7"
"1757 Golf Club";"Jun 12, 2026, 21:00:00";"23";"13.34";"0.27";"291.97";"4.02"
"1757 Golf Club";"Jun 12, 2026, 20:00:00";"24";"3.19";"0.2";"174.9";"3.91"
"1757 Golf Club";"Jun 12, 2026, 19:00:00";"25";"4.2";"0.34";"245.06";"4.22"
"1757 Golf Club";"Jun 12, 2026, 18:00:00";"27";"5.97";"0.35";"286.24";"4.47"
"1757 Golf Club";"Jun 12, 2026, 17:00:00";"28";"3.7";"0.28";"209.69";"4.01"
"1757 Golf Club";"Jun 12, 2026, 16:00:00";"32";"0.12";"0.27";"166.84";"5.31"
"1757 Golf Club";"Jun 12, 2026, 15:00:00";"33";"0";"0.27";"182.16";"5.4"
"1757 Golf Club";"Jun 12, 2026, 14:00:00";"34";"0";"0.25";"175.1";"5.76"
"1757 Golf Club";"Jun 12, 2026, 13:00:00";"37";"0";"0.25";"189.4";"6.56"
"1757 Golf Club";"Jun 12, 2026, 12:00:00";"36";"0";"0.25";"206.36";"6.8"
"1757 Golf Club";"Jun 12, 2026, 11:00:00";"34";"0";"0.29";"264.48";"7.03"
"1757 Golf Club";"Jun 12, 2026, 10:00:00";"29";"0.68";"0.3";"287.92";"6.12"
"1757 Golf Club";"Jun 12, 2026, 09:00:00";"26";"7.43";"0.29";"299.47";"5.11"
"1757 Golf Club";"Jun 12, 2026, 08:00:00";"25";"15.63";"0.3";"307.18";"4.53"
"1757 Golf Club";"Jun 12, 2026, 07:00:00";"25";"12";"0.36";"354.37";"4.37"
"1757 Golf Club";"Jun 12, 2026, 06:00:00";"25";"8.75";"0.26";"346.87";"4.59"
"1757 Golf Club";"Jun 12, 2026, 05:00:00";"24";"6";"0.2";"336.96";"4.28"
"1757 Golf Club";"Jun 12, 2026, 04:00:00";"24";"3.92";"0.19";"342.94";"3.77"
"1757 Golf Club";"Jun 12, 2026, 03:00:00";"27";"9.31";"0.19";"373.05";"4.38"
"1757 Golf Club";"Jun 12, 2026, 02:00:00";"29";"5.1";"0.2";"387.36";"5.18"
"1757 Golf Club";"Jun 12, 2026, 01:00:00";"30";"7.58";"0.21";"399.5";"5.42"
"1757 Golf Club";"Jun 12, 2026, 00:00:00";"30";"7.42";"0.21";"372.51";"5.37"
"1757 Golf Club";"Jun 11, 2026, 23:00:00";"30";"6.14";"0.22";"340.9";"4.66"
"1757 Golf Club";"Jun 11, 2026, 22:00:00";"34";"6.33";"0.22";"316.62";"5.26"
"1757 Golf Club";"Jun 11, 2026, 21:00:00";"39";"5.09";"0.21";"174.29";"4.97"
"1757 Golf Club";"Jun 11, 2026, 20:00:00";"51";"0.54";"0.28";"163.04";"8.6"
"1757 Golf Club";"Jun 11, 2026, 19:00:00";"52";"0";"0.28";"169.46";"8.9"
"1757 Golf Club";"Jun 11, 2026, 18:00:00";"53";"0";"0.29";"191.42";"9.64"
"1757 Golf Club";"Jun 11, 2026, 17:00:00";"54";"0";"0.28";"198.57";"10.42"
"1757 Golf Club";"Jun 11, 2026, 16:00:00";"53";"0";"0.27";"198.2";"9.67"
"1757 Golf Club";"Jun 11, 2026, 15:00:00";"54";"0";"0.27";"218.08";"9.88"
"1757 Golf Club";"Jun 11, 2026, 14:00:00";"55";"0";"0.27";"227.75";"10.66"
"1757 Golf Club";"Jun 11, 2026, 13:00:00";"56";"0";"0.26";"233.82";"12.12"
"1757 Golf Club";"Jun 11, 2026, 12:00:00";"54";"0";"0.24";"242.55";"11.87"
"1757 Golf Club";"Jun 11, 2026, 11:00:00";"51";"0";"0.24";"279.39";"10.92"
"1757 Golf Club";"Jun 11, 2026, 10:00:00";"42";"0";"0.24";"304.89";"8.38"
"1757 Golf Club";"Jun 11, 2026, 09:00:00";"36";"3.78";"0.28";"356.95";"7.16"
"1757 Golf Club";"Jun 11, 2026, 08:00:00";"32";"9.34";"0.3";"390.34";"6.62"
"1757 Golf Club";"Jun 11, 2026, 07:00:00";"27";"6.81";"0.27";"408.31";"5.31"
"1757 Golf Club";"Jun 11, 2026, 06:00:00";"25";"9.08";"0.26";"431.15";"4.74"
"1757 Golf Club";"Jun 11, 2026, 05:00:00";"24";"2.58";"0.2";"439.41";"4.75"
"1757 Golf Club";"Jun 11, 2026, 04:00:00";"22";"2.29";"0.21";"429.38";"4.16"
"1757 Golf Club";"Jun 11, 2026, 03:00:00";"21";"5.59";"0.24";"420.96";"3.93"
"1757 Golf Club";"Jun 11, 2026, 02:00:00";"20";"2.4";"0.21";"430.44";"3.54"
"1757 Golf Club";"Jun 11, 2026, 01:00:00";"22";"8.72";"0.24";"420.82";"3.46"
"1757 Golf Club";"Jun 11, 2026, 00:00:00";"23";"7.79";"0.23";"424.59";"3.63"
"1757 Golf Club";"Jun 10, 2026, 23:00:00";"26";"5.71";"0.27";"438.44";"4.53"
"1757 Golf Club";"Jun 10, 2026, 22:00:00";"27";"11.3";"0.29";"376.02";"5.54"
"1757 Golf Club";"Jun 10, 2026, 21:00:00";"23";"1.45";"0.25";"371.54";"4.61"
"1757 Golf Club";"Jun 10, 2026, 20:00:00";"20";"2.2";"0.26";"399.75";"3.73"
"1757 Golf Club";"Jun 10, 2026, 19:00:00";"20";"1.8";"0.26";"375.47";"3.28"
"1757 Golf Club";"Jun 10, 2026, 18:00:00";"22";"4.53";"0.27";"451.1";"2.29"
"1757 Golf Club";"Jun 10, 2026, 17:00:00";"30";"9.74";"0.23";"440.84";"3.53"
"1757 Golf Club";"Jun 10, 2026, 16:00:00";"42";"1.62";"0.17";"261.7";"3.64"
"1757 Golf Club";"Jun 10, 2026, 15:00:00";"55";"0";"0.26";"285.24";"11.21"
"1757 Golf Club";"Jun 10, 2026, 14:00:00";"55";"0";"0.26";"310.12";"11.67"
"1757 Golf Club";"Jun 10, 2026, 13:00:00";"54";"0";"0.26";"331.99";"10.67"
"1757 Golf Club";"Jun 10, 2026, 12:00:00";"54";"0.02";"0.26";"354.29";"11.01"
"1757 Golf Club";"Jun 10, 2026, 11:00:00";"53";"1.55";"0.27";"393.56";"9.97"
"1757 Golf Club";"Jun 10, 2026, 10:00:00";"53";"6.32";"0.31";"439.89";"10.31"
"1757 Golf Club";"Jun 10, 2026, 09:00:00";"52";"8.35";"0.31";"463.13";"10.78"
"1757 Golf Club";"Jun 10, 2026, 08:00:00";"46";"10.63";"0.29";"407.12";"9.85"
"1757 Golf Club";"Jun 10, 2026, 07:00:00";"37";"5.28";"0.24";"260.97";"8.19"
"1757 Golf Club";"Jun 10, 2026, 06:00:00";"27";"0";"0";"0";"5.28"
"1757 Golf Club";"Jun 10, 2026, 05:00:00";"25";"4.05";"0.23";"172.35";"4.86"
"1757 Golf Club";"Jun 10, 2026, 04:00:00";"25";"2.36";"0.22";"157.07";"4.86"
"1757 Golf Club";"Jun 10, 2026, 03:00:00";"25";"2.46";"0.23";"152.54";"4.81"
"1757 Golf Club";"Jun 10, 2026, 02:00:00";"23";"0";"0";"0";"4.22"
"1757 Golf Club";"Jun 10, 2026, 01:00:00";"23";"1.81";"0.23";"136.53";"3.94"
"1757 Golf Club";"Jun 10, 2026, 00:00:00";"23";"2.19";"0.23";"118.61";"4.16"
"1757 Golf Club";"Jun 9, 2026, 23:00:00";"22";"3.02";"0.24";"111.5";"3.84"
"1757 Golf Club";"Jun 9, 2026, 22:00:00";"23";"3.78";"0.25";"109.99";"3.83"
"1757 Golf Club";"Jun 9, 2026, 21:00:00";"24";"1.4";"0.24";"108.33";"4.01"
"1757 Golf Club";"Jun 9, 2026, 20:00:00";"27";"1.21";"0.24";"106.65";"4.13"
"1757 Golf Club";"Jun 9, 2026, 19:00:00";"30";"1.55";"0.24";"105.08";"4.8"
"1757 Golf Club";"Jun 9, 2026, 18:00:00";"33";"0.96";"0.24";"97.94";"5.25"
"1757 Golf Club";"Jun 9, 2026, 17:00:00";"36";"0.34";"0.24";"111.6";"5.89"
"1757 Golf Club";"Jun 9, 2026, 16:00:00";"39";"0.18";"0.24";"121.04";"7.79"
"1757 Golf Club";"Jun 9, 2026, 15:00:00";"34";"0.38";"0.23";"104.84";"6.33"
"1757 Golf Club";"Jun 9, 2026, 14:00:00";"33";"0.81";"0.23";"85.81";"6.46"
"1757 Golf Club";"Jun 9, 2026, 13:00:00";"38";"1.25";"0.22";"65.14";"6.35"
"1757 Golf Club";"Jun 9, 2026, 12:00:00";"25";"2.69";"0.2";"52.35";"3.89"
"1757 Golf Club";"Jun 9, 2026, 11:00:00";"32";"2.69";"0.2";"52.61";"4.77"
"1757 Golf Club";"Jun 9, 2026, 10:00:00";"25";"6.68";"0.2";"58.82";"4.07"
"1757 Golf Club";"Jun 9, 2026, 09:00:00";"26";"9.34";"0.2";"63.19";"4.49"
"1757 Golf Club";"Jun 9, 2026, 08:00:00";"23";"11.16";"0.19";"58.17";"4.52"
"1757 Golf Club";"Jun 9, 2026, 07:00:00";"14";"7.48";"0.16";"53.3";"3.08"
"1757 Golf Club";"Jun 9, 2026, 06:00:00";"11";"3.51";"0.15";"45.76";"2.05"
"1757 Golf Club";"Jun 9, 2026, 05:00:00";"10";"2.37";"0.13";"44.4";"1.62"
"1757 Golf Club";"Jun 9, 2026, 04:00:00";"12";"1.54";"0.13";"46.86";"2.02"
"1757 Golf Club";"Jun 9, 2026, 03:00:00";"11";"0.84";"0.13";"42.73";"1.88"
"1757 Golf Club";"Jun 9, 2026, 02:00:00";"12";"0.06";"0.13";"39.46";"1.8"
"1757 Golf Club";"Jun 9, 2026, 01:00:00";"14";"0.8";"0.16";"43.63";"2.08"
"1757 Golf Club";"Jun 9, 2026, 00:00:00";"16";"1.07";"0.16";"40.87";"2.73"
"1757 Golf Club";"Jun 8, 2026, 23:00:00";"16";"0.37";"0.17";"49.36";"2.28"
"1757 Golf Club";"Jun 8, 2026, 22:00:00";"20";"1.33";"0.2";"60.76";"3.01"
"1757 Golf Club";"Jun 8, 2026, 21:00:00";"23";"0.55";"0.2";"60.44";"3.61"
"1757 Golf Club";"Jun 8, 2026, 20:00:00";"25";"0.2";"0.21";"60.64";"3.2"
"1757 Golf Club";"Jun 8, 2026, 19:00:00";"32";"0.14";"0.22";"67.07";"3.91"
"1757 Golf Club";"Jun 8, 2026, 18:00:00";"41";"0.06";"0.22";"70.31";"8.1"
"1757 Golf Club";"Jun 8, 2026, 17:00:00";"37";"0";"0.22";"73.28";"9.17"
"1757 Golf Club";"Jun 8, 2026, 16:00:00";"22";"0";"0.23";"79.68";"3.79"
"1757 Golf Club";"Jun 8, 2026, 15:00:00";"23";"0.21";"0.22";"79.29";"4.05"
"1757 Golf Club";"Jun 8, 2026, 14:00:00";"23";"0";"0.21";"74.04";"4.88"
"1757 Golf Club";"Jun 8, 2026, 13:00:00";"18";"0";"0.22";"84.49";"3.43"
"1757 Golf Club";"Jun 8, 2026, 12:00:00";"17";"0";"0.22";"88.63";"2.56"
"1757 Golf Club";"Jun 8, 2026, 11:00:00";"19";"0.11";"0.21";"89.73";"3.56"
"1757 Golf Club";"Jun 8, 2026, 10:00:00";"17";"0.02";"0.22";"100.13";"3.33"
"1757 Golf Club";"Jun 8, 2026, 09:00:00";"16";"2.44";"0.19";"103.92";"2.2"
"1757 Golf Club";"Jun 8, 2026, 08:00:00";"20";"3.31";"0.18";"110.76";"2.55"
"1757 Golf Club";"Jun 8, 2026, 07:00:00";"25";"3.59";"0.24";"120.28";"4.11"
"1757 Golf Club";"Jun 8, 2026, 06:00:00";"27";"2.93";"0.19";"111.33";"4.79"
"1757 Golf Club";"Jun 8, 2026, 05:00:00";"27";"0.92";"0.16";"112.01";"6.08"
"1757 Golf Club";"Jun 8, 2026, 04:00:00";"20";"1.43";"0.16";"90.52";"3.92"
"1757 Golf Club";"Jun 8, 2026, 03:00:00";"18";"1.15";"0.17";"90.63";"3.29"
"1757 Golf Club";"Jun 8, 2026, 02:00:00";"18";"1.67";"0.2";"88.51";"3.17"
"1757 Golf Club";"Jun 8, 2026, 01:00:00";"18";"1.42";"0.2";"80.65";"3.67"
"1757 Golf Club";"Jun 8, 2026, 00:00:00";"16";"1.01";"0.2";"59.81";"3.02"
"1757 Golf Club";"Jun 7, 2026, 23:00:00";"15";"0.72";"0.21";"56.66";"2.69"
"1757 Golf Club";"Jun 7, 2026, 22:00:00";"14";"0.59";"0.23";"53.75";"2.58"
"1757 Golf Club";"Jun 7, 2026, 21:00:00";"14";"0.27";"0.23";"52.8";"2.54"
"1757 Golf Club";"Jun 7, 2026, 20:00:00";"14";"0";"0.22";"48.27";"2.24"
"1757 Golf Club";"Jun 7, 2026, 19:00:00";"15";"0";"0.21";"49.68";"2.41"
"1757 Golf Club";"Jun 7, 2026, 18:00:00";"18";"0";"0.21";"66.25";"2.94"
"1757 Golf Club";"Jun 7, 2026, 17:00:00";"19";"0";"0.2";"74.2";"2.79"
"1757 Golf Club";"Jun 7, 2026, 16:00:00";"23";"0";"0.2";"86.47";"3.57"
"1757 Golf Club";"Jun 7, 2026, 15:00:00";"26";"0";"0.21";"102.21";"4.2"
"1757 Golf Club";"Jun 7, 2026, 14:00:00";"28";"0";"0.21";"116.65";"4.55"
"1757 Golf Club";"Jun 7, 2026, 13:00:00";"30";"0";"0.21";"135.62";"5.02"
"1757 Golf Club";"Jun 7, 2026, 12:00:00";"32";"0.03";"0.22";"151.52";"5.5"
"1757 Golf Club";"Jun 7, 2026, 11:00:00";"34";"0";"0.22";"151.13";"6.45"
"1757 Golf Club";"Jun 7, 2026, 10:00:00";"32";"0";"0.22";"160.3";"6.34"
"1757 Golf Club";"Jun 7, 2026, 09:00:00";"28";"0";"0.22";"172.91";"5.45"
"1757 Golf Club";"Jun 7, 2026, 08:00:00";"25";"0.59";"0.21";"193.49";"4.63"
"1757 Golf Club";"Jun 7, 2026, 07:00:00";"23";"4.75";"0.22";"238.54";"4.31"
"1757 Golf Club";"Jun 7, 2026, 06:00:00";"23";"0.53";"0.2";"245.91";"4.69"
"1757 Golf Club";"Jun 7, 2026, 05:00:00";"19";"0.65";"0.18";"238.41";"3.65"
"1757 Golf Club";"Jun 7, 2026, 04:00:00";"18";"1.6";"0.19";"226.49";"3.45"
"1757 Golf Club";"Jun 7, 2026, 03:00:00";"17";"1.49";"0.19";"229.91";"3.06"
"1757 Golf Club";"Jun 7, 2026, 02:00:00";"17";"1.28";"0.19";"198.19";"2.77"
"1757 Golf Club";"Jun 7, 2026, 01:00:00";"19";"2.63";"0.2";"178.66";"3.78"
"1757 Golf Club";"Jun 7, 2026, 00:00:00";"16";"1.78";"0.2";"143.5";"3.11"
"1757 Golf Club";"Jun 6, 2026, 23:00:00";"15";"0.68";"0.18";"114.63";"2.27"
"1757 Golf Club";"Jun 6, 2026, 22:00:00";"17";"0.06";"0.19";"101.13";"2.34"
"1757 Golf Club";"Jun 6, 2026, 21:00:00";"20";"0.1";"0.22";"115.59";"2.94"
"1757 Golf Club";"Jun 6, 2026, 20:00:00";"24";"0.19";"0.22";"98.76";"3.13"
"1757 Golf Club";"Jun 6, 2026, 19:00:00";"32";"0.27";"0.22";"90.46";"4.46"
"1757 Golf Club";"Jun 6, 2026, 18:00:00";"35";"0";"0.26";"109.85";"6.27"
"1757 Golf Club";"Jun 6, 2026, 17:00:00";"34";"0";"0.24";"106.76";"6.12"
"1757 Golf Club";"Jun 6, 2026, 16:00:00";"35";"0";"0.24";"106.15";"6.27"
"1757 Golf Club";"Jun 6, 2026, 15:00:00";"34";"0";"0.24";"105.42";"6.03"
"1757 Golf Club";"Jun 6, 2026, 14:00:00";"35";"0.1";"0.23";"106.42";"6.33"
"1757 Golf Club";"Jun 6, 2026, 13:00:00";"35";"0.4";"0.22";"109.57";"6.46"
"1757 Golf Club";"Jun 6, 2026, 12:00:00";"35";"0";"0.21";"101.06";"6.36"
"1757 Golf Club";"Jun 6, 2026, 11:00:00";"34";"0";"0.21";"111.36";"6.3"
"1757 Golf Club";"Jun 6, 2026, 10:00:00";"32";"0";"0.22";"133.98";"5.16"
"1757 Golf Club";"Jun 6, 2026, 09:00:00";"36";"9.66";"0.28";"176.41";"5.55"
"1757 Golf Club";"Jun 6, 2026, 08:00:00";"40";"13.12";"0.28";"216.52";"5.05"
"1757 Golf Club";"Jun 6, 2026, 07:00:00";"52";"12.66";"0.5";"214.65";"8.64"
"1757 Golf Club";"Jun 6, 2026, 06:00:00";"54";"5.95";"0.28";"210.42";"12.56"
"1757 Golf Club";"Jun 6, 2026, 05:00:00";"44";"8.03";"0.22";"168.96";"10.1"
"1757 Golf Club";"Jun 6, 2026, 04:00:00";"32";"4.65";"0.22";"125.87";"6.38"
"1757 Golf Club";"Jun 6, 2026, 03:00:00";"29";"3.51";"0.23";"103.55";"5.4"
"1757 Golf Club";"Jun 6, 2026, 02:00:00";"29";"6.23";"0.27";"86.18";"5.18"
"1757 Golf Club";"Jun 6, 2026, 01:00:00";"29";"17.31";"0.32";"91.15";"5.46"
"1757 Golf Club";"Jun 6, 2026, 00:00:00";"28";"15.77";"0.35";"63.95";"5.64"
"1757 Golf Club";"Jun 5, 2026, 23:00:00";"26";"8.53";"0.33";"60.31";"5.37"
"1757 Golf Club";"Jun 5, 2026, 22:00:00";"24";"14.18";"0.3";"60.31";"4.64"
"1757 Golf Club";"Jun 5, 2026, 21:00:00";"24";"2.96";"0.26";"68.49";"4.58"
"1757 Golf Club";"Jun 5, 2026, 20:00:00";"24";"0.5";"0.26";"71.88";"4.35"
"1757 Golf Club";"Jun 5, 2026, 19:00:00";"23";"0";"0.26";"72.86";"4.24"
"1757 Golf Club";"Jun 5, 2026, 18:00:00";"23";"0";"0.26";"77.55";"4.23"
"1757 Golf Club";"Jun 5, 2026, 17:00:00";"23";"0.1";"0.25";"74.31";"4.07"
"1757 Golf Club";"Jun 5, 2026, 16:00:00";"23";"0";"0.24";"73.91";"3.93"
"1757 Golf Club";"Jun 5, 2026, 15:00:00";"24";"0.04";"0.23";"76.2";"4.39"
"1757 Golf Club";"Jun 5, 2026, 14:00:00";"24";"0.18";"0.22";"75.08";"4.4"
"1757 Golf Club";"Jun 5, 2026, 13:00:00";"23";"0";"0.21";"75.21";"4.03"
"1757 Golf Club";"Jun 5, 2026, 12:00:00";"24";"0.49";"0.2";"77.14";"4.06"
"1757 Golf Club";"Jun 5, 2026, 11:00:00";"24";"0";"0.2";"82.44";"3.94"
"1757 Golf Club";"Jun 5, 2026, 10:00:00";"27";"0.23";"0.22";"99.37";"4.44"
"1757 Golf Club";"Jun 5, 2026, 09:00:00";"29";"5.4";"0.22";"137.8";"3.39"
"1757 Golf Club";"Jun 5, 2026, 08:00:00";"39";"10.37";"0.23";"174.46";"4"
"1757 Golf Club";"Jun 5, 2026, 07:00:00";"53";"3.74";"0.18";"152.48";"11.52"
"1757 Golf Club";"Jun 5, 2026, 06:00:00";"45";"3.06";"0.15";"132.18";"8.78"
"1757 Golf Club";"Jun 5, 2026, 05:00:00";"42";"4.62";"0.15";"140.82";"8.56"
"1757 Golf Club";"Jun 5, 2026, 04:00:00";"37";"7.49";"0.17";"125.85";"7.34"
"1757 Golf Club";"Jun 5, 2026, 03:00:00";"33";"11.24";"0.2";"97.37";"5.83"
"1757 Golf Club";"Jun 5, 2026, 02:00:00";"33";"10.49";"0.21";"91.43";"6.51"
"1757 Golf Club";"Jun 5, 2026, 01:00:00";"28";"8.76";"0.22";"75.21";"6.52"
"1757 Golf Club";"Jun 5, 2026, 00:00:00";"20";"8.62";"0.22";"60.85";"4.08"
"1757 Golf Club";"Jun 4, 2026, 23:00:00";"18";"3.94";"0.21";"55.35";"3.33"
"1757 Golf Club";"Jun 4, 2026, 22:00:00";"18";"2.11";"0.22";"38.25";"3.01"
"1757 Golf Club";"Jun 4, 2026, 21:00:00";"19";"1.5";"0.23";"26.42";"3.41"
"1757 Golf Club";"Jun 4, 2026, 20:00:00";"18";"0.18";"0.22";"24.28";"3.48"
"1757 Golf Club";"Jun 4, 2026, 19:00:00";"18";"0.18";"0.22";"26.06";"3.33"
"1757 Golf Club";"Jun 4, 2026, 18:00:00";"18";"0";"0.21";"34.68";"3.26"
"1757 Golf Club";"Jun 4, 2026, 17:00:00";"17";"0";"0.2";"36.1";"3.04"
"1757 Golf Club";"Jun 4, 2026, 16:00:00";"17";"0.1";"0.2";"38.28";"3.17"
"1757 Golf Club";"Jun 4, 2026, 15:00:00";"17";"0";"0.19";"38.71";"2.9"
"1757 Golf Club";"Jun 4, 2026, 14:00:00";"17";"0";"0.17";"31.24";"2.93"
"1757 Golf Club";"Jun 4, 2026, 13:00:00";"18";"0";"0.16";"29.69";"2.77"
"1757 Golf Club";"Jun 4, 2026, 12:00:00";"19";"0";"0.18";"35.63";"3.15"
"1757 Golf Club";"Jun 4, 2026, 11:00:00";"21";"0";"0.18";"31.72";"3.24"
"1757 Golf Club";"Jun 4, 2026, 10:00:00";"24";"2";"0.22";"37.5";"4.31"
"1757 Golf Club";"Jun 4, 2026, 09:00:00";"24";"11.57";"0.21";"51.59";"3.48"
"1757 Golf Club";"Jun 4, 2026, 08:00:00";"28";"16.74";"0.24";"68.66";"3.76"
"1757 Golf Club";"Jun 4, 2026, 07:00:00";"34";"5.5";"0.41";"65.47";"6.92"
"1757 Golf Club";"Jun 4, 2026, 06:00:00";"30";"4.94";"0.23";"51.41";"5.99"
"1757 Golf Club";"Jun 4, 2026, 05:00:00";"27";"5.08";"0.13";"47.05";"5.27"
"1757 Golf Club";"Jun 4, 2026, 04:00:00";"25";"4.83";"0.15";"44.08";"4.37"
"1757 Golf Club";"Jun 4, 2026, 03:00:00";"25";"4.56";"0.17";"43.04";"5.16"
"1757 Golf Club";"Jun 4, 2026, 02:00:00";"21";"5.78";"0.19";"35.12";"4.44"
"1757 Golf Club";"Jun 4, 2026, 01:00:00";"18";"11.33";"0.22";"32.07";"3.43"
"1757 Golf Club";"Jun 4, 2026, 00:00:00";"16";"10.76";"0.22";"31.39";"3.1"
"1757 Golf Club";"Jun 3, 2026, 23:00:00";"14";"5.94";"0.23";"44.02";"2.82"
"1757 Golf Club";"Jun 3, 2026, 22:00:00";"13";"7.58";"0.2";"38.39";"2.47"
"1757 Golf Club";"Jun 3, 2026, 21:00:00";"12";"0.89";"0.2";"21.19";"2.28"
"1757 Golf Club";"Jun 3, 2026, 20:00:00";"11";"0.2";"0.2";"19.57";"1.88"
"1757 Golf Club";"Jun 3, 2026, 19:00:00";"12";"1.03";"0.19";"18.57";"2.06"
"1757 Golf Club";"Jun 3, 2026, 18:00:00";"12";"0";"0.18";"19.3";"2.23"
"1757 Golf Club";"Jun 3, 2026, 17:00:00";"12";"0";"0.18";"21.76";"1.85"
"1757 Golf Club";"Jun 3, 2026, 16:00:00";"13";"0.11";"0.18";"22.21";"2.09"
"1757 Golf Club";"Jun 3, 2026, 15:00:00";"15";"0.25";"0.17";"21.93";"2.17"
"1757 Golf Club";"Jun 3, 2026, 14:00:00";"17";"0.12";"0.17";"22.41";"3.69"
"1757 Golf Club";"Jun 3, 2026, 13:00:00";"14";"0";"0.16";"23.96";"2.26"
"1757 Golf Club";"Jun 3, 2026, 12:00:00";"15";"0";"0.16";"24.26";"2.41"
"1757 Golf Club";"Jun 3, 2026, 11:00:00";"17";"0";"0.15";"25.31";"2.57"
"1757 Golf Club";"Jun 3, 2026, 10:00:00";"19";"0.1";"0.16";"35.85";"3.17"
"1757 Golf Club";"Jun 3, 2026, 09:00:00";"19";"5.53";"0.19";"43.47";"2.65"
"1757 Golf Club";"Jun 3, 2026, 08:00:00";"24";"11.06";"0.17";"47.42";"2.93"
"1757 Golf Club";"Jun 3, 2026, 07:00:00";"32";"6.14";"0.15";"47.95";"5.83"
"1757 Golf Club";"Jun 3, 2026, 06:00:00";"30";"3.71";"0.08";"43.15";"6.32"
"1757 Golf Club";"Jun 3, 2026, 05:00:00";"25";"4.69";"0.1";"39.72";"5.17"
"1757 Golf Club";"Jun 3, 2026, 04:00:00";"22";"4.77";"0.11";"40.33";"4.73"
"1757 Golf Club";"Jun 3, 2026, 03:00:00";"18";"4.33";"0.1";"38.63";"3.41"
"1757 Golf Club";"Jun 3, 2026, 02:00:00";"17";"3.96";"0.11";"37.72";"3.37"
"1757 Golf Club";"Jun 3, 2026, 01:00:00";"15";"5.04";"0.13";"35.93";"3.43"
"1757 Golf Club";"Jun 3, 2026, 00:00:00";"12";"5.09";"0.14";"29.79";"2.29"
"1757 Golf Club";"Jun 2, 2026, 23:00:00";"10";"4.15";"0.15";"29.63";"2"
"1757 Golf Club";"Jun 2, 2026, 22:00:00";"10";"3.16";"0.19";"30.06";"1.78"
"1757 Golf Club";"Jun 2, 2026, 21:00:00";"10";"4.15";"0.17";"23.37";"1.81"
"1757 Golf Club";"Jun 2, 2026, 20:00:00";"10";"0.43";"0.16";"15.17";"1.74"
"1757 Golf Club";"Jun 2, 2026, 19:00:00";"10";"0";"0.16";"12.38";"1.75"
"1757 Golf Club";"Jun 2, 2026, 18:00:00";"11";"0";"0.15";"11.2";"1.66"
"1757 Golf Club";"Jun 2, 2026, 17:00:00";"13";"0.07";"0.15";"12.45";"1.95"
"1757 Golf Club";"Jun 2, 2026, 16:00:00";"15";"0";"0.16";"14.26";"2.38"
"1757 Golf Club";"Jun 2, 2026, 15:00:00";"16";"0.04";"0.15";"14.52";"2.57"
"1757 Golf Club";"Jun 2, 2026, 14:00:00";"18";"0";"0.14";"14.48";"2.63"
"1757 Golf Club";"Jun 2, 2026, 13:00:00";"21";"0";"0.13";"17.46";"3.04"
"1757 Golf Club";"Jun 2, 2026, 12:00:00";"24";"0";"0.15";"25.1";"4.03"
"1757 Golf Club";"Jun 2, 2026, 11:00:00";"25";"0";"0.13";"29.97";"4.33"
"1757 Golf Club";"Jun 2, 2026, 10:00:00";"27";"0.65";"0.13";"37.51";"4.67"
"1757 Golf Club";"Jun 2, 2026, 09:00:00";"27";"4.06";"0.12";"41.07";"4.88"
"1757 Golf Club";"Jun 2, 2026, 08:00:00";"27";"6.5";"0.11";"42.06";"4.62"
"1757 Golf Club";"Jun 2, 2026, 07:00:00";"29";"5.89";"0.11";"40.91";"5.57"
"1757 Golf Club";"Jun 2, 2026, 06:00:00";"27";"4.61";"0.17";"38.02";"5.18"
"1757 Golf Club";"Jun 2, 2026, 05:00:00";"24";"4.12";"0.09";"34.8";"4.7"
"1757 Golf Club";"Jun 2, 2026, 04:00:00";"22";"4.35";"0.1";"34.01";"4.14"
"1757 Golf Club";"Jun 2, 2026, 03:00:00";"20";"4.75";"0.12";"33.09";"4.43"
"1757 Golf Club";"Jun 2, 2026, 02:00:00";"16";"3.67";"0.12";"28.97";"3.14"
"1757 Golf Club";"Jun 2, 2026, 01:00:00";"15";"3.12";"0.14";"25.99";"2.45"
"1757 Golf Club";"Jun 2, 2026, 00:00:00";"15";"3.35";"0.16";"27";"2.91"
"1757 Golf Club";"Jun 1, 2026, 23:00:00";"15";"2.24";"0.17";"27.09";"2.83"
"1757 Golf Club";"Jun 1, 2026, 22:00:00";"14";"2.95";"0.2";"26.16";"2.96"
"1757 Golf Club";"Jun 1, 2026, 21:00:00";"12";"3.48";"0.2";"22.57";"2.21"
"1757 Golf Club";"Jun 1, 2026, 20:00:00";"12";"1.25";"0.18";"19.29";"1.96"
"1757 Golf Club";"Jun 1, 2026, 19:00:00";"12";"0.05";"0.18";"16.9";"2.23"
"1757 Golf Club";"Jun 1, 2026, 18:00:00";"11";"0.07";"0.18";"16.28";"1.93"
"1757 Golf Club";"Jun 1, 2026, 17:00:00";"12";"0.55";"0.17";"15.48";"1.93"
"1757 Golf Club";"Jun 1, 2026, 16:00:00";"13";"0";"0.16";"16.52";"2.09"
"1757 Golf Club";"Jun 1, 2026, 15:00:00";"13";"0.6";"0.16";"18.11";"2.63"
"1757 Golf Club";"Jun 1, 2026, 14:00:00";"12";"0.08";"0.16";"19.69";"2.12"
"1757 Golf Club";"Jun 1, 2026, 13:00:00";"11";"0.08";"0.15";"20.72";"1.67"
"1757 Golf Club";"Jun 1, 2026, 12:00:00";"13";"0";"0.15";"23.42";"1.99"
"1757 Golf Club";"Jun 1, 2026, 11:00:00";"14";"0";"0.15";"25.9";"2.27"
"1757 Golf Club";"Jun 1, 2026, 10:00:00";"15";"0.07";"0.17";"36.07";"2.19"
"1757 Golf Club";"Jun 1, 2026, 09:00:00";"19";"3.66";"0.17";"44.01";"2.48"
"1757 Golf Club";"Jun 1, 2026, 08:00:00";"23";"7.66";"0.16";"48.81";"3.02"
"1757 Golf Club";"Jun 1, 2026, 07:00:00";"30";"7.55";"0.17";"53.27";"4.9"
"1757 Golf Club";"Jun 1, 2026, 06:00:00";"32";"6.33";"0.16";"56.17";"6.32"
"1757 Golf Club";"Jun 1, 2026, 05:00:00";"29";"7.32";"0.18";"60.32";"6.34"
"1757 Golf Club";"Jun 1, 2026, 04:00:00";"23";"9.31";"0.19";"56.07";"5.85"
"1757 Golf Club";"Jun 1, 2026, 03:00:00";"13";"5.23";"0.2";"41.97";"2.62"
"1757 Golf Club";"Jun 1, 2026, 02:00:00";"12";"5.74";"0.22";"36.71";"2.03"
"1757 Golf Club";"Jun 1, 2026, 01:00:00";"13";"4.89";"0.22";"32.03";"2.39"
"1757 Golf Club";"Jun 1, 2026, 00:00:00";"12";"5.62";"0.22";"25.82";"2.18"
"1757 Golf Club";"May 31, 2026, 23:00:00";"12";"7.28";"0.23";"22.95";"2.11"
"1757 Golf Club";"May 31, 2026, 22:00:00";"14";"14.67";"0.25";"22.73";"2.39"
"1757 Golf Club";"May 31, 2026, 21:00:00";"9";"4.69";"0.2";"17.62";"1.78"
"1757 Golf Club";"May 31, 2026, 20:00:00";"9";"0.67";"0.19";"12.29";"1.59"
"1757 Golf Club";"May 31, 2026, 19:00:00";"9";"0.24";"0.18";"11.78";"1.46"
"1757 Golf Club";"May 31, 2026, 18:00:00";"9";"0";"0.18";"12.05";"1.5"
"1757 Golf Club";"May 31, 2026, 17:00:00";"9";"0";"0.17";"11.7";"1.41"
"1757 Golf Club";"May 31, 2026, 16:00:00";"9";"0";"0.17";"12.52";"1.47"
"1757 Golf Club";"May 31, 2026, 15:00:00";"10";"0.1";"0.16";"12.48";"1.69"
"1757 Golf Club";"May 31, 2026, 14:00:00";"10";"0";"0.16";"12.97";"1.89"
"1757 Golf Club";"May 31, 2026, 13:00:00";"10";"0.07";"0.15";"12.61";"1.69"
"1757 Golf Club";"May 31, 2026, 12:00:00";"10";"0";"0.15";"15.96";"1.74"
"1757 Golf Club";"May 31, 2026, 11:00:00";"12";"0";"0.14";"22.57";"1.97"
"1757 Golf Club";"May 31, 2026, 10:00:00";"12";"0";"0.15";"26.67";"2.14"
"1757 Golf Club";"May 31, 2026, 09:00:00";"12";"1.41";"0.15";"28.08";"1.82"
"1757 Golf Club";"May 31, 2026, 08:00:00";"13";"2.94";"0.12";"28.38";"2.1"
"1757 Golf Club";"May 31, 2026, 07:00:00";"13";"3.81";"0.12";"26.84";"2.22"
"1757 Golf Club";"May 31, 2026, 06:00:00";"14";"3.59";"0.11";"26.11";"2.8"
"1757 Golf Club";"May 31, 2026, 05:00:00";"12";"3.56";"0.1";"25.75";"2.51"
"1757 Golf Club";"May 31, 2026, 04:00:00";"9";"3.98";"0.12";"25.96";"1.78"
"1757 Golf Club";"May 31, 2026, 03:00:00";"8";"4.31";"0.13";"25.15";"1.64"
"1757 Golf Club";"May 31, 2026, 02:00:00";"6";"3.77";"0.13";"25.18";"1.17"
"1757 Golf Club";"May 31, 2026, 01:00:00";"5";"4.04";"0.16";"25.48";"0.9"
"1757 Golf Club";"May 31, 2026, 00:00:00";"5";"4.73";"0.16";"24.46";"0.95"
"1757 Golf Club";"May 30, 2026, 23:00:00";"6";"3.95";"0.17";"22.37";"1.15"
"1757 Golf Club";"May 30, 2026, 22:00:00";"5";"2.89";"0.17";"21.41";"0.98"
"1757 Golf Club";"May 30, 2026, 21:00:00";"5";"1.54";"0.16";"20.72";"0.97"
"1757 Golf Club";"May 30, 2026, 20:00:00";"5";"0.43";"0.17";"19.55";"0.93"
"1757 Golf Club";"May 30, 2026, 19:00:00";"13";"0.07";"0.17";"17.42";"0.81"
"1757 Golf Club";"May 30, 2026, 18:00:00";"13";"0";"0.17";"15.29";"0.8"
"1757 Golf Club";"May 30, 2026, 17:00:00";"13";"0";"0.18";"14.49";"0.9"
"1757 Golf Club";"May 30, 2026, 16:00:00";"13";"0";"0.18";"14.64";"0.92"
"1757 Golf Club";"May 30, 2026, 15:00:00";"13";"0";"0.18";"15.27";"0.91"
"1757 Golf Club";"May 30, 2026, 14:00:00";"13";"0.06";"0.17";"14.91";"1.11"
"1757 Golf Club";"May 30, 2026, 13:00:00";"13";"0";"0.16";"14.86";"1.24"
"1757 Golf Club";"May 30, 2026, 12:00:00";"13";"0";"0.15";"15.32";"1.28"
"1757 Golf Club";"May 30, 2026, 11:00:00";"13";"0.02";"0.16";"17.75";"2.11"
"1757 Golf Club";"May 30, 2026, 10:00:00";"13";"0";"0.17";"22.96";"3.64"
"1757 Golf Club";"May 30, 2026, 09:00:00";"12";"0.74";"0.17";"26.76";"4.39"
"1757 Golf Club";"May 30, 2026, 08:00:00";"12";"1.64";"0.19";"30.36";"5.62"
"1757 Golf Club";"May 30, 2026, 07:00:00";"11";"2.1";"0.19";"30.06";"6"
"1757 Golf Club";"May 30, 2026, 06:00:00";"10";"1.28";"0.19";"28.95";"6.72"
"1757 Golf Club";"May 30, 2026, 05:00:00";"9";"0.3";"0.18";"29.6";"5.86"
"1757 Golf Club";"May 30, 2026, 04:00:00";"8";"0.36";"0.17";"30.2";"5.24"
"1757 Golf Club";"May 30, 2026, 03:00:00";"7";"0.12";"0.18";"30.15";"4.86"
"1757 Golf Club";"May 30, 2026, 02:00:00";"7";"0";"0.19";"28.53";"5.23"
"1757 Golf Club";"May 30, 2026, 01:00:00";"6";"1.89";"0.2";"33.86";"4.09"
"1757 Golf Club";"May 30, 2026, 00:00:00";"5";"2.91";"0.21";"37.59";"2.64"
"1757 Golf Club";"May 29, 2026, 23:00:00";"5";"3.29";"0.24";"39.54";"1.62"
"1757 Golf Club";"May 29, 2026, 22:00:00";"6";"5.79";"0.25";"35.86";"1.91"
"1757 Golf Club";"May 29, 2026, 21:00:00";"5";"3.39";"0.24";"31.39";"1.7"
"1757 Golf Club";"May 29, 2026, 20:00:00";"5";"1.92";"0.23";"29.42";"1.49"
"1757 Golf Club";"May 29, 2026, 19:00:00";"5";"0";"0";"0";"1.34"
"1757 Golf Club";"May 29, 2026, 18:00:00";"5";"0";"0";"0";"1.34"
"1757 Golf Club";"May 29, 2026, 17:00:00";"5";"0";"0.22";"29.61";"1.33"
"1757 Golf Club";"May 29, 2026, 16:00:00";"5";"0";"0.2";"23.69";"1.05"
"1757 Golf Club";"May 29, 2026, 15:00:00";"5";"0";"0.2";"23.7";"0.9"
"1757 Golf Club";"May 29, 2026, 14:00:00";"5";"0.69";"0.19";"24.08";"0.82"
"1757 Golf Club";"May 29, 2026, 13:00:00";"5";"0.01";"0.18";"23.18";"0.82"
"1757 Golf Club";"May 29, 2026, 12:00:00";"5";"0";"0.17";"23.79";"0.9"
"1757 Golf Club";"May 29, 2026, 11:00:00";"5";"0";"0.17";"30.3";"1.06"
"1757 Golf Club";"May 29, 2026, 10:00:00";"5";"0";"0.17";"37.48";"0.92"
"1757 Golf Club";"May 29, 2026, 09:00:00";"5";"3.59";"0.18";"39.19";"0.87"
"1757 Golf Club";"May 29, 2026, 08:00:00";"10";"9.71";"0.21";"38.41";"0.88"
"1757 Golf Club";"May 29, 2026, 07:00:00";"8";"8.23";"0.17";"33.72";"1.08"
"1757 Golf Club";"May 29, 2026, 06:00:00";"7";"4.2";"0.18";"31.56";"1"
"1757 Golf Club";"May 29, 2026, 05:00:00";"7";"3.58";"0.12";"32.16";"1.55"
"1757 Golf Club";"May 29, 2026, 04:00:00";"8";"4.03";"0.13";"32.01";"0.79"
"1757 Golf Club";"May 29, 2026, 03:00:00";"8";"3.77";"0.15";"32.85";"0.66"
"1757 Golf Club";"May 29, 2026, 02:00:00";"8";"3.99";"0.15";"32.88";"0.69"
"1757 Golf Club";"May 29, 2026, 01:00:00";"9";"3.32";"0.16";"33.08";"0.72"
"1757 Golf Club";"May 29, 2026, 00:00:00";"9";"3.49";"0.18";"33.74";"0.77"
"1757 Golf Club";"May 28, 2026, 23:00:00";"9";"0";"0";"0";"1.07"
"1757 Golf Club";"May 28, 2026, 22:00:00";"9";"3.21";"0.2";"30.04";"1.25"
"1757 Golf Club";"May 28, 2026, 21:00:00";"9";"1.87";"0.2";"25.77";"1.03"
"1757 Golf Club";"May 28, 2026, 20:00:00";"9";"0.49";"0.2";"20.78";"0.89"
"1757 Golf Club";"May 28, 2026, 19:00:00";"9";"0";"0.2";"21.19";"1.1"
"1757 Golf Club";"May 28, 2026, 18:00:00";"10";"0";"0.2";"22.94";"1.19"
"1757 Golf Club";"May 28, 2026, 17:00:00";"9";"0.01";"0.2";"26.56";"1.03"
"1757 Golf Club";"May 28, 2026, 16:00:00";"9";"0.07";"0.2";"27.05";"1.06"
"1757 Golf Club";"May 28, 2026, 15:00:00";"10";"0";"0.19";"29.5";"1.27"
"1757 Golf Club";"May 28, 2026, 14:00:00";"10";"0";"0.19";"32.15";"1.09"
"1757 Golf Club";"May 28, 2026, 13:00:00";"10";"0.24";"0.19";"37.11";"1.39"
"1757 Golf Club";"May 28, 2026, 12:00:00";"10";"0";"0.19";"41.1";"1.53"
"1757 Golf Club";"May 28, 2026, 11:00:00";"10";"0";"0.19";"48.78";"2"
"1757 Golf Club";"May 28, 2026, 10:00:00";"11";"0";"0.2";"77";"2.45"
"1757 Golf Club";"May 28, 2026, 09:00:00";"12";"0";"0.21";"117.45";"2.8"
"1757 Golf Club";"May 28, 2026, 08:00:00";"14";"0.15";"0.22";"150.59";"3.34"
"1757 Golf Club";"May 28, 2026, 07:00:00";"15";"0.09";"0.22";"205.38";"4.14"
"1757 Golf Club";"May 28, 2026, 06:00:00";"18";"0";"0.21";"246.98";"4.34"
"1757 Golf Club";"May 28, 2026, 05:00:00";"19";"0";"0.2";"261.53";"4.09"
"1757 Golf Club";"May 28, 2026, 04:00:00";"21";"0";"0.19";"285.41";"3.57"
"1757 Golf Club";"May 28, 2026, 03:00:00";"22";"0";"0.19";"285.71";"3.12"
"1757 Golf Club";"May 28, 2026, 02:00:00";"24";"0.18";"0.19";"292.83";"2.87"
"1757 Golf Club";"May 28, 2026, 01:00:00";"25";"0";"0.19";"291.87";"2.08"
"1757 Golf Club";"May 28, 2026, 00:00:00";"27";"0.43";"0.2";"318.12";"1.36"
"1757 Golf Club";"May 27, 2026, 23:00:00";"28";"2.15";"0.23";"421.52";"1.89"
"1757 Golf Club";"May 27, 2026, 22:00:00";"29";"2.39";"0.23";"362.22";"1.49"
"1757 Golf Club";"May 27, 2026, 21:00:00";"30";"1.11";"0.22";"244.54";"1.49"
"1757 Golf Club";"May 27, 2026, 20:00:00";"31";"0.46";"0.23";"214.8";"1.04"
"1757 Golf Club";"May 27, 2026, 19:00:00";"32";"0.78";"0.22";"220.75";"1.24"
"1757 Golf Club";"May 27, 2026, 18:00:00";"32";"0";"0.21";"223.97";"0.99"
"1757 Golf Club";"May 27, 2026, 17:00:00";"32";"0";"0.22";"258.28";"0.95"
"1757 Golf Club";"May 27, 2026, 16:00:00";"33";"1.43";"0.23";"283.49";"1.63"
"1757 Golf Club";"May 27, 2026, 15:00:00";"33";"0.03";"0.22";"294.79";"1.71"
"1757 Golf Club";"May 27, 2026, 14:00:00";"34";"1.15";"0.22";"307.5";"1.55"
"1757 Golf Club";"May 27, 2026, 13:00:00";"35";"0";"0.21";"328.14";"1.85"
"1757 Golf Club";"May 27, 2026, 12:00:00";"36";"0";"0.22";"307.43";"2.65"
"1757 Golf Club";"May 27, 2026, 11:00:00";"37";"0.94";"0.35";"378.63";"5.95"
"1757 Golf Club";"May 27, 2026, 10:00:00";"38";"3.82";"0.35";"441.86";"10.19"
"1757 Golf Club";"May 27, 2026, 09:00:00";"40";"4.94";"0.29";"491.18";"12.29"
"1757 Golf Club";"May 27, 2026, 08:00:00";"41";"8.64";"0.28";"516.1";"13.9"
"1757 Golf Club";"May 27, 2026, 07:00:00";"42";"3.68";"0.26";"531.28";"16.23"
"1757 Golf Club";"May 27, 2026, 06:00:00";"42";"0.72";"0.24";"496.9";"15.16"
"1757 Golf Club";"May 27, 2026, 05:00:00";"41";"1.73";"0.24";"456.38";"11.42"
"1757 Golf Club";"May 27, 2026, 04:00:00";"41";"3.32";"0.25";"432.12";"11.61"
"1757 Golf Club";"May 27, 2026, 03:00:00";"41";"5.43";"0.25";"416.42";"12.32"
"1757 Golf Club";"May 27, 2026, 02:00:00";"40";"1.7";"0.23";"393.57";"12.17"
"1757 Golf Club";"May 27, 2026, 01:00:00";"40";"0.89";"0.23";"381.89";"11.14"
"1757 Golf Club";"May 27, 2026, 00:00:00";"40";"2.18";"0.23";"370.3";"9.72"
"1757 Golf Club";"May 26, 2026, 23:00:00";"40";"2.8";"0.23";"355.05";"8.17"
"1757 Golf Club";"May 26, 2026, 22:00:00";"40";"5.03";"0.24";"335.22";"7.19"
"1757 Golf Club";"May 26, 2026, 21:00:00";"39";"5.72";"0.3";"298.25";"5.15"
"1757 Golf Club";"May 26, 2026, 20:00:00";"39";"2.84";"0.32";"289.84";"3.9"
"1757 Golf Club";"May 26, 2026, 19:00:00";"39";"0.6";"0.29";"260.88";"3.54"
"1757 Golf Club";"May 26, 2026, 18:00:00";"39";"0";"0.26";"235.16";"3.43"
"1757 Golf Club";"May 26, 2026, 17:00:00";"39";"0";"0.25";"235.05";"3.25"
"1757 Golf Club";"May 26, 2026, 16:00:00";"39";"0";"0.24";"258.37";"3.51"
"1757 Golf Club";"May 26, 2026, 15:00:00";"38";"0.41";"0.26";"314.3";"4.87"
"1757 Golf Club";"May 26, 2026, 14:00:00";"38";"1.28";"0.29";"374.28";"6.7"
"1757 Golf Club";"May 26, 2026, 13:00:00";"38";"2.26";"0.29";"394.88";"8.63"
"1757 Golf Club";"May 26, 2026, 12:00:00";"37";"3.23";"0.28";"407.6";"9.13"
"1757 Golf Club";"May 26, 2026, 11:00:00";"36";"2.48";"0.29";"474.84";"11.3"
"1757 Golf Club";"May 26, 2026, 10:00:00";"35";"5.28";"0.33";"539.9";"20"
"1757 Golf Club";"May 26, 2026, 09:00:00";"32";"6.12";"0.39";"590.03";"23.55"
"1757 Golf Club";"May 26, 2026, 08:00:00";"29";"3.07";"0.36";"533.77";"16.01"
"1757 Golf Club";"May 26, 2026, 07:00:00";"28";"1.05";"0.3";"498.2";"14.83"
"1757 Golf Club";"May 26, 2026, 06:00:00";"27";"0.25";"0.25";"491.17";"14.36"
"1757 Golf Club";"May 26, 2026, 05:00:00";"26";"0.35";"0.26";"490.56";"0"
"1757 Golf Club";"May 26, 2026, 04:00:00";"28";"0.34";"0.26";"495.32";"0"
"1757 Golf Club";"May 26, 2026, 03:00:00";"30";"0.55";"0.27";"491";"0"
"1757 Golf Club";"May 26, 2026, 02:00:00";"30";"1.5";"0.29";"477.81";"0"
"1757 Golf Club";"May 26, 2026, 01:00:00";"30";"2.17";"0.3";"480.65";"10.7"
"1757 Golf Club";"May 26, 2026, 00:00:00";"31";"2.68";"0.29";"467.3";"9.14"
"1757 Golf Club";"May 25, 2026, 23:00:00";"34";"3.38";"0.3";"445.6";"8.66"
"1757 Golf Club";"May 25, 2026, 22:00:00";"36";"1.94";"0.28";"400.95";"6.34"
"1757 Golf Club";"May 25, 2026, 21:00:00";"41";"1.15";"0.26";"334.16";"4.51"
"1757 Golf Club";"May 25, 2026, 20:00:00";"46";"0.01";"0.23";"290.93";"2.96"
"1757 Golf Club";"May 25, 2026, 19:00:00";"49";"0";"0.22";"283.53";"2.68"
"1757 Golf Club";"May 25, 2026, 18:00:00";"51";"0";"0.21";"275.81";"2.46"
"1757 Golf Club";"May 25, 2026, 17:00:00";"52";"0";"0.21";"294.9";"2.56"
"1757 Golf Club";"May 25, 2026, 16:00:00";"52";"0";"0.21";"343.16";"2.63"
"1757 Golf Club";"May 25, 2026, 15:00:00";"53";"0";"0.21";"378.97";"3.07"
"1757 Golf Club";"May 25, 2026, 14:00:00";"53";"0";"0.21";"386.91";"4.35"
"1757 Golf Club";"May 25, 2026, 13:00:00";"53";"0";"0.21";"398.68";"5.49"
"1757 Golf Club";"May 25, 2026, 12:00:00";"53";"0.11";"0.22";"430.24";"4.86"
"1757 Golf Club";"May 25, 2026, 11:00:00";"52";"0.23";"0.2";"469.07";"5.18"
"1757 Golf Club";"May 25, 2026, 10:00:00";"52";"3.09";"0.2";"485.44";"7.2"
"1757 Golf Club";"May 25, 2026, 09:00:00";"52";"1.31";"0.21";"493.55";"8.96"
"1757 Golf Club";"May 25, 2026, 08:00:00";"51";"3.9";"0.22";"482.91";"10.08"
"1757 Golf Club";"May 25, 2026, 07:00:00";"50";"3.04";"0.23";"440.22";"9.68"
"1757 Golf Club";"May 25, 2026, 06:00:00";"49";"3.07";"0.21";"421.97";"10.63"
"1757 Golf Club";"May 25, 2026, 05:00:00";"47";"2.82";"0.2";"427.56";"15.23"
"1757 Golf Club";"May 25, 2026, 04:00:00";"44";"4.88";"0.22";"404.41";"16.04"
"1757 Golf Club";"May 25, 2026, 03:00:00";"41";"3.16";"0.23";"327.4";"0"
"1757 Golf Club";"May 25, 2026, 02:00:00";"40";"3.25";"0.23";"328.53";"0"
"1757 Golf Club";"May 25, 2026, 01:00:00";"38";"3.62";"0.23";"313.11";"19.71"
"1757 Golf Club";"May 25, 2026, 00:00:00";"36";"4.1";"0.23";"329.97";"22.07"
"1757 Golf Club";"May 24, 2026, 23:00:00";"33";"4.59";"0.23";"331.64";"20.8"
"1757 Golf Club";"May 24, 2026, 22:00:00";"30";"5.49";"0.25";"309.55";"31.96"
"1757 Golf Club";"May 24, 2026, 21:00:00";"26";"5.26";"0.23";"231.38";"29.73"
"1757 Golf Club";"May 24, 2026, 20:00:00";"21";"4.37";"0.22";"163.9";"20.85"
"1757 Golf Club";"May 24, 2026, 19:00:00";"18";"3.54";"0.2";"159.73";"16.09"
"1757 Golf Club";"May 24, 2026, 18:00:00";"16";"2.02";"0.19";"148.08";"11.7"
"1757 Golf Club";"May 24, 2026, 17:00:00";"14";"1.08";"0.18";"139.2";"8.22"
"1757 Golf Club";"May 24, 2026, 16:00:00";"14";"0.54";"0.17";"135.5";"5.66"
"1757 Golf Club";"May 24, 2026, 15:00:00";"13";"0.63";"0.17";"136.21";"4.32"
"1757 Golf Club";"May 24, 2026, 14:00:00";"12";"1.7";"0.16";"129.89";"4.1"
"1757 Golf Club";"May 24, 2026, 13:00:00";"12";"1.21";"0.15";"125.59";"3.02"
"1757 Golf Club";"May 24, 2026, 12:00:00";"11";"1.83";"0.13";"125.43";"2.76"
"1757 Golf Club";"May 24, 2026, 11:00:00";"11";"2.38";"0.12";"126.87";"2.04"
"1757 Golf Club";"May 24, 2026, 10:00:00";"12";"2.91";"0.1";"121.89";"2.41"
"1757 Golf Club";"May 24, 2026, 09:00:00";"12";"3.05";"0.09";"112.23";"2.61"
"1757 Golf Club";"May 24, 2026, 08:00:00";"12";"3.05";"0.09";"106.98";"2.56"
"1757 Golf Club";"May 24, 2026, 07:00:00";"12";"2.92";"0.08";"104.61";"1.49"
"1757 Golf Club";"May 24, 2026, 06:00:00";"13";"2.57";"0.07";"103.5";"1.28"
"1757 Golf Club";"May 24, 2026, 05:00:00";"13";"2.84";"0.07";"106.63";"1.23"
"1757 Golf Club";"May 24, 2026, 04:00:00";"13";"3.19";"0.07";"111.45";"0.73"
"1757 Golf Club";"May 24, 2026, 03:00:00";"14";"3.38";"0.08";"114.72";"1.35"
"1757 Golf Club";"May 24, 2026, 02:00:00";"14";"4.61";"0.08";"114.74";"2.01"
"1757 Golf Club";"May 24, 2026, 01:00:00";"15";"5.18";"0.08";"114.52";"4"
"1757 Golf Club";"May 24, 2026, 00:00:00";"15";"5.3";"0.08";"113.35";"6.9"
"1757 Golf Club";"May 23, 2026, 23:00:00";"14";"6.08";"0.08";"113.41";"5.14"
"1757 Golf Club";"May 23, 2026, 22:00:00";"14";"6.94";"0.08";"108.92";"4.15"
"1757 Golf Club";"May 23, 2026, 21:00:00";"13";"6.29";"0.08";"107.4";"4.58"
"1757 Golf Club";"May 23, 2026, 20:00:00";"13";"5.91";"0.08";"108.85";"3.69"
"1757 Golf Club";"May 23, 2026, 19:00:00";"13";"6.24";"0.11";"120.21";"3.02"
"1757 Golf Club";"May 23, 2026, 18:00:00";"12";"6.9";"0.12";"118.94";"3.24"
"1757 Golf Club";"May 23, 2026, 17:00:00";"12";"6.81";"0.11";"120.39";"2.64"
"1757 Golf Club";"May 23, 2026, 16:00:00";"12";"5.93";"0.1";"111.17";"1.63"
"1757 Golf Club";"May 23, 2026, 15:00:00";"12";"6.59";"0.1";"109.93";"0.86"
"1757 Golf Club";"May 23, 2026, 14:00:00";"13";"6.39";"0.1";"111.52";"1"
"1757 Golf Club";"May 23, 2026, 13:00:00";"13";"6.6";"0.11";"111.65";"1.64"
"1757 Golf Club";"May 23, 2026, 12:00:00";"13";"6.85";"0.1";"111.03";"2.52"
"1757 Golf Club";"May 23, 2026, 11:00:00";"13";"7.11";"0.09";"110.96";"2.72"
"1757 Golf Club";"May 23, 2026, 10:00:00";"14";"6.16";"0.08";"107.84";"3.84"
"1757 Golf Club";"May 23, 2026, 09:00:00";"16";"6.64";"0.08";"103.71";"3.91"
"1757 Golf Club";"May 23, 2026, 08:00:00";"19";"6.72";"0.07";"98.07";"3.61"
"1757 Golf Club";"May 23, 2026, 07:00:00";"23";"6.55";"0.07";"95.86";"4.6"
"1757 Golf Club";"May 23, 2026, 06:00:00";"27";"6.2";"0.06";"92.72";"3.35"
"1757 Golf Club";"May 23, 2026, 05:00:00";"29";"6.04";"0.06";"90.37";"3.23"
"1757 Golf Club";"May 23, 2026, 04:00:00";"30";"5.71";"0.06";"91.74";"3.49"
"1757 Golf Club";"May 23, 2026, 03:00:00";"32";"5.43";"0.07";"94.3";"3.19"
"1757 Golf Club";"May 23, 2026, 02:00:00";"35";"5.35";"0.07";"91";"4.13"
"1757 Golf Club";"May 23, 2026, 01:00:00";"39";"5.33";"0.07";"90.17";"4.18"
"1757 Golf Club";"May 23, 2026, 00:00:00";"41";"6.17";"0.07";"86.1";"3.31"
"1757 Golf Club";"May 22, 2026, 23:00:00";"43";"6.36";"0.07";"84.35";"2.81"
"1757 Golf Club";"May 22, 2026, 22:00:00";"45";"5.45";"0.07";"82.62";"2.89"
"1757 Golf Club";"May 22, 2026, 21:00:00";"46";"4.87";"0.07";"77.84";"1.89"
"1757 Golf Club";"May 22, 2026, 20:00:00";"47";"4.11";"0.07";"85.11";"1.58"
"1757 Golf Club";"May 22, 2026, 19:00:00";"47";"5.25";"0.12";"107.77";"1.94"
"1757 Golf Club";"May 22, 2026, 18:00:00";"47";"5.66";"0.13";"110.71";"2.11"
"1757 Golf Club";"May 22, 2026, 17:00:00";"47";"4.55";"0.14";"121.03";"1.48"
"1757 Golf Club";"May 22, 2026, 16:00:00";"47";"4.65";"0.15";"132.81";"2.01"
"1757 Golf Club";"May 22, 2026, 15:00:00";"47";"4.79";"0.17";"135.68";"4.95"
"1757 Golf Club";"May 22, 2026, 14:00:00";"47";"4.96";"0.17";"137.83";"3.65"
"1757 Golf Club";"May 22, 2026, 13:00:00";"46";"4.94";"0.15";"121.46";"2.72"
"1757 Golf Club";"May 22, 2026, 12:00:00";"46";"5.07";"0.14";"113.03";"2.74"
"1757 Golf Club";"May 22, 2026, 11:00:00";"46";"5.02";"0.15";"119.83";"6.68"
"1757 Golf Club";"May 22, 2026, 10:00:00";"45";"3.92";"0.16";"131.27";"16.09"
"1757 Golf Club";"May 22, 2026, 09:00:00";"43";"4.04";"0.15";"132.93";"22.11"
"1757 Golf Club";"May 22, 2026, 08:00:00";"40";"3.98";"0.14";"127.16";"22.99"
"1757 Golf Club";"May 22, 2026, 07:00:00";"37";"3.89";"0.13";"120.1";"26.26"
"1757 Golf Club";"May 22, 2026, 06:00:00";"33";"3.47";"0.12";"121.17";"15.65"
"1757 Golf Club";"May 22, 2026, 05:00:00";"31";"4.07";"0.12";"121.84";"12.01"
"1757 Golf Club";"May 22, 2026, 04:00:00";"31";"3.86";"0.11";"120.17";"16.33"
"1757 Golf Club";"May 22, 2026, 03:00:00";"31";"4.25";"0.11";"117.23";"20.38"
"1757 Golf Club";"May 22, 2026, 02:00:00";"31";"3.82";"0.11";"113.31";"23.57"
"1757 Golf Club";"May 22, 2026, 01:00:00";"28";"3.85";"0.11";"113.86";"19.28"
"1757 Golf Club";"May 22, 2026, 00:00:00";"27";"4.56";"0.11";"113.86";"14.12"
"1757 Golf Club";"May 21, 2026, 23:00:00";"27";"4.64";"0.1";"109.91";"13.23"
"1757 Golf Club";"May 21, 2026, 22:00:00";"26";"4.81";"0.1";"107.03";"8.73"
"1757 Golf Club";"May 21, 2026, 21:00:00";"26";"4.89";"0.1";"105";"5.2"
"1757 Golf Club";"May 21, 2026, 20:00:00";"27";"4.85";"0.1";"119.12";"4.1"
"1757 Golf Club";"May 21, 2026, 19:00:00";"28";"5.03";"0.1";"97.82";"3.34"
"1757 Golf Club";"May 21, 2026, 18:00:00";"29";"4.06";"0.1";"103.52";"2.34"
"1757 Golf Club";"May 21, 2026, 17:00:00";"30";"2.77";"0.11";"104.23";"1.34"
"1757 Golf Club";"May 21, 2026, 16:00:00";"31";"2.31";"0.1";"122.45";"1.32"
"1757 Golf Club";"May 21, 2026, 15:00:00";"32";"3.03";"0.13";"174.89";"1.32"
"1757 Golf Club";"May 21, 2026, 14:00:00";"33";"1.39";"0.13";"187.51";"1.68"
"1757 Golf Club";"May 21, 2026, 13:00:00";"33";"2.53";"0.15";"212.08";"2.09"
"1757 Golf Club";"May 21, 2026, 12:00:00";"34";"1.83";"0.14";"212.36";"2.54"
"1757 Golf Club";"May 21, 2026, 11:00:00";"35";"1.52";"0.15";"226.99";"2.46"
"1757 Golf Club";"May 21, 2026, 10:00:00";"36";"1.36";"0.16";"271.97";"2.73"
"1757 Golf Club";"May 21, 2026, 09:00:00";"37";"2.14";"0.17";"328.87";"3.67"
"1757 Golf Club";"May 21, 2026, 08:00:00";"37";"2.03";"0.16";"351.47";"3.97"
"1757 Golf Club";"May 21, 2026, 07:00:00";"37";"2.2";"0.16";"376.36";"4.64"
"1757 Golf Club";"May 21, 2026, 06:00:00";"38";"0.99";"0.16";"409.05";"5.75"
"1757 Golf Club";"May 21, 2026, 05:00:00";"38";"0.79";"0.18";"523.74";"14.37"
"1757 Golf Club";"May 21, 2026, 04:00:00";"36";"1.74";"0.2";"623.52";"15.39"
"1757 Golf Club";"May 21, 2026, 03:00:00";"34";"2.47";"0.19";"612.82";"17.05"
"1757 Golf Club";"May 21, 2026, 02:00:00";"32";"2.31";"0.19";"560.74";"10.32"
"1757 Golf Club";"May 21, 2026, 01:00:00";"31";"1.67";"0.19";"587.89";"10.36"
"1757 Golf Club";"May 21, 2026, 00:00:00";"30";"8.18";"0.25";"589.61";"13.99"
"1757 Golf Club";"May 20, 2026, 23:00:00";"28";"11.55";"0.25";"532.58";"7.93"
"1757 Golf Club";"May 20, 2026, 22:00:00";"27";"4.3";"0.2";"553.84";"9.57"
"1757 Golf Club";"May 20, 2026, 21:00:00";"26";"4.69";"0.22";"473.2";"9.01"
"1757 Golf Club";"May 20, 2026, 20:00:00";"25";"4.4";"0.23";"418.03";"8.96"
"1757 Golf Club";"May 20, 2026, 19:00:00";"24";"4.9";"0.23";"391.29";"9.29"
"1757 Golf Club";"May 20, 2026, 18:00:00";"23";"4.72";"0.24";"321.57";"9.24"
"1757 Golf Club";"May 20, 2026, 17:00:00";"23";"3.83";"0.23";"138.36";"6.08"
"1757 Golf Club";"May 20, 2026, 16:00:00";"22";"0.09";"0.25";"126.32";"7.31"
"1757 Golf Club";"May 20, 2026, 15:00:00";"22";"0.12";"0.24";"139.44";"7.02"
"1757 Golf Club";"May 20, 2026, 14:00:00";"22";"0";"0.22";"149.96";"6.09"
"1757 Golf Club";"May 20, 2026, 13:00:00";"22";"0";"0.22";"163.67";"6.13"
"1757 Golf Club";"May 20, 2026, 12:00:00";"22";"0";"0.22";"177.79";"6.65"
"1757 Golf Club";"May 20, 2026, 11:00:00";"22";"0";"0.24";"185.81";"7.57"
"1757 Golf Club";"May 20, 2026, 10:00:00";"21";"1.58";"0.3";"212.39";"7.07"
"1757 Golf Club";"May 20, 2026, 09:00:00";"21";"11.18";"0.34";"258.44";"6.86"
"1757 Golf Club";"May 20, 2026, 08:00:00";"22";"9.51";"0.37";"328.73";"5.25"
"1757 Golf Club";"May 20, 2026, 07:00:00";"22";"9.64";"1.17";"276.08";"6.67"
"1757 Golf Club";"May 20, 2026, 06:00:00";"23";"5.4";"0.37";"239.39";"5.09"
"1757 Golf Club";"May 20, 2026, 05:00:00";"23";"4.06";"0.2";"247.04";"5.67"
"1757 Golf Club";"May 20, 2026, 04:00:00";"24";"10.68";"0.26";"256.08";"5.55"
"1757 Golf Club";"May 20, 2026, 03:00:00";"24";"5.04";"0.21";"220.64";"4.46"
"1757 Golf Club";"May 20, 2026, 02:00:00";"25";"2.95";"0.2";"187.03";"4.58"
"1757 Golf Club";"May 20, 2026, 01:00:00";"25";"2.76";"0.23";"145.15";"3.94"
"1757 Golf Club";"May 20, 2026, 00:00:00";"26";"4.25";"0.25";"136.24";"3.86"
"1757 Golf Club";"May 19, 2026, 23:00:00";"27";"3.8";"0.26";"121.5";"3.42"
"1757 Golf Club";"May 19, 2026, 22:00:00";"27";"11.88";"0.3";"103.26";"3.42"
"1757 Golf Club";"May 19, 2026, 21:00:00";"28";"15.94";"0.26";"95.16";"3.09"
"1757 Golf Club";"May 19, 2026, 20:00:00";"29";"26.16";"0.34";"86.12";"3.25"
"1757 Golf Club";"May 19, 2026, 19:00:00";"30";"15.03";"0.29";"74";"2.99"
"1757 Golf Club";"May 19, 2026, 18:00:00";"31";"0.42";"0.26";"92.15";"5.26"
"1757 Golf Club";"May 19, 2026, 17:00:00";"31";"0.12";"0.28";"114.23";"5.06"
"1757 Golf Club";"May 19, 2026, 16:00:00";"32";"0";"0.27";"119.14";"5.63"
"1757 Golf Club";"May 19, 2026, 15:00:00";"32";"0.07";"0.27";"125.03";"5.91"
"1757 Golf Club";"May 19, 2026, 14:00:00";"33";"0.87";"0.26";"128.56";"5.68"
"1757 Golf Club";"May 19, 2026, 13:00:00";"33";"0";"0.25";"125.9";"5.75"
"1757 Golf Club";"May 19, 2026, 12:00:00";"33";"0";"0.24";"128.89";"5.81"
"1757 Golf Club";"May 19, 2026, 11:00:00";"34";"0";"0.24";"129.02";"5.91"
"1757 Golf Club";"May 19, 2026, 10:00:00";"34";"2";"0.31";"136.02";"7.6"
"1757 Golf Club";"May 19, 2026, 09:00:00";"34";"0";"0";"0";"9.24"
"1757 Golf Club";"May 19, 2026, 08:00:00";"34";"0";"0";"0";"8.51"
"1757 Golf Club";"May 19, 2026, 07:00:00";"35";"14.71";"0.29";"101.49";"8.25"
"1757 Golf Club";"May 19, 2026, 06:00:00";"37";"7.35";"0.29";"98.74";"7.47"
"1757 Golf Club";"May 19, 2026, 05:00:00";"38";"4.83";"0.26";"99.14";"7.9"
"1757 Golf Club";"May 19, 2026, 04:00:00";"39";"3.12";"0.25";"102.8";"7.74"
"1757 Golf Club";"May 19, 2026, 03:00:00";"40";"1.86";"0.26";"107.18";"7.98"
"1757 Golf Club";"May 19, 2026, 02:00:00";"40";"2.23";"0.27";"105.69";"7.84"
"1757 Golf Club";"May 19, 2026, 01:00:00";"39";"2.38";"0.27";"103.36";"7.98"
"1757 Golf Club";"May 19, 2026, 00:00:00";"39";"21.99";"0.31";"104.77";"8.33"
"1757 Golf Club";"May 18, 2026, 23:00:00";"38";"4.89";"0.34";"103.22";"8.23"
"1757 Golf Club";"May 18, 2026, 22:00:00";"37";"3.71";"0.34";"103.81";"7.93"
"1757 Golf Club";"May 18, 2026, 21:00:00";"37";"2.53";"0.34";"105.12";"8.21"
"1757 Golf Club";"May 18, 2026, 20:00:00";"36";"2.28";"0.34";"110.4";"8.53"
"1757 Golf Club";"May 18, 2026, 19:00:00";"35";"1.4";"0.33";"119.16";"8.3"
"1757 Golf Club";"May 18, 2026, 18:00:00";"34";"0.22";"0.34";"125.76";"8.64"
"1757 Golf Club";"May 18, 2026, 17:00:00";"33";"0.49";"0.32";"126.15";"7.21"
"1757 Golf Club";"May 18, 2026, 16:00:00";"33";"0.42";"0.31";"128.34";"7.74"
"1757 Golf Club";"May 18, 2026, 15:00:00";"32";"0.15";"0.31";"130.23";"7.85"
"1757 Golf Club";"May 18, 2026, 14:00:00";"31";"0";"0.27";"133.85";"7.05"
"1757 Golf Club";"May 18, 2026, 13:00:00";"30";"0.18";"0.26";"142.45";"8.69"
"1757 Golf Club";"May 18, 2026, 12:00:00";"29";"0";"0.28";"177.85";"9.19"
"1757 Golf Club";"May 18, 2026, 11:00:00";"29";"2.67";"0.3";"209.32";"8.7"
"1757 Golf Club";"May 18, 2026, 10:00:00";"28";"7.72";"0.33";"257.91";"8.3"
"1757 Golf Club";"May 18, 2026, 09:00:00";"27";"19.92";"0.37";"331.28";"6.82"
"1757 Golf Club";"May 18, 2026, 08:00:00";"27";"8.85";"0.77";"410.79";"12.84"
"1757 Golf Club";"May 18, 2026, 07:00:00";"26";"6.9";"0.49";"320.45";"19.19"
"1757 Golf Club";"May 18, 2026, 06:00:00";"24";"8.48";"0.24";"285.4";"15.51"
"1757 Golf Club";"May 18, 2026, 05:00:00";"23";"7.49";"0.23";"260.41";"14.09"
"1757 Golf Club";"May 18, 2026, 04:00:00";"22";"9.32";"0.24";"208.11";"11.8"
"1757 Golf Club";"May 18, 2026, 03:00:00";"21";"7.16";"0.25";"155.51";"6.88"
"1757 Golf Club";"May 18, 2026, 02:00:00";"20";"6.41";"0.3";"121.12";"4.83"
"1757 Golf Club";"May 18, 2026, 01:00:00";"20";"6.29";"0.3";"113.98";"5.13"
"1757 Golf Club";"May 18, 2026, 00:00:00";"20";"13.96";"0.31";"103.88";"4.7"
"1757 Golf Club";"May 17, 2026, 23:00:00";"20";"4.48";"0.31";"101.49";"4.62"
"1757 Golf Club";"May 17, 2026, 22:00:00";"19";"13.79";"0.34";"98.03";"4.18"
"1757 Golf Club";"May 17, 2026, 21:00:00";"19";"11.24";"0.29";"92.45";"3.56"
"1757 Golf Club";"May 17, 2026, 20:00:00";"19";"1.4";"0.25";"98.79";"3.27"
"1757 Golf Club";"May 17, 2026, 19:00:00";"19";"0.62";"0.24";"118.05";"3.45"
"1757 Golf Club";"May 17, 2026, 18:00:00";"19";"0";"0.23";"125.63";"3.27"
"1757 Golf Club";"May 17, 2026, 17:00:00";"18";"0";"0.23";"133.79";"3.07"
"1757 Golf Club";"May 17, 2026, 16:00:00";"18";"0";"0.21";"130.77";"2.79"
"1757 Golf Club";"May 17, 2026, 15:00:00";"18";"0.05";"0.21";"136.21";"2.75"
"1757 Golf Club";"May 17, 2026, 14:00:00";"18";"0";"0.22";"156.67";"3.01"
"1757 Golf Club";"May 17, 2026, 13:00:00";"18";"1.17";"0.25";"185.47";"4.14"
"1757 Golf Club";"May 17, 2026, 12:00:00";"18";"3.5";"0.28";"202.41";"4.64"
"1757 Golf Club";"May 17, 2026, 11:00:00";"17";"10.02";"0.28";"214.98";"4.58"
"1757 Golf Club";"May 17, 2026, 10:00:00";"17";"15.39";"0.34";"225.05";"4.79"
"1757 Golf Club";"May 17, 2026, 09:00:00";"17";"8.82";"0.29";"226.26";"4.1"
"1757 Golf Club";"May 17, 2026, 08:00:00";"17";"14.8";"0.37";"298.95";"5.95"
"1757 Golf Club";"May 17, 2026, 07:00:00";"17";"7.4";"0.54";"286.74";"10.41"
"1757 Golf Club";"May 17, 2026, 06:00:00";"17";"3.76";"0.22";"255.04";"8.68"
"1757 Golf Club";"May 17, 2026, 05:00:00";"17";"4.36";"0.21";"253.46";"7.01"
"1757 Golf Club";"May 17, 2026, 04:00:00";"18";"3.36";"0.2";"231.13";"8.29"
"1757 Golf Club";"May 17, 2026, 03:00:00";"18";"3.56";"0.21";"182.79";"3.63"
"1757 Golf Club";"May 17, 2026, 02:00:00";"18";"5.05";"0.22";"191.31";"3.35"
"1757 Golf Club";"May 17, 2026, 01:00:00";"18";"5.69";"0.22";"200.87";"3.6"
"1757 Golf Club";"May 17, 2026, 00:00:00";"18";"5.12";"0.23";"172.16";"3.55"
"1757 Golf Club";"May 16, 2026, 23:00:00";"17";"5.41";"0.24";"147.51";"2.3"
"1757 Golf Club";"May 16, 2026, 22:00:00";"17";"4.22";"0.24";"144.78";"2.34"
"1757 Golf Club";"May 16, 2026, 21:00:00";"17";"4.58";"0.25";"124.79";"2.6"
"1757 Golf Club";"May 16, 2026, 20:00:00";"17";"5.79";"0.26";"111.09";"2.78"
"1757 Golf Club";"May 16, 2026, 19:00:00";"16";"6.29";"0.24";"90.9";"2.11"
"1757 Golf Club";"May 16, 2026, 18:00:00";"16";"2.68";"0.24";"75.68";"3.03"
"1757 Golf Club";"May 16, 2026, 17:00:00";"16";"1.15";"0.24";"87.47";"2.92"
"1757 Golf Club";"May 16, 2026, 16:00:00";"15";"0.7";"0.23";"76.71";"2.27"
"1757 Golf Club";"May 16, 2026, 15:00:00";"15";"0.2";"0.2";"68.36";"1.62"
"1757 Golf Club";"May 16, 2026, 14:00:00";"15";"0.44";"0.19";"64.87";"1.72"
"1757 Golf Club";"May 16, 2026, 13:00:00";"15";"0.99";"0.22";"81.04";"2.25"
"1757 Golf Club";"May 16, 2026, 12:00:00";"15";"1.32";"0.24";"88.89";"3.84"
"1757 Golf Club";"May 16, 2026, 11:00:00";"15";"4.02";"0.24";"98.81";"3.09"
"1757 Golf Club";"May 16, 2026, 10:00:00";"14";"13.19";"0.28";"77.31";"3.68"
"1757 Golf Club";"May 16, 2026, 09:00:00";"14";"11.74";"0.21";"67.43";"3.37"
"1757 Golf Club";"May 16, 2026, 08:00:00";"22";"22.15";"0.25";"73.58";"5.22"
"1757 Golf Club";"May 16, 2026, 07:00:00";"13";"7.04";"0.24";"70.46";"11.16"
"1757 Golf Club";"May 16, 2026, 06:00:00";"12";"8.52";"0.33";"70.59";"8.44"
"1757 Golf Club";"May 16, 2026, 05:00:00";"11";"8.88";"0.18";"66.11";"10.88"
"1757 Golf Club";"May 16, 2026, 04:00:00";"10";"10.24";"0.18";"58.19";"8.92"
"1757 Golf Club";"May 16, 2026, 03:00:00";"12";"12.31";"0.2";"49.49";"4.68"
"1757 Golf Club";"May 16, 2026, 02:00:00";"17";"17.27";"0.23";"46.82";"2.91"
"1757 Golf Club";"May 16, 2026, 01:00:00";"17";"17.56";"0.24";"49.48";"2.44"
"1757 Golf Club";"May 16, 2026, 00:00:00";"10";"9.97";"0.23";"46.84";"2.06"
"1757 Golf Club";"May 15, 2026, 23:00:00";"8";"7.44";"0.19";"46.05";"1.52"
"1757 Golf Club";"May 15, 2026, 22:00:00";"7";"5.07";"0.18";"42.95";"1.09"
"1757 Golf Club";"May 15, 2026, 21:00:00";"7";"4.08";"0.18";"39.11";"0.84"
"1757 Golf Club";"May 15, 2026, 20:00:00";"7";"2.47";"0.18";"38.1";"0.91"
"1757 Golf Club";"May 15, 2026, 19:00:00";"7";"1.63";"0.19";"35.38";"1.06"
"1757 Golf Club";"May 15, 2026, 18:00:00";"7";"1.68";"0.18";"35.56";"0.97"
"1757 Golf Club";"May 15, 2026, 17:00:00";"7";"1.43";"0.18";"35.33";"1.11"
"1757 Golf Club";"May 15, 2026, 16:00:00";"7";"1.74";"0.18";"35.93";"1.2"
"1757 Golf Club";"May 15, 2026, 15:00:00";"7";"2.7";"0.17";"35.55";"1.56"
"1757 Golf Club";"May 15, 2026, 14:00:00";"7";"2.59";"0.17";"37.02";"1.57"
"1757 Golf Club";"May 15, 2026, 13:00:00";"7";"1.54";"0.17";"37.32";"1.42"
"1757 Golf Club";"May 15, 2026, 12:00:00";"7";"3.94";"0.16";"35.74";"1.33"
"1757 Golf Club";"May 15, 2026, 11:00:00";"7";"0";"0";"0";"1.45"
"1757 Golf Club";"May 15, 2026, 10:00:00";"7";"4.97";"0.14";"34.83";"1.25"
"1757 Golf Club";"May 15, 2026, 09:00:00";"8";"6";"0.14";"35.7";"1.86"
"1757 Golf Club";"May 15, 2026, 08:00:00";"8";"6.68";"0.12";"34.78";"2.34"
"1757 Golf Club";"May 15, 2026, 07:00:00";"9";"6.49";"0.11";"33.77";"2.46"
"1757 Golf Club";"May 15, 2026, 06:00:00";"11";"5.98";"0.11";"33.29";"2.53"
"1757 Golf Club";"May 15, 2026, 05:00:00";"14";"5.69";"0.1";"33.29";"2.64"
"1757 Golf Club";"May 15, 2026, 04:00:00";"16";"6.18";"0.1";"33.24";"2.07"
"1757 Golf Club";"May 15, 2026, 03:00:00";"17";"5.95";"0.11";"33.37";"1.25"
"1757 Golf Club";"May 15, 2026, 02:00:00";"18";"6.82";"0.11";"32.62";"1.28"
"1757 Golf Club";"May 15, 2026, 01:00:00";"18";"6.63";"0.1";"32.17";"1.82"
"1757 Golf Club";"May 15, 2026, 00:00:00";"19";"6.29";"0.1";"31.73";"2.08"
"1757 Golf Club";"May 14, 2026, 23:00:00";"19";"6.47";"0.11";"30.9";"3.21"
"1757 Golf Club";"May 14, 2026, 22:00:00";"19";"6.33";"0.11";"30.74";"1.91"
"1757 Golf Club";"May 14, 2026, 21:00:00";"19";"6.55";"0.12";"30.89";"0.85"
"1757 Golf Club";"May 14, 2026, 20:00:00";"19";"5.93";"0.12";"31.2";"0.67"
"1757 Golf Club";"May 14, 2026, 19:00:00";"20";"5.45";"0.12";"31.52";"0.61"
"1757 Golf Club";"May 14, 2026, 18:00:00";"20";"4.87";"0.13";"32.93";"0.87"
"1757 Golf Club";"May 14, 2026, 17:00:00";"20";"4.14";"0.14";"34.06";"0.71"
"1757 Golf Club";"May 14, 2026, 16:00:00";"21";"4.05";"0.14";"35.74";"0.79"
"1757 Golf Club";"May 14, 2026, 15:00:00";"21";"3.52";"0.15";"38.37";"0.95"
"1757 Golf Club";"May 14, 2026, 14:00:00";"22";"3.68";"0.14";"37.79";"0.9"
"1757 Golf Club";"May 14, 2026, 13:00:00";"23";"2.86";"0.14";"39.02";"2.01"
"1757 Golf Club";"May 14, 2026, 12:00:00";"23";"3.11";"0.14";"44.32";"2.54"
"1757 Golf Club";"May 14, 2026, 11:00:00";"23";"2.02";"0.14";"50.19";"2.49"
"1757 Golf Club";"May 14, 2026, 10:00:00";"24";"3.07";"0.14";"60.27";"3.23"
"1757 Golf Club";"May 14, 2026, 09:00:00";"24";"5.37";"0.13";"66.75";"4.8"
"1757 Golf Club";"May 14, 2026, 08:00:00";"24";"6.94";"0.13";"84.74";"6.58"
"1757 Golf Club";"May 14, 2026, 07:00:00";"23";"6.4";"0.15";"123.72";"14.16"
"1757 Golf Club";"May 14, 2026, 06:00:00";"21";"5.31";"0.11";"152.12";"18.9"
"1757 Golf Club";"May 14, 2026, 05:00:00";"18";"5.98";"0.11";"175.06";"15.05"
"1757 Golf Club";"May 14, 2026, 04:00:00";"16";"7.17";"0.12";"197.96";"8.73"
"1757 Golf Club";"May 14, 2026, 03:00:00";"15";"7.15";"0.13";"214.44";"0"
"1757 Golf Club";"May 14, 2026, 02:00:00";"14";"0";"0";"0";"0"
"1757 Golf Club";"May 14, 2026, 01:00:00";"14";"13.33";"0.14";"171.75";"0"
"1757 Golf Club";"May 14, 2026, 00:00:00";"17";"16.9";"0.15";"138.91";"2.81"
"1757 Golf Club";"May 13, 2026, 23:00:00";"20";"19.95";"0.16";"114.29";"2.71"
"1757 Golf Club";"May 13, 2026, 22:00:00";"14";"11.81";"0.16";"94.01";"2.71"
"1757 Golf Club";"May 13, 2026, 21:00:00";"14";"6.67";"0.16";"53.33";"2.24"
"1757 Golf Club";"May 13, 2026, 20:00:00";"14";"13.2";"0.24";"63.52";"2.61"
"1757 Golf Club";"May 13, 2026, 19:00:00";"14";"11.94";"0.24";"61.53";"2.95"
"1757 Golf Club";"May 13, 2026, 18:00:00";"14";"12.58";"0.25";"53.62";"2.82"
"1757 Golf Club";"May 13, 2026, 17:00:00";"14";"11.52";"0.24";"53.11";"2.72"
"1757 Golf Club";"May 13, 2026, 16:00:00";"14";"9.04";"0.23";"44.97";"3.13"
"1757 Golf Club";"May 13, 2026, 15:00:00";"14";"7.38";"0.22";"39.57";"3.77"
"1757 Golf Club";"May 13, 2026, 14:00:00";"14";"3.56";"0.22";"40.75";"4.29"
"1757 Golf Club";"May 13, 2026, 13:00:00";"13";"5.02";"0.23";"39.56";"3.64"
"1757 Golf Club";"May 13, 2026, 12:00:00";"13";"6.66";"0.22";"42.66";"4.19"
"1757 Golf Club";"May 13, 2026, 11:00:00";"12";"8.72";"0.22";"41.55";"4.77"
"1757 Golf Club";"May 13, 2026, 10:00:00";"12";"11.03";"0.28";"44.96";"4.92"
"1757 Golf Club";"May 13, 2026, 09:00:00";"12";"12.1";"0.2";"42.3";"5.09"
"1757 Golf Club";"May 13, 2026, 08:00:00";"14";"13.72";"0.2";"33.73";"3.63"
"1757 Golf Club";"May 13, 2026, 07:00:00";"12";"12.02";"0.15";"30.98";"3.08"
"1757 Golf Club";"May 13, 2026, 06:00:00";"10";"7.83";"0.14";"29.56";"2.88"
"1757 Golf Club";"May 13, 2026, 05:00:00";"10";"7.08";"0.14";"30.15";"2.59"
"1757 Golf Club";"May 13, 2026, 04:00:00";"11";"6.48";"0.14";"31.11";"1.95"
"1757 Golf Club";"May 13, 2026, 03:00:00";"11";"6.52";"0.15";"32.01";"1.81"
"1757 Golf Club";"May 13, 2026, 02:00:00";"11";"7.8";"0.17";"34.19";"2.11"
"1757 Golf Club";"May 13, 2026, 01:00:00";"11";"8.57";"0.18";"36.09";"1.75"
"1757 Golf Club";"May 13, 2026, 00:00:00";"11";"8.92";"0.19";"35.85";"2"
"1757 Golf Club";"May 12, 2026, 23:00:00";"11";"7.97";"0.2";"35.47";"2.02"
"1757 Golf Club";"May 12, 2026, 22:00:00";"11";"7.4";"0.2";"35.65";"1.96"
"1757 Golf Club";"May 12, 2026, 21:00:00";"11";"6.9";"0.21";"34.95";"1.96"
"1757 Golf Club";"May 12, 2026, 20:00:00";"11";"5.12";"0.19";"32.22";"1.72"
"1757 Golf Club";"May 12, 2026, 19:00:00";"11";"4.89";"0.19";"32.82";"1.66"
"1757 Golf Club";"May 12, 2026, 18:00:00";"11";"3.44";"0.19";"33.61";"1.67"
"1757 Golf Club";"May 12, 2026, 17:00:00";"11";"4.44";"0.19";"34.29";"2.11"
"1757 Golf Club";"May 12, 2026, 16:00:00";"11";"3.26";"0.19";"33.06";"2.89"
"1757 Golf Club";"May 12, 2026, 15:00:00";"10";"4.83";"0.19";"32.78";"2.85"
"1757 Golf Club";"May 12, 2026, 14:00:00";"10";"3.93";"0.18";"33.74";"2.95"
"1757 Golf Club";"May 12, 2026, 13:00:00";"10";"5.03";"0.17";"34.41";"3.84"
"1757 Golf Club";"May 12, 2026, 12:00:00";"10";"2.3";"0.17";"35.53";"2.86"
"1757 Golf Club";"May 12, 2026, 11:00:00";"10";"0";"0";"0";"2.77"
"1757 Golf Club";"May 12, 2026, 10:00:00";"10";"6.85";"0.15";"34.83";"2.31"
"1757 Golf Club";"May 12, 2026, 09:00:00";"9";"7.09";"0.11";"32.73";"1.61"
"1757 Golf Club";"May 12, 2026, 08:00:00";"9";"7.81";"0.1";"34.72";"2.22"
"1757 Golf Club";"May 12, 2026, 07:00:00";"9";"7.8";"0.37";"35.46";"2.8"
"1757 Golf Club";"May 12, 2026, 06:00:00";"9";"8.06";"0.11";"37.69";"3.33"
"1757 Golf Club";"May 12, 2026, 05:00:00";"9";"7.84";"0.09";"39.81";"4.61"
"1757 Golf Club";"May 12, 2026, 04:00:00";"8";"8.05";"0.09";"35.95";"4.56"
"1757 Golf Club";"May 12, 2026, 03:00:00";"11";"10.59";"0.11";"34.17";"3.33"
"1757 Golf Club";"May 12, 2026, 02:00:00";"11";"10.7";"0.12";"34.13";"2.02"
"1757 Golf Club";"May 12, 2026, 01:00:00";"11";"11.29";"0.13";"32.7";"1.94"
"1757 Golf Club";"May 12, 2026, 00:00:00";"17";"17.43";"0.15";"32.08";"1.62"
"1757 Golf Club";"May 11, 2026, 23:00:00";"12";"11.6";"0.14";"30.89";"1.55"
"1757 Golf Club";"May 11, 2026, 22:00:00";"11";"10.9";"0.15";"29.95";"1.58"
"1757 Golf Club";"May 11, 2026, 21:00:00";"12";"8.95";"0.15";"28.28";"1.46"
"1757 Golf Club";"May 11, 2026, 20:00:00";"13";"5.18";"0.14";"27.77";"0.93"
"1757 Golf Club";"May 11, 2026, 19:00:00";"14";"2.34";"0.13";"26.7";"0.98"
"1757 Golf Club";"May 11, 2026, 18:00:00";"14";"0.63";"0.14";"28.6";"1.02"
"1757 Golf Club";"May 11, 2026, 17:00:00";"15";"1.17";"0.14";"29.87";"1.56"
"1757 Golf Club";"May 11, 2026, 16:00:00";"16";"3.94";"0.15";"30.7";"2.34"
"1757 Golf Club";"May 11, 2026, 15:00:00";"16";"4.22";"0.14";"30.14";"2.4"
"1757 Golf Club";"May 11, 2026, 14:00:00";"16";"5.94";"0.13";"29.61";"2.1"
"1757 Golf Club";"May 11, 2026, 13:00:00";"16";"6.81";"0.14";"32.54";"2.26"
"1757 Golf Club";"May 11, 2026, 12:00:00";"16";"9.48";"0.14";"33.17";"1.74"
"1757 Golf Club";"May 11, 2026, 11:00:00";"17";"11.25";"0.13";"33.24";"1.79"
"1757 Golf Club";"May 11, 2026, 10:00:00";"17";"9.8";"0.15";"34.48";"1.64"
"1757 Golf Club";"May 11, 2026, 09:00:00";"18";"6.35";"0.14";"30.55";"1.26"
"1757 Golf Club";"May 11, 2026, 08:00:00";"20";"4.42";"0.16";"29.06";"0.98"
"1757 Golf Club";"May 11, 2026, 07:00:00";"21";"3.94";"0.16";"29.87";"0.86"
"1757 Golf Club";"May 11, 2026, 06:00:00";"21";"2.21";"0.08";"30.34";"1.88"
"1757 Golf Club";"May 11, 2026, 05:00:00";"22";"1.37";"0.09";"34.11";"1.19"
"1757 Golf Club";"May 11, 2026, 04:00:00";"23";"0.88";"0.1";"42.81";"1.73"
"1757 Golf Club";"May 11, 2026, 03:00:00";"24";"0.76";"0.12";"70.91";"2.73"
"1757 Golf Club";"May 11, 2026, 02:00:00";"27";"1.81";"0.16";"147.55";"4.19"
"1757 Golf Club";"May 11, 2026, 01:00:00";"29";"2.9";"0.19";"226.07";"7.72"
"1757 Golf Club";"May 11, 2026, 00:00:00";"29";"3.66";"0.2";"287.91";"8.81"
"1757 Golf Club";"May 10, 2026, 23:00:00";"28";"4.52";"0.2";"296.15";"9.51"
"1757 Golf Club";"May 10, 2026, 22:00:00";"27";"4.71";"0.2";"246.13";"6.26"
"1757 Golf Club";"May 10, 2026, 21:00:00";"27";"4.63";"0.21";"243.68";"5.93"
"1757 Golf Club";"May 10, 2026, 20:00:00";"26";"5.4";"0.21";"222.72";"5"
"1757 Golf Club";"May 10, 2026, 19:00:00";"25";"5.64";"0.22";"229.13";"4.22"
"1757 Golf Club";"May 10, 2026, 18:00:00";"25";"6.55";"0.24";"258.28";"6.92"
"1757 Golf Club";"May 10, 2026, 17:00:00";"24";"4.19";"0.21";"139.23";"7.05"
"1757 Golf Club";"May 10, 2026, 16:00:00";"23";"2.76";"0.2";"71.25";"2.88"
"1757 Golf Club";"May 10, 2026, 15:00:00";"24";"0.38";"0.18";"62.95";"2.4"
"1757 Golf Club";"May 10, 2026, 14:00:00";"24";"0.35";"0.18";"73.79";"2.5"
"1757 Golf Club";"May 10, 2026, 13:00:00";"25";"0.04";"0.18";"81.96";"2.52"
"1757 Golf Club";"May 10, 2026, 12:00:00";"25";"0.22";"0.2";"92.85";"3"
"1757 Golf Club";"May 10, 2026, 11:00:00";"25";"6.08";"0.26";"111.29";"3.43"
"1757 Golf Club";"May 10, 2026, 10:00:00";"25";"11.1";"0.29";"155.99";"5.28"
"1757 Golf Club";"May 10, 2026, 09:00:00";"25";"8.32";"0.22";"233.33";"15.31"
"1757 Golf Club";"May 10, 2026, 08:00:00";"22";"6.33";"0.23";"189.85";"0"
"1757 Golf Club";"May 10, 2026, 07:00:00";"22";"4.28";"0.19";"117.92";"0"
"1757 Golf Club";"May 10, 2026, 06:00:00";"22";"4.03";"0.16";"117.77";"0"
"1757 Golf Club";"May 10, 2026, 05:00:00";"21";"4.63";"0.17";"121.2";"0"
"1757 Golf Club";"May 10, 2026, 04:00:00";"21";"7.49";"0.2";"120.33";"0"
"1757 Golf Club";"May 10, 2026, 03:00:00";"20";"5.88";"0.18";"103.79";"16.17"
"1757 Golf Club";"May 10, 2026, 02:00:00";"18";"5.11";"0.19";"91.44";"14.6"
"1757 Golf Club";"May 10, 2026, 01:00:00";"16";"6.93";"0.22";"103.51";"8.12"
"1757 Golf Club";"May 10, 2026, 00:00:00";"15";"7.43";"0.24";"88.87";"5.77"
"1757 Golf Club";"May 9, 2026, 23:00:00";"14";"7.29";"0.24";"66.88";"4.29"
"1757 Golf Club";"May 9, 2026, 22:00:00";"14";"4.82";"0.23";"57.14";"3.28"
"1757 Golf Club";"May 9, 2026, 21:00:00";"14";"4.04";"0.22";"51.38";"3.36"
"1757 Golf Club";"May 9, 2026, 20:00:00";"13";"3.99";"0.21";"46.38";"2.72"
"1757 Golf Club";"May 9, 2026, 19:00:00";"14";"2.05";"0.21";"44.91";"3.09"
"1757 Golf Club";"May 9, 2026, 18:00:00";"14";"1.29";"0.21";"46.75";"2.9"
"1757 Golf Club";"May 9, 2026, 17:00:00";"14";"1.9";"0.23";"50.68";"3.06"
"1757 Golf Club";"May 9, 2026, 16:00:00";"13";"1.56";"0.23";"49.85";"4.03"
"1757 Golf Club";"May 9, 2026, 15:00:00";"13";"3.37";"0.23";"48.61";"4.17"
"1757 Golf Club";"May 9, 2026, 14:00:00";"13";"3.9";"0.22";"45.02";"4.38"
"1757 Golf Club";"May 9, 2026, 13:00:00";"13";"4.34";"0.22";"41.1";"4.27"
"1757 Golf Club";"May 9, 2026, 12:00:00";"12";"4.91";"0.21";"38.96";"3.93"
"1757 Golf Club";"May 9, 2026, 11:00:00";"12";"7.62";"0.21";"35.26";"3.93"
"1757 Golf Club";"May 9, 2026, 10:00:00";"12";"11.19";"0.19";"31.6";"3.64"
"1757 Golf Club";"May 9, 2026, 09:00:00";"11";"11.08";"0.19";"29.71";"3.26"
"1757 Golf Club";"May 9, 2026, 08:00:00";"14";"14.4";"0.19";"28.27";"4.26"
"1757 Golf Club";"May 9, 2026, 07:00:00";"11";"10.58";"0.23";"27.33";"3.77"
"1757 Golf Club";"May 9, 2026, 06:00:00";"11";"7.6";"0.15";"26.56";"2.27"
"1757 Golf Club";"May 9, 2026, 05:00:00";"11";"6.6";"0.15";"26.27";"2.14"
"1757 Golf Club";"May 9, 2026, 04:00:00";"11";"6.51";"0.15";"25.98";"2.15"
"1757 Golf Club";"May 9, 2026, 03:00:00";"12";"7.56";"0.15";"26.21";"2.39"
"1757 Golf Club";"May 9, 2026, 02:00:00";"12";"6.29";"0.15";"26.05";"2.48"
"1757 Golf Club";"May 9, 2026, 01:00:00";"12";"7.25";"0.17";"26.39";"1.97"
"1757 Golf Club";"May 9, 2026, 00:00:00";"16";"16.18";"0.23";"27.78";"2.27"
"1757 Golf Club";"May 8, 2026, 23:00:00";"16";"16";"0.24";"28.58";"2.49"
"1757 Golf Club";"May 8, 2026, 22:00:00";"14";"14.27";"0.23";"29.44";"2.36"
"1757 Golf Club";"May 8, 2026, 21:00:00";"12";"8.61";"0.19";"28.27";"2.57"
"1757 Golf Club";"May 8, 2026, 20:00:00";"12";"9.09";"0.18";"26.08";"2.7"
"1757 Golf Club";"May 8, 2026, 19:00:00";"12";"5.71";"0.17";"25.31";"2.15"
"1757 Golf Club";"May 8, 2026, 18:00:00";"13";"3.51";"0.16";"25.14";"2.23"
"1757 Golf Club";"May 8, 2026, 17:00:00";"13";"2.12";"0.16";"24.46";"2.01"
"1757 Golf Club";"May 8, 2026, 16:00:00";"13";"1.17";"0.16";"25.02";"1.87"
"1757 Golf Club";"May 8, 2026, 15:00:00";"13";"1.69";"0.16";"26.28";"1.96"
"1757 Golf Club";"May 8, 2026, 14:00:00";"13";"2.05";"0.15";"27.38";"2.59"
"1757 Golf Club";"May 8, 2026, 13:00:00";"13";"1.96";"0.15";"29.86";"2.34"
"1757 Golf Club";"May 8, 2026, 12:00:00";"13";"1.06";"0.14";"29.43";"2.55"
"1757 Golf Club";"May 8, 2026, 11:00:00";"13";"2.14";"0.14";"29.88";"2.46"
"1757 Golf Club";"May 8, 2026, 10:00:00";"13";"4.07";"0.14";"29.43";"2.33"
"1757 Golf Club";"May 8, 2026, 09:00:00";"13";"10.48";"0.14";"32.85";"2.29"
"1757 Golf Club";"May 8, 2026, 08:00:00";"17";"17.55";"0.23";"31.67";"3.51"
"1757 Golf Club";"May 8, 2026, 07:00:00";"13";"9.32";"0.24";"29.45";"5.52"
"1757 Golf Club";"May 8, 2026, 06:00:00";"12";"5.78";"0.1";"26.79";"4.32"
"1757 Golf Club";"May 8, 2026, 05:00:00";"12";"5.52";"0.07";"25.25";"2.72"
"1757 Golf Club";"May 8, 2026, 04:00:00";"12";"5.57";"0.08";"24.84";"3.62"
"1757 Golf Club";"May 8, 2026, 03:00:00";"12";"4.65";"0.09";"26.34";"2.58"
"1757 Golf Club";"May 8, 2026, 02:00:00";"12";"5.63";"0.11";"28.79";"2.29"
"1757 Golf Club";"May 8, 2026, 01:00:00";"13";"9.33";"0.13";"35.15";"3.49"
"1757 Golf Club";"May 8, 2026, 00:00:00";"13";"10.36";"0.14";"35.47";"3.27"
"1757 Golf Club";"May 7, 2026, 23:00:00";"13";"10.31";"0.15";"33.49";"3.08"
"1757 Golf Club";"May 7, 2026, 22:00:00";"13";"13.17";"0.17";"32.52";"2.95"
"1757 Golf Club";"May 7, 2026, 21:00:00";"12";"10.34";"0.17";"31.49";"2.83"
"1757 Golf Club";"May 7, 2026, 20:00:00";"13";"13.19";"0.19";"32.16";"2.96"
"1757 Golf Club";"May 7, 2026, 19:00:00";"13";"9.97";"0.21";"32.44";"3.5"
"1757 Golf Club";"May 7, 2026, 18:00:00";"13";"8.98";"0.22";"33.8";"3.4"
"1757 Golf Club";"May 7, 2026, 17:00:00";"13";"3.48";"0.16";"28.75";"2.14"
"1757 Golf Club";"May 7, 2026, 16:00:00";"13";"1.65";"0.15";"28.62";"2.76"
"1757 Golf Club";"May 7, 2026, 15:00:00";"13";"1.87";"0.15";"29.45";"2.54"
"1757 Golf Club";"May 7, 2026, 14:00:00";"14";"1.85";"0.15";"31.31";"2.87"
"1757 Golf Club";"May 7, 2026, 13:00:00";"14";"2.45";"0.15";"31.06";"3.22"
"1757 Golf Club";"May 7, 2026, 12:00:00";"14";"3.53";"0.12";"26.61";"2.96"
"1757 Golf Club";"May 7, 2026, 11:00:00";"14";"5.5";"0.19";"27.45";"2.37"
"1757 Golf Club";"May 7, 2026, 10:00:00";"14";"4.96";"0.11";"27.98";"2.19"
"1757 Golf Club";"May 7, 2026, 09:00:00";"15";"5.22";"0.12";"31.89";"1.71"
"1757 Golf Club";"May 7, 2026, 08:00:00";"15";"4.5";"0.11";"33.04";"1.75"
"1757 Golf Club";"May 7, 2026, 07:00:00";"16";"3.29";"0.11";"37.81";"1.85"
"1757 Golf Club";"May 7, 2026, 06:00:00";"16";"3.08";"0.11";"45.85";"1.98"
"1757 Golf Club";"May 7, 2026, 05:00:00";"16";"4.05";"0.12";"55.87";"2.94"
"1757 Golf Club";"May 7, 2026, 04:00:00";"16";"4.09";"0.11";"59.62";"3.41"
"1757 Golf Club";"May 7, 2026, 03:00:00";"16";"4.17";"0.12";"64";"4.42"
"1757 Golf Club";"May 7, 2026, 02:00:00";"16";"3.52";"0.12";"84.7";"7.45"
"1757 Golf Club";"May 7, 2026, 01:00:00";"16";"3.24";"0.15";"101.61";"3.4"
"1757 Golf Club";"May 7, 2026, 00:00:00";"16";"2.72";"0.16";"101.7";"1.33"
"1757 Golf Club";"May 6, 2026, 23:00:00";"17";"1.53";"0.18";"113.68";"1.28"
"1757 Golf Club";"May 6, 2026, 22:00:00";"17";"1.1";"0.19";"149.06";"1.69"
"1757 Golf Club";"May 6, 2026, 21:00:00";"18";"2.87";"0.21";"181.67";"3.53"
"1757 Golf Club";"May 6, 2026, 20:00:00";"17";"4.73";"0.21";"170.46";"4.45"
"1757 Golf Club";"May 6, 2026, 19:00:00";"17";"3.25";"0.21";"170.26";"4.43"
"1757 Golf Club";"May 6, 2026, 18:00:00";"17";"3.35";"0.22";"172.26";"4.32"
"1757 Golf Club";"May 6, 2026, 17:00:00";"17";"3.4";"0.21";"172.88";"4.04"
"1757 Golf Club";"May 6, 2026, 16:00:00";"18";"4.16";"0.21";"176.07";"4.04"
"1757 Golf Club";"May 6, 2026, 15:00:00";"18";"5.52";"0.21";"184.39";"3.79"
"1757 Golf Club";"May 6, 2026, 14:00:00";"19";"6.89";"0.21";"192.51";"3.89"
"1757 Golf Club";"May 6, 2026, 13:00:00";"19";"7.88";"0.21";"240.86";"3.47"
"1757 Golf Club";"May 6, 2026, 12:00:00";"19";"10.52";"0.23";"288.22";"4.07"
"1757 Golf Club";"May 6, 2026, 11:00:00";"20";"12.47";"0.22";"278.57";"3.92"
"1757 Golf Club";"May 6, 2026, 10:00:00";"20";"13.69";"0.24";"233.2";"4.57"
"1757 Golf Club";"May 6, 2026, 09:00:00";"22";"14.71";"0.25";"161.34";"4.34"
"1757 Golf Club";"May 6, 2026, 08:00:00";"23";"12.69";"0.23";"95.87";"3.8"
"1757 Golf Club";"May 6, 2026, 07:00:00";"24";"9.41";"0.23";"70.81";"3.46"
"1757 Golf Club";"May 6, 2026, 06:00:00";"24";"6.02";"0.21";"62.01";"3.51"
"1757 Golf Club";"May 6, 2026, 05:00:00";"24";"4.8";"0.21";"57.49";"3.58"
"1757 Golf Club";"May 6, 2026, 04:00:00";"24";"4.49";"0.22";"54.14";"4.04"
"1757 Golf Club";"May 6, 2026, 03:00:00";"23";"4.21";"0.23";"51.16";"4.67"
"1757 Golf Club";"May 6, 2026, 02:00:00";"24";"3.76";"0.24";"45.91";"5.12"
"1757 Golf Club";"May 6, 2026, 01:00:00";"23";"4.71";"0.24";"41.95";"4.23"
"1757 Golf Club";"May 6, 2026, 00:00:00";"23";"10.95";"0.26";"36.94";"4.63"
"1757 Golf Club";"May 5, 2026, 23:00:00";"23";"8.67";"0.26";"30.93";"4.1"
"1757 Golf Club";"May 5, 2026, 22:00:00";"23";"5.88";"0.25";"27.41";"3.93"
"1757 Golf Club";"May 5, 2026, 21:00:00";"22";"12.92";"0.24";"25.53";"3.41"
"1757 Golf Club";"May 5, 2026, 20:00:00";"22";"7.24";"0.23";"26.36";"3.85"
"1757 Golf Club";"May 5, 2026, 19:00:00";"22";"0";"0";"0";"4.21"
"1757 Golf Club";"May 5, 2026, 18:00:00";"23";"3.93";"0.23";"33.57";"4.65"
"1757 Golf Club";"May 5, 2026, 17:00:00";"23";"2.46";"0.21";"36.2";"5.25"
"1757 Golf Club";"May 5, 2026, 16:00:00";"22";"1.53";"0.22";"43.48";"6.4"
"1757 Golf Club";"May 5, 2026, 15:00:00";"22";"4.36";"0.24";"51.1";"8.86"
"1757 Golf Club";"May 5, 2026, 14:00:00";"21";"4.59";"0.24";"52.1";"5.43"
"1757 Golf Club";"May 5, 2026, 13:00:00";"19";"2.98";"0.23";"51.88";"4.9"
"1757 Golf Club";"May 5, 2026, 12:00:00";"19";"0";"0";"0";"5.57"
"1757 Golf Club";"May 5, 2026, 11:00:00";"18";"5.54";"0.26";"58.21";"5.04"
"1757 Golf Club";"May 5, 2026, 10:00:00";"18";"11.33";"0.26";"62.85";"6.87"
"1757 Golf Club";"May 5, 2026, 09:00:00";"18";"18.04";"0.24";"44.64";"4.61"
"1757 Golf Club";"May 5, 2026, 08:00:00";"17";"13.69";"0.21";"38.77";"4.5"
"1757 Golf Club";"May 5, 2026, 07:00:00";"17";"11.15";"0.19";"37.38";"3.32"
"1757 Golf Club";"May 5, 2026, 06:00:00";"17";"7.57";"0.18";"38.05";"2.76"
"1757 Golf Club";"May 5, 2026, 05:00:00";"17";"0";"0";"0";"2.77"
"1757 Golf Club";"May 5, 2026, 04:00:00";"17";"7.48";"0.19";"42.15";"2.48"
"1757 Golf Club";"May 5, 2026, 03:00:00";"17";"7.86";"0.19";"42.88";"3.19"
"1757 Golf Club";"May 5, 2026, 02:00:00";"18";"8.98";"0.21";"41.57";"2.09"
"1757 Golf Club";"May 5, 2026, 01:00:00";"18";"7.43";"0.2";"40.3";"2.09"
"1757 Golf Club";"May 5, 2026, 00:00:00";"18";"8.74";"0.19";"38.5";"2.01"
"1757 Golf Club";"May 4, 2026, 23:00:00";"18";"6.43";"0.2";"35.59";"2.28"
"1757 Golf Club";"May 4, 2026, 22:00:00";"18";"6.15";"0.2";"31.81";"2.45"
"1757 Golf Club";"May 4, 2026, 21:00:00";"18";"5.38";"0.2";"30.63";"2.5"
"1757 Golf Club";"May 4, 2026, 20:00:00";"17";"5.36";"0.2";"28.34";"3.32"
"1757 Golf Club";"May 4, 2026, 19:00:00";"17";"4.09";"0.2";"27.6";"3.82"
"1757 Golf Club";"May 4, 2026, 18:00:00";"16";"1.98";"0.2";"28.72";"4.26"
"1757 Golf Club";"May 4, 2026, 17:00:00";"15";"1.72";"0.2";"32.32";"3.23"
"1757 Golf Club";"May 4, 2026, 16:00:00";"14";"1.54";"0.2";"31.08";"4.86"
"1757 Golf Club";"May 4, 2026, 15:00:00";"12";"2.66";"0.2";"30.26";"4.95"
"1757 Golf Club";"May 4, 2026, 14:00:00";"11";"1.4";"0.19";"27.14";"2.77"
"1757 Golf Club";"May 4, 2026, 13:00:00";"11";"2.27";"0.18";"26.79";"2.55"
"1757 Golf Club";"May 4, 2026, 12:00:00";"11";"2.21";"0.18";"26.26";"2.5"
"1757 Golf Club";"May 4, 2026, 11:00:00";"11";"5.39";"0.2";"29.2";"3.93"
"1757 Golf Club";"May 4, 2026, 10:00:00";"19";"19.15";"0.27";"29.71";"4.92"
"1757 Golf Club";"May 4, 2026, 09:00:00";"17";"16.73";"0.2";"25.67";"4.64"
"1757 Golf Club";"May 4, 2026, 08:00:00";"18";"18.26";"0.18";"23.33";"3.97"
"1757 Golf Club";"May 4, 2026, 07:00:00";"18";"18.37";"0.19";"21.05";"2.66"
"1757 Golf Club";"May 4, 2026, 06:00:00";"14";"13.59";"0.16";"20.39";"2.57"
"1757 Golf Club";"May 4, 2026, 05:00:00";"13";"12.99";"0.15";"21.24";"2.61"
"1757 Golf Club";"May 4, 2026, 04:00:00";"14";"14.32";"0.15";"21.82";"2.33"
"1757 Golf Club";"May 4, 2026, 03:00:00";"22";"22.15";"0.22";"25.27";"3.85"
"1757 Golf Club";"May 4, 2026, 02:00:00";"18";"18.62";"0.15";"20.79";"2.65"
"1757 Golf Club";"May 4, 2026, 01:00:00";"23";"23.83";"0.15";"19.33";"3.39"
"1757 Golf Club";"May 4, 2026, 00:00:00";"33";"34.16";"0.2";"18.89";"2.87"
"1757 Golf Club";"May 3, 2026, 23:00:00";"13";"12.97";"0.13";"18.39";"1.77"
"1757 Golf Club";"May 3, 2026, 22:00:00";"9";"8.09";"0.12";"18.36";"1.61"
"1757 Golf Club";"May 3, 2026, 21:00:00";"9";"5.89";"0.13";"18.39";"1.36"
"1757 Golf Club";"May 3, 2026, 20:00:00";"9";"4.37";"0.14";"18.91";"1.64"
"1757 Golf Club";"May 3, 2026, 19:00:00";"9";"4.09";"0.15";"19.55";"1.6"
"1757 Golf Club";"May 3, 2026, 18:00:00";"9";"3.11";"0.15";"20.57";"1.46"
"1757 Golf Club";"May 3, 2026, 17:00:00";"9";"2.37";"0.15";"20.91";"1.74"
"1757 Golf Club";"May 3, 2026, 16:00:00";"10";"3.8";"0.15";"20.2";"1.49"
"1757 Golf Club";"May 3, 2026, 15:00:00";"10";"3.53";"0.14";"19.81";"1.71"
"1757 Golf Club";"May 3, 2026, 14:00:00";"10";"3.35";"0.13";"19.04";"1.68"
"1757 Golf Club";"May 3, 2026, 13:00:00";"10";"3.36";"0.12";"18.19";"1.74"
"1757 Golf Club";"May 3, 2026, 12:00:00";"10";"3.37";"0.12";"17.99";"1.95"
"1757 Golf Club";"May 3, 2026, 11:00:00";"11";"3.89";"0.11";"17.29";"2.46"
"1757 Golf Club";"May 3, 2026, 10:00:00";"11";"4.23";"0.1";"17.02";"2.83"
"1757 Golf Club";"May 3, 2026, 09:00:00";"11";"5.69";"0.08";"16.65";"2.06"
"1757 Golf Club";"May 3, 2026, 08:00:00";"11";"6.6";"0.08";"16.76";"1.74"
"1757 Golf Club";"May 3, 2026, 07:00:00";"11";"7.54";"0.08";"17.03";"1.67"
"1757 Golf Club";"May 3, 2026, 06:00:00";"11";"7.25";"0.08";"16.69";"1.95"
"1757 Golf Club";"May 3, 2026, 05:00:00";"11";"8.48";"0.08";"16.26";"1.94"
"1757 Golf Club";"May 3, 2026, 04:00:00";"11";"8.67";"0.08";"16.08";"2.05"
"1757 Golf Club";"May 3, 2026, 03:00:00";"11";"8.94";"0.08";"15.54";"2.03"
"1757 Golf Club";"May 3, 2026, 02:00:00";"11";"1.01";"0.18";"23.52";"2.44"
"1757 Golf Club";"May 3, 2026, 01:00:00";"10";"0.27";"0.18";"24.45";"3.08"
"1757 Golf Club";"May 3, 2026, 00:00:00";"10";"0.15";"0.19";"24.53";"3.6"
"1757 Golf Club";"May 2, 2026, 23:00:00";"10";"0.04";"0.2";"24.35";"2.12"
"1757 Golf Club";"May 2, 2026, 22:00:00";"10";"0";"0.2";"24.75";"2.31"
"1757 Golf Club";"May 2, 2026, 21:00:00";"10";"0";"0.2";"25.32";"2.33"
"1757 Golf Club";"May 2, 2026, 20:00:00";"9";"0";"0.2";"26.66";"2.28"
"1757 Golf Club";"May 2, 2026, 19:00:00";"9";"0";"0.21";"27.2";"2.32"
"1757 Golf Club";"May 2, 2026, 18:00:00";"9";"0";"0.21";"27.65";"2.28"
"1757 Golf Club";"May 2, 2026, 17:00:00";"9";"0";"0.21";"28.01";"2.42"
"1757 Golf Club";"May 2, 2026, 16:00:00";"9";"0";"0.22";"28.83";"2.94"
"1757 Golf Club";"May 2, 2026, 15:00:00";"9";"0";"0.22";"29.36";"3.06"
"1757 Golf Club";"May 2, 2026, 14:00:00";"9";"0";"0.21";"28.65";"2.95"
"1757 Golf Club";"May 2, 2026, 13:00:00";"9";"0";"0.21";"29.08";"2.39"
"1757 Golf Club";"May 2, 2026, 12:00:00";"9";"0";"0.2";"28.77";"3.15"
"1757 Golf Club";"May 2, 2026, 11:00:00";"9";"0";"0.2";"28.52";"2.94"
"1757 Golf Club";"May 2, 2026, 10:00:00";"9";"0.02";"0.19";"27.75";"2.93"
"1757 Golf Club";"May 2, 2026, 09:00:00";"8";"0";"0.19";"26.84";"2.75"
"1757 Golf Club";"May 2, 2026, 08:00:00";"8";"0";"0.18";"26.67";"2.67"
"1757 Golf Club";"May 2, 2026, 07:00:00";"8";"0.01";"0.19";"27.12";"1.33"
"1757 Golf Club";"May 2, 2026, 06:00:00";"8";"0.03";"0.19";"28.26";"0.85"
"1757 Golf Club";"May 2, 2026, 05:00:00";"8";"0";"0.19";"29.02";"1.35"
"1757 Golf Club";"May 2, 2026, 04:00:00";"8";"0.02";"0.2";"31.26";"1.45"
"1757 Golf Club";"May 2, 2026, 03:00:00";"8";"0.23";"0.21";"33.2";"1.76"
"1757 Golf Club";"May 2, 2026, 02:00:00";"8";"0.32";"0.22";"33.14";"1.77"
"1757 Golf Club";"May 2, 2026, 01:00:00";"8";"0.34";"0.23";"35.44";"1.39"
"1757 Golf Club";"May 2, 2026, 00:00:00";"8";"0.12";"0.24";"35.29";"1.37"
"1757 Golf Club";"May 1, 2026, 23:00:00";"8";"3.16";"0.27";"35.55";"2.08"
"1757 Golf Club";"May 1, 2026, 22:00:00";"7";"1.78";"0.28";"33.26";"1.59"
"1757 Golf Club";"May 1, 2026, 21:00:00";"7";"1.62";"0.27";"32.72";"1.38"
"1757 Golf Club";"May 1, 2026, 20:00:00";"7";"0.49";"0.26";"32.83";"1.56"
"1757 Golf Club";"May 1, 2026, 19:00:00";"7";"0";"0.24";"33.75";"1.43"
"1757 Golf Club";"May 1, 2026, 18:00:00";"7";"0";"0.25";"33.94";"1.36"
"1757 Golf Club";"May 1, 2026, 17:00:00";"7";"0";"0.25";"34.99";"2.13"
"1757 Golf Club";"May 1, 2026, 16:00:00";"7";"0";"0.25";"35.95";"2.5"
"1757 Golf Club";"May 1, 2026, 15:00:00";"7";"0";"0.25";"36.26";"1.89"
"1757 Golf Club";"May 1, 2026, 14:00:00";"7";"0.08";"0.26";"37.5";"3.26"
"1757 Golf Club";"May 1, 2026, 13:00:00";"6";"0.46";"0.26";"36.49";"3.61"
"1757 Golf Club";"May 1, 2026, 12:00:00";"6";"0";"0.26";"37.31";"2.28"
"1757 Golf Club";"May 1, 2026, 11:00:00";"6";"0";"0.24";"35.58";"1.69"
"1757 Golf Club";"May 1, 2026, 10:00:00";"6";"0.12";"0.24";"36.1";"1.25"
"1757 Golf Club";"May 1, 2026, 09:00:00";"6";"2.84";"0.22";"35";"1.32"
"1757 Golf Club";"May 1, 2026, 08:00:00";"7";"2.83";"0.23";"34.87";"1.46"
"1757 Golf Club";"May 1, 2026, 07:00:00";"7";"1.24";"0.25";"33.08";"1.35"
"1757 Golf Club";"May 1, 2026, 06:00:00";"8";"0.98";"0.18";"32.2";"1.3"
"1757 Golf Club";"May 1, 2026, 05:00:00";"8";"0.07";"0.18";"31.35";"1.09"
"1757 Golf Club";"May 1, 2026, 04:00:00";"9";"0.2";"0.18";"30.76";"1.28"
"1757 Golf Club";"May 1, 2026, 03:00:00";"9";"0.32";"0.18";"30.55";"1.43"
"1757 Golf Club";"May 1, 2026, 02:00:00";"10";"0.92";"0.19";"30.86";"1.67"
"1757 Golf Club";"May 1, 2026, 01:00:00";"13";"0.34";"0.19";"30.41";"1.02"
"1757 Golf Club";"May 1, 2026, 00:00:00";"14";"0.09";"0.19";"30.61";"1.09"
"1757 Golf Club";"Apr 30, 2026, 23:00:00";"14";"0.13";"0.2";"31.01";"0.9"
"1757 Golf Club";"Apr 30, 2026, 22:00:00";"15";"0.09";"0.2";"31.82";"0.98"
"1757 Golf Club";"Apr 30, 2026, 21:00:00";"16";"0.03";"0.2";"31.14";"1.06"
"1757 Golf Club";"Apr 30, 2026, 20:00:00";"17";"0";"0.22";"33.23";"1.09"
"1757 Golf Club";"Apr 30, 2026, 19:00:00";"18";"0";"0.23";"36.25";"0.77"
"1757 Golf Club";"Apr 30, 2026, 18:00:00";"20";"0";"0.23";"38.03";"1.25"
"1757 Golf Club";"Apr 30, 2026, 17:00:00";"22";"0";"0.23";"37.97";"1.21"
"1757 Golf Club";"Apr 30, 2026, 16:00:00";"23";"0";"0.22";"38.75";"1.26"
"1757 Golf Club";"Apr 30, 2026, 15:00:00";"24";"0";"0.22";"41.02";"1.46"
"1757 Golf Club";"Apr 30, 2026, 14:00:00";"26";"0.49";"0.22";"41.96";"1.69"
"1757 Golf Club";"Apr 30, 2026, 13:00:00";"27";"0";"0";"0";"1.67"
"1757 Golf Club";"Apr 30, 2026, 12:00:00";"28";"0";"0.23";"46.69";"2.17"
"1757 Golf Club";"Apr 30, 2026, 11:00:00";"28";"0";"0.23";"50.23";"2.64"
"1757 Golf Club";"Apr 30, 2026, 10:00:00";"28";"0";"0.24";"55.45";"2.98"
"1757 Golf Club";"Apr 30, 2026, 09:00:00";"29";"0";"0.24";"67.1";"3.38"
"1757 Golf Club";"Apr 30, 2026, 08:00:00";"29";"1.52";"0.23";"77.33";"3.19"
"1757 Golf Club";"Apr 30, 2026, 07:00:00";"29";"0";"0.21";"87.69";"4.36"
"1757 Golf Club";"Apr 30, 2026, 06:00:00";"29";"0";"0.2";"100.79";"5.16"
"1757 Golf Club";"Apr 30, 2026, 05:00:00";"29";"0";"0.21";"140.31";"4.03"
"1757 Golf Club";"Apr 30, 2026, 04:00:00";"28";"0";"0.22";"205.11";"4.91"
"1757 Golf Club";"Apr 30, 2026, 03:00:00";"28";"0";"0.23";"293.91";"7.01"
"1757 Golf Club";"Apr 30, 2026, 02:00:00";"27";"0.16";"0.23";"262.91";"14.29"
"1757 Golf Club";"Apr 30, 2026, 01:00:00";"25";"0.67";"0.23";"237.93";"7.76"
"1757 Golf Club";"Apr 30, 2026, 00:00:00";"25";"2.79";"0.25";"201.62";"5.33"
"1757 Golf Club";"Apr 29, 2026, 23:00:00";"25";"1.67";"0.24";"193.4";"5.73"
"1757 Golf Club";"Apr 29, 2026, 22:00:00";"25";"1.58";"0.25";"205.51";"6.4"
"1757 Golf Club";"Apr 29, 2026, 21:00:00";"24";"2.33";"0.27";"214.26";"7.33"
"1757 Golf Club";"Apr 29, 2026, 20:00:00";"24";"2.85";"0.29";"193.49";"6.51"
"1757 Golf Club";"Apr 29, 2026, 19:00:00";"24";"3.89";"0.31";"162.47";"10.44"
"1757 Golf Club";"Apr 29, 2026, 18:00:00";"23";"4.76";"0.28";"110.72";"10.14"
"1757 Golf Club";"Apr 29, 2026, 17:00:00";"22";"2.58";"0.28";"96.48";"8.69"
"1757 Golf Club";"Apr 29, 2026, 16:00:00";"21";"4.24";"0.3";"92.25";"8.82"
"1757 Golf Club";"Apr 29, 2026, 15:00:00";"20";"7.05";"0.28";"84.06";"9.53"
"1757 Golf Club";"Apr 29, 2026, 14:00:00";"19";"8.56";"0.3";"77.53";"8.59"
"1757 Golf Club";"Apr 29, 2026, 13:00:00";"18";"6.16";"0.29";"66.52";"7.04"
"1757 Golf Club";"Apr 29, 2026, 12:00:00";"17";"6.66";"0.27";"55.94";"4.6"
"1757 Golf Club";"Apr 29, 2026, 11:00:00";"17";"9";"0.29";"53.21";"4.53"
"1757 Golf Club";"Apr 29, 2026, 10:00:00";"16";"11.37";"0.31";"51.96";"6.95"
"1757 Golf Club";"Apr 29, 2026, 09:00:00";"15";"8.7";"0.26";"49.66";"4.02"
"1757 Golf Club";"Apr 29, 2026, 08:00:00";"15";"9.56";"0.24";"47.53";"3.99"
"1757 Golf Club";"Apr 29, 2026, 07:00:00";"15";"5.15";"0.24";"48.16";"2.85"
"1757 Golf Club";"Apr 29, 2026, 06:00:00";"15";"1.41";"0.22";"49.28";"2.42"
"1757 Golf Club";"Apr 29, 2026, 05:00:00";"15";"0.06";"0.21";"53.81";"2.23"
"1757 Golf Club";"Apr 29, 2026, 04:00:00";"15";"0";"0.21";"55.12";"2.04"
"1757 Golf Club";"Apr 29, 2026, 03:00:00";"15";"0";"0.24";"60.99";"2.6"
"1757 Golf Club";"Apr 29, 2026, 02:00:00";"15";"1.83";"0.27";"71.69";"4.65"
"1757 Golf Club";"Apr 29, 2026, 01:00:00";"14";"1.79";"0.28";"71.26";"5.06"
"1757 Golf Club";"Apr 29, 2026, 00:00:00";"14";"0";"0";"0";"5.2"
"1757 Golf Club";"Apr 28, 2026, 23:00:00";"13";"4.78";"0.29";"66.03";"4.29"
"1757 Golf Club";"Apr 28, 2026, 22:00:00";"13";"0";"0";"0";"4.5"
"1757 Golf Club";"Apr 28, 2026, 21:00:00";"12";"0";"0";"0";"5.36"
"1757 Golf Club";"Apr 28, 2026, 20:00:00";"12";"0";"0";"0";"5.41"
"1757 Golf Club";"Apr 28, 2026, 19:00:00";"11";"0.58";"0.26";"58.87";"4.96"
"1757 Golf Club";"Apr 28, 2026, 18:00:00";"11";"0.52";"0.27";"57.93";"4.34"
"1757 Golf Club";"Apr 28, 2026, 17:00:00";"11";"1.24";"0.26";"53.94";"3.73"
"1757 Golf Club";"Apr 28, 2026, 16:00:00";"11";"1.11";"0.28";"48.7";"2.67"
"1757 Golf Club";"Apr 28, 2026, 15:00:00";"11";"2.16";"0.27";"48.27";"2.75"
"1757 Golf Club";"Apr 28, 2026, 14:00:00";"11";"3.87";"0.27";"46.08";"2.81"
"1757 Golf Club";"Apr 28, 2026, 13:00:00";"11";"7.23";"0.25";"43.59";"2.84"
"1757 Golf Club";"Apr 28, 2026, 12:00:00";"11";"8.55";"0.25";"42.74";"1.95"
"1757 Golf Club";"Apr 28, 2026, 11:00:00";"11";"9.71";"0.25";"41.89";"2.45"
"1757 Golf Club";"Apr 28, 2026, 10:00:00";"11";"6.7";"0.23";"38.66";"2.49"
"1757 Golf Club";"Apr 28, 2026, 09:00:00";"11";"8.6";"0.26";"37.65";"3.02"
"1757 Golf Club";"Apr 28, 2026, 08:00:00";"12";"11.19";"0.26";"38.37";"2.92"
"1757 Golf Club";"Apr 28, 2026, 07:00:00";"15";"8.36";"0.24";"37.09";"2.22"
"1757 Golf Club";"Apr 28, 2026, 06:00:00";"15";"2.58";"0.21";"36.36";"1.9"
"1757 Golf Club";"Apr 28, 2026, 05:00:00";"15";"2.14";"0.2";"36.16";"1.79"
"1757 Golf Club";"Apr 28, 2026, 04:00:00";"15";"3.15";"0.2";"37.09";"1.83"
"1757 Golf Club";"Apr 28, 2026, 03:00:00";"16";"3.5";"0.21";"37.93";"1.95"
"1757 Golf Club";"Apr 28, 2026, 02:00:00";"16";"2.79";"0.22";"38.74";"1.91"
"1757 Golf Club";"Apr 28, 2026, 01:00:00";"16";"2.39";"0.24";"37.7";"2.13"
"1757 Golf Club";"Apr 28, 2026, 00:00:00";"18";"2.83";"0.25";"36.96";"2.26"
"1757 Golf Club";"Apr 27, 2026, 23:00:00";"19";"3.41";"0.27";"39.01";"2.17"
"1757 Golf Club";"Apr 27, 2026, 22:00:00";"19";"3.91";"0.28";"40.8";"2.48"
"1757 Golf Club";"Apr 27, 2026, 21:00:00";"18";"2.91";"0.28";"40.65";"2.51"
"1757 Golf Club";"Apr 27, 2026, 20:00:00";"18";"0.38";"0.27";"39.67";"2.42"
"1757 Golf Club";"Apr 27, 2026, 19:00:00";"18";"0.02";"0.29";"39.83";"3.12"
"1757 Golf Club";"Apr 27, 2026, 18:00:00";"17";"0";"0.3";"40.63";"3.95"
"1757 Golf Club";"Apr 27, 2026, 17:00:00";"17";"0";"0.29";"41.4";"3.87"
"1757 Golf Club";"Apr 27, 2026, 16:00:00";"16";"0";"0.28";"42.22";"3.19"
"1757 Golf Club";"Apr 27, 2026, 15:00:00";"16";"0";"0.27";"45.36";"2.79"
"1757 Golf Club";"Apr 27, 2026, 14:00:00";"15";"0";"0.25";"46.28";"2.19"
"1757 Golf Club";"Apr 27, 2026, 13:00:00";"16";"0";"0.25";"48.96";"2.5"
"1757 Golf Club";"Apr 27, 2026, 12:00:00";"16";"0";"0.25";"53.74";"2.1"
"1757 Golf Club";"Apr 27, 2026, 11:00:00";"16";"0";"0.26";"54.73";"1.66"
"1757 Golf Club";"Apr 27, 2026, 10:00:00";"16";"6.98";"0.31";"61.82";"3.25"
"1757 Golf Club";"Apr 27, 2026, 09:00:00";"15";"7.97";"0.32";"67.02";"7.78"
"1757 Golf Club";"Apr 27, 2026, 08:00:00";"14";"2.81";"0.28";"56.55";"18.71"
"1757 Golf Club";"Apr 27, 2026, 07:00:00";"10";"0";"0.22";"48.17";"0"
"1757 Golf Club";"Apr 27, 2026, 06:00:00";"9";"0";"0";"0";"0"
"1757 Golf Club";"Apr 27, 2026, 05:00:00";"9";"0";"0.21";"47.42";"0"
"1757 Golf Club";"Apr 27, 2026, 04:00:00";"9";"0.46";"0.23";"47.82";"0"
"1757 Golf Club";"Apr 27, 2026, 03:00:00";"9";"1.04";"0.23";"49.11";"0"
"1757 Golf Club";"Apr 27, 2026, 02:00:00";"9";"0.12";"0.21";"46.31";"0"
"1757 Golf Club";"Apr 27, 2026, 01:00:00";"9";"1.59";"0.23";"45.86";"9.52"
"1757 Golf Club";"Apr 27, 2026, 00:00:00";"7";"0.29";"0.24";"45.42";"3.94"
"1757 Golf Club";"Apr 26, 2026, 23:00:00";"8";"0.01";"0.22";"44.02";"1.81"
"1757 Golf Club";"Apr 26, 2026, 22:00:00";"10";"0";"0.22";"43.47";"1.44"
"1757 Golf Club";"Apr 26, 2026, 21:00:00";"11";"0";"0.22";"43.16";"1.46"
"1757 Golf Club";"Apr 26, 2026, 20:00:00";"12";"0";"0.22";"42.67";"1.7"
"1757 Golf Club";"Apr 26, 2026, 19:00:00";"14";"0";"0.22";"43.26";"1.32"
"1757 Golf Club";"Apr 26, 2026, 18:00:00";"15";"0";"0.23";"44.26";"1.35"
"1757 Golf Club";"Apr 26, 2026, 17:00:00";"17";"0";"0.22";"43.81";"1.14"
"1757 Golf Club";"Apr 26, 2026, 16:00:00";"18";"0";"0.21";"42.64";"1.1"
"1757 Golf Club";"Apr 26, 2026, 15:00:00";"19";"0";"0.22";"43.29";"1.45"
"1757 Golf Club";"Apr 26, 2026, 14:00:00";"20";"0";"0.21";"43.06";"2.6"
"1757 Golf Club";"Apr 26, 2026, 13:00:00";"22";"0";"0.2";"43.69";"3.79"
"1757 Golf Club";"Apr 26, 2026, 12:00:00";"23";"0";"0.21";"46.48";"2.11"
"1757 Golf Club";"Apr 26, 2026, 11:00:00";"24";"0";"0.2";"47.15";"1.66"
"1757 Golf Club";"Apr 26, 2026, 10:00:00";"26";"0";"0.18";"46.12";"1.45"
"1757 Golf Club";"Apr 26, 2026, 09:00:00";"27";"0";"0.17";"45.07";"1.18"
"1757 Golf Club";"Apr 26, 2026, 08:00:00";"28";"0";"0.17";"44.27";"0.88"
"1757 Golf Club";"Apr 26, 2026, 07:00:00";"30";"0";"0.18";"43.94";"0.79"
"1757 Golf Club";"Apr 26, 2026, 06:00:00";"31";"0";"0.16";"44.14";"0.89"
"1757 Golf Club";"Apr 26, 2026, 05:00:00";"31";"0";"0.17";"46.84";"1.56"
"1757 Golf Club";"Apr 26, 2026, 04:00:00";"32";"0";"0.17";"48.89";"1.34"
"1757 Golf Club";"Apr 26, 2026, 03:00:00";"33";"0";"0.17";"51.44";"1.14"
"1757 Golf Club";"Apr 26, 2026, 02:00:00";"33";"0";"0.17";"55.23";"1.33"
"1757 Golf Club";"Apr 26, 2026, 01:00:00";"34";"0";"0.18";"60.09";"2.38"
"1757 Golf Club";"Apr 26, 2026, 00:00:00";"35";"0";"0.19";"64.22";"9.55"
"1757 Golf Club";"Apr 25, 2026, 23:00:00";"34";"0";"0.19";"64.94";"9.12"
"1757 Golf Club";"Apr 25, 2026, 22:00:00";"33";"0";"0.19";"63.24";"7.8"
"1757 Golf Club";"Apr 25, 2026, 21:00:00";"32";"0";"0.2";"65.8";"9"
"1757 Golf Club";"Apr 25, 2026, 20:00:00";"32";"0.07";"0.2";"67.44";"10.14"
"1757 Golf Club";"Apr 25, 2026, 19:00:00";"31";"0";"0.21";"68.4";"9.5"
"1757 Golf Club";"Apr 25, 2026, 18:00:00";"30";"0";"0.23";"76.05";"10.29"
"1757 Golf Club";"Apr 25, 2026, 17:00:00";"29";"0";"0.24";"61.85";"7.97"
"1757 Golf Club";"Apr 25, 2026, 16:00:00";"29";"0";"0.25";"58.61";"8.07"
"1757 Golf Club";"Apr 25, 2026, 15:00:00";"29";"0";"0.25";"60.39";"9.38"
"1757 Golf Club";"Apr 25, 2026, 14:00:00";"28";"0";"0.26";"67.06";"10.33"
"1757 Golf Club";"Apr 25, 2026, 13:00:00";"28";"0";"0.26";"71.07";"10.31"
"1757 Golf Club";"Apr 25, 2026, 12:00:00";"27";"0.01";"0.26";"70.9";"10.1"
"1757 Golf Club";"Apr 25, 2026, 11:00:00";"26";"0";"0";"0";"10.77"
"1757 Golf Club";"Apr 25, 2026, 10:00:00";"25";"0";"0.24";"62.11";"9.82"
"1757 Golf Club";"Apr 25, 2026, 09:00:00";"24";"0";"0";"0";"8.06"
"1757 Golf Club";"Apr 25, 2026, 08:00:00";"23";"0";"0.23";"57.93";"8.32"
"1757 Golf Club";"Apr 25, 2026, 07:00:00";"23";"0";"0.22";"53.3";"5.76"
"1757 Golf Club";"Apr 25, 2026, 06:00:00";"23";"0";"0.23";"65.48";"6.08"
"1757 Golf Club";"Apr 25, 2026, 05:00:00";"22";"0";"0.24";"72.57";"4.96"
"1757 Golf Club";"Apr 25, 2026, 04:00:00";"22";"0";"0.27";"73.8";"4.71"
"1757 Golf Club";"Apr 25, 2026, 03:00:00";"21";"0";"0.28";"82.28";"4.93"
"1757 Golf Club";"Apr 25, 2026, 02:00:00";"21";"0.11";"0.32";"94.71";"5.28"
"1757 Golf Club";"Apr 25, 2026, 01:00:00";"21";"0.47";"0.35";"95.41";"5.93"
"1757 Golf Club";"Apr 25, 2026, 00:00:00";"21";"1.57";"0.34";"87.94";"4.72"
"1757 Golf Club";"Apr 24, 2026, 23:00:00";"22";"1.26";"0.34";"83.43";"4.65"
"1757 Golf Club";"Apr 24, 2026, 22:00:00";"22";"0.92";"0.37";"86.35";"4.41"
"1757 Golf Club";"Apr 24, 2026, 21:00:00";"26";"0.9";"0.37";"81.59";"4.71"
"1757 Golf Club";"Apr 24, 2026, 20:00:00";"26";"0";"0.34";"77.75";"4.5"
"1757 Golf Club";"Apr 24, 2026, 19:00:00";"26";"0";"0.33";"68.9";"4.17"
"1757 Golf Club";"Apr 24, 2026, 18:00:00";"26";"0";"0.33";"72.65";"5.58"
"1757 Golf Club";"Apr 24, 2026, 17:00:00";"25";"0";"0.34";"76.98";"7.29"
"1757 Golf Club";"Apr 24, 2026, 16:00:00";"25";"0";"0.3";"69.92";"6.91"
"1757 Golf Club";"Apr 24, 2026, 15:00:00";"24";"0";"0.29";"77.33";"7.25"
"1757 Golf Club";"Apr 24, 2026, 14:00:00";"24";"0";"0.29";"86.71";"6.45"
"1757 Golf Club";"Apr 24, 2026, 13:00:00";"24";"0";"0.29";"91.68";"5.51"
"1757 Golf Club";"Apr 24, 2026, 12:00:00";"23";"0";"0.3";"95.27";"5.57"
"1757 Golf Club";"Apr 24, 2026, 11:00:00";"23";"0";"0.32";"98.36";"5.2"
"1757 Golf Club";"Apr 24, 2026, 10:00:00";"23";"0.34";"0.31";"98.95";"4.64"
"1757 Golf Club";"Apr 24, 2026, 09:00:00";"23";"3.6";"0.32";"112.59";"3.12"
"1757 Golf Club";"Apr 24, 2026, 08:00:00";"23";"1.87";"0.57";"126.94";"5.27"
"1757 Golf Club";"Apr 24, 2026, 07:00:00";"23";"2.12";"0.54";"94.27";"4.9"
"1757 Golf Club";"Apr 24, 2026, 06:00:00";"24";"0";"0.26";"83.18";"2.9"
"1757 Golf Club";"Apr 24, 2026, 05:00:00";"25";"0";"0.26";"87.2";"3.43"
"1757 Golf Club";"Apr 24, 2026, 04:00:00";"26";"0";"0.27";"90.62";"2.9"
"1757 Golf Club";"Apr 24, 2026, 03:00:00";"26";"0";"0.27";"95.47";"4.3"
"1757 Golf Club";"Apr 24, 2026, 02:00:00";"26";"1.29";"0.33";"117.37";"5.36"
"1757 Golf Club";"Apr 24, 2026, 01:00:00";"26";"8.28";"0.38";"129.26";"5.96"
"1757 Golf Club";"Apr 24, 2026, 00:00:00";"25";"9.01";"0.4";"116.47";"7.35"
"1757 Golf Club";"Apr 23, 2026, 23:00:00";"25";"3.3";"0.39";"94.1";"7.4"
"1757 Golf Club";"Apr 23, 2026, 22:00:00";"24";"1.73";"0.4";"89.03";"24.25"
"1757 Golf Club";"Apr 23, 2026, 21:00:00";"21";"0.3";"0.34";"83.93";"6.56"
"1757 Golf Club";"Apr 23, 2026, 20:00:00";"21";"0.05";"0.34";"71.83";"4.49"
"1757 Golf Club";"Apr 23, 2026, 19:00:00";"21";"0";"0.31";"67.62";"2.86"
"1757 Golf Club";"Apr 23, 2026, 18:00:00";"21";"0";"0.29";"67.89";"2.94"
"1757 Golf Club";"Apr 23, 2026, 17:00:00";"21";"0";"0.29";"70.03";"3.75"
"1757 Golf Club";"Apr 23, 2026, 16:00:00";"21";"0";"0.3";"71.83";"4.08"
"1757 Golf Club";"Apr 23, 2026, 15:00:00";"21";"0";"0.29";"76.1";"4.77"
"1757 Golf Club";"Apr 23, 2026, 14:00:00";"22";"2.9";"0.3";"82.28";"5.19"
"1757 Golf Club";"Apr 23, 2026, 13:00:00";"22";"0.15";"0.3";"87.7";"5.17"
"1757 Golf Club";"Apr 23, 2026, 12:00:00";"22";"1.22";"0.3";"93.67";"4.41"
"1757 Golf Club";"Apr 23, 2026, 11:00:00";"22";"0";"0.29";"93.16";"3.78"
"1757 Golf Club";"Apr 23, 2026, 10:00:00";"22";"0.79";"0.31";"103.13";"3.4"
"1757 Golf Club";"Apr 23, 2026, 09:00:00";"23";"2.99";"0.3";"116.88";"3.32"
"1757 Golf Club";"Apr 23, 2026, 08:00:00";"23";"5.08";"0.47";"149.07";"5.75"
"1757 Golf Club";"Apr 23, 2026, 07:00:00";"23";"5.59";"0.29";"110.58";"10.07"
"1757 Golf Club";"Apr 23, 2026, 06:00:00";"22";"0";"0.22";"101.92";"10.52"
"1757 Golf Club";"Apr 23, 2026, 05:00:00";"21";"0.24";"0.24";"90.36";"6.36"
"1757 Golf Club";"Apr 23, 2026, 04:00:00";"20";"0";"0.25";"73.76";"4.36"
"1757 Golf Club";"Apr 23, 2026, 03:00:00";"20";"0";"0.26";"67.39";"4.16"
"1757 Golf Club";"Apr 23, 2026, 02:00:00";"20";"0";"0.28";"56.8";"4.47"
"1757 Golf Club";"Apr 23, 2026, 01:00:00";"20";"0";"0.27";"53.4";"4.48"
"1757 Golf Club";"Apr 23, 2026, 00:00:00";"20";"0";"0.26";"51.41";"4.42"
"1757 Golf Club";"Apr 22, 2026, 23:00:00";"20";"0";"0.27";"50.44";"4.27"
"1757 Golf Club";"Apr 22, 2026, 22:00:00";"19";"0";"0.28";"50.93";"4.67"
"1757 Golf Club";"Apr 22, 2026, 21:00:00";"19";"0";"0.27";"49.82";"4.26"
"1757 Golf Club";"Apr 22, 2026, 20:00:00";"19";"0";"0.28";"47.76";"4.1"
"1757 Golf Club";"Apr 22, 2026, 19:00:00";"18";"0";"0.27";"52.09";"3.98"
"1757 Golf Club";"Apr 22, 2026, 18:00:00";"18";"0";"0.3";"62.26";"4.33"
"1757 Golf Club";"Apr 22, 2026, 17:00:00";"18";"0";"0.3";"63.25";"5.49"
"1757 Golf Club";"Apr 22, 2026, 16:00:00";"18";"0";"0.3";"67.19";"5.16"
"1757 Golf Club";"Apr 22, 2026, 15:00:00";"17";"0.39";"0.32";"65.27";"5.55"
"1757 Golf Club";"Apr 22, 2026, 14:00:00";"17";"3.75";"0.34";"63.14";"5.52"
"1757 Golf Club";"Apr 22, 2026, 13:00:00";"17";"6.45";"0.36";"60.48";"5.77"
"1757 Golf Club";"Apr 22, 2026, 12:00:00";"17";"12.72";"0.37";"48.49";"5.18"
"1757 Golf Club";"Apr 22, 2026, 11:00:00";"17";"15.88";"0.4";"41.73";"5.44"
"1757 Golf Club";"Apr 22, 2026, 10:00:00";"17";"16.83";"0.33";"38.23";"7.05"
"1757 Golf Club";"Apr 22, 2026, 09:00:00";"16";"10.37";"0.27";"32.59";"5.52"
"1757 Golf Club";"Apr 22, 2026, 08:00:00";"16";"11.47";"0.25";"34.23";"5.16"
"1757 Golf Club";"Apr 22, 2026, 07:00:00";"16";"6.34";"0.23";"28.05";"3.92"
"1757 Golf Club";"Apr 22, 2026, 06:00:00";"16";"3.16";"0.23";"27.75";"3.37"
"1757 Golf Club";"Apr 22, 2026, 05:00:00";"16";"2.79";"0.22";"27.34";"3.83"
"1757 Golf Club";"Apr 22, 2026, 04:00:00";"16";"2.87";"0.22";"27.23";"3.72"
"1757 Golf Club";"Apr 22, 2026, 03:00:00";"17";"2.9";"0.22";"27.14";"3.23"
"1757 Golf Club";"Apr 22, 2026, 02:00:00";"17";"4.19";"0.23";"26.49";"3.22"
"1757 Golf Club";"Apr 22, 2026, 01:00:00";"17";"3.64";"0.23";"26.27";"3.28"
"1757 Golf Club";"Apr 22, 2026, 00:00:00";"16";"1.34";"0.23";"25.9";"3.42"
"1757 Golf Club";"Apr 21, 2026, 23:00:00";"16";"1.55";"0.24";"25.72";"3.16"
"1757 Golf Club";"Apr 21, 2026, 22:00:00";"16";"1.55";"0.24";"26.31";"2.76"
"1757 Golf Club";"Apr 21, 2026, 21:00:00";"16";"1.33";"0.24";"26.12";"2.31"
"1757 Golf Club";"Apr 21, 2026, 20:00:00";"16";"0.69";"0.25";"27.23";"2.46"
"1757 Golf Club";"Apr 21, 2026, 19:00:00";"16";"0";"0.25";"28.53";"2.79"
"1757 Golf Club";"Apr 21, 2026, 18:00:00";"16";"0";"0.25";"29.69";"2.68"
"1757 Golf Club";"Apr 21, 2026, 17:00:00";"16";"0";"0.24";"29.1";"3.68"
"1757 Golf Club";"Apr 21, 2026, 16:00:00";"15";"0";"0.24";"28.38";"4.82"
"1757 Golf Club";"Apr 21, 2026, 15:00:00";"15";"0";"0.23";"27.82";"4.27"
"1757 Golf Club";"Apr 21, 2026, 14:00:00";"14";"0";"0.23";"27.47";"4.67"
"1757 Golf Club";"Apr 21, 2026, 13:00:00";"14";"0.17";"0.22";"27.25";"3.95"
"1757 Golf Club";"Apr 21, 2026, 12:00:00";"14";"0";"0.21";"26.87";"3.72"
"1757 Golf Club";"Apr 21, 2026, 11:00:00";"14";"1.34";"0.23";"26.96";"4.07"
"1757 Golf Club";"Apr 21, 2026, 10:00:00";"13";"1.56";"0.24";"27.9";"4.32"
"1757 Golf Club";"Apr 21, 2026, 09:00:00";"13";"8.88";"0.25";"27.59";"4.26"
"1757 Golf Club";"Apr 21, 2026, 08:00:00";"13";"0";"0";"0";"6.51"
"1757 Golf Club";"Apr 21, 2026, 07:00:00";"12";"4.53";"0.04";"23.68";"5.64"
"1757 Golf Club";"Apr 21, 2026, 06:00:00";"12";"6.32";"0.03";"23.37";"3.62"
"1757 Golf Club";"Apr 21, 2026, 05:00:00";"11";"6.37";"0.02";"24.24";"5.06"
"1757 Golf Club";"Apr 21, 2026, 04:00:00";"11";"4.38";"0.02";"23.25";"5.93"
"1757 Golf Club";"Apr 21, 2026, 03:00:00";"10";"3.48";"0.01";"21.56";"3.94"
"1757 Golf Club";"Apr 21, 2026, 02:00:00";"10";"4.43";"0.02";"21.29";"2.11"
"1757 Golf Club";"Apr 21, 2026, 01:00:00";"10";"3.58";"0.03";"20.8";"1.92"
"1757 Golf Club";"Apr 21, 2026, 00:00:00";"10";"1.02";"0.03";"20.1";"1.9"
"1757 Golf Club";"Apr 20, 2026, 23:00:00";"10";"0.28";"0.04";"19.96";"2.11"
"1757 Golf Club";"Apr 20, 2026, 22:00:00";"10";"0";"0.05";"20.12";"2.05"
"1757 Golf Club";"Apr 20, 2026, 21:00:00";"10";"0";"0.07";"20.12";"1.92"
"1757 Golf Club";"Apr 20, 2026, 20:00:00";"10";"0";"0.09";"20.62";"1.99"
"1757 Golf Club";"Apr 20, 2026, 19:00:00";"10";"0";"0.11";"21.83";"2.45"
"1757 Golf Club";"Apr 20, 2026, 18:00:00";"11";"0";"0.13";"23";"2.11"
"1757 Golf Club";"Apr 20, 2026, 17:00:00";"11";"0";"0.14";"23.71";"1.99"
"1757 Golf Club";"Apr 20, 2026, 16:00:00";"11";"0";"0.13";"24.12";"1.87"
"1757 Golf Club";"Apr 20, 2026, 15:00:00";"11";"0";"0.12";"24.36";"2.2"
"1757 Golf Club";"Apr 20, 2026, 14:00:00";"11";"0";"0.12";"25.69";"2.1"
"1757 Golf Club";"Apr 20, 2026, 13:00:00";"11";"0";"0.11";"27.07";"2.68"
"1757 Golf Club";"Apr 20, 2026, 12:00:00";"11";"0.36";"0.13";"29.57";"2.38"
"1757 Golf Club";"Apr 20, 2026, 11:00:00";"10";"0.55";"0.08";"28.01";"3.13"
"1757 Golf Club";"Apr 20, 2026, 10:00:00";"10";"0";"0.13";"28.18";"2.95"
"1757 Golf Club";"Apr 20, 2026, 09:00:00";"10";"0.15";"0.1";"27.47";"2.68"
"1757 Golf Club";"Apr 20, 2026, 08:00:00";"10";"0.77";"0.1";"27.31";"2.52"
"1757 Golf Club";"Apr 20, 2026, 07:00:00";"10";"0.04";"0.1";"27.4";"1.98"
"1757 Golf Club";"Apr 20, 2026, 06:00:00";"10";"0";"0.09";"26.96";"1.93"
"1757 Golf Club";"Apr 20, 2026, 05:00:00";"11";"0";"0.09";"27.51";"2.33"
"1757 Golf Club";"Apr 20, 2026, 04:00:00";"12";"0.33";"0.09";"29.15";"2.72"
"1757 Golf Club";"Apr 20, 2026, 03:00:00";"13";"1.4";"0.1";"31.85";"2.8"
"1757 Golf Club";"Apr 20, 2026, 02:00:00";"14";"2.5";"0.11";"30.53";"2.74"
"1757 Golf Club";"Apr 20, 2026, 01:00:00";"15";"3.82";"0.12";"29.47";"3.02"
"1757 Golf Club";"Apr 20, 2026, 00:00:00";"16";"0.39";"0.08";"26.5";"2.41"
"1757 Golf Club";"Apr 19, 2026, 23:00:00";"17";"0";"0.08";"24.46";"2.02"
"1757 Golf Club";"Apr 19, 2026, 22:00:00";"17";"0";"0.09";"23.96";"2.09"
"1757 Golf Club";"Apr 19, 2026, 21:00:00";"18";"0";"0.1";"24.69";"2.45"
"1757 Golf Club";"Apr 19, 2026, 20:00:00";"19";"0";"0.12";"25.32";"1.96"
"1757 Golf Club";"Apr 19, 2026, 19:00:00";"19";"0";"0.13";"26.4";"2.64"
"1757 Golf Club";"Apr 19, 2026, 18:00:00";"20";"0";"0.14";"27.94";"2.19"
"1757 Golf Club";"Apr 19, 2026, 17:00:00";"21";"0";"0.16";"31.28";"2.78"
"1757 Golf Club";"Apr 19, 2026, 16:00:00";"22";"0";"0.15";"32.74";"2.46"
"1757 Golf Club";"Apr 19, 2026, 15:00:00";"22";"0";"0.16";"37.94";"2.27"
"1757 Golf Club";"Apr 19, 2026, 14:00:00";"22";"0";"0.15";"44.9";"1.93"
"1757 Golf Club";"Apr 19, 2026, 13:00:00";"22";"0";"0.11";"48.77";"1.73"
"1757 Golf Club";"Apr 19, 2026, 12:00:00";"23";"0";"0.11";"57.61";"1.8"
"1757 Golf Club";"Apr 19, 2026, 11:00:00";"23";"0";"0.1";"58.87";"2"
"1757 Golf Club";"Apr 19, 2026, 10:00:00";"23";"0";"0.1";"59.73";"2.69"
"1757 Golf Club";"Apr 19, 2026, 09:00:00";"23";"0";"0.1";"50.61";"2.02"
"1757 Golf Club";"Apr 19, 2026, 08:00:00";"24";"0";"0.11";"45.99";"1.39"
"1757 Golf Club";"Apr 19, 2026, 07:00:00";"25";"0";"0.13";"66.08";"0.87"
"1757 Golf Club";"Apr 19, 2026, 06:00:00";"25";"0";"0.21";"181.86";"7.37"
"1757 Golf Club";"Apr 19, 2026, 05:00:00";"25";"0";"0.25";"210.35";"11.25"
"1757 Golf Club";"Apr 19, 2026, 04:00:00";"24";"0";"0.26";"208.12";"9.71"
"1757 Golf Club";"Apr 19, 2026, 03:00:00";"23";"0";"0.26";"198.18";"8"
"1757 Golf Club";"Apr 19, 2026, 02:00:00";"23";"0";"0.28";"176.8";"8.37"
"1757 Golf Club";"Apr 19, 2026, 01:00:00";"22";"0";"0.3";"127.68";"6.4"
"1757 Golf Club";"Apr 19, 2026, 00:00:00";"22";"0";"0.3";"106.42";"6.2"
"1757 Golf Club";"Apr 18, 2026, 23:00:00";"21";"0";"0.3";"96.39";"6"
"1757 Golf Club";"Apr 18, 2026, 22:00:00";"20";"0";"0.32";"94.39";"6.07"
"1757 Golf Club";"Apr 18, 2026, 21:00:00";"19";"0";"0.32";"94.01";"6.4"
"1757 Golf Club";"Apr 18, 2026, 20:00:00";"19";"0";"0.33";"93.14";"6.57"
"1757 Golf Club";"Apr 18, 2026, 19:00:00";"17";"0";"0.34";"99.35";"6.44"
"1757 Golf Club";"Apr 18, 2026, 18:00:00";"16";"0";"0.36";"104.29";"7.22"
"1757 Golf Club";"Apr 18, 2026, 17:00:00";"15";"0";"0.36";"101.89";"7.51"
"1757 Golf Club";"Apr 18, 2026, 16:00:00";"14";"0";"0.31";"83.19";"3.55"
"1757 Golf Club";"Apr 18, 2026, 15:00:00";"14";"0";"0.3";"84.24";"3.25"
"1757 Golf Club";"Apr 18, 2026, 14:00:00";"14";"0";"0.29";"84.32";"3.26"
"1757 Golf Club";"Apr 18, 2026, 13:00:00";"14";"0";"0.31";"96.58";"3.41"
"1757 Golf Club";"Apr 18, 2026, 12:00:00";"13";"0";"0.35";"113.87";"3.36"
"1757 Golf Club";"Apr 18, 2026, 11:00:00";"13";"0";"0.38";"132.68";"3.63"
"1757 Golf Club";"Apr 18, 2026, 10:00:00";"13";"2.12";"0.41";"157.64";"3.73"
"1757 Golf Club";"Apr 18, 2026, 09:00:00";"13";"4.29";"0.36";"229.72";"4.05"
"1757 Golf Club";"Apr 18, 2026, 08:00:00";"13";"0.04";"0.26";"182.89";"0"
"1757 Golf Club";"Apr 18, 2026, 07:00:00";"13";"0";"0.4";"141.34";"0"
"1757 Golf Club";"Apr 18, 2026, 06:00:00";"13";"0";"0.2";"134.38";"0"
"1757 Golf Club";"Apr 18, 2026, 05:00:00";"13";"0";"0.24";"138.11";"0"
"1757 Golf Club";"Apr 18, 2026, 04:00:00";"13";"0";"0.24";"110.1";"6.66"
"1757 Golf Club";"Apr 18, 2026, 03:00:00";"13";"0";"0.24";"99.74";"4.59"
"1757 Golf Club";"Apr 18, 2026, 02:00:00";"13";"0";"0.27";"96.27";"5"
"1757 Golf Club";"Apr 18, 2026, 01:00:00";"12";"0";"0.28";"80.01";"4.53"
"1757 Golf Club";"Apr 18, 2026, 00:00:00";"12";"0";"0.28";"68.34";"2.65"
"1757 Golf Club";"Apr 17, 2026, 23:00:00";"13";"0";"0.32";"62.57";"2.45"
"1757 Golf Club";"Apr 17, 2026, 22:00:00";"13";"0.06";"0.35";"53.28";"2.68"
"1757 Golf Club";"Apr 17, 2026, 21:00:00";"14";"0";"0.32";"52.61";"2.02"
"1757 Golf Club";"Apr 17, 2026, 20:00:00";"14";"0";"0.29";"51.61";"1.36"
"1757 Golf Club";"Apr 17, 2026, 19:00:00";"15";"0";"0.28";"55.21";"1.64"
"1757 Golf Club";"Apr 17, 2026, 18:00:00";"16";"0";"0.29";"62.09";"2.12"
"1757 Golf Club";"Apr 17, 2026, 17:00:00";"17";"0";"0.29";"64.46";"2"
"1757 Golf Club";"Apr 17, 2026, 16:00:00";"18";"0";"0.29";"66.81";"2.35"
"1757 Golf Club";"Apr 17, 2026, 15:00:00";"18";"0";"0.29";"62.57";"2.52"
"1757 Golf Club";"Apr 17, 2026, 14:00:00";"19";"0.98";"0.27";"58.37";"1.93"
"1757 Golf Club";"Apr 17, 2026, 13:00:00";"20";"0";"0.27";"64.07";"2.51"
"1757 Golf Club";"Apr 17, 2026, 12:00:00";"20";"0";"0.27";"71.75";"2.95"
"1757 Golf Club";"Apr 17, 2026, 11:00:00";"21";"0.14";"0.28";"78.84";"3.09"
"1757 Golf Club";"Apr 17, 2026, 10:00:00";"21";"1.59";"0.29";"82.82";"3.22"
"1757 Golf Club";"Apr 17, 2026, 09:00:00";"22";"0";"0.29";"81.22";"3.55"
"1757 Golf Club";"Apr 17, 2026, 08:00:00";"22";"7.08";"0.29";"83.72";"3.24"
"1757 Golf Club";"Apr 17, 2026, 07:00:00";"23";"0.62";"0.3";"110.36";"3.18"
"1757 Golf Club";"Apr 17, 2026, 06:00:00";"23";"0";"0.27";"160.15";"3.97"
"1757 Golf Club";"Apr 17, 2026, 05:00:00";"23";"0";"0.28";"141.46";"4.36"
"1757 Golf Club";"Apr 17, 2026, 04:00:00";"23";"0";"0.3";"108.76";"4.31"
"1757 Golf Club";"Apr 17, 2026, 03:00:00";"23";"0";"0.31";"94.24";"3.17"
"1757 Golf Club";"Apr 17, 2026, 02:00:00";"23";"0";"0.32";"83.03";"3.08"
"1757 Golf Club";"Apr 17, 2026, 01:00:00";"24";"0";"0.33";"68.09";"3.43"
"1757 Golf Club";"Apr 17, 2026, 00:00:00";"24";"0";"0.33";"57.48";"4.76"
"1757 Golf Club";"Apr 16, 2026, 23:00:00";"24";"0";"0.34";"48.73";"5.53"
"1757 Golf Club";"Apr 16, 2026, 22:00:00";"23";"0";"0.34";"50.53";"5.45"
"1757 Golf Club";"Apr 16, 2026, 21:00:00";"23";"0";"0.35";"54.44";"5.43"
"1757 Golf Club";"Apr 16, 2026, 20:00:00";"23";"0";"0.35";"58.2";"5.8"
"1757 Golf Club";"Apr 16, 2026, 19:00:00";"23";"0";"0.35";"62.35";"6.3"
"1757 Golf Club";"Apr 16, 2026, 18:00:00";"23";"0";"0.33";"64.19";"7.15"
"1757 Golf Club";"Apr 16, 2026, 17:00:00";"23";"0";"0.34";"73.17";"7.21"
"1757 Golf Club";"Apr 16, 2026, 16:00:00";"22";"0";"0.35";"81.55";"6.72"
"1757 Golf Club";"Apr 16, 2026, 15:00:00";"22";"0";"0.36";"87.1";"6.45"
"1757 Golf Club";"Apr 16, 2026, 14:00:00";"22";"0";"0.35";"90.82";"6.03"
"1757 Golf Club";"Apr 16, 2026, 13:00:00";"22";"0";"0.35";"90.99";"5.82"
"1757 Golf Club";"Apr 16, 2026, 12:00:00";"22";"0";"0.33";"95.51";"5.25"
"1757 Golf Club";"Apr 16, 2026, 11:00:00";"22";"0";"0.35";"90.84";"4.65"
"1757 Golf Club";"Apr 16, 2026, 10:00:00";"22";"8.25";"0.44";"113.04";"7.29"
"1757 Golf Club";"Apr 16, 2026, 09:00:00";"22";"14.25";"0.57";"144.2";"6.97"
"1757 Golf Club";"Apr 16, 2026, 08:00:00";"22";"7.1";"0.57";"133.03";"5.04"
"1757 Golf Club";"Apr 16, 2026, 07:00:00";"22";"3.42";"0.44";"89.45";"4.96"
"1757 Golf Club";"Apr 16, 2026, 06:00:00";"22";"3.5";"0.34";"73.99";"5"
"1757 Golf Club";"Apr 16, 2026, 05:00:00";"22";"0.17";"0.31";"70.91";"4.89"
"1757 Golf Club";"Apr 16, 2026, 04:00:00";"22";"0";"0.31";"66.15";"4.42"
"1757 Golf Club";"Apr 16, 2026, 03:00:00";"22";"0";"0.32";"58.65";"4.22"
"1757 Golf Club";"Apr 16, 2026, 02:00:00";"22";"0.01";"0.32";"59.41";"4.31"
"1757 Golf Club";"Apr 16, 2026, 01:00:00";"22";"0.42";"0.32";"60.62";"4.38"
"1757 Golf Club";"Apr 16, 2026, 00:00:00";"22";"0";"0.32";"60.97";"4.29"
"1757 Golf Club";"Apr 15, 2026, 23:00:00";"21";"0";"0.33";"63.12";"4.42"
"1757 Golf Club";"Apr 15, 2026, 22:00:00";"21";"3.86";"0.38";"68.84";"4.88"
"1757 Golf Club";"Apr 15, 2026, 21:00:00";"21";"2.35";"0.37";"71.6";"4.74"
"1757 Golf Club";"Apr 15, 2026, 20:00:00";"21";"0.28";"0.34";"73.21";"4.72"
"1757 Golf Club";"Apr 15, 2026, 19:00:00";"21";"0";"0.33";"78.74";"4.9"
"1757 Golf Club";"Apr 15, 2026, 18:00:00";"21";"0";"0.32";"84.47";"5.22"
"1757 Golf Club";"Apr 15, 2026, 17:00:00";"21";"0";"0.3";"88.48";"5.06"
"1757 Golf Club";"Apr 15, 2026, 16:00:00";"21";"0";"0.3";"93.88";"5.73"
"1757 Golf Club";"Apr 15, 2026, 15:00:00";"21";"0";"0.28";"97.3";"4.84"
"1757 Golf Club";"Apr 15, 2026, 14:00:00";"21";"0";"0.28";"103.46";"5.82"
"1757 Golf Club";"Apr 15, 2026, 13:00:00";"21";"0";"0.26";"105.54";"5.07"
"1757 Golf Club";"Apr 15, 2026, 12:00:00";"21";"0";"0.27";"113.08";"5.51"
"1757 Golf Club";"Apr 15, 2026, 11:00:00";"20";"0.06";"0.35";"152.86";"5.57"
"1757 Golf Club";"Apr 15, 2026, 10:00:00";"21";"9.84";"0.81";"205.68";"8.65"
"1757 Golf Club";"Apr 15, 2026, 09:00:00";"21";"13.53";"0.4";"242.97";"5.55"
"1757 Golf Club";"Apr 15, 2026, 08:00:00";"21";"7.23";"0.51";"334.94";"5.01"
"1757 Golf Club";"Apr 15, 2026, 07:00:00";"22";"0.76";"0.44";"307.64";"7.27"
"1757 Golf Club";"Apr 15, 2026, 06:00:00";"22";"1.39";"0.24";"254.01";"5.14"
"1757 Golf Club";"Apr 15, 2026, 05:00:00";"22";"2.54";"0.26";"250.32";"3.74"
"1757 Golf Club";"Apr 15, 2026, 04:00:00";"23";"2.91";"0.26";"234.3";"4.18"
"1757 Golf Club";"Apr 15, 2026, 03:00:00";"23";"0.16";"0.27";"215.72";"3.92"
"1757 Golf Club";"Apr 15, 2026, 02:00:00";"23";"0";"0.28";"197.96";"3.31"
"1757 Golf Club";"Apr 15, 2026, 01:00:00";"23";"0";"0.3";"188.65";"3.85"
"1757 Golf Club";"Apr 15, 2026, 00:00:00";"23";"0";"0.31";"147.47";"3.05"
"1757 Golf Club";"Apr 14, 2026, 23:00:00";"24";"0";"0.31";"99.76";"3.14"
"1757 Golf Club";"Apr 14, 2026, 22:00:00";"24";"0";"0.32";"77.66";"4.56"
"1757 Golf Club";"Apr 14, 2026, 21:00:00";"24";"0";"0.32";"78.34";"4.91"
"1757 Golf Club";"Apr 14, 2026, 20:00:00";"24";"0";"0.32";"82.09";"5.74"
"1757 Golf Club";"Apr 14, 2026, 19:00:00";"24";"0";"0.32";"87.95";"5.45"
"1757 Golf Club";"Apr 14, 2026, 18:00:00";"24";"0";"0.31";"89.72";"5.03"
"1757 Golf Club";"Apr 14, 2026, 17:00:00";"25";"0";"0.31";"99.83";"5.35"
"1757 Golf Club";"Apr 14, 2026, 16:00:00";"25";"0";"0.29";"99.48";"4.39"
"1757 Golf Club";"Apr 14, 2026, 15:00:00";"26";"0";"0.28";"92.78";"4.61"
"1757 Golf Club";"Apr 14, 2026, 14:00:00";"26";"0";"0.27";"93.21";"4.55"
"1757 Golf Club";"Apr 14, 2026, 13:00:00";"27";"0";"0.26";"87.03";"3.92"
"1757 Golf Club";"Apr 14, 2026, 12:00:00";"28";"0";"0.27";"91.31";"4.08"
"1757 Golf Club";"Apr 14, 2026, 11:00:00";"29";"4.18";"0.39";"113.07";"7.84"
"1757 Golf Club";"Apr 14, 2026, 10:00:00";"29";"19.18";"0.5";"131.87";"8.55"
"1757 Golf Club";"Apr 14, 2026, 09:00:00";"29";"22.3";"0.48";"143.16";"8.58"
"1757 Golf Club";"Apr 14, 2026, 08:00:00";"29";"18.51";"0.65";"167.23";"7.59"
"1757 Golf Club";"Apr 14, 2026, 07:00:00";"29";"2.46";"0.89";"169.46";"6.23"
"1757 Golf Club";"Apr 14, 2026, 06:00:00";"29";"0";"0.24";"156.38";"8.17"
"1757 Golf Club";"Apr 14, 2026, 05:00:00";"28";"0.83";"0.23";"127";"6.04"
"1757 Golf Club";"Apr 14, 2026, 04:00:00";"28";"0.1";"0.23";"109.71";"5.48"
"1757 Golf Club";"Apr 14, 2026, 03:00:00";"28";"0.19";"0.27";"88.31";"4.49"
"1757 Golf Club";"Apr 14, 2026, 02:00:00";"27";"0.56";"0.29";"84.04";"4.49"
"1757 Golf Club";"Apr 14, 2026, 01:00:00";"27";"0.14";"0.3";"82.72";"4.89"
"1757 Golf Club";"Apr 14, 2026, 00:00:00";"27";"6.15";"0.31";"79.37";"4.93"
"1757 Golf Club";"Apr 13, 2026, 23:00:00";"27";"0";"0.3";"77.34";"5.13"
"1757 Golf Club";"Apr 13, 2026, 22:00:00";"26";"0";"0.31";"77.56";"5.38"
"1757 Golf Club";"Apr 13, 2026, 21:00:00";"26";"0";"0.31";"75.82";"5.7"
"1757 Golf Club";"Apr 13, 2026, 20:00:00";"25";"0";"0.3";"75.38";"5.48"
"1757 Golf Club";"Apr 13, 2026, 19:00:00";"24";"0";"0.31";"80.49";"6.05"
"1757 Golf Club";"Apr 13, 2026, 18:00:00";"24";"0";"0.31";"83.67";"6.98"
"1757 Golf Club";"Apr 13, 2026, 17:00:00";"23";"0";"0.32";"91.61";"7.7"
"1757 Golf Club";"Apr 13, 2026, 16:00:00";"22";"0";"0.32";"91.66";"8.48"
"1757 Golf Club";"Apr 13, 2026, 15:00:00";"21";"0";"0.32";"92.24";"8.14"
"1757 Golf Club";"Apr 13, 2026, 14:00:00";"20";"0";"0.33";"98.71";"9.02"
"1757 Golf Club";"Apr 13, 2026, 13:00:00";"19";"0.38";"0.34";"111.37";"8.68"
"1757 Golf Club";"Apr 13, 2026, 12:00:00";"18";"0.42";"0.31";"105.63";"9.2"
"1757 Golf Club";"Apr 13, 2026, 11:00:00";"17";"0";"0.34";"113.69";"9.9"
"1757 Golf Club";"Apr 13, 2026, 10:00:00";"16";"0.72";"0.35";"132.23";"10.17"
"1757 Golf Club";"Apr 13, 2026, 09:00:00";"15";"3.83";"0.35";"155.31";"7.32"
"1757 Golf Club";"Apr 13, 2026, 08:00:00";"14";"7.15";"0.32";"181.83";"6.54"
"1757 Golf Club";"Apr 13, 2026, 07:00:00";"14";"3.48";"0.28";"187.36";"5.32"
"1757 Golf Club";"Apr 13, 2026, 06:00:00";"14";"1.89";"0.26";"170.14";"4.54"
"1757 Golf Club";"Apr 13, 2026, 05:00:00";"15";"0.89";"0.24";"144.35";"4.17"
"1757 Golf Club";"Apr 13, 2026, 04:00:00";"16";"0.13";"0.23";"118.81";"3.69"
"1757 Golf Club";"Apr 13, 2026, 03:00:00";"17";"0.01";"0.22";"90.08";"3.46"
"1757 Golf Club";"Apr 13, 2026, 02:00:00";"18";"0";"0.22";"70.17";"3.2"
"1757 Golf Club";"Apr 13, 2026, 01:00:00";"18";"0.03";"0.23";"58.56";"2.99"
"1757 Golf Club";"Apr 13, 2026, 00:00:00";"18";"0";"0.23";"48.68";"2.95"
"1757 Golf Club";"Apr 12, 2026, 23:00:00";"19";"0";"0.24";"43.13";"2.31"
"1757 Golf Club";"Apr 12, 2026, 22:00:00";"19";"0";"0.24";"39.21";"2.18"
"1757 Golf Club";"Apr 12, 2026, 21:00:00";"19";"0";"0.25";"37.71";"2"
"1757 Golf Club";"Apr 12, 2026, 20:00:00";"19";"0";"0.26";"40.33";"2.11"
"1757 Golf Club";"Apr 12, 2026, 19:00:00";"19";"0";"0.27";"43.18";"2.1"
"1757 Golf Club";"Apr 12, 2026, 18:00:00";"19";"0";"0.27";"46.79";"2.75"
"1757 Golf Club";"Apr 12, 2026, 17:00:00";"19";"0";"0.27";"50.87";"2.49"
"1757 Golf Club";"Apr 12, 2026, 16:00:00";"19";"0";"0.27";"52.76";"2.87"
"1757 Golf Club";"Apr 12, 2026, 15:00:00";"18";"0";"0.27";"53.36";"2.86"
"1757 Golf Club";"Apr 12, 2026, 14:00:00";"18";"0";"0.27";"49.75";"2.62"
"1757 Golf Club";"Apr 12, 2026, 13:00:00";"19";"0";"0.26";"50.2";"3.26"
"1757 Golf Club";"Apr 12, 2026, 12:00:00";"19";"0";"0.26";"51.03";"3.26"
"1757 Golf Club";"Apr 12, 2026, 11:00:00";"19";"0";"0.28";"51.9";"4.02"
"1757 Golf Club";"Apr 12, 2026, 10:00:00";"19";"0.04";"0.27";"44.88";"4.04"
"1757 Golf Club";"Apr 12, 2026, 09:00:00";"19";"1.53";"0.21";"40.13";"3.73"
"1757 Golf Club";"Apr 12, 2026, 08:00:00";"18";"3.26";"0.2";"40.29";"3.75"
"1757 Golf Club";"Apr 12, 2026, 07:00:00";"18";"0.66";"0.21";"43.75";"5.96"
"1757 Golf Club";"Apr 12, 2026, 06:00:00";"18";"0.07";"0.15";"45.65";"8.78"
"1757 Golf Club";"Apr 12, 2026, 05:00:00";"17";"0.11";"0.16";"44.26";"10.62"
"1757 Golf Club";"Apr 12, 2026, 04:00:00";"16";"0.65";"0.19";"42.68";"8.68"
"1757 Golf Club";"Apr 12, 2026, 03:00:00";"16";"1.03";"0.21";"43.14";"8.49"
"1757 Golf Club";"Apr 12, 2026, 02:00:00";"15";"1.58";"0.22";"39.07";"6.73"
"1757 Golf Club";"Apr 12, 2026, 01:00:00";"15";"3.91";"0.27";"38.15";"4.77"
"1757 Golf Club";"Apr 12, 2026, 00:00:00";"15";"0.23";"0.2";"36.09";"3.5"
"1757 Golf Club";"Apr 11, 2026, 23:00:00";"16";"0";"0.21";"36.87";"3.64"
"1757 Golf Club";"Apr 11, 2026, 22:00:00";"16";"0.34";"0.2";"35.33";"3.26"
"1757 Golf Club";"Apr 11, 2026, 21:00:00";"17";"0";"0.22";"34.05";"1.9"
"1757 Golf Club";"Apr 11, 2026, 20:00:00";"17";"0";"0.24";"33.99";"1.84"
"1757 Golf Club";"Apr 11, 2026, 19:00:00";"18";"0";"0.23";"30.82";"1.66"
"1757 Golf Club";"Apr 11, 2026, 18:00:00";"18";"0";"0.23";"32.05";"1.93"
"1757 Golf Club";"Apr 11, 2026, 17:00:00";"19";"0";"0.23";"33.7";"1.86"
"1757 Golf Club";"Apr 11, 2026, 16:00:00";"19";"0";"0.24";"39.9";"2.5"
"1757 Golf Club";"Apr 11, 2026, 15:00:00";"20";"0";"0.24";"40.3";"2.78"
"1757 Golf Club";"Apr 11, 2026, 14:00:00";"21";"0";"0.23";"41.09";"3.32"
"1757 Golf Club";"Apr 11, 2026, 13:00:00";"21";"0";"0.23";"41.6";"4.1"
"1757 Golf Club";"Apr 11, 2026, 12:00:00";"22";"0";"0.21";"43.31";"3.81"
"1757 Golf Club";"Apr 11, 2026, 11:00:00";"23";"0";"0.22";"49.34";"3.07"
"1757 Golf Club";"Apr 11, 2026, 10:00:00";"25";"0";"0.21";"55.3";"3.42"
"1757 Golf Club";"Apr 11, 2026, 09:00:00";"26";"0";"0.22";"79.57";"3.31"
"1757 Golf Club";"Apr 11, 2026, 08:00:00";"27";"0";"0.25";"107.33";"2.86"
"1757 Golf Club";"Apr 11, 2026, 07:00:00";"28";"0.09";"0.27";"111.12";"3.9"
"1757 Golf Club";"Apr 11, 2026, 06:00:00";"29";"0";"0.26";"97.59";"4.83"
"1757 Golf Club";"Apr 11, 2026, 05:00:00";"30";"0";"0.28";"90.49";"5.01"
"1757 Golf Club";"Apr 11, 2026, 04:00:00";"31";"1.01";"0.28";"86.85";"5.71"
"1757 Golf Club";"Apr 11, 2026, 03:00:00";"31";"1.42";"0.26";"70.52";"6.67"
"1757 Golf Club";"Apr 11, 2026, 02:00:00";"31";"0";"0.26";"53.96";"5.66"
"1757 Golf Club";"Apr 11, 2026, 01:00:00";"32";"0.31";"0.26";"46.29";"4.97"
"1757 Golf Club";"Apr 11, 2026, 00:00:00";"32";"8.31";"0.31";"45.43";"5.34"
"1757 Golf Club";"Apr 10, 2026, 23:00:00";"32";"6.18";"0.35";"47.72";"5.86"
"1757 Golf Club";"Apr 10, 2026, 22:00:00";"32";"0.12";"0.31";"44.33";"6.03"
"1757 Golf Club";"Apr 10, 2026, 21:00:00";"33";"0";"0.31";"42.51";"5.75"
"1757 Golf Club";"Apr 10, 2026, 20:00:00";"35";"0";"0.3";"41.61";"5.44"
"1757 Golf Club";"Apr 10, 2026, 19:00:00";"35";"0";"0.28";"44.43";"5.22"
"1757 Golf Club";"Apr 10, 2026, 18:00:00";"35";"0";"0.27";"48.91";"4.74"
"1757 Golf Club";"Apr 10, 2026, 17:00:00";"34";"0";"0.28";"54.81";"5.04"
"1757 Golf Club";"Apr 10, 2026, 16:00:00";"34";"0";"0.29";"57.86";"5.74"
"1757 Golf Club";"Apr 10, 2026, 15:00:00";"34";"0";"0.3";"58.33";"6.69"
"1757 Golf Club";"Apr 10, 2026, 14:00:00";"34";"0";"0.29";"58.55";"7.41"
"1757 Golf Club";"Apr 10, 2026, 13:00:00";"33";"0";"0.28";"51.83";"8.24"
"1757 Golf Club";"Apr 10, 2026, 12:00:00";"33";"1.3";"0.26";"46.43";"10.29"
"1757 Golf Club";"Apr 10, 2026, 11:00:00";"33";"6.3";"0.26";"44.65";"10.76"
"1757 Golf Club";"Apr 10, 2026, 10:00:00";"32";"9.43";"0.21";"45.31";"10.89"
"1757 Golf Club";"Apr 10, 2026, 09:00:00";"32";"9.77";"0.18";"43.65";"10.47"
"1757 Golf Club";"Apr 10, 2026, 08:00:00";"31";"13.16";"0.15";"40.36";"10.48"
"1757 Golf Club";"Apr 10, 2026, 07:00:00";"31";"9.6";"0.13";"38.91";"9.44"
"1757 Golf Club";"Apr 10, 2026, 06:00:00";"30";"3.21";"0.1";"37.24";"9.15"
"1757 Golf Club";"Apr 10, 2026, 05:00:00";"30";"1.31";"0.09";"35.64";"8.73"
"1757 Golf Club";"Apr 10, 2026, 04:00:00";"29";"1.69";"0.1";"35.96";"8.29"
"1757 Golf Club";"Apr 10, 2026, 03:00:00";"29";"2.05";"0.11";"34.57";"7.77"
"1757 Golf Club";"Apr 10, 2026, 02:00:00";"28";"2.06";"0.12";"31.21";"7.42"
"1757 Golf Club";"Apr 10, 2026, 01:00:00";"28";"1.29";"0.13";"27.98";"6.9"
"1757 Golf Club";"Apr 10, 2026, 00:00:00";"28";"0.82";"0.14";"26.28";"6.2"
"1757 Golf Club";"Apr 9, 2026, 23:00:00";"28";"0.37";"0.16";"26.45";"6.84"
"1757 Golf Club";"Apr 9, 2026, 22:00:00";"29";"0.85";"0.19";"25.96";"10.7"
"1757 Golf Club";"Apr 9, 2026, 21:00:00";"28";"0.05";"0.22";"26.61";"14.17"
"1757 Golf Club";"Apr 9, 2026, 20:00:00";"27";"0";"0.21";"27.17";"5.5"
"1757 Golf Club";"Apr 9, 2026, 19:00:00";"27";"0";"0.21";"28.06";"4.39"
"1757 Golf Club";"Apr 9, 2026, 18:00:00";"27";"0";"0.22";"28.6";"4.27"
"1757 Golf Club";"Apr 9, 2026, 17:00:00";"27";"0";"0.22";"28.96";"4.54"
"1757 Golf Club";"Apr 9, 2026, 16:00:00";"28";"0";"0.2";"28.06";"4.13"
"1757 Golf Club";"Apr 9, 2026, 15:00:00";"28";"0";"0.19";"27.52";"4.22"
"1757 Golf Club";"Apr 9, 2026, 14:00:00";"29";"0";"0.2";"27.82";"5.84"
"1757 Golf Club";"Apr 9, 2026, 13:00:00";"29";"0.17";"0.19";"27.86";"6.3"
"1757 Golf Club";"Apr 9, 2026, 12:00:00";"29";"0.55";"0.16";"27.24";"7.32"
"1757 Golf Club";"Apr 9, 2026, 11:00:00";"28";"1.7";"0.15";"26.99";"8.67"
"1757 Golf Club";"Apr 9, 2026, 10:00:00";"27";"7.63";"0.15";"27.14";"7.88"
"1757 Golf Club";"Apr 9, 2026, 09:00:00";"27";"7.2";"0.09";"24.91";"7.41"
"1757 Golf Club";"Apr 9, 2026, 08:00:00";"26";"12.79";"0.09";"24.09";"7.16"
"1757 Golf Club";"Apr 9, 2026, 07:00:00";"28";"5.07";"0.06";"23.01";"7.67"
"1757 Golf Club";"Apr 9, 2026, 06:00:00";"29";"3.5";"0.06";"22.16";"6.63"
"1757 Golf Club";"Apr 9, 2026, 05:00:00";"28";"1.78";"0.05";"20.6";"5.51"
"1757 Golf Club";"Apr 9, 2026, 04:00:00";"28";"1.12";"0.05";"19.91";"4.56"
"1757 Golf Club";"Apr 9, 2026, 03:00:00";"27";"1.61";"0.06";"19.7";"5.15"
"1757 Golf Club";"Apr 9, 2026, 02:00:00";"27";"2.13";"0.07";"19.82";"5.75"
"1757 Golf Club";"Apr 9, 2026, 01:00:00";"26";"2.27";"0.09";"19.5";"7.53"
"1757 Golf Club";"Apr 9, 2026, 00:00:00";"26";"1.91";"0.11";"19.4";"8.72"
"1757 Golf Club";"Apr 8, 2026, 23:00:00";"24";"2.14";"0.12";"18.95";"9.56"
"1757 Golf Club";"Apr 8, 2026, 22:00:00";"23";"1.65";"0.12";"19.02";"6.92"
"1757 Golf Club";"Apr 8, 2026, 21:00:00";"22";"0.32";"0.12";"18.63";"5.59"
"1757 Golf Club";"Apr 8, 2026, 20:00:00";"22";"0.03";"0.15";"19.59";"5.96"
"1757 Golf Club";"Apr 8, 2026, 19:00:00";"22";"0.1";"0.17";"21.23";"5.85"
"1757 Golf Club";"Apr 8, 2026, 18:00:00";"21";"0.05";"0.18";"21.71";"6.32"
"1757 Golf Club";"Apr 8, 2026, 17:00:00";"21";"0.1";"0.18";"21.99";"6.03"
"1757 Golf Club";"Apr 8, 2026, 16:00:00";"20";"0.29";"0.19";"21.84";"7.16"
"1757 Golf Club";"Apr 8, 2026, 15:00:00";"20";"0.48";"0.18";"21.88";"6.21"
"1757 Golf Club";"Apr 8, 2026, 14:00:00";"19";"0.91";"0.17";"20.98";"5.65"
"1757 Golf Club";"Apr 8, 2026, 13:00:00";"19";"0";"0.26";"21.62";"6.87"
"1757 Golf Club";"Apr 8, 2026, 12:00:00";"19";"0.13";"0.64";"41.92";"3.61"
"1757 Golf Club";"Apr 8, 2026, 11:00:00";"20";"11.92";"0.38";"28.31";"3.54"
"1757 Golf Club";"Apr 8, 2026, 10:00:00";"20";"1.74";"0.09";"18.33";"4.64"
"1757 Golf Club";"Apr 8, 2026, 09:00:00";"21";"7.54";"0.07";"18.16";"6.46"
"1757 Golf Club";"Apr 8, 2026, 08:00:00";"22";"18.76";"0.09";"18.4";"14.21"
"1757 Golf Club";"Apr 8, 2026, 07:00:00";"20";"18.18";"0.09";"17.66";"13.49"
"1757 Golf Club";"Apr 8, 2026, 06:00:00";"18";"9.34";"0.07";"18.06";"3.82"
"1757 Golf Club";"Apr 8, 2026, 05:00:00";"18";"1.35";"0.03";"17.58";"2.77"
"1757 Golf Club";"Apr 8, 2026, 04:00:00";"18";"1.08";"0.03";"19.66";"3.2"
"1757 Golf Club";"Apr 8, 2026, 03:00:00";"18";"0.15";"0.04";"17.65";"2.54"
"1757 Golf Club";"Apr 8, 2026, 02:00:00";"19";"1.75";"0.05";"16.79";"2.52"
"1757 Golf Club";"Apr 8, 2026, 01:00:00";"19";"0.66";"0.05";"16.91";"2.43"
"1757 Golf Club";"Apr 8, 2026, 00:00:00";"19";"0.74";"0.07";"16.9";"2.43"