sep=;
"Location";"Date";"NO2 (ppb)";"VOCs (ppb)";"PM2.5 (µg/m³)"
"1757 Golf Club";"Aug 10, 2026, 23:00:00";"14.14";"225.84";"7.27"
"1757 Golf Club";"Aug 10, 2026, 22:00:00";"11.47";"240.6";"6.14"
"1757 Golf Club";"Aug 10, 2026, 21:00:00";"8.39";"238.61";"5.84"
"1757 Golf Club";"Aug 10, 2026, 20:00:00";"11.17";"215.01";"5.3"
"1757 Golf Club";"Aug 10, 2026, 19:00:00";"15.15";"235.52";"6.71"
"1757 Golf Club";"Aug 10, 2026, 18:00:00";"11.85";"224.43";"8.85"
"1757 Golf Club";"Aug 10, 2026, 17:00:00";"9.03";"129.72";"6.54"
"1757 Golf Club";"Aug 10, 2026, 16:00:00";"1.42";"68.34";"16.49"
"1757 Golf Club";"Aug 10, 2026, 15:00:00";"1.15";"73.54";"17.24"
"1757 Golf Club";"Aug 10, 2026, 14:00:00";"0.13";"76.41";"18.51"
"1757 Golf Club";"Aug 10, 2026, 13:00:00";"0.31";"79.52";"17.97"
"1757 Golf Club";"Aug 10, 2026, 12:00:00";"0";"84.43";"18.33"
"1757 Golf Club";"Aug 10, 2026, 11:00:00";"0";"106.58";"21.36"
"1757 Golf Club";"Aug 10, 2026, 10:00:00";"0.32";"166.04";"15.5"
"1757 Golf Club";"Aug 10, 2026, 09:00:00";"3.09";"205.65";"13.75"
"1757 Golf Club";"Aug 10, 2026, 08:00:00";"7.26";"285.2";"16.25"
"1757 Golf Club";"Aug 10, 2026, 07:00:00";"5.66";"304.11";"18.19"
"1757 Golf Club";"Aug 10, 2026, 06:00:00";"3.17";"268.5";"19.11"
"1757 Golf Club";"Aug 10, 2026, 05:00:00";"2.81";"256.99";"17.6"
"1757 Golf Club";"Aug 10, 2026, 04:00:00";"3.4";"267.96";"19.87"
"1757 Golf Club";"Aug 10, 2026, 03:00:00";"3.16";"244.94";"19.57"
"1757 Golf Club";"Aug 10, 2026, 02:00:00";"3.74";"193.78";"15.45"
"1757 Golf Club";"Aug 10, 2026, 01:00:00";"4.21";"164.38";"14.87"
"1757 Golf Club";"Aug 10, 2026, 00:00:00";"5.12";"117.61";"14.82"
"1757 Golf Club";"Aug 9, 2026, 23:00:00";"6.87";"99.56";"15.39"
"1757 Golf Club";"Aug 9, 2026, 22:00:00";"6.17";"83.29";"14.98"
"1757 Golf Club";"Aug 9, 2026, 21:00:00";"6.2";"55.83";"15.72"
"1757 Golf Club";"Aug 9, 2026, 20:00:00";"3.79";"39.8";"17.47"
"1757 Golf Club";"Aug 9, 2026, 19:00:00";"2.42";"38.6";"17.92"
"1757 Golf Club";"Aug 9, 2026, 18:00:00";"0.72";"36.34";"17.77"
"1757 Golf Club";"Aug 9, 2026, 17:00:00";"11.88";"26.16";"16.57"
"1757 Golf Club";"Aug 9, 2026, 16:00:00";"0";"17.29";"14.47"
"1757 Golf Club";"Aug 9, 2026, 15:00:00";"0";"30.01";"16.05"
"1757 Golf Club";"Aug 9, 2026, 14:00:00";"0";"61.16";"15.62"
"1757 Golf Club";"Aug 9, 2026, 13:00:00";"0";"99.59";"14.65"
"1757 Golf Club";"Aug 9, 2026, 12:00:00";"0";"118.32";"11.85"
"1757 Golf Club";"Aug 9, 2026, 11:00:00";"0";"130.39";"10.75"
"1757 Golf Club";"Aug 9, 2026, 10:00:00";"0";"157.72";"10.11"
"1757 Golf Club";"Aug 9, 2026, 09:00:00";"0.88";"232.45";"7.43"
"1757 Golf Club";"Aug 9, 2026, 08:00:00";"6.18";"291.92";"6.74"
"1757 Golf Club";"Aug 9, 2026, 07:00:00";"6.05";"268.03";"8.68"
"1757 Golf Club";"Aug 9, 2026, 06:00:00";"4.93";"231.65";"5.87"
"1757 Golf Club";"Aug 9, 2026, 05:00:00";"7.48";"215.26";"5.77"
"1757 Golf Club";"Aug 9, 2026, 04:00:00";"5.33";"198.93";"8"
"1757 Golf Club";"Aug 9, 2026, 03:00:00";"5.58";"179.23";"7.31"
"1757 Golf Club";"Aug 9, 2026, 02:00:00";"6.09";"147.34";"6.21"
"1757 Golf Club";"Aug 9, 2026, 01:00:00";"12.68";"102.56";"5.89"
"1757 Golf Club";"Aug 9, 2026, 00:00:00";"14.73";"74.01";"6"
"1757 Golf Club";"Aug 8, 2026, 23:00:00";"11.15";"75.09";"6.59"
"1757 Golf Club";"Aug 8, 2026, 22:00:00";"11.88";"75.4";"6.71"
"1757 Golf Club";"Aug 8, 2026, 21:00:00";"9.94";"53.68";"6.8"
"1757 Golf Club";"Aug 8, 2026, 20:00:00";"5.4";"59.34";"7.26"
"1757 Golf Club";"Aug 8, 2026, 19:00:00";"2.42";"63.97";"8.94"
"1757 Golf Club";"Aug 8, 2026, 18:00:00";"1.23";"66.29";"9.22"
"1757 Golf Club";"Aug 8, 2026, 17:00:00";"2.49";"84.41";"9.18"
"1757 Golf Club";"Aug 8, 2026, 16:00:00";"0.24";"70.4";"10.87"
"1757 Golf Club";"Aug 8, 2026, 15:00:00";"0";"84.3";"10.39"
"1757 Golf Club";"Aug 8, 2026, 14:00:00";"0.08";"109.7";"6.38"
"1757 Golf Club";"Aug 8, 2026, 13:00:00";"0";"104.94";"6.88"
"1757 Golf Club";"Aug 8, 2026, 12:00:00";"0";"111.98";"5.44"
"1757 Golf Club";"Aug 8, 2026, 11:00:00";"0";"147.94";"4.54"
"1757 Golf Club";"Aug 8, 2026, 10:00:00";"1.27";"247.09";"4.24"
"1757 Golf Club";"Aug 8, 2026, 09:00:00";"8.91";"307.6";"3.7"
"1757 Golf Club";"Aug 8, 2026, 08:00:00";"11.05";"328.21";"4.16"
"1757 Golf Club";"Aug 8, 2026, 07:00:00";"6.83";"331.42";"5.04"
"1757 Golf Club";"Aug 8, 2026, 06:00:00";"5.57";"304.56";"5.74"
"1757 Golf Club";"Aug 8, 2026, 05:00:00";"4.12";"264.74";"3.71"
"1757 Golf Club";"Aug 8, 2026, 04:00:00";"9.4";"239.79";"3.28"
"1757 Golf Club";"Aug 8, 2026, 03:00:00";"10.4";"220.24";"3.01"
"1757 Golf Club";"Aug 8, 2026, 02:00:00";"8.08";"209.7";"2.95"
"1757 Golf Club";"Aug 8, 2026, 01:00:00";"8.5";"179.93";"2.78"
"1757 Golf Club";"Aug 8, 2026, 00:00:00";"10.8";"150.53";"2.98"
"1757 Golf Club";"Aug 7, 2026, 23:00:00";"6.37";"138.28";"2.61"
"1757 Golf Club";"Aug 7, 2026, 22:00:00";"9.99";"116.39";"2.22"
"1757 Golf Club";"Aug 7, 2026, 21:00:00";"7.83";"136.28";"2.72"
"1757 Golf Club";"Aug 7, 2026, 20:00:00";"4.35";"143.28";"2.36"
"1757 Golf Club";"Aug 7, 2026, 19:00:00";"3.92";"144.32";"3.87"
"1757 Golf Club";"Aug 7, 2026, 18:00:00";"2.65";"137.49";"5.42"
"1757 Golf Club";"Aug 7, 2026, 17:00:00";"3.02";"125.63";"4.53"
"1757 Golf Club";"Aug 7, 2026, 16:00:00";"1.19";"97.5";"4.58"
"1757 Golf Club";"Aug 7, 2026, 15:00:00";"0.73";"119.43";"4.8"
"1757 Golf Club";"Aug 7, 2026, 14:00:00";"0.5";"115.34";"4.31"
"1757 Golf Club";"Aug 7, 2026, 13:00:00";"0";"118.42";"3.75"
"1757 Golf Club";"Aug 7, 2026, 12:00:00";"0.21";"168.13";"4.59"
"1757 Golf Club";"Aug 7, 2026, 11:00:00";"2.89";"221.55";"4.6"
"1757 Golf Club";"Aug 7, 2026, 10:00:00";"7.76";"292.09";"4.03"
"1757 Golf Club";"Aug 7, 2026, 09:00:00";"15.51";"385.59";"4.85"
"1757 Golf Club";"Aug 7, 2026, 08:00:00";"12.71";"415.37";"4.3"
"1757 Golf Club";"Aug 7, 2026, 07:00:00";"10.27";"388.57";"6.79"
"1757 Golf Club";"Aug 7, 2026, 06:00:00";"7.57";"368.87";"6.57"
"1757 Golf Club";"Aug 7, 2026, 05:00:00";"7.65";"357.34";"5.12"
"1757 Golf Club";"Aug 7, 2026, 04:00:00";"10.73";"342.93";"4.01"
"1757 Golf Club";"Aug 7, 2026, 03:00:00";"9.58";"384.92";"4.81"
"1757 Golf Club";"Aug 7, 2026, 02:00:00";"8.88";"394.13";"5.28"
"1757 Golf Club";"Aug 7, 2026, 01:00:00";"8.5";"402.05";"5.34"
"1757 Golf Club";"Aug 7, 2026, 00:00:00";"14.2";"365.48";"4.15"
"1757 Golf Club";"Aug 6, 2026, 23:00:00";"5.6";"326.71";"4.19"
"1757 Golf Club";"Aug 6, 2026, 22:00:00";"7.32";"282.3";"2.65"
"1757 Golf Club";"Aug 6, 2026, 21:00:00";"8.46";"298.99";"3.57"
"1757 Golf Club";"Aug 6, 2026, 20:00:00";"7.39";"290.54";"5.43"
"1757 Golf Club";"Aug 6, 2026, 19:00:00";"8.36";"297.77";"4.83"
"1757 Golf Club";"Aug 6, 2026, 18:00:00";"7.69";"281.65";"4.47"
"1757 Golf Club";"Aug 6, 2026, 17:00:00";"13.26";"288.98";"4.77"
"1757 Golf Club";"Aug 6, 2026, 16:00:00";"6.05";"120.15";"4.33"
"1757 Golf Club";"Aug 6, 2026, 15:00:00";"1.74";"109.36";"9.62"
"1757 Golf Club";"Aug 6, 2026, 14:00:00";"0";"119.54";"9.53"
"1757 Golf Club";"Aug 6, 2026, 13:00:00";"0.36";"158.59";"8.57"
"1757 Golf Club";"Aug 6, 2026, 12:00:00";"0.15";"205.82";"9.44"
"1757 Golf Club";"Aug 6, 2026, 11:00:00";"0";"250.28";"10.17"
"1757 Golf Club";"Aug 6, 2026, 10:00:00";"0.5";"329.44";"9.74"
"1757 Golf Club";"Aug 6, 2026, 09:00:00";"3.87";"408.88";"9.98"
"1757 Golf Club";"Aug 6, 2026, 08:00:00";"6.97";"411.31";"10.12"
"1757 Golf Club";"Aug 6, 2026, 07:00:00";"7";"390.58";"10.7"
"1757 Golf Club";"Aug 6, 2026, 06:00:00";"4.17";"367.57";"10.71"
"1757 Golf Club";"Aug 6, 2026, 05:00:00";"3.27";"342.51";"10.23"
"1757 Golf Club";"Aug 6, 2026, 04:00:00";"5.97";"315.77";"9.92"
"1757 Golf Club";"Aug 6, 2026, 03:00:00";"3.37";"284.15";"9.78"
"1757 Golf Club";"Aug 6, 2026, 02:00:00";"3.36";"247.09";"9.84"
"1757 Golf Club";"Aug 6, 2026, 01:00:00";"10.29";"217.91";"10.14"
"1757 Golf Club";"Aug 6, 2026, 00:00:00";"13.25";"196.72";"9.94"
"1757 Golf Club";"Aug 5, 2026, 23:00:00";"9.62";"170.97";"10.08"
"1757 Golf Club";"Aug 5, 2026, 22:00:00";"0";"0";"9.53"
"1757 Golf Club";"Aug 5, 2026, 21:00:00";"4.62";"171.78";"3.71"
"1757 Golf Club";"Aug 5, 2026, 20:00:00";"3.76";"179.05";"2.22"
"1757 Golf Club";"Aug 5, 2026, 19:00:00";"1.08";"186.95";"1.14"
"1757 Golf Club";"Aug 5, 2026, 18:00:00";"0.17";"181.77";"1.45"
"1757 Golf Club";"Aug 5, 2026, 17:00:00";"0";"221.77";"1.25"
"1757 Golf Club";"Aug 5, 2026, 16:00:00";"0.23";"250.59";"1.86"
"1757 Golf Club";"Aug 5, 2026, 15:00:00";"2.87";"272.74";"1.89"
"1757 Golf Club";"Aug 5, 2026, 14:00:00";"1.08";"261.15";"1.73"
"1757 Golf Club";"Aug 5, 2026, 13:00:00";"0.71";"270.21";"2.05"
"1757 Golf Club";"Aug 5, 2026, 12:00:00";"1.19";"306.61";"1.74"
"1757 Golf Club";"Aug 5, 2026, 11:00:00";"2.32";"430.4";"2.5"
"1757 Golf Club";"Aug 5, 2026, 10:00:00";"3.78";"515.52";"2.5"
"1757 Golf Club";"Aug 5, 2026, 09:00:00";"4.52";"518.32";"2.79"
"1757 Golf Club";"Aug 5, 2026, 08:00:00";"6.92";"517.64";"5.45"
"1757 Golf Club";"Aug 5, 2026, 07:00:00";"5.89";"519.35";"6.91"
"1757 Golf Club";"Aug 5, 2026, 06:00:00";"5.15";"416.99";"7.58"
"1757 Golf Club";"Aug 5, 2026, 05:00:00";"5.31";"364.98";"6.26"
"1757 Golf Club";"Aug 5, 2026, 04:00:00";"5.76";"272.59";"5.88"
"1757 Golf Club";"Aug 5, 2026, 03:00:00";"3.92";"156.14";"3.36"
"1757 Golf Club";"Aug 5, 2026, 02:00:00";"3.38";"150.01";"3.62"
"1757 Golf Club";"Aug 5, 2026, 01:00:00";"3.99";"135.13";"3.47"
"1757 Golf Club";"Aug 5, 2026, 00:00:00";"4.9";"123.82";"3.39"
"1757 Golf Club";"Aug 4, 2026, 23:00:00";"5.46";"116.34";"3.23"
"1757 Golf Club";"Aug 4, 2026, 22:00:00";"6.58";"105.36";"3.44"
"1757 Golf Club";"Aug 4, 2026, 21:00:00";"7.93";"84.79";"3.84"
"1757 Golf Club";"Aug 4, 2026, 20:00:00";"7.74";"59.79";"3.99"
"1757 Golf Club";"Aug 4, 2026, 19:00:00";"5.96";"37.45";"4.53"
"1757 Golf Club";"Aug 4, 2026, 18:00:00";"2.51";"28.96";"4.77"
"1757 Golf Club";"Aug 4, 2026, 17:00:00";"3.89";"35.38";"4.4"
"1757 Golf Club";"Aug 4, 2026, 16:00:00";"1.47";"40.54";"4.82"
"1757 Golf Club";"Aug 4, 2026, 15:00:00";"1.04";"49.01";"5.04"
"1757 Golf Club";"Aug 4, 2026, 14:00:00";"1.03";"43.27";"4.71"
"1757 Golf Club";"Aug 4, 2026, 13:00:00";"0";"34.84";"4.15"
"1757 Golf Club";"Aug 4, 2026, 12:00:00";"0";"58.45";"3.58"
"1757 Golf Club";"Aug 4, 2026, 11:00:00";"0";"78.08";"2.76"
"1757 Golf Club";"Aug 4, 2026, 10:00:00";"2.84";"100.87";"3.02"
"1757 Golf Club";"Aug 4, 2026, 09:00:00";"5.31";"119.95";"3.36"
"1757 Golf Club";"Aug 4, 2026, 08:00:00";"6.4";"126.5";"3.53"
"1757 Golf Club";"Aug 4, 2026, 07:00:00";"6.25";"119.51";"4.08"
"1757 Golf Club";"Aug 4, 2026, 06:00:00";"4.36";"105.21";"4.38"
"1757 Golf Club";"Aug 4, 2026, 05:00:00";"3.92";"89.64";"4.3"
"1757 Golf Club";"Aug 4, 2026, 04:00:00";"3.83";"71.59";"4.35"
"1757 Golf Club";"Aug 4, 2026, 03:00:00";"3.69";"59.79";"4.23"
"1757 Golf Club";"Aug 4, 2026, 02:00:00";"2.71";"53.67";"4.66"
"1757 Golf Club";"Aug 4, 2026, 01:00:00";"5";"49.2";"4.34"
"1757 Golf Club";"Aug 4, 2026, 00:00:00";"5.23";"37";"4.34"
"1757 Golf Club";"Aug 3, 2026, 23:00:00";"5.02";"28.1";"4.17"
"1757 Golf Club";"Aug 3, 2026, 22:00:00";"5.37";"24.88";"4.6"
"1757 Golf Club";"Aug 3, 2026, 21:00:00";"5.11";"26.99";"4.65"
"1757 Golf Club";"Aug 3, 2026, 20:00:00";"4.33";"20.99";"4.06"
"1757 Golf Club";"Aug 3, 2026, 19:00:00";"2.89";"9.24";"3.92"
"1757 Golf Club";"Aug 3, 2026, 18:00:00";"0.87";"13.37";"3.36"
"1757 Golf Club";"Aug 3, 2026, 17:00:00";"0.22";"30.29";"1.43"
"1757 Golf Club";"Aug 3, 2026, 16:00:00";"0";"51.74";"0.97"
"1757 Golf Club";"Aug 3, 2026, 15:00:00";"0.01";"99.87";"1.95"
"1757 Golf Club";"Aug 3, 2026, 14:00:00";"0.5";"120.61";"4.8"
"1757 Golf Club";"Aug 3, 2026, 13:00:00";"0.28";"121.26";"5.46"
"1757 Golf Club";"Aug 3, 2026, 12:00:00";"0";"167.92";"6.75"
"1757 Golf Club";"Aug 3, 2026, 11:00:00";"0";"248.14";"7.39"
"1757 Golf Club";"Aug 3, 2026, 10:00:00";"0.67";"383.79";"8.24"
"1757 Golf Club";"Aug 3, 2026, 09:00:00";"5.1";"480.82";"9.28"
"1757 Golf Club";"Aug 3, 2026, 08:00:00";"6.92";"515.79";"9.2"
"1757 Golf Club";"Aug 3, 2026, 07:00:00";"4.77";"516.73";"8.13"
"1757 Golf Club";"Aug 3, 2026, 06:00:00";"3.34";"539.05";"7.19"
"1757 Golf Club";"Aug 3, 2026, 05:00:00";"3.49";"516.37";"5.85"
"1757 Golf Club";"Aug 3, 2026, 04:00:00";"3.67";"508.86";"4.27"
"1757 Golf Club";"Aug 3, 2026, 03:00:00";"4.29";"506.29";"5.31"
"1757 Golf Club";"Aug 3, 2026, 02:00:00";"3.39";"505.06";"5.96"
"1757 Golf Club";"Aug 3, 2026, 01:00:00";"6.09";"487.46";"5.24"
"1757 Golf Club";"Aug 3, 2026, 00:00:00";"9.62";"479.53";"5.12"
"1757 Golf Club";"Aug 2, 2026, 23:00:00";"7.35";"456.64";"4.71"
"1757 Golf Club";"Aug 2, 2026, 22:00:00";"8.02";"420.77";"4.31"
"1757 Golf Club";"Aug 2, 2026, 21:00:00";"5.43";"389.01";"6.02"
"1757 Golf Club";"Aug 2, 2026, 20:00:00";"3.67";"344.32";"7.86"
"1757 Golf Club";"Aug 2, 2026, 19:00:00";"3.79";"332.54";"5.71"
"1757 Golf Club";"Aug 2, 2026, 18:00:00";"3.43";"368.22";"6.03"
"1757 Golf Club";"Aug 2, 2026, 17:00:00";"3.94";"345.52";"7.08"
"1757 Golf Club";"Aug 2, 2026, 16:00:00";"1.92";"287.12";"6.28"
"1757 Golf Club";"Aug 2, 2026, 15:00:00";"5.17";"317.46";"6.48"
"1757 Golf Club";"Aug 2, 2026, 14:00:00";"5.25";"352.81";"6.4"
"1757 Golf Club";"Aug 2, 2026, 13:00:00";"5.61";"383.43";"9.7"
"1757 Golf Club";"Aug 2, 2026, 12:00:00";"5.49";"307.51";"9.22"
"1757 Golf Club";"Aug 2, 2026, 11:00:00";"5.68";"263.7";"7.82"
"1757 Golf Club";"Aug 2, 2026, 10:00:00";"4.9";"223.25";"7.1"
"1757 Golf Club";"Aug 2, 2026, 09:00:00";"4.96";"184.09";"6.37"
"1757 Golf Club";"Aug 2, 2026, 08:00:00";"5.49";"164.67";"5.5"
"1757 Golf Club";"Aug 2, 2026, 07:00:00";"5.03";"138.24";"5.51"
"1757 Golf Club";"Aug 2, 2026, 06:00:00";"4.44";"119.73";"5.15"
"1757 Golf Club";"Aug 2, 2026, 05:00:00";"4.65";"103.26";"5.42"
"1757 Golf Club";"Aug 2, 2026, 04:00:00";"4.94";"83.53";"5.09"
"1757 Golf Club";"Aug 2, 2026, 03:00:00";"4.24";"82.16";"5.37"
"1757 Golf Club";"Aug 2, 2026, 02:00:00";"3.63";"81.69";"5.99"
"1757 Golf Club";"Aug 2, 2026, 01:00:00";"3.53";"85.49";"6.81"
"1757 Golf Club";"Aug 2, 2026, 00:00:00";"4.08";"95.24";"9.27"
"1757 Golf Club";"Aug 1, 2026, 23:00:00";"5.42";"109.33";"11.34"
"1757 Golf Club";"Aug 1, 2026, 22:00:00";"4.83";"94.18";"13.6"
"1757 Golf Club";"Aug 1, 2026, 21:00:00";"5.38";"90.98";"14.3"
"1757 Golf Club";"Aug 1, 2026, 20:00:00";"4.57";"82.68";"16.41"
"1757 Golf Club";"Aug 1, 2026, 19:00:00";"5.02";"74.3";"16.33"
"1757 Golf Club";"Aug 1, 2026, 18:00:00";"5.25";"58.56";"12.32"
"1757 Golf Club";"Aug 1, 2026, 17:00:00";"3.81";"32.33";"9.91"
"1757 Golf Club";"Aug 1, 2026, 16:00:00";"2.65";"33.24";"9.4"
"1757 Golf Club";"Aug 1, 2026, 15:00:00";"0.74";"23.22";"8.05"
"1757 Golf Club";"Aug 1, 2026, 14:00:00";"1.78";"41.44";"7.75"
"1757 Golf Club";"Aug 1, 2026, 13:00:00";"2.23";"51.63";"7.04"
"1757 Golf Club";"Aug 1, 2026, 12:00:00";"2.64";"55.5";"6.92"
"1757 Golf Club";"Aug 1, 2026, 11:00:00";"4.03";"81.03";"6.91"
"1757 Golf Club";"Aug 1, 2026, 10:00:00";"15.45";"108.86";"6.27"
"1757 Golf Club";"Aug 1, 2026, 09:00:00";"9.66";"110.3";"5.63"
"1757 Golf Club";"Aug 1, 2026, 08:00:00";"15.85";"140.36";"5.25"
"1757 Golf Club";"Aug 1, 2026, 07:00:00";"8.68";"91.97";"5.21"
"1757 Golf Club";"Aug 1, 2026, 06:00:00";"8.16";"53.95";"4.53"
"1757 Golf Club";"Aug 1, 2026, 05:00:00";"6.85";"40.46";"4.39"
"1757 Golf Club";"Aug 1, 2026, 04:00:00";"9.15";"55.79";"5.17"
"1757 Golf Club";"Aug 1, 2026, 03:00:00";"7.67";"58.37";"6.21"
"1757 Golf Club";"Aug 1, 2026, 02:00:00";"10.39";"38.25";"5.95"
"1757 Golf Club";"Aug 1, 2026, 01:00:00";"17.21";"27.19";"6.47"
"1757 Golf Club";"Aug 1, 2026, 00:00:00";"16.38";"16.78";"7.75"
"1757 Golf Club";"Jul 31, 2026, 23:00:00";"8.81";"35.68";"7.69"
"1757 Golf Club";"Jul 31, 2026, 22:00:00";"8.29";"25.9";"7.3"
"1757 Golf Club";"Jul 31, 2026, 21:00:00";"5.81";"4.35";"8.06"
"1757 Golf Club";"Jul 31, 2026, 20:00:00";"3.9";"3.1";"9.37"
"1757 Golf Club";"Jul 31, 2026, 19:00:00";"1.3";"1.31";"9.96"
"1757 Golf Club";"Jul 31, 2026, 18:00:00";"1.13";"4.86";"10.67"
"1757 Golf Club";"Jul 31, 2026, 17:00:00";"0.74";"11.77";"10.58"
"1757 Golf Club";"Jul 31, 2026, 16:00:00";"2.12";"6.98";"10.19"
"1757 Golf Club";"Jul 31, 2026, 15:00:00";"0.47";"8.98";"10.06"
"1757 Golf Club";"Jul 31, 2026, 14:00:00";"1.09";"14.88";"9.47"
"1757 Golf Club";"Jul 31, 2026, 13:00:00";"0.58";"20.44";"9.38"
"1757 Golf Club";"Jul 31, 2026, 12:00:00";"0.09";"48.59";"6.82"
"1757 Golf Club";"Jul 31, 2026, 11:00:00";"0";"49.41";"5.91"
"1757 Golf Club";"Jul 31, 2026, 10:00:00";"1.22";"47.14";"4.73"
"1757 Golf Club";"Jul 31, 2026, 09:00:00";"5.78";"46.66";"3.61"
"1757 Golf Club";"Jul 31, 2026, 08:00:00";"6.2";"40.61";"3.56"
"1757 Golf Club";"Jul 31, 2026, 07:00:00";"5.77";"36.41";"3.45"
"1757 Golf Club";"Jul 31, 2026, 06:00:00";"5.98";"37.77";"4.19"
"1757 Golf Club";"Jul 31, 2026, 05:00:00";"3.31";"31.6";"4.69"
"1757 Golf Club";"Jul 31, 2026, 04:00:00";"3.79";"29.36";"3.37"
"1757 Golf Club";"Jul 31, 2026, 03:00:00";"3.83";"31.38";"3.32"
"1757 Golf Club";"Jul 31, 2026, 02:00:00";"3.04";"33.29";"3.55"
"1757 Golf Club";"Jul 31, 2026, 01:00:00";"4.04";"27.55";"2.9"
"1757 Golf Club";"Jul 31, 2026, 00:00:00";"1.95";"28.22";"3.68"
"1757 Golf Club";"Jul 30, 2026, 23:00:00";"1.27";"18.84";"3.38"
"1757 Golf Club";"Jul 30, 2026, 22:00:00";"2.91";"17.36";"2.94"
"1757 Golf Club";"Jul 30, 2026, 21:00:00";"2.85";"9.74";"3.01"
"1757 Golf Club";"Jul 30, 2026, 20:00:00";"3.16";"4.89";"3.16"
"1757 Golf Club";"Jul 30, 2026, 19:00:00";"2.47";"0.97";"3.28"
"1757 Golf Club";"Jul 30, 2026, 18:00:00";"2.95";"0.52";"3.33"
"1757 Golf Club";"Jul 30, 2026, 17:00:00";"2";"0.4";"3.33"
"1757 Golf Club";"Jul 30, 2026, 16:00:00";"0.47";"3.22";"3.43"
"1757 Golf Club";"Jul 30, 2026, 15:00:00";"0.61";"3.01";"3.61"
"1757 Golf Club";"Jul 30, 2026, 14:00:00";"0.76";"2.59";"3.91"
"1757 Golf Club";"Jul 30, 2026, 13:00:00";"0.54";"0.09";"3.98"
"1757 Golf Club";"Jul 30, 2026, 12:00:00";"0.24";"0";"4.13"
"1757 Golf Club";"Jul 30, 2026, 11:00:00";"1.14";"0.02";"3.81"
"1757 Golf Club";"Jul 30, 2026, 10:00:00";"2.55";"2.56";"3.38"
"1757 Golf Club";"Jul 30, 2026, 09:00:00";"3.57";"14.06";"3.03"
"1757 Golf Club";"Jul 30, 2026, 08:00:00";"5.56";"19.89";"3"
"1757 Golf Club";"Jul 30, 2026, 07:00:00";"4.68";"15.69";"3.22"
"1757 Golf Club";"Jul 30, 2026, 06:00:00";"3.58";"13.66";"3.32"
"1757 Golf Club";"Jul 30, 2026, 05:00:00";"3.78";"16.1";"4.09"
"1757 Golf Club";"Jul 30, 2026, 04:00:00";"3.45";"15.13";"4.83"
"1757 Golf Club";"Jul 30, 2026, 03:00:00";"3.56";"12.77";"5.66"
"1757 Golf Club";"Jul 30, 2026, 02:00:00";"3.41";"17.81";"6.44"
"1757 Golf Club";"Jul 30, 2026, 01:00:00";"4.39";"17.36";"6.92"
"1757 Golf Club";"Jul 30, 2026, 00:00:00";"4.48";"16.31";"7.15"
"1757 Golf Club";"Jul 29, 2026, 23:00:00";"4.31";"13.69";"6.7"
"1757 Golf Club";"Jul 29, 2026, 22:00:00";"3.88";"10.01";"7.19"
"1757 Golf Club";"Jul 29, 2026, 21:00:00";"4.39";"10.61";"9.37"
"1757 Golf Club";"Jul 29, 2026, 20:00:00";"4.36";"9.26";"9.28"
"1757 Golf Club";"Jul 29, 2026, 19:00:00";"4.65";"8.07";"9.32"
"1757 Golf Club";"Jul 29, 2026, 18:00:00";"2.49";"6.72";"11.06"
"1757 Golf Club";"Jul 29, 2026, 17:00:00";"1.82";"12.51";"11.1"
"1757 Golf Club";"Jul 29, 2026, 16:00:00";"1.93";"9.35";"12.19"
"1757 Golf Club";"Jul 29, 2026, 15:00:00";"2.7";"8.69";"12.76"
"1757 Golf Club";"Jul 29, 2026, 14:00:00";"0.88";"8.52";"10.2"
"1757 Golf Club";"Jul 29, 2026, 13:00:00";"0.35";"11.37";"10.74"
"1757 Golf Club";"Jul 29, 2026, 12:00:00";"0";"18.7";"14.04"
"1757 Golf Club";"Jul 29, 2026, 11:00:00";"0.04";"35.83";"13.23"
"1757 Golf Club";"Jul 29, 2026, 10:00:00";"0.39";"72.83";"12.68"
"1757 Golf Club";"Jul 29, 2026, 09:00:00";"3.54";"182.33";"12.48"
"1757 Golf Club";"Jul 29, 2026, 08:00:00";"5.2";"193.94";"13.45"
"1757 Golf Club";"Jul 29, 2026, 07:00:00";"4.39";"211.57";"12.25"
"1757 Golf Club";"Jul 29, 2026, 06:00:00";"4.04";"240.42";"10.01"
"1757 Golf Club";"Jul 29, 2026, 05:00:00";"3.7";"264.08";"9.4"
"1757 Golf Club";"Jul 29, 2026, 04:00:00";"3.07";"279.83";"8.26"
"1757 Golf Club";"Jul 29, 2026, 03:00:00";"3.9";"301.04";"5.78"
"1757 Golf Club";"Jul 29, 2026, 02:00:00";"3.75";"326.7";"6.57"
"1757 Golf Club";"Jul 29, 2026, 01:00:00";"4.08";"343.43";"7.55"
"1757 Golf Club";"Jul 29, 2026, 00:00:00";"5.64";"338.89";"5.66"
"1757 Golf Club";"Jul 28, 2026, 23:00:00";"4.94";"312.28";"7.19"
"1757 Golf Club";"Jul 28, 2026, 22:00:00";"6.26";"298.03";"6.13"
"1757 Golf Club";"Jul 28, 2026, 21:00:00";"7.76";"265.07";"6.03"
"1757 Golf Club";"Jul 28, 2026, 20:00:00";"8.19";"220.64";"5.71"
"1757 Golf Club";"Jul 28, 2026, 19:00:00";"7.98";"187.93";"7.98"
"1757 Golf Club";"Jul 28, 2026, 18:00:00";"4.32";"78.16";"10.42"
"1757 Golf Club";"Jul 28, 2026, 17:00:00";"2.85";"86.22";"16.3"
"1757 Golf Club";"Jul 28, 2026, 16:00:00";"1.67";"104.49";"16.84"
"1757 Golf Club";"Jul 28, 2026, 15:00:00";"0.29";"127.35";"20.25"
"1757 Golf Club";"Jul 28, 2026, 14:00:00";"0.19";"150.6";"21.54"
"1757 Golf Club";"Jul 28, 2026, 13:00:00";"2.26";"163.83";"19.47"
"1757 Golf Club";"Jul 28, 2026, 12:00:00";"6.9";"172.16";"17.72"
"1757 Golf Club";"Jul 28, 2026, 11:00:00";"8.4";"163.36";"17.48"
"1757 Golf Club";"Jul 28, 2026, 10:00:00";"8.63";"164.73";"16.84"
"1757 Golf Club";"Jul 28, 2026, 09:00:00";"11.05";"173.66";"16.46"
"1757 Golf Club";"Jul 28, 2026, 08:00:00";"13.76";"173.03";"15.33"
"1757 Golf Club";"Jul 28, 2026, 07:00:00";"13.26";"161.09";"15.07"
"1757 Golf Club";"Jul 28, 2026, 06:00:00";"8.68";"152.94";"14.25"
"1757 Golf Club";"Jul 28, 2026, 05:00:00";"5.71";"135.23";"14.01"
"1757 Golf Club";"Jul 28, 2026, 04:00:00";"5.61";"130.18";"13.72"
"1757 Golf Club";"Jul 28, 2026, 03:00:00";"8.11";"124.79";"13.73"
"1757 Golf Club";"Jul 28, 2026, 02:00:00";"6.31";"101.26";"13.55"
"1757 Golf Club";"Jul 28, 2026, 01:00:00";"9.22";"78.11";"13.42"
"1757 Golf Club";"Jul 28, 2026, 00:00:00";"11.57";"59.68";"13.06"
"1757 Golf Club";"Jul 27, 2026, 23:00:00";"9.11";"43.84";"13.29"
"1757 Golf Club";"Jul 27, 2026, 22:00:00";"8.2";"34.64";"13.2"
"1757 Golf Club";"Jul 27, 2026, 21:00:00";"7.24";"29.46";"13.37"
"1757 Golf Club";"Jul 27, 2026, 20:00:00";"4.65";"27.89";"13.32"
"1757 Golf Club";"Jul 27, 2026, 19:00:00";"4.25";"35.87";"13.55"
"1757 Golf Club";"Jul 27, 2026, 18:00:00";"1.44";"42.6";"13.55"
"1757 Golf Club";"Jul 27, 2026, 17:00:00";"1.74";"45.27";"13.71"
"1757 Golf Club";"Jul 27, 2026, 16:00:00";"0.85";"52.73";"14.16"
"1757 Golf Club";"Jul 27, 2026, 15:00:00";"2.08";"68.29";"13.68"
"1757 Golf Club";"Jul 27, 2026, 14:00:00";"0";"57.55";"11.15"
"1757 Golf Club";"Jul 27, 2026, 13:00:00";"0.13";"74.68";"8.57"
"1757 Golf Club";"Jul 27, 2026, 12:00:00";"0.17";"96.11";"7.94"
"1757 Golf Club";"Jul 27, 2026, 11:00:00";"0.01";"114.86";"7.8"
"1757 Golf Club";"Jul 27, 2026, 10:00:00";"4.86";"142.17";"8.11"
"1757 Golf Club";"Jul 27, 2026, 09:00:00";"8.74";"194.19";"8.18"
"1757 Golf Club";"Jul 27, 2026, 08:00:00";"6.23";"230.45";"12.29"
"1757 Golf Club";"Jul 27, 2026, 07:00:00";"6.24";"247.73";"15.34"
"1757 Golf Club";"Jul 27, 2026, 06:00:00";"8.4";"250.73";"14.91"
"1757 Golf Club";"Jul 27, 2026, 05:00:00";"5.65";"252.59";"17.21"
"1757 Golf Club";"Jul 27, 2026, 04:00:00";"6.51";"284.64";"14.03"
"1757 Golf Club";"Jul 27, 2026, 03:00:00";"7.62";"255.66";"16.45"
"1757 Golf Club";"Jul 27, 2026, 02:00:00";"4.69";"158.63";"7.66"
"1757 Golf Club";"Jul 27, 2026, 01:00:00";"8.07";"170.12";"6.75"
"1757 Golf Club";"Jul 27, 2026, 00:00:00";"14.15";"177.99";"7.49"
"1757 Golf Club";"Jul 26, 2026, 23:00:00";"7.25";"170.52";"12.02"
"1757 Golf Club";"Jul 26, 2026, 22:00:00";"8.99";"101.65";"7.49"
"1757 Golf Club";"Jul 26, 2026, 21:00:00";"7.8";"69.5";"7.42"
"1757 Golf Club";"Jul 26, 2026, 20:00:00";"6.8";"45.45";"7.89"
"1757 Golf Club";"Jul 26, 2026, 19:00:00";"2.26";"43.31";"7.71"
"1757 Golf Club";"Jul 26, 2026, 18:00:00";"2.27";"60.5";"7.12"
"1757 Golf Club";"Jul 26, 2026, 17:00:00";"1.73";"41.76";"7.15"
"1757 Golf Club";"Jul 26, 2026, 16:00:00";"0.82";"43.25";"6.99"
"1757 Golf Club";"Jul 26, 2026, 15:00:00";"0.16";"38.2";"7.75"
"1757 Golf Club";"Jul 26, 2026, 14:00:00";"1";"64.01";"6.65"
"1757 Golf Club";"Jul 26, 2026, 13:00:00";"0.32";"76.52";"6.3"
"1757 Golf Club";"Jul 26, 2026, 12:00:00";"1.44";"112.28";"5.56"
"1757 Golf Club";"Jul 26, 2026, 11:00:00";"3.25";"115.34";"4.65"
"1757 Golf Club";"Jul 26, 2026, 10:00:00";"4.86";"122.65";"4.32"
"1757 Golf Club";"Jul 26, 2026, 09:00:00";"4.88";"141.83";"3.27"
"1757 Golf Club";"Jul 26, 2026, 08:00:00";"5.97";"157.99";"3.62"
"1757 Golf Club";"Jul 26, 2026, 07:00:00";"6.06";"178.95";"5.5"
"1757 Golf Club";"Jul 26, 2026, 06:00:00";"6.86";"148.66";"5.24"
"1757 Golf Club";"Jul 26, 2026, 05:00:00";"7.88";"123.79";"3.68"
"1757 Golf Club";"Jul 26, 2026, 04:00:00";"8.93";"121.03";"3.67"
"1757 Golf Club";"Jul 26, 2026, 03:00:00";"8.32";"116.98";"3.71"
"1757 Golf Club";"Jul 26, 2026, 02:00:00";"11.31";"112.82";"3.67"
"1757 Golf Club";"Jul 26, 2026, 01:00:00";"13.27";"104.09";"3.66"
"1757 Golf Club";"Jul 26, 2026, 00:00:00";"12.05";"81.17";"3.31"
"1757 Golf Club";"Jul 25, 2026, 23:00:00";"9.17";"64.29";"3.2"
"1757 Golf Club";"Jul 25, 2026, 22:00:00";"7.5";"38.16";"3.17"
"1757 Golf Club";"Jul 25, 2026, 21:00:00";"6.06";"27.22";"3.59"
"1757 Golf Club";"Jul 25, 2026, 20:00:00";"7.11";"28.15";"3.56"
"1757 Golf Club";"Jul 25, 2026, 19:00:00";"6.92";"27.52";"3.78"
"1757 Golf Club";"Jul 25, 2026, 18:00:00";"1.96";"42.78";"4.19"
"1757 Golf Club";"Jul 25, 2026, 17:00:00";"2.04";"43.3";"4.06"
"1757 Golf Club";"Jul 25, 2026, 16:00:00";"2.92";"58.87";"3.39"
"1757 Golf Club";"Jul 25, 2026, 15:00:00";"5.82";"54.86";"2.39"
"1757 Golf Club";"Jul 25, 2026, 14:00:00";"5.27";"42.44";"2.87"
"1757 Golf Club";"Jul 25, 2026, 13:00:00";"2.89";"32.91";"3.87"
"1757 Golf Club";"Jul 25, 2026, 12:00:00";"0.87";"47.04";"3.53"
"1757 Golf Club";"Jul 25, 2026, 11:00:00";"4.82";"72.63";"3.31"
"1757 Golf Club";"Jul 25, 2026, 10:00:00";"12.33";"95.76";"2.52"
"1757 Golf Club";"Jul 25, 2026, 09:00:00";"11.54";"102.93";"3.02"
"1757 Golf Club";"Jul 25, 2026, 08:00:00";"11.56";"113.01";"2.4"
"1757 Golf Club";"Jul 25, 2026, 07:00:00";"9.34";"114.44";"2.19"
"1757 Golf Club";"Jul 25, 2026, 06:00:00";"7.61";"127.66";"2.32"
"1757 Golf Club";"Jul 25, 2026, 05:00:00";"7.77";"125.08";"2.68"
"1757 Golf Club";"Jul 25, 2026, 04:00:00";"7.45";"90.46";"3.09"
"1757 Golf Club";"Jul 25, 2026, 03:00:00";"6.44";"45.17";"2.97"
"1757 Golf Club";"Jul 25, 2026, 02:00:00";"9.02";"22.18";"3.12"
"1757 Golf Club";"Jul 25, 2026, 01:00:00";"7.7";"19.77";"2.79"
"1757 Golf Club";"Jul 25, 2026, 00:00:00";"7.84";"11.55";"3.12"
"1757 Golf Club";"Jul 24, 2026, 23:00:00";"7.84";"8.29";"3.58"
"1757 Golf Club";"Jul 24, 2026, 22:00:00";"7.77";"2.98";"4.41"
"1757 Golf Club";"Jul 24, 2026, 21:00:00";"7.39";"0.07";"4.98"
"1757 Golf Club";"Jul 24, 2026, 20:00:00";"7.17";"0.3";"6"
"1757 Golf Club";"Jul 24, 2026, 19:00:00";"6.05";"0.05";"4.22"
"1757 Golf Club";"Jul 24, 2026, 18:00:00";"5";"0";"3.79"
"1757 Golf Club";"Jul 24, 2026, 17:00:00";"3.53";"0";"3.67"
"1757 Golf Club";"Jul 24, 2026, 16:00:00";"2.08";"0";"3.47"
"1757 Golf Club";"Jul 24, 2026, 15:00:00";"2.29";"0.17";"3.49"
"1757 Golf Club";"Jul 24, 2026, 14:00:00";"2.16";"0.18";"3.79"
"1757 Golf Club";"Jul 24, 2026, 13:00:00";"1.69";"2.89";"4.16"
"1757 Golf Club";"Jul 24, 2026, 12:00:00";"0.86";"9.71";"4.25"
"1757 Golf Club";"Jul 24, 2026, 11:00:00";"0.72";"31.62";"3.71"
"1757 Golf Club";"Jul 24, 2026, 10:00:00";"7.47";"76.98";"3.27"
"1757 Golf Club";"Jul 24, 2026, 09:00:00";"9.16";"83.31";"3.77"
"1757 Golf Club";"Jul 24, 2026, 08:00:00";"8.78";"94.96";"5.27"
"1757 Golf Club";"Jul 24, 2026, 07:00:00";"7.35";"90.74";"7.88"
"1757 Golf Club";"Jul 24, 2026, 06:00:00";"6.32";"80.8";"6.99"
"1757 Golf Club";"Jul 24, 2026, 05:00:00";"5.97";"76.23";"6.01"
"1757 Golf Club";"Jul 24, 2026, 04:00:00";"6.82";"67.91";"4.86"
"1757 Golf Club";"Jul 24, 2026, 03:00:00";"7.79";"63.09";"5.8"
"1757 Golf Club";"Jul 24, 2026, 02:00:00";"8.07";"52.64";"4.71"
"1757 Golf Club";"Jul 24, 2026, 01:00:00";"9.08";"35.56";"3.63"
"1757 Golf Club";"Jul 24, 2026, 00:00:00";"9.23";"27.44";"3.83"
"1757 Golf Club";"Jul 23, 2026, 23:00:00";"7.98";"14.91";"4"
"1757 Golf Club";"Jul 23, 2026, 22:00:00";"9.22";"6.08";"3.25"
"1757 Golf Club";"Jul 23, 2026, 21:00:00";"4.72";"0";"3.17"
"1757 Golf Club";"Jul 23, 2026, 20:00:00";"3.52";"0";"3.03"
"1757 Golf Club";"Jul 23, 2026, 19:00:00";"2.92";"0";"3.23"
"1757 Golf Club";"Jul 23, 2026, 18:00:00";"1.02";"0";"3.24"
"1757 Golf Club";"Jul 23, 2026, 17:00:00";"0.54";"0";"3.36"
"1757 Golf Club";"Jul 23, 2026, 16:00:00";"0.47";"0";"3.15"
"1757 Golf Club";"Jul 23, 2026, 15:00:00";"0.17";"0";"3.79"
"1757 Golf Club";"Jul 23, 2026, 14:00:00";"0.81";"0";"3.31"
"1757 Golf Club";"Jul 23, 2026, 13:00:00";"0.63";"0";"2.97"
"1757 Golf Club";"Jul 23, 2026, 12:00:00";"0";"0";"2.56"
"1757 Golf Club";"Jul 23, 2026, 11:00:00";"0";"2.96";"2.5"
"1757 Golf Club";"Jul 23, 2026, 10:00:00";"1.7";"17.06";"2.38"
"1757 Golf Club";"Jul 23, 2026, 09:00:00";"6.06";"27.2";"1.64"
"1757 Golf Club";"Jul 23, 2026, 08:00:00";"7.82";"27.98";"1.7"
"1757 Golf Club";"Jul 23, 2026, 07:00:00";"7.77";"26.94";"1.74"
"1757 Golf Club";"Jul 23, 2026, 06:00:00";"6.47";"25.14";"1.82"
"1757 Golf Club";"Jul 23, 2026, 05:00:00";"5.27";"23.42";"2.45"
"1757 Golf Club";"Jul 23, 2026, 04:00:00";"5.02";"20.22";"3.41"
"1757 Golf Club";"Jul 23, 2026, 03:00:00";"3.63";"14.8";"4.45"
"1757 Golf Club";"Jul 23, 2026, 02:00:00";"3.62";"12.72";"5.1"
"1757 Golf Club";"Jul 23, 2026, 01:00:00";"4.25";"12.5";"5.61"
"1757 Golf Club";"Jul 23, 2026, 00:00:00";"3.94";"6.51";"5.18"
"1757 Golf Club";"Jul 22, 2026, 23:00:00";"4.22";"7.73";"5.82"
"1757 Golf Club";"Jul 22, 2026, 22:00:00";"4.93";"11.05";"6.57"
"1757 Golf Club";"Jul 22, 2026, 21:00:00";"4.98";"8.45";"7.41"
"1757 Golf Club";"Jul 22, 2026, 20:00:00";"3.07";"5.46";"7.99"
"1757 Golf Club";"Jul 22, 2026, 19:00:00";"2.61";"14.58";"9.11"
"1757 Golf Club";"Jul 22, 2026, 18:00:00";"1.76";"23.78";"9.86"
"1757 Golf Club";"Jul 22, 2026, 17:00:00";"0.36";"27.8";"11.71"
"1757 Golf Club";"Jul 22, 2026, 16:00:00";"0.44";"35.8";"12.32"
"1757 Golf Club";"Jul 22, 2026, 15:00:00";"1.05";"41.81";"12.25"
"1757 Golf Club";"Jul 22, 2026, 14:00:00";"2.8";"62.4";"11.9"
"1757 Golf Club";"Jul 22, 2026, 13:00:00";"1.28";"84.85";"12.65"
"1757 Golf Club";"Jul 22, 2026, 12:00:00";"1.28";"104.67";"12.49"
"1757 Golf Club";"Jul 22, 2026, 11:00:00";"0.05";"132.9";"12.82"
"1757 Golf Club";"Jul 22, 2026, 10:00:00";"0.83";"163.97";"11.28"
"1757 Golf Club";"Jul 22, 2026, 09:00:00";"20.42";"217.87";"5.62"
"1757 Golf Club";"Jul 22, 2026, 08:00:00";"14.84";"316.14";"3.67"
"1757 Golf Club";"Jul 22, 2026, 07:00:00";"10.42";"333.04";"3.3"
"1757 Golf Club";"Jul 22, 2026, 06:00:00";"11.31";"345.05";"3.81"
"1757 Golf Club";"Jul 22, 2026, 05:00:00";"8.34";"346.99";"3.45"
"1757 Golf Club";"Jul 22, 2026, 04:00:00";"6.89";"324.84";"3.48"
"1757 Golf Club";"Jul 22, 2026, 03:00:00";"9.84";"312.89";"3.01"
"1757 Golf Club";"Jul 22, 2026, 02:00:00";"8.49";"270.18";"3.24"
"1757 Golf Club";"Jul 22, 2026, 01:00:00";"10.37";"249.26";"2.57"
"1757 Golf Club";"Jul 22, 2026, 00:00:00";"13.28";"290.95";"1.77"
"1757 Golf Club";"Jul 21, 2026, 23:00:00";"14.25";"291.69";"2.99"
"1757 Golf Club";"Jul 21, 2026, 22:00:00";"7.4";"218.92";"4.16"
"1757 Golf Club";"Jul 21, 2026, 21:00:00";"4.65";"317.75";"7.06"
"1757 Golf Club";"Jul 21, 2026, 20:00:00";"5.22";"257.39";"8.78"
"1757 Golf Club";"Jul 21, 2026, 19:00:00";"5.69";"221.04";"6.11"
"1757 Golf Club";"Jul 21, 2026, 18:00:00";"3.81";"185.66";"7.2"
"1757 Golf Club";"Jul 21, 2026, 17:00:00";"4.11";"168.27";"8.19"
"1757 Golf Club";"Jul 21, 2026, 16:00:00";"1.22";"185.39";"7.98"
"1757 Golf Club";"Jul 21, 2026, 15:00:00";"3.08";"192.61";"7.76"
"1757 Golf Club";"Jul 21, 2026, 14:00:00";"0.2";"205.52";"6.91"
"1757 Golf Club";"Jul 21, 2026, 13:00:00";"0.24";"207.4";"6.54"
"1757 Golf Club";"Jul 21, 2026, 12:00:00";"1.13";"221.47";"7.54"
"1757 Golf Club";"Jul 21, 2026, 11:00:00";"1.18";"243.4";"9.2"
"1757 Golf Club";"Jul 21, 2026, 10:00:00";"5.56";"267.89";"10.24"
"1757 Golf Club";"Jul 21, 2026, 09:00:00";"7.41";"291.99";"11.66"
"1757 Golf Club";"Jul 21, 2026, 08:00:00";"8.65";"286.43";"13.07"
"1757 Golf Club";"Jul 21, 2026, 07:00:00";"6.56";"290.95";"14.5"
"1757 Golf Club";"Jul 21, 2026, 06:00:00";"5.06";"290.99";"15.15"
"1757 Golf Club";"Jul 21, 2026, 05:00:00";"6.55";"282.25";"16.76"
"1757 Golf Club";"Jul 21, 2026, 04:00:00";"6.14";"268.01";"19.03"
"1757 Golf Club";"Jul 21, 2026, 03:00:00";"6.6";"244.2";"21.89"
"1757 Golf Club";"Jul 21, 2026, 02:00:00";"5.89";"213.04";"23.04"
"1757 Golf Club";"Jul 21, 2026, 01:00:00";"6.3";"181.74";"24.12"
"1757 Golf Club";"Jul 21, 2026, 00:00:00";"8.12";"140.57";"24.83"
"1757 Golf Club";"Jul 20, 2026, 23:00:00";"8.43";"68.84";"24.03"
"1757 Golf Club";"Jul 20, 2026, 22:00:00";"9.1";"33.07";"24.53"
"1757 Golf Club";"Jul 20, 2026, 21:00:00";"9.26";"28.06";"25.33"
"1757 Golf Club";"Jul 20, 2026, 20:00:00";"6.54";"20.9";"28.96"
"1757 Golf Club";"Jul 20, 2026, 19:00:00";"3.07";"17.22";"30.98"
"1757 Golf Club";"Jul 20, 2026, 18:00:00";"1.56";"20.49";"31.43"
"1757 Golf Club";"Jul 20, 2026, 17:00:00";"3.75";"20.79";"32.98"
"1757 Golf Club";"Jul 20, 2026, 16:00:00";"3.98";"20.48";"32.48"
"1757 Golf Club";"Jul 20, 2026, 15:00:00";"2.88";"14.69";"31.46"
"1757 Golf Club";"Jul 20, 2026, 14:00:00";"2.98";"17.34";"30.46"
"1757 Golf Club";"Jul 20, 2026, 13:00:00";"1.99";"9.94";"29.12"
"1757 Golf Club";"Jul 20, 2026, 12:00:00";"0.66";"13.16";"27.02"
"1757 Golf Club";"Jul 20, 2026, 11:00:00";"0.23";"20.02";"21.85"
"1757 Golf Club";"Jul 20, 2026, 10:00:00";"2.07";"37.39";"17.13"
"1757 Golf Club";"Jul 20, 2026, 09:00:00";"4.46";"65.62";"15.18"
"1757 Golf Club";"Jul 20, 2026, 08:00:00";"7.34";"122.98";"15.48"
"1757 Golf Club";"Jul 20, 2026, 07:00:00";"6.33";"114.09";"16.42"
"1757 Golf Club";"Jul 20, 2026, 06:00:00";"5.16";"89.73";"15.49"
"1757 Golf Club";"Jul 20, 2026, 05:00:00";"5.22";"97.69";"16.79"
"1757 Golf Club";"Jul 20, 2026, 04:00:00";"4.79";"72.17";"16.36"
"1757 Golf Club";"Jul 20, 2026, 03:00:00";"4.1";"54.6";"16.05"
"1757 Golf Club";"Jul 20, 2026, 02:00:00";"4.5";"39.59";"16.59"
"1757 Golf Club";"Jul 20, 2026, 01:00:00";"4.1";"33.75";"16.77"
"1757 Golf Club";"Jul 20, 2026, 00:00:00";"3.15";"32.62";"18.38"
"1757 Golf Club";"Jul 19, 2026, 23:00:00";"2.85";"18.82";"20.47"
"1757 Golf Club";"Jul 19, 2026, 22:00:00";"4.14";"7.36";"23.78"
"1757 Golf Club";"Jul 19, 2026, 21:00:00";"3.03";"10.9";"27.64"
"1757 Golf Club";"Jul 19, 2026, 20:00:00";"2.49";"9.62";"31.26"
"1757 Golf Club";"Jul 19, 2026, 19:00:00";"1.18";"9.93";"33.67"
"1757 Golf Club";"Jul 19, 2026, 18:00:00";"0.21";"19.29";"35.84"
"1757 Golf Club";"Jul 19, 2026, 17:00:00";"0.7";"26.09";"42.45"
"1757 Golf Club";"Jul 19, 2026, 16:00:00";"0.19";"38.52";"43.52"
"1757 Golf Club";"Jul 19, 2026, 15:00:00";"0.09";"50.94";"46.42"
"1757 Golf Club";"Jul 19, 2026, 14:00:00";"0";"52.41";"49.34"
"1757 Golf Club";"Jul 19, 2026, 13:00:00";"0";"70.47";"49.15"
"1757 Golf Club";"Jul 19, 2026, 12:00:00";"0";"69.23";"40.97"
"1757 Golf Club";"Jul 19, 2026, 11:00:00";"0";"89.06";"31.73"
"1757 Golf Club";"Jul 19, 2026, 10:00:00";"0.23";"108.55";"21.26"
"1757 Golf Club";"Jul 19, 2026, 09:00:00";"0.87";"114.92";"12.55"
"1757 Golf Club";"Jul 19, 2026, 08:00:00";"2.33";"132.87";"6.03"
"1757 Golf Club";"Jul 19, 2026, 07:00:00";"2.37";"128.92";"6.29"
"1757 Golf Club";"Jul 19, 2026, 06:00:00";"0.75";"101.69";"6.4"
"1757 Golf Club";"Jul 19, 2026, 05:00:00";"0.18";"97.77";"5.35"
"1757 Golf Club";"Jul 19, 2026, 04:00:00";"0.16";"120.7";"4.86"
"1757 Golf Club";"Jul 19, 2026, 03:00:00";"0.31";"174.68";"5.33"
"1757 Golf Club";"Jul 19, 2026, 02:00:00";"1.12";"254.6";"7.15"
"1757 Golf Club";"Jul 19, 2026, 01:00:00";"9.76";"327.9";"11.92"
"1757 Golf Club";"Jul 19, 2026, 00:00:00";"9.8";"351.62";"13.18"
"1757 Golf Club";"Jul 18, 2026, 23:00:00";"5.71";"363.3";"12.8"
"1757 Golf Club";"Jul 18, 2026, 22:00:00";"6.59";"377.68";"12.81"
"1757 Golf Club";"Jul 18, 2026, 21:00:00";"8.57";"357.17";"11.71"
"1757 Golf Club";"Jul 18, 2026, 20:00:00";"9.43";"345";"9.87"
"1757 Golf Club";"Jul 18, 2026, 19:00:00";"12.01";"306.65";"9.03"
"1757 Golf Club";"Jul 18, 2026, 18:00:00";"9.75";"271.37";"8.67"
"1757 Golf Club";"Jul 18, 2026, 17:00:00";"8";"188.65";"13.86"
"1757 Golf Club";"Jul 18, 2026, 16:00:00";"2.48";"148.22";"28.09"
"1757 Golf Club";"Jul 18, 2026, 15:00:00";"0.13";"179.61";"59.24"
"1757 Golf Club";"Jul 18, 2026, 14:00:00";"0";"233.34";"66.83"
"1757 Golf Club";"Jul 18, 2026, 13:00:00";"0";"270.29";"65.01"
"1757 Golf Club";"Jul 18, 2026, 12:00:00";"2.79";"276.8";"58.88"
"1757 Golf Club";"Jul 18, 2026, 11:00:00";"11.3";"255.1";"57.31"
"1757 Golf Club";"Jul 18, 2026, 10:00:00";"8.43";"257.74";"53.13"
"1757 Golf Club";"Jul 18, 2026, 09:00:00";"9.4";"241.42";"52.69"
"1757 Golf Club";"Jul 18, 2026, 08:00:00";"10.24";"213.18";"53.79"
"1757 Golf Club";"Jul 18, 2026, 07:00:00";"10.1";"183.9";"55.28"
"1757 Golf Club";"Jul 18, 2026, 06:00:00";"7.31";"169.09";"59.29"
"1757 Golf Club";"Jul 18, 2026, 05:00:00";"3.08";"180.81";"59.86"
"1757 Golf Club";"Jul 18, 2026, 04:00:00";"4.69";"184.99";"61.55"
"1757 Golf Club";"Jul 18, 2026, 03:00:00";"9.16";"160.08";"61.97"
"1757 Golf Club";"Jul 18, 2026, 02:00:00";"5.24";"122.96";"66.17"
"1757 Golf Club";"Jul 18, 2026, 01:00:00";"10.35";"84.25";"71.87"
"1757 Golf Club";"Jul 18, 2026, 00:00:00";"16.85";"79.35";"75.08"
"1757 Golf Club";"Jul 17, 2026, 23:00:00";"7.55";"74.24";"73.58"
"1757 Golf Club";"Jul 17, 2026, 22:00:00";"5.09";"62.64";"72.21"
"1757 Golf Club";"Jul 17, 2026, 21:00:00";"3.75";"37.86";"86.57"
"1757 Golf Club";"Jul 17, 2026, 20:00:00";"2.61";"40.38";"89.4"
"1757 Golf Club";"Jul 17, 2026, 19:00:00";"0.76";"48.99";"93.4"
"1757 Golf Club";"Jul 17, 2026, 18:00:00";"1.44";"60.36";"98.23"
"1757 Golf Club";"Jul 17, 2026, 17:00:00";"0.7";"46.04";"102"
"1757 Golf Club";"Jul 17, 2026, 16:00:00";"0.74";"23.68";"102.39"
"1757 Golf Club";"Jul 17, 2026, 15:00:00";"0.51";"17.19";"99.52"
"1757 Golf Club";"Jul 17, 2026, 14:00:00";"0.74";"16.5";"103.65"
"1757 Golf Club";"Jul 17, 2026, 13:00:00";"0.53";"16.57";"102.62"
"1757 Golf Club";"Jul 17, 2026, 12:00:00";"1.36";"14.5";"96.56"
"1757 Golf Club";"Jul 17, 2026, 11:00:00";"0.09";"23.44";"101.26"
"1757 Golf Club";"Jul 17, 2026, 10:00:00";"1.11";"36.21";"106.49"
"1757 Golf Club";"Jul 17, 2026, 09:00:00";"10.65";"48.83";"94.65"
"1757 Golf Club";"Jul 17, 2026, 08:00:00";"7.47";"48.81";"92.15"
"1757 Golf Club";"Jul 17, 2026, 07:00:00";"8.79";"52.83";"90.05"
"1757 Golf Club";"Jul 17, 2026, 06:00:00";"5.09";"37.5";"100.56"
"1757 Golf Club";"Jul 17, 2026, 05:00:00";"0";"0";"110.39"
"1757 Golf Club";"Jul 17, 2026, 04:00:00";"2";"24.51";"115.19"
"1757 Golf Club";"Jul 17, 2026, 03:00:00";"2.15";"24.66";"119.76"
"1757 Golf Club";"Jul 17, 2026, 02:00:00";"3.6";"33.19";"102.33"
"1757 Golf Club";"Jul 17, 2026, 01:00:00";"2.19";"34.64";"102.12"
"1757 Golf Club";"Jul 17, 2026, 00:00:00";"1.2";"63.56";"90.59"
"1757 Golf Club";"Jul 16, 2026, 23:00:00";"1.1";"85.38";"60.78"
"1757 Golf Club";"Jul 16, 2026, 22:00:00";"1.61";"127.21";"36.3"
"1757 Golf Club";"Jul 16, 2026, 21:00:00";"1.77";"91.82";"14.88"
"1757 Golf Club";"Jul 16, 2026, 20:00:00";"0.86";"81.17";"16.87"
"1757 Golf Club";"Jul 16, 2026, 19:00:00";"0.26";"92.42";"20.42"
"1757 Golf Club";"Jul 16, 2026, 18:00:00";"0.49";"102.68";"20.87"
"1757 Golf Club";"Jul 16, 2026, 17:00:00";"0.05";"124.97";"18.99"
"1757 Golf Club";"Jul 16, 2026, 16:00:00";"0";"135.79";"18.07"
"1757 Golf Club";"Jul 16, 2026, 15:00:00";"0.12";"162.12";"18.36"
"1757 Golf Club";"Jul 16, 2026, 14:00:00";"0.08";"151.89";"18.32"
"1757 Golf Club";"Jul 16, 2026, 13:00:00";"0.04";"160.12";"16.79"
"1757 Golf Club";"Jul 16, 2026, 12:00:00";"0";"188.32";"16.37"
"1757 Golf Club";"Jul 16, 2026, 11:00:00";"0.01";"186.39";"15.98"
"1757 Golf Club";"Jul 16, 2026, 10:00:00";"0.18";"175.68";"13.98"
"1757 Golf Club";"Jul 16, 2026, 09:00:00";"1.39";"137.4";"12.93"
"1757 Golf Club";"Jul 16, 2026, 08:00:00";"1.95";"122.29";"13.34"
"1757 Golf Club";"Jul 16, 2026, 07:00:00";"2.02";"128.16";"12.85"
"1757 Golf Club";"Jul 16, 2026, 06:00:00";"2.34";"138.61";"12.95"
"1757 Golf Club";"Jul 16, 2026, 05:00:00";"2.34";"139.14";"13.14"
"1757 Golf Club";"Jul 16, 2026, 04:00:00";"2.12";"134.54";"13.41"
"1757 Golf Club";"Jul 16, 2026, 03:00:00";"1.22";"130.41";"13.41"
"1757 Golf Club";"Jul 16, 2026, 02:00:00";"1.62";"130.59";"13.11"
"1757 Golf Club";"Jul 16, 2026, 01:00:00";"0.67";"124.85";"12.38"
"1757 Golf Club";"Jul 16, 2026, 00:00:00";"0.3";"132.15";"13.07"
"1757 Golf Club";"Jul 15, 2026, 23:00:00";"1.9";"145.06";"12.21"
"1757 Golf Club";"Jul 15, 2026, 22:00:00";"2.84";"128.61";"10.69"
"1757 Golf Club";"Jul 15, 2026, 21:00:00";"1.96";"109.9";"10.59"
"1757 Golf Club";"Jul 15, 2026, 20:00:00";"1.16";"104.11";"11.15"
"1757 Golf Club";"Jul 15, 2026, 19:00:00";"0.28";"97.97";"11.25"
"1757 Golf Club";"Jul 15, 2026, 18:00:00";"0.07";"115.77";"11.74"
"1757 Golf Club";"Jul 15, 2026, 17:00:00";"0";"109.8";"11.96"
"1757 Golf Club";"Jul 15, 2026, 16:00:00";"0.22";"113.79";"12.03"
"1757 Golf Club";"Jul 15, 2026, 15:00:00";"0";"125.06";"13.15"
"1757 Golf Club";"Jul 15, 2026, 14:00:00";"0";"125.98";"12.62"
"1757 Golf Club";"Jul 15, 2026, 13:00:00";"0.19";"130.34";"12.42"
"1757 Golf Club";"Jul 15, 2026, 12:00:00";"0";"155.1";"13.06"
"1757 Golf Club";"Jul 15, 2026, 11:00:00";"0";"155.62";"11.8"
"1757 Golf Club";"Jul 15, 2026, 10:00:00";"0.07";"158.53";"10.23"
"1757 Golf Club";"Jul 15, 2026, 09:00:00";"7.08";"177.98";"9.43"
"1757 Golf Club";"Jul 15, 2026, 08:00:00";"15.91";"177.66";"8.72"
"1757 Golf Club";"Jul 15, 2026, 07:00:00";"14.8";"139.5";"8.96"
"1757 Golf Club";"Jul 15, 2026, 06:00:00";"12.78";"110.61";"8.43"
"1757 Golf Club";"Jul 15, 2026, 05:00:00";"10.28";"100.01";"8.4"
"1757 Golf Club";"Jul 15, 2026, 04:00:00";"6.28";"80.9";"7.73"
"1757 Golf Club";"Jul 15, 2026, 03:00:00";"6.89";"74.74";"7.71"
"1757 Golf Club";"Jul 15, 2026, 02:00:00";"5.2";"70.64";"7.72"
"1757 Golf Club";"Jul 15, 2026, 01:00:00";"4.35";"62.22";"8.03"
"1757 Golf Club";"Jul 15, 2026, 00:00:00";"4.05";"59.45";"7.7"
"1757 Golf Club";"Jul 14, 2026, 23:00:00";"4.84";"65.99";"7.41"
"1757 Golf Club";"Jul 14, 2026, 22:00:00";"4.84";"59.88";"7.97"
"1757 Golf Club";"Jul 14, 2026, 21:00:00";"5.36";"55.79";"7.78"
"1757 Golf Club";"Jul 14, 2026, 20:00:00";"4.17";"48.66";"8.23"
"1757 Golf Club";"Jul 14, 2026, 19:00:00";"1.71";"52.32";"9.28"
"1757 Golf Club";"Jul 14, 2026, 18:00:00";"0.11";"60.3";"9.24"
"1757 Golf Club";"Jul 14, 2026, 17:00:00";"0.74";"77.08";"9.4"
"1757 Golf Club";"Jul 14, 2026, 16:00:00";"0.29";"71.5";"8.77"
"1757 Golf Club";"Jul 14, 2026, 15:00:00";"0.17";"71.5";"10.06"
"1757 Golf Club";"Jul 14, 2026, 14:00:00";"0.69";"69.49";"10.46"
"1757 Golf Club";"Jul 14, 2026, 13:00:00";"0";"71.51";"9.42"
"1757 Golf Club";"Jul 14, 2026, 12:00:00";"0";"80.64";"8.45"
"1757 Golf Club";"Jul 14, 2026, 11:00:00";"0";"114.21";"8.5"
"1757 Golf Club";"Jul 14, 2026, 10:00:00";"2.53";"148.55";"8.13"
"1757 Golf Club";"Jul 14, 2026, 09:00:00";"13.54";"154.31";"6.98"
"1757 Golf Club";"Jul 14, 2026, 08:00:00";"19.89";"144.69";"6.75"
"1757 Golf Club";"Jul 14, 2026, 07:00:00";"11.26";"124.31";"7.16"
"1757 Golf Club";"Jul 14, 2026, 06:00:00";"7.28";"84.3";"6.32"
"1757 Golf Club";"Jul 14, 2026, 05:00:00";"7";"66.97";"5.73"
"1757 Golf Club";"Jul 14, 2026, 04:00:00";"6.78";"53.61";"5.9"
"1757 Golf Club";"Jul 14, 2026, 03:00:00";"8.83";"41.57";"6.02"
"1757 Golf Club";"Jul 14, 2026, 02:00:00";"6.89";"39.88";"5.96"
"1757 Golf Club";"Jul 14, 2026, 01:00:00";"10.89";"32.16";"6.04"
"1757 Golf Club";"Jul 14, 2026, 00:00:00";"23.44";"24.78";"6.32"
"1757 Golf Club";"Jul 13, 2026, 23:00:00";"16.14";"18.14";"6.99"
"1757 Golf Club";"Jul 13, 2026, 22:00:00";"13.98";"9.13";"7.59"
"1757 Golf Club";"Jul 13, 2026, 21:00:00";"6.38";"5.87";"8.38"
"1757 Golf Club";"Jul 13, 2026, 20:00:00";"5.59";"1.09";"8.71"
"1757 Golf Club";"Jul 13, 2026, 19:00:00";"2.38";"0";"8.48"
"1757 Golf Club";"Jul 13, 2026, 18:00:00";"0.7";"0.04";"8.14"
"1757 Golf Club";"Jul 13, 2026, 17:00:00";"0.71";"1.08";"8.46"
"1757 Golf Club";"Jul 13, 2026, 16:00:00";"0.61";"3.3";"8.16"
"1757 Golf Club";"Jul 13, 2026, 15:00:00";"1.71";"5.51";"8.89"
"1757 Golf Club";"Jul 13, 2026, 14:00:00";"1.36";"10.5";"9.02"
"1757 Golf Club";"Jul 13, 2026, 13:00:00";"0";"11.74";"8.64"
"1757 Golf Club";"Jul 13, 2026, 12:00:00";"0";"22.47";"8.09"
"1757 Golf Club";"Jul 13, 2026, 11:00:00";"0";"48.21";"6.65"
"1757 Golf Club";"Jul 13, 2026, 10:00:00";"1.34";"73.96";"5.28"
"1757 Golf Club";"Jul 13, 2026, 09:00:00";"6.91";"150.17";"4.83"
"1757 Golf Club";"Jul 13, 2026, 08:00:00";"7.12";"148.17";"7.15"
"1757 Golf Club";"Jul 13, 2026, 07:00:00";"8.41";"137.18";"9.99"
"1757 Golf Club";"Jul 13, 2026, 06:00:00";"4.71";"110.5";"11.11"
"1757 Golf Club";"Jul 13, 2026, 05:00:00";"5.7";"93.42";"8.04"
"1757 Golf Club";"Jul 13, 2026, 04:00:00";"6.2";"70.91";"6.53"
"1757 Golf Club";"Jul 13, 2026, 03:00:00";"6.97";"51.39";"6.19"
"1757 Golf Club";"Jul 13, 2026, 02:00:00";"3.96";"39.95";"6.01"
"1757 Golf Club";"Jul 13, 2026, 01:00:00";"3.6";"28.13";"6.19"
"1757 Golf Club";"Jul 13, 2026, 00:00:00";"3.96";"26.64";"6.53"
"1757 Golf Club";"Jul 12, 2026, 23:00:00";"5.15";"29.68";"7.22"
"1757 Golf Club";"Jul 12, 2026, 22:00:00";"11";"40.59";"7"
"1757 Golf Club";"Jul 12, 2026, 21:00:00";"6";"42.27";"7.15"
"1757 Golf Club";"Jul 12, 2026, 20:00:00";"7.42";"46.28";"6.9"
"1757 Golf Club";"Jul 12, 2026, 19:00:00";"8.16";"63.68";"6.75"
"1757 Golf Club";"Jul 12, 2026, 18:00:00";"5.29";"83.22";"6.97"
"1757 Golf Club";"Jul 12, 2026, 17:00:00";"2.99";"90.25";"7.92"
"1757 Golf Club";"Jul 12, 2026, 16:00:00";"0";"130.69";"8.07"
"1757 Golf Club";"Jul 12, 2026, 15:00:00";"0";"145.03";"8.59"
"1757 Golf Club";"Jul 12, 2026, 14:00:00";"0";"171.33";"8.81"
"1757 Golf Club";"Jul 12, 2026, 13:00:00";"0";"188.52";"8.14"
"1757 Golf Club";"Jul 12, 2026, 12:00:00";"0.01";"198.9";"7.95"
"1757 Golf Club";"Jul 12, 2026, 11:00:00";"0.03";"244.62";"8.62"
"1757 Golf Club";"Jul 12, 2026, 10:00:00";"0.21";"274.72";"8.8"
"1757 Golf Club";"Jul 12, 2026, 09:00:00";"1.06";"333.14";"9.51"
"1757 Golf Club";"Jul 12, 2026, 08:00:00";"1.95";"389.84";"12.55"
"1757 Golf Club";"Jul 12, 2026, 07:00:00";"2.09";"411.9";"18.4"
"1757 Golf Club";"Jul 12, 2026, 06:00:00";"2.1";"414.98";"18.18"
"1757 Golf Club";"Jul 12, 2026, 05:00:00";"2.81";"431.5";"17.59"
"1757 Golf Club";"Jul 12, 2026, 04:00:00";"0";"0";"19.33"
"1757 Golf Club";"Jul 12, 2026, 03:00:00";"3.66";"387.61";"17.69"
"1757 Golf Club";"Jul 12, 2026, 02:00:00";"4.38";"393.94";"15.25"
"1757 Golf Club";"Jul 12, 2026, 01:00:00";"5.53";"356.11";"16.07"
"1757 Golf Club";"Jul 12, 2026, 00:00:00";"6.96";"372.58";"13.82"
"1757 Golf Club";"Jul 11, 2026, 23:00:00";"9.34";"283.65";"11.78"
"1757 Golf Club";"Jul 11, 2026, 22:00:00";"2.51";"136.18";"10.61"
"1757 Golf Club";"Jul 11, 2026, 21:00:00";"2.36";"125.2";"11.9"
"1757 Golf Club";"Jul 11, 2026, 20:00:00";"2.14";"99.66";"11.5"
"1757 Golf Club";"Jul 11, 2026, 19:00:00";"1.06";"91.54";"10.36"
"1757 Golf Club";"Jul 11, 2026, 18:00:00";"0.02";"83.2";"10.67"
"1757 Golf Club";"Jul 11, 2026, 17:00:00";"0.28";"80.69";"12.34"
"1757 Golf Club";"Jul 11, 2026, 16:00:00";"0";"82.44";"12.28"
"1757 Golf Club";"Jul 11, 2026, 15:00:00";"0.13";"96.47";"13.67"
"1757 Golf Club";"Jul 11, 2026, 14:00:00";"0.01";"114.92";"12.83"
"1757 Golf Club";"Jul 11, 2026, 13:00:00";"0.08";"109.53";"12.88"
"1757 Golf Club";"Jul 11, 2026, 12:00:00";"0";"120.22";"11.13"
"1757 Golf Club";"Jul 11, 2026, 11:00:00";"0";"139.83";"7.78"
"1757 Golf Club";"Jul 11, 2026, 10:00:00";"0";"146.89";"6.37"
"1757 Golf Club";"Jul 11, 2026, 09:00:00";"1.46";"154.1";"5.86"
"1757 Golf Club";"Jul 11, 2026, 08:00:00";"2.53";"171.96";"5.35"
"1757 Golf Club";"Jul 11, 2026, 07:00:00";"2.99";"183.97";"5.24"
"1757 Golf Club";"Jul 11, 2026, 06:00:00";"0";"0";"6.08"
"1757 Golf Club";"Jul 11, 2026, 05:00:00";"0";"0";"6.09"
"1757 Golf Club";"Jul 11, 2026, 04:00:00";"1.91";"261.49";"7.75"
"1757 Golf Club";"Jul 11, 2026, 03:00:00";"3.16";"244.29";"10.18"
"1757 Golf Club";"Jul 11, 2026, 02:00:00";"3.21";"202.11";"6.88"
"1757 Golf Club";"Jul 11, 2026, 01:00:00";"5.15";"236.44";"10.35"
"1757 Golf Club";"Jul 11, 2026, 00:00:00";"8.24";"229.05";"10.62"
"1757 Golf Club";"Jul 10, 2026, 23:00:00";"8.98";"187.83";"8.97"
"1757 Golf Club";"Jul 10, 2026, 22:00:00";"22.07";"156.92";"6.77"
"1757 Golf Club";"Jul 10, 2026, 21:00:00";"7.98";"130.72";"6.1"
"1757 Golf Club";"Jul 10, 2026, 20:00:00";"10.69";"117.98";"6.96"
"1757 Golf Club";"Jul 10, 2026, 19:00:00";"0.57";"146.03";"11.22"
"1757 Golf Club";"Jul 10, 2026, 18:00:00";"0.21";"122.71";"11.33"
"1757 Golf Club";"Jul 10, 2026, 17:00:00";"2.2";"157.97";"12.66"
"1757 Golf Club";"Jul 10, 2026, 16:00:00";"4.64";"127.6";"15.48"
"1757 Golf Club";"Jul 10, 2026, 15:00:00";"3.34";"104.57";"15.14"
"1757 Golf Club";"Jul 10, 2026, 14:00:00";"0.88";"98.97";"16.61"
"1757 Golf Club";"Jul 10, 2026, 13:00:00";"0.06";"106.95";"16.86"
"1757 Golf Club";"Jul 10, 2026, 12:00:00";"0.09";"122.21";"17.03"
"1757 Golf Club";"Jul 10, 2026, 11:00:00";"0";"126.74";"15.11"
"1757 Golf Club";"Jul 10, 2026, 10:00:00";"0.01";"149.13";"13.63"
"1757 Golf Club";"Jul 10, 2026, 09:00:00";"1.64";"176.35";"11.49"
"1757 Golf Club";"Jul 10, 2026, 08:00:00";"0";"0";"8.98"
"1757 Golf Club";"Jul 10, 2026, 07:00:00";"3.75";"218.59";"8.39"
"1757 Golf Club";"Jul 10, 2026, 06:00:00";"3.99";"251.74";"10.85"
"1757 Golf Club";"Jul 10, 2026, 05:00:00";"2.71";"253.9";"7.9"
"1757 Golf Club";"Jul 10, 2026, 04:00:00";"2.49";"263.29";"8.93"
"1757 Golf Club";"Jul 10, 2026, 03:00:00";"1.05";"267.64";"7.04"
"1757 Golf Club";"Jul 10, 2026, 02:00:00";"1.16";"324.28";"7.28"
"1757 Golf Club";"Jul 10, 2026, 01:00:00";"2.68";"383.9";"6.16"
"1757 Golf Club";"Jul 10, 2026, 00:00:00";"5.32";"453.68";"7.81"
"1757 Golf Club";"Jul 9, 2026, 23:00:00";"3.53";"469.65";"7.96"
"1757 Golf Club";"Jul 9, 2026, 22:00:00";"0";"0";"7.24"
"1757 Golf Club";"Jul 9, 2026, 21:00:00";"2.29";"356.87";"3.84"
"1757 Golf Club";"Jul 9, 2026, 20:00:00";"2.68";"402.77";"3.5"
"1757 Golf Club";"Jul 9, 2026, 19:00:00";"5.69";"451.17";"4.94"
"1757 Golf Club";"Jul 9, 2026, 18:00:00";"7.07";"385.12";"6.08"
"1757 Golf Club";"Jul 9, 2026, 17:00:00";"7.45";"350.91";"11.02"
"1757 Golf Club";"Jul 9, 2026, 16:00:00";"2.81";"181.29";"4.12"
"1757 Golf Club";"Jul 9, 2026, 15:00:00";"0.04";"224.85";"10.14"
"1757 Golf Club";"Jul 9, 2026, 14:00:00";"0.11";"271.27";"15.16"
"1757 Golf Club";"Jul 9, 2026, 13:00:00";"0.85";"318.55";"14.38"
"1757 Golf Club";"Jul 9, 2026, 12:00:00";"2.44";"342.7";"13.94"
"1757 Golf Club";"Jul 9, 2026, 11:00:00";"4.16";"370.12";"13.87"
"1757 Golf Club";"Jul 9, 2026, 10:00:00";"5.49";"421.45";"11.92"
"1757 Golf Club";"Jul 9, 2026, 09:00:00";"7.14";"446.1";"11.46"
"1757 Golf Club";"Jul 9, 2026, 08:00:00";"8.51";"424.51";"11.76"
"1757 Golf Club";"Jul 9, 2026, 07:00:00";"8.13";"382.46";"11.68"
"1757 Golf Club";"Jul 9, 2026, 06:00:00";"5.74";"375.97";"8.6"
"1757 Golf Club";"Jul 9, 2026, 05:00:00";"7.15";"370.21";"8.5"
"1757 Golf Club";"Jul 9, 2026, 04:00:00";"7.07";"346.96";"8.08"
"1757 Golf Club";"Jul 9, 2026, 03:00:00";"10.56";"313.39";"7.81"
"1757 Golf Club";"Jul 9, 2026, 02:00:00";"6.78";"284.62";"7.18"
"1757 Golf Club";"Jul 9, 2026, 01:00:00";"10.06";"247.27";"7.81"
"1757 Golf Club";"Jul 9, 2026, 00:00:00";"7.46";"219.24";"8.05"
"1757 Golf Club";"Jul 8, 2026, 23:00:00";"6.72";"190.82";"8.79"
"1757 Golf Club";"Jul 8, 2026, 22:00:00";"8.03";"170.11";"8.76"
"1757 Golf Club";"Jul 8, 2026, 21:00:00";"5.39";"141.62";"8.53"
"1757 Golf Club";"Jul 8, 2026, 20:00:00";"6.05";"153.94";"8.7"
"1757 Golf Club";"Jul 8, 2026, 19:00:00";"5.54";"152.78";"7.84"
"1757 Golf Club";"Jul 8, 2026, 18:00:00";"2.14";"169.25";"8.56"
"1757 Golf Club";"Jul 8, 2026, 17:00:00";"0.33";"173.38";"8.19"
"1757 Golf Club";"Jul 8, 2026, 16:00:00";"1.03";"200.51";"8.71"
"1757 Golf Club";"Jul 8, 2026, 15:00:00";"0.78";"227.35";"9.21"
"1757 Golf Club";"Jul 8, 2026, 14:00:00";"2.8";"258.22";"9.62"
"1757 Golf Club";"Jul 8, 2026, 13:00:00";"5.25";"272.66";"9.12"
"1757 Golf Club";"Jul 8, 2026, 12:00:00";"2.3";"271.92";"7.82"
"1757 Golf Club";"Jul 8, 2026, 11:00:00";"5.89";"287.82";"7.05"
"1757 Golf Club";"Jul 8, 2026, 10:00:00";"6.27";"309.27";"7.71"
"1757 Golf Club";"Jul 8, 2026, 09:00:00";"5.46";"330.37";"7.05"
"1757 Golf Club";"Jul 8, 2026, 08:00:00";"4.75";"366.01";"7.83"
"1757 Golf Club";"Jul 8, 2026, 07:00:00";"4.32";"384.68";"14.59"
"1757 Golf Club";"Jul 8, 2026, 06:00:00";"3.22";"401.18";"14.95"
"1757 Golf Club";"Jul 8, 2026, 05:00:00";"2.29";"431.04";"13.7"
"1757 Golf Club";"Jul 8, 2026, 04:00:00";"3.63";"468.19";"17.27"
"1757 Golf Club";"Jul 8, 2026, 03:00:00";"3.23";"534.2";"23.7"
"1757 Golf Club";"Jul 8, 2026, 02:00:00";"2.92";"561.79";"20.36"
"1757 Golf Club";"Jul 8, 2026, 01:00:00";"3.56";"547.06";"19.28"
"1757 Golf Club";"Jul 8, 2026, 00:00:00";"4.53";"495.05";"12.65"
"1757 Golf Club";"Jul 7, 2026, 23:00:00";"5.13";"458.39";"14.26"
"1757 Golf Club";"Jul 7, 2026, 22:00:00";"3.36";"389.21";"15.1"
"1757 Golf Club";"Jul 7, 2026, 21:00:00";"3.72";"379.86";"13.91"
"1757 Golf Club";"Jul 7, 2026, 20:00:00";"3.02";"370.27";"15.23"
"1757 Golf Club";"Jul 7, 2026, 19:00:00";"2.25";"302.55";"15.01"
"1757 Golf Club";"Jul 7, 2026, 18:00:00";"0.01";"251.15";"12.21"
"1757 Golf Club";"Jul 7, 2026, 17:00:00";"0.01";"257.4";"12.26"
"1757 Golf Club";"Jul 7, 2026, 16:00:00";"0.99";"271.72";"15.14"
"1757 Golf Club";"Jul 7, 2026, 15:00:00";"2.36";"298.57";"15.98"
"1757 Golf Club";"Jul 7, 2026, 14:00:00";"2.73";"314.61";"16.55"
"1757 Golf Club";"Jul 7, 2026, 13:00:00";"3.33";"345.53";"15.1"
"1757 Golf Club";"Jul 7, 2026, 12:00:00";"2.37";"362.19";"12.27"
"1757 Golf Club";"Jul 7, 2026, 11:00:00";"3.18";"397.16";"15.37"
"1757 Golf Club";"Jul 7, 2026, 10:00:00";"3.26";"451.51";"13.55"
"1757 Golf Club";"Jul 7, 2026, 09:00:00";"4.79";"505.8";"25.42"
"1757 Golf Club";"Jul 7, 2026, 08:00:00";"5.82";"519.16";"27.1"
"1757 Golf Club";"Jul 7, 2026, 07:00:00";"5.77";"559.87";"31.8"
"1757 Golf Club";"Jul 7, 2026, 06:00:00";"4.47";"545.71";"25.3"
"1757 Golf Club";"Jul 7, 2026, 05:00:00";"2.97";"543.09";"16.74"
"1757 Golf Club";"Jul 7, 2026, 04:00:00";"1.9";"548.09";"12.71"
"1757 Golf Club";"Jul 7, 2026, 03:00:00";"2.43";"557.73";"11.63"
"1757 Golf Club";"Jul 7, 2026, 02:00:00";"5.42";"523.27";"9.35"
"1757 Golf Club";"Jul 7, 2026, 01:00:00";"5.15";"512.95";"8.1"
"1757 Golf Club";"Jul 7, 2026, 00:00:00";"5.03";"504.21";"10.95"
"1757 Golf Club";"Jul 6, 2026, 23:00:00";"8.12";"415.38";"13.14"
"1757 Golf Club";"Jul 6, 2026, 22:00:00";"7.93";"303.54";"13.74"
"1757 Golf Club";"Jul 6, 2026, 21:00:00";"2.72";"215.79";"12.11"
"1757 Golf Club";"Jul 6, 2026, 20:00:00";"0.12";"238.94";"12.85"
"1757 Golf Club";"Jul 6, 2026, 19:00:00";"0.87";"248.33";"11.28"
"1757 Golf Club";"Jul 6, 2026, 18:00:00";"0.92";"239.39";"11.37"
"1757 Golf Club";"Jul 6, 2026, 17:00:00";"0.1";"225.01";"12.32"
"1757 Golf Club";"Jul 6, 2026, 16:00:00";"0.1";"228.99";"12.77"
"1757 Golf Club";"Jul 6, 2026, 15:00:00";"0";"227.11";"13.14"
"1757 Golf Club";"Jul 6, 2026, 14:00:00";"0";"249.17";"13.09"
"1757 Golf Club";"Jul 6, 2026, 13:00:00";"0.26";"286.18";"11.58"
"1757 Golf Club";"Jul 6, 2026, 12:00:00";"0.32";"326.08";"10.35"
"1757 Golf Club";"Jul 6, 2026, 11:00:00";"1.59";"352.56";"9.68"
"1757 Golf Club";"Jul 6, 2026, 10:00:00";"0.88";"355.37";"8.96"
"1757 Golf Club";"Jul 6, 2026, 09:00:00";"2.22";"395.1";"6.43"
"1757 Golf Club";"Jul 6, 2026, 08:00:00";"3.9";"410.07";"6.95"
"1757 Golf Club";"Jul 6, 2026, 07:00:00";"3.34";"399.98";"10.43"
"1757 Golf Club";"Jul 6, 2026, 06:00:00";"2.81";"423.19";"11.55"
"1757 Golf Club";"Jul 6, 2026, 05:00:00";"3.52";"428.4";"10.6"
"1757 Golf Club";"Jul 6, 2026, 04:00:00";"3.49";"420.31";"12.02"
"1757 Golf Club";"Jul 6, 2026, 03:00:00";"3.83";"410.88";"13.04"
"1757 Golf Club";"Jul 6, 2026, 02:00:00";"5.16";"398.52";"11.41"
"1757 Golf Club";"Jul 6, 2026, 01:00:00";"0";"0";"11.2"
"1757 Golf Club";"Jul 6, 2026, 00:00:00";"5.29";"292.9";"9.22"
"1757 Golf Club";"Jul 5, 2026, 23:00:00";"5.13";"122.5";"9.81"
"1757 Golf Club";"Jul 5, 2026, 22:00:00";"5.09";"76.82";"11.2"
"1757 Golf Club";"Jul 5, 2026, 21:00:00";"5.07";"54.72";"9.61"
"1757 Golf Club";"Jul 5, 2026, 20:00:00";"1.84";"109.72";"14.9"
"1757 Golf Club";"Jul 5, 2026, 19:00:00";"1.6";"151.22";"22.35"
"1757 Golf Club";"Jul 5, 2026, 18:00:00";"0.88";"123.04";"21.87"
"1757 Golf Club";"Jul 5, 2026, 17:00:00";"0.08";"97.54";"17.78"
"1757 Golf Club";"Jul 5, 2026, 16:00:00";"0.11";"90";"16.51"
"1757 Golf Club";"Jul 5, 2026, 15:00:00";"0.41";"84.59";"15.32"
"1757 Golf Club";"Jul 5, 2026, 14:00:00";"0.12";"98.26";"13.94"
"1757 Golf Club";"Jul 5, 2026, 13:00:00";"0";"117.52";"13.54"
"1757 Golf Club";"Jul 5, 2026, 12:00:00";"0";"121.17";"12.63"
"1757 Golf Club";"Jul 5, 2026, 11:00:00";"0";"147.86";"11.52"
"1757 Golf Club";"Jul 5, 2026, 10:00:00";"0";"192.58";"9.84"
"1757 Golf Club";"Jul 5, 2026, 09:00:00";"1.88";"209.18";"10.25"
"1757 Golf Club";"Jul 5, 2026, 08:00:00";"1.95";"213.04";"11.83"
"1757 Golf Club";"Jul 5, 2026, 07:00:00";"2.54";"240.86";"13.03"
"1757 Golf Club";"Jul 5, 2026, 06:00:00";"5.47";"230.9";"13.74"
"1757 Golf Club";"Jul 5, 2026, 05:00:00";"4.22";"224.15";"13.93"
"1757 Golf Club";"Jul 5, 2026, 04:00:00";"7.85";"214.59";"16.08"
"1757 Golf Club";"Jul 5, 2026, 03:00:00";"6.36";"227.89";"14.99"
"1757 Golf Club";"Jul 5, 2026, 02:00:00";"5.13";"217.92";"15.55"
"1757 Golf Club";"Jul 5, 2026, 01:00:00";"3.37";"193.3";"12.94"
"1757 Golf Club";"Jul 5, 2026, 00:00:00";"3.21";"194.37";"18.67"
"1757 Golf Club";"Jul 4, 2026, 23:00:00";"6.7";"156.69";"15.76"
"1757 Golf Club";"Jul 4, 2026, 22:00:00";"8.79";"126.86";"8.17"
"1757 Golf Club";"Jul 4, 2026, 21:00:00";"4.65";"69.13";"6.71"
"1757 Golf Club";"Jul 4, 2026, 20:00:00";"4.35";"65.27";"10.74"
"1757 Golf Club";"Jul 4, 2026, 19:00:00";"2.02";"87.07";"17.46"
"1757 Golf Club";"Jul 4, 2026, 18:00:00";"0.65";"84.68";"19.11"
"1757 Golf Club";"Jul 4, 2026, 17:00:00";"0";"73.2";"14.25"
"1757 Golf Club";"Jul 4, 2026, 16:00:00";"0.04";"84.17";"15.09"
"1757 Golf Club";"Jul 4, 2026, 15:00:00";"0.25";"85.73";"14.61"
"1757 Golf Club";"Jul 4, 2026, 14:00:00";"0";"72.7";"12"
"1757 Golf Club";"Jul 4, 2026, 13:00:00";"0";"74.15";"9.38"
"1757 Golf Club";"Jul 4, 2026, 12:00:00";"0";"111.74";"11.08"
"1757 Golf Club";"Jul 4, 2026, 11:00:00";"0";"127.13";"11"
"1757 Golf Club";"Jul 4, 2026, 10:00:00";"0";"152.04";"9.56"
"1757 Golf Club";"Jul 4, 2026, 09:00:00";"0.01";"120.17";"7.39"
"1757 Golf Club";"Jul 4, 2026, 08:00:00";"0.13";"123.48";"6.24"
"1757 Golf Club";"Jul 4, 2026, 07:00:00";"0.22";"144.35";"8"
"1757 Golf Club";"Jul 4, 2026, 06:00:00";"0.82";"212.37";"12.05"
"1757 Golf Club";"Jul 4, 2026, 05:00:00";"0.72";"246.69";"17.57"
"1757 Golf Club";"Jul 4, 2026, 04:00:00";"0.12";"245.65";"16.16"
"1757 Golf Club";"Jul 4, 2026, 03:00:00";"2.55";"329.47";"18.99"
"1757 Golf Club";"Jul 4, 2026, 02:00:00";"1.99";"241.97";"19.99"
"1757 Golf Club";"Jul 4, 2026, 01:00:00";"0.56";"231.36";"16.5"
"1757 Golf Club";"Jul 4, 2026, 00:00:00";"0.22";"211.12";"16.06"
"1757 Golf Club";"Jul 3, 2026, 23:00:00";"0.47";"177.07";"17.49"
"1757 Golf Club";"Jul 3, 2026, 22:00:00";"0.29";"150.15";"16.92"
"1757 Golf Club";"Jul 3, 2026, 21:00:00";"0";"138.91";"17.32"
"1757 Golf Club";"Jul 3, 2026, 20:00:00";"0.42";"138.93";"18.15"
"1757 Golf Club";"Jul 3, 2026, 19:00:00";"0.06";"141.97";"18.31"
"1757 Golf Club";"Jul 3, 2026, 18:00:00";"0.1";"130.62";"17.55"
"1757 Golf Club";"Jul 3, 2026, 17:00:00";"0";"133.08";"17.75"
"1757 Golf Club";"Jul 3, 2026, 16:00:00";"0";"126.09";"17.24"
"1757 Golf Club";"Jul 3, 2026, 15:00:00";"0.11";"128.14";"16.55"
"1757 Golf Club";"Jul 3, 2026, 14:00:00";"0";"130.38";"17.29"
"1757 Golf Club";"Jul 3, 2026, 13:00:00";"0.64";"145.73";"16.76"
"1757 Golf Club";"Jul 3, 2026, 12:00:00";"0";"164.55";"17.36"
"1757 Golf Club";"Jul 3, 2026, 11:00:00";"0";"230.96";"18.38"
"1757 Golf Club";"Jul 3, 2026, 10:00:00";"0";"250.77";"18.61"
"1757 Golf Club";"Jul 3, 2026, 09:00:00";"0.22";"271.51";"19.65"
"1757 Golf Club";"Jul 3, 2026, 08:00:00";"1.72";"282.97";"20.92"
"1757 Golf Club";"Jul 3, 2026, 07:00:00";"1.53";"245.22";"21.22"
"1757 Golf Club";"Jul 3, 2026, 06:00:00";"2.16";"204.89";"20.42"
"1757 Golf Club";"Jul 3, 2026, 05:00:00";"6.43";"197.82";"18.25"
"1757 Golf Club";"Jul 3, 2026, 04:00:00";"1.63";"193.55";"18.46"
"1757 Golf Club";"Jul 3, 2026, 03:00:00";"2.34";"184.1";"18.17"
"1757 Golf Club";"Jul 3, 2026, 02:00:00";"4.64";"203.3";"19.13"
"1757 Golf Club";"Jul 3, 2026, 01:00:00";"4.82";"166.16";"18.55"
"1757 Golf Club";"Jul 3, 2026, 00:00:00";"1.77";"180.14";"18.38"
"1757 Golf Club";"Jul 2, 2026, 23:00:00";"0.73";"183.56";"17.72"
"1757 Golf Club";"Jul 2, 2026, 22:00:00";"2.08";"153.72";"17.68"
"1757 Golf Club";"Jul 2, 2026, 21:00:00";"1.5";"148.43";"19.72"
"1757 Golf Club";"Jul 2, 2026, 20:00:00";"0.45";"147.97";"21.16"
"1757 Golf Club";"Jul 2, 2026, 19:00:00";"0.02";"136.31";"22.16"
"1757 Golf Club";"Jul 2, 2026, 18:00:00";"0.08";"132.95";"23"
"1757 Golf Club";"Jul 2, 2026, 17:00:00";"0.06";"131.9";"22.48"
"1757 Golf Club";"Jul 2, 2026, 16:00:00";"0.25";"128.78";"22.65"
"1757 Golf Club";"Jul 2, 2026, 15:00:00";"0.49";"146.72";"23.72"
"1757 Golf Club";"Jul 2, 2026, 14:00:00";"1.02";"162.82";"24.45"
"1757 Golf Club";"Jul 2, 2026, 13:00:00";"0";"191.43";"26.26"
"1757 Golf Club";"Jul 2, 2026, 12:00:00";"0";"216.15";"23.41"
"1757 Golf Club";"Jul 2, 2026, 11:00:00";"0";"240.51";"22.59"
"1757 Golf Club";"Jul 2, 2026, 10:00:00";"0.07";"275.17";"21.83"
"1757 Golf Club";"Jul 2, 2026, 09:00:00";"1.57";"296.77";"19.08"
"1757 Golf Club";"Jul 2, 2026, 08:00:00";"4.63";"312.93";"18.73"
"1757 Golf Club";"Jul 2, 2026, 07:00:00";"3.38";"262.94";"19"
"1757 Golf Club";"Jul 2, 2026, 06:00:00";"9.07";"262.89";"17.82"
"1757 Golf Club";"Jul 2, 2026, 05:00:00";"2.16";"274.77";"17.31"
"1757 Golf Club";"Jul 2, 2026, 04:00:00";"2.09";"296.69";"16.61"
"1757 Golf Club";"Jul 2, 2026, 03:00:00";"2.9";"320.26";"18.51"
"1757 Golf Club";"Jul 2, 2026, 02:00:00";"8.31";"325.52";"18.13"
"1757 Golf Club";"Jul 2, 2026, 01:00:00";"21.33";"300.41";"18.52"
"1757 Golf Club";"Jul 2, 2026, 00:00:00";"21.39";"243.95";"18.38"
"1757 Golf Club";"Jul 1, 2026, 23:00:00";"2.24";"213.71";"17.56"
"1757 Golf Club";"Jul 1, 2026, 22:00:00";"1.72";"178.05";"18.74"
"1757 Golf Club";"Jul 1, 2026, 21:00:00";"1.05";"166.23";"20.19"
"1757 Golf Club";"Jul 1, 2026, 20:00:00";"2.07";"163.58";"21.62"
"1757 Golf Club";"Jul 1, 2026, 19:00:00";"0.06";"139.63";"21.58"
"1757 Golf Club";"Jul 1, 2026, 18:00:00";"0";"142.68";"22.21"
"1757 Golf Club";"Jul 1, 2026, 17:00:00";"0";"162.37";"22.23"
"1757 Golf Club";"Jul 1, 2026, 16:00:00";"0.01";"172.96";"21.17"
"1757 Golf Club";"Jul 1, 2026, 15:00:00";"0";"180";"21.31"
"1757 Golf Club";"Jul 1, 2026, 14:00:00";"0";"176.8";"20.81"
"1757 Golf Club";"Jul 1, 2026, 13:00:00";"0";"215.13";"18.69"
"1757 Golf Club";"Jul 1, 2026, 12:00:00";"0.07";"224.29";"16.22"
"1757 Golf Club";"Jul 1, 2026, 11:00:00";"1.7";"212.8";"13.65"
"1757 Golf Club";"Jul 1, 2026, 10:00:00";"6.02";"193.45";"10.16"
"1757 Golf Club";"Jul 1, 2026, 09:00:00";"9.84";"164.46";"7.93"
"1757 Golf Club";"Jul 1, 2026, 08:00:00";"13.92";"123.61";"6.38"
"1757 Golf Club";"Jul 1, 2026, 07:00:00";"12.16";"103.59";"6.1"
"1757 Golf Club";"Jul 1, 2026, 06:00:00";"10.69";"96.63";"5.21"
"1757 Golf Club";"Jul 1, 2026, 05:00:00";"6.96";"87.46";"4.76"
"1757 Golf Club";"Jul 1, 2026, 04:00:00";"7";"78.95";"4.6"
"1757 Golf Club";"Jul 1, 2026, 03:00:00";"9.12";"74.5";"4.88"
"1757 Golf Club";"Jul 1, 2026, 02:00:00";"8.49";"66.9";"4.64"
"1757 Golf Club";"Jul 1, 2026, 01:00:00";"10.47";"61.71";"4.55"
"1757 Golf Club";"Jul 1, 2026, 00:00:00";"13.54";"63.98";"4.69"
"1757 Golf Club";"Jun 30, 2026, 23:00:00";"10.33";"65.4";"4.09"
"1757 Golf Club";"Jun 30, 2026, 22:00:00";"9.28";"65.29";"4.4"
"1757 Golf Club";"Jun 30, 2026, 21:00:00";"5.95";"71.33";"5.13"
"1757 Golf Club";"Jun 30, 2026, 20:00:00";"3.65";"96.49";"6.86"
"1757 Golf Club";"Jun 30, 2026, 19:00:00";"2.26";"119.28";"7.9"
"1757 Golf Club";"Jun 30, 2026, 18:00:00";"0.58";"128.17";"9.1"
"1757 Golf Club";"Jun 30, 2026, 17:00:00";"0.35";"134.04";"8.93"
"1757 Golf Club";"Jun 30, 2026, 16:00:00";"0.06";"139.08";"8.42"
"1757 Golf Club";"Jun 30, 2026, 15:00:00";"0.8";"140.11";"8.68"
"1757 Golf Club";"Jun 30, 2026, 14:00:00";"0.26";"132.65";"9.28"
"1757 Golf Club";"Jun 30, 2026, 13:00:00";"0.29";"143.69";"8.47"
"1757 Golf Club";"Jun 30, 2026, 12:00:00";"1.14";"172.69";"8.89"
"1757 Golf Club";"Jun 30, 2026, 11:00:00";"1.36";"189.64";"9.16"
"1757 Golf Club";"Jun 30, 2026, 10:00:00";"7.01";"221.58";"9.06"
"1757 Golf Club";"Jun 30, 2026, 09:00:00";"11.87";"267.1";"9.42"
"1757 Golf Club";"Jun 30, 2026, 08:00:00";"16.46";"258.35";"9.96"
"1757 Golf Club";"Jun 30, 2026, 07:00:00";"16.48";"238.98";"10.12"
"1757 Golf Club";"Jun 30, 2026, 06:00:00";"0";"0";"10.7"
"1757 Golf Club";"Jun 30, 2026, 05:00:00";"9.76";"206.81";"9.32"
"1757 Golf Club";"Jun 30, 2026, 04:00:00";"7.41";"193.79";"8.53"
"1757 Golf Club";"Jun 30, 2026, 03:00:00";"8.28";"163.79";"8.23"
"1757 Golf Club";"Jun 30, 2026, 02:00:00";"8.47";"151.7";"7.75"
"1757 Golf Club";"Jun 30, 2026, 01:00:00";"10.93";"143.03";"7.31"
"1757 Golf Club";"Jun 30, 2026, 00:00:00";"10.23";"133.45";"7.88"
"1757 Golf Club";"Jun 29, 2026, 23:00:00";"8.81";"97.44";"6.67"
"1757 Golf Club";"Jun 29, 2026, 22:00:00";"7.73";"65.06";"5.92"
"1757 Golf Club";"Jun 29, 2026, 21:00:00";"5.7";"103.97";"7.07"
"1757 Golf Club";"Jun 29, 2026, 20:00:00";"6.85";"123.29";"9.06"
"1757 Golf Club";"Jun 29, 2026, 19:00:00";"2.72";"109.65";"10.2"
"1757 Golf Club";"Jun 29, 2026, 18:00:00";"2";"141.94";"16.33"
"1757 Golf Club";"Jun 29, 2026, 17:00:00";"2.03";"150.05";"11.1"
"1757 Golf Club";"Jun 29, 2026, 16:00:00";"1.42";"149.67";"9.11"
"1757 Golf Club";"Jun 29, 2026, 15:00:00";"0.22";"159.08";"7.55"
"1757 Golf Club";"Jun 29, 2026, 14:00:00";"0";"168.87";"8.23"
"1757 Golf Club";"Jun 29, 2026, 13:00:00";"0";"219.64";"8.86"
"1757 Golf Club";"Jun 29, 2026, 12:00:00";"0.37";"315.48";"10.6"
"1757 Golf Club";"Jun 29, 2026, 11:00:00";"3.95";"349.79";"11.34"
"1757 Golf Club";"Jun 29, 2026, 10:00:00";"3.81";"420.91";"11.17"
"1757 Golf Club";"Jun 29, 2026, 09:00:00";"3.95";"460.46";"13.38"
"1757 Golf Club";"Jun 29, 2026, 08:00:00";"4.91";"498.22";"12.76"
"1757 Golf Club";"Jun 29, 2026, 07:00:00";"5.86";"484.9";"16.26"
"1757 Golf Club";"Jun 29, 2026, 06:00:00";"3.87";"453.92";"15.6"
"1757 Golf Club";"Jun 29, 2026, 05:00:00";"3.77";"431.6";"18.62"
"1757 Golf Club";"Jun 29, 2026, 04:00:00";"3.54";"405.94";"16.94"
"1757 Golf Club";"Jun 29, 2026, 03:00:00";"3.66";"388.2";"12.96"
"1757 Golf Club";"Jun 29, 2026, 02:00:00";"3.67";"397.46";"10.33"
"1757 Golf Club";"Jun 29, 2026, 01:00:00";"4.33";"381.75";"9.51"
"1757 Golf Club";"Jun 29, 2026, 00:00:00";"5.66";"409.56";"10.47"
"1757 Golf Club";"Jun 28, 2026, 23:00:00";"0";"0";"10.51"
"1757 Golf Club";"Jun 28, 2026, 22:00:00";"0";"0";"8.39"
"1757 Golf Club";"Jun 28, 2026, 21:00:00";"3.3";"369.54";"6.2"
"1757 Golf Club";"Jun 28, 2026, 20:00:00";"2.23";"353.04";"4.62"
"1757 Golf Club";"Jun 28, 2026, 19:00:00";"1.4";"335.35";"4.04"
"1757 Golf Club";"Jun 28, 2026, 18:00:00";"2.05";"362.53";"3.63"
"1757 Golf Club";"Jun 28, 2026, 17:00:00";"2.71";"405.18";"6.23"
"1757 Golf Club";"Jun 28, 2026, 16:00:00";"3.25";"428.97";"5.76"
"1757 Golf Club";"Jun 28, 2026, 15:00:00";"2.8";"427.82";"4.54"
"1757 Golf Club";"Jun 28, 2026, 14:00:00";"0";"0";"4.17"
"1757 Golf Club";"Jun 28, 2026, 13:00:00";"3.98";"483.36";"5.79"
"1757 Golf Club";"Jun 28, 2026, 12:00:00";"0";"0";"6.57"
"1757 Golf Club";"Jun 28, 2026, 11:00:00";"3.67";"495.37";"10.02"
"1757 Golf Club";"Jun 28, 2026, 10:00:00";"3.4";"502.82";"15.62"
"1757 Golf Club";"Jun 28, 2026, 09:00:00";"2.84";"472.81";"30.49"
"1757 Golf Club";"Jun 28, 2026, 08:00:00";"0";"0";"37.99"
"1757 Golf Club";"Jun 28, 2026, 07:00:00";"3.74";"468.28";"0"
"1757 Golf Club";"Jun 28, 2026, 04:00:00";"4.28";"433.21";"36.43"
"1757 Golf Club";"Jun 28, 2026, 03:00:00";"4.1";"446.31";"32.43"
"1757 Golf Club";"Jun 28, 2026, 02:00:00";"4.23";"438.03";"38.48"
"1757 Golf Club";"Jun 28, 2026, 01:00:00";"5.74";"438.64";"34.83"
"1757 Golf Club";"Jun 28, 2026, 00:00:00";"6.14";"444.86";"33.68"
"1757 Golf Club";"Jun 27, 2026, 23:00:00";"5.86";"456.85";"28.26"
"1757 Golf Club";"Jun 27, 2026, 22:00:00";"6.09";"392.35";"23.85"
"1757 Golf Club";"Jun 27, 2026, 21:00:00";"4.11";"302.22";"10.27"
"1757 Golf Club";"Jun 27, 2026, 20:00:00";"1.97";"227.12";"5.5"
"1757 Golf Club";"Jun 27, 2026, 19:00:00";"1.29";"228.85";"5.85"
"1757 Golf Club";"Jun 27, 2026, 18:00:00";"1";"237.47";"5.86"
"1757 Golf Club";"Jun 27, 2026, 17:00:00";"2.76";"235.76";"6.07"
"1757 Golf Club";"Jun 27, 2026, 16:00:00";"1.54";"228.37";"6.87"
"1757 Golf Club";"Jun 27, 2026, 15:00:00";"0.31";"220.12";"6.4"
"1757 Golf Club";"Jun 27, 2026, 14:00:00";"0";"230.2";"6.57"
"1757 Golf Club";"Jun 27, 2026, 13:00:00";"0.14";"216.78";"6.65"
"1757 Golf Club";"Jun 27, 2026, 12:00:00";"0.73";"222.66";"6.01"
"1757 Golf Club";"Jun 27, 2026, 11:00:00";"3";"284.7";"6.18"
"1757 Golf Club";"Jun 27, 2026, 10:00:00";"7.23";"317.79";"6.19"
"1757 Golf Club";"Jun 27, 2026, 09:00:00";"0";"0";"6.51"
"1757 Golf Club";"Jun 27, 2026, 08:00:00";"5.1";"389.06";"7.33"
"1757 Golf Club";"Jun 27, 2026, 07:00:00";"5.84";"379.99";"10.18"
"1757 Golf Club";"Jun 27, 2026, 06:00:00";"8.98";"337.27";"6.89"
"1757 Golf Club";"Jun 27, 2026, 05:00:00";"9.25";"298.54";"5.78"
"1757 Golf Club";"Jun 27, 2026, 04:00:00";"5.9";"293.45";"6.41"
"1757 Golf Club";"Jun 27, 2026, 03:00:00";"5.37";"280.57";"5.93"
"1757 Golf Club";"Jun 27, 2026, 02:00:00";"5.88";"266.74";"5.48"
"1757 Golf Club";"Jun 27, 2026, 01:00:00";"12.04";"286.74";"6.65"
"1757 Golf Club";"Jun 27, 2026, 00:00:00";"21.5";"289.23";"6.91"
"1757 Golf Club";"Jun 26, 2026, 23:00:00";"8.75";"287.73";"6.35"
"1757 Golf Club";"Jun 26, 2026, 22:00:00";"8.75";"267.14";"6.37"
"1757 Golf Club";"Jun 26, 2026, 21:00:00";"9.45";"227.72";"5.3"
"1757 Golf Club";"Jun 26, 2026, 20:00:00";"15.02";"223.74";"5.22"
"1757 Golf Club";"Jun 26, 2026, 19:00:00";"21.69";"228.37";"6.29"
"1757 Golf Club";"Jun 26, 2026, 18:00:00";"0";"0";"3.52"
"1757 Golf Club";"Jun 26, 2026, 17:00:00";"2.04";"107.51";"3.32"
"1757 Golf Club";"Jun 26, 2026, 16:00:00";"0.4";"103.12";"4.35"
"1757 Golf Club";"Jun 26, 2026, 15:00:00";"0.72";"109.95";"4.02"
"1757 Golf Club";"Jun 26, 2026, 14:00:00";"0.4";"119.33";"7.06"
"1757 Golf Club";"Jun 26, 2026, 13:00:00";"0.09";"119.89";"3.67"
"1757 Golf Club";"Jun 26, 2026, 12:00:00";"0.62";"111.29";"3.77"
"1757 Golf Club";"Jun 26, 2026, 11:00:00";"5.29";"124.89";"3.88"
"1757 Golf Club";"Jun 26, 2026, 10:00:00";"16.64";"136.69";"7.25"
"1757 Golf Club";"Jun 26, 2026, 09:00:00";"23.44";"135.64";"6.66"
"1757 Golf Club";"Jun 26, 2026, 08:00:00";"14.2";"109.5";"5.18"
"1757 Golf Club";"Jun 26, 2026, 07:00:00";"8.98";"83.59";"4.09"
"1757 Golf Club";"Jun 26, 2026, 06:00:00";"6.94";"72.02";"3.79"
"1757 Golf Club";"Jun 26, 2026, 05:00:00";"6.54";"68.78";"3.77"
"1757 Golf Club";"Jun 26, 2026, 04:00:00";"6.54";"58.04";"3.86"
"1757 Golf Club";"Jun 26, 2026, 03:00:00";"6.18";"49.87";"3.23"
"1757 Golf Club";"Jun 26, 2026, 02:00:00";"6.8";"48.29";"3.37"
"1757 Golf Club";"Jun 26, 2026, 01:00:00";"10.2";"46.63";"3.35"
"1757 Golf Club";"Jun 26, 2026, 00:00:00";"14.3";"45.99";"3.55"
"1757 Golf Club";"Jun 25, 2026, 23:00:00";"7.53";"40.73";"3.3"
"1757 Golf Club";"Jun 25, 2026, 22:00:00";"10.09";"39.36";"3.18"
"1757 Golf Club";"Jun 25, 2026, 21:00:00";"8.08";"39.45";"3.01"
"1757 Golf Club";"Jun 25, 2026, 20:00:00";"6.61";"42.15";"2.86"
"1757 Golf Club";"Jun 25, 2026, 19:00:00";"3.68";"46.56";"3.31"
"1757 Golf Club";"Jun 25, 2026, 18:00:00";"3.18";"46.37";"3.01"
"1757 Golf Club";"Jun 25, 2026, 17:00:00";"1.37";"49";"2.86"
"1757 Golf Club";"Jun 25, 2026, 16:00:00";"3.6";"48.48";"3.42"
"1757 Golf Club";"Jun 25, 2026, 15:00:00";"2.61";"44.83";"3.4"
"1757 Golf Club";"Jun 25, 2026, 14:00:00";"1.73";"54.67";"4.27"
"1757 Golf Club";"Jun 25, 2026, 13:00:00";"0.66";"63.4";"3.33"
"1757 Golf Club";"Jun 25, 2026, 12:00:00";"1.04";"58.52";"3.99"
"1757 Golf Club";"Jun 25, 2026, 11:00:00";"1.14";"66.3";"3.6"
"1757 Golf Club";"Jun 25, 2026, 10:00:00";"9.26";"81.85";"4.23"
"1757 Golf Club";"Jun 25, 2026, 09:00:00";"14.56";"82.91";"4.38"
"1757 Golf Club";"Jun 25, 2026, 08:00:00";"19.83";"89.47";"3.32"
"1757 Golf Club";"Jun 25, 2026, 07:00:00";"17.11";"105.7";"2.87"
"1757 Golf Club";"Jun 25, 2026, 06:00:00";"11.72";"91.79";"2.65"
"1757 Golf Club";"Jun 25, 2026, 05:00:00";"10.58";"73.13";"2.31"
"1757 Golf Club";"Jun 25, 2026, 04:00:00";"10.51";"74.91";"2.2"
"1757 Golf Club";"Jun 25, 2026, 03:00:00";"14.57";"73.13";"2.39"
"1757 Golf Club";"Jun 25, 2026, 02:00:00";"24.11";"60.63";"2.06"
"1757 Golf Club";"Jun 25, 2026, 01:00:00";"30.35";"55.08";"1.88"
"1757 Golf Club";"Jun 25, 2026, 00:00:00";"0";"0";"1.82"
"1757 Golf Club";"Jun 24, 2026, 23:00:00";"0";"0";"1.88"
"1757 Golf Club";"Jun 24, 2026, 22:00:00";"6.11";"31.15";"1.41"
"1757 Golf Club";"Jun 24, 2026, 21:00:00";"4.51";"19.3";"1.26"
"1757 Golf Club";"Jun 24, 2026, 20:00:00";"4.07";"15";"1.25"
"1757 Golf Club";"Jun 24, 2026, 19:00:00";"3.63";"16.19";"1.41"
"1757 Golf Club";"Jun 24, 2026, 18:00:00";"2.09";"19.41";"1.29"
"1757 Golf Club";"Jun 24, 2026, 17:00:00";"0.51";"20.97";"1.43"
"1757 Golf Club";"Jun 24, 2026, 16:00:00";"1.07";"18.4";"1.38"
"1757 Golf Club";"Jun 24, 2026, 15:00:00";"1.8";"19.97";"1.55"
"1757 Golf Club";"Jun 24, 2026, 14:00:00";"1.2";"20.37";"1.7"
"1757 Golf Club";"Jun 24, 2026, 13:00:00";"0.68";"25.26";"1.55"
"1757 Golf Club";"Jun 24, 2026, 12:00:00";"0.29";"31.31";"1.79"
"1757 Golf Club";"Jun 24, 2026, 11:00:00";"1.8";"40.19";"1.95"
"1757 Golf Club";"Jun 24, 2026, 10:00:00";"3.95";"42.46";"2.26"
"1757 Golf Club";"Jun 24, 2026, 09:00:00";"6.55";"48.71";"2.05"
"1757 Golf Club";"Jun 24, 2026, 08:00:00";"6.78";"46.46";"1.6"
"1757 Golf Club";"Jun 24, 2026, 07:00:00";"6.5";"41.75";"1.93"
"1757 Golf Club";"Jun 24, 2026, 06:00:00";"3.91";"38.78";"4.55"
"1757 Golf Club";"Jun 24, 2026, 05:00:00";"3.07";"37.39";"1.47"
"1757 Golf Club";"Jun 24, 2026, 04:00:00";"3.2";"41.77";"1.43"
"1757 Golf Club";"Jun 24, 2026, 03:00:00";"2.47";"51.41";"1.43"
"1757 Golf Club";"Jun 24, 2026, 02:00:00";"3.37";"63.57";"1.23"
"1757 Golf Club";"Jun 24, 2026, 01:00:00";"4.81";"85.28";"1.45"
"1757 Golf Club";"Jun 24, 2026, 00:00:00";"6.26";"125.77";"1.29"
"1757 Golf Club";"Jun 23, 2026, 23:00:00";"6.7";"145.8";"2.26"
"1757 Golf Club";"Jun 23, 2026, 22:00:00";"12.41";"123.48";"1.47"
"1757 Golf Club";"Jun 23, 2026, 21:00:00";"3.73";"105.5";"0.84"
"1757 Golf Club";"Jun 23, 2026, 20:00:00";"0.62";"93.44";"0.7"
"1757 Golf Club";"Jun 23, 2026, 19:00:00";"0.41";"110.87";"0.77"
"1757 Golf Club";"Jun 23, 2026, 18:00:00";"0.58";"145.4";"0.76"
"1757 Golf Club";"Jun 23, 2026, 17:00:00";"1.81";"199.4";"0.8"
"1757 Golf Club";"Jun 23, 2026, 16:00:00";"4.01";"277.4";"1.38"
"1757 Golf Club";"Jun 23, 2026, 15:00:00";"3.98";"287.69";"2.68"
"1757 Golf Club";"Jun 23, 2026, 14:00:00";"3.88";"319.21";"2.07"
"1757 Golf Club";"Jun 23, 2026, 13:00:00";"4.7";"347.61";"1.64"
"1757 Golf Club";"Jun 23, 2026, 12:00:00";"7.04";"383.94";"3.03"
"1757 Golf Club";"Jun 23, 2026, 11:00:00";"5.63";"401.21";"8.78"
"1757 Golf Club";"Jun 23, 2026, 10:00:00";"5.29";"376.31";"10.73"
"1757 Golf Club";"Jun 23, 2026, 09:00:00";"4.95";"329.6";"6.62"
"1757 Golf Club";"Jun 23, 2026, 08:00:00";"5.61";"316.42";"3.53"
"1757 Golf Club";"Jun 23, 2026, 07:00:00";"4.97";"341.9";"3.35"
"1757 Golf Club";"Jun 23, 2026, 06:00:00";"3.4";"381.3";"4.36"
"1757 Golf Club";"Jun 23, 2026, 05:00:00";"2.88";"398.63";"3.97"
"1757 Golf Club";"Jun 23, 2026, 04:00:00";"3.29";"379.8";"3.49"
"1757 Golf Club";"Jun 23, 2026, 03:00:00";"0";"0";"2.78"
"1757 Golf Club";"Jun 23, 2026, 02:00:00";"6.77";"364.85";"2.9"
"1757 Golf Club";"Jun 23, 2026, 01:00:00";"8.46";"356.74";"2.7"
"1757 Golf Club";"Jun 23, 2026, 00:00:00";"11.65";"331.16";"2.37"
"1757 Golf Club";"Jun 22, 2026, 23:00:00";"11.57";"353.43";"3.55"
"1757 Golf Club";"Jun 22, 2026, 22:00:00";"10.76";"345.78";"3.77"
"1757 Golf Club";"Jun 22, 2026, 21:00:00";"18.52";"336.85";"4.66"
"1757 Golf Club";"Jun 22, 2026, 20:00:00";"13.48";"369.63";"7.83"
"1757 Golf Club";"Jun 22, 2026, 19:00:00";"7.59";"263.08";"7.7"
"1757 Golf Club";"Jun 22, 2026, 18:00:00";"6.27";"191.27";"5.94"
"1757 Golf Club";"Jun 22, 2026, 17:00:00";"4.19";"140.62";"6.08"
"1757 Golf Club";"Jun 22, 2026, 16:00:00";"1.32";"122.63";"6.23"
"1757 Golf Club";"Jun 22, 2026, 15:00:00";"1.79";"127.06";"5.93"
"1757 Golf Club";"Jun 22, 2026, 14:00:00";"1.96";"134.19";"6.09"
"1757 Golf Club";"Jun 22, 2026, 13:00:00";"3.28";"118.27";"5.96"
"1757 Golf Club";"Jun 22, 2026, 12:00:00";"3.13";"122.19";"6.31"
"1757 Golf Club";"Jun 22, 2026, 11:00:00";"5.26";"146.12";"6.08"
"1757 Golf Club";"Jun 22, 2026, 10:00:00";"7.83";"172.02";"5.19"
"1757 Golf Club";"Jun 22, 2026, 09:00:00";"16.46";"179.69";"4.25"
"1757 Golf Club";"Jun 22, 2026, 08:00:00";"12.42";"155.04";"4.2"
"1757 Golf Club";"Jun 22, 2026, 07:00:00";"10.73";"145.26";"4.56"
"1757 Golf Club";"Jun 22, 2026, 06:00:00";"7.46";"124.25";"4.58"
"1757 Golf Club";"Jun 22, 2026, 05:00:00";"5";"101.9";"5.94"
"1757 Golf Club";"Jun 22, 2026, 04:00:00";"4.67";"93.23";"3.53"
"1757 Golf Club";"Jun 22, 2026, 03:00:00";"5.75";"59.19";"3.49"
"1757 Golf Club";"Jun 22, 2026, 02:00:00";"6.53";"53.67";"2.76"
"1757 Golf Club";"Jun 22, 2026, 01:00:00";"6.33";"52.95";"3.47"
"1757 Golf Club";"Jun 22, 2026, 00:00:00";"6.05";"34.43";"4.09"
"1757 Golf Club";"Jun 21, 2026, 23:00:00";"5.02";"24.57";"3.37"
"1757 Golf Club";"Jun 21, 2026, 22:00:00";"4.24";"11.52";"2.52"
"1757 Golf Club";"Jun 21, 2026, 21:00:00";"2.65";"10.83";"1.68"
"1757 Golf Club";"Jun 21, 2026, 20:00:00";"1.29";"4.6";"1.66"
"1757 Golf Club";"Jun 21, 2026, 19:00:00";"0.6";"5.06";"1.62"
"1757 Golf Club";"Jun 21, 2026, 18:00:00";"0.27";"5.27";"1.54"
"1757 Golf Club";"Jun 21, 2026, 17:00:00";"0.3";"6.73";"1.75"
"1757 Golf Club";"Jun 21, 2026, 16:00:00";"0.03";"8.14";"1.81"
"1757 Golf Club";"Jun 21, 2026, 15:00:00";"1.11";"15.25";"2.08"
"1757 Golf Club";"Jun 21, 2026, 14:00:00";"1.45";"12.95";"1.85"
"1757 Golf Club";"Jun 21, 2026, 13:00:00";"0.34";"13.95";"1.92"
"1757 Golf Club";"Jun 21, 2026, 12:00:00";"0.39";"27.18";"2.5"
"1757 Golf Club";"Jun 21, 2026, 11:00:00";"0.98";"39.23";"3.59"
"1757 Golf Club";"Jun 21, 2026, 10:00:00";"2.04";"49.48";"3.2"
"1757 Golf Club";"Jun 21, 2026, 09:00:00";"4.88";"38.24";"1.67"
"1757 Golf Club";"Jun 21, 2026, 08:00:00";"5.49";"36.97";"1.43"
"1757 Golf Club";"Jun 21, 2026, 07:00:00";"5.76";"37.52";"1.58"
"1757 Golf Club";"Jun 21, 2026, 06:00:00";"4.72";"27.28";"1.65"
"1757 Golf Club";"Jun 21, 2026, 05:00:00";"4.01";"21.63";"1.57"
"1757 Golf Club";"Jun 21, 2026, 04:00:00";"3.65";"19.11";"1.5"
"1757 Golf Club";"Jun 21, 2026, 03:00:00";"3.52";"17.32";"1.88"
"1757 Golf Club";"Jun 21, 2026, 02:00:00";"3.05";"10.41";"2.43"
"1757 Golf Club";"Jun 21, 2026, 01:00:00";"3.18";"8.57";"1.61"
"1757 Golf Club";"Jun 21, 2026, 00:00:00";"2.87";"6.19";"1.45"
"1757 Golf Club";"Jun 20, 2026, 23:00:00";"3.28";"5.8";"2.2"
"1757 Golf Club";"Jun 20, 2026, 22:00:00";"2.8";"3";"1.26"
"1757 Golf Club";"Jun 20, 2026, 21:00:00";"2.66";"1.32";"1.28"
"1757 Golf Club";"Jun 20, 2026, 20:00:00";"1.47";"0.5";"0.97"
"1757 Golf Club";"Jun 20, 2026, 19:00:00";"1.96";"0.68";"0.83"
"1757 Golf Club";"Jun 20, 2026, 18:00:00";"0.79";"0.65";"0.81"
"1757 Golf Club";"Jun 20, 2026, 17:00:00";"0.23";"0.89";"0.72"
"1757 Golf Club";"Jun 20, 2026, 16:00:00";"0.12";"0.67";"0.89"
"1757 Golf Club";"Jun 20, 2026, 15:00:00";"0.54";"1.32";"0.88"
"1757 Golf Club";"Jun 20, 2026, 14:00:00";"0.04";"1.73";"1.76"
"1757 Golf Club";"Jun 20, 2026, 13:00:00";"0.51";"6.06";"1.18"
"1757 Golf Club";"Jun 20, 2026, 12:00:00";"0.74";"8.8";"1.4"
"1757 Golf Club";"Jun 20, 2026, 11:00:00";"0.89";"8.17";"1.43"
"1757 Golf Club";"Jun 20, 2026, 10:00:00";"1.24";"11.6";"1.55"
"1757 Golf Club";"Jun 20, 2026, 09:00:00";"3.28";"17.55";"1.52"
"1757 Golf Club";"Jun 20, 2026, 08:00:00";"6.06";"24.6";"1.76"
"1757 Golf Club";"Jun 20, 2026, 07:00:00";"5.9";"25.44";"1.51"
"1757 Golf Club";"Jun 20, 2026, 06:00:00";"5.1";"24.94";"1.49"
"1757 Golf Club";"Jun 20, 2026, 05:00:00";"3.71";"19.02";"1.46"
"1757 Golf Club";"Jun 20, 2026, 04:00:00";"4.03";"17.29";"1.58"
"1757 Golf Club";"Jun 20, 2026, 03:00:00";"5.29";"19.16";"1.85"
"1757 Golf Club";"Jun 20, 2026, 02:00:00";"4.07";"14.91";"1.4"
"1757 Golf Club";"Jun 20, 2026, 01:00:00";"4.56";"13.14";"1.53"
"1757 Golf Club";"Jun 20, 2026, 00:00:00";"5.28";"12.22";"1.69"
"1757 Golf Club";"Jun 19, 2026, 23:00:00";"4.02";"7.75";"1.6"
"1757 Golf Club";"Jun 19, 2026, 22:00:00";"3.96";"3.29";"1.43"
"1757 Golf Club";"Jun 19, 2026, 21:00:00";"2.99";"0.68";"1.59"
"1757 Golf Club";"Jun 19, 2026, 20:00:00";"1.59";"0.38";"1.21"
"1757 Golf Club";"Jun 19, 2026, 19:00:00";"1.19";"1.7";"1.11"
"1757 Golf Club";"Jun 19, 2026, 18:00:00";"0.61";"2.56";"1.21"
"1757 Golf Club";"Jun 19, 2026, 17:00:00";"0.56";"6.22";"1.35"
"1757 Golf Club";"Jun 19, 2026, 16:00:00";"0.19";"11.09";"1.29"
"1757 Golf Club";"Jun 19, 2026, 15:00:00";"0.44";"12.21";"1.34"
"1757 Golf Club";"Jun 19, 2026, 14:00:00";"1.06";"15.46";"1.22"
"1757 Golf Club";"Jun 19, 2026, 13:00:00";"0.86";"20.05";"1.4"
"1757 Golf Club";"Jun 19, 2026, 12:00:00";"2.58";"18.18";"1.31"
"1757 Golf Club";"Jun 19, 2026, 11:00:00";"2.36";"21.33";"0.9"
"1757 Golf Club";"Jun 19, 2026, 10:00:00";"2.78";"27.37";"0.95"
"1757 Golf Club";"Jun 19, 2026, 09:00:00";"4.31";"32.44";"1.17"
"1757 Golf Club";"Jun 19, 2026, 08:00:00";"4.64";"36.41";"1.57"
"1757 Golf Club";"Jun 19, 2026, 07:00:00";"5.11";"33.25";"2.11"
"1757 Golf Club";"Jun 19, 2026, 06:00:00";"4.17";"28.22";"1.9"
"1757 Golf Club";"Jun 19, 2026, 05:00:00";"4.19";"24.08";"1.59"
"1757 Golf Club";"Jun 19, 2026, 04:00:00";"3.85";"21.49";"1.59"
"1757 Golf Club";"Jun 19, 2026, 03:00:00";"0";"0";"2.02"
"1757 Golf Club";"Jun 19, 2026, 02:00:00";"2.6";"7.7";"2.1"
"1757 Golf Club";"Jun 19, 2026, 01:00:00";"1.37";"6.26";"1.58"
"1757 Golf Club";"Jun 19, 2026, 00:00:00";"0.76";"10.07";"1.94"
"1757 Golf Club";"Jun 18, 2026, 23:00:00";"2.24";"16.05";"1.86"
"1757 Golf Club";"Jun 18, 2026, 22:00:00";"1.61";"28.08";"1.83"
"1757 Golf Club";"Jun 18, 2026, 21:00:00";"3.37";"39.47";"2.12"
"1757 Golf Club";"Jun 18, 2026, 20:00:00";"1.11";"58.26";"2.05"
"1757 Golf Club";"Jun 18, 2026, 19:00:00";"0.77";"80.96";"2.13"
"1757 Golf Club";"Jun 18, 2026, 18:00:00";"1.59";"92.99";"2.27"
"1757 Golf Club";"Jun 18, 2026, 17:00:00";"1.49";"99.22";"2.33"
"1757 Golf Club";"Jun 18, 2026, 16:00:00";"1.22";"117.27";"2.82"
"1757 Golf Club";"Jun 18, 2026, 15:00:00";"2.82";"126.94";"4.22"
"1757 Golf Club";"Jun 18, 2026, 14:00:00";"2.09";"154.76";"5.65"
"1757 Golf Club";"Jun 18, 2026, 13:00:00";"7";"166";"6.33"
"1757 Golf Club";"Jun 18, 2026, 12:00:00";"13.77";"156.21";"5.75"
"1757 Golf Club";"Jun 18, 2026, 11:00:00";"18.1";"144.9";"5.59"
"1757 Golf Club";"Jun 18, 2026, 10:00:00";"12.57";"101.25";"4.34"
"1757 Golf Club";"Jun 18, 2026, 09:00:00";"15.36";"92.71";"4.04"
"1757 Golf Club";"Jun 18, 2026, 08:00:00";"13.86";"94.35";"4.16"
"1757 Golf Club";"Jun 18, 2026, 07:00:00";"8.89";"89.91";"4.97"
"1757 Golf Club";"Jun 18, 2026, 06:00:00";"7.33";"111.19";"6.08"
"1757 Golf Club";"Jun 18, 2026, 05:00:00";"6.12";"134.34";"7.07"
"1757 Golf Club";"Jun 18, 2026, 04:00:00";"7.62";"132.85";"7.27"
"1757 Golf Club";"Jun 18, 2026, 03:00:00";"7.44";"89.56";"6.85"
"1757 Golf Club";"Jun 18, 2026, 02:00:00";"5.77";"60.45";"5.08"
"1757 Golf Club";"Jun 18, 2026, 01:00:00";"7.9";"52.08";"4.39"
"1757 Golf Club";"Jun 18, 2026, 00:00:00";"9.62";"45.51";"3.72"
"1757 Golf Club";"Jun 17, 2026, 23:00:00";"9.78";"31.6";"3.23"
"1757 Golf Club";"Jun 17, 2026, 22:00:00";"10.96";"24.07";"2.88"
"1757 Golf Club";"Jun 17, 2026, 21:00:00";"8.83";"23.24";"2.46"
"1757 Golf Club";"Jun 17, 2026, 20:00:00";"5.79";"22.46";"2.32"
"1757 Golf Club";"Jun 17, 2026, 19:00:00";"2.23";"23.18";"2.42"
"1757 Golf Club";"Jun 17, 2026, 18:00:00";"2.72";"29.5";"2.44"
"1757 Golf Club";"Jun 17, 2026, 17:00:00";"1.14";"31.74";"2.65"
"1757 Golf Club";"Jun 17, 2026, 16:00:00";"1.92";"34.93";"2.61"
"1757 Golf Club";"Jun 17, 2026, 15:00:00";"1.21";"33.31";"2.59"
"1757 Golf Club";"Jun 17, 2026, 14:00:00";"0.73";"40.74";"2.64"
"1757 Golf Club";"Jun 17, 2026, 13:00:00";"1.89";"44.19";"2.86"
"1757 Golf Club";"Jun 17, 2026, 12:00:00";"0.62";"58.17";"2.73"
"1757 Golf Club";"Jun 17, 2026, 11:00:00";"2.04";"93.17";"4.48"
"1757 Golf Club";"Jun 17, 2026, 10:00:00";"8.25";"101.22";"3.66"
"1757 Golf Club";"Jun 17, 2026, 09:00:00";"15.76";"78.09";"3.86"
"1757 Golf Club";"Jun 17, 2026, 08:00:00";"19.23";"85.62";"3.78"
"1757 Golf Club";"Jun 17, 2026, 07:00:00";"18.43";"86.13";"4.92"
"1757 Golf Club";"Jun 17, 2026, 06:00:00";"13.48";"80.12";"5.13"
"1757 Golf Club";"Jun 17, 2026, 05:00:00";"8.41";"71.25";"5.34"
"1757 Golf Club";"Jun 17, 2026, 04:00:00";"9.07";"57.84";"2.37"
"1757 Golf Club";"Jun 17, 2026, 03:00:00";"8.44";"51.15";"2.04"
"1757 Golf Club";"Jun 17, 2026, 02:00:00";"8.39";"41.28";"1.53"
"1757 Golf Club";"Jun 17, 2026, 01:00:00";"8.92";"32.18";"1.3"
"1757 Golf Club";"Jun 17, 2026, 00:00:00";"8.76";"27.36";"1.33"
"1757 Golf Club";"Jun 16, 2026, 23:00:00";"8.8";"19.01";"1.5"
"1757 Golf Club";"Jun 16, 2026, 22:00:00";"15.91";"16.8";"1.36"
"1757 Golf Club";"Jun 16, 2026, 21:00:00";"7.83";"11.46";"1.21"
"1757 Golf Club";"Jun 16, 2026, 20:00:00";"4.4";"8.65";"1.09"
"1757 Golf Club";"Jun 16, 2026, 19:00:00";"3.68";"6.97";"1.22"
"1757 Golf Club";"Jun 16, 2026, 18:00:00";"2.58";"5.55";"1.48"
"1757 Golf Club";"Jun 16, 2026, 17:00:00";"2.18";"4.53";"1.24"
"1757 Golf Club";"Jun 16, 2026, 16:00:00";"1.41";"2.88";"1.27"
"1757 Golf Club";"Jun 16, 2026, 15:00:00";"2.47";"2.34";"1.5"
"1757 Golf Club";"Jun 16, 2026, 14:00:00";"0.52";"2.8";"1.55"
"1757 Golf Club";"Jun 16, 2026, 13:00:00";"0.46";"2.75";"1.07"
"1757 Golf Club";"Jun 16, 2026, 12:00:00";"0.38";"3.77";"0.85"
"1757 Golf Club";"Jun 16, 2026, 11:00:00";"0";"9.91";"0.88"
"1757 Golf Club";"Jun 16, 2026, 10:00:00";"0.39";"22.35";"1.01"
"1757 Golf Club";"Jun 16, 2026, 09:00:00";"7.1";"30.77";"1.01"
"1757 Golf Club";"Jun 16, 2026, 08:00:00";"11.33";"39.21";"1.52"
"1757 Golf Club";"Jun 16, 2026, 07:00:00";"10.57";"34.05";"1.83"
"1757 Golf Club";"Jun 16, 2026, 06:00:00";"8.23";"30.81";"1.77"
"1757 Golf Club";"Jun 16, 2026, 05:00:00";"6.56";"25.66";"1.13"
"1757 Golf Club";"Jun 16, 2026, 04:00:00";"6.12";"24.66";"1.29"
"1757 Golf Club";"Jun 16, 2026, 03:00:00";"5.72";"22.82";"0.87"
"1757 Golf Club";"Jun 16, 2026, 02:00:00";"5.53";"34.54";"1.1"
"1757 Golf Club";"Jun 16, 2026, 01:00:00";"5.15";"36.02";"1.42"
"1757 Golf Club";"Jun 16, 2026, 00:00:00";"4.56";"37.6";"2.34"
"1757 Golf Club";"Jun 15, 2026, 23:00:00";"4.55";"34.13";"1.37"
"1757 Golf Club";"Jun 15, 2026, 22:00:00";"4.6";"33.52";"1.69"
"1757 Golf Club";"Jun 15, 2026, 21:00:00";"3.24";"28.78";"2.55"
"1757 Golf Club";"Jun 15, 2026, 20:00:00";"2.41";"26.55";"2.83"
"1757 Golf Club";"Jun 15, 2026, 19:00:00";"1.01";"24.22";"2.43"
"1757 Golf Club";"Jun 15, 2026, 18:00:00";"3.15";"28.6";"2.58"
"1757 Golf Club";"Jun 15, 2026, 17:00:00";"2.27";"26.12";"2.43"
"1757 Golf Club";"Jun 15, 2026, 16:00:00";"1.75";"25.32";"1.99"
"1757 Golf Club";"Jun 15, 2026, 15:00:00";"1.34";"25.46";"1.64"
"1757 Golf Club";"Jun 15, 2026, 14:00:00";"2.19";"28.08";"1.86"
"1757 Golf Club";"Jun 15, 2026, 13:00:00";"1.15";"30.79";"2.89"
"1757 Golf Club";"Jun 15, 2026, 12:00:00";"2.2";"33.99";"3.72"
"1757 Golf Club";"Jun 15, 2026, 11:00:00";"0.89";"37.99";"3.39"
"1757 Golf Club";"Jun 15, 2026, 10:00:00";"0.85";"41.67";"3.59"
"1757 Golf Club";"Jun 15, 2026, 09:00:00";"3.02";"49.32";"3.54"
"1757 Golf Club";"Jun 15, 2026, 08:00:00";"4.07";"53.56";"3.26"
"1757 Golf Club";"Jun 15, 2026, 07:00:00";"3.87";"58.4";"1.63"
"1757 Golf Club";"Jun 15, 2026, 06:00:00";"3.76";"63.78";"0.92"
"1757 Golf Club";"Jun 15, 2026, 05:00:00";"3.37";"65.58";"0.85"
"1757 Golf Club";"Jun 15, 2026, 04:00:00";"2.7";"63.4";"1.08"
"1757 Golf Club";"Jun 15, 2026, 03:00:00";"2.31";"81.08";"0.94"
"1757 Golf Club";"Jun 15, 2026, 02:00:00";"3.13";"93.65";"0.86"
"1757 Golf Club";"Jun 15, 2026, 01:00:00";"2.1";"103.38";"1.3"
"1757 Golf Club";"Jun 15, 2026, 00:00:00";"8.12";"144.69";"5.46"
"1757 Golf Club";"Jun 14, 2026, 23:00:00";"6.63";"124.71";"5.47"
"1757 Golf Club";"Jun 14, 2026, 22:00:00";"4.13";"122.13";"5.79"
"1757 Golf Club";"Jun 14, 2026, 21:00:00";"4.91";"159.84";"7.97"
"1757 Golf Club";"Jun 14, 2026, 20:00:00";"5.27";"155.53";"8.69"
"1757 Golf Club";"Jun 14, 2026, 19:00:00";"3.65";"142.08";"8.44"
"1757 Golf Club";"Jun 14, 2026, 18:00:00";"0.63";"113.23";"8.02"
"1757 Golf Club";"Jun 14, 2026, 17:00:00";"0.27";"122.51";"6.7"
"1757 Golf Club";"Jun 14, 2026, 16:00:00";"0.41";"117.47";"7.05"
"1757 Golf Club";"Jun 14, 2026, 15:00:00";"0.04";"104.78";"6.67"
"1757 Golf Club";"Jun 14, 2026, 14:00:00";"0";"117.51";"6.45"
"1757 Golf Club";"Jun 14, 2026, 13:00:00";"0";"132.45";"5.05"
"1757 Golf Club";"Jun 14, 2026, 12:00:00";"0";"130.35";"4.37"
"1757 Golf Club";"Jun 14, 2026, 11:00:00";"0.01";"184.66";"5.02"
"1757 Golf Club";"Jun 14, 2026, 10:00:00";"8.55";"219.52";"5.41"
"1757 Golf Club";"Jun 14, 2026, 09:00:00";"9.12";"208.95";"5.27"
"1757 Golf Club";"Jun 14, 2026, 08:00:00";"11.56";"203.24";"4.5"
"1757 Golf Club";"Jun 14, 2026, 07:00:00";"14.03";"228.14";"7.06"
"1757 Golf Club";"Jun 14, 2026, 06:00:00";"11.37";"204.69";"10.55"
"1757 Golf Club";"Jun 14, 2026, 05:00:00";"10.37";"156.95";"4.92"
"1757 Golf Club";"Jun 14, 2026, 04:00:00";"8.99";"126.18";"4.02"
"1757 Golf Club";"Jun 14, 2026, 03:00:00";"3.82";"111.36";"3.27"
"1757 Golf Club";"Jun 14, 2026, 02:00:00";"2.96";"101.42";"3.36"
"1757 Golf Club";"Jun 14, 2026, 01:00:00";"3.23";"84.23";"3.33"
"1757 Golf Club";"Jun 14, 2026, 00:00:00";"4.82";"77.3";"2.77"
"1757 Golf Club";"Jun 13, 2026, 23:00:00";"6.29";"70.05";"2.35"
"1757 Golf Club";"Jun 13, 2026, 22:00:00";"2.41";"60.24";"2.02"
"1757 Golf Club";"Jun 13, 2026, 21:00:00";"1.19";"61.19";"2.01"
"1757 Golf Club";"Jun 13, 2026, 20:00:00";"0.54";"50.91";"1.67"
"1757 Golf Club";"Jun 13, 2026, 19:00:00";"0.12";"48.23";"1.73"
"1757 Golf Club";"Jun 13, 2026, 18:00:00";"0.12";"49.92";"1.8"
"1757 Golf Club";"Jun 13, 2026, 17:00:00";"0";"47.82";"1.64"
"1757 Golf Club";"Jun 13, 2026, 16:00:00";"0.01";"47.75";"1.78"
"1757 Golf Club";"Jun 13, 2026, 15:00:00";"0.11";"51.64";"1.92"
"1757 Golf Club";"Jun 13, 2026, 14:00:00";"0.05";"52.72";"1.94"
"1757 Golf Club";"Jun 13, 2026, 13:00:00";"0.07";"53.14";"1.67"
"1757 Golf Club";"Jun 13, 2026, 12:00:00";"0";"59.95";"1.7"
"1757 Golf Club";"Jun 13, 2026, 11:00:00";"0";"62.47";"1.7"
"1757 Golf Club";"Jun 13, 2026, 10:00:00";"0";"81.3";"1.78"
"1757 Golf Club";"Jun 13, 2026, 09:00:00";"0.15";"127.24";"2.09"
"1757 Golf Club";"Jun 13, 2026, 08:00:00";"1.18";"163.19";"2.64"
"1757 Golf Club";"Jun 13, 2026, 07:00:00";"0.98";"157.26";"2.95"
"1757 Golf Club";"Jun 13, 2026, 06:00:00";"1.04";"147.71";"3.42"
"1757 Golf Club";"Jun 13, 2026, 05:00:00";"0";"146.58";"3.09"
"1757 Golf Club";"Jun 13, 2026, 04:00:00";"0";"157.03";"2.84"
"1757 Golf Club";"Jun 13, 2026, 03:00:00";"0";"219.56";"3.09"
"1757 Golf Club";"Jun 13, 2026, 02:00:00";"0";"395.61";"6.55"
"1757 Golf Club";"Jun 13, 2026, 01:00:00";"1.15";"431.85";"4.87"
"1757 Golf Club";"Jun 13, 2026, 00:00:00";"10.29";"440.61";"4.85"
"1757 Golf Club";"Jun 12, 2026, 23:00:00";"17.87";"429.37";"4.83"
"1757 Golf Club";"Jun 12, 2026, 22:00:00";"6.79";"393.44";"4.7"
"1757 Golf Club";"Jun 12, 2026, 21:00:00";"13.34";"291.97";"4.02"
"1757 Golf Club";"Jun 12, 2026, 20:00:00";"3.19";"174.9";"3.91"
"1757 Golf Club";"Jun 12, 2026, 19:00:00";"4.2";"245.06";"4.22"
"1757 Golf Club";"Jun 12, 2026, 18:00:00";"5.97";"286.24";"4.47"
"1757 Golf Club";"Jun 12, 2026, 17:00:00";"3.7";"209.69";"4.01"
"1757 Golf Club";"Jun 12, 2026, 16:00:00";"0.12";"166.84";"5.31"
"1757 Golf Club";"Jun 12, 2026, 15:00:00";"0";"182.16";"5.4"
"1757 Golf Club";"Jun 12, 2026, 14:00:00";"0";"175.1";"5.76"
"1757 Golf Club";"Jun 12, 2026, 13:00:00";"0";"189.4";"6.56"
"1757 Golf Club";"Jun 12, 2026, 12:00:00";"0";"206.36";"6.8"
"1757 Golf Club";"Jun 12, 2026, 11:00:00";"0";"264.48";"7.03"
"1757 Golf Club";"Jun 12, 2026, 10:00:00";"0.68";"287.92";"6.12"
"1757 Golf Club";"Jun 12, 2026, 09:00:00";"7.43";"299.47";"5.11"
"1757 Golf Club";"Jun 12, 2026, 08:00:00";"15.63";"307.18";"4.53"
"1757 Golf Club";"Jun 12, 2026, 07:00:00";"12";"354.37";"4.37"
"1757 Golf Club";"Jun 12, 2026, 06:00:00";"8.75";"346.87";"4.59"
"1757 Golf Club";"Jun 12, 2026, 05:00:00";"6";"336.96";"4.28"
"1757 Golf Club";"Jun 12, 2026, 04:00:00";"3.92";"342.94";"3.77"
"1757 Golf Club";"Jun 12, 2026, 03:00:00";"9.31";"373.05";"4.38"
"1757 Golf Club";"Jun 12, 2026, 02:00:00";"5.1";"387.36";"5.18"
"1757 Golf Club";"Jun 12, 2026, 01:00:00";"7.58";"399.5";"5.42"
"1757 Golf Club";"Jun 12, 2026, 00:00:00";"7.42";"372.51";"5.37"
"1757 Golf Club";"Jun 11, 2026, 23:00:00";"6.14";"340.9";"4.66"
"1757 Golf Club";"Jun 11, 2026, 22:00:00";"6.33";"316.62";"5.26"
"1757 Golf Club";"Jun 11, 2026, 21:00:00";"5.09";"174.29";"4.97"
"1757 Golf Club";"Jun 11, 2026, 20:00:00";"0.54";"163.04";"8.6"
"1757 Golf Club";"Jun 11, 2026, 19:00:00";"0";"169.46";"8.9"
"1757 Golf Club";"Jun 11, 2026, 18:00:00";"0";"191.42";"9.64"
"1757 Golf Club";"Jun 11, 2026, 17:00:00";"0";"198.57";"10.42"
"1757 Golf Club";"Jun 11, 2026, 16:00:00";"0";"198.2";"9.67"
"1757 Golf Club";"Jun 11, 2026, 15:00:00";"0";"218.08";"9.88"
"1757 Golf Club";"Jun 11, 2026, 14:00:00";"0";"227.75";"10.66"
"1757 Golf Club";"Jun 11, 2026, 13:00:00";"0";"233.82";"12.12"
"1757 Golf Club";"Jun 11, 2026, 12:00:00";"0";"242.55";"11.87"
"1757 Golf Club";"Jun 11, 2026, 11:00:00";"0";"279.39";"10.92"
"1757 Golf Club";"Jun 11, 2026, 10:00:00";"0";"304.89";"8.38"
"1757 Golf Club";"Jun 11, 2026, 09:00:00";"3.78";"356.95";"7.16"
"1757 Golf Club";"Jun 11, 2026, 08:00:00";"9.34";"390.34";"6.62"
"1757 Golf Club";"Jun 11, 2026, 07:00:00";"6.81";"408.31";"5.31"
"1757 Golf Club";"Jun 11, 2026, 06:00:00";"9.08";"431.15";"4.74"
"1757 Golf Club";"Jun 11, 2026, 05:00:00";"2.58";"439.41";"4.75"
"1757 Golf Club";"Jun 11, 2026, 04:00:00";"2.29";"429.38";"4.16"
"1757 Golf Club";"Jun 11, 2026, 03:00:00";"5.59";"420.96";"3.93"
"1757 Golf Club";"Jun 11, 2026, 02:00:00";"2.4";"430.44";"3.54"
"1757 Golf Club";"Jun 11, 2026, 01:00:00";"8.72";"420.82";"3.46"
"1757 Golf Club";"Jun 11, 2026, 00:00:00";"7.79";"424.59";"3.63"
"1757 Golf Club";"Jun 10, 2026, 23:00:00";"5.71";"438.44";"4.53"
"1757 Golf Club";"Jun 10, 2026, 22:00:00";"11.3";"376.02";"5.54"
"1757 Golf Club";"Jun 10, 2026, 21:00:00";"1.45";"371.54";"4.61"
"1757 Golf Club";"Jun 10, 2026, 20:00:00";"2.2";"399.75";"3.73"
"1757 Golf Club";"Jun 10, 2026, 19:00:00";"1.8";"375.47";"3.28"
"1757 Golf Club";"Jun 10, 2026, 18:00:00";"4.53";"451.1";"2.29"
"1757 Golf Club";"Jun 10, 2026, 17:00:00";"9.74";"440.84";"3.53"
"1757 Golf Club";"Jun 10, 2026, 16:00:00";"1.62";"261.7";"3.64"
"1757 Golf Club";"Jun 10, 2026, 15:00:00";"0";"285.24";"11.21"
"1757 Golf Club";"Jun 10, 2026, 14:00:00";"0";"310.12";"11.67"
"1757 Golf Club";"Jun 10, 2026, 13:00:00";"0";"331.99";"10.67"
"1757 Golf Club";"Jun 10, 2026, 12:00:00";"0.02";"354.29";"11.01"
"1757 Golf Club";"Jun 10, 2026, 11:00:00";"1.55";"393.56";"9.97"
"1757 Golf Club";"Jun 10, 2026, 10:00:00";"6.32";"439.89";"10.31"
"1757 Golf Club";"Jun 10, 2026, 09:00:00";"8.35";"463.13";"10.78"
"1757 Golf Club";"Jun 10, 2026, 08:00:00";"10.63";"407.12";"9.85"
"1757 Golf Club";"Jun 10, 2026, 07:00:00";"5.28";"260.97";"8.19"
"1757 Golf Club";"Jun 10, 2026, 06:00:00";"0";"0";"5.28"
"1757 Golf Club";"Jun 10, 2026, 05:00:00";"4.05";"172.35";"4.86"
"1757 Golf Club";"Jun 10, 2026, 04:00:00";"2.36";"157.07";"4.86"
"1757 Golf Club";"Jun 10, 2026, 03:00:00";"2.46";"152.54";"4.81"
"1757 Golf Club";"Jun 10, 2026, 02:00:00";"0";"0";"4.22"
"1757 Golf Club";"Jun 10, 2026, 01:00:00";"1.81";"136.53";"3.94"
"1757 Golf Club";"Jun 10, 2026, 00:00:00";"2.19";"118.61";"4.16"
"1757 Golf Club";"Jun 9, 2026, 23:00:00";"3.02";"111.5";"3.84"
"1757 Golf Club";"Jun 9, 2026, 22:00:00";"3.78";"109.99";"3.83"
"1757 Golf Club";"Jun 9, 2026, 21:00:00";"1.4";"108.33";"4.01"
"1757 Golf Club";"Jun 9, 2026, 20:00:00";"1.21";"106.65";"4.13"
"1757 Golf Club";"Jun 9, 2026, 19:00:00";"1.55";"105.08";"4.8"
"1757 Golf Club";"Jun 9, 2026, 18:00:00";"0.96";"97.94";"5.25"
"1757 Golf Club";"Jun 9, 2026, 17:00:00";"0.34";"111.6";"5.89"
"1757 Golf Club";"Jun 9, 2026, 16:00:00";"0.18";"121.04";"7.79"
"1757 Golf Club";"Jun 9, 2026, 15:00:00";"0.38";"104.84";"6.33"
"1757 Golf Club";"Jun 9, 2026, 14:00:00";"0.81";"85.81";"6.46"
"1757 Golf Club";"Jun 9, 2026, 13:00:00";"1.25";"65.14";"6.35"
"1757 Golf Club";"Jun 9, 2026, 12:00:00";"2.69";"52.35";"3.89"
"1757 Golf Club";"Jun 9, 2026, 11:00:00";"2.69";"52.61";"4.77"
"1757 Golf Club";"Jun 9, 2026, 10:00:00";"6.68";"58.82";"4.07"
"1757 Golf Club";"Jun 9, 2026, 09:00:00";"9.34";"63.19";"4.49"
"1757 Golf Club";"Jun 9, 2026, 08:00:00";"11.16";"58.17";"4.52"
"1757 Golf Club";"Jun 9, 2026, 07:00:00";"7.48";"53.3";"3.08"
"1757 Golf Club";"Jun 9, 2026, 06:00:00";"3.51";"45.76";"2.05"
"1757 Golf Club";"Jun 9, 2026, 05:00:00";"2.37";"44.4";"1.62"
"1757 Golf Club";"Jun 9, 2026, 04:00:00";"1.54";"46.86";"2.02"
"1757 Golf Club";"Jun 9, 2026, 03:00:00";"0.84";"42.73";"1.88"
"1757 Golf Club";"Jun 9, 2026, 02:00:00";"0.06";"39.46";"1.8"
"1757 Golf Club";"Jun 9, 2026, 01:00:00";"0.8";"43.63";"2.08"
"1757 Golf Club";"Jun 9, 2026, 00:00:00";"1.07";"40.87";"2.73"
"1757 Golf Club";"Jun 8, 2026, 23:00:00";"0.37";"49.36";"2.28"
"1757 Golf Club";"Jun 8, 2026, 22:00:00";"1.33";"60.76";"3.01"
"1757 Golf Club";"Jun 8, 2026, 21:00:00";"0.55";"60.44";"3.61"
"1757 Golf Club";"Jun 8, 2026, 20:00:00";"0.2";"60.64";"3.2"
"1757 Golf Club";"Jun 8, 2026, 19:00:00";"0.14";"67.07";"3.91"
"1757 Golf Club";"Jun 8, 2026, 18:00:00";"0.06";"70.31";"8.1"
"1757 Golf Club";"Jun 8, 2026, 17:00:00";"0";"73.28";"9.17"
"1757 Golf Club";"Jun 8, 2026, 16:00:00";"0";"79.68";"3.79"
"1757 Golf Club";"Jun 8, 2026, 15:00:00";"0.21";"79.29";"4.05"
"1757 Golf Club";"Jun 8, 2026, 14:00:00";"0";"74.04";"4.88"
"1757 Golf Club";"Jun 8, 2026, 13:00:00";"0";"84.49";"3.43"
"1757 Golf Club";"Jun 8, 2026, 12:00:00";"0";"88.63";"2.56"
"1757 Golf Club";"Jun 8, 2026, 11:00:00";"0.11";"89.73";"3.56"
"1757 Golf Club";"Jun 8, 2026, 10:00:00";"0.02";"100.13";"3.33"
"1757 Golf Club";"Jun 8, 2026, 09:00:00";"2.44";"103.92";"2.2"
"1757 Golf Club";"Jun 8, 2026, 08:00:00";"3.31";"110.76";"2.55"
"1757 Golf Club";"Jun 8, 2026, 07:00:00";"3.59";"120.28";"4.11"
"1757 Golf Club";"Jun 8, 2026, 06:00:00";"2.93";"111.33";"4.79"
"1757 Golf Club";"Jun 8, 2026, 05:00:00";"0.92";"112.01";"6.08"
"1757 Golf Club";"Jun 8, 2026, 04:00:00";"1.43";"90.52";"3.92"
"1757 Golf Club";"Jun 8, 2026, 03:00:00";"1.15";"90.63";"3.29"
"1757 Golf Club";"Jun 8, 2026, 02:00:00";"1.67";"88.51";"3.17"
"1757 Golf Club";"Jun 8, 2026, 01:00:00";"1.42";"80.65";"3.67"
"1757 Golf Club";"Jun 8, 2026, 00:00:00";"1.01";"59.81";"3.02"
"1757 Golf Club";"Jun 7, 2026, 23:00:00";"0.72";"56.66";"2.69"
"1757 Golf Club";"Jun 7, 2026, 22:00:00";"0.59";"53.75";"2.58"
"1757 Golf Club";"Jun 7, 2026, 21:00:00";"0.27";"52.8";"2.54"
"1757 Golf Club";"Jun 7, 2026, 20:00:00";"0";"48.27";"2.24"
"1757 Golf Club";"Jun 7, 2026, 19:00:00";"0";"49.68";"2.41"
"1757 Golf Club";"Jun 7, 2026, 18:00:00";"0";"66.25";"2.94"
"1757 Golf Club";"Jun 7, 2026, 17:00:00";"0";"74.2";"2.79"
"1757 Golf Club";"Jun 7, 2026, 16:00:00";"0";"86.47";"3.57"
"1757 Golf Club";"Jun 7, 2026, 15:00:00";"0";"102.21";"4.2"
"1757 Golf Club";"Jun 7, 2026, 14:00:00";"0";"116.65";"4.55"
"1757 Golf Club";"Jun 7, 2026, 13:00:00";"0";"135.62";"5.02"
"1757 Golf Club";"Jun 7, 2026, 12:00:00";"0.03";"151.52";"5.5"
"1757 Golf Club";"Jun 7, 2026, 11:00:00";"0";"151.13";"6.45"
"1757 Golf Club";"Jun 7, 2026, 10:00:00";"0";"160.3";"6.34"
"1757 Golf Club";"Jun 7, 2026, 09:00:00";"0";"172.91";"5.45"
"1757 Golf Club";"Jun 7, 2026, 08:00:00";"0.59";"193.49";"4.63"
"1757 Golf Club";"Jun 7, 2026, 07:00:00";"4.75";"238.54";"4.31"
"1757 Golf Club";"Jun 7, 2026, 06:00:00";"0.53";"245.91";"4.69"
"1757 Golf Club";"Jun 7, 2026, 05:00:00";"0.65";"238.41";"3.65"
"1757 Golf Club";"Jun 7, 2026, 04:00:00";"1.6";"226.49";"3.45"
"1757 Golf Club";"Jun 7, 2026, 03:00:00";"1.49";"229.91";"3.06"
"1757 Golf Club";"Jun 7, 2026, 02:00:00";"1.28";"198.19";"2.77"
"1757 Golf Club";"Jun 7, 2026, 01:00:00";"2.63";"178.66";"3.78"
"1757 Golf Club";"Jun 7, 2026, 00:00:00";"1.78";"143.5";"3.11"
"1757 Golf Club";"Jun 6, 2026, 23:00:00";"0.68";"114.63";"2.27"
"1757 Golf Club";"Jun 6, 2026, 22:00:00";"0.06";"101.13";"2.34"
"1757 Golf Club";"Jun 6, 2026, 21:00:00";"0.1";"115.59";"2.94"
"1757 Golf Club";"Jun 6, 2026, 20:00:00";"0.19";"98.76";"3.13"
"1757 Golf Club";"Jun 6, 2026, 19:00:00";"0.27";"90.46";"4.46"
"1757 Golf Club";"Jun 6, 2026, 18:00:00";"0";"109.85";"6.27"
"1757 Golf Club";"Jun 6, 2026, 17:00:00";"0";"106.76";"6.12"
"1757 Golf Club";"Jun 6, 2026, 16:00:00";"0";"106.15";"6.27"
"1757 Golf Club";"Jun 6, 2026, 15:00:00";"0";"105.42";"6.03"
"1757 Golf Club";"Jun 6, 2026, 14:00:00";"0.1";"106.42";"6.33"
"1757 Golf Club";"Jun 6, 2026, 13:00:00";"0.4";"109.57";"6.46"
"1757 Golf Club";"Jun 6, 2026, 12:00:00";"0";"101.06";"6.36"
"1757 Golf Club";"Jun 6, 2026, 11:00:00";"0";"111.36";"6.3"
"1757 Golf Club";"Jun 6, 2026, 10:00:00";"0";"133.98";"5.16"
"1757 Golf Club";"Jun 6, 2026, 09:00:00";"9.66";"176.41";"5.55"
"1757 Golf Club";"Jun 6, 2026, 08:00:00";"13.12";"216.52";"5.05"
"1757 Golf Club";"Jun 6, 2026, 07:00:00";"12.66";"214.65";"8.64"
"1757 Golf Club";"Jun 6, 2026, 06:00:00";"5.95";"210.42";"12.56"
"1757 Golf Club";"Jun 6, 2026, 05:00:00";"8.03";"168.96";"10.1"
"1757 Golf Club";"Jun 6, 2026, 04:00:00";"4.65";"125.87";"6.38"
"1757 Golf Club";"Jun 6, 2026, 03:00:00";"3.51";"103.55";"5.4"
"1757 Golf Club";"Jun 6, 2026, 02:00:00";"6.23";"86.18";"5.18"
"1757 Golf Club";"Jun 6, 2026, 01:00:00";"17.31";"91.15";"5.46"
"1757 Golf Club";"Jun 6, 2026, 00:00:00";"15.77";"63.95";"5.64"
"1757 Golf Club";"Jun 5, 2026, 23:00:00";"8.53";"60.31";"5.37"
"1757 Golf Club";"Jun 5, 2026, 22:00:00";"14.18";"60.31";"4.64"
"1757 Golf Club";"Jun 5, 2026, 21:00:00";"2.96";"68.49";"4.58"
"1757 Golf Club";"Jun 5, 2026, 20:00:00";"0.5";"71.88";"4.35"
"1757 Golf Club";"Jun 5, 2026, 19:00:00";"0";"72.86";"4.24"
"1757 Golf Club";"Jun 5, 2026, 18:00:00";"0";"77.55";"4.23"
"1757 Golf Club";"Jun 5, 2026, 17:00:00";"0.1";"74.31";"4.07"
"1757 Golf Club";"Jun 5, 2026, 16:00:00";"0";"73.91";"3.93"
"1757 Golf Club";"Jun 5, 2026, 15:00:00";"0.04";"76.2";"4.39"
"1757 Golf Club";"Jun 5, 2026, 14:00:00";"0.18";"75.08";"4.4"
"1757 Golf Club";"Jun 5, 2026, 13:00:00";"0";"75.21";"4.03"
"1757 Golf Club";"Jun 5, 2026, 12:00:00";"0.49";"77.14";"4.06"
"1757 Golf Club";"Jun 5, 2026, 11:00:00";"0";"82.44";"3.94"
"1757 Golf Club";"Jun 5, 2026, 10:00:00";"0.23";"99.37";"4.44"
"1757 Golf Club";"Jun 5, 2026, 09:00:00";"5.4";"137.8";"3.39"
"1757 Golf Club";"Jun 5, 2026, 08:00:00";"10.37";"174.46";"4"
"1757 Golf Club";"Jun 5, 2026, 07:00:00";"3.74";"152.48";"11.52"
"1757 Golf Club";"Jun 5, 2026, 06:00:00";"3.06";"132.18";"8.78"
"1757 Golf Club";"Jun 5, 2026, 05:00:00";"4.62";"140.82";"8.56"
"1757 Golf Club";"Jun 5, 2026, 04:00:00";"7.49";"125.85";"7.34"
"1757 Golf Club";"Jun 5, 2026, 03:00:00";"11.24";"97.37";"5.83"
"1757 Golf Club";"Jun 5, 2026, 02:00:00";"10.49";"91.43";"6.51"
"1757 Golf Club";"Jun 5, 2026, 01:00:00";"8.76";"75.21";"6.52"
"1757 Golf Club";"Jun 5, 2026, 00:00:00";"8.62";"60.85";"4.08"
"1757 Golf Club";"Jun 4, 2026, 23:00:00";"3.94";"55.35";"3.33"
"1757 Golf Club";"Jun 4, 2026, 22:00:00";"2.11";"38.25";"3.01"
"1757 Golf Club";"Jun 4, 2026, 21:00:00";"1.5";"26.42";"3.41"
"1757 Golf Club";"Jun 4, 2026, 20:00:00";"0.18";"24.28";"3.48"
"1757 Golf Club";"Jun 4, 2026, 19:00:00";"0.18";"26.06";"3.33"
"1757 Golf Club";"Jun 4, 2026, 18:00:00";"0";"34.68";"3.26"
"1757 Golf Club";"Jun 4, 2026, 17:00:00";"0";"36.1";"3.04"
"1757 Golf Club";"Jun 4, 2026, 16:00:00";"0.1";"38.28";"3.17"
"1757 Golf Club";"Jun 4, 2026, 15:00:00";"0";"38.71";"2.9"
"1757 Golf Club";"Jun 4, 2026, 14:00:00";"0";"31.24";"2.93"
"1757 Golf Club";"Jun 4, 2026, 13:00:00";"0";"29.69";"2.77"
"1757 Golf Club";"Jun 4, 2026, 12:00:00";"0";"35.63";"3.15"
"1757 Golf Club";"Jun 4, 2026, 11:00:00";"0";"31.72";"3.24"
"1757 Golf Club";"Jun 4, 2026, 10:00:00";"2";"37.5";"4.31"
"1757 Golf Club";"Jun 4, 2026, 09:00:00";"11.57";"51.59";"3.48"
"1757 Golf Club";"Jun 4, 2026, 08:00:00";"16.74";"68.66";"3.76"
"1757 Golf Club";"Jun 4, 2026, 07:00:00";"5.5";"65.47";"6.92"
"1757 Golf Club";"Jun 4, 2026, 06:00:00";"4.94";"51.41";"5.99"
"1757 Golf Club";"Jun 4, 2026, 05:00:00";"5.08";"47.05";"5.27"
"1757 Golf Club";"Jun 4, 2026, 04:00:00";"4.83";"44.08";"4.37"
"1757 Golf Club";"Jun 4, 2026, 03:00:00";"4.56";"43.04";"5.16"
"1757 Golf Club";"Jun 4, 2026, 02:00:00";"5.78";"35.12";"4.44"
"1757 Golf Club";"Jun 4, 2026, 01:00:00";"11.33";"32.07";"3.43"
"1757 Golf Club";"Jun 4, 2026, 00:00:00";"10.76";"31.39";"3.1"
"1757 Golf Club";"Jun 3, 2026, 23:00:00";"5.94";"44.02";"2.82"
"1757 Golf Club";"Jun 3, 2026, 22:00:00";"7.58";"38.39";"2.47"
"1757 Golf Club";"Jun 3, 2026, 21:00:00";"0.89";"21.19";"2.28"
"1757 Golf Club";"Jun 3, 2026, 20:00:00";"0.2";"19.57";"1.88"
"1757 Golf Club";"Jun 3, 2026, 19:00:00";"1.03";"18.57";"2.06"
"1757 Golf Club";"Jun 3, 2026, 18:00:00";"0";"19.3";"2.23"
"1757 Golf Club";"Jun 3, 2026, 17:00:00";"0";"21.76";"1.85"
"1757 Golf Club";"Jun 3, 2026, 16:00:00";"0.11";"22.21";"2.09"
"1757 Golf Club";"Jun 3, 2026, 15:00:00";"0.25";"21.93";"2.17"
"1757 Golf Club";"Jun 3, 2026, 14:00:00";"0.12";"22.41";"3.69"
"1757 Golf Club";"Jun 3, 2026, 13:00:00";"0";"23.96";"2.26"
"1757 Golf Club";"Jun 3, 2026, 12:00:00";"0";"24.26";"2.41"
"1757 Golf Club";"Jun 3, 2026, 11:00:00";"0";"25.31";"2.57"
"1757 Golf Club";"Jun 3, 2026, 10:00:00";"0.1";"35.85";"3.17"
"1757 Golf Club";"Jun 3, 2026, 09:00:00";"5.53";"43.47";"2.65"
"1757 Golf Club";"Jun 3, 2026, 08:00:00";"11.06";"47.42";"2.93"
"1757 Golf Club";"Jun 3, 2026, 07:00:00";"6.14";"47.95";"5.83"
"1757 Golf Club";"Jun 3, 2026, 06:00:00";"3.71";"43.15";"6.32"
"1757 Golf Club";"Jun 3, 2026, 05:00:00";"4.69";"39.72";"5.17"
"1757 Golf Club";"Jun 3, 2026, 04:00:00";"4.77";"40.33";"4.73"
"1757 Golf Club";"Jun 3, 2026, 03:00:00";"4.33";"38.63";"3.41"
"1757 Golf Club";"Jun 3, 2026, 02:00:00";"3.96";"37.72";"3.37"
"1757 Golf Club";"Jun 3, 2026, 01:00:00";"5.04";"35.93";"3.43"
"1757 Golf Club";"Jun 3, 2026, 00:00:00";"5.09";"29.79";"2.29"
"1757 Golf Club";"Jun 2, 2026, 23:00:00";"4.15";"29.63";"2"
"1757 Golf Club";"Jun 2, 2026, 22:00:00";"3.16";"30.06";"1.78"
"1757 Golf Club";"Jun 2, 2026, 21:00:00";"4.15";"23.37";"1.81"
"1757 Golf Club";"Jun 2, 2026, 20:00:00";"0.43";"15.17";"1.74"
"1757 Golf Club";"Jun 2, 2026, 19:00:00";"0";"12.38";"1.75"
"1757 Golf Club";"Jun 2, 2026, 18:00:00";"0";"11.2";"1.66"
"1757 Golf Club";"Jun 2, 2026, 17:00:00";"0.07";"12.45";"1.95"
"1757 Golf Club";"Jun 2, 2026, 16:00:00";"0";"14.26";"2.38"
"1757 Golf Club";"Jun 2, 2026, 15:00:00";"0.04";"14.52";"2.57"
"1757 Golf Club";"Jun 2, 2026, 14:00:00";"0";"14.48";"2.63"
"1757 Golf Club";"Jun 2, 2026, 13:00:00";"0";"17.46";"3.04"
"1757 Golf Club";"Jun 2, 2026, 12:00:00";"0";"25.1";"4.03"
"1757 Golf Club";"Jun 2, 2026, 11:00:00";"0";"29.97";"4.33"
"1757 Golf Club";"Jun 2, 2026, 10:00:00";"0.65";"37.51";"4.67"
"1757 Golf Club";"Jun 2, 2026, 09:00:00";"4.06";"41.07";"4.88"
"1757 Golf Club";"Jun 2, 2026, 08:00:00";"6.5";"42.06";"4.62"
"1757 Golf Club";"Jun 2, 2026, 07:00:00";"5.89";"40.91";"5.57"
"1757 Golf Club";"Jun 2, 2026, 06:00:00";"4.61";"38.02";"5.18"
"1757 Golf Club";"Jun 2, 2026, 05:00:00";"4.12";"34.8";"4.7"
"1757 Golf Club";"Jun 2, 2026, 04:00:00";"4.35";"34.01";"4.14"
"1757 Golf Club";"Jun 2, 2026, 03:00:00";"4.75";"33.09";"4.43"
"1757 Golf Club";"Jun 2, 2026, 02:00:00";"3.67";"28.97";"3.14"
"1757 Golf Club";"Jun 2, 2026, 01:00:00";"3.12";"25.99";"2.45"
"1757 Golf Club";"Jun 2, 2026, 00:00:00";"3.35";"27";"2.91"
"1757 Golf Club";"Jun 1, 2026, 23:00:00";"2.24";"27.09";"2.83"
"1757 Golf Club";"Jun 1, 2026, 22:00:00";"2.95";"26.16";"2.96"
"1757 Golf Club";"Jun 1, 2026, 21:00:00";"3.48";"22.57";"2.21"
"1757 Golf Club";"Jun 1, 2026, 20:00:00";"1.25";"19.29";"1.96"
"1757 Golf Club";"Jun 1, 2026, 19:00:00";"0.05";"16.9";"2.23"
"1757 Golf Club";"Jun 1, 2026, 18:00:00";"0.07";"16.28";"1.93"
"1757 Golf Club";"Jun 1, 2026, 17:00:00";"0.55";"15.48";"1.93"
"1757 Golf Club";"Jun 1, 2026, 16:00:00";"0";"16.52";"2.09"
"1757 Golf Club";"Jun 1, 2026, 15:00:00";"0.6";"18.11";"2.63"
"1757 Golf Club";"Jun 1, 2026, 14:00:00";"0.08";"19.69";"2.12"
"1757 Golf Club";"Jun 1, 2026, 13:00:00";"0.08";"20.72";"1.67"
"1757 Golf Club";"Jun 1, 2026, 12:00:00";"0";"23.42";"1.99"
"1757 Golf Club";"Jun 1, 2026, 11:00:00";"0";"25.9";"2.27"
"1757 Golf Club";"Jun 1, 2026, 10:00:00";"0.07";"36.07";"2.19"
"1757 Golf Club";"Jun 1, 2026, 09:00:00";"3.66";"44.01";"2.48"
"1757 Golf Club";"Jun 1, 2026, 08:00:00";"7.66";"48.81";"3.02"
"1757 Golf Club";"Jun 1, 2026, 07:00:00";"7.55";"53.27";"4.9"
"1757 Golf Club";"Jun 1, 2026, 06:00:00";"6.33";"56.17";"6.32"
"1757 Golf Club";"Jun 1, 2026, 05:00:00";"7.32";"60.32";"6.34"
"1757 Golf Club";"Jun 1, 2026, 04:00:00";"9.31";"56.07";"5.85"
"1757 Golf Club";"Jun 1, 2026, 03:00:00";"5.23";"41.97";"2.62"
"1757 Golf Club";"Jun 1, 2026, 02:00:00";"5.74";"36.71";"2.03"
"1757 Golf Club";"Jun 1, 2026, 01:00:00";"4.89";"32.03";"2.39"
"1757 Golf Club";"Jun 1, 2026, 00:00:00";"5.62";"25.82";"2.18"
"1757 Golf Club";"May 31, 2026, 23:00:00";"7.28";"22.95";"2.11"
"1757 Golf Club";"May 31, 2026, 22:00:00";"14.67";"22.73";"2.39"
"1757 Golf Club";"May 31, 2026, 21:00:00";"4.69";"17.62";"1.78"
"1757 Golf Club";"May 31, 2026, 20:00:00";"0.67";"12.29";"1.59"
"1757 Golf Club";"May 31, 2026, 19:00:00";"0.24";"11.78";"1.46"
"1757 Golf Club";"May 31, 2026, 18:00:00";"0";"12.05";"1.5"
"1757 Golf Club";"May 31, 2026, 17:00:00";"0";"11.7";"1.41"
"1757 Golf Club";"May 31, 2026, 16:00:00";"0";"12.52";"1.47"
"1757 Golf Club";"May 31, 2026, 15:00:00";"0.1";"12.48";"1.69"
"1757 Golf Club";"May 31, 2026, 14:00:00";"0";"12.97";"1.89"
"1757 Golf Club";"May 31, 2026, 13:00:00";"0.07";"12.61";"1.69"
"1757 Golf Club";"May 31, 2026, 12:00:00";"0";"15.96";"1.74"
"1757 Golf Club";"May 31, 2026, 11:00:00";"0";"22.57";"1.97"
"1757 Golf Club";"May 31, 2026, 10:00:00";"0";"26.67";"2.14"
"1757 Golf Club";"May 31, 2026, 09:00:00";"1.41";"28.08";"1.82"
"1757 Golf Club";"May 31, 2026, 08:00:00";"2.94";"28.38";"2.1"
"1757 Golf Club";"May 31, 2026, 07:00:00";"3.81";"26.84";"2.22"
"1757 Golf Club";"May 31, 2026, 06:00:00";"3.59";"26.11";"2.8"
"1757 Golf Club";"May 31, 2026, 05:00:00";"3.56";"25.75";"2.51"
"1757 Golf Club";"May 31, 2026, 04:00:00";"3.98";"25.96";"1.78"
"1757 Golf Club";"May 31, 2026, 03:00:00";"4.31";"25.15";"1.64"
"1757 Golf Club";"May 31, 2026, 02:00:00";"3.77";"25.18";"1.17"
"1757 Golf Club";"May 31, 2026, 01:00:00";"4.04";"25.48";"0.9"
"1757 Golf Club";"May 31, 2026, 00:00:00";"4.73";"24.46";"0.95"
"1757 Golf Club";"May 30, 2026, 23:00:00";"3.95";"22.37";"1.15"
"1757 Golf Club";"May 30, 2026, 22:00:00";"2.89";"21.41";"0.98"
"1757 Golf Club";"May 30, 2026, 21:00:00";"1.54";"20.72";"0.97"
"1757 Golf Club";"May 30, 2026, 20:00:00";"0.43";"19.55";"0.93"
"1757 Golf Club";"May 30, 2026, 19:00:00";"0.07";"17.42";"0.81"
"1757 Golf Club";"May 30, 2026, 18:00:00";"0";"15.29";"0.8"
"1757 Golf Club";"May 30, 2026, 17:00:00";"0";"14.49";"0.9"
"1757 Golf Club";"May 30, 2026, 16:00:00";"0";"14.64";"0.92"
"1757 Golf Club";"May 30, 2026, 15:00:00";"0";"15.27";"0.91"
"1757 Golf Club";"May 30, 2026, 14:00:00";"0.06";"14.91";"1.11"
"1757 Golf Club";"May 30, 2026, 13:00:00";"0";"14.86";"1.24"
"1757 Golf Club";"May 30, 2026, 12:00:00";"0";"15.32";"1.28"
"1757 Golf Club";"May 30, 2026, 11:00:00";"0.02";"17.75";"2.11"
"1757 Golf Club";"May 30, 2026, 10:00:00";"0";"22.96";"3.64"
"1757 Golf Club";"May 30, 2026, 09:00:00";"0.74";"26.76";"4.39"
"1757 Golf Club";"May 30, 2026, 08:00:00";"1.64";"30.36";"5.62"
"1757 Golf Club";"May 30, 2026, 07:00:00";"2.1";"30.06";"6"
"1757 Golf Club";"May 30, 2026, 06:00:00";"1.28";"28.95";"6.72"
"1757 Golf Club";"May 30, 2026, 05:00:00";"0.3";"29.6";"5.86"
"1757 Golf Club";"May 30, 2026, 04:00:00";"0.36";"30.2";"5.24"
"1757 Golf Club";"May 30, 2026, 03:00:00";"0.12";"30.15";"4.86"
"1757 Golf Club";"May 30, 2026, 02:00:00";"0";"28.53";"5.23"
"1757 Golf Club";"May 30, 2026, 01:00:00";"1.89";"33.86";"4.09"
"1757 Golf Club";"May 30, 2026, 00:00:00";"2.91";"37.59";"2.64"
"1757 Golf Club";"May 29, 2026, 23:00:00";"3.29";"39.54";"1.62"
"1757 Golf Club";"May 29, 2026, 22:00:00";"5.79";"35.86";"1.91"
"1757 Golf Club";"May 29, 2026, 21:00:00";"3.39";"31.39";"1.7"
"1757 Golf Club";"May 29, 2026, 20:00:00";"1.92";"29.42";"1.49"
"1757 Golf Club";"May 29, 2026, 19:00:00";"0";"0";"1.34"
"1757 Golf Club";"May 29, 2026, 18:00:00";"0";"0";"1.34"
"1757 Golf Club";"May 29, 2026, 17:00:00";"0";"29.61";"1.33"
"1757 Golf Club";"May 29, 2026, 16:00:00";"0";"23.69";"1.05"
"1757 Golf Club";"May 29, 2026, 15:00:00";"0";"23.7";"0.9"
"1757 Golf Club";"May 29, 2026, 14:00:00";"0.69";"24.08";"0.82"
"1757 Golf Club";"May 29, 2026, 13:00:00";"0.01";"23.18";"0.82"
"1757 Golf Club";"May 29, 2026, 12:00:00";"0";"23.79";"0.9"
"1757 Golf Club";"May 29, 2026, 11:00:00";"0";"30.3";"1.06"
"1757 Golf Club";"May 29, 2026, 10:00:00";"0";"37.48";"0.92"
"1757 Golf Club";"May 29, 2026, 09:00:00";"3.59";"39.19";"0.87"
"1757 Golf Club";"May 29, 2026, 08:00:00";"9.71";"38.41";"0.88"
"1757 Golf Club";"May 29, 2026, 07:00:00";"8.23";"33.72";"1.08"
"1757 Golf Club";"May 29, 2026, 06:00:00";"4.2";"31.56";"1"
"1757 Golf Club";"May 29, 2026, 05:00:00";"3.58";"32.16";"1.55"
"1757 Golf Club";"May 29, 2026, 04:00:00";"4.03";"32.01";"0.79"
"1757 Golf Club";"May 29, 2026, 03:00:00";"3.77";"32.85";"0.66"
"1757 Golf Club";"May 29, 2026, 02:00:00";"3.99";"32.88";"0.69"
"1757 Golf Club";"May 29, 2026, 01:00:00";"3.32";"33.08";"0.72"
"1757 Golf Club";"May 29, 2026, 00:00:00";"3.49";"33.74";"0.77"
"1757 Golf Club";"May 28, 2026, 23:00:00";"0";"0";"1.07"
"1757 Golf Club";"May 28, 2026, 22:00:00";"3.21";"30.04";"1.25"
"1757 Golf Club";"May 28, 2026, 21:00:00";"1.87";"25.77";"1.03"
"1757 Golf Club";"May 28, 2026, 20:00:00";"0.49";"20.78";"0.89"
"1757 Golf Club";"May 28, 2026, 19:00:00";"0";"21.19";"1.1"
"1757 Golf Club";"May 28, 2026, 18:00:00";"0";"22.94";"1.19"
"1757 Golf Club";"May 28, 2026, 17:00:00";"0.01";"26.56";"1.03"
"1757 Golf Club";"May 28, 2026, 16:00:00";"0.07";"27.05";"1.06"
"1757 Golf Club";"May 28, 2026, 15:00:00";"0";"29.5";"1.27"
"1757 Golf Club";"May 28, 2026, 14:00:00";"0";"32.15";"1.09"
"1757 Golf Club";"May 28, 2026, 13:00:00";"0.24";"37.11";"1.39"
"1757 Golf Club";"May 28, 2026, 12:00:00";"0";"41.1";"1.53"
"1757 Golf Club";"May 28, 2026, 11:00:00";"0";"48.78";"2"
"1757 Golf Club";"May 28, 2026, 10:00:00";"0";"77";"2.45"
"1757 Golf Club";"May 28, 2026, 09:00:00";"0";"117.45";"2.8"
"1757 Golf Club";"May 28, 2026, 08:00:00";"0.15";"150.59";"3.34"
"1757 Golf Club";"May 28, 2026, 07:00:00";"0.09";"205.38";"4.14"
"1757 Golf Club";"May 28, 2026, 06:00:00";"0";"246.98";"4.34"
"1757 Golf Club";"May 28, 2026, 05:00:00";"0";"261.53";"4.09"
"1757 Golf Club";"May 28, 2026, 04:00:00";"0";"285.41";"3.57"
"1757 Golf Club";"May 28, 2026, 03:00:00";"0";"285.71";"3.12"
"1757 Golf Club";"May 28, 2026, 02:00:00";"0.18";"292.83";"2.87"
"1757 Golf Club";"May 28, 2026, 01:00:00";"0";"291.87";"2.08"
"1757 Golf Club";"May 28, 2026, 00:00:00";"0.43";"318.12";"1.36"
"1757 Golf Club";"May 27, 2026, 23:00:00";"2.15";"421.52";"1.89"
"1757 Golf Club";"May 27, 2026, 22:00:00";"2.39";"362.22";"1.49"
"1757 Golf Club";"May 27, 2026, 21:00:00";"1.11";"244.54";"1.49"
"1757 Golf Club";"May 27, 2026, 20:00:00";"0.46";"214.8";"1.04"
"1757 Golf Club";"May 27, 2026, 19:00:00";"0.78";"220.75";"1.24"
"1757 Golf Club";"May 27, 2026, 18:00:00";"0";"223.97";"0.99"
"1757 Golf Club";"May 27, 2026, 17:00:00";"0";"258.28";"0.95"
"1757 Golf Club";"May 27, 2026, 16:00:00";"1.43";"283.49";"1.63"
"1757 Golf Club";"May 27, 2026, 15:00:00";"0.03";"294.79";"1.71"
"1757 Golf Club";"May 27, 2026, 14:00:00";"1.15";"307.5";"1.55"
"1757 Golf Club";"May 27, 2026, 13:00:00";"0";"328.14";"1.85"
"1757 Golf Club";"May 27, 2026, 12:00:00";"0";"307.43";"2.65"
"1757 Golf Club";"May 27, 2026, 11:00:00";"0.94";"378.63";"5.95"
"1757 Golf Club";"May 27, 2026, 10:00:00";"3.82";"441.86";"10.19"
"1757 Golf Club";"May 27, 2026, 09:00:00";"4.94";"491.18";"12.29"
"1757 Golf Club";"May 27, 2026, 08:00:00";"8.64";"516.1";"13.9"
"1757 Golf Club";"May 27, 2026, 07:00:00";"3.68";"531.28";"16.23"
"1757 Golf Club";"May 27, 2026, 06:00:00";"0.72";"496.9";"15.16"
"1757 Golf Club";"May 27, 2026, 05:00:00";"1.73";"456.38";"11.42"
"1757 Golf Club";"May 27, 2026, 04:00:00";"3.32";"432.12";"11.61"
"1757 Golf Club";"May 27, 2026, 03:00:00";"5.43";"416.42";"12.32"
"1757 Golf Club";"May 27, 2026, 02:00:00";"1.7";"393.57";"12.17"
"1757 Golf Club";"May 27, 2026, 01:00:00";"0.89";"381.89";"11.14"
"1757 Golf Club";"May 27, 2026, 00:00:00";"2.18";"370.3";"9.72"
"1757 Golf Club";"May 26, 2026, 23:00:00";"2.8";"355.05";"8.17"
"1757 Golf Club";"May 26, 2026, 22:00:00";"5.03";"335.22";"7.19"
"1757 Golf Club";"May 26, 2026, 21:00:00";"5.72";"298.25";"5.15"
"1757 Golf Club";"May 26, 2026, 20:00:00";"2.84";"289.84";"3.9"
"1757 Golf Club";"May 26, 2026, 19:00:00";"0.6";"260.88";"3.54"
"1757 Golf Club";"May 26, 2026, 18:00:00";"0";"235.16";"3.43"
"1757 Golf Club";"May 26, 2026, 17:00:00";"0";"235.05";"3.25"
"1757 Golf Club";"May 26, 2026, 16:00:00";"0";"258.37";"3.51"
"1757 Golf Club";"May 26, 2026, 15:00:00";"0.41";"314.3";"4.87"
"1757 Golf Club";"May 26, 2026, 14:00:00";"1.28";"374.28";"6.7"
"1757 Golf Club";"May 26, 2026, 13:00:00";"2.26";"394.88";"8.63"
"1757 Golf Club";"May 26, 2026, 12:00:00";"3.23";"407.6";"9.13"
"1757 Golf Club";"May 26, 2026, 11:00:00";"2.48";"474.84";"11.3"
"1757 Golf Club";"May 26, 2026, 10:00:00";"5.28";"539.9";"20"
"1757 Golf Club";"May 26, 2026, 09:00:00";"6.12";"590.03";"23.55"
"1757 Golf Club";"May 26, 2026, 08:00:00";"3.07";"533.77";"16.01"
"1757 Golf Club";"May 26, 2026, 07:00:00";"1.05";"498.2";"14.83"
"1757 Golf Club";"May 26, 2026, 06:00:00";"0.25";"491.17";"14.36"
"1757 Golf Club";"May 26, 2026, 05:00:00";"0.35";"490.56";"0"
"1757 Golf Club";"May 26, 2026, 04:00:00";"0.34";"495.32";"0"
"1757 Golf Club";"May 26, 2026, 03:00:00";"0.55";"491";"0"
"1757 Golf Club";"May 26, 2026, 02:00:00";"1.5";"477.81";"0"
"1757 Golf Club";"May 26, 2026, 01:00:00";"2.17";"480.65";"10.7"
"1757 Golf Club";"May 26, 2026, 00:00:00";"2.68";"467.3";"9.14"
"1757 Golf Club";"May 25, 2026, 23:00:00";"3.38";"445.6";"8.66"
"1757 Golf Club";"May 25, 2026, 22:00:00";"1.94";"400.95";"6.34"
"1757 Golf Club";"May 25, 2026, 21:00:00";"1.15";"334.16";"4.51"
"1757 Golf Club";"May 25, 2026, 20:00:00";"0.01";"290.93";"2.96"
"1757 Golf Club";"May 25, 2026, 19:00:00";"0";"283.53";"2.68"
"1757 Golf Club";"May 25, 2026, 18:00:00";"0";"275.81";"2.46"
"1757 Golf Club";"May 25, 2026, 17:00:00";"0";"294.9";"2.56"
"1757 Golf Club";"May 25, 2026, 16:00:00";"0";"343.16";"2.63"
"1757 Golf Club";"May 25, 2026, 15:00:00";"0";"378.97";"3.07"
"1757 Golf Club";"May 25, 2026, 14:00:00";"0";"386.91";"4.35"
"1757 Golf Club";"May 25, 2026, 13:00:00";"0";"398.68";"5.49"
"1757 Golf Club";"May 25, 2026, 12:00:00";"0.11";"430.24";"4.86"
"1757 Golf Club";"May 25, 2026, 11:00:00";"0.23";"469.07";"5.18"
"1757 Golf Club";"May 25, 2026, 10:00:00";"3.09";"485.44";"7.2"
"1757 Golf Club";"May 25, 2026, 09:00:00";"1.31";"493.55";"8.96"
"1757 Golf Club";"May 25, 2026, 08:00:00";"3.9";"482.91";"10.08"
"1757 Golf Club";"May 25, 2026, 07:00:00";"3.04";"440.22";"9.68"
"1757 Golf Club";"May 25, 2026, 06:00:00";"3.07";"421.97";"10.63"
"1757 Golf Club";"May 25, 2026, 05:00:00";"2.82";"427.56";"15.23"
"1757 Golf Club";"May 25, 2026, 04:00:00";"4.88";"404.41";"16.04"
"1757 Golf Club";"May 25, 2026, 03:00:00";"3.16";"327.4";"0"
"1757 Golf Club";"May 25, 2026, 02:00:00";"3.25";"328.53";"0"
"1757 Golf Club";"May 25, 2026, 01:00:00";"3.62";"313.11";"19.71"
"1757 Golf Club";"May 25, 2026, 00:00:00";"4.1";"329.97";"22.07"
"1757 Golf Club";"May 24, 2026, 23:00:00";"4.59";"331.64";"20.8"
"1757 Golf Club";"May 24, 2026, 22:00:00";"5.49";"309.55";"31.96"
"1757 Golf Club";"May 24, 2026, 21:00:00";"5.26";"231.38";"29.73"
"1757 Golf Club";"May 24, 2026, 20:00:00";"4.37";"163.9";"20.85"
"1757 Golf Club";"May 24, 2026, 19:00:00";"3.54";"159.73";"16.09"
"1757 Golf Club";"May 24, 2026, 18:00:00";"2.02";"148.08";"11.7"
"1757 Golf Club";"May 24, 2026, 17:00:00";"1.08";"139.2";"8.22"
"1757 Golf Club";"May 24, 2026, 16:00:00";"0.54";"135.5";"5.66"
"1757 Golf Club";"May 24, 2026, 15:00:00";"0.63";"136.21";"4.32"
"1757 Golf Club";"May 24, 2026, 14:00:00";"1.7";"129.89";"4.1"
"1757 Golf Club";"May 24, 2026, 13:00:00";"1.21";"125.59";"3.02"
"1757 Golf Club";"May 24, 2026, 12:00:00";"1.83";"125.43";"2.76"
"1757 Golf Club";"May 24, 2026, 11:00:00";"2.38";"126.87";"2.04"
"1757 Golf Club";"May 24, 2026, 10:00:00";"2.91";"121.89";"2.41"
"1757 Golf Club";"May 24, 2026, 09:00:00";"3.05";"112.23";"2.61"
"1757 Golf Club";"May 24, 2026, 08:00:00";"3.05";"106.98";"2.56"
"1757 Golf Club";"May 24, 2026, 07:00:00";"2.92";"104.61";"1.49"
"1757 Golf Club";"May 24, 2026, 06:00:00";"2.57";"103.5";"1.28"
"1757 Golf Club";"May 24, 2026, 05:00:00";"2.84";"106.63";"1.23"
"1757 Golf Club";"May 24, 2026, 04:00:00";"3.19";"111.45";"0.73"
"1757 Golf Club";"May 24, 2026, 03:00:00";"3.38";"114.72";"1.35"
"1757 Golf Club";"May 24, 2026, 02:00:00";"4.61";"114.74";"2.01"
"1757 Golf Club";"May 24, 2026, 01:00:00";"5.18";"114.52";"4"
"1757 Golf Club";"May 24, 2026, 00:00:00";"5.3";"113.35";"6.9"
"1757 Golf Club";"May 23, 2026, 23:00:00";"6.08";"113.41";"5.14"
"1757 Golf Club";"May 23, 2026, 22:00:00";"6.94";"108.92";"4.15"
"1757 Golf Club";"May 23, 2026, 21:00:00";"6.29";"107.4";"4.58"
"1757 Golf Club";"May 23, 2026, 20:00:00";"5.91";"108.85";"3.69"
"1757 Golf Club";"May 23, 2026, 19:00:00";"6.24";"120.21";"3.02"
"1757 Golf Club";"May 23, 2026, 18:00:00";"6.9";"118.94";"3.24"
"1757 Golf Club";"May 23, 2026, 17:00:00";"6.81";"120.39";"2.64"
"1757 Golf Club";"May 23, 2026, 16:00:00";"5.93";"111.17";"1.63"
"1757 Golf Club";"May 23, 2026, 15:00:00";"6.59";"109.93";"0.86"
"1757 Golf Club";"May 23, 2026, 14:00:00";"6.39";"111.52";"1"
"1757 Golf Club";"May 23, 2026, 13:00:00";"6.6";"111.65";"1.64"
"1757 Golf Club";"May 23, 2026, 12:00:00";"6.85";"111.03";"2.52"
"1757 Golf Club";"May 23, 2026, 11:00:00";"7.11";"110.96";"2.72"
"1757 Golf Club";"May 23, 2026, 10:00:00";"6.16";"107.84";"3.84"
"1757 Golf Club";"May 23, 2026, 09:00:00";"6.64";"103.71";"3.91"
"1757 Golf Club";"May 23, 2026, 08:00:00";"6.72";"98.07";"3.61"
"1757 Golf Club";"May 23, 2026, 07:00:00";"6.55";"95.86";"4.6"
"1757 Golf Club";"May 23, 2026, 06:00:00";"6.2";"92.72";"3.35"
"1757 Golf Club";"May 23, 2026, 05:00:00";"6.04";"90.37";"3.23"
"1757 Golf Club";"May 23, 2026, 04:00:00";"5.71";"91.74";"3.49"
"1757 Golf Club";"May 23, 2026, 03:00:00";"5.43";"94.3";"3.19"
"1757 Golf Club";"May 23, 2026, 02:00:00";"5.35";"91";"4.13"
"1757 Golf Club";"May 23, 2026, 01:00:00";"5.33";"90.17";"4.18"
"1757 Golf Club";"May 23, 2026, 00:00:00";"6.17";"86.1";"3.31"
"1757 Golf Club";"May 22, 2026, 23:00:00";"6.36";"84.35";"2.81"
"1757 Golf Club";"May 22, 2026, 22:00:00";"5.45";"82.62";"2.89"
"1757 Golf Club";"May 22, 2026, 21:00:00";"4.87";"77.84";"1.89"
"1757 Golf Club";"May 22, 2026, 20:00:00";"4.11";"85.11";"1.58"
"1757 Golf Club";"May 22, 2026, 19:00:00";"5.25";"107.77";"1.94"
"1757 Golf Club";"May 22, 2026, 18:00:00";"5.66";"110.71";"2.11"
"1757 Golf Club";"May 22, 2026, 17:00:00";"4.55";"121.03";"1.48"
"1757 Golf Club";"May 22, 2026, 16:00:00";"4.65";"132.81";"2.01"
"1757 Golf Club";"May 22, 2026, 15:00:00";"4.79";"135.68";"4.95"
"1757 Golf Club";"May 22, 2026, 14:00:00";"4.96";"137.83";"3.65"
"1757 Golf Club";"May 22, 2026, 13:00:00";"4.94";"121.46";"2.72"
"1757 Golf Club";"May 22, 2026, 12:00:00";"5.07";"113.03";"2.74"
"1757 Golf Club";"May 22, 2026, 11:00:00";"5.02";"119.83";"6.68"
"1757 Golf Club";"May 22, 2026, 10:00:00";"3.92";"131.27";"16.09"
"1757 Golf Club";"May 22, 2026, 09:00:00";"4.04";"132.93";"22.11"
"1757 Golf Club";"May 22, 2026, 08:00:00";"3.98";"127.16";"22.99"
"1757 Golf Club";"May 22, 2026, 07:00:00";"3.89";"120.1";"26.26"
"1757 Golf Club";"May 22, 2026, 06:00:00";"3.47";"121.17";"15.65"
"1757 Golf Club";"May 22, 2026, 05:00:00";"4.07";"121.84";"12.01"
"1757 Golf Club";"May 22, 2026, 04:00:00";"3.86";"120.17";"16.33"
"1757 Golf Club";"May 22, 2026, 03:00:00";"4.25";"117.23";"20.38"
"1757 Golf Club";"May 22, 2026, 02:00:00";"3.82";"113.31";"23.57"
"1757 Golf Club";"May 22, 2026, 01:00:00";"3.85";"113.86";"19.28"
"1757 Golf Club";"May 22, 2026, 00:00:00";"4.56";"113.86";"14.12"
"1757 Golf Club";"May 21, 2026, 23:00:00";"4.64";"109.91";"13.23"
"1757 Golf Club";"May 21, 2026, 22:00:00";"4.81";"107.03";"8.73"
"1757 Golf Club";"May 21, 2026, 21:00:00";"4.89";"105";"5.2"
"1757 Golf Club";"May 21, 2026, 20:00:00";"4.85";"119.12";"4.1"
"1757 Golf Club";"May 21, 2026, 19:00:00";"5.03";"97.82";"3.34"
"1757 Golf Club";"May 21, 2026, 18:00:00";"4.06";"103.52";"2.34"
"1757 Golf Club";"May 21, 2026, 17:00:00";"2.77";"104.23";"1.34"
"1757 Golf Club";"May 21, 2026, 16:00:00";"2.31";"122.45";"1.32"
"1757 Golf Club";"May 21, 2026, 15:00:00";"3.03";"174.89";"1.32"
"1757 Golf Club";"May 21, 2026, 14:00:00";"1.39";"187.51";"1.68"
"1757 Golf Club";"May 21, 2026, 13:00:00";"2.53";"212.08";"2.09"
"1757 Golf Club";"May 21, 2026, 12:00:00";"1.83";"212.36";"2.54"
"1757 Golf Club";"May 21, 2026, 11:00:00";"1.52";"226.99";"2.46"
"1757 Golf Club";"May 21, 2026, 10:00:00";"1.36";"271.97";"2.73"
"1757 Golf Club";"May 21, 2026, 09:00:00";"2.14";"328.87";"3.67"
"1757 Golf Club";"May 21, 2026, 08:00:00";"2.03";"351.47";"3.97"
"1757 Golf Club";"May 21, 2026, 07:00:00";"2.2";"376.36";"4.64"
"1757 Golf Club";"May 21, 2026, 06:00:00";"0.99";"409.05";"5.75"
"1757 Golf Club";"May 21, 2026, 05:00:00";"0.79";"523.74";"14.37"
"1757 Golf Club";"May 21, 2026, 04:00:00";"1.74";"623.52";"15.39"
"1757 Golf Club";"May 21, 2026, 03:00:00";"2.47";"612.82";"17.05"
"1757 Golf Club";"May 21, 2026, 02:00:00";"2.31";"560.74";"10.32"
"1757 Golf Club";"May 21, 2026, 01:00:00";"1.67";"587.89";"10.36"
"1757 Golf Club";"May 21, 2026, 00:00:00";"8.18";"589.61";"13.99"
"1757 Golf Club";"May 20, 2026, 23:00:00";"11.55";"532.58";"7.93"
"1757 Golf Club";"May 20, 2026, 22:00:00";"4.3";"553.84";"9.57"
"1757 Golf Club";"May 20, 2026, 21:00:00";"4.69";"473.2";"9.01"
"1757 Golf Club";"May 20, 2026, 20:00:00";"4.4";"418.03";"8.96"
"1757 Golf Club";"May 20, 2026, 19:00:00";"4.9";"391.29";"9.29"
"1757 Golf Club";"May 20, 2026, 18:00:00";"4.72";"321.57";"9.24"
"1757 Golf Club";"May 20, 2026, 17:00:00";"3.83";"138.36";"6.08"
"1757 Golf Club";"May 20, 2026, 16:00:00";"0.09";"126.32";"7.31"
"1757 Golf Club";"May 20, 2026, 15:00:00";"0.12";"139.44";"7.02"
"1757 Golf Club";"May 20, 2026, 14:00:00";"0";"149.96";"6.09"
"1757 Golf Club";"May 20, 2026, 13:00:00";"0";"163.67";"6.13"
"1757 Golf Club";"May 20, 2026, 12:00:00";"0";"177.79";"6.65"
"1757 Golf Club";"May 20, 2026, 11:00:00";"0";"185.81";"7.57"
"1757 Golf Club";"May 20, 2026, 10:00:00";"1.58";"212.39";"7.07"
"1757 Golf Club";"May 20, 2026, 09:00:00";"11.18";"258.44";"6.86"
"1757 Golf Club";"May 20, 2026, 08:00:00";"9.51";"328.73";"5.25"
"1757 Golf Club";"May 20, 2026, 07:00:00";"9.64";"276.08";"6.67"
"1757 Golf Club";"May 20, 2026, 06:00:00";"5.4";"239.39";"5.09"
"1757 Golf Club";"May 20, 2026, 05:00:00";"4.06";"247.04";"5.67"
"1757 Golf Club";"May 20, 2026, 04:00:00";"10.68";"256.08";"5.55"
"1757 Golf Club";"May 20, 2026, 03:00:00";"5.04";"220.64";"4.46"
"1757 Golf Club";"May 20, 2026, 02:00:00";"2.95";"187.03";"4.58"
"1757 Golf Club";"May 20, 2026, 01:00:00";"2.76";"145.15";"3.94"
"1757 Golf Club";"May 20, 2026, 00:00:00";"4.25";"136.24";"3.86"
"1757 Golf Club";"May 19, 2026, 23:00:00";"3.8";"121.5";"3.42"
"1757 Golf Club";"May 19, 2026, 22:00:00";"11.88";"103.26";"3.42"
"1757 Golf Club";"May 19, 2026, 21:00:00";"15.94";"95.16";"3.09"
"1757 Golf Club";"May 19, 2026, 20:00:00";"26.16";"86.12";"3.25"
"1757 Golf Club";"May 19, 2026, 19:00:00";"15.03";"74";"2.99"
"1757 Golf Club";"May 19, 2026, 18:00:00";"0.42";"92.15";"5.26"
"1757 Golf Club";"May 19, 2026, 17:00:00";"0.12";"114.23";"5.06"
"1757 Golf Club";"May 19, 2026, 16:00:00";"0";"119.14";"5.63"
"1757 Golf Club";"May 19, 2026, 15:00:00";"0.07";"125.03";"5.91"
"1757 Golf Club";"May 19, 2026, 14:00:00";"0.87";"128.56";"5.68"
"1757 Golf Club";"May 19, 2026, 13:00:00";"0";"125.9";"5.75"
"1757 Golf Club";"May 19, 2026, 12:00:00";"0";"128.89";"5.81"
"1757 Golf Club";"May 19, 2026, 11:00:00";"0";"129.02";"5.91"
"1757 Golf Club";"May 19, 2026, 10:00:00";"2";"136.02";"7.6"
"1757 Golf Club";"May 19, 2026, 09:00:00";"0";"0";"9.24"
"1757 Golf Club";"May 19, 2026, 08:00:00";"0";"0";"8.51"
"1757 Golf Club";"May 19, 2026, 07:00:00";"14.71";"101.49";"8.25"
"1757 Golf Club";"May 19, 2026, 06:00:00";"7.35";"98.74";"7.47"
"1757 Golf Club";"May 19, 2026, 05:00:00";"4.83";"99.14";"7.9"
"1757 Golf Club";"May 19, 2026, 04:00:00";"3.12";"102.8";"7.74"
"1757 Golf Club";"May 19, 2026, 03:00:00";"1.86";"107.18";"7.98"
"1757 Golf Club";"May 19, 2026, 02:00:00";"2.23";"105.69";"7.84"
"1757 Golf Club";"May 19, 2026, 01:00:00";"2.38";"103.36";"7.98"
"1757 Golf Club";"May 19, 2026, 00:00:00";"21.99";"104.77";"8.33"
"1757 Golf Club";"May 18, 2026, 23:00:00";"4.89";"103.22";"8.23"
"1757 Golf Club";"May 18, 2026, 22:00:00";"3.71";"103.81";"7.93"
"1757 Golf Club";"May 18, 2026, 21:00:00";"2.53";"105.12";"8.21"
"1757 Golf Club";"May 18, 2026, 20:00:00";"2.28";"110.4";"8.53"
"1757 Golf Club";"May 18, 2026, 19:00:00";"1.4";"119.16";"8.3"
"1757 Golf Club";"May 18, 2026, 18:00:00";"0.22";"125.76";"8.64"
"1757 Golf Club";"May 18, 2026, 17:00:00";"0.49";"126.15";"7.21"
"1757 Golf Club";"May 18, 2026, 16:00:00";"0.42";"128.34";"7.74"
"1757 Golf Club";"May 18, 2026, 15:00:00";"0.15";"130.23";"7.85"
"1757 Golf Club";"May 18, 2026, 14:00:00";"0";"133.85";"7.05"
"1757 Golf Club";"May 18, 2026, 13:00:00";"0.18";"142.45";"8.69"
"1757 Golf Club";"May 18, 2026, 12:00:00";"0";"177.85";"9.19"
"1757 Golf Club";"May 18, 2026, 11:00:00";"2.67";"209.32";"8.7"
"1757 Golf Club";"May 18, 2026, 10:00:00";"7.72";"257.91";"8.3"
"1757 Golf Club";"May 18, 2026, 09:00:00";"19.92";"331.28";"6.82"
"1757 Golf Club";"May 18, 2026, 08:00:00";"8.85";"410.79";"12.84"
"1757 Golf Club";"May 18, 2026, 07:00:00";"6.9";"320.45";"19.19"
"1757 Golf Club";"May 18, 2026, 06:00:00";"8.48";"285.4";"15.51"
"1757 Golf Club";"May 18, 2026, 05:00:00";"7.49";"260.41";"14.09"
"1757 Golf Club";"May 18, 2026, 04:00:00";"9.32";"208.11";"11.8"
"1757 Golf Club";"May 18, 2026, 03:00:00";"7.16";"155.51";"6.88"
"1757 Golf Club";"May 18, 2026, 02:00:00";"6.41";"121.12";"4.83"
"1757 Golf Club";"May 18, 2026, 01:00:00";"6.29";"113.98";"5.13"
"1757 Golf Club";"May 18, 2026, 00:00:00";"13.96";"103.88";"4.7"
"1757 Golf Club";"May 17, 2026, 23:00:00";"4.48";"101.49";"4.62"
"1757 Golf Club";"May 17, 2026, 22:00:00";"13.79";"98.03";"4.18"
"1757 Golf Club";"May 17, 2026, 21:00:00";"11.24";"92.45";"3.56"
"1757 Golf Club";"May 17, 2026, 20:00:00";"1.4";"98.79";"3.27"
"1757 Golf Club";"May 17, 2026, 19:00:00";"0.62";"118.05";"3.45"
"1757 Golf Club";"May 17, 2026, 18:00:00";"0";"125.63";"3.27"
"1757 Golf Club";"May 17, 2026, 17:00:00";"0";"133.79";"3.07"
"1757 Golf Club";"May 17, 2026, 16:00:00";"0";"130.77";"2.79"
"1757 Golf Club";"May 17, 2026, 15:00:00";"0.05";"136.21";"2.75"
"1757 Golf Club";"May 17, 2026, 14:00:00";"0";"156.67";"3.01"
"1757 Golf Club";"May 17, 2026, 13:00:00";"1.17";"185.47";"4.14"
"1757 Golf Club";"May 17, 2026, 12:00:00";"3.5";"202.41";"4.64"
"1757 Golf Club";"May 17, 2026, 11:00:00";"10.02";"214.98";"4.58"
"1757 Golf Club";"May 17, 2026, 10:00:00";"15.39";"225.05";"4.79"
"1757 Golf Club";"May 17, 2026, 09:00:00";"8.82";"226.26";"4.1"
"1757 Golf Club";"May 17, 2026, 08:00:00";"14.8";"298.95";"5.95"
"1757 Golf Club";"May 17, 2026, 07:00:00";"7.4";"286.74";"10.41"
"1757 Golf Club";"May 17, 2026, 06:00:00";"3.76";"255.04";"8.68"
"1757 Golf Club";"May 17, 2026, 05:00:00";"4.36";"253.46";"7.01"
"1757 Golf Club";"May 17, 2026, 04:00:00";"3.36";"231.13";"8.29"
"1757 Golf Club";"May 17, 2026, 03:00:00";"3.56";"182.79";"3.63"
"1757 Golf Club";"May 17, 2026, 02:00:00";"5.05";"191.31";"3.35"
"1757 Golf Club";"May 17, 2026, 01:00:00";"5.69";"200.87";"3.6"
"1757 Golf Club";"May 17, 2026, 00:00:00";"5.12";"172.16";"3.55"
"1757 Golf Club";"May 16, 2026, 23:00:00";"5.41";"147.51";"2.3"
"1757 Golf Club";"May 16, 2026, 22:00:00";"4.22";"144.78";"2.34"
"1757 Golf Club";"May 16, 2026, 21:00:00";"4.58";"124.79";"2.6"
"1757 Golf Club";"May 16, 2026, 20:00:00";"5.79";"111.09";"2.78"
"1757 Golf Club";"May 16, 2026, 19:00:00";"6.29";"90.9";"2.11"
"1757 Golf Club";"May 16, 2026, 18:00:00";"2.68";"75.68";"3.03"
"1757 Golf Club";"May 16, 2026, 17:00:00";"1.15";"87.47";"2.92"
"1757 Golf Club";"May 16, 2026, 16:00:00";"0.7";"76.71";"2.27"
"1757 Golf Club";"May 16, 2026, 15:00:00";"0.2";"68.36";"1.62"
"1757 Golf Club";"May 16, 2026, 14:00:00";"0.44";"64.87";"1.72"
"1757 Golf Club";"May 16, 2026, 13:00:00";"0.99";"81.04";"2.25"
"1757 Golf Club";"May 16, 2026, 12:00:00";"1.32";"88.89";"3.84"
"1757 Golf Club";"May 16, 2026, 11:00:00";"4.02";"98.81";"3.09"
"1757 Golf Club";"May 16, 2026, 10:00:00";"13.19";"77.31";"3.68"
"1757 Golf Club";"May 16, 2026, 09:00:00";"11.74";"67.43";"3.37"
"1757 Golf Club";"May 16, 2026, 08:00:00";"22.15";"73.58";"5.22"
"1757 Golf Club";"May 16, 2026, 07:00:00";"7.04";"70.46";"11.16"
"1757 Golf Club";"May 16, 2026, 06:00:00";"8.52";"70.59";"8.44"
"1757 Golf Club";"May 16, 2026, 05:00:00";"8.88";"66.11";"10.88"
"1757 Golf Club";"May 16, 2026, 04:00:00";"10.24";"58.19";"8.92"
"1757 Golf Club";"May 16, 2026, 03:00:00";"12.31";"49.49";"4.68"
"1757 Golf Club";"May 16, 2026, 02:00:00";"17.27";"46.82";"2.91"
"1757 Golf Club";"May 16, 2026, 01:00:00";"17.56";"49.48";"2.44"
"1757 Golf Club";"May 16, 2026, 00:00:00";"9.97";"46.84";"2.06"
"1757 Golf Club";"May 15, 2026, 23:00:00";"7.44";"46.05";"1.52"
"1757 Golf Club";"May 15, 2026, 22:00:00";"5.07";"42.95";"1.09"
"1757 Golf Club";"May 15, 2026, 21:00:00";"4.08";"39.11";"0.84"
"1757 Golf Club";"May 15, 2026, 20:00:00";"2.47";"38.1";"0.91"
"1757 Golf Club";"May 15, 2026, 19:00:00";"1.63";"35.38";"1.06"
"1757 Golf Club";"May 15, 2026, 18:00:00";"1.68";"35.56";"0.97"
"1757 Golf Club";"May 15, 2026, 17:00:00";"1.43";"35.33";"1.11"
"1757 Golf Club";"May 15, 2026, 16:00:00";"1.74";"35.93";"1.2"
"1757 Golf Club";"May 15, 2026, 15:00:00";"2.7";"35.55";"1.56"
"1757 Golf Club";"May 15, 2026, 14:00:00";"2.59";"37.02";"1.57"
"1757 Golf Club";"May 15, 2026, 13:00:00";"1.54";"37.32";"1.42"
"1757 Golf Club";"May 15, 2026, 12:00:00";"3.94";"35.74";"1.33"
"1757 Golf Club";"May 15, 2026, 11:00:00";"0";"0";"1.45"
"1757 Golf Club";"May 15, 2026, 10:00:00";"4.97";"34.83";"1.25"
"1757 Golf Club";"May 15, 2026, 09:00:00";"6";"35.7";"1.86"
"1757 Golf Club";"May 15, 2026, 08:00:00";"6.68";"34.78";"2.34"
"1757 Golf Club";"May 15, 2026, 07:00:00";"6.49";"33.77";"2.46"
"1757 Golf Club";"May 15, 2026, 06:00:00";"5.98";"33.29";"2.53"
"1757 Golf Club";"May 15, 2026, 05:00:00";"5.69";"33.29";"2.64"
"1757 Golf Club";"May 15, 2026, 04:00:00";"6.18";"33.24";"2.07"
"1757 Golf Club";"May 15, 2026, 03:00:00";"5.95";"33.37";"1.25"
"1757 Golf Club";"May 15, 2026, 02:00:00";"6.82";"32.62";"1.28"
"1757 Golf Club";"May 15, 2026, 01:00:00";"6.63";"32.17";"1.82"
"1757 Golf Club";"May 15, 2026, 00:00:00";"6.29";"31.73";"2.08"
"1757 Golf Club";"May 14, 2026, 23:00:00";"6.47";"30.9";"3.21"
"1757 Golf Club";"May 14, 2026, 22:00:00";"6.33";"30.74";"1.91"
"1757 Golf Club";"May 14, 2026, 21:00:00";"6.55";"30.89";"0.85"
"1757 Golf Club";"May 14, 2026, 20:00:00";"5.93";"31.2";"0.67"
"1757 Golf Club";"May 14, 2026, 19:00:00";"5.45";"31.52";"0.61"
"1757 Golf Club";"May 14, 2026, 18:00:00";"4.87";"32.93";"0.87"
"1757 Golf Club";"May 14, 2026, 17:00:00";"4.14";"34.06";"0.71"
"1757 Golf Club";"May 14, 2026, 16:00:00";"4.05";"35.74";"0.79"
"1757 Golf Club";"May 14, 2026, 15:00:00";"3.52";"38.37";"0.95"
"1757 Golf Club";"May 14, 2026, 14:00:00";"3.68";"37.79";"0.9"
"1757 Golf Club";"May 14, 2026, 13:00:00";"2.86";"39.02";"2.01"
"1757 Golf Club";"May 14, 2026, 12:00:00";"3.11";"44.32";"2.54"
"1757 Golf Club";"May 14, 2026, 11:00:00";"2.02";"50.19";"2.49"
"1757 Golf Club";"May 14, 2026, 10:00:00";"3.07";"60.27";"3.23"
"1757 Golf Club";"May 14, 2026, 09:00:00";"5.37";"66.75";"4.8"
"1757 Golf Club";"May 14, 2026, 08:00:00";"6.94";"84.74";"6.58"
"1757 Golf Club";"May 14, 2026, 07:00:00";"6.4";"123.72";"14.16"
"1757 Golf Club";"May 14, 2026, 06:00:00";"5.31";"152.12";"18.9"
"1757 Golf Club";"May 14, 2026, 05:00:00";"5.98";"175.06";"15.05"
"1757 Golf Club";"May 14, 2026, 04:00:00";"7.17";"197.96";"8.73"
"1757 Golf Club";"May 14, 2026, 03:00:00";"7.15";"214.44";"0"
"1757 Golf Club";"May 14, 2026, 01:00:00";"13.33";"171.75";"0"
"1757 Golf Club";"May 14, 2026, 00:00:00";"16.9";"138.91";"2.81"
"1757 Golf Club";"May 13, 2026, 23:00:00";"19.95";"114.29";"2.71"
"1757 Golf Club";"May 13, 2026, 22:00:00";"11.81";"94.01";"2.71"
"1757 Golf Club";"May 13, 2026, 21:00:00";"6.67";"53.33";"2.24"
"1757 Golf Club";"May 13, 2026, 20:00:00";"13.2";"63.52";"2.61"
"1757 Golf Club";"May 13, 2026, 19:00:00";"11.94";"61.53";"2.95"
"1757 Golf Club";"May 13, 2026, 18:00:00";"12.58";"53.62";"2.82"
"1757 Golf Club";"May 13, 2026, 17:00:00";"11.52";"53.11";"2.72"
"1757 Golf Club";"May 13, 2026, 16:00:00";"9.04";"44.97";"3.13"
"1757 Golf Club";"May 13, 2026, 15:00:00";"7.38";"39.57";"3.77"
"1757 Golf Club";"May 13, 2026, 14:00:00";"3.56";"40.75";"4.29"
"1757 Golf Club";"May 13, 2026, 13:00:00";"5.02";"39.56";"3.64"
"1757 Golf Club";"May 13, 2026, 12:00:00";"6.66";"42.66";"4.19"
"1757 Golf Club";"May 13, 2026, 11:00:00";"8.72";"41.55";"4.77"
"1757 Golf Club";"May 13, 2026, 10:00:00";"11.03";"44.96";"4.92"
"1757 Golf Club";"May 13, 2026, 09:00:00";"12.1";"42.3";"5.09"
"1757 Golf Club";"May 13, 2026, 08:00:00";"13.72";"33.73";"3.63"
"1757 Golf Club";"May 13, 2026, 07:00:00";"12.02";"30.98";"3.08"
"1757 Golf Club";"May 13, 2026, 06:00:00";"7.83";"29.56";"2.88"
"1757 Golf Club";"May 13, 2026, 05:00:00";"7.08";"30.15";"2.59"
"1757 Golf Club";"May 13, 2026, 04:00:00";"6.48";"31.11";"1.95"
"1757 Golf Club";"May 13, 2026, 03:00:00";"6.52";"32.01";"1.81"
"1757 Golf Club";"May 13, 2026, 02:00:00";"7.8";"34.19";"2.11"
"1757 Golf Club";"May 13, 2026, 01:00:00";"8.57";"36.09";"1.75"
"1757 Golf Club";"May 13, 2026, 00:00:00";"8.92";"35.85";"2"
"1757 Golf Club";"May 12, 2026, 23:00:00";"7.97";"35.47";"2.02"
"1757 Golf Club";"May 12, 2026, 22:00:00";"7.4";"35.65";"1.96"
"1757 Golf Club";"May 12, 2026, 21:00:00";"6.9";"34.95";"1.96"
"1757 Golf Club";"May 12, 2026, 20:00:00";"5.12";"32.22";"1.72"
"1757 Golf Club";"May 12, 2026, 19:00:00";"4.89";"32.82";"1.66"
"1757 Golf Club";"May 12, 2026, 18:00:00";"3.44";"33.61";"1.67"
"1757 Golf Club";"May 12, 2026, 17:00:00";"4.44";"34.29";"2.11"
"1757 Golf Club";"May 12, 2026, 16:00:00";"3.26";"33.06";"2.89"
"1757 Golf Club";"May 12, 2026, 15:00:00";"4.83";"32.78";"2.85"
"1757 Golf Club";"May 12, 2026, 14:00:00";"3.93";"33.74";"2.95"
"1757 Golf Club";"May 12, 2026, 13:00:00";"5.03";"34.41";"3.84"
"1757 Golf Club";"May 12, 2026, 12:00:00";"2.3";"35.53";"2.86"
"1757 Golf Club";"May 12, 2026, 11:00:00";"0";"0";"2.77"
"1757 Golf Club";"May 12, 2026, 10:00:00";"6.85";"34.83";"2.31"
"1757 Golf Club";"May 12, 2026, 09:00:00";"7.09";"32.73";"1.61"
"1757 Golf Club";"May 12, 2026, 08:00:00";"7.81";"34.72";"2.22"
"1757 Golf Club";"May 12, 2026, 07:00:00";"7.8";"35.46";"2.8"
"1757 Golf Club";"May 12, 2026, 06:00:00";"8.06";"37.69";"3.33"
"1757 Golf Club";"May 12, 2026, 05:00:00";"7.84";"39.81";"4.61"
"1757 Golf Club";"May 12, 2026, 04:00:00";"8.05";"35.95";"4.56"
"1757 Golf Club";"May 12, 2026, 03:00:00";"10.59";"34.17";"3.33"
"1757 Golf Club";"May 12, 2026, 02:00:00";"10.7";"34.13";"2.02"
"1757 Golf Club";"May 12, 2026, 01:00:00";"11.29";"32.7";"1.94"
"1757 Golf Club";"May 12, 2026, 00:00:00";"17.43";"32.08";"1.62"
"1757 Golf Club";"May 11, 2026, 23:00:00";"11.6";"30.89";"1.55"
"1757 Golf Club";"May 11, 2026, 22:00:00";"10.9";"29.95";"1.58"
"1757 Golf Club";"May 11, 2026, 21:00:00";"8.95";"28.28";"1.46"
"1757 Golf Club";"May 11, 2026, 20:00:00";"5.18";"27.77";"0.93"
"1757 Golf Club";"May 11, 2026, 19:00:00";"2.34";"26.7";"0.98"
"1757 Golf Club";"May 11, 2026, 18:00:00";"0.63";"28.6";"1.02"
"1757 Golf Club";"May 11, 2026, 17:00:00";"1.17";"29.87";"1.56"
"1757 Golf Club";"May 11, 2026, 16:00:00";"3.94";"30.7";"2.34"
"1757 Golf Club";"May 11, 2026, 15:00:00";"4.22";"30.14";"2.4"
"1757 Golf Club";"May 11, 2026, 14:00:00";"5.94";"29.61";"2.1"
"1757 Golf Club";"May 11, 2026, 13:00:00";"6.81";"32.54";"2.26"
"1757 Golf Club";"May 11, 2026, 12:00:00";"9.48";"33.17";"1.74"
"1757 Golf Club";"May 11, 2026, 11:00:00";"11.25";"33.24";"1.79"
"1757 Golf Club";"May 11, 2026, 10:00:00";"9.8";"34.48";"1.64"
"1757 Golf Club";"May 11, 2026, 09:00:00";"6.35";"30.55";"1.26"
"1757 Golf Club";"May 11, 2026, 08:00:00";"4.42";"29.06";"0.98"
"1757 Golf Club";"May 11, 2026, 07:00:00";"3.94";"29.87";"0.86"
"1757 Golf Club";"May 11, 2026, 06:00:00";"2.21";"30.34";"1.88"
"1757 Golf Club";"May 11, 2026, 05:00:00";"1.37";"34.11";"1.19"
"1757 Golf Club";"May 11, 2026, 04:00:00";"0.88";"42.81";"1.73"
"1757 Golf Club";"May 11, 2026, 03:00:00";"0.76";"70.91";"2.73"
"1757 Golf Club";"May 11, 2026, 02:00:00";"1.81";"147.55";"4.19"
"1757 Golf Club";"May 11, 2026, 01:00:00";"2.9";"226.07";"7.72"
"1757 Golf Club";"May 11, 2026, 00:00:00";"3.66";"287.91";"8.81"
"1757 Golf Club";"May 10, 2026, 23:00:00";"4.52";"296.15";"9.51"
"1757 Golf Club";"May 10, 2026, 22:00:00";"4.71";"246.13";"6.26"
"1757 Golf Club";"May 10, 2026, 21:00:00";"4.63";"243.68";"5.93"
"1757 Golf Club";"May 10, 2026, 20:00:00";"5.4";"222.72";"5"
"1757 Golf Club";"May 10, 2026, 19:00:00";"5.64";"229.13";"4.22"
"1757 Golf Club";"May 10, 2026, 18:00:00";"6.55";"258.28";"6.92"
"1757 Golf Club";"May 10, 2026, 17:00:00";"4.19";"139.23";"7.05"
"1757 Golf Club";"May 10, 2026, 16:00:00";"2.76";"71.25";"2.88"
"1757 Golf Club";"May 10, 2026, 15:00:00";"0.38";"62.95";"2.4"
"1757 Golf Club";"May 10, 2026, 14:00:00";"0.35";"73.79";"2.5"
"1757 Golf Club";"May 10, 2026, 13:00:00";"0.04";"81.96";"2.52"
"1757 Golf Club";"May 10, 2026, 12:00:00";"0.22";"92.85";"3"
"1757 Golf Club";"May 10, 2026, 11:00:00";"6.08";"111.29";"3.43"
"1757 Golf Club";"May 10, 2026, 10:00:00";"11.1";"155.99";"5.28"
"1757 Golf Club";"May 10, 2026, 09:00:00";"8.32";"233.33";"15.31"
"1757 Golf Club";"May 10, 2026, 08:00:00";"6.33";"189.85";"0"
"1757 Golf Club";"May 10, 2026, 07:00:00";"4.28";"117.92";"0"
"1757 Golf Club";"May 10, 2026, 06:00:00";"4.03";"117.77";"0"
"1757 Golf Club";"May 10, 2026, 05:00:00";"4.63";"121.2";"0"
"1757 Golf Club";"May 10, 2026, 04:00:00";"7.49";"120.33";"0"
"1757 Golf Club";"May 10, 2026, 03:00:00";"5.88";"103.79";"16.17"
"1757 Golf Club";"May 10, 2026, 02:00:00";"5.11";"91.44";"14.6"
"1757 Golf Club";"May 10, 2026, 01:00:00";"6.93";"103.51";"8.12"
"1757 Golf Club";"May 10, 2026, 00:00:00";"7.43";"88.87";"5.77"
"1757 Golf Club";"May 9, 2026, 23:00:00";"7.29";"66.88";"4.29"
"1757 Golf Club";"May 9, 2026, 22:00:00";"4.82";"57.14";"3.28"
"1757 Golf Club";"May 9, 2026, 21:00:00";"4.04";"51.38";"3.36"
"1757 Golf Club";"May 9, 2026, 20:00:00";"3.99";"46.38";"2.72"
"1757 Golf Club";"May 9, 2026, 19:00:00";"2.05";"44.91";"3.09"
"1757 Golf Club";"May 9, 2026, 18:00:00";"1.29";"46.75";"2.9"
"1757 Golf Club";"May 9, 2026, 17:00:00";"1.9";"50.68";"3.06"
"1757 Golf Club";"May 9, 2026, 16:00:00";"1.56";"49.85";"4.03"
"1757 Golf Club";"May 9, 2026, 15:00:00";"3.37";"48.61";"4.17"
"1757 Golf Club";"May 9, 2026, 14:00:00";"3.9";"45.02";"4.38"
"1757 Golf Club";"May 9, 2026, 13:00:00";"4.34";"41.1";"4.27"
"1757 Golf Club";"May 9, 2026, 12:00:00";"4.91";"38.96";"3.93"
"1757 Golf Club";"May 9, 2026, 11:00:00";"7.62";"35.26";"3.93"
"1757 Golf Club";"May 9, 2026, 10:00:00";"11.19";"31.6";"3.64"
"1757 Golf Club";"May 9, 2026, 09:00:00";"11.08";"29.71";"3.26"
"1757 Golf Club";"May 9, 2026, 08:00:00";"14.4";"28.27";"4.26"
"1757 Golf Club";"May 9, 2026, 07:00:00";"10.58";"27.33";"3.77"
"1757 Golf Club";"May 9, 2026, 06:00:00";"7.6";"26.56";"2.27"
"1757 Golf Club";"May 9, 2026, 05:00:00";"6.6";"26.27";"2.14"
"1757 Golf Club";"May 9, 2026, 04:00:00";"6.51";"25.98";"2.15"
"1757 Golf Club";"May 9, 2026, 03:00:00";"7.56";"26.21";"2.39"
"1757 Golf Club";"May 9, 2026, 02:00:00";"6.29";"26.05";"2.48"
"1757 Golf Club";"May 9, 2026, 01:00:00";"7.25";"26.39";"1.97"
"1757 Golf Club";"May 9, 2026, 00:00:00";"16.18";"27.78";"2.27"
"1757 Golf Club";"May 8, 2026, 23:00:00";"16";"28.58";"2.49"
"1757 Golf Club";"May 8, 2026, 22:00:00";"14.27";"29.44";"2.36"
"1757 Golf Club";"May 8, 2026, 21:00:00";"8.61";"28.27";"2.57"
"1757 Golf Club";"May 8, 2026, 20:00:00";"9.09";"26.08";"2.7"
"1757 Golf Club";"May 8, 2026, 19:00:00";"5.71";"25.31";"2.15"
"1757 Golf Club";"May 8, 2026, 18:00:00";"3.51";"25.14";"2.23"
"1757 Golf Club";"May 8, 2026, 17:00:00";"2.12";"24.46";"2.01"
"1757 Golf Club";"May 8, 2026, 16:00:00";"1.17";"25.02";"1.87"
"1757 Golf Club";"May 8, 2026, 15:00:00";"1.69";"26.28";"1.96"
"1757 Golf Club";"May 8, 2026, 14:00:00";"2.05";"27.38";"2.59"
"1757 Golf Club";"May 8, 2026, 13:00:00";"1.96";"29.86";"2.34"
"1757 Golf Club";"May 8, 2026, 12:00:00";"1.06";"29.43";"2.55"
"1757 Golf Club";"May 8, 2026, 11:00:00";"2.14";"29.88";"2.46"
"1757 Golf Club";"May 8, 2026, 10:00:00";"4.07";"29.43";"2.33"
"1757 Golf Club";"May 8, 2026, 09:00:00";"10.48";"32.85";"2.29"
"1757 Golf Club";"May 8, 2026, 08:00:00";"17.55";"31.67";"3.51"
"1757 Golf Club";"May 8, 2026, 07:00:00";"9.32";"29.45";"5.52"
"1757 Golf Club";"May 8, 2026, 06:00:00";"5.78";"26.79";"4.32"
"1757 Golf Club";"May 8, 2026, 05:00:00";"5.52";"25.25";"2.72"
"1757 Golf Club";"May 8, 2026, 04:00:00";"5.57";"24.84";"3.62"
"1757 Golf Club";"May 8, 2026, 03:00:00";"4.65";"26.34";"2.58"
"1757 Golf Club";"May 8, 2026, 02:00:00";"5.63";"28.79";"2.29"
"1757 Golf Club";"May 8, 2026, 01:00:00";"9.33";"35.15";"3.49"
"1757 Golf Club";"May 8, 2026, 00:00:00";"10.36";"35.47";"3.27"
"1757 Golf Club";"May 7, 2026, 23:00:00";"10.31";"33.49";"3.08"
"1757 Golf Club";"May 7, 2026, 22:00:00";"13.17";"32.52";"2.95"
"1757 Golf Club";"May 7, 2026, 21:00:00";"10.34";"31.49";"2.83"
"1757 Golf Club";"May 7, 2026, 20:00:00";"13.19";"32.16";"2.96"
"1757 Golf Club";"May 7, 2026, 19:00:00";"9.97";"32.44";"3.5"
"1757 Golf Club";"May 7, 2026, 18:00:00";"8.98";"33.8";"3.4"
"1757 Golf Club";"May 7, 2026, 17:00:00";"3.48";"28.75";"2.14"
"1757 Golf Club";"May 7, 2026, 16:00:00";"1.65";"28.62";"2.76"
"1757 Golf Club";"May 7, 2026, 15:00:00";"1.87";"29.45";"2.54"
"1757 Golf Club";"May 7, 2026, 14:00:00";"1.85";"31.31";"2.87"
"1757 Golf Club";"May 7, 2026, 13:00:00";"2.45";"31.06";"3.22"
"1757 Golf Club";"May 7, 2026, 12:00:00";"3.53";"26.61";"2.96"
"1757 Golf Club";"May 7, 2026, 11:00:00";"5.5";"27.45";"2.37"
"1757 Golf Club";"May 7, 2026, 10:00:00";"4.96";"27.98";"2.19"
"1757 Golf Club";"May 7, 2026, 09:00:00";"5.22";"31.89";"1.71"
"1757 Golf Club";"May 7, 2026, 08:00:00";"4.5";"33.04";"1.75"
"1757 Golf Club";"May 7, 2026, 07:00:00";"3.29";"37.81";"1.85"
"1757 Golf Club";"May 7, 2026, 06:00:00";"3.08";"45.85";"1.98"
"1757 Golf Club";"May 7, 2026, 05:00:00";"4.05";"55.87";"2.94"
"1757 Golf Club";"May 7, 2026, 04:00:00";"4.09";"59.62";"3.41"
"1757 Golf Club";"May 7, 2026, 03:00:00";"4.17";"64";"4.42"
"1757 Golf Club";"May 7, 2026, 02:00:00";"3.52";"84.7";"7.45"
"1757 Golf Club";"May 7, 2026, 01:00:00";"3.24";"101.61";"3.4"
"1757 Golf Club";"May 7, 2026, 00:00:00";"2.72";"101.7";"1.33"
"1757 Golf Club";"May 6, 2026, 23:00:00";"1.53";"113.68";"1.28"
"1757 Golf Club";"May 6, 2026, 22:00:00";"1.1";"149.06";"1.69"
"1757 Golf Club";"May 6, 2026, 21:00:00";"2.87";"181.67";"3.53"
"1757 Golf Club";"May 6, 2026, 20:00:00";"4.73";"170.46";"4.45"
"1757 Golf Club";"May 6, 2026, 19:00:00";"3.25";"170.26";"4.43"
"1757 Golf Club";"May 6, 2026, 18:00:00";"3.35";"172.26";"4.32"
"1757 Golf Club";"May 6, 2026, 17:00:00";"3.4";"172.88";"4.04"
"1757 Golf Club";"May 6, 2026, 16:00:00";"4.16";"176.07";"4.04"
"1757 Golf Club";"May 6, 2026, 15:00:00";"5.52";"184.39";"3.79"
"1757 Golf Club";"May 6, 2026, 14:00:00";"6.89";"192.51";"3.89"
"1757 Golf Club";"May 6, 2026, 13:00:00";"7.88";"240.86";"3.47"
"1757 Golf Club";"May 6, 2026, 12:00:00";"10.52";"288.22";"4.07"
"1757 Golf Club";"May 6, 2026, 11:00:00";"12.47";"278.57";"3.92"
"1757 Golf Club";"May 6, 2026, 10:00:00";"13.69";"233.2";"4.57"
"1757 Golf Club";"May 6, 2026, 09:00:00";"14.71";"161.34";"4.34"
"1757 Golf Club";"May 6, 2026, 08:00:00";"12.69";"95.87";"3.8"
"1757 Golf Club";"May 6, 2026, 07:00:00";"9.41";"70.81";"3.46"
"1757 Golf Club";"May 6, 2026, 06:00:00";"6.02";"62.01";"3.51"
"1757 Golf Club";"May 6, 2026, 05:00:00";"4.8";"57.49";"3.58"
"1757 Golf Club";"May 6, 2026, 04:00:00";"4.49";"54.14";"4.04"
"1757 Golf Club";"May 6, 2026, 03:00:00";"4.21";"51.16";"4.67"
"1757 Golf Club";"May 6, 2026, 02:00:00";"3.76";"45.91";"5.12"
"1757 Golf Club";"May 6, 2026, 01:00:00";"4.71";"41.95";"4.23"
"1757 Golf Club";"May 6, 2026, 00:00:00";"10.95";"36.94";"4.63"
"1757 Golf Club";"May 5, 2026, 23:00:00";"8.67";"30.93";"4.1"
"1757 Golf Club";"May 5, 2026, 22:00:00";"5.88";"27.41";"3.93"
"1757 Golf Club";"May 5, 2026, 21:00:00";"12.92";"25.53";"3.41"
"1757 Golf Club";"May 5, 2026, 20:00:00";"7.24";"26.36";"3.85"
"1757 Golf Club";"May 5, 2026, 19:00:00";"0";"0";"4.21"
"1757 Golf Club";"May 5, 2026, 18:00:00";"3.93";"33.57";"4.65"
"1757 Golf Club";"May 5, 2026, 17:00:00";"2.46";"36.2";"5.25"
"1757 Golf Club";"May 5, 2026, 16:00:00";"1.53";"43.48";"6.4"
"1757 Golf Club";"May 5, 2026, 15:00:00";"4.36";"51.1";"8.86"
"1757 Golf Club";"May 5, 2026, 14:00:00";"4.59";"52.1";"5.43"
"1757 Golf Club";"May 5, 2026, 13:00:00";"2.98";"51.88";"4.9"
"1757 Golf Club";"May 5, 2026, 12:00:00";"0";"0";"5.57"
"1757 Golf Club";"May 5, 2026, 11:00:00";"5.54";"58.21";"5.04"
"1757 Golf Club";"May 5, 2026, 10:00:00";"11.33";"62.85";"6.87"
"1757 Golf Club";"May 5, 2026, 09:00:00";"18.04";"44.64";"4.61"
"1757 Golf Club";"May 5, 2026, 08:00:00";"13.69";"38.77";"4.5"
"1757 Golf Club";"May 5, 2026, 07:00:00";"11.15";"37.38";"3.32"
"1757 Golf Club";"May 5, 2026, 06:00:00";"7.57";"38.05";"2.76"
"1757 Golf Club";"May 5, 2026, 05:00:00";"0";"0";"2.77"
"1757 Golf Club";"May 5, 2026, 04:00:00";"7.48";"42.15";"2.48"
"1757 Golf Club";"May 5, 2026, 03:00:00";"7.86";"42.88";"3.19"
"1757 Golf Club";"May 5, 2026, 02:00:00";"8.98";"41.57";"2.09"
"1757 Golf Club";"May 5, 2026, 01:00:00";"7.43";"40.3";"2.09"
"1757 Golf Club";"May 5, 2026, 00:00:00";"8.74";"38.5";"2.01"
"1757 Golf Club";"May 4, 2026, 23:00:00";"6.43";"35.59";"2.28"
"1757 Golf Club";"May 4, 2026, 22:00:00";"6.15";"31.81";"2.45"
"1757 Golf Club";"May 4, 2026, 21:00:00";"5.38";"30.63";"2.5"
"1757 Golf Club";"May 4, 2026, 20:00:00";"5.36";"28.34";"3.32"
"1757 Golf Club";"May 4, 2026, 19:00:00";"4.09";"27.6";"3.82"
"1757 Golf Club";"May 4, 2026, 18:00:00";"1.98";"28.72";"4.26"
"1757 Golf Club";"May 4, 2026, 17:00:00";"1.72";"32.32";"3.23"
"1757 Golf Club";"May 4, 2026, 16:00:00";"1.54";"31.08";"4.86"
"1757 Golf Club";"May 4, 2026, 15:00:00";"2.66";"30.26";"4.95"
"1757 Golf Club";"May 4, 2026, 14:00:00";"1.4";"27.14";"2.77"
"1757 Golf Club";"May 4, 2026, 13:00:00";"2.27";"26.79";"2.55"
"1757 Golf Club";"May 4, 2026, 12:00:00";"2.21";"26.26";"2.5"
"1757 Golf Club";"May 4, 2026, 11:00:00";"5.39";"29.2";"3.93"
"1757 Golf Club";"May 4, 2026, 10:00:00";"19.15";"29.71";"4.92"
"1757 Golf Club";"May 4, 2026, 09:00:00";"16.73";"25.67";"4.64"
"1757 Golf Club";"May 4, 2026, 08:00:00";"18.26";"23.33";"3.97"
"1757 Golf Club";"May 4, 2026, 07:00:00";"18.37";"21.05";"2.66"
"1757 Golf Club";"May 4, 2026, 06:00:00";"13.59";"20.39";"2.57"
"1757 Golf Club";"May 4, 2026, 05:00:00";"12.99";"21.24";"2.61"
"1757 Golf Club";"May 4, 2026, 04:00:00";"14.32";"21.82";"2.33"
"1757 Golf Club";"May 4, 2026, 03:00:00";"22.15";"25.27";"3.85"
"1757 Golf Club";"May 4, 2026, 02:00:00";"18.62";"20.79";"2.65"
"1757 Golf Club";"May 4, 2026, 01:00:00";"23.83";"19.33";"3.39"
"1757 Golf Club";"May 4, 2026, 00:00:00";"34.16";"18.89";"2.87"
"1757 Golf Club";"May 3, 2026, 23:00:00";"12.97";"18.39";"1.77"
"1757 Golf Club";"May 3, 2026, 22:00:00";"8.09";"18.36";"1.61"
"1757 Golf Club";"May 3, 2026, 21:00:00";"5.89";"18.39";"1.36"
"1757 Golf Club";"May 3, 2026, 20:00:00";"4.37";"18.91";"1.64"
"1757 Golf Club";"May 3, 2026, 19:00:00";"4.09";"19.55";"1.6"
"1757 Golf Club";"May 3, 2026, 18:00:00";"3.11";"20.57";"1.46"
"1757 Golf Club";"May 3, 2026, 17:00:00";"2.37";"20.91";"1.74"
"1757 Golf Club";"May 3, 2026, 16:00:00";"3.8";"20.2";"1.49"
"1757 Golf Club";"May 3, 2026, 15:00:00";"3.53";"19.81";"1.71"
"1757 Golf Club";"May 3, 2026, 14:00:00";"3.35";"19.04";"1.68"
"1757 Golf Club";"May 3, 2026, 13:00:00";"3.36";"18.19";"1.74"
"1757 Golf Club";"May 3, 2026, 12:00:00";"3.37";"17.99";"1.95"
"1757 Golf Club";"May 3, 2026, 11:00:00";"3.89";"17.29";"2.46"
"1757 Golf Club";"May 3, 2026, 10:00:00";"4.23";"17.02";"2.83"
"1757 Golf Club";"May 3, 2026, 09:00:00";"5.69";"16.65";"2.06"
"1757 Golf Club";"May 3, 2026, 08:00:00";"6.6";"16.76";"1.74"
"1757 Golf Club";"May 3, 2026, 07:00:00";"7.54";"17.03";"1.67"
"1757 Golf Club";"May 3, 2026, 06:00:00";"7.25";"16.69";"1.95"
"1757 Golf Club";"May 3, 2026, 05:00:00";"8.48";"16.26";"1.94"
"1757 Golf Club";"May 3, 2026, 04:00:00";"8.67";"16.08";"2.05"
"1757 Golf Club";"May 3, 2026, 03:00:00";"8.94";"15.54";"2.03"
"1757 Golf Club";"May 3, 2026, 02:00:00";"1.01";"23.52";"2.44"
"1757 Golf Club";"May 3, 2026, 01:00:00";"0.27";"24.45";"3.08"
"1757 Golf Club";"May 3, 2026, 00:00:00";"0.15";"24.53";"3.6"
"1757 Golf Club";"May 2, 2026, 23:00:00";"0.04";"24.35";"2.12"
"1757 Golf Club";"May 2, 2026, 22:00:00";"0";"24.75";"2.31"
"1757 Golf Club";"May 2, 2026, 21:00:00";"0";"25.32";"2.33"
"1757 Golf Club";"May 2, 2026, 20:00:00";"0";"26.66";"2.28"
"1757 Golf Club";"May 2, 2026, 19:00:00";"0";"27.2";"2.32"
"1757 Golf Club";"May 2, 2026, 18:00:00";"0";"27.65";"2.28"
"1757 Golf Club";"May 2, 2026, 17:00:00";"0";"28.01";"2.42"
"1757 Golf Club";"May 2, 2026, 16:00:00";"0";"28.83";"2.94"
"1757 Golf Club";"May 2, 2026, 15:00:00";"0";"29.36";"3.06"
"1757 Golf Club";"May 2, 2026, 14:00:00";"0";"28.65";"2.95"
"1757 Golf Club";"May 2, 2026, 13:00:00";"0";"29.08";"2.39"
"1757 Golf Club";"May 2, 2026, 12:00:00";"0";"28.77";"3.15"
"1757 Golf Club";"May 2, 2026, 11:00:00";"0";"28.52";"2.94"
"1757 Golf Club";"May 2, 2026, 10:00:00";"0.02";"27.75";"2.93"
"1757 Golf Club";"May 2, 2026, 09:00:00";"0";"26.84";"2.75"
"1757 Golf Club";"May 2, 2026, 08:00:00";"0";"26.67";"2.67"
"1757 Golf Club";"May 2, 2026, 07:00:00";"0.01";"27.12";"1.33"
"1757 Golf Club";"May 2, 2026, 06:00:00";"0.03";"28.26";"0.85"
"1757 Golf Club";"May 2, 2026, 05:00:00";"0";"29.02";"1.35"
"1757 Golf Club";"May 2, 2026, 04:00:00";"0.02";"31.26";"1.45"
"1757 Golf Club";"May 2, 2026, 03:00:00";"0.23";"33.2";"1.76"
"1757 Golf Club";"May 2, 2026, 02:00:00";"0.32";"33.14";"1.77"
"1757 Golf Club";"May 2, 2026, 01:00:00";"0.34";"35.44";"1.39"
"1757 Golf Club";"May 2, 2026, 00:00:00";"0.12";"35.29";"1.37"
"1757 Golf Club";"May 1, 2026, 23:00:00";"3.16";"35.55";"2.08"
"1757 Golf Club";"May 1, 2026, 22:00:00";"1.78";"33.26";"1.59"
"1757 Golf Club";"May 1, 2026, 21:00:00";"1.62";"32.72";"1.38"
"1757 Golf Club";"May 1, 2026, 20:00:00";"0.49";"32.83";"1.56"
"1757 Golf Club";"May 1, 2026, 19:00:00";"0";"33.75";"1.43"
"1757 Golf Club";"May 1, 2026, 18:00:00";"0";"33.94";"1.36"
"1757 Golf Club";"May 1, 2026, 17:00:00";"0";"34.99";"2.13"
"1757 Golf Club";"May 1, 2026, 16:00:00";"0";"35.95";"2.5"
"1757 Golf Club";"May 1, 2026, 15:00:00";"0";"36.26";"1.89"
"1757 Golf Club";"May 1, 2026, 14:00:00";"0.08";"37.5";"3.26"
"1757 Golf Club";"May 1, 2026, 13:00:00";"0.46";"36.49";"3.61"
"1757 Golf Club";"May 1, 2026, 12:00:00";"0";"37.31";"2.28"
"1757 Golf Club";"May 1, 2026, 11:00:00";"0";"35.58";"1.69"
"1757 Golf Club";"May 1, 2026, 10:00:00";"0.12";"36.1";"1.25"
"1757 Golf Club";"May 1, 2026, 09:00:00";"2.84";"35";"1.32"
"1757 Golf Club";"May 1, 2026, 08:00:00";"2.83";"34.87";"1.46"
"1757 Golf Club";"May 1, 2026, 07:00:00";"1.24";"33.08";"1.35"
"1757 Golf Club";"May 1, 2026, 06:00:00";"0.98";"32.2";"1.3"
"1757 Golf Club";"May 1, 2026, 05:00:00";"0.07";"31.35";"1.09"
"1757 Golf Club";"May 1, 2026, 04:00:00";"0.2";"30.76";"1.28"
"1757 Golf Club";"May 1, 2026, 03:00:00";"0.32";"30.55";"1.43"
"1757 Golf Club";"May 1, 2026, 02:00:00";"0.92";"30.86";"1.67"
"1757 Golf Club";"May 1, 2026, 01:00:00";"0.34";"30.41";"1.02"
"1757 Golf Club";"May 1, 2026, 00:00:00";"0.09";"30.61";"1.09"
"1757 Golf Club";"Apr 30, 2026, 23:00:00";"0.13";"31.01";"0.9"
"1757 Golf Club";"Apr 30, 2026, 22:00:00";"0.09";"31.82";"0.98"
"1757 Golf Club";"Apr 30, 2026, 21:00:00";"0.03";"31.14";"1.06"
"1757 Golf Club";"Apr 30, 2026, 20:00:00";"0";"33.23";"1.09"
"1757 Golf Club";"Apr 30, 2026, 19:00:00";"0";"36.25";"0.77"
"1757 Golf Club";"Apr 30, 2026, 18:00:00";"0";"38.03";"1.25"
"1757 Golf Club";"Apr 30, 2026, 17:00:00";"0";"37.97";"1.21"
"1757 Golf Club";"Apr 30, 2026, 16:00:00";"0";"38.75";"1.26"
"1757 Golf Club";"Apr 30, 2026, 15:00:00";"0";"41.02";"1.46"
"1757 Golf Club";"Apr 30, 2026, 14:00:00";"0.49";"41.96";"1.69"
"1757 Golf Club";"Apr 30, 2026, 13:00:00";"0";"0";"1.67"
"1757 Golf Club";"Apr 30, 2026, 12:00:00";"0";"46.69";"2.17"
"1757 Golf Club";"Apr 30, 2026, 11:00:00";"0";"50.23";"2.64"
"1757 Golf Club";"Apr 30, 2026, 10:00:00";"0";"55.45";"2.98"
"1757 Golf Club";"Apr 30, 2026, 09:00:00";"0";"67.1";"3.38"
"1757 Golf Club";"Apr 30, 2026, 08:00:00";"1.52";"77.33";"3.19"
"1757 Golf Club";"Apr 30, 2026, 07:00:00";"0";"87.69";"4.36"
"1757 Golf Club";"Apr 30, 2026, 06:00:00";"0";"100.79";"5.16"
"1757 Golf Club";"Apr 30, 2026, 05:00:00";"0";"140.31";"4.03"
"1757 Golf Club";"Apr 30, 2026, 04:00:00";"0";"205.11";"4.91"
"1757 Golf Club";"Apr 30, 2026, 03:00:00";"0";"293.91";"7.01"
"1757 Golf Club";"Apr 30, 2026, 02:00:00";"0.16";"262.91";"14.29"
"1757 Golf Club";"Apr 30, 2026, 01:00:00";"0.67";"237.93";"7.76"
"1757 Golf Club";"Apr 30, 2026, 00:00:00";"2.79";"201.62";"5.33"
"1757 Golf Club";"Apr 29, 2026, 23:00:00";"1.67";"193.4";"5.73"
"1757 Golf Club";"Apr 29, 2026, 22:00:00";"1.58";"205.51";"6.4"
"1757 Golf Club";"Apr 29, 2026, 21:00:00";"2.33";"214.26";"7.33"
"1757 Golf Club";"Apr 29, 2026, 20:00:00";"2.85";"193.49";"6.51"
"1757 Golf Club";"Apr 29, 2026, 19:00:00";"3.89";"162.47";"10.44"
"1757 Golf Club";"Apr 29, 2026, 18:00:00";"4.76";"110.72";"10.14"
"1757 Golf Club";"Apr 29, 2026, 17:00:00";"2.58";"96.48";"8.69"
"1757 Golf Club";"Apr 29, 2026, 16:00:00";"4.24";"92.25";"8.82"
"1757 Golf Club";"Apr 29, 2026, 15:00:00";"7.05";"84.06";"9.53"
"1757 Golf Club";"Apr 29, 2026, 14:00:00";"8.56";"77.53";"8.59"
"1757 Golf Club";"Apr 29, 2026, 13:00:00";"6.16";"66.52";"7.04"
"1757 Golf Club";"Apr 29, 2026, 12:00:00";"6.66";"55.94";"4.6"
"1757 Golf Club";"Apr 29, 2026, 11:00:00";"9";"53.21";"4.53"
"1757 Golf Club";"Apr 29, 2026, 10:00:00";"11.37";"51.96";"6.95"
"1757 Golf Club";"Apr 29, 2026, 09:00:00";"8.7";"49.66";"4.02"
"1757 Golf Club";"Apr 29, 2026, 08:00:00";"9.56";"47.53";"3.99"
"1757 Golf Club";"Apr 29, 2026, 07:00:00";"5.15";"48.16";"2.85"
"1757 Golf Club";"Apr 29, 2026, 06:00:00";"1.41";"49.28";"2.42"
"1757 Golf Club";"Apr 29, 2026, 05:00:00";"0.06";"53.81";"2.23"
"1757 Golf Club";"Apr 29, 2026, 04:00:00";"0";"55.12";"2.04"
"1757 Golf Club";"Apr 29, 2026, 03:00:00";"0";"60.99";"2.6"
"1757 Golf Club";"Apr 29, 2026, 02:00:00";"1.83";"71.69";"4.65"
"1757 Golf Club";"Apr 29, 2026, 01:00:00";"1.79";"71.26";"5.06"
"1757 Golf Club";"Apr 29, 2026, 00:00:00";"0";"0";"5.2"
"1757 Golf Club";"Apr 28, 2026, 23:00:00";"4.78";"66.03";"4.29"
"1757 Golf Club";"Apr 28, 2026, 22:00:00";"0";"0";"4.5"
"1757 Golf Club";"Apr 28, 2026, 21:00:00";"0";"0";"5.36"
"1757 Golf Club";"Apr 28, 2026, 20:00:00";"0";"0";"5.41"
"1757 Golf Club";"Apr 28, 2026, 19:00:00";"0.58";"58.87";"4.96"
"1757 Golf Club";"Apr 28, 2026, 18:00:00";"0.52";"57.93";"4.34"
"1757 Golf Club";"Apr 28, 2026, 17:00:00";"1.24";"53.94";"3.73"
"1757 Golf Club";"Apr 28, 2026, 16:00:00";"1.11";"48.7";"2.67"
"1757 Golf Club";"Apr 28, 2026, 15:00:00";"2.16";"48.27";"2.75"
"1757 Golf Club";"Apr 28, 2026, 14:00:00";"3.87";"46.08";"2.81"
"1757 Golf Club";"Apr 28, 2026, 13:00:00";"7.23";"43.59";"2.84"
"1757 Golf Club";"Apr 28, 2026, 12:00:00";"8.55";"42.74";"1.95"
"1757 Golf Club";"Apr 28, 2026, 11:00:00";"9.71";"41.89";"2.45"
"1757 Golf Club";"Apr 28, 2026, 10:00:00";"6.7";"38.66";"2.49"
"1757 Golf Club";"Apr 28, 2026, 09:00:00";"8.6";"37.65";"3.02"
"1757 Golf Club";"Apr 28, 2026, 08:00:00";"11.19";"38.37";"2.92"
"1757 Golf Club";"Apr 28, 2026, 07:00:00";"8.36";"37.09";"2.22"
"1757 Golf Club";"Apr 28, 2026, 06:00:00";"2.58";"36.36";"1.9"
"1757 Golf Club";"Apr 28, 2026, 05:00:00";"2.14";"36.16";"1.79"
"1757 Golf Club";"Apr 28, 2026, 04:00:00";"3.15";"37.09";"1.83"
"1757 Golf Club";"Apr 28, 2026, 03:00:00";"3.5";"37.93";"1.95"
"1757 Golf Club";"Apr 28, 2026, 02:00:00";"2.79";"38.74";"1.91"
"1757 Golf Club";"Apr 28, 2026, 01:00:00";"2.39";"37.7";"2.13"
"1757 Golf Club";"Apr 28, 2026, 00:00:00";"2.83";"36.96";"2.26"
"1757 Golf Club";"Apr 27, 2026, 23:00:00";"3.41";"39.01";"2.17"
"1757 Golf Club";"Apr 27, 2026, 22:00:00";"3.91";"40.8";"2.48"
"1757 Golf Club";"Apr 27, 2026, 21:00:00";"2.91";"40.65";"2.51"
"1757 Golf Club";"Apr 27, 2026, 20:00:00";"0.38";"39.67";"2.42"
"1757 Golf Club";"Apr 27, 2026, 19:00:00";"0.02";"39.83";"3.12"
"1757 Golf Club";"Apr 27, 2026, 18:00:00";"0";"40.63";"3.95"
"1757 Golf Club";"Apr 27, 2026, 17:00:00";"0";"41.4";"3.87"
"1757 Golf Club";"Apr 27, 2026, 16:00:00";"0";"42.22";"3.19"
"1757 Golf Club";"Apr 27, 2026, 15:00:00";"0";"45.36";"2.79"
"1757 Golf Club";"Apr 27, 2026, 14:00:00";"0";"46.28";"2.19"
"1757 Golf Club";"Apr 27, 2026, 13:00:00";"0";"48.96";"2.5"
"1757 Golf Club";"Apr 27, 2026, 12:00:00";"0";"53.74";"2.1"
"1757 Golf Club";"Apr 27, 2026, 11:00:00";"0";"54.73";"1.66"
"1757 Golf Club";"Apr 27, 2026, 10:00:00";"6.98";"61.82";"3.25"
"1757 Golf Club";"Apr 27, 2026, 09:00:00";"7.97";"67.02";"7.78"
"1757 Golf Club";"Apr 27, 2026, 08:00:00";"2.81";"56.55";"18.71"
"1757 Golf Club";"Apr 27, 2026, 07:00:00";"0";"48.17";"0"
"1757 Golf Club";"Apr 27, 2026, 05:00:00";"0";"47.42";"0"
"1757 Golf Club";"Apr 27, 2026, 04:00:00";"0.46";"47.82";"0"
"1757 Golf Club";"Apr 27, 2026, 03:00:00";"1.04";"49.11";"0"
"1757 Golf Club";"Apr 27, 2026, 02:00:00";"0.12";"46.31";"0"
"1757 Golf Club";"Apr 27, 2026, 01:00:00";"1.59";"45.86";"9.52"
"1757 Golf Club";"Apr 27, 2026, 00:00:00";"0.29";"45.42";"3.94"
"1757 Golf Club";"Apr 26, 2026, 23:00:00";"0.01";"44.02";"1.81"
"1757 Golf Club";"Apr 26, 2026, 22:00:00";"0";"43.47";"1.44"
"1757 Golf Club";"Apr 26, 2026, 21:00:00";"0";"43.16";"1.46"
"1757 Golf Club";"Apr 26, 2026, 20:00:00";"0";"42.67";"1.7"
"1757 Golf Club";"Apr 26, 2026, 19:00:00";"0";"43.26";"1.32"
"1757 Golf Club";"Apr 26, 2026, 18:00:00";"0";"44.26";"1.35"
"1757 Golf Club";"Apr 26, 2026, 17:00:00";"0";"43.81";"1.14"
"1757 Golf Club";"Apr 26, 2026, 16:00:00";"0";"42.64";"1.1"
"1757 Golf Club";"Apr 26, 2026, 15:00:00";"0";"43.29";"1.45"
"1757 Golf Club";"Apr 26, 2026, 14:00:00";"0";"43.06";"2.6"
"1757 Golf Club";"Apr 26, 2026, 13:00:00";"0";"43.69";"3.79"
"1757 Golf Club";"Apr 26, 2026, 12:00:00";"0";"46.48";"2.11"
"1757 Golf Club";"Apr 26, 2026, 11:00:00";"0";"47.15";"1.66"
"1757 Golf Club";"Apr 26, 2026, 10:00:00";"0";"46.12";"1.45"
"1757 Golf Club";"Apr 26, 2026, 09:00:00";"0";"45.07";"1.18"
"1757 Golf Club";"Apr 26, 2026, 08:00:00";"0";"44.27";"0.88"
"1757 Golf Club";"Apr 26, 2026, 07:00:00";"0";"43.94";"0.79"
"1757 Golf Club";"Apr 26, 2026, 06:00:00";"0";"44.14";"0.89"
"1757 Golf Club";"Apr 26, 2026, 05:00:00";"0";"46.84";"1.56"
"1757 Golf Club";"Apr 26, 2026, 04:00:00";"0";"48.89";"1.34"
"1757 Golf Club";"Apr 26, 2026, 03:00:00";"0";"51.44";"1.14"
"1757 Golf Club";"Apr 26, 2026, 02:00:00";"0";"55.23";"1.33"
"1757 Golf Club";"Apr 26, 2026, 01:00:00";"0";"60.09";"2.38"
"1757 Golf Club";"Apr 26, 2026, 00:00:00";"0";"64.22";"9.55"
"1757 Golf Club";"Apr 25, 2026, 23:00:00";"0";"64.94";"9.12"
"1757 Golf Club";"Apr 25, 2026, 22:00:00";"0";"63.24";"7.8"
"1757 Golf Club";"Apr 25, 2026, 21:00:00";"0";"65.8";"9"
"1757 Golf Club";"Apr 25, 2026, 20:00:00";"0.07";"67.44";"10.14"
"1757 Golf Club";"Apr 25, 2026, 19:00:00";"0";"68.4";"9.5"
"1757 Golf Club";"Apr 25, 2026, 18:00:00";"0";"76.05";"10.29"
"1757 Golf Club";"Apr 25, 2026, 17:00:00";"0";"61.85";"7.97"
"1757 Golf Club";"Apr 25, 2026, 16:00:00";"0";"58.61";"8.07"
"1757 Golf Club";"Apr 25, 2026, 15:00:00";"0";"60.39";"9.38"
"1757 Golf Club";"Apr 25, 2026, 14:00:00";"0";"67.06";"10.33"
"1757 Golf Club";"Apr 25, 2026, 13:00:00";"0";"71.07";"10.31"
"1757 Golf Club";"Apr 25, 2026, 12:00:00";"0.01";"70.9";"10.1"
"1757 Golf Club";"Apr 25, 2026, 11:00:00";"0";"0";"10.77"
"1757 Golf Club";"Apr 25, 2026, 10:00:00";"0";"62.11";"9.82"
"1757 Golf Club";"Apr 25, 2026, 09:00:00";"0";"0";"8.06"
"1757 Golf Club";"Apr 25, 2026, 08:00:00";"0";"57.93";"8.32"
"1757 Golf Club";"Apr 25, 2026, 07:00:00";"0";"53.3";"5.76"
"1757 Golf Club";"Apr 25, 2026, 06:00:00";"0";"65.48";"6.08"
"1757 Golf Club";"Apr 25, 2026, 05:00:00";"0";"72.57";"4.96"
"1757 Golf Club";"Apr 25, 2026, 04:00:00";"0";"73.8";"4.71"
"1757 Golf Club";"Apr 25, 2026, 03:00:00";"0";"82.28";"4.93"
"1757 Golf Club";"Apr 25, 2026, 02:00:00";"0.11";"94.71";"5.28"
"1757 Golf Club";"Apr 25, 2026, 01:00:00";"0.47";"95.41";"5.93"
"1757 Golf Club";"Apr 25, 2026, 00:00:00";"1.57";"87.94";"4.72"
"1757 Golf Club";"Apr 24, 2026, 23:00:00";"1.26";"83.43";"4.65"
"1757 Golf Club";"Apr 24, 2026, 22:00:00";"0.92";"86.35";"4.41"
"1757 Golf Club";"Apr 24, 2026, 21:00:00";"0.9";"81.59";"4.71"
"1757 Golf Club";"Apr 24, 2026, 20:00:00";"0";"77.75";"4.5"
"1757 Golf Club";"Apr 24, 2026, 19:00:00";"0";"68.9";"4.17"
"1757 Golf Club";"Apr 24, 2026, 18:00:00";"0";"72.65";"5.58"
"1757 Golf Club";"Apr 24, 2026, 17:00:00";"0";"76.98";"7.29"
"1757 Golf Club";"Apr 24, 2026, 16:00:00";"0";"69.92";"6.91"
"1757 Golf Club";"Apr 24, 2026, 15:00:00";"0";"77.33";"7.25"
"1757 Golf Club";"Apr 24, 2026, 14:00:00";"0";"86.71";"6.45"
"1757 Golf Club";"Apr 24, 2026, 13:00:00";"0";"91.68";"5.51"
"1757 Golf Club";"Apr 24, 2026, 12:00:00";"0";"95.27";"5.57"
"1757 Golf Club";"Apr 24, 2026, 11:00:00";"0";"98.36";"5.2"
"1757 Golf Club";"Apr 24, 2026, 10:00:00";"0.34";"98.95";"4.64"
"1757 Golf Club";"Apr 24, 2026, 09:00:00";"3.6";"112.59";"3.12"
"1757 Golf Club";"Apr 24, 2026, 08:00:00";"1.87";"126.94";"5.27"
"1757 Golf Club";"Apr 24, 2026, 07:00:00";"2.12";"94.27";"4.9"
"1757 Golf Club";"Apr 24, 2026, 06:00:00";"0";"83.18";"2.9"
"1757 Golf Club";"Apr 24, 2026, 05:00:00";"0";"87.2";"3.43"
"1757 Golf Club";"Apr 24, 2026, 04:00:00";"0";"90.62";"2.9"
"1757 Golf Club";"Apr 24, 2026, 03:00:00";"0";"95.47";"4.3"
"1757 Golf Club";"Apr 24, 2026, 02:00:00";"1.29";"117.37";"5.36"
"1757 Golf Club";"Apr 24, 2026, 01:00:00";"8.28";"129.26";"5.96"
"1757 Golf Club";"Apr 24, 2026, 00:00:00";"9.01";"116.47";"7.35"
"1757 Golf Club";"Apr 23, 2026, 23:00:00";"3.3";"94.1";"7.4"
"1757 Golf Club";"Apr 23, 2026, 22:00:00";"1.73";"89.03";"24.25"
"1757 Golf Club";"Apr 23, 2026, 21:00:00";"0.3";"83.93";"6.56"
"1757 Golf Club";"Apr 23, 2026, 20:00:00";"0.05";"71.83";"4.49"
"1757 Golf Club";"Apr 23, 2026, 19:00:00";"0";"67.62";"2.86"
"1757 Golf Club";"Apr 23, 2026, 18:00:00";"0";"67.89";"2.94"
"1757 Golf Club";"Apr 23, 2026, 17:00:00";"0";"70.03";"3.75"
"1757 Golf Club";"Apr 23, 2026, 16:00:00";"0";"71.83";"4.08"
"1757 Golf Club";"Apr 23, 2026, 15:00:00";"0";"76.1";"4.77"
"1757 Golf Club";"Apr 23, 2026, 14:00:00";"2.9";"82.28";"5.19"
"1757 Golf Club";"Apr 23, 2026, 13:00:00";"0.15";"87.7";"5.17"
"1757 Golf Club";"Apr 23, 2026, 12:00:00";"1.22";"93.67";"4.41"
"1757 Golf Club";"Apr 23, 2026, 11:00:00";"0";"93.16";"3.78"
"1757 Golf Club";"Apr 23, 2026, 10:00:00";"0.79";"103.13";"3.4"
"1757 Golf Club";"Apr 23, 2026, 09:00:00";"2.99";"116.88";"3.32"
"1757 Golf Club";"Apr 23, 2026, 08:00:00";"5.08";"149.07";"5.75"
"1757 Golf Club";"Apr 23, 2026, 07:00:00";"5.59";"110.58";"10.07"
"1757 Golf Club";"Apr 23, 2026, 06:00:00";"0";"101.92";"10.52"
"1757 Golf Club";"Apr 23, 2026, 05:00:00";"0.24";"90.36";"6.36"
"1757 Golf Club";"Apr 23, 2026, 04:00:00";"0";"73.76";"4.36"
"1757 Golf Club";"Apr 23, 2026, 03:00:00";"0";"67.39";"4.16"
"1757 Golf Club";"Apr 23, 2026, 02:00:00";"0";"56.8";"4.47"
"1757 Golf Club";"Apr 23, 2026, 01:00:00";"0";"53.4";"4.48"
"1757 Golf Club";"Apr 23, 2026, 00:00:00";"0";"51.41";"4.42"
"1757 Golf Club";"Apr 22, 2026, 23:00:00";"0";"50.44";"4.27"
"1757 Golf Club";"Apr 22, 2026, 22:00:00";"0";"50.93";"4.67"
"1757 Golf Club";"Apr 22, 2026, 21:00:00";"0";"49.82";"4.26"
"1757 Golf Club";"Apr 22, 2026, 20:00:00";"0";"47.76";"4.1"
"1757 Golf Club";"Apr 22, 2026, 19:00:00";"0";"52.09";"3.98"
"1757 Golf Club";"Apr 22, 2026, 18:00:00";"0";"62.26";"4.33"
"1757 Golf Club";"Apr 22, 2026, 17:00:00";"0";"63.25";"5.49"
"1757 Golf Club";"Apr 22, 2026, 16:00:00";"0";"67.19";"5.16"
"1757 Golf Club";"Apr 22, 2026, 15:00:00";"0.39";"65.27";"5.55"
"1757 Golf Club";"Apr 22, 2026, 14:00:00";"3.75";"63.14";"5.52"
"1757 Golf Club";"Apr 22, 2026, 13:00:00";"6.45";"60.48";"5.77"
"1757 Golf Club";"Apr 22, 2026, 12:00:00";"12.72";"48.49";"5.18"
"1757 Golf Club";"Apr 22, 2026, 11:00:00";"15.88";"41.73";"5.44"
"1757 Golf Club";"Apr 22, 2026, 10:00:00";"16.83";"38.23";"7.05"
"1757 Golf Club";"Apr 22, 2026, 09:00:00";"10.37";"32.59";"5.52"
"1757 Golf Club";"Apr 22, 2026, 08:00:00";"11.47";"34.23";"5.16"
"1757 Golf Club";"Apr 22, 2026, 07:00:00";"6.34";"28.05";"3.92"
"1757 Golf Club";"Apr 22, 2026, 06:00:00";"3.16";"27.75";"3.37"
"1757 Golf Club";"Apr 22, 2026, 05:00:00";"2.79";"27.34";"3.83"
"1757 Golf Club";"Apr 22, 2026, 04:00:00";"2.87";"27.23";"3.72"
"1757 Golf Club";"Apr 22, 2026, 03:00:00";"2.9";"27.14";"3.23"
"1757 Golf Club";"Apr 22, 2026, 02:00:00";"4.19";"26.49";"3.22"
"1757 Golf Club";"Apr 22, 2026, 01:00:00";"3.64";"26.27";"3.28"
"1757 Golf Club";"Apr 22, 2026, 00:00:00";"1.34";"25.9";"3.42"
"1757 Golf Club";"Apr 21, 2026, 23:00:00";"1.55";"25.72";"3.16"
"1757 Golf Club";"Apr 21, 2026, 22:00:00";"1.55";"26.31";"2.76"
"1757 Golf Club";"Apr 21, 2026, 21:00:00";"1.33";"26.12";"2.31"
"1757 Golf Club";"Apr 21, 2026, 20:00:00";"0.69";"27.23";"2.46"
"1757 Golf Club";"Apr 21, 2026, 19:00:00";"0";"28.53";"2.79"
"1757 Golf Club";"Apr 21, 2026, 18:00:00";"0";"29.69";"2.68"
"1757 Golf Club";"Apr 21, 2026, 17:00:00";"0";"29.1";"3.68"
"1757 Golf Club";"Apr 21, 2026, 16:00:00";"0";"28.38";"4.82"
"1757 Golf Club";"Apr 21, 2026, 15:00:00";"0";"27.82";"4.27"
"1757 Golf Club";"Apr 21, 2026, 14:00:00";"0";"27.47";"4.67"
"1757 Golf Club";"Apr 21, 2026, 13:00:00";"0.17";"27.25";"3.95"
"1757 Golf Club";"Apr 21, 2026, 12:00:00";"0";"26.87";"3.72"
"1757 Golf Club";"Apr 21, 2026, 11:00:00";"1.34";"26.96";"4.07"
"1757 Golf Club";"Apr 21, 2026, 10:00:00";"1.56";"27.9";"4.32"
"1757 Golf Club";"Apr 21, 2026, 09:00:00";"8.88";"27.59";"4.26"
"1757 Golf Club";"Apr 21, 2026, 08:00:00";"0";"0";"6.51"
"1757 Golf Club";"Apr 21, 2026, 07:00:00";"4.53";"23.68";"5.64"
"1757 Golf Club";"Apr 21, 2026, 06:00:00";"6.32";"23.37";"3.62"
"1757 Golf Club";"Apr 21, 2026, 05:00:00";"6.37";"24.24";"5.06"
"1757 Golf Club";"Apr 21, 2026, 04:00:00";"4.38";"23.25";"5.93"
"1757 Golf Club";"Apr 21, 2026, 03:00:00";"3.48";"21.56";"3.94"
"1757 Golf Club";"Apr 21, 2026, 02:00:00";"4.43";"21.29";"2.11"
"1757 Golf Club";"Apr 21, 2026, 01:00:00";"3.58";"20.8";"1.92"
"1757 Golf Club";"Apr 21, 2026, 00:00:00";"1.02";"20.1";"1.9"
"1757 Golf Club";"Apr 20, 2026, 23:00:00";"0.28";"19.96";"2.11"
"1757 Golf Club";"Apr 20, 2026, 22:00:00";"0";"20.12";"2.05"
"1757 Golf Club";"Apr 20, 2026, 21:00:00";"0";"20.12";"1.92"
"1757 Golf Club";"Apr 20, 2026, 20:00:00";"0";"20.62";"1.99"
"1757 Golf Club";"Apr 20, 2026, 19:00:00";"0";"21.83";"2.45"
"1757 Golf Club";"Apr 20, 2026, 18:00:00";"0";"23";"2.11"
"1757 Golf Club";"Apr 20, 2026, 17:00:00";"0";"23.71";"1.99"
"1757 Golf Club";"Apr 20, 2026, 16:00:00";"0";"24.12";"1.87"
"1757 Golf Club";"Apr 20, 2026, 15:00:00";"0";"24.36";"2.2"
"1757 Golf Club";"Apr 20, 2026, 14:00:00";"0";"25.69";"2.1"
"1757 Golf Club";"Apr 20, 2026, 13:00:00";"0";"27.07";"2.68"
"1757 Golf Club";"Apr 20, 2026, 12:00:00";"0.36";"29.57";"2.38"
"1757 Golf Club";"Apr 20, 2026, 11:00:00";"0.55";"28.01";"3.13"
"1757 Golf Club";"Apr 20, 2026, 10:00:00";"0";"28.18";"2.95"
"1757 Golf Club";"Apr 20, 2026, 09:00:00";"0.15";"27.47";"2.68"
"1757 Golf Club";"Apr 20, 2026, 08:00:00";"0.77";"27.31";"2.52"
"1757 Golf Club";"Apr 20, 2026, 07:00:00";"0.04";"27.4";"1.98"
"1757 Golf Club";"Apr 20, 2026, 06:00:00";"0";"26.96";"1.93"
"1757 Golf Club";"Apr 20, 2026, 05:00:00";"0";"27.51";"2.33"
"1757 Golf Club";"Apr 20, 2026, 04:00:00";"0.33";"29.15";"2.72"
"1757 Golf Club";"Apr 20, 2026, 03:00:00";"1.4";"31.85";"2.8"
"1757 Golf Club";"Apr 20, 2026, 02:00:00";"2.5";"30.53";"2.74"
"1757 Golf Club";"Apr 20, 2026, 01:00:00";"3.82";"29.47";"3.02"
"1757 Golf Club";"Apr 20, 2026, 00:00:00";"0.39";"26.5";"2.41"
"1757 Golf Club";"Apr 19, 2026, 23:00:00";"0";"24.46";"2.02"
"1757 Golf Club";"Apr 19, 2026, 22:00:00";"0";"23.96";"2.09"
"1757 Golf Club";"Apr 19, 2026, 21:00:00";"0";"24.69";"2.45"
"1757 Golf Club";"Apr 19, 2026, 20:00:00";"0";"25.32";"1.96"
"1757 Golf Club";"Apr 19, 2026, 19:00:00";"0";"26.4";"2.64"
"1757 Golf Club";"Apr 19, 2026, 18:00:00";"0";"27.94";"2.19"
"1757 Golf Club";"Apr 19, 2026, 17:00:00";"0";"31.28";"2.78"
"1757 Golf Club";"Apr 19, 2026, 16:00:00";"0";"32.74";"2.46"
"1757 Golf Club";"Apr 19, 2026, 15:00:00";"0";"37.94";"2.27"
"1757 Golf Club";"Apr 19, 2026, 14:00:00";"0";"44.9";"1.93"
"1757 Golf Club";"Apr 19, 2026, 13:00:00";"0";"48.77";"1.73"
"1757 Golf Club";"Apr 19, 2026, 12:00:00";"0";"57.61";"1.8"
"1757 Golf Club";"Apr 19, 2026, 11:00:00";"0";"58.87";"2"
"1757 Golf Club";"Apr 19, 2026, 10:00:00";"0";"59.73";"2.69"
"1757 Golf Club";"Apr 19, 2026, 09:00:00";"0";"50.61";"2.02"
"1757 Golf Club";"Apr 19, 2026, 08:00:00";"0";"45.99";"1.39"
"1757 Golf Club";"Apr 19, 2026, 07:00:00";"0";"66.08";"0.87"
"1757 Golf Club";"Apr 19, 2026, 06:00:00";"0";"181.86";"7.37"
"1757 Golf Club";"Apr 19, 2026, 05:00:00";"0";"210.35";"11.25"
"1757 Golf Club";"Apr 19, 2026, 04:00:00";"0";"208.12";"9.71"
"1757 Golf Club";"Apr 19, 2026, 03:00:00";"0";"198.18";"8"
"1757 Golf Club";"Apr 19, 2026, 02:00:00";"0";"176.8";"8.37"
"1757 Golf Club";"Apr 19, 2026, 01:00:00";"0";"127.68";"6.4"
"1757 Golf Club";"Apr 19, 2026, 00:00:00";"0";"106.42";"6.2"
"1757 Golf Club";"Apr 18, 2026, 23:00:00";"0";"96.39";"6"
"1757 Golf Club";"Apr 18, 2026, 22:00:00";"0";"94.39";"6.07"
"1757 Golf Club";"Apr 18, 2026, 21:00:00";"0";"94.01";"6.4"
"1757 Golf Club";"Apr 18, 2026, 20:00:00";"0";"93.14";"6.57"
"1757 Golf Club";"Apr 18, 2026, 19:00:00";"0";"99.35";"6.44"
"1757 Golf Club";"Apr 18, 2026, 18:00:00";"0";"104.29";"7.22"
"1757 Golf Club";"Apr 18, 2026, 17:00:00";"0";"101.89";"7.51"
"1757 Golf Club";"Apr 18, 2026, 16:00:00";"0";"83.19";"3.55"
"1757 Golf Club";"Apr 18, 2026, 15:00:00";"0";"84.24";"3.25"
"1757 Golf Club";"Apr 18, 2026, 14:00:00";"0";"84.32";"3.26"
"1757 Golf Club";"Apr 18, 2026, 13:00:00";"0";"96.58";"3.41"
"1757 Golf Club";"Apr 18, 2026, 12:00:00";"0";"113.87";"3.36"
"1757 Golf Club";"Apr 18, 2026, 11:00:00";"0";"132.68";"3.63"
"1757 Golf Club";"Apr 18, 2026, 10:00:00";"2.12";"157.64";"3.73"
"1757 Golf Club";"Apr 18, 2026, 09:00:00";"4.29";"229.72";"4.05"
"1757 Golf Club";"Apr 18, 2026, 08:00:00";"0.04";"182.89";"0"
"1757 Golf Club";"Apr 18, 2026, 07:00:00";"0";"141.34";"0"
"1757 Golf Club";"Apr 18, 2026, 06:00:00";"0";"134.38";"0"
"1757 Golf Club";"Apr 18, 2026, 05:00:00";"0";"138.11";"0"
"1757 Golf Club";"Apr 18, 2026, 04:00:00";"0";"110.1";"6.66"
"1757 Golf Club";"Apr 18, 2026, 03:00:00";"0";"99.74";"4.59"
"1757 Golf Club";"Apr 18, 2026, 02:00:00";"0";"96.27";"5"
"1757 Golf Club";"Apr 18, 2026, 01:00:00";"0";"80.01";"4.53"
"1757 Golf Club";"Apr 18, 2026, 00:00:00";"0";"68.34";"2.65"
"1757 Golf Club";"Apr 17, 2026, 23:00:00";"0";"62.57";"2.45"
"1757 Golf Club";"Apr 17, 2026, 22:00:00";"0.06";"53.28";"2.68"
"1757 Golf Club";"Apr 17, 2026, 21:00:00";"0";"52.61";"2.02"
"1757 Golf Club";"Apr 17, 2026, 20:00:00";"0";"51.61";"1.36"
"1757 Golf Club";"Apr 17, 2026, 19:00:00";"0";"55.21";"1.64"
"1757 Golf Club";"Apr 17, 2026, 18:00:00";"0";"62.09";"2.12"
"1757 Golf Club";"Apr 17, 2026, 17:00:00";"0";"64.46";"2"
"1757 Golf Club";"Apr 17, 2026, 16:00:00";"0";"66.81";"2.35"
"1757 Golf Club";"Apr 17, 2026, 15:00:00";"0";"62.57";"2.52"
"1757 Golf Club";"Apr 17, 2026, 14:00:00";"0.98";"58.37";"1.93"
"1757 Golf Club";"Apr 17, 2026, 13:00:00";"0";"64.07";"2.51"
"1757 Golf Club";"Apr 17, 2026, 12:00:00";"0";"71.75";"2.95"
"1757 Golf Club";"Apr 17, 2026, 11:00:00";"0.14";"78.84";"3.09"
"1757 Golf Club";"Apr 17, 2026, 10:00:00";"1.59";"82.82";"3.22"
"1757 Golf Club";"Apr 17, 2026, 09:00:00";"0";"81.22";"3.55"
"1757 Golf Club";"Apr 17, 2026, 08:00:00";"7.08";"83.72";"3.24"
"1757 Golf Club";"Apr 17, 2026, 07:00:00";"0.62";"110.36";"3.18"
"1757 Golf Club";"Apr 17, 2026, 06:00:00";"0";"160.15";"3.97"
"1757 Golf Club";"Apr 17, 2026, 05:00:00";"0";"141.46";"4.36"
"1757 Golf Club";"Apr 17, 2026, 04:00:00";"0";"108.76";"4.31"
"1757 Golf Club";"Apr 17, 2026, 03:00:00";"0";"94.24";"3.17"
"1757 Golf Club";"Apr 17, 2026, 02:00:00";"0";"83.03";"3.08"
"1757 Golf Club";"Apr 17, 2026, 01:00:00";"0";"68.09";"3.43"
"1757 Golf Club";"Apr 17, 2026, 00:00:00";"0";"57.48";"4.76"
"1757 Golf Club";"Apr 16, 2026, 23:00:00";"0";"48.73";"5.53"
"1757 Golf Club";"Apr 16, 2026, 22:00:00";"0";"50.53";"5.45"
"1757 Golf Club";"Apr 16, 2026, 21:00:00";"0";"54.44";"5.43"
"1757 Golf Club";"Apr 16, 2026, 20:00:00";"0";"58.2";"5.8"
"1757 Golf Club";"Apr 16, 2026, 19:00:00";"0";"62.35";"6.3"
"1757 Golf Club";"Apr 16, 2026, 18:00:00";"0";"64.19";"7.15"
"1757 Golf Club";"Apr 16, 2026, 17:00:00";"0";"73.17";"7.21"
"1757 Golf Club";"Apr 16, 2026, 16:00:00";"0";"81.55";"6.72"
"1757 Golf Club";"Apr 16, 2026, 15:00:00";"0";"87.1";"6.45"
"1757 Golf Club";"Apr 16, 2026, 14:00:00";"0";"90.82";"6.03"
"1757 Golf Club";"Apr 16, 2026, 13:00:00";"0";"90.99";"5.82"
"1757 Golf Club";"Apr 16, 2026, 12:00:00";"0";"95.51";"5.25"
"1757 Golf Club";"Apr 16, 2026, 11:00:00";"0";"90.84";"4.65"
"1757 Golf Club";"Apr 16, 2026, 10:00:00";"8.25";"113.04";"7.29"
"1757 Golf Club";"Apr 16, 2026, 09:00:00";"14.25";"144.2";"6.97"
"1757 Golf Club";"Apr 16, 2026, 08:00:00";"7.1";"133.03";"5.04"
"1757 Golf Club";"Apr 16, 2026, 07:00:00";"3.42";"89.45";"4.96"
"1757 Golf Club";"Apr 16, 2026, 06:00:00";"3.5";"73.99";"5"
"1757 Golf Club";"Apr 16, 2026, 05:00:00";"0.17";"70.91";"4.89"
"1757 Golf Club";"Apr 16, 2026, 04:00:00";"0";"66.15";"4.42"
"1757 Golf Club";"Apr 16, 2026, 03:00:00";"0";"58.65";"4.22"
"1757 Golf Club";"Apr 16, 2026, 02:00:00";"0.01";"59.41";"4.31"
"1757 Golf Club";"Apr 16, 2026, 01:00:00";"0.42";"60.62";"4.38"
"1757 Golf Club";"Apr 16, 2026, 00:00:00";"0";"60.97";"4.29"
"1757 Golf Club";"Apr 15, 2026, 23:00:00";"0";"63.12";"4.42"
"1757 Golf Club";"Apr 15, 2026, 22:00:00";"3.86";"68.84";"4.88"
"1757 Golf Club";"Apr 15, 2026, 21:00:00";"2.35";"71.6";"4.74"
"1757 Golf Club";"Apr 15, 2026, 20:00:00";"0.28";"73.21";"4.72"
"1757 Golf Club";"Apr 15, 2026, 19:00:00";"0";"78.74";"4.9"
"1757 Golf Club";"Apr 15, 2026, 18:00:00";"0";"84.47";"5.22"
"1757 Golf Club";"Apr 15, 2026, 17:00:00";"0";"88.48";"5.06"
"1757 Golf Club";"Apr 15, 2026, 16:00:00";"0";"93.88";"5.73"
"1757 Golf Club";"Apr 15, 2026, 15:00:00";"0";"97.3";"4.84"
"1757 Golf Club";"Apr 15, 2026, 14:00:00";"0";"103.46";"5.82"
"1757 Golf Club";"Apr 15, 2026, 13:00:00";"0";"105.54";"5.07"
"1757 Golf Club";"Apr 15, 2026, 12:00:00";"0";"113.08";"5.51"
"1757 Golf Club";"Apr 15, 2026, 11:00:00";"0.06";"152.86";"5.57"
"1757 Golf Club";"Apr 15, 2026, 10:00:00";"9.84";"205.68";"8.65"
"1757 Golf Club";"Apr 15, 2026, 09:00:00";"13.53";"242.97";"5.55"
"1757 Golf Club";"Apr 15, 2026, 08:00:00";"7.23";"334.94";"5.01"
"1757 Golf Club";"Apr 15, 2026, 07:00:00";"0.76";"307.64";"7.27"
"1757 Golf Club";"Apr 15, 2026, 06:00:00";"1.39";"254.01";"5.14"
"1757 Golf Club";"Apr 15, 2026, 05:00:00";"2.54";"250.32";"3.74"
"1757 Golf Club";"Apr 15, 2026, 04:00:00";"2.91";"234.3";"4.18"
"1757 Golf Club";"Apr 15, 2026, 03:00:00";"0.16";"215.72";"3.92"
"1757 Golf Club";"Apr 15, 2026, 02:00:00";"0";"197.96";"3.31"
"1757 Golf Club";"Apr 15, 2026, 01:00:00";"0";"188.65";"3.85"
"1757 Golf Club";"Apr 15, 2026, 00:00:00";"0";"147.47";"3.05"
"1757 Golf Club";"Apr 14, 2026, 23:00:00";"0";"99.76";"3.14"
"1757 Golf Club";"Apr 14, 2026, 22:00:00";"0";"77.66";"4.56"
"1757 Golf Club";"Apr 14, 2026, 21:00:00";"0";"78.34";"4.91"
"1757 Golf Club";"Apr 14, 2026, 20:00:00";"0";"82.09";"5.74"
"1757 Golf Club";"Apr 14, 2026, 19:00:00";"0";"87.95";"5.45"
"1757 Golf Club";"Apr 14, 2026, 18:00:00";"0";"89.72";"5.03"
"1757 Golf Club";"Apr 14, 2026, 17:00:00";"0";"99.83";"5.35"
"1757 Golf Club";"Apr 14, 2026, 16:00:00";"0";"99.48";"4.39"
"1757 Golf Club";"Apr 14, 2026, 15:00:00";"0";"92.78";"4.61"
"1757 Golf Club";"Apr 14, 2026, 14:00:00";"0";"93.21";"4.55"
"1757 Golf Club";"Apr 14, 2026, 13:00:00";"0";"87.03";"3.92"
"1757 Golf Club";"Apr 14, 2026, 12:00:00";"0";"91.31";"4.08"
"1757 Golf Club";"Apr 14, 2026, 11:00:00";"4.18";"113.07";"7.84"
"1757 Golf Club";"Apr 14, 2026, 10:00:00";"19.18";"131.87";"8.55"
"1757 Golf Club";"Apr 14, 2026, 09:00:00";"22.3";"143.16";"8.58"
"1757 Golf Club";"Apr 14, 2026, 08:00:00";"18.51";"167.23";"7.59"
"1757 Golf Club";"Apr 14, 2026, 07:00:00";"2.46";"169.46";"6.23"
"1757 Golf Club";"Apr 14, 2026, 06:00:00";"0";"156.38";"8.17"
"1757 Golf Club";"Apr 14, 2026, 05:00:00";"0.83";"127";"6.04"
"1757 Golf Club";"Apr 14, 2026, 04:00:00";"0.1";"109.71";"5.48"
"1757 Golf Club";"Apr 14, 2026, 03:00:00";"0.19";"88.31";"4.49"
"1757 Golf Club";"Apr 14, 2026, 02:00:00";"0.56";"84.04";"4.49"
"1757 Golf Club";"Apr 14, 2026, 01:00:00";"0.14";"82.72";"4.89"
"1757 Golf Club";"Apr 14, 2026, 00:00:00";"6.15";"79.37";"4.93"
"1757 Golf Club";"Apr 13, 2026, 23:00:00";"0";"77.34";"5.13"
"1757 Golf Club";"Apr 13, 2026, 22:00:00";"0";"77.56";"5.38"
"1757 Golf Club";"Apr 13, 2026, 21:00:00";"0";"75.82";"5.7"
"1757 Golf Club";"Apr 13, 2026, 20:00:00";"0";"75.38";"5.48"
"1757 Golf Club";"Apr 13, 2026, 19:00:00";"0";"80.49";"6.05"
"1757 Golf Club";"Apr 13, 2026, 18:00:00";"0";"83.67";"6.98"
"1757 Golf Club";"Apr 13, 2026, 17:00:00";"0";"91.61";"7.7"
"1757 Golf Club";"Apr 13, 2026, 16:00:00";"0";"91.66";"8.48"
"1757 Golf Club";"Apr 13, 2026, 15:00:00";"0";"92.24";"8.14"
"1757 Golf Club";"Apr 13, 2026, 14:00:00";"0";"98.71";"9.02"
"1757 Golf Club";"Apr 13, 2026, 13:00:00";"0.38";"111.37";"8.68"
"1757 Golf Club";"Apr 13, 2026, 12:00:00";"0.42";"105.63";"9.2"
"1757 Golf Club";"Apr 13, 2026, 11:00:00";"0";"113.69";"9.9"
"1757 Golf Club";"Apr 13, 2026, 10:00:00";"0.72";"132.23";"10.17"
"1757 Golf Club";"Apr 13, 2026, 09:00:00";"3.83";"155.31";"7.32"
"1757 Golf Club";"Apr 13, 2026, 08:00:00";"7.15";"181.83";"6.54"
"1757 Golf Club";"Apr 13, 2026, 07:00:00";"3.48";"187.36";"5.32"
"1757 Golf Club";"Apr 13, 2026, 06:00:00";"1.89";"170.14";"4.54"
"1757 Golf Club";"Apr 13, 2026, 05:00:00";"0.89";"144.35";"4.17"
"1757 Golf Club";"Apr 13, 2026, 04:00:00";"0.13";"118.81";"3.69"
"1757 Golf Club";"Apr 13, 2026, 03:00:00";"0.01";"90.08";"3.46"
"1757 Golf Club";"Apr 13, 2026, 02:00:00";"0";"70.17";"3.2"
"1757 Golf Club";"Apr 13, 2026, 01:00:00";"0.03";"58.56";"2.99"
"1757 Golf Club";"Apr 13, 2026, 00:00:00";"0";"48.68";"2.95"
"1757 Golf Club";"Apr 12, 2026, 23:00:00";"0";"43.13";"2.31"
"1757 Golf Club";"Apr 12, 2026, 22:00:00";"0";"39.21";"2.18"
"1757 Golf Club";"Apr 12, 2026, 21:00:00";"0";"37.71";"2"
"1757 Golf Club";"Apr 12, 2026, 20:00:00";"0";"40.33";"2.11"
"1757 Golf Club";"Apr 12, 2026, 19:00:00";"0";"43.18";"2.1"
"1757 Golf Club";"Apr 12, 2026, 18:00:00";"0";"46.79";"2.75"
"1757 Golf Club";"Apr 12, 2026, 17:00:00";"0";"50.87";"2.49"
"1757 Golf Club";"Apr 12, 2026, 16:00:00";"0";"52.76";"2.87"
"1757 Golf Club";"Apr 12, 2026, 15:00:00";"0";"53.36";"2.86"
"1757 Golf Club";"Apr 12, 2026, 14:00:00";"0";"49.75";"2.62"
"1757 Golf Club";"Apr 12, 2026, 13:00:00";"0";"50.2";"3.26"
"1757 Golf Club";"Apr 12, 2026, 12:00:00";"0";"51.03";"3.26"
"1757 Golf Club";"Apr 12, 2026, 11:00:00";"0";"51.9";"4.02"
"1757 Golf Club";"Apr 12, 2026, 10:00:00";"0.04";"44.88";"4.04"
"1757 Golf Club";"Apr 12, 2026, 09:00:00";"1.53";"40.13";"3.73"
"1757 Golf Club";"Apr 12, 2026, 08:00:00";"3.26";"40.29";"3.75"
"1757 Golf Club";"Apr 12, 2026, 07:00:00";"0.66";"43.75";"5.96"
"1757 Golf Club";"Apr 12, 2026, 06:00:00";"0.07";"45.65";"8.78"
"1757 Golf Club";"Apr 12, 2026, 05:00:00";"0.11";"44.26";"10.62"
"1757 Golf Club";"Apr 12, 2026, 04:00:00";"0.65";"42.68";"8.68"
"1757 Golf Club";"Apr 12, 2026, 03:00:00";"1.03";"43.14";"8.49"
"1757 Golf Club";"Apr 12, 2026, 02:00:00";"1.58";"39.07";"6.73"
"1757 Golf Club";"Apr 12, 2026, 01:00:00";"3.91";"38.15";"4.77"
"1757 Golf Club";"Apr 12, 2026, 00:00:00";"0.23";"36.09";"3.5"
"1757 Golf Club";"Apr 11, 2026, 23:00:00";"0";"36.87";"3.64"
"1757 Golf Club";"Apr 11, 2026, 22:00:00";"0.34";"35.33";"3.26"
"1757 Golf Club";"Apr 11, 2026, 21:00:00";"0";"34.05";"1.9"
"1757 Golf Club";"Apr 11, 2026, 20:00:00";"0";"33.99";"1.84"
"1757 Golf Club";"Apr 11, 2026, 19:00:00";"0";"30.82";"1.66"
"1757 Golf Club";"Apr 11, 2026, 18:00:00";"0";"32.05";"1.93"
"1757 Golf Club";"Apr 11, 2026, 17:00:00";"0";"33.7";"1.86"
"1757 Golf Club";"Apr 11, 2026, 16:00:00";"0";"39.9";"2.5"
"1757 Golf Club";"Apr 11, 2026, 15:00:00";"0";"40.3";"2.78"
"1757 Golf Club";"Apr 11, 2026, 14:00:00";"0";"41.09";"3.32"
"1757 Golf Club";"Apr 11, 2026, 13:00:00";"0";"41.6";"4.1"
"1757 Golf Club";"Apr 11, 2026, 12:00:00";"0";"43.31";"3.81"
"1757 Golf Club";"Apr 11, 2026, 11:00:00";"0";"49.34";"3.07"
"1757 Golf Club";"Apr 11, 2026, 10:00:00";"0";"55.3";"3.42"
"1757 Golf Club";"Apr 11, 2026, 09:00:00";"0";"79.57";"3.31"
"1757 Golf Club";"Apr 11, 2026, 08:00:00";"0";"107.33";"2.86"
"1757 Golf Club";"Apr 11, 2026, 07:00:00";"0.09";"111.12";"3.9"
"1757 Golf Club";"Apr 11, 2026, 06:00:00";"0";"97.59";"4.83"
"1757 Golf Club";"Apr 11, 2026, 05:00:00";"0";"90.49";"5.01"
"1757 Golf Club";"Apr 11, 2026, 04:00:00";"1.01";"86.85";"5.71"
"1757 Golf Club";"Apr 11, 2026, 03:00:00";"1.42";"70.52";"6.67"
"1757 Golf Club";"Apr 11, 2026, 02:00:00";"0";"53.96";"5.66"
"1757 Golf Club";"Apr 11, 2026, 01:00:00";"0.31";"46.29";"4.97"
"1757 Golf Club";"Apr 11, 2026, 00:00:00";"8.31";"45.43";"5.34"
"1757 Golf Club";"Apr 10, 2026, 23:00:00";"6.18";"47.72";"5.86"
"1757 Golf Club";"Apr 10, 2026, 22:00:00";"0.12";"44.33";"6.03"
"1757 Golf Club";"Apr 10, 2026, 21:00:00";"0";"42.51";"5.75"
"1757 Golf Club";"Apr 10, 2026, 20:00:00";"0";"41.61";"5.44"
"1757 Golf Club";"Apr 10, 2026, 19:00:00";"0";"44.43";"5.22"
"1757 Golf Club";"Apr 10, 2026, 18:00:00";"0";"48.91";"4.74"
"1757 Golf Club";"Apr 10, 2026, 17:00:00";"0";"54.81";"5.04"
"1757 Golf Club";"Apr 10, 2026, 16:00:00";"0";"57.86";"5.74"
"1757 Golf Club";"Apr 10, 2026, 15:00:00";"0";"58.33";"6.69"
"1757 Golf Club";"Apr 10, 2026, 14:00:00";"0";"58.55";"7.41"
"1757 Golf Club";"Apr 10, 2026, 13:00:00";"0";"51.83";"8.24"
"1757 Golf Club";"Apr 10, 2026, 12:00:00";"1.3";"46.43";"10.29"
"1757 Golf Club";"Apr 10, 2026, 11:00:00";"6.3";"44.65";"10.76"
"1757 Golf Club";"Apr 10, 2026, 10:00:00";"9.43";"45.31";"10.89"
"1757 Golf Club";"Apr 10, 2026, 09:00:00";"9.77";"43.65";"10.47"
"1757 Golf Club";"Apr 10, 2026, 08:00:00";"13.16";"40.36";"10.48"
"1757 Golf Club";"Apr 10, 2026, 07:00:00";"9.6";"38.91";"9.44"
"1757 Golf Club";"Apr 10, 2026, 06:00:00";"3.21";"37.24";"9.15"
"1757 Golf Club";"Apr 10, 2026, 05:00:00";"1.31";"35.64";"8.73"
"1757 Golf Club";"Apr 10, 2026, 04:00:00";"1.69";"35.96";"8.29"
"1757 Golf Club";"Apr 10, 2026, 03:00:00";"2.05";"34.57";"7.77"
"1757 Golf Club";"Apr 10, 2026, 02:00:00";"2.06";"31.21";"7.42"
"1757 Golf Club";"Apr 10, 2026, 01:00:00";"1.29";"27.98";"6.9"
"1757 Golf Club";"Apr 10, 2026, 00:00:00";"0.82";"26.28";"6.2"
"1757 Golf Club";"Apr 9, 2026, 23:00:00";"0.37";"26.45";"6.84"
"1757 Golf Club";"Apr 9, 2026, 22:00:00";"0.85";"25.96";"10.7"
"1757 Golf Club";"Apr 9, 2026, 21:00:00";"0.05";"26.61";"14.17"
"1757 Golf Club";"Apr 9, 2026, 20:00:00";"0";"27.17";"5.5"
"1757 Golf Club";"Apr 9, 2026, 19:00:00";"0";"28.06";"4.39"
"1757 Golf Club";"Apr 9, 2026, 18:00:00";"0";"28.6";"4.27"
"1757 Golf Club";"Apr 9, 2026, 17:00:00";"0";"28.96";"4.54"
"1757 Golf Club";"Apr 9, 2026, 16:00:00";"0";"28.06";"4.13"
"1757 Golf Club";"Apr 9, 2026, 15:00:00";"0";"27.52";"4.22"
"1757 Golf Club";"Apr 9, 2026, 14:00:00";"0";"27.82";"5.84"
"1757 Golf Club";"Apr 9, 2026, 13:00:00";"0.17";"27.86";"6.3"
"1757 Golf Club";"Apr 9, 2026, 12:00:00";"0.55";"27.24";"7.32"
"1757 Golf Club";"Apr 9, 2026, 11:00:00";"1.7";"26.99";"8.67"
"1757 Golf Club";"Apr 9, 2026, 10:00:00";"7.63";"27.14";"7.88"
"1757 Golf Club";"Apr 9, 2026, 09:00:00";"7.2";"24.91";"7.41"
"1757 Golf Club";"Apr 9, 2026, 08:00:00";"12.79";"24.09";"7.16"
"1757 Golf Club";"Apr 9, 2026, 07:00:00";"5.07";"23.01";"7.67"
"1757 Golf Club";"Apr 9, 2026, 06:00:00";"3.5";"22.16";"6.63"
"1757 Golf Club";"Apr 9, 2026, 05:00:00";"1.78";"20.6";"5.51"
"1757 Golf Club";"Apr 9, 2026, 04:00:00";"1.12";"19.91";"4.56"
"1757 Golf Club";"Apr 9, 2026, 03:00:00";"1.61";"19.7";"5.15"
"1757 Golf Club";"Apr 9, 2026, 02:00:00";"2.13";"19.82";"5.75"
"1757 Golf Club";"Apr 9, 2026, 01:00:00";"2.27";"19.5";"7.53"
"1757 Golf Club";"Apr 9, 2026, 00:00:00";"1.91";"19.4";"8.72"
"1757 Golf Club";"Apr 8, 2026, 23:00:00";"2.14";"18.95";"9.56"
"1757 Golf Club";"Apr 8, 2026, 22:00:00";"1.65";"19.02";"6.92"
"1757 Golf Club";"Apr 8, 2026, 21:00:00";"0.32";"18.63";"5.59"
"1757 Golf Club";"Apr 8, 2026, 20:00:00";"0.03";"19.59";"5.96"
"1757 Golf Club";"Apr 8, 2026, 19:00:00";"0.1";"21.23";"5.85"
"1757 Golf Club";"Apr 8, 2026, 18:00:00";"0.05";"21.71";"6.32"
"1757 Golf Club";"Apr 8, 2026, 17:00:00";"0.1";"21.99";"6.03"
"1757 Golf Club";"Apr 8, 2026, 16:00:00";"0.29";"21.84";"7.16"
"1757 Golf Club";"Apr 8, 2026, 15:00:00";"0.48";"21.88";"6.21"
"1757 Golf Club";"Apr 8, 2026, 14:00:00";"0.91";"20.98";"5.65"
"1757 Golf Club";"Apr 8, 2026, 13:00:00";"0";"21.62";"6.87"
"1757 Golf Club";"Apr 8, 2026, 12:00:00";"0.13";"41.92";"3.61"
"1757 Golf Club";"Apr 8, 2026, 11:00:00";"11.92";"28.31";"3.54"
"1757 Golf Club";"Apr 8, 2026, 10:00:00";"1.74";"18.33";"4.64"
"1757 Golf Club";"Apr 8, 2026, 09:00:00";"7.54";"18.16";"6.46"
"1757 Golf Club";"Apr 8, 2026, 08:00:00";"18.76";"18.4";"14.21"
"1757 Golf Club";"Apr 8, 2026, 07:00:00";"18.18";"17.66";"13.49"
"1757 Golf Club";"Apr 8, 2026, 06:00:00";"9.34";"18.06";"3.82"
"1757 Golf Club";"Apr 8, 2026, 05:00:00";"1.35";"17.58";"2.77"
"1757 Golf Club";"Apr 8, 2026, 04:00:00";"1.08";"19.66";"3.2"
"1757 Golf Club";"Apr 8, 2026, 03:00:00";"0.15";"17.65";"2.54"
"1757 Golf Club";"Apr 8, 2026, 02:00:00";"1.75";"16.79";"2.52"
"1757 Golf Club";"Apr 8, 2026, 01:00:00";"0.66";"16.91";"2.43"
"1757 Golf Club";"Apr 8, 2026, 00:00:00";"0.74";"16.9";"2.43"