sep=;
"Location";"Date";"AQI";"NO2 (ppb)";"CO (ppm)";"VOCs (ppb)";"PM2.5 (µg/m³)"
"Heritage Farm Museum";"Jun 17, 2026, 12:00:00";"2";"1.48";"0.49";"301.15";"0.19"
"Heritage Farm Museum";"Jun 17, 2026, 11:00:00";"3";"3.01";"0.16";"49.76";"0.11"
"Heritage Farm Museum";"Jun 17, 2026, 10:00:00";"7";"7.35";"0.19";"54.07";"0.02"
"Heritage Farm Museum";"Jun 17, 2026, 09:00:00";"9";"9.66";"0.18";"57.91";"0.1"
"Heritage Farm Museum";"Jun 17, 2026, 08:00:00";"10";"10.5";"0.17";"54.55";"0.09"
"Heritage Farm Museum";"Jun 17, 2026, 07:00:00";"8";"8.79";"0.12";"48.36";"0"
"Heritage Farm Museum";"Jun 17, 2026, 06:00:00";"2";"0";"0";"0";"0.02"
"Heritage Farm Museum";"Jun 17, 2026, 05:00:00";"7";"7.76";"0.08";"46.67";"0"
"Heritage Farm Museum";"Jun 17, 2026, 04:00:00";"8";"8.21";"0.09";"44.92";"0"
"Heritage Farm Museum";"Jun 17, 2026, 03:00:00";"8";"8.58";"0.1";"42.4";"0"
"Heritage Farm Museum";"Jun 17, 2026, 02:00:00";"7";"7.95";"0.12";"41.78";"0"
"Heritage Farm Museum";"Jun 17, 2026, 01:00:00";"7";"7.9";"0.13";"41.52";"0"
"Heritage Farm Museum";"Jun 17, 2026, 00:00:00";"8";"8.32";"0.14";"39.78";"0"
"Heritage Farm Museum";"Jun 16, 2026, 23:00:00";"8";"8.43";"0.17";"38.81";"0"
"Heritage Farm Museum";"Jun 16, 2026, 22:00:00";"7";"7.84";"0.17";"37.49";"0"
"Heritage Farm Museum";"Jun 16, 2026, 21:00:00";"6";"6.98";"0.16";"35.5";"0"
"Heritage Farm Museum";"Jun 16, 2026, 20:00:00";"4";"4.6";"0.15";"29.72";"0.05"
"Heritage Farm Museum";"Jun 16, 2026, 19:00:00";"4";"4.4";"0.17";"28.01";"0.05"
"Heritage Farm Museum";"Jun 16, 2026, 18:00:00";"3";"3.08";"0.14";"27.85";"0.21"
"Heritage Farm Museum";"Jun 16, 2026, 17:00:00";"0";"0.98";"0.14";"28.3";"0.04"
"Heritage Farm Museum";"Jun 16, 2026, 16:00:00";"0";"0.9";"0.12";"27.91";"0.08"
"Heritage Farm Museum";"Jun 16, 2026, 15:00:00";"1";"1.51";"0.1";"26.79";"0.13"
"Heritage Farm Museum";"Jun 16, 2026, 14:00:00";"0";"0";"0.11";"29.21";"0.08"
"Heritage Farm Museum";"Jun 16, 2026, 13:00:00";"0";"0.11";"0.09";"28.18";"0.06"
"Heritage Farm Museum";"Jun 16, 2026, 12:00:00";"0";"0.72";"0.05";"30.7";"0.04"
"Heritage Farm Museum";"Jun 16, 2026, 11:00:00";"1";"1.11";"0.03";"32.89";"0.05"
"Heritage Farm Museum";"Jun 16, 2026, 10:00:00";"2";"2.39";"0.05";"34.48";"0"
"Heritage Farm Museum";"Jun 16, 2026, 09:00:00";"6";"6.22";"0.06";"34.5";"0.01"
"Heritage Farm Museum";"Jun 16, 2026, 08:00:00";"9";"9.96";"0.05";"34.07";"0.03"
"Heritage Farm Museum";"Jun 16, 2026, 07:00:00";"10";"10.24";"0.02";"31.16";"0.01"
"Heritage Farm Museum";"Jun 16, 2026, 06:00:00";"8";"8.61";"0";"29.7";"0.01"
"Heritage Farm Museum";"Jun 16, 2026, 05:00:00";"8";"8";"0";"28.84";"0.03"
"Heritage Farm Museum";"Jun 16, 2026, 04:00:00";"8";"8.25";"0.01";"29.16";"0"
"Heritage Farm Museum";"Jun 16, 2026, 03:00:00";"8";"8.89";"0.03";"30.78";"0"
"Heritage Farm Museum";"Jun 16, 2026, 02:00:00";"6";"7";"0.12";"31.94";"0"
"Heritage Farm Museum";"Jun 16, 2026, 01:00:00";"6";"6.73";"0.14";"34.11";"0.02"
"Heritage Farm Museum";"Jun 16, 2026, 00:00:00";"7";"7.58";"0.15";"35.04";"0.02"
"Heritage Farm Museum";"Jun 15, 2026, 23:00:00";"9";"9.7";"0.16";"35.93";"0.09"
"Heritage Farm Museum";"Jun 15, 2026, 22:00:00";"9";"9.07";"0.17";"35.91";"0.17"
"Heritage Farm Museum";"Jun 15, 2026, 21:00:00";"7";"7.72";"0.16";"32.8";"0.13"
"Heritage Farm Museum";"Jun 15, 2026, 20:00:00";"4";"4.52";"0.17";"31.05";"0.11"
"Heritage Farm Museum";"Jun 15, 2026, 19:00:00";"2";"1.26";"0.18";"31.44";"0.15"
"Heritage Farm Museum";"Jun 15, 2026, 18:00:00";"4";"4.85";"0.19";"33.61";"0.13"
"Heritage Farm Museum";"Jun 15, 2026, 17:00:00";"3";"3.06";"0.18";"33.67";"0.11"
"Heritage Farm Museum";"Jun 15, 2026, 16:00:00";"3";"0";"0";"0";"0.11"
"Heritage Farm Museum";"Jun 15, 2026, 15:00:00";"3";"0.16";"0.17";"38.6";"0.11"
"Heritage Farm Museum";"Jun 15, 2026, 14:00:00";"3";"3.49";"0.18";"40.86";"0.08"
"Heritage Farm Museum";"Jun 15, 2026, 13:00:00";"3";"0.3";"0.16";"39.97";"0.14"
"Heritage Farm Museum";"Jun 15, 2026, 12:00:00";"3";"0.86";"0.17";"37.26";"0.18"
"Heritage Farm Museum";"Jun 15, 2026, 11:00:00";"3";"2.1";"0.67";"45.2";"0.24"
"Heritage Farm Museum";"Jun 15, 2026, 10:00:00";"2";"2.16";"0.14";"40.49";"0.12"
"Heritage Farm Museum";"Jun 15, 2026, 09:00:00";"5";"5.32";"0.14";"42.78";"0.16"
"Heritage Farm Museum";"Jun 15, 2026, 08:00:00";"6";"6.32";"0.14";"43.36";"0.06"
"Heritage Farm Museum";"Jun 15, 2026, 07:00:00";"6";"6.21";"0.13";"45.42";"0.06"
"Heritage Farm Museum";"Jun 15, 2026, 06:00:00";"6";"6.26";"0.13";"47.87";"0.05"
"Heritage Farm Museum";"Jun 15, 2026, 05:00:00";"5";"5.54";"0.12";"49.2";"0.04"
"Heritage Farm Museum";"Jun 15, 2026, 04:00:00";"3";"3.53";"0.13";"48.54";"0.04"
"Heritage Farm Museum";"Jun 15, 2026, 03:00:00";"3";"3.32";"0.15";"54.06";"0.02"
"Heritage Farm Museum";"Jun 15, 2026, 02:00:00";"5";"5.32";"0.17";"61.17";"0.03"
"Heritage Farm Museum";"Jun 15, 2026, 01:00:00";"4";"4.58";"0.21";"65.48";"0.13"
"Heritage Farm Museum";"Jun 15, 2026, 00:00:00";"10";"10.69";"0.31";"84.27";"0.28"
"Heritage Farm Museum";"Jun 14, 2026, 23:00:00";"5";"5.42";"0.28";"80.92";"0.2"
"Heritage Farm Museum";"Jun 14, 2026, 22:00:00";"5";"5.12";"0.29";"83.84";"0.28"
"Heritage Farm Museum";"Jun 14, 2026, 21:00:00";"3";"1.99";"0.33";"98.56";"0.51"
"Heritage Farm Museum";"Jun 14, 2026, 20:00:00";"3";"1.92";"0.33";"103.5";"0.38"
"Heritage Farm Museum";"Jun 14, 2026, 19:00:00";"3";"0.23";"0.32";"102.12";"0.3"
"Heritage Farm Museum";"Jun 14, 2026, 18:00:00";"3";"0.05";"0.3";"94.68";"0.45"
"Heritage Farm Museum";"Jun 14, 2026, 17:00:00";"3";"0.05";"0.29";"95.06";"0.25"
"Heritage Farm Museum";"Jun 14, 2026, 16:00:00";"3";"0.2";"0.28";"95.53";"0.47"
"Heritage Farm Museum";"Jun 14, 2026, 15:00:00";"3";"0";"0.25";"90.43";"0.55"
"Heritage Farm Museum";"Jun 14, 2026, 14:00:00";"3";"0";"0.26";"97.45";"0.41"
"Heritage Farm Museum";"Jun 14, 2026, 13:00:00";"3";"0";"0.25";"98.72";"0.5"
"Heritage Farm Museum";"Jun 14, 2026, 12:00:00";"3";"0";"0.24";"92.19";"0.29"
"Heritage Farm Museum";"Jun 14, 2026, 11:00:00";"3";"0.04";"0.26";"89.34";"0.18"
"Heritage Farm Museum";"Jun 14, 2026, 10:00:00";"3";"0.56";"0.27";"92.81";"0.17"
"Heritage Farm Museum";"Jun 14, 2026, 09:00:00";"4";"4.11";"0.3";"96.17";"0.07"
"Heritage Farm Museum";"Jun 14, 2026, 08:00:00";"4";"4.53";"0.28";"91.59";"0"
"Heritage Farm Museum";"Jun 14, 2026, 07:00:00";"5";"5.42";"0.24";"80.46";"0"
"Heritage Farm Museum";"Jun 14, 2026, 06:00:00";"5";"5.97";"0.23";"75.92";"0"
"Heritage Farm Museum";"Jun 14, 2026, 05:00:00";"6";"6.8";"0.26";"74.77";"0"
"Heritage Farm Museum";"Jun 14, 2026, 04:00:00";"7";"7.13";"0.24";"73.69";"0.07"
"Heritage Farm Museum";"Jun 14, 2026, 03:00:00";"6";"6.54";"0.22";"72.15";"0"
"Heritage Farm Museum";"Jun 14, 2026, 02:00:00";"8";"8.84";"0.24";"71.94";"0"
"Heritage Farm Museum";"Jun 14, 2026, 01:00:00";"15";"15.26";"0.27";"69.5";"0"
"Heritage Farm Museum";"Jun 14, 2026, 00:00:00";"12";"12.64";"0.3";"66.97";"0"
"Heritage Farm Museum";"Jun 13, 2026, 23:00:00";"9";"9.37";"0.33";"63.01";"0"
"Heritage Farm Museum";"Jun 13, 2026, 22:00:00";"7";"7.65";"0.32";"60.32";"0"
"Heritage Farm Museum";"Jun 13, 2026, 21:00:00";"6";"6.01";"0.3";"66.04";"0"
"Heritage Farm Museum";"Jun 13, 2026, 20:00:00";"5";"5.94";"0.3";"74.82";"0"
"Heritage Farm Museum";"Jun 13, 2026, 19:00:00";"3";"0.77";"0.26";"60.31";"0.03"
"Heritage Farm Museum";"Jun 13, 2026, 18:00:00";"3";"0.76";"0.26";"64.99";"0.08"
"Heritage Farm Museum";"Jun 13, 2026, 17:00:00";"3";"0";"0.23";"64.58";"0.11"
"Heritage Farm Museum";"Jun 13, 2026, 16:00:00";"2";"0";"0.23";"69.86";"0.02"
"Heritage Farm Museum";"Jun 13, 2026, 15:00:00";"2";"0";"0";"0";"0.06"
"Heritage Farm Museum";"Jun 13, 2026, 14:00:00";"2";"0.1";"0.21";"76.46";"0.03"
"Heritage Farm Museum";"Jun 13, 2026, 13:00:00";"2";"1.32";"0.2";"79.96";"0.03"
"Heritage Farm Museum";"Jun 13, 2026, 12:00:00";"2";"0";"0.18";"69.88";"0.1"
"Heritage Farm Museum";"Jun 13, 2026, 11:00:00";"2";"0.13";"0.17";"65.72";"0.12"
"Heritage Farm Museum";"Jun 13, 2026, 10:00:00";"2";"0.08";"0.17";"72.75";"0.13"
"Heritage Farm Museum";"Jun 13, 2026, 09:00:00";"2";"2.83";"0.18";"87.04";"0.07"
"Heritage Farm Museum";"Jun 13, 2026, 08:00:00";"4";"4.48";"0.17";"88.21";"0.02"
"Heritage Farm Museum";"Jun 13, 2026, 07:00:00";"4";"4.58";"0.16";"82.57";"0.03"
"Heritage Farm Museum";"Jun 13, 2026, 06:00:00";"3";"3.11";"0.15";"84.61";"0.02"
"Heritage Farm Museum";"Jun 13, 2026, 05:00:00";"4";"4.3";"0.14";"87.97";"0"
"Heritage Farm Museum";"Jun 13, 2026, 04:00:00";"3";"2.77";"0.15";"93.73";"0.02"
"Heritage Farm Museum";"Jun 13, 2026, 03:00:00";"3";"2.25";"0.18";"108.18";"0"
"Heritage Farm Museum";"Jun 13, 2026, 02:00:00";"4";"3.28";"0.25";"127.31";"0.02"
"Heritage Farm Museum";"Jun 13, 2026, 01:00:00";"7";"7.45";"0.3";"134.63";"0"
"Heritage Farm Museum";"Jun 13, 2026, 00:00:00";"16";"16.33";"0.35";"135.4";"0.05"
"Heritage Farm Museum";"Jun 12, 2026, 23:00:00";"16";"16.25";"0.36";"131.76";"0"
"Heritage Farm Museum";"Jun 12, 2026, 22:00:00";"18";"19.76";"0.39";"120.42";"0.11"
"Heritage Farm Museum";"Jun 12, 2026, 21:00:00";"12";"12.43";"0.3";"116.41";"0.08"
"Heritage Farm Museum";"Jun 12, 2026, 20:00:00";"5";"5.31";"0.23";"116.91";"0.1"
"Heritage Farm Museum";"Jun 12, 2026, 19:00:00";"4";"0.26";"0.38";"172.32";"0.16"
"Heritage Farm Museum";"Jun 12, 2026, 18:00:00";"3";"2.74";"0.4";"169.02";"0.18"
"Heritage Farm Museum";"Jun 12, 2026, 17:00:00";"6";"6.96";"0.3";"151.1";"0.19"
"Heritage Farm Museum";"Jun 12, 2026, 16:00:00";"3";"0.43";"0.31";"130.78";"0.04"
"Heritage Farm Museum";"Jun 12, 2026, 15:00:00";"3";"0.12";"0.3";"131.06";"0.15"
"Heritage Farm Museum";"Jun 12, 2026, 14:00:00";"3";"0";"0.28";"133.6";"0.11"
"Heritage Farm Museum";"Jun 12, 2026, 13:00:00";"3";"0";"0.27";"138.01";"0.22"
"Heritage Farm Museum";"Jun 12, 2026, 12:00:00";"3";"0";"0.27";"136.46";"0.26"
"Heritage Farm Museum";"Jun 12, 2026, 11:00:00";"3";"0";"0.27";"130.85";"0.33"
"Heritage Farm Museum";"Jun 12, 2026, 10:00:00";"3";"2.07";"0.32";"127.27";"0.18"
"Heritage Farm Museum";"Jun 12, 2026, 09:00:00";"7";"7.91";"0.31";"120.18";"0.17"
"Heritage Farm Museum";"Jun 12, 2026, 08:00:00";"10";"10.21";"0.3";"115.49";"0.02"
"Heritage Farm Museum";"Jun 12, 2026, 07:00:00";"6";"6.58";"0.25";"103.7";"0"
"Heritage Farm Museum";"Jun 12, 2026, 06:00:00";"7";"7.18";"0.21";"100.74";"0.01"
"Heritage Farm Museum";"Jun 12, 2026, 05:00:00";"9";"9.53";"0.22";"102.14";"0"
"Heritage Farm Museum";"Jun 12, 2026, 04:00:00";"11";"11.95";"0.23";"102.62";"0"
"Heritage Farm Museum";"Jun 12, 2026, 03:00:00";"9";"9.72";"0.21";"104.17";"0"
"Heritage Farm Museum";"Jun 12, 2026, 02:00:00";"10";"10.13";"0.24";"108.48";"0"
"Heritage Farm Museum";"Jun 12, 2026, 01:00:00";"10";"10.41";"0.28";"114.72";"0"
"Heritage Farm Museum";"Jun 12, 2026, 00:00:00";"7";"7.16";"0.25";"113.31";"0"
"Heritage Farm Museum";"Jun 11, 2026, 23:00:00";"6";"6.22";"0.26";"115.68";"0"
"Heritage Farm Museum";"Jun 11, 2026, 22:00:00";"4";"0";"0";"0";"0.01"
"Heritage Farm Museum";"Jun 11, 2026, 21:00:00";"8";"8.34";"0.24";"106.58";"0.06"
"Heritage Farm Museum";"Jun 11, 2026, 20:00:00";"4";"0.49";"0.3";"116.43";"0.19"
"Heritage Farm Museum";"Jun 11, 2026, 19:00:00";"4";"0";"0.33";"125.89";"0.18"
"Heritage Farm Museum";"Jun 11, 2026, 18:00:00";"3";"0";"0.34";"136.96";"0.24"
"Heritage Farm Museum";"Jun 11, 2026, 17:00:00";"3";"0";"0.32";"139.2";"0.16"
"Heritage Farm Museum";"Jun 11, 2026, 16:00:00";"3";"0";"0.31";"137.57";"0.17"
"Heritage Farm Museum";"Jun 11, 2026, 15:00:00";"3";"0";"0.29";"146.78";"0.15"
"Heritage Farm Museum";"Jun 11, 2026, 14:00:00";"3";"0";"0.29";"154.09";"0.23"
"Heritage Farm Museum";"Jun 11, 2026, 13:00:00";"3";"0.2";"0.28";"155.07";"0.38"
"Heritage Farm Museum";"Jun 11, 2026, 12:00:00";"3";"0";"0.26";"137.01";"0.32"
"Heritage Farm Museum";"Jun 11, 2026, 11:00:00";"3";"0";"0.26";"139.86";"0.48"
"Heritage Farm Museum";"Jun 11, 2026, 10:00:00";"3";"0";"0.26";"131.84";"0.19"
"Heritage Farm Museum";"Jun 11, 2026, 09:00:00";"3";"3.92";"0.31";"137.16";"0.08"
"Heritage Farm Museum";"Jun 11, 2026, 08:00:00";"7";"7.91";"0.29";"126.06";"0"
"Heritage Farm Museum";"Jun 11, 2026, 07:00:00";"7";"7.78";"0.28";"120.08";"0.03"
"Heritage Farm Museum";"Jun 11, 2026, 06:00:00";"3";"3.67";"0.24";"114.84";"0"
"Heritage Farm Museum";"Jun 11, 2026, 05:00:00";"3";"3.52";"0.23";"116.89";"0"
"Heritage Farm Museum";"Jun 11, 2026, 04:00:00";"4";"4.39";"0.23";"118.27";"0"
"Heritage Farm Museum";"Jun 11, 2026, 03:00:00";"3";"2.77";"0.23";"120.07";"0"
"Heritage Farm Museum";"Jun 11, 2026, 02:00:00";"4";"4.43";"0.24";"121.91";"0"
"Heritage Farm Museum";"Jun 11, 2026, 01:00:00";"4";"4.94";"0.25";"125.98";"0.03"
"Heritage Farm Museum";"Jun 11, 2026, 00:00:00";"9";"9.97";"0.29";"128.58";"0.02"
"Heritage Farm Museum";"Jun 10, 2026, 23:00:00";"7";"7.77";"0.3";"130.42";"0.07"
"Heritage Farm Museum";"Jun 10, 2026, 22:00:00";"5";"5.32";"0.31";"131.05";"0.09"
"Heritage Farm Museum";"Jun 10, 2026, 21:00:00";"3";"2.94";"0.29";"138.63";"0.15"
"Heritage Farm Museum";"Jun 10, 2026, 20:00:00";"5";"5.21";"0.31";"141.44";"0.12"
"Heritage Farm Museum";"Jun 10, 2026, 19:00:00";"3";"3.52";"0.3";"138.29";"0.05"
"Heritage Farm Museum";"Jun 10, 2026, 18:00:00";"4";"4.97";"0.32";"136.1";"0.03"
"Heritage Farm Museum";"Jun 10, 2026, 17:00:00";"10";"10.33";"0.24";"105.08";"0"
"Heritage Farm Museum";"Jun 10, 2026, 16:00:00";"5";"5.3";"0.18";"100.07";"0.3"
"Heritage Farm Museum";"Jun 10, 2026, 15:00:00";"3";"0";"0.26";"127.96";"0.78"
"Heritage Farm Museum";"Jun 10, 2026, 14:00:00";"3";"0";"0.28";"133.14";"1.01"
"Heritage Farm Museum";"Jun 10, 2026, 13:00:00";"3";"0.14";"0.28";"115.8";"0.68"
"Heritage Farm Museum";"Jun 10, 2026, 12:00:00";"3";"2.55";"0.28";"107.81";"0.68"
"Heritage Farm Museum";"Jun 10, 2026, 11:00:00";"5";"5.55";"0.28";"98.35";"0.81"
"Heritage Farm Museum";"Jun 10, 2026, 10:00:00";"9";"9.88";"0.29";"90.54";"0.25"
"Heritage Farm Museum";"Jun 10, 2026, 09:00:00";"10";"10.48";"0.29";"82.31";"0.18"
"Heritage Farm Museum";"Jun 10, 2026, 08:00:00";"10";"10.66";"0.26";"72.7";"0.15"
"Heritage Farm Museum";"Jun 10, 2026, 07:00:00";"9";"9.43";"0.24";"65.75";"0.19"
"Heritage Farm Museum";"Jun 10, 2026, 06:00:00";"6";"6.93";"0.23";"59.56";"0.07"
"Heritage Farm Museum";"Jun 10, 2026, 05:00:00";"5";"5.61";"0.22";"57.38";"0.09"
"Heritage Farm Museum";"Jun 10, 2026, 04:00:00";"6";"6.11";"0.22";"54.91";"0.18"
"Heritage Farm Museum";"Jun 10, 2026, 03:00:00";"6";"6.41";"0.22";"53.91";"0.2"
"Heritage Farm Museum";"Jun 10, 2026, 02:00:00";"3";"0";"0.22";"50.14";"0.11"
"Heritage Farm Museum";"Jun 10, 2026, 01:00:00";"3";"0";"0.22";"48.98";"0.16"
"Heritage Farm Museum";"Jun 10, 2026, 00:00:00";"3";"0";"0.23";"48.94";"0.09"
"Heritage Farm Museum";"Jun 9, 2026, 23:00:00";"3";"0";"0.23";"46.9";"0.16"
"Heritage Farm Museum";"Jun 9, 2026, 22:00:00";"3";"0";"0.24";"46.16";"0.17"
"Heritage Farm Museum";"Jun 9, 2026, 21:00:00";"3";"0";"0.25";"47.95";"0.05"
"Heritage Farm Museum";"Jun 9, 2026, 20:00:00";"3";"0";"0.25";"49.21";"0.21"
"Heritage Farm Museum";"Jun 9, 2026, 19:00:00";"4";"0";"0.26";"50.86";"0.19"
"Heritage Farm Museum";"Jun 9, 2026, 18:00:00";"4";"0";"0.24";"51.57";"0.23"
"Heritage Farm Museum";"Jun 9, 2026, 17:00:00";"4";"0";"0.24";"55.98";"0.29"
"Heritage Farm Museum";"Jun 9, 2026, 16:00:00";"4";"0";"0.27";"56";"0.35"
"Heritage Farm Museum";"Jun 9, 2026, 15:00:00";"4";"0";"0.24";"53.62";"0.25"
"Heritage Farm Museum";"Jun 9, 2026, 14:00:00";"3";"0";"0.24";"48.64";"0.16"
"Heritage Farm Museum";"Jun 9, 2026, 13:00:00";"3";"0";"0.23";"41.67";"0.16"
"Heritage Farm Museum";"Jun 9, 2026, 12:00:00";"3";"0.03";"0.84";"41.87";"0.14"
"Heritage Farm Museum";"Jun 9, 2026, 11:00:00";"2";"0.73";"0.19";"38.37";"0.1"
"Heritage Farm Museum";"Jun 9, 2026, 10:00:00";"2";"0";"0";"0";"0.06"
"Heritage Farm Museum";"Jun 9, 2026, 09:00:00";"2";"1.95";"0.2";"41.93";"0.05"
"Heritage Farm Museum";"Jun 9, 2026, 08:00:00";"5";"5.01";"0.19";"40.43";"0.1"
"Heritage Farm Museum";"Jun 9, 2026, 07:00:00";"2";"2.68";"0.16";"37.08";"0.07"
"Heritage Farm Museum";"Jun 9, 2026, 06:00:00";"2";"0.83";"0.13";"34.06";"0.03"
"Heritage Farm Museum";"Jun 9, 2026, 05:00:00";"2";"0.19";"0.12";"35.27";"0.06"
"Heritage Farm Museum";"Jun 9, 2026, 04:00:00";"2";"0.04";"0.13";"36.13";"0"
"Heritage Farm Museum";"Jun 9, 2026, 03:00:00";"2";"0.07";"0.13";"36.46";"0"
"Heritage Farm Museum";"Jun 9, 2026, 02:00:00";"2";"0.12";"0.13";"36.73";"0"
"Heritage Farm Museum";"Jun 9, 2026, 01:00:00";"3";"0.07";"0.14";"36.76";"0"
"Heritage Farm Museum";"Jun 9, 2026, 00:00:00";"3";"0.11";"0.16";"39.39";"0"
"Heritage Farm Museum";"Jun 8, 2026, 23:00:00";"3";"0.15";"0.18";"42.82";"0"
"Heritage Farm Museum";"Jun 8, 2026, 22:00:00";"3";"0.65";"0.22";"46.72";"0.05"
"Heritage Farm Museum";"Jun 8, 2026, 21:00:00";"3";"0.01";"0.22";"42.29";"0.05"
"Heritage Farm Museum";"Jun 8, 2026, 20:00:00";"3";"0";"0";"0";"0"
"Heritage Farm Museum";"Jun 8, 2026, 19:00:00";"3";"0";"0.26";"48.37";"0"
"Heritage Farm Museum";"Jun 8, 2026, 18:00:00";"3";"0";"0.25";"48.72";"0.1"
"Heritage Farm Museum";"Jun 8, 2026, 17:00:00";"3";"0.21";"0.23";"51.24";"0.04"
"Heritage Farm Museum";"Jun 8, 2026, 16:00:00";"3";"0";"0.25";"54.46";"0.05"
"Heritage Farm Museum";"Jun 8, 2026, 15:00:00";"3";"0";"0";"0";"0.13"
"Heritage Farm Museum";"Jun 8, 2026, 14:00:00";"3";"0";"0.23";"52.5";"0.14"
"Heritage Farm Museum";"Jun 8, 2026, 13:00:00";"3";"0";"0.24";"50.31";"0.08"
"Heritage Farm Museum";"Jun 8, 2026, 12:00:00";"2";"0";"0.21";"47.25";"0.11"
"Heritage Farm Museum";"Jun 8, 2026, 11:00:00";"2";"0.07";"0.22";"46.43";"0.13"
"Heritage Farm Museum";"Jun 8, 2026, 10:00:00";"2";"0.19";"0.22";"48.02";"0.05"
"Heritage Farm Museum";"Jun 8, 2026, 09:00:00";"2";"0.76";"0.2";"49.82";"0.02"
"Heritage Farm Museum";"Jun 8, 2026, 08:00:00";"2";"1.97";"0.19";"46.95";"0.04"
"Heritage Farm Museum";"Jun 8, 2026, 07:00:00";"2";"2.52";"0.17";"46.58";"0"
"Heritage Farm Museum";"Jun 8, 2026, 06:00:00";"3";"1.07";"0.16";"45.61";"0"
"Heritage Farm Museum";"Jun 8, 2026, 05:00:00";"3";"0.56";"0.15";"44.44";"0"
"Heritage Farm Museum";"Jun 8, 2026, 04:00:00";"3";"0.49";"0.17";"44.97";"0.02"
"Heritage Farm Museum";"Jun 8, 2026, 03:00:00";"3";"0.96";"0.19";"46.06";"0"
"Heritage Farm Museum";"Jun 8, 2026, 02:00:00";"3";"1.46";"0.22";"47.87";"0"
"Heritage Farm Museum";"Jun 8, 2026, 01:00:00";"3";"2.45";"0.24";"47.04";"0"
"Heritage Farm Museum";"Jun 8, 2026, 00:00:00";"3";"2.01";"0.25";"46.77";"0"
"Heritage Farm Museum";"Jun 7, 2026, 23:00:00";"3";"1.37";"0.26";"44.98";"0"
"Heritage Farm Museum";"Jun 7, 2026, 22:00:00";"3";"0.78";"0.28";"44.12";"0"
"Heritage Farm Museum";"Jun 7, 2026, 21:00:00";"3";"0.24";"0.28";"46.54";"0"
"Heritage Farm Museum";"Jun 7, 2026, 20:00:00";"3";"0.07";"0.26";"46.82";"0.04"
"Heritage Farm Museum";"Jun 7, 2026, 19:00:00";"3";"0";"0.25";"46.4";"0.11"
"Heritage Farm Museum";"Jun 7, 2026, 18:00:00";"3";"0";"0.24";"48.46";"0.06"
"Heritage Farm Museum";"Jun 7, 2026, 17:00:00";"3";"0";"0.24";"54.03";"0.14"
"Heritage Farm Museum";"Jun 7, 2026, 16:00:00";"3";"0";"0.24";"61.01";"0.11"
"Heritage Farm Museum";"Jun 7, 2026, 15:00:00";"3";"0";"0.24";"61.29";"0.18"
"Heritage Farm Museum";"Jun 7, 2026, 14:00:00";"3";"0";"0.23";"65.76";"0.16"
"Heritage Farm Museum";"Jun 7, 2026, 13:00:00";"3";"0";"0.24";"69.29";"0.16"
"Heritage Farm Museum";"Jun 7, 2026, 12:00:00";"3";"0";"0.25";"71.87";"0.3"
"Heritage Farm Museum";"Jun 7, 2026, 11:00:00";"3";"0";"0.23";"68.84";"0.1"
"Heritage Farm Museum";"Jun 7, 2026, 10:00:00";"2";"0";"0.23";"64.36";"0.21"
"Heritage Farm Museum";"Jun 7, 2026, 09:00:00";"2";"0";"0.23";"61.51";"0.23"
"Heritage Farm Museum";"Jun 7, 2026, 08:00:00";"2";"1.1";"0.24";"64.91";"0.23"
"Heritage Farm Museum";"Jun 7, 2026, 07:00:00";"2";"0.24";"0.19";"64.98";"0"
"Heritage Farm Museum";"Jun 7, 2026, 06:00:00";"2";"0.01";"0.17";"63.24";"0"
"Heritage Farm Museum";"Jun 7, 2026, 05:00:00";"3";"0.05";"0.17";"62.41";"0"
"Heritage Farm Museum";"Jun 7, 2026, 04:00:00";"3";"0.27";"0.18";"60.82";"0.03"
"Heritage Farm Museum";"Jun 7, 2026, 03:00:00";"3";"0.88";"0.19";"58.31";"0.04"
"Heritage Farm Museum";"Jun 7, 2026, 02:00:00";"3";"0.94";"0.18";"55.92";"0"
"Heritage Farm Museum";"Jun 7, 2026, 01:00:00";"3";"0.57";"0.19";"54.03";"0.02"
"Heritage Farm Museum";"Jun 7, 2026, 00:00:00";"3";"1.01";"0.21";"54.22";"0"
"Heritage Farm Museum";"Jun 6, 2026, 23:00:00";"3";"1.05";"0.25";"53.08";"0"
"Heritage Farm Museum";"Jun 6, 2026, 22:00:00";"3";"0.53";"0.23";"51";"0"
"Heritage Farm Museum";"Jun 6, 2026, 21:00:00";"3";"0.13";"0.26";"54.04";"0.03"
"Heritage Farm Museum";"Jun 6, 2026, 20:00:00";"3";"0.26";"0.27";"57.8";"0.04"
"Heritage Farm Museum";"Jun 6, 2026, 19:00:00";"3";"2.04";"0.24";"55.29";"0.32"
"Heritage Farm Museum";"Jun 6, 2026, 18:00:00";"3";"0";"0.28";"57.03";"0.29"
"Heritage Farm Museum";"Jun 6, 2026, 17:00:00";"3";"0";"0.27";"55.16";"0.22"
"Heritage Farm Museum";"Jun 6, 2026, 16:00:00";"3";"0";"0.25";"55.23";"0.46"
"Heritage Farm Museum";"Jun 6, 2026, 15:00:00";"3";"0";"0.26";"54.31";"0.53"
"Heritage Farm Museum";"Jun 6, 2026, 14:00:00";"3";"0.1";"0.26";"54.27";"0.19"
"Heritage Farm Museum";"Jun 6, 2026, 13:00:00";"3";"0.21";"0.25";"56.25";"0.14"
"Heritage Farm Museum";"Jun 6, 2026, 12:00:00";"3";"0";"0.23";"50.52";"0.38"
"Heritage Farm Museum";"Jun 6, 2026, 11:00:00";"3";"0";"0.22";"52.66";"0.24"
"Heritage Farm Museum";"Jun 6, 2026, 10:00:00";"3";"0";"0.26";"54.17";"0.12"
"Heritage Farm Museum";"Jun 6, 2026, 09:00:00";"6";"6.25";"0.35";"64.94";"0.04"
"Heritage Farm Museum";"Jun 6, 2026, 08:00:00";"6";"6.76";"0.33";"65.85";"0"
"Heritage Farm Museum";"Jun 6, 2026, 07:00:00";"5";"5.07";"0.26";"54.33";"0.02"
"Heritage Farm Museum";"Jun 6, 2026, 06:00:00";"4";"4.87";"0.24";"51.92";"0.03"
"Heritage Farm Museum";"Jun 6, 2026, 05:00:00";"6";"6.29";"0.27";"50.79";"0"
"Heritage Farm Museum";"Jun 6, 2026, 04:00:00";"4";"4.63";"0.25";"49.43";"0"
"Heritage Farm Museum";"Jun 6, 2026, 03:00:00";"5";"5.57";"0.27";"49.13";"0"
"Heritage Farm Museum";"Jun 6, 2026, 02:00:00";"3";"2.05";"0.26";"47.27";"0"
"Heritage Farm Museum";"Jun 6, 2026, 01:00:00";"3";"1.2";"0.27";"44.61";"0"
"Heritage Farm Museum";"Jun 6, 2026, 00:00:00";"3";"1.01";"0.29";"44.1";"0"
"Heritage Farm Museum";"Jun 5, 2026, 23:00:00";"3";"1.98";"0.33";"43.68";"0"
"Heritage Farm Museum";"Jun 5, 2026, 22:00:00";"3";"0.89";"0.33";"44.54";"0"
"Heritage Farm Museum";"Jun 5, 2026, 21:00:00";"3";"0";"0.3";"44.61";"0.1"
"Heritage Farm Museum";"Jun 5, 2026, 20:00:00";"3";"0";"0";"0";"0.05"
"Heritage Farm Museum";"Jun 5, 2026, 19:00:00";"3";"0";"0.28";"47.4";"0.21"
"Heritage Farm Museum";"Jun 5, 2026, 18:00:00";"3";"0.2";"0.28";"49.31";"0.12"
"Heritage Farm Museum";"Jun 5, 2026, 17:00:00";"3";"0";"0.27";"49.95";"0.19"
"Heritage Farm Museum";"Jun 5, 2026, 16:00:00";"3";"0";"0.26";"49.97";"0.16"
"Heritage Farm Museum";"Jun 5, 2026, 15:00:00";"3";"0";"0.23";"48.7";"0.13"
"Heritage Farm Museum";"Jun 5, 2026, 14:00:00";"3";"0";"0.23";"50.86";"0.13"
"Heritage Farm Museum";"Jun 5, 2026, 13:00:00";"3";"0";"0.26";"47.85";"0.14"
"Heritage Farm Museum";"Jun 5, 2026, 12:00:00";"3";"0";"0.24";"45.25";"0.15"
"Heritage Farm Museum";"Jun 5, 2026, 11:00:00";"0";"0";"0.25";"46.51";"0.07"
"Heritage Farm Museum";"Jun 5, 2026, 10:00:00";"1";"1.05";"0.29";"44.25";"0.09"
"Heritage Farm Museum";"Jun 5, 2026, 09:00:00";"7";"7.05";"0.29";"49.16";"0.06"
"Heritage Farm Museum";"Jun 5, 2026, 08:00:00";"8";"8.38";"0.26";"47.43";"0.06"
"Heritage Farm Museum";"Jun 5, 2026, 07:00:00";"0";"0";"0";"0";"0.01"
"Heritage Farm Museum";"Jun 5, 2026, 06:00:00";"4";"0";"0";"0";"0.02"
"Heritage Farm Museum";"Jun 5, 2026, 05:00:00";"5";"5.52";"0.17";"39.55";"0"
"Heritage Farm Museum";"Jun 5, 2026, 04:00:00";"4";"0";"0";"0";"0"
"Heritage Farm Museum";"Jun 5, 2026, 03:00:00";"16";"16.3";"0.32";"44.68";"0.01"
"Heritage Farm Museum";"Jun 5, 2026, 02:00:00";"23";"24.58";"0.35";"42.86";"0"
"Heritage Farm Museum";"Jun 5, 2026, 01:00:00";"24";"25.63";"0.36";"43.2";"0.03"
"Heritage Farm Museum";"Jun 5, 2026, 00:00:00";"11";"11.68";"0.3";"41.09";"0"
"Heritage Farm Museum";"Jun 4, 2026, 23:00:00";"4";"4.68";"0.3";"38.89";"0"
"Heritage Farm Museum";"Jun 4, 2026, 22:00:00";"3";"2.81";"0.26";"35.07";"0"
"Heritage Farm Museum";"Jun 4, 2026, 21:00:00";"3";"1.09";"0.28";"32.43";"0"
"Heritage Farm Museum";"Jun 4, 2026, 20:00:00";"3";"0";"0";"0";"0"
"Heritage Farm Museum";"Jun 4, 2026, 19:00:00";"3";"0";"0.25";"33.36";"0.13"
"Heritage Farm Museum";"Jun 4, 2026, 18:00:00";"3";"0";"0.25";"36.4";"0.08"
"Heritage Farm Museum";"Jun 4, 2026, 17:00:00";"3";"0.48";"0.25";"38.13";"0.07"
"Heritage Farm Museum";"Jun 4, 2026, 16:00:00";"3";"0";"0.23";"39.29";"0.1"
"Heritage Farm Museum";"Jun 4, 2026, 15:00:00";"3";"0";"0.2";"38.84";"0.1"
"Heritage Farm Museum";"Jun 4, 2026, 14:00:00";"3";"0.54";"0.2";"38.44";"0.06"
"Heritage Farm Museum";"Jun 4, 2026, 13:00:00";"2";"0";"0.21";"38.2";"0.13"
"Heritage Farm Museum";"Jun 4, 2026, 12:00:00";"2";"0";"0.22";"35.79";"0.09"
"Heritage Farm Museum";"Jun 4, 2026, 11:00:00";"2";"0";"0.21";"35.32";"0.09"
"Heritage Farm Museum";"Jun 4, 2026, 10:00:00";"2";"0.41";"0.22";"39.31";"0.07"
"Heritage Farm Museum";"Jun 4, 2026, 09:00:00";"5";"5.32";"0.25";"41.27";"0.04"
"Heritage Farm Museum";"Jun 4, 2026, 08:00:00";"6";"6.73";"0.18";"36.04";"0.02"
"Heritage Farm Museum";"Jun 4, 2026, 07:00:00";"5";"5.35";"0.14";"31.19";"0.02"
"Heritage Farm Museum";"Jun 4, 2026, 06:00:00";"5";"5.97";"0.13";"29.79";"0.01"
"Heritage Farm Museum";"Jun 4, 2026, 04:00:00";"8";"8.59";"0.15";"28.61";"0"
"Heritage Farm Museum";"Jun 4, 2026, 03:00:00";"7";"7.38";"0.17";"29.33";"0"
"Heritage Farm Museum";"Jun 4, 2026, 02:00:00";"0";"0";"0";"0";"0.14"
"Heritage Farm Museum";"Jun 4, 2026, 01:00:00";"0";"0";"0";"0";"0.04"
"Heritage Farm Museum";"Jun 4, 2026, 00:00:00";"4";"4.86";"0.21";"29.5";"0.07"
"Heritage Farm Museum";"Jun 3, 2026, 23:00:00";"3";"3.65";"0.2";"29.35";"0"
"Heritage Farm Museum";"Jun 3, 2026, 22:00:00";"3";"3.58";"0.21";"30.93";"0"
"Heritage Farm Museum";"Jun 3, 2026, 21:00:00";"3";"1.07";"0.23";"27.54";"0"
"Heritage Farm Museum";"Jun 3, 2026, 20:00:00";"3";"0.01";"0.24";"28.74";"0"
"Heritage Farm Museum";"Jun 3, 2026, 19:00:00";"2";"0";"0";"0";"0.16"
"Heritage Farm Museum";"Jun 3, 2026, 18:00:00";"2";"0";"0";"0";"0.03"
"Heritage Farm Museum";"Jun 3, 2026, 17:00:00";"2";"0";"0.2";"30.41";"0.06"
"Heritage Farm Museum";"Jun 3, 2026, 16:00:00";"2";"0";"0.19";"30.42";"0.07"
"Heritage Farm Museum";"Jun 3, 2026, 15:00:00";"2";"0";"0.17";"30.06";"0.11"
"Heritage Farm Museum";"Jun 3, 2026, 14:00:00";"2";"0";"0.17";"28.33";"0.09"
"Heritage Farm Museum";"Jun 3, 2026, 13:00:00";"2";"0";"0.22";"31.23";"0.1"
"Heritage Farm Museum";"Jun 3, 2026, 12:00:00";"2";"0";"0.19";"30.96";"0.17"
"Heritage Farm Museum";"Jun 3, 2026, 11:00:00";"2";"0";"0.16";"31.73";"0.13"
"Heritage Farm Museum";"Jun 3, 2026, 10:00:00";"2";"0";"0.16";"34.54";"0.12"
"Heritage Farm Museum";"Jun 3, 2026, 09:00:00";"2";"2.8";"0.15";"31.48";"0.04"
"Heritage Farm Museum";"Jun 3, 2026, 08:00:00";"5";"5.24";"0.11";"28.95";"0.03"
"Heritage Farm Museum";"Jun 3, 2026, 07:00:00";"3";"3.88";"0.07";"24.91";"0.02"
"Heritage Farm Museum";"Jun 3, 2026, 06:00:00";"3";"3.6";"0.07";"24.49";"0.02"
"Heritage Farm Museum";"Jun 3, 2026, 05:00:00";"3";"3.54";"0.06";"24.45";"0.04"
"Heritage Farm Museum";"Jun 3, 2026, 04:00:00";"4";"4.57";"0.09";"24.94";"0.03"
"Heritage Farm Museum";"Jun 3, 2026, 03:00:00";"5";"5.17";"0.11";"25.17";"0.02"
"Heritage Farm Museum";"Jun 3, 2026, 02:00:00";"8";"8.56";"0.11";"24.15";"0.03"
"Heritage Farm Museum";"Jun 3, 2026, 01:00:00";"10";"10.4";"0.14";"25.12";"0.01"
"Heritage Farm Museum";"Jun 3, 2026, 00:00:00";"6";"6.73";"0.17";"23.52";"0.03"
"Heritage Farm Museum";"Jun 2, 2026, 23:00:00";"5";"5.88";"0.19";"24.09";"0.03"
"Heritage Farm Museum";"Jun 2, 2026, 22:00:00";"5";"5.98";"0.22";"27.35";"0"
"Heritage Farm Museum";"Jun 2, 2026, 21:00:00";"2";"1.99";"0.19";"27.27";"0"
"Heritage Farm Museum";"Jun 2, 2026, 20:00:00";"2";"0.26";"0.19";"20.5";"0.07"
"Heritage Farm Museum";"Jun 2, 2026, 19:00:00";"2";"0";"0";"0";"0.03"
"Heritage Farm Museum";"Jun 2, 2026, 18:00:00";"2";"0";"0.17";"17.68";"0.08"
"Heritage Farm Museum";"Jun 2, 2026, 17:00:00";"2";"0.05";"0.18";"19.85";"0.13"
"Heritage Farm Museum";"Jun 2, 2026, 16:00:00";"2";"0.03";"0.17";"20.87";"0.06"
"Heritage Farm Museum";"Jun 2, 2026, 15:00:00";"2";"0";"0.16";"23.44";"0.05"
"Heritage Farm Museum";"Jun 2, 2026, 14:00:00";"2";"0";"0.15";"22.2";"0.07"
"Heritage Farm Museum";"Jun 2, 2026, 13:00:00";"2";"0";"0.14";"22.83";"0.08"
"Heritage Farm Museum";"Jun 2, 2026, 12:00:00";"0";"0";"0.12";"28.81";"0.08"
"Heritage Farm Museum";"Jun 2, 2026, 11:00:00";"0";"0";"0.11";"28.97";"0.15"
"Heritage Farm Museum";"Jun 2, 2026, 10:00:00";"0";"0.18";"0.11";"29.96";"0.06"
"Heritage Farm Museum";"Jun 2, 2026, 09:00:00";"1";"1.94";"0.1";"29.14";"0.06"
"Heritage Farm Museum";"Jun 2, 2026, 08:00:00";"4";"4.13";"0.09";"27.57";"0.04"
"Heritage Farm Museum";"Jun 2, 2026, 07:00:00";"4";"4.59";"0.08";"26.98";"0.02"
"Heritage Farm Museum";"Jun 2, 2026, 06:00:00";"3";"3.62";"0.06";"25.62";"0.02"
"Heritage Farm Museum";"Jun 2, 2026, 05:00:00";"3";"3.01";"0.07";"25.42";"0.02"
"Heritage Farm Museum";"Jun 2, 2026, 04:00:00";"3";"3.27";"0.08";"24.88";"0.03"
"Heritage Farm Museum";"Jun 2, 2026, 03:00:00";"3";"3.74";"0.09";"24.89";"0.02"
"Heritage Farm Museum";"Jun 2, 2026, 02:00:00";"3";"3.37";"0.1";"25.26";"0"
"Heritage Farm Museum";"Jun 2, 2026, 01:00:00";"2";"2.71";"0.11";"25.03";"0.04"
"Heritage Farm Museum";"Jun 2, 2026, 00:00:00";"3";"3.26";"0.15";"27.39";"0.03"
"Heritage Farm Museum";"Jun 1, 2026, 23:00:00";"3";"2.64";"0.17";"29.03";"0.07"
"Heritage Farm Museum";"Jun 1, 2026, 22:00:00";"3";"3.19";"0.21";"31.54";"0"
"Heritage Farm Museum";"Jun 1, 2026, 21:00:00";"3";"2.42";"0.21";"31.94";"0"
"Heritage Farm Museum";"Jun 1, 2026, 20:00:00";"2";"1.03";"0.22";"26.36";"0"
"Heritage Farm Museum";"Jun 1, 2026, 19:00:00";"2";"0.25";"0.22";"23.57";"0.08"
"Heritage Farm Museum";"Jun 1, 2026, 18:00:00";"3";"0.16";"0.21";"24.27";"0.02"
"Heritage Farm Museum";"Jun 1, 2026, 17:00:00";"2";"0";"0.2";"25.14";"0.1"
"Heritage Farm Museum";"Jun 1, 2026, 16:00:00";"2";"0";"0.18";"25.5";"0.09"
"Heritage Farm Museum";"Jun 1, 2026, 15:00:00";"2";"0";"0.18";"26.88";"0.11"
"Heritage Farm Museum";"Jun 1, 2026, 14:00:00";"2";"0";"0";"0";"0.07"
"Heritage Farm Museum";"Jun 1, 2026, 13:00:00";"2";"0";"0.17";"26.55";"0.06"
"Heritage Farm Museum";"Jun 1, 2026, 12:00:00";"2";"0";"0.16";"26.82";"0.09"
"Heritage Farm Museum";"Jun 1, 2026, 11:00:00";"2";"0";"0.35";"32.58";"0.12"
"Heritage Farm Museum";"Jun 1, 2026, 10:00:00";"2";"0.57";"0.16";"34.71";"0.03"
"Heritage Farm Museum";"Jun 1, 2026, 09:00:00";"2";"1.87";"0.17";"33.59";"0.05"
"Heritage Farm Museum";"Jun 1, 2026, 08:00:00";"4";"4.97";"0.15";"31.35";"0.04"
"Heritage Farm Museum";"Jun 1, 2026, 07:00:00";"6";"6.74";"0.15";"30.76";"0.02"
"Heritage Farm Museum";"Jun 1, 2026, 06:00:00";"3";"3.45";"0.13";"30.93";"0.02"
"Heritage Farm Museum";"Jun 1, 2026, 05:00:00";"3";"3.96";"0.15";"32.15";"0.01"
"Heritage Farm Museum";"Jun 1, 2026, 04:00:00";"4";"4.78";"0.17";"32.89";"0.02"
"Heritage Farm Museum";"Jun 1, 2026, 03:00:00";"4";"4.98";"0.18";"31.83";"0.02"
"Heritage Farm Museum";"Jun 1, 2026, 02:00:00";"4";"4.26";"0.22";"30.78";"0"
"Heritage Farm Museum";"Jun 1, 2026, 01:00:00";"5";"5.06";"0.24";"29.14";"0.06"
"Heritage Farm Museum";"Jun 1, 2026, 00:00:00";"5";"5.53";"0.26";"29.39";"0.04"
"Heritage Farm Museum";"May 31, 2026, 23:00:00";"5";"5.67";"0.27";"29.23";"0.06"
"Heritage Farm Museum";"May 31, 2026, 22:00:00";"5";"5.44";"0.27";"29.86";"0.03"
"Heritage Farm Museum";"May 31, 2026, 21:00:00";"3";"2.53";"0.23";"26.92";"0.04"
"Heritage Farm Museum";"May 31, 2026, 20:00:00";"3";"0.44";"0.24";"21.21";"0.02"
"Heritage Farm Museum";"May 31, 2026, 19:00:00";"2";"0.14";"0.22";"19.37";"0.03"
"Heritage Farm Museum";"May 31, 2026, 18:00:00";"2";"0";"0.2";"20.82";"0.11"
"Heritage Farm Museum";"May 31, 2026, 17:00:00";"2";"0";"0.2";"23.32";"0.05"
"Heritage Farm Museum";"May 31, 2026, 16:00:00";"2";"0";"0.19";"24.95";"0.1"
"Heritage Farm Museum";"May 31, 2026, 15:00:00";"2";"0";"0.2";"26.66";"0.26"
"Heritage Farm Museum";"May 31, 2026, 14:00:00";"2";"0";"0.19";"24.12";"0.11"
"Heritage Farm Museum";"May 31, 2026, 13:00:00";"2";"0";"0.19";"23.6";"0.04"
"Heritage Farm Museum";"May 31, 2026, 12:00:00";"2";"0";"0.15";"28.12";"0.6"
"Heritage Farm Museum";"May 31, 2026, 11:00:00";"2";"0";"0.15";"29.25";"0.11"
"Heritage Farm Museum";"May 31, 2026, 10:00:00";"2";"0";"0.15";"28.9";"0.09"
"Heritage Farm Museum";"May 31, 2026, 09:00:00";"2";"1.26";"0.13";"27.72";"0.06"
"Heritage Farm Museum";"May 31, 2026, 08:00:00";"2";"2.99";"0.1";"25.83";"0.02"
"Heritage Farm Museum";"May 31, 2026, 07:00:00";"2";"2.57";"0.07";"22.14";"0.02"
"Heritage Farm Museum";"May 31, 2026, 06:00:00";"2";"2.9";"0.09";"22.4";"0.02"
"Heritage Farm Museum";"May 31, 2026, 05:00:00";"2";"2.87";"0.09";"22.38";"0.01"
"Heritage Farm Museum";"May 31, 2026, 04:00:00";"3";"3.2";"0.1";"22.08";"0.02"
"Heritage Farm Museum";"May 31, 2026, 03:00:00";"3";"3.08";"0.11";"22.07";"0.02"
"Heritage Farm Museum";"May 31, 2026, 02:00:00";"3";"3.82";"0.13";"22.56";"0.04"
"Heritage Farm Museum";"May 31, 2026, 01:00:00";"4";"4.74";"0.16";"22.15";"0.02"
"Heritage Farm Museum";"May 31, 2026, 00:00:00";"4";"4.29";"0.16";"21.83";"0.04"
"Heritage Farm Museum";"May 30, 2026, 23:00:00";"3";"3.72";"0.17";"22.39";"0.03"
"Heritage Farm Museum";"May 30, 2026, 22:00:00";"3";"2.92";"0.18";"23.66";"0.02"
"Heritage Farm Museum";"May 30, 2026, 21:00:00";"3";"0";"0";"0";"0.03"
"Heritage Farm Museum";"May 30, 2026, 20:00:00";"3";"0.21";"0.2";"22.87";"0.06"
"Heritage Farm Museum";"May 30, 2026, 19:00:00";"3";"0";"0.21";"19.29";"0.06"
"Heritage Farm Museum";"May 30, 2026, 18:00:00";"3";"0";"0.22";"18.72";"0.07"
"Heritage Farm Museum";"May 30, 2026, 17:00:00";"3";"0";"0.23";"20.88";"0.1"
"Heritage Farm Museum";"May 30, 2026, 16:00:00";"2";"0";"0.23";"20.57";"0.08"
"Heritage Farm Museum";"May 30, 2026, 15:00:00";"2";"0.98";"0.22";"20.92";"0.06"
"Heritage Farm Museum";"May 30, 2026, 14:00:00";"2";"0";"0.21";"20.43";"0.07"
"Heritage Farm Museum";"May 30, 2026, 13:00:00";"2";"0";"0.2";"20.79";"0.13"
"Heritage Farm Museum";"May 30, 2026, 12:00:00";"2";"0.38";"0.18";"24.92";"0.08"
"Heritage Farm Museum";"May 30, 2026, 11:00:00";"2";"0";"0.17";"27.06";"0.15"
"Heritage Farm Museum";"May 30, 2026, 10:00:00";"2";"0.04";"0.18";"27.54";"0.1"
"Heritage Farm Museum";"May 30, 2026, 09:00:00";"3";"0.05";"0.19";"28.25";"0.14"
"Heritage Farm Museum";"May 30, 2026, 08:00:00";"3";"0";"0.21";"30.15";"0.18"
"Heritage Farm Museum";"May 30, 2026, 07:00:00";"3";"1.74";"0.21";"31.98";"0.07"
"Heritage Farm Museum";"May 30, 2026, 06:00:00";"5";"5.55";"0.2";"31.53";"0.08"
"Heritage Farm Museum";"May 30, 2026, 05:00:00";"3";"2.11";"0.2";"32.07";"0.03"
"Heritage Farm Museum";"May 30, 2026, 04:00:00";"3";"1.1";"0.2";"32.46";"0.04"
"Heritage Farm Museum";"May 30, 2026, 03:00:00";"3";"0";"0.2";"32.54";"0.06"
"Heritage Farm Museum";"May 30, 2026, 02:00:00";"3";"3.27";"0.23";"33.33";"0.09"
"Heritage Farm Museum";"May 30, 2026, 01:00:00";"3";"1.83";"0.24";"33.93";"0"
"Heritage Farm Museum";"May 30, 2026, 00:00:00";"3";"3.17";"0.26";"38.73";"0"
"Heritage Farm Museum";"May 29, 2026, 23:00:00";"3";"2.98";"0.28";"36.19";"0.04"
"Heritage Farm Museum";"May 29, 2026, 22:00:00";"4";"4.64";"0.29";"33.82";"0.05"
"Heritage Farm Museum";"May 29, 2026, 21:00:00";"3";"1.86";"0.29";"31.03";"0"
"Heritage Farm Museum";"May 29, 2026, 20:00:00";"3";"0";"0.27";"29.93";"0.11"
"Heritage Farm Museum";"May 29, 2026, 19:00:00";"3";"0";"0.27";"30.5";"0.05"
"Heritage Farm Museum";"May 29, 2026, 18:00:00";"3";"0";"0.26";"29.23";"0.06"
"Heritage Farm Museum";"May 29, 2026, 17:00:00";"3";"0";"0.25";"29.07";"0.09"
"Heritage Farm Museum";"May 29, 2026, 16:00:00";"2";"0";"0.23";"27.37";"0.08"
"Heritage Farm Museum";"May 29, 2026, 15:00:00";"2";"0";"0.22";"28.75";"0.06"
"Heritage Farm Museum";"May 29, 2026, 14:00:00";"2";"0";"0.22";"29.41";"0.04"
"Heritage Farm Museum";"May 29, 2026, 13:00:00";"2";"0";"0.2";"26.66";"0.06"
"Heritage Farm Museum";"May 29, 2026, 12:00:00";"2";"0";"0.18";"31.43";"0.04"
"Heritage Farm Museum";"May 29, 2026, 11:00:00";"2";"0";"0.17";"34";"0.04"
"Heritage Farm Museum";"May 29, 2026, 10:00:00";"2";"0.24";"0.18";"34.62";"0.06"
"Heritage Farm Museum";"May 29, 2026, 09:00:00";"2";"1.6";"0.16";"31.76";"0.02"
"Heritage Farm Museum";"May 29, 2026, 08:00:00";"2";"2.99";"0.14";"29.98";"0.02"
"Heritage Farm Museum";"May 29, 2026, 07:00:00";"2";"2.96";"0.1";"27.89";"0.7"
"Heritage Farm Museum";"May 29, 2026, 06:00:00";"2";"2.93";"0.09";"28.23";"0.9"
"Heritage Farm Museum";"May 29, 2026, 05:00:00";"2";"2.99";"0.1";"27.57";"0.78"
"Heritage Farm Museum";"May 29, 2026, 04:00:00";"2";"2.85";"0.11";"26.93";"0.82"
"Heritage Farm Museum";"May 29, 2026, 03:00:00";"2";"2.87";"0.12";"26.27";"0.87"
"Heritage Farm Museum";"May 29, 2026, 02:00:00";"3";"3.08";"0.14";"24.67";"0.89"
"Heritage Farm Museum";"May 29, 2026, 01:00:00";"5";"2.96";"0.17";"25.81";"0.86"
"Heritage Farm Museum";"May 29, 2026, 00:00:00";"4";"2.56";"0.19";"24.43";"0.84"
"Heritage Farm Museum";"May 28, 2026, 23:00:00";"4";"2.8";"0.21";"25.07";"0.96"
"Heritage Farm Museum";"May 28, 2026, 22:00:00";"4";"3.08";"0.23";"24.35";"0.72"
"Heritage Farm Museum";"May 28, 2026, 21:00:00";"4";"1.76";"0.23";"17.87";"0.67"
"Heritage Farm Museum";"May 28, 2026, 20:00:00";"4";"0";"0.23";"10.2";"0.12"
"Heritage Farm Museum";"May 28, 2026, 19:00:00";"4";"0";"0.23";"10.12";"0.21"
"Heritage Farm Museum";"May 28, 2026, 18:00:00";"4";"0";"0.24";"12.09";"0.25"
"Heritage Farm Museum";"May 28, 2026, 17:00:00";"4";"0";"0.23";"9.2";"0.71"
"Heritage Farm Museum";"May 28, 2026, 16:00:00";"4";"0";"0.22";"17.27";"0.32"
"Heritage Farm Museum";"May 28, 2026, 15:00:00";"5";"0";"0.22";"19.05";"0.61"
"Heritage Farm Museum";"May 28, 2026, 14:00:00";"5";"0";"0.21";"20.96";"0.29"
"Heritage Farm Museum";"May 28, 2026, 13:00:00";"5";"0";"0.22";"25.19";"0.47"
"Heritage Farm Museum";"May 28, 2026, 12:00:00";"5";"0";"0.2";"30.24";"0.93"
"Heritage Farm Museum";"May 28, 2026, 11:00:00";"4";"0";"0.19";"35.72";"0.71"
"Heritage Farm Museum";"May 28, 2026, 10:00:00";"4";"0";"0.2";"42.35";"0.56"
"Heritage Farm Museum";"May 28, 2026, 09:00:00";"5";"0";"0.23";"59.67";"0.27"
"Heritage Farm Museum";"May 28, 2026, 08:00:00";"5";"0";"0.23";"80.91";"0.55"
"Heritage Farm Museum";"May 28, 2026, 07:00:00";"5";"0";"0.25";"99.31";"0.39"
"Heritage Farm Museum";"May 28, 2026, 06:00:00";"6";"0";"0.23";"112.14";"1.08"
"Heritage Farm Museum";"May 28, 2026, 05:00:00";"6";"0";"0.22";"119.27";"2.54"
"Heritage Farm Museum";"May 28, 2026, 04:00:00";"6";"0";"0.21";"128.27";"1.44"
"Heritage Farm Museum";"May 28, 2026, 03:00:00";"5";"0";"0.21";"128.41";"1.78"
"Heritage Farm Museum";"May 28, 2026, 02:00:00";"5";"0";"0.2";"124.92";"1.23"
"Heritage Farm Museum";"May 28, 2026, 01:00:00";"5";"0";"0.2";"126.89";"1.19"
"Heritage Farm Museum";"May 28, 2026, 00:00:00";"6";"0";"0.23";"150.11";"0.76"
"Heritage Farm Museum";"May 27, 2026, 23:00:00";"7";"0";"0.25";"155.4";"1.63"
"Heritage Farm Museum";"May 27, 2026, 22:00:00";"8";"0.04";"0.26";"139.81";"1.29"
"Heritage Farm Museum";"May 27, 2026, 21:00:00";"10";"0";"0.28";"138.59";"0.47"
"Heritage Farm Museum";"May 27, 2026, 20:00:00";"11";"0";"0.28";"124.75";"1.42"
"Heritage Farm Museum";"May 27, 2026, 19:00:00";"12";"0";"0.26";"101.41";"0.85"
"Heritage Farm Museum";"May 27, 2026, 18:00:00";"13";"0";"0.26";"97.73";"0.94"
"Heritage Farm Museum";"May 27, 2026, 17:00:00";"13";"0";"0.26";"129.45";"0"
"Heritage Farm Museum";"May 27, 2026, 16:00:00";"13";"0";"0.26";"133.59";"0"
"Heritage Farm Museum";"May 27, 2026, 15:00:00";"13";"0";"0.24";"130.21";"0"
"Heritage Farm Museum";"May 27, 2026, 14:00:00";"14";"0";"0.25";"141.85";"0.14"
"Heritage Farm Museum";"May 27, 2026, 13:00:00";"15";"0";"0.22";"140.96";"0.26"
"Heritage Farm Museum";"May 27, 2026, 12:00:00";"17";"0";"0.24";"144.18";"0.38"
"Heritage Farm Museum";"May 27, 2026, 11:00:00";"19";"0";"0.27";"176.99";"0"
"Heritage Farm Museum";"May 27, 2026, 10:00:00";"23";"0";"0.29";"189.17";"0"
"Heritage Farm Museum";"May 27, 2026, 09:00:00";"26";"0";"0.28";"195.31";"0"
"Heritage Farm Museum";"May 27, 2026, 08:00:00";"27";"0";"0.29";"200.76";"3.13"
"Heritage Farm Museum";"May 27, 2026, 07:00:00";"28";"0";"0.26";"190.19";"2.25"
"Heritage Farm Museum";"May 27, 2026, 06:00:00";"29";"0";"0.25";"183.63";"1.98"
"Heritage Farm Museum";"May 27, 2026, 05:00:00";"30";"0";"0.25";"183.61";"0.57"
"Heritage Farm Museum";"May 27, 2026, 04:00:00";"31";"0";"0.29";"165.95";"0.8"
"Heritage Farm Museum";"May 27, 2026, 03:00:00";"32";"0";"0.3";"161.31";"0.14"
"Heritage Farm Museum";"May 27, 2026, 02:00:00";"34";"0";"0.27";"165.29";"1.06"
"Heritage Farm Museum";"May 27, 2026, 01:00:00";"35";"0.31";"0.26";"167.54";"5.87"
"Heritage Farm Museum";"May 27, 2026, 00:00:00";"36";"0.46";"0.29";"166.43";"6.32"
"Heritage Farm Museum";"May 26, 2026, 23:00:00";"36";"2.36";"0.32";"163.57";"6.22"
"Heritage Farm Museum";"May 26, 2026, 22:00:00";"37";"1.07";"0.33";"149.83";"6.39"
"Heritage Farm Museum";"May 26, 2026, 21:00:00";"38";"0";"0.33";"147.84";"6.78"
"Heritage Farm Museum";"May 26, 2026, 20:00:00";"38";"0";"0.32";"149.75";"5.3"
"Heritage Farm Museum";"May 26, 2026, 19:00:00";"37";"0";"0.31";"138.12";"4.18"
"Heritage Farm Museum";"May 26, 2026, 18:00:00";"37";"0";"0.29";"131.31";"3.42"
"Heritage Farm Museum";"May 26, 2026, 17:00:00";"37";"0";"0.28";"126.9";"3.44"
"Heritage Farm Museum";"May 26, 2026, 16:00:00";"37";"0";"0.29";"142.08";"3.66"
"Heritage Farm Museum";"May 26, 2026, 15:00:00";"36";"0";"0.3";"150.75";"5.23"
"Heritage Farm Museum";"May 26, 2026, 14:00:00";"36";"0";"0.32";"160.7";"7.11"
"Heritage Farm Museum";"May 26, 2026, 13:00:00";"36";"0.03";"0.31";"168.76";"7.74"
"Heritage Farm Museum";"May 26, 2026, 12:00:00";"35";"0.2";"0.29";"168.25";"13.9"
"Heritage Farm Museum";"May 26, 2026, 11:00:00";"33";"0";"0.29";"191.26";"25.1"
"Heritage Farm Museum";"May 26, 2026, 10:00:00";"29";"0";"0.32";"197.18";"22.55"
"Heritage Farm Museum";"May 26, 2026, 09:00:00";"26";"0.04";"0.41";"175.22";"11.29"
"Heritage Farm Museum";"May 26, 2026, 08:00:00";"24";"0";"0.49";"157.57";"5.98"
"Heritage Farm Museum";"May 26, 2026, 07:00:00";"24";"0";"0.39";"142.04";"7.1"
"Heritage Farm Museum";"May 26, 2026, 06:00:00";"25";"0";"0.36";"138.49";"9.34"
"Heritage Farm Museum";"May 26, 2026, 05:00:00";"4";"0";"0.34";"134";"0"
"Heritage Farm Museum";"May 26, 2026, 04:00:00";"4";"0";"0.32";"132.74";"0"
"Heritage Farm Museum";"May 26, 2026, 03:00:00";"4";"0";"0.33";"139.19";"0"
"Heritage Farm Museum";"May 26, 2026, 02:00:00";"4";"0";"0.33";"146.65";"0"
"Heritage Farm Museum";"May 26, 2026, 01:00:00";"4";"0";"0.31";"149.32";"0"
"Heritage Farm Museum";"May 26, 2026, 00:00:00";"4";"0";"0.31";"147.36";"0"
"Heritage Farm Museum";"May 25, 2026, 23:00:00";"27";"0";"0.3";"145.33";"11.2"
"Heritage Farm Museum";"May 25, 2026, 22:00:00";"30";"0";"0.28";"143.6";"7.2"
"Heritage Farm Museum";"May 25, 2026, 21:00:00";"34";"0";"0.26";"134.63";"7.32"
"Heritage Farm Museum";"May 25, 2026, 20:00:00";"38";"0";"0.28";"128.12";"4.07"
"Heritage Farm Museum";"May 25, 2026, 19:00:00";"41";"0";"0.26";"120.28";"2.44"
"Heritage Farm Museum";"May 25, 2026, 18:00:00";"44";"0";"0.23";"119.31";"2.55"
"Heritage Farm Museum";"May 25, 2026, 17:00:00";"46";"0";"0.24";"131.24";"2.35"
"Heritage Farm Museum";"May 25, 2026, 16:00:00";"47";"0";"0.24";"155.95";"2.72"
"Heritage Farm Museum";"May 25, 2026, 15:00:00";"48";"0";"0.25";"174.74";"4.23"
"Heritage Farm Museum";"May 25, 2026, 14:00:00";"48";"0";"0.25";"178.82";"4.45"
"Heritage Farm Museum";"May 25, 2026, 13:00:00";"48";"0";"0.29";"177.19";"5.66"
"Heritage Farm Museum";"May 25, 2026, 12:00:00";"47";"0.06";"1.03";"183.68";"5.07"
"Heritage Farm Museum";"May 25, 2026, 11:00:00";"47";"1.17";"0.27";"171.26";"7.46"
"Heritage Farm Museum";"May 25, 2026, 10:00:00";"45";"1.15";"0.27";"159.35";"8.08"
"Heritage Farm Museum";"May 25, 2026, 09:00:00";"44";"0";"0.24";"141.58";"5.71"
"Heritage Farm Museum";"May 25, 2026, 08:00:00";"43";"0.07";"0.25";"113.34";"5.4"
"Heritage Farm Museum";"May 25, 2026, 07:00:00";"42";"0";"0.26";"113.69";"10.25"
"Heritage Farm Museum";"May 25, 2026, 06:00:00";"40";"0";"0.25";"109.41";"0"
"Heritage Farm Museum";"May 25, 2026, 05:00:00";"38";"0";"0.25";"105.8";"0"
"Heritage Farm Museum";"May 25, 2026, 04:00:00";"36";"0";"0.25";"105.66";"0"
"Heritage Farm Museum";"May 25, 2026, 03:00:00";"35";"0.03";"0.24";"103.52";"0"
"Heritage Farm Museum";"May 25, 2026, 02:00:00";"34";"0.23";"0.24";"101.44";"0"
"Heritage Farm Museum";"May 25, 2026, 01:00:00";"33";"0.46";"0.23";"98.21";"0"
"Heritage Farm Museum";"May 25, 2026, 00:00:00";"32";"1.06";"0.22";"94.25";"19.98"
"Heritage Farm Museum";"May 24, 2026, 23:00:00";"29";"1.58";"0.22";"93.41";"21.37"
"Heritage Farm Museum";"May 24, 2026, 22:00:00";"26";"1.97";"0.22";"95.38";"23.65"
"Heritage Farm Museum";"May 24, 2026, 21:00:00";"22";"2.72";"0.23";"96.15";"25.49"
"Heritage Farm Museum";"May 24, 2026, 20:00:00";"18";"1.9";"0.22";"92.69";"19.77"
"Heritage Farm Museum";"May 24, 2026, 19:00:00";"16";"0.85";"0.21";"91.59";"14.95"
"Heritage Farm Museum";"May 24, 2026, 18:00:00";"14";"0.03";"0.2";"95.85";"10.18"
"Heritage Farm Museum";"May 24, 2026, 17:00:00";"12";"0";"0.19";"95.68";"7.89"
"Heritage Farm Museum";"May 24, 2026, 16:00:00";"11";"0";"0.18";"93.65";"5.41"
"Heritage Farm Museum";"May 24, 2026, 15:00:00";"11";"0.02";"0.18";"92.15";"4.08"
"Heritage Farm Museum";"May 24, 2026, 14:00:00";"10";"0.2";"0.17";"87.45";"3.59"
"Heritage Farm Museum";"May 24, 2026, 13:00:00";"10";"0.5";"0.16";"82.73";"3.26"
"Heritage Farm Museum";"May 24, 2026, 12:00:00";"9";"0.73";"0.14";"79.91";"2.43"
"Heritage Farm Museum";"May 24, 2026, 11:00:00";"9";"1.74";"0.13";"70.92";"1.86"
"Heritage Farm Museum";"May 24, 2026, 10:00:00";"9";"2.59";"0.11";"62.44";"2.06"
"Heritage Farm Museum";"May 24, 2026, 09:00:00";"9";"2.65";"0.09";"58.36";"1.72"
"Heritage Farm Museum";"May 24, 2026, 08:00:00";"9";"2.87";"0.08";"54";"1.27"
"Heritage Farm Museum";"May 24, 2026, 07:00:00";"9";"2.96";"0.07";"51.61";"1.06"
"Heritage Farm Museum";"May 24, 2026, 06:00:00";"10";"2.87";"0.06";"51.21";"0.98"
"Heritage Farm Museum";"May 24, 2026, 05:00:00";"10";"3.16";"0.07";"51.38";"1.17"
"Heritage Farm Museum";"May 24, 2026, 04:00:00";"10";"3.62";"0.07";"47.54";"0.91"
"Heritage Farm Museum";"May 24, 2026, 03:00:00";"11";"4.32";"0.07";"43.92";"1.55"
"Heritage Farm Museum";"May 24, 2026, 02:00:00";"11";"4.11";"0.08";"47.53";"2.07"
"Heritage Farm Museum";"May 24, 2026, 01:00:00";"11";"4.6";"0.08";"47.92";"2.92"
"Heritage Farm Museum";"May 24, 2026, 00:00:00";"11";"5.12";"0.08";"48.55";"3.43"
"Heritage Farm Museum";"May 23, 2026, 23:00:00";"11";"5.36";"0.08";"47.21";"2.81"
"Heritage Farm Museum";"May 23, 2026, 22:00:00";"11";"5.16";"0.07";"48.05";"3.38"
"Heritage Farm Museum";"May 23, 2026, 21:00:00";"10";"5.35";"0.07";"48.31";"4.37"
"Heritage Farm Museum";"May 23, 2026, 20:00:00";"10";"5.09";"0.07";"52.57";"4.19"
"Heritage Farm Museum";"May 23, 2026, 19:00:00";"10";"5.56";"0.1";"51.01";"2.64"
"Heritage Farm Museum";"May 23, 2026, 18:00:00";"9";"5.32";"0.12";"58.66";"2.69"
"Heritage Farm Museum";"May 23, 2026, 17:00:00";"9";"5.45";"0.11";"55.85";"2.27"
"Heritage Farm Museum";"May 23, 2026, 16:00:00";"9";"4.64";"0.1";"59.69";"1.6"
"Heritage Farm Museum";"May 23, 2026, 15:00:00";"9";"4.63";"0.1";"59.27";"0.87"
"Heritage Farm Museum";"May 23, 2026, 14:00:00";"10";"5.08";"0.09";"55.34";"0.62"
"Heritage Farm Museum";"May 23, 2026, 13:00:00";"10";"5.03";"0.1";"55.65";"0.86"
"Heritage Farm Museum";"May 23, 2026, 12:00:00";"11";"5.62";"0.09";"51.12";"1.79"
"Heritage Farm Museum";"May 23, 2026, 11:00:00";"11";"5.33";"0.08";"50.39";"1.76"
"Heritage Farm Museum";"May 23, 2026, 10:00:00";"12";"5.4";"0.08";"48.2";"2.3"
"Heritage Farm Museum";"May 23, 2026, 09:00:00";"14";"5.19";"0.06";"46.06";"2.43"
"Heritage Farm Museum";"May 23, 2026, 08:00:00";"16";"5.13";"0.06";"46.97";"2.41"
"Heritage Farm Museum";"May 23, 2026, 07:00:00";"18";"5.67";"0.06";"44.5";"3.4"
"Heritage Farm Museum";"May 23, 2026, 06:00:00";"21";"5.88";"0.05";"40.78";"2.52"
"Heritage Farm Museum";"May 23, 2026, 05:00:00";"22";"6.18";"0.05";"42.11";"2.43"
"Heritage Farm Museum";"May 23, 2026, 04:00:00";"24";"5.74";"0.05";"42.31";"2.7"
"Heritage Farm Museum";"May 23, 2026, 03:00:00";"26";"5.26";"0.06";"42.06";"2.19"
"Heritage Farm Museum";"May 23, 2026, 02:00:00";"29";"4.92";"0.07";"43.15";"3.22"
"Heritage Farm Museum";"May 23, 2026, 01:00:00";"31";"5.1";"0.06";"42.43";"2.52"
"Heritage Farm Museum";"May 23, 2026, 00:00:00";"33";"4.9";"0.06";"45.61";"2.57"
"Heritage Farm Museum";"May 22, 2026, 23:00:00";"35";"4.71";"0.06";"46.44";"2.41"
"Heritage Farm Museum";"May 22, 2026, 22:00:00";"37";"4.07";"0.06";"46.87";"2.14"
"Heritage Farm Museum";"May 22, 2026, 21:00:00";"38";"4.2";"0.06";"46.94";"1.95"
"Heritage Farm Museum";"May 22, 2026, 20:00:00";"38";"4.02";"0.07";"50.21";"1.86"
"Heritage Farm Museum";"May 22, 2026, 19:00:00";"38";"3.35";"0.11";"60.13";"2.15"
"Heritage Farm Museum";"May 22, 2026, 18:00:00";"39";"3.16";"0.13";"63.89";"2.09"
"Heritage Farm Museum";"May 22, 2026, 17:00:00";"39";"2.75";"0.13";"68.07";"1.59"
"Heritage Farm Museum";"May 22, 2026, 16:00:00";"39";"2.22";"0.16";"74.81";"2.27"
"Heritage Farm Museum";"May 22, 2026, 15:00:00";"38";"2.17";"0.17";"76.53";"4.37"
"Heritage Farm Museum";"May 22, 2026, 14:00:00";"38";"2.26";"0.17";"76.05";"3.34"
"Heritage Farm Museum";"May 22, 2026, 13:00:00";"37";"2.66";"0.16";"71.82";"3.24"
"Heritage Farm Museum";"May 22, 2026, 12:00:00";"37";"3.13";"0.14";"70.33";"2.18"
"Heritage Farm Museum";"May 22, 2026, 11:00:00";"37";"2.42";"0.16";"74.33";"6.83"
"Heritage Farm Museum";"May 22, 2026, 10:00:00";"36";"1.58";"0.17";"77.44";"13.51"
"Heritage Farm Museum";"May 22, 2026, 09:00:00";"35";"1.9";"0.17";"69.6";"15.88"
"Heritage Farm Museum";"May 22, 2026, 08:00:00";"33";"2.25";"0.15";"63.99";"15.58"
"Heritage Farm Museum";"May 22, 2026, 07:00:00";"31";"1.64";"0.13";"61.06";"16.94"
"Heritage Farm Museum";"May 22, 2026, 06:00:00";"29";"1.85";"0.12";"59.3";"11.73"
"Heritage Farm Museum";"May 22, 2026, 05:00:00";"28";"2.12";"0.12";"59.64";"10.39"
"Heritage Farm Museum";"May 22, 2026, 04:00:00";"29";"2.37";"0.11";"52.97";"13.77"
"Heritage Farm Museum";"May 22, 2026, 03:00:00";"29";"2.64";"0.11";"51.04";"19.05"
"Heritage Farm Museum";"May 22, 2026, 02:00:00";"28";"1.96";"0.11";"58.62";"18.21"
"Heritage Farm Museum";"May 22, 2026, 01:00:00";"27";"2.59";"0.11";"57.04";"15.94"
"Heritage Farm Museum";"May 22, 2026, 00:00:00";"26";"3.39";"0.11";"49.58";"11.62"
"Heritage Farm Museum";"May 21, 2026, 23:00:00";"26";"3.65";"0.11";"52.49";"10.82"
"Heritage Farm Museum";"May 21, 2026, 22:00:00";"25";"4.61";"0.1";"49.75";"7.96"
"Heritage Farm Museum";"May 21, 2026, 21:00:00";"25";"4.73";"0.1";"51.09";"4.87"
"Heritage Farm Museum";"May 21, 2026, 20:00:00";"26";"4.8";"0.1";"51.41";"3.88"
"Heritage Farm Museum";"May 21, 2026, 19:00:00";"27";"4.42";"0.11";"53.78";"3.38"
"Heritage Farm Museum";"May 21, 2026, 18:00:00";"28";"3.56";"0.11";"52.84";"2.08"
"Heritage Farm Museum";"May 21, 2026, 17:00:00";"29";"2.73";"0.12";"52.46";"1.08"
"Heritage Farm Museum";"May 21, 2026, 16:00:00";"30";"2.35";"0.1";"49.07";"0.98"
"Heritage Farm Museum";"May 21, 2026, 15:00:00";"30";"1.31";"0.15";"61.46";"1.31"
"Heritage Farm Museum";"May 21, 2026, 14:00:00";"31";"0.55";"0.15";"64.72";"1.49"
"Heritage Farm Museum";"May 21, 2026, 13:00:00";"32";"0.61";"0.16";"71.9";"1.67"
"Heritage Farm Museum";"May 21, 2026, 12:00:00";"32";"0.4";"0.16";"74.18";"2.36"
"Heritage Farm Museum";"May 21, 2026, 11:00:00";"33";"0.02";"0.18";"82.71";"2.72"
"Heritage Farm Museum";"May 21, 2026, 10:00:00";"34";"0.01";"0.19";"92.35";"3.32"
"Heritage Farm Museum";"May 21, 2026, 09:00:00";"34";"0.01";"0.2";"100.2";"3.51"
"Heritage Farm Museum";"May 21, 2026, 08:00:00";"34";"0.15";"0.19";"101.36";"4.74"
"Heritage Farm Museum";"May 21, 2026, 07:00:00";"34";"0";"0.18";"105.25";"6.05"
"Heritage Farm Museum";"May 21, 2026, 06:00:00";"35";"0";"0.18";"106.34";"7.01"
"Heritage Farm Museum";"May 21, 2026, 05:00:00";"34";"0.02";"0.2";"121.11";"14.83"
"Heritage Farm Museum";"May 21, 2026, 04:00:00";"33";"0";"0.22";"125.95";"12.46"
"Heritage Farm Museum";"May 21, 2026, 03:00:00";"31";"0.03";"0.23";"119.52";"13.74"
"Heritage Farm Museum";"May 21, 2026, 02:00:00";"30";"0.4";"0.22";"117.75";"15.03"
"Heritage Farm Museum";"May 21, 2026, 01:00:00";"28";"2.68";"0.24";"115.69";"8.89"
"Heritage Farm Museum";"May 21, 2026, 00:00:00";"27";"1.55";"0.24";"111.28";"11.43"
"Heritage Farm Museum";"May 20, 2026, 23:00:00";"25";"2.21";"0.24";"98.95";"8.7"
"Heritage Farm Museum";"May 20, 2026, 22:00:00";"24";"3.27";"0.24";"93.94";"7.82"
"Heritage Farm Museum";"May 20, 2026, 21:00:00";"24";"4.36";"0.26";"92.38";"9.36"
"Heritage Farm Museum";"May 20, 2026, 20:00:00";"22";"2.36";"0.29";"114.19";"8.39"
"Heritage Farm Museum";"May 20, 2026, 19:00:00";"21";"3.38";"0.3";"100.25";"8.94"
"Heritage Farm Museum";"May 20, 2026, 18:00:00";"20";"3.86";"0.3";"83.03";"7.85"
"Heritage Farm Museum";"May 20, 2026, 17:00:00";"20";"4.21";"0.29";"55.97";"4.93"
"Heritage Farm Museum";"May 20, 2026, 16:00:00";"20";"0";"0.3";"40.79";"5.71"
"Heritage Farm Museum";"May 20, 2026, 15:00:00";"19";"0";"0.31";"48.12";"5.46"
"Heritage Farm Museum";"May 20, 2026, 14:00:00";"19";"0";"0.27";"51.78";"5.86"
"Heritage Farm Museum";"May 20, 2026, 13:00:00";"19";"0";"0.27";"60.24";"5.13"
"Heritage Farm Museum";"May 20, 2026, 12:00:00";"19";"0";"0.27";"76.27";"6.02"
"Heritage Farm Museum";"May 20, 2026, 11:00:00";"19";"0";"0.27";"81.29";"5.84"
"Heritage Farm Museum";"May 20, 2026, 10:00:00";"19";"1.41";"0.32";"94.25";"5.82"
"Heritage Farm Museum";"May 20, 2026, 09:00:00";"19";"9.17";"0.39";"118.55";"5.23"
"Heritage Farm Museum";"May 20, 2026, 08:00:00";"20";"6.56";"0.3";"118.31";"4.99"
"Heritage Farm Museum";"May 20, 2026, 07:00:00";"20";"1.94";"0.22";"99.77";"7.27"
"Heritage Farm Museum";"May 20, 2026, 06:00:00";"20";"1.79";"0.22";"98.2";"6.09"
"Heritage Farm Museum";"May 20, 2026, 05:00:00";"20";"4.19";"0.25";"98.57";"5.3"
"Heritage Farm Museum";"May 20, 2026, 04:00:00";"20";"6.19";"0.28";"94.22";"4.3"
"Heritage Farm Museum";"May 20, 2026, 03:00:00";"21";"7.62";"0.3";"94.96";"3.49"
"Heritage Farm Museum";"May 20, 2026, 02:00:00";"21";"0.33";"0.24";"74.13";"3.38"
"Heritage Farm Museum";"May 20, 2026, 01:00:00";"22";"10.02";"0.32";"76.36";"3.41"
"Heritage Farm Museum";"May 20, 2026, 00:00:00";"23";"22.33";"0.41";"72.45";"3.53"
"Heritage Farm Museum";"May 19, 2026, 23:00:00";"24";"0.81";"0.38";"60.12";"3.72"
"Heritage Farm Museum";"May 19, 2026, 22:00:00";"24";"0";"0.35";"50.04";"2.98"
"Heritage Farm Museum";"May 19, 2026, 21:00:00";"25";"0";"0.34";"47.29";"2.9"
"Heritage Farm Museum";"May 19, 2026, 20:00:00";"26";"0";"0.35";"43.45";"2.38"
"Heritage Farm Museum";"May 19, 2026, 19:00:00";"27";"0.13";"0.32";"32.25";"2.97"
"Heritage Farm Museum";"May 19, 2026, 18:00:00";"28";"0";"0.31";"31.68";"4.25"
"Heritage Farm Museum";"May 19, 2026, 17:00:00";"28";"0";"0.33";"33.32";"4.3"
"Heritage Farm Museum";"May 19, 2026, 16:00:00";"29";"0";"0.33";"37.24";"4.51"
"Heritage Farm Museum";"May 19, 2026, 15:00:00";"29";"0";"0.33";"39.89";"4.49"
"Heritage Farm Museum";"May 19, 2026, 14:00:00";"29";"0";"0.31";"45.71";"4.84"
"Heritage Farm Museum";"May 19, 2026, 13:00:00";"29";"0";"0.3";"45.85";"4.8"
"Heritage Farm Museum";"May 19, 2026, 12:00:00";"30";"0";"0.28";"51.74";"5.31"
"Heritage Farm Museum";"May 19, 2026, 11:00:00";"30";"0";"0.28";"56.05";"6.06"
"Heritage Farm Museum";"May 19, 2026, 10:00:00";"31";"0.27";"0.34";"63.75";"7.23"
"Heritage Farm Museum";"May 19, 2026, 09:00:00";"31";"2.9";"0.37";"63.66";"7.47"
"Heritage Farm Museum";"May 19, 2026, 08:00:00";"30";"2.2";"0.32";"59.92";"6.57"
"Heritage Farm Museum";"May 19, 2026, 07:00:00";"30";"0.1";"0.28";"56.11";"6.59"
"Heritage Farm Museum";"May 19, 2026, 06:00:00";"31";"0";"0.28";"53.72";"6.92"
"Heritage Farm Museum";"May 19, 2026, 05:00:00";"31";"0";"0.27";"52.15";"7.01"
"Heritage Farm Museum";"May 19, 2026, 04:00:00";"32";"0";"0.27";"52.99";"7.4"
"Heritage Farm Museum";"May 19, 2026, 03:00:00";"31";"0";"0.28";"52.75";"7.39"
"Heritage Farm Museum";"May 19, 2026, 02:00:00";"31";"0";"0.3";"51.37";"8.12"
"Heritage Farm Museum";"May 19, 2026, 01:00:00";"31";"0";"0.31";"51.29";"7.99"
"Heritage Farm Museum";"May 19, 2026, 00:00:00";"30";"0";"0.32";"50.35";"7.6"
"Heritage Farm Museum";"May 18, 2026, 23:00:00";"29";"0";"0.35";"52.78";"7.54"
"Heritage Farm Museum";"May 18, 2026, 22:00:00";"29";"0";"0.4";"60.56";"7.92"
"Heritage Farm Museum";"May 18, 2026, 21:00:00";"28";"0";"0.4";"55.96";"8.09"
"Heritage Farm Museum";"May 18, 2026, 20:00:00";"27";"0";"0.4";"48.11";"7.5"
"Heritage Farm Museum";"May 18, 2026, 19:00:00";"27";"0";"0.39";"48.95";"7.04"
"Heritage Farm Museum";"May 18, 2026, 18:00:00";"26";"0";"0.42";"55.21";"7.01"
"Heritage Farm Museum";"May 18, 2026, 17:00:00";"25";"0.02";"0.45";"59.36";"6.12"
"Heritage Farm Museum";"May 18, 2026, 16:00:00";"25";"0";"0.42";"57.89";"6.85"
"Heritage Farm Museum";"May 18, 2026, 15:00:00";"24";"0";"0.34";"53.35";"6.3"
"Heritage Farm Museum";"May 18, 2026, 14:00:00";"23";"0";"0.34";"62.6";"5.44"
"Heritage Farm Museum";"May 18, 2026, 13:00:00";"23";"0";"0.34";"72.83";"7.11"
"Heritage Farm Museum";"May 18, 2026, 12:00:00";"22";"0.07";"0.34";"82.54";"8.01"
"Heritage Farm Museum";"May 18, 2026, 11:00:00";"22";"2.94";"0.4";"100.99";"7.81"
"Heritage Farm Museum";"May 18, 2026, 10:00:00";"21";"5.68";"0.42";"111.99";"7.4"
"Heritage Farm Museum";"May 18, 2026, 09:00:00";"20";"8.03";"0.42";"124.2";"5.85"
"Heritage Farm Museum";"May 18, 2026, 08:00:00";"20";"0.17";"0.3";"102.21";"6.41"
"Heritage Farm Museum";"May 18, 2026, 07:00:00";"20";"0";"0.23";"90.56";"10.29"
"Heritage Farm Museum";"May 18, 2026, 06:00:00";"19";"0";"0.23";"89.57";"9.95"
"Heritage Farm Museum";"May 18, 2026, 05:00:00";"19";"0";"0.23";"91.72";"8.18"
"Heritage Farm Museum";"May 18, 2026, 04:00:00";"19";"0";"0.24";"90.2";"6.22"
"Heritage Farm Museum";"May 18, 2026, 03:00:00";"18";"0.15";"0.25";"90.63";"5.05"
"Heritage Farm Museum";"May 18, 2026, 02:00:00";"18";"0.06";"0.28";"81.75";"5.21"
"Heritage Farm Museum";"May 18, 2026, 01:00:00";"18";"0";"0.31";"75.1";"4.36"
"Heritage Farm Museum";"May 18, 2026, 00:00:00";"18";"0";"0.34";"71.84";"4.17"
"Heritage Farm Museum";"May 17, 2026, 23:00:00";"17";"0.02";"0.37";"68.24";"4.23"
"Heritage Farm Museum";"May 17, 2026, 22:00:00";"17";"0.11";"0.37";"61.4";"4.35"
"Heritage Farm Museum";"May 17, 2026, 21:00:00";"17";"0";"0.33";"53.65";"3.47"
"Heritage Farm Museum";"May 17, 2026, 20:00:00";"17";"0";"0.31";"46.59";"3.34"
"Heritage Farm Museum";"May 17, 2026, 19:00:00";"17";"0";"0.29";"42.02";"3.2"
"Heritage Farm Museum";"May 17, 2026, 18:00:00";"16";"0";"0.28";"44.87";"2.86"
"Heritage Farm Museum";"May 17, 2026, 17:00:00";"16";"0";"0.26";"47.1";"2.75"
"Heritage Farm Museum";"May 17, 2026, 16:00:00";"16";"0";"0.25";"53.15";"2.5"
"Heritage Farm Museum";"May 17, 2026, 15:00:00";"16";"0";"0.25";"61.15";"2.42"
"Heritage Farm Museum";"May 17, 2026, 14:00:00";"16";"0";"0.27";"69.63";"2.98"
"Heritage Farm Museum";"May 17, 2026, 13:00:00";"16";"0";"0.3";"78.87";"3.89"
"Heritage Farm Museum";"May 17, 2026, 12:00:00";"15";"0.06";"0.35";"83.08";"4.55"
"Heritage Farm Museum";"May 17, 2026, 11:00:00";"15";"3.33";"0.39";"93.79";"4.54"
"Heritage Farm Museum";"May 17, 2026, 10:00:00";"15";"0";"0.34";"105.08";"4.04"
"Heritage Farm Museum";"May 17, 2026, 09:00:00";"14";"3.21";"0.35";"102.94";"3.97"
"Heritage Farm Museum";"May 17, 2026, 08:00:00";"14";"1.39";"0.29";"78.93";"5.11"
"Heritage Farm Museum";"May 17, 2026, 07:00:00";"14";"0";"0.24";"64.29";"7.72"
"Heritage Farm Museum";"May 17, 2026, 06:00:00";"14";"0";"0.22";"69.47";"7.37"
"Heritage Farm Museum";"May 17, 2026, 05:00:00";"13";"0";"0.22";"71.65";"5.97"
"Heritage Farm Museum";"May 17, 2026, 04:00:00";"13";"0.22";"0.23";"74.05";"5.11"
"Heritage Farm Museum";"May 17, 2026, 03:00:00";"13";"0";"0.24";"75.21";"4.25"
"Heritage Farm Museum";"May 17, 2026, 02:00:00";"13";"0.98";"0.26";"75.52";"3.12"
"Heritage Farm Museum";"May 17, 2026, 01:00:00";"12";"0.61";"0.3";"78";"2.96"
"Heritage Farm Museum";"May 17, 2026, 00:00:00";"12";"0.35";"0.28";"66.96";"2.92"
"Heritage Farm Museum";"May 16, 2026, 23:00:00";"12";"0.07";"0.28";"63.14";"2.56"
"Heritage Farm Museum";"May 16, 2026, 22:00:00";"12";"0.14";"0.31";"59.66";"2.38"
"Heritage Farm Museum";"May 16, 2026, 21:00:00";"12";"0";"0.31";"53.39";"2.5"
"Heritage Farm Museum";"May 16, 2026, 20:00:00";"12";"0.82";"0.31";"43.81";"2.66"
"Heritage Farm Museum";"May 16, 2026, 19:00:00";"11";"1.11";"0.29";"37.44";"2.02"
"Heritage Farm Museum";"May 16, 2026, 18:00:00";"11";"0";"0.28";"29.31";"3.34"
"Heritage Farm Museum";"May 16, 2026, 17:00:00";"11";"0";"0.27";"28.85";"2.89"
"Heritage Farm Museum";"May 16, 2026, 16:00:00";"10";"0";"0.25";"29.6";"1.93"
"Heritage Farm Museum";"May 16, 2026, 15:00:00";"10";"0";"0.22";"29.26";"1.25"
"Heritage Farm Museum";"May 16, 2026, 14:00:00";"10";"0";"0.22";"30.54";"1.35"
"Heritage Farm Museum";"May 16, 2026, 13:00:00";"10";"0";"0.25";"37.03";"1.84"
"Heritage Farm Museum";"May 16, 2026, 12:00:00";"10";"0.02";"0.26";"44.12";"2.06"
"Heritage Farm Museum";"May 16, 2026, 11:00:00";"10";"0.35";"0.24";"48.12";"2.03"
"Heritage Farm Museum";"May 16, 2026, 10:00:00";"10";"1.62";"0.26";"49.64";"2.32"
"Heritage Farm Museum";"May 16, 2026, 09:00:00";"10";"4.38";"0.24";"46.6";"2.41"
"Heritage Farm Museum";"May 16, 2026, 08:00:00";"10";"3.09";"0.21";"32.53";"2.93"
"Heritage Farm Museum";"May 16, 2026, 07:00:00";"10";"1.94";"0.22";"34.45";"6.94"
"Heritage Farm Museum";"May 16, 2026, 06:00:00";"9";"0.31";"0.13";"33.25";"5.93"
"Heritage Farm Museum";"May 16, 2026, 05:00:00";"8";"0.79";"0.17";"34.88";"4.52"
"Heritage Farm Museum";"May 16, 2026, 04:00:00";"8";"2.87";"0.25";"36.99";"3.96"
"Heritage Farm Museum";"May 16, 2026, 03:00:00";"7";"2.83";"0.19";"34.14";"3.06"
"Heritage Farm Museum";"May 16, 2026, 02:00:00";"7";"3.54";"0.2";"34.36";"1.93"
"Heritage Farm Museum";"May 16, 2026, 01:00:00";"7";"3.18";"0.22";"33.68";"2.13"
"Heritage Farm Museum";"May 16, 2026, 00:00:00";"7";"3.39";"0.24";"33.4";"2.38"
"Heritage Farm Museum";"May 15, 2026, 23:00:00";"7";"3.42";"0.23";"31.52";"2.06"
"Heritage Farm Museum";"May 15, 2026, 22:00:00";"7";"4.2";"0.26";"32.06";"1.71"
"Heritage Farm Museum";"May 15, 2026, 21:00:00";"7";"2.03";"0.25";"33.17";"1.26"
"Heritage Farm Museum";"May 15, 2026, 20:00:00";"7";"0";"0.22";"32.59";"1"
"Heritage Farm Museum";"May 15, 2026, 19:00:00";"7";"0";"0.22";"25.33";"0.92"
"Heritage Farm Museum";"May 15, 2026, 18:00:00";"7";"0";"0.21";"23.86";"0.78"
"Heritage Farm Museum";"May 15, 2026, 17:00:00";"7";"0";"0.21";"23.24";"0.89"
"Heritage Farm Museum";"May 15, 2026, 16:00:00";"7";"0";"0.21";"25.43";"1.25"
"Heritage Farm Museum";"May 15, 2026, 15:00:00";"7";"0";"0.21";"28.8";"1.56"
"Heritage Farm Museum";"May 15, 2026, 14:00:00";"7";"0";"0.2";"31.29";"1.33"
"Heritage Farm Museum";"May 15, 2026, 13:00:00";"7";"0.05";"0.2";"34.05";"1.2"
"Heritage Farm Museum";"May 15, 2026, 12:00:00";"7";"0.12";"0.18";"33.15";"1.18"
"Heritage Farm Museum";"May 15, 2026, 11:00:00";"7";"0.26";"0.15";"30.45";"0.97"
"Heritage Farm Museum";"May 15, 2026, 10:00:00";"7";"0.33";"0.15";"30.64";"1.13"
"Heritage Farm Museum";"May 15, 2026, 09:00:00";"8";"0.04";"0.14";"30.86";"1.53"
"Heritage Farm Museum";"May 15, 2026, 08:00:00";"9";"0.79";"0.13";"29.97";"2.52"
"Heritage Farm Museum";"May 15, 2026, 07:00:00";"12";"0.64";"0.12";"33.89";"2.43"
"Heritage Farm Museum";"May 15, 2026, 06:00:00";"15";"0.58";"0.11";"29.41";"2.4"
"Heritage Farm Museum";"May 15, 2026, 05:00:00";"18";"0.59";"0.11";"29.74";"2.37"
"Heritage Farm Museum";"May 15, 2026, 04:00:00";"20";"1.05";"0.11";"29.72";"1.78"
"Heritage Farm Museum";"May 15, 2026, 03:00:00";"22";"0.89";"0.11";"29.59";"1.15"
"Heritage Farm Museum";"May 15, 2026, 02:00:00";"23";"2.19";"0.11";"28.12";"1.44"
"Heritage Farm Museum";"May 15, 2026, 01:00:00";"23";"1.83";"0.1";"27.11";"2.05"
"Heritage Farm Museum";"May 15, 2026, 00:00:00";"24";"1.85";"0.11";"26.96";"2.95"
"Heritage Farm Museum";"May 14, 2026, 23:00:00";"25";"1.39";"0.12";"26.56";"3.8"
"Heritage Farm Museum";"May 14, 2026, 22:00:00";"25";"1.36";"0.13";"26.54";"1.33"
"Heritage Farm Museum";"May 14, 2026, 21:00:00";"26";"2.14";"0.13";"26.52";"0.74"
"Heritage Farm Museum";"May 14, 2026, 20:00:00";"26";"1.37";"0.14";"27.05";"0.68"
"Heritage Farm Museum";"May 14, 2026, 19:00:00";"26";"1.5";"0.14";"27.56";"0.64"
"Heritage Farm Museum";"May 14, 2026, 18:00:00";"27";"0.51";"0.15";"28.65";"0.59"
"Heritage Farm Museum";"May 14, 2026, 17:00:00";"27";"0.8";"0.15";"30.23";"0.69"
"Heritage Farm Museum";"May 14, 2026, 16:00:00";"27";"0";"0.17";"33.76";"1.05"
"Heritage Farm Museum";"May 14, 2026, 15:00:00";"28";"0.14";"0.17";"33.94";"0.9"
"Heritage Farm Museum";"May 14, 2026, 14:00:00";"28";"0.28";"0.15";"33.07";"0.97"
"Heritage Farm Museum";"May 14, 2026, 13:00:00";"28";"0.02";"0.15";"35.47";"1.65"
"Heritage Farm Museum";"May 14, 2026, 12:00:00";"28";"0";"0.16";"39.03";"2"
"Heritage Farm Museum";"May 14, 2026, 11:00:00";"29";"0";"0.16";"42.16";"2.32"
"Heritage Farm Museum";"May 14, 2026, 10:00:00";"29";"0";"0.14";"44.19";"3.94"
"Heritage Farm Museum";"May 14, 2026, 09:00:00";"29";"0.33";"0.14";"46.15";"9.02"
"Heritage Farm Museum";"May 14, 2026, 08:00:00";"28";"1.14";"0.15";"44.87";"21.46"
"Heritage Farm Museum";"May 14, 2026, 07:00:00";"24";"1.01";"0.13";"34.28";"20.3"
"Heritage Farm Museum";"May 14, 2026, 06:00:00";"21";"1.18";"0.12";"34.85";"18.05"
"Heritage Farm Museum";"May 14, 2026, 05:00:00";"17";"1.34";"0.12";"35.22";"13.88"
"Heritage Farm Museum";"May 14, 2026, 04:00:00";"15";"2.79";"0.13";"29.55";"11.41"
"Heritage Farm Museum";"May 14, 2026, 03:00:00";"13";"2.08";"0.14";"28.58";"0"
"Heritage Farm Museum";"May 14, 2026, 02:00:00";"13";"1.8";"0.15";"30.95";"0"
"Heritage Farm Museum";"May 14, 2026, 01:00:00";"13";"10.79";"0.21";"26.55";"0"
"Heritage Farm Museum";"May 14, 2026, 00:00:00";"12";"10.21";"0.22";"31.23";"8.35"
"Heritage Farm Museum";"May 13, 2026, 23:00:00";"11";"6.59";"0.19";"32.47";"4.09"
"Heritage Farm Museum";"May 13, 2026, 22:00:00";"11";"5.12";"0.18";"36.27";"3.68"
"Heritage Farm Museum";"May 13, 2026, 21:00:00";"11";"5.08";"0.2";"39.26";"2.1"
"Heritage Farm Museum";"May 13, 2026, 20:00:00";"11";"2.63";"0.25";"42.16";"2.45"
"Heritage Farm Museum";"May 13, 2026, 19:00:00";"10";"3.96";"0.26";"40.92";"2.62"
"Heritage Farm Museum";"May 13, 2026, 18:00:00";"10";"3.74";"0.26";"38.51";"2.36"
"Heritage Farm Museum";"May 13, 2026, 17:00:00";"10";"5.82";"0.27";"39.8";"2.48"
"Heritage Farm Museum";"May 13, 2026, 16:00:00";"10";"2.66";"0.23";"32.46";"2.63"
"Heritage Farm Museum";"May 13, 2026, 15:00:00";"10";"0";"0.22";"25.97";"2.58"
"Heritage Farm Museum";"May 13, 2026, 14:00:00";"10";"0";"0.23";"25.31";"2.47"
"Heritage Farm Museum";"May 13, 2026, 13:00:00";"10";"0";"0.23";"26.41";"2.64"
"Heritage Farm Museum";"May 13, 2026, 12:00:00";"10";"0.13";"0.23";"30.9";"3.17"
"Heritage Farm Museum";"May 13, 2026, 11:00:00";"10";"1.15";"0.23";"33.31";"3.79"
"Heritage Farm Museum";"May 13, 2026, 10:00:00";"9";"3.85";"0.23";"30.35";"3.78"
"Heritage Farm Museum";"May 13, 2026, 09:00:00";"9";"4.58";"0.21";"27.83";"3.01"
"Heritage Farm Museum";"May 13, 2026, 08:00:00";"9";"6.04";"0.18";"26.31";"2.82"
"Heritage Farm Museum";"May 13, 2026, 07:00:00";"9";"5.03";"0.16";"24.88";"2.53"
"Heritage Farm Museum";"May 13, 2026, 06:00:00";"9";"3.49";"0.15";"24.74";"2.22"
"Heritage Farm Museum";"May 13, 2026, 05:00:00";"9";"2.18";"0.15";"25.59";"2.33"
"Heritage Farm Museum";"May 13, 2026, 04:00:00";"9";"1.87";"0.16";"26.26";"1.95"
"Heritage Farm Museum";"May 13, 2026, 03:00:00";"9";"1.62";"0.16";"27.02";"1.77"
"Heritage Farm Museum";"May 13, 2026, 02:00:00";"10";"2.07";"0.18";"28.25";"1.67"
"Heritage Farm Museum";"May 13, 2026, 01:00:00";"10";"2.82";"0.18";"29.88";"1.62"
"Heritage Farm Museum";"May 13, 2026, 00:00:00";"10";"2.83";"0.18";"30.6";"1.47"
"Heritage Farm Museum";"May 12, 2026, 23:00:00";"10";"2.95";"0.19";"30.71";"1.59"
"Heritage Farm Museum";"May 12, 2026, 22:00:00";"10";"3.2";"0.22";"31.48";"1.74"
"Heritage Farm Museum";"May 12, 2026, 21:00:00";"10";"2.43";"0.24";"31.84";"2.24"
"Heritage Farm Museum";"May 12, 2026, 20:00:00";"9";"0.33";"0.22";"28.47";"1.85"
"Heritage Farm Museum";"May 12, 2026, 19:00:00";"9";"0";"0.22";"24.55";"1.88"
"Heritage Farm Museum";"May 12, 2026, 18:00:00";"9";"0";"0.21";"22.31";"1.66"
"Heritage Farm Museum";"May 12, 2026, 17:00:00";"9";"0";"0.21";"22.6";"1.62"
"Heritage Farm Museum";"May 12, 2026, 16:00:00";"9";"0";"0.21";"24.59";"1.8"
"Heritage Farm Museum";"May 12, 2026, 15:00:00";"9";"0";"0.21";"25.72";"1.96"
"Heritage Farm Museum";"May 12, 2026, 14:00:00";"9";"0";"0.2";"29.42";"2.68"
"Heritage Farm Museum";"May 12, 2026, 13:00:00";"9";"0";"0.2";"32.64";"2.88"
"Heritage Farm Museum";"May 12, 2026, 12:00:00";"9";"0";"0.16";"30.24";"2.18"
"Heritage Farm Museum";"May 12, 2026, 11:00:00";"9";"0.08";"0.14";"30.12";"2.02"
"Heritage Farm Museum";"May 12, 2026, 10:00:00";"9";"0.09";"0.13";"30.89";"1.94"
"Heritage Farm Museum";"May 12, 2026, 09:00:00";"9";"0.87";"0.12";"29.81";"1.55"
"Heritage Farm Museum";"May 12, 2026, 08:00:00";"9";"0.9";"0.1";"26.66";"1.89"
"Heritage Farm Museum";"May 12, 2026, 07:00:00";"9";"0.11";"0.09";"25.74";"2.43"
"Heritage Farm Museum";"May 12, 2026, 06:00:00";"8";"0.9";"0.09";"23.54";"1.88"
"Heritage Farm Museum";"May 12, 2026, 05:00:00";"8";"1.71";"0.1";"16.21";"3.77"
"Heritage Farm Museum";"May 12, 2026, 04:00:00";"8";"1.67";"0.11";"19.14";"4.29"
"Heritage Farm Museum";"May 12, 2026, 03:00:00";"7";"0.98";"0.11";"25.09";"3.63"
"Heritage Farm Museum";"May 12, 2026, 02:00:00";"7";"1.8";"0.12";"27.83";"2.5"
"Heritage Farm Museum";"May 12, 2026, 01:00:00";"8";"3.34";"0.14";"28.45";"1.51"
"Heritage Farm Museum";"May 12, 2026, 00:00:00";"11";"6.58";"0.16";"28.23";"1.54"
"Heritage Farm Museum";"May 11, 2026, 23:00:00";"14";"8.17";"0.17";"27.72";"1.23"
"Heritage Farm Museum";"May 11, 2026, 22:00:00";"16";"8.37";"0.19";"27.1";"1.25"
"Heritage Farm Museum";"May 11, 2026, 21:00:00";"19";"3.06";"0.16";"25.6";"1.21"
"Heritage Farm Museum";"May 11, 2026, 20:00:00";"20";"0.16";"0.15";"27.88";"0.99"
"Heritage Farm Museum";"May 11, 2026, 19:00:00";"22";"0";"0.15";"27.42";"1.15"
"Heritage Farm Museum";"May 11, 2026, 18:00:00";"22";"0";"0.14";"27.16";"1.37"
"Heritage Farm Museum";"May 11, 2026, 17:00:00";"23";"0";"0.16";"29.9";"2.23"
"Heritage Farm Museum";"May 11, 2026, 16:00:00";"24";"0.02";"0.18";"31.34";"2.67"
"Heritage Farm Museum";"May 11, 2026, 15:00:00";"24";"0.2";"0.15";"30.17";"2.32"
"Heritage Farm Museum";"May 11, 2026, 14:00:00";"24";"0.59";"0.16";"32.79";"1.87"
"Heritage Farm Museum";"May 11, 2026, 13:00:00";"24";"1.7";"0.16";"33.35";"1.95"
"Heritage Farm Museum";"May 11, 2026, 12:00:00";"24";"1.78";"0.42";"37.95";"1.67"
"Heritage Farm Museum";"May 11, 2026, 11:00:00";"24";"2.71";"0.16";"37.44";"1.41"
"Heritage Farm Museum";"May 11, 2026, 10:00:00";"25";"0.08";"0.16";"34.79";"1.73"
"Heritage Farm Museum";"May 11, 2026, 09:00:00";"26";"0.04";"0.13";"31.53";"1.07"
"Heritage Farm Museum";"May 11, 2026, 08:00:00";"27";"0.25";"0.11";"29.81";"1.02"
"Heritage Farm Museum";"May 11, 2026, 07:00:00";"28";"0.05";"0.1";"31.52";"0.96"
"Heritage Farm Museum";"May 11, 2026, 06:00:00";"30";"0.03";"0.08";"32.05";"1.1"
"Heritage Farm Museum";"May 11, 2026, 05:00:00";"33";"0";"0.09";"31.52";"1.27"
"Heritage Farm Museum";"May 11, 2026, 04:00:00";"36";"0";"0.1";"38.36";"1.78"
"Heritage Farm Museum";"May 11, 2026, 03:00:00";"38";"0";"0.12";"46.56";"2.46"
"Heritage Farm Museum";"May 11, 2026, 02:00:00";"40";"0";"0.18";"62.13";"8.55"
"Heritage Farm Museum";"May 11, 2026, 01:00:00";"41";"0";"0.21";"63.22";"18.76"
"Heritage Farm Museum";"May 11, 2026, 00:00:00";"39";"0.01";"0.23";"55.82";"16.19"
"Heritage Farm Museum";"May 10, 2026, 23:00:00";"37";"0";"0.24";"58.02";"16.38"
"Heritage Farm Museum";"May 10, 2026, 22:00:00";"35";"0";"0.24";"57.39";"15.77"
"Heritage Farm Museum";"May 10, 2026, 21:00:00";"33";"0.32";"0.26";"70.27";"9.65"
"Heritage Farm Museum";"May 10, 2026, 20:00:00";"32";"0.74";"0.26";"70.86";"8.66"
"Heritage Farm Museum";"May 10, 2026, 19:00:00";"31";"0.52";"0.27";"71.77";"5.49"
"Heritage Farm Museum";"May 10, 2026, 18:00:00";"31";"1.62";"0.3";"69.54";"6.52"
"Heritage Farm Museum";"May 10, 2026, 17:00:00";"30";"1.93";"0.27";"55.95";"6.6"
"Heritage Farm Museum";"May 10, 2026, 16:00:00";"29";"0.42";"0.23";"35.89";"2.93"
"Heritage Farm Museum";"May 10, 2026, 15:00:00";"29";"0";"0.2";"31.55";"2.44"
"Heritage Farm Museum";"May 10, 2026, 14:00:00";"30";"0";"0.19";"37.32";"2.35"
"Heritage Farm Museum";"May 10, 2026, 13:00:00";"30";"0";"0.22";"44.03";"2.23"
"Heritage Farm Museum";"May 10, 2026, 12:00:00";"30";"0";"0.22";"49.92";"2.57"
"Heritage Farm Museum";"May 10, 2026, 11:00:00";"31";"1.31";"0.28";"63.78";"3.52"
"Heritage Farm Museum";"May 10, 2026, 10:00:00";"31";"2.58";"0.33";"72.77";"6.42"
"Heritage Farm Museum";"May 10, 2026, 09:00:00";"30";"2.18";"0.27";"45.13";"9.96"
"Heritage Farm Museum";"May 10, 2026, 08:00:00";"29";"0.02";"0.21";"22.54";"6.43"
"Heritage Farm Museum";"May 10, 2026, 07:00:00";"28";"0";"0.19";"18.99";"14.12"
"Heritage Farm Museum";"May 10, 2026, 06:00:00";"26";"0";"0.21";"24.53";"18.45"
"Heritage Farm Museum";"May 10, 2026, 05:00:00";"23";"0.01";"0.24";"26.15";"16.72"
"Heritage Farm Museum";"May 10, 2026, 04:00:00";"21";"0";"0.22";"22.63";"15.07"
"Heritage Farm Museum";"May 10, 2026, 03:00:00";"18";"0.1";"0.23";"25.06";"13.44"
"Heritage Farm Museum";"May 10, 2026, 02:00:00";"16";"0.57";"0.24";"36.69";"11.86"
"Heritage Farm Museum";"May 10, 2026, 01:00:00";"14";"1.92";"0.26";"39.41";"8.68"
"Heritage Farm Museum";"May 10, 2026, 00:00:00";"13";"1.74";"0.26";"40.97";"6.79"
"Heritage Farm Museum";"May 9, 2026, 23:00:00";"12";"2.84";"0.27";"39.93";"4.08"
"Heritage Farm Museum";"May 9, 2026, 22:00:00";"12";"0.95";"0.29";"37.62";"3.49"
"Heritage Farm Museum";"May 9, 2026, 21:00:00";"12";"0.04";"0.26";"37.79";"3.09"
"Heritage Farm Museum";"May 9, 2026, 20:00:00";"12";"0";"0.26";"34.51";"2.95"
"Heritage Farm Museum";"May 9, 2026, 19:00:00";"11";"0";"0.25";"26.37";"2.6"
"Heritage Farm Museum";"May 9, 2026, 18:00:00";"11";"0";"0.23";"26.8";"2.81"
"Heritage Farm Museum";"May 9, 2026, 17:00:00";"11";"0";"0.26";"29.36";"2.93"
"Heritage Farm Museum";"May 9, 2026, 16:00:00";"11";"0";"0.28";"31.17";"3.66"
"Heritage Farm Museum";"May 9, 2026, 15:00:00";"11";"0.1";"0.27";"32.48";"3.9"
"Heritage Farm Museum";"May 9, 2026, 14:00:00";"10";"0.07";"0.27";"34.05";"3.95"
"Heritage Farm Museum";"May 9, 2026, 13:00:00";"10";"0.12";"0.26";"32.77";"4.43"
"Heritage Farm Museum";"May 9, 2026, 12:00:00";"10";"0.27";"0.26";"33.13";"3.66"
"Heritage Farm Museum";"May 9, 2026, 11:00:00";"9";"1.59";"0.25";"29.7";"3.48"
"Heritage Farm Museum";"May 9, 2026, 10:00:00";"9";"3.18";"0.23";"26.81";"2.73"
"Heritage Farm Museum";"May 9, 2026, 09:00:00";"9";"2.92";"0.22";"26.13";"2.6"
"Heritage Farm Museum";"May 9, 2026, 08:00:00";"9";"3.46";"0.21";"25.23";"2.56"
"Heritage Farm Museum";"May 9, 2026, 07:00:00";"9";"3.59";"0.19";"24.04";"2.21"
"Heritage Farm Museum";"May 9, 2026, 06:00:00";"9";"2.14";"0.17";"23.5";"2.08"
"Heritage Farm Museum";"May 9, 2026, 05:00:00";"10";"1.72";"0.17";"23.51";"2.2"
"Heritage Farm Museum";"May 9, 2026, 04:00:00";"10";"1.57";"0.17";"23.72";"1.75"
"Heritage Farm Museum";"May 9, 2026, 03:00:00";"10";"1.54";"0.18";"23.69";"1.84"
"Heritage Farm Museum";"May 9, 2026, 02:00:00";"10";"1.5";"0.18";"23.47";"1.81"
"Heritage Farm Museum";"May 9, 2026, 01:00:00";"10";"1.36";"0.2";"23.74";"1.8"
"Heritage Farm Museum";"May 9, 2026, 00:00:00";"10";"2.03";"0.21";"24.44";"1.83"
"Heritage Farm Museum";"May 8, 2026, 23:00:00";"11";"2.12";"0.22";"25.26";"2.14"
"Heritage Farm Museum";"May 8, 2026, 22:00:00";"11";"2.2";"0.23";"25.73";"2.13"
"Heritage Farm Museum";"May 8, 2026, 21:00:00";"11";"1.27";"0.23";"26.63";"2.25"
"Heritage Farm Museum";"May 8, 2026, 20:00:00";"11";"0.59";"0.21";"24.28";"1.97"
"Heritage Farm Museum";"May 8, 2026, 19:00:00";"11";"0.71";"0.2";"22.46";"1.74"
"Heritage Farm Museum";"May 8, 2026, 18:00:00";"11";"0.02";"0.18";"20.73";"1.71"
"Heritage Farm Museum";"May 8, 2026, 17:00:00";"12";"0";"0.19";"18.24";"1.7"
"Heritage Farm Museum";"May 8, 2026, 16:00:00";"12";"0";"0.18";"18.75";"1.85"
"Heritage Farm Museum";"May 8, 2026, 15:00:00";"12";"0";"0.18";"20.06";"1.83"
"Heritage Farm Museum";"May 8, 2026, 14:00:00";"12";"0";"0.18";"22.92";"2.24"
"Heritage Farm Museum";"May 8, 2026, 13:00:00";"12";"0";"0.18";"27.39";"2.13"
"Heritage Farm Museum";"May 8, 2026, 12:00:00";"12";"0";"0.17";"29.38";"2.56"
"Heritage Farm Museum";"May 8, 2026, 11:00:00";"12";"0";"0.16";"28.49";"2.6"
"Heritage Farm Museum";"May 8, 2026, 10:00:00";"12";"0.96";"0.15";"29.09";"2.28"
"Heritage Farm Museum";"May 8, 2026, 09:00:00";"12";"7.06";"0.2";"31.13";"2.21"
"Heritage Farm Museum";"May 8, 2026, 08:00:00";"12";"6.28";"0.15";"27.85";"2.82"
"Heritage Farm Museum";"May 8, 2026, 07:00:00";"11";"1.59";"0.08";"24.88";"3.81"
"Heritage Farm Museum";"May 8, 2026, 06:00:00";"11";"1.48";"0.07";"24.05";"3.19"
"Heritage Farm Museum";"May 8, 2026, 05:00:00";"11";"0.85";"0.07";"24.64";"2.34"
"Heritage Farm Museum";"May 8, 2026, 04:00:00";"11";"0.75";"0.08";"24.84";"1.76"
"Heritage Farm Museum";"May 8, 2026, 03:00:00";"12";"1.38";"0.1";"26.53";"1.85"
"Heritage Farm Museum";"May 8, 2026, 02:00:00";"12";"5.04";"0.12";"28.45";"2.61"
"Heritage Farm Museum";"May 8, 2026, 01:00:00";"13";"6.79";"0.17";"29";"5.48"
"Heritage Farm Museum";"May 8, 2026, 00:00:00";"13";"9.25";"0.19";"30.25";"3.49"
"Heritage Farm Museum";"May 7, 2026, 23:00:00";"12";"8.15";"0.19";"28.88";"2.83"
"Heritage Farm Museum";"May 7, 2026, 22:00:00";"12";"5.74";"0.2";"27.9";"2.61"
"Heritage Farm Museum";"May 7, 2026, 21:00:00";"12";"5.41";"0.21";"27.77";"2.43"
"Heritage Farm Museum";"May 7, 2026, 20:00:00";"12";"4.86";"0.22";"28.47";"2.74"
"Heritage Farm Museum";"May 7, 2026, 19:00:00";"12";"3.62";"0.23";"29.66";"3.26"
"Heritage Farm Museum";"May 7, 2026, 18:00:00";"12";"0.78";"0.23";"28.6";"2.92"
"Heritage Farm Museum";"May 7, 2026, 17:00:00";"13";"0";"0.18";"23.45";"2.18"
"Heritage Farm Museum";"May 7, 2026, 16:00:00";"13";"0";"0.18";"24.12";"2.35"
"Heritage Farm Museum";"May 7, 2026, 15:00:00";"13";"0";"0.17";"27.05";"2.34"
"Heritage Farm Museum";"May 7, 2026, 14:00:00";"13";"0.03";"0.19";"31.16";"2.8"
"Heritage Farm Museum";"May 7, 2026, 13:00:00";"13";"0";"0.18";"30.64";"3.17"
"Heritage Farm Museum";"May 7, 2026, 12:00:00";"14";"0.15";"0.14";"28.33";"2.43"
"Heritage Farm Museum";"May 7, 2026, 11:00:00";"14";"0.28";"0.12";"28.93";"1.88"
"Heritage Farm Museum";"May 7, 2026, 10:00:00";"14";"0.12";"0.12";"30.79";"1.77"
"Heritage Farm Museum";"May 7, 2026, 09:00:00";"15";"0.12";"0.13";"33.83";"1.44"
"Heritage Farm Museum";"May 7, 2026, 08:00:00";"15";"0.04";"0.13";"35.34";"1.47"
"Heritage Farm Museum";"May 7, 2026, 07:00:00";"16";"0.07";"0.12";"37.51";"1.78"
"Heritage Farm Museum";"May 7, 2026, 06:00:00";"16";"0.05";"0.12";"39.56";"1.99"
"Heritage Farm Museum";"May 7, 2026, 05:00:00";"16";"0.1";"0.13";"42.54";"3.04"
"Heritage Farm Museum";"May 7, 2026, 04:00:00";"16";"0.04";"0.13";"43.33";"4.51"
"Heritage Farm Museum";"May 7, 2026, 03:00:00";"16";"0.05";"0.13";"43.72";"5.51"
"Heritage Farm Museum";"May 7, 2026, 02:00:00";"16";"0.03";"0.15";"46.63";"8.16"
"Heritage Farm Museum";"May 7, 2026, 01:00:00";"15";"0.07";"0.16";"46.38";"3.07"
"Heritage Farm Museum";"May 7, 2026, 00:00:00";"15";"0";"0.19";"49.11";"1.3"
"Heritage Farm Museum";"May 6, 2026, 23:00:00";"16";"0";"0.21";"53.64";"1.24"
"Heritage Farm Museum";"May 6, 2026, 22:00:00";"16";"0";"0.23";"65.5";"1.79"
"Heritage Farm Museum";"May 6, 2026, 21:00:00";"17";"0";"0.24";"74.41";"3.34"
"Heritage Farm Museum";"May 6, 2026, 20:00:00";"17";"0.14";"0.24";"71.95";"4.13"
"Heritage Farm Museum";"May 6, 2026, 19:00:00";"16";"0.09";"0.25";"71.82";"3.99"
"Heritage Farm Museum";"May 6, 2026, 18:00:00";"16";"0.07";"0.25";"69.56";"3.92"
"Heritage Farm Museum";"May 6, 2026, 17:00:00";"16";"0";"0.25";"69.12";"3.75"
"Heritage Farm Museum";"May 6, 2026, 16:00:00";"16";"0.04";"0.24";"68.53";"3.55"
"Heritage Farm Museum";"May 6, 2026, 15:00:00";"16";"0.46";"0.24";"68.29";"3.66"
"Heritage Farm Museum";"May 6, 2026, 14:00:00";"16";"2.32";"0.25";"66.13";"3.88"
"Heritage Farm Museum";"May 6, 2026, 13:00:00";"16";"3.05";"0.24";"51.82";"3.69"
"Heritage Farm Museum";"May 6, 2026, 12:00:00";"16";"3.52";"0.24";"36.26";"3.61"
"Heritage Farm Museum";"May 6, 2026, 11:00:00";"16";"3.66";"0.24";"28.66";"4.4"
"Heritage Farm Museum";"May 6, 2026, 10:00:00";"16";"4.13";"0.25";"26.55";"4.94"
"Heritage Farm Museum";"May 6, 2026, 09:00:00";"16";"3.93";"0.26";"36.48";"4.09"
"Heritage Farm Museum";"May 6, 2026, 08:00:00";"16";"3.41";"0.25";"43.08";"3.39"
"Heritage Farm Museum";"May 6, 2026, 07:00:00";"16";"1.54";"0.24";"39.68";"3.02"
"Heritage Farm Museum";"May 6, 2026, 06:00:00";"16";"1.04";"0.24";"38.33";"3.29"
"Heritage Farm Museum";"May 6, 2026, 05:00:00";"16";"0.4";"0.25";"36.52";"3.41"
"Heritage Farm Museum";"May 6, 2026, 04:00:00";"16";"0.06";"0.25";"35.07";"3.84"
"Heritage Farm Museum";"May 6, 2026, 03:00:00";"16";"0.04";"0.26";"32.73";"4.24"
"Heritage Farm Museum";"May 6, 2026, 02:00:00";"15";"0";"0.28";"30.93";"4.74"
"Heritage Farm Museum";"May 6, 2026, 01:00:00";"15";"0";"0.28";"29.13";"4.5"
"Heritage Farm Museum";"May 6, 2026, 00:00:00";"14";"0.03";"0.29";"27.47";"4.12"
"Heritage Farm Museum";"May 5, 2026, 23:00:00";"14";"0";"0.28";"24.38";"3.67"
"Heritage Farm Museum";"May 5, 2026, 22:00:00";"14";"0";"0.29";"21.54";"3.3"
"Heritage Farm Museum";"May 5, 2026, 21:00:00";"13";"0";"0.28";"18.44";"3.44"
"Heritage Farm Museum";"May 5, 2026, 20:00:00";"13";"0.02";"0.27";"17.94";"3.19"
"Heritage Farm Museum";"May 5, 2026, 19:00:00";"13";"0.31";"0.28";"18.39";"3.13"
"Heritage Farm Museum";"May 5, 2026, 18:00:00";"13";"0";"0.27";"19.12";"3.5"
"Heritage Farm Museum";"May 5, 2026, 17:00:00";"13";"0";"0.24";"20.22";"3.73"
"Heritage Farm Museum";"May 5, 2026, 16:00:00";"13";"0";"0.24";"22.01";"3.52"
"Heritage Farm Museum";"May 5, 2026, 15:00:00";"12";"0";"0.24";"24.32";"4.17"
"Heritage Farm Museum";"May 5, 2026, 14:00:00";"12";"0";"0.25";"26.49";"3.77"
"Heritage Farm Museum";"May 5, 2026, 13:00:00";"12";"0";"0.25";"27.58";"3.38"
"Heritage Farm Museum";"May 5, 2026, 12:00:00";"12";"0.21";"0.28";"30.44";"4.02"
"Heritage Farm Museum";"May 5, 2026, 11:00:00";"11";"0.42";"0.27";"34.04";"4.29"
"Heritage Farm Museum";"May 5, 2026, 10:00:00";"11";"4.07";"0.28";"35.99";"4.73"
"Heritage Farm Museum";"May 5, 2026, 09:00:00";"11";"4.57";"0.27";"32.34";"3.83"
"Heritage Farm Museum";"May 5, 2026, 08:00:00";"11";"5.56";"0.23";"30.16";"3.23"
"Heritage Farm Museum";"May 5, 2026, 07:00:00";"10";"5.21";"0.21";"29.37";"2.78"
"Heritage Farm Museum";"May 5, 2026, 06:00:00";"10";"3.93";"0.2";"29.79";"2.65"
"Heritage Farm Museum";"May 5, 2026, 05:00:00";"10";"2.56";"0.2";"31.34";"2.46"
"Heritage Farm Museum";"May 5, 2026, 04:00:00";"10";"2.5";"0.21";"31.77";"2.51"
"Heritage Farm Museum";"May 5, 2026, 03:00:00";"10";"2.35";"0.22";"32.15";"2.23"
"Heritage Farm Museum";"May 5, 2026, 02:00:00";"10";"2.33";"0.22";"35.01";"1.98"
"Heritage Farm Museum";"May 5, 2026, 01:00:00";"9";"2.71";"0.24";"34.46";"1.93"
"Heritage Farm Museum";"May 5, 2026, 00:00:00";"9";"7.25";"0.25";"33.48";"1.97"
"Heritage Farm Museum";"May 4, 2026, 23:00:00";"10";"3.94";"0.24";"31.92";"2.02"
"Heritage Farm Museum";"May 4, 2026, 22:00:00";"10";"5.2";"0.26";"29.47";"2.18"
"Heritage Farm Museum";"May 4, 2026, 21:00:00";"9";"2.4";"0.25";"27.94";"2.43"
"Heritage Farm Museum";"May 4, 2026, 20:00:00";"9";"1.87";"0.25";"25.92";"2.64"
"Heritage Farm Museum";"May 4, 2026, 19:00:00";"9";"0.32";"0.23";"22.9";"2.71"
"Heritage Farm Museum";"May 4, 2026, 18:00:00";"9";"0";"0.23";"22.57";"2.4"
"Heritage Farm Museum";"May 4, 2026, 17:00:00";"9";"0";"0.22";"23.86";"2.47"
"Heritage Farm Museum";"May 4, 2026, 16:00:00";"9";"0";"0.21";"24.57";"2.19"
"Heritage Farm Museum";"May 4, 2026, 15:00:00";"8";"0";"0.21";"25.25";"2.15"
"Heritage Farm Museum";"May 4, 2026, 14:00:00";"8";"0";"0.21";"26.1";"2.2"
"Heritage Farm Museum";"May 4, 2026, 13:00:00";"8";"0";"0.21";"27.63";"1.98"
"Heritage Farm Museum";"May 4, 2026, 12:00:00";"8";"0.11";"0.6";"31.52";"2.22"
"Heritage Farm Museum";"May 4, 2026, 11:00:00";"8";"1.93";"0.22";"29.23";"2.74"
"Heritage Farm Museum";"May 4, 2026, 10:00:00";"8";"4.52";"0.22";"28.02";"3.31"
"Heritage Farm Museum";"May 4, 2026, 09:00:00";"8";"5.95";"0.19";"25.85";"2.67"
"Heritage Farm Museum";"May 4, 2026, 08:00:00";"8";"6.42";"0.18";"24.96";"2.11"
"Heritage Farm Museum";"May 4, 2026, 07:00:00";"8";"3";"0.14";"24.35";"1.64"
"Heritage Farm Museum";"May 4, 2026, 06:00:00";"8";"2.35";"0.13";"23.98";"1.39"
"Heritage Farm Museum";"May 4, 2026, 05:00:00";"8";"2.74";"0.14";"24";"1.2"
"Heritage Farm Museum";"May 4, 2026, 04:00:00";"8";"4.24";"0.17";"23.98";"1.7"
"Heritage Farm Museum";"May 4, 2026, 03:00:00";"8";"5.93";"0.17";"23.07";"1.81"
"Heritage Farm Museum";"May 4, 2026, 02:00:00";"8";"6.26";"0.3";"21.13";"1.71"
"Heritage Farm Museum";"May 4, 2026, 01:00:00";"8";"7.86";"0.33";"20.93";"1.99"
"Heritage Farm Museum";"May 4, 2026, 00:00:00";"8";"7.81";"0.33";"20.13";"2.46"
"Heritage Farm Museum";"May 3, 2026, 23:00:00";"8";"5.65";"0.3";"19.84";"2.12"
"Heritage Farm Museum";"May 3, 2026, 22:00:00";"8";"4.82";"0.28";"20.27";"1.33"
"Heritage Farm Museum";"May 3, 2026, 21:00:00";"9";"3.66";"0.3";"21.32";"1.61"
"Heritage Farm Museum";"May 3, 2026, 20:00:00";"9";"3.62";"0.3";"21.92";"1.29"
"Heritage Farm Museum";"May 3, 2026, 19:00:00";"9";"0.93";"0.31";"23.49";"1.57"
"Heritage Farm Museum";"May 3, 2026, 18:00:00";"9";"0.04";"0.3";"24.43";"1.4"
"Heritage Farm Museum";"May 3, 2026, 17:00:00";"9";"0.52";"0.3";"24.95";"1.42"
"Heritage Farm Museum";"May 3, 2026, 16:00:00";"9";"0.2";"0.31";"25.48";"1.72"
"Heritage Farm Museum";"May 3, 2026, 15:00:00";"10";"0.04";"0.31";"24.74";"1.32"
"Heritage Farm Museum";"May 3, 2026, 14:00:00";"10";"0.03";"0.32";"24.68";"2.12"
"Heritage Farm Museum";"May 3, 2026, 13:00:00";"10";"0.16";"0.29";"23.2";"1.58"
"Heritage Farm Museum";"May 3, 2026, 12:00:00";"10";"0.58";"0.28";"22.13";"1.84"
"Heritage Farm Museum";"May 3, 2026, 11:00:00";"11";"0.26";"0.27";"21.61";"2.26"
"Heritage Farm Museum";"May 3, 2026, 10:00:00";"11";"0.17";"0.26";"21.46";"2.22"
"Heritage Farm Museum";"May 3, 2026, 09:00:00";"11";"0.8";"0.25";"21.01";"1.9"
"Heritage Farm Museum";"May 3, 2026, 08:00:00";"11";"2.1";"0.24";"20.6";"1.66"
"Heritage Farm Museum";"May 3, 2026, 07:00:00";"11";"3.36";"0.24";"20.79";"1.76"
"Heritage Farm Museum";"May 3, 2026, 06:00:00";"11";"2.8";"0.24";"20.37";"1.58"
"Heritage Farm Museum";"May 3, 2026, 05:00:00";"11";"4.99";"0.24";"20.17";"1.89"
"Heritage Farm Museum";"May 3, 2026, 04:00:00";"11";"4.28";"0.24";"19.53";"1.96"
"Heritage Farm Museum";"May 3, 2026, 03:00:00";"11";"3.18";"0.24";"19.31";"1.89"
"Heritage Farm Museum";"May 3, 2026, 02:00:00";"11";"3.62";"0.25";"19.46";"2.44"
"Heritage Farm Museum";"May 3, 2026, 01:00:00";"11";"3.25";"0.26";"19.65";"3.57"
"Heritage Farm Museum";"May 3, 2026, 00:00:00";"10";"3.24";"0.27";"19.87";"2.89"
"Heritage Farm Museum";"May 2, 2026, 23:00:00";"10";"2.85";"0.28";"20.03";"2.3"
"Heritage Farm Museum";"May 2, 2026, 22:00:00";"10";"2.93";"0.28";"20.07";"2.44"
"Heritage Farm Museum";"May 2, 2026, 21:00:00";"10";"2.91";"0.29";"20.83";"2.95"
"Heritage Farm Museum";"May 2, 2026, 20:00:00";"9";"2.18";"0.29";"20.71";"2.53"
"Heritage Farm Museum";"May 2, 2026, 19:00:00";"9";"1.04";"0.29";"21.54";"2.4"
"Heritage Farm Museum";"May 2, 2026, 18:00:00";"9";"0.25";"0.31";"23.48";"2.08"
"Heritage Farm Museum";"May 2, 2026, 17:00:00";"9";"0.03";"0.3";"24.36";"2.37"
"Heritage Farm Museum";"May 2, 2026, 16:00:00";"9";"0";"0.31";"25.93";"2.46"
"Heritage Farm Museum";"May 2, 2026, 15:00:00";"9";"0";"0.35";"26.24";"2.96"
"Heritage Farm Museum";"May 2, 2026, 14:00:00";"8";"0";"0.39";"25.44";"3.91"
"Heritage Farm Museum";"May 2, 2026, 13:00:00";"8";"0.1";"0.36";"25.4";"2.38"
"Heritage Farm Museum";"May 2, 2026, 12:00:00";"8";"0.15";"0.38";"25.69";"3.48"
"Heritage Farm Museum";"May 2, 2026, 11:00:00";"8";"0.57";"0.34";"24.83";"3.38"
"Heritage Farm Museum";"May 2, 2026, 10:00:00";"7";"0.89";"0.33";"24.28";"2.99"
"Heritage Farm Museum";"May 2, 2026, 09:00:00";"7";"1.66";"0.28";"23.27";"2.59"
"Heritage Farm Museum";"May 2, 2026, 08:00:00";"7";"2.02";"0.25";"22.58";"2.24"
"Heritage Farm Museum";"May 2, 2026, 07:00:00";"7";"2.22";"0.26";"22.79";"1.48"
"Heritage Farm Museum";"May 2, 2026, 06:00:00";"7";"2.01";"0.27";"23.69";"1"
"Heritage Farm Museum";"May 2, 2026, 05:00:00";"7";"2.32";"0.27";"24.41";"1.2"
"Heritage Farm Museum";"May 2, 2026, 04:00:00";"7";"1.93";"0.28";"26.39";"1.41"
"Heritage Farm Museum";"May 2, 2026, 03:00:00";"7";"2.75";"0.29";"27.01";"1.46"
"Heritage Farm Museum";"May 2, 2026, 02:00:00";"7";"2.81";"0.3";"27.25";"1.47"
"Heritage Farm Museum";"May 2, 2026, 01:00:00";"7";"3.14";"0.31";"28.24";"1.27"
"Heritage Farm Museum";"May 2, 2026, 00:00:00";"7";"3.63";"0.33";"28.02";"1.26"
"Heritage Farm Museum";"May 1, 2026, 23:00:00";"7";"3.05";"0.35";"28.41";"1.36"
"Heritage Farm Museum";"May 1, 2026, 22:00:00";"7";"3.7";"0.36";"28.41";"1.43"
"Heritage Farm Museum";"May 1, 2026, 21:00:00";"7";"2.82";"0.36";"28.5";"1.59"
"Heritage Farm Museum";"May 1, 2026, 20:00:00";"7";"1.97";"0.35";"27.37";"1.75"
"Heritage Farm Museum";"May 1, 2026, 19:00:00";"7";"0.61";"0.32";"27.75";"1.3"
"Heritage Farm Museum";"May 1, 2026, 18:00:00";"7";"0";"0.33";"26.3";"1.36"
"Heritage Farm Museum";"May 1, 2026, 17:00:00";"7";"0";"0.33";"28.25";"1.47"
"Heritage Farm Museum";"May 1, 2026, 16:00:00";"7";"0";"0.33";"28.23";"1.48"
"Heritage Farm Museum";"May 1, 2026, 15:00:00";"7";"0";"0.32";"29.68";"1.78"
"Heritage Farm Museum";"May 1, 2026, 14:00:00";"7";"0";"0.34";"32.97";"2.17"
"Heritage Farm Museum";"May 1, 2026, 13:00:00";"7";"0.11";"0.35";"34.35";"2.33"
"Heritage Farm Museum";"May 1, 2026, 12:00:00";"6";"0.06";"0.31";"31.89";"1.77"
"Heritage Farm Museum";"May 1, 2026, 11:00:00";"7";"0.14";"0.28";"31.28";"1.5"
"Heritage Farm Museum";"May 1, 2026, 10:00:00";"7";"0.3";"0.29";"33.77";"1"
"Heritage Farm Museum";"May 1, 2026, 09:00:00";"7";"1.54";"0.29";"33.04";"0.91"
"Heritage Farm Museum";"May 1, 2026, 08:00:00";"8";"2.66";"0.31";"29.94";"1.51"
"Heritage Farm Museum";"May 1, 2026, 07:00:00";"8";"1.71";"0.27";"26.81";"1.95"
"Heritage Farm Museum";"May 1, 2026, 06:00:00";"9";"0.96";"0.25";"26.09";"1.55"
"Heritage Farm Museum";"May 1, 2026, 05:00:00";"10";"1.37";"0.25";"27.37";"1.54"
"Heritage Farm Museum";"May 1, 2026, 04:00:00";"10";"2.18";"0.26";"25.69";"1.67"
"Heritage Farm Museum";"May 1, 2026, 03:00:00";"11";"1.93";"0.27";"25.72";"2.18"
"Heritage Farm Museum";"May 1, 2026, 02:00:00";"11";"1.98";"0.26";"27.05";"1.79"
"Heritage Farm Museum";"May 1, 2026, 01:00:00";"11";"2.51";"0.26";"26.48";"1.8"
"Heritage Farm Museum";"May 1, 2026, 00:00:00";"11";"2.99";"0.27";"25.86";"1.31"
"Heritage Farm Museum";"Apr 30, 2026, 23:00:00";"12";"3.14";"0.27";"25.76";"1.19"
"Heritage Farm Museum";"Apr 30, 2026, 22:00:00";"14";"3.07";"0.28";"25.59";"1.1"
"Heritage Farm Museum";"Apr 30, 2026, 21:00:00";"15";"3.35";"0.29";"25.82";"1"
"Heritage Farm Museum";"Apr 30, 2026, 20:00:00";"17";"4.06";"0.3";"27.35";"1.03"
"Heritage Farm Museum";"Apr 30, 2026, 19:00:00";"19";"2.31";"0.32";"30.29";"0.89"
"Heritage Farm Museum";"Apr 30, 2026, 18:00:00";"21";"0";"0.32";"31.59";"1.19"
"Heritage Farm Museum";"Apr 30, 2026, 17:00:00";"22";"0.26";"0.31";"31.25";"1.47"
"Heritage Farm Museum";"Apr 30, 2026, 16:00:00";"23";"0";"0.31";"32.24";"1.26"
"Heritage Farm Museum";"Apr 30, 2026, 15:00:00";"24";"0";"0.31";"34.66";"1.34"
"Heritage Farm Museum";"Apr 30, 2026, 14:00:00";"26";"0";"0.32";"40.36";"1.65"
"Heritage Farm Museum";"Apr 30, 2026, 13:00:00";"27";"0";"0.31";"42.18";"1.75"
"Heritage Farm Museum";"Apr 30, 2026, 12:00:00";"27";"0.08";"0.32";"45.26";"2.05"
"Heritage Farm Museum";"Apr 30, 2026, 11:00:00";"28";"0";"0.32";"46.11";"2.54"
"Heritage Farm Museum";"Apr 30, 2026, 10:00:00";"28";"0.36";"0.32";"49.63";"2.66"
"Heritage Farm Museum";"Apr 30, 2026, 09:00:00";"28";"2.75";"0.34";"54.29";"3.94"
"Heritage Farm Museum";"Apr 30, 2026, 08:00:00";"28";"7.42";"0.33";"52.27";"4.77"
"Heritage Farm Museum";"Apr 30, 2026, 07:00:00";"27";"1.84";"0.31";"39.24";"5.41"
"Heritage Farm Museum";"Apr 30, 2026, 06:00:00";"26";"0";"0.29";"38.59";"7.02"
"Heritage Farm Museum";"Apr 30, 2026, 05:00:00";"25";"0.4";"0.3";"39.15";"3.95"
"Heritage Farm Museum";"Apr 30, 2026, 04:00:00";"25";"0.47";"0.31";"42.44";"4.33"
"Heritage Farm Museum";"Apr 30, 2026, 03:00:00";"24";"0.76";"0.31";"34.95";"4.88"
"Heritage Farm Museum";"Apr 30, 2026, 02:00:00";"24";"0";"0.3";"41.96";"0"
"Heritage Farm Museum";"Apr 30, 2026, 01:00:00";"23";"0";"0.31";"40.5";"0"
"Heritage Farm Museum";"Apr 30, 2026, 00:00:00";"23";"0";"0.31";"44.95";"7.92"
"Heritage Farm Museum";"Apr 29, 2026, 23:00:00";"22";"0.71";"0.31";"39.41";"6.99"
"Heritage Farm Museum";"Apr 29, 2026, 22:00:00";"21";"1.66";"0.34";"42.7";"9.19"
"Heritage Farm Museum";"Apr 29, 2026, 21:00:00";"21";"2.04";"0.36";"41.77";"10.98"
"Heritage Farm Museum";"Apr 29, 2026, 20:00:00";"20";"2.1";"0.37";"42.61";"10.34"
"Heritage Farm Museum";"Apr 29, 2026, 19:00:00";"19";"2.53";"0.38";"39.41";"11.05"
"Heritage Farm Museum";"Apr 29, 2026, 18:00:00";"18";"1.37";"0.36";"43.34";"8.82"
"Heritage Farm Museum";"Apr 29, 2026, 17:00:00";"17";"1.58";"0.35";"57.52";"7.66"
"Heritage Farm Museum";"Apr 29, 2026, 16:00:00";"16";"2.67";"0.38";"61.57";"7.43"
"Heritage Farm Museum";"Apr 29, 2026, 15:00:00";"15";"3.18";"0.36";"59.19";"7.4"
"Heritage Farm Museum";"Apr 29, 2026, 14:00:00";"14";"3.25";"0.36";"56.82";"7.09"
"Heritage Farm Museum";"Apr 29, 2026, 13:00:00";"13";"2.52";"0.36";"54.52";"4.98"
"Heritage Farm Museum";"Apr 29, 2026, 12:00:00";"12";"2.9";"0.35";"50.39";"3.6"
"Heritage Farm Museum";"Apr 29, 2026, 11:00:00";"12";"4.82";"0.36";"46.83";"3.4"
"Heritage Farm Museum";"Apr 29, 2026, 10:00:00";"11";"5.71";"0.36";"44.41";"2.86"
"Heritage Farm Museum";"Apr 29, 2026, 09:00:00";"11";"4.6";"0.35";"43.28";"2.54"
"Heritage Farm Museum";"Apr 29, 2026, 08:00:00";"11";"4.74";"0.34";"41.94";"2.39"
"Heritage Farm Museum";"Apr 29, 2026, 07:00:00";"11";"2.36";"0.28";"41.36";"1.84"
"Heritage Farm Museum";"Apr 29, 2026, 06:00:00";"11";"1.92";"0.28";"42.28";"1.61"
"Heritage Farm Museum";"Apr 29, 2026, 05:00:00";"11";"1.34";"0.28";"44.17";"1.83"
"Heritage Farm Museum";"Apr 29, 2026, 04:00:00";"11";"0.95";"0.29";"44.64";"1.51"
"Heritage Farm Museum";"Apr 29, 2026, 03:00:00";"11";"0.73";"0.31";"48.29";"1.51"
"Heritage Farm Museum";"Apr 29, 2026, 02:00:00";"11";"0.42";"0.34";"52.26";"1.98"
"Heritage Farm Museum";"Apr 29, 2026, 01:00:00";"11";"0.44";"0.36";"53.17";"2.72"
"Heritage Farm Museum";"Apr 29, 2026, 00:00:00";"11";"0.56";"0.36";"53.33";"3.6"
"Heritage Farm Museum";"Apr 28, 2026, 23:00:00";"10";"0.02";"0.35";"53.22";"4.58"
"Heritage Farm Museum";"Apr 28, 2026, 22:00:00";"10";"0.04";"0.34";"52.36";"4.57"
"Heritage Farm Museum";"Apr 28, 2026, 21:00:00";"9";"0.82";"0.35";"51.49";"5.07"
"Heritage Farm Museum";"Apr 28, 2026, 20:00:00";"9";"2.41";"0.35";"49.64";"4.91"
"Heritage Farm Museum";"Apr 28, 2026, 19:00:00";"8";"3.27";"0.36";"47.78";"4.06"
"Heritage Farm Museum";"Apr 28, 2026, 18:00:00";"8";"1.92";"0.35";"47.21";"3.06"
"Heritage Farm Museum";"Apr 28, 2026, 17:00:00";"8";"0.99";"0.36";"45.49";"1.96"
"Heritage Farm Museum";"Apr 28, 2026, 16:00:00";"8";"0.16";"0.35";"44.96";"1.69"
"Heritage Farm Museum";"Apr 28, 2026, 15:00:00";"8";"0.83";"0.36";"46.18";"1.87"
"Heritage Farm Museum";"Apr 28, 2026, 14:00:00";"9";"2.89";"0.36";"43.22";"1.55"
"Heritage Farm Museum";"Apr 28, 2026, 13:00:00";"9";"3.77";"0.33";"39.22";"1.21"
"Heritage Farm Museum";"Apr 28, 2026, 12:00:00";"9";"4.29";"0.31";"37.9";"1.22"
"Heritage Farm Museum";"Apr 28, 2026, 11:00:00";"9";"4.9";"0.3";"35.62";"1.63"
"Heritage Farm Museum";"Apr 28, 2026, 10:00:00";"10";"5.18";"0.29";"32.64";"1.51"
"Heritage Farm Museum";"Apr 28, 2026, 09:00:00";"10";"3.7";"0.3";"33.52";"1.64"
"Heritage Farm Museum";"Apr 28, 2026, 08:00:00";"10";"4.62";"0.31";"33.57";"1.76"
"Heritage Farm Museum";"Apr 28, 2026, 07:00:00";"11";"4.34";"0.28";"33.4";"1.95"
"Heritage Farm Museum";"Apr 28, 2026, 06:00:00";"14";"3.29";"0.27";"33";"1.48"
"Heritage Farm Museum";"Apr 28, 2026, 05:00:00";"18";"2.85";"0.26";"33.19";"1.43"
"Heritage Farm Museum";"Apr 28, 2026, 04:00:00";"22";"2.62";"0.26";"33.62";"1.51"
"Heritage Farm Museum";"Apr 28, 2026, 03:00:00";"25";"2.94";"0.27";"33.73";"2.03"
"Heritage Farm Museum";"Apr 28, 2026, 02:00:00";"28";"3.57";"0.28";"33.8";"1.92"
"Heritage Farm Museum";"Apr 28, 2026, 01:00:00";"31";"4.52";"0.3";"32.94";"1.95"
"Heritage Farm Museum";"Apr 28, 2026, 00:00:00";"34";"3.33";"0.31";"32.44";"1.9"
"Heritage Farm Museum";"Apr 27, 2026, 23:00:00";"34";"4.54";"0.34";"33.18";"1.96"
"Heritage Farm Museum";"Apr 27, 2026, 22:00:00";"34";"3.74";"0.35";"33.02";"1.77"
"Heritage Farm Museum";"Apr 27, 2026, 21:00:00";"34";"2.66";"0.36";"34.4";"1.98"
"Heritage Farm Museum";"Apr 27, 2026, 20:00:00";"34";"2.07";"0.36";"34.8";"2.3"
"Heritage Farm Museum";"Apr 27, 2026, 19:00:00";"34";"1.06";"0.36";"31.69";"2.52"
"Heritage Farm Museum";"Apr 27, 2026, 18:00:00";"34";"0";"0.38";"29.43";"3.02"
"Heritage Farm Museum";"Apr 27, 2026, 17:00:00";"34";"0";"0.38";"31.84";"3.25"
"Heritage Farm Museum";"Apr 27, 2026, 16:00:00";"33";"0";"0.36";"33.18";"2.55"
"Heritage Farm Museum";"Apr 27, 2026, 15:00:00";"33";"0";"0.35";"37.11";"2.43"
"Heritage Farm Museum";"Apr 27, 2026, 14:00:00";"33";"0";"0.35";"41.47";"1.9"
"Heritage Farm Museum";"Apr 27, 2026, 13:00:00";"33";"0";"0.35";"50.44";"1.92"
"Heritage Farm Museum";"Apr 27, 2026, 12:00:00";"34";"0.31";"0.36";"48.33";"1.81"
"Heritage Farm Museum";"Apr 27, 2026, 11:00:00";"34";"4.62";"0.5";"47.71";"5.37"
"Heritage Farm Museum";"Apr 27, 2026, 10:00:00";"33";"7.3";"0.35";"39.19";"2.26"
"Heritage Farm Museum";"Apr 27, 2026, 09:00:00";"33";"6.81";"0.37";"18.7";"3.13"
"Heritage Farm Museum";"Apr 27, 2026, 08:00:00";"32";"2.05";"0.36";"14.74";"9.89"
"Heritage Farm Museum";"Apr 27, 2026, 07:00:00";"31";"1.56";"0.31";"15.89";"19.62"
"Heritage Farm Museum";"Apr 27, 2026, 06:00:00";"28";"2.29";"0.33";"16.82";"21.41"
"Heritage Farm Museum";"Apr 27, 2026, 05:00:00";"24";"1.75";"0.3";"16.33";"24.77"
"Heritage Farm Museum";"Apr 27, 2026, 04:00:00";"20";"3.25";"0.32";"14.95";"20.78"
"Heritage Farm Museum";"Apr 27, 2026, 03:00:00";"17";"3.95";"0.34";"17.19";"18.63"
"Heritage Farm Museum";"Apr 27, 2026, 02:00:00";"14";"4.55";"0.32";"19.39";"19.59"
"Heritage Farm Museum";"Apr 27, 2026, 01:00:00";"10";"4.33";"0.31";"27.78";"15.75"
"Heritage Farm Museum";"Apr 27, 2026, 00:00:00";"8";"3.79";"0.31";"37.09";"6.83"
"Heritage Farm Museum";"Apr 26, 2026, 23:00:00";"9";"4.52";"0.31";"39.05";"1.73"
"Heritage Farm Museum";"Apr 26, 2026, 22:00:00";"10";"5.54";"0.31";"38.33";"1.48"
"Heritage Farm Museum";"Apr 26, 2026, 21:00:00";"11";"5.35";"0.31";"37.94";"1.59"
"Heritage Farm Museum";"Apr 26, 2026, 20:00:00";"12";"5.14";"0.31";"38.04";"1.72"
"Heritage Farm Museum";"Apr 26, 2026, 19:00:00";"14";"4.45";"0.31";"39.2";"1.32"
"Heritage Farm Museum";"Apr 26, 2026, 18:00:00";"15";"4.07";"0.32";"41";"1.39"
"Heritage Farm Museum";"Apr 26, 2026, 17:00:00";"16";"4.3";"0.32";"40.36";"1.34"
"Heritage Farm Museum";"Apr 26, 2026, 16:00:00";"17";"3.52";"0.31";"40.3";"1.39"
"Heritage Farm Museum";"Apr 26, 2026, 15:00:00";"18";"4.75";"0.31";"39.64";"1.75"
"Heritage Farm Museum";"Apr 26, 2026, 14:00:00";"20";"4.26";"0.29";"38.63";"2.62"
"Heritage Farm Museum";"Apr 26, 2026, 13:00:00";"21";"3.62";"0.3";"40.73";"4.11"
"Heritage Farm Museum";"Apr 26, 2026, 12:00:00";"21";"4.22";"0.3";"41.65";"2.62"
"Heritage Farm Museum";"Apr 26, 2026, 11:00:00";"22";"4.59";"0.29";"39.14";"1.36"
"Heritage Farm Museum";"Apr 26, 2026, 10:00:00";"24";"4.53";"0.26";"32.31";"1.21"
"Heritage Farm Museum";"Apr 26, 2026, 09:00:00";"25";"4.64";"0.25";"28.27";"0.92"
"Heritage Farm Museum";"Apr 26, 2026, 08:00:00";"26";"4.87";"0.24";"27.79";"0.81"
"Heritage Farm Museum";"Apr 26, 2026, 07:00:00";"27";"4.68";"0.24";"25.32";"0.71"
"Heritage Farm Museum";"Apr 26, 2026, 06:00:00";"28";"4.67";"0.24";"25.04";"0.71"
"Heritage Farm Museum";"Apr 26, 2026, 05:00:00";"29";"4.44";"0.24";"21.03";"1.54"
"Heritage Farm Museum";"Apr 26, 2026, 04:00:00";"29";"4.43";"0.24";"20.76";"1.62"
"Heritage Farm Museum";"Apr 26, 2026, 03:00:00";"30";"4.38";"0.24";"19.75";"0.82"
"Heritage Farm Museum";"Apr 26, 2026, 02:00:00";"30";"4.51";"0.25";"18.01";"1.07"
"Heritage Farm Museum";"Apr 26, 2026, 01:00:00";"31";"5.02";"0.26";"18.81";"2.5"
"Heritage Farm Museum";"Apr 26, 2026, 00:00:00";"32";"5.49";"0.28";"19.39";"10.88"
"Heritage Farm Museum";"Apr 25, 2026, 23:00:00";"31";"5.68";"0.28";"19.47";"9.78"
"Heritage Farm Museum";"Apr 25, 2026, 22:00:00";"30";"5.41";"0.28";"20.68";"7.7"
"Heritage Farm Museum";"Apr 25, 2026, 21:00:00";"30";"5.3";"0.28";"22.25";"8.7"
"Heritage Farm Museum";"Apr 25, 2026, 20:00:00";"29";"5.69";"0.28";"24.57";"8.95"
"Heritage Farm Museum";"Apr 25, 2026, 19:00:00";"28";"5.92";"0.3";"32.81";"9.37"
"Heritage Farm Museum";"Apr 25, 2026, 18:00:00";"27";"5.56";"0.31";"42.96";"9.2"
"Heritage Farm Museum";"Apr 25, 2026, 17:00:00";"26";"4.31";"0.31";"45.28";"7.5"
"Heritage Farm Museum";"Apr 25, 2026, 16:00:00";"26";"2.76";"0.33";"47.05";"6.93"
"Heritage Farm Museum";"Apr 25, 2026, 15:00:00";"26";"2.36";"0.34";"50.73";"8.01"
"Heritage Farm Museum";"Apr 25, 2026, 14:00:00";"26";"2.55";"0.35";"54.38";"9.02"
"Heritage Farm Museum";"Apr 25, 2026, 13:00:00";"25";"3.54";"0.35";"54.6";"8.59"
"Heritage Farm Museum";"Apr 25, 2026, 12:00:00";"24";"4.68";"0.35";"53.65";"8.28"
"Heritage Farm Museum";"Apr 25, 2026, 11:00:00";"24";"4.93";"0.33";"51.36";"8.67"
"Heritage Farm Museum";"Apr 25, 2026, 10:00:00";"23";"5.87";"0.31";"48.29";"8.11"
"Heritage Farm Museum";"Apr 25, 2026, 09:00:00";"22";"4.87";"0.31";"47.37";"7.1"
"Heritage Farm Museum";"Apr 25, 2026, 08:00:00";"22";"4.85";"0.3";"43.84";"6.9"
"Heritage Farm Museum";"Apr 25, 2026, 07:00:00";"21";"3.88";"0.29";"42.02";"6.35"
"Heritage Farm Museum";"Apr 25, 2026, 06:00:00";"21";"4.12";"0.31";"43.01";"5.31"
"Heritage Farm Museum";"Apr 25, 2026, 05:00:00";"21";"4.92";"0.32";"46.09";"5.54"
"Heritage Farm Museum";"Apr 25, 2026, 04:00:00";"20";"5.9";"0.35";"46.95";"4.28"
"Heritage Farm Museum";"Apr 25, 2026, 03:00:00";"20";"5.89";"0.36";"48.03";"4.01"
"Heritage Farm Museum";"Apr 25, 2026, 02:00:00";"20";"5.92";"0.4";"51.22";"5.95"
"Heritage Farm Museum";"Apr 25, 2026, 01:00:00";"20";"5.91";"0.41";"50.59";"6.49"
"Heritage Farm Museum";"Apr 25, 2026, 00:00:00";"19";"5.95";"0.4";"50.34";"5.6"
"Heritage Farm Museum";"Apr 24, 2026, 23:00:00";"19";"5.78";"0.43";"51.97";"4.69"
"Heritage Farm Museum";"Apr 24, 2026, 22:00:00";"19";"5.05";"0.46";"52.64";"4.87"
"Heritage Farm Museum";"Apr 24, 2026, 21:00:00";"19";"4.71";"0.45";"50.21";"4.13"
"Heritage Farm Museum";"Apr 24, 2026, 20:00:00";"19";"5.33";"0.45";"47.55";"4.12"
"Heritage Farm Museum";"Apr 24, 2026, 19:00:00";"19";"3.29";"0.43";"39.61";"4.05"
"Heritage Farm Museum";"Apr 24, 2026, 18:00:00";"18";"1.86";"0.44";"40.11";"4.65"
"Heritage Farm Museum";"Apr 24, 2026, 17:00:00";"18";"0.99";"0.46";"41.64";"5.73"
"Heritage Farm Museum";"Apr 24, 2026, 16:00:00";"18";"1.51";"0.39";"35.73";"6.03"
"Heritage Farm Museum";"Apr 24, 2026, 15:00:00";"17";"0";"0.38";"40.61";"6.29"
"Heritage Farm Museum";"Apr 24, 2026, 14:00:00";"17";"0";"0.39";"46.27";"5.33"
"Heritage Farm Museum";"Apr 24, 2026, 13:00:00";"17";"0";"0.41";"49.61";"4.69"
"Heritage Farm Museum";"Apr 24, 2026, 12:00:00";"17";"0.23";"0.4";"49.14";"5.48"
"Heritage Farm Museum";"Apr 24, 2026, 11:00:00";"17";"0.63";"0.4";"53.48";"4.08"
"Heritage Farm Museum";"Apr 24, 2026, 10:00:00";"17";"3.31";"0.42";"60.99";"3.62"
"Heritage Farm Museum";"Apr 24, 2026, 09:00:00";"16";"6.69";"0.44";"60.73";"2.86"
"Heritage Farm Museum";"Apr 24, 2026, 08:00:00";"16";"2.63";"0.36";"52.32";"4.11"
"Heritage Farm Museum";"Apr 24, 2026, 07:00:00";"16";"2.74";"0.34";"49.23";"5.02"
"Heritage Farm Museum";"Apr 24, 2026, 06:00:00";"16";"3.4";"0.33";"48.36";"3.72"
"Heritage Farm Museum";"Apr 24, 2026, 05:00:00";"17";"3.48";"0.34";"47.72";"3.05"
"Heritage Farm Museum";"Apr 24, 2026, 04:00:00";"17";"5.77";"0.36";"48.62";"2.99"
"Heritage Farm Museum";"Apr 24, 2026, 03:00:00";"17";"7.91";"0.43";"50.72";"4.25"
"Heritage Farm Museum";"Apr 24, 2026, 02:00:00";"17";"13.59";"0.52";"53.3";"4.93"
"Heritage Farm Museum";"Apr 24, 2026, 01:00:00";"17";"8.37";"0.48";"51.23";"4.09"
"Heritage Farm Museum";"Apr 24, 2026, 00:00:00";"17";"5.41";"0.46";"50.26";"3.61"
"Heritage Farm Museum";"Apr 23, 2026, 23:00:00";"17";"5.46";"0.47";"45.69";"3.48"
"Heritage Farm Museum";"Apr 23, 2026, 22:00:00";"17";"4.31";"0.45";"44.12";"3.64"
"Heritage Farm Museum";"Apr 23, 2026, 21:00:00";"17";"2.61";"0.45";"39.45";"4.36"
"Heritage Farm Museum";"Apr 23, 2026, 20:00:00";"17";"0.76";"0.44";"32.93";"3.78"
"Heritage Farm Museum";"Apr 23, 2026, 19:00:00";"17";"0.25";"0.39";"28.58";"2.87"
"Heritage Farm Museum";"Apr 23, 2026, 18:00:00";"17";"0";"0.39";"30.79";"2.8"
"Heritage Farm Museum";"Apr 23, 2026, 17:00:00";"17";"0";"0.38";"32.65";"3.52"
"Heritage Farm Museum";"Apr 23, 2026, 16:00:00";"17";"0";"0.39";"34.83";"3.56"
"Heritage Farm Museum";"Apr 23, 2026, 15:00:00";"17";"0";"0.37";"37.49";"4.42"
"Heritage Farm Museum";"Apr 23, 2026, 14:00:00";"17";"0";"0.39";"40.46";"4.57"
"Heritage Farm Museum";"Apr 23, 2026, 13:00:00";"17";"0";"0.4";"43.34";"4.53"
"Heritage Farm Museum";"Apr 23, 2026, 12:00:00";"17";"0.39";"0.38";"46.69";"4.71"
"Heritage Farm Museum";"Apr 23, 2026, 11:00:00";"17";"1.1";"0.37";"50.51";"3.72"
"Heritage Farm Museum";"Apr 23, 2026, 10:00:00";"17";"4.15";"0.41";"55.29";"3.28"
"Heritage Farm Museum";"Apr 23, 2026, 09:00:00";"18";"8.39";"0.41";"53.23";"2.91"
"Heritage Farm Museum";"Apr 23, 2026, 08:00:00";"18";"9.38";"0.36";"39.73";"3.58"
"Heritage Farm Museum";"Apr 23, 2026, 07:00:00";"18";"6.7";"0.32";"37.85";"4.79"
"Heritage Farm Museum";"Apr 23, 2026, 06:00:00";"17";"5.04";"0.31";"38.44";"5.21"
"Heritage Farm Museum";"Apr 23, 2026, 05:00:00";"17";"5.16";"0.32";"37.97";"4.94"
"Heritage Farm Museum";"Apr 23, 2026, 04:00:00";"17";"4.62";"0.33";"36.49";"4.57"
"Heritage Farm Museum";"Apr 23, 2026, 03:00:00";"16";"5.62";"0.34";"36.11";"3.74"
"Heritage Farm Museum";"Apr 23, 2026, 02:00:00";"16";"5.15";"0.35";"36.25";"3.68"
"Heritage Farm Museum";"Apr 23, 2026, 01:00:00";"16";"6.58";"0.35";"35.29";"3.78"
"Heritage Farm Museum";"Apr 23, 2026, 00:00:00";"16";"5.53";"0.37";"34.24";"3.78"
"Heritage Farm Museum";"Apr 22, 2026, 23:00:00";"15";"4.83";"0.38";"34.05";"3.59"
"Heritage Farm Museum";"Apr 22, 2026, 22:00:00";"15";"3.85";"0.37";"35.11";"3.91"
"Heritage Farm Museum";"Apr 22, 2026, 21:00:00";"15";"3.55";"0.37";"33.36";"4.14"
"Heritage Farm Museum";"Apr 22, 2026, 20:00:00";"15";"3.44";"0.37";"29.23";"4.2"
"Heritage Farm Museum";"Apr 22, 2026, 19:00:00";"14";"2.05";"0.35";"26.54";"3.6"
"Heritage Farm Museum";"Apr 22, 2026, 18:00:00";"14";"0.01";"0.37";"28.85";"3.84"
"Heritage Farm Museum";"Apr 22, 2026, 17:00:00";"14";"0.21";"0.37";"28.91";"4.13"
"Heritage Farm Museum";"Apr 22, 2026, 16:00:00";"14";"0.12";"0.36";"30.46";"4.16"
"Heritage Farm Museum";"Apr 22, 2026, 15:00:00";"14";"1.04";"0.4";"34.32";"4.19"
"Heritage Farm Museum";"Apr 22, 2026, 14:00:00";"13";"7.57";"0.44";"37.62";"4.9"
"Heritage Farm Museum";"Apr 22, 2026, 13:00:00";"13";"8.54";"0.45";"40.54";"4.52"
"Heritage Farm Museum";"Apr 22, 2026, 12:00:00";"14";"13.63";"0.48";"36.91";"4.15"
"Heritage Farm Museum";"Apr 22, 2026, 11:00:00";"13";"12.73";"0.39";"32.78";"3.97"
"Heritage Farm Museum";"Apr 22, 2026, 10:00:00";"13";"13.2";"0.36";"28.85";"4.26"
"Heritage Farm Museum";"Apr 22, 2026, 09:00:00";"13";"12.97";"0.35";"26.65";"3.54"
"Heritage Farm Museum";"Apr 22, 2026, 08:00:00";"13";"11.8";"0.33";"24.84";"3.19"
"Heritage Farm Museum";"Apr 22, 2026, 07:00:00";"13";"9.17";"0.31";"24.08";"2.9"
"Heritage Farm Museum";"Apr 22, 2026, 06:00:00";"13";"7.26";"0.3";"23.79";"3.06"
"Heritage Farm Museum";"Apr 22, 2026, 05:00:00";"13";"6.39";"0.28";"23.41";"2.97"
"Heritage Farm Museum";"Apr 22, 2026, 04:00:00";"13";"6.83";"0.29";"23.75";"2.98"
"Heritage Farm Museum";"Apr 22, 2026, 03:00:00";"14";"7.35";"0.29";"23.96";"2.13"
"Heritage Farm Museum";"Apr 22, 2026, 02:00:00";"14";"8.2";"0.28";"22.75";"2.32"
"Heritage Farm Museum";"Apr 22, 2026, 01:00:00";"14";"8.25";"0.29";"22.1";"2.44"
"Heritage Farm Museum";"Apr 22, 2026, 00:00:00";"14";"8.58";"0.3";"22.11";"2.69"
"Heritage Farm Museum";"Apr 21, 2026, 23:00:00";"14";"8.38";"0.3";"22.29";"2.9"
"Heritage Farm Museum";"Apr 21, 2026, 22:00:00";"14";"7.89";"0.31";"22.6";"2.84"
"Heritage Farm Museum";"Apr 21, 2026, 21:00:00";"13";"6.4";"0.32";"22.72";"2.4"
"Heritage Farm Museum";"Apr 21, 2026, 20:00:00";"13";"5.37";"0.31";"23.62";"2.48"
"Heritage Farm Museum";"Apr 21, 2026, 19:00:00";"13";"3.47";"0.31";"24.77";"2.28"
"Heritage Farm Museum";"Apr 21, 2026, 18:00:00";"13";"1.59";"0.32";"27.25";"2.48"
"Heritage Farm Museum";"Apr 21, 2026, 17:00:00";"13";"2.02";"0.32";"27.66";"2.78"
"Heritage Farm Museum";"Apr 21, 2026, 16:00:00";"13";"0.99";"0.31";"27.02";"3.11"
"Heritage Farm Museum";"Apr 21, 2026, 15:00:00";"13";"1.38";"0.31";"26.8";"3.5"
"Heritage Farm Museum";"Apr 21, 2026, 14:00:00";"12";"1.2";"0.31";"26.75";"3.33"
"Heritage Farm Museum";"Apr 21, 2026, 13:00:00";"12";"3.29";"0.31";"25.82";"3.44"
"Heritage Farm Museum";"Apr 21, 2026, 12:00:00";"12";"4.44";"0.28";"23.26";"3.21"
"Heritage Farm Museum";"Apr 21, 2026, 11:00:00";"12";"4.77";"0.3";"24.04";"3.33"
"Heritage Farm Museum";"Apr 21, 2026, 10:00:00";"12";"6.25";"0.32";"25.8";"3.06"
"Heritage Farm Museum";"Apr 21, 2026, 09:00:00";"12";"10.73";"0.37";"24.71";"3.45"
"Heritage Farm Museum";"Apr 21, 2026, 08:00:00";"12";"0";"0";"0";"4.34"
"Heritage Farm Museum";"Apr 21, 2026, 07:00:00";"12";"11.65";"0.18";"22.85";"4.8"
"Heritage Farm Museum";"Apr 21, 2026, 06:00:00";"12";"11.96";"0.11";"21.49";"4.29"
"Heritage Farm Museum";"Apr 21, 2026, 05:00:00";"11";"8.26";"0.04";"19.66";"3.9"
"Heritage Farm Museum";"Apr 21, 2026, 04:00:00";"11";"8.1";"0.03";"18.59";"3.81"
"Heritage Farm Museum";"Apr 21, 2026, 03:00:00";"10";"7.51";"0.03";"17.48";"2.72"
"Heritage Farm Museum";"Apr 21, 2026, 02:00:00";"10";"9.11";"0.07";"17.47";"3.12"
"Heritage Farm Museum";"Apr 21, 2026, 01:00:00";"11";"10.73";"0.09";"17.39";"2.81"
"Heritage Farm Museum";"Apr 21, 2026, 00:00:00";"10";"9.53";"0.07";"16.53";"2.02"
"Heritage Farm Museum";"Apr 20, 2026, 23:00:00";"10";"7.93";"0.07";"16.82";"1.86"
"Heritage Farm Museum";"Apr 20, 2026, 22:00:00";"10";"7.45";"0.09";"17.22";"2.2"
"Heritage Farm Museum";"Apr 20, 2026, 21:00:00";"10";"6.58";"0.12";"16.77";"2"
"Heritage Farm Museum";"Apr 20, 2026, 20:00:00";"10";"5.4";"0.14";"17.44";"1.99"
"Heritage Farm Museum";"Apr 20, 2026, 19:00:00";"10";"3.75";"0.17";"18.68";"1.88"
"Heritage Farm Museum";"Apr 20, 2026, 18:00:00";"11";"2.36";"0.2";"20.42";"1.64"
"Heritage Farm Museum";"Apr 20, 2026, 17:00:00";"11";"1.39";"0.22";"21.82";"1.74"
"Heritage Farm Museum";"Apr 20, 2026, 16:00:00";"11";"2.02";"0.21";"22.35";"1.61"
"Heritage Farm Museum";"Apr 20, 2026, 15:00:00";"11";"1.38";"0.22";"24.28";"1.76"
"Heritage Farm Museum";"Apr 20, 2026, 14:00:00";"11";"4.48";"0.33";"25.81";"3.44"
"Heritage Farm Museum";"Apr 20, 2026, 13:00:00";"11";"5.12";"0.27";"26.18";"3.85"
"Heritage Farm Museum";"Apr 20, 2026, 12:00:00";"10";"6.65";"0.19";"27.33";"2.35"
"Heritage Farm Museum";"Apr 20, 2026, 11:00:00";"10";"6.59";"0.13";"24.47";"3.38"
"Heritage Farm Museum";"Apr 20, 2026, 10:00:00";"10";"4.98";"0.18";"25.84";"2.67"
"Heritage Farm Museum";"Apr 20, 2026, 09:00:00";"10";"6.92";"0.16";"25.36";"2.77"
"Heritage Farm Museum";"Apr 20, 2026, 08:00:00";"10";"8.72";"0.16";"25.29";"2.49"
"Heritage Farm Museum";"Apr 20, 2026, 07:00:00";"10";"5.9";"0.14";"25.24";"1.9"
"Heritage Farm Museum";"Apr 20, 2026, 06:00:00";"10";"5.24";"0.14";"25.56";"1.84"
"Heritage Farm Museum";"Apr 20, 2026, 05:00:00";"11";"5.34";"0.15";"26.64";"1.85"
"Heritage Farm Museum";"Apr 20, 2026, 04:00:00";"12";"4.61";"0.13";"27.92";"2.28"
"Heritage Farm Museum";"Apr 20, 2026, 03:00:00";"14";"7.46";"0.17";"28.22";"2.66"
"Heritage Farm Museum";"Apr 20, 2026, 02:00:00";"15";"6.9";"0.09";"25.79";"3.01"
"Heritage Farm Museum";"Apr 20, 2026, 01:00:00";"16";"6.13";"0.04";"22.97";"2.45"
"Heritage Farm Museum";"Apr 20, 2026, 00:00:00";"16";"6.18";"0.05";"22.72";"2.8"
"Heritage Farm Museum";"Apr 19, 2026, 23:00:00";"17";"6.58";"0.09";"22.99";"2.42"
"Heritage Farm Museum";"Apr 19, 2026, 22:00:00";"18";"5.45";"0.08";"22.8";"2.06"
"Heritage Farm Museum";"Apr 19, 2026, 21:00:00";"18";"4.16";"0.1";"22.87";"2.45"
"Heritage Farm Museum";"Apr 19, 2026, 20:00:00";"19";"2.85";"0.12";"22.64";"2.14"
"Heritage Farm Museum";"Apr 19, 2026, 19:00:00";"19";"1.09";"0.14";"24.18";"2.07"
"Heritage Farm Museum";"Apr 19, 2026, 18:00:00";"20";"0.01";"0.17";"26.79";"2.15"
"Heritage Farm Museum";"Apr 19, 2026, 17:00:00";"21";"0.1";"0.18";"29.71";"2.19"
"Heritage Farm Museum";"Apr 19, 2026, 16:00:00";"21";"0.06";"0.18";"32.09";"2.79"
"Heritage Farm Museum";"Apr 19, 2026, 15:00:00";"21";"0.64";"0.18";"36.31";"2.49"
"Heritage Farm Museum";"Apr 19, 2026, 14:00:00";"21";"2.45";"0.18";"41.22";"1.94"
"Heritage Farm Museum";"Apr 19, 2026, 13:00:00";"22";"2.7";"0.13";"42.17";"1.86"
"Heritage Farm Museum";"Apr 19, 2026, 12:00:00";"22";"3.95";"0.13";"44.87";"2.18"
"Heritage Farm Museum";"Apr 19, 2026, 11:00:00";"22";"4.09";"0.12";"43.31";"2.47"
"Heritage Farm Museum";"Apr 19, 2026, 10:00:00";"22";"3.38";"0.1";"39.92";"2.45"
"Heritage Farm Museum";"Apr 19, 2026, 09:00:00";"22";"2.38";"0.1";"37.35";"2.05"
"Heritage Farm Museum";"Apr 19, 2026, 08:00:00";"22";"1";"0.11";"37.3";"1.13"
"Heritage Farm Museum";"Apr 19, 2026, 07:00:00";"23";"0.42";"0.13";"43.88";"0.74"
"Heritage Farm Museum";"Apr 19, 2026, 06:00:00";"23";"0.47";"0.23";"68.84";"7.08"
"Heritage Farm Museum";"Apr 19, 2026, 05:00:00";"23";"0.46";"0.27";"79.17";"11.98"
"Heritage Farm Museum";"Apr 19, 2026, 04:00:00";"22";"2.06";"0.28";"78.01";"10.75"
"Heritage Farm Museum";"Apr 19, 2026, 03:00:00";"21";"2.77";"0.29";"77.16";"8.88"
"Heritage Farm Museum";"Apr 19, 2026, 02:00:00";"20";"2.24";"0.31";"72.35";"8.43"
"Heritage Farm Museum";"Apr 19, 2026, 01:00:00";"19";"2.28";"0.32";"65.1";"6.32"
"Heritage Farm Museum";"Apr 19, 2026, 00:00:00";"18";"2.72";"0.34";"60.81";"5.88"
"Heritage Farm Museum";"Apr 18, 2026, 23:00:00";"18";"2.43";"0.34";"57.4";"6.16"
"Heritage Farm Museum";"Apr 18, 2026, 22:00:00";"17";"1.16";"0.35";"55.43";"5.66"
"Heritage Farm Museum";"Apr 18, 2026, 21:00:00";"16";"0.82";"0.36";"51.46";"5.58"
"Heritage Farm Museum";"Apr 18, 2026, 20:00:00";"16";"0.07";"0.37";"47.93";"5.36"
"Heritage Farm Museum";"Apr 18, 2026, 19:00:00";"15";"0";"0.38";"48.91";"5.56"
"Heritage Farm Museum";"Apr 18, 2026, 18:00:00";"14";"0";"0.4";"49.38";"5.81"
"Heritage Farm Museum";"Apr 18, 2026, 17:00:00";"14";"0.05";"0.42";"52.38";"6.6"
"Heritage Farm Museum";"Apr 18, 2026, 16:00:00";"13";"0";"0.33";"42.24";"3.15"
"Heritage Farm Museum";"Apr 18, 2026, 15:00:00";"13";"0";"0.35";"48.07";"2.68"
"Heritage Farm Museum";"Apr 18, 2026, 14:00:00";"12";"0";"0.31";"50.91";"3.15"
"Heritage Farm Museum";"Apr 18, 2026, 13:00:00";"12";"0";"0.38";"62.26";"2.67"
"Heritage Farm Museum";"Apr 18, 2026, 12:00:00";"12";"0.13";"0.42";"74.99";"3.38"
"Heritage Farm Museum";"Apr 18, 2026, 11:00:00";"12";"1.72";"0.43";"85.41";"2.94"
"Heritage Farm Museum";"Apr 18, 2026, 10:00:00";"12";"4.53";"0.44";"94.31";"3.62"
"Heritage Farm Museum";"Apr 18, 2026, 09:00:00";"12";"5.5";"0.38";"87.44";"2.68"
"Heritage Farm Museum";"Apr 18, 2026, 08:00:00";"12";"2.47";"0.33";"71.6";"3.49"
"Heritage Farm Museum";"Apr 18, 2026, 07:00:00";"12";"1.74";"0.24";"61.91";"4.62"
"Heritage Farm Museum";"Apr 18, 2026, 06:00:00";"12";"2.78";"0.3";"62.71";"4.64"
"Heritage Farm Museum";"Apr 18, 2026, 05:00:00";"12";"2.47";"0.3";"62.04";"5.02"
"Heritage Farm Museum";"Apr 18, 2026, 04:00:00";"12";"4.42";"0.38";"62.01";"3.88"
"Heritage Farm Museum";"Apr 18, 2026, 03:00:00";"12";"4.93";"0.36";"57.71";"3.7"
"Heritage Farm Museum";"Apr 18, 2026, 02:00:00";"11";"3.46";"0.29";"51.76";"2.82"
"Heritage Farm Museum";"Apr 18, 2026, 01:00:00";"11";"5.19";"0.41";"51.91";"3.52"
"Heritage Farm Museum";"Apr 18, 2026, 00:00:00";"11";"2.54";"0.28";"45.11";"1.79"
"Heritage Farm Museum";"Apr 17, 2026, 23:00:00";"12";"2.68";"0.34";"44.18";"2.2"
"Heritage Farm Museum";"Apr 17, 2026, 22:00:00";"12";"2.15";"0.35";"42.59";"1.75"
"Heritage Farm Museum";"Apr 17, 2026, 21:00:00";"13";"0.08";"0.35";"39.2";"1.83"
"Heritage Farm Museum";"Apr 17, 2026, 20:00:00";"13";"0";"0.35";"31.03";"2.01"
"Heritage Farm Museum";"Apr 17, 2026, 19:00:00";"14";"0";"0.34";"28.33";"1.71"
"Heritage Farm Museum";"Apr 17, 2026, 18:00:00";"15";"0";"0.35";"30.45";"1.77"
"Heritage Farm Museum";"Apr 17, 2026, 17:00:00";"15";"0";"0.35";"30.95";"1.71"
"Heritage Farm Museum";"Apr 17, 2026, 16:00:00";"16";"0";"0.34";"31.93";"1.82"
"Heritage Farm Museum";"Apr 17, 2026, 15:00:00";"17";"0";"0.34";"32.98";"2.14"
"Heritage Farm Museum";"Apr 17, 2026, 14:00:00";"17";"0";"0.32";"32.55";"1.65"
"Heritage Farm Museum";"Apr 17, 2026, 13:00:00";"18";"0";"0.32";"35.1";"2.86"
"Heritage Farm Museum";"Apr 17, 2026, 12:00:00";"18";"0";"0.32";"36.77";"2.85"
"Heritage Farm Museum";"Apr 17, 2026, 11:00:00";"18";"0";"0.32";"41.53";"3.41"
"Heritage Farm Museum";"Apr 17, 2026, 10:00:00";"18";"0.11";"0.33";"48.34";"3.83"
"Heritage Farm Museum";"Apr 17, 2026, 09:00:00";"19";"2.04";"0.35";"54.5";"3.41"
"Heritage Farm Museum";"Apr 17, 2026, 08:00:00";"19";"5.25";"0.35";"58.96";"4.15"
"Heritage Farm Museum";"Apr 17, 2026, 07:00:00";"19";"0.72";"0.3";"61.81";"3.39"
"Heritage Farm Museum";"Apr 17, 2026, 06:00:00";"19";"0.26";"0.31";"59.43";"3.35"
"Heritage Farm Museum";"Apr 17, 2026, 05:00:00";"20";"0.02";"0.33";"55.82";"2.95"
"Heritage Farm Museum";"Apr 17, 2026, 04:00:00";"20";"0";"0.35";"50.03";"2.8"
"Heritage Farm Museum";"Apr 17, 2026, 03:00:00";"20";"0";"0.36";"45.63";"2.87"
"Heritage Farm Museum";"Apr 17, 2026, 02:00:00";"20";"0";"0.38";"39.42";"2.61"
"Heritage Farm Museum";"Apr 17, 2026, 01:00:00";"20";"0";"0.39";"32.5";"3.01"
"Heritage Farm Museum";"Apr 17, 2026, 00:00:00";"21";"0";"0.4";"28.7";"4.69"
"Heritage Farm Museum";"Apr 16, 2026, 23:00:00";"20";"0";"0.4";"26.25";"5.01"
"Heritage Farm Museum";"Apr 16, 2026, 22:00:00";"20";"1.43";"0.42";"25.55";"5.09"
"Heritage Farm Museum";"Apr 16, 2026, 21:00:00";"20";"0.66";"0.44";"26.41";"5.74"
"Heritage Farm Museum";"Apr 16, 2026, 20:00:00";"20";"0.02";"0.44";"27.23";"5.75"
"Heritage Farm Museum";"Apr 16, 2026, 19:00:00";"20";"0";"0.42";"26.23";"5.74"
"Heritage Farm Museum";"Apr 16, 2026, 18:00:00";"20";"0";"0.4";"26.13";"5.04"
"Heritage Farm Museum";"Apr 16, 2026, 17:00:00";"19";"0";"0.42";"29.66";"5.45"
"Heritage Farm Museum";"Apr 16, 2026, 16:00:00";"19";"0";"0.4";"34.33";"4.98"
"Heritage Farm Museum";"Apr 16, 2026, 15:00:00";"19";"0";"0.44";"44.93";"4.91"
"Heritage Farm Museum";"Apr 16, 2026, 14:00:00";"19";"0";"0.44";"48.2";"4.66"
"Heritage Farm Museum";"Apr 16, 2026, 13:00:00";"19";"0";"0.42";"43.1";"4.71"
"Heritage Farm Museum";"Apr 16, 2026, 12:00:00";"19";"0";"0.39";"42.05";"4.21"
"Heritage Farm Museum";"Apr 16, 2026, 11:00:00";"19";"0";"0.43";"45.02";"5.05"
"Heritage Farm Museum";"Apr 16, 2026, 10:00:00";"19";"11.32";"0.56";"62.93";"6.53"
"Heritage Farm Museum";"Apr 16, 2026, 09:00:00";"19";"15.89";"0.53";"75.2";"5.44"
"Heritage Farm Museum";"Apr 16, 2026, 08:00:00";"19";"2.45";"0.37";"62.39";"4.19"
"Heritage Farm Museum";"Apr 16, 2026, 07:00:00";"19";"1.94";"0.34";"52.31";"4.36"
"Heritage Farm Museum";"Apr 16, 2026, 06:00:00";"19";"1.97";"0.34";"45.73";"3.98"
"Heritage Farm Museum";"Apr 16, 2026, 05:00:00";"19";"1.44";"0.34";"44.28";"3.87"
"Heritage Farm Museum";"Apr 16, 2026, 04:00:00";"19";"0.24";"0.35";"42.13";"4.03"
"Heritage Farm Museum";"Apr 16, 2026, 03:00:00";"19";"0.17";"0.36";"40.62";"4.3"
"Heritage Farm Museum";"Apr 16, 2026, 02:00:00";"19";"0.47";"0.38";"40.12";"4.06"
"Heritage Farm Museum";"Apr 16, 2026, 01:00:00";"19";"0.38";"0.37";"33.65";"4.13"
"Heritage Farm Museum";"Apr 16, 2026, 00:00:00";"19";"3.02";"0.4";"31.34";"3.73"
"Heritage Farm Museum";"Apr 15, 2026, 23:00:00";"19";"0.08";"0.4";"31.69";"3.9"
"Heritage Farm Museum";"Apr 15, 2026, 22:00:00";"19";"0.02";"0.43";"33.34";"4.35"
"Heritage Farm Museum";"Apr 15, 2026, 21:00:00";"19";"1.62";"0.45";"34.75";"4.9"
"Heritage Farm Museum";"Apr 15, 2026, 20:00:00";"19";"0";"0.42";"32.59";"4.81"
"Heritage Farm Museum";"Apr 15, 2026, 19:00:00";"19";"0.34";"0.4";"32.56";"4.74"
"Heritage Farm Museum";"Apr 15, 2026, 18:00:00";"19";"0";"0.38";"33.69";"4.06"
"Heritage Farm Museum";"Apr 15, 2026, 17:00:00";"19";"0";"0.36";"35.21";"4.06"
"Heritage Farm Museum";"Apr 15, 2026, 16:00:00";"19";"0";"0.36";"36.08";"4.13"
"Heritage Farm Museum";"Apr 15, 2026, 15:00:00";"19";"0";"0.32";"39.23";"4.28"
"Heritage Farm Museum";"Apr 15, 2026, 14:00:00";"19";"0";"0.33";"42.75";"5.2"
"Heritage Farm Museum";"Apr 15, 2026, 13:00:00";"18";"0";"0.31";"46.71";"4.7"
"Heritage Farm Museum";"Apr 15, 2026, 12:00:00";"18";"0";"0.32";"51.59";"5.07"
"Heritage Farm Museum";"Apr 15, 2026, 11:00:00";"18";"1.37";"0.44";"75.63";"5.23"
"Heritage Farm Museum";"Apr 15, 2026, 10:00:00";"18";"7.7";"0.53";"89.89";"5.71"
"Heritage Farm Museum";"Apr 15, 2026, 09:00:00";"18";"12.52";"0.5";"98.24";"4.57"
"Heritage Farm Museum";"Apr 15, 2026, 08:00:00";"18";"12.29";"0.39";"99.56";"3.94"
"Heritage Farm Museum";"Apr 15, 2026, 07:00:00";"18";"1.95";"0.28";"88.51";"4.92"
"Heritage Farm Museum";"Apr 15, 2026, 06:00:00";"18";"1.46";"0.26";"88.53";"4.47"
"Heritage Farm Museum";"Apr 15, 2026, 05:00:00";"18";"0.46";"0.26";"88.04";"4.06"
"Heritage Farm Museum";"Apr 15, 2026, 04:00:00";"18";"0.56";"0.27";"82.44";"4.52"
"Heritage Farm Museum";"Apr 15, 2026, 03:00:00";"18";"0.86";"0.29";"79.83";"3.98"
"Heritage Farm Museum";"Apr 15, 2026, 02:00:00";"18";"0.69";"0.32";"74.9";"3.78"
"Heritage Farm Museum";"Apr 15, 2026, 01:00:00";"18";"0.42";"0.36";"71.75";"3.18"
"Heritage Farm Museum";"Apr 15, 2026, 00:00:00";"19";"1.24";"0.37";"63.92";"3.03"
"Heritage Farm Museum";"Apr 14, 2026, 23:00:00";"19";"0.59";"0.38";"46.26";"3.46"
"Heritage Farm Museum";"Apr 14, 2026, 22:00:00";"19";"1.64";"0.41";"36.23";"4.36"
"Heritage Farm Museum";"Apr 14, 2026, 21:00:00";"19";"0.58";"0.41";"35.16";"4.82"
"Heritage Farm Museum";"Apr 14, 2026, 20:00:00";"19";"0.13";"0.42";"34.83";"5.17"
"Heritage Farm Museum";"Apr 14, 2026, 19:00:00";"19";"0.12";"0.41";"34.72";"4.82"
"Heritage Farm Museum";"Apr 14, 2026, 18:00:00";"20";"0";"0.38";"33.81";"4.14"
"Heritage Farm Museum";"Apr 14, 2026, 17:00:00";"20";"0";"0.36";"33.97";"3.88"
"Heritage Farm Museum";"Apr 14, 2026, 16:00:00";"20";"0";"0.33";"35.37";"3.6"
"Heritage Farm Museum";"Apr 14, 2026, 15:00:00";"21";"0";"0.33";"37.72";"3.41"
"Heritage Farm Museum";"Apr 14, 2026, 14:00:00";"21";"0";"0.31";"39.16";"3.63"
"Heritage Farm Museum";"Apr 14, 2026, 13:00:00";"22";"0";"0.3";"40.61";"3.35"
"Heritage Farm Museum";"Apr 14, 2026, 12:00:00";"23";"0.06";"0.33";"43.77";"3.82"
"Heritage Farm Museum";"Apr 14, 2026, 11:00:00";"23";"2.45";"0.4";"52.81";"5.42"
"Heritage Farm Museum";"Apr 14, 2026, 10:00:00";"24";"13.05";"0.53";"67.94";"6.79"
"Heritage Farm Museum";"Apr 14, 2026, 09:00:00";"24";"16.29";"0.52";"79.52";"5.91"
"Heritage Farm Museum";"Apr 14, 2026, 08:00:00";"24";"6.22";"0.32";"64.63";"4.28"
"Heritage Farm Museum";"Apr 14, 2026, 07:00:00";"24";"3.54";"0.24";"56.95";"4.4"
"Heritage Farm Museum";"Apr 14, 2026, 06:00:00";"24";"3.49";"0.24";"54.33";"4.41"
"Heritage Farm Museum";"Apr 14, 2026, 05:00:00";"24";"4.75";"0.25";"51.39";"3.97"
"Heritage Farm Museum";"Apr 14, 2026, 04:00:00";"24";"5.48";"0.26";"49";"4.36"
"Heritage Farm Museum";"Apr 14, 2026, 03:00:00";"24";"5.87";"0.28";"49.42";"4"
"Heritage Farm Museum";"Apr 14, 2026, 02:00:00";"24";"0.95";"0.3";"46.25";"4.34"
"Heritage Farm Museum";"Apr 14, 2026, 01:00:00";"24";"0.39";"0.34";"45.4";"4.66"
"Heritage Farm Museum";"Apr 14, 2026, 00:00:00";"23";"5.19";"0.37";"44.07";"4.99"
"Heritage Farm Museum";"Apr 13, 2026, 23:00:00";"23";"3.76";"0.36";"42";"5.08"
"Heritage Farm Museum";"Apr 13, 2026, 22:00:00";"22";"2.21";"0.36";"40.56";"5.3"
"Heritage Farm Museum";"Apr 13, 2026, 21:00:00";"22";"0.09";"0.35";"38.59";"4.94"
"Heritage Farm Museum";"Apr 13, 2026, 20:00:00";"21";"0.08";"0.35";"35.97";"5.48"
"Heritage Farm Museum";"Apr 13, 2026, 19:00:00";"21";"0";"0.36";"36.05";"5.81"
"Heritage Farm Museum";"Apr 13, 2026, 18:00:00";"20";"0";"0.35";"37.2";"5.82"
"Heritage Farm Museum";"Apr 13, 2026, 17:00:00";"20";"0";"0.36";"39.01";"6.13"
"Heritage Farm Museum";"Apr 13, 2026, 16:00:00";"19";"0";"0.35";"39.71";"6.92"
"Heritage Farm Museum";"Apr 13, 2026, 15:00:00";"18";"0";"0.34";"42.04";"6.59"
"Heritage Farm Museum";"Apr 13, 2026, 14:00:00";"17";"0";"0.36";"45.64";"6.82"
"Heritage Farm Museum";"Apr 13, 2026, 13:00:00";"17";"0.36";"0.37";"52.01";"7.12"
"Heritage Farm Museum";"Apr 13, 2026, 12:00:00";"16";"0";"0.34";"52.94";"7.73"
"Heritage Farm Museum";"Apr 13, 2026, 11:00:00";"15";"0";"0.85";"60.56";"8.26"
"Heritage Farm Museum";"Apr 13, 2026, 10:00:00";"14";"1.51";"0.38";"65.52";"7.28"
"Heritage Farm Museum";"Apr 13, 2026, 09:00:00";"14";"3.23";"0.37";"71.18";"6.4"
"Heritage Farm Museum";"Apr 13, 2026, 08:00:00";"13";"5.2";"0.35";"70.92";"5.66"
"Heritage Farm Museum";"Apr 13, 2026, 07:00:00";"13";"4.28";"0.31";"66.02";"4.91"
"Heritage Farm Museum";"Apr 13, 2026, 06:00:00";"12";"3.28";"0.29";"62.36";"4.49"
"Heritage Farm Museum";"Apr 13, 2026, 05:00:00";"12";"3.34";"0.27";"56.95";"3.78"
"Heritage Farm Museum";"Apr 13, 2026, 04:00:00";"12";"3.48";"0.25";"50.34";"3.5"
"Heritage Farm Museum";"Apr 13, 2026, 03:00:00";"13";"4.16";"0.25";"47.16";"3.14"
"Heritage Farm Museum";"Apr 13, 2026, 02:00:00";"13";"3.51";"0.24";"41.91";"2.88"
"Heritage Farm Museum";"Apr 13, 2026, 01:00:00";"13";"2.95";"0.22";"37.62";"2.79"
"Heritage Farm Museum";"Apr 13, 2026, 00:00:00";"14";"3";"0.23";"35.12";"2.55"
"Heritage Farm Museum";"Apr 12, 2026, 23:00:00";"14";"2.76";"0.24";"33.26";"2.11"
"Heritage Farm Museum";"Apr 12, 2026, 22:00:00";"14";"1.9";"0.24";"32.05";"2.08"
"Heritage Farm Museum";"Apr 12, 2026, 21:00:00";"14";"0.93";"0.26";"31.07";"1.92"
"Heritage Farm Museum";"Apr 12, 2026, 20:00:00";"15";"0.06";"0.29";"32.23";"2.24"
"Heritage Farm Museum";"Apr 12, 2026, 19:00:00";"15";"0";"0.31";"32.16";"2.35"
"Heritage Farm Museum";"Apr 12, 2026, 18:00:00";"15";"0";"0.32";"31.27";"2.39"
"Heritage Farm Museum";"Apr 12, 2026, 17:00:00";"14";"0";"0.31";"29.62";"2.33"
"Heritage Farm Museum";"Apr 12, 2026, 16:00:00";"14";"0";"0.31";"30.18";"2.21"
"Heritage Farm Museum";"Apr 12, 2026, 15:00:00";"14";"0";"0.31";"31.66";"2.45"
"Heritage Farm Museum";"Apr 12, 2026, 14:00:00";"14";"0";"0.31";"33.1";"2.59"
"Heritage Farm Museum";"Apr 12, 2026, 13:00:00";"14";"0";"0.31";"37.62";"2.69"
"Heritage Farm Museum";"Apr 12, 2026, 12:00:00";"15";"0";"0.3";"40.62";"3.13"
"Heritage Farm Museum";"Apr 12, 2026, 11:00:00";"15";"0.62";"0.31";"41.84";"3.85"
"Heritage Farm Museum";"Apr 12, 2026, 10:00:00";"15";"2.47";"0.28";"38.07";"3.51"
"Heritage Farm Museum";"Apr 12, 2026, 09:00:00";"15";"4.62";"0.24";"34.05";"3.24"
"Heritage Farm Museum";"Apr 12, 2026, 08:00:00";"15";"6.09";"0.2";"29.63";"3.02"
"Heritage Farm Museum";"Apr 12, 2026, 07:00:00";"15";"3.61";"0.17";"20.96";"3.15"
"Heritage Farm Museum";"Apr 12, 2026, 06:00:00";"15";"3.94";"0.22";"16.13";"3.6"
"Heritage Farm Museum";"Apr 12, 2026, 05:00:00";"15";"5.29";"0.3";"16.7";"5.2"
"Heritage Farm Museum";"Apr 12, 2026, 04:00:00";"15";"4.43";"0.24";"19.4";"5.42"
"Heritage Farm Museum";"Apr 12, 2026, 03:00:00";"15";"3.57";"0.18";"23.85";"3.86"
"Heritage Farm Museum";"Apr 12, 2026, 02:00:00";"15";"6.18";"0.29";"27.13";"4.63"
"Heritage Farm Museum";"Apr 12, 2026, 01:00:00";"15";"8.44";"0.36";"29.94";"6.3"
"Heritage Farm Museum";"Apr 12, 2026, 00:00:00";"15";"3.66";"0.2";"25.87";"3.08"
"Heritage Farm Museum";"Apr 11, 2026, 23:00:00";"15";"3.17";"0.21";"25.5";"3.58"
"Heritage Farm Museum";"Apr 11, 2026, 22:00:00";"15";"2.97";"0.21";"25.39";"3.56"
"Heritage Farm Museum";"Apr 11, 2026, 21:00:00";"16";"1.31";"0.24";"27.17";"2.63"
"Heritage Farm Museum";"Apr 11, 2026, 20:00:00";"16";"0.1";"0.28";"28.49";"2.52"
"Heritage Farm Museum";"Apr 11, 2026, 19:00:00";"17";"0";"0.27";"25.67";"1.74"
"Heritage Farm Museum";"Apr 11, 2026, 18:00:00";"18";"0";"0.28";"22.52";"1.67"
"Heritage Farm Museum";"Apr 11, 2026, 17:00:00";"18";"0";"0.28";"23.34";"1.79"
"Heritage Farm Museum";"Apr 11, 2026, 16:00:00";"18";"0";"0.29";"24.94";"2.56"
"Heritage Farm Museum";"Apr 11, 2026, 15:00:00";"19";"0";"0.29";"26.9";"2.68"
"Heritage Farm Museum";"Apr 11, 2026, 14:00:00";"19";"0";"0.28";"30.09";"2.85"
"Heritage Farm Museum";"Apr 11, 2026, 13:00:00";"20";"0";"0.28";"32.52";"3.59"
"Heritage Farm Museum";"Apr 11, 2026, 12:00:00";"20";"0";"0.26";"34.56";"3.57"
"Heritage Farm Museum";"Apr 11, 2026, 11:00:00";"21";"0";"0.24";"35.2";"3.36"
"Heritage Farm Museum";"Apr 11, 2026, 10:00:00";"22";"0.05";"0.24";"37.5";"3.39"
"Heritage Farm Museum";"Apr 11, 2026, 09:00:00";"23";"0.24";"0.25";"42.52";"3.42"
"Heritage Farm Museum";"Apr 11, 2026, 08:00:00";"24";"2.36";"0.27";"48.96";"3.11"
"Heritage Farm Museum";"Apr 11, 2026, 07:00:00";"24";"2.95";"0.26";"49.47";"4.01"
"Heritage Farm Museum";"Apr 11, 2026, 06:00:00";"25";"2.7";"0.27";"45.62";"4.35"
"Heritage Farm Museum";"Apr 11, 2026, 05:00:00";"26";"2.25";"0.28";"44.19";"4.53"
"Heritage Farm Museum";"Apr 11, 2026, 04:00:00";"27";"2.27";"0.28";"40.56";"4.96"
"Heritage Farm Museum";"Apr 11, 2026, 03:00:00";"27";"1.48";"0.26";"36.68";"5.46"
"Heritage Farm Museum";"Apr 11, 2026, 02:00:00";"28";"0.8";"0.27";"34.97";"4.77"
"Heritage Farm Museum";"Apr 11, 2026, 01:00:00";"28";"1.93";"0.29";"33.63";"4.64"
"Heritage Farm Museum";"Apr 11, 2026, 00:00:00";"28";"2.61";"0.33";"33.62";"5.09"
"Heritage Farm Museum";"Apr 10, 2026, 23:00:00";"29";"3.88";"0.32";"33.68";"6.05"
"Heritage Farm Museum";"Apr 10, 2026, 22:00:00";"29";"2.6";"0.33";"34.08";"5.8"
"Heritage Farm Museum";"Apr 10, 2026, 21:00:00";"29";"1.45";"0.36";"33.63";"5.78"
"Heritage Farm Museum";"Apr 10, 2026, 20:00:00";"30";"0.16";"0.34";"29.46";"5.65"
"Heritage Farm Museum";"Apr 10, 2026, 19:00:00";"30";"0";"0.33";"26.92";"5"
"Heritage Farm Museum";"Apr 10, 2026, 18:00:00";"30";"0";"0.32";"29.08";"4.55"
"Heritage Farm Museum";"Apr 10, 2026, 17:00:00";"30";"0";"0.32";"33.74";"4.44"
"Heritage Farm Museum";"Apr 10, 2026, 16:00:00";"30";"0";"0.33";"35.85";"5.25"
"Heritage Farm Museum";"Apr 10, 2026, 15:00:00";"30";"0";"0.32";"35.79";"4.98"
"Heritage Farm Museum";"Apr 10, 2026, 14:00:00";"29";"0";"0.32";"37.8";"5.67"
"Heritage Farm Museum";"Apr 10, 2026, 13:00:00";"29";"0.01";"0.32";"41.55";"6.58"
"Heritage Farm Museum";"Apr 10, 2026, 12:00:00";"29";"2.01";"0.3";"43.55";"7.85"
"Heritage Farm Museum";"Apr 10, 2026, 11:00:00";"28";"5.7";"0.27";"42.47";"9.7"
"Heritage Farm Museum";"Apr 10, 2026, 10:00:00";"28";"8.29";"0.22";"40.77";"10.33"
"Heritage Farm Museum";"Apr 10, 2026, 09:00:00";"27";"9.36";"0.17";"38.4";"7.21"
"Heritage Farm Museum";"Apr 10, 2026, 08:00:00";"27";"3.5";"0.09";"31.09";"5.03"
"Heritage Farm Museum";"Apr 10, 2026, 07:00:00";"27";"2.88";"0.06";"28.75";"7.15"
"Heritage Farm Museum";"Apr 10, 2026, 06:00:00";"27";"4.58";"0.06";"27.87";"9.38"
"Heritage Farm Museum";"Apr 10, 2026, 05:00:00";"26";"1.81";"0.04";"26.91";"9.17"
"Heritage Farm Museum";"Apr 10, 2026, 04:00:00";"25";"2.43";"0.06";"26.68";"8.77"
"Heritage Farm Museum";"Apr 10, 2026, 03:00:00";"24";"3.91";"0.08";"26.58";"7.78"
"Heritage Farm Museum";"Apr 10, 2026, 02:00:00";"23";"5.4";"0.1";"25.65";"7.33"
"Heritage Farm Museum";"Apr 10, 2026, 01:00:00";"23";"5.32";"0.11";"23.84";"6.6"
"Heritage Farm Museum";"Apr 10, 2026, 00:00:00";"23";"4.94";"0.12";"22.62";"5.7"
"Heritage Farm Museum";"Apr 9, 2026, 23:00:00";"23";"4.47";"0.15";"22.8";"5.82"
"Heritage Farm Museum";"Apr 9, 2026, 22:00:00";"23";"5.01";"0.19";"22.6";"9.75"
"Heritage Farm Museum";"Apr 9, 2026, 21:00:00";"22";"4.44";"0.21";"23.65";"11.33"
"Heritage Farm Museum";"Apr 9, 2026, 20:00:00";"21";"2.79";"0.22";"24.79";"5.58"
"Heritage Farm Museum";"Apr 9, 2026, 19:00:00";"21";"0.53";"0.25";"27.08";"4.52"
"Heritage Farm Museum";"Apr 9, 2026, 18:00:00";"21";"0";"0.27";"28.28";"3.81"
"Heritage Farm Museum";"Apr 9, 2026, 17:00:00";"22";"0";"0.26";"28";"3.65"
"Heritage Farm Museum";"Apr 9, 2026, 16:00:00";"22";"0";"0.25";"28.55";"3.45"
"Heritage Farm Museum";"Apr 9, 2026, 15:00:00";"22";"0";"0.25";"29.35";"3.51"
"Heritage Farm Museum";"Apr 9, 2026, 14:00:00";"23";"0.19";"0.28";"30.48";"4.61"
"Heritage Farm Museum";"Apr 9, 2026, 13:00:00";"23";"0.86";"0.25";"28.7";"5.35"
"Heritage Farm Museum";"Apr 9, 2026, 12:00:00";"23";"2.2";"0.18";"25.58";"5.34"
"Heritage Farm Museum";"Apr 9, 2026, 11:00:00";"23";"3.61";"0.14";"24.82";"5.68"
"Heritage Farm Museum";"Apr 9, 2026, 10:00:00";"22";"5.98";"0.12";"23.74";"5.71"
"Heritage Farm Museum";"Apr 9, 2026, 09:00:00";"22";"8.7";"0.09";"14.07";"5.97"
"Heritage Farm Museum";"Apr 9, 2026, 08:00:00";"22";"8.75";"0.06";"11.06";"5.73"
"Heritage Farm Museum";"Apr 9, 2026, 07:00:00";"21";"6.82";"0.02";"15.52";"5.94"
"Heritage Farm Museum";"Apr 9, 2026, 06:00:00";"21";"7.09";"0.03";"17.44";"4.54"
"Heritage Farm Museum";"Apr 9, 2026, 05:00:00";"20";"6.74";"0.02";"16.67";"3.79"
"Heritage Farm Museum";"Apr 9, 2026, 04:00:00";"20";"5.74";"0.01";"16.43";"3.88"
"Heritage Farm Museum";"Apr 9, 2026, 03:00:00";"20";"5.49";"0.02";"16.78";"4.17"
"Heritage Farm Museum";"Apr 9, 2026, 02:00:00";"20";"7.12";"0.05";"16.87";"4.44"
"Heritage Farm Museum";"Apr 9, 2026, 01:00:00";"19";"8.9";"0.07";"16.66";"5.4"
"Heritage Farm Museum";"Apr 9, 2026, 00:00:00";"19";"8.7";"0.08";"16.78";"6.72"
"Heritage Farm Museum";"Apr 8, 2026, 23:00:00";"18";"8.06";"0.09";"16.92";"7.14"
"Heritage Farm Museum";"Apr 8, 2026, 22:00:00";"17";"7.35";"0.1";"16.48";"5.35"
"Heritage Farm Museum";"Apr 8, 2026, 21:00:00";"16";"6.49";"0.12";"16.5";"4.28"
"Heritage Farm Museum";"Apr 8, 2026, 20:00:00";"16";"4.96";"0.15";"17.7";"5"
"Heritage Farm Museum";"Apr 8, 2026, 19:00:00";"15";"2.74";"0.2";"20.99";"5.33"
"Heritage Farm Museum";"Apr 8, 2026, 18:00:00";"15";"1.49";"0.25";"24.5";"6.08"
"Heritage Farm Museum";"Apr 8, 2026, 17:00:00";"14";"0.35";"0.25";"24.23";"5.28"
"Heritage Farm Museum";"Apr 8, 2026, 16:00:00";"14";"0.37";"0.26";"24.35";"6.2"
"Heritage Farm Museum";"Apr 8, 2026, 15:00:00";"13";"0.57";"0.25";"23.8";"5.64"
"Heritage Farm Museum";"Apr 8, 2026, 14:00:00";"13";"0.42";"0.23";"22.35";"4.98"
"Heritage Farm Museum";"Apr 8, 2026, 13:00:00";"12";"0.59";"0.21";"20.8";"5.59"
"Heritage Farm Museum";"Apr 8, 2026, 12:00:00";"12";"0.65";"0.14";"17.91";"5.15"
"Heritage Farm Museum";"Apr 8, 2026, 11:00:00";"12";"0.99";"0.09";"16.59";"3.89"
"Heritage Farm Museum";"Apr 8, 2026, 10:00:00";"12";"2.01";"0.06";"16.13";"3.75"
"Heritage Farm Museum";"Apr 8, 2026, 09:00:00";"12";"4.58";"0.03";"15.54";"3.27"
"Heritage Farm Museum";"Apr 8, 2026, 08:00:00";"12";"6.81";"0";"15.09";"3.28"
"Heritage Farm Museum";"Apr 8, 2026, 07:00:00";"13";"6.19";"0";"14.33";"3.3"
"Heritage Farm Museum";"Apr 8, 2026, 06:00:00";"13";"4.39";"0";"14.38";"2.77"
"Heritage Farm Museum";"Apr 8, 2026, 05:00:00";"13";"4.21";"0";"14.21";"2.78"
"Heritage Farm Museum";"Apr 8, 2026, 04:00:00";"13";"4.9";"0";"14.37";"2.44"
"Heritage Farm Museum";"Apr 8, 2026, 03:00:00";"13";"4.95";"0";"14.4";"2.27"
"Heritage Farm Museum";"Apr 8, 2026, 02:00:00";"13";"4.94";"0";"14.52";"2.69"
"Heritage Farm Museum";"Apr 8, 2026, 01:00:00";"13";"5.46";"0";"14.78";"1.87"
"Heritage Farm Museum";"Apr 8, 2026, 00:00:00";"14";"5.39";"0.02";"15.12";"1.64"
"Heritage Farm Museum";"Apr 7, 2026, 23:00:00";"14";"5.34";"0.04";"15.44";"1.97"
"Heritage Farm Museum";"Apr 7, 2026, 22:00:00";"14";"5.15";"0.06";"15.67";"1.88"
"Heritage Farm Museum";"Apr 7, 2026, 21:00:00";"14";"4.24";"0.09";"16.26";"1.85"
"Heritage Farm Museum";"Apr 7, 2026, 20:00:00";"14";"2.82";"0.11";"16.74";"2.43"
"Heritage Farm Museum";"Apr 7, 2026, 19:00:00";"14";"1.13";"0.14";"18.33";"2.55"
"Heritage Farm Museum";"Apr 7, 2026, 18:00:00";"14";"0.06";"0.19";"20.71";"2.4"
"Heritage Farm Museum";"Apr 7, 2026, 17:00:00";"14";"0";"0.21";"21.77";"2.46"
"Heritage Farm Museum";"Apr 7, 2026, 16:00:00";"15";"0";"0.22";"22.46";"2.51"
"Heritage Farm Museum";"Apr 7, 2026, 15:00:00";"15";"0";"0.21";"22.99";"1.96"
"Heritage Farm Museum";"Apr 7, 2026, 14:00:00";"15";"0.05";"0.2";"22.62";"2.47"
"Heritage Farm Museum";"Apr 7, 2026, 13:00:00";"15";"0.12";"0.2";"22.73";"3.39"
"Heritage Farm Museum";"Apr 7, 2026, 12:00:00";"15";"0.33";"0.17";"22.3";"4.27"
"Heritage Farm Museum";"Apr 7, 2026, 11:00:00";"15";"0.28";"0.14";"21.52";"4.48"
"Heritage Farm Museum";"Apr 7, 2026, 10:00:00";"15";"0.43";"0.12";"21.43";"3.36"
"Heritage Farm Museum";"Apr 7, 2026, 09:00:00";"15";"1.94";"0.11";"21.7";"2.85"
"Heritage Farm Museum";"Apr 7, 2026, 08:00:00";"15";"5.55";"0.24";"27.23";"12.76"
"Heritage Farm Museum";"Apr 7, 2026, 07:00:00";"17";"3.61";"0.09";"23";"2.2"
"Heritage Farm Museum";"Apr 7, 2026, 06:00:00";"16";"2.86";"0.06";"22.44";"2.87"
"Heritage Farm Museum";"Apr 7, 2026, 05:00:00";"16";"1.83";"0.05";"24.41";"3.46"
"Heritage Farm Museum";"Apr 7, 2026, 04:00:00";"16";"2.18";"0.09";"23.59";"3.02"
"Heritage Farm Museum";"Apr 7, 2026, 03:00:00";"15";"3";"0.13";"26.9";"3.31"
"Heritage Farm Museum";"Apr 7, 2026, 02:00:00";"15";"1.83";"0.15";"26.44";"2.62"
"Heritage Farm Museum";"Apr 7, 2026, 01:00:00";"15";"3.93";"0.19";"27.74";"2.78"
"Heritage Farm Museum";"Apr 7, 2026, 00:00:00";"14";"4.27";"0.19";"31.4";"2.89"
"Heritage Farm Museum";"Apr 6, 2026, 23:00:00";"14";"3.12";"0.16";"26.4";"2.8"
"Heritage Farm Museum";"Apr 6, 2026, 22:00:00";"14";"2.53";"0.18";"26.58";"3.13"
"Heritage Farm Museum";"Apr 6, 2026, 21:00:00";"13";"1.68";"0.17";"23.43";"3.09"
"Heritage Farm Museum";"Apr 6, 2026, 20:00:00";"13";"1.36";"0.19";"22.83";"2.67"
"Heritage Farm Museum";"Apr 6, 2026, 19:00:00";"13";"0.13";"0.21";"23.65";"2.44"
"Heritage Farm Museum";"Apr 6, 2026, 18:00:00";"12";"0";"0.24";"25.25";"2.79"
"Heritage Farm Museum";"Apr 6, 2026, 17:00:00";"12";"0";"0.25";"25.33";"3.27"
"Heritage Farm Museum";"Apr 6, 2026, 16:00:00";"12";"0.08";"0.23";"25.47";"3.71"
"Heritage Farm Museum";"Apr 6, 2026, 15:00:00";"11";"0.02";"0.25";"25.96";"3.87"
"Heritage Farm Museum";"Apr 6, 2026, 14:00:00";"11";"0";"0.23";"25.2";"3.61"
"Heritage Farm Museum";"Apr 6, 2026, 13:00:00";"10";"0";"0.21";"24.53";"3.47"
"Heritage Farm Museum";"Apr 6, 2026, 12:00:00";"10";"0.29";"0.49";"24.12";"3.23"
"Heritage Farm Museum";"Apr 6, 2026, 11:00:00";"9";"0.53";"0.15";"22.9";"2.84"
"Heritage Farm Museum";"Apr 6, 2026, 10:00:00";"9";"1.15";"0.13";"22.51";"2.3"
"Heritage Farm Museum";"Apr 6, 2026, 09:00:00";"10";"2.13";"0.11";"22.53";"1.74"
"Heritage Farm Museum";"Apr 6, 2026, 08:00:00";"10";"5.03";"0.2";"27.2";"24.76"
"Heritage Farm Museum";"Apr 6, 2026, 07:00:00";"6";"3.89";"0.07";"21.58";"1.36"
"Heritage Farm Museum";"Apr 6, 2026, 06:00:00";"7";"2.17";"0.06";"21.67";"1.12"
"Heritage Farm Museum";"Apr 6, 2026, 05:00:00";"7";"0.81";"0.07";"21.41";"1.11"
"Heritage Farm Museum";"Apr 6, 2026, 04:00:00";"8";"0.24";"0.08";"21.46";"1.01"
"Heritage Farm Museum";"Apr 6, 2026, 03:00:00";"8";"0.07";"0.09";"22.41";"0.87"
"Heritage Farm Museum";"Apr 6, 2026, 02:00:00";"9";"0";"0.15";"23.38";"0.83"
"Heritage Farm Museum";"Apr 6, 2026, 01:00:00";"10";"0";"0.15";"23.84";"1.05"
"Heritage Farm Museum";"Apr 6, 2026, 00:00:00";"10";"0";"0.16";"24.43";"1.11"
"Heritage Farm Museum";"Apr 5, 2026, 23:00:00";"11";"0";"0.18";"25.95";"0.85"
"Heritage Farm Museum";"Apr 5, 2026, 22:00:00";"12";"0";"0.18";"27.32";"0.73"
"Heritage Farm Museum";"Apr 5, 2026, 21:00:00";"13";"0";"0.19";"28.5";"0.83"
"Heritage Farm Museum";"Apr 5, 2026, 20:00:00";"14";"0";"0.21";"30.25";"1.07"
"Heritage Farm Museum";"Apr 5, 2026, 19:00:00";"15";"0";"0.24";"35.49";"1.13"
"Heritage Farm Museum";"Apr 5, 2026, 18:00:00";"15";"0";"0.28";"42.78";"0.94"
"Heritage Farm Museum";"Apr 5, 2026, 17:00:00";"16";"0";"0.33";"54.46";"0.74"
"Heritage Farm Museum";"Apr 5, 2026, 16:00:00";"17";"0";"0.3";"60.56";"0.73"
"Heritage Farm Museum";"Apr 5, 2026, 15:00:00";"18";"0";"0.27";"66.51";"0.79"
"Heritage Farm Museum";"Apr 5, 2026, 14:00:00";"19";"0.01";"0.29";"79.06";"0.62"
"Heritage Farm Museum";"Apr 5, 2026, 13:00:00";"20";"0.05";"0.32";"89.45";"0.95"
"Heritage Farm Museum";"Apr 5, 2026, 12:00:00";"21";"0";"0.31";"82.54";"1.08"
"Heritage Farm Museum";"Apr 5, 2026, 11:00:00";"22";"0";"0.35";"80.53";"3.2"
"Heritage Farm Museum";"Apr 5, 2026, 10:00:00";"22";"0";"0.39";"71.85";"4.4"
"Heritage Farm Museum";"Apr 5, 2026, 09:00:00";"23";"0";"0.39";"68.18";"4.19"
"Heritage Farm Museum";"Apr 5, 2026, 08:00:00";"23";"0";"0.38";"62.92";"3.83"
"Heritage Farm Museum";"Apr 5, 2026, 07:00:00";"23";"0";"0.37";"57.32";"3.76"
"Heritage Farm Museum";"Apr 5, 2026, 06:00:00";"24";"0";"0.37";"53.51";"3.82"
"Heritage Farm Museum";"Apr 5, 2026, 05:00:00";"24";"0";"0.38";"51.08";"3.98"
"Heritage Farm Museum";"Apr 5, 2026, 04:00:00";"25";"0";"0.38";"50.32";"4.32"
"Heritage Farm Museum";"Apr 5, 2026, 03:00:00";"25";"0";"0.39";"49.35";"3.98"
"Heritage Farm Museum";"Apr 5, 2026, 02:00:00";"25";"0";"0.39";"48.71";"4.64"
"Heritage Farm Museum";"Apr 5, 2026, 01:00:00";"26";"0";"0.41";"47.14";"5.15"
"Heritage Farm Museum";"Apr 5, 2026, 00:00:00";"26";"0";"0.42";"45.54";"5.46"
"Heritage Farm Museum";"Apr 4, 2026, 23:00:00";"26";"0";"0.43";"42.57";"5.76"
"Heritage Farm Museum";"Apr 4, 2026, 22:00:00";"26";"0";"0.43";"38.91";"6.4"
"Heritage Farm Museum";"Apr 4, 2026, 21:00:00";"26";"0";"0.43";"37.6";"6.61"
"Heritage Farm Museum";"Apr 4, 2026, 20:00:00";"26";"0";"0.41";"34.94";"5.71"
"Heritage Farm Museum";"Apr 4, 2026, 19:00:00";"26";"0";"0.4";"35.39";"5.07"
"Heritage Farm Museum";"Apr 4, 2026, 18:00:00";"26";"0";"0.43";"41.84";"5.45"
"Heritage Farm Museum";"Apr 4, 2026, 17:00:00";"26";"0";"0.42";"45.02";"5.41"
"Heritage Farm Museum";"Apr 4, 2026, 16:00:00";"26";"0";"0.41";"48.45";"5.32"
"Heritage Farm Museum";"Apr 4, 2026, 15:00:00";"26";"0";"0.41";"56.78";"5.54"
"Heritage Farm Museum";"Apr 4, 2026, 14:00:00";"27";"0";"0.42";"59.94";"6.18"
"Heritage Farm Museum";"Apr 4, 2026, 13:00:00";"27";"0";"0.43";"69.21";"6.74"
"Heritage Farm Museum";"Apr 4, 2026, 12:00:00";"27";"0";"0.44";"76.23";"6.91"
"Heritage Farm Museum";"Apr 4, 2026, 11:00:00";"27";"0";"0.44";"84.14";"6.39"
"Heritage Farm Museum";"Apr 4, 2026, 10:00:00";"27";"0.01";"0.44";"89.69";"6.46"
"Heritage Farm Museum";"Apr 4, 2026, 09:00:00";"27";"0.32";"0.4";"85.38";"6.55"
"Heritage Farm Museum";"Apr 4, 2026, 08:00:00";"27";"0";"0.39";"76.59";"6.21"
"Heritage Farm Museum";"Apr 4, 2026, 07:00:00";"27";"0";"0.38";"73.94";"6.4"
"Heritage Farm Museum";"Apr 4, 2026, 06:00:00";"28";"0";"0.38";"70.33";"5.93"
"Heritage Farm Museum";"Apr 4, 2026, 05:00:00";"28";"0";"0.38";"63.51";"6.31"
"Heritage Farm Museum";"Apr 4, 2026, 04:00:00";"28";"0";"0.37";"58.99";"6.38"
"Heritage Farm Museum";"Apr 4, 2026, 03:00:00";"28";"0";"0.37";"56.08";"6.64"
"Heritage Farm Museum";"Apr 4, 2026, 02:00:00";"28";"0";"0.38";"56.1";"6.59"
"Heritage Farm Museum";"Apr 4, 2026, 01:00:00";"28";"0";"0.39";"55.03";"6.57"
"Heritage Farm Museum";"Apr 4, 2026, 00:00:00";"28";"3.51";"0.41";"54.39";"6.52"
"Heritage Farm Museum";"Apr 3, 2026, 23:00:00";"28";"0.66";"0.42";"53.75";"5.89"
"Heritage Farm Museum";"Apr 3, 2026, 22:00:00";"29";"0";"0.42";"53.7";"5.92"
"Heritage Farm Museum";"Apr 3, 2026, 21:00:00";"29";"0";"0.42";"53.94";"6.19"
"Heritage Farm Museum";"Apr 3, 2026, 20:00:00";"30";"0.34";"0.41";"52.88";"6.6"
"Heritage Farm Museum";"Apr 3, 2026, 19:00:00";"30";"0";"0.38";"54.26";"5.54"
"Heritage Farm Museum";"Apr 3, 2026, 18:00:00";"31";"0";"0.36";"60.7";"5.32"
"Heritage Farm Museum";"Apr 3, 2026, 17:00:00";"31";"0";"0.36";"71.7";"5.55"
"Heritage Farm Museum";"Apr 3, 2026, 16:00:00";"31";"0";"0.38";"84.91";"6.06"
"Heritage Farm Museum";"Apr 3, 2026, 15:00:00";"32";"0";"0.41";"101.75";"7.11"
"Heritage Farm Museum";"Apr 3, 2026, 14:00:00";"32";"0.24";"0.42";"108.01";"8"
"Heritage Farm Museum";"Apr 3, 2026, 13:00:00";"34";"1";"0.34";"90.45";"7.65"
"Heritage Farm Museum";"Apr 3, 2026, 12:00:00";"36";"0.81";"0.29";"81.8";"6.21"
"Heritage Farm Museum";"Apr 3, 2026, 11:00:00";"39";"1.68";"0.27";"75.17";"5.34"
"Heritage Farm Museum";"Apr 3, 2026, 10:00:00";"42";"3.04";"0.25";"68.02";"6.11"
"Heritage Farm Museum";"Apr 3, 2026, 09:00:00";"45";"2.75";"0.23";"62.55";"7.15"
"Heritage Farm Museum";"Apr 3, 2026, 08:00:00";"49";"1.1";"0.19";"58.38";"7.67"
"Heritage Farm Museum";"Apr 3, 2026, 07:00:00";"50";"0.43";"0.17";"56.04";"8.78"
"Heritage Farm Museum";"Apr 3, 2026, 06:00:00";"51";"0.12";"0.16";"55.15";"8.75"
"Heritage Farm Museum";"Apr 3, 2026, 05:00:00";"51";"0.26";"0.16";"51.92";"6.95"
"Heritage Farm Museum";"Apr 3, 2026, 04:00:00";"52";"0";"0.16";"53.06";"5.24"
"Heritage Farm Museum";"Apr 3, 2026, 03:00:00";"52";"0";"0.15";"48.82";"6.26"
"Heritage Farm Museum";"Apr 3, 2026, 02:00:00";"52";"0";"0.16";"48.2";"5.59"
"Heritage Farm Museum";"Apr 3, 2026, 01:00:00";"52";"0.02";"0.16";"48.87";"6.73"
"Heritage Farm Museum";"Apr 3, 2026, 00:00:00";"52";"0.01";"0.17";"49.57";"9.15"
"Heritage Farm Museum";"Apr 2, 2026, 23:00:00";"52";"0.29";"0.17";"49.84";"9.47"
"Heritage Farm Museum";"Apr 2, 2026, 22:00:00";"52";"0.17";"0.18";"50.1";"9.01"
"Heritage Farm Museum";"Apr 2, 2026, 21:00:00";"52";"0.04";"0.19";"50.36";"9.05"
"Heritage Farm Museum";"Apr 2, 2026, 20:00:00";"52";"0.15";"0.21";"51.96";"9.6"
"Heritage Farm Museum";"Apr 2, 2026, 19:00:00";"53";"0.03";"0.23";"53.2";"8.44"
"Heritage Farm Museum";"Apr 2, 2026, 18:00:00";"53";"0";"0.25";"53.46";"7.77"
"Heritage Farm Museum";"Apr 2, 2026, 17:00:00";"52";"0";"0.27";"56.51";"6.36"
"Heritage Farm Museum";"Apr 2, 2026, 16:00:00";"52";"0";"0.27";"59.01";"7.19"
"Heritage Farm Museum";"Apr 2, 2026, 15:00:00";"52";"0";"0.28";"59.96";"11.16"
"Heritage Farm Museum";"Apr 2, 2026, 14:00:00";"51";"0.14";"0.27";"61.74";"19.27"
"Heritage Farm Museum";"Apr 2, 2026, 13:00:00";"50";"0.09";"0.28";"64.86";"17.78"
"Heritage Farm Museum";"Apr 2, 2026, 12:00:00";"48";"0.04";"0.28";"68.9";"21.54"
"Heritage Farm Museum";"Apr 2, 2026, 11:00:00";"45";"0";"0.29";"78.86";"22.01"
"Heritage Farm Museum";"Apr 2, 2026, 10:00:00";"42";"0.15";"0.3";"85.66";"26.54"
"Heritage Farm Museum";"Apr 2, 2026, 09:00:00";"40";"0.15";"0.31";"91.4";"26.62"
"Heritage Farm Museum";"Apr 2, 2026, 08:00:00";"36";"0";"0.31";"85.9";"15.87"
"Heritage Farm Museum";"Apr 2, 2026, 07:00:00";"35";"0";"0.31";"94.69";"15.68"
"Heritage Farm Museum";"Apr 2, 2026, 06:00:00";"34";"0";"0.31";"104.33";"14.26"
"Heritage Farm Museum";"Apr 2, 2026, 05:00:00";"33";"0";"0.28";"97.62";"11.06"
"Heritage Farm Museum";"Apr 2, 2026, 04:00:00";"33";"0";"0.31";"105.26";"8.49"
"Heritage Farm Museum";"Apr 2, 2026, 03:00:00";"33";"0";"0.32";"106";"6.55"
"Heritage Farm Museum";"Apr 2, 2026, 02:00:00";"33";"0";"0.33";"105.74";"7.67"
"Heritage Farm Museum";"Apr 2, 2026, 01:00:00";"33";"0";"0.34";"103.81";"6.08"
"Heritage Farm Museum";"Apr 2, 2026, 00:00:00";"33";"0.02";"0.36";"101.77";"7.4"
"Heritage Farm Museum";"Apr 1, 2026, 23:00:00";"33";"0.36";"0.39";"107.2";"7"
"Heritage Farm Museum";"Apr 1, 2026, 22:00:00";"33";"1.03";"0.44";"107.33";"10.2"
"Heritage Farm Museum";"Apr 1, 2026, 21:00:00";"33";"0.62";"0.47";"100.65";"13.92"
"Heritage Farm Museum";"Apr 1, 2026, 20:00:00";"32";"2.47";"0.5";"91.98";"12.17"
"Heritage Farm Museum";"Apr 1, 2026, 19:00:00";"31";"0.83";"0.46";"60.86";"8.12"
"Heritage Farm Museum";"Apr 1, 2026, 18:00:00";"31";"0";"0.44";"41.14";"4.58"
"Heritage Farm Museum";"Apr 1, 2026, 17:00:00";"31";"0";"0.4";"37.41";"5.33"
"Heritage Farm Museum";"Apr 1, 2026, 16:00:00";"31";"0";"0.39";"39";"5.48"
"Heritage Farm Museum";"Apr 1, 2026, 15:00:00";"32";"0";"0.37";"41.33";"4.78"
"Heritage Farm Museum";"Apr 1, 2026, 14:00:00";"32";"0";"0.38";"44.06";"4.75"
"Heritage Farm Museum";"Apr 1, 2026, 13:00:00";"32";"0";"0.39";"47.39";"5.45"
"Heritage Farm Museum";"Apr 1, 2026, 12:00:00";"33";"0";"0.4";"51.33";"5.91"
"Heritage Farm Museum";"Apr 1, 2026, 11:00:00";"33";"0";"0.43";"57.17";"7.92"
"Heritage Farm Museum";"Apr 1, 2026, 10:00:00";"33";"1.31";"0.44";"60.47";"9.68"
"Heritage Farm Museum";"Apr 1, 2026, 09:00:00";"32";"3.36";"0.42";"61.26";"9.01"
"Heritage Farm Museum";"Apr 1, 2026, 08:00:00";"32";"3.63";"0.38";"57.9";"8.51"
"Heritage Farm Museum";"Apr 1, 2026, 07:00:00";"31";"1.67";"0.39";"55.63";"9.18"
"Heritage Farm Museum";"Apr 1, 2026, 06:00:00";"31";"0.03";"0.39";"52.97";"9.11"
"Heritage Farm Museum";"Apr 1, 2026, 05:00:00";"30";"0";"0.38";"51.3";"8.78"
"Heritage Farm Museum";"Apr 1, 2026, 04:00:00";"29";"0";"0.38";"48.15";"8.07"
"Heritage Farm Museum";"Apr 1, 2026, 03:00:00";"29";"0";"0.38";"45.19";"6.86"
"Heritage Farm Museum";"Apr 1, 2026, 02:00:00";"29";"0";"0.38";"44.09";"6.99"
"Heritage Farm Museum";"Apr 1, 2026, 01:00:00";"28";"0";"0.39";"42.97";"7.29"
"Heritage Farm Museum";"Apr 1, 2026, 00:00:00";"28";"0.52";"0.4";"41.98";"7.58"
"Heritage Farm Museum";"Mar 31, 2026, 23:00:00";"28";"0";"0.4";"39.3";"7.91"
"Heritage Farm Museum";"Mar 31, 2026, 22:00:00";"28";"0";"0.4";"37.85";"8.26"
"Heritage Farm Museum";"Mar 31, 2026, 21:00:00";"27";"0";"0.41";"37.73";"8.33"
"Heritage Farm Museum";"Mar 31, 2026, 20:00:00";"27";"0";"0.41";"37.06";"7.81"
"Heritage Farm Museum";"Mar 31, 2026, 19:00:00";"26";"0";"0.39";"37.59";"7.07"
"Heritage Farm Museum";"Mar 31, 2026, 18:00:00";"26";"0";"0.39";"39.14";"6.65"
"Heritage Farm Museum";"Mar 31, 2026, 17:00:00";"26";"0";"0.38";"41.7";"7.06"
"Heritage Farm Museum";"Mar 31, 2026, 16:00:00";"26";"0";"0.38";"43.46";"6.89"
"Heritage Farm Museum";"Mar 31, 2026, 15:00:00";"25";"0";"0.37";"46.6";"6.87"
"Heritage Farm Museum";"Mar 31, 2026, 14:00:00";"25";"0";"0.37";"48.35";"6.86"
"Heritage Farm Museum";"Mar 31, 2026, 13:00:00";"25";"0";"0.37";"49.68";"7.24"
"Heritage Farm Museum";"Mar 31, 2026, 12:00:00";"24";"0";"0.38";"51.7";"7.27"
"Heritage Farm Museum";"Mar 31, 2026, 11:00:00";"24";"0.44";"0.37";"51.87";"6.68"
"Heritage Farm Museum";"Mar 31, 2026, 10:00:00";"24";"4.17";"0.37";"49.21";"6.3"
"Heritage Farm Museum";"Mar 31, 2026, 09:00:00";"24";"4.85";"0.32";"43.8";"5.95"
"Heritage Farm Museum";"Mar 31, 2026, 08:00:00";"23";"5.06";"0.29";"41.56";"5.72"
"Heritage Farm Museum";"Mar 31, 2026, 07:00:00";"23";"3.65";"0.28";"41.13";"5.35"
"Heritage Farm Museum";"Mar 31, 2026, 06:00:00";"23";"2.13";"0.27";"41.41";"5.27"
"Heritage Farm Museum";"Mar 31, 2026, 05:00:00";"22";"1.84";"0.28";"42.57";"5.55"
"Heritage Farm Museum";"Mar 31, 2026, 04:00:00";"22";"1.03";"0.28";"42.59";"5.37"
"Heritage Farm Museum";"Mar 31, 2026, 03:00:00";"21";"1.33";"0.29";"43.06";"5.33"
"Heritage Farm Museum";"Mar 31, 2026, 02:00:00";"21";"2.06";"0.3";"43.29";"5.73"
"Heritage Farm Museum";"Mar 31, 2026, 01:00:00";"20";"1.46";"0.3";"43.46";"6.03"
"Heritage Farm Museum";"Mar 31, 2026, 00:00:00";"20";"1.94";"0.32";"44.37";"6.2"
"Heritage Farm Museum";"Mar 30, 2026, 23:00:00";"19";"1.53";"0.33";"44.65";"6.14"
"Heritage Farm Museum";"Mar 30, 2026, 22:00:00";"18";"2.87";"0.34";"44.03";"5.94"
"Heritage Farm Museum";"Mar 30, 2026, 21:00:00";"17";"2.29";"0.33";"44.32";"5.61"
"Heritage Farm Museum";"Mar 30, 2026, 20:00:00";"17";"1.94";"0.34";"45.54";"5.47"
"Heritage Farm Museum";"Mar 30, 2026, 19:00:00";"17";"0.86";"0.35";"45.89";"5.83"
"Heritage Farm Museum";"Mar 30, 2026, 18:00:00";"16";"0.03";"0.35";"45.2";"5.5"
"Heritage Farm Museum";"Mar 30, 2026, 17:00:00";"15";"0.03";"0.34";"45.09";"5.33"
"Heritage Farm Museum";"Mar 30, 2026, 16:00:00";"15";"0.04";"0.35";"46.69";"5.7"
"Heritage Farm Museum";"Mar 30, 2026, 15:00:00";"14";"0.89";"0.35";"45.75";"5.73"
"Heritage Farm Museum";"Mar 30, 2026, 14:00:00";"14";"3.25";"0.32";"41.41";"5.29"
"Heritage Farm Museum";"Mar 30, 2026, 13:00:00";"13";"5.13";"0.3";"39.43";"4.75"
"Heritage Farm Museum";"Mar 30, 2026, 12:00:00";"13";"7.39";"0.26";"37.33";"4.78"
"Heritage Farm Museum";"Mar 30, 2026, 11:00:00";"12";"8.41";"0.52";"32.68";"5.43"
"Heritage Farm Museum";"Mar 30, 2026, 10:00:00";"14";"14";"0.45";"29.17";"4.65"
"Heritage Farm Museum";"Mar 30, 2026, 09:00:00";"12";"10.15";"0.24";"26.17";"4.32"
"Heritage Farm Museum";"Mar 30, 2026, 08:00:00";"12";"7.03";"0.23";"23.54";"4.09"
"Heritage Farm Museum";"Mar 30, 2026, 07:00:00";"11";"5.49";"0.22";"22.02";"3.67"
"Heritage Farm Museum";"Mar 30, 2026, 06:00:00";"12";"4.52";"0.21";"21.19";"3.43"
"Heritage Farm Museum";"Mar 30, 2026, 05:00:00";"12";"3.4";"0.21";"20.86";"2.96"
"Heritage Farm Museum";"Mar 30, 2026, 04:00:00";"12";"2.4";"0.2";"19.84";"2.56"
"Heritage Farm Museum";"Mar 30, 2026, 03:00:00";"12";"1.68";"0.2";"18.99";"1.9"
"Heritage Farm Museum";"Mar 30, 2026, 02:00:00";"13";"0.72";"0.19";"19.03";"1.36"
"Heritage Farm Museum";"Mar 30, 2026, 01:00:00";"13";"0.2";"0.21";"19.3";"2.97"
"Heritage Farm Museum";"Mar 30, 2026, 00:00:00";"13";"0.31";"0.21";"19.03";"2.18"
"Heritage Farm Museum";"Mar 29, 2026, 23:00:00";"14";"1.06";"0.21";"19.47";"1.71"
"Heritage Farm Museum";"Mar 29, 2026, 22:00:00";"14";"1.53";"0.22";"20.06";"1.98"
"Heritage Farm Museum";"Mar 29, 2026, 21:00:00";"14";"1.66";"0.24";"20.78";"4.97"
"Heritage Farm Museum";"Mar 29, 2026, 20:00:00";"14";"1.37";"0.24";"21.5";"2.48"
"Heritage Farm Museum";"Mar 29, 2026, 19:00:00";"14";"2.46";"0.24";"22.45";"1.82"
"Heritage Farm Museum";"Mar 29, 2026, 18:00:00";"14";"0.08";"0.26";"23.95";"1.87"
"Heritage Farm Museum";"Mar 29, 2026, 17:00:00";"14";"0";"0.27";"25.54";"1.89"
"Heritage Farm Museum";"Mar 29, 2026, 16:00:00";"14";"0";"0.27";"25.86";"2.24"
"Heritage Farm Museum";"Mar 29, 2026, 15:00:00";"14";"0";"0.27";"25.96";"2.29"
"Heritage Farm Museum";"Mar 29, 2026, 14:00:00";"14";"0";"0.25";"25.02";"2.23"
"Heritage Farm Museum";"Mar 29, 2026, 13:00:00";"14";"0";"0.24";"24.29";"2.29"
"Heritage Farm Museum";"Mar 29, 2026, 12:00:00";"14";"0";"0.21";"23.03";"2.6"
"Heritage Farm Museum";"Mar 29, 2026, 11:00:00";"14";"0.1";"0.18";"21.69";"2.7"
"Heritage Farm Museum";"Mar 29, 2026, 10:00:00";"14";"6.65";"0.2";"21.36";"4.11"
"Heritage Farm Museum";"Mar 29, 2026, 09:00:00";"14";"7.56";"0.15";"20.19";"3.54"
"Heritage Farm Museum";"Mar 29, 2026, 08:00:00";"15";"9.43";"0.09";"19.18";"3.47"
"Heritage Farm Museum";"Mar 29, 2026, 07:00:00";"16";"12.81";"0.14";"19.67";"4.13"
"Heritage Farm Museum";"Mar 29, 2026, 06:00:00";"15";"9.39";"0.11";"19.24";"3.4"
"Heritage Farm Museum";"Mar 29, 2026, 05:00:00";"15";"12.13";"0.13";"18.89";"3.52"
"Heritage Farm Museum";"Mar 29, 2026, 04:00:00";"15";"12.86";"0.14";"17.85";"4.38"
"Heritage Farm Museum";"Mar 29, 2026, 03:00:00";"15";"12.46";"0.2";"17.85";"5.04"
"Heritage Farm Museum";"Mar 29, 2026, 02:00:00";"14";"8.84";"0.14";"16.75";"4.5"
"Heritage Farm Museum";"Mar 29, 2026, 01:00:00";"14";"10.52";"0.15";"16.78";"3.95"
"Heritage Farm Museum";"Mar 29, 2026, 00:00:00";"14";"11.13";"0.16";"17.26";"4.49"
"Heritage Farm Museum";"Mar 28, 2026, 23:00:00";"14";"8.18";"0.12";"16.27";"3.66"
"Heritage Farm Museum";"Mar 28, 2026, 22:00:00";"13";"6.75";"0.13";"16.93";"4.14"
"Heritage Farm Museum";"Mar 28, 2026, 21:00:00";"13";"5.45";"0.14";"17.76";"2.79"
"Heritage Farm Museum";"Mar 28, 2026, 20:00:00";"13";"2.59";"0.13";"17.01";"2.3"
"Heritage Farm Museum";"Mar 28, 2026, 19:00:00";"13";"0.74";"0.16";"18.15";"2.08"
"Heritage Farm Museum";"Mar 28, 2026, 18:00:00";"13";"0.02";"0.18";"19.44";"1.91"
"Heritage Farm Museum";"Mar 28, 2026, 17:00:00";"13";"0";"0.19";"20.17";"1.91"
"Heritage Farm Museum";"Mar 28, 2026, 16:00:00";"13";"0.03";"0.2";"20.86";"2.18"
"Heritage Farm Museum";"Mar 28, 2026, 15:00:00";"13";"0.03";"0.18";"20.37";"2.21"
"Heritage Farm Museum";"Mar 28, 2026, 14:00:00";"13";"0.05";"0.16";"20.31";"2.62"
"Heritage Farm Museum";"Mar 28, 2026, 13:00:00";"13";"0.11";"0.14";"19.62";"2.87"
"Heritage Farm Museum";"Mar 28, 2026, 12:00:00";"13";"0.39";"0.11";"19.16";"2.83"
"Heritage Farm Museum";"Mar 28, 2026, 11:00:00";"13";"0.63";"0.08";"18.86";"3.18"
"Heritage Farm Museum";"Mar 28, 2026, 10:00:00";"12";"1.26";"0.06";"18.59";"3.03"
"Heritage Farm Museum";"Mar 28, 2026, 09:00:00";"12";"1.75";"0.05";"19.81";"9.52"
"Heritage Farm Museum";"Mar 28, 2026, 08:00:00";"10";"2.55";"0.02";"18.53";"6.26"
"Heritage Farm Museum";"Mar 28, 2026, 07:00:00";"10";"0.79";"0.02";"19.25";"2.69"
"Heritage Farm Museum";"Mar 28, 2026, 06:00:00";"9";"0.01";"0.03";"20.56";"2.54"
"Heritage Farm Museum";"Mar 28, 2026, 05:00:00";"9";"0.51";"0.06";"23.72";"3.06"
"Heritage Farm Museum";"Mar 28, 2026, 04:00:00";"10";"0.6";"0.06";"24.17";"2.86"
"Heritage Farm Museum";"Mar 28, 2026, 03:00:00";"12";"2";"0.07";"24.02";"2.51"
"Heritage Farm Museum";"Mar 28, 2026, 02:00:00";"13";"0.56";"0.05";"23.91";"3.57"
"Heritage Farm Museum";"Mar 28, 2026, 01:00:00";"15";"0";"0.06";"25.21";"2.77"
"Heritage Farm Museum";"Mar 28, 2026, 00:00:00";"17";"0.6";"0.09";"26.09";"1.82"
"Heritage Farm Museum";"Mar 27, 2026, 23:00:00";"18";"1.77";"0.12";"27.47";"3.04"
"Heritage Farm Museum";"Mar 27, 2026, 22:00:00";"20";"0.82";"0.11";"26.84";"4.22"
"Heritage Farm Museum";"Mar 27, 2026, 21:00:00";"21";"0.97";"0.11";"26.92";"2.91"
"Heritage Farm Museum";"Mar 27, 2026, 20:00:00";"23";"2.3";"0.11";"26.56";"1.93"
"Heritage Farm Museum";"Mar 27, 2026, 19:00:00";"24";"1.32";"0.11";"26.64";"1.64"
"Heritage Farm Museum";"Mar 27, 2026, 18:00:00";"26";"0.29";"0.14";"26.85";"1.12"
"Heritage Farm Museum";"Mar 27, 2026, 17:00:00";"27";"0.01";"0.16";"29.04";"1.54"
"Heritage Farm Museum";"Mar 27, 2026, 16:00:00";"29";"0.02";"0.17";"30.62";"2.16"
"Heritage Farm Museum";"Mar 27, 2026, 15:00:00";"30";"0";"0.19";"32.76";"1.93"
"Heritage Farm Museum";"Mar 27, 2026, 14:00:00";"31";"0.04";"0.2";"36.59";"2.21"
"Heritage Farm Museum";"Mar 27, 2026, 13:00:00";"33";"0.33";"0.23";"45.45";"1.69"
"Heritage Farm Museum";"Mar 27, 2026, 12:00:00";"34";"1.54";"0.24";"53.4";"1.25"
"Heritage Farm Museum";"Mar 27, 2026, 11:00:00";"36";"2.04";"0.25";"56.81";"1.1"
"Heritage Farm Museum";"Mar 27, 2026, 10:00:00";"37";"2.02";"0.25";"56.34";"1.12"
"Heritage Farm Museum";"Mar 27, 2026, 09:00:00";"39";"1.18";"0.3";"69.34";"1.12"
"Heritage Farm Museum";"Mar 27, 2026, 08:00:00";"41";"1.63";"0.33";"76.81";"1.78"
"Heritage Farm Museum";"Mar 27, 2026, 07:00:00";"42";"0.75";"0.36";"67.47";"1.82"
"Heritage Farm Museum";"Mar 27, 2026, 06:00:00";"43";"0.37";"0.39";"58.46";"2.25"
"Heritage Farm Museum";"Mar 27, 2026, 05:00:00";"44";"0.14";"0.4";"49.58";"8.48"
"Heritage Farm Museum";"Mar 27, 2026, 04:00:00";"44";"0";"0.39";"46.94";"11.27"
"Heritage Farm Museum";"Mar 27, 2026, 03:00:00";"44";"0";"0.4";"43.24";"12.13"
"Heritage Farm Museum";"Mar 27, 2026, 02:00:00";"43";"0";"0.4";"41.98";"12.34"
"Heritage Farm Museum";"Mar 27, 2026, 01:00:00";"41";"0";"0.41";"41.41";"12.48"
"Heritage Farm Museum";"Mar 27, 2026, 00:00:00";"40";"1.1";"0.43";"41.15";"12.05"
"Heritage Farm Museum";"Mar 26, 2026, 23:00:00";"39";"0.55";"0.43";"40";"12.29"
"Heritage Farm Museum";"Mar 26, 2026, 22:00:00";"37";"0";"0.43";"38.08";"11.8"
"Heritage Farm Museum";"Mar 26, 2026, 21:00:00";"36";"0.02";"0.43";"36.82";"10.61"
"Heritage Farm Museum";"Mar 26, 2026, 20:00:00";"35";"0.07";"0.44";"35.9";"10.14"
"Heritage Farm Museum";"Mar 26, 2026, 19:00:00";"34";"0";"0.42";"36.14";"9.99"
"Heritage Farm Museum";"Mar 26, 2026, 18:00:00";"33";"0";"0.43";"36.22";"9.97"
"Heritage Farm Museum";"Mar 26, 2026, 17:00:00";"32";"0";"0.42";"35.06";"9.93"
"Heritage Farm Museum";"Mar 26, 2026, 16:00:00";"31";"0";"0.42";"35.65";"10.32"
"Heritage Farm Museum";"Mar 26, 2026, 15:00:00";"30";"0";"0.41";"36.1";"10.34"
"Heritage Farm Museum";"Mar 26, 2026, 14:00:00";"28";"0";"0.42";"34.78";"9.95"
"Heritage Farm Museum";"Mar 26, 2026, 13:00:00";"27";"0";"0.42";"34";"10.07"
"Heritage Farm Museum";"Mar 26, 2026, 12:00:00";"26";"0.37";"0.41";"35.11";"9.7"
"Heritage Farm Museum";"Mar 26, 2026, 11:00:00";"26";"3.61";"0.37";"30.9";"10.26"
"Heritage Farm Museum";"Mar 26, 2026, 10:00:00";"25";"8.02";"0.33";"26.74";"10.13"
"Heritage Farm Museum";"Mar 26, 2026, 09:00:00";"24";"9.59";"0.31";"24.96";"10.51"
"Heritage Farm Museum";"Mar 26, 2026, 08:00:00";"23";"9.02";"0.26";"23.25";"9.9"
"Heritage Farm Museum";"Mar 26, 2026, 07:00:00";"22";"7.2";"0.23";"22.89";"9.22"
"Heritage Farm Museum";"Mar 26, 2026, 06:00:00";"21";"4.81";"0.22";"23.29";"8.24"
"Heritage Farm Museum";"Mar 26, 2026, 05:00:00";"20";"3.3";"0.21";"22.9";"7.84"
"Heritage Farm Museum";"Mar 26, 2026, 04:00:00";"19";"3.03";"0.22";"22.7";"7.52"
"Heritage Farm Museum";"Mar 26, 2026, 03:00:00";"18";"3.25";"0.22";"22.9";"6.91"
"Heritage Farm Museum";"Mar 26, 2026, 02:00:00";"17";"3.58";"0.2";"22.18";"4.96"
"Heritage Farm Museum";"Mar 26, 2026, 01:00:00";"16";"4.11";"0.2";"22.86";"4.37"
"Heritage Farm Museum";"Mar 26, 2026, 00:00:00";"16";"3.83";"0.22";"22.96";"4.48"
"Heritage Farm Museum";"Mar 25, 2026, 23:00:00";"16";"4.12";"0.23";"22.43";"4.6"
"Heritage Farm Museum";"Mar 25, 2026, 22:00:00";"16";"4.96";"0.24";"22.46";"4.39"
"Heritage Farm Museum";"Mar 25, 2026, 21:00:00";"16";"4.81";"0.25";"21.83";"5.01"
"Heritage Farm Museum";"Mar 25, 2026, 20:00:00";"15";"3.57";"0.23";"21.27";"4.84"
"Heritage Farm Museum";"Mar 25, 2026, 19:00:00";"15";"1.6";"0.25";"22.19";"2.87"
"Heritage Farm Museum";"Mar 25, 2026, 18:00:00";"15";"0.19";"0.26";"23.56";"3.49"
"Heritage Farm Museum";"Mar 25, 2026, 17:00:00";"15";"0.13";"0.26";"26.11";"3.33"
"Heritage Farm Museum";"Mar 25, 2026, 16:00:00";"15";"0.06";"0.29";"27.81";"4.43"
"Heritage Farm Museum";"Mar 25, 2026, 15:00:00";"14";"0";"0.3";"26.54";"3.68"
"Heritage Farm Museum";"Mar 25, 2026, 14:00:00";"14";"1";"0.27";"25.16";"4.05"
"Heritage Farm Museum";"Mar 25, 2026, 13:00:00";"14";"1.42";"0.25";"23.62";"4.83"
"Heritage Farm Museum";"Mar 25, 2026, 12:00:00";"13";"2.47";"0.23";"22.98";"5.82"
"Heritage Farm Museum";"Mar 25, 2026, 11:00:00";"13";"3.57";"0.22";"22.47";"5.03"
"Heritage Farm Museum";"Mar 25, 2026, 10:00:00";"12";"5.61";"0.2";"21.62";"4.89"
"Heritage Farm Museum";"Mar 25, 2026, 09:00:00";"12";"8.35";"0.17";"20.29";"3.91"
"Heritage Farm Museum";"Mar 25, 2026, 08:00:00";"11";"8.89";"0.14";"19.26";"3.31"
"Heritage Farm Museum";"Mar 25, 2026, 07:00:00";"11";"5.9";"0.12";"19.02";"2.92"
"Heritage Farm Museum";"Mar 25, 2026, 06:00:00";"10";"4.75";"0.11";"18.41";"2.28"
"Heritage Farm Museum";"Mar 25, 2026, 05:00:00";"10";"4.25";"0.1";"18.35";"2.34"
"Heritage Farm Museum";"Mar 25, 2026, 04:00:00";"10";"4.36";"0.1";"18.05";"2.38"
"Heritage Farm Museum";"Mar 25, 2026, 03:00:00";"10";"4.44";"0.12";"18.03";"2.26"
"Heritage Farm Museum";"Mar 25, 2026, 02:00:00";"10";"4.73";"0.12";"18.28";"2.38"
"Heritage Farm Museum";"Mar 25, 2026, 01:00:00";"9";"5.14";"0.14";"17.98";"3.52"
"Heritage Farm Museum";"Mar 25, 2026, 00:00:00";"9";"5.3";"0.14";"17.67";"4.13"
"Heritage Farm Museum";"Mar 24, 2026, 23:00:00";"8";"5.83";"0.16";"17.44";"3.21"
"Heritage Farm Museum";"Mar 24, 2026, 22:00:00";"8";"6.6";"0.15";"17.26";"2.42"
"Heritage Farm Museum";"Mar 24, 2026, 21:00:00";"8";"4.32";"0.14";"17.39";"2.14"
"Heritage Farm Museum";"Mar 24, 2026, 20:00:00";"8";"2.74";"0.15";"17.33";"1.9"
"Heritage Farm Museum";"Mar 24, 2026, 19:00:00";"7";"1.64";"0.2";"17.91";"4.31"
"Heritage Farm Museum";"Mar 24, 2026, 18:00:00";"7";"1.13";"0.23";"19.99";"2.61"
"Heritage Farm Museum";"Mar 24, 2026, 17:00:00";"7";"0.17";"0.24";"20.84";"2.2"
"Heritage Farm Museum";"Mar 24, 2026, 16:00:00";"6";"0.38";"0.23";"20.83";"2.72"
"Heritage Farm Museum";"Mar 24, 2026, 15:00:00";"6";"0.91";"0.23";"21.04";"3.21"
"Heritage Farm Museum";"Mar 24, 2026, 14:00:00";"6";"0.1";"0.21";"20.6";"2.54"
"Heritage Farm Museum";"Mar 24, 2026, 13:00:00";"5";"0.07";"0.18";"19.33";"1.85"
"Heritage Farm Museum";"Mar 24, 2026, 12:00:00";"5";"0.12";"0.14";"18.08";"1.84"
"Heritage Farm Museum";"Mar 24, 2026, 11:00:00";"5";"0.67";"0.11";"17.38";"1.65"
"Heritage Farm Museum";"Mar 24, 2026, 10:00:00";"5";"1.57";"0.08";"16.76";"1.6"
"Heritage Farm Museum";"Mar 24, 2026, 09:00:00";"5";"3.49";"0.05";"15.89";"1.27"
"Heritage Farm Museum";"Mar 24, 2026, 08:00:00";"8";"7.42";"0.04";"15.61";"1.2"
"Heritage Farm Museum";"Mar 24, 2026, 07:00:00";"9";"6.53";"0.04";"15.54";"1.14"
"Heritage Farm Museum";"Mar 24, 2026, 06:00:00";"11";"3.92";"0.02";"15.35";"1.28"
"Heritage Farm Museum";"Mar 24, 2026, 05:00:00";"12";"3.28";"0.02";"15.44";"1.08"
"Heritage Farm Museum";"Mar 24, 2026, 04:00:00";"13";"2.65";"0.03";"15.57";"1.04"
"Heritage Farm Museum";"Mar 24, 2026, 03:00:00";"14";"2.43";"0.04";"15.91";"0.96"
"Heritage Farm Museum";"Mar 24, 2026, 02:00:00";"15";"2.41";"0.05";"16.19";"1.04"
"Heritage Farm Museum";"Mar 24, 2026, 01:00:00";"15";"2.2";"0.06";"16.6";"1.14"
"Heritage Farm Museum";"Mar 24, 2026, 00:00:00";"16";"1.86";"0.07";"17.02";"1.15"
"Heritage Farm Museum";"Mar 23, 2026, 23:00:00";"17";"2.13";"0.09";"17.92";"1.12"
"Heritage Farm Museum";"Mar 23, 2026, 22:00:00";"17";"1.45";"0.11";"18.64";"0.91"
"Heritage Farm Museum";"Mar 23, 2026, 21:00:00";"18";"1.17";"0.13";"19.62";"0.79"
"Heritage Farm Museum";"Mar 23, 2026, 20:00:00";"19";"0.85";"0.14";"20.17";"0.98"
"Heritage Farm Museum";"Mar 23, 2026, 19:00:00";"19";"0.2";"0.15";"21.18";"1.15"
"Heritage Farm Museum";"Mar 23, 2026, 18:00:00";"20";"0.02";"0.18";"22.5";"1.11"
"Heritage Farm Museum";"Mar 23, 2026, 17:00:00";"20";"0";"0.18";"24.31";"1.04"
"Heritage Farm Museum";"Mar 23, 2026, 16:00:00";"20";"0";"0.24";"28.6";"1.02"
"Heritage Farm Museum";"Mar 23, 2026, 15:00:00";"21";"0";"0.27";"33.1";"1.01"
"Heritage Farm Museum";"Mar 23, 2026, 14:00:00";"22";"0";"0.29";"39.05";"1.09"
"Heritage Farm Museum";"Mar 23, 2026, 13:00:00";"23";"0";"0.3";"46.33";"0.74"
"Heritage Farm Museum";"Mar 23, 2026, 12:00:00";"24";"0";"0.3";"58.16";"1.59"
"Heritage Farm Museum";"Mar 23, 2026, 11:00:00";"26";"0.57";"0.34";"71.8";"2.2"
"Heritage Farm Museum";"Mar 23, 2026, 10:00:00";"27";"4.64";"0.32";"76.48";"2.34"
"Heritage Farm Museum";"Mar 23, 2026, 09:00:00";"28";"6.93";"0.35";"77.61";"6.57"
"Heritage Farm Museum";"Mar 23, 2026, 08:00:00";"28";"0.04";"0.31";"71.51";"15.94"
"Heritage Farm Museum";"Mar 23, 2026, 07:00:00";"28";"0.29";"0.32";"70.66";"13.21"
"Heritage Farm Museum";"Mar 23, 2026, 06:00:00";"28";"0.21";"0.32";"63.19";"6.63"
"Heritage Farm Museum";"Mar 23, 2026, 05:00:00";"30";"1.35";"0.36";"62.61";"5.05"
"Heritage Farm Museum";"Mar 23, 2026, 04:00:00";"30";"3.71";"0.36";"61.03";"9.27"
"Heritage Farm Museum";"Mar 23, 2026, 03:00:00";"31";"4.85";"0.36";"56.47";"4.47"
"Heritage Farm Museum";"Mar 23, 2026, 02:00:00";"32";"0.73";"0.47";"24.27";"4.17"
"Heritage Farm Museum";"Mar 23, 2026, 01:00:00";"33";"0.03";"0.48";"17.3";"5.13"
"Heritage Farm Museum";"Mar 23, 2026, 00:00:00";"34";"0";"0.48";"11.93";"5.69"
"Heritage Farm Museum";"Mar 22, 2026, 23:00:00";"33";"0";"0.49";"3.07";"5.14"
"Heritage Farm Museum";"Mar 22, 2026, 22:00:00";"33";"0.05";"0.5";"0.88";"4.87"
"Heritage Farm Museum";"Mar 22, 2026, 21:00:00";"33";"0.37";"0.48";"0.7";"3.97"
"Heritage Farm Museum";"Mar 22, 2026, 20:00:00";"34";"0";"0.46";"0.81";"3.78"
"Heritage Farm Museum";"Mar 22, 2026, 19:00:00";"34";"0";"0.43";"2.24";"3.5"
"Heritage Farm Museum";"Mar 22, 2026, 18:00:00";"34";"0";"0.4";"4.03";"3.03"
"Heritage Farm Museum";"Mar 22, 2026, 17:00:00";"34";"0";"0.41";"9.01";"3.25"
"Heritage Farm Museum";"Mar 22, 2026, 16:00:00";"34";"0";"0.45";"14.71";"5.41"
"Heritage Farm Museum";"Mar 22, 2026, 15:00:00";"34";"0";"0.47";"19.85";"6.14"
"Heritage Farm Museum";"Mar 22, 2026, 14:00:00";"34";"0";"0.5";"25.11";"7.35"
"Heritage Farm Museum";"Mar 22, 2026, 13:00:00";"35";"0";"0.51";"34.69";"8.75"
"Heritage Farm Museum";"Mar 22, 2026, 12:00:00";"35";"0.62";"0.49";"35.74";"8.52"
"Heritage Farm Museum";"Mar 22, 2026, 11:00:00";"35";"2.68";"0.44";"30.58";"8.23"
"Heritage Farm Museum";"Mar 22, 2026, 10:00:00";"35";"4.92";"0.39";"25.81";"9.15"
"Heritage Farm Museum";"Mar 22, 2026, 09:00:00";"34";"4.88";"0.33";"20.64";"9"
"Heritage Farm Museum";"Mar 22, 2026, 08:00:00";"34";"2.06";"0.28";"14.27";"14.14"
"Heritage Farm Museum";"Mar 22, 2026, 07:00:00";"33";"1.29";"0.27";"13.65";"16.18"
"Heritage Farm Museum";"Mar 22, 2026, 06:00:00";"31";"1.5";"0.29";"13.67";"13.23"
"Heritage Farm Museum";"Mar 22, 2026, 05:00:00";"30";"2.04";"0.31";"14.75";"10.44"
"Heritage Farm Museum";"Mar 22, 2026, 04:00:00";"29";"3.97";"0.34";"15.09";"9.61"
"Heritage Farm Museum";"Mar 22, 2026, 03:00:00";"28";"4.07";"0.36";"14.65";"10.17"
"Heritage Farm Museum";"Mar 22, 2026, 02:00:00";"26";"4.04";"0.37";"14.03";"11.41"
"Heritage Farm Museum";"Mar 22, 2026, 01:00:00";"24";"3.79";"0.4";"11.71";"9.3"
"Heritage Farm Museum";"Mar 22, 2026, 00:00:00";"24";"2.93";"0.41";"9.45";"5.16"
"Heritage Farm Museum";"Mar 21, 2026, 23:00:00";"24";"2.6";"0.41";"9.2";"4.73"
"Heritage Farm Museum";"Mar 21, 2026, 22:00:00";"23";"2.7";"0.43";"10.86";"5.25"
"Heritage Farm Museum";"Mar 21, 2026, 21:00:00";"23";"2.34";"0.45";"13";"5.32"
"Heritage Farm Museum";"Mar 21, 2026, 20:00:00";"23";"0.09";"0.43";"12.91";"4.96"
"Heritage Farm Museum";"Mar 21, 2026, 19:00:00";"23";"0";"0.41";"9.54";"4.66"
"Heritage Farm Museum";"Mar 21, 2026, 18:00:00";"23";"0";"0.41";"3.28";"4.16"
"Heritage Farm Museum";"Mar 21, 2026, 17:00:00";"23";"0";"0.41";"4.9";"4.41"
"Heritage Farm Museum";"Mar 21, 2026, 16:00:00";"23";"0";"0.42";"9.88";"4.53"
"Heritage Farm Museum";"Mar 21, 2026, 15:00:00";"23";"0";"0.43";"19";"6.86"
"Heritage Farm Museum";"Mar 21, 2026, 14:00:00";"22";"0";"0.42";"24.53";"8.51"
"Heritage Farm Museum";"Mar 21, 2026, 13:00:00";"21";"0";"0.42";"30.43";"9.08"
"Heritage Farm Museum";"Mar 21, 2026, 12:00:00";"21";"0.09";"0.41";"32.98";"8.37"
"Heritage Farm Museum";"Mar 21, 2026, 11:00:00";"20";"1.22";"0.4";"36.79";"9.37"
"Heritage Farm Museum";"Mar 21, 2026, 10:00:00";"20";"5.04";"0.38";"42.91";"5.18"
"Heritage Farm Museum";"Mar 21, 2026, 09:00:00";"20";"4.86";"0.4";"33.41";"7.62"
"Heritage Farm Museum";"Mar 21, 2026, 08:00:00";"19";"0.67";"0.26";"23.7";"0"
"Heritage Farm Museum";"Mar 21, 2026, 07:00:00";"19";"0.23";"0.26";"21.65";"0"
"Heritage Farm Museum";"Mar 21, 2026, 06:00:00";"19";"1.41";"0.27";"23.05";"0"
"Heritage Farm Museum";"Mar 21, 2026, 05:00:00";"19";"4.72";"0.29";"26.88";"5.05"
"Heritage Farm Museum";"Mar 21, 2026, 04:00:00";"19";"8.18";"0.3";"25.53";"2.85"
"Heritage Farm Museum";"Mar 21, 2026, 03:00:00";"20";"6.82";"0.3";"24.05";"2.05"
"Heritage Farm Museum";"Mar 21, 2026, 02:00:00";"20";"3.52";"0.31";"23.85";"2.85"
"Heritage Farm Museum";"Mar 21, 2026, 01:00:00";"21";"1.2";"0.33";"22.51";"6.8"
"Heritage Farm Museum";"Mar 21, 2026, 00:00:00";"20";"6.4";"0.38";"15.28";"3.72"
"Heritage Farm Museum";"Mar 20, 2026, 23:00:00";"20";"5.83";"0.38";"15.46";"3.14"
"Heritage Farm Museum";"Mar 20, 2026, 22:00:00";"21";"4.76";"0.39";"16.17";"3.16"
"Heritage Farm Museum";"Mar 20, 2026, 21:00:00";"21";"6.84";"0.42";"20.4";"3.81"
"Heritage Farm Museum";"Mar 20, 2026, 20:00:00";"21";"6.48";"0.42";"20.71";"5.88"
"Heritage Farm Museum";"Mar 20, 2026, 19:00:00";"21";"3.22";"0.41";"12.42";"4.77"
"Heritage Farm Museum";"Mar 20, 2026, 18:00:00";"21";"0.03";"0.42";"6.27";"3.9"
"Heritage Farm Museum";"Mar 20, 2026, 17:00:00";"21";"0";"0.42";"5.29";"4.12"
"Heritage Farm Museum";"Mar 20, 2026, 16:00:00";"21";"0";"0.41";"6.2";"4.53"
"Heritage Farm Museum";"Mar 20, 2026, 15:00:00";"21";"0";"0.41";"7.38";"4.51"
"Heritage Farm Museum";"Mar 20, 2026, 14:00:00";"21";"0";"0.44";"11.32";"4.93"
"Heritage Farm Museum";"Mar 20, 2026, 13:00:00";"21";"0.09";"0.45";"14.07";"5.46"
"Heritage Farm Museum";"Mar 20, 2026, 12:00:00";"21";"2.46";"0.44";"11.19";"5.97"
"Heritage Farm Museum";"Mar 20, 2026, 11:00:00";"21";"6.65";"0.4";"8.54";"6.41"
"Heritage Farm Museum";"Mar 20, 2026, 10:00:00";"20";"7.9";"0.35";"5.88";"5.29"
"Heritage Farm Museum";"Mar 20, 2026, 09:00:00";"20";"11.46";"0.32";"3.33";"4.98"
"Heritage Farm Museum";"Mar 20, 2026, 08:00:00";"20";"11.86";"0.28";"1.3";"4.84"
"Heritage Farm Museum";"Mar 20, 2026, 07:00:00";"20";"8.49";"0.25";"0.46";"5"
"Heritage Farm Museum";"Mar 20, 2026, 06:00:00";"19";"7.14";"0.24";"0.05";"5.01"
"Heritage Farm Museum";"Mar 20, 2026, 05:00:00";"19";"6.22";"0.25";"0.01";"4.59"
"Heritage Farm Museum";"Mar 20, 2026, 04:00:00";"18";"6.28";"0.25";"0";"4.73"
"Heritage Farm Museum";"Mar 20, 2026, 03:00:00";"18";"6.26";"0.25";"0";"5.42"
"Heritage Farm Museum";"Mar 20, 2026, 02:00:00";"18";"6.26";"0.24";"0";"4.29"
"Heritage Farm Museum";"Mar 20, 2026, 01:00:00";"17";"4.96";"0.24";"0";"3.84"
"Heritage Farm Museum";"Mar 20, 2026, 00:00:00";"17";"5.01";"0.27";"0";"4.45"
"Heritage Farm Museum";"Mar 19, 2026, 23:00:00";"17";"5.56";"0.3";"0";"6.24"
"Heritage Farm Museum";"Mar 19, 2026, 22:00:00";"17";"5.65";"0.31";"0";"5.58"
"Heritage Farm Museum";"Mar 19, 2026, 21:00:00";"16";"5.24";"0.32";"0.06";"5.83"
"Heritage Farm Museum";"Mar 19, 2026, 20:00:00";"16";"3.77";"0.32";"0.36";"4.39"
"Heritage Farm Museum";"Mar 19, 2026, 19:00:00";"15";"1.82";"0.35";"1.34";"4.2"
"Heritage Farm Museum";"Mar 19, 2026, 18:00:00";"15";"0.05";"0.37";"3.49";"4.39"
"Heritage Farm Museum";"Mar 19, 2026, 17:00:00";"15";"0";"0.38";"5.03";"4.55"
"Heritage Farm Museum";"Mar 19, 2026, 16:00:00";"14";"0";"0.41";"5.56";"4.76"
"Heritage Farm Museum";"Mar 19, 2026, 15:00:00";"14";"0.3";"0.37";"4.26";"4.97"
"Heritage Farm Museum";"Mar 19, 2026, 14:00:00";"14";"0.54";"0.36";"3.5";"4.51"
"Heritage Farm Museum";"Mar 19, 2026, 13:00:00";"13";"3.13";"0.34";"1.84";"4.34"
"Heritage Farm Museum";"Mar 19, 2026, 12:00:00";"13";"4.39";"0.31";"0.43";"4.07"
"Heritage Farm Museum";"Mar 19, 2026, 11:00:00";"13";"6.69";"0.28";"0";"4.31"
"Heritage Farm Museum";"Mar 19, 2026, 10:00:00";"12";"8.77";"0.25";"0";"3.59"
"Heritage Farm Museum";"Mar 19, 2026, 09:00:00";"12";"9.43";"0.23";"0";"3.27"
"Heritage Farm Museum";"Mar 19, 2026, 08:00:00";"12";"10.39";"0.23";"0";"3.13"
"Heritage Farm Museum";"Mar 19, 2026, 07:00:00";"12";"7.57";"0.2";"0";"2.76"
"Heritage Farm Museum";"Mar 19, 2026, 06:00:00";"12";"6.85";"0.18";"0";"2.59"
"Heritage Farm Museum";"Mar 19, 2026, 05:00:00";"12";"6.86";"0.17";"0";"2.52"
"Heritage Farm Museum";"Mar 19, 2026, 04:00:00";"12";"6.55";"0.17";"0";"3.06"
"Heritage Farm Museum";"Mar 19, 2026, 03:00:00";"12";"6.62";"0.18";"0";"3.09"
"Heritage Farm Museum";"Mar 19, 2026, 02:00:00";"12";"6.17";"0.18";"0";"3.35"
"Heritage Farm Museum";"Mar 19, 2026, 01:00:00";"12";"6.3";"0.19";"0";"3.21"
"Heritage Farm Museum";"Mar 19, 2026, 00:00:00";"12";"6.77";"0.2";"0";"2.96"
"Heritage Farm Museum";"Mar 18, 2026, 23:00:00";"12";"6.43";"0.2";"0";"2.79"
"Heritage Farm Museum";"Mar 18, 2026, 22:00:00";"11";"6.96";"0.2";"0";"2.75"
"Heritage Farm Museum";"Mar 18, 2026, 21:00:00";"11";"7.11";"0.2";"0";"3.01"
"Heritage Farm Museum";"Mar 18, 2026, 20:00:00";"11";"5.27";"0.19";"0";"2.7"
"Heritage Farm Museum";"Mar 18, 2026, 19:00:00";"11";"2.99";"0.22";"0";"2.76"
"Heritage Farm Museum";"Mar 18, 2026, 18:00:00";"10";"1.72";"0.24";"0";"2.64"
"Heritage Farm Museum";"Mar 18, 2026, 17:00:00";"10";"1.36";"0.24";"0";"2.71"
"Heritage Farm Museum";"Mar 18, 2026, 16:00:00";"10";"1.43";"0.24";"0";"2.82"
"Heritage Farm Museum";"Mar 18, 2026, 15:00:00";"10";"1.82";"0.25";"0";"2.88"
"Heritage Farm Museum";"Mar 18, 2026, 14:00:00";"9";"0.96";"0.23";"0";"2.64"
"Heritage Farm Museum";"Mar 18, 2026, 13:00:00";"9";"0.53";"0.2";"0";"1.98"
"Heritage Farm Museum";"Mar 18, 2026, 12:00:00";"9";"0.65";"0.17";"0";"1.88"
"Heritage Farm Museum";"Mar 18, 2026, 11:00:00";"9";"2.03";"0.16";"0";"2.47"
"Heritage Farm Museum";"Mar 18, 2026, 10:00:00";"9";"4.14";"0.15";"0";"3.59"
"Heritage Farm Museum";"Mar 18, 2026, 09:00:00";"8";"5.23";"0.15";"0";"3.38"
"Heritage Farm Museum";"Mar 18, 2026, 08:00:00";"8";"5.93";"0.14";"0";"3.09"
"Heritage Farm Museum";"Mar 18, 2026, 07:00:00";"7";"6.89";"0.14";"0";"3.12"
"Heritage Farm Museum";"Mar 18, 2026, 06:00:00";"7";"6.13";"0.13";"0";"3.03"
"Heritage Farm Museum";"Mar 18, 2026, 05:00:00";"7";"5.93";"0.13";"0";"2.8"
"Heritage Farm Museum";"Mar 18, 2026, 04:00:00";"6";"5.44";"0.13";"0";"2.64"
"Heritage Farm Museum";"Mar 18, 2026, 03:00:00";"6";"4.82";"0.13";"0";"2.53"
"Heritage Farm Museum";"Mar 18, 2026, 02:00:00";"5";"4.57";"0.13";"0";"2.52"
"Heritage Farm Museum";"Mar 18, 2026, 01:00:00";"5";"4.38";"0.13";"0";"2.09"
"Heritage Farm Museum";"Mar 18, 2026, 00:00:00";"5";"4.67";"0.12";"0";"1.61"
"Heritage Farm Museum";"Mar 17, 2026, 23:00:00";"5";"3.87";"0.13";"0";"1.44"
"Heritage Farm Museum";"Mar 17, 2026, 22:00:00";"4";"3.85";"0.13";"0";"1.41"
"Heritage Farm Museum";"Mar 17, 2026, 21:00:00";"4";"3.55";"0.14";"0";"1.26"
"Heritage Farm Museum";"Mar 17, 2026, 20:00:00";"4";"3.42";"0.15";"0";"1.18"
"Heritage Farm Museum";"Mar 17, 2026, 19:00:00";"4";"2.67";"0.17";"0";"1.3"
"Heritage Farm Museum";"Mar 17, 2026, 18:00:00";"4";"0.91";"0.19";"0";"1.21"
"Heritage Farm Museum";"Mar 17, 2026, 17:00:00";"4";"0.64";"0.22";"0";"1.28"
"Heritage Farm Museum";"Mar 17, 2026, 16:00:00";"4";"1.6";"0.2";"0";"1.49"
"Heritage Farm Museum";"Mar 17, 2026, 15:00:00";"4";"0.94";"0.21";"0";"1.54"
"Heritage Farm Museum";"Mar 17, 2026, 14:00:00";"4";"1.35";"0.19";"0";"1.14"
"Heritage Farm Museum";"Mar 17, 2026, 13:00:00";"5";"0.58";"0.19";"0";"1.14"
"Heritage Farm Museum";"Mar 17, 2026, 12:00:00";"5";"0.43";"0.19";"0";"1.14"
"Heritage Farm Museum";"Mar 17, 2026, 11:00:00";"5";"1.2";"0.17";"0";"1.07"
"Heritage Farm Museum";"Mar 17, 2026, 10:00:00";"5";"1.81";"0.16";"0";"0.98"
"Heritage Farm Museum";"Mar 17, 2026, 09:00:00";"6";"4.71";"0.15";"0";"0.95"
"Heritage Farm Museum";"Mar 17, 2026, 08:00:00";"6";"4.68";"0.13";"0";"0.83"
"Heritage Farm Museum";"Mar 17, 2026, 07:00:00";"6";"2.15";"0.13";"0";"0.71"
"Heritage Farm Museum";"Mar 17, 2026, 06:00:00";"7";"1.66";"0.13";"0";"0.83"
"Heritage Farm Museum";"Mar 17, 2026, 05:00:00";"8";"0";"0.13";"0";"0.62"
"Heritage Farm Museum";"Mar 17, 2026, 04:00:00";"8";"0";"0.13";"0.3";"0.54"
"Heritage Farm Museum";"Mar 17, 2026, 03:00:00";"9";"0";"0.14";"1.68";"0.38"
"Heritage Farm Museum";"Mar 17, 2026, 02:00:00";"9";"0";"0.15";"2.57";"0.36"
"Heritage Farm Museum";"Mar 17, 2026, 01:00:00";"10";"1.67";"0.16";"3.37";"0.26"
"Heritage Farm Museum";"Mar 17, 2026, 00:00:00";"10";"2.39";"0.16";"3.39";"0.32"
"Heritage Farm Museum";"Mar 16, 2026, 23:00:00";"11";"1.99";"0.15";"3.46";"0.35"
"Heritage Farm Museum";"Mar 16, 2026, 22:00:00";"12";"0.52";"0.17";"6.25";"0.24"
"Heritage Farm Museum";"Mar 16, 2026, 21:00:00";"13";"0";"0.27";"35.64";"0.68"
"Heritage Farm Museum";"Mar 16, 2026, 20:00:00";"14";"0";"0.37";"69.76";"1.64"
"Heritage Farm Museum";"Mar 16, 2026, 19:00:00";"14";"0.09";"0.38";"78.04";"2.09"
"Heritage Farm Museum";"Mar 16, 2026, 18:00:00";"15";"0.22";"0.37";"69.92";"2.06"
"Heritage Farm Museum";"Mar 16, 2026, 17:00:00";"15";"0";"0.36";"57.47";"1.03"
"Heritage Farm Museum";"Mar 16, 2026, 16:00:00";"15";"0";"0.36";"60.06";"0.82"
"Heritage Farm Museum";"Mar 16, 2026, 15:00:00";"16";"0.07";"0.39";"68.47";"1.43"
"Heritage Farm Museum";"Mar 16, 2026, 14:00:00";"16";"0";"0.37";"69.59";"2.67"
"Heritage Farm Museum";"Mar 16, 2026, 13:00:00";"16";"0.3";"0.39";"78.39";"2.96"
"Heritage Farm Museum";"Mar 16, 2026, 12:00:00";"16";"0";"0.4";"78.53";"2.97"
"Heritage Farm Museum";"Mar 16, 2026, 11:00:00";"16";"0";"0.42";"80.75";"2.99"
"Heritage Farm Museum";"Mar 16, 2026, 10:00:00";"15";"0";"0.42";"90.53";"3.11"
"Heritage Farm Museum";"Mar 16, 2026, 09:00:00";"15";"0.16";"0.4";"86.34";"2.95"
"Heritage Farm Museum";"Mar 16, 2026, 08:00:00";"15";"0.11";"0.38";"80.3";"2.31"
"Heritage Farm Museum";"Mar 16, 2026, 07:00:00";"15";"0.13";"0.37";"76.29";"3.66"
"Heritage Farm Museum";"Mar 16, 2026, 06:00:00";"15";"0.1";"0.36";"69.33";"4.38"
"Heritage Farm Museum";"Mar 16, 2026, 05:00:00";"14";"1.12";"0.36";"63.19";"3.57"
"Heritage Farm Museum";"Mar 16, 2026, 04:00:00";"14";"2.41";"0.36";"56.61";"4.14"
"Heritage Farm Museum";"Mar 16, 2026, 03:00:00";"14";"3.93";"0.36";"47.79";"3.2"
"Heritage Farm Museum";"Mar 16, 2026, 02:00:00";"14";"4.75";"0.35";"36.61";"2.15"
"Heritage Farm Museum";"Mar 16, 2026, 01:00:00";"14";"5.84";"0.34";"27.44";"3.91"
"Heritage Farm Museum";"Mar 16, 2026, 00:00:00";"13";"5.97";"0.35";"14.66";"6.77"
"Heritage Farm Museum";"Mar 15, 2026, 23:00:00";"13";"6.43";"0.36";"7.06";"5.98"
"Heritage Farm Museum";"Mar 15, 2026, 22:00:00";"12";"5.41";"0.35";"3.75";"5.43"
"Heritage Farm Museum";"Mar 15, 2026, 21:00:00";"12";"4.43";"0.34";"1.96";"5.07"
"Heritage Farm Museum";"Mar 15, 2026, 20:00:00";"11";"3.29";"0.33";"0.75";"3.99"
"Heritage Farm Museum";"Mar 15, 2026, 19:00:00";"11";"2.87";"0.33";"0.82";"3.92"
"Heritage Farm Museum";"Mar 15, 2026, 18:00:00";"10";"1.96";"0.32";"0.39";"4.02"
"Heritage Farm Museum";"Mar 15, 2026, 17:00:00";"10";"0.77";"0.32";"0";"3.36"
"Heritage Farm Museum";"Mar 15, 2026, 16:00:00";"10";"0.1";"0.33";"0.07";"2.93"
"Heritage Farm Museum";"Mar 15, 2026, 15:00:00";"10";"0.35";"0.34";"0.23";"2.81"
"Heritage Farm Museum";"Mar 15, 2026, 14:00:00";"9";"0.41";"0.32";"0";"2.42"
"Heritage Farm Museum";"Mar 15, 2026, 13:00:00";"9";"0.26";"0.3";"0";"1.91"
"Heritage Farm Museum";"Mar 15, 2026, 12:00:00";"9";"0.6";"0.29";"0";"1.78"
"Heritage Farm Museum";"Mar 15, 2026, 11:00:00";"9";"1.43";"0.27";"0";"1.88"
"Heritage Farm Museum";"Mar 15, 2026, 10:00:00";"9";"2.87";"0.27";"0";"1.9"
"Heritage Farm Museum";"Mar 15, 2026, 09:00:00";"9";"4.56";"0.25";"0";"2.11"
"Heritage Farm Museum";"Mar 15, 2026, 08:00:00";"9";"5.5";"0.25";"0";"1.87"
"Heritage Farm Museum";"Mar 15, 2026, 07:00:00";"9";"5.17";"0.26";"0";"1.64"
"Heritage Farm Museum";"Mar 15, 2026, 06:00:00";"9";"7.68";"0.26";"0";"2.07"
"Heritage Farm Museum";"Mar 15, 2026, 05:00:00";"9";"8.35";"0.27";"0";"2.23"
"Heritage Farm Museum";"Mar 15, 2026, 04:00:00";"9";"6.44";"0.27";"0";"2.21"
"Heritage Farm Museum";"Mar 15, 2026, 03:00:00";"10";"10.14";"0.35";"0.33";"3.41"
"Heritage Farm Museum";"Mar 15, 2026, 02:00:00";"8";"7.26";"0.28";"0";"2.37"
"Heritage Farm Museum";"Mar 15, 2026, 01:00:00";"9";"9.22";"0.29";"0";"2.74"
"Heritage Farm Museum";"Mar 15, 2026, 00:00:00";"8";"6.15";"0.24";"0";"2.44"
"Heritage Farm Museum";"Mar 14, 2026, 23:00:00";"8";"5.88";"0.26";"0";"3.08"
"Heritage Farm Museum";"Mar 14, 2026, 22:00:00";"7";"4.11";"0.25";"0";"2.76"
"Heritage Farm Museum";"Mar 14, 2026, 21:00:00";"7";"2.87";"0.28";"0";"2.35"
"Heritage Farm Museum";"Mar 14, 2026, 20:00:00";"7";"0.92";"0.3";"0";"1.7"
"Heritage Farm Museum";"Mar 14, 2026, 19:00:00";"7";"0";"0.33";"0";"1.37"
"Heritage Farm Museum";"Mar 14, 2026, 18:00:00";"7";"0";"0.35";"0.06";"1.55"
"Heritage Farm Museum";"Mar 14, 2026, 17:00:00";"7";"0";"0.36";"0.11";"1.4"
"Heritage Farm Museum";"Mar 14, 2026, 16:00:00";"7";"0";"0.36";"0.62";"1.92"
"Heritage Farm Museum";"Mar 14, 2026, 15:00:00";"7";"0";"0.35";"0.1";"1.93"
"Heritage Farm Museum";"Mar 14, 2026, 14:00:00";"7";"0";"0.33";"0";"1.72"
"Heritage Farm Museum";"Mar 14, 2026, 13:00:00";"7";"0";"0.33";"0";"1.87"
"Heritage Farm Museum";"Mar 14, 2026, 12:00:00";"7";"0.01";"0.31";"0";"1.76"
"Heritage Farm Museum";"Mar 14, 2026, 11:00:00";"7";"0.18";"0.27";"0";"1.97"
"Heritage Farm Museum";"Mar 14, 2026, 10:00:00";"7";"0.47";"0.27";"0";"1.87"
"Heritage Farm Museum";"Mar 14, 2026, 09:00:00";"7";"2.3";"0.26";"0";"1.68"
"Heritage Farm Museum";"Mar 14, 2026, 08:00:00";"7";"1.69";"0.24";"0";"1.47"
"Heritage Farm Museum";"Mar 14, 2026, 07:00:00";"7";"0";"0.23";"0";"1.08"
"Heritage Farm Museum";"Mar 14, 2026, 06:00:00";"7";"0";"0.25";"0";"0.95"
"Heritage Farm Museum";"Mar 14, 2026, 05:00:00";"7";"0.45";"0.25";"0";"1.08"
"Heritage Farm Museum";"Mar 14, 2026, 04:00:00";"7";"1.49";"0.26";"0";"1.53"
"Heritage Farm Museum";"Mar 14, 2026, 03:00:00";"7";"2.05";"0.27";"0";"1.5"
"Heritage Farm Museum";"Mar 14, 2026, 02:00:00";"7";"2.22";"0.29";"0";"1.39"
"Heritage Farm Museum";"Mar 14, 2026, 01:00:00";"7";"4.53";"0.3";"0";"1.49"
"Heritage Farm Museum";"Mar 14, 2026, 00:00:00";"7";"4.19";"0.31";"0";"1.6"
"Heritage Farm Museum";"Mar 13, 2026, 23:00:00";"7";"2.83";"0.3";"0";"1.64"
"Heritage Farm Museum";"Mar 13, 2026, 22:00:00";"8";"2.92";"0.31";"0";"1.6"
"Heritage Farm Museum";"Mar 13, 2026, 21:00:00";"8";"2.98";"0.32";"0";"1.41"
"Heritage Farm Museum";"Mar 13, 2026, 20:00:00";"8";"0.16";"0.31";"0";"1.22"
"Heritage Farm Museum";"Mar 13, 2026, 19:00:00";"8";"0.04";"0.32";"0.15";"1.16"
"Heritage Farm Museum";"Mar 13, 2026, 18:00:00";"8";"0";"0.31";"0.34";"1.19"
"Heritage Farm Museum";"Mar 13, 2026, 17:00:00";"8";"0";"0.31";"0.49";"1.16"
"Heritage Farm Museum";"Mar 13, 2026, 16:00:00";"8";"0";"0.29";"0.09";"1.87"
"Heritage Farm Museum";"Mar 13, 2026, 15:00:00";"8";"0";"0.26";"0";"1.38"
"Heritage Farm Museum";"Mar 13, 2026, 14:00:00";"8";"0";"0.28";"0.83";"1.68"
"Heritage Farm Museum";"Mar 13, 2026, 13:00:00";"10";"0";"0.26";"0.26";"1.66"
"Heritage Farm Museum";"Mar 13, 2026, 12:00:00";"10";"0";"0.26";"1.15";"1.62"
"Heritage Farm Museum";"Mar 13, 2026, 11:00:00";"10";"0.19";"0.26";"1.65";"1.96"
"Heritage Farm Museum";"Mar 13, 2026, 10:00:00";"10";"2.27";"0.25";"1.59";"1.88"
"Heritage Farm Museum";"Mar 13, 2026, 09:00:00";"10";"7.64";"0.26";"1.57";"2.01"
"Heritage Farm Museum";"Mar 13, 2026, 08:00:00";"12";"12.35";"0.25";"1.03";"1.61"
"Heritage Farm Museum";"Mar 13, 2026, 07:00:00";"14";"14.28";"0.27";"1.35";"1.71"
"Heritage Farm Museum";"Mar 13, 2026, 06:00:00";"11";"10.87";"0.21";"0.81";"1.81"
"Heritage Farm Museum";"Mar 13, 2026, 05:00:00";"14";"13.75";"0.24";"1.1";"2.24"
"Heritage Farm Museum";"Mar 13, 2026, 04:00:00";"10";"9.5";"0.19";"0.18";"2.36"
"Heritage Farm Museum";"Mar 13, 2026, 03:00:00";"9";"4.09";"0.14";"0";"1.74"
"Heritage Farm Museum";"Mar 13, 2026, 02:00:00";"10";"3.88";"0.15";"0";"1.71"
"Heritage Farm Museum";"Mar 13, 2026, 01:00:00";"10";"6.27";"0.17";"0";"2.04"
"Heritage Farm Museum";"Mar 13, 2026, 00:00:00";"10";"2.53";"0.15";"0";"1.43"
"Heritage Farm Museum";"Mar 12, 2026, 23:00:00";"11";"1.84";"0.17";"0";"1.99"
"Heritage Farm Museum";"Mar 12, 2026, 22:00:00";"12";"0.5";"0.17";"0";"1.94"
"Heritage Farm Museum";"Mar 12, 2026, 21:00:00";"13";"0";"0.18";"0";"1.59"
"Heritage Farm Museum";"Mar 12, 2026, 20:00:00";"14";"0";"0.18";"0";"1.49"
"Heritage Farm Museum";"Mar 12, 2026, 19:00:00";"16";"0";"0.21";"0.89";"1.19"
"Heritage Farm Museum";"Mar 12, 2026, 18:00:00";"16";"0";"0.24";"3.69";"1.33"
"Heritage Farm Museum";"Mar 12, 2026, 17:00:00";"17";"1.51";"0.24";"5.83";"1.42"
"Heritage Farm Museum";"Mar 12, 2026, 16:00:00";"18";"1.33";"0.19";"4.89";"1.34"
"Heritage Farm Museum";"Mar 12, 2026, 15:00:00";"18";"3.46";"0.19";"5.19";"6.01"
"Heritage Farm Museum";"Mar 12, 2026, 14:00:00";"19";"2.73";"0.18";"4.27";"7.86"
"Heritage Farm Museum";"Mar 12, 2026, 13:00:00";"19";"2.4";"0.16";"3.27";"5.15"
"Heritage Farm Museum";"Mar 12, 2026, 12:00:00";"19";"1.64";"0.16";"2.61";"3.72"
"Heritage Farm Museum";"Mar 12, 2026, 11:00:00";"20";"0.8";"0.18";"3.17";"1.53"
"Heritage Farm Museum";"Mar 12, 2026, 10:00:00";"21";"0.29";"0.22";"4.87";"0.44"
"Heritage Farm Museum";"Mar 12, 2026, 09:00:00";"22";"0";"0.24";"5.47";"0.25"
"Heritage Farm Museum";"Mar 12, 2026, 08:00:00";"23";"0";"0.27";"7.54";"0.34"
"Heritage Farm Museum";"Mar 12, 2026, 07:00:00";"24";"0";"0.32";"10.63";"0.21"
"Heritage Farm Museum";"Mar 12, 2026, 06:00:00";"25";"0.62";"0.39";"20.78";"0.31"
"Heritage Farm Museum";"Mar 12, 2026, 05:00:00";"26";"1.91";"0.42";"19.31";"2.51"
"Heritage Farm Museum";"Mar 12, 2026, 04:00:00";"26";"0";"0.43";"23.56";"3.29"
"Heritage Farm Museum";"Mar 12, 2026, 03:00:00";"27";"0";"0.41";"24.99";"3.54"
"Heritage Farm Museum";"Mar 12, 2026, 02:00:00";"27";"1.3";"0.41";"15.54";"3.96"
"Heritage Farm Museum";"Mar 12, 2026, 01:00:00";"27";"0";"0.42";"16.49";"4.28"
"Heritage Farm Museum";"Mar 12, 2026, 00:00:00";"28";"0";"0.46";"26.46";"5.08"
"Heritage Farm Museum";"Mar 11, 2026, 23:00:00";"28";"0.94";"0.51";"56.66";"4.8"
"Heritage Farm Museum";"Mar 11, 2026, 22:00:00";"28";"0.09";"0.48";"65.08";"9.63"
"Heritage Farm Museum";"Mar 11, 2026, 21:00:00";"28";"0.02";"0.48";"56.02";"9.7"
"Heritage Farm Museum";"Mar 11, 2026, 20:00:00";"26";"0.02";"0.48";"39.32";"9.05"
"Heritage Farm Museum";"Mar 11, 2026, 19:00:00";"25";"0";"0.48";"14.14";"5.05"
"Heritage Farm Museum";"Mar 11, 2026, 18:00:00";"25";"0";"0.47";"15.52";"5.16"
"Heritage Farm Museum";"Mar 11, 2026, 17:00:00";"25";"0";"0.45";"18.23";"5.14"
"Heritage Farm Museum";"Mar 11, 2026, 16:00:00";"24";"0";"0.49";"22.76";"6.14"
"Heritage Farm Museum";"Mar 11, 2026, 15:00:00";"24";"0";"0.5";"25.08";"6.97"
"Heritage Farm Museum";"Mar 11, 2026, 14:00:00";"24";"0";"0.53";"29";"8.39"
"Heritage Farm Museum";"Mar 11, 2026, 13:00:00";"23";"0";"0.52";"29.79";"8.24"
"Heritage Farm Museum";"Mar 11, 2026, 12:00:00";"22";"1.89";"0.52";"33.11";"8.18"
"Heritage Farm Museum";"Mar 11, 2026, 11:00:00";"21";"6.37";"0.54";"37.04";"8.37"
"Heritage Farm Museum";"Mar 11, 2026, 10:00:00";"21";"14.49";"0.56";"33.88";"7.25"
"Heritage Farm Museum";"Mar 11, 2026, 09:00:00";"20";"8.92";"0.49";"25.8";"5.24"
"Heritage Farm Museum";"Mar 11, 2026, 08:00:00";"20";"4.01";"0.42";"21.23";"5"
"Heritage Farm Museum";"Mar 11, 2026, 07:00:00";"20";"0.82";"0.42";"20.13";"4.51"
"Heritage Farm Museum";"Mar 11, 2026, 06:00:00";"20";"0";"0.43";"19.88";"4.75"
"Heritage Farm Museum";"Mar 11, 2026, 05:00:00";"20";"0.05";"0.43";"18.72";"5.25"
"Heritage Farm Museum";"Mar 11, 2026, 04:00:00";"20";"0";"0.44";"18.28";"6.18"
"Heritage Farm Museum";"Mar 11, 2026, 03:00:00";"19";"0";"0.46";"16.13";"6.42"
"Heritage Farm Museum";"Mar 11, 2026, 02:00:00";"18";"0.11";"0.47";"15.34";"5.48"
"Heritage Farm Museum";"Mar 11, 2026, 01:00:00";"18";"0";"0.47";"14.9";"6.36"
"Heritage Farm Museum";"Mar 11, 2026, 00:00:00";"17";"0";"0.5";"12.45";"6.37"
"Heritage Farm Museum";"Mar 10, 2026, 23:00:00";"17";"0";"0.53";"12.43";"7.56"
"Heritage Farm Museum";"Mar 10, 2026, 22:00:00";"16";"0.27";"0.52";"13";"5.09"
"Heritage Farm Museum";"Mar 10, 2026, 21:00:00";"15";"1.31";"0.51";"8.41";"3.62"
"Heritage Farm Museum";"Mar 10, 2026, 20:00:00";"15";"1.46";"0.49";"1.46";"3.09"
"Heritage Farm Museum";"Mar 10, 2026, 19:00:00";"15";"0";"0.45";"1.9";"3.17"
"Heritage Farm Museum";"Mar 10, 2026, 18:00:00";"15";"0";"0.42";"1.84";"2.97"
"Heritage Farm Museum";"Mar 10, 2026, 17:00:00";"14";"0";"0.41";"3.86";"3.1"
"Heritage Farm Museum";"Mar 10, 2026, 16:00:00";"14";"0";"0.42";"7.25";"5"
"Heritage Farm Museum";"Mar 10, 2026, 15:00:00";"13";"0";"0.41";"10.73";"3.86"
"Heritage Farm Museum";"Mar 10, 2026, 14:00:00";"13";"0";"0.42";"15.15";"3.93"
"Heritage Farm Museum";"Mar 10, 2026, 13:00:00";"13";"0";"0.46";"16.11";"3.27"
"Heritage Farm Museum";"Mar 10, 2026, 12:00:00";"12";"1.69";"0.6";"21.51";"3.33"
"Heritage Farm Museum";"Mar 10, 2026, 11:00:00";"16";"15.86";"0.71";"31.4";"5.5"
"Heritage Farm Museum";"Mar 10, 2026, 10:00:00";"19";"19.42";"0.83";"29.71";"5.1"
"Heritage Farm Museum";"Mar 10, 2026, 09:00:00";"12";"9.95";"0.69";"21.5";"4.12"
"Heritage Farm Museum";"Mar 10, 2026, 08:00:00";"12";"9.23";"0.57";"17.61";"4.1"
"Heritage Farm Museum";"Mar 10, 2026, 07:00:00";"12";"4.88";"0.29";"11.96";"4.58"
"Heritage Farm Museum";"Mar 10, 2026, 06:00:00";"12";"5.63";"0.31";"12.57";"3.73"
"Heritage Farm Museum";"Mar 10, 2026, 05:00:00";"12";"2.65";"0.27";"10.33";"3.66"
"Heritage Farm Museum";"Mar 10, 2026, 04:00:00";"12";"3.96";"0.32";"10.38";"3.21"
"Heritage Farm Museum";"Mar 10, 2026, 03:00:00";"12";"4.28";"0.34";"10.35";"3.38"
"Heritage Farm Museum";"Mar 10, 2026, 02:00:00";"12";"4.08";"0.35";"10.21";"2.79"
"Heritage Farm Museum";"Mar 10, 2026, 01:00:00";"12";"2.64";"0.38";"10.43";"2.29"
"Heritage Farm Museum";"Mar 10, 2026, 00:00:00";"12";"1.35";"0.39";"9.52";"2.36"
"Heritage Farm Museum";"Mar 9, 2026, 23:00:00";"12";"0.14";"0.41";"10.28";"2.3"
"Heritage Farm Museum";"Mar 9, 2026, 22:00:00";"12";"2.14";"0.44";"10.06";"2.51"
"Heritage Farm Museum";"Mar 9, 2026, 21:00:00";"12";"3.33";"0.44";"11.67";"2.31"
"Heritage Farm Museum";"Mar 9, 2026, 20:00:00";"12";"0.25";"0.43";"9.29";"1.76"
"Heritage Farm Museum";"Mar 9, 2026, 19:00:00";"12";"0";"0.41";"1.68";"1.51"
"Heritage Farm Museum";"Mar 9, 2026, 18:00:00";"12";"0";"0.41";"1.61";"1.44"
"Heritage Farm Museum";"Mar 9, 2026, 17:00:00";"12";"0";"0.41";"2.61";"1.59"
"Heritage Farm Museum";"Mar 9, 2026, 16:00:00";"12";"0";"0.4";"4.49";"1.52"
"Heritage Farm Museum";"Mar 9, 2026, 15:00:00";"12";"0";"0.41";"6.89";"1.81"
"Heritage Farm Museum";"Mar 9, 2026, 14:00:00";"12";"0";"0.41";"7.39";"1.87"
"Heritage Farm Museum";"Mar 9, 2026, 13:00:00";"12";"0";"0.45";"12.93";"1.69"
"Heritage Farm Museum";"Mar 9, 2026, 12:00:00";"12";"0.15";"0.51";"22.95";"1.96"
"Heritage Farm Museum";"Mar 9, 2026, 11:00:00";"12";"12.44";"0.64";"30.18";"6.35"
"Heritage Farm Museum";"Mar 9, 2026, 10:00:00";"18";"18.3";"0.57";"26.38";"4.07"
"Heritage Farm Museum";"Mar 9, 2026, 09:00:00";"15";"14.93";"0.41";"15.61";"2.97"
"Heritage Farm Museum";"Mar 9, 2026, 08:00:00";"11";"8.02";"0.28";"10.46";"4.3"
"Heritage Farm Museum";"Mar 9, 2026, 07:00:00";"12";"9.09";"0.29";"10.56";"4.11"
"Heritage Farm Museum";"Mar 9, 2026, 06:00:00";"12";"5.65";"0.28";"9.77";"4.08"
"Heritage Farm Museum";"Mar 9, 2026, 05:00:00";"12";"2.14";"0.24";"8.95";"3.25"
"Heritage Farm Museum";"Mar 9, 2026, 04:00:00";"13";"2.42";"0.29";"10.49";"3.46"
"Heritage Farm Museum";"Mar 9, 2026, 03:00:00";"13";"2.34";"0.27";"10.1";"2.95"
"Heritage Farm Museum";"Mar 9, 2026, 02:00:00";"13";"0.66";"0.24";"8.36";"2.64"
"Heritage Farm Museum";"Mar 9, 2026, 01:00:00";"14";"1.94";"0.27";"8.69";"2.72"
"Heritage Farm Museum";"Mar 9, 2026, 00:00:00";"16";"2.49";"0.3";"10.63";"2.56"
"Heritage Farm Museum";"Mar 8, 2026, 23:00:00";"17";"2.59";"0.34";"11.94";"2.49"
"Heritage Farm Museum";"Mar 8, 2026, 22:00:00";"18";"2.14";"0.37";"13.43";"2.85"
"Heritage Farm Museum";"Mar 8, 2026, 21:00:00";"19";"2.57";"0.42";"16.6";"2.71"
"Heritage Farm Museum";"Mar 8, 2026, 20:00:00";"20";"0";"0.39";"17.35";"2.02"
"Heritage Farm Museum";"Mar 8, 2026, 19:00:00";"21";"0";"0.38";"14.67";"1.94"
"Heritage Farm Museum";"Mar 8, 2026, 18:00:00";"22";"0";"0.37";"12.83";"1.48"
"Heritage Farm Museum";"Mar 8, 2026, 17:00:00";"23";"0";"0.37";"17.88";"1.56"
"Heritage Farm Museum";"Mar 8, 2026, 16:00:00";"24";"0";"0.39";"25.6";"1.19"
"Heritage Farm Museum";"Mar 8, 2026, 15:00:00";"26";"0";"0.38";"29.09";"1.03"
"Heritage Farm Museum";"Mar 8, 2026, 14:00:00";"27";"0";"0.38";"36.07";"1.07"
"Heritage Farm Museum";"Mar 8, 2026, 13:00:00";"28";"0";"0.41";"48.81";"2.03"
"Heritage Farm Museum";"Mar 8, 2026, 12:00:00";"29";"0";"0.41";"57.99";"2.09"
"Heritage Farm Museum";"Mar 8, 2026, 11:00:00";"29";"0";"0.44";"69.91";"2.89"
"Heritage Farm Museum";"Mar 8, 2026, 10:00:00";"30";"0";"0.38";"73.16";"2.53"
"Heritage Farm Museum";"Mar 8, 2026, 09:00:00";"30";"0";"0.36";"76.14";"4.52"
"Heritage Farm Museum";"Mar 8, 2026, 08:00:00";"31";"0";"0.37";"76.79";"5.5"
"Heritage Farm Museum";"Mar 8, 2026, 07:00:00";"32";"0";"0.35";"76.81";"5.98"
"Heritage Farm Museum";"Mar 8, 2026, 06:00:00";"32";"0";"0.37";"84.46";"5.62"
"Heritage Farm Museum";"Mar 8, 2026, 05:00:00";"33";"0";"0.38";"86.48";"5.36"
"Heritage Farm Museum";"Mar 8, 2026, 04:00:00";"34";"0";"0.4";"89.28";"5.61"
"Heritage Farm Museum";"Mar 8, 2026, 03:00:00";"36";"0.52";"0.43";"94.68";"2.9"
"Heritage Farm Museum";"Mar 8, 2026, 01:00:00";"38";"1.68";"0.4";"68.09";"9.72"
"Heritage Farm Museum";"Mar 8, 2026, 00:00:00";"38";"0.06";"0.39";"55.47";"14.89"
"Heritage Farm Museum";"Mar 7, 2026, 23:00:00";"38";"0.04";"0.4";"53.88";"8.49"
"Heritage Farm Museum";"Mar 7, 2026, 22:00:00";"40";"0";"0.44";"67.54";"7.63"
"Heritage Farm Museum";"Mar 7, 2026, 21:00:00";"42";"0.21";"0.42";"59.4";"6.09"
"Heritage Farm Museum";"Mar 7, 2026, 20:00:00";"45";"0";"0.42";"53.25";"8.09"
"Heritage Farm Museum";"Mar 7, 2026, 19:00:00";"47";"0";"0.42";"51.34";"8.29"
"Heritage Farm Museum";"Mar 7, 2026, 18:00:00";"49";"0";"0.45";"57.24";"8.15"
"Heritage Farm Museum";"Mar 7, 2026, 17:00:00";"51";"0";"0.45";"49.58";"7.95"
"Heritage Farm Museum";"Mar 7, 2026, 16:00:00";"52";"0";"0.4";"37.45";"9.4"
"Heritage Farm Museum";"Mar 7, 2026, 15:00:00";"53";"0";"0.38";"34.39";"9.78"
"Heritage Farm Museum";"Mar 7, 2026, 14:00:00";"54";"0";"0.35";"31.47";"9.5"
"Heritage Farm Museum";"Mar 7, 2026, 13:00:00";"54";"0";"0.32";"28.98";"7.97"
"Heritage Farm Museum";"Mar 7, 2026, 12:00:00";"55";"0.02";"0.29";"26.67";"5.32"
"Heritage Farm Museum";"Mar 7, 2026, 11:00:00";"56";"0.45";"0.28";"24.28";"4.11"
"Heritage Farm Museum";"Mar 7, 2026, 10:00:00";"57";"1.61";"0.26";"22.42";"4.36"
"Heritage Farm Museum";"Mar 7, 2026, 09:00:00";"58";"1.29";"0.22";"19.4";"6.5"
"Heritage Farm Museum";"Mar 7, 2026, 08:00:00";"59";"1.58";"0.2";"17.98";"8.47"
"Heritage Farm Museum";"Mar 7, 2026, 07:00:00";"60";"1.28";"0.19";"17.4";"8.96"
"Heritage Farm Museum";"Mar 7, 2026, 06:00:00";"60";"0.77";"0.19";"16.9";"9.2"
"Heritage Farm Museum";"Mar 7, 2026, 05:00:00";"61";"0.84";"0.19";"16.41";"8.14"
"Heritage Farm Museum";"Mar 7, 2026, 04:00:00";"62";"1.68";"0.2";"17.23";"13.33"
"Heritage Farm Museum";"Mar 7, 2026, 03:00:00";"3";"1.82";"0.2";"17.06";"17.41"
"Heritage Farm Museum";"Mar 7, 2026, 02:00:00";"4";"1.15";"0.22";"17";"13.32"
"Heritage Farm Museum";"Mar 7, 2026, 01:00:00";"4";"0.47";"0.24";"17.6";"12.57"
"Heritage Farm Museum";"Mar 7, 2026, 00:00:00";"4";"0.98";"0.26";"19.17";"14.31"
"Heritage Farm Museum";"Mar 6, 2026, 23:00:00";"4";"1.03";"0.26";"20.36";"19.39"
"Heritage Farm Museum";"Mar 6, 2026, 22:00:00";"4";"0.62";"0.26";"20.7";"20.32"
"Heritage Farm Museum";"Mar 6, 2026, 21:00:00";"4";"0.9";"0.26";"21.4";"19.68"
"Heritage Farm Museum";"Mar 6, 2026, 20:00:00";"4";"1.49";"0.28";"21.26";"19.45"
"Heritage Farm Museum";"Mar 6, 2026, 19:00:00";"5";"2.04";"0.31";"22.13";"20.18"
"Heritage Farm Museum";"Mar 6, 2026, 18:00:00";"5";"2.2";"0.33";"23.73";"18.5"
"Heritage Farm Museum";"Mar 6, 2026, 17:00:00";"5";"2.52";"0.35";"25.36";"22.14"
"Heritage Farm Museum";"Mar 6, 2026, 16:00:00";"5";"1.38";"0.36";"27.91";"20.78"
"Heritage Farm Museum";"Mar 6, 2026, 15:00:00";"5";"1.13";"0.37";"29.06";"18.13"
"Heritage Farm Museum";"Mar 6, 2026, 14:00:00";"5";"1.28";"0.38";"30.48";"18.81"
"Heritage Farm Museum";"Mar 6, 2026, 13:00:00";"5";"1.52";"0.38";"30.33";"18.28"
"Heritage Farm Museum";"Mar 6, 2026, 12:00:00";"5";"1.73";"0.38";"30.52";"14.36"
"Heritage Farm Museum";"Mar 6, 2026, 11:00:00";"5";"2.99";"0.39";"30.6";"14.4"
"Heritage Farm Museum";"Mar 6, 2026, 10:00:00";"5";"2.92";"0.37";"31.25";"0"
"Heritage Farm Museum";"Mar 6, 2026, 09:00:00";"5";"4.3";"0.37";"31.46";"0"
"Heritage Farm Museum";"Mar 6, 2026, 08:00:00";"7";"6.42";"0.37";"32.71";"0"
"Heritage Farm Museum";"Mar 6, 2026, 07:00:00";"7";"6.82";"0.36";"34.05";"0"
"Heritage Farm Museum";"Mar 6, 2026, 06:00:00";"5";"3.78";"0.35";"35.02";"0"
"Heritage Farm Museum";"Mar 6, 2026, 05:00:00";"5";"3.91";"0.36";"36.12";"0"
"Heritage Farm Museum";"Mar 6, 2026, 04:00:00";"5";"2.79";"0.36";"35.67";"0"
"Heritage Farm Museum";"Mar 6, 2026, 03:00:00";"5";"3.32";"0.37";"38.07";"0"
"Heritage Farm Museum";"Mar 6, 2026, 02:00:00";"6";"5.63";"0.39";"39.49";"0"
"Heritage Farm Museum";"Mar 6, 2026, 01:00:00";"6";"5.15";"0.39";"38.56";"0"
"Heritage Farm Museum";"Mar 6, 2026, 00:00:00";"6";"6.03";"0.39";"39.76";"0"
"Heritage Farm Museum";"Mar 5, 2026, 23:00:00";"11";"11.31";"0.43";"39.75";"0"
"Heritage Farm Museum";"Mar 5, 2026, 22:00:00";"9";"8.33";"0.42";"32.88";"0"
"Heritage Farm Museum";"Mar 5, 2026, 21:00:00";"6";"5.88";"0.41";"31.07";"32.35"
"Heritage Farm Museum";"Mar 5, 2026, 20:00:00";"10";"9.53";"0.47";"34.02";"27.8"
"Heritage Farm Museum";"Mar 5, 2026, 19:00:00";"13";"12.85";"0.51";"36.04";"31.37"
"Heritage Farm Museum";"Mar 5, 2026, 18:00:00";"12";"12";"0.54";"38.19";"31.07"
"Heritage Farm Museum";"Mar 5, 2026, 17:00:00";"6";"5.76";"0.52";"41.53";"26.39"
"Heritage Farm Museum";"Mar 5, 2026, 16:00:00";"6";"1.86";"0.48";"43.32";"21.4"
"Heritage Farm Museum";"Mar 5, 2026, 15:00:00";"6";"2.64";"0.5";"44.22";"24.68"
"Heritage Farm Museum";"Mar 5, 2026, 14:00:00";"5";"4.62";"0.49";"43.37";"29.13"
"Heritage Farm Museum";"Mar 5, 2026, 13:00:00";"5";"4.69";"0.47";"41.29";"29.5"
"Heritage Farm Museum";"Mar 5, 2026, 12:00:00";"5";"4.43";"0.45";"40.31";"34.1"
"Heritage Farm Museum";"Mar 5, 2026, 11:00:00";"7";"7.02";"0.45";"39.29";"31.65"
"Heritage Farm Museum";"Mar 5, 2026, 10:00:00";"6";"6.15";"0.41";"36.12";"0"
"Heritage Farm Museum";"Mar 5, 2026, 09:00:00";"7";"6.37";"0.39";"33.36";"0"
"Heritage Farm Museum";"Mar 5, 2026, 08:00:00";"7";"6.87";"0.36";"30.7";"0"
"Heritage Farm Museum";"Mar 5, 2026, 07:00:00";"8";"7.69";"0.36";"30.33";"0"
"Heritage Farm Museum";"Mar 5, 2026, 06:00:00";"9";"9.08";"0.35";"30.09";"0"
"Heritage Farm Museum";"Mar 5, 2026, 05:00:00";"9";"8.91";"0.34";"29.75";"0"
"Heritage Farm Museum";"Mar 5, 2026, 04:00:00";"9";"8.93";"0.35";"29.63";"0"
"Heritage Farm Museum";"Mar 5, 2026, 03:00:00";"10";"10.41";"0.37";"29.66";"0"
"Heritage Farm Museum";"Mar 5, 2026, 02:00:00";"12";"12.4";"0.43";"32.42";"0"
"Heritage Farm Museum";"Mar 5, 2026, 01:00:00";"12";"11.81";"0.46";"34.15";"0"
"Heritage Farm Museum";"Mar 5, 2026, 00:00:00";"57";"12.76";"0.46";"34.98";"0"
"Heritage Farm Museum";"Mar 4, 2026, 23:00:00";"56";"13.08";"0.45";"35";"0"
"Heritage Farm Museum";"Mar 4, 2026, 22:00:00";"55";"5.44";"0.36";"32.13";"0"
"Heritage Farm Museum";"Mar 4, 2026, 21:00:00";"55";"3.97";"0.33";"31.87";"0"
"Heritage Farm Museum";"Mar 4, 2026, 20:00:00";"54";"4.18";"0.34";"32.03";"0"
"Heritage Farm Museum";"Mar 4, 2026, 19:00:00";"54";"3.81";"0.34";"32.75";"0"
"Heritage Farm Museum";"Mar 4, 2026, 18:00:00";"53";"2.86";"0.33";"33.48";"25.37"
"Heritage Farm Museum";"Mar 4, 2026, 17:00:00";"52";"2.46";"0.33";"31.58";"23.39"
"Heritage Farm Museum";"Mar 4, 2026, 16:00:00";"50";"2.9";"0.35";"31.19";"18.05"
"Heritage Farm Museum";"Mar 4, 2026, 15:00:00";"48";"3.81";"0.38";"33.58";"19.6"
"Heritage Farm Museum";"Mar 4, 2026, 14:00:00";"46";"2.86";"0.32";"30.41";"20.81"
"Heritage Farm Museum";"Mar 4, 2026, 13:00:00";"45";"2.53";"0.32";"28.96";"21.8"
"Heritage Farm Museum";"Mar 4, 2026, 12:00:00";"45";"1.64";"0.35";"30.31";"14.65"
"Heritage Farm Museum";"Mar 4, 2026, 11:00:00";"47";"0.55";"0.33";"29.89";"11.04"
"Heritage Farm Museum";"Mar 4, 2026, 10:00:00";"50";"1.83";"0.35";"30.72";"10.1"
"Heritage Farm Museum";"Mar 4, 2026, 09:00:00";"52";"4.89";"0.33";"26.93";"11.12"
"Heritage Farm Museum";"Mar 4, 2026, 08:00:00";"53";"4.7";"0.31";"25.07";"15.1"
"Heritage Farm Museum";"Mar 4, 2026, 07:00:00";"54";"5.72";"0.29";"24.63";"14.45"
"Heritage Farm Museum";"Mar 4, 2026, 06:00:00";"54";"1.02";"0.24";"22.28";"17.08"
"Heritage Farm Museum";"Mar 4, 2026, 05:00:00";"54";"0.61";"0.24";"22.55";"11.61"
"Heritage Farm Museum";"Mar 4, 2026, 04:00:00";"54";"0.25";"0.23";"23";"9.63"
"Heritage Farm Museum";"Mar 4, 2026, 03:00:00";"55";"1.04";"0.23";"22.61";"8.56"
"Heritage Farm Museum";"Mar 4, 2026, 02:00:00";"56";"1.38";"0.23";"22.68";"8.45"
"Heritage Farm Museum";"Mar 4, 2026, 01:00:00";"58";"1.58";"0.23";"21.46";"8.11"
"Heritage Farm Museum";"Mar 4, 2026, 00:00:00";"59";"4.13";"0.24";"20.46";"8.23"
"Heritage Farm Museum";"Mar 3, 2026, 23:00:00";"61";"3.62";"0.23";"19.21";"8.91"
"Heritage Farm Museum";"Mar 3, 2026, 22:00:00";"63";"3.55";"0.23";"17.28";"8.73"
"Heritage Farm Museum";"Mar 3, 2026, 21:00:00";"64";"4.55";"0.24";"15.72";"7.45"
"Heritage Farm Museum";"Mar 3, 2026, 20:00:00";"66";"5.22";"0.24";"14.89";"8.59"
"Heritage Farm Museum";"Mar 3, 2026, 19:00:00";"66";"7.84";"0.25";"15.13";"8.38"
"Heritage Farm Museum";"Mar 3, 2026, 18:00:00";"67";"5.49";"0.23";"13.89";"8.09"
"Heritage Farm Museum";"Mar 3, 2026, 17:00:00";"67";"4.79";"0.23";"13.81";"7.73"
"Heritage Farm Museum";"Mar 3, 2026, 16:00:00";"67";"5.73";"0.22";"12.47";"6.56"
"Heritage Farm Museum";"Mar 3, 2026, 15:00:00";"67";"5.92";"0.23";"11.47";"7.28"
"Heritage Farm Museum";"Mar 3, 2026, 14:00:00";"67";"7.55";"0.23";"9.68";"15.81"
"Heritage Farm Museum";"Mar 3, 2026, 13:00:00";"66";"7.88";"0.23";"8.51";"19.44"
"Heritage Farm Museum";"Mar 3, 2026, 12:00:00";"64";"9.45";"0.26";"8.3";"25.04"
"Heritage Farm Museum";"Mar 3, 2026, 11:00:00";"62";"8.91";"0.24";"7.67";"30.97"
"Heritage Farm Museum";"Mar 3, 2026, 10:00:00";"60";"8.22";"0.22";"6.94";"30.56"
"Heritage Farm Museum";"Mar 3, 2026, 09:00:00";"57";"6.17";"0.19";"6.11";"24.53"
"Heritage Farm Museum";"Mar 3, 2026, 08:00:00";"55";"4.89";"0.17";"5.93";"18"
"Heritage Farm Museum";"Mar 3, 2026, 07:00:00";"54";"3.7";"0.15";"8.66";"16.32"
"Heritage Farm Museum";"Mar 3, 2026, 06:00:00";"53";"3.94";"0.16";"4.43";"15.41"
"Heritage Farm Museum";"Mar 3, 2026, 05:00:00";"52";"4.44";"0.16";"4.39";"17.24"
"Heritage Farm Museum";"Mar 3, 2026, 04:00:00";"50";"5.55";"0.17";"4.37";"19.4"
"Heritage Farm Museum";"Mar 3, 2026, 03:00:00";"47";"6.74";"0.19";"4.48";"23.03"
"Heritage Farm Museum";"Mar 3, 2026, 02:00:00";"43";"6.94";"0.19";"3.57";"25.69"
"Heritage Farm Museum";"Mar 3, 2026, 01:00:00";"39";"6.82";"0.19";"3.76";"26.85"
"Heritage Farm Museum";"Mar 3, 2026, 00:00:00";"35";"7.35";"0.19";"3.37";"28.58"