sep=;
"Location";"Date";"AQI";"NO2 (ppb)";"CO (ppm)";"VOCs (ppb)";"PM2.5 (µg/m³)"
"Newberry Condo Assoc";"May 14, 2026, 10:00:00";"33";"0.38";"0.13";"42.15";"4.45"
"Newberry Condo Assoc";"May 14, 2026, 09:00:00";"33";"0.75";"0.12";"42.08";"5.59"
"Newberry Condo Assoc";"May 14, 2026, 08:00:00";"33";"2.08";"0.14";"43.48";"10.52"
"Newberry Condo Assoc";"May 14, 2026, 07:00:00";"32";"1.54";"0.12";"43.22";"16.09"
"Newberry Condo Assoc";"May 14, 2026, 06:00:00";"29";"2.38";"0.16";"44.07";"18.53"
"Newberry Condo Assoc";"May 14, 2026, 05:00:00";"27";"2.2";"0.11";"43.72";"13.82"
"Newberry Condo Assoc";"May 14, 2026, 04:00:00";"25";"2.39";"0.11";"43.5";"11.98"
"Newberry Condo Assoc";"May 14, 2026, 03:00:00";"23";"3.15";"0.12";"44.42";"20.93"
"Newberry Condo Assoc";"May 14, 2026, 02:00:00";"20";"3.94";"0.14";"46.62";"19.44"
"Newberry Condo Assoc";"May 14, 2026, 01:00:00";"17";"12.19";"0.17";"45.69";"12.98"
"Newberry Condo Assoc";"May 14, 2026, 00:00:00";"15";"12.11";"0.21";"44.11";"9.41"
"Newberry Condo Assoc";"May 13, 2026, 23:00:00";"14";"7.14";"0.17";"40.02";"4.28"
"Newberry Condo Assoc";"May 13, 2026, 22:00:00";"13";"4.37";"0.17";"38.47";"3.7"
"Newberry Condo Assoc";"May 13, 2026, 21:00:00";"13";"3.07";"0.18";"39.84";"2.6"
"Newberry Condo Assoc";"May 13, 2026, 20:00:00";"13";"3.53";"0.23";"42.91";"3.14"
"Newberry Condo Assoc";"May 13, 2026, 19:00:00";"13";"4.52";"0.23";"41.75";"3.11"
"Newberry Condo Assoc";"May 13, 2026, 18:00:00";"13";"3.39";"0.23";"40.56";"3.39"
"Newberry Condo Assoc";"May 13, 2026, 17:00:00";"13";"6.13";"0.27";"44.76";"3.15"
"Newberry Condo Assoc";"May 13, 2026, 16:00:00";"13";"3.96";"0.24";"39.69";"3.21"
"Newberry Condo Assoc";"May 13, 2026, 15:00:00";"12";"0.96";"0.22";"34.79";"3.24"
"Newberry Condo Assoc";"May 13, 2026, 14:00:00";"12";"0.14";"0.22";"36.82";"3.05"
"Newberry Condo Assoc";"May 13, 2026, 13:00:00";"12";"0.3";"0.21";"34.6";"3.29"
"Newberry Condo Assoc";"May 13, 2026, 12:00:00";"12";"1.59";"0.2";"35.31";"3.67"
"Newberry Condo Assoc";"May 13, 2026, 11:00:00";"12";"2.17";"0.2";"35.81";"4.36"
"Newberry Condo Assoc";"May 13, 2026, 10:00:00";"12";"4.85";"0.21";"34.22";"4.46"
"Newberry Condo Assoc";"May 13, 2026, 09:00:00";"11";"6.17";"0.19";"28.72";"4.33"
"Newberry Condo Assoc";"May 13, 2026, 08:00:00";"11";"6.73";"0.17";"26.56";"3.71"
"Newberry Condo Assoc";"May 13, 2026, 07:00:00";"11";"6.23";"0.16";"25.09";"3.25"
"Newberry Condo Assoc";"May 13, 2026, 06:00:00";"11";"3.78";"0.14";"24.59";"3.17"
"Newberry Condo Assoc";"May 13, 2026, 05:00:00";"11";"2.06";"0.13";"26.16";"2.81"
"Newberry Condo Assoc";"May 13, 2026, 04:00:00";"11";"1.59";"0.13";"27.92";"2.39"
"Newberry Condo Assoc";"May 13, 2026, 03:00:00";"11";"1.37";"0.14";"29.5";"2.32"
"Newberry Condo Assoc";"May 13, 2026, 02:00:00";"11";"1.7";"0.15";"29.97";"2.25"
"Newberry Condo Assoc";"May 13, 2026, 01:00:00";"11";"1.61";"0.16";"30.69";"2.02"
"Newberry Condo Assoc";"May 13, 2026, 00:00:00";"11";"2.1";"0.18";"31.47";"1.91"
"Newberry Condo Assoc";"May 12, 2026, 23:00:00";"11";"2.66";"0.2";"32.16";"2.15"
"Newberry Condo Assoc";"May 12, 2026, 22:00:00";"11";"2.8";"0.22";"34.19";"2.51"
"Newberry Condo Assoc";"May 12, 2026, 21:00:00";"11";"2.5";"0.22";"35.39";"2.85"
"Newberry Condo Assoc";"May 12, 2026, 20:00:00";"11";"0.62";"0.21";"33.82";"2.2"
"Newberry Condo Assoc";"May 12, 2026, 19:00:00";"11";"0.36";"0.2";"33.57";"2.25"
"Newberry Condo Assoc";"May 12, 2026, 18:00:00";"11";"0.16";"0.19";"33.27";"2.21"
"Newberry Condo Assoc";"May 12, 2026, 17:00:00";"11";"0.02";"0.2";"32.35";"2.04"
"Newberry Condo Assoc";"May 12, 2026, 16:00:00";"11";"0";"0.19";"32.17";"2.23"
"Newberry Condo Assoc";"May 12, 2026, 15:00:00";"11";"0.09";"0.19";"32.45";"2.54"
"Newberry Condo Assoc";"May 12, 2026, 14:00:00";"11";"0.05";"0.18";"34.07";"3.04"
"Newberry Condo Assoc";"May 12, 2026, 13:00:00";"11";"0.29";"0.16";"34.71";"3.14"
"Newberry Condo Assoc";"May 12, 2026, 12:00:00";"11";"0";"0.15";"35.22";"3"
"Newberry Condo Assoc";"May 12, 2026, 11:00:00";"10";"0";"0.16";"33.47";"2.39"
"Newberry Condo Assoc";"May 12, 2026, 10:00:00";"10";"0.47";"0.15";"31.99";"2.54"
"Newberry Condo Assoc";"May 12, 2026, 09:00:00";"10";"1.02";"0.11";"28.98";"2.13"
"Newberry Condo Assoc";"May 12, 2026, 08:00:00";"10";"3.42";"0.12";"29.41";"2.36"
"Newberry Condo Assoc";"May 12, 2026, 07:00:00";"10";"3.22";"0.1";"28.85";"2.51"
"Newberry Condo Assoc";"May 12, 2026, 06:00:00";"10";"2.64";"0.12";"29.93";"3.03"
"Newberry Condo Assoc";"May 12, 2026, 05:00:00";"10";"3.45";"0.13";"32.01";"4.28"
"Newberry Condo Assoc";"May 12, 2026, 04:00:00";"9";"3.71";"0.12";"33.25";"3.92"
"Newberry Condo Assoc";"May 12, 2026, 03:00:00";"9";"3.14";"0.11";"29.38";"2.79"
"Newberry Condo Assoc";"May 12, 2026, 02:00:00";"9";"2.96";"0.11";"28.48";"2.38"
"Newberry Condo Assoc";"May 12, 2026, 01:00:00";"9";"3.02";"0.12";"26.91";"1.76"
"Newberry Condo Assoc";"May 12, 2026, 00:00:00";"11";"3.47";"0.14";"25.86";"1.87"
"Newberry Condo Assoc";"May 11, 2026, 23:00:00";"12";"7.89";"0.17";"25.99";"1.65"
"Newberry Condo Assoc";"May 11, 2026, 22:00:00";"14";"9.2";"0.19";"26.96";"1.72"
"Newberry Condo Assoc";"May 11, 2026, 21:00:00";"15";"3.7";"0.18";"26.49";"2.12"
"Newberry Condo Assoc";"May 11, 2026, 20:00:00";"15";"0.96";"0.16";"28.3";"1.4"
"Newberry Condo Assoc";"May 11, 2026, 19:00:00";"16";"0.1";"0.12";"28.59";"1.58"
"Newberry Condo Assoc";"May 11, 2026, 18:00:00";"17";"0.03";"0.26";"32.29";"1.72"
"Newberry Condo Assoc";"May 11, 2026, 17:00:00";"18";"0";"0.18";"33.92";"2.32"
"Newberry Condo Assoc";"May 11, 2026, 16:00:00";"19";"0.56";"0.15";"31.36";"3.14"
"Newberry Condo Assoc";"May 11, 2026, 15:00:00";"20";"2.8";"0.15";"30.92";"2.98"
"Newberry Condo Assoc";"May 11, 2026, 14:00:00";"20";"3.89";"0.15";"30.69";"2.85"
"Newberry Condo Assoc";"May 11, 2026, 13:00:00";"20";"2.35";"0.13";"30.37";"2.45"
"Newberry Condo Assoc";"May 11, 2026, 12:00:00";"20";"1.53";"0.09";"29.69";"1.52"
"Newberry Condo Assoc";"May 11, 2026, 11:00:00";"20";"2.26";"0.12";"30.71";"1.81"
"Newberry Condo Assoc";"May 11, 2026, 10:00:00";"20";"2.87";"0.14";"30.77";"2.76"
"Newberry Condo Assoc";"May 11, 2026, 09:00:00";"21";"1.64";"0.11";"28.68";"1.56"
"Newberry Condo Assoc";"May 11, 2026, 08:00:00";"23";"1.63";"0.1";"26.79";"1.5"
"Newberry Condo Assoc";"May 11, 2026, 07:00:00";"25";"0.28";"0.08";"27.16";"1.33"
"Newberry Condo Assoc";"May 11, 2026, 06:00:00";"27";"0";"0.07";"28.49";"1.28"
"Newberry Condo Assoc";"May 11, 2026, 05:00:00";"30";"0";"0.07";"30.29";"1.86"
"Newberry Condo Assoc";"May 11, 2026, 04:00:00";"33";"0";"0.08";"35.19";"2.11"
"Newberry Condo Assoc";"May 11, 2026, 03:00:00";"35";"0";"0.1";"42.02";"3"
"Newberry Condo Assoc";"May 11, 2026, 02:00:00";"37";"0";"0.15";"52.2";"5.31"
"Newberry Condo Assoc";"May 11, 2026, 01:00:00";"38";"0";"0.19";"59.51";"9.56"
"Newberry Condo Assoc";"May 11, 2026, 00:00:00";"37";"0.55";"0.21";"59.38";"9"
"Newberry Condo Assoc";"May 10, 2026, 23:00:00";"37";"0.12";"0.24";"62.31";"10.02"
"Newberry Condo Assoc";"May 10, 2026, 22:00:00";"38";"1.32";"0.26";"62.89";"7.75"
"Newberry Condo Assoc";"May 10, 2026, 21:00:00";"38";"0.1";"0.23";"58.72";"6.02"
"Newberry Condo Assoc";"May 10, 2026, 20:00:00";"38";"0.47";"0.24";"60.56";"7.62"
"Newberry Condo Assoc";"May 10, 2026, 19:00:00";"38";"0.12";"0.25";"57.77";"6.58"
"Newberry Condo Assoc";"May 10, 2026, 18:00:00";"37";"0.56";"0.31";"59.11";"8.82"
"Newberry Condo Assoc";"May 10, 2026, 17:00:00";"36";"0";"0.26";"54.6";"8.55"
"Newberry Condo Assoc";"May 10, 2026, 16:00:00";"35";"0.13";"0.25";"50.56";"4.62"
"Newberry Condo Assoc";"May 10, 2026, 15:00:00";"35";"0";"0.18";"59.12";"2.62"
"Newberry Condo Assoc";"May 10, 2026, 14:00:00";"36";"0";"0.19";"65.29";"2.65"
"Newberry Condo Assoc";"May 10, 2026, 13:00:00";"36";"0";"0.19";"62.59";"2.72"
"Newberry Condo Assoc";"May 10, 2026, 12:00:00";"36";"0";"0.2";"60.68";"3.11"
"Newberry Condo Assoc";"May 10, 2026, 11:00:00";"37";"5.18";"0.29";"57.82";"4.77"
"Newberry Condo Assoc";"May 10, 2026, 10:00:00";"36";"4.61";"0.3";"61.69";"6.55"
"Newberry Condo Assoc";"May 10, 2026, 09:00:00";"36";"6.01";"0.25";"49.67";"11.17"
"Newberry Condo Assoc";"May 10, 2026, 08:00:00";"34";"2.16";"0.25";"44.73";"12.51"
"Newberry Condo Assoc";"May 10, 2026, 07:00:00";"33";"4.28";"0.3";"47.24";"16.04"
"Newberry Condo Assoc";"May 10, 2026, 06:00:00";"30";"0.98";"0.27";"45.14";"17.76"
"Newberry Condo Assoc";"May 10, 2026, 05:00:00";"28";"0.61";"0.24";"41.82";"19.2"
"Newberry Condo Assoc";"May 10, 2026, 04:00:00";"25";"2.8";"0.25";"41.22";"15.58"
"Newberry Condo Assoc";"May 10, 2026, 03:00:00";"23";"1.32";"0.28";"42.88";"12.04"
"Newberry Condo Assoc";"May 10, 2026, 02:00:00";"21";"1.57";"0.28";"42.07";"9.69"
"Newberry Condo Assoc";"May 10, 2026, 01:00:00";"20";"2.77";"0.32";"41.59";"7.63"
"Newberry Condo Assoc";"May 10, 2026, 00:00:00";"19";"4.73";"0.42";"45.95";"8.63"
"Newberry Condo Assoc";"May 9, 2026, 23:00:00";"18";"5.04";"0.45";"47.06";"12.13"
"Newberry Condo Assoc";"May 9, 2026, 22:00:00";"16";"3.89";"0.4";"45.95";"7.51"
"Newberry Condo Assoc";"May 9, 2026, 21:00:00";"15";"1.63";"0.36";"43.67";"9.99"
"Newberry Condo Assoc";"May 9, 2026, 20:00:00";"14";"0.6";"0.24";"36.65";"3.42"
"Newberry Condo Assoc";"May 9, 2026, 19:00:00";"14";"0.02";"0.23";"36.41";"3.36"
"Newberry Condo Assoc";"May 9, 2026, 18:00:00";"13";"0.1";"0.22";"36.52";"3"
"Newberry Condo Assoc";"May 9, 2026, 17:00:00";"13";"0";"0.24";"38.2";"3.59"
"Newberry Condo Assoc";"May 9, 2026, 16:00:00";"13";"0";"0.24";"35.11";"4.15"
"Newberry Condo Assoc";"May 9, 2026, 15:00:00";"13";"0.03";"0.24";"36.34";"4.64"
"Newberry Condo Assoc";"May 9, 2026, 14:00:00";"12";"0.09";"0.24";"37.19";"4.64"
"Newberry Condo Assoc";"May 9, 2026, 13:00:00";"12";"0.62";"0.24";"36.96";"4.94"
"Newberry Condo Assoc";"May 9, 2026, 12:00:00";"12";"0.58";"0.22";"35.49";"4.53"
"Newberry Condo Assoc";"May 9, 2026, 11:00:00";"11";"0.95";"0.22";"31.66";"4.13"
"Newberry Condo Assoc";"May 9, 2026, 10:00:00";"11";"4.16";"0.21";"27.52";"3.27"
"Newberry Condo Assoc";"May 9, 2026, 09:00:00";"11";"3.52";"0.19";"26.65";"2.98"
"Newberry Condo Assoc";"May 9, 2026, 08:00:00";"11";"3.52";"0.17";"24.59";"2.97"
"Newberry Condo Assoc";"May 9, 2026, 07:00:00";"11";"3.99";"0.17";"24.18";"2.76"
"Newberry Condo Assoc";"May 9, 2026, 06:00:00";"11";"1.94";"0.15";"23.28";"2.51"
"Newberry Condo Assoc";"May 9, 2026, 05:00:00";"11";"0.52";"0.14";"23.38";"2.46"
"Newberry Condo Assoc";"May 9, 2026, 04:00:00";"11";"0.46";"0.14";"24.52";"2.36"
"Newberry Condo Assoc";"May 9, 2026, 03:00:00";"12";"0.42";"0.15";"25.68";"2.15"
"Newberry Condo Assoc";"May 9, 2026, 02:00:00";"12";"0.91";"0.15";"25.67";"2.31"
"Newberry Condo Assoc";"May 9, 2026, 01:00:00";"12";"0.54";"0.16";"26.91";"2.5"
"Newberry Condo Assoc";"May 9, 2026, 00:00:00";"12";"1.02";"0.18";"26.89";"2.15"
"Newberry Condo Assoc";"May 8, 2026, 23:00:00";"12";"1.07";"0.19";"28.17";"2.63"
"Newberry Condo Assoc";"May 8, 2026, 22:00:00";"12";"0.78";"0.21";"30.76";"2.7"
"Newberry Condo Assoc";"May 8, 2026, 21:00:00";"12";"0.76";"0.21";"31.51";"2.42"
"Newberry Condo Assoc";"May 8, 2026, 20:00:00";"12";"0.82";"0.2";"30.44";"2.29"
"Newberry Condo Assoc";"May 8, 2026, 19:00:00";"13";"2.3";"0.2";"30.42";"1.9"
"Newberry Condo Assoc";"May 8, 2026, 18:00:00";"13";"0.09";"0.18";"28.68";"2.02"
"Newberry Condo Assoc";"May 8, 2026, 17:00:00";"13";"0";"0.18";"27.78";"2.09"
"Newberry Condo Assoc";"May 8, 2026, 16:00:00";"13";"0.13";"0.17";"30.19";"2.13"
"Newberry Condo Assoc";"May 8, 2026, 15:00:00";"14";"0";"0.17";"32.05";"2.38"
"Newberry Condo Assoc";"May 8, 2026, 14:00:00";"14";"0";"0.17";"30.66";"2.42"
"Newberry Condo Assoc";"May 8, 2026, 13:00:00";"14";"0";"0.15";"30.9";"3.82"
"Newberry Condo Assoc";"May 8, 2026, 12:00:00";"14";"0";"0.15";"32.67";"2.58"
"Newberry Condo Assoc";"May 8, 2026, 11:00:00";"14";"0.54";"0.15";"33.49";"2.68"
"Newberry Condo Assoc";"May 8, 2026, 10:00:00";"14";"2.33";"0.17";"30.18";"2.53"
"Newberry Condo Assoc";"May 8, 2026, 09:00:00";"14";"7.53";"0.17";"28.37";"3.53"
"Newberry Condo Assoc";"May 8, 2026, 08:00:00";"21";"20.97";"0.34";"42.88";"3.94"
"Newberry Condo Assoc";"May 8, 2026, 07:00:00";"16";"16.5";"0.47";"32.73";"3.99"
"Newberry Condo Assoc";"May 8, 2026, 06:00:00";"13";"4.57";"0.15";"26.32";"2.8"
"Newberry Condo Assoc";"May 8, 2026, 05:00:00";"13";"1.11";"0.09";"24.63";"2.69"
"Newberry Condo Assoc";"May 8, 2026, 04:00:00";"13";"1.16";"0.08";"25.73";"2.97"
"Newberry Condo Assoc";"May 8, 2026, 03:00:00";"13";"0.66";"0.08";"28.38";"2.44"
"Newberry Condo Assoc";"May 8, 2026, 02:00:00";"14";"1.43";"0.1";"30.89";"2.36"
"Newberry Condo Assoc";"May 8, 2026, 01:00:00";"15";"7.38";"0.15";"32.03";"3.92"
"Newberry Condo Assoc";"May 8, 2026, 00:00:00";"15";"9.76";"0.19";"30.18";"3.61"
"Newberry Condo Assoc";"May 7, 2026, 23:00:00";"15";"8.79";"0.19";"28.7";"3.23"
"Newberry Condo Assoc";"May 7, 2026, 22:00:00";"14";"5.08";"0.19";"28.02";"3.13"
"Newberry Condo Assoc";"May 7, 2026, 21:00:00";"14";"4.53";"0.2";"29.09";"3.05"
"Newberry Condo Assoc";"May 7, 2026, 20:00:00";"15";"3.71";"0.2";"30.62";"3.46"
"Newberry Condo Assoc";"May 7, 2026, 19:00:00";"15";"3.41";"0.21";"31.85";"3.97"
"Newberry Condo Assoc";"May 7, 2026, 18:00:00";"15";"1.13";"0.2";"34.06";"3.91"
"Newberry Condo Assoc";"May 7, 2026, 17:00:00";"15";"0.25";"0.17";"33.67";"2.73"
"Newberry Condo Assoc";"May 7, 2026, 16:00:00";"16";"0.06";"0.17";"30.82";"3.11"
"Newberry Condo Assoc";"May 7, 2026, 15:00:00";"16";"0";"0.16";"32.04";"3.11"
"Newberry Condo Assoc";"May 7, 2026, 14:00:00";"16";"0.16";"0.15";"33.64";"3.78"
"Newberry Condo Assoc";"May 7, 2026, 13:00:00";"16";"0.13";"0.14";"30.73";"3.72"
"Newberry Condo Assoc";"May 7, 2026, 12:00:00";"17";"0.77";"0.11";"27.84";"2.92"
"Newberry Condo Assoc";"May 7, 2026, 11:00:00";"17";"0.62";"0.1";"27.72";"2.62"
"Newberry Condo Assoc";"May 7, 2026, 10:00:00";"17";"0.28";"0.09";"28.8";"2.42"
"Newberry Condo Assoc";"May 7, 2026, 09:00:00";"18";"0.66";"0.11";"31.49";"2.28"
"Newberry Condo Assoc";"May 7, 2026, 08:00:00";"18";"1";"0.1";"32.31";"2.3"
"Newberry Condo Assoc";"May 7, 2026, 07:00:00";"19";"1.18";"0.1";"34.7";"2.13"
"Newberry Condo Assoc";"May 7, 2026, 06:00:00";"19";"0.37";"0.11";"36.84";"2.45"
"Newberry Condo Assoc";"May 7, 2026, 05:00:00";"19";"0.29";"0.1";"37.49";"3.47"
"Newberry Condo Assoc";"May 7, 2026, 04:00:00";"19";"0.2";"0.1";"37.87";"3.99"
"Newberry Condo Assoc";"May 7, 2026, 03:00:00";"19";"0.07";"0.1";"38.35";"5.62"
"Newberry Condo Assoc";"May 7, 2026, 02:00:00";"19";"0.02";"0.16";"40.05";"8.13"
"Newberry Condo Assoc";"May 7, 2026, 01:00:00";"19";"0.01";"0.14";"42.81";"3.85"
"Newberry Condo Assoc";"May 7, 2026, 00:00:00";"19";"0";"0.16";"45.58";"1.59"
"Newberry Condo Assoc";"May 6, 2026, 23:00:00";"20";"0";"0.18";"50.09";"1.68"
"Newberry Condo Assoc";"May 6, 2026, 22:00:00";"20";"0";"0.2";"57.99";"2.29"
"Newberry Condo Assoc";"May 6, 2026, 21:00:00";"21";"0.32";"0.22";"66.62";"5.44"
"Newberry Condo Assoc";"May 6, 2026, 20:00:00";"20";"0.9";"0.22";"63.44";"5.52"
"Newberry Condo Assoc";"May 6, 2026, 19:00:00";"20";"1.85";"0.25";"64.18";"5.36"
"Newberry Condo Assoc";"May 6, 2026, 18:00:00";"20";"0.29";"0.25";"62.46";"5.18"
"Newberry Condo Assoc";"May 6, 2026, 17:00:00";"20";"0.04";"0.22";"62.9";"4.86"
"Newberry Condo Assoc";"May 6, 2026, 16:00:00";"20";"0.6";"0.22";"61.45";"4.57"
"Newberry Condo Assoc";"May 6, 2026, 15:00:00";"20";"1.94";"0.21";"62.46";"4.4"
"Newberry Condo Assoc";"May 6, 2026, 14:00:00";"20";"4.39";"0.29";"60.8";"4.56"
"Newberry Condo Assoc";"May 6, 2026, 13:00:00";"20";"4.18";"0.21";"55.62";"4.67"
"Newberry Condo Assoc";"May 6, 2026, 12:00:00";"19";"3.59";"0.2";"49.42";"4.53"
"Newberry Condo Assoc";"May 6, 2026, 11:00:00";"20";"3.16";"0.21";"45.36";"5.2"
"Newberry Condo Assoc";"May 6, 2026, 10:00:00";"20";"3.63";"0.22";"42.71";"5.69"
"Newberry Condo Assoc";"May 6, 2026, 09:00:00";"19";"3.36";"0.25";"40.25";"4.86"
"Newberry Condo Assoc";"May 6, 2026, 08:00:00";"20";"3.81";"0.24";"37.67";"4.13"
"Newberry Condo Assoc";"May 6, 2026, 07:00:00";"20";"1.55";"0.21";"35.32";"3.62"
"Newberry Condo Assoc";"May 6, 2026, 06:00:00";"20";"0.7";"0.21";"34.83";"4.15"
"Newberry Condo Assoc";"May 6, 2026, 05:00:00";"20";"0";"0.21";"34.35";"4.3"
"Newberry Condo Assoc";"May 6, 2026, 04:00:00";"19";"0";"0.22";"33.99";"5.02"
"Newberry Condo Assoc";"May 6, 2026, 03:00:00";"19";"0";"0.23";"32.34";"5.22"
"Newberry Condo Assoc";"May 6, 2026, 02:00:00";"19";"0";"0.24";"31.73";"5.84"
"Newberry Condo Assoc";"May 6, 2026, 01:00:00";"18";"0";"0.25";"31.72";"5.25"
"Newberry Condo Assoc";"May 6, 2026, 00:00:00";"18";"0.06";"0.26";"30.7";"5.14"
"Newberry Condo Assoc";"May 5, 2026, 23:00:00";"17";"0";"0.26";"28.63";"4.47"
"Newberry Condo Assoc";"May 5, 2026, 22:00:00";"17";"0.1";"0.27";"27.14";"4.25"
"Newberry Condo Assoc";"May 5, 2026, 21:00:00";"17";"0.05";"0.26";"27.63";"4.24"
"Newberry Condo Assoc";"May 5, 2026, 20:00:00";"16";"1.25";"0.27";"29.98";"4.04"
"Newberry Condo Assoc";"May 5, 2026, 19:00:00";"16";"3.02";"0.28";"32.45";"3.77"
"Newberry Condo Assoc";"May 5, 2026, 18:00:00";"16";"0.43";"0.26";"34.94";"3.98"
"Newberry Condo Assoc";"May 5, 2026, 17:00:00";"16";"0.1";"0.26";"38.21";"3.93"
"Newberry Condo Assoc";"May 5, 2026, 16:00:00";"16";"0";"0.24";"40.62";"4.19"
"Newberry Condo Assoc";"May 5, 2026, 15:00:00";"15";"0";"0.24";"44.25";"4.69"
"Newberry Condo Assoc";"May 5, 2026, 14:00:00";"15";"0";"0.24";"47.6";"4.52"
"Newberry Condo Assoc";"May 5, 2026, 13:00:00";"15";"0";"0.23";"45.83";"4.29"
"Newberry Condo Assoc";"May 5, 2026, 12:00:00";"14";"0";"0.25";"42.24";"4.96"
"Newberry Condo Assoc";"May 5, 2026, 11:00:00";"14";"0.52";"0.26";"37.54";"5.1"
"Newberry Condo Assoc";"May 5, 2026, 10:00:00";"14";"4.12";"0.26";"36.35";"5.47"
"Newberry Condo Assoc";"May 5, 2026, 09:00:00";"13";"7.33";"0.27";"38.36";"6.02"
"Newberry Condo Assoc";"May 5, 2026, 08:00:00";"13";"7.39";"0.25";"33.73";"4.3"
"Newberry Condo Assoc";"May 5, 2026, 07:00:00";"13";"7.18";"0.21";"28.94";"3.68"
"Newberry Condo Assoc";"May 5, 2026, 06:00:00";"13";"4.76";"0.2";"28.6";"3.3"
"Newberry Condo Assoc";"May 5, 2026, 05:00:00";"12";"2.36";"0.18";"30.61";"2.97"
"Newberry Condo Assoc";"May 5, 2026, 04:00:00";"12";"1.37";"0.18";"30.46";"3.18"
"Newberry Condo Assoc";"May 5, 2026, 03:00:00";"12";"1.16";"0.19";"31.71";"3.1"
"Newberry Condo Assoc";"May 5, 2026, 02:00:00";"12";"1.28";"0.19";"33.63";"2.66"
"Newberry Condo Assoc";"May 5, 2026, 01:00:00";"12";"1.16";"0.21";"32.69";"2.31"
"Newberry Condo Assoc";"May 5, 2026, 00:00:00";"12";"6.64";"0.23";"33.03";"2.57"
"Newberry Condo Assoc";"May 4, 2026, 23:00:00";"12";"5.05";"0.23";"32.54";"2.53"
"Newberry Condo Assoc";"May 4, 2026, 22:00:00";"12";"5.83";"0.24";"30.86";"2.74"
"Newberry Condo Assoc";"May 4, 2026, 21:00:00";"12";"3.32";"0.25";"31.51";"2.7"
"Newberry Condo Assoc";"May 4, 2026, 20:00:00";"12";"3.14";"0.24";"28.5";"2.63"
"Newberry Condo Assoc";"May 4, 2026, 19:00:00";"12";"1.98";"0.23";"27.04";"2.83"
"Newberry Condo Assoc";"May 4, 2026, 18:00:00";"12";"0.62";"0.22";"28.04";"3.12"
"Newberry Condo Assoc";"May 4, 2026, 17:00:00";"12";"0";"0.22";"34.75";"2.63"
"Newberry Condo Assoc";"May 4, 2026, 16:00:00";"11";"0";"0.23";"36.6";"2.64"
"Newberry Condo Assoc";"May 4, 2026, 15:00:00";"11";"0";"0.21";"35.28";"2.86"
"Newberry Condo Assoc";"May 4, 2026, 14:00:00";"11";"0";"0.2";"33.62";"2.48"
"Newberry Condo Assoc";"May 4, 2026, 13:00:00";"11";"0";"0.19";"29.96";"2.57"
"Newberry Condo Assoc";"May 4, 2026, 12:00:00";"11";"0.1";"0.19";"30.88";"3.54"
"Newberry Condo Assoc";"May 4, 2026, 11:00:00";"11";"2.33";"0.21";"37.68";"3.43"
"Newberry Condo Assoc";"May 4, 2026, 10:00:00";"11";"7.37";"0.24";"30.24";"3.72"
"Newberry Condo Assoc";"May 4, 2026, 09:00:00";"11";"8.08";"0.2";"22.03";"4.11"
"Newberry Condo Assoc";"May 4, 2026, 08:00:00";"10";"10.19";"0.19";"20.66";"2.89"
"Newberry Condo Assoc";"May 4, 2026, 07:00:00";"10";"7.5";"0.17";"18.77";"2.68"
"Newberry Condo Assoc";"May 4, 2026, 06:00:00";"10";"4.02";"0.14";"18.19";"2.1"
"Newberry Condo Assoc";"May 4, 2026, 05:00:00";"10";"2.94";"0.14";"19.46";"2.18"
"Newberry Condo Assoc";"May 4, 2026, 04:00:00";"10";"2.13";"0.12";"18.22";"2.02"
"Newberry Condo Assoc";"May 4, 2026, 03:00:00";"10";"3.32";"0.14";"19.38";"2.65"
"Newberry Condo Assoc";"May 4, 2026, 02:00:00";"10";"6.98";"0.2";"24";"3.31"
"Newberry Condo Assoc";"May 4, 2026, 01:00:00";"10";"8.1";"0.2";"23.31";"3.43"
"Newberry Condo Assoc";"May 4, 2026, 00:00:00";"10";"9.13";"0.19";"21.17";"3.08"
"Newberry Condo Assoc";"May 3, 2026, 23:00:00";"13";"12.97";"0.27";"23.33";"2.32"
"Newberry Condo Assoc";"May 3, 2026, 22:00:00";"10";"3.81";"0.14";"20.98";"1.66"
"Newberry Condo Assoc";"May 3, 2026, 21:00:00";"10";"1.23";"0.13";"22.47";"1.59"
"Newberry Condo Assoc";"May 3, 2026, 20:00:00";"11";"1.26";"0.14";"23.76";"1.65"
"Newberry Condo Assoc";"May 3, 2026, 19:00:00";"11";"0.94";"0.16";"24.87";"2"
"Newberry Condo Assoc";"May 3, 2026, 18:00:00";"12";"0.77";"0.15";"26.99";"2.21"
"Newberry Condo Assoc";"May 3, 2026, 17:00:00";"12";"0";"0.16";"28.04";"2.13"
"Newberry Condo Assoc";"May 3, 2026, 16:00:00";"12";"0.01";"0.16";"27.8";"2.05"
"Newberry Condo Assoc";"May 3, 2026, 15:00:00";"12";"0.07";"0.17";"28.57";"1.78"
"Newberry Condo Assoc";"May 3, 2026, 14:00:00";"12";"0.36";"0.15";"25.81";"1.95"
"Newberry Condo Assoc";"May 3, 2026, 13:00:00";"13";"0.39";"0.14";"24.22";"1.87"
"Newberry Condo Assoc";"May 3, 2026, 12:00:00";"13";"0";"0.13";"21.56";"2.34"
"Newberry Condo Assoc";"May 3, 2026, 11:00:00";"13";"0.41";"0.12";"18.93";"2.72"
"Newberry Condo Assoc";"May 3, 2026, 10:00:00";"13";"0.49";"0.09";"17.51";"2.91"
"Newberry Condo Assoc";"May 3, 2026, 09:00:00";"13";"0.87";"0.07";"16.17";"2.65"
"Newberry Condo Assoc";"May 3, 2026, 08:00:00";"13";"1.3";"0.06";"15.56";"2.26"
"Newberry Condo Assoc";"May 3, 2026, 07:00:00";"13";"1.54";"0.05";"15.91";"2.13"
"Newberry Condo Assoc";"May 3, 2026, 06:00:00";"13";"1.65";"0.05";"15.65";"2.16"
"Newberry Condo Assoc";"May 3, 2026, 05:00:00";"13";"1.91";"0.06";"15.27";"2.2"
"Newberry Condo Assoc";"May 3, 2026, 04:00:00";"13";"2.15";"0.06";"14.85";"2.61"
"Newberry Condo Assoc";"May 3, 2026, 03:00:00";"13";"2.17";"0.06";"14.72";"2.19"
"Newberry Condo Assoc";"May 3, 2026, 02:00:00";"13";"2.54";"0.21";"18.71";"3.01"
"Newberry Condo Assoc";"May 3, 2026, 01:00:00";"13";"2.5";"0.23";"19.18";"3.81"
"Newberry Condo Assoc";"May 3, 2026, 00:00:00";"12";"2.44";"0.24";"19.38";"3.25"
"Newberry Condo Assoc";"May 2, 2026, 23:00:00";"13";"2.35";"0.25";"19.69";"2.88"
"Newberry Condo Assoc";"May 2, 2026, 22:00:00";"12";"2.35";"0.25";"20.47";"2.47"
"Newberry Condo Assoc";"May 2, 2026, 21:00:00";"12";"1.88";"0.27";"21.99";"4.46"
"Newberry Condo Assoc";"May 2, 2026, 20:00:00";"12";"1.89";"0.26";"22.42";"3.92"
"Newberry Condo Assoc";"May 2, 2026, 19:00:00";"11";"0.69";"0.27";"24.67";"4.37"
"Newberry Condo Assoc";"May 2, 2026, 18:00:00";"11";"0.27";"0.27";"26.07";"2.98"
"Newberry Condo Assoc";"May 2, 2026, 17:00:00";"11";"0.19";"0.29";"29.28";"2.97"
"Newberry Condo Assoc";"May 2, 2026, 16:00:00";"11";"0.05";"0.28";"28.25";"3.06"
"Newberry Condo Assoc";"May 2, 2026, 15:00:00";"11";"0.21";"0.28";"29.24";"3.34"
"Newberry Condo Assoc";"May 2, 2026, 14:00:00";"10";"0.07";"0.27";"29.95";"2.77"
"Newberry Condo Assoc";"May 2, 2026, 13:00:00";"10";"0";"0.28";"30.12";"2.63"
"Newberry Condo Assoc";"May 2, 2026, 12:00:00";"10";"0.05";"0.26";"26.63";"3.56"
"Newberry Condo Assoc";"May 2, 2026, 11:00:00";"10";"0.48";"0.26";"24.45";"3.49"
"Newberry Condo Assoc";"May 2, 2026, 10:00:00";"10";"1.05";"0.24";"22.54";"4.12"
"Newberry Condo Assoc";"May 2, 2026, 09:00:00";"9";"1.6";"0.23";"21.61";"3.45"
"Newberry Condo Assoc";"May 2, 2026, 08:00:00";"9";"1.69";"0.22";"21.18";"2.71"
"Newberry Condo Assoc";"May 2, 2026, 07:00:00";"9";"1.94";"0.23";"21.78";"1.56"
"Newberry Condo Assoc";"May 2, 2026, 06:00:00";"9";"1.8";"0.24";"23.03";"1.16"
"Newberry Condo Assoc";"May 2, 2026, 05:00:00";"9";"1.47";"0.24";"24.21";"1.74"
"Newberry Condo Assoc";"May 2, 2026, 04:00:00";"9";"1.56";"0.25";"25.43";"1.81"
"Newberry Condo Assoc";"May 2, 2026, 03:00:00";"9";"2.12";"0.26";"26.67";"1.97"
"Newberry Condo Assoc";"May 2, 2026, 02:00:00";"9";"1.67";"0.27";"27.52";"1.74"
"Newberry Condo Assoc";"May 2, 2026, 01:00:00";"9";"2.28";"0.28";"28.41";"1.71"
"Newberry Condo Assoc";"May 2, 2026, 00:00:00";"9";"1.96";"0.3";"30.93";"4.36"
"Newberry Condo Assoc";"May 1, 2026, 23:00:00";"8";"3.02";"0.34";"33.52";"1.67"
"Newberry Condo Assoc";"May 1, 2026, 22:00:00";"8";"3.25";"0.34";"32.29";"1.78"
"Newberry Condo Assoc";"May 1, 2026, 21:00:00";"8";"2.4";"0.34";"32.98";"1.55"
"Newberry Condo Assoc";"May 1, 2026, 20:00:00";"8";"1.78";"0.32";"32.62";"1.51"
"Newberry Condo Assoc";"May 1, 2026, 19:00:00";"8";"1.49";"0.31";"33.26";"1.69"
"Newberry Condo Assoc";"May 1, 2026, 18:00:00";"8";"0.7";"0.31";"34.47";"3.81"
"Newberry Condo Assoc";"May 1, 2026, 17:00:00";"7";"0.04";"0.31";"33.64";"1.78"
"Newberry Condo Assoc";"May 1, 2026, 16:00:00";"7";"0";"0.31";"33.94";"1.79"
"Newberry Condo Assoc";"May 1, 2026, 15:00:00";"7";"0";"0.3";"34.76";"1.82"
"Newberry Condo Assoc";"May 1, 2026, 14:00:00";"7";"0";"0.31";"36.93";"2.54"
"Newberry Condo Assoc";"May 1, 2026, 13:00:00";"7";"0.08";"0.31";"38.53";"2.46"
"Newberry Condo Assoc";"May 1, 2026, 12:00:00";"7";"0.1";"0.3";"38.17";"2.29"
"Newberry Condo Assoc";"May 1, 2026, 11:00:00";"7";"0.07";"0.3";"36.23";"1.67"
"Newberry Condo Assoc";"May 1, 2026, 10:00:00";"7";"1.09";"0.29";"33.39";"1.72"
"Newberry Condo Assoc";"May 1, 2026, 09:00:00";"7";"3.54";"0.28";"31.43";"1.5"
"Newberry Condo Assoc";"May 1, 2026, 08:00:00";"8";"7.32";"0.39";"32.15";"1.84"
"Newberry Condo Assoc";"May 1, 2026, 07:00:00";"10";"5.49";"0.33";"30.87";"1.8"
"Newberry Condo Assoc";"May 1, 2026, 06:00:00";"12";"2.76";"0.3";"29.25";"1.63"
"Newberry Condo Assoc";"May 1, 2026, 05:00:00";"14";"1.84";"0.37";"29.38";"1.49"
"Newberry Condo Assoc";"May 1, 2026, 04:00:00";"16";"1.11";"0.23";"27.25";"1.31"
"Newberry Condo Assoc";"May 1, 2026, 03:00:00";"17";"1.32";"0.23";"26.91";"1.41"
"Newberry Condo Assoc";"May 1, 2026, 02:00:00";"19";"1.46";"0.23";"26.9";"1.47"
"Newberry Condo Assoc";"May 1, 2026, 01:00:00";"22";"1.79";"0.25";"27.47";"1.45"
"Newberry Condo Assoc";"May 1, 2026, 00:00:00";"24";"1.81";"0.24";"27.2";"1.28"
"Newberry Condo Assoc";"Apr 30, 2026, 23:00:00";"25";"1.39";"0.25";"27.58";"1.36"
"Newberry Condo Assoc";"Apr 30, 2026, 22:00:00";"26";"1.43";"0.25";"27.94";"1.2"
"Newberry Condo Assoc";"Apr 30, 2026, 21:00:00";"27";"0.88";"0.26";"29.04";"1.11"
"Newberry Condo Assoc";"Apr 30, 2026, 20:00:00";"28";"0.72";"0.28";"32.39";"1.2"
"Newberry Condo Assoc";"Apr 30, 2026, 19:00:00";"30";"0.31";"0.3";"37.69";"0.91"
"Newberry Condo Assoc";"Apr 30, 2026, 18:00:00";"32";"0.19";"0.3";"41.62";"1.96"
"Newberry Condo Assoc";"Apr 30, 2026, 17:00:00";"33";"0";"0.3";"41.95";"1.41"
"Newberry Condo Assoc";"Apr 30, 2026, 16:00:00";"34";"0";"0.3";"43.3";"1.32"
"Newberry Condo Assoc";"Apr 30, 2026, 15:00:00";"36";"0";"0.3";"44.78";"1.5"
"Newberry Condo Assoc";"Apr 30, 2026, 14:00:00";"37";"0";"0.29";"47.7";"1.71"
"Newberry Condo Assoc";"Apr 30, 2026, 13:00:00";"38";"0";"0.28";"49.2";"2.19"
"Newberry Condo Assoc";"Apr 30, 2026, 12:00:00";"39";"0";"0.28";"53.43";"2.47"
"Newberry Condo Assoc";"Apr 30, 2026, 11:00:00";"39";"0";"0.29";"58.13";"3.19"
"Newberry Condo Assoc";"Apr 30, 2026, 10:00:00";"39";"0.49";"0.31";"60.16";"3.22"
"Newberry Condo Assoc";"Apr 30, 2026, 09:00:00";"40";"1.08";"0.34";"57.01";"7.14"
"Newberry Condo Assoc";"Apr 30, 2026, 08:00:00";"39";"2.59";"0.3";"54.19";"10.08"
"Newberry Condo Assoc";"Apr 30, 2026, 07:00:00";"38";"0.44";"0.28";"52.16";"11.97"
"Newberry Condo Assoc";"Apr 30, 2026, 06:00:00";"36";"1.62";"0.35";"55.02";"14.35"
"Newberry Condo Assoc";"Apr 30, 2026, 05:00:00";"34";"0";"0.27";"56.53";"11.4"
"Newberry Condo Assoc";"Apr 30, 2026, 04:00:00";"33";"0";"0.27";"60.29";"9.56"
"Newberry Condo Assoc";"Apr 30, 2026, 03:00:00";"31";"0";"0.28";"60.1";"13.92"
"Newberry Condo Assoc";"Apr 30, 2026, 02:00:00";"29";"0.04";"0.27";"60.79";"18.31"
"Newberry Condo Assoc";"Apr 30, 2026, 01:00:00";"27";"0.34";"0.28";"63.51";"10.61"
"Newberry Condo Assoc";"Apr 30, 2026, 00:00:00";"26";"1.17";"0.28";"62.92";"7.18"
"Newberry Condo Assoc";"Apr 29, 2026, 23:00:00";"26";"2.32";"0.29";"62.77";"6.6"
"Newberry Condo Assoc";"Apr 29, 2026, 22:00:00";"25";"3.01";"0.3";"63.76";"8.23"
"Newberry Condo Assoc";"Apr 29, 2026, 21:00:00";"25";"4.21";"0.33";"63.64";"9.59"
"Newberry Condo Assoc";"Apr 29, 2026, 20:00:00";"24";"4.77";"0.35";"63.07";"9.94"
"Newberry Condo Assoc";"Apr 29, 2026, 19:00:00";"24";"3.79";"0.35";"62.35";"11.24"
"Newberry Condo Assoc";"Apr 29, 2026, 18:00:00";"23";"3.46";"0.34";"61.09";"11.16"
"Newberry Condo Assoc";"Apr 29, 2026, 17:00:00";"21";"3.64";"0.32";"56.85";"7.93"
"Newberry Condo Assoc";"Apr 29, 2026, 16:00:00";"20";"4.42";"0.34";"54.92";"8.97"
"Newberry Condo Assoc";"Apr 29, 2026, 15:00:00";"20";"3.44";"0.33";"51.9";"9.35"
"Newberry Condo Assoc";"Apr 29, 2026, 14:00:00";"18";"3.13";"0.32";"50.44";"8.26"
"Newberry Condo Assoc";"Apr 29, 2026, 13:00:00";"17";"3.25";"0.35";"48.12";"6.73"
"Newberry Condo Assoc";"Apr 29, 2026, 12:00:00";"16";"3.32";"0.31";"45.31";"4.53"
"Newberry Condo Assoc";"Apr 29, 2026, 11:00:00";"16";"4.91";"0.31";"43.25";"3.69"
"Newberry Condo Assoc";"Apr 29, 2026, 10:00:00";"15";"6.35";"0.32";"41.87";"5.4"
"Newberry Condo Assoc";"Apr 29, 2026, 09:00:00";"15";"5.72";"0.3";"41.34";"3.47"
"Newberry Condo Assoc";"Apr 29, 2026, 08:00:00";"15";"6.72";"0.29";"39.34";"3.17"
"Newberry Condo Assoc";"Apr 29, 2026, 07:00:00";"15";"4.99";"0.27";"39.28";"2.67"
"Newberry Condo Assoc";"Apr 29, 2026, 06:00:00";"14";"2.85";"0.26";"39.76";"2.52"
"Newberry Condo Assoc";"Apr 29, 2026, 05:00:00";"14";"1.59";"0.25";"40.48";"2.51"
"Newberry Condo Assoc";"Apr 29, 2026, 04:00:00";"14";"1.34";"0.25";"41.18";"2.18"
"Newberry Condo Assoc";"Apr 29, 2026, 03:00:00";"14";"0.76";"0.27";"43.39";"2.26"
"Newberry Condo Assoc";"Apr 29, 2026, 02:00:00";"14";"0.74";"0.3";"47.13";"3.52"
"Newberry Condo Assoc";"Apr 29, 2026, 01:00:00";"14";"0.78";"0.31";"47.9";"5.07"
"Newberry Condo Assoc";"Apr 29, 2026, 00:00:00";"14";"1.18";"0.32";"47.52";"5.77"
"Newberry Condo Assoc";"Apr 28, 2026, 23:00:00";"13";"1.67";"0.33";"47.3";"4.74"
"Newberry Condo Assoc";"Apr 28, 2026, 22:00:00";"13";"0.96";"0.32";"46.72";"4.93"
"Newberry Condo Assoc";"Apr 28, 2026, 21:00:00";"12";"1.7";"0.32";"46.12";"6.63"
"Newberry Condo Assoc";"Apr 28, 2026, 20:00:00";"12";"3.6";"0.34";"46.21";"6.41"
"Newberry Condo Assoc";"Apr 28, 2026, 19:00:00";"11";"3.55";"0.33";"45.84";"5.44"
"Newberry Condo Assoc";"Apr 28, 2026, 18:00:00";"11";"4.05";"0.34";"45.47";"3.89"
"Newberry Condo Assoc";"Apr 28, 2026, 17:00:00";"11";"3.3";"0.33";"44.08";"3.08"
"Newberry Condo Assoc";"Apr 28, 2026, 16:00:00";"11";"1.68";"0.31";"40.88";"3.28"
"Newberry Condo Assoc";"Apr 28, 2026, 15:00:00";"11";"2.05";"0.3";"39.7";"2.09"
"Newberry Condo Assoc";"Apr 28, 2026, 14:00:00";"11";"3.51";"0.3";"37.73";"1.98"
"Newberry Condo Assoc";"Apr 28, 2026, 13:00:00";"11";"4.01";"0.28";"34.87";"1.64"
"Newberry Condo Assoc";"Apr 28, 2026, 12:00:00";"11";"3.97";"0.27";"33.58";"1.72"
"Newberry Condo Assoc";"Apr 28, 2026, 11:00:00";"11";"4.23";"0.26";"31.78";"1.83"
"Newberry Condo Assoc";"Apr 28, 2026, 10:00:00";"11";"6.47";"0.26";"31.02";"2.2"
"Newberry Condo Assoc";"Apr 28, 2026, 09:00:00";"11";"5.51";"0.28";"31.13";"2.65"
"Newberry Condo Assoc";"Apr 28, 2026, 08:00:00";"12";"5.99";"0.27";"30.79";"2.01"
"Newberry Condo Assoc";"Apr 28, 2026, 07:00:00";"15";"5.19";"0.26";"30.53";"2.26"
"Newberry Condo Assoc";"Apr 28, 2026, 06:00:00";"20";"4.54";"0.26";"32.25";"1.91"
"Newberry Condo Assoc";"Apr 28, 2026, 05:00:00";"24";"2.19";"0.22";"29.74";"1.89"
"Newberry Condo Assoc";"Apr 28, 2026, 04:00:00";"28";"2.3";"0.23";"29.45";"2.11"
"Newberry Condo Assoc";"Apr 28, 2026, 03:00:00";"31";"1.99";"0.24";"29.37";"2.44"
"Newberry Condo Assoc";"Apr 28, 2026, 02:00:00";"33";"2.61";"0.25";"29.54";"2.06"
"Newberry Condo Assoc";"Apr 28, 2026, 01:00:00";"35";"3.19";"0.27";"30";"2.28"
"Newberry Condo Assoc";"Apr 28, 2026, 00:00:00";"37";"2.93";"0.29";"30.91";"2.22"
"Newberry Condo Assoc";"Apr 27, 2026, 23:00:00";"38";"3.54";"0.31";"33.41";"2.56"
"Newberry Condo Assoc";"Apr 27, 2026, 22:00:00";"38";"4.15";"0.36";"36.49";"2.95"
"Newberry Condo Assoc";"Apr 27, 2026, 21:00:00";"38";"4.61";"0.36";"37.11";"2.7"
"Newberry Condo Assoc";"Apr 27, 2026, 20:00:00";"37";"2.85";"0.33";"38.66";"2.63"
"Newberry Condo Assoc";"Apr 27, 2026, 19:00:00";"37";"2.37";"0.34";"40.66";"3.47"
"Newberry Condo Assoc";"Apr 27, 2026, 18:00:00";"37";"1.63";"0.34";"40.39";"4.15"
"Newberry Condo Assoc";"Apr 27, 2026, 17:00:00";"37";"0.06";"0.34";"39.98";"4.26"
"Newberry Condo Assoc";"Apr 27, 2026, 16:00:00";"36";"0.25";"0.32";"40.15";"3.33"
"Newberry Condo Assoc";"Apr 27, 2026, 15:00:00";"36";"0";"0.32";"41.42";"2.91"
"Newberry Condo Assoc";"Apr 27, 2026, 14:00:00";"36";"0";"0.3";"41.75";"2.23"
"Newberry Condo Assoc";"Apr 27, 2026, 13:00:00";"36";"0";"0.31";"43.9";"2.17"
"Newberry Condo Assoc";"Apr 27, 2026, 12:00:00";"37";"2.16";"0.33";"47.96";"2.36"
"Newberry Condo Assoc";"Apr 27, 2026, 11:00:00";"37";"20.87";"0.31";"51.14";"2.4"
"Newberry Condo Assoc";"Apr 27, 2026, 10:00:00";"37";"14.42";"0.35";"47.06";"2.68"
"Newberry Condo Assoc";"Apr 27, 2026, 09:00:00";"36";"10.77";"0.41";"40.88";"8.03"
"Newberry Condo Assoc";"Apr 27, 2026, 08:00:00";"35";"11.07";"0.65";"43.49";"19.52"
"Newberry Condo Assoc";"Apr 27, 2026, 07:00:00";"32";"8.77";"0.79";"49.05";"26.28"
"Newberry Condo Assoc";"Apr 27, 2026, 06:00:00";"28";"7.31";"0.64";"42.06";"27.87"
"Newberry Condo Assoc";"Apr 27, 2026, 05:00:00";"23";"6.57";"0.33";"37.93";"25.86"
"Newberry Condo Assoc";"Apr 27, 2026, 04:00:00";"19";"5.83";"0.42";"38.38";"17.81"
"Newberry Condo Assoc";"Apr 27, 2026, 03:00:00";"16";"6.81";"0.31";"36.27";"15.59"
"Newberry Condo Assoc";"Apr 27, 2026, 02:00:00";"14";"7.11";"0.31";"39.34";"15.12"
"Newberry Condo Assoc";"Apr 27, 2026, 01:00:00";"11";"6.73";"0.33";"38.4";"10.77"
"Newberry Condo Assoc";"Apr 27, 2026, 00:00:00";"10";"6.26";"0.3";"37.16";"6.52"
"Newberry Condo Assoc";"Apr 26, 2026, 23:00:00";"11";"5.49";"0.29";"36.93";"2.73"
"Newberry Condo Assoc";"Apr 26, 2026, 22:00:00";"13";"5.67";"0.27";"35";"1.88"
"Newberry Condo Assoc";"Apr 26, 2026, 21:00:00";"14";"5.44";"0.27";"34.82";"2.08"
"Newberry Condo Assoc";"Apr 26, 2026, 20:00:00";"15";"5.8";"0.28";"35.42";"2.28"
"Newberry Condo Assoc";"Apr 26, 2026, 19:00:00";"17";"5.33";"0.28";"36.58";"1.84"
"Newberry Condo Assoc";"Apr 26, 2026, 18:00:00";"19";"4.66";"0.27";"36.58";"2.02"
"Newberry Condo Assoc";"Apr 26, 2026, 17:00:00";"21";"4.09";"0.28";"37.29";"1.74"
"Newberry Condo Assoc";"Apr 26, 2026, 16:00:00";"22";"4.41";"0.28";"37.9";"2.23"
"Newberry Condo Assoc";"Apr 26, 2026, 15:00:00";"23";"5.25";"0.29";"38.15";"2.13"
"Newberry Condo Assoc";"Apr 26, 2026, 14:00:00";"25";"4.97";"0.25";"35.47";"3.62"
"Newberry Condo Assoc";"Apr 26, 2026, 13:00:00";"26";"4.3";"0.25";"36.77";"4.67"
"Newberry Condo Assoc";"Apr 26, 2026, 12:00:00";"27";"5.39";"0.26";"38.08";"2.79"
"Newberry Condo Assoc";"Apr 26, 2026, 11:00:00";"29";"5.58";"0.24";"36.71";"1.95"
"Newberry Condo Assoc";"Apr 26, 2026, 10:00:00";"30";"4.92";"0.22";"33.88";"1.59"
"Newberry Condo Assoc";"Apr 26, 2026, 09:00:00";"32";"4.8";"0.21";"32.54";"1.23"
"Newberry Condo Assoc";"Apr 26, 2026, 08:00:00";"33";"4.77";"0.21";"32.35";"1.11"
"Newberry Condo Assoc";"Apr 26, 2026, 07:00:00";"34";"4.8";"0.2";"32.1";"0.88"
"Newberry Condo Assoc";"Apr 26, 2026, 06:00:00";"35";"4.6";"0.2";"32.3";"1.08"
"Newberry Condo Assoc";"Apr 26, 2026, 05:00:00";"36";"4.47";"0.2";"33.06";"2.1"
"Newberry Condo Assoc";"Apr 26, 2026, 04:00:00";"37";"4.55";"0.2";"33.13";"1.7"
"Newberry Condo Assoc";"Apr 26, 2026, 03:00:00";"38";"4.45";"0.2";"33.31";"1.27"
"Newberry Condo Assoc";"Apr 26, 2026, 02:00:00";"38";"4.13";"0.21";"34.29";"1.61"
"Newberry Condo Assoc";"Apr 26, 2026, 01:00:00";"39";"4.87";"0.22";"35.5";"3.75"
"Newberry Condo Assoc";"Apr 26, 2026, 00:00:00";"40";"5.58";"0.24";"36.21";"14.82"
"Newberry Condo Assoc";"Apr 25, 2026, 23:00:00";"38";"5.51";"0.24";"35.51";"9.42"
"Newberry Condo Assoc";"Apr 25, 2026, 22:00:00";"38";"5.27";"0.24";"35.41";"9.52"
"Newberry Condo Assoc";"Apr 25, 2026, 21:00:00";"37";"4.97";"0.25";"35.8";"10.91"
"Newberry Condo Assoc";"Apr 25, 2026, 20:00:00";"36";"5.06";"0.26";"35.87";"11.71"
"Newberry Condo Assoc";"Apr 25, 2026, 19:00:00";"35";"5.19";"0.28";"36.35";"11.63"
"Newberry Condo Assoc";"Apr 25, 2026, 18:00:00";"34";"5.05";"0.3";"39.28";"12.58"
"Newberry Condo Assoc";"Apr 25, 2026, 17:00:00";"33";"4.41";"0.31";"40.4";"9.92"
"Newberry Condo Assoc";"Apr 25, 2026, 16:00:00";"32";"4.27";"0.3";"42.11";"9.41"
"Newberry Condo Assoc";"Apr 25, 2026, 15:00:00";"32";"4.39";"0.31";"45.41";"10.45"
"Newberry Condo Assoc";"Apr 25, 2026, 14:00:00";"32";"4.56";"0.32";"45.4";"11.09"
"Newberry Condo Assoc";"Apr 25, 2026, 13:00:00";"31";"4.79";"0.31";"42.93";"11.59"
"Newberry Condo Assoc";"Apr 25, 2026, 12:00:00";"30";"5.17";"0.3";"41.06";"10.78"
"Newberry Condo Assoc";"Apr 25, 2026, 11:00:00";"29";"5.54";"0.29";"38.8";"10.99"
"Newberry Condo Assoc";"Apr 25, 2026, 10:00:00";"28";"5.4";"0.29";"37.78";"10.27"
"Newberry Condo Assoc";"Apr 25, 2026, 09:00:00";"27";"5.25";"0.29";"37.34";"8.88"
"Newberry Condo Assoc";"Apr 25, 2026, 08:00:00";"26";"4.99";"0.27";"35.13";"8.89"
"Newberry Condo Assoc";"Apr 25, 2026, 07:00:00";"25";"4.07";"0.26";"34.58";"6.41"
"Newberry Condo Assoc";"Apr 25, 2026, 06:00:00";"25";"3.8";"0.28";"36.25";"6.92"
"Newberry Condo Assoc";"Apr 25, 2026, 05:00:00";"25";"4.03";"0.29";"36.63";"5.73"
"Newberry Condo Assoc";"Apr 25, 2026, 04:00:00";"24";"5.42";"0.32";"37.93";"5.38"
"Newberry Condo Assoc";"Apr 25, 2026, 03:00:00";"24";"4.9";"0.33";"40.24";"5.55"
"Newberry Condo Assoc";"Apr 25, 2026, 02:00:00";"24";"4.95";"0.37";"41.55";"6.68"
"Newberry Condo Assoc";"Apr 25, 2026, 01:00:00";"23";"5.91";"0.41";"45.16";"6.62"
"Newberry Condo Assoc";"Apr 25, 2026, 00:00:00";"23";"5.94";"0.4";"44.25";"6.24"
"Newberry Condo Assoc";"Apr 24, 2026, 23:00:00";"23";"6.66";"0.42";"44.79";"5.48"
"Newberry Condo Assoc";"Apr 24, 2026, 22:00:00";"23";"6.59";"0.45";"47.62";"5.66"
"Newberry Condo Assoc";"Apr 24, 2026, 21:00:00";"23";"5.87";"0.47";"47.78";"5.61"
"Newberry Condo Assoc";"Apr 24, 2026, 20:00:00";"23";"5.11";"0.44";"45.41";"5.47"
"Newberry Condo Assoc";"Apr 24, 2026, 19:00:00";"22";"2.64";"0.4";"41.9";"5.14"
"Newberry Condo Assoc";"Apr 24, 2026, 18:00:00";"22";"1.14";"0.41";"46.41";"6.3"
"Newberry Condo Assoc";"Apr 24, 2026, 17:00:00";"22";"0.58";"0.42";"50.02";"7.76"
"Newberry Condo Assoc";"Apr 24, 2026, 16:00:00";"21";"1.11";"0.38";"50.46";"7.51"
"Newberry Condo Assoc";"Apr 24, 2026, 15:00:00";"20";"0.02";"0.36";"63.5";"7.66"
"Newberry Condo Assoc";"Apr 24, 2026, 14:00:00";"20";"0";"0.35";"68.39";"6.62"
"Newberry Condo Assoc";"Apr 24, 2026, 13:00:00";"20";"0";"0.36";"64.96";"5.96"
"Newberry Condo Assoc";"Apr 24, 2026, 12:00:00";"20";"0.29";"0.37";"55.75";"6.03"
"Newberry Condo Assoc";"Apr 24, 2026, 11:00:00";"19";"3.94";"0.38";"48.24";"5.51"
"Newberry Condo Assoc";"Apr 24, 2026, 10:00:00";"19";"5.37";"0.36";"44.98";"5.23"
"Newberry Condo Assoc";"Apr 24, 2026, 09:00:00";"19";"8.31";"0.41";"48.23";"4.07"
"Newberry Condo Assoc";"Apr 24, 2026, 08:00:00";"19";"11.58";"0.51";"50.18";"4.22"
"Newberry Condo Assoc";"Apr 24, 2026, 07:00:00";"19";"9.19";"0.6";"49.42";"4.74"
"Newberry Condo Assoc";"Apr 24, 2026, 06:00:00";"19";"6.14";"0.49";"46.04";"3.94"
"Newberry Condo Assoc";"Apr 24, 2026, 05:00:00";"19";"5.42";"0.38";"45.55";"3.91"
"Newberry Condo Assoc";"Apr 24, 2026, 04:00:00";"19";"3.69";"0.36";"46.24";"3.63"
"Newberry Condo Assoc";"Apr 24, 2026, 03:00:00";"19";"5.93";"0.4";"50.41";"3.85"
"Newberry Condo Assoc";"Apr 24, 2026, 02:00:00";"20";"9.2";"0.44";"49.64";"4.22"
"Newberry Condo Assoc";"Apr 24, 2026, 01:00:00";"25";"25.97";"0.55";"56.68";"4.81"
"Newberry Condo Assoc";"Apr 24, 2026, 00:00:00";"20";"14.93";"0.55";"53.86";"5.28"
"Newberry Condo Assoc";"Apr 23, 2026, 23:00:00";"20";"7.89";"0.53";"50.7";"5.24"
"Newberry Condo Assoc";"Apr 23, 2026, 22:00:00";"20";"7.16";"0.58";"47.12";"5.36"
"Newberry Condo Assoc";"Apr 23, 2026, 21:00:00";"19";"8.28";"0.54";"49.2";"5.48"
"Newberry Condo Assoc";"Apr 23, 2026, 20:00:00";"19";"1.58";"0.41";"46.62";"4.23"
"Newberry Condo Assoc";"Apr 23, 2026, 19:00:00";"19";"0.81";"0.37";"48.66";"3.11"
"Newberry Condo Assoc";"Apr 23, 2026, 18:00:00";"20";"0.22";"0.36";"54.28";"3.42"
"Newberry Condo Assoc";"Apr 23, 2026, 17:00:00";"20";"0";"0.36";"61.32";"4.15"
"Newberry Condo Assoc";"Apr 23, 2026, 16:00:00";"20";"0";"0.35";"62.56";"4.34"
"Newberry Condo Assoc";"Apr 23, 2026, 15:00:00";"21";"0";"0.35";"62.04";"4.71"
"Newberry Condo Assoc";"Apr 23, 2026, 14:00:00";"21";"0";"0.35";"59.64";"5.5"
"Newberry Condo Assoc";"Apr 23, 2026, 13:00:00";"21";"0.12";"0.35";"55.7";"5.29"
"Newberry Condo Assoc";"Apr 23, 2026, 12:00:00";"21";"0.33";"0.34";"53.74";"4.92"
"Newberry Condo Assoc";"Apr 23, 2026, 11:00:00";"21";"1.16";"0.35";"49.6";"4.04"
"Newberry Condo Assoc";"Apr 23, 2026, 10:00:00";"21";"5.52";"0.36";"45.93";"4.04"
"Newberry Condo Assoc";"Apr 23, 2026, 09:00:00";"22";"8.59";"0.39";"48.32";"4.18"
"Newberry Condo Assoc";"Apr 23, 2026, 08:00:00";"22";"12.44";"0.79";"46.5";"4.21"
"Newberry Condo Assoc";"Apr 23, 2026, 07:00:00";"22";"9.86";"0.44";"42.73";"4.79"
"Newberry Condo Assoc";"Apr 23, 2026, 06:00:00";"22";"8.21";"0.48";"44.62";"4.89"
"Newberry Condo Assoc";"Apr 23, 2026, 05:00:00";"21";"5.78";"0.4";"39.15";"4.43"
"Newberry Condo Assoc";"Apr 23, 2026, 04:00:00";"21";"3.41";"0.31";"38.85";"4.58"
"Newberry Condo Assoc";"Apr 23, 2026, 03:00:00";"21";"3.2";"0.32";"37.86";"4.45"
"Newberry Condo Assoc";"Apr 23, 2026, 02:00:00";"21";"3.58";"0.31";"36.8";"4.8"
"Newberry Condo Assoc";"Apr 23, 2026, 01:00:00";"21";"3.68";"0.31";"36.09";"4.96"
"Newberry Condo Assoc";"Apr 23, 2026, 00:00:00";"20";"3.95";"0.32";"37.14";"4.76"
"Newberry Condo Assoc";"Apr 22, 2026, 23:00:00";"20";"5.48";"0.36";"40.21";"5.01"
"Newberry Condo Assoc";"Apr 22, 2026, 22:00:00";"20";"3.01";"0.34";"40.67";"4.78"
"Newberry Condo Assoc";"Apr 22, 2026, 21:00:00";"20";"4.18";"0.35";"39.77";"5.08"
"Newberry Condo Assoc";"Apr 22, 2026, 20:00:00";"19";"1.38";"0.33";"39.74";"4.99"
"Newberry Condo Assoc";"Apr 22, 2026, 19:00:00";"19";"1.29";"0.34";"41.2";"4.41"
"Newberry Condo Assoc";"Apr 22, 2026, 18:00:00";"19";"2.07";"0.36";"43.63";"4.84"
"Newberry Condo Assoc";"Apr 22, 2026, 17:00:00";"18";"2.8";"1.07";"55.63";"5.57"
"Newberry Condo Assoc";"Apr 22, 2026, 16:00:00";"18";"2.29";"0.49";"48.9";"6.75"
"Newberry Condo Assoc";"Apr 22, 2026, 15:00:00";"17";"3.29";"0.37";"43.2";"5.62"
"Newberry Condo Assoc";"Apr 22, 2026, 14:00:00";"17";"10.87";"0.4";"41.92";"6.1"
"Newberry Condo Assoc";"Apr 22, 2026, 13:00:00";"17";"12.34";"0.4";"40.56";"5.47"
"Newberry Condo Assoc";"Apr 22, 2026, 12:00:00";"17";"13.27";"0.45";"36.12";"5.7"
"Newberry Condo Assoc";"Apr 22, 2026, 11:00:00";"17";"16.77";"0.38";"32.87";"5.08"
"Newberry Condo Assoc";"Apr 22, 2026, 10:00:00";"16";"14.59";"0.33";"29.44";"5.99"
"Newberry Condo Assoc";"Apr 22, 2026, 09:00:00";"16";"13.79";"0.33";"28.8";"4.88"
"Newberry Condo Assoc";"Apr 22, 2026, 08:00:00";"16";"14.54";"0.33";"24.64";"4.41"
"Newberry Condo Assoc";"Apr 22, 2026, 07:00:00";"16";"12.3";"0.3";"23.48";"4.21"
"Newberry Condo Assoc";"Apr 22, 2026, 06:00:00";"16";"8.77";"0.28";"23.51";"3.94"
"Newberry Condo Assoc";"Apr 22, 2026, 05:00:00";"16";"6.07";"0.25";"21.64";"3.7"
"Newberry Condo Assoc";"Apr 22, 2026, 04:00:00";"17";"6.11";"0.25";"21.93";"3.92"
"Newberry Condo Assoc";"Apr 22, 2026, 03:00:00";"17";"6.47";"0.25";"21.17";"3.36"
"Newberry Condo Assoc";"Apr 22, 2026, 02:00:00";"17";"6.69";"0.25";"21.72";"3.12"
"Newberry Condo Assoc";"Apr 22, 2026, 01:00:00";"17";"6.79";"0.26";"21.84";"3.45"
"Newberry Condo Assoc";"Apr 22, 2026, 00:00:00";"17";"6.99";"0.27";"21.45";"3.77"
"Newberry Condo Assoc";"Apr 21, 2026, 23:00:00";"17";"7.3";"0.28";"21.72";"3.77"
"Newberry Condo Assoc";"Apr 21, 2026, 22:00:00";"16";"6.75";"0.29";"22.91";"3.19"
"Newberry Condo Assoc";"Apr 21, 2026, 21:00:00";"16";"5.62";"0.3";"25.05";"2.65"
"Newberry Condo Assoc";"Apr 21, 2026, 20:00:00";"16";"4.59";"0.3";"25.95";"2.59"
"Newberry Condo Assoc";"Apr 21, 2026, 19:00:00";"16";"5.29";"0.29";"26.52";"2.69"
"Newberry Condo Assoc";"Apr 21, 2026, 18:00:00";"16";"4.3";"0.29";"26.84";"2.84"
"Newberry Condo Assoc";"Apr 21, 2026, 17:00:00";"16";"2.94";"0.28";"29.49";"3.13"
"Newberry Condo Assoc";"Apr 21, 2026, 16:00:00";"16";"2.54";"0.3";"29.91";"3.96"
"Newberry Condo Assoc";"Apr 21, 2026, 15:00:00";"16";"2.52";"0.28";"28.89";"4.1"
"Newberry Condo Assoc";"Apr 21, 2026, 14:00:00";"16";"2.63";"0.29";"28.1";"4.48"
"Newberry Condo Assoc";"Apr 21, 2026, 13:00:00";"15";"3.57";"0.27";"26.05";"4.2"
"Newberry Condo Assoc";"Apr 21, 2026, 12:00:00";"15";"3.8";"0.26";"24.56";"3.8"
"Newberry Condo Assoc";"Apr 21, 2026, 11:00:00";"15";"5.65";"0.29";"24.17";"4.03"
"Newberry Condo Assoc";"Apr 21, 2026, 10:00:00";"15";"5.93";"0.28";"21.95";"3.99"
"Newberry Condo Assoc";"Apr 21, 2026, 09:00:00";"15";"0";"0";"0";"4.14"
"Newberry Condo Assoc";"Apr 21, 2026, 08:00:00";"15";"0";"0";"0";"5.05"
"Newberry Condo Assoc";"Apr 21, 2026, 07:00:00";"14";"12.67";"0.24";"21.04";"6.26"
"Newberry Condo Assoc";"Apr 21, 2026, 06:00:00";"15";"14.78";"0.19";"23.56";"5.53"
"Newberry Condo Assoc";"Apr 21, 2026, 05:00:00";"13";"11.71";"0.11";"21.35";"4.91"
"Newberry Condo Assoc";"Apr 21, 2026, 04:00:00";"13";"11.08";"0.08";"17.86";"4.29"
"Newberry Condo Assoc";"Apr 21, 2026, 03:00:00";"12";"8.76";"0.07";"20.87";"3.61"
"Newberry Condo Assoc";"Apr 21, 2026, 02:00:00";"13";"7.27";"0.06";"17.38";"3.18"
"Newberry Condo Assoc";"Apr 21, 2026, 01:00:00";"13";"8.12";"0.09";"18.36";"3.08"
"Newberry Condo Assoc";"Apr 21, 2026, 00:00:00";"13";"7.93";"0.09";"16.04";"3.39"
"Newberry Condo Assoc";"Apr 20, 2026, 23:00:00";"13";"7.68";"0.09";"15.99";"2.66"
"Newberry Condo Assoc";"Apr 20, 2026, 22:00:00";"13";"6.08";"0.1";"15.51";"2.61"
"Newberry Condo Assoc";"Apr 20, 2026, 21:00:00";"13";"5.27";"0.11";"16.4";"2.96"
"Newberry Condo Assoc";"Apr 20, 2026, 20:00:00";"13";"4.57";"0.12";"17";"2.71"
"Newberry Condo Assoc";"Apr 20, 2026, 19:00:00";"13";"4.34";"0.14";"18.15";"2.68"
"Newberry Condo Assoc";"Apr 20, 2026, 18:00:00";"13";"3.84";"0.16";"19.37";"2.58"
"Newberry Condo Assoc";"Apr 20, 2026, 17:00:00";"13";"3.96";"0.19";"22.71";"2.19"
"Newberry Condo Assoc";"Apr 20, 2026, 16:00:00";"13";"2.79";"0.19";"22.36";"2.07"
"Newberry Condo Assoc";"Apr 20, 2026, 15:00:00";"13";"3.48";"0.17";"22.42";"2.32"
"Newberry Condo Assoc";"Apr 20, 2026, 14:00:00";"13";"3.88";"0.18";"23.5";"2.27"
"Newberry Condo Assoc";"Apr 20, 2026, 13:00:00";"13";"5.24";"0.17";"23.05";"3.12"
"Newberry Condo Assoc";"Apr 20, 2026, 12:00:00";"13";"5.3";"0.18";"24.71";"3"
"Newberry Condo Assoc";"Apr 20, 2026, 11:00:00";"13";"5.98";"0.12";"21.04";"4.13"
"Newberry Condo Assoc";"Apr 20, 2026, 10:00:00";"13";"4.77";"0.17";"23.05";"3.61"
"Newberry Condo Assoc";"Apr 20, 2026, 09:00:00";"13";"6.42";"0.21";"28.9";"3.35"
"Newberry Condo Assoc";"Apr 20, 2026, 08:00:00";"13";"6.78";"0.15";"31.8";"2.96"
"Newberry Condo Assoc";"Apr 20, 2026, 07:00:00";"13";"5.65";"0.13";"22.11";"2.47"
"Newberry Condo Assoc";"Apr 20, 2026, 06:00:00";"13";"4.66";"0.14";"22.93";"2.24"
"Newberry Condo Assoc";"Apr 20, 2026, 05:00:00";"14";"4.15";"0.13";"22.52";"2.47"
"Newberry Condo Assoc";"Apr 20, 2026, 04:00:00";"15";"5.36";"0.16";"26.56";"2.77"
"Newberry Condo Assoc";"Apr 20, 2026, 03:00:00";"17";"7.29";"0.21";"31.18";"4.31"
"Newberry Condo Assoc";"Apr 20, 2026, 02:00:00";"18";"7.61";"0.21";"30.69";"4.02"
"Newberry Condo Assoc";"Apr 20, 2026, 01:00:00";"19";"6.74";"0.21";"39.78";"3.89"
"Newberry Condo Assoc";"Apr 20, 2026, 00:00:00";"19";"8.61";"0.22";"30.13";"3.6"
"Newberry Condo Assoc";"Apr 19, 2026, 23:00:00";"20";"7.25";"0.2";"26";"3.49"
"Newberry Condo Assoc";"Apr 19, 2026, 22:00:00";"21";"3.4";"0.15";"23.92";"3.44"
"Newberry Condo Assoc";"Apr 19, 2026, 21:00:00";"21";"2.37";"0.15";"23.61";"2.57"
"Newberry Condo Assoc";"Apr 19, 2026, 20:00:00";"22";"1.58";"0.16";"24.57";"2.69"
"Newberry Condo Assoc";"Apr 19, 2026, 19:00:00";"23";"1.57";"0.16";"26.36";"2.91"
"Newberry Condo Assoc";"Apr 19, 2026, 18:00:00";"24";"1.27";"0.18";"29.95";"2.65"
"Newberry Condo Assoc";"Apr 19, 2026, 17:00:00";"25";"0.74";"0.22";"34.03";"2.87"
"Newberry Condo Assoc";"Apr 19, 2026, 16:00:00";"25";"1.27";"0.27";"38.34";"2.75"
"Newberry Condo Assoc";"Apr 19, 2026, 15:00:00";"26";"1.77";"0.23";"38.16";"2.68"
"Newberry Condo Assoc";"Apr 19, 2026, 14:00:00";"26";"3.2";"0.18";"36.62";"2.43"
"Newberry Condo Assoc";"Apr 19, 2026, 13:00:00";"26";"3.3";"0.15";"35.91";"2.49"
"Newberry Condo Assoc";"Apr 19, 2026, 12:00:00";"26";"3.26";"0.16";"35.72";"3.01"
"Newberry Condo Assoc";"Apr 19, 2026, 11:00:00";"26";"3.22";"0.15";"34.86";"3.46"
"Newberry Condo Assoc";"Apr 19, 2026, 10:00:00";"26";"2.75";"0.14";"32.48";"3.78"
"Newberry Condo Assoc";"Apr 19, 2026, 09:00:00";"26";"2.39";"0.13";"31.2";"3"
"Newberry Condo Assoc";"Apr 19, 2026, 08:00:00";"27";"1.42";"0.14";"32.68";"1.62"
"Newberry Condo Assoc";"Apr 19, 2026, 07:00:00";"27";"0.74";"0.16";"35.96";"1.06"
"Newberry Condo Assoc";"Apr 19, 2026, 06:00:00";"28";"1.36";"0.26";"48.65";"7.4"
"Newberry Condo Assoc";"Apr 19, 2026, 05:00:00";"27";"1.47";"0.3";"53.32";"11.69"
"Newberry Condo Assoc";"Apr 19, 2026, 04:00:00";"25";"1.65";"0.31";"52.22";"10.65"
"Newberry Condo Assoc";"Apr 19, 2026, 03:00:00";"24";"1.89";"0.31";"48.65";"10.31"
"Newberry Condo Assoc";"Apr 19, 2026, 02:00:00";"23";"2.15";"0.35";"51.84";"9.82"
"Newberry Condo Assoc";"Apr 19, 2026, 01:00:00";"22";"1.85";"0.35";"49.1";"7.58"
"Newberry Condo Assoc";"Apr 19, 2026, 00:00:00";"22";"2.45";"0.37";"49.4";"7.46"
"Newberry Condo Assoc";"Apr 18, 2026, 23:00:00";"21";"1.96";"0.36";"46.99";"7.1"
"Newberry Condo Assoc";"Apr 18, 2026, 22:00:00";"20";"1.32";"0.37";"46.09";"6.97"
"Newberry Condo Assoc";"Apr 18, 2026, 21:00:00";"19";"0.72";"0.39";"45.61";"7.26"
"Newberry Condo Assoc";"Apr 18, 2026, 20:00:00";"19";"0.18";"0.4";"45.01";"7.3"
"Newberry Condo Assoc";"Apr 18, 2026, 19:00:00";"18";"0";"0.41";"48.58";"7.79"
"Newberry Condo Assoc";"Apr 18, 2026, 18:00:00";"17";"0";"0.43";"52.57";"8.5"
"Newberry Condo Assoc";"Apr 18, 2026, 17:00:00";"16";"0";"0.43";"59.72";"7.66"
"Newberry Condo Assoc";"Apr 18, 2026, 16:00:00";"15";"0";"0.36";"56.29";"3.94"
"Newberry Condo Assoc";"Apr 18, 2026, 15:00:00";"15";"0";"0.36";"56.28";"3.15"
"Newberry Condo Assoc";"Apr 18, 2026, 14:00:00";"15";"0";"0.35";"52.99";"3.2"
"Newberry Condo Assoc";"Apr 18, 2026, 13:00:00";"15";"0";"0.36";"57.21";"2.97"
"Newberry Condo Assoc";"Apr 18, 2026, 12:00:00";"15";"0.03";"0.42";"60.4";"3.57"
"Newberry Condo Assoc";"Apr 18, 2026, 11:00:00";"14";"2.22";"0.46";"57.88";"4.38"
"Newberry Condo Assoc";"Apr 18, 2026, 10:00:00";"14";"5.99";"0.46";"57.39";"4.41"
"Newberry Condo Assoc";"Apr 18, 2026, 09:00:00";"14";"7.49";"0.49";"56.84";"4.57"
"Newberry Condo Assoc";"Apr 18, 2026, 08:00:00";"14";"8";"0.49";"52.22";"4.04"
"Newberry Condo Assoc";"Apr 18, 2026, 07:00:00";"14";"5.27";"0.4";"48.21";"4.19"
"Newberry Condo Assoc";"Apr 18, 2026, 06:00:00";"14";"6.04";"0.46";"53.24";"3.82"
"Newberry Condo Assoc";"Apr 18, 2026, 05:00:00";"14";"3.37";"0.39";"47.71";"3.33"
"Newberry Condo Assoc";"Apr 18, 2026, 04:00:00";"14";"5.88";"0.43";"51.17";"4.02"
"Newberry Condo Assoc";"Apr 18, 2026, 03:00:00";"14";"4.52";"0.42";"47.07";"3.95"
"Newberry Condo Assoc";"Apr 18, 2026, 02:00:00";"14";"6.15";"0.48";"51.22";"3.9"
"Newberry Condo Assoc";"Apr 18, 2026, 01:00:00";"14";"5.55";"0.5";"49.89";"3.94"
"Newberry Condo Assoc";"Apr 18, 2026, 00:00:00";"14";"5.17";"0.46";"46.35";"2.69"
"Newberry Condo Assoc";"Apr 17, 2026, 23:00:00";"14";"6.67";"0.51";"44.21";"3.28"
"Newberry Condo Assoc";"Apr 17, 2026, 22:00:00";"15";"3.77";"0.47";"41.81";"3.47"
"Newberry Condo Assoc";"Apr 17, 2026, 21:00:00";"15";"1.15";"0.42";"39.71";"4.13"
"Newberry Condo Assoc";"Apr 17, 2026, 20:00:00";"16";"0";"0.35";"33.13";"1.81"
"Newberry Condo Assoc";"Apr 17, 2026, 19:00:00";"16";"0";"0.35";"34.17";"2.06"
"Newberry Condo Assoc";"Apr 17, 2026, 18:00:00";"17";"0";"0.36";"36.86";"2.53"
"Newberry Condo Assoc";"Apr 17, 2026, 17:00:00";"18";"0";"0.36";"39.88";"2.37"
"Newberry Condo Assoc";"Apr 17, 2026, 16:00:00";"19";"0";"0.36";"41.49";"2.48"
"Newberry Condo Assoc";"Apr 17, 2026, 15:00:00";"19";"0.05";"0.35";"42.75";"2.93"
"Newberry Condo Assoc";"Apr 17, 2026, 14:00:00";"20";"0";"0.34";"41.03";"2.12"
"Newberry Condo Assoc";"Apr 17, 2026, 13:00:00";"20";"0.06";"0.32";"42.31";"2.69"
"Newberry Condo Assoc";"Apr 17, 2026, 12:00:00";"21";"0";"0.33";"45.53";"3.12"
"Newberry Condo Assoc";"Apr 17, 2026, 11:00:00";"21";"0.04";"0.34";"39.86";"3.33"
"Newberry Condo Assoc";"Apr 17, 2026, 10:00:00";"22";"1.44";"0.34";"39.31";"3.98"
"Newberry Condo Assoc";"Apr 17, 2026, 09:00:00";"22";"2.73";"0.34";"44.23";"3.58"
"Newberry Condo Assoc";"Apr 17, 2026, 08:00:00";"23";"3.45";"0.35";"45.4";"3.3"
"Newberry Condo Assoc";"Apr 17, 2026, 07:00:00";"24";"1.57";"0.36";"47.1";"3.9"
"Newberry Condo Assoc";"Apr 17, 2026, 06:00:00";"24";"0.79";"0.36";"47.75";"4.06"
"Newberry Condo Assoc";"Apr 17, 2026, 05:00:00";"25";"0.04";"0.37";"44.57";"3.84"
"Newberry Condo Assoc";"Apr 17, 2026, 04:00:00";"25";"0";"0.36";"41.94";"3.51"
"Newberry Condo Assoc";"Apr 17, 2026, 03:00:00";"26";"0";"0.37";"41.97";"3.44"
"Newberry Condo Assoc";"Apr 17, 2026, 02:00:00";"26";"0";"0.38";"41.46";"3.62"
"Newberry Condo Assoc";"Apr 17, 2026, 01:00:00";"26";"0";"0.39";"39.12";"3.87"
"Newberry Condo Assoc";"Apr 17, 2026, 00:00:00";"26";"0";"0.39";"38.97";"5.99"
"Newberry Condo Assoc";"Apr 16, 2026, 23:00:00";"26";"0.14";"0.42";"42.3";"5.87"
"Newberry Condo Assoc";"Apr 16, 2026, 22:00:00";"26";"5.28";"0.44";"44.5";"5.94"
"Newberry Condo Assoc";"Apr 16, 2026, 21:00:00";"26";"4.25";"0.45";"47.49";"6.48"
"Newberry Condo Assoc";"Apr 16, 2026, 20:00:00";"26";"1.08";"0.45";"51.35";"6.74"
"Newberry Condo Assoc";"Apr 16, 2026, 19:00:00";"26";"0.25";"0.44";"53.33";"6.68"
"Newberry Condo Assoc";"Apr 16, 2026, 18:00:00";"25";"0.43";"0.41";"56.31";"6.38"
"Newberry Condo Assoc";"Apr 16, 2026, 17:00:00";"25";"0";"0.43";"64.23";"6.35"
"Newberry Condo Assoc";"Apr 16, 2026, 16:00:00";"25";"0";"0.42";"68.28";"5.92"
"Newberry Condo Assoc";"Apr 16, 2026, 15:00:00";"25";"0";"0.42";"73.16";"5.28"
"Newberry Condo Assoc";"Apr 16, 2026, 14:00:00";"25";"0";"0.41";"76.96";"5.41"
"Newberry Condo Assoc";"Apr 16, 2026, 13:00:00";"25";"0";"0.42";"79.99";"5.68"
"Newberry Condo Assoc";"Apr 16, 2026, 12:00:00";"25";"0";"0.4";"74.73";"5.69"
"Newberry Condo Assoc";"Apr 16, 2026, 11:00:00";"25";"3.54";"0.5";"71.77";"6.08"
"Newberry Condo Assoc";"Apr 16, 2026, 10:00:00";"25";"14.66";"0.58";"65.01";"8.17"
"Newberry Condo Assoc";"Apr 16, 2026, 09:00:00";"25";"25.36";"0.72";"74.04";"8.22"
"Newberry Condo Assoc";"Apr 16, 2026, 08:00:00";"28";"28.7";"1.02";"92.51";"6.87"
"Newberry Condo Assoc";"Apr 16, 2026, 07:00:00";"24";"13.49";"0.64";"58.81";"6.85"
"Newberry Condo Assoc";"Apr 16, 2026, 06:00:00";"24";"6.65";"0.43";"46.17";"7.09"
"Newberry Condo Assoc";"Apr 16, 2026, 05:00:00";"23";"1.41";"0.38";"45.18";"6.28"
"Newberry Condo Assoc";"Apr 16, 2026, 04:00:00";"23";"0.11";"0.36";"41.49";"6.1"
"Newberry Condo Assoc";"Apr 16, 2026, 03:00:00";"22";"0";"0.36";"40.16";"4.92"
"Newberry Condo Assoc";"Apr 16, 2026, 02:00:00";"22";"0.48";"0.37";"41.68";"5.03"
"Newberry Condo Assoc";"Apr 16, 2026, 01:00:00";"22";"2.3";"0.38";"44.85";"5.14"
"Newberry Condo Assoc";"Apr 16, 2026, 00:00:00";"22";"8.17";"0.42";"47.94";"4.96"
"Newberry Condo Assoc";"Apr 15, 2026, 23:00:00";"21";"1.14";"0.42";"49.97";"5.01"
"Newberry Condo Assoc";"Apr 15, 2026, 22:00:00";"21";"0.04";"0.43";"54.26";"5.56"
"Newberry Condo Assoc";"Apr 15, 2026, 21:00:00";"21";"2.83";"0.45";"58.34";"5.68"
"Newberry Condo Assoc";"Apr 15, 2026, 20:00:00";"21";"0.4";"0.43";"61.59";"5.4"
"Newberry Condo Assoc";"Apr 15, 2026, 19:00:00";"21";"1.84";"0.43";"66.48";"5.21"
"Newberry Condo Assoc";"Apr 15, 2026, 18:00:00";"21";"0";"0.39";"70.41";"5.16"
"Newberry Condo Assoc";"Apr 15, 2026, 17:00:00";"21";"0";"0.38";"75.27";"4.66"
"Newberry Condo Assoc";"Apr 15, 2026, 16:00:00";"21";"0";"0.37";"78.12";"5.28"
"Newberry Condo Assoc";"Apr 15, 2026, 15:00:00";"23";"0";"0.34";"77.79";"5.59"
"Newberry Condo Assoc";"Apr 15, 2026, 14:00:00";"23";"0";"0.32";"80.73";"4.96"
"Newberry Condo Assoc";"Apr 15, 2026, 13:00:00";"22";"0";"0.3";"78.48";"5.45"
"Newberry Condo Assoc";"Apr 15, 2026, 12:00:00";"22";"0";"0.31";"75.78";"5.72"
"Newberry Condo Assoc";"Apr 15, 2026, 11:00:00";"22";"2.65";"0.41";"79.46";"6.34"
"Newberry Condo Assoc";"Apr 15, 2026, 10:00:00";"23";"11.94";"0.46";"76.94";"7.04"
"Newberry Condo Assoc";"Apr 15, 2026, 09:00:00";"23";"15.72";"0.52";"77.63";"6.18"
"Newberry Condo Assoc";"Apr 15, 2026, 08:00:00";"23";"20.72";"0.62";"99.21";"5.52"
"Newberry Condo Assoc";"Apr 15, 2026, 07:00:00";"24";"20.45";"0.7";"100.81";"5.18"
"Newberry Condo Assoc";"Apr 15, 2026, 06:00:00";"24";"13.87";"0.58";"75.55";"4.38"
"Newberry Condo Assoc";"Apr 15, 2026, 05:00:00";"24";"5.14";"0.36";"62.87";"3.71"
"Newberry Condo Assoc";"Apr 15, 2026, 04:00:00";"24";"2.74";"0.34";"60.91";"3.75"
"Newberry Condo Assoc";"Apr 15, 2026, 03:00:00";"25";"1.52";"0.33";"60.84";"3.3"
"Newberry Condo Assoc";"Apr 15, 2026, 02:00:00";"25";"1.08";"0.35";"59.8";"3.57"
"Newberry Condo Assoc";"Apr 15, 2026, 01:00:00";"25";"0.54";"0.35";"57.38";"3.41"
"Newberry Condo Assoc";"Apr 15, 2026, 00:00:00";"26";"0.14";"0.35";"56.71";"3.1"
"Newberry Condo Assoc";"Apr 14, 2026, 23:00:00";"26";"0.88";"0.36";"50.01";"4.07"
"Newberry Condo Assoc";"Apr 14, 2026, 22:00:00";"27";"5.22";"0.4";"52.19";"5.31"
"Newberry Condo Assoc";"Apr 14, 2026, 21:00:00";"27";"3.41";"0.4";"54.71";"5.62"
"Newberry Condo Assoc";"Apr 14, 2026, 20:00:00";"27";"2.14";"0.42";"59.08";"6.13"
"Newberry Condo Assoc";"Apr 14, 2026, 19:00:00";"27";"1.53";"0.4";"60.04";"5.86"
"Newberry Condo Assoc";"Apr 14, 2026, 18:00:00";"27";"0";"0.38";"63.22";"4.98"
"Newberry Condo Assoc";"Apr 14, 2026, 17:00:00";"28";"4.05";"0.94";"94.98";"6"
"Newberry Condo Assoc";"Apr 14, 2026, 16:00:00";"28";"3";"2.58";"116.42";"12.44"
"Newberry Condo Assoc";"Apr 14, 2026, 15:00:00";"27";"0";"0.37";"76.12";"5.24"
"Newberry Condo Assoc";"Apr 14, 2026, 14:00:00";"28";"0";"0.34";"72.95";"4.43"
"Newberry Condo Assoc";"Apr 14, 2026, 13:00:00";"29";"0";"0.33";"66.26";"4.92"
"Newberry Condo Assoc";"Apr 14, 2026, 12:00:00";"29";"0.06";"0.35";"65.86";"4.79"
"Newberry Condo Assoc";"Apr 14, 2026, 11:00:00";"31";"7.88";"0.47";"68.49";"7.88"
"Newberry Condo Assoc";"Apr 14, 2026, 10:00:00";"32";"17.95";"0.55";"61.62";"9.3"
"Newberry Condo Assoc";"Apr 14, 2026, 09:00:00";"32";"24";"0.59";"63.02";"8.64"
"Newberry Condo Assoc";"Apr 14, 2026, 08:00:00";"32";"25.93";"0.75";"65.64";"6.96"
"Newberry Condo Assoc";"Apr 14, 2026, 07:00:00";"32";"22.31";"0.75";"78.11";"6.43"
"Newberry Condo Assoc";"Apr 14, 2026, 06:00:00";"32";"10.57";"0.54";"56.2";"5.37"
"Newberry Condo Assoc";"Apr 14, 2026, 05:00:00";"32";"6.92";"0.35";"50.8";"5.6"
"Newberry Condo Assoc";"Apr 14, 2026, 04:00:00";"32";"6.63";"0.35";"49.41";"5.28"
"Newberry Condo Assoc";"Apr 14, 2026, 03:00:00";"32";"4.47";"0.33";"48.69";"5.73"
"Newberry Condo Assoc";"Apr 14, 2026, 02:00:00";"31";"3";"0.34";"48.14";"5.52"
"Newberry Condo Assoc";"Apr 14, 2026, 01:00:00";"31";"3.89";"0.35";"47.46";"5.74"
"Newberry Condo Assoc";"Apr 14, 2026, 00:00:00";"31";"7.23";"0.37";"46.53";"5.93"
"Newberry Condo Assoc";"Apr 13, 2026, 23:00:00";"30";"7.27";"0.39";"46.35";"6.64"
"Newberry Condo Assoc";"Apr 13, 2026, 22:00:00";"29";"7.87";"0.4";"47.21";"6.87"
"Newberry Condo Assoc";"Apr 13, 2026, 21:00:00";"29";"4.61";"0.38";"51.04";"6.42"
"Newberry Condo Assoc";"Apr 13, 2026, 20:00:00";"28";"4.17";"0.38";"46.43";"6.7"
"Newberry Condo Assoc";"Apr 13, 2026, 19:00:00";"27";"3.03";"0.39";"49.5";"7.08"
"Newberry Condo Assoc";"Apr 13, 2026, 18:00:00";"27";"2.79";"0.41";"51.88";"7.25"
"Newberry Condo Assoc";"Apr 13, 2026, 17:00:00";"26";"2.33";"0.39";"52.32";"8.36"
"Newberry Condo Assoc";"Apr 13, 2026, 16:00:00";"25";"2.32";"0.38";"51.77";"8.17"
"Newberry Condo Assoc";"Apr 13, 2026, 15:00:00";"24";"1.68";"0.37";"60.03";"8.21"
"Newberry Condo Assoc";"Apr 13, 2026, 14:00:00";"25";"2.86";"0.39";"79.32";"8.61"
"Newberry Condo Assoc";"Apr 13, 2026, 13:00:00";"24";"4.5";"0.38";"56.16";"8.86"
"Newberry Condo Assoc";"Apr 13, 2026, 12:00:00";"23";"2.97";"0.43";"59.48";"12.73"
"Newberry Condo Assoc";"Apr 13, 2026, 11:00:00";"22";"3.55";"0.4";"61.77";"16.19"
"Newberry Condo Assoc";"Apr 13, 2026, 10:00:00";"20";"9.05";"0.4";"62.83";"8.72"
"Newberry Condo Assoc";"Apr 13, 2026, 09:00:00";"28";"10.11";"0.39";"62.01";"7.84"
"Newberry Condo Assoc";"Apr 13, 2026, 08:00:00";"28";"12";"0.38";"57.07";"7"
"Newberry Condo Assoc";"Apr 13, 2026, 07:00:00";"28";"9.37";"0.34";"50.74";"6.31"
"Newberry Condo Assoc";"Apr 13, 2026, 06:00:00";"27";"6.95";"0.31";"47.87";"5.48"
"Newberry Condo Assoc";"Apr 13, 2026, 05:00:00";"27";"6.38";"0.28";"44.63";"4.79"
"Newberry Condo Assoc";"Apr 13, 2026, 04:00:00";"27";"5.59";"0.26";"39.26";"4.05"
"Newberry Condo Assoc";"Apr 13, 2026, 03:00:00";"27";"5.4";"0.25";"36.06";"4.17"
"Newberry Condo Assoc";"Apr 13, 2026, 02:00:00";"27";"5.27";"0.24";"33.91";"3.36"
"Newberry Condo Assoc";"Apr 13, 2026, 01:00:00";"27";"5.24";"0.25";"32.72";"3.56"
"Newberry Condo Assoc";"Apr 13, 2026, 00:00:00";"27";"4.93";"0.26";"32.64";"3.12"
"Newberry Condo Assoc";"Apr 12, 2026, 23:00:00";"27";"5.36";"0.27";"32.45";"3.05"
"Newberry Condo Assoc";"Apr 12, 2026, 22:00:00";"28";"4.96";"0.27";"31.75";"2.77"
"Newberry Condo Assoc";"Apr 12, 2026, 21:00:00";"29";"4.33";"0.28";"32.5";"2.49"
"Newberry Condo Assoc";"Apr 12, 2026, 20:00:00";"30";"3.95";"0.3";"34.85";"2.57"
"Newberry Condo Assoc";"Apr 12, 2026, 19:00:00";"30";"3.49";"0.32";"35.74";"3.03"
"Newberry Condo Assoc";"Apr 12, 2026, 18:00:00";"30";"2.38";"0.32";"35.82";"2.82"
"Newberry Condo Assoc";"Apr 12, 2026, 17:00:00";"31";"1.39";"0.32";"36.63";"2.99"
"Newberry Condo Assoc";"Apr 12, 2026, 16:00:00";"31";"0.44";"0.31";"37.55";"2.92"
"Newberry Condo Assoc";"Apr 12, 2026, 15:00:00";"31";"0.04";"0.59";"37.38";"13.58"
"Newberry Condo Assoc";"Apr 12, 2026, 14:00:00";"30";"0.61";"0.46";"38";"4.69"
"Newberry Condo Assoc";"Apr 12, 2026, 13:00:00";"29";"1.15";"0.45";"37.58";"3.17"
"Newberry Condo Assoc";"Apr 12, 2026, 12:00:00";"30";"2.04";"0.52";"39.47";"4.32"
"Newberry Condo Assoc";"Apr 12, 2026, 11:00:00";"30";"5.1";"0.39";"37.47";"4.83"
"Newberry Condo Assoc";"Apr 12, 2026, 10:00:00";"29";"6.99";"0.37";"32.63";"53.7"
"Newberry Condo Assoc";"Apr 12, 2026, 09:00:00";"21";"8.77";"0.27";"30.51";"4.58"
"Newberry Condo Assoc";"Apr 12, 2026, 08:00:00";"21";"10.32";"0.26";"29.34";"4.48"
"Newberry Condo Assoc";"Apr 12, 2026, 07:00:00";"20";"8.3";"0.26";"28.62";"4.84"
"Newberry Condo Assoc";"Apr 12, 2026, 06:00:00";"20";"7.15";"0.28";"30.33";"4.99"
"Newberry Condo Assoc";"Apr 12, 2026, 05:00:00";"21";"6.46";"0.26";"28.52";"3.97"
"Newberry Condo Assoc";"Apr 12, 2026, 04:00:00";"21";"7.34";"0.36";"33.45";"5.03"
"Newberry Condo Assoc";"Apr 12, 2026, 03:00:00";"21";"7.04";"0.34";"30.37";"3.7"
"Newberry Condo Assoc";"Apr 12, 2026, 02:00:00";"22";"10.65";"0.38";"31.87";"3.76"
"Newberry Condo Assoc";"Apr 12, 2026, 01:00:00";"23";"12.34";"0.51";"36.74";"6.27"
"Newberry Condo Assoc";"Apr 12, 2026, 00:00:00";"23";"14.48";"0.52";"39.05";"5.45"
"Newberry Condo Assoc";"Apr 11, 2026, 23:00:00";"23";"22.69";"0.65";"40.59";"7.09"
"Newberry Condo Assoc";"Apr 11, 2026, 22:00:00";"23";"16.98";"0.64";"42.94";"9.14"
"Newberry Condo Assoc";"Apr 11, 2026, 21:00:00";"22";"6.35";"0.34";"37.94";"6.88"
"Newberry Condo Assoc";"Apr 11, 2026, 20:00:00";"22";"3.16";"0.31";"33.94";"2.98"
"Newberry Condo Assoc";"Apr 11, 2026, 19:00:00";"23";"2.27";"0.28";"33.41";"3.15"
"Newberry Condo Assoc";"Apr 11, 2026, 18:00:00";"24";"1.59";"0.28";"33.35";"7.89"
"Newberry Condo Assoc";"Apr 11, 2026, 17:00:00";"23";"0.35";"0.36";"32.48";"6.88"
"Newberry Condo Assoc";"Apr 11, 2026, 16:00:00";"23";"0.14";"0.42";"32.95";"2.89"
"Newberry Condo Assoc";"Apr 11, 2026, 15:00:00";"24";"0.9";"0.47";"34.06";"3.12"
"Newberry Condo Assoc";"Apr 11, 2026, 14:00:00";"24";"0.55";"0.3";"34.25";"3.81"
"Newberry Condo Assoc";"Apr 11, 2026, 13:00:00";"25";"1.2";"0.27";"35.28";"4.29"
"Newberry Condo Assoc";"Apr 11, 2026, 12:00:00";"25";"2.66";"0.27";"35.75";"4.2"
"Newberry Condo Assoc";"Apr 11, 2026, 11:00:00";"27";"3.53";"0.27";"35.94";"3.78"
"Newberry Condo Assoc";"Apr 11, 2026, 10:00:00";"28";"4.18";"0.24";"35.41";"3.64"
"Newberry Condo Assoc";"Apr 11, 2026, 09:00:00";"29";"4.64";"0.26";"37.57";"3.98"
"Newberry Condo Assoc";"Apr 11, 2026, 08:00:00";"30";"5.34";"0.29";"40.61";"3.23"
"Newberry Condo Assoc";"Apr 11, 2026, 07:00:00";"32";"4.11";"0.27";"40.88";"4.56"
"Newberry Condo Assoc";"Apr 11, 2026, 06:00:00";"33";"3.94";"0.29";"41.28";"5.79"
"Newberry Condo Assoc";"Apr 11, 2026, 05:00:00";"33";"3.28";"0.3";"42.04";"6.05"
"Newberry Condo Assoc";"Apr 11, 2026, 04:00:00";"34";"3.46";"0.32";"42.2";"6.84"
"Newberry Condo Assoc";"Apr 11, 2026, 03:00:00";"34";"3.48";"0.33";"40.48";"7.88"
"Newberry Condo Assoc";"Apr 11, 2026, 02:00:00";"34";"3.52";"0.33";"38.63";"7.89"
"Newberry Condo Assoc";"Apr 11, 2026, 01:00:00";"35";"5.16";"0.35";"39.88";"5.55"
"Newberry Condo Assoc";"Apr 11, 2026, 00:00:00";"35";"7.05";"0.36";"39.64";"5.82"
"Newberry Condo Assoc";"Apr 10, 2026, 23:00:00";"35";"6.17";"0.38";"40";"7.07"
"Newberry Condo Assoc";"Apr 10, 2026, 22:00:00";"35";"7";"0.4";"41.41";"7.79"
"Newberry Condo Assoc";"Apr 10, 2026, 21:00:00";"36";"7.44";"0.42";"41";"7.55"
"Newberry Condo Assoc";"Apr 10, 2026, 20:00:00";"37";"5.2";"0.38";"38.67";"6.45"
"Newberry Condo Assoc";"Apr 10, 2026, 19:00:00";"38";"3.12";"0.35";"37.88";"6.2"
"Newberry Condo Assoc";"Apr 10, 2026, 18:00:00";"38";"1.84";"0.38";"39.74";"5.32"
"Newberry Condo Assoc";"Apr 10, 2026, 17:00:00";"38";"0.22";"0.4";"47.45";"5.68"
"Newberry Condo Assoc";"Apr 10, 2026, 16:00:00";"37";"0";"0.73";"49.93";"6.12"
"Newberry Condo Assoc";"Apr 10, 2026, 15:00:00";"37";"0.17";"1.11";"51.18";"6.88"
"Newberry Condo Assoc";"Apr 10, 2026, 14:00:00";"37";"2.07";"0.33";"42.13";"7.26"
"Newberry Condo Assoc";"Apr 10, 2026, 13:00:00";"36";"3.92";"0.32";"43.51";"8.17"
"Newberry Condo Assoc";"Apr 10, 2026, 12:00:00";"36";"7.67";"0.32";"43.65";"10.35"
"Newberry Condo Assoc";"Apr 10, 2026, 11:00:00";"35";"11.29";"0.3";"43.2";"11.86"
"Newberry Condo Assoc";"Apr 10, 2026, 10:00:00";"35";"12.56";"0.23";"40.14";"11.5"
"Newberry Condo Assoc";"Apr 10, 2026, 09:00:00";"34";"13.43";"0.2";"31.22";"10.46"
"Newberry Condo Assoc";"Apr 10, 2026, 08:00:00";"33";"12.93";"0.19";"28.23";"9.94"
"Newberry Condo Assoc";"Apr 10, 2026, 07:00:00";"33";"12.06";"0.17";"26.38";"9.93"
"Newberry Condo Assoc";"Apr 10, 2026, 06:00:00";"33";"10.74";"0.17";"26.02";"9.91"
"Newberry Condo Assoc";"Apr 10, 2026, 05:00:00";"32";"8.31";"0.13";"25.88";"9.92"
"Newberry Condo Assoc";"Apr 10, 2026, 04:00:00";"31";"8.18";"0.12";"24.17";"9.27"
"Newberry Condo Assoc";"Apr 10, 2026, 03:00:00";"31";"8.19";"0.14";"23.32";"8.68"
"Newberry Condo Assoc";"Apr 10, 2026, 02:00:00";"30";"7.97";"0.15";"22.22";"8.57"
"Newberry Condo Assoc";"Apr 10, 2026, 01:00:00";"30";"7.95";"0.17";"21.31";"8.26"
"Newberry Condo Assoc";"Apr 10, 2026, 00:00:00";"30";"8.13";"0.21";"22.49";"7.11"
"Newberry Condo Assoc";"Apr 9, 2026, 23:00:00";"30";"7.03";"0.21";"23.36";"7.5"
"Newberry Condo Assoc";"Apr 9, 2026, 22:00:00";"31";"7.79";"0.25";"24.1";"11.01"
"Newberry Condo Assoc";"Apr 9, 2026, 21:00:00";"30";"8.6";"0.28";"25.38";"16.19"
"Newberry Condo Assoc";"Apr 9, 2026, 20:00:00";"28";"7.17";"0.26";"26.67";"8.49"
"Newberry Condo Assoc";"Apr 9, 2026, 19:00:00";"28";"6.04";"0.26";"28.42";"5.51"
"Newberry Condo Assoc";"Apr 9, 2026, 18:00:00";"28";"4.38";"0.27";"29.11";"5.24"
"Newberry Condo Assoc";"Apr 9, 2026, 17:00:00";"29";"2.91";"0.27";"30.38";"4.5"
"Newberry Condo Assoc";"Apr 9, 2026, 16:00:00";"29";"1.95";"0.26";"30.1";"4.34"
"Newberry Condo Assoc";"Apr 9, 2026, 15:00:00";"29";"2.42";"0.24";"29.11";"4.08"
"Newberry Condo Assoc";"Apr 9, 2026, 14:00:00";"30";"4.2";"0.25";"28.97";"4.97"
"Newberry Condo Assoc";"Apr 9, 2026, 13:00:00";"30";"5.49";"0.25";"27.8";"6.54"
"Newberry Condo Assoc";"Apr 9, 2026, 12:00:00";"30";"5.78";"0.22";"25.71";"6.8"
"Newberry Condo Assoc";"Apr 9, 2026, 11:00:00";"30";"7.18";"0.17";"24";"7.34"
"Newberry Condo Assoc";"Apr 9, 2026, 10:00:00";"29";"10.46";"0.13";"23.32";"7.39"
"Newberry Condo Assoc";"Apr 9, 2026, 09:00:00";"29";"12";"0.12";"21.1";"7.74"
"Newberry Condo Assoc";"Apr 9, 2026, 08:00:00";"29";"16.97";"0.17";"20.23";"7.64"
"Newberry Condo Assoc";"Apr 9, 2026, 07:00:00";"28";"14.53";"0.16";"19.32";"7.52"
"Newberry Condo Assoc";"Apr 9, 2026, 06:00:00";"28";"11.79";"0.11";"17.24";"7.01"
"Newberry Condo Assoc";"Apr 9, 2026, 05:00:00";"28";"9.92";"0.07";"16.09";"5.72"
"Newberry Condo Assoc";"Apr 9, 2026, 04:00:00";"28";"9.38";"0.07";"15.59";"5.03"
"Newberry Condo Assoc";"Apr 9, 2026, 03:00:00";"28";"9.25";"0.08";"15.77";"5.62"
"Newberry Condo Assoc";"Apr 9, 2026, 02:00:00";"27";"9.93";"0.1";"15.53";"6.25"
"Newberry Condo Assoc";"Apr 9, 2026, 01:00:00";"27";"10.33";"0.12";"15.83";"8.2"
"Newberry Condo Assoc";"Apr 9, 2026, 00:00:00";"26";"9.86";"0.14";"16.11";"9.56"
"Newberry Condo Assoc";"Apr 8, 2026, 23:00:00";"25";"10.25";"0.17";"16.73";"10.4"
"Newberry Condo Assoc";"Apr 8, 2026, 22:00:00";"23";"9.7";"0.19";"17.15";"8.52"
"Newberry Condo Assoc";"Apr 8, 2026, 21:00:00";"22";"8.95";"0.18";"17.85";"6.04"
"Newberry Condo Assoc";"Apr 8, 2026, 20:00:00";"22";"8.24";"0.2";"19.61";"6.41"
"Newberry Condo Assoc";"Apr 8, 2026, 19:00:00";"21";"8.01";"0.21";"20.45";"6.63"
"Newberry Condo Assoc";"Apr 8, 2026, 18:00:00";"21";"7.56";"0.23";"22.2";"7.23"
"Newberry Condo Assoc";"Apr 8, 2026, 17:00:00";"20";"5.66";"0.25";"24.7";"7.07"
"Newberry Condo Assoc";"Apr 8, 2026, 16:00:00";"19";"6.82";"0.25";"24.41";"6.39"
"Newberry Condo Assoc";"Apr 8, 2026, 15:00:00";"19";"5.64";"0.25";"25.41";"7.06"
"Newberry Condo Assoc";"Apr 8, 2026, 14:00:00";"18";"6.39";"0.29";"24.79";"5.43"
"Newberry Condo Assoc";"Apr 8, 2026, 13:00:00";"18";"7.33";"0.22";"26.74";"6.69"
"Newberry Condo Assoc";"Apr 8, 2026, 12:00:00";"17";"5.06";"0.16";"19.13";"5.93"
"Newberry Condo Assoc";"Apr 8, 2026, 11:00:00";"17";"5.05";"0.14";"17.33";"5.31"
"Newberry Condo Assoc";"Apr 8, 2026, 10:00:00";"17";"6.04";"0.11";"15.89";"5.23"
"Newberry Condo Assoc";"Apr 8, 2026, 09:00:00";"17";"9.05";"0.1";"14.77";"5.09"
"Newberry Condo Assoc";"Apr 8, 2026, 08:00:00";"19";"19.61";"0.08";"14.38";"5.87"
"Newberry Condo Assoc";"Apr 8, 2026, 07:00:00";"19";"18.99";"0.06";"13.72";"5.07"
"Newberry Condo Assoc";"Apr 8, 2026, 06:00:00";"15";"13.41";"0.03";"12.86";"5.14"
"Newberry Condo Assoc";"Apr 8, 2026, 05:00:00";"15";"11.17";"0.04";"12.71";"5.79"
"Newberry Condo Assoc";"Apr 8, 2026, 04:00:00";"15";"10.12";"0.04";"12.63";"4.92"
"Newberry Condo Assoc";"Apr 8, 2026, 03:00:00";"15";"10.09";"0.03";"12.68";"3.51"
"Newberry Condo Assoc";"Apr 8, 2026, 02:00:00";"16";"10.28";"0.05";"13.53";"3.41"
"Newberry Condo Assoc";"Apr 8, 2026, 01:00:00";"17";"9.24";"0.06";"13.74";"3.03"
"Newberry Condo Assoc";"Apr 8, 2026, 00:00:00";"17";"9.26";"0.07";"14.02";"2.99"
"Newberry Condo Assoc";"Apr 7, 2026, 23:00:00";"20";"7.77";"0";"15.64";"2.97"
"Newberry Condo Assoc";"Apr 7, 2026, 22:00:00";"22";"7.4";"0";"15.48";"3.13"
"Newberry Condo Assoc";"Apr 7, 2026, 21:00:00";"23";"7.28";"0";"15.91";"3.31"
"Newberry Condo Assoc";"Apr 7, 2026, 20:00:00";"23";"6.55";"0";"15.78";"3.92"
"Newberry Condo Assoc";"Apr 7, 2026, 19:00:00";"23";"5.95";"0";"16.92";"3.97"
"Newberry Condo Assoc";"Apr 7, 2026, 18:00:00";"23";"5.18";"0";"18.87";"3.89"
"Newberry Condo Assoc";"Apr 7, 2026, 17:00:00";"23";"4.31";"0";"20.9";"4.22"
"Newberry Condo Assoc";"Apr 7, 2026, 16:00:00";"23";"2.68";"0";"23.21";"3.7"
"Newberry Condo Assoc";"Apr 7, 2026, 15:00:00";"23";"1.19";"0";"25.36";"3.37"
"Newberry Condo Assoc";"Apr 7, 2026, 14:00:00";"24";"1.36";"0";"25.08";"3.09"
"Newberry Condo Assoc";"Apr 7, 2026, 13:00:00";"24";"2.01";"0";"30.53";"8.99"
"Newberry Condo Assoc";"Apr 7, 2026, 12:00:00";"23";"2.44";"0";"32.52";"5.88"
"Newberry Condo Assoc";"Apr 7, 2026, 11:00:00";"23";"2.99";"0";"32.03";"5.74"
"Newberry Condo Assoc";"Apr 7, 2026, 10:00:00";"22";"3.79";"0";"32.15";"4.78"
"Newberry Condo Assoc";"Apr 7, 2026, 09:00:00";"22";"4.5";"0";"33.4";"4"
"Newberry Condo Assoc";"Apr 7, 2026, 08:00:00";"22";"4.98";"0";"35.34";"3.16"
"Newberry Condo Assoc";"Apr 7, 2026, 07:00:00";"22";"4.82";"0";"37.71";"3.2"
"Newberry Condo Assoc";"Apr 7, 2026, 06:00:00";"22";"5.64";"0";"38.35";"3.94"
"Newberry Condo Assoc";"Apr 7, 2026, 05:00:00";"22";"6.14";"0";"39.2";"5.02"
"Newberry Condo Assoc";"Apr 7, 2026, 04:00:00";"21";"5.67";"0";"37.06";"4.6"
"Newberry Condo Assoc";"Apr 7, 2026, 03:00:00";"21";"5.8";"0";"40.63";"5.77"
"Newberry Condo Assoc";"Apr 7, 2026, 02:00:00";"20";"5.5";"0";"43.24";"8.77"
"Newberry Condo Assoc";"Apr 7, 2026, 01:00:00";"19";"5.69";"0";"41.47";"6.53"
"Newberry Condo Assoc";"Apr 7, 2026, 00:00:00";"18";"8.46";"0";"42.74";"7.64"
"Newberry Condo Assoc";"Apr 6, 2026, 23:00:00";"17";"9.21";"0";"45.16";"10.59"
"Newberry Condo Assoc";"Apr 6, 2026, 22:00:00";"15";"9.28";"0";"40.87";"10.45"
"Newberry Condo Assoc";"Apr 6, 2026, 21:00:00";"13";"7.93";"0";"38.76";"5.38"
"Newberry Condo Assoc";"Apr 6, 2026, 20:00:00";"13";"5.07";"0";"37.22";"4.17"
"Newberry Condo Assoc";"Apr 6, 2026, 19:00:00";"12";"3.83";"0";"39.45";"3.7"
"Newberry Condo Assoc";"Apr 6, 2026, 18:00:00";"12";"3.1";"0";"41.95";"3.16"
"Newberry Condo Assoc";"Apr 6, 2026, 17:00:00";"12";"1.7";"0";"41.47";"4.17"
"Newberry Condo Assoc";"Apr 6, 2026, 16:00:00";"11";"1.31";"0";"39.83";"4.89"
"Newberry Condo Assoc";"Apr 6, 2026, 15:00:00";"10";"0.43";"0";"41.09";"4.92"
"Newberry Condo Assoc";"Apr 6, 2026, 14:00:00";"10";"0.33";"0";"43.02";"4.81"
"Newberry Condo Assoc";"Apr 6, 2026, 13:00:00";"9";"1.07";"0";"42.5";"4.69"
"Newberry Condo Assoc";"Apr 6, 2026, 12:00:00";"9";"1.53";"0";"43.17";"4.26"
"Newberry Condo Assoc";"Apr 6, 2026, 11:00:00";"8";"2.05";"0";"42.99";"3.85"
"Newberry Condo Assoc";"Apr 6, 2026, 10:00:00";"9";"4.63";"0";"41.37";"3.92"
"Newberry Condo Assoc";"Apr 6, 2026, 09:00:00";"9";"5.25";"0";"41.66";"3.05"
"Newberry Condo Assoc";"Apr 6, 2026, 08:00:00";"10";"6.3";"0";"42.14";"2.55"
"Newberry Condo Assoc";"Apr 6, 2026, 07:00:00";"10";"4.76";"0";"41.51";"2.7"
"Newberry Condo Assoc";"Apr 6, 2026, 06:00:00";"11";"3.84";"0";"42.24";"1.85"
"Newberry Condo Assoc";"Apr 6, 2026, 05:00:00";"11";"3.48";"0";"42.37";"1.96"
"Newberry Condo Assoc";"Apr 6, 2026, 04:00:00";"12";"3.19";"0";"43.04";"1.63"
"Newberry Condo Assoc";"Apr 6, 2026, 03:00:00";"13";"2.31";"0";"44.88";"1.43"
"Newberry Condo Assoc";"Apr 6, 2026, 02:00:00";"13";"1.96";"0";"46.37";"1.52"
"Newberry Condo Assoc";"Apr 6, 2026, 01:00:00";"14";"1.59";"0";"47.58";"1.59"
"Newberry Condo Assoc";"Apr 6, 2026, 00:00:00";"15";"1.21";"0";"49.74";"1.69"
"Newberry Condo Assoc";"Apr 5, 2026, 23:00:00";"16";"1.07";"0";"52.51";"1.19"
"Newberry Condo Assoc";"Apr 5, 2026, 22:00:00";"17";"1";"0";"55.01";"1.2"
"Newberry Condo Assoc";"Apr 5, 2026, 21:00:00";"19";"0.43";"0";"57.85";"1.32"
"Newberry Condo Assoc";"Apr 5, 2026, 20:00:00";"20";"0.32";"0";"61.66";"1.85"
"Newberry Condo Assoc";"Apr 5, 2026, 19:00:00";"21";"0";"0";"70.4";"1.81"
"Newberry Condo Assoc";"Apr 5, 2026, 18:00:00";"22";"0";"0";"83.98";"1.32"
"Newberry Condo Assoc";"Apr 5, 2026, 17:00:00";"23";"0";"0";"104.42";"1.28"
"Newberry Condo Assoc";"Apr 5, 2026, 16:00:00";"25";"0.12";"0";"113.1";"0.99"
"Newberry Condo Assoc";"Apr 5, 2026, 15:00:00";"26";"0.21";"0";"127.33";"1.62"
"Newberry Condo Assoc";"Apr 5, 2026, 14:00:00";"27";"1.82";"0";"153.38";"1.14"
"Newberry Condo Assoc";"Apr 5, 2026, 13:00:00";"29";"5.53";"0";"168.35";"1.82"
"Newberry Condo Assoc";"Apr 5, 2026, 12:00:00";"30";"1.97";"0";"155.53";"2.3"
"Newberry Condo Assoc";"Apr 5, 2026, 11:00:00";"32";"0.09";"0";"155.1";"4.95"
"Newberry Condo Assoc";"Apr 5, 2026, 10:00:00";"32";"0.13";"0";"135.65";"6.26"
"Newberry Condo Assoc";"Apr 5, 2026, 09:00:00";"33";"0.78";"0";"132.38";"5.98"
"Newberry Condo Assoc";"Apr 5, 2026, 08:00:00";"33";"0.69";"0";"123.52";"5.78"
"Newberry Condo Assoc";"Apr 5, 2026, 07:00:00";"34";"0.2";"0";"109.84";"5.73"
"Newberry Condo Assoc";"Apr 5, 2026, 06:00:00";"34";"0.04";"0";"101.12";"5.64"
"Newberry Condo Assoc";"Apr 5, 2026, 05:00:00";"35";"0";"0";"96.95";"5.61"
"Newberry Condo Assoc";"Apr 5, 2026, 04:00:00";"36";"0";"0";"95.82";"5.86"
"Newberry Condo Assoc";"Apr 5, 2026, 03:00:00";"36";"0";"0";"94.81";"5.88"
"Newberry Condo Assoc";"Apr 5, 2026, 02:00:00";"37";"0";"0";"92.42";"6.31"
"Newberry Condo Assoc";"Apr 5, 2026, 01:00:00";"37";"0";"0";"90.17";"7.3"
"Newberry Condo Assoc";"Apr 5, 2026, 00:00:00";"38";"0";"0";"87.31";"7.64"
"Newberry Condo Assoc";"Apr 4, 2026, 23:00:00";"38";"0";"0";"84.66";"8.09"
"Newberry Condo Assoc";"Apr 4, 2026, 22:00:00";"38";"0";"0";"80.86";"8.61"
"Newberry Condo Assoc";"Apr 4, 2026, 21:00:00";"38";"0";"0";"79.75";"8.78"
"Newberry Condo Assoc";"Apr 4, 2026, 20:00:00";"38";"0";"0";"78.42";"8.25"
"Newberry Condo Assoc";"Apr 4, 2026, 19:00:00";"38";"0.31";"0";"81.92";"7.84"
"Newberry Condo Assoc";"Apr 4, 2026, 18:00:00";"38";"0";"0";"82.1";"7.68"
"Newberry Condo Assoc";"Apr 4, 2026, 17:00:00";"38";"0";"0";"87.52";"8.34"
"Newberry Condo Assoc";"Apr 4, 2026, 16:00:00";"38";"0";"0";"92.84";"8.53"
"Newberry Condo Assoc";"Apr 4, 2026, 15:00:00";"39";"0";"0";"100.74";"9.38"
"Newberry Condo Assoc";"Apr 4, 2026, 14:00:00";"39";"0";"0";"101.73";"9.46"
"Newberry Condo Assoc";"Apr 4, 2026, 13:00:00";"39";"0";"0";"111.06";"10.18"
"Newberry Condo Assoc";"Apr 4, 2026, 12:00:00";"39";"0";"0";"123.61";"11"
"Newberry Condo Assoc";"Apr 4, 2026, 11:00:00";"39";"0.02";"0";"138.88";"8.91"
"Newberry Condo Assoc";"Apr 4, 2026, 10:00:00";"39";"2.44";"0";"166.03";"8.9"
"Newberry Condo Assoc";"Apr 4, 2026, 09:00:00";"40";"4.27";"0";"156.85";"9.74"
"Newberry Condo Assoc";"Apr 4, 2026, 08:00:00";"41";"3.4";"0";"137.53";"8.53"
"Newberry Condo Assoc";"Apr 4, 2026, 07:00:00";"44";"2.33";"0";"130.43";"8.67"
"Newberry Condo Assoc";"Apr 4, 2026, 06:00:00";"47";"1.3";"0";"120.24";"8.86"
"Newberry Condo Assoc";"Apr 4, 2026, 05:00:00";"49";"0.49";"0";"105.75";"9.12"
"Newberry Condo Assoc";"Apr 4, 2026, 04:00:00";"51";"1.24";"0";"97.84";"9.01"
"Newberry Condo Assoc";"Apr 4, 2026, 03:00:00";"51";"0.82";"0";"93.68";"9.31"
"Newberry Condo Assoc";"Apr 4, 2026, 02:00:00";"52";"1.77";"0";"92.7";"9.42"
"Newberry Condo Assoc";"Apr 4, 2026, 01:00:00";"52";"2.13";"0";"91.5";"9.68"
"Newberry Condo Assoc";"Apr 4, 2026, 00:00:00";"52";"7.7";"0";"90.55";"9.14"
"Newberry Condo Assoc";"Apr 3, 2026, 23:00:00";"53";"5.58";"0";"91.76";"8.77"
"Newberry Condo Assoc";"Apr 3, 2026, 22:00:00";"54";"0.86";"0";"92.34";"8.55"
"Newberry Condo Assoc";"Apr 3, 2026, 21:00:00";"55";"0.27";"0";"93.55";"9.69"
"Newberry Condo Assoc";"Apr 3, 2026, 20:00:00";"55";"4.32";"0";"93.37";"9.76"
"Newberry Condo Assoc";"Apr 3, 2026, 19:00:00";"56";"0.78";"0";"96.3";"7.87"
"Newberry Condo Assoc";"Apr 3, 2026, 18:00:00";"56";"0";"0";"102.16";"7.9"
"Newberry Condo Assoc";"Apr 3, 2026, 17:00:00";"56";"0";"0";"107.78";"8.21"
"Newberry Condo Assoc";"Apr 3, 2026, 16:00:00";"57";"0";"0";"121.7";"9.29"
"Newberry Condo Assoc";"Apr 3, 2026, 15:00:00";"57";"0";"0";"141.19";"10.58"
"Newberry Condo Assoc";"Apr 3, 2026, 14:00:00";"58";"1.2";"0";"152.84";"11.16"
"Newberry Condo Assoc";"Apr 3, 2026, 13:00:00";"59";"3.23";"0";"146.54";"10.94"
"Newberry Condo Assoc";"Apr 3, 2026, 12:00:00";"61";"2.09";"0";"133.33";"9.56"
"Newberry Condo Assoc";"Apr 3, 2026, 11:00:00";"62";"3.57";"0";"123.74";"8.91"
"Newberry Condo Assoc";"Apr 3, 2026, 10:00:00";"63";"3.68";"0";"114.26";"15.19"
"Newberry Condo Assoc";"Apr 3, 2026, 09:00:00";"65";"3.18";"0";"102";"16.63"
"Newberry Condo Assoc";"Apr 3, 2026, 08:00:00";"67";"3.69";"0";"93.6";"23.97"
"Newberry Condo Assoc";"Apr 3, 2026, 07:00:00";"66";"2.94";"0";"89.62";"25.44"
"Newberry Condo Assoc";"Apr 3, 2026, 06:00:00";"66";"2.15";"0";"86.27";"20.43"
"Newberry Condo Assoc";"Apr 3, 2026, 05:00:00";"65";"1.53";"0";"83.36";"19.15"
"Newberry Condo Assoc";"Apr 3, 2026, 04:00:00";"65";"1.08";"0";"82";"14.94"
"Newberry Condo Assoc";"Apr 3, 2026, 03:00:00";"65";"1.26";"0";"84.03";"16.33"
"Newberry Condo Assoc";"Apr 3, 2026, 02:00:00";"65";"1.49";"0";"77.13";"13.09"
"Newberry Condo Assoc";"Apr 3, 2026, 01:00:00";"64";"1.91";"0";"78.36";"13.03"
"Newberry Condo Assoc";"Apr 3, 2026, 00:00:00";"64";"2.25";"0";"77.73";"16.23"
"Newberry Condo Assoc";"Apr 2, 2026, 23:00:00";"63";"2.77";"0";"78.09";"18.01"
"Newberry Condo Assoc";"Apr 2, 2026, 22:00:00";"62";"2.66";"0";"80.56";"16.96"
"Newberry Condo Assoc";"Apr 2, 2026, 21:00:00";"61";"2.4";"0";"82.17";"16.44"
"Newberry Condo Assoc";"Apr 2, 2026, 20:00:00";"61";"2.88";"0";"82.36";"14.46"
"Newberry Condo Assoc";"Apr 2, 2026, 19:00:00";"61";"2.36";"0";"82.5";"13.38"
"Newberry Condo Assoc";"Apr 2, 2026, 18:00:00";"60";"1.95";"0";"84.84";"12.45"
"Newberry Condo Assoc";"Apr 2, 2026, 17:00:00";"60";"1.83";"0";"87.58";"12.22"
"Newberry Condo Assoc";"Apr 2, 2026, 16:00:00";"59";"1.96";"0";"89.93";"13.11"
"Newberry Condo Assoc";"Apr 2, 2026, 15:00:00";"59";"2.11";"0";"93.19";"17.09"
"Newberry Condo Assoc";"Apr 2, 2026, 14:00:00";"58";"2.58";"0";"97.28";"28.99"
"Newberry Condo Assoc";"Apr 2, 2026, 13:00:00";"56";"1.57";"0";"105.07";"29.25"
"Newberry Condo Assoc";"Apr 2, 2026, 12:00:00";"54";"1.02";"0";"115.81";"23.05"
"Newberry Condo Assoc";"Apr 2, 2026, 11:00:00";"53";"0.94";"0";"132.71";"22.83"
"Newberry Condo Assoc";"Apr 2, 2026, 10:00:00";"52";"2.24";"0";"152.6";"35.32"
"Newberry Condo Assoc";"Apr 2, 2026, 09:00:00";"50";"1.92";"0";"158.15";"32.85"
"Newberry Condo Assoc";"Apr 2, 2026, 08:00:00";"46";"0";"0";"147.15";"18.59"
"Newberry Condo Assoc";"Apr 2, 2026, 07:00:00";"45";"0";"0";"167.2";"18.46"
"Newberry Condo Assoc";"Apr 2, 2026, 06:00:00";"44";"0.62";"0";"190.28";"19.31"
"Newberry Condo Assoc";"Apr 2, 2026, 05:00:00";"43";"0.37";"0";"192.79";"18.98"
"Newberry Condo Assoc";"Apr 2, 2026, 04:00:00";"42";"0.33";"0";"192.21";"12.63"
"Newberry Condo Assoc";"Apr 2, 2026, 03:00:00";"41";"0.54";"0";"187.74";"8.84"
"Newberry Condo Assoc";"Apr 2, 2026, 02:00:00";"41";"0.47";"0";"184.37";"9.3"
"Newberry Condo Assoc";"Apr 2, 2026, 01:00:00";"41";"1.36";"0";"170.2";"8.47"
"Newberry Condo Assoc";"Apr 2, 2026, 00:00:00";"42";"1.92";"0";"165.7";"7.63"
"Newberry Condo Assoc";"Apr 1, 2026, 23:00:00";"42";"2.01";"0";"177.93";"8.12"
"Newberry Condo Assoc";"Apr 1, 2026, 22:00:00";"43";"2.74";"0";"172.66";"9.54"
"Newberry Condo Assoc";"Apr 1, 2026, 21:00:00";"43";"7.77";"0";"154.83";"14.07"
"Newberry Condo Assoc";"Apr 1, 2026, 20:00:00";"43";"10.23";"0";"123.47";"7.56"
"Newberry Condo Assoc";"Apr 1, 2026, 19:00:00";"43";"3.81";"0";"98.53";"9.34"
"Newberry Condo Assoc";"Apr 1, 2026, 18:00:00";"44";"0.31";"0";"73.33";"7.45"
"Newberry Condo Assoc";"Apr 1, 2026, 17:00:00";"44";"0";"0";"63.86";"7.43"
"Newberry Condo Assoc";"Apr 1, 2026, 16:00:00";"44";"0";"0";"59.19";"7.96"
"Newberry Condo Assoc";"Apr 1, 2026, 15:00:00";"45";"0";"0";"60.85";"7.15"
"Newberry Condo Assoc";"Apr 1, 2026, 14:00:00";"45";"0";"0";"68.06";"7.23"
"Newberry Condo Assoc";"Apr 1, 2026, 13:00:00";"46";"0";"0";"73.19";"8.48"
"Newberry Condo Assoc";"Apr 1, 2026, 12:00:00";"46";"0";"0";"0";"8.91"
"Newberry Condo Assoc";"Apr 1, 2026, 11:00:00";"46";"0.84";"0";"87.65";"11.57"
"Newberry Condo Assoc";"Apr 1, 2026, 10:00:00";"46";"6.01";"0";"90.45";"13.72"
"Newberry Condo Assoc";"Apr 1, 2026, 09:00:00";"45";"7.94";"0";"101.46";"12.52"
"Newberry Condo Assoc";"Apr 1, 2026, 08:00:00";"44";"9.68";"0";"94.57";"11.85"
"Newberry Condo Assoc";"Apr 1, 2026, 07:00:00";"44";"10.86";"0";"95.25";"13"
"Newberry Condo Assoc";"Apr 1, 2026, 06:00:00";"43";"6.13";"0";"86.06";"11.79"
"Newberry Condo Assoc";"Apr 1, 2026, 05:00:00";"42";"4";"0";"78.98";"11.92"
"Newberry Condo Assoc";"Apr 1, 2026, 04:00:00";"42";"3.8";"0";"73.65";"10.57"
"Newberry Condo Assoc";"Apr 1, 2026, 03:00:00";"41";"3.77";"0";"70.1";"9.21"
"Newberry Condo Assoc";"Apr 1, 2026, 02:00:00";"41";"2.05";"0";"68.55";"9.82"
"Newberry Condo Assoc";"Apr 1, 2026, 01:00:00";"41";"2.61";"0";"67.44";"10.09"
"Newberry Condo Assoc";"Apr 1, 2026, 00:00:00";"40";"4.08";"0";"65.55";"10.71"
"Newberry Condo Assoc";"Mar 31, 2026, 23:00:00";"40";"0.78";"0";"61.93";"11.06"
"Newberry Condo Assoc";"Mar 31, 2026, 22:00:00";"39";"1.12";"0";"60.52";"11.81"
"Newberry Condo Assoc";"Mar 31, 2026, 21:00:00";"39";"1.84";"0";"61.16";"12.31"
"Newberry Condo Assoc";"Mar 31, 2026, 20:00:00";"38";"2.87";"0";"60.88";"11.19"
"Newberry Condo Assoc";"Mar 31, 2026, 19:00:00";"38";"0.98";"0";"61.71";"10.21"
"Newberry Condo Assoc";"Mar 31, 2026, 18:00:00";"37";"0.18";"0";"61.86";"9.76"
"Newberry Condo Assoc";"Mar 31, 2026, 17:00:00";"37";"0";"0";"64.06";"9.71"
"Newberry Condo Assoc";"Mar 31, 2026, 16:00:00";"36";"0";"0";"66.04";"10.06"
"Newberry Condo Assoc";"Mar 31, 2026, 15:00:00";"36";"0";"0";"67.73";"10.38"
"Newberry Condo Assoc";"Mar 31, 2026, 14:00:00";"36";"0";"0";"66.97";"9.94"
"Newberry Condo Assoc";"Mar 31, 2026, 13:00:00";"35";"0";"0";"65.4";"10.12"
"Newberry Condo Assoc";"Mar 31, 2026, 12:00:00";"35";"0.61";"0";"66.31";"10.4"
"Newberry Condo Assoc";"Mar 31, 2026, 11:00:00";"34";"3.7";"0";"74.31";"9.67"
"Newberry Condo Assoc";"Mar 31, 2026, 10:00:00";"34";"8.6";"0";"72.57";"8.82"
"Newberry Condo Assoc";"Mar 31, 2026, 09:00:00";"33";"10.28";"0";"68.01";"8.6"
"Newberry Condo Assoc";"Mar 31, 2026, 08:00:00";"33";"10.47";"0";"63.6";"8.07"
"Newberry Condo Assoc";"Mar 31, 2026, 07:00:00";"33";"8.72";"0";"62.91";"8.25"
"Newberry Condo Assoc";"Mar 31, 2026, 06:00:00";"32";"6.95";"0";"63.19";"8.27"
"Newberry Condo Assoc";"Mar 31, 2026, 05:00:00";"32";"6.65";"0";"63.69";"7.81"
"Newberry Condo Assoc";"Mar 31, 2026, 04:00:00";"31";"5.39";"0";"63.85";"7.82"
"Newberry Condo Assoc";"Mar 31, 2026, 03:00:00";"31";"6.03";"0";"63.85";"8.01"
"Newberry Condo Assoc";"Mar 31, 2026, 02:00:00";"30";"6.94";"0";"63.22";"7.97"
"Newberry Condo Assoc";"Mar 31, 2026, 01:00:00";"29";"6.43";"0";"63.16";"7.91"
"Newberry Condo Assoc";"Mar 31, 2026, 00:00:00";"28";"7.69";"0";"64.77";"8.67"
"Newberry Condo Assoc";"Mar 30, 2026, 23:00:00";"28";"7.15";"0";"65.19";"8.63"
"Newberry Condo Assoc";"Mar 30, 2026, 22:00:00";"26";"8.2";"0";"64.18";"8.13"
"Newberry Condo Assoc";"Mar 30, 2026, 21:00:00";"26";"7.86";"0";"64.42";"7.98"
"Newberry Condo Assoc";"Mar 30, 2026, 20:00:00";"26";"7.63";"0";"64.9";"8"
"Newberry Condo Assoc";"Mar 30, 2026, 19:00:00";"25";"7.91";"0";"64.78";"7.96"
"Newberry Condo Assoc";"Mar 30, 2026, 18:00:00";"24";"5.61";"0";"63.3";"7.79"
"Newberry Condo Assoc";"Mar 30, 2026, 17:00:00";"23";"4.66";"0";"62.56";"7.51"
"Newberry Condo Assoc";"Mar 30, 2026, 16:00:00";"22";"4.69";"0";"64.38";"8.38"
"Newberry Condo Assoc";"Mar 30, 2026, 15:00:00";"21";"5.51";"0";"64.82";"7.99"
"Newberry Condo Assoc";"Mar 30, 2026, 14:00:00";"20";"7.91";"0";"62.72";"7.64"
"Newberry Condo Assoc";"Mar 30, 2026, 13:00:00";"20";"8.32";"0";"58.12";"7.03"
"Newberry Condo Assoc";"Mar 30, 2026, 12:00:00";"19";"10.13";"0";"53.11";"7.26"
"Newberry Condo Assoc";"Mar 30, 2026, 11:00:00";"19";"10.59";"0";"43.43";"7.21"
"Newberry Condo Assoc";"Mar 30, 2026, 10:00:00";"19";"18.94";"0";"37.89";"7.02"
"Newberry Condo Assoc";"Mar 30, 2026, 09:00:00";"18";"14.7";"0";"32.88";"6.81"
"Newberry Condo Assoc";"Mar 30, 2026, 08:00:00";"19";"10.18";"0";"30.24";"6.09"
"Newberry Condo Assoc";"Mar 30, 2026, 07:00:00";"19";"8.68";"0";"26.84";"5.84"
"Newberry Condo Assoc";"Mar 30, 2026, 06:00:00";"19";"7.79";"0";"24.52";"5.36"
"Newberry Condo Assoc";"Mar 30, 2026, 05:00:00";"19";"6.21";"0";"22.25";"4.67"
"Newberry Condo Assoc";"Mar 30, 2026, 04:00:00";"20";"4.97";"0";"19.78";"4.01"
"Newberry Condo Assoc";"Mar 30, 2026, 03:00:00";"21";"4.81";"0";"17.32";"3.08"
"Newberry Condo Assoc";"Mar 30, 2026, 02:00:00";"22";"3.75";"0";"16.25";"2.28"
"Newberry Condo Assoc";"Mar 30, 2026, 01:00:00";"23";"3.56";"0";"16.91";"4.66"
"Newberry Condo Assoc";"Mar 30, 2026, 00:00:00";"24";"3.7";"0";"17.97";"4.25"
"Newberry Condo Assoc";"Mar 29, 2026, 23:00:00";"25";"4.2";"0";"18.89";"2.68"
"Newberry Condo Assoc";"Mar 29, 2026, 22:00:00";"25";"4.55";"0";"19.93";"3.23"
"Newberry Condo Assoc";"Mar 29, 2026, 21:00:00";"26";"4.55";"0";"20.92";"7.28"
"Newberry Condo Assoc";"Mar 29, 2026, 20:00:00";"27";"4.72";"0";"21.47";"3.39"
"Newberry Condo Assoc";"Mar 29, 2026, 19:00:00";"27";"8.55";"0";"22.12";"2.81"
"Newberry Condo Assoc";"Mar 29, 2026, 18:00:00";"27";"4.14";"0";"22.73";"3.06"
"Newberry Condo Assoc";"Mar 29, 2026, 17:00:00";"27";"2.65";"0";"23.56";"2.9"
"Newberry Condo Assoc";"Mar 29, 2026, 16:00:00";"27";"1.86";"0";"23.82";"3.02"
"Newberry Condo Assoc";"Mar 29, 2026, 15:00:00";"27";"1.27";"0";"23.66";"3.38"
"Newberry Condo Assoc";"Mar 29, 2026, 14:00:00";"27";"2.38";"0";"23.05";"3.5"
"Newberry Condo Assoc";"Mar 29, 2026, 13:00:00";"27";"2.07";"0";"22.77";"3.94"
"Newberry Condo Assoc";"Mar 29, 2026, 12:00:00";"27";"2.58";"0";"22.58";"3.77"
"Newberry Condo Assoc";"Mar 29, 2026, 11:00:00";"28";"4.33";"0";"22.68";"4.57"
"Newberry Condo Assoc";"Mar 29, 2026, 10:00:00";"28";"11.38";"0";"23.54";"7.43"
"Newberry Condo Assoc";"Mar 29, 2026, 09:00:00";"27";"11.47";"0";"22.51";"8.61"
"Newberry Condo Assoc";"Mar 29, 2026, 08:00:00";"27";"9.15";"0";"21.72";"7.09"
"Newberry Condo Assoc";"Mar 29, 2026, 07:00:00";"26";"9.68";"0";"23.69";"8.22"
"Newberry Condo Assoc";"Mar 29, 2026, 06:00:00";"25";"11.07";"0";"25.46";"7.59"
"Newberry Condo Assoc";"Mar 29, 2026, 05:00:00";"25";"11.93";"0";"25.98";"7.64"
"Newberry Condo Assoc";"Mar 29, 2026, 04:00:00";"24";"16.1";"0";"28.16";"8.33"
"Newberry Condo Assoc";"Mar 29, 2026, 03:00:00";"24";"18.64";"0";"25.05";"9.32"
"Newberry Condo Assoc";"Mar 29, 2026, 02:00:00";"23";"13.42";"0";"24.15";"8.26"
"Newberry Condo Assoc";"Mar 29, 2026, 01:00:00";"22";"14.59";"0";"23.62";"11.87"
"Newberry Condo Assoc";"Mar 29, 2026, 00:00:00";"20";"16.07";"0";"23.55";"8.36"
"Newberry Condo Assoc";"Mar 28, 2026, 23:00:00";"19";"9.68";"0";"19.45";"6.2"
"Newberry Condo Assoc";"Mar 28, 2026, 22:00:00";"19";"12.03";"0";"21";"8.77"
"Newberry Condo Assoc";"Mar 28, 2026, 21:00:00";"18";"6.26";"0";"19.62";"7.83"
"Newberry Condo Assoc";"Mar 28, 2026, 20:00:00";"17";"5.06";"0";"19.86";"4.07"
"Newberry Condo Assoc";"Mar 28, 2026, 19:00:00";"17";"5.05";"0";"20.21";"4.07"
"Newberry Condo Assoc";"Mar 28, 2026, 18:00:00";"17";"4.23";"0";"20.44";"4.04"
"Newberry Condo Assoc";"Mar 28, 2026, 17:00:00";"16";"3.3";"0";"21.97";"2.68"
"Newberry Condo Assoc";"Mar 28, 2026, 16:00:00";"16";"2.71";"0";"24.44";"3.26"
"Newberry Condo Assoc";"Mar 28, 2026, 15:00:00";"16";"3.34";"0";"25.6";"3.78"
"Newberry Condo Assoc";"Mar 28, 2026, 14:00:00";"16";"3.69";"0";"25.31";"4.14"
"Newberry Condo Assoc";"Mar 28, 2026, 13:00:00";"16";"4.4";"0";"26.2";"4.85"
"Newberry Condo Assoc";"Mar 28, 2026, 12:00:00";"15";"3.9";"0";"27.73";"4.68"
"Newberry Condo Assoc";"Mar 28, 2026, 11:00:00";"15";"4.66";"0";"29.15";"5.1"
"Newberry Condo Assoc";"Mar 28, 2026, 10:00:00";"14";"4.98";"0";"30.41";"5.22"
"Newberry Condo Assoc";"Mar 28, 2026, 09:00:00";"14";"5.66";"0";"31.21";"4.69"
"Newberry Condo Assoc";"Mar 28, 2026, 08:00:00";"13";"6.01";"0";"31.77";"4.58"
"Newberry Condo Assoc";"Mar 28, 2026, 07:00:00";"13";"4.73";"0";"33.78";"4.18"
"Newberry Condo Assoc";"Mar 28, 2026, 06:00:00";"13";"3.96";"0";"36.65";"4.13"
"Newberry Condo Assoc";"Mar 28, 2026, 05:00:00";"13";"3.91";"0";"38.3";"4.5"
"Newberry Condo Assoc";"Mar 28, 2026, 04:00:00";"14";"3.32";"0";"38.46";"4.23"
"Newberry Condo Assoc";"Mar 28, 2026, 03:00:00";"16";"5";"0";"38.85";"3.73"
"Newberry Condo Assoc";"Mar 28, 2026, 02:00:00";"19";"3.85";"0";"40.25";"4.78"
"Newberry Condo Assoc";"Mar 28, 2026, 01:00:00";"21";"2.19";"0";"40.74";"2.8"
"Newberry Condo Assoc";"Mar 28, 2026, 00:00:00";"24";"3.04";"0";"41.83";"2.27"
"Newberry Condo Assoc";"Mar 27, 2026, 23:00:00";"27";"3.68";"0";"43.73";"2.46"
"Newberry Condo Assoc";"Mar 27, 2026, 22:00:00";"29";"5.1";"0";"44.24";"5.15"
"Newberry Condo Assoc";"Mar 27, 2026, 21:00:00";"32";"5.03";"0";"44.5";"2.98"
"Newberry Condo Assoc";"Mar 27, 2026, 20:00:00";"34";"5.16";"0";"44.03";"2.34"
"Newberry Condo Assoc";"Mar 27, 2026, 19:00:00";"36";"4.13";"0";"43.64";"2.16"
"Newberry Condo Assoc";"Mar 27, 2026, 18:00:00";"39";"1.82";"0";"45";"1.89"
"Newberry Condo Assoc";"Mar 27, 2026, 17:00:00";"41";"1.31";"0";"48.48";"2.27"
"Newberry Condo Assoc";"Mar 27, 2026, 16:00:00";"43";"1.38";"0";"50.66";"2.94"
"Newberry Condo Assoc";"Mar 27, 2026, 15:00:00";"45";"1.57";"0";"54.81";"3.1"
"Newberry Condo Assoc";"Mar 27, 2026, 14:00:00";"47";"2.58";"0";"61.39";"3.17"
"Newberry Condo Assoc";"Mar 27, 2026, 13:00:00";"49";"4.19";"0";"79.8";"2.34"
"Newberry Condo Assoc";"Mar 27, 2026, 12:00:00";"51";"6.46";"0";"92.55";"2.07"
"Newberry Condo Assoc";"Mar 27, 2026, 11:00:00";"52";"8.07";"0";"100.18";"1.75"
"Newberry Condo Assoc";"Mar 27, 2026, 10:00:00";"54";"8.22";"0";"100.06";"1.79"
"Newberry Condo Assoc";"Mar 27, 2026, 09:00:00";"55";"5.81";"0";"120.69";"2.15"
"Newberry Condo Assoc";"Mar 27, 2026, 08:00:00";"56";"6.63";"0";"121.06";"2.69"
"Newberry Condo Assoc";"Mar 27, 2026, 07:00:00";"57";"5.61";"0";"98.69";"2.29"
"Newberry Condo Assoc";"Mar 27, 2026, 06:00:00";"59";"5.19";"0";"80.52";"3.91"
"Newberry Condo Assoc";"Mar 27, 2026, 05:00:00";"59";"3.66";"0";"70.31";"11.84"
"Newberry Condo Assoc";"Mar 27, 2026, 04:00:00";"59";"1.57";"0";"68.09";"16.58"
"Newberry Condo Assoc";"Mar 27, 2026, 03:00:00";"59";"2.91";"0";"65.52";"18.09"
"Newberry Condo Assoc";"Mar 27, 2026, 02:00:00";"58";"2";"0";"63.9";"18.4"
"Newberry Condo Assoc";"Mar 27, 2026, 01:00:00";"58";"3.01";"0";"62.4";"18.94"
"Newberry Condo Assoc";"Mar 27, 2026, 00:00:00";"57";"6.61";"0";"61.51";"18.62"
"Newberry Condo Assoc";"Mar 26, 2026, 23:00:00";"56";"5.65";"0";"59.5";"18.9"
"Newberry Condo Assoc";"Mar 26, 2026, 22:00:00";"55";"4.34";"0";"56.09";"18.3"
"Newberry Condo Assoc";"Mar 26, 2026, 21:00:00";"54";"4.84";"0";"53.27";"16.45"
"Newberry Condo Assoc";"Mar 26, 2026, 20:00:00";"53";"5.63";"0";"52.44";"15.75"
"Newberry Condo Assoc";"Mar 26, 2026, 19:00:00";"52";"1.8";"0";"51.88";"15.85"
"Newberry Condo Assoc";"Mar 26, 2026, 18:00:00";"51";"2.07";"0";"50.13";"15.56"
"Newberry Condo Assoc";"Mar 26, 2026, 17:00:00";"50";"1.45";"0";"47.5";"15.16"
"Newberry Condo Assoc";"Mar 26, 2026, 16:00:00";"48";"0";"0";"46.15";"15.39"
"Newberry Condo Assoc";"Mar 26, 2026, 15:00:00";"47";"0";"0";"44.74";"14.61"
"Newberry Condo Assoc";"Mar 26, 2026, 14:00:00";"45";"0";"0";"41.65";"14.79"
"Newberry Condo Assoc";"Mar 26, 2026, 13:00:00";"44";"2.07";"0";"40.23";"16.98"
"Newberry Condo Assoc";"Mar 26, 2026, 12:00:00";"42";"4.22";"0";"47.99";"14.29"
"Newberry Condo Assoc";"Mar 26, 2026, 11:00:00";"41";"7.97";"0";"41.77";"14.42"
"Newberry Condo Assoc";"Mar 26, 2026, 10:00:00";"40";"12.55";"0";"36.45";"15.65"
"Newberry Condo Assoc";"Mar 26, 2026, 09:00:00";"39";"15.89";"0";"34.52";"17.86"
"Newberry Condo Assoc";"Mar 26, 2026, 08:00:00";"37";"15.82";"0";"32.54";"16.17"
"Newberry Condo Assoc";"Mar 26, 2026, 07:00:00";"35";"13.03";"0";"32.41";"15.72"
"Newberry Condo Assoc";"Mar 26, 2026, 06:00:00";"33";"10.27";"0";"32.28";"13.94"
"Newberry Condo Assoc";"Mar 26, 2026, 05:00:00";"32";"8.1";"0";"31.53";"11.95"
"Newberry Condo Assoc";"Mar 26, 2026, 04:00:00";"30";"7.56";"0";"30.79";"11.88"
"Newberry Condo Assoc";"Mar 26, 2026, 03:00:00";"29";"7.38";"0";"30.82";"11.19"
"Newberry Condo Assoc";"Mar 26, 2026, 02:00:00";"28";"7.16";"0";"29.31";"8.62"
"Newberry Condo Assoc";"Mar 26, 2026, 01:00:00";"27";"7.07";"0";"29.35";"8.37"
"Newberry Condo Assoc";"Mar 26, 2026, 00:00:00";"27";"7.26";"0";"29.13";"8.55"
"Newberry Condo Assoc";"Mar 25, 2026, 23:00:00";"26";"7.98";"0";"28.18";"7.51"
"Newberry Condo Assoc";"Mar 25, 2026, 22:00:00";"26";"9.98";"0";"27.55";"7.38"
"Newberry Condo Assoc";"Mar 25, 2026, 21:00:00";"26";"9.26";"0";"26.4";"7.34"
"Newberry Condo Assoc";"Mar 25, 2026, 20:00:00";"25";"8.57";"0";"25.79";"7.57"
"Newberry Condo Assoc";"Mar 25, 2026, 19:00:00";"24";"6.92";"0";"26.39";"4.9"
"Newberry Condo Assoc";"Mar 25, 2026, 18:00:00";"25";"6.08";"0";"26.31";"5.49"
"Newberry Condo Assoc";"Mar 25, 2026, 17:00:00";"25";"4.79";"0";"26.49";"5.85"
"Newberry Condo Assoc";"Mar 25, 2026, 16:00:00";"24";"3.11";"0";"28.61";"6.62"
"Newberry Condo Assoc";"Mar 25, 2026, 15:00:00";"24";"2.5";"0";"30.43";"5.87"
"Newberry Condo Assoc";"Mar 25, 2026, 14:00:00";"24";"4.21";"0";"30.13";"5.64"
"Newberry Condo Assoc";"Mar 25, 2026, 13:00:00";"23";"4.48";"0";"30.09";"7.51"
"Newberry Condo Assoc";"Mar 25, 2026, 12:00:00";"23";"5.62";"0";"30.82";"9.1"
"Newberry Condo Assoc";"Mar 25, 2026, 11:00:00";"22";"6.24";"0";"32.07";"8.68"
"Newberry Condo Assoc";"Mar 25, 2026, 10:00:00";"21";"7.89";"0";"29.59";"7.62"
"Newberry Condo Assoc";"Mar 25, 2026, 09:00:00";"20";"12.13";"0";"27.71";"6.75"
"Newberry Condo Assoc";"Mar 25, 2026, 08:00:00";"19";"11.94";"0";"26.47";"5.8"
"Newberry Condo Assoc";"Mar 25, 2026, 07:00:00";"18";"8.8";"0";"26.09";"5.12"
"Newberry Condo Assoc";"Mar 25, 2026, 06:00:00";"18";"7.69";"0";"24.89";"4.25"
"Newberry Condo Assoc";"Mar 25, 2026, 05:00:00";"17";"6.72";"0";"24.04";"4.21"
"Newberry Condo Assoc";"Mar 25, 2026, 04:00:00";"17";"6.76";"0";"23.61";"4.28"
"Newberry Condo Assoc";"Mar 25, 2026, 03:00:00";"17";"6.53";"0";"22.98";"4.12"
"Newberry Condo Assoc";"Mar 25, 2026, 02:00:00";"16";"7.07";"0";"22.32";"4.25"
"Newberry Condo Assoc";"Mar 25, 2026, 01:00:00";"16";"7.48";"0";"21.25";"5.4"
"Newberry Condo Assoc";"Mar 25, 2026, 00:00:00";"15";"7.54";"0";"19.51";"8.01"
"Newberry Condo Assoc";"Mar 24, 2026, 23:00:00";"14";"8.05";"0";"18.59";"5.5"
"Newberry Condo Assoc";"Mar 24, 2026, 22:00:00";"13";"9.26";"0";"18.41";"4.37"
"Newberry Condo Assoc";"Mar 24, 2026, 21:00:00";"13";"12.21";"0";"20.36";"5.31"
"Newberry Condo Assoc";"Mar 24, 2026, 20:00:00";"12";"7.21";"0";"19.02";"3"
"Newberry Condo Assoc";"Mar 24, 2026, 19:00:00";"12";"6.03";"0";"17.71";"5.82"
"Newberry Condo Assoc";"Mar 24, 2026, 18:00:00";"11";"6.14";"0";"18.09";"6.1"
"Newberry Condo Assoc";"Mar 24, 2026, 17:00:00";"11";"3.94";"0";"19.9";"3.87"
"Newberry Condo Assoc";"Mar 24, 2026, 16:00:00";"10";"3.29";"0";"20.82";"4.21"
"Newberry Condo Assoc";"Mar 24, 2026, 15:00:00";"10";"3.31";"0";"21.43";"4.14"
"Newberry Condo Assoc";"Mar 24, 2026, 14:00:00";"9";"3.19";"0";"22.79";"4.59"
"Newberry Condo Assoc";"Mar 24, 2026, 13:00:00";"9";"2.27";"0";"22.7";"3.62"
"Newberry Condo Assoc";"Mar 24, 2026, 12:00:00";"8";"1.86";"0";"24.24";"3.23"
"Newberry Condo Assoc";"Mar 24, 2026, 11:00:00";"8";"3.84";"0";"24.79";"3.12"
"Newberry Condo Assoc";"Mar 24, 2026, 10:00:00";"8";"5.06";"0";"25.38";"2.66"
"Newberry Condo Assoc";"Mar 24, 2026, 09:00:00";"8";"6.92";"0";"25.18";"2.04"
"Newberry Condo Assoc";"Mar 24, 2026, 08:00:00";"9";"8.4";"0";"25.05";"2.05"
"Newberry Condo Assoc";"Mar 24, 2026, 07:00:00";"11";"7.11";"0";"25.3";"1.85"
"Newberry Condo Assoc";"Mar 24, 2026, 06:00:00";"12";"7.09";"0";"25.89";"1.88"
"Newberry Condo Assoc";"Mar 24, 2026, 05:00:00";"14";"5.63";"0";"25.59";"1.62"
"Newberry Condo Assoc";"Mar 24, 2026, 04:00:00";"14";"5.02";"0";"25.81";"1.55"
"Newberry Condo Assoc";"Mar 24, 2026, 03:00:00";"16";"4.62";"0";"26.54";"1.72"
"Newberry Condo Assoc";"Mar 24, 2026, 02:00:00";"17";"4.61";"0";"27.06";"1.97"
"Newberry Condo Assoc";"Mar 24, 2026, 01:00:00";"18";"4.55";"0";"27.66";"2.01"
"Newberry Condo Assoc";"Mar 24, 2026, 00:00:00";"19";"4.26";"0";"28.79";"2.18"
"Newberry Condo Assoc";"Mar 23, 2026, 23:00:00";"20";"3.95";"0";"29.96";"1.86"
"Newberry Condo Assoc";"Mar 23, 2026, 22:00:00";"21";"3.73";"0";"31.23";"1.47"
"Newberry Condo Assoc";"Mar 23, 2026, 21:00:00";"22";"3.32";"0";"32.6";"1.07"
"Newberry Condo Assoc";"Mar 23, 2026, 20:00:00";"23";"3.39";"0";"33.94";"1.6"
"Newberry Condo Assoc";"Mar 23, 2026, 19:00:00";"24";"2.96";"0";"35.29";"2.56"
"Newberry Condo Assoc";"Mar 23, 2026, 18:00:00";"24";"2.38";"0";"37.04";"1.76"
"Newberry Condo Assoc";"Mar 23, 2026, 17:00:00";"25";"1.11";"0";"41.25";"1.65"
"Newberry Condo Assoc";"Mar 23, 2026, 16:00:00";"26";"0";"0";"50.23";"1.01"
"Newberry Condo Assoc";"Mar 23, 2026, 15:00:00";"27";"0";"0";"58.51";"0.83"
"Newberry Condo Assoc";"Mar 23, 2026, 14:00:00";"29";"0";"0";"66.09";"0.97"
"Newberry Condo Assoc";"Mar 23, 2026, 13:00:00";"30";"0.03";"0";"69.6";"1.06"
"Newberry Condo Assoc";"Mar 23, 2026, 12:00:00";"33";"0.13";"0";"83.03";"2.36"
"Newberry Condo Assoc";"Mar 23, 2026, 11:00:00";"35";"2.67";"0";"102.34";"3"
"Newberry Condo Assoc";"Mar 23, 2026, 10:00:00";"36";"7.38";"0";"110.18";"3.56"
"Newberry Condo Assoc";"Mar 23, 2026, 09:00:00";"38";"15.09";"0";"119.48";"6.47"
"Newberry Condo Assoc";"Mar 23, 2026, 08:00:00";"39";"14.66";"0";"124.39";"12.93"
"Newberry Condo Assoc";"Mar 23, 2026, 07:00:00";"40";"6.04";"0";"108.03";"11.98"
"Newberry Condo Assoc";"Mar 23, 2026, 06:00:00";"41";"2.7";"0";"94.56";"7.74"
"Newberry Condo Assoc";"Mar 23, 2026, 05:00:00";"42";"4.09";"0";"94.19";"6.91"
"Newberry Condo Assoc";"Mar 23, 2026, 04:00:00";"43";"5.07";"0";"86.69";"12.15"
"Newberry Condo Assoc";"Mar 23, 2026, 03:00:00";"43";"3.4";"0";"75.03";"6.64"
"Newberry Condo Assoc";"Mar 23, 2026, 02:00:00";"45";"2.56";"0";"69.99";"6.29"
"Newberry Condo Assoc";"Mar 23, 2026, 01:00:00";"46";"0.06";"0";"71.59";"8.51"
"Newberry Condo Assoc";"Mar 23, 2026, 00:00:00";"47";"0";"0";"65.96";"7.41"
"Newberry Condo Assoc";"Mar 22, 2026, 23:00:00";"48";"0";"0";"57.06";"8.05"
"Newberry Condo Assoc";"Mar 22, 2026, 22:00:00";"48";"1.57";"0";"54.12";"7.43"
"Newberry Condo Assoc";"Mar 22, 2026, 21:00:00";"48";"3.9";"0";"50.43";"6.59"
"Newberry Condo Assoc";"Mar 22, 2026, 20:00:00";"49";"2.81";"0";"48.62";"6"
"Newberry Condo Assoc";"Mar 22, 2026, 19:00:00";"50";"0.61";"0";"46.66";"5.43"
"Newberry Condo Assoc";"Mar 22, 2026, 18:00:00";"51";"0";"0";"46.01";"4.72"
"Newberry Condo Assoc";"Mar 22, 2026, 17:00:00";"51";"0";"0";"54.53";"6.28"
"Newberry Condo Assoc";"Mar 22, 2026, 16:00:00";"51";"0";"0";"65.47";"8.47"
"Newberry Condo Assoc";"Mar 22, 2026, 15:00:00";"51";"0";"0";"72.65";"10.4"
"Newberry Condo Assoc";"Mar 22, 2026, 14:00:00";"51";"0";"0";"74.99";"11.97"
"Newberry Condo Assoc";"Mar 22, 2026, 13:00:00";"51";"0.64";"0";"80.44";"13.67"
"Newberry Condo Assoc";"Mar 22, 2026, 12:00:00";"51";"3.62";"0";"83.09";"13.82"
"Newberry Condo Assoc";"Mar 22, 2026, 11:00:00";"51";"5.56";"0";"76.11";"13.26"
"Newberry Condo Assoc";"Mar 22, 2026, 10:00:00";"51";"8.03";"0";"70.74";"12.62"
"Newberry Condo Assoc";"Mar 22, 2026, 09:00:00";"50";"8.91";"0";"65.68";"12.52"
"Newberry Condo Assoc";"Mar 22, 2026, 08:00:00";"49";"8.28";"0";"61.57";"20.03"
"Newberry Condo Assoc";"Mar 22, 2026, 07:00:00";"48";"7.43";"0";"59.89";"16.65"
"Newberry Condo Assoc";"Mar 22, 2026, 06:00:00";"48";"7.88";"0";"60.07";"14.52"
"Newberry Condo Assoc";"Mar 22, 2026, 05:00:00";"49";"8.12";"0";"58.68";"13.16"
"Newberry Condo Assoc";"Mar 22, 2026, 04:00:00";"48";"9.78";"0";"57.82";"12.76"
"Newberry Condo Assoc";"Mar 22, 2026, 03:00:00";"46";"10.62";"0";"56.68";"14.59"
"Newberry Condo Assoc";"Mar 22, 2026, 02:00:00";"44";"9";"0";"49.45";"15.43"
"Newberry Condo Assoc";"Mar 22, 2026, 01:00:00";"43";"7.94";"0";"45.03";"14.8"
"Newberry Condo Assoc";"Mar 22, 2026, 00:00:00";"41";"6.51";"0";"45.73";"9.19"
"Newberry Condo Assoc";"Mar 21, 2026, 23:00:00";"41";"5.99";"0";"46.94";"7.66"
"Newberry Condo Assoc";"Mar 21, 2026, 22:00:00";"40";"6.04";"0";"51.74";"9"
"Newberry Condo Assoc";"Mar 21, 2026, 21:00:00";"40";"6.44";"0";"54.47";"9.87"
"Newberry Condo Assoc";"Mar 21, 2026, 20:00:00";"39";"4.58";"0";"58.05";"15.04"
"Newberry Condo Assoc";"Mar 21, 2026, 19:00:00";"37";"1.86";"0";"54.53";"8.12"
"Newberry Condo Assoc";"Mar 21, 2026, 18:00:00";"37";"0.41";"0";"50.44";"6.64"
"Newberry Condo Assoc";"Mar 21, 2026, 17:00:00";"37";"0";"0";"46.99";"6.6"
"Newberry Condo Assoc";"Mar 21, 2026, 16:00:00";"37";"0";"0";"53.92";"7.54"
"Newberry Condo Assoc";"Mar 21, 2026, 15:00:00";"37";"0";"0";"59.86";"9.71"
"Newberry Condo Assoc";"Mar 21, 2026, 14:00:00";"36";"0";"0";"64.93";"11.65"
"Newberry Condo Assoc";"Mar 21, 2026, 13:00:00";"35";"0.01";"0";"72.75";"14.16"
"Newberry Condo Assoc";"Mar 21, 2026, 12:00:00";"34";"1.04";"0";"79.82";"13.82"
"Newberry Condo Assoc";"Mar 21, 2026, 11:00:00";"34";"3.89";"0";"80.41";"12.42"
"Newberry Condo Assoc";"Mar 21, 2026, 10:00:00";"33";"7.11";"0";"86.78";"8.97"
"Newberry Condo Assoc";"Mar 21, 2026, 09:00:00";"33";"17.23";"0";"90.48";"7.68"
"Newberry Condo Assoc";"Mar 21, 2026, 08:00:00";"34";"16.29";"0";"83.27";"14.78"
"Newberry Condo Assoc";"Mar 21, 2026, 07:00:00";"33";"9.37";"0";"81.77";"18.3"
"Newberry Condo Assoc";"Mar 21, 2026, 06:00:00";"31";"8.7";"0";"81.93";"15.87"
"Newberry Condo Assoc";"Mar 21, 2026, 05:00:00";"29";"8.72";"0";"79.99";"6.71"
"Newberry Condo Assoc";"Mar 21, 2026, 04:00:00";"30";"11.58";"0";"78.17";"4.57"
"Newberry Condo Assoc";"Mar 21, 2026, 03:00:00";"30";"13.74";"0";"74.48";"3.97"
"Newberry Condo Assoc";"Mar 21, 2026, 02:00:00";"31";"7.94";"0";"70.21";"5.34"
"Newberry Condo Assoc";"Mar 21, 2026, 01:00:00";"32";"4.94";"0";"62.59";"7.99"
"Newberry Condo Assoc";"Mar 21, 2026, 00:00:00";"32";"11.71";"0";"53.15";"5.59"
"Newberry Condo Assoc";"Mar 20, 2026, 23:00:00";"32";"12.09";"0";"54.27";"5.09"
"Newberry Condo Assoc";"Mar 20, 2026, 22:00:00";"33";"9.27";"0";"54.35";"5.38"
"Newberry Condo Assoc";"Mar 20, 2026, 21:00:00";"33";"9.29";"0";"55.37";"5.29"
"Newberry Condo Assoc";"Mar 20, 2026, 20:00:00";"34";"13.58";"0";"55.55";"6.55"
"Newberry Condo Assoc";"Mar 20, 2026, 19:00:00";"34";"5.79";"0";"49.96";"6.3"
"Newberry Condo Assoc";"Mar 20, 2026, 18:00:00";"34";"4.39";"0";"40.79";"5.63"
"Newberry Condo Assoc";"Mar 20, 2026, 17:00:00";"34";"4.07";"0";"38.25";"5.79"
"Newberry Condo Assoc";"Mar 20, 2026, 16:00:00";"34";"2.34";"0";"38.98";"6.65"
"Newberry Condo Assoc";"Mar 20, 2026, 15:00:00";"35";"0.08";"0";"39.59";"6.79"
"Newberry Condo Assoc";"Mar 20, 2026, 14:00:00";"35";"0.91";"0";"44.42";"7.23"
"Newberry Condo Assoc";"Mar 20, 2026, 13:00:00";"35";"2.03";"0";"48.39";"8.56"
"Newberry Condo Assoc";"Mar 20, 2026, 12:00:00";"34";"4.67";"0";"45.41";"9.13"
"Newberry Condo Assoc";"Mar 20, 2026, 11:00:00";"34";"7.57";"0";"40.11";"10.53"
"Newberry Condo Assoc";"Mar 20, 2026, 10:00:00";"33";"11.23";"0";"36.44";"10.23"
"Newberry Condo Assoc";"Mar 20, 2026, 09:00:00";"33";"14.36";"0";"30.8";"9.34"
"Newberry Condo Assoc";"Mar 20, 2026, 08:00:00";"32";"16.23";"0";"27.58";"8.39"
"Newberry Condo Assoc";"Mar 20, 2026, 07:00:00";"32";"11.62";"0";"25.66";"8.01"
"Newberry Condo Assoc";"Mar 20, 2026, 06:00:00";"31";"9.53";"0";"24.83";"7.75"
"Newberry Condo Assoc";"Mar 20, 2026, 05:00:00";"31";"9.19";"0";"24.38";"7.87"
"Newberry Condo Assoc";"Mar 20, 2026, 04:00:00";"30";"8.39";"0";"23.45";"8.22"
"Newberry Condo Assoc";"Mar 20, 2026, 03:00:00";"30";"8.1";"0";"23.09";"9.79"
"Newberry Condo Assoc";"Mar 20, 2026, 02:00:00";"29";"8.33";"0";"22.18";"8.11"
"Newberry Condo Assoc";"Mar 20, 2026, 01:00:00";"28";"7.79";"0";"22.31";"6.7"
"Newberry Condo Assoc";"Mar 20, 2026, 00:00:00";"28";"8.14";"0";"22";"7.16"
"Newberry Condo Assoc";"Mar 19, 2026, 23:00:00";"28";"8.7";"0";"22.04";"10.71"
"Newberry Condo Assoc";"Mar 19, 2026, 22:00:00";"27";"8.8";"0";"22.56";"8.96"
"Newberry Condo Assoc";"Mar 19, 2026, 21:00:00";"26";"9.14";"0";"23.85";"8.93"
"Newberry Condo Assoc";"Mar 19, 2026, 20:00:00";"26";"7.95";"0";"24.14";"6.12"
"Newberry Condo Assoc";"Mar 19, 2026, 19:00:00";"26";"7.22";"0";"24.92";"6.44"
"Newberry Condo Assoc";"Mar 19, 2026, 18:00:00";"25";"5.61";"0";"25.49";"7.24"
"Newberry Condo Assoc";"Mar 19, 2026, 17:00:00";"25";"2.15";"0";"28.32";"6.97"
"Newberry Condo Assoc";"Mar 19, 2026, 16:00:00";"25";"1.47";"0";"28.99";"7.79"
"Newberry Condo Assoc";"Mar 19, 2026, 15:00:00";"24";"2.41";"0";"28.56";"7.43"
"Newberry Condo Assoc";"Mar 19, 2026, 14:00:00";"24";"2.79";"0";"27.93";"6.59"
"Newberry Condo Assoc";"Mar 19, 2026, 13:00:00";"23";"4.25";"0";"26.99";"6.59"
"Newberry Condo Assoc";"Mar 19, 2026, 12:00:00";"23";"5.67";"0";"25.73";"6.92"
"Newberry Condo Assoc";"Mar 19, 2026, 11:00:00";"23";"7.68";"0";"24.25";"7.15"
"Newberry Condo Assoc";"Mar 19, 2026, 10:00:00";"22";"10.67";"0";"20.95";"6.55"
"Newberry Condo Assoc";"Mar 19, 2026, 09:00:00";"22";"11.96";"0";"19.28";"6.35"
"Newberry Condo Assoc";"Mar 19, 2026, 08:00:00";"22";"11.8";"0";"18.1";"5.7"
"Newberry Condo Assoc";"Mar 19, 2026, 07:00:00";"22";"10.25";"0";"17.37";"5.31"
"Newberry Condo Assoc";"Mar 19, 2026, 06:00:00";"22";"9.21";"0";"16.53";"4.86"
"Newberry Condo Assoc";"Mar 19, 2026, 05:00:00";"22";"8.61";"0";"15.52";"4.18"
"Newberry Condo Assoc";"Mar 19, 2026, 04:00:00";"22";"8.02";"0";"14.3";"4.72"
"Newberry Condo Assoc";"Mar 19, 2026, 03:00:00";"22";"8.42";"0";"13";"4.98"
"Newberry Condo Assoc";"Mar 19, 2026, 02:00:00";"22";"8.22";"0";"12.25";"5.87"
"Newberry Condo Assoc";"Mar 19, 2026, 01:00:00";"21";"8.56";"0";"11.37";"6.44"
"Newberry Condo Assoc";"Mar 19, 2026, 00:00:00";"21";"8.83";"0";"10.62";"5.52"
"Newberry Condo Assoc";"Mar 18, 2026, 23:00:00";"20";"8.75";"0";"9";"5.34"
"Newberry Condo Assoc";"Mar 18, 2026, 22:00:00";"20";"9.11";"0";"8.31";"5.32"
"Newberry Condo Assoc";"Mar 18, 2026, 21:00:00";"20";"9.37";"0";"7.86";"5.22"
"Newberry Condo Assoc";"Mar 18, 2026, 20:00:00";"19";"9.06";"0";"7.93";"5.26"
"Newberry Condo Assoc";"Mar 18, 2026, 19:00:00";"18";"7.46";"0";"7.39";"4.63"
"Newberry Condo Assoc";"Mar 18, 2026, 18:00:00";"18";"6.47";"0";"7.87";"4.89"
"Newberry Condo Assoc";"Mar 18, 2026, 17:00:00";"17";"4.51";"0";"8.28";"5.28"
"Newberry Condo Assoc";"Mar 18, 2026, 16:00:00";"17";"4.1";"0";"8.73";"5.46"
"Newberry Condo Assoc";"Mar 18, 2026, 15:00:00";"16";"3.55";"0";"9.66";"5.18"
"Newberry Condo Assoc";"Mar 18, 2026, 14:00:00";"16";"2.76";"0";"10.24";"4.66"
"Newberry Condo Assoc";"Mar 18, 2026, 13:00:00";"15";"1.68";"0";"11.25";"3.87"
"Newberry Condo Assoc";"Mar 18, 2026, 12:00:00";"15";"1.86";"0";"13.27";"3.97"
"Newberry Condo Assoc";"Mar 18, 2026, 11:00:00";"14";"4.01";"0";"14.89";"4.65"
"Newberry Condo Assoc";"Mar 18, 2026, 10:00:00";"14";"6.3";"0";"14.94";"5.84"
"Newberry Condo Assoc";"Mar 18, 2026, 09:00:00";"13";"7.12";"0";"15.32";"5.72"
"Newberry Condo Assoc";"Mar 18, 2026, 08:00:00";"13";"7.8";"0";"15.6";"5.43"
"Newberry Condo Assoc";"Mar 18, 2026, 07:00:00";"12";"6.31";"0";"15.18";"4.91"
"Newberry Condo Assoc";"Mar 18, 2026, 06:00:00";"11";"5.19";"0";"15.21";"4.72"
"Newberry Condo Assoc";"Mar 18, 2026, 05:00:00";"11";"5.14";"0";"15.12";"4.51"
"Newberry Condo Assoc";"Mar 18, 2026, 04:00:00";"10";"4.93";"0";"14.81";"4.29"
"Newberry Condo Assoc";"Mar 18, 2026, 03:00:00";"9";"4.92";"0";"14.71";"4.1"
"Newberry Condo Assoc";"Mar 18, 2026, 02:00:00";"9";"4.55";"0";"14.73";"4.74"
"Newberry Condo Assoc";"Mar 18, 2026, 01:00:00";"8";"5.18";"0";"14.91";"3.82"
"Newberry Condo Assoc";"Mar 18, 2026, 00:00:00";"8";"5.9";"0";"14.43";"3.33"
"Newberry Condo Assoc";"Mar 17, 2026, 23:00:00";"7";"5.38";"0";"14.91";"2.83"
"Newberry Condo Assoc";"Mar 17, 2026, 22:00:00";"7";"5.12";"0";"15.17";"2.52"
"Newberry Condo Assoc";"Mar 17, 2026, 21:00:00";"7";"5.24";"0";"16.1";"2.43"
"Newberry Condo Assoc";"Mar 17, 2026, 20:00:00";"6";"5.3";"0";"16.88";"1.87"
"Newberry Condo Assoc";"Mar 17, 2026, 19:00:00";"7";"4.91";"0";"17.83";"1.89"
"Newberry Condo Assoc";"Mar 17, 2026, 18:00:00";"7";"3.93";"0";"18.6";"1.72"
"Newberry Condo Assoc";"Mar 17, 2026, 17:00:00";"7";"3.08";"0";"20.3";"1.67"
"Newberry Condo Assoc";"Mar 17, 2026, 16:00:00";"7";"3.77";"0";"21.2";"2.01"
"Newberry Condo Assoc";"Mar 17, 2026, 15:00:00";"7";"2.56";"0";"23.15";"2.16"
"Newberry Condo Assoc";"Mar 17, 2026, 14:00:00";"7";"1.72";"0";"24.38";"1.89"
"Newberry Condo Assoc";"Mar 17, 2026, 13:00:00";"7";"1.16";"0";"25.92";"1.69"
"Newberry Condo Assoc";"Mar 17, 2026, 12:00:00";"8";"1.67";"0";"27.27";"1.6"
"Newberry Condo Assoc";"Mar 17, 2026, 11:00:00";"8";"1.91";"0";"28.43";"1.75"
"Newberry Condo Assoc";"Mar 17, 2026, 10:00:00";"9";"3.46";"0";"29.77";"1.7"
"Newberry Condo Assoc";"Mar 17, 2026, 09:00:00";"9";"4.78";"0";"29.4";"1.53"
"Newberry Condo Assoc";"Mar 17, 2026, 08:00:00";"10";"4.48";"0";"29.7";"1.29"
"Newberry Condo Assoc";"Mar 17, 2026, 07:00:00";"10";"3.36";"0";"31.17";"1.13"
"Newberry Condo Assoc";"Mar 17, 2026, 06:00:00";"11";"1.46";"0";"32.66";"1.33"
"Newberry Condo Assoc";"Mar 17, 2026, 05:00:00";"12";"0.18";"0";"33.93";"1.13"
"Newberry Condo Assoc";"Mar 17, 2026, 04:00:00";"12";"0";"0";"36.04";"0.86"
"Newberry Condo Assoc";"Mar 17, 2026, 03:00:00";"13";"0.2";"0";"37.12";"0.6"
"Newberry Condo Assoc";"Mar 17, 2026, 02:00:00";"14";"1.01";"0";"37.7";"0.8"
"Newberry Condo Assoc";"Mar 17, 2026, 01:00:00";"14";"1.97";"0";"39.57";"0.77"
"Newberry Condo Assoc";"Mar 17, 2026, 00:00:00";"15";"3.07";"0";"40.07";"1.08"
"Newberry Condo Assoc";"Mar 16, 2026, 23:00:00";"17";"3.22";"0";"40.84";"1.25"
"Newberry Condo Assoc";"Mar 16, 2026, 22:00:00";"18";"1.73";"0";"45.91";"0.68"
"Newberry Condo Assoc";"Mar 16, 2026, 21:00:00";"19";"0.19";"0";"96.28";"1.38"
"Newberry Condo Assoc";"Mar 16, 2026, 20:00:00";"20";"0.43";"0";"149.18";"2.7"
"Newberry Condo Assoc";"Mar 16, 2026, 19:00:00";"21";"2.13";"0";"164.55";"3.3"
"Newberry Condo Assoc";"Mar 16, 2026, 18:00:00";"21";"3.78";"0";"151.91";"3.34"
"Newberry Condo Assoc";"Mar 16, 2026, 17:00:00";"22";"4.01";"0";"132.13";"1.72"
"Newberry Condo Assoc";"Mar 16, 2026, 16:00:00";"22";"3.76";"0";"134.82";"1.23"
"Newberry Condo Assoc";"Mar 16, 2026, 15:00:00";"23";"4";"0";"151.47";"2.49"
"Newberry Condo Assoc";"Mar 16, 2026, 14:00:00";"23";"2.47";"0";"151.85";"4.32"
"Newberry Condo Assoc";"Mar 16, 2026, 13:00:00";"23";"1.62";"0";"155.16";"4.84"
"Newberry Condo Assoc";"Mar 16, 2026, 12:00:00";"23";"0.01";"0";"151.2";"4.7"
"Newberry Condo Assoc";"Mar 16, 2026, 11:00:00";"23";"0.09";"0";"159.51";"3.97"
"Newberry Condo Assoc";"Mar 16, 2026, 10:00:00";"22";"0.29";"0";"171.6";"4.16"
"Newberry Condo Assoc";"Mar 16, 2026, 09:00:00";"22";"0.97";"0";"163.5";"4.47"
"Newberry Condo Assoc";"Mar 16, 2026, 08:00:00";"22";"0.96";"0";"153.04";"3.33"
"Newberry Condo Assoc";"Mar 16, 2026, 07:00:00";"22";"1.86";"0";"140.22";"4.55"
"Newberry Condo Assoc";"Mar 16, 2026, 06:00:00";"22";"2.36";"0";"132.31";"5.79"
"Newberry Condo Assoc";"Mar 16, 2026, 05:00:00";"22";"3.65";"0";"121.35";"5.64"
"Newberry Condo Assoc";"Mar 16, 2026, 04:00:00";"21";"4.83";"0";"108.65";"5.49"
"Newberry Condo Assoc";"Mar 16, 2026, 03:00:00";"21";"6.82";"0";"92.77";"5.6"
"Newberry Condo Assoc";"Mar 16, 2026, 02:00:00";"20";"8.08";"0";"72.38";"3.43"
"Newberry Condo Assoc";"Mar 16, 2026, 01:00:00";"21";"8.88";"0";"57.74";"4.71"
"Newberry Condo Assoc";"Mar 16, 2026, 00:00:00";"20";"8.74";"0";"44.55";"9.89"
"Newberry Condo Assoc";"Mar 15, 2026, 23:00:00";"20";"8.62";"0";"31.98";"8.87"
"Newberry Condo Assoc";"Mar 15, 2026, 22:00:00";"20";"7.58";"0";"27.31";"8.38"
"Newberry Condo Assoc";"Mar 15, 2026, 21:00:00";"20";"7";"0";"25.02";"7.17"
"Newberry Condo Assoc";"Mar 15, 2026, 20:00:00";"19";"6.41";"0";"23.83";"6.44"
"Newberry Condo Assoc";"Mar 15, 2026, 19:00:00";"19";"6.53";"0";"23.87";"5.91"
"Newberry Condo Assoc";"Mar 15, 2026, 18:00:00";"18";"5.58";"0";"20.82";"6.21"
"Newberry Condo Assoc";"Mar 15, 2026, 17:00:00";"17";"4.77";"0";"19.49";"4.88"
"Newberry Condo Assoc";"Mar 15, 2026, 16:00:00";"17";"4.03";"0";"18.62";"4.54"
"Newberry Condo Assoc";"Mar 15, 2026, 15:00:00";"17";"4.15";"0";"18.03";"4.02"
"Newberry Condo Assoc";"Mar 15, 2026, 14:00:00";"16";"3.85";"0";"15.97";"3.78"
"Newberry Condo Assoc";"Mar 15, 2026, 13:00:00";"16";"4.13";"0";"13.59";"3.19"
"Newberry Condo Assoc";"Mar 15, 2026, 12:00:00";"16";"4.03";"0";"14";"3.02"
"Newberry Condo Assoc";"Mar 15, 2026, 11:00:00";"16";"4.79";"0";"12.28";"3.19"
"Newberry Condo Assoc";"Mar 15, 2026, 10:00:00";"15";"6.06";"0";"12.41";"3.42"
"Newberry Condo Assoc";"Mar 15, 2026, 09:00:00";"15";"7.11";"0";"11.92";"3.37"
"Newberry Condo Assoc";"Mar 15, 2026, 08:00:00";"15";"7.24";"0";"11.12";"3.37"
"Newberry Condo Assoc";"Mar 15, 2026, 07:00:00";"15";"6.66";"0";"10.71";"3.16"
"Newberry Condo Assoc";"Mar 15, 2026, 06:00:00";"14";"7.89";"0";"10.37";"3.28"
"Newberry Condo Assoc";"Mar 15, 2026, 05:00:00";"14";"7.6";"0";"9.84";"3.66"
"Newberry Condo Assoc";"Mar 15, 2026, 04:00:00";"14";"6.65";"0";"9.35";"3.74"
"Newberry Condo Assoc";"Mar 15, 2026, 03:00:00";"14";"6.21";"0";"9.72";"3.5"
"Newberry Condo Assoc";"Mar 15, 2026, 02:00:00";"13";"6.8";"0";"10.33";"3.88"
"Newberry Condo Assoc";"Mar 15, 2026, 01:00:00";"13";"5.39";"0";"9.31";"3.52"
"Newberry Condo Assoc";"Mar 15, 2026, 00:00:00";"13";"6.98";"0";"11";"5.69"
"Newberry Condo Assoc";"Mar 14, 2026, 23:00:00";"12";"8.69";"0";"14.41";"8.9"
"Newberry Condo Assoc";"Mar 14, 2026, 22:00:00";"11";"9.73";"0";"15.09";"7.7"
"Newberry Condo Assoc";"Mar 14, 2026, 21:00:00";"10";"3.1";"0";"9.83";"4.97"
"Newberry Condo Assoc";"Mar 14, 2026, 20:00:00";"10";"2.29";"0";"10.54";"3.23"
"Newberry Condo Assoc";"Mar 14, 2026, 19:00:00";"10";"0.73";"0";"11.32";"2.3"
"Newberry Condo Assoc";"Mar 14, 2026, 18:00:00";"10";"0.14";"0";"12.67";"2.23"
"Newberry Condo Assoc";"Mar 14, 2026, 17:00:00";"10";"0.05";"0";"14.85";"2.75"
"Newberry Condo Assoc";"Mar 14, 2026, 16:00:00";"9";"0";"0";"16.24";"3.06"
"Newberry Condo Assoc";"Mar 14, 2026, 15:00:00";"9";"0";"0";"16.48";"2.66"
"Newberry Condo Assoc";"Mar 14, 2026, 14:00:00";"9";"0";"0";"15.65";"2"
"Newberry Condo Assoc";"Mar 14, 2026, 13:00:00";"9";"0";"0";"18.71";"1.82"
"Newberry Condo Assoc";"Mar 14, 2026, 12:00:00";"10";"0";"0";"17.24";"2.13"
"Newberry Condo Assoc";"Mar 14, 2026, 11:00:00";"10";"0.8";"0";"14.32";"2.06"
"Newberry Condo Assoc";"Mar 14, 2026, 10:00:00";"10";"1.08";"0";"14.7";"1.9"
"Newberry Condo Assoc";"Mar 14, 2026, 09:00:00";"10";"1.44";"0";"13.55";"1.94"
"Newberry Condo Assoc";"Mar 14, 2026, 08:00:00";"10";"1.84";"0";"13.44";"1.63"
"Newberry Condo Assoc";"Mar 14, 2026, 07:00:00";"10";"0.68";"0";"14.08";"1.5"
"Newberry Condo Assoc";"Mar 14, 2026, 06:00:00";"11";"0.23";"0";"15.7";"1.57"
"Newberry Condo Assoc";"Mar 14, 2026, 05:00:00";"11";"1.74";"0";"21.18";"1.73"
"Newberry Condo Assoc";"Mar 14, 2026, 04:00:00";"11";"4.22";"0";"23.74";"2.3"
"Newberry Condo Assoc";"Mar 14, 2026, 03:00:00";"11";"4.08";"0";"23.25";"2.26"
"Newberry Condo Assoc";"Mar 14, 2026, 02:00:00";"11";"4.28";"0";"23.05";"2.39"
"Newberry Condo Assoc";"Mar 14, 2026, 01:00:00";"11";"6.51";"0";"23.06";"2.41"
"Newberry Condo Assoc";"Mar 14, 2026, 00:00:00";"12";"6.59";"0";"23.26";"2.54"
"Newberry Condo Assoc";"Mar 13, 2026, 23:00:00";"12";"6.24";"0";"23.16";"2.75"
"Newberry Condo Assoc";"Mar 13, 2026, 22:00:00";"12";"5.67";"0";"23.41";"2.56"
"Newberry Condo Assoc";"Mar 13, 2026, 21:00:00";"12";"7.74";"0";"23.28";"2.33"
"Newberry Condo Assoc";"Mar 13, 2026, 20:00:00";"12";"3.24";"0";"23.83";"2.15"
"Newberry Condo Assoc";"Mar 13, 2026, 19:00:00";"12";"2.42";"0";"23.46";"1.99"
"Newberry Condo Assoc";"Mar 13, 2026, 18:00:00";"12";"1.69";"0";"22.55";"2.01"
"Newberry Condo Assoc";"Mar 13, 2026, 17:00:00";"12";"0.51";"0";"22.66";"1.92"
"Newberry Condo Assoc";"Mar 13, 2026, 16:00:00";"12";"0.53";"0";"22.97";"2.61"
"Newberry Condo Assoc";"Mar 13, 2026, 15:00:00";"12";"1.17";"0";"22.48";"2"
"Newberry Condo Assoc";"Mar 13, 2026, 14:00:00";"12";"0.45";"0";"23.41";"2.44"
"Newberry Condo Assoc";"Mar 13, 2026, 13:00:00";"13";"1.08";"0";"23.75";"2.78"
"Newberry Condo Assoc";"Mar 13, 2026, 12:00:00";"13";"1.14";"0";"25.95";"2.96"
"Newberry Condo Assoc";"Mar 13, 2026, 11:00:00";"13";"2.46";"0";"27.82";"3.29"
"Newberry Condo Assoc";"Mar 13, 2026, 10:00:00";"13";"6.06";"0";"27.14";"3.12"
"Newberry Condo Assoc";"Mar 13, 2026, 09:00:00";"13";"9.4";"0";"26.74";"2.79"
"Newberry Condo Assoc";"Mar 13, 2026, 08:00:00";"13";"12.87";"0";"28.16";"2.8"
"Newberry Condo Assoc";"Mar 13, 2026, 07:00:00";"12";"11.71";"0";"27.62";"2.84"
"Newberry Condo Assoc";"Mar 13, 2026, 06:00:00";"14";"13.58";"0";"28.75";"2.91"
"Newberry Condo Assoc";"Mar 13, 2026, 05:00:00";"13";"13.21";"0";"30.36";"2.79"
"Newberry Condo Assoc";"Mar 13, 2026, 04:00:00";"14";"14.37";"0";"32.83";"2.61"
"Newberry Condo Assoc";"Mar 13, 2026, 03:00:00";"12";"8.36";"0";"29.27";"2.63"
"Newberry Condo Assoc";"Mar 13, 2026, 02:00:00";"12";"5.57";"0";"29.59";"3.05"
"Newberry Condo Assoc";"Mar 13, 2026, 01:00:00";"13";"5.61";"0";"28.58";"4.18"
"Newberry Condo Assoc";"Mar 13, 2026, 00:00:00";"13";"3.21";"0";"28.36";"4.48"
"Newberry Condo Assoc";"Mar 12, 2026, 23:00:00";"14";"2.02";"0";"29.18";"3.32"
"Newberry Condo Assoc";"Mar 12, 2026, 22:00:00";"15";"0.89";"0";"30.17";"2.32"
"Newberry Condo Assoc";"Mar 12, 2026, 21:00:00";"16";"0.24";"0";"31.57";"2.08"
"Newberry Condo Assoc";"Mar 12, 2026, 20:00:00";"17";"0.19";"0";"33.71";"2.23"
"Newberry Condo Assoc";"Mar 12, 2026, 19:00:00";"18";"0";"0";"37.2";"1.93"
"Newberry Condo Assoc";"Mar 12, 2026, 18:00:00";"19";"0.06";"0";"40.43";"2.18"
"Newberry Condo Assoc";"Mar 12, 2026, 17:00:00";"20";"0.52";"0";"44.08";"1.88"
"Newberry Condo Assoc";"Mar 12, 2026, 16:00:00";"21";"1.59";"0";"39.68";"1.74"
"Newberry Condo Assoc";"Mar 12, 2026, 15:00:00";"22";"6.86";"0";"39.2";"3.35"
"Newberry Condo Assoc";"Mar 12, 2026, 14:00:00";"24";"6.38";"0";"36.74";"9.49"
"Newberry Condo Assoc";"Mar 12, 2026, 13:00:00";"24";"3.78";"0";"35.31";"0"
"Newberry Condo Assoc";"Mar 12, 2026, 12:00:00";"25";"3.89";"0";"36.3";"0"
"Newberry Condo Assoc";"Mar 12, 2026, 11:00:00";"26";"2.05";"0";"39.23";"1.85"
"Newberry Condo Assoc";"Mar 12, 2026, 10:00:00";"27";"0.38";"0";"41.64";"0.6"
"Newberry Condo Assoc";"Mar 12, 2026, 09:00:00";"29";"0";"0";"42.94";"0.39"
"Newberry Condo Assoc";"Mar 12, 2026, 08:00:00";"30";"0";"0";"43.9";"0.67"
"Newberry Condo Assoc";"Mar 12, 2026, 07:00:00";"31";"0";"0";"50.81";"0.29"
"Newberry Condo Assoc";"Mar 12, 2026, 06:00:00";"32";"0";"0";"65.97";"0.36"
"Newberry Condo Assoc";"Mar 12, 2026, 05:00:00";"34";"0";"0";"68.28";"3.88"
"Newberry Condo Assoc";"Mar 12, 2026, 04:00:00";"34";"0.16";"0";"71.38";"5.48"
"Newberry Condo Assoc";"Mar 12, 2026, 03:00:00";"35";"0";"0";"72.22";"5.25"
"Newberry Condo Assoc";"Mar 12, 2026, 02:00:00";"36";"0";"0";"68.18";"5.75"
"Newberry Condo Assoc";"Mar 12, 2026, 01:00:00";"36";"0";"0";"68.77";"6.64"
"Newberry Condo Assoc";"Mar 12, 2026, 00:00:00";"37";"0";"0";"76.83";"8.19"
"Newberry Condo Assoc";"Mar 11, 2026, 23:00:00";"37";"1.05";"0";"98.89";"7.83"
"Newberry Condo Assoc";"Mar 11, 2026, 22:00:00";"37";"0.29";"0";"136.4";"7.26"
"Newberry Condo Assoc";"Mar 11, 2026, 21:00:00";"37";"1.7";"0";"128.68";"8.42"
"Newberry Condo Assoc";"Mar 11, 2026, 20:00:00";"37";"0.22";"0";"99.45";"9.19"
"Newberry Condo Assoc";"Mar 11, 2026, 19:00:00";"36";"0";"0";"74.76";"7.1"
"Newberry Condo Assoc";"Mar 11, 2026, 18:00:00";"36";"0";"0";"75.92";"7.45"
"Newberry Condo Assoc";"Mar 11, 2026, 17:00:00";"35";"0";"0";"77.93";"7.83"
"Newberry Condo Assoc";"Mar 11, 2026, 16:00:00";"34";"0";"0";"83.87";"8.68"
"Newberry Condo Assoc";"Mar 11, 2026, 15:00:00";"34";"0";"0";"83.79";"9.97"
"Newberry Condo Assoc";"Mar 11, 2026, 14:00:00";"34";"0.16";"0";"78.39";"10.32"
"Newberry Condo Assoc";"Mar 11, 2026, 13:00:00";"33";"0";"0";"80.37";"10.7"
"Newberry Condo Assoc";"Mar 11, 2026, 12:00:00";"32";"3.97";"0";"82.27";"10.3"
"Newberry Condo Assoc";"Mar 11, 2026, 11:00:00";"31";"9.94";"0";"84.25";"10.36"
"Newberry Condo Assoc";"Mar 11, 2026, 10:00:00";"30";"14.99";"0";"82.58";"9.85"
"Newberry Condo Assoc";"Mar 11, 2026, 09:00:00";"30";"9.72";"0";"73.16";"8.17"
"Newberry Condo Assoc";"Mar 11, 2026, 08:00:00";"30";"7.4";"0";"66.09";"7.14"
"Newberry Condo Assoc";"Mar 11, 2026, 07:00:00";"30";"4.55";"0";"64.82";"7.16"
"Newberry Condo Assoc";"Mar 11, 2026, 06:00:00";"30";"0.2";"0";"64.69";"7.41"
"Newberry Condo Assoc";"Mar 11, 2026, 05:00:00";"30";"0";"0";"64.46";"9.21"
"Newberry Condo Assoc";"Mar 11, 2026, 04:00:00";"29";"0";"0";"62.69";"9.75"
"Newberry Condo Assoc";"Mar 11, 2026, 03:00:00";"28";"0.14";"0";"59.87";"9.07"
"Newberry Condo Assoc";"Mar 11, 2026, 02:00:00";"27";"0";"0";"59.77";"8.16"
"Newberry Condo Assoc";"Mar 11, 2026, 01:00:00";"26";"0.25";"0";"58.71";"8.8"
"Newberry Condo Assoc";"Mar 11, 2026, 00:00:00";"26";"0.45";"0";"54.94";"9.28"
"Newberry Condo Assoc";"Mar 10, 2026, 23:00:00";"25";"0";"0";"51.06";"10.68"
"Newberry Condo Assoc";"Mar 10, 2026, 22:00:00";"23";"0";"0";"49.62";"7.76"
"Newberry Condo Assoc";"Mar 10, 2026, 21:00:00";"23";"0";"0";"48.33";"5.01"
"Newberry Condo Assoc";"Mar 10, 2026, 20:00:00";"22";"2.56";"0";"45.58";"4.31"
"Newberry Condo Assoc";"Mar 10, 2026, 19:00:00";"22";"0";"0";"41.47";"4.55"
"Newberry Condo Assoc";"Mar 10, 2026, 18:00:00";"21";"0";"0";"39.51";"4.37"
"Newberry Condo Assoc";"Mar 10, 2026, 17:00:00";"21";"0";"0";"39.69";"4.55"
"Newberry Condo Assoc";"Mar 10, 2026, 16:00:00";"21";"0";"0";"44.23";"7.27"
"Newberry Condo Assoc";"Mar 10, 2026, 15:00:00";"20";"0";"0";"50.22";"5.94"
"Newberry Condo Assoc";"Mar 10, 2026, 14:00:00";"19";"0";"0";"52.91";"5.83"
"Newberry Condo Assoc";"Mar 10, 2026, 13:00:00";"19";"0";"0";"50.31";"4.69"
"Newberry Condo Assoc";"Mar 10, 2026, 12:00:00";"18";"1.59";"0";"61.85";"5.07"
"Newberry Condo Assoc";"Mar 10, 2026, 11:00:00";"18";"15.43";"0";"77.52";"7.95"
"Newberry Condo Assoc";"Mar 10, 2026, 10:00:00";"21";"21.09";"0";"68.13";"8.75"
"Newberry Condo Assoc";"Mar 10, 2026, 09:00:00";"21";"10.13";"0";"60.57";"5.87"
"Newberry Condo Assoc";"Mar 10, 2026, 08:00:00";"21";"16.39";"0";"65.44";"7.14"
"Newberry Condo Assoc";"Mar 10, 2026, 07:00:00";"21";"17.33";"0";"69.5";"7.41"
"Newberry Condo Assoc";"Mar 10, 2026, 06:00:00";"21";"16.04";"0";"67.53";"6.07"
"Newberry Condo Assoc";"Mar 10, 2026, 05:00:00";"20";"7.47";"0";"50.07";"4.69"
"Newberry Condo Assoc";"Mar 10, 2026, 04:00:00";"20";"1.59";"0";"48.08";"4.46"
"Newberry Condo Assoc";"Mar 10, 2026, 03:00:00";"20";"0.87";"0";"48.41";"4.15"
"Newberry Condo Assoc";"Mar 10, 2026, 02:00:00";"19";"5.1";"0";"55.04";"4.53"
"Newberry Condo Assoc";"Mar 10, 2026, 01:00:00";"19";"5.01";"0";"55.96";"4.13"
"Newberry Condo Assoc";"Mar 10, 2026, 00:00:00";"19";"0.8";"0";"53.72";"3.74"
"Newberry Condo Assoc";"Mar 9, 2026, 23:00:00";"19";"0.48";"0";"52.28";"3.18"
"Newberry Condo Assoc";"Mar 9, 2026, 22:00:00";"19";"0.43";"0";"52.67";"3.13"
"Newberry Condo Assoc";"Mar 9, 2026, 21:00:00";"20";"1.91";"0";"51.95";"3.16"
"Newberry Condo Assoc";"Mar 9, 2026, 20:00:00";"20";"2.55";"0";"48.06";"2.14"
"Newberry Condo Assoc";"Mar 9, 2026, 19:00:00";"20";"0";"0";"45.95";"2.35"
"Newberry Condo Assoc";"Mar 9, 2026, 18:00:00";"20";"0";"0";"41.5";"2.14"
"Newberry Condo Assoc";"Mar 9, 2026, 17:00:00";"20";"0";"0";"39.14";"2.19"
"Newberry Condo Assoc";"Mar 9, 2026, 16:00:00";"20";"0";"0";"42.52";"2.27"
"Newberry Condo Assoc";"Mar 9, 2026, 15:00:00";"20";"0";"0";"45.15";"2.48"
"Newberry Condo Assoc";"Mar 9, 2026, 14:00:00";"20";"0";"0";"43.14";"2.51"
"Newberry Condo Assoc";"Mar 9, 2026, 13:00:00";"20";"0";"0";"44.78";"2.57"
"Newberry Condo Assoc";"Mar 9, 2026, 12:00:00";"20";"0";"0";"56.97";"3.23"
"Newberry Condo Assoc";"Mar 9, 2026, 11:00:00";"20";"3.99";"0";"69.88";"14.9"
"Newberry Condo Assoc";"Mar 9, 2026, 10:00:00";"18";"18.19";"0";"69.97";"19.92"
"Newberry Condo Assoc";"Mar 9, 2026, 09:00:00";"24";"24.3";"0";"76.46";"7.08"
"Newberry Condo Assoc";"Mar 9, 2026, 08:00:00";"21";"21.36";"0";"74.6";"6.44"
"Newberry Condo Assoc";"Mar 9, 2026, 07:00:00";"19";"19.45";"0";"51.61";"4.25"
"Newberry Condo Assoc";"Mar 9, 2026, 06:00:00";"17";"17.61";"0";"50.51";"3.66"
"Newberry Condo Assoc";"Mar 9, 2026, 05:00:00";"17";"11.53";"0";"46.46";"3.34"
"Newberry Condo Assoc";"Mar 9, 2026, 04:00:00";"18";"4.71";"0";"43.65";"2.94"
"Newberry Condo Assoc";"Mar 9, 2026, 03:00:00";"19";"4.29";"0";"46.72";"3.01"
"Newberry Condo Assoc";"Mar 9, 2026, 02:00:00";"19";"1.68";"0";"47.55";"3.39"
"Newberry Condo Assoc";"Mar 9, 2026, 01:00:00";"20";"1.3";"0";"47.31";"3.92"
"Newberry Condo Assoc";"Mar 9, 2026, 00:00:00";"23";"2.41";"0";"51.61";"3.58"
"Newberry Condo Assoc";"Mar 8, 2026, 23:00:00";"24";"4.1";"0";"55.76";"3.78"
"Newberry Condo Assoc";"Mar 8, 2026, 22:00:00";"25";"2.27";"0";"61.32";"4.59"
"Newberry Condo Assoc";"Mar 8, 2026, 21:00:00";"26";"1.74";"0";"64.65";"3.83"
"Newberry Condo Assoc";"Mar 8, 2026, 20:00:00";"27";"0";"0";"70.05";"3.74"
"Newberry Condo Assoc";"Mar 8, 2026, 19:00:00";"28";"0";"0";"70.19";"2.95"
"Newberry Condo Assoc";"Mar 8, 2026, 18:00:00";"29";"0";"0";"68.73";"2.61"
"Newberry Condo Assoc";"Mar 8, 2026, 17:00:00";"30";"0";"0";"74.41";"1.88"
"Newberry Condo Assoc";"Mar 8, 2026, 16:00:00";"33";"0";"0";"85.9";"1.65"
"Newberry Condo Assoc";"Mar 8, 2026, 15:00:00";"35";"0";"0";"91.39";"1.47"
"Newberry Condo Assoc";"Mar 8, 2026, 14:00:00";"37";"0";"0";"101.54";"1.53"
"Newberry Condo Assoc";"Mar 8, 2026, 13:00:00";"40";"0";"0";"119.82";"3.13"
"Newberry Condo Assoc";"Mar 8, 2026, 12:00:00";"41";"0";"0";"129.56";"4.44"
"Newberry Condo Assoc";"Mar 8, 2026, 11:00:00";"42";"0";"0";"150.98";"4.62"
"Newberry Condo Assoc";"Mar 8, 2026, 10:00:00";"42";"0";"0";"157.14";"4.53"
"Newberry Condo Assoc";"Mar 8, 2026, 09:00:00";"44";"0";"0";"164.87";"6.92"
"Newberry Condo Assoc";"Mar 8, 2026, 08:00:00";"47";"0";"0";"170.23";"7.76"
"Newberry Condo Assoc";"Mar 8, 2026, 07:00:00";"49";"0";"0";"171.69";"7.75"
"Newberry Condo Assoc";"Mar 8, 2026, 06:00:00";"51";"0";"0";"173.43";"7.53"
"Newberry Condo Assoc";"Mar 8, 2026, 05:00:00";"52";"0";"0";"172.73";"7.69"
"Newberry Condo Assoc";"Mar 8, 2026, 04:00:00";"54";"0";"0";"172.17";"7.8"
"Newberry Condo Assoc";"Mar 8, 2026, 03:00:00";"56";"0";"0";"169.62";"7.07"
"Newberry Condo Assoc";"Mar 8, 2026, 01:00:00";"57";"0.26";"0";"115.08";"7.86"
"Newberry Condo Assoc";"Mar 8, 2026, 00:00:00";"59";"0";"0";"117.67";"18.93"
"Newberry Condo Assoc";"Mar 7, 2026, 23:00:00";"59";"0";"0";"136.51";"11.61"
"Newberry Condo Assoc";"Mar 7, 2026, 22:00:00";"60";"0";"0";"145.99";"10.67"
"Newberry Condo Assoc";"Mar 7, 2026, 21:00:00";"63";"0";"0";"140.65";"9.23"
"Newberry Condo Assoc";"Mar 7, 2026, 20:00:00";"65";"0";"0";"125.01";"9.66"
"Newberry Condo Assoc";"Mar 7, 2026, 19:00:00";"67";"0.39";"0";"120.65";"9.77"
"Newberry Condo Assoc";"Mar 7, 2026, 18:00:00";"69";"0";"0";"128.74";"9.78"
"Newberry Condo Assoc";"Mar 7, 2026, 17:00:00";"71";"0";"0";"100.08";"9.33"
"Newberry Condo Assoc";"Mar 7, 2026, 16:00:00";"73";"0";"0";"89.14";"13.66"
"Newberry Condo Assoc";"Mar 7, 2026, 15:00:00";"75";"0";"0";"81.66";"16.1"
"Newberry Condo Assoc";"Mar 7, 2026, 14:00:00";"76";"0";"0";"77.33";"15.31"
"Newberry Condo Assoc";"Mar 7, 2026, 13:00:00";"77";"0";"0";"72.38";"14.1"
"Newberry Condo Assoc";"Mar 7, 2026, 12:00:00";"79";"0.32";"0";"65.97";"10.68"
"Newberry Condo Assoc";"Mar 7, 2026, 11:00:00";"80";"0.8";"0";"61.02";"8.49"
"Newberry Condo Assoc";"Mar 7, 2026, 10:00:00";"82";"1.49";"0";"51.09";"9.15"
"Newberry Condo Assoc";"Mar 7, 2026, 09:00:00";"84";"1.61";"0";"46.6";"16.12"
"Newberry Condo Assoc";"Mar 7, 2026, 08:00:00";"85";"2.08";"0";"46.35";"22.19"
"Newberry Condo Assoc";"Mar 7, 2026, 07:00:00";"85";"1.75";"0";"46.1";"18.47"
"Newberry Condo Assoc";"Mar 7, 2026, 06:00:00";"86";"1.44";"0";"46.12";"22.02"
"Newberry Condo Assoc";"Mar 7, 2026, 05:00:00";"87";"1.96";"0";"43.79";"19.73"
"Newberry Condo Assoc";"Mar 7, 2026, 04:00:00";"88";"1.8";"0";"46.27";"27.51"
"Newberry Condo Assoc";"Mar 7, 2026, 03:00:00";"3";"2.12";"0";"47.85";"31.26"
"Newberry Condo Assoc";"Mar 7, 2026, 02:00:00";"3";"1.85";"0";"50.73";"24.4"
"Newberry Condo Assoc";"Mar 7, 2026, 01:00:00";"3";"1.28";"0";"53.9";"20.21"
"Newberry Condo Assoc";"Mar 7, 2026, 00:00:00";"4";"0.9";"0";"54.77";"21.55"
"Newberry Condo Assoc";"Mar 6, 2026, 23:00:00";"4";"0.81";"0";"55.29";"30.72"
"Newberry Condo Assoc";"Mar 6, 2026, 22:00:00";"4";"0.45";"0";"56.8";"34.61"
"Newberry Condo Assoc";"Mar 6, 2026, 21:00:00";"4";"0.69";"0";"57.05";"34.9"
"Newberry Condo Assoc";"Mar 6, 2026, 20:00:00";"4";"1.73";"0";"57.8";"32.49"
"Newberry Condo Assoc";"Mar 6, 2026, 19:00:00";"4";"2.41";"0";"60.31";"32.07"
"Newberry Condo Assoc";"Mar 6, 2026, 18:00:00";"4";"2.84";"0";"63.09";"30.97"
"Newberry Condo Assoc";"Mar 6, 2026, 17:00:00";"4";"2.34";"0";"64.94";"34.81"
"Newberry Condo Assoc";"Mar 6, 2026, 16:00:00";"4";"1";"0";"67.12";"32.75"
"Newberry Condo Assoc";"Mar 6, 2026, 15:00:00";"5";"0.04";"0";"70.01";"30.5"
"Newberry Condo Assoc";"Mar 6, 2026, 14:00:00";"5";"0.01";"0";"69.44";"31.03"
"Newberry Condo Assoc";"Mar 6, 2026, 13:00:00";"5";"0.05";"0";"71.67";"26.81"
"Newberry Condo Assoc";"Mar 6, 2026, 12:00:00";"5";"0.17";"0";"72.52";"22.45"
"Newberry Condo Assoc";"Mar 6, 2026, 11:00:00";"4";"0.69";"0";"68.97";"35.03"
"Newberry Condo Assoc";"Mar 6, 2026, 10:00:00";"4";"0.2";"0";"70.08";"0"
"Newberry Condo Assoc";"Mar 6, 2026, 09:00:00";"4";"1.27";"0";"68.09";"0"
"Newberry Condo Assoc";"Mar 6, 2026, 08:00:00";"4";"2.79";"0";"68.73";"0"
"Newberry Condo Assoc";"Mar 6, 2026, 07:00:00";"5";"4.73";"0";"70.6";"0"
"Newberry Condo Assoc";"Mar 6, 2026, 06:00:00";"5";"1.15";"0";"71.51";"0"
"Newberry Condo Assoc";"Mar 6, 2026, 05:00:00";"5";"0.73";"0";"75.55";"0"
"Newberry Condo Assoc";"Mar 6, 2026, 04:00:00";"5";"1.06";"0";"78.53";"0"
"Newberry Condo Assoc";"Mar 6, 2026, 03:00:00";"5";"1.92";"0";"75.86";"0"
"Newberry Condo Assoc";"Mar 6, 2026, 02:00:00";"5";"3.73";"0";"77.13";"0"
"Newberry Condo Assoc";"Mar 6, 2026, 01:00:00";"5";"3.71";"0";"80.44";"0"
"Newberry Condo Assoc";"Mar 6, 2026, 00:00:00";"6";"4.12";"0";"75.45";"0"
"Newberry Condo Assoc";"Mar 5, 2026, 23:00:00";"8";"7.77";"0";"69.04";"0"
"Newberry Condo Assoc";"Mar 5, 2026, 22:00:00";"7";"7.05";"0";"66.07";"0"
"Newberry Condo Assoc";"Mar 5, 2026, 21:00:00";"6";"4.56";"0";"72.69";"45.81"
"Newberry Condo Assoc";"Mar 5, 2026, 20:00:00";"8";"8.03";"0";"78.86";"37.86"
"Newberry Condo Assoc";"Mar 5, 2026, 19:00:00";"13";"12.5";"0";"84.26";"43.11"
"Newberry Condo Assoc";"Mar 5, 2026, 18:00:00";"11";"11.35";"0";"87.5";"42.02"
"Newberry Condo Assoc";"Mar 5, 2026, 17:00:00";"6";"3.87";"0";"90.92";"34.04"
"Newberry Condo Assoc";"Mar 5, 2026, 16:00:00";"5";"0";"0";"92.79";"28.39"
"Newberry Condo Assoc";"Mar 5, 2026, 15:00:00";"5";"0.1";"0";"91.75";"35.73"
"Newberry Condo Assoc";"Mar 5, 2026, 14:00:00";"5";"1.27";"0";"90.5";"42.9"
"Newberry Condo Assoc";"Mar 5, 2026, 13:00:00";"5";"1.88";"0";"85.96";"45.21"
"Newberry Condo Assoc";"Mar 5, 2026, 12:00:00";"5";"4.55";"0";"82.96";"60.49"
"Newberry Condo Assoc";"Mar 5, 2026, 11:00:00";"6";"5.77";"0";"75.45";"0"
"Newberry Condo Assoc";"Mar 5, 2026, 10:00:00";"5";"3.63";"0";"62.6";"0"
"Newberry Condo Assoc";"Mar 5, 2026, 09:00:00";"5";"3.17";"0";"58.65";"0"
"Newberry Condo Assoc";"Mar 5, 2026, 08:00:00";"5";"4.36";"0";"61.5";"0"
"Newberry Condo Assoc";"Mar 5, 2026, 07:00:00";"5";"4.78";"0";"62.42";"0"
"Newberry Condo Assoc";"Mar 5, 2026, 06:00:00";"6";"5.36";"0";"56.3";"0"
"Newberry Condo Assoc";"Mar 5, 2026, 05:00:00";"6";"5.38";"0";"56.08";"0"
"Newberry Condo Assoc";"Mar 5, 2026, 04:00:00";"6";"5.72";"0";"57.54";"0"
"Newberry Condo Assoc";"Mar 5, 2026, 03:00:00";"8";"8.03";"0";"60.74";"0"
"Newberry Condo Assoc";"Mar 5, 2026, 02:00:00";"10";"9.46";"0";"66.53";"0"
"Newberry Condo Assoc";"Mar 5, 2026, 01:00:00";"10";"9.98";"0";"67.57";"0"
"Newberry Condo Assoc";"Mar 5, 2026, 00:00:00";"10";"10.36";"0";"67.86";"0"
"Newberry Condo Assoc";"Mar 4, 2026, 23:00:00";"12";"11.84";"0";"64.71";"0"
"Newberry Condo Assoc";"Mar 4, 2026, 22:00:00";"4";"3.07";"0";"67.54";"0"
"Newberry Condo Assoc";"Mar 4, 2026, 21:00:00";"4";"1.2";"0";"65.68";"0"
"Newberry Condo Assoc";"Mar 4, 2026, 20:00:00";"4";"2";"0";"64.44";"0"
"Newberry Condo Assoc";"Mar 4, 2026, 19:00:00";"4";"1.82";"0";"63.38";"0"
"Newberry Condo Assoc";"Mar 4, 2026, 18:00:00";"70";"0.63";"0";"61.6";"0"
"Newberry Condo Assoc";"Mar 4, 2026, 17:00:00";"70";"0.09";"0";"60.4";"0"
"Newberry Condo Assoc";"Mar 4, 2026, 16:00:00";"69";"2.53";"0";"59.86";"38.39"
"Newberry Condo Assoc";"Mar 4, 2026, 15:00:00";"66";"2.39";"0";"66.55";"0"
"Newberry Condo Assoc";"Mar 4, 2026, 14:00:00";"66";"1.06";"0";"57.68";"0"
"Newberry Condo Assoc";"Mar 4, 2026, 13:00:00";"66";"0.88";"0";"54.1";"0"
"Newberry Condo Assoc";"Mar 4, 2026, 12:00:00";"67";"0.12";"0";"62.69";"0"
"Newberry Condo Assoc";"Mar 4, 2026, 11:00:00";"67";"0";"0";"62.57";"17.72"
"Newberry Condo Assoc";"Mar 4, 2026, 10:00:00";"67";"0.26";"0";"64.04";"17.14"
"Newberry Condo Assoc";"Mar 4, 2026, 09:00:00";"67";"5.59";"0";"58.41";"21.22"
"Newberry Condo Assoc";"Mar 4, 2026, 08:00:00";"67";"9.91";"0";"65.07";"26.25"
"Newberry Condo Assoc";"Mar 4, 2026, 07:00:00";"66";"9.95";"0";"55.8";"25.45"
"Newberry Condo Assoc";"Mar 4, 2026, 06:00:00";"66";"8.13";"0";"51.19";"23.18"
"Newberry Condo Assoc";"Mar 4, 2026, 05:00:00";"67";"1.84";"0";"50.41";"23.21"
"Newberry Condo Assoc";"Mar 4, 2026, 04:00:00";"69";"0.64";"0";"47.63";"18.12"
"Newberry Condo Assoc";"Mar 4, 2026, 03:00:00";"73";"0.39";"0";"45.05";"18.3"
"Newberry Condo Assoc";"Mar 4, 2026, 02:00:00";"77";"0.63";"0";"42.92";"18.64"
"Newberry Condo Assoc";"Mar 4, 2026, 01:00:00";"80";"0.6";"0";"38.23";"17.61"
"Newberry Condo Assoc";"Mar 4, 2026, 00:00:00";"84";"3.51";"0";"36.13";"18.98"
"Newberry Condo Assoc";"Mar 3, 2026, 23:00:00";"87";"3.6";"0";"34.9";"21.67"
"Newberry Condo Assoc";"Mar 3, 2026, 22:00:00";"89";"3.39";"0";"32.8";"25.51"
"Newberry Condo Assoc";"Mar 3, 2026, 21:00:00";"91";"4.45";"0";"31.99";"20.33"
"Newberry Condo Assoc";"Mar 3, 2026, 20:00:00";"93";"5.12";"0";"33.44";"15.46"
"Newberry Condo Assoc";"Mar 3, 2026, 19:00:00";"95";"9.54";"0";"32.86";"15.16"
"Newberry Condo Assoc";"Mar 3, 2026, 18:00:00";"96";"7.12";"0";"32.36";"15.92"
"Newberry Condo Assoc";"Mar 3, 2026, 17:00:00";"96";"5.81";"0";"30.93";"14.58"
"Newberry Condo Assoc";"Mar 3, 2026, 16:00:00";"97";"6.66";"0";"31.11";"14.14"
"Newberry Condo Assoc";"Mar 3, 2026, 15:00:00";"97";"6.9";"0";"30.02";"15.04"
"Newberry Condo Assoc";"Mar 3, 2026, 14:00:00";"96";"7.22";"0";"30.05";"21.15"
"Newberry Condo Assoc";"Mar 3, 2026, 13:00:00";"95";"7.41";"0";"29.46";"26.32"
"Newberry Condo Assoc";"Mar 3, 2026, 12:00:00";"93";"9.15";"0";"29.35";"0"
"Newberry Condo Assoc";"Mar 3, 2026, 11:00:00";"90";"9.13";"0";"28.33";"0"
"Newberry Condo Assoc";"Mar 3, 2026, 10:00:00";"88";"11.74";"0";"29.69";"0"
"Newberry Condo Assoc";"Mar 3, 2026, 09:00:00";"85";"11.05";"0";"29.17";"0"
"Newberry Condo Assoc";"Mar 3, 2026, 08:00:00";"83";"7.54";"0";"28.07";"0"
"Newberry Condo Assoc";"Mar 3, 2026, 07:00:00";"81";"4.52";"0";"28.28";"0"
"Newberry Condo Assoc";"Mar 3, 2026, 06:00:00";"79";"4.1";"0";"27.78";"33.82"
"Newberry Condo Assoc";"Mar 3, 2026, 05:00:00";"76";"4.95";"0";"27.92";"39.28"
"Newberry Condo Assoc";"Mar 3, 2026, 04:00:00";"73";"5.49";"0";"27.36";"50.14"
"Newberry Condo Assoc";"Mar 3, 2026, 03:00:00";"69";"5.58";"0";"26.35";"52.44"
"Newberry Condo Assoc";"Mar 3, 2026, 02:00:00";"65";"5.75";"0";"25.83";"50.52"
"Newberry Condo Assoc";"Mar 3, 2026, 01:00:00";"61";"5.7";"0";"26.26";"49.07"
"Newberry Condo Assoc";"Mar 3, 2026, 00:00:00";"57";"5.97";"0";"25.74";"40.65"