sep=;
"Location";"Date";"AQI";"NO2 (ppb)";"CO (ppm)";"VOCs (ppb)";"PM2.5 (µg/m³)"
"Sterling MS";"Sep 11, 2026, 23:00:00";"31";"9.98";"0.22";"496.99";"5.15"
"Sterling MS";"Sep 11, 2026, 22:00:00";"32";"10.92";"0.23";"474.75";"5.18"
"Sterling MS";"Sep 11, 2026, 21:00:00";"33";"12.03";"0.32";"399.94";"6.36"
"Sterling MS";"Sep 11, 2026, 20:00:00";"31";"8.02";"0.23";"279.3";"5.5"
"Sterling MS";"Sep 11, 2026, 19:00:00";"31";"5.29";"0.18";"230.02";"5.4"
"Sterling MS";"Sep 11, 2026, 18:00:00";"32";"3.54";"0.16";"207.05";"5.69"
"Sterling MS";"Sep 11, 2026, 17:00:00";"32";"2.66";"0.18";"213.44";"5.77"
"Sterling MS";"Sep 11, 2026, 16:00:00";"32";"2.7";"0.15";"220.54";"5.58"
"Sterling MS";"Sep 11, 2026, 15:00:00";"33";"1.56";"0.16";"262.6";"5.64"
"Sterling MS";"Sep 11, 2026, 14:00:00";"34";"2.7";"0.16";"339.78";"5.61"
"Sterling MS";"Sep 11, 2026, 13:00:00";"37";"2.53";"0.14";"434.06";"6.42"
"Sterling MS";"Sep 11, 2026, 12:00:00";"38";"1.94";"0.14";"514";"6.96"
"Sterling MS";"Sep 11, 2026, 11:00:00";"38";"4.64";"0.16";"571.12";"6.05"
"Sterling MS";"Sep 11, 2026, 10:00:00";"41";"10.28";"0.19";"770.26";"5.41"
"Sterling MS";"Sep 11, 2026, 09:00:00";"52";"13.28";"0.2";"868.75";"8.45"
"Sterling MS";"Sep 11, 2026, 08:00:00";"54";"10.87";"0.13";"803.83";"10.14"
"Sterling MS";"Sep 11, 2026, 07:00:00";"54";"9.92";"0.11";"719.49";"10.27"
"Sterling MS";"Sep 11, 2026, 06:00:00";"54";"8.52";"0.09";"684.41";"10.66"
"Sterling MS";"Sep 11, 2026, 05:00:00";"53";"8.47";"0.11";"667.58";"9.83"
"Sterling MS";"Sep 11, 2026, 04:00:00";"54";"7.22";"0.11";"452.29";"11.75"
"Sterling MS";"Sep 11, 2026, 03:00:00";"52";"5.19";"0.12";"272.64";"9.54"
"Sterling MS";"Sep 11, 2026, 02:00:00";"50";"5.07";"0.12";"261.63";"9.52"
"Sterling MS";"Sep 11, 2026, 01:00:00";"48";"5.13";"0.12";"256.41";"9.14"
"Sterling MS";"Sep 11, 2026, 00:00:00";"45";"5.49";"0.14";"246.72";"8.64"
"Sterling MS";"Sep 10, 2026, 23:00:00";"43";"4.98";"0.14";"234.32";"7.9"
"Sterling MS";"Sep 10, 2026, 22:00:00";"42";"5.62";"0.16";"211.31";"8.01"
"Sterling MS";"Sep 10, 2026, 21:00:00";"38";"5.8";"0.17";"179.96";"7.67"
"Sterling MS";"Sep 10, 2026, 20:00:00";"34";"4.9";"0.16";"152.83";"6.37"
"Sterling MS";"Sep 10, 2026, 19:00:00";"32";"4.88";"0.16";"137.31";"6.15"
"Sterling MS";"Sep 10, 2026, 18:00:00";"30";"2.37";"0.16";"133.18";"6.16"
"Sterling MS";"Sep 10, 2026, 17:00:00";"26";"2.64";"0.18";"152.67";"4.27"
"Sterling MS";"Sep 10, 2026, 16:00:00";"28";"1.11";"0.15";"134.54";"5.36"
"Sterling MS";"Sep 10, 2026, 15:00:00";"27";"0.53";"0.18";"163.56";"5.21"
"Sterling MS";"Sep 10, 2026, 14:00:00";"24";"1.76";"0.17";"196.57";"3.7"
"Sterling MS";"Sep 10, 2026, 13:00:00";"27";"1.37";"0.18";"208.63";"4.19"
"Sterling MS";"Sep 10, 2026, 12:00:00";"30";"1.62";"0.18";"203.19";"4.28"
"Sterling MS";"Sep 10, 2026, 11:00:00";"36";"8.37";"0.26";"217.15";"7.25"
"Sterling MS";"Sep 10, 2026, 10:00:00";"32";"13.9";"0.3";"245.7";"6.59"
"Sterling MS";"Sep 10, 2026, 09:00:00";"27";"13.99";"0.28";"265.27";"5.5"
"Sterling MS";"Sep 10, 2026, 08:00:00";"25";"15.17";"0.25";"265.84";"5.17"
"Sterling MS";"Sep 10, 2026, 07:00:00";"24";"10.83";"0.19";"244.36";"4.71"
"Sterling MS";"Sep 10, 2026, 06:00:00";"23";"8.38";"0.16";"220.35";"4.24"
"Sterling MS";"Sep 10, 2026, 05:00:00";"23";"7.72";"0.14";"185.4";"4.31"
"Sterling MS";"Sep 10, 2026, 04:00:00";"23";"7.47";"0.14";"155.51";"3.94"
"Sterling MS";"Sep 10, 2026, 03:00:00";"23";"7.11";"0.13";"132.76";"3.9"
"Sterling MS";"Sep 10, 2026, 02:00:00";"23";"6.63";"0.13";"117.15";"3.88"
"Sterling MS";"Sep 10, 2026, 01:00:00";"24";"6.05";"0.14";"109.08";"3.83"
"Sterling MS";"Sep 10, 2026, 00:00:00";"25";"6.73";"0.16";"105.68";"4.07"
"Sterling MS";"Sep 9, 2026, 23:00:00";"27";"6.91";"0.18";"111.89";"4.58"
"Sterling MS";"Sep 9, 2026, 22:00:00";"27";"8.15";"0.21";"108.02";"4.54"
"Sterling MS";"Sep 9, 2026, 21:00:00";"28";"7.42";"0.23";"102.16";"4.73"
"Sterling MS";"Sep 9, 2026, 20:00:00";"29";"6.99";"0.24";"91.19";"5.33"
"Sterling MS";"Sep 9, 2026, 19:00:00";"28";"6.52";"0.23";"77.75";"5.65"
"Sterling MS";"Sep 9, 2026, 18:00:00";"27";"3.39";"0.22";"65";"4.76"
"Sterling MS";"Sep 9, 2026, 17:00:00";"27";"2.25";"0.21";"58.96";"4.75"
"Sterling MS";"Sep 9, 2026, 16:00:00";"27";"0.47";"0.21";"64.14";"4.6"
"Sterling MS";"Sep 9, 2026, 15:00:00";"27";"0.23";"0.2";"62.57";"4.69"
"Sterling MS";"Sep 9, 2026, 14:00:00";"28";"0.91";"0.18";"75.58";"4.65"
"Sterling MS";"Sep 9, 2026, 13:00:00";"30";"0.51";"0.18";"95.23";"5.16"
"Sterling MS";"Sep 9, 2026, 12:00:00";"32";"0.93";"0.2";"109.83";"5.99"
"Sterling MS";"Sep 9, 2026, 11:00:00";"31";"1.67";"0.22";"131.29";"6.28"
"Sterling MS";"Sep 9, 2026, 10:00:00";"26";"5.86";"0.2";"156.57";"5.29"
"Sterling MS";"Sep 9, 2026, 09:00:00";"23";"7.2";"0.17";"198.8";"4.52"
"Sterling MS";"Sep 9, 2026, 08:00:00";"20";"9.02";"0.15";"229.6";"4.17"
"Sterling MS";"Sep 9, 2026, 07:00:00";"20";"7.44";"0.14";"228.48";"3.78"
"Sterling MS";"Sep 9, 2026, 06:00:00";"19";"5.91";"0.12";"224.74";"3.68"
"Sterling MS";"Sep 9, 2026, 05:00:00";"18";"4.68";"0.11";"220.27";"3.3"
"Sterling MS";"Sep 9, 2026, 04:00:00";"18";"4.62";"0.11";"211.98";"3.33"
"Sterling MS";"Sep 9, 2026, 03:00:00";"17";"4.54";"0.11";"191";"3.02"
"Sterling MS";"Sep 9, 2026, 02:00:00";"18";"4.52";"0.12";"189.63";"2.97"
"Sterling MS";"Sep 9, 2026, 01:00:00";"18";"5.52";"0.16";"178.6";"3.05"
"Sterling MS";"Sep 9, 2026, 00:00:00";"20";"5.54";"0.16";"145.12";"3.21"
"Sterling MS";"Sep 8, 2026, 23:00:00";"22";"5.72";"0.18";"133.81";"3.38"
"Sterling MS";"Sep 8, 2026, 22:00:00";"24";"7.88";"0.22";"122.33";"3.7"
"Sterling MS";"Sep 8, 2026, 21:00:00";"25";"9.31";"0.26";"110.75";"4.18"
"Sterling MS";"Sep 8, 2026, 20:00:00";"28";"6.52";"0.23";"86.59";"5.76"
"Sterling MS";"Sep 8, 2026, 19:00:00";"23";"3.78";"0.21";"59.91";"4.1"
"Sterling MS";"Sep 8, 2026, 18:00:00";"23";"3.33";"0.18";"41.65";"4.2"
"Sterling MS";"Sep 8, 2026, 17:00:00";"22";"1.74";"0.17";"39.54";"3.88"
"Sterling MS";"Sep 8, 2026, 16:00:00";"22";"0.6";"0.14";"43.26";"3.74"
"Sterling MS";"Sep 8, 2026, 15:00:00";"23";"0.54";"0.14";"47.77";"3.86"
"Sterling MS";"Sep 8, 2026, 14:00:00";"24";"0.01";"0.15";"61.71";"4.49"
"Sterling MS";"Sep 8, 2026, 13:00:00";"24";"0.02";"0.13";"78.93";"4.06"
"Sterling MS";"Sep 8, 2026, 12:00:00";"24";"1.21";"0.15";"104.56";"4.52"
"Sterling MS";"Sep 8, 2026, 11:00:00";"23";"2.86";"0.2";"124.28";"5.12"
"Sterling MS";"Sep 8, 2026, 10:00:00";"18";"6.81";"0.31";"255.65";"3.92"
"Sterling MS";"Sep 8, 2026, 09:00:00";"15";"6.08";"0.29";"430.57";"2.5"
"Sterling MS";"Sep 8, 2026, 08:00:00";"16";"3.86";"0.42";"390.82";"2.24"
"Sterling MS";"Sep 8, 2026, 07:00:00";"18";"2.39";"0.21";"344.94";"3.5"
"Sterling MS";"Sep 8, 2026, 06:00:00";"18";"3.71";"0.14";"323.73";"3.53"
"Sterling MS";"Sep 8, 2026, 05:00:00";"16";"3.37";"0.1";"308.43";"2.99"
"Sterling MS";"Sep 8, 2026, 04:00:00";"15";"3.57";"0.1";"253.58";"2.66"
"Sterling MS";"Sep 8, 2026, 03:00:00";"15";"4.46";"0.11";"233.21";"2.73"
"Sterling MS";"Sep 8, 2026, 02:00:00";"15";"3.96";"0.11";"188.91";"2.68"
"Sterling MS";"Sep 8, 2026, 01:00:00";"15";"6.89";"0.18";"99.68";"2.92"
"Sterling MS";"Sep 8, 2026, 00:00:00";"14";"7.81";"0.17";"62.37";"2.39"
"Sterling MS";"Sep 7, 2026, 23:00:00";"15";"7.62";"0.16";"57.96";"2.36"
"Sterling MS";"Sep 7, 2026, 22:00:00";"17";"8.04";"0.21";"57.42";"2.46"
"Sterling MS";"Sep 7, 2026, 21:00:00";"19";"8.71";"0.25";"44.37";"4.24"
"Sterling MS";"Sep 7, 2026, 20:00:00";"14";"6.06";"0.19";"19.4";"3.11"
"Sterling MS";"Sep 7, 2026, 19:00:00";"10";"3.21";"0.13";"8.69";"2.03"
"Sterling MS";"Sep 7, 2026, 18:00:00";"10";"0.85";"0.13";"6.25";"1.88"
"Sterling MS";"Sep 7, 2026, 17:00:00";"9";"0.07";"0.13";"5.11";"1.56"
"Sterling MS";"Sep 7, 2026, 16:00:00";"9";"0.71";"0.11";"7.58";"1.65"
"Sterling MS";"Sep 7, 2026, 15:00:00";"10";"0.42";"0.09";"7.97";"1.49"
"Sterling MS";"Sep 7, 2026, 14:00:00";"11";"0.12";"0.07";"9.91";"1.86"
"Sterling MS";"Sep 7, 2026, 13:00:00";"12";"0";"0.07";"21.82";"1.66"
"Sterling MS";"Sep 7, 2026, 12:00:00";"13";"0";"0.1";"58.28";"2.06"
"Sterling MS";"Sep 7, 2026, 11:00:00";"15";"0";"0.12";"122.86";"2.86"
"Sterling MS";"Sep 7, 2026, 10:00:00";"14";"1.19";"0.12";"213.4";"2.8"
"Sterling MS";"Sep 7, 2026, 09:00:00";"13";"2.85";"0.11";"344.34";"2.53"
"Sterling MS";"Sep 7, 2026, 08:00:00";"12";"4.09";"0.09";"366.94";"1.78"
"Sterling MS";"Sep 7, 2026, 07:00:00";"14";"1.39";"0.03";"328.94";"2.86"
"Sterling MS";"Sep 7, 2026, 06:00:00";"13";"1.94";"0.04";"348.22";"1.97"
"Sterling MS";"Sep 7, 2026, 05:00:00";"14";"2.11";"0.05";"365.35";"2.13"
"Sterling MS";"Sep 7, 2026, 04:00:00";"16";"4.73";"0.07";"368.07";"2.04"
"Sterling MS";"Sep 7, 2026, 03:00:00";"20";"3.16";"0.1";"323.8";"3.25"
"Sterling MS";"Sep 7, 2026, 02:00:00";"22";"4.89";"0.2";"310.91";"3.82"
"Sterling MS";"Sep 7, 2026, 01:00:00";"23";"7.07";"0.26";"255.03";"4.32"
"Sterling MS";"Sep 7, 2026, 00:00:00";"22";"7.2";"0.25";"186.21";"4.93"
"Sterling MS";"Sep 6, 2026, 23:00:00";"17";"6.21";"0.17";"131.73";"3.33"
"Sterling MS";"Sep 6, 2026, 22:00:00";"14";"6.29";"0.18";"110.28";"2.62"
"Sterling MS";"Sep 6, 2026, 21:00:00";"14";"5.61";"0.17";"69.55";"2.69"
"Sterling MS";"Sep 6, 2026, 20:00:00";"12";"4.86";"0.15";"39.14";"2.26"
"Sterling MS";"Sep 6, 2026, 19:00:00";"12";"2.9";"0.14";"22.07";"2.22"
"Sterling MS";"Sep 6, 2026, 18:00:00";"10";"1.08";"0.14";"21.33";"2.2"
"Sterling MS";"Sep 6, 2026, 17:00:00";"9";"1.11";"0.12";"18.85";"1.54"
"Sterling MS";"Sep 6, 2026, 16:00:00";"9";"0.13";"0.11";"20.52";"1.39"
"Sterling MS";"Sep 6, 2026, 15:00:00";"10";"0";"0.11";"29.53";"1.43"
"Sterling MS";"Sep 6, 2026, 14:00:00";"11";"0";"0.11";"45.97";"1.75"
"Sterling MS";"Sep 6, 2026, 13:00:00";"13";"0";"0.1";"60.94";"1.91"
"Sterling MS";"Sep 6, 2026, 12:00:00";"14";"0";"0.12";"108.89";"2.4"
"Sterling MS";"Sep 6, 2026, 11:00:00";"15";"0";"0.13";"167.75";"2.78"
"Sterling MS";"Sep 6, 2026, 10:00:00";"15";"0.27";"0.13";"252.61";"2.66"
"Sterling MS";"Sep 6, 2026, 09:00:00";"15";"1.92";"0.12";"395.37";"2.63"
"Sterling MS";"Sep 6, 2026, 08:00:00";"16";"2.15";"0.08";"468.03";"2.26"
"Sterling MS";"Sep 6, 2026, 07:00:00";"19";"2.9";"0.07";"431.38";"3.51"
"Sterling MS";"Sep 6, 2026, 06:00:00";"18";"2.53";"0.06";"438.54";"2.87"
"Sterling MS";"Sep 6, 2026, 05:00:00";"19";"3.16";"0.07";"450.9";"3.36"
"Sterling MS";"Sep 6, 2026, 04:00:00";"19";"4.51";"0.08";"415.61";"2.91"
"Sterling MS";"Sep 6, 2026, 03:00:00";"21";"3.95";"0.1";"382.3";"3.38"
"Sterling MS";"Sep 6, 2026, 02:00:00";"22";"4.98";"0.15";"368.11";"3.97"
"Sterling MS";"Sep 6, 2026, 01:00:00";"22";"5.42";"0.17";"313.32";"4.03"
"Sterling MS";"Sep 6, 2026, 00:00:00";"22";"5.43";"0.17";"261.86";"3.58"
"Sterling MS";"Sep 5, 2026, 23:00:00";"23";"5.27";"0.17";"244.44";"3.73"
"Sterling MS";"Sep 5, 2026, 22:00:00";"25";"6.15";"0.18";"250.86";"4.1"
"Sterling MS";"Sep 5, 2026, 21:00:00";"25";"6.16";"0.18";"215.62";"4.25"
"Sterling MS";"Sep 5, 2026, 20:00:00";"26";"3.71";"0.16";"184.36";"4.03"
"Sterling MS";"Sep 5, 2026, 19:00:00";"27";"1.54";"0.15";"167.9";"4.77"
"Sterling MS";"Sep 5, 2026, 18:00:00";"28";"2.53";"0.15";"185.18";"4.77"
"Sterling MS";"Sep 5, 2026, 17:00:00";"28";"1.82";"0.13";"198.99";"4.36"
"Sterling MS";"Sep 5, 2026, 16:00:00";"29";"0.1";"0.14";"187.38";"4.95"
"Sterling MS";"Sep 5, 2026, 15:00:00";"29";"0.06";"0.15";"212";"5.24"
"Sterling MS";"Sep 5, 2026, 14:00:00";"30";"0.68";"0.12";"235.43";"5.45"
"Sterling MS";"Sep 5, 2026, 13:00:00";"29";"0.13";"0.14";"278.3";"5.51"
"Sterling MS";"Sep 5, 2026, 12:00:00";"28";"0.25";"0.13";"335.21";"5.17"
"Sterling MS";"Sep 5, 2026, 11:00:00";"28";"0";"0.13";"445.38";"5.13"
"Sterling MS";"Sep 5, 2026, 10:00:00";"28";"0.82";"0.14";"626.25";"5.41"
"Sterling MS";"Sep 5, 2026, 09:00:00";"26";"3.67";"0.16";"733.75";"5.47"
"Sterling MS";"Sep 5, 2026, 08:00:00";"22";"5.96";"0.13";"771.46";"4.12"
"Sterling MS";"Sep 5, 2026, 07:00:00";"22";"4.76";"0.09";"666.18";"4.29"
"Sterling MS";"Sep 5, 2026, 06:00:00";"21";"4.43";"0.09";"592.62";"3.99"
"Sterling MS";"Sep 5, 2026, 05:00:00";"20";"4.57";"0.08";"566.16";"3.53"
"Sterling MS";"Sep 5, 2026, 04:00:00";"20";"3.7";"0.09";"590.93";"3.34"
"Sterling MS";"Sep 5, 2026, 03:00:00";"22";"1.74";"0.09";"640.14";"3.81"
"Sterling MS";"Sep 5, 2026, 02:00:00";"22";"5.97";"0.22";"712.61";"3.95"
"Sterling MS";"Sep 5, 2026, 01:00:00";"21";"9.92";"0.17";"781.16";"3.99"
"Sterling MS";"Sep 5, 2026, 00:00:00";"20";"15.57";"0.27";"840.62";"3.88"
"Sterling MS";"Sep 4, 2026, 23:00:00";"18";"19.88";"0.27";"765.62";"3.55"
"Sterling MS";"Sep 4, 2026, 22:00:00";"17";"9.34";"0.18";"647.77";"3.16"
"Sterling MS";"Sep 4, 2026, 21:00:00";"17";"6.98";"0.2";"573.17";"2.98"
"Sterling MS";"Sep 4, 2026, 20:00:00";"16";"8.04";"0.19";"491.55";"2.67"
"Sterling MS";"Sep 4, 2026, 19:00:00";"17";"8";"0.21";"481.53";"2.46"
"Sterling MS";"Sep 4, 2026, 18:00:00";"21";"9.57";"0.2";"492.84";"2.7"
"Sterling MS";"Sep 4, 2026, 17:00:00";"27";"5.32";"0.18";"298.79";"4.43"
"Sterling MS";"Sep 4, 2026, 16:00:00";"28";"0.25";"0.21";"191.36";"5.27"
"Sterling MS";"Sep 4, 2026, 15:00:00";"27";"0";"0.21";"191.66";"5.34"
"Sterling MS";"Sep 4, 2026, 14:00:00";"23";"0";"0.17";"200.35";"4.39"
"Sterling MS";"Sep 4, 2026, 13:00:00";"22";"0";"0.14";"217.97";"4.1"
"Sterling MS";"Sep 4, 2026, 12:00:00";"21";"0";"0.13";"282.01";"3.58"
"Sterling MS";"Sep 4, 2026, 11:00:00";"23";"0.1";"0.13";"376.15";"3.49"
"Sterling MS";"Sep 4, 2026, 10:00:00";"25";"2.05";"0.18";"586.07";"4.24"
"Sterling MS";"Sep 4, 2026, 09:00:00";"27";"6.78";"0.19";"930";"3.9"
"Sterling MS";"Sep 4, 2026, 08:00:00";"32";"6.56";"0.12";"960.68";"4.07"
"Sterling MS";"Sep 4, 2026, 07:00:00";"43";"6.32";"0.12";"1047.31";"5.87"
"Sterling MS";"Sep 4, 2026, 06:00:00";"50";"7.58";"0.12";"1061.29";"8.84"
"Sterling MS";"Sep 4, 2026, 05:00:00";"51";"7.65";"0.1";"1000.36";"10.22"
"Sterling MS";"Sep 4, 2026, 04:00:00";"47";"7.58";"0.08";"956.98";"9.11"
"Sterling MS";"Sep 4, 2026, 03:00:00";"45";"8.26";"0.07";"903.42";"7.99"
"Sterling MS";"Sep 4, 2026, 02:00:00";"45";"13.46";"0.09";"894.15";"8.08"
"Sterling MS";"Sep 4, 2026, 01:00:00";"45";"10.94";"0.06";"754.72";"7.29"
"Sterling MS";"Sep 4, 2026, 00:00:00";"48";"4.29";"0.09";"634.65";"6.98"
"Sterling MS";"Sep 3, 2026, 23:00:00";"53";"10.1";"0.29";"815.16";"9.49"
"Sterling MS";"Sep 3, 2026, 22:00:00";"53";"6.77";"0.29";"738.39";"9.48"
"Sterling MS";"Sep 3, 2026, 21:00:00";"53";"7.22";"0.3";"598.74";"9.55"
"Sterling MS";"Sep 3, 2026, 20:00:00";"54";"7.38";"0.3";"461.22";"10.27"
"Sterling MS";"Sep 3, 2026, 19:00:00";"55";"5.48";"0.45";"297.25";"10.81"
"Sterling MS";"Sep 3, 2026, 18:00:00";"55";"0.3";"0.21";"211.7";"11.57"
"Sterling MS";"Sep 3, 2026, 17:00:00";"54";"0.14";"0.21";"225.75";"11.5"
"Sterling MS";"Sep 3, 2026, 16:00:00";"52";"0.01";"0.24";"280";"10.46"
"Sterling MS";"Sep 3, 2026, 15:00:00";"48";"1.66";"0.18";"293.32";"9.36"
"Sterling MS";"Sep 3, 2026, 14:00:00";"43";"0.2";"0.16";"275.13";"7.93"
"Sterling MS";"Sep 3, 2026, 13:00:00";"43";"0.32";"0.19";"447.96";"7.34"
"Sterling MS";"Sep 3, 2026, 12:00:00";"44";"2.79";"0.18";"635.16";"8.1"
"Sterling MS";"Sep 3, 2026, 11:00:00";"44";"3.55";"0.17";"824.23";"8.45"
"Sterling MS";"Sep 3, 2026, 10:00:00";"40";"4.88";"0.17";"1123.27";"7.66"
"Sterling MS";"Sep 3, 2026, 09:00:00";"37";"4.49";"0.16";"1200.57";"6.53"
"Sterling MS";"Sep 3, 2026, 08:00:00";"38";"3.91";"0.14";"1168.69";"7.94"
"Sterling MS";"Sep 3, 2026, 07:00:00";"32";"5.62";"0.17";"1134.65";"5.91"
"Sterling MS";"Sep 3, 2026, 06:00:00";"32";"5.26";"0.14";"988.71";"6.52"
"Sterling MS";"Sep 3, 2026, 05:00:00";"27";"5.16";"0.11";"953.95";"4.97"
"Sterling MS";"Sep 3, 2026, 04:00:00";"27";"5.46";"0.11";"971.41";"3.93"
"Sterling MS";"Sep 3, 2026, 03:00:00";"30";"6.74";"0.19";"1073.95";"4.22"
"Sterling MS";"Sep 3, 2026, 02:00:00";"38";"7.75";"0.27";"1105.11";"7.23"
"Sterling MS";"Sep 3, 2026, 01:00:00";"35";"7.48";"0.25";"1042.63";"6.65"
"Sterling MS";"Sep 3, 2026, 00:00:00";"33";"6.23";"0.22";"924.38";"6.62"
"Sterling MS";"Sep 2, 2026, 23:00:00";"30";"10.8";"0.18";"651.38";"5.6"
"Sterling MS";"Sep 2, 2026, 22:00:00";"29";"13.39";"0.19";"710.87";"5.42"
"Sterling MS";"Sep 2, 2026, 21:00:00";"27";"10.75";"0.23";"690.56";"5.84"
"Sterling MS";"Sep 2, 2026, 20:00:00";"22";"12.56";"0.23";"464.96";"4.15"
"Sterling MS";"Sep 2, 2026, 19:00:00";"20";"6.62";"0.19";"340.38";"3.3"
"Sterling MS";"Sep 2, 2026, 18:00:00";"22";"6.89";"0.23";"381.41";"3.07"
"Sterling MS";"Sep 2, 2026, 17:00:00";"26";"13.29";"0.3";"606.37";"4.09"
"Sterling MS";"Sep 2, 2026, 16:00:00";"29";"10.94";"0.21";"544.07";"4.06"
"Sterling MS";"Sep 2, 2026, 15:00:00";"34";"11.41";"0.14";"336.43";"3.34"
"Sterling MS";"Sep 2, 2026, 14:00:00";"49";"0.96";"0.23";"214.64";"8.78"
"Sterling MS";"Sep 2, 2026, 13:00:00";"49";"0";"0.27";"208.79";"10.01"
"Sterling MS";"Sep 2, 2026, 12:00:00";"45";"0";"0.24";"228.46";"9.17"
"Sterling MS";"Sep 2, 2026, 11:00:00";"42";"0";"0.19";"286.8";"8.57"
"Sterling MS";"Sep 2, 2026, 10:00:00";"40";"0.4";"0.24";"533.91";"6.83"
"Sterling MS";"Sep 2, 2026, 09:00:00";"40";"5.63";"0.25";"816.18";"6.52"
"Sterling MS";"Sep 2, 2026, 08:00:00";"42";"8.67";"0.27";"818.45";"7.37"
"Sterling MS";"Sep 2, 2026, 07:00:00";"43";"8.96";"0.24";"712.16";"8.35"
"Sterling MS";"Sep 2, 2026, 06:00:00";"40";"6.28";"0.18";"610.61";"7.56"
"Sterling MS";"Sep 2, 2026, 05:00:00";"39";"5.44";"0.15";"522.47";"6.91"
"Sterling MS";"Sep 2, 2026, 04:00:00";"40";"4.98";"0.13";"432.64";"6.93"
"Sterling MS";"Sep 2, 2026, 03:00:00";"42";"5.35";"0.15";"368.56";"7.24"
"Sterling MS";"Sep 2, 2026, 02:00:00";"42";"5.33";"0.15";"250.43";"7.39"
"Sterling MS";"Sep 2, 2026, 01:00:00";"43";"4.38";"0.15";"201";"7.04"
"Sterling MS";"Sep 2, 2026, 00:00:00";"48";"3.25";"0.15";"184.69";"7.38"
"Sterling MS";"Sep 1, 2026, 23:00:00";"53";"2.66";"0.18";"200.23";"8.25"
"Sterling MS";"Sep 1, 2026, 22:00:00";"55";"3.33";"0.2";"218.73";"9.7"
"Sterling MS";"Sep 1, 2026, 21:00:00";"57";"2.71";"0.21";"208.94";"10.55"
"Sterling MS";"Sep 1, 2026, 20:00:00";"57";"2.24";"0.24";"207.45";"11.18"
"Sterling MS";"Sep 1, 2026, 19:00:00";"57";"2.93";"0.27";"204.14";"12.57"
"Sterling MS";"Sep 1, 2026, 18:00:00";"57";"0.36";"0.24";"160.59";"11.9"
"Sterling MS";"Sep 1, 2026, 17:00:00";"58";"0";"0.25";"164.86";"11.86"
"Sterling MS";"Sep 1, 2026, 16:00:00";"58";"0.97";"0.25";"204.09";"12.71"
"Sterling MS";"Sep 1, 2026, 15:00:00";"59";"1.03";"0.2";"202.79";"13.42"
"Sterling MS";"Sep 1, 2026, 14:00:00";"58";"0.37";"0.2";"216.06";"12.79"
"Sterling MS";"Sep 1, 2026, 13:00:00";"58";"0";"0.18";"241.07";"12.56"
"Sterling MS";"Sep 1, 2026, 12:00:00";"58";"0";"0.18";"272.14";"12.99"
"Sterling MS";"Sep 1, 2026, 11:00:00";"57";"0";"0.15";"304.32";"13.55"
"Sterling MS";"Sep 1, 2026, 10:00:00";"55";"0.71";"0.24";"444.88";"12.84"
"Sterling MS";"Sep 1, 2026, 09:00:00";"51";"7.88";"0.34";"890.07";"9.38"
"Sterling MS";"Sep 1, 2026, 08:00:00";"50";"12.86";"0.4";"1030.88";"9.2"
"Sterling MS";"Sep 1, 2026, 07:00:00";"49";"9.6";"0.21";"964.61";"7.6"
"Sterling MS";"Sep 1, 2026, 06:00:00";"53";"6.99";"0.18";"1046.3";"9.12"
"Sterling MS";"Sep 1, 2026, 05:00:00";"54";"5.07";"0.17";"1098.55";"9.87"
"Sterling MS";"Sep 1, 2026, 04:00:00";"55";"6.2";"0.19";"1069.54";"9.95"
"Sterling MS";"Sep 1, 2026, 03:00:00";"56";"6.72";"0.23";"1029.85";"11.4"
"Sterling MS";"Sep 1, 2026, 02:00:00";"56";"11.59";"0.25";"940.4";"11.4"
"Sterling MS";"Sep 1, 2026, 01:00:00";"56";"13.55";"0.23";"892.09";"9.61"
"Sterling MS";"Sep 1, 2026, 00:00:00";"58";"11.43";"0.4";"935.55";"11.84"
"Sterling MS";"Aug 31, 2026, 23:00:00";"59";"12.4";"0.35";"842.25";"14.3"
"Sterling MS";"Aug 31, 2026, 22:00:00";"58";"12.61";"0.38";"747.52";"13.62"
"Sterling MS";"Aug 31, 2026, 21:00:00";"58";"11.38";"0.35";"681.31";"13.53"
"Sterling MS";"Aug 31, 2026, 20:00:00";"57";"10.01";"0.29";"546.94";"12.02"
"Sterling MS";"Aug 31, 2026, 19:00:00";"56";"7.19";"0.26";"450.05";"11.55"
"Sterling MS";"Aug 31, 2026, 18:00:00";"57";"5.87";"0.25";"413.23";"10.87"
"Sterling MS";"Aug 31, 2026, 17:00:00";"58";"5.81";"0.24";"402.73";"12.03"
"Sterling MS";"Aug 31, 2026, 16:00:00";"58";"7.58";"0.23";"376.12";"12.31"
"Sterling MS";"Aug 31, 2026, 15:00:00";"59";"1.41";"0.2";"312.9";"14.04"
"Sterling MS";"Aug 31, 2026, 14:00:00";"58";"0.09";"0.21";"357.72";"13.94"
"Sterling MS";"Aug 31, 2026, 13:00:00";"56";"0";"0.2";"463.99";"12.82"
"Sterling MS";"Aug 31, 2026, 12:00:00";"54";"0.79";"0.2";"632.02";"12.32"
"Sterling MS";"Aug 31, 2026, 11:00:00";"52";"0.04";"0.2";"777.83";"10.13"
"Sterling MS";"Aug 31, 2026, 10:00:00";"51";"1.05";"0.19";"952.54";"8.41"
"Sterling MS";"Aug 31, 2026, 09:00:00";"52";"3.23";"0.16";"1044.65";"8.47"
"Sterling MS";"Aug 31, 2026, 08:00:00";"53";"6.67";"0.15";"1028";"9.85"
"Sterling MS";"Aug 31, 2026, 07:00:00";"54";"4.53";"0.13";"1010.23";"10.15"
"Sterling MS";"Aug 31, 2026, 06:00:00";"54";"2.98";"0.15";"1011.66";"10.51"
"Sterling MS";"Aug 31, 2026, 05:00:00";"54";"1.89";"0.12";"1014.5";"9.99"
"Sterling MS";"Aug 31, 2026, 04:00:00";"56";"3.19";"0.14";"995.84";"12.35"
"Sterling MS";"Aug 31, 2026, 03:00:00";"54";"3.28";"0.12";"1008.84";"10.42"
"Sterling MS";"Aug 31, 2026, 02:00:00";"55";"3.64";"0.17";"997.66";"11.41"
"Sterling MS";"Aug 31, 2026, 01:00:00";"54";"6.62";"0.22";"987.55";"11.94"
"Sterling MS";"Aug 31, 2026, 00:00:00";"51";"9.02";"0.29";"954.14";"10.18"
"Sterling MS";"Aug 30, 2026, 23:00:00";"48";"13.68";"0.21";"868.58";"7.92"
"Sterling MS";"Aug 30, 2026, 22:00:00";"50";"7.9";"0.18";"748.53";"9.91"
"Sterling MS";"Aug 30, 2026, 21:00:00";"48";"10.26";"0.17";"654.73";"6.79"
"Sterling MS";"Aug 30, 2026, 20:00:00";"52";"9.52";"0.14";"396.95";"9.02"
"Sterling MS";"Aug 30, 2026, 19:00:00";"53";"5.26";"0.21";"252.96";"9.54"
"Sterling MS";"Aug 30, 2026, 18:00:00";"53";"0.61";"0.2";"193.22";"9.88"
"Sterling MS";"Aug 30, 2026, 17:00:00";"53";"2.46";"0.16";"191.42";"10.37"
"Sterling MS";"Aug 30, 2026, 16:00:00";"52";"0.11";"0.16";"195.44";"9.48"
"Sterling MS";"Aug 30, 2026, 15:00:00";"53";"0";"0.16";"241.21";"10.42"
"Sterling MS";"Aug 30, 2026, 14:00:00";"52";"4.22";"0.2";"458.37";"9.11"
"Sterling MS";"Aug 30, 2026, 13:00:00";"52";"2.73";"0.13";"462.04";"9.13"
"Sterling MS";"Aug 30, 2026, 12:00:00";"53";"3.23";"0.16";"547.98";"9.78"
"Sterling MS";"Aug 30, 2026, 11:00:00";"52";"5.09";"0.14";"696.43";"9.39"
"Sterling MS";"Aug 30, 2026, 10:00:00";"53";"5.55";"0.16";"806.4";"9.54"
"Sterling MS";"Aug 30, 2026, 09:00:00";"54";"6.07";"0.15";"868.84";"10.27"
"Sterling MS";"Aug 30, 2026, 08:00:00";"54";"6.83";"0.15";"861.04";"11.05"
"Sterling MS";"Aug 30, 2026, 07:00:00";"53";"6.67";"0.15";"768.85";"11.67"
"Sterling MS";"Aug 30, 2026, 06:00:00";"44";"5.83";"0.14";"676.76";"10.32"
"Sterling MS";"Aug 30, 2026, 05:00:00";"31";"5.96";"0.16";"593.43";"6.42"
"Sterling MS";"Aug 30, 2026, 04:00:00";"26";"6.25";"0.14";"458.99";"5.01"
"Sterling MS";"Aug 30, 2026, 03:00:00";"24";"6.91";"0.15";"311.85";"4"
"Sterling MS";"Aug 30, 2026, 02:00:00";"25";"7.19";"0.17";"263.41";"3.84"
"Sterling MS";"Aug 30, 2026, 01:00:00";"29";"8.28";"0.25";"272.79";"4.79"
"Sterling MS";"Aug 30, 2026, 00:00:00";"31";"8.87";"0.26";"233.77";"5.09"
"Sterling MS";"Aug 29, 2026, 23:00:00";"33";"8.26";"0.23";"178.9";"5.4"
"Sterling MS";"Aug 29, 2026, 22:00:00";"37";"9.25";"0.26";"145.86";"5.54"
"Sterling MS";"Aug 29, 2026, 21:00:00";"43";"9.98";"0.29";"109.11";"7.7"
"Sterling MS";"Aug 29, 2026, 20:00:00";"42";"11.18";"0.28";"69.94";"8.46"
"Sterling MS";"Aug 29, 2026, 19:00:00";"37";"8.76";"0.24";"47.73";"7.52"
"Sterling MS";"Aug 29, 2026, 18:00:00";"31";"5.63";"0.2";"34.28";"6.52"
"Sterling MS";"Aug 29, 2026, 17:00:00";"26";"3.03";"0.18";"30.44";"4.96"
"Sterling MS";"Aug 29, 2026, 16:00:00";"24";"1.47";"0.16";"25.23";"4.93"
"Sterling MS";"Aug 29, 2026, 15:00:00";"21";"0.01";"0.15";"21.12";"4.09"
"Sterling MS";"Aug 29, 2026, 14:00:00";"19";"0";"0.13";"22.42";"3.67"
"Sterling MS";"Aug 29, 2026, 13:00:00";"17";"0";"0.1";"20.88";"3.08"
"Sterling MS";"Aug 29, 2026, 12:00:00";"17";"0";"0.09";"26.83";"2.57"
"Sterling MS";"Aug 29, 2026, 11:00:00";"20";"0";"0.09";"41.7";"3.1"
"Sterling MS";"Aug 29, 2026, 10:00:00";"23";"0.42";"0.1";"101.97";"3.64"
"Sterling MS";"Aug 29, 2026, 09:00:00";"25";"2.11";"0.09";"221.17";"4.26"
"Sterling MS";"Aug 29, 2026, 08:00:00";"27";"3.39";"0.09";"259";"4.36"
"Sterling MS";"Aug 29, 2026, 07:00:00";"28";"2.93";"0.07";"282.52";"4.49"
"Sterling MS";"Aug 29, 2026, 06:00:00";"31";"3.32";"0.07";"297.03";"5.16"
"Sterling MS";"Aug 29, 2026, 05:00:00";"32";"4.15";"0.07";"302.84";"5.43"
"Sterling MS";"Aug 29, 2026, 04:00:00";"32";"3.6";"0.08";"361.07";"5.42"
"Sterling MS";"Aug 29, 2026, 03:00:00";"32";"3.63";"0.08";"391.99";"5.45"
"Sterling MS";"Aug 29, 2026, 02:00:00";"34";"4.44";"0.11";"470.36";"5.57"
"Sterling MS";"Aug 29, 2026, 01:00:00";"36";"6.4";"0.15";"532.47";"5.74"
"Sterling MS";"Aug 29, 2026, 00:00:00";"40";"8.1";"0.23";"498.73";"7.17"
"Sterling MS";"Aug 28, 2026, 23:00:00";"39";"10.58";"0.29";"356.11";"7.2"
"Sterling MS";"Aug 28, 2026, 22:00:00";"39";"9.28";"0.22";"252.43";"6.58"
"Sterling MS";"Aug 28, 2026, 21:00:00";"39";"7.6";"0.22";"207.94";"6.35"
"Sterling MS";"Aug 28, 2026, 20:00:00";"43";"5.8";"0.19";"181.99";"6.98"
"Sterling MS";"Aug 28, 2026, 19:00:00";"46";"5.4";"0.19";"174.77";"7.54"
"Sterling MS";"Aug 28, 2026, 18:00:00";"50";"5.54";"0.19";"165.86";"8.02"
"Sterling MS";"Aug 28, 2026, 17:00:00";"53";"3.48";"0.17";"151.2";"9.77"
"Sterling MS";"Aug 28, 2026, 16:00:00";"53";"1.97";"0.18";"150.88";"10.22"
"Sterling MS";"Aug 28, 2026, 15:00:00";"53";"0.36";"0.19";"184.6";"10.95"
"Sterling MS";"Aug 28, 2026, 14:00:00";"50";"1.4";"0.19";"224.01";"10.39"
"Sterling MS";"Aug 28, 2026, 13:00:00";"43";"1.94";"0.15";"251.46";"9.01"
"Sterling MS";"Aug 28, 2026, 12:00:00";"39";"0.67";"0.15";"279.87";"7.7"
"Sterling MS";"Aug 28, 2026, 11:00:00";"36";"1.55";"0.15";"355.12";"6.61"
"Sterling MS";"Aug 28, 2026, 10:00:00";"35";"4.31";"0.15";"524.13";"5.89"
"Sterling MS";"Aug 28, 2026, 09:00:00";"38";"8.09";"0.17";"769.14";"5.61"
"Sterling MS";"Aug 28, 2026, 08:00:00";"42";"5.84";"0.17";"800.54";"7.29"
"Sterling MS";"Aug 28, 2026, 07:00:00";"43";"3.5";"0.09";"788.09";"7.44"
"Sterling MS";"Aug 28, 2026, 06:00:00";"44";"3.07";"0.09";"816.7";"8.6"
"Sterling MS";"Aug 28, 2026, 05:00:00";"41";"3.45";"0.08";"831.3";"7.43"
"Sterling MS";"Aug 28, 2026, 04:00:00";"40";"4.77";"0.1";"857.02";"6.6"
"Sterling MS";"Aug 28, 2026, 03:00:00";"43";"5.37";"0.1";"887.45";"7.14"
"Sterling MS";"Aug 28, 2026, 02:00:00";"46";"3.35";"0.09";"868.73";"8.13"
"Sterling MS";"Aug 28, 2026, 01:00:00";"47";"7.9";"0.17";"958.07";"9.48"
"Sterling MS";"Aug 28, 2026, 00:00:00";"40";"8.26";"0.18";"904.12";"6.76"
"Sterling MS";"Aug 27, 2026, 23:00:00";"43";"10.59";"0.15";"756.07";"7.73"
"Sterling MS";"Aug 27, 2026, 22:00:00";"42";"10.57";"0.12";"514.61";"6.47"
"Sterling MS";"Aug 27, 2026, 21:00:00";"48";"7.3";"0.13";"271.21";"6.58"
"Sterling MS";"Aug 27, 2026, 20:00:00";"55";"8.52";"0.26";"307.18";"9.74"
"Sterling MS";"Aug 27, 2026, 19:00:00";"57";"10.14";"0.28";"229.11";"11.57"
"Sterling MS";"Aug 27, 2026, 18:00:00";"57";"7.39";"0.22";"190.88";"11.67"
"Sterling MS";"Aug 27, 2026, 17:00:00";"58";"1.95";"0.2";"168.16";"12.37"
"Sterling MS";"Aug 27, 2026, 16:00:00";"58";"2.55";"0.19";"192.56";"12.17"
"Sterling MS";"Aug 27, 2026, 15:00:00";"60";"0.16";"0.2";"203.72";"13.1"
"Sterling MS";"Aug 27, 2026, 14:00:00";"61";"0.52";"0.21";"249.92";"14.34"
"Sterling MS";"Aug 27, 2026, 13:00:00";"60";"1.55";"0.22";"298.65";"15.1"
"Sterling MS";"Aug 27, 2026, 12:00:00";"57";"2.52";"0.22";"326.22";"14.05"
"Sterling MS";"Aug 27, 2026, 11:00:00";"54";"3.84";"0.18";"360.28";"11.97"
"Sterling MS";"Aug 27, 2026, 10:00:00";"48";"8.4";"0.22";"513.21";"9.88"
"Sterling MS";"Aug 27, 2026, 09:00:00";"42";"8.41";"0.19";"616.85";"8.67"
"Sterling MS";"Aug 27, 2026, 08:00:00";"39";"8.54";"0.16";"630.78";"7.78"
"Sterling MS";"Aug 27, 2026, 07:00:00";"38";"7.66";"0.14";"589.89";"7.13"
"Sterling MS";"Aug 27, 2026, 06:00:00";"37";"7.41";"0.12";"536.65";"6.81"
"Sterling MS";"Aug 27, 2026, 05:00:00";"35";"7.51";"0.12";"489.16";"6.43"
"Sterling MS";"Aug 27, 2026, 04:00:00";"35";"7.16";"0.12";"433.34";"6.12"
"Sterling MS";"Aug 27, 2026, 03:00:00";"35";"7.36";"0.12";"375.37";"6.09"
"Sterling MS";"Aug 27, 2026, 02:00:00";"37";"7.35";"0.12";"313.71";"6.13"
"Sterling MS";"Aug 27, 2026, 01:00:00";"39";"7.72";"0.13";"248.99";"6.34"
"Sterling MS";"Aug 27, 2026, 00:00:00";"42";"7.69";"0.15";"213.39";"6.6"
"Sterling MS";"Aug 26, 2026, 23:00:00";"45";"7.75";"0.17";"190.26";"6.71"
"Sterling MS";"Aug 26, 2026, 22:00:00";"50";"7.57";"0.2";"158.25";"7.67"
"Sterling MS";"Aug 26, 2026, 21:00:00";"52";"8.32";"0.21";"115.52";"8.88"
"Sterling MS";"Aug 26, 2026, 20:00:00";"54";"9.22";"0.22";"84.8";"10.68"
"Sterling MS";"Aug 26, 2026, 19:00:00";"53";"8.26";"0.22";"72.41";"10.79"
"Sterling MS";"Aug 26, 2026, 18:00:00";"52";"6.54";"0.19";"59.22";"9.9"
"Sterling MS";"Aug 26, 2026, 17:00:00";"49";"3.79";"0.16";"48.01";"9.02"
"Sterling MS";"Aug 26, 2026, 16:00:00";"49";"3.55";"0.15";"46.95";"9.36"
"Sterling MS";"Aug 26, 2026, 15:00:00";"45";"1.19";"0.12";"41.58";"8.22"
"Sterling MS";"Aug 26, 2026, 14:00:00";"44";"1.11";"0.11";"45.11";"8.04"
"Sterling MS";"Aug 26, 2026, 13:00:00";"44";"0.17";"0.1";"48.07";"7.99"
"Sterling MS";"Aug 26, 2026, 12:00:00";"44";"0.6";"0.11";"65.7";"8.61"
"Sterling MS";"Aug 26, 2026, 11:00:00";"40";"0.94";"0.14";"83.03";"8.74"
"Sterling MS";"Aug 26, 2026, 10:00:00";"31";"4.38";"0.24";"190.65";"6.63"
"Sterling MS";"Aug 26, 2026, 09:00:00";"25";"9.99";"0.27";"388.62";"4.67"
"Sterling MS";"Aug 26, 2026, 08:00:00";"25";"9.81";"0.26";"465.04";"3.6"
"Sterling MS";"Aug 26, 2026, 07:00:00";"30";"5.09";"0.31";"414.26";"5.79"
"Sterling MS";"Aug 26, 2026, 06:00:00";"29";"5.66";"0.23";"390.52";"5.34"
"Sterling MS";"Aug 26, 2026, 05:00:00";"28";"5.21";"0.18";"380.73";"4.06"
"Sterling MS";"Aug 26, 2026, 04:00:00";"31";"5.96";"0.18";"330.25";"4.99"
"Sterling MS";"Aug 26, 2026, 03:00:00";"33";"7.69";"0.2";"286.17";"6.24"
"Sterling MS";"Aug 26, 2026, 02:00:00";"32";"11.19";"0.28";"255.7";"6.98"
"Sterling MS";"Aug 26, 2026, 01:00:00";"28";"17.45";"0.25";"195.03";"4.95"
"Sterling MS";"Aug 26, 2026, 00:00:00";"28";"11.88";"0.3";"169.15";"4.83"
"Sterling MS";"Aug 25, 2026, 23:00:00";"29";"12.07";"0.35";"142.15";"4.8"
"Sterling MS";"Aug 25, 2026, 22:00:00";"30";"10.02";"0.27";"100.6";"5.11"
"Sterling MS";"Aug 25, 2026, 21:00:00";"33";"10.91";"0.27";"69.1";"5.62"
"Sterling MS";"Aug 25, 2026, 20:00:00";"34";"5.37";"0.18";"44";"6.42"
"Sterling MS";"Aug 25, 2026, 19:00:00";"33";"2.78";"0.14";"33.07";"5.72"
"Sterling MS";"Aug 25, 2026, 18:00:00";"34";"2.21";"0.14";"29.88";"5.54"
"Sterling MS";"Aug 25, 2026, 17:00:00";"37";"2.54";"0.15";"30.55";"5.7"
"Sterling MS";"Aug 25, 2026, 16:00:00";"42";"3.41";"0.15";"29.26";"6.17"
"Sterling MS";"Aug 25, 2026, 15:00:00";"48";"1.57";"0.12";"28.06";"7.6"
"Sterling MS";"Aug 25, 2026, 14:00:00";"52";"1.15";"0.14";"31.93";"9.44"
"Sterling MS";"Aug 25, 2026, 13:00:00";"52";"0.18";"0.12";"30.29";"8.86"
"Sterling MS";"Aug 25, 2026, 12:00:00";"53";"0.1";"0.12";"31.02";"9.77"
"Sterling MS";"Aug 25, 2026, 11:00:00";"53";"0.45";"0.12";"37.07";"10.88"
"Sterling MS";"Aug 25, 2026, 10:00:00";"52";"2.1";"0.13";"50.36";"11.17"
"Sterling MS";"Aug 25, 2026, 09:00:00";"42";"7.89";"0.19";"107.52";"8.91"
"Sterling MS";"Aug 25, 2026, 08:00:00";"35";"10.26";"0.26";"137.67";"6.34"
"Sterling MS";"Aug 25, 2026, 07:00:00";"34";"9.24";"0.12";"107.96";"5.94"
"Sterling MS";"Aug 25, 2026, 06:00:00";"35";"7.77";"0.05";"86.58";"6.25"
"Sterling MS";"Aug 25, 2026, 05:00:00";"36";"5.93";"0.04";"69.14";"5.98"
"Sterling MS";"Aug 25, 2026, 04:00:00";"39";"5.99";"0.05";"66.12";"6.39"
"Sterling MS";"Aug 25, 2026, 03:00:00";"43";"8.19";"0.07";"65.06";"6.51"
"Sterling MS";"Aug 25, 2026, 02:00:00";"50";"5.13";"0.18";"60.33";"7.45"
"Sterling MS";"Aug 25, 2026, 01:00:00";"53";"5.21";"0.12";"49.05";"8.5"
"Sterling MS";"Aug 25, 2026, 00:00:00";"55";"6.29";"0.11";"44.22";"10.03"
"Sterling MS";"Aug 24, 2026, 23:00:00";"55";"7.24";"0.12";"40.37";"11.01"
"Sterling MS";"Aug 24, 2026, 22:00:00";"55";"5.53";"0.14";"34.27";"11.6"
"Sterling MS";"Aug 24, 2026, 21:00:00";"56";"5.11";"0.15";"17.25";"12.17"
"Sterling MS";"Aug 24, 2026, 20:00:00";"54";"3.88";"0.12";"3.47";"11.68"
"Sterling MS";"Aug 24, 2026, 19:00:00";"53";"2.3";"0.12";"6.03";"9.96"
"Sterling MS";"Aug 24, 2026, 18:00:00";"53";"0.12";"0.14";"13.14";"9.43"
"Sterling MS";"Aug 24, 2026, 17:00:00";"53";"1.49";"0.14";"16.69";"9.86"
"Sterling MS";"Aug 24, 2026, 16:00:00";"54";"1.21";"0.14";"19.21";"10.8"
"Sterling MS";"Aug 24, 2026, 15:00:00";"53";"1.18";"0.15";"25.46";"10.76"
"Sterling MS";"Aug 24, 2026, 14:00:00";"52";"0.65";"0.14";"26.73";"10.14"
"Sterling MS";"Aug 24, 2026, 13:00:00";"49";"1.13";"0.11";"22.77";"9.52"
"Sterling MS";"Aug 24, 2026, 12:00:00";"46";"0.23";"0.12";"26.27";"9.69"
"Sterling MS";"Aug 24, 2026, 11:00:00";"38";"0.05";"0.14";"42.61";"8.33"
"Sterling MS";"Aug 24, 2026, 10:00:00";"28";"1.05";"0.16";"62.33";"6.14"
"Sterling MS";"Aug 24, 2026, 09:00:00";"24";"5.71";"0.19";"97.33";"4.58"
"Sterling MS";"Aug 24, 2026, 08:00:00";"23";"6.3";"0.1";"100.22";"3.93"
"Sterling MS";"Aug 24, 2026, 07:00:00";"24";"4.29";"0.08";"96.94";"4.23"
"Sterling MS";"Aug 24, 2026, 06:00:00";"25";"4.37";"0.1";"88.34";"4.33"
"Sterling MS";"Aug 24, 2026, 05:00:00";"25";"6.07";"0.11";"80.93";"4.09"
"Sterling MS";"Aug 24, 2026, 04:00:00";"26";"6.4";"0.11";"78.99";"4.14"
"Sterling MS";"Aug 24, 2026, 03:00:00";"27";"7.47";"0.09";"66.34";"4.2"
"Sterling MS";"Aug 24, 2026, 02:00:00";"29";"4.78";"0.13";"60.54";"4.8"
"Sterling MS";"Aug 24, 2026, 01:00:00";"30";"4.39";"0.08";"51.78";"4.96"
"Sterling MS";"Aug 24, 2026, 00:00:00";"32";"4.5";"0.1";"36.45";"5.66"
"Sterling MS";"Aug 23, 2026, 23:00:00";"32";"4.17";"0.1";"27.18";"6.05"
"Sterling MS";"Aug 23, 2026, 22:00:00";"31";"4.26";"0.11";"21.93";"5.56"
"Sterling MS";"Aug 23, 2026, 21:00:00";"30";"4.59";"0.13";"16.79";"5.54"
"Sterling MS";"Aug 23, 2026, 20:00:00";"30";"4.23";"0.12";"8.87";"5.27"
"Sterling MS";"Aug 23, 2026, 19:00:00";"30";"2.16";"0.1";"4.94";"4.99"
"Sterling MS";"Aug 23, 2026, 18:00:00";"33";"1.03";"0.1";"6.58";"5.1"
"Sterling MS";"Aug 23, 2026, 17:00:00";"37";"0.35";"0.09";"8.72";"6.2"
"Sterling MS";"Aug 23, 2026, 16:00:00";"39";"0.07";"0.07";"16.32";"6.07"
"Sterling MS";"Aug 23, 2026, 15:00:00";"43";"0";"0.09";"28.65";"7.03"
"Sterling MS";"Aug 23, 2026, 14:00:00";"47";"0.38";"0.09";"60.95";"8.9"
"Sterling MS";"Aug 23, 2026, 13:00:00";"44";"0";"0.08";"75.11";"8.44"
"Sterling MS";"Aug 23, 2026, 12:00:00";"42";"0.03";"0.09";"140.53";"8.59"
"Sterling MS";"Aug 23, 2026, 11:00:00";"35";"0.55";"0.09";"238.52";"7.69"
"Sterling MS";"Aug 23, 2026, 10:00:00";"28";"2.59";"0.11";"425.3";"5.89"
"Sterling MS";"Aug 23, 2026, 09:00:00";"24";"5.23";"0.12";"824.39";"3.38"
"Sterling MS";"Aug 23, 2026, 08:00:00";"28";"7.17";"0.09";"832.94";"3.22"
"Sterling MS";"Aug 23, 2026, 07:00:00";"38";"2.69";"0.09";"743.26";"7.81"
"Sterling MS";"Aug 23, 2026, 06:00:00";"33";"2.86";"0.06";"745.12";"7.78"
"Sterling MS";"Aug 23, 2026, 05:00:00";"23";"3.28";"0.04";"717.53";"5.07"
"Sterling MS";"Aug 23, 2026, 04:00:00";"17";"6.43";"0.04";"706.1";"3.46"
"Sterling MS";"Aug 23, 2026, 03:00:00";"15";"7.67";"0.05";"731.81";"2.49"
"Sterling MS";"Aug 23, 2026, 02:00:00";"16";"7.88";"0.06";"721.71";"3.03"
"Sterling MS";"Aug 23, 2026, 01:00:00";"15";"9.53";"0.07";"686.74";"2.14"
"Sterling MS";"Aug 23, 2026, 00:00:00";"17";"8.91";"0.1";"800.73";"2.14"
"Sterling MS";"Aug 22, 2026, 23:00:00";"23";"10.05";"0.15";"796.62";"5.02"
"Sterling MS";"Aug 22, 2026, 22:00:00";"17";"9.56";"0.13";"593.61";"2.99"
"Sterling MS";"Aug 22, 2026, 21:00:00";"18";"9.3";"0.13";"481.24";"2.46"
"Sterling MS";"Aug 22, 2026, 20:00:00";"22";"8.32";"0.15";"404.92";"3.39"
"Sterling MS";"Aug 22, 2026, 19:00:00";"24";"6.74";"0.15";"342.03";"3.71"
"Sterling MS";"Aug 22, 2026, 18:00:00";"28";"5.22";"0.15";"280.73";"4.41"
"Sterling MS";"Aug 22, 2026, 17:00:00";"30";"4.19";"0.17";"264.52";"4.62"
"Sterling MS";"Aug 22, 2026, 16:00:00";"32";"3.71";"0.13";"247.52";"4.98"
"Sterling MS";"Aug 22, 2026, 15:00:00";"33";"1.95";"0.15";"260.92";"6.08"
"Sterling MS";"Aug 22, 2026, 14:00:00";"34";"3.48";"0.16";"339.28";"6.45"
"Sterling MS";"Aug 22, 2026, 13:00:00";"32";"3.89";"0.15";"403.01";"5.93"
"Sterling MS";"Aug 22, 2026, 12:00:00";"32";"5.55";"0.13";"447.33";"6.05"
"Sterling MS";"Aug 22, 2026, 11:00:00";"30";"4.15";"0.13";"411.71";"5.98"
"Sterling MS";"Aug 22, 2026, 10:00:00";"27";"6.08";"0.12";"454.11";"4.99"
"Sterling MS";"Aug 22, 2026, 09:00:00";"27";"7.27";"0.1";"485.12";"4.65"
"Sterling MS";"Aug 22, 2026, 08:00:00";"27";"7.2";"0.11";"520.87";"4.48"
"Sterling MS";"Aug 22, 2026, 07:00:00";"29";"7.29";"0.12";"511.75";"4.66"
"Sterling MS";"Aug 22, 2026, 06:00:00";"33";"7.53";"0.14";"459.03";"4.68"
"Sterling MS";"Aug 22, 2026, 05:00:00";"39";"3.27";"0.19";"403.54";"6.64"
"Sterling MS";"Aug 22, 2026, 04:00:00";"42";"4.49";"0.2";"384.02";"6.69"
"Sterling MS";"Aug 22, 2026, 03:00:00";"47";"4.13";"0.2";"326.39";"7.81"
"Sterling MS";"Aug 22, 2026, 02:00:00";"48";"4.83";"0.21";"265.12";"7.66"
"Sterling MS";"Aug 22, 2026, 01:00:00";"52";"5.92";"0.23";"194.3";"8.18"
"Sterling MS";"Aug 22, 2026, 00:00:00";"53";"7.81";"0.23";"120.71";"8.76"
"Sterling MS";"Aug 21, 2026, 23:00:00";"55";"9.17";"0.26";"83.45";"9.45"
"Sterling MS";"Aug 21, 2026, 22:00:00";"56";"9.74";"0.29";"51.97";"10.98"
"Sterling MS";"Aug 21, 2026, 21:00:00";"57";"7.68";"0.22";"23.04";"12.55"
"Sterling MS";"Aug 21, 2026, 20:00:00";"57";"5.34";"0.17";"14.34";"12.13"
"Sterling MS";"Aug 21, 2026, 19:00:00";"56";"4.93";"0.17";"17.55";"11.62"
"Sterling MS";"Aug 21, 2026, 18:00:00";"56";"3.91";"0.15";"4.86";"11.23"
"Sterling MS";"Aug 21, 2026, 17:00:00";"57";"2.2";"0.13";"1.74";"11.84"
"Sterling MS";"Aug 21, 2026, 16:00:00";"57";"1.84";"0.12";"3.07";"12.1"
"Sterling MS";"Aug 21, 2026, 15:00:00";"57";"0.56";"0.11";"5.58";"13.46"
"Sterling MS";"Aug 21, 2026, 14:00:00";"54";"0";"0.11";"16.3";"11.72"
"Sterling MS";"Aug 21, 2026, 13:00:00";"52";"0.3";"0.1";"43.17";"10.46"
"Sterling MS";"Aug 21, 2026, 12:00:00";"45";"0";"0.12";"79.67";"9.28"
"Sterling MS";"Aug 21, 2026, 11:00:00";"40";"0.59";"0.12";"128.65";"8.1"
"Sterling MS";"Aug 21, 2026, 10:00:00";"34";"2.84";"0.11";"201.84";"6.86"
"Sterling MS";"Aug 21, 2026, 09:00:00";"31";"4.73";"0.09";"278.24";"5.79"
"Sterling MS";"Aug 21, 2026, 08:00:00";"29";"5.1";"0.07";"358.84";"5.2"
"Sterling MS";"Aug 21, 2026, 07:00:00";"29";"4.95";"0.05";"405.72";"5.42"
"Sterling MS";"Aug 21, 2026, 06:00:00";"29";"4.77";"0.06";"407.13";"5.13"
"Sterling MS";"Aug 21, 2026, 05:00:00";"28";"5.49";"0.06";"408.87";"4.91"
"Sterling MS";"Aug 21, 2026, 04:00:00";"29";"5.25";"0.05";"395.03";"5.66"
"Sterling MS";"Aug 21, 2026, 03:00:00";"28";"6.49";"0.06";"366.48";"5.36"
"Sterling MS";"Aug 21, 2026, 02:00:00";"25";"6.13";"0.05";"331.89";"5.07"
"Sterling MS";"Aug 21, 2026, 01:00:00";"22";"6.47";"0.05";"300.37";"4.9"
"Sterling MS";"Aug 21, 2026, 00:00:00";"15";"6.82";"0.04";"270.27";"3.61"
"Sterling MS";"Aug 20, 2026, 23:00:00";"11";"7.09";"0.03";"256.93";"2.22"
"Sterling MS";"Aug 20, 2026, 22:00:00";"10";"7.02";"0.03";"239.39";"1.49"
"Sterling MS";"Aug 20, 2026, 21:00:00";"12";"6.6";"0.02";"223.3";"1.39"
"Sterling MS";"Aug 20, 2026, 20:00:00";"15";"3.26";"0.06";"238.18";"1.44"
"Sterling MS";"Aug 20, 2026, 19:00:00";"22";"2.26";"0.11";"322.22";"2.81"
"Sterling MS";"Aug 20, 2026, 18:00:00";"27";"2.76";"0.17";"451.15";"3.9"
"Sterling MS";"Aug 20, 2026, 17:00:00";"33";"4.8";"0.16";"367.5";"3.88"
"Sterling MS";"Aug 20, 2026, 16:00:00";"44";"4.3";"0.12";"303.63";"4.12"
"Sterling MS";"Aug 20, 2026, 15:00:00";"56";"1.07";"0.21";"323.97";"11.98"
"Sterling MS";"Aug 20, 2026, 14:00:00";"56";"0";"0.22";"327.94";"12.59"
"Sterling MS";"Aug 20, 2026, 13:00:00";"54";"2.15";"0.35";"608.74";"12.26"
"Sterling MS";"Aug 20, 2026, 12:00:00";"45";"5.7";"0.35";"542.43";"9.86"
"Sterling MS";"Aug 20, 2026, 11:00:00";"35";"4.65";"0.29";"428.63";"7.11"
"Sterling MS";"Aug 20, 2026, 10:00:00";"33";"5.45";"0.26";"416.11";"6.28"
"Sterling MS";"Aug 20, 2026, 09:00:00";"32";"4.79";"0.25";"473.78";"5.65"
"Sterling MS";"Aug 20, 2026, 08:00:00";"33";"3.84";"0.24";"582.85";"5.77"
"Sterling MS";"Aug 20, 2026, 07:00:00";"33";"4.2";"0.22";"512.41";"5.84"
"Sterling MS";"Aug 20, 2026, 06:00:00";"33";"3.23";"0.2";"437.31";"5.69"
"Sterling MS";"Aug 20, 2026, 05:00:00";"34";"2.91";"0.18";"416.05";"5.33"
"Sterling MS";"Aug 20, 2026, 04:00:00";"36";"2.38";"0.17";"462.87";"5.59"
"Sterling MS";"Aug 20, 2026, 03:00:00";"38";"2.29";"0.19";"449.84";"6.41"
"Sterling MS";"Aug 20, 2026, 02:00:00";"38";"4.12";"0.22";"494.2";"6.07"
"Sterling MS";"Aug 20, 2026, 01:00:00";"41";"5.04";"0.26";"410.46";"7.18"
"Sterling MS";"Aug 20, 2026, 00:00:00";"42";"5.95";"0.3";"328.42";"7.99"
"Sterling MS";"Aug 19, 2026, 23:00:00";"40";"7.14";"0.31";"226.13";"7.59"
"Sterling MS";"Aug 19, 2026, 22:00:00";"38";"5.58";"0.25";"146.85";"6.74"
"Sterling MS";"Aug 19, 2026, 21:00:00";"38";"4.7";"0.23";"103.47";"6.76"
"Sterling MS";"Aug 19, 2026, 20:00:00";"38";"2.79";"0.22";"79.03";"7.22"
"Sterling MS";"Aug 19, 2026, 19:00:00";"36";"1.32";"0.21";"69.12";"6.92"
"Sterling MS";"Aug 19, 2026, 18:00:00";"34";"0.35";"0.21";"64.25";"6.44"
"Sterling MS";"Aug 19, 2026, 17:00:00";"31";"0.46";"0.2";"62.43";"5.93"
"Sterling MS";"Aug 19, 2026, 16:00:00";"29";"0.53";"0.19";"58.54";"5.45"
"Sterling MS";"Aug 19, 2026, 15:00:00";"28";"0.6";"0.19";"53.57";"5.07"
"Sterling MS";"Aug 19, 2026, 14:00:00";"28";"0.26";"0.16";"62.55";"5.56"
"Sterling MS";"Aug 19, 2026, 13:00:00";"24";"0";"0.16";"56.25";"4.71"
"Sterling MS";"Aug 19, 2026, 12:00:00";"22";"0.08";"0.12";"56.93";"4.03"
"Sterling MS";"Aug 19, 2026, 11:00:00";"22";"0";"0.17";"83.8";"4.2"
"Sterling MS";"Aug 19, 2026, 10:00:00";"21";"0.41";"0.2";"142.46";"4.14"
"Sterling MS";"Aug 19, 2026, 09:00:00";"18";"5.74";"0.22";"251.39";"3.35"
"Sterling MS";"Aug 19, 2026, 08:00:00";"18";"10.33";"0.19";"328.78";"2.8"
"Sterling MS";"Aug 19, 2026, 07:00:00";"20";"6.2";"0.1";"324";"2.78"
"Sterling MS";"Aug 19, 2026, 06:00:00";"25";"4.35";"0.08";"342.45";"3.87"
"Sterling MS";"Aug 19, 2026, 05:00:00";"28";"4.69";"0.1";"372.77";"3.95"
"Sterling MS";"Aug 19, 2026, 04:00:00";"34";"4.86";"0.11";"419.35";"4.56"
"Sterling MS";"Aug 19, 2026, 03:00:00";"42";"5.34";"0.15";"480.94";"7.05"
"Sterling MS";"Aug 19, 2026, 02:00:00";"43";"6.06";"0.18";"439.48";"8.36"
"Sterling MS";"Aug 19, 2026, 01:00:00";"40";"5.22";"0.18";"428.3";"8.26"
"Sterling MS";"Aug 19, 2026, 00:00:00";"38";"5.42";"0.17";"329.15";"7.75"
"Sterling MS";"Aug 18, 2026, 23:00:00";"34";"4.31";"0.18";"232.77";"6.56"
"Sterling MS";"Aug 18, 2026, 22:00:00";"32";"5.67";"0.2";"176.98";"5.34"
"Sterling MS";"Aug 18, 2026, 21:00:00";"34";"4.36";"0.21";"146.23";"6.18"
"Sterling MS";"Aug 18, 2026, 20:00:00";"33";"1.82";"0.19";"100.12";"5.76"
"Sterling MS";"Aug 18, 2026, 19:00:00";"33";"0.4";"0.18";"90.23";"5.98"
"Sterling MS";"Aug 18, 2026, 18:00:00";"33";"0.1";"0.16";"83.99";"5.66"
"Sterling MS";"Aug 18, 2026, 17:00:00";"34";"0.17";"0.17";"86.57";"5.48"
"Sterling MS";"Aug 18, 2026, 16:00:00";"37";"0.1";"0.16";"106.1";"5.22"
"Sterling MS";"Aug 18, 2026, 15:00:00";"42";"0";"0.14";"158.53";"6.97"
"Sterling MS";"Aug 18, 2026, 14:00:00";"43";"0";"0.17";"250.53";"8.03"
"Sterling MS";"Aug 18, 2026, 13:00:00";"43";"0.05";"0.2";"385.91";"8.49"
"Sterling MS";"Aug 18, 2026, 12:00:00";"40";"0.14";"0.17";"495.45";"8.16"
"Sterling MS";"Aug 18, 2026, 11:00:00";"38";"0.03";"0.19";"602.17";"7.3"
"Sterling MS";"Aug 18, 2026, 10:00:00";"37";"0";"0.16";"663.51";"7.09"
"Sterling MS";"Aug 18, 2026, 09:00:00";"35";"0.47";"0.18";"876.84";"6.02"
"Sterling MS";"Aug 18, 2026, 08:00:00";"35";"2.24";"0.15";"1002.55";"5.87"
"Sterling MS";"Aug 18, 2026, 07:00:00";"38";"3.09";"0.13";"1040.47";"6.8"
"Sterling MS";"Aug 18, 2026, 06:00:00";"38";"1.78";"0.13";"1051.93";"6.49"
"Sterling MS";"Aug 18, 2026, 05:00:00";"40";"0.55";"0.1";"1036.79";"7.89"
"Sterling MS";"Aug 18, 2026, 04:00:00";"35";"1.15";"0.1";"1022.72";"6.35"
"Sterling MS";"Aug 18, 2026, 03:00:00";"35";"1.81";"0.11";"1035.35";"6.39"
"Sterling MS";"Aug 18, 2026, 02:00:00";"35";"2.59";"0.12";"1063.45";"7.21"
"Sterling MS";"Aug 18, 2026, 01:00:00";"30";"8.83";"0.14";"1023.24";"6.22"
"Sterling MS";"Aug 18, 2026, 00:00:00";"27";"12.56";"0.21";"986.7";"4.52"
"Sterling MS";"Aug 17, 2026, 23:00:00";"28";"10.24";"0.2";"850.37";"5.63"
"Sterling MS";"Aug 17, 2026, 22:00:00";"24";"6.91";"0.17";"593.91";"4.3"
"Sterling MS";"Aug 17, 2026, 21:00:00";"24";"5.74";"0.18";"456.63";"4.16"
"Sterling MS";"Aug 17, 2026, 20:00:00";"24";"4.64";"0.17";"406.43";"3.32"
"Sterling MS";"Aug 17, 2026, 19:00:00";"30";"4.7";"0.15";"348.56";"3.91"
"Sterling MS";"Aug 17, 2026, 18:00:00";"38";"0.15";"0.17";"223.91";"7.39"
"Sterling MS";"Aug 17, 2026, 17:00:00";"35";"0";"0.17";"217.8";"6.17"
"Sterling MS";"Aug 17, 2026, 16:00:00";"35";"0";"0.19";"251.35";"6.77"
"Sterling MS";"Aug 17, 2026, 15:00:00";"33";"0";"0.17";"271.25";"6.28"
"Sterling MS";"Aug 17, 2026, 14:00:00";"32";"0";"0.16";"311.8";"6.13"
"Sterling MS";"Aug 17, 2026, 13:00:00";"30";"0";"0.14";"342.18";"5.84"
"Sterling MS";"Aug 17, 2026, 12:00:00";"30";"0";"0.13";"425.44";"5.87"
"Sterling MS";"Aug 17, 2026, 11:00:00";"28";"0";"0.12";"548.64";"5.41"
"Sterling MS";"Aug 17, 2026, 10:00:00";"28";"0";"0.12";"663.3";"5.33"
"Sterling MS";"Aug 17, 2026, 09:00:00";"25";"0.9";"0.14";"924.29";"4.64"
"Sterling MS";"Aug 17, 2026, 08:00:00";"25";"7.9";"0.17";"1152.18";"4.35"
"Sterling MS";"Aug 17, 2026, 07:00:00";"26";"10.68";"0.14";"1138.5";"4.45"
"Sterling MS";"Aug 17, 2026, 06:00:00";"27";"6.32";"0.11";"1143.82";"4.6"
"Sterling MS";"Aug 17, 2026, 05:00:00";"28";"2.7";"0.06";"1136.87";"4.59"
"Sterling MS";"Aug 17, 2026, 04:00:00";"30";"2.2";"0.05";"1182.54";"4.6"
"Sterling MS";"Aug 17, 2026, 03:00:00";"34";"1.39";"0.08";"1316.43";"5.42"
"Sterling MS";"Aug 17, 2026, 02:00:00";"39";"2.26";"0.11";"1449.56";"6.37"
"Sterling MS";"Aug 17, 2026, 01:00:00";"42";"4.5";"0.11";"1326.97";"6.98"
"Sterling MS";"Aug 17, 2026, 00:00:00";"45";"6.12";"0.13";"1342.38";"6.66"
"Sterling MS";"Aug 16, 2026, 23:00:00";"52";"10.62";"0.21";"1356.38";"8.37"
"Sterling MS";"Aug 16, 2026, 22:00:00";"54";"5.54";"0.2";"1415.66";"9.64"
"Sterling MS";"Aug 16, 2026, 21:00:00";"56";"6.57";"0.19";"1363.8";"10.05"
"Sterling MS";"Aug 16, 2026, 20:00:00";"57";"5.75";"0.18";"1313.77";"11.75"
"Sterling MS";"Aug 16, 2026, 19:00:00";"57";"2.47";"0.18";"988.2";"14.42"
"Sterling MS";"Aug 16, 2026, 18:00:00";"55";"0.39";"0.2";"869.29";"11.17"
"Sterling MS";"Aug 16, 2026, 17:00:00";"55";"4.26";"0.19";"1003.62";"10.23"
"Sterling MS";"Aug 16, 2026, 16:00:00";"55";"6.39";"0.17";"1018.95";"10.81"
"Sterling MS";"Aug 16, 2026, 15:00:00";"56";"5.32";"0.18";"1077.21";"11.79"
"Sterling MS";"Aug 16, 2026, 14:00:00";"56";"6.1";"0.21";"1002.99";"10.9"
"Sterling MS";"Aug 16, 2026, 13:00:00";"56";"7.51";"0.19";"856.15";"11.46"
"Sterling MS";"Aug 16, 2026, 12:00:00";"56";"6.19";"0.18";"674.56";"11.63"
"Sterling MS";"Aug 16, 2026, 11:00:00";"56";"6.5";"0.16";"535.2";"10.57"
"Sterling MS";"Aug 16, 2026, 10:00:00";"56";"4.06";"0.17";"558.33";"11.19"
"Sterling MS";"Aug 16, 2026, 09:00:00";"56";"5.33";"0.19";"657.72";"11.42"
"Sterling MS";"Aug 16, 2026, 08:00:00";"57";"5.52";"0.2";"739.58";"10.93"
"Sterling MS";"Aug 16, 2026, 07:00:00";"57";"4.74";"0.21";"704.63";"11.98"
"Sterling MS";"Aug 16, 2026, 06:00:00";"57";"4.89";"0.2";"588.91";"12.04"
"Sterling MS";"Aug 16, 2026, 05:00:00";"57";"4.96";"0.21";"487.14";"11.59"
"Sterling MS";"Aug 16, 2026, 04:00:00";"57";"5.3";"0.22";"449.73";"11.72"
"Sterling MS";"Aug 16, 2026, 03:00:00";"58";"6.66";"0.23";"358.81";"11.95"
"Sterling MS";"Aug 16, 2026, 02:00:00";"58";"6.92";"0.22";"249.79";"11.82"
"Sterling MS";"Aug 16, 2026, 01:00:00";"59";"6.67";"0.23";"194.3";"12.2"
"Sterling MS";"Aug 16, 2026, 00:00:00";"59";"5.23";"0.22";"162.41";"13.11"
"Sterling MS";"Aug 15, 2026, 23:00:00";"59";"5.03";"0.23";"157.11";"12.2"
"Sterling MS";"Aug 15, 2026, 22:00:00";"59";"4.93";"0.27";"179.45";"13.09"
"Sterling MS";"Aug 15, 2026, 21:00:00";"60";"5.93";"0.29";"149.8";"13.06"
"Sterling MS";"Aug 15, 2026, 20:00:00";"60";"3.74";"0.25";"108.72";"13.23"
"Sterling MS";"Aug 15, 2026, 19:00:00";"60";"2.15";"0.23";"95.57";"14.32"
"Sterling MS";"Aug 15, 2026, 18:00:00";"60";"1.86";"0.22";"84.62";"13.92"
"Sterling MS";"Aug 15, 2026, 17:00:00";"60";"0.59";"0.24";"77.56";"13.97"
"Sterling MS";"Aug 15, 2026, 16:00:00";"59";"0.1";"0.22";"70.57";"14.33"
"Sterling MS";"Aug 15, 2026, 15:00:00";"58";"1.13";"0.2";"74.76";"14.18"
"Sterling MS";"Aug 15, 2026, 14:00:00";"57";"0";"0.2";"72.45";"13.59"
"Sterling MS";"Aug 15, 2026, 13:00:00";"56";"0";"0.18";"92.97";"12.29"
"Sterling MS";"Aug 15, 2026, 12:00:00";"55";"0";"0.15";"131.13";"10.74"
"Sterling MS";"Aug 15, 2026, 11:00:00";"56";"0";"0.16";"228.59";"11.46"
"Sterling MS";"Aug 15, 2026, 10:00:00";"56";"0";"0.18";"368.45";"12.14"
"Sterling MS";"Aug 15, 2026, 09:00:00";"55";"0.91";"0.17";"597.3";"10.87"
"Sterling MS";"Aug 15, 2026, 08:00:00";"55";"3.8";"0.15";"736.91";"9.78"
"Sterling MS";"Aug 15, 2026, 07:00:00";"56";"7.52";"0.13";"730.8";"10.22"
"Sterling MS";"Aug 15, 2026, 06:00:00";"57";"3.51";"0.13";"755.03";"12.77"
"Sterling MS";"Aug 15, 2026, 05:00:00";"57";"3.23";"0.13";"727.38";"12.67"
"Sterling MS";"Aug 15, 2026, 04:00:00";"56";"2.84";"0.14";"714.01";"11.35"
"Sterling MS";"Aug 15, 2026, 03:00:00";"56";"5.15";"0.14";"670.34";"11.57"
"Sterling MS";"Aug 15, 2026, 02:00:00";"57";"3.35";"0.15";"658.19";"10.98"
"Sterling MS";"Aug 15, 2026, 01:00:00";"57";"2.33";"0.16";"631.06";"11.21"
"Sterling MS";"Aug 15, 2026, 00:00:00";"59";"5.97";"0.19";"581.11";"11.52"
"Sterling MS";"Aug 14, 2026, 23:00:00";"61";"4.54";"0.21";"638.03";"12.34"
"Sterling MS";"Aug 14, 2026, 22:00:00";"62";"3.77";"0.23";"633.27";"13.83"
"Sterling MS";"Aug 14, 2026, 21:00:00";"63";"3.76";"0.22";"555.82";"14.6"
"Sterling MS";"Aug 14, 2026, 20:00:00";"63";"2.82";"0.21";"473.14";"15.17"
"Sterling MS";"Aug 14, 2026, 19:00:00";"62";"2.25";"0.18";"340.36";"14.43"
"Sterling MS";"Aug 14, 2026, 18:00:00";"63";"1";"0.15";"271.81";"14.62"
"Sterling MS";"Aug 14, 2026, 17:00:00";"64";"0";"0.15";"263.15";"15.76"
"Sterling MS";"Aug 14, 2026, 16:00:00";"65";"1.52";"0.22";"373.3";"17.18"
"Sterling MS";"Aug 14, 2026, 15:00:00";"63";"3.25";"0.2";"527.54";"15.44"
"Sterling MS";"Aug 14, 2026, 14:00:00";"63";"3.64";"0.19";"658.46";"15.29"
"Sterling MS";"Aug 14, 2026, 13:00:00";"63";"3.73";"0.19";"542.67";"15.6"
"Sterling MS";"Aug 14, 2026, 12:00:00";"62";"1.2";"0.21";"417.78";"15.3"
"Sterling MS";"Aug 14, 2026, 11:00:00";"61";"0.85";"0.22";"360.28";"15.28"
"Sterling MS";"Aug 14, 2026, 10:00:00";"59";"1.69";"0.2";"437.03";"15.09"
"Sterling MS";"Aug 14, 2026, 09:00:00";"55";"2.32";"0.19";"536.67";"13.07"
"Sterling MS";"Aug 14, 2026, 08:00:00";"53";"3.07";"0.18";"677.86";"11.33"
"Sterling MS";"Aug 14, 2026, 07:00:00";"51";"3.8";"0.19";"704.11";"9.62"
"Sterling MS";"Aug 14, 2026, 06:00:00";"50";"3.13";"0.19";"639.55";"9.46"
"Sterling MS";"Aug 14, 2026, 05:00:00";"50";"2.72";"0.17";"548.88";"9.97"
"Sterling MS";"Aug 14, 2026, 04:00:00";"48";"1.95";"0.18";"596.1";"9"
"Sterling MS";"Aug 14, 2026, 03:00:00";"48";"1.73";"0.2";"630.75";"8.27"
"Sterling MS";"Aug 14, 2026, 02:00:00";"49";"2.42";"0.24";"631.12";"8.21"
"Sterling MS";"Aug 14, 2026, 01:00:00";"49";"3.62";"0.25";"557.57";"8.08"
"Sterling MS";"Aug 14, 2026, 00:00:00";"50";"5.01";"0.29";"450.08";"8.36"
"Sterling MS";"Aug 13, 2026, 23:00:00";"52";"5.95";"0.31";"376.29";"9.35"
"Sterling MS";"Aug 13, 2026, 22:00:00";"52";"7.16";"0.33";"277.64";"8.84"
"Sterling MS";"Aug 13, 2026, 21:00:00";"52";"6.56";"0.31";"200.03";"8.87"
"Sterling MS";"Aug 13, 2026, 20:00:00";"52";"3.2";"0.23";"162.82";"9.38"
"Sterling MS";"Aug 13, 2026, 19:00:00";"52";"2.02";"0.23";"142.34";"9.96"
"Sterling MS";"Aug 13, 2026, 18:00:00";"52";"0.52";"0.22";"122.73";"9.79"
"Sterling MS";"Aug 13, 2026, 17:00:00";"52";"0.01";"0.22";"108.4";"9.21"
"Sterling MS";"Aug 13, 2026, 16:00:00";"52";"0.4";"0.21";"91.72";"8.73"
"Sterling MS";"Aug 13, 2026, 15:00:00";"53";"0.15";"0.19";"96.53";"9.48"
"Sterling MS";"Aug 13, 2026, 14:00:00";"53";"0";"0.21";"114.86";"10.07"
"Sterling MS";"Aug 13, 2026, 13:00:00";"53";"0.05";"0.17";"127.45";"10.65"
"Sterling MS";"Aug 13, 2026, 12:00:00";"53";"0.2";"0.16";"135.5";"10.16"
"Sterling MS";"Aug 13, 2026, 11:00:00";"52";"0.25";"0.14";"152.71";"10.08"
"Sterling MS";"Aug 13, 2026, 10:00:00";"51";"1.54";"0.15";"180.71";"10.36"
"Sterling MS";"Aug 13, 2026, 09:00:00";"45";"3.22";"0.14";"207.84";"8.55"
"Sterling MS";"Aug 13, 2026, 08:00:00";"43";"4.91";"0.12";"230.03";"7.86"
"Sterling MS";"Aug 13, 2026, 07:00:00";"41";"5.04";"0.1";"228.39";"6.88"
"Sterling MS";"Aug 13, 2026, 06:00:00";"44";"4.5";"0.1";"230.37";"6.74"
"Sterling MS";"Aug 13, 2026, 05:00:00";"50";"3.96";"0.1";"240.32";"7.35"
"Sterling MS";"Aug 13, 2026, 04:00:00";"54";"4.33";"0.15";"358.1";"9.93"
"Sterling MS";"Aug 13, 2026, 03:00:00";"56";"4.71";"0.16";"355.63";"10.88"
"Sterling MS";"Aug 13, 2026, 02:00:00";"56";"4.57";"0.16";"300.88";"10.81"
"Sterling MS";"Aug 13, 2026, 01:00:00";"58";"5.78";"0.19";"311.36";"11.24"
"Sterling MS";"Aug 13, 2026, 00:00:00";"61";"10.47";"0.21";"276.54";"12.66"
"Sterling MS";"Aug 12, 2026, 23:00:00";"62";"6.99";"0.21";"238.21";"13.06"
"Sterling MS";"Aug 12, 2026, 22:00:00";"64";"6.34";"0.22";"214.77";"13.71"
"Sterling MS";"Aug 12, 2026, 21:00:00";"65";"6.83";"0.24";"179.49";"14.4"
"Sterling MS";"Aug 12, 2026, 20:00:00";"67";"5.07";"0.21";"135.13";"16.45"
"Sterling MS";"Aug 12, 2026, 19:00:00";"69";"2.73";"0.21";"118.14";"18.9"
"Sterling MS";"Aug 12, 2026, 18:00:00";"69";"1.4";"0.2";"112.32";"18.72"
"Sterling MS";"Aug 12, 2026, 17:00:00";"69";"0.01";"0.21";"116.6";"19.03"
"Sterling MS";"Aug 12, 2026, 16:00:00";"68";"0.78";"0.21";"143.09";"19.15"
"Sterling MS";"Aug 12, 2026, 15:00:00";"65";"0";"0.18";"138.12";"17.8"
"Sterling MS";"Aug 12, 2026, 14:00:00";"63";"0";"0.19";"153.82";"16.89"
"Sterling MS";"Aug 12, 2026, 13:00:00";"61";"0.06";"0.19";"194.88";"15.81"
"Sterling MS";"Aug 12, 2026, 12:00:00";"58";"0";"0.18";"223.22";"13.96"
"Sterling MS";"Aug 12, 2026, 11:00:00";"56";"0.3";"0.18";"252.13";"13.17"
"Sterling MS";"Aug 12, 2026, 10:00:00";"52";"2.55";"0.17";"282.43";"11.04"
"Sterling MS";"Aug 12, 2026, 09:00:00";"47";"4.75";"0.16";"316.45";"9.34"
"Sterling MS";"Aug 12, 2026, 08:00:00";"44";"7.37";"0.17";"345.44";"8.39"
"Sterling MS";"Aug 12, 2026, 07:00:00";"43";"6.79";"0.13";"319.71";"7.79"
"Sterling MS";"Aug 12, 2026, 06:00:00";"43";"5.82";"0.11";"280.86";"7.75"
"Sterling MS";"Aug 12, 2026, 05:00:00";"43";"6.47";"0.11";"255.34";"7.66"
"Sterling MS";"Aug 12, 2026, 04:00:00";"42";"5.17";"0.11";"217.6";"7.49"
"Sterling MS";"Aug 12, 2026, 03:00:00";"42";"5.37";"0.11";"208.28";"7.31"
"Sterling MS";"Aug 12, 2026, 02:00:00";"44";"5.69";"0.12";"210.85";"7.5"
"Sterling MS";"Aug 12, 2026, 01:00:00";"46";"5.64";"0.12";"202.52";"7.08"
"Sterling MS";"Aug 12, 2026, 00:00:00";"52";"5.33";"0.13";"188.13";"8.27"
"Sterling MS";"Aug 11, 2026, 23:00:00";"54";"5.91";"0.15";"164.72";"9.74"
"Sterling MS";"Aug 11, 2026, 22:00:00";"56";"5.75";"0.16";"139.04";"10.6"
"Sterling MS";"Aug 11, 2026, 21:00:00";"58";"5.66";"0.17";"113.76";"11.6"
"Sterling MS";"Aug 11, 2026, 20:00:00";"60";"4.53";"0.16";"93.61";"13.31"
"Sterling MS";"Aug 11, 2026, 19:00:00";"60";"2.08";"0.16";"88.72";"14.3"
"Sterling MS";"Aug 11, 2026, 18:00:00";"60";"0.04";"0.14";"81.59";"12"
"Sterling MS";"Aug 11, 2026, 17:00:00";"62";"0.21";"0.17";"141.66";"13.58"
"Sterling MS";"Aug 11, 2026, 16:00:00";"65";"0.08";"0.17";"150.89";"14.82"
"Sterling MS";"Aug 11, 2026, 15:00:00";"68";"0";"0.18";"156.52";"16.94"
"Sterling MS";"Aug 11, 2026, 14:00:00";"69";"0.16";"0.19";"200.15";"19.21"
"Sterling MS";"Aug 11, 2026, 13:00:00";"68";"0.32";"0.16";"224.55";"20.94"
"Sterling MS";"Aug 11, 2026, 12:00:00";"63";"0.28";"0.2";"316.37";"17.49"
"Sterling MS";"Aug 11, 2026, 11:00:00";"58";"1.97";"0.2";"392.3";"14.05"
"Sterling MS";"Aug 11, 2026, 10:00:00";"56";"6.11";"0.2";"562.45";"11.6"
"Sterling MS";"Aug 11, 2026, 09:00:00";"56";"9.29";"0.19";"685.57";"11.04"
"Sterling MS";"Aug 11, 2026, 08:00:00";"56";"10.4";"0.19";"690.25";"12.93"
"Sterling MS";"Aug 11, 2026, 07:00:00";"54";"6.43";"0.12";"618.6";"13.66"
"Sterling MS";"Aug 11, 2026, 06:00:00";"37";"3.54";"0.11";"673.2";"8.35"
"Sterling MS";"Aug 11, 2026, 05:00:00";"30";"1.8";"0.1";"762.02";"5.27"
"Sterling MS";"Aug 11, 2026, 04:00:00";"31";"3.58";"0.11";"731.86";"5.5"
"Sterling MS";"Aug 11, 2026, 03:00:00";"31";"2.5";"0.1";"697.75";"5.51"
"Sterling MS";"Aug 11, 2026, 02:00:00";"31";"5.25";"0.11";"659.17";"5.29"
"Sterling MS";"Aug 11, 2026, 01:00:00";"33";"9.26";"0.11";"673.86";"5.37"
"Sterling MS";"Aug 11, 2026, 00:00:00";"35";"13.25";"0.17";"679.91";"5.93"
"Sterling MS";"Aug 10, 2026, 23:00:00";"38";"12.41";"0.17";"669.99";"6.9"
"Sterling MS";"Aug 10, 2026, 22:00:00";"37";"15.43";"0.19";"686.69";"6.33"
"Sterling MS";"Aug 10, 2026, 21:00:00";"38";"9.64";"0.18";"660.12";"6.03"
"Sterling MS";"Aug 10, 2026, 20:00:00";"43";"11.43";"0.18";"646.58";"6.18"
"Sterling MS";"Aug 10, 2026, 19:00:00";"51";"10.9";"0.25";"617.13";"8.02"
"Sterling MS";"Aug 10, 2026, 18:00:00";"54";"9.25";"0.21";"502.96";"7.98"
"Sterling MS";"Aug 10, 2026, 17:00:00";"58";"7.21";"0.15";"241.66";"8.81"
"Sterling MS";"Aug 10, 2026, 16:00:00";"65";"0";"0.24";"119.27";"15.68"
"Sterling MS";"Aug 10, 2026, 15:00:00";"65";"0";"0.24";"117.13";"15.6"
"Sterling MS";"Aug 10, 2026, 14:00:00";"68";"0";"0.23";"128.96";"16.99"
"Sterling MS";"Aug 10, 2026, 13:00:00";"69";"0";"0.23";"144.03";"18.31"
"Sterling MS";"Aug 10, 2026, 12:00:00";"69";"0";"0.19";"153.12";"18.17"
"Sterling MS";"Aug 10, 2026, 11:00:00";"70";"0";"0.23";"213.96";"21.6"
"Sterling MS";"Aug 10, 2026, 10:00:00";"65";"0";"0.25";"318.26";"20.46"
"Sterling MS";"Aug 10, 2026, 09:00:00";"58";"0.29";"0.3";"542.85";"14.7"
"Sterling MS";"Aug 10, 2026, 08:00:00";"55";"3.05";"0.35";"854.29";"9.96"
"Sterling MS";"Aug 10, 2026, 07:00:00";"56";"6.99";"0.32";"795.33";"9.55"
"Sterling MS";"Aug 10, 2026, 06:00:00";"59";"2.58";"0.22";"768.84";"12.83"
"Sterling MS";"Aug 10, 2026, 05:00:00";"60";"0.53";"0.18";"728.38";"14.06"
"Sterling MS";"Aug 10, 2026, 04:00:00";"59";"0.47";"0.2";"713.16";"12.37"
"Sterling MS";"Aug 10, 2026, 03:00:00";"60";"0.52";"0.21";"643.23";"12.15"
"Sterling MS";"Aug 10, 2026, 02:00:00";"61";"0.14";"0.24";"543.35";"13.22"
"Sterling MS";"Aug 10, 2026, 01:00:00";"62";"10.88";"0.31";"366.34";"13.86"
"Sterling MS";"Aug 10, 2026, 00:00:00";"63";"11.4";"0.31";"294.71";"14.07"
"Sterling MS";"Aug 9, 2026, 23:00:00";"63";"4.49";"0.31";"255.57";"14.51"
"Sterling MS";"Aug 9, 2026, 22:00:00";"64";"7.28";"0.32";"217.1";"14.61"
"Sterling MS";"Aug 9, 2026, 21:00:00";"65";"3.28";"0.29";"158.61";"16.54"
"Sterling MS";"Aug 9, 2026, 20:00:00";"66";"0.79";"0.26";"116.11";"17.78"
"Sterling MS";"Aug 9, 2026, 19:00:00";"65";"0";"0.25";"92.27";"17.09"
"Sterling MS";"Aug 9, 2026, 18:00:00";"63";"0";"0.25";"79.5";"16.35"
"Sterling MS";"Aug 9, 2026, 17:00:00";"61";"0";"0.22";"67.87";"14.97"
"Sterling MS";"Aug 9, 2026, 16:00:00";"60";"0";"0.18";"56.32";"13.61"
"Sterling MS";"Aug 9, 2026, 15:00:00";"61";"0";"0.19";"88.86";"14.13"
"Sterling MS";"Aug 9, 2026, 14:00:00";"61";"0";"0.18";"132.2";"14.71"
"Sterling MS";"Aug 9, 2026, 13:00:00";"60";"0";"0.18";"178.83";"15.12"
"Sterling MS";"Aug 9, 2026, 12:00:00";"57";"0";"0.15";"204.33";"13.15"
"Sterling MS";"Aug 9, 2026, 11:00:00";"55";"0";"0.14";"280.56";"13.04"
"Sterling MS";"Aug 9, 2026, 10:00:00";"52";"0";"0.15";"361.97";"11.88"
"Sterling MS";"Aug 9, 2026, 09:00:00";"38";"0.31";"0.26";"720.47";"8.31"
"Sterling MS";"Aug 9, 2026, 08:00:00";"33";"0.56";"0.23";"865.91";"5.94"
"Sterling MS";"Aug 9, 2026, 07:00:00";"32";"0.74";"0.2";"811.24";"5.87"
"Sterling MS";"Aug 9, 2026, 06:00:00";"32";"2.63";"0.2";"735.06";"5.68"
"Sterling MS";"Aug 9, 2026, 05:00:00";"32";"3.58";"0.19";"654.4";"5.38"
"Sterling MS";"Aug 9, 2026, 04:00:00";"33";"3.97";"0.17";"587.34";"5.43"
"Sterling MS";"Aug 9, 2026, 03:00:00";"35";"2.28";"0.18";"483.37";"6.32"
"Sterling MS";"Aug 9, 2026, 02:00:00";"34";"4.6";"0.19";"387.45";"5.94"
"Sterling MS";"Aug 9, 2026, 01:00:00";"36";"20.24";"0.32";"298.6";"5.77"
"Sterling MS";"Aug 9, 2026, 00:00:00";"40";"17.75";"0.35";"254.61";"6.56"
"Sterling MS";"Aug 8, 2026, 23:00:00";"42";"8.51";"0.31";"237.93";"7.19"
"Sterling MS";"Aug 8, 2026, 22:00:00";"44";"9.83";"0.33";"212.99";"7.58"
"Sterling MS";"Aug 8, 2026, 21:00:00";"46";"6.91";"0.28";"178.41";"7.82"
"Sterling MS";"Aug 8, 2026, 20:00:00";"48";"3.7";"0.22";"163.33";"8.36"
"Sterling MS";"Aug 8, 2026, 19:00:00";"50";"0.59";"0.2";"136.02";"8.74"
"Sterling MS";"Aug 8, 2026, 18:00:00";"52";"0";"0.24";"158.36";"8.44"
"Sterling MS";"Aug 8, 2026, 17:00:00";"53";"0.44";"0.28";"198.5";"10.27"
"Sterling MS";"Aug 8, 2026, 16:00:00";"53";"0.01";"0.24";"160.57";"11.19"
"Sterling MS";"Aug 8, 2026, 15:00:00";"48";"0";"0.24";"170.83";"10.19"
"Sterling MS";"Aug 8, 2026, 14:00:00";"39";"0";"0.22";"199.32";"7.53"
"Sterling MS";"Aug 8, 2026, 13:00:00";"37";"0";"0.18";"203.8";"7.99"
"Sterling MS";"Aug 8, 2026, 12:00:00";"29";"0";"0.18";"189.38";"5.91"
"Sterling MS";"Aug 8, 2026, 11:00:00";"25";"0";"0.19";"252.33";"4.87"
"Sterling MS";"Aug 8, 2026, 10:00:00";"24";"0";"0.27";"503.88";"4.86"
"Sterling MS";"Aug 8, 2026, 09:00:00";"22";"0.56";"0.27";"831.14";"3.83"
"Sterling MS";"Aug 8, 2026, 08:00:00";"21";"3.62";"0.27";"1067.65";"3.17"
"Sterling MS";"Aug 8, 2026, 07:00:00";"25";"3.04";"0.22";"989.15";"4.66"
"Sterling MS";"Aug 8, 2026, 06:00:00";"23";"1.48";"0.17";"936.34";"4.7"
"Sterling MS";"Aug 8, 2026, 05:00:00";"20";"3.08";"0.15";"928.87";"3.85"
"Sterling MS";"Aug 8, 2026, 04:00:00";"19";"1.93";"0.15";"854.51";"3.73"
"Sterling MS";"Aug 8, 2026, 03:00:00";"17";"1.71";"0.15";"796.59";"3.08"
"Sterling MS";"Aug 8, 2026, 02:00:00";"17";"8.38";"0.19";"768.53";"3.04"
"Sterling MS";"Aug 8, 2026, 01:00:00";"17";"11.71";"0.21";"693.79";"2.86"
"Sterling MS";"Aug 8, 2026, 00:00:00";"19";"8.32";"0.2";"599.7";"3.42"
"Sterling MS";"Aug 7, 2026, 23:00:00";"18";"8.32";"0.19";"499.34";"3.35"
"Sterling MS";"Aug 7, 2026, 22:00:00";"17";"8.46";"0.22";"371.85";"2.26"
"Sterling MS";"Aug 7, 2026, 21:00:00";"21";"8.54";"0.27";"416.68";"2.89"
"Sterling MS";"Aug 7, 2026, 20:00:00";"27";"3.67";"0.26";"463.93";"3.59"
"Sterling MS";"Aug 7, 2026, 19:00:00";"32";"1.58";"0.24";"365.51";"5.58"
"Sterling MS";"Aug 7, 2026, 18:00:00";"33";"0.29";"0.26";"289.19";"6.36"
"Sterling MS";"Aug 7, 2026, 17:00:00";"30";"0.77";"0.25";"248.59";"5.71"
"Sterling MS";"Aug 7, 2026, 16:00:00";"28";"0";"0.25";"200.71";"5.2"
"Sterling MS";"Aug 7, 2026, 15:00:00";"28";"0";"0.26";"193.94";"5.04"
"Sterling MS";"Aug 7, 2026, 14:00:00";"28";"0";"0.25";"214.08";"5.1"
"Sterling MS";"Aug 7, 2026, 13:00:00";"27";"0.05";"0.19";"209.78";"4.26"
"Sterling MS";"Aug 7, 2026, 12:00:00";"30";"0";"0.23";"343.89";"5.54"
"Sterling MS";"Aug 7, 2026, 11:00:00";"28";"0";"0.23";"511.93";"5.74"
"Sterling MS";"Aug 7, 2026, 10:00:00";"25";"0";"0.27";"678.76";"4.98"
"Sterling MS";"Aug 7, 2026, 09:00:00";"22";"1.45";"0.31";"986.65";"3.95"
"Sterling MS";"Aug 7, 2026, 08:00:00";"22";"4.63";"0.24";"1216.4";"2.01"
"Sterling MS";"Aug 7, 2026, 07:00:00";"32";"3.63";"0.24";"1134.26";"6.07"
"Sterling MS";"Aug 7, 2026, 06:00:00";"29";"3.18";"0.21";"1027.97";"6.63"
"Sterling MS";"Aug 7, 2026, 05:00:00";"22";"0.88";"0.12";"969.97";"4.41"
"Sterling MS";"Aug 7, 2026, 04:00:00";"19";"3.26";"0.12";"999.56";"2.96"
"Sterling MS";"Aug 7, 2026, 03:00:00";"22";"2.92";"0.13";"1044.81";"3.41"
"Sterling MS";"Aug 7, 2026, 02:00:00";"24";"8.57";"0.14";"1059.32";"4.13"
"Sterling MS";"Aug 7, 2026, 01:00:00";"24";"10.36";"0.15";"1036.33";"5.01"
"Sterling MS";"Aug 7, 2026, 00:00:00";"21";"14.58";"0.17";"1000.39";"4.17"
"Sterling MS";"Aug 6, 2026, 23:00:00";"19";"18.11";"0.17";"900.8";"3.13"
"Sterling MS";"Aug 6, 2026, 22:00:00";"20";"21.04";"0.18";"895.08";"2.31"
"Sterling MS";"Aug 6, 2026, 21:00:00";"28";"16.07";"0.19";"981.58";"3.28"
"Sterling MS";"Aug 6, 2026, 20:00:00";"38";"19.84";"0.27";"1082.95";"7.56"
"Sterling MS";"Aug 6, 2026, 19:00:00";"34";"11.3";"0.28";"819.47";"6.88"
"Sterling MS";"Aug 6, 2026, 18:00:00";"30";"11.34";"0.3";"799.16";"4.94"
"Sterling MS";"Aug 6, 2026, 17:00:00";"33";"15.45";"0.24";"579.32";"4.48"
"Sterling MS";"Aug 6, 2026, 16:00:00";"40";"11.02";"0.15";"285.83";"3.95"
"Sterling MS";"Aug 6, 2026, 15:00:00";"54";"0";"0.3";"274.85";"9.92"
"Sterling MS";"Aug 6, 2026, 14:00:00";"55";"0.33";"0.26";"312.25";"10.18"
"Sterling MS";"Aug 6, 2026, 13:00:00";"56";"0.85";"0.19";"321.15";"10.1"
"Sterling MS";"Aug 6, 2026, 12:00:00";"57";"0.01";"0.24";"432.48";"12.76"
"Sterling MS";"Aug 6, 2026, 11:00:00";"56";"0.55";"0.22";"611.48";"13.22"
"Sterling MS";"Aug 6, 2026, 10:00:00";"54";"4.37";"0.22";"876.38";"12.03"
"Sterling MS";"Aug 6, 2026, 09:00:00";"53";"5.18";"0.21";"1128.68";"10.78"
"Sterling MS";"Aug 6, 2026, 08:00:00";"52";"9";"0.2";"1231.24";"9.49"
"Sterling MS";"Aug 6, 2026, 07:00:00";"53";"9.65";"0.19";"1189.74";"9.86"
"Sterling MS";"Aug 6, 2026, 06:00:00";"52";"8.28";"0.17";"1142.73";"9.83"
"Sterling MS";"Aug 6, 2026, 05:00:00";"52";"8.81";"0.17";"1084.83";"9.42"
"Sterling MS";"Aug 6, 2026, 04:00:00";"52";"8.35";"0.16";"1025.76";"9.4"
"Sterling MS";"Aug 6, 2026, 03:00:00";"51";"9.43";"0.17";"975.78";"9.19"
"Sterling MS";"Aug 6, 2026, 02:00:00";"51";"8.04";"0.17";"869";"9.31"
"Sterling MS";"Aug 6, 2026, 01:00:00";"50";"9.03";"0.18";"778.74";"9.31"
"Sterling MS";"Aug 6, 2026, 00:00:00";"49";"8.92";"0.19";"688.25";"9.64"
"Sterling MS";"Aug 5, 2026, 23:00:00";"44";"8.11";"0.18";"573.37";"9.48"
"Sterling MS";"Aug 5, 2026, 22:00:00";"35";"8.01";"0.2";"509.28";"8.5"
"Sterling MS";"Aug 5, 2026, 21:00:00";"22";"6.65";"0.21";"485.25";"4.96"
"Sterling MS";"Aug 5, 2026, 20:00:00";"17";"4.78";"0.18";"426.75";"4.15"
"Sterling MS";"Aug 5, 2026, 19:00:00";"11";"3.57";"0.18";"431.87";"1.92"
"Sterling MS";"Aug 5, 2026, 18:00:00";"11";"1.67";"0.15";"452.24";"1.64"
"Sterling MS";"Aug 5, 2026, 17:00:00";"12";"1.98";"0.18";"599.29";"1.9"
"Sterling MS";"Aug 5, 2026, 16:00:00";"14";"3.08";"0.17";"778.09";"2.05"
"Sterling MS";"Aug 5, 2026, 15:00:00";"16";"12.18";"0.19";"1109.26";"3.02"
"Sterling MS";"Aug 5, 2026, 14:00:00";"15";"9.64";"0.13";"936.01";"2.16"
"Sterling MS";"Aug 5, 2026, 13:00:00";"18";"7.09";"0.14";"1008";"2.83"
"Sterling MS";"Aug 5, 2026, 12:00:00";"20";"5.25";"0.12";"960.76";"4.34"
"Sterling MS";"Aug 5, 2026, 11:00:00";"16";"3.35";"0.15";"1022.93";"2.73"
"Sterling MS";"Aug 5, 2026, 10:00:00";"17";"7.46";"0.15";"1287.77";"2.03"
"Sterling MS";"Aug 5, 2026, 09:00:00";"22";"8.5";"0.14";"1262.92";"2.6"
"Sterling MS";"Aug 5, 2026, 08:00:00";"29";"9.97";"0.15";"1243.7";"4.17"
"Sterling MS";"Aug 5, 2026, 07:00:00";"36";"9.3";"0.15";"1179.31";"6.99"
"Sterling MS";"Aug 5, 2026, 06:00:00";"33";"9.18";"0.15";"1065.33";"7.04"
"Sterling MS";"Aug 5, 2026, 05:00:00";"25";"9.55";"0.14";"964.24";"5.32"
"Sterling MS";"Aug 5, 2026, 04:00:00";"21";"10.24";"0.14";"813.52";"4.77"
"Sterling MS";"Aug 5, 2026, 03:00:00";"18";"10.13";"0.15";"569.7";"3.3"
"Sterling MS";"Aug 5, 2026, 02:00:00";"18";"9.37";"0.15";"482.66";"2.99"
"Sterling MS";"Aug 5, 2026, 01:00:00";"18";"9.02";"0.15";"434.41";"3.08"
"Sterling MS";"Aug 5, 2026, 00:00:00";"19";"9.91";"0.18";"416.37";"3.03"
"Sterling MS";"Aug 4, 2026, 23:00:00";"20";"10.47";"0.21";"381.98";"3.02"
"Sterling MS";"Aug 4, 2026, 22:00:00";"22";"10.88";"0.23";"325.39";"3.18"
"Sterling MS";"Aug 4, 2026, 21:00:00";"23";"11.55";"0.24";"261.08";"3.92"
"Sterling MS";"Aug 4, 2026, 20:00:00";"24";"11.42";"0.26";"193.15";"4.36"
"Sterling MS";"Aug 4, 2026, 19:00:00";"24";"9.78";"0.24";"122.63";"4.42"
"Sterling MS";"Aug 4, 2026, 18:00:00";"23";"8.32";"0.23";"90.22";"4.22"
"Sterling MS";"Aug 4, 2026, 17:00:00";"23";"5.11";"0.23";"82.62";"4.17"
"Sterling MS";"Aug 4, 2026, 16:00:00";"23";"3.64";"0.26";"96.63";"4.04"
"Sterling MS";"Aug 4, 2026, 15:00:00";"22";"2.95";"0.24";"100.75";"4.5"
"Sterling MS";"Aug 4, 2026, 14:00:00";"21";"3.41";"0.22";"100.1";"4.25"
"Sterling MS";"Aug 4, 2026, 13:00:00";"20";"0.98";"0.17";"84.68";"3.78"
"Sterling MS";"Aug 4, 2026, 12:00:00";"19";"1.14";"0.14";"101.31";"3.47"
"Sterling MS";"Aug 4, 2026, 11:00:00";"19";"1.68";"0.14";"140.34";"3.39"
"Sterling MS";"Aug 4, 2026, 10:00:00";"19";"5.72";"0.15";"228.87";"3.06"
"Sterling MS";"Aug 4, 2026, 09:00:00";"19";"8.67";"0.16";"348.43";"3.27"
"Sterling MS";"Aug 4, 2026, 08:00:00";"20";"10.69";"0.14";"425.9";"3.21"
"Sterling MS";"Aug 4, 2026, 07:00:00";"21";"10.71";"0.13";"405.84";"3.8"
"Sterling MS";"Aug 4, 2026, 06:00:00";"21";"9.86";"0.1";"388.45";"3.4"
"Sterling MS";"Aug 4, 2026, 05:00:00";"22";"9.18";"0.09";"346.74";"3.86"
"Sterling MS";"Aug 4, 2026, 04:00:00";"22";"8.79";"0.09";"294.38";"3.96"
"Sterling MS";"Aug 4, 2026, 03:00:00";"22";"9.66";"0.11";"265.21";"3.94"
"Sterling MS";"Aug 4, 2026, 02:00:00";"22";"9.68";"0.12";"255.04";"3.93"
"Sterling MS";"Aug 4, 2026, 01:00:00";"23";"9.84";"0.13";"207.29";"3.84"
"Sterling MS";"Aug 4, 2026, 00:00:00";"24";"9.95";"0.14";"161.5";"3.99"
"Sterling MS";"Aug 3, 2026, 23:00:00";"25";"9.95";"0.16";"148.7";"4.01"
"Sterling MS";"Aug 3, 2026, 22:00:00";"27";"10.62";"0.19";"143.19";"4.9"
"Sterling MS";"Aug 3, 2026, 21:00:00";"27";"9.8";"0.18";"115.6";"5.58"
"Sterling MS";"Aug 3, 2026, 20:00:00";"22";"8.46";"0.17";"100.47";"5.04"
"Sterling MS";"Aug 3, 2026, 19:00:00";"17";"7.65";"0.15";"84.51";"3.61"
"Sterling MS";"Aug 3, 2026, 18:00:00";"13";"4.3";"0.12";"65.23";"2.53"
"Sterling MS";"Aug 3, 2026, 17:00:00";"11";"2.49";"0.13";"93.21";"1.25"
"Sterling MS";"Aug 3, 2026, 16:00:00";"14";"1.19";"0.14";"164.18";"1.01"
"Sterling MS";"Aug 3, 2026, 15:00:00";"23";"1.13";"0.17";"232.43";"2.23"
"Sterling MS";"Aug 3, 2026, 14:00:00";"34";"2.24";"0.16";"290.14";"5.07"
"Sterling MS";"Aug 3, 2026, 13:00:00";"40";"3.67";"0.13";"314.45";"6.05"
"Sterling MS";"Aug 3, 2026, 12:00:00";"46";"0.81";"0.13";"435.19";"7.84"
"Sterling MS";"Aug 3, 2026, 11:00:00";"49";"1.57";"0.14";"669.23";"8.37"
"Sterling MS";"Aug 3, 2026, 10:00:00";"50";"4.77";"0.18";"1083";"9.66"
"Sterling MS";"Aug 3, 2026, 09:00:00";"47";"8.85";"0.17";"1292.44";"9.04"
"Sterling MS";"Aug 3, 2026, 08:00:00";"44";"9.52";"0.16";"1342.99";"8.56"
"Sterling MS";"Aug 3, 2026, 07:00:00";"41";"10.18";"0.14";"1349.94";"7.96"
"Sterling MS";"Aug 3, 2026, 06:00:00";"37";"10.03";"0.12";"1339.55";"7.83"
"Sterling MS";"Aug 3, 2026, 05:00:00";"31";"10.38";"0.09";"1300.56";"6.32"
"Sterling MS";"Aug 3, 2026, 04:00:00";"27";"10.81";"0.09";"1275.72";"4.4"
"Sterling MS";"Aug 3, 2026, 03:00:00";"28";"10.42";"0.09";"1273.58";"4.72"
"Sterling MS";"Aug 3, 2026, 02:00:00";"30";"11.21";"0.1";"1301.42";"5.64"
"Sterling MS";"Aug 3, 2026, 01:00:00";"29";"11.37";"0.09";"1268.39";"5.32"
"Sterling MS";"Aug 3, 2026, 00:00:00";"27";"12.41";"0.09";"1215.91";"4.73"
"Sterling MS";"Aug 2, 2026, 23:00:00";"28";"13.17";"0.1";"1176.12";"4.56"
"Sterling MS";"Aug 2, 2026, 22:00:00";"31";"13.49";"0.12";"1150.52";"4.14"
"Sterling MS";"Aug 2, 2026, 21:00:00";"39";"12.51";"0.14";"1161.17";"6.23"
"Sterling MS";"Aug 2, 2026, 20:00:00";"42";"11.09";"0.14";"1132.39";"8.41"
"Sterling MS";"Aug 2, 2026, 19:00:00";"38";"11.11";"0.16";"1135.65";"6.65"
"Sterling MS";"Aug 2, 2026, 18:00:00";"39";"11.91";"0.15";"1166.19";"6.63"
"Sterling MS";"Aug 2, 2026, 17:00:00";"40";"11.39";"0.15";"1003.46";"6.77"
"Sterling MS";"Aug 2, 2026, 16:00:00";"42";"6.8";"0.15";"736.02";"7.04"
"Sterling MS";"Aug 2, 2026, 15:00:00";"44";"9.06";"0.19";"943.03";"6.73"
"Sterling MS";"Aug 2, 2026, 14:00:00";"49";"12.22";"0.16";"1012.03";"8.98"
"Sterling MS";"Aug 2, 2026, 13:00:00";"49";"11.03";"0.21";"1093.63";"9.45"
"Sterling MS";"Aug 2, 2026, 12:00:00";"45";"12.36";"0.18";"1025.54";"9.33"
"Sterling MS";"Aug 2, 2026, 11:00:00";"39";"12.56";"0.17";"884.98";"7.86"
"Sterling MS";"Aug 2, 2026, 10:00:00";"34";"11.82";"0.16";"762.75";"6.95"
"Sterling MS";"Aug 2, 2026, 09:00:00";"30";"11.64";"0.15";"631.69";"5.77"
"Sterling MS";"Aug 2, 2026, 08:00:00";"29";"12.27";"0.14";"597.05";"5.19"
"Sterling MS";"Aug 2, 2026, 07:00:00";"28";"11.77";"0.12";"493.59";"5.06"
"Sterling MS";"Aug 2, 2026, 06:00:00";"28";"11.03";"0.12";"426.63";"4.83"
"Sterling MS";"Aug 2, 2026, 05:00:00";"29";"10.81";"0.12";"378.61";"4.89"
"Sterling MS";"Aug 2, 2026, 04:00:00";"32";"11.03";"0.12";"341.14";"5.06"
"Sterling MS";"Aug 2, 2026, 03:00:00";"35";"10.35";"0.12";"315.24";"5.4"
"Sterling MS";"Aug 2, 2026, 02:00:00";"39";"10.01";"0.13";"296.93";"5.53"
"Sterling MS";"Aug 2, 2026, 01:00:00";"48";"9.53";"0.14";"279.04";"6.73"
"Sterling MS";"Aug 2, 2026, 00:00:00";"54";"9.88";"0.19";"323.17";"9.1"
"Sterling MS";"Aug 1, 2026, 23:00:00";"57";"11.11";"0.21";"347.22";"10.4"
"Sterling MS";"Aug 1, 2026, 22:00:00";"60";"10.66";"0.22";"272.13";"12.75"
"Sterling MS";"Aug 1, 2026, 21:00:00";"62";"10.82";"0.24";"231.57";"14.2"
"Sterling MS";"Aug 1, 2026, 20:00:00";"63";"10.94";"0.25";"193.53";"16.26"
"Sterling MS";"Aug 1, 2026, 19:00:00";"61";"10.47";"0.26";"161.81";"15.86"
"Sterling MS";"Aug 1, 2026, 18:00:00";"57";"10.76";"0.26";"138.57";"14.04"
"Sterling MS";"Aug 1, 2026, 17:00:00";"54";"9.93";"0.23";"103.64";"10.9"
"Sterling MS";"Aug 1, 2026, 16:00:00";"52";"9.62";"0.22";"96.38";"10.64"
"Sterling MS";"Aug 1, 2026, 15:00:00";"48";"6.57";"0.18";"74.77";"9.01"
"Sterling MS";"Aug 1, 2026, 14:00:00";"46";"6.8";"0.19";"106.49";"8.9"
"Sterling MS";"Aug 1, 2026, 13:00:00";"43";"6.25";"0.18";"104.58";"7.66"
"Sterling MS";"Aug 1, 2026, 12:00:00";"43";"7.11";"0.17";"122.63";"8.37"
"Sterling MS";"Aug 1, 2026, 11:00:00";"39";"3.7";"0.19";"168.79";"7.9"
"Sterling MS";"Aug 1, 2026, 10:00:00";"34";"7.8";"0.22";"246.37";"7.22"
"Sterling MS";"Aug 1, 2026, 09:00:00";"29";"11.23";"0.22";"314.87";"5.83"
"Sterling MS";"Aug 1, 2026, 08:00:00";"25";"14.52";"0.21";"338.16";"4.71"
"Sterling MS";"Aug 1, 2026, 07:00:00";"24";"14.26";"0.16";"292.53";"4.15"
"Sterling MS";"Aug 1, 2026, 06:00:00";"25";"13.86";"0.15";"240.48";"4.29"
"Sterling MS";"Aug 1, 2026, 05:00:00";"25";"12.73";"0.14";"204.01";"3.96"
"Sterling MS";"Aug 1, 2026, 04:00:00";"29";"12.46";"0.17";"185.63";"4.85"
"Sterling MS";"Aug 1, 2026, 03:00:00";"30";"13.03";"0.19";"180.83";"5.15"
"Sterling MS";"Aug 1, 2026, 02:00:00";"32";"15.47";"0.17";"132.9";"4.87"
"Sterling MS";"Aug 1, 2026, 01:00:00";"37";"19.35";"0.2";"111.15";"5.31"
"Sterling MS";"Aug 1, 2026, 00:00:00";"44";"16.76";"0.24";"106.34";"6.49"
"Sterling MS";"Jul 31, 2026, 23:00:00";"48";"16.84";"0.34";"115.74";"7.88"
"Sterling MS";"Jul 31, 2026, 22:00:00";"49";"16.64";"0.45";"100.86";"8.93"
"Sterling MS";"Jul 31, 2026, 21:00:00";"49";"11.55";"0.24";"70.17";"9.07"
"Sterling MS";"Jul 31, 2026, 20:00:00";"48";"7.81";"0.2";"52.35";"8.5"
"Sterling MS";"Jul 31, 2026, 19:00:00";"49";"5.69";"0.19";"45.73";"8.67"
"Sterling MS";"Jul 31, 2026, 18:00:00";"49";"5.99";"0.2";"45.86";"8.98"
"Sterling MS";"Jul 31, 2026, 17:00:00";"49";"7.54";"0.17";"47.06";"9.03"
"Sterling MS";"Jul 31, 2026, 16:00:00";"48";"5.84";"0.18";"50.41";"8.95"
"Sterling MS";"Jul 31, 2026, 15:00:00";"46";"4.05";"0.17";"51.54";"8.82"
"Sterling MS";"Jul 31, 2026, 14:00:00";"43";"2.1";"0.15";"55.64";"8.29"
"Sterling MS";"Jul 31, 2026, 13:00:00";"39";"4.86";"0.13";"80.28";"7.74"
"Sterling MS";"Jul 31, 2026, 12:00:00";"34";"0.94";"0.15";"106.76";"6.61"
"Sterling MS";"Jul 31, 2026, 11:00:00";"32";"3.51";"0.15";"133.23";"6.39"
"Sterling MS";"Jul 31, 2026, 10:00:00";"28";"5.18";"0.15";"155.27";"5.86"
"Sterling MS";"Jul 31, 2026, 09:00:00";"22";"9.77";"0.19";"192.65";"4.62"
"Sterling MS";"Jul 31, 2026, 08:00:00";"19";"13.47";"0.16";"223.02";"3.55"
"Sterling MS";"Jul 31, 2026, 07:00:00";"18";"12.74";"0.13";"227.92";"3.07"
"Sterling MS";"Jul 31, 2026, 06:00:00";"19";"10.61";"0.1";"195.89";"3.57"
"Sterling MS";"Jul 31, 2026, 05:00:00";"18";"9.63";"0.09";"180.36";"3.73"
"Sterling MS";"Jul 31, 2026, 04:00:00";"18";"9.16";"0.12";"189.89";"3.11"
"Sterling MS";"Jul 31, 2026, 03:00:00";"18";"8.12";"0.11";"140.42";"3.06"
"Sterling MS";"Jul 31, 2026, 02:00:00";"18";"8.54";"0.14";"126.39";"2.88"
"Sterling MS";"Jul 31, 2026, 01:00:00";"18";"8.74";"0.14";"110.9";"3.13"
"Sterling MS";"Jul 31, 2026, 00:00:00";"18";"8.98";"0.14";"105.04";"3.14"
"Sterling MS";"Jul 30, 2026, 23:00:00";"18";"8.94";"0.15";"96.16";"3.26"
"Sterling MS";"Jul 30, 2026, 22:00:00";"18";"8.91";"0.15";"92.42";"3.22"
"Sterling MS";"Jul 30, 2026, 21:00:00";"18";"8.48";"0.15";"88.64";"3.14"
"Sterling MS";"Jul 30, 2026, 20:00:00";"19";"7.99";"0.16";"82.02";"3.23"
"Sterling MS";"Jul 30, 2026, 19:00:00";"19";"7.93";"0.17";"77.27";"3.23"
"Sterling MS";"Jul 30, 2026, 18:00:00";"19";"7.68";"0.16";"67.49";"3.11"
"Sterling MS";"Jul 30, 2026, 17:00:00";"20";"6.54";"0.15";"61.32";"3.35"
"Sterling MS";"Jul 30, 2026, 16:00:00";"20";"4.99";"0.15";"63.51";"3.37"
"Sterling MS";"Jul 30, 2026, 15:00:00";"21";"4.34";"0.14";"64";"3.65"
"Sterling MS";"Jul 30, 2026, 14:00:00";"21";"4.91";"0.12";"60.78";"3.62"
"Sterling MS";"Jul 30, 2026, 13:00:00";"22";"4.19";"0.13";"61.77";"3.71"
"Sterling MS";"Jul 30, 2026, 12:00:00";"23";"4.38";"0.12";"63.52";"4.14"
"Sterling MS";"Jul 30, 2026, 11:00:00";"22";"6.38";"0.11";"73.55";"4.07"
"Sterling MS";"Jul 30, 2026, 10:00:00";"22";"8.65";"0.16";"82.74";"4.16"
"Sterling MS";"Jul 30, 2026, 09:00:00";"19";"9.5";"0.13";"109.07";"3.53"
"Sterling MS";"Jul 30, 2026, 08:00:00";"19";"10.7";"0.08";"124.67";"3.3"
"Sterling MS";"Jul 30, 2026, 07:00:00";"20";"10.02";"0.06";"121.38";"3.22"
"Sterling MS";"Jul 30, 2026, 06:00:00";"22";"9.57";"0.07";"127.25";"3.29"
"Sterling MS";"Jul 30, 2026, 05:00:00";"25";"9.7";"0.08";"141.39";"4.03"
"Sterling MS";"Jul 30, 2026, 04:00:00";"28";"9.72";"0.08";"142.14";"4.46"
"Sterling MS";"Jul 30, 2026, 03:00:00";"31";"9.8";"0.08";"135.82";"5.05"
"Sterling MS";"Jul 30, 2026, 02:00:00";"34";"10.21";"0.1";"137.96";"5.66"
"Sterling MS";"Jul 30, 2026, 01:00:00";"37";"10.58";"0.11";"136.66";"6.3"
"Sterling MS";"Jul 30, 2026, 00:00:00";"39";"10.86";"0.12";"134.17";"6.81"
"Sterling MS";"Jul 29, 2026, 23:00:00";"39";"10.74";"0.13";"123.81";"6.3"
"Sterling MS";"Jul 29, 2026, 22:00:00";"42";"10.11";"0.14";"112.56";"6.72"
"Sterling MS";"Jul 29, 2026, 21:00:00";"48";"10.52";"0.14";"109.39";"8"
"Sterling MS";"Jul 29, 2026, 20:00:00";"50";"10.29";"0.15";"103.14";"8.18"
"Sterling MS";"Jul 29, 2026, 19:00:00";"53";"10.59";"0.15";"95.71";"8.56"
"Sterling MS";"Jul 29, 2026, 18:00:00";"54";"9.1";"0.15";"84.95";"10.16"
"Sterling MS";"Jul 29, 2026, 17:00:00";"54";"8.94";"0.16";"85.25";"10.19"
"Sterling MS";"Jul 29, 2026, 16:00:00";"55";"7.63";"0.14";"80.3";"10.82"
"Sterling MS";"Jul 29, 2026, 15:00:00";"55";"8.29";"0.14";"85.6";"11.32"
"Sterling MS";"Jul 29, 2026, 14:00:00";"54";"5.33";"0.11";"80.13";"9.37"
"Sterling MS";"Jul 29, 2026, 13:00:00";"56";"5.68";"0.09";"96.62";"10.3"
"Sterling MS";"Jul 29, 2026, 12:00:00";"58";"5.73";"0.09";"128.71";"12.94"
"Sterling MS";"Jul 29, 2026, 11:00:00";"58";"6.41";"0.1";"210.39";"13.66"
"Sterling MS";"Jul 29, 2026, 10:00:00";"57";"7.95";"0.14";"348.18";"12.57"
"Sterling MS";"Jul 29, 2026, 09:00:00";"55";"9.65";"0.14";"544.47";"12.08"
"Sterling MS";"Jul 29, 2026, 08:00:00";"53";"11.99";"0.13";"662.58";"11.54"
"Sterling MS";"Jul 29, 2026, 07:00:00";"48";"12";"0.11";"689.47";"10.04"
"Sterling MS";"Jul 29, 2026, 06:00:00";"40";"10.97";"0.09";"711.46";"8.49"
"Sterling MS";"Jul 29, 2026, 05:00:00";"32";"10.33";"0.08";"738.25";"6.74"
"Sterling MS";"Jul 29, 2026, 04:00:00";"27";"10.55";"0.08";"762.53";"5.36"
"Sterling MS";"Jul 29, 2026, 03:00:00";"24";"11.04";"0.08";"782.99";"4.02"
"Sterling MS";"Jul 29, 2026, 02:00:00";"26";"10.14";"0.09";"816.76";"4.38"
"Sterling MS";"Jul 29, 2026, 01:00:00";"28";"10.9";"0.11";"865.98";"5.17"
"Sterling MS";"Jul 29, 2026, 00:00:00";"27";"11.85";"0.1";"810.11";"4.35"
"Sterling MS";"Jul 28, 2026, 23:00:00";"29";"11.6";"0.11";"752.39";"4.3"
"Sterling MS";"Jul 28, 2026, 22:00:00";"34";"12.85";"0.14";"718.01";"5.4"
"Sterling MS";"Jul 28, 2026, 21:00:00";"37";"13.76";"0.17";"626.71";"5.56"
"Sterling MS";"Jul 28, 2026, 20:00:00";"43";"16.34";"0.18";"604.05";"5.05"
"Sterling MS";"Jul 28, 2026, 19:00:00";"54";"14.67";"0.12";"475.11";"6.81"
"Sterling MS";"Jul 28, 2026, 18:00:00";"60";"9.37";"0.14";"237.15";"10.3"
"Sterling MS";"Jul 28, 2026, 17:00:00";"67";"6.43";"0.19";"257.63";"15.3"
"Sterling MS";"Jul 28, 2026, 16:00:00";"71";"6.43";"0.21";"306.9";"17.04"
"Sterling MS";"Jul 28, 2026, 15:00:00";"75";"1.72";"0.21";"261.07";"22.79"
"Sterling MS";"Jul 28, 2026, 14:00:00";"73";"1.4";"0.23";"295.85";"23.08"
"Sterling MS";"Jul 28, 2026, 13:00:00";"68";"2.64";"0.27";"373.92";"20.95"
"Sterling MS";"Jul 28, 2026, 12:00:00";"64";"8.14";"0.24";"430.92";"17.18"
"Sterling MS";"Jul 28, 2026, 11:00:00";"62";"9.85";"0.23";"440.05";"16.29"
"Sterling MS";"Jul 28, 2026, 10:00:00";"61";"11.59";"0.24";"438.13";"16.23"
"Sterling MS";"Jul 28, 2026, 09:00:00";"60";"10.44";"0.25";"496.18";"15.45"
"Sterling MS";"Jul 28, 2026, 08:00:00";"59";"12.84";"0.24";"532.3";"14.2"
"Sterling MS";"Jul 28, 2026, 07:00:00";"58";"12.44";"0.22";"492.15";"13.52"
"Sterling MS";"Jul 28, 2026, 06:00:00";"58";"11.21";"0.2";"447.39";"12.73"
"Sterling MS";"Jul 28, 2026, 05:00:00";"58";"10.47";"0.18";"390.18";"12.54"
"Sterling MS";"Jul 28, 2026, 04:00:00";"58";"11.01";"0.18";"363.56";"12.7"
"Sterling MS";"Jul 28, 2026, 03:00:00";"58";"11.44";"0.19";"326.6";"12.63"
"Sterling MS";"Jul 28, 2026, 02:00:00";"58";"11.82";"0.2";"309.57";"12.44"
"Sterling MS";"Jul 28, 2026, 01:00:00";"58";"15.98";"0.23";"264.59";"12.41"
"Sterling MS";"Jul 28, 2026, 00:00:00";"58";"18.22";"0.26";"212.36";"12"
"Sterling MS";"Jul 27, 2026, 23:00:00";"59";"16.72";"0.27";"166.5";"12.58"
"Sterling MS";"Jul 27, 2026, 22:00:00";"60";"14.85";"0.28";"140.16";"13.6"
"Sterling MS";"Jul 27, 2026, 21:00:00";"60";"14.04";"0.26";"106.56";"14.61"
"Sterling MS";"Jul 27, 2026, 20:00:00";"58";"8.92";"0.19";"85.52";"13.32"
"Sterling MS";"Jul 27, 2026, 19:00:00";"58";"6.18";"0.2";"94.96";"12.16"
"Sterling MS";"Jul 27, 2026, 18:00:00";"58";"7.24";"0.19";"91.37";"12.65"
"Sterling MS";"Jul 27, 2026, 17:00:00";"58";"4.22";"0.18";"85.09";"12.62"
"Sterling MS";"Jul 27, 2026, 16:00:00";"58";"4.27";"0.18";"94.71";"13.19"
"Sterling MS";"Jul 27, 2026, 15:00:00";"57";"5.25";"0.16";"100.14";"14.63"
"Sterling MS";"Jul 27, 2026, 14:00:00";"53";"3.1";"0.16";"120.28";"10.63"
"Sterling MS";"Jul 27, 2026, 13:00:00";"52";"4.98";"0.13";"147.86";"9.22"
"Sterling MS";"Jul 27, 2026, 12:00:00";"52";"4.86";"0.12";"176.83";"9.21"
"Sterling MS";"Jul 27, 2026, 11:00:00";"52";"6.44";"0.14";"236.77";"9.37"
"Sterling MS";"Jul 27, 2026, 10:00:00";"51";"9.66";"0.15";"319.01";"8.94"
"Sterling MS";"Jul 27, 2026, 09:00:00";"52";"12.54";"0.19";"489.17";"8.2"
"Sterling MS";"Jul 27, 2026, 08:00:00";"54";"14.85";"0.2";"631.74";"9.1"
"Sterling MS";"Jul 27, 2026, 07:00:00";"56";"13.46";"0.13";"613.66";"9.71"
"Sterling MS";"Jul 27, 2026, 06:00:00";"60";"10.83";"0.11";"628.9";"13.92"
"Sterling MS";"Jul 27, 2026, 05:00:00";"58";"8.68";"0.1";"635.15";"15.82"
"Sterling MS";"Jul 27, 2026, 04:00:00";"53";"10.66";"0.13";"673.11";"10.24"
"Sterling MS";"Jul 27, 2026, 03:00:00";"53";"11.55";"0.12";"656.29";"12.56"
"Sterling MS";"Jul 27, 2026, 02:00:00";"39";"10.23";"0.12";"538.08";"6.59"
"Sterling MS";"Jul 27, 2026, 01:00:00";"40";"10.69";"0.14";"530.89";"6.13"
"Sterling MS";"Jul 27, 2026, 00:00:00";"47";"12.04";"0.17";"543.09";"7.2"
"Sterling MS";"Jul 26, 2026, 23:00:00";"50";"14.1";"0.2";"420.86";"9.56"
"Sterling MS";"Jul 26, 2026, 22:00:00";"48";"13.53";"0.2";"279.86";"7.31"
"Sterling MS";"Jul 26, 2026, 21:00:00";"53";"12.03";"0.21";"222.65";"10.94"
"Sterling MS";"Jul 26, 2026, 20:00:00";"48";"10.1";"0.18";"164.81";"8.8"
"Sterling MS";"Jul 26, 2026, 19:00:00";"46";"9.08";"0.15";"133.28";"8.53"
"Sterling MS";"Jul 26, 2026, 18:00:00";"45";"7.9";"0.13";"119.56";"8.37"
"Sterling MS";"Jul 26, 2026, 17:00:00";"43";"6.93";"0.12";"110.14";"7.82"
"Sterling MS";"Jul 26, 2026, 16:00:00";"43";"7.3";"0.13";"128.51";"7.88"
"Sterling MS";"Jul 26, 2026, 15:00:00";"42";"5.81";"0.1";"129.29";"7.83"
"Sterling MS";"Jul 26, 2026, 14:00:00";"39";"6.51";"0.09";"155.36";"7.36"
"Sterling MS";"Jul 26, 2026, 13:00:00";"38";"7.15";"0.1";"179.03";"7.7"
"Sterling MS";"Jul 26, 2026, 12:00:00";"33";"4.41";"0.11";"209.61";"6.97"
"Sterling MS";"Jul 26, 2026, 11:00:00";"25";"9.49";"0.1";"256.33";"5.42"
"Sterling MS";"Jul 26, 2026, 10:00:00";"22";"9.59";"0.1";"288.07";"4.49"
"Sterling MS";"Jul 26, 2026, 09:00:00";"20";"8.63";"0.12";"373.79";"3.63"
"Sterling MS";"Jul 26, 2026, 08:00:00";"20";"11.53";"0.1";"441.88";"3.35"
"Sterling MS";"Jul 26, 2026, 07:00:00";"22";"10.43";"0.08";"403.67";"4.13"
"Sterling MS";"Jul 26, 2026, 06:00:00";"22";"9.54";"0.05";"374.46";"4.11"
"Sterling MS";"Jul 26, 2026, 05:00:00";"20";"9.85";"0.06";"332.6";"3.63"
"Sterling MS";"Jul 26, 2026, 04:00:00";"20";"10.56";"0.07";"320.75";"3.43"
"Sterling MS";"Jul 26, 2026, 03:00:00";"20";"11.16";"0.1";"320.9";"3.55"
"Sterling MS";"Jul 26, 2026, 02:00:00";"21";"11.72";"0.11";"283.22";"3.5"
"Sterling MS";"Jul 26, 2026, 01:00:00";"23";"13.35";"0.13";"244.03";"3.56"
"Sterling MS";"Jul 26, 2026, 00:00:00";"25";"13.17";"0.14";"181.47";"3.66"
"Sterling MS";"Jul 25, 2026, 23:00:00";"29";"13.6";"0.15";"148.1";"4.48"
"Sterling MS";"Jul 25, 2026, 22:00:00";"32";"13.11";"0.14";"108.95";"5.66"
"Sterling MS";"Jul 25, 2026, 21:00:00";"33";"13.19";"0.12";"89.64";"6.7"
"Sterling MS";"Jul 25, 2026, 20:00:00";"28";"12.24";"0.11";"81.06";"5.06"
"Sterling MS";"Jul 25, 2026, 19:00:00";"28";"11.05";"0.11";"77.4";"5.46"
"Sterling MS";"Jul 25, 2026, 18:00:00";"26";"9.52";"0.11";"82.57";"5.03"
"Sterling MS";"Jul 25, 2026, 17:00:00";"24";"9.18";"0.1";"86.42";"4.49"
"Sterling MS";"Jul 25, 2026, 16:00:00";"23";"9";"0.13";"105.52";"4.48"
"Sterling MS";"Jul 25, 2026, 15:00:00";"21";"12.11";"0.09";"113.31";"3.61"
"Sterling MS";"Jul 25, 2026, 14:00:00";"21";"12";"0.04";"88.25";"3.7"
"Sterling MS";"Jul 25, 2026, 13:00:00";"22";"3.08";"0.09";"73.3";"4.28"
"Sterling MS";"Jul 25, 2026, 12:00:00";"19";"4.75";"0.06";"91.18";"3.93"
"Sterling MS";"Jul 25, 2026, 11:00:00";"18";"5.61";"0.08";"132.07";"3.83"
"Sterling MS";"Jul 25, 2026, 10:00:00";"15";"11.41";"0.07";"212.91";"2.81"
"Sterling MS";"Jul 25, 2026, 09:00:00";"14";"13.52";"0.06";"279.12";"2.34"
"Sterling MS";"Jul 25, 2026, 08:00:00";"15";"13.25";"0.04";"337.42";"2.3"
"Sterling MS";"Jul 25, 2026, 07:00:00";"17";"14.2";"0.03";"327.5";"2.87"
"Sterling MS";"Jul 25, 2026, 06:00:00";"17";"13.17";"0.02";"319.83";"3.04"
"Sterling MS";"Jul 25, 2026, 05:00:00";"16";"13.03";"0.04";"293.31";"2.69"
"Sterling MS";"Jul 25, 2026, 04:00:00";"17";"13.38";"0.04";"226";"2.97"
"Sterling MS";"Jul 25, 2026, 03:00:00";"17";"13.35";"0.04";"153.55";"2.98"
"Sterling MS";"Jul 25, 2026, 02:00:00";"17";"12.32";"0.07";"101.53";"2.99"
"Sterling MS";"Jul 25, 2026, 01:00:00";"17";"12.11";"0.07";"81.54";"2.68"
"Sterling MS";"Jul 25, 2026, 00:00:00";"19";"12.52";"0.08";"64.28";"2.84"
"Sterling MS";"Jul 24, 2026, 23:00:00";"20";"12.8";"0.09";"55.54";"2.95"
"Sterling MS";"Jul 24, 2026, 22:00:00";"22";"13.09";"0.1";"45.17";"3.68"
"Sterling MS";"Jul 24, 2026, 21:00:00";"22";"12.85";"0.09";"33.82";"4.33"
"Sterling MS";"Jul 24, 2026, 20:00:00";"22";"11.97";"0.12";"34.92";"4.19"
"Sterling MS";"Jul 24, 2026, 19:00:00";"21";"11.9";"0.13";"36.67";"3.99"
"Sterling MS";"Jul 24, 2026, 18:00:00";"20";"11.75";"0.12";"29.49";"3.79"
"Sterling MS";"Jul 24, 2026, 17:00:00";"19";"10.03";"0.1";"24.49";"3.42"
"Sterling MS";"Jul 24, 2026, 16:00:00";"19";"6.91";"0.09";"21.17";"3.23"
"Sterling MS";"Jul 24, 2026, 15:00:00";"19";"5.91";"0.09";"28.11";"3.15"
"Sterling MS";"Jul 24, 2026, 14:00:00";"20";"7.81";"0.08";"30.62";"3.43"
"Sterling MS";"Jul 24, 2026, 13:00:00";"21";"7.99";"0.08";"37.43";"3.46"
"Sterling MS";"Jul 24, 2026, 12:00:00";"23";"7.62";"0.09";"50.8";"4.39"
"Sterling MS";"Jul 24, 2026, 11:00:00";"22";"3.7";"0.09";"68.85";"3.62"
"Sterling MS";"Jul 24, 2026, 10:00:00";"23";"7.26";"0.21";"154.83";"4.48"
"Sterling MS";"Jul 24, 2026, 09:00:00";"21";"12.39";"0.21";"213.65";"4.94"
"Sterling MS";"Jul 24, 2026, 08:00:00";"14";"13.34";"0.16";"260.72";"2.52"
"Sterling MS";"Jul 24, 2026, 07:00:00";"14";"11.2";"0.1";"221.64";"2.35"
"Sterling MS";"Jul 24, 2026, 06:00:00";"15";"11.28";"0.05";"191.14";"2.83"
"Sterling MS";"Jul 24, 2026, 05:00:00";"14";"11.74";"0.03";"166.25";"1.93"
"Sterling MS";"Jul 24, 2026, 04:00:00";"16";"11.66";"0.04";"144.69";"2.65"
"Sterling MS";"Jul 24, 2026, 03:00:00";"18";"11.67";"0.08";"116.32";"2.78"
"Sterling MS";"Jul 24, 2026, 02:00:00";"20";"12.44";"0.11";"89.47";"3.21"
"Sterling MS";"Jul 24, 2026, 01:00:00";"21";"12.76";"0.13";"65.14";"3.38"
"Sterling MS";"Jul 24, 2026, 00:00:00";"23";"15.16";"0.17";"45.96";"4.17"
"Sterling MS";"Jul 23, 2026, 23:00:00";"23";"13.98";"0.12";"38.69";"3.5"
"Sterling MS";"Jul 23, 2026, 22:00:00";"25";"13.23";"0.11";"29.51";"5.66"
"Sterling MS";"Jul 23, 2026, 21:00:00";"19";"9.96";"0.06";"5.8";"3.95"
"Sterling MS";"Jul 23, 2026, 20:00:00";"17";"8.25";"0.08";"6.4";"3.03"
"Sterling MS";"Jul 23, 2026, 19:00:00";"17";"6.86";"0.08";"8.16";"3.15"
"Sterling MS";"Jul 23, 2026, 18:00:00";"17";"5.41";"0.08";"8.11";"3.02"
"Sterling MS";"Jul 23, 2026, 17:00:00";"17";"3.77";"0.08";"6.07";"3.07"
"Sterling MS";"Jul 23, 2026, 16:00:00";"17";"4.16";"0.06";"9.48";"3.02"
"Sterling MS";"Jul 23, 2026, 15:00:00";"17";"3.74";"0.05";"11.05";"3.03"
"Sterling MS";"Jul 23, 2026, 14:00:00";"16";"3.97";"0.05";"16.73";"3.03"
"Sterling MS";"Jul 23, 2026, 13:00:00";"15";"3.34";"0.04";"20.44";"2.98"
"Sterling MS";"Jul 23, 2026, 12:00:00";"14";"3.84";"0.04";"25.1";"2.4"
"Sterling MS";"Jul 23, 2026, 11:00:00";"14";"4.51";"0.06";"39.69";"2.56"
"Sterling MS";"Jul 23, 2026, 10:00:00";"13";"6.97";"0.05";"53.76";"2.41"
"Sterling MS";"Jul 23, 2026, 09:00:00";"12";"8.75";"0.04";"72.85";"2.12"
"Sterling MS";"Jul 23, 2026, 08:00:00";"13";"12.7";"0.03";"87.57";"1.62"
"Sterling MS";"Jul 23, 2026, 07:00:00";"16";"11.66";"0";"82.71";"2.84"
"Sterling MS";"Jul 23, 2026, 06:00:00";"15";"10.54";"0";"74.66";"1.94"
"Sterling MS";"Jul 23, 2026, 05:00:00";"20";"10.14";"0.01";"67.42";"2.94"
"Sterling MS";"Jul 23, 2026, 04:00:00";"24";"9.56";"0.01";"63.21";"3.47"
"Sterling MS";"Jul 23, 2026, 03:00:00";"28";"8.95";"0.03";"56.2";"4.65"
"Sterling MS";"Jul 23, 2026, 02:00:00";"31";"9.16";"0.04";"55.31";"5.02"
"Sterling MS";"Jul 23, 2026, 01:00:00";"34";"8.97";"0.05";"54.47";"5.83"
"Sterling MS";"Jul 23, 2026, 00:00:00";"35";"9.16";"0.06";"57.85";"5.72"
"Sterling MS";"Jul 22, 2026, 23:00:00";"38";"8.88";"0.09";"66.64";"5.91"
"Sterling MS";"Jul 22, 2026, 22:00:00";"42";"8.33";"0.12";"73.83";"6.79"
"Sterling MS";"Jul 22, 2026, 21:00:00";"47";"7.86";"0.13";"64.58";"7.93"
"Sterling MS";"Jul 22, 2026, 20:00:00";"49";"6.04";"0.12";"66.33";"7.79"
"Sterling MS";"Jul 22, 2026, 19:00:00";"53";"4.34";"0.13";"77.57";"8.97"
"Sterling MS";"Jul 22, 2026, 18:00:00";"54";"3.2";"0.13";"86.7";"9.74"
"Sterling MS";"Jul 22, 2026, 17:00:00";"55";"2.11";"0.11";"89.75";"10.74"
"Sterling MS";"Jul 22, 2026, 16:00:00";"56";"0.58";"0.12";"104.91";"11.09"
"Sterling MS";"Jul 22, 2026, 15:00:00";"57";"2.31";"0.12";"125.35";"11.54"
"Sterling MS";"Jul 22, 2026, 14:00:00";"57";"4.35";"0.08";"150.76";"12.1"
"Sterling MS";"Jul 22, 2026, 13:00:00";"58";"1.13";"0.08";"185.41";"12.13"
"Sterling MS";"Jul 22, 2026, 12:00:00";"58";"2.31";"0.08";"234.85";"13.9"
"Sterling MS";"Jul 22, 2026, 11:00:00";"56";"3.66";"0.08";"283.37";"14.72"
"Sterling MS";"Jul 22, 2026, 10:00:00";"45";"8.26";"0.11";"401.4";"11.36"
"Sterling MS";"Jul 22, 2026, 09:00:00";"28";"19.44";"0.16";"662.08";"6.62"
"Sterling MS";"Jul 22, 2026, 08:00:00";"19";"14.32";"0.15";"913.58";"3.52"
"Sterling MS";"Jul 22, 2026, 07:00:00";"18";"15.8";"0.13";"896.65";"2.89"
"Sterling MS";"Jul 22, 2026, 06:00:00";"19";"10.73";"0.04";"856.02";"3.6"
"Sterling MS";"Jul 22, 2026, 05:00:00";"18";"11.02";"0.02";"836.73";"3.34"
"Sterling MS";"Jul 22, 2026, 04:00:00";"17";"12.44";"0.27";"810.8";"3.15"
"Sterling MS";"Jul 22, 2026, 03:00:00";"15";"13.74";"0.16";"767.39";"2.66"
"Sterling MS";"Jul 22, 2026, 02:00:00";"16";"15.5";"0.08";"688.52";"3.06"
"Sterling MS";"Jul 22, 2026, 01:00:00";"16";"16.98";"0.17";"680.07";"2.42"
"Sterling MS";"Jul 22, 2026, 00:00:00";"16";"14.94";"0.12";"756.55";"1.8"
"Sterling MS";"Jul 21, 2026, 23:00:00";"22";"18.39";"0.21";"686.66";"2.96"
"Sterling MS";"Jul 21, 2026, 22:00:00";"27";"16.21";"0.3";"617.86";"3.78"
"Sterling MS";"Jul 21, 2026, 21:00:00";"33";"10.06";"0.04";"765.94";"4.67"
"Sterling MS";"Jul 21, 2026, 20:00:00";"41";"8.28";"0.08";"688.49";"6.76"
"Sterling MS";"Jul 21, 2026, 19:00:00";"42";"10.7";"0.13";"610.97";"6.41"
"Sterling MS";"Jul 21, 2026, 18:00:00";"48";"8.56";"0.12";"437.17";"8.33"
"Sterling MS";"Jul 21, 2026, 17:00:00";"48";"4.82";"0.09";"335.27";"8.62"
"Sterling MS";"Jul 21, 2026, 16:00:00";"49";"1.65";"0.09";"350.24";"9.21"
"Sterling MS";"Jul 21, 2026, 15:00:00";"46";"5.3";"0.07";"380.07";"8.5"
"Sterling MS";"Jul 21, 2026, 14:00:00";"45";"1.69";"0.06";"372.11";"8.05"
"Sterling MS";"Jul 21, 2026, 13:00:00";"45";"3.36";"0.08";"413.56";"7.25"
"Sterling MS";"Jul 21, 2026, 12:00:00";"49";"3.44";"0.07";"475.96";"7.53"
"Sterling MS";"Jul 21, 2026, 11:00:00";"53";"5.64";"0.1";"568.05";"9.06"
"Sterling MS";"Jul 21, 2026, 10:00:00";"55";"6.62";"0.15";"709.35";"10.33"
"Sterling MS";"Jul 21, 2026, 09:00:00";"56";"8.63";"0.13";"774.7";"10.5"
"Sterling MS";"Jul 21, 2026, 08:00:00";"58";"9.45";"0.19";"810.06";"11.87"
"Sterling MS";"Jul 21, 2026, 07:00:00";"60";"9.53";"0.2";"818.54";"12.51"
"Sterling MS";"Jul 21, 2026, 06:00:00";"62";"9.41";"0.22";"812.91";"12.93"
"Sterling MS";"Jul 21, 2026, 05:00:00";"65";"10.08";"0.26";"780.63";"14.63"
"Sterling MS";"Jul 21, 2026, 04:00:00";"69";"9.94";"0.31";"710.49";"16.85"
"Sterling MS";"Jul 21, 2026, 03:00:00";"73";"11.17";"0.37";"638.06";"19.25"
"Sterling MS";"Jul 21, 2026, 02:00:00";"75";"11.77";"0.41";"545.9";"20.19"
"Sterling MS";"Jul 21, 2026, 01:00:00";"76";"11.5";"0.42";"460.64";"20.7"
"Sterling MS";"Jul 21, 2026, 00:00:00";"78";"12.09";"0.44";"368.96";"21.09"
"Sterling MS";"Jul 20, 2026, 23:00:00";"79";"12.09";"0.4";"254.93";"20.98"
"Sterling MS";"Jul 20, 2026, 22:00:00";"82";"10.42";"0.36";"173.19";"21.58"
"Sterling MS";"Jul 20, 2026, 21:00:00";"84";"9.02";"0.34";"139.12";"23.7"
"Sterling MS";"Jul 20, 2026, 20:00:00";"87";"8.05";"0.34";"106.8";"28.78"
"Sterling MS";"Jul 20, 2026, 19:00:00";"87";"6.2";"0.32";"84.31";"29.23"
"Sterling MS";"Jul 20, 2026, 18:00:00";"85";"4.71";"0.3";"74.19";"27.43"
"Sterling MS";"Jul 20, 2026, 17:00:00";"85";"2.92";"0.29";"74.57";"27.54"
"Sterling MS";"Jul 20, 2026, 16:00:00";"85";"4.96";"0.28";"69.89";"27.77"
"Sterling MS";"Jul 20, 2026, 15:00:00";"84";"6.16";"0.25";"70.02";"27.72"
"Sterling MS";"Jul 20, 2026, 14:00:00";"81";"3.66";"0.23";"77.83";"26.68"
"Sterling MS";"Jul 20, 2026, 13:00:00";"78";"4.28";"0.16";"69.51";"25.16"
"Sterling MS";"Jul 20, 2026, 12:00:00";"74";"1.49";"0.15";"72.4";"22.72"
"Sterling MS";"Jul 20, 2026, 11:00:00";"71";"2.86";"0.17";"105.67";"21.39"
"Sterling MS";"Jul 20, 2026, 10:00:00";"68";"5.22";"0.19";"130.38";"20.59"
"Sterling MS";"Jul 20, 2026, 09:00:00";"65";"7.82";"0.21";"162.34";"18.84"
"Sterling MS";"Jul 20, 2026, 08:00:00";"60";"10.64";"0.26";"248.3";"14.99"
"Sterling MS";"Jul 20, 2026, 07:00:00";"57";"13.41";"0.31";"268.69";"12.1"
"Sterling MS";"Jul 20, 2026, 06:00:00";"57";"11.08";"0.25";"257.77";"11.52"
"Sterling MS";"Jul 20, 2026, 05:00:00";"58";"9.62";"0.24";"226.84";"11.92"
"Sterling MS";"Jul 20, 2026, 04:00:00";"60";"9.64";"0.21";"201.41";"12.29"
"Sterling MS";"Jul 20, 2026, 03:00:00";"63";"8.48";"0.22";"175.77";"13.78"
"Sterling MS";"Jul 20, 2026, 02:00:00";"66";"8.64";"0.24";"143.75";"15.29"
"Sterling MS";"Jul 20, 2026, 01:00:00";"69";"9.57";"0.31";"144.14";"16.28"
"Sterling MS";"Jul 20, 2026, 00:00:00";"73";"10.23";"0.37";"138.2";"18.52"
"Sterling MS";"Jul 19, 2026, 23:00:00";"78";"10.43";"0.42";"116.57";"20.12"
"Sterling MS";"Jul 19, 2026, 22:00:00";"84";"9.77";"0.43";"94.7";"22.72"
"Sterling MS";"Jul 19, 2026, 21:00:00";"92";"8.42";"0.45";"89.58";"27.74"
"Sterling MS";"Jul 19, 2026, 20:00:00";"98";"5.82";"0.44";"74.31";"31.91"
"Sterling MS";"Jul 19, 2026, 19:00:00";"102";"4.5";"0.47";"84.94";"32.64"
"Sterling MS";"Jul 19, 2026, 18:00:00";"110";"3.32";"0.53";"103.2";"34.96"
"Sterling MS";"Jul 19, 2026, 17:00:00";"120";"2.78";"0.53";"115.94";"40.49"
"Sterling MS";"Jul 19, 2026, 16:00:00";"127";"1.89";"0.53";"129.89";"43.99"
"Sterling MS";"Jul 19, 2026, 15:00:00";"131";"1.2";"0.53";"146.28";"47.85"
"Sterling MS";"Jul 19, 2026, 14:00:00";"131";"0.52";"0.53";"152.18";"51.27"
"Sterling MS";"Jul 19, 2026, 13:00:00";"121";"0.28";"0.48";"185.87";"51.19"
"Sterling MS";"Jul 19, 2026, 12:00:00";"103";"0";"0.42";"226.31";"47.08"
"Sterling MS";"Jul 19, 2026, 11:00:00";"81";"2.67";"0.24";"287.21";"33.63"
"Sterling MS";"Jul 19, 2026, 10:00:00";"66";"3.99";"0.16";"343.65";"23.44"
"Sterling MS";"Jul 19, 2026, 09:00:00";"54";"4.4";"0.09";"416.6";"15.14"
"Sterling MS";"Jul 19, 2026, 08:00:00";"31";"6.5";"0.05";"499.32";"5.42"
"Sterling MS";"Jul 19, 2026, 07:00:00";"32";"8.15";"0";"521.19";"5.47"
"Sterling MS";"Jul 19, 2026, 06:00:00";"32";"6.45";"0";"460.52";"5.96"
"Sterling MS";"Jul 19, 2026, 05:00:00";"32";"6.02";"0";"457.09";"5.22"
"Sterling MS";"Jul 19, 2026, 04:00:00";"34";"5.57";"0";"507.55";"4.72"
"Sterling MS";"Jul 19, 2026, 03:00:00";"41";"7.11";"0.01";"628.53";"5.44"
"Sterling MS";"Jul 19, 2026, 02:00:00";"52";"6.84";"0.04";"748.17";"7.52"
"Sterling MS";"Jul 19, 2026, 01:00:00";"55";"18.54";"0.16";"900.57";"10.44"
"Sterling MS";"Jul 19, 2026, 00:00:00";"57";"20.7";"0.24";"922.24";"11.92"
"Sterling MS";"Jul 18, 2026, 23:00:00";"57";"15.56";"0.2";"913.82";"11.95"
"Sterling MS";"Jul 18, 2026, 22:00:00";"57";"12.91";"0.18";"952.27";"12.02"
"Sterling MS";"Jul 18, 2026, 21:00:00";"57";"12.06";"0.2";"925.08";"11.93"
"Sterling MS";"Jul 18, 2026, 20:00:00";"58";"12.61";"0.21";"864.28";"11.18"
"Sterling MS";"Jul 18, 2026, 19:00:00";"61";"11.4";"0.17";"688.86";"9.16"
"Sterling MS";"Jul 18, 2026, 18:00:00";"71";"12.71";"0.14";"634.04";"8.63"
"Sterling MS";"Jul 18, 2026, 17:00:00";"91";"11.88";"0.08";"484.17";"15.79"
"Sterling MS";"Jul 18, 2026, 16:00:00";"124";"7.47";"0.11";"320.17";"26.25"
"Sterling MS";"Jul 18, 2026, 15:00:00";"156";"3.14";"0.19";"301.57";"57.93"
"Sterling MS";"Jul 18, 2026, 14:00:00";"158";"0";"0.35";"361.06";"69.75"
"Sterling MS";"Jul 18, 2026, 13:00:00";"156";"0";"0.4";"424.9";"72.97"
"Sterling MS";"Jul 18, 2026, 12:00:00";"150";"4.34";"0.49";"494.5";"64.45"
"Sterling MS";"Jul 18, 2026, 11:00:00";"142";"7.44";"0.46";"519.54";"55.96"
"Sterling MS";"Jul 18, 2026, 10:00:00";"138";"9.41";"0.44";"552.65";"50.38"
"Sterling MS";"Jul 18, 2026, 09:00:00";"136";"11.04";"0.45";"539.28";"47.98"
"Sterling MS";"Jul 18, 2026, 08:00:00";"134";"12.41";"0.46";"490.62";"47.16"
"Sterling MS";"Jul 18, 2026, 07:00:00";"138";"11.89";"0.45";"437.77";"47.56"
"Sterling MS";"Jul 18, 2026, 06:00:00";"145";"10.37";"0.44";"383.65";"50.15"
"Sterling MS";"Jul 18, 2026, 05:00:00";"152";"8.95";"0.49";"378.94";"54.19"
"Sterling MS";"Jul 18, 2026, 04:00:00";"153";"8.03";"0.53";"376.93";"54.48"
"Sterling MS";"Jul 18, 2026, 03:00:00";"155";"9.32";"0.6";"340.83";"56.53"
"Sterling MS";"Jul 18, 2026, 02:00:00";"158";"8.95";"0.62";"281.07";"58.4"
"Sterling MS";"Jul 18, 2026, 01:00:00";"161";"10.15";"0.67";"236.3";"63.88"
"Sterling MS";"Jul 18, 2026, 00:00:00";"163";"10.42";"0.7";"214.99";"62.15"
"Sterling MS";"Jul 17, 2026, 23:00:00";"166";"10.02";"0.72";"194.47";"62.53"
"Sterling MS";"Jul 17, 2026, 22:00:00";"172";"8.88";"0.75";"144.08";"70.72"
"Sterling MS";"Jul 17, 2026, 21:00:00";"176";"7.99";"0.76";"100.93";"88.46"
"Sterling MS";"Jul 17, 2026, 20:00:00";"176";"5.13";"0.69";"77.83";"92.44"
"Sterling MS";"Jul 17, 2026, 19:00:00";"176";"2.13";"0.64";"95.09";"90.42"
"Sterling MS";"Jul 17, 2026, 18:00:00";"176";"1.61";"0.62";"86.56";"89.19"
"Sterling MS";"Jul 17, 2026, 17:00:00";"177";"0.76";"0.59";"69.68";"90.15"
"Sterling MS";"Jul 17, 2026, 16:00:00";"177";"0.16";"0.56";"60.21";"90.19"
"Sterling MS";"Jul 17, 2026, 15:00:00";"177";"0.54";"0.51";"62.82";"92.2"
"Sterling MS";"Jul 17, 2026, 14:00:00";"176";"0.57";"0.47";"55.43";"89"
"Sterling MS";"Jul 17, 2026, 13:00:00";"177";"0.53";"0.44";"52.03";"88.9"
"Sterling MS";"Jul 17, 2026, 12:00:00";"179";"0.07";"0.41";"44.4";"85.64"
"Sterling MS";"Jul 17, 2026, 11:00:00";"184";"0";"0.52";"57.48";"91.41"
"Sterling MS";"Jul 17, 2026, 10:00:00";"189";"1.81";"0.77";"90.34";"104.05"
"Sterling MS";"Jul 17, 2026, 09:00:00";"192";"10.05";"1.12";"134.69";"120.87"
"Sterling MS";"Jul 17, 2026, 08:00:00";"187";"13.51";"1.19";"142.76";"108.45"
"Sterling MS";"Jul 17, 2026, 07:00:00";"185";"12.75";"1.15";"140.87";"99.99"
"Sterling MS";"Jul 17, 2026, 06:00:00";"187";"12.26";"1.15";"147.91";"94.98"
"Sterling MS";"Jul 17, 2026, 05:00:00";"196";"10.43";"1.16";"115.9";"105.34"
"Sterling MS";"Jul 17, 2026, 04:00:00";"208";"11.84";"1.3";"79.01";"136.44"
"Sterling MS";"Jul 17, 2026, 03:00:00";"203";"9.82";"1.46";"72.47";"149.53"
"Sterling MS";"Jul 17, 2026, 02:00:00";"186";"7.21";"1.04";"110.64";"127.3"
"Sterling MS";"Jul 17, 2026, 01:00:00";"170";"7.07";"0.75";"144.95";"96.54"
"Sterling MS";"Jul 17, 2026, 00:00:00";"159";"5.69";"0.66";"176.14";"91.11"
"Sterling MS";"Jul 16, 2026, 23:00:00";"114";"3.52";"0.39";"249.79";"50.15"
"Sterling MS";"Jul 16, 2026, 22:00:00";"92";"1.86";"0.34";"236.06";"45.67"
"Sterling MS";"Jul 16, 2026, 21:00:00";"67";"0.99";"0.23";"211.24";"15.68"
"Sterling MS";"Jul 16, 2026, 20:00:00";"67";"0";"0.22";"182.56";"15.73"
"Sterling MS";"Jul 16, 2026, 19:00:00";"69";"0.15";"0.36";"196.9";"19.16"
"Sterling MS";"Jul 16, 2026, 18:00:00";"68";"0";"0.26";"196.45";"19.44"
"Sterling MS";"Jul 16, 2026, 17:00:00";"67";"0";"0.26";"216.16";"17"
"Sterling MS";"Jul 16, 2026, 16:00:00";"67";"0";"0.27";"242.31";"16.61"
"Sterling MS";"Jul 16, 2026, 15:00:00";"68";"0";"0.27";"261.95";"18.22"
"Sterling MS";"Jul 16, 2026, 14:00:00";"67";"0";"0.24";"252.74";"18.31"
"Sterling MS";"Jul 16, 2026, 13:00:00";"66";"0";"0.23";"284.37";"16.9"
"Sterling MS";"Jul 16, 2026, 12:00:00";"66";"0";"0.22";"329.55";"18.18"
"Sterling MS";"Jul 16, 2026, 11:00:00";"65";"0.15";"0.19";"352.57";"18.44"
"Sterling MS";"Jul 16, 2026, 10:00:00";"61";"1.62";"0.18";"360.24";"15.85"
"Sterling MS";"Jul 16, 2026, 09:00:00";"60";"2.15";"0.18";"364.8";"16.65"
"Sterling MS";"Jul 16, 2026, 08:00:00";"57";"6.07";"0.17";"389.58";"12.79"
"Sterling MS";"Jul 16, 2026, 07:00:00";"56";"7.1";"0.14";"404.49";"11.66"
"Sterling MS";"Jul 16, 2026, 06:00:00";"56";"6.21";"0.13";"400.7";"11.28"
"Sterling MS";"Jul 16, 2026, 05:00:00";"57";"5.81";"0.13";"386.27";"12.58"
"Sterling MS";"Jul 16, 2026, 04:00:00";"56";"4.72";"0.14";"374.58";"12.49"
"Sterling MS";"Jul 16, 2026, 03:00:00";"56";"5.48";"0.14";"366.34";"12.36"
"Sterling MS";"Jul 16, 2026, 02:00:00";"56";"0.47";"0.15";"355.22";"11.07"
"Sterling MS";"Jul 16, 2026, 01:00:00";"56";"0.07";"0.17";"345";"11.25"
"Sterling MS";"Jul 16, 2026, 00:00:00";"56";"0";"0.19";"340.37";"12.23"
"Sterling MS";"Jul 15, 2026, 23:00:00";"56";"0.02";"0.22";"331.71";"11.43"
"Sterling MS";"Jul 15, 2026, 22:00:00";"56";"0.06";"0.24";"282.48";"10.69"
"Sterling MS";"Jul 15, 2026, 21:00:00";"56";"0";"0.22";"227.78";"11.28"
"Sterling MS";"Jul 15, 2026, 20:00:00";"57";"0";"0.23";"216.78";"11.79"
"Sterling MS";"Jul 15, 2026, 19:00:00";"56";"0";"0.26";"209.86";"11.18"
"Sterling MS";"Jul 15, 2026, 18:00:00";"56";"0";"0.26";"203.51";"11.3"
"Sterling MS";"Jul 15, 2026, 17:00:00";"56";"0";"0.26";"195.73";"11.39"
"Sterling MS";"Jul 15, 2026, 16:00:00";"57";"0";"0.25";"200.68";"11.76"
"Sterling MS";"Jul 15, 2026, 15:00:00";"58";"0";"0.23";"206.38";"12.03"
"Sterling MS";"Jul 15, 2026, 14:00:00";"59";"0";"0.21";"219.38";"12.57"
"Sterling MS";"Jul 15, 2026, 13:00:00";"59";"0";"0.19";"246.04";"13.38"
"Sterling MS";"Jul 15, 2026, 12:00:00";"59";"0";"0.19";"272.91";"14.05"
"Sterling MS";"Jul 15, 2026, 11:00:00";"57";"0";"0.16";"288.58";"13.14"
"Sterling MS";"Jul 15, 2026, 10:00:00";"55";"0";"0.14";"311.74";"12.72"
"Sterling MS";"Jul 15, 2026, 09:00:00";"52";"2";"0.2";"367.95";"11.56"
"Sterling MS";"Jul 15, 2026, 08:00:00";"43";"9.33";"0.23";"444.92";"8.88"
"Sterling MS";"Jul 15, 2026, 07:00:00";"41";"13.16";"0.22";"427.12";"7.36"
"Sterling MS";"Jul 15, 2026, 06:00:00";"41";"7.9";"0.16";"403.02";"7.12"
"Sterling MS";"Jul 15, 2026, 05:00:00";"42";"4.76";"0.12";"362.87";"6.9"
"Sterling MS";"Jul 15, 2026, 04:00:00";"44";"5.19";"0.14";"335.64";"7.42"
"Sterling MS";"Jul 15, 2026, 03:00:00";"44";"5.03";"0.12";"311.2";"7.45"
"Sterling MS";"Jul 15, 2026, 02:00:00";"45";"4.68";"0.14";"287.04";"7.38"
"Sterling MS";"Jul 15, 2026, 01:00:00";"47";"5.82";"0.14";"258.15";"7.61"
"Sterling MS";"Jul 15, 2026, 00:00:00";"48";"6.22";"0.16";"241.94";"8.11"
"Sterling MS";"Jul 14, 2026, 23:00:00";"49";"4.33";"0.18";"226.46";"8.09"
"Sterling MS";"Jul 14, 2026, 22:00:00";"51";"3.87";"0.21";"203.01";"8.6"
"Sterling MS";"Jul 14, 2026, 21:00:00";"52";"1.12";"0.2";"171.11";"8.69"
"Sterling MS";"Jul 14, 2026, 20:00:00";"52";"0.13";"0.2";"147.33";"9.31"
"Sterling MS";"Jul 14, 2026, 19:00:00";"52";"0";"0.18";"132.53";"9.04"
"Sterling MS";"Jul 14, 2026, 18:00:00";"52";"0";"0.19";"122.97";"9.22"
"Sterling MS";"Jul 14, 2026, 17:00:00";"52";"0";"0.2";"130.09";"9.16"
"Sterling MS";"Jul 14, 2026, 16:00:00";"52";"0";"0.21";"128.19";"9.5"
"Sterling MS";"Jul 14, 2026, 15:00:00";"53";"0";"0.2";"131.97";"9.7"
"Sterling MS";"Jul 14, 2026, 14:00:00";"53";"0";"0.19";"134.05";"10.22"
"Sterling MS";"Jul 14, 2026, 13:00:00";"52";"0";"0.18";"152.12";"9.72"
"Sterling MS";"Jul 14, 2026, 12:00:00";"51";"0";"0.15";"179.8";"8.95"
"Sterling MS";"Jul 14, 2026, 11:00:00";"52";"0";"0.15";"225.85";"10.04"
"Sterling MS";"Jul 14, 2026, 10:00:00";"48";"0.62";"0.16";"281.36";"10.05"
"Sterling MS";"Jul 14, 2026, 09:00:00";"40";"6.19";"0.21";"359.69";"8.76"
"Sterling MS";"Jul 14, 2026, 08:00:00";"33";"11.2";"0.23";"415.36";"6.28"
"Sterling MS";"Jul 14, 2026, 07:00:00";"30";"9.97";"0.16";"374.21";"5.59"
"Sterling MS";"Jul 14, 2026, 06:00:00";"30";"5.74";"0.1";"337.01";"5.34"
"Sterling MS";"Jul 14, 2026, 05:00:00";"30";"3.85";"0.07";"299.55";"5.26"
"Sterling MS";"Jul 14, 2026, 04:00:00";"32";"4.05";"0.07";"264.78";"5.36"
"Sterling MS";"Jul 14, 2026, 03:00:00";"33";"5.32";"0.08";"234.49";"5.69"
"Sterling MS";"Jul 14, 2026, 02:00:00";"34";"4.35";"0.09";"226.43";"5.5"
"Sterling MS";"Jul 14, 2026, 01:00:00";"37";"3.84";"0.11";"201.8";"5.78"
"Sterling MS";"Jul 14, 2026, 00:00:00";"40";"4.55";"0.14";"168.46";"5.87"
"Sterling MS";"Jul 13, 2026, 23:00:00";"44";"5.34";"0.18";"114.56";"6.31"
"Sterling MS";"Jul 13, 2026, 22:00:00";"48";"5.52";"0.21";"89.57";"9.56"
"Sterling MS";"Jul 13, 2026, 21:00:00";"46";"3.35";"0.2";"71.67";"8.8"
"Sterling MS";"Jul 13, 2026, 20:00:00";"46";"1.5";"0.18";"53.76";"9.09"
"Sterling MS";"Jul 13, 2026, 19:00:00";"43";"0.5";"0.15";"41.94";"7.98"
"Sterling MS";"Jul 13, 2026, 18:00:00";"42";"0";"0.14";"38.08";"7.56"
"Sterling MS";"Jul 13, 2026, 17:00:00";"42";"0";"0.13";"37.7";"7.23"
"Sterling MS";"Jul 13, 2026, 16:00:00";"43";"0";"0.14";"47.04";"7.57"
"Sterling MS";"Jul 13, 2026, 15:00:00";"43";"0";"0.12";"56.97";"7.82"
"Sterling MS";"Jul 13, 2026, 14:00:00";"42";"0";"0.12";"67.89";"8.12"
"Sterling MS";"Jul 13, 2026, 13:00:00";"39";"0";"0.08";"65.34";"7.58"
"Sterling MS";"Jul 13, 2026, 12:00:00";"37";"0";"0.08";"98.98";"7.03"
"Sterling MS";"Jul 13, 2026, 11:00:00";"35";"0";"0.1";"181.63";"7.49"
"Sterling MS";"Jul 13, 2026, 10:00:00";"32";"0";"0.09";"273.37";"6.71"
"Sterling MS";"Jul 13, 2026, 09:00:00";"29";"0.55";"0.17";"361.29";"5.52"
"Sterling MS";"Jul 13, 2026, 08:00:00";"29";"4.54";"0.15";"392.57";"4.89"
"Sterling MS";"Jul 13, 2026, 07:00:00";"29";"6.8";"0.15";"364.01";"4.9"
"Sterling MS";"Jul 13, 2026, 06:00:00";"31";"5.5";"0.11";"366.81";"5.37"
"Sterling MS";"Jul 13, 2026, 05:00:00";"32";"3.54";"0.08";"351.53";"5.24"
"Sterling MS";"Jul 13, 2026, 04:00:00";"34";"2.76";"0.13";"336.28";"5.94"
"Sterling MS";"Jul 13, 2026, 03:00:00";"34";"3.13";"0.07";"276.84";"5.71"
"Sterling MS";"Jul 13, 2026, 02:00:00";"35";"2.7";"0.08";"237.67";"5.77"
"Sterling MS";"Jul 13, 2026, 01:00:00";"38";"3.03";"0.05";"213.49";"5.82"
"Sterling MS";"Jul 13, 2026, 00:00:00";"43";"2.93";"0.08";"207.7";"6.98"
"Sterling MS";"Jul 12, 2026, 23:00:00";"45";"3.31";"0.1";"210.29";"7.33"
"Sterling MS";"Jul 12, 2026, 22:00:00";"48";"4.36";"0.14";"207.56";"8.3"
"Sterling MS";"Jul 12, 2026, 21:00:00";"48";"3.73";"0.12";"200.16";"7.71"
"Sterling MS";"Jul 12, 2026, 20:00:00";"50";"2.68";"0.12";"208.04";"8.26"
"Sterling MS";"Jul 12, 2026, 19:00:00";"50";"1.96";"0.13";"251.92";"8.66"
"Sterling MS";"Jul 12, 2026, 18:00:00";"50";"3.3";"0.14";"296";"8.31"
"Sterling MS";"Jul 12, 2026, 17:00:00";"52";"1.58";"0.13";"285.36";"9.37"
"Sterling MS";"Jul 12, 2026, 16:00:00";"53";"0";"0.13";"267.1";"9.96"
"Sterling MS";"Jul 12, 2026, 15:00:00";"53";"0";"0.14";"292.13";"10.16"
"Sterling MS";"Jul 12, 2026, 14:00:00";"53";"0";"0.14";"335.54";"10.01"
"Sterling MS";"Jul 12, 2026, 13:00:00";"52";"0";"0.13";"383.21";"9.64"
"Sterling MS";"Jul 12, 2026, 12:00:00";"52";"0";"0.12";"445.55";"9.28"
"Sterling MS";"Jul 12, 2026, 11:00:00";"52";"0.25";"0.13";"632.96";"8.63"
"Sterling MS";"Jul 12, 2026, 10:00:00";"54";"0.2";"0.11";"671.05";"9.16"
"Sterling MS";"Jul 12, 2026, 09:00:00";"57";"1.89";"0.12";"814.44";"9.42"
"Sterling MS";"Jul 12, 2026, 08:00:00";"61";"3.06";"0.11";"898.53";"12.22"
"Sterling MS";"Jul 12, 2026, 07:00:00";"64";"2.86";"0.1";"896";"14.97"
"Sterling MS";"Jul 12, 2026, 06:00:00";"66";"2.8";"0.09";"886.05";"17.1"
"Sterling MS";"Jul 12, 2026, 05:00:00";"65";"3.36";"0.1";"877.98";"16.4"
"Sterling MS";"Jul 12, 2026, 04:00:00";"65";"3.01";"0.1";"829.45";"18.33"
"Sterling MS";"Jul 12, 2026, 03:00:00";"62";"3.95";"0.1";"834.64";"15.9"
"Sterling MS";"Jul 12, 2026, 02:00:00";"61";"4.52";"0.19";"829.16";"13.28"
"Sterling MS";"Jul 12, 2026, 01:00:00";"62";"4.96";"0.19";"766.23";"15.64"
"Sterling MS";"Jul 12, 2026, 00:00:00";"61";"6.73";"0.23";"753.79";"16.97"
"Sterling MS";"Jul 11, 2026, 23:00:00";"57";"9.58";"0.26";"550.85";"13.78"
"Sterling MS";"Jul 11, 2026, 22:00:00";"55";"1.49";"0.25";"349.06";"9.94"
"Sterling MS";"Jul 11, 2026, 21:00:00";"56";"0.04";"0.25";"306.08";"11.67"
"Sterling MS";"Jul 11, 2026, 20:00:00";"55";"0";"0.25";"267.53";"11"
"Sterling MS";"Jul 11, 2026, 19:00:00";"56";"0";"0.23";"243.33";"10.59"
"Sterling MS";"Jul 11, 2026, 18:00:00";"57";"0";"0.22";"224.39";"11.33"
"Sterling MS";"Jul 11, 2026, 17:00:00";"58";"0";"0.23";"232.77";"12.36"
"Sterling MS";"Jul 11, 2026, 16:00:00";"59";"0";"0.22";"235.11";"12.54"
"Sterling MS";"Jul 11, 2026, 15:00:00";"60";"0";"0.2";"261.48";"14.57"
"Sterling MS";"Jul 11, 2026, 14:00:00";"59";"0";"0.2";"280.45";"14.24"
"Sterling MS";"Jul 11, 2026, 13:00:00";"56";"0";"0.2";"300.65";"13.41"
"Sterling MS";"Jul 11, 2026, 12:00:00";"53";"0";"0.17";"339.88";"12.56"
"Sterling MS";"Jul 11, 2026, 11:00:00";"43";"0";"0.17";"384.45";"8.88"
"Sterling MS";"Jul 11, 2026, 10:00:00";"37";"0";"0.19";"437.55";"7.41"
"Sterling MS";"Jul 11, 2026, 09:00:00";"33";"0.17";"0.19";"527.61";"6.43"
"Sterling MS";"Jul 11, 2026, 08:00:00";"30";"2.89";"0.18";"613.45";"5.24"
"Sterling MS";"Jul 11, 2026, 07:00:00";"30";"3.17";"0.16";"606.29";"4.74"
"Sterling MS";"Jul 11, 2026, 06:00:00";"34";"2.17";"0.13";"606.33";"5.24"
"Sterling MS";"Jul 11, 2026, 05:00:00";"39";"1.49";"0.15";"671.72";"6.71"
"Sterling MS";"Jul 11, 2026, 04:00:00";"41";"2.09";"0.16";"707.39";"6.35"
"Sterling MS";"Jul 11, 2026, 03:00:00";"47";"3.77";"0.22";"724.9";"6.98"
"Sterling MS";"Jul 11, 2026, 02:00:00";"53";"5.61";"0.26";"753.93";"9.16"
"Sterling MS";"Jul 11, 2026, 01:00:00";"54";"9.39";"0.31";"746.15";"11.46"
"Sterling MS";"Jul 11, 2026, 00:00:00";"52";"10.68";"0.27";"694.79";"11.1"
"Sterling MS";"Jul 10, 2026, 23:00:00";"43";"11.57";"0.27";"621.57";"8.12"
"Sterling MS";"Jul 10, 2026, 22:00:00";"40";"7.97";"0.28";"502.19";"6.45"
"Sterling MS";"Jul 10, 2026, 21:00:00";"45";"6.56";"0.26";"491.58";"6.08"
"Sterling MS";"Jul 10, 2026, 20:00:00";"53";"6.38";"0.23";"412.8";"7.34"
"Sterling MS";"Jul 10, 2026, 19:00:00";"58";"0";"0.25";"399.79";"12.1"
"Sterling MS";"Jul 10, 2026, 18:00:00";"59";"0";"0.23";"351.27";"11.31"
"Sterling MS";"Jul 10, 2026, 17:00:00";"62";"1.69";"0.34";"480.51";"13.4"
"Sterling MS";"Jul 10, 2026, 16:00:00";"65";"1.63";"0.25";"353.22";"15.12"
"Sterling MS";"Jul 10, 2026, 15:00:00";"67";"0.07";"0.21";"299.24";"16.82"
"Sterling MS";"Jul 10, 2026, 14:00:00";"69";"0";"0.19";"300.15";"17.91"
"Sterling MS";"Jul 10, 2026, 13:00:00";"69";"0";"0.2";"320.38";"20.35"
"Sterling MS";"Jul 10, 2026, 12:00:00";"66";"0";"0.19";"352.52";"18.98"
"Sterling MS";"Jul 10, 2026, 11:00:00";"62";"0";"0.18";"370.79";"16.88"
"Sterling MS";"Jul 10, 2026, 10:00:00";"59";"0";"0.2";"432.43";"16.64"
"Sterling MS";"Jul 10, 2026, 09:00:00";"53";"0.42";"0.2";"546.77";"11.33"
"Sterling MS";"Jul 10, 2026, 08:00:00";"46";"4.56";"0.22";"660.48";"8.72"
"Sterling MS";"Jul 10, 2026, 07:00:00";"44";"9.32";"0.23";"683.09";"8.17"
"Sterling MS";"Jul 10, 2026, 06:00:00";"42";"7.86";"0.25";"675.58";"8.63"
"Sterling MS";"Jul 10, 2026, 05:00:00";"36";"2.62";"0.12";"670.76";"6.89"
"Sterling MS";"Jul 10, 2026, 04:00:00";"34";"2.88";"0.13";"706.93";"6"
"Sterling MS";"Jul 10, 2026, 03:00:00";"34";"3.05";"0.14";"750.4";"6.09"
"Sterling MS";"Jul 10, 2026, 02:00:00";"35";"4.18";"0.16";"853.83";"6.22"
"Sterling MS";"Jul 10, 2026, 01:00:00";"35";"9.53";"0.2";"1010.96";"6.25"
"Sterling MS";"Jul 10, 2026, 00:00:00";"36";"14.03";"0.22";"1060.35";"7.07"
"Sterling MS";"Jul 9, 2026, 23:00:00";"33";"5.34";"0.19";"976.73";"5.71"
"Sterling MS";"Jul 9, 2026, 22:00:00";"34";"2.72";"0.17";"862.99";"7.24"
"Sterling MS";"Jul 9, 2026, 21:00:00";"27";"2.76";"0.16";"817.21";"4.19"
"Sterling MS";"Jul 9, 2026, 20:00:00";"30";"2.29";"0.19";"839.6";"3.96"
"Sterling MS";"Jul 9, 2026, 19:00:00";"38";"5.79";"0.21";"975.21";"4.85"
"Sterling MS";"Jul 9, 2026, 18:00:00";"50";"10.45";"0.45";"902.71";"7.58"
"Sterling MS";"Jul 9, 2026, 17:00:00";"54";"9.54";"0.32";"798.48";"12.88"
"Sterling MS";"Jul 9, 2026, 16:00:00";"42";"2.98";"0.15";"460.61";"3.57"
"Sterling MS";"Jul 9, 2026, 15:00:00";"59";"0";"0.2";"459.01";"12.24"
"Sterling MS";"Jul 9, 2026, 14:00:00";"61";"0";"0";"0";"0"
"Sterling MS";"Jul 9, 2026, 13:00:00";"61";"0";"0.24";"689.99";"15.19"
"Sterling MS";"Jul 9, 2026, 12:00:00";"59";"0";"0.24";"825.54";"14.22"
"Sterling MS";"Jul 9, 2026, 11:00:00";"57";"0.18";"0.23";"928.39";"13.25"
"Sterling MS";"Jul 9, 2026, 10:00:00";"56";"2.83";"0.26";"1034.26";"12.82"
"Sterling MS";"Jul 9, 2026, 09:00:00";"54";"2.68";"0.21";"1056.8";"11.49"
"Sterling MS";"Jul 9, 2026, 08:00:00";"52";"4.34";"0.22";"1073.95";"10.73"
"Sterling MS";"Jul 9, 2026, 07:00:00";"50";"3.52";"0.19";"1021.5";"11.16"
"Sterling MS";"Jul 9, 2026, 06:00:00";"44";"3.22";"0.18";"985.22";"8.2"
"Sterling MS";"Jul 9, 2026, 05:00:00";"44";"3";"0.17";"965.89";"7.97"
"Sterling MS";"Jul 9, 2026, 04:00:00";"44";"3.54";"0.18";"940.43";"7.75"
"Sterling MS";"Jul 9, 2026, 03:00:00";"44";"3.1";"0.18";"898.03";"7.69"
"Sterling MS";"Jul 9, 2026, 02:00:00";"44";"3.71";"0.19";"827.89";"7.28"
"Sterling MS";"Jul 9, 2026, 01:00:00";"46";"4.08";"0.19";"715.69";"7.51"
"Sterling MS";"Jul 9, 2026, 00:00:00";"47";"4.92";"0.22";"656.21";"7.5"
"Sterling MS";"Jul 8, 2026, 23:00:00";"49";"5.73";"0.26";"593.19";"8.29"
"Sterling MS";"Jul 8, 2026, 22:00:00";"49";"6.34";"0.28";"514.46";"8.39"
"Sterling MS";"Jul 8, 2026, 21:00:00";"50";"5.24";"0.27";"456.72";"8.93"
"Sterling MS";"Jul 8, 2026, 20:00:00";"51";"2.93";"0.25";"416.63";"9.59"
"Sterling MS";"Jul 8, 2026, 19:00:00";"50";"1.92";"0.25";"387.42";"8.67"
"Sterling MS";"Jul 8, 2026, 18:00:00";"51";"0.6";"0.25";"366.16";"9.29"
"Sterling MS";"Jul 8, 2026, 17:00:00";"50";"0";"0.21";"369.71";"8.82"
"Sterling MS";"Jul 8, 2026, 16:00:00";"52";"0.01";"0.26";"432.6";"9.67"
"Sterling MS";"Jul 8, 2026, 15:00:00";"50";"0.01";"0.23";"502.01";"9.2"
"Sterling MS";"Jul 8, 2026, 14:00:00";"48";"0.13";"0.24";"576.26";"9.43"
"Sterling MS";"Jul 8, 2026, 13:00:00";"44";"0.23";"0.19";"603.22";"7.96"
"Sterling MS";"Jul 8, 2026, 12:00:00";"43";"0.23";"0.2";"647.74";"7.95"
"Sterling MS";"Jul 8, 2026, 11:00:00";"43";"0.85";"0.18";"725.49";"6.86"
"Sterling MS";"Jul 8, 2026, 10:00:00";"47";"2.2";"0.18";"786.73";"7.44"
"Sterling MS";"Jul 8, 2026, 09:00:00";"52";"3.6";"0.17";"846.71";"6.59"
"Sterling MS";"Jul 8, 2026, 08:00:00";"57";"2.93";"0.18";"882.62";"9.47"
"Sterling MS";"Jul 8, 2026, 07:00:00";"63";"3.69";"0.19";"901.17";"13.72"
"Sterling MS";"Jul 8, 2026, 06:00:00";"65";"3.04";"0.18";"917.21";"15.62"
"Sterling MS";"Jul 8, 2026, 05:00:00";"65";"2.54";"0.16";"928.1";"13.55"
"Sterling MS";"Jul 8, 2026, 04:00:00";"69";"2.02";"0.16";"984.88";"16.6"
"Sterling MS";"Jul 8, 2026, 03:00:00";"72";"1.95";"0.17";"1045.83";"22.26"
"Sterling MS";"Jul 8, 2026, 02:00:00";"70";"2.54";"0.18";"1086.08";"22.1"
"Sterling MS";"Jul 8, 2026, 01:00:00";"64";"2.48";"0.2";"1081.44";"18.84"
"Sterling MS";"Jul 8, 2026, 00:00:00";"62";"5.22";"0.3";"1019.03";"13.97"
"Sterling MS";"Jul 7, 2026, 23:00:00";"62";"3.18";"0.26";"937.57";"16.35"
"Sterling MS";"Jul 7, 2026, 22:00:00";"62";"3.22";"0.29";"858.41";"15.51"
"Sterling MS";"Jul 7, 2026, 21:00:00";"61";"2.25";"0.28";"834.35";"13.7"
"Sterling MS";"Jul 7, 2026, 20:00:00";"61";"2.3";"0.25";"773.83";"12.85"
"Sterling MS";"Jul 7, 2026, 19:00:00";"62";"1.25";"0.22";"596.1";"13.41"
"Sterling MS";"Jul 7, 2026, 18:00:00";"64";"0";"0.21";"459.88";"13.92"
"Sterling MS";"Jul 7, 2026, 17:00:00";"65";"0";"0.22";"472.14";"14.89"
"Sterling MS";"Jul 7, 2026, 16:00:00";"66";"0";"0.22";"519.5";"16.97"
"Sterling MS";"Jul 7, 2026, 15:00:00";"66";"0";"0.25";"631.28";"18.62"
"Sterling MS";"Jul 7, 2026, 14:00:00";"64";"0";"0.2";"674.6";"17.16"
"Sterling MS";"Jul 7, 2026, 13:00:00";"63";"0";"0.22";"723.72";"15.45"
"Sterling MS";"Jul 7, 2026, 12:00:00";"62";"0";"0.2";"787.89";"14.6"
"Sterling MS";"Jul 7, 2026, 11:00:00";"2";"0.38";"0.19";"896.62";"15.85"
"Sterling MS";"Jul 7, 2026, 10:00:00";"2";"0.78";"0.19";"963.77";"0"
"Sterling MS";"Jul 7, 2026, 09:00:00";"2";"1.83";"0.2";"1004.11";"0"
"Sterling MS";"Jul 7, 2026, 08:00:00";"2";"2.02";"0.2";"1021.14";"0"
"Sterling MS";"Jul 7, 2026, 07:00:00";"2";"2.86";"0.2";"1045.55";"0"
"Sterling MS";"Jul 7, 2026, 06:00:00";"2";"2.28";"0.2";"1040.74";"0"
"Sterling MS";"Jul 7, 2026, 05:00:00";"55";"1.69";"0.18";"1033.45";"0"
"Sterling MS";"Jul 7, 2026, 04:00:00";"56";"2.38";"0.15";"992.99";"13.12"
"Sterling MS";"Jul 7, 2026, 03:00:00";"53";"2.58";"0.15";"1019.93";"10.52"
"Sterling MS";"Jul 7, 2026, 02:00:00";"50";"2.94";"0.15";"990.76";"9.19"
"Sterling MS";"Jul 7, 2026, 01:00:00";"50";"5.05";"0.17";"958.18";"7.55"
"Sterling MS";"Jul 7, 2026, 00:00:00";"54";"5.22";"0.18";"857.85";"8.62"
"Sterling MS";"Jul 6, 2026, 23:00:00";"57";"6.33";"0.2";"711.79";"13.8"
"Sterling MS";"Jul 6, 2026, 22:00:00";"55";"5.98";"0.24";"490.76";"10.26"
"Sterling MS";"Jul 6, 2026, 21:00:00";"55";"1.64";"0.22";"405.67";"9.58"
"Sterling MS";"Jul 6, 2026, 20:00:00";"57";"0";"0.26";"476.16";"12.35"
"Sterling MS";"Jul 6, 2026, 19:00:00";"57";"0";"0.27";"485.28";"11.34"
"Sterling MS";"Jul 6, 2026, 18:00:00";"59";"0";"0.26";"436.03";"11.7"
"Sterling MS";"Jul 6, 2026, 17:00:00";"62";"0";"0.24";"371.28";"14.43"
"Sterling MS";"Jul 6, 2026, 16:00:00";"63";"0";"0.21";"362.39";"15.57"
"Sterling MS";"Jul 6, 2026, 15:00:00";"63";"0";"0.22";"363.96";"16.64"
"Sterling MS";"Jul 6, 2026, 14:00:00";"61";"0";"0.24";"433.43";"16.9"
"Sterling MS";"Jul 6, 2026, 13:00:00";"56";"0";"0.24";"532.58";"12.83"
"Sterling MS";"Jul 6, 2026, 12:00:00";"54";"0";"0.19";"595.36";"11.29"
"Sterling MS";"Jul 6, 2026, 11:00:00";"53";"0.43";"0.22";"708.98";"11.26"
"Sterling MS";"Jul 6, 2026, 10:00:00";"48";"0.9";"0.17";"707.04";"10.3"
"Sterling MS";"Jul 6, 2026, 09:00:00";"40";"1.09";"0.19";"748.11";"7.29"
"Sterling MS";"Jul 6, 2026, 08:00:00";"40";"4.49";"0.19";"813.11";"6.02"
"Sterling MS";"Jul 6, 2026, 07:00:00";"46";"4.08";"0.16";"777.52";"7.53"
"Sterling MS";"Jul 6, 2026, 06:00:00";"50";"2.95";"0.15";"774.84";"8.4"
"Sterling MS";"Jul 6, 2026, 05:00:00";"52";"2.96";"0.17";"764.59";"9.49"
"Sterling MS";"Jul 6, 2026, 04:00:00";"52";"2.98";"0.15";"746.9";"9.68"
"Sterling MS";"Jul 6, 2026, 03:00:00";"50";"3.11";"0.16";"737.41";"8.91"
"Sterling MS";"Jul 6, 2026, 02:00:00";"52";"4.27";"0.18";"730.33";"8.62"
"Sterling MS";"Jul 6, 2026, 01:00:00";"53";"4.71";"0.19";"665.07";"9.41"
"Sterling MS";"Jul 6, 2026, 00:00:00";"54";"4.71";"0.18";"513.65";"9.45"
"Sterling MS";"Jul 5, 2026, 23:00:00";"56";"3.15";"0.24";"375.8";"9.94"
"Sterling MS";"Jul 5, 2026, 22:00:00";"59";"2.46";"0.26";"278.93";"11.94"
"Sterling MS";"Jul 5, 2026, 21:00:00";"60";"0.5";"0.21";"158.45";"9.98"
"Sterling MS";"Jul 5, 2026, 20:00:00";"68";"0";"0.28";"210.11";"15.27"
"Sterling MS";"Jul 5, 2026, 19:00:00";"72";"0";"0.41";"249.94";"22.98"
"Sterling MS";"Jul 5, 2026, 18:00:00";"66";"0";"0.41";"201.29";"19.63"
"Sterling MS";"Jul 5, 2026, 17:00:00";"62";"0";"0.38";"159.38";"16.19"
"Sterling MS";"Jul 5, 2026, 16:00:00";"60";"0";"0.37";"152.53";"16.19"
"Sterling MS";"Jul 5, 2026, 15:00:00";"58";"0";"0.33";"141.5";"14.19"
"Sterling MS";"Jul 5, 2026, 14:00:00";"57";"0";"0.3";"149.92";"12.04"
"Sterling MS";"Jul 5, 2026, 13:00:00";"57";"0";"0.28";"179.26";"11.28"
"Sterling MS";"Jul 5, 2026, 12:00:00";"58";"0";"0.23";"191.12";"11.27"
"Sterling MS";"Jul 5, 2026, 11:00:00";"59";"0";"0.21";"251.36";"12.03"
"Sterling MS";"Jul 5, 2026, 10:00:00";"59";"0";"0.2";"332.32";"13.7"
"Sterling MS";"Jul 5, 2026, 09:00:00";"58";"0";"0.21";"413.05";"11.5"
"Sterling MS";"Jul 5, 2026, 08:00:00";"60";"1.68";"0.19";"545.78";"12.77"
"Sterling MS";"Jul 5, 2026, 07:00:00";"61";"1.6";"0.16";"548.26";"14.34"
"Sterling MS";"Jul 5, 2026, 06:00:00";"61";"2.98";"0.16";"530.8";"14.32"
"Sterling MS";"Jul 5, 2026, 05:00:00";"61";"4.84";"0.18";"491.7";"14.27"
"Sterling MS";"Jul 5, 2026, 04:00:00";"61";"8.02";"0.19";"489.09";"14.99"
"Sterling MS";"Jul 5, 2026, 03:00:00";"59";"3.3";"0.18";"482.32";"12.29"
"Sterling MS";"Jul 5, 2026, 02:00:00";"61";"2.87";"0.17";"441.54";"12.56"
"Sterling MS";"Jul 5, 2026, 01:00:00";"65";"1.97";"0.17";"383.95";"13.9"
"Sterling MS";"Jul 5, 2026, 00:00:00";"70";"1.71";"0.18";"354.49";"14.87"
"Sterling MS";"Jul 4, 2026, 23:00:00";"77";"3.69";"0.23";"322.8";"31.91"
"Sterling MS";"Jul 4, 2026, 22:00:00";"61";"2.81";"0.24";"282.59";"16.92"
"Sterling MS";"Jul 4, 2026, 21:00:00";"55";"0.27";"0.24";"206";"9.4"
"Sterling MS";"Jul 4, 2026, 20:00:00";"59";"0.55";"0.28";"171.38";"10.19"
"Sterling MS";"Jul 4, 2026, 19:00:00";"64";"0";"0.36";"195.51";"17.02"
"Sterling MS";"Jul 4, 2026, 18:00:00";"62";"0";"0.42";"177.32";"17.19"
"Sterling MS";"Jul 4, 2026, 17:00:00";"58";"0";"0.39";"149.87";"13.42"
"Sterling MS";"Jul 4, 2026, 16:00:00";"57";"0";"0.4";"162.19";"13.74"
"Sterling MS";"Jul 4, 2026, 15:00:00";"55";"0";"0.39";"170.36";"12.64"
"Sterling MS";"Jul 4, 2026, 14:00:00";"51";"0";"0.34";"155.49";"9.17"
"Sterling MS";"Jul 4, 2026, 13:00:00";"51";"0";"0.3";"172.01";"8.6"
"Sterling MS";"Jul 4, 2026, 12:00:00";"52";"0";"0.3";"204.87";"10.1"
"Sterling MS";"Jul 4, 2026, 11:00:00";"51";"0";"0.27";"216.63";"9.07"
"Sterling MS";"Jul 4, 2026, 10:00:00";"52";"0";"0.22";"239.69";"10.12"
"Sterling MS";"Jul 4, 2026, 09:00:00";"47";"0";"0.18";"227.96";"8.53"
"Sterling MS";"Jul 4, 2026, 08:00:00";"47";"0";"0.16";"235.36";"6.49"
"Sterling MS";"Jul 4, 2026, 07:00:00";"53";"0";"0.16";"281.33";"7.99"
"Sterling MS";"Jul 4, 2026, 06:00:00";"58";"0.04";"0.19";"350.64";"10.91"
"Sterling MS";"Jul 4, 2026, 05:00:00";"62";"0";"0.21";"380.14";"13.55"
"Sterling MS";"Jul 4, 2026, 04:00:00";"63";"0";"0.24";"369.8";"13.74"
"Sterling MS";"Jul 4, 2026, 03:00:00";"64";"0";"0.25";"369.88";"14.45"
"Sterling MS";"Jul 4, 2026, 02:00:00";"65";"0";"0.26";"361.72";"14.74"
"Sterling MS";"Jul 4, 2026, 01:00:00";"65";"0";"0.28";"372.88";"14.55"
"Sterling MS";"Jul 4, 2026, 00:00:00";"66";"0";"0.31";"362.82";"15.77"
"Sterling MS";"Jul 3, 2026, 23:00:00";"67";"0";"0.36";"330.87";"18.4"
"Sterling MS";"Jul 3, 2026, 22:00:00";"67";"0";"0.37";"297.4";"17.35"
"Sterling MS";"Jul 3, 2026, 21:00:00";"67";"0";"0.36";"263.28";"18.47"
"Sterling MS";"Jul 3, 2026, 20:00:00";"66";"0";"0.38";"240.73";"17.61"
"Sterling MS";"Jul 3, 2026, 19:00:00";"66";"0";"0.4";"240.12";"17.16"
"Sterling MS";"Jul 3, 2026, 18:00:00";"65";"0";"0.41";"237.05";"16.61"
"Sterling MS";"Jul 3, 2026, 17:00:00";"66";"0";"0.41";"233.51";"16.56"
"Sterling MS";"Jul 3, 2026, 16:00:00";"66";"0";"0.39";"225.43";"15.86"
"Sterling MS";"Jul 3, 2026, 15:00:00";"67";"0";"0.37";"230.77";"15.72"
"Sterling MS";"Jul 3, 2026, 14:00:00";"68";"0";"0.36";"256.23";"15.81"
"Sterling MS";"Jul 3, 2026, 13:00:00";"70";"0";"0.32";"277.08";"17.13"
"Sterling MS";"Jul 3, 2026, 12:00:00";"72";"0";"0.32";"317.54";"17.59"
"Sterling MS";"Jul 3, 2026, 11:00:00";"73";"0";"0.3";"384.99";"20.8"
"Sterling MS";"Jul 3, 2026, 10:00:00";"74";"0";"0.27";"421.6";"23.24"
"Sterling MS";"Jul 3, 2026, 09:00:00";"72";"0";"0.27";"463.4";"23.27"
"Sterling MS";"Jul 3, 2026, 08:00:00";"70";"0";"0.27";"494.71";"21.26"
"Sterling MS";"Jul 3, 2026, 07:00:00";"68";"0.07";"0.23";"491.72";"18.37"
"Sterling MS";"Jul 3, 2026, 06:00:00";"68";"0.14";"0.23";"449.31";"18.23"
"Sterling MS";"Jul 3, 2026, 05:00:00";"67";"0.02";"0.23";"401.02";"17.56"
"Sterling MS";"Jul 3, 2026, 04:00:00";"67";"0";"0.22";"360.83";"16.63"
"Sterling MS";"Jul 3, 2026, 03:00:00";"68";"0";"0.23";"335.61";"16.67"
"Sterling MS";"Jul 3, 2026, 02:00:00";"70";"0";"0.23";"318.71";"16.79"
"Sterling MS";"Jul 3, 2026, 01:00:00";"72";"0";"0.24";"312.95";"18.47"
"Sterling MS";"Jul 3, 2026, 00:00:00";"73";"0";"0.29";"343.01";"18.73"
"Sterling MS";"Jul 2, 2026, 23:00:00";"75";"0";"0.34";"331.93";"19.17"
"Sterling MS";"Jul 2, 2026, 22:00:00";"77";"3.27";"0.36";"290.83";"20.54"
"Sterling MS";"Jul 2, 2026, 21:00:00";"80";"0";"0.34";"266.45";"22.8"
"Sterling MS";"Jul 2, 2026, 20:00:00";"81";"0";"0.37";"257.57";"24.12"
"Sterling MS";"Jul 2, 2026, 19:00:00";"81";"0";"0.45";"242.37";"24.64"
"Sterling MS";"Jul 2, 2026, 18:00:00";"81";"0";"0.38";"241.5";"24.36"
"Sterling MS";"Jul 2, 2026, 17:00:00";"81";"0";"0.38";"242.82";"24.48"
"Sterling MS";"Jul 2, 2026, 16:00:00";"82";"0";"0.37";"254.09";"25.19"
"Sterling MS";"Jul 2, 2026, 15:00:00";"82";"0";"0.35";"275.67";"24.8"
"Sterling MS";"Jul 2, 2026, 14:00:00";"84";"0";"0.34";"312.87";"25.81"
"Sterling MS";"Jul 2, 2026, 13:00:00";"85";"0";"0.32";"356.99";"26.78"
"Sterling MS";"Jul 2, 2026, 12:00:00";"85";"0";"0.3";"414.83";"27.89"
"Sterling MS";"Jul 2, 2026, 11:00:00";"84";"0";"0.26";"445.15";"29.54"
"Sterling MS";"Jul 2, 2026, 10:00:00";"77";"0";"0.26";"497.89";"26.78"
"Sterling MS";"Jul 2, 2026, 09:00:00";"71";"0";"0.24";"518.69";"22.44"
"Sterling MS";"Jul 2, 2026, 08:00:00";"68";"0.26";"0.26";"532.39";"19.49"
"Sterling MS";"Jul 2, 2026, 07:00:00";"66";"1.49";"0.24";"536.05";"18.24"
"Sterling MS";"Jul 2, 2026, 06:00:00";"65";"2.4";"0.21";"506.2";"17.26"
"Sterling MS";"Jul 2, 2026, 05:00:00";"65";"1.91";"0.2";"493.19";"16.75"
"Sterling MS";"Jul 2, 2026, 04:00:00";"64";"3.46";"0.22";"525.97";"15.5"
"Sterling MS";"Jul 2, 2026, 03:00:00";"64";"3.49";"0.29";"592.93";"15.29"
"Sterling MS";"Jul 2, 2026, 02:00:00";"65";"1.68";"0.31";"542.25";"14.92"
"Sterling MS";"Jul 2, 2026, 01:00:00";"67";"1.49";"0.34";"487.77";"15.42"
"Sterling MS";"Jul 2, 2026, 00:00:00";"69";"0.57";"0.35";"441.17";"15.71"
"Sterling MS";"Jul 1, 2026, 23:00:00";"72";"2.04";"0.39";"383.69";"18.11"
"Sterling MS";"Jul 1, 2026, 22:00:00";"73";"0";"0.35";"348.34";"18.83"
"Sterling MS";"Jul 1, 2026, 21:00:00";"76";"0";"0.33";"324.13";"23.17"
"Sterling MS";"Jul 1, 2026, 20:00:00";"74";"0";"0.36";"323.22";"21.2"
"Sterling MS";"Jul 1, 2026, 19:00:00";"75";"0";"0.38";"325.3";"21.65"
"Sterling MS";"Jul 1, 2026, 18:00:00";"74";"0";"0.4";"345.23";"20.86"
"Sterling MS";"Jul 1, 2026, 17:00:00";"75";"0";"0.38";"351.2";"22.34"
"Sterling MS";"Jul 1, 2026, 16:00:00";"74";"0";"0.32";"341.59";"22.47"
"Sterling MS";"Jul 1, 2026, 15:00:00";"72";"0";"0.32";"352.24";"21.1"
"Sterling MS";"Jul 1, 2026, 14:00:00";"70";"0";"0.31";"362.1";"20.81"
"Sterling MS";"Jul 1, 2026, 13:00:00";"67";"0";"0.3";"388.35";"20.26"
"Sterling MS";"Jul 1, 2026, 12:00:00";"62";"0";"0.33";"399.86";"17.53"
"Sterling MS";"Jul 1, 2026, 11:00:00";"57";"0";"0.31";"375.13";"15.14"
"Sterling MS";"Jul 1, 2026, 10:00:00";"52";"0.33";"0.29";"351.78";"11.91"
"Sterling MS";"Jul 1, 2026, 09:00:00";"40";"2.61";"0.27";"327.21";"8.71"
"Sterling MS";"Jul 1, 2026, 08:00:00";"32";"5.63";"0.25";"316.51";"6.51"
"Sterling MS";"Jul 1, 2026, 07:00:00";"29";"6.17";"0.22";"291.87";"5.36"
"Sterling MS";"Jul 1, 2026, 06:00:00";"29";"4.94";"0.2";"262.01";"5.55"
"Sterling MS";"Jul 1, 2026, 05:00:00";"27";"4.15";"0.17";"241.13";"4.73"
"Sterling MS";"Jul 1, 2026, 04:00:00";"27";"3.72";"0.17";"222.31";"4.8"
"Sterling MS";"Jul 1, 2026, 03:00:00";"27";"4.16";"0.18";"211.5";"4.79"
"Sterling MS";"Jul 1, 2026, 02:00:00";"26";"3.51";"0.18";"195.5";"4.55"
"Sterling MS";"Jul 1, 2026, 01:00:00";"27";"3.33";"0.18";"178.02";"4.27"
"Sterling MS";"Jul 1, 2026, 00:00:00";"29";"3.31";"0.2";"169.62";"4.48"
"Sterling MS";"Jun 30, 2026, 23:00:00";"33";"5.44";"0.22";"177.35";"4.81"
"Sterling MS";"Jun 30, 2026, 22:00:00";"40";"5.6";"0.25";"183.93";"6.23"
"Sterling MS";"Jun 30, 2026, 21:00:00";"44";"3.34";"0.28";"194.46";"7.33"
"Sterling MS";"Jun 30, 2026, 20:00:00";"44";"0.66";"0.25";"214.86";"7.53"
"Sterling MS";"Jun 30, 2026, 19:00:00";"45";"0";"0.26";"235.77";"8.25"
"Sterling MS";"Jun 30, 2026, 18:00:00";"45";"0";"0.26";"241.68";"8.23"
"Sterling MS";"Jun 30, 2026, 17:00:00";"45";"0";"0.27";"251.11";"7.83"
"Sterling MS";"Jun 30, 2026, 16:00:00";"45";"0";"0.26";"256.34";"7.7"
"Sterling MS";"Jun 30, 2026, 15:00:00";"46";"0";"0.25";"263.77";"7.73"
"Sterling MS";"Jun 30, 2026, 14:00:00";"47";"0";"0.23";"271.05";"7.56"
"Sterling MS";"Jun 30, 2026, 13:00:00";"49";"0";"0.21";"292.01";"7.83"
"Sterling MS";"Jun 30, 2026, 12:00:00";"50";"0";"0.2";"340.5";"8.81"
"Sterling MS";"Jun 30, 2026, 11:00:00";"50";"0";"0.2";"375.93";"9.19"
"Sterling MS";"Jun 30, 2026, 10:00:00";"50";"0.43";"0.22";"436.32";"9.37"
"Sterling MS";"Jun 30, 2026, 09:00:00";"49";"5.82";"0.26";"541.43";"9.31"
"Sterling MS";"Jun 30, 2026, 08:00:00";"48";"9.17";"0.25";"607.28";"8.57"
"Sterling MS";"Jun 30, 2026, 07:00:00";"49";"9.08";"0.23";"570.85";"9.09"
"Sterling MS";"Jun 30, 2026, 06:00:00";"48";"7.17";"0.17";"526.63";"9.66"
"Sterling MS";"Jun 30, 2026, 05:00:00";"45";"7.84";"0.16";"495.93";"8.33"
"Sterling MS";"Jun 30, 2026, 04:00:00";"44";"7.27";"0.16";"467.12";"8.07"
"Sterling MS";"Jun 30, 2026, 03:00:00";"44";"7.34";"0.17";"391.09";"7.89"
"Sterling MS";"Jun 30, 2026, 02:00:00";"43";"7.2";"0.18";"346.3";"7.74"
"Sterling MS";"Jun 30, 2026, 01:00:00";"43";"7.39";"0.2";"304.13";"7.86"
"Sterling MS";"Jun 30, 2026, 00:00:00";"43";"8.67";"0.21";"276.97";"7.41"
"Sterling MS";"Jun 29, 2026, 23:00:00";"45";"7.61";"0.21";"227.62";"6.84"
"Sterling MS";"Jun 29, 2026, 22:00:00";"51";"7.63";"0.23";"221.71";"7.9"
"Sterling MS";"Jun 29, 2026, 21:00:00";"54";"6.78";"0.26";"248.93";"9.51"
"Sterling MS";"Jun 29, 2026, 20:00:00";"56";"8.14";"0.27";"279.17";"10.96"
"Sterling MS";"Jun 29, 2026, 19:00:00";"57";"5.34";"0.24";"243.05";"9.58"
"Sterling MS";"Jun 29, 2026, 18:00:00";"62";"2.65";"0.25";"287.56";"16.63"
"Sterling MS";"Jun 29, 2026, 17:00:00";"58";"7.26";"0.24";"299.52";"14.34"
"Sterling MS";"Jun 29, 2026, 15:00:00";"52";"0";"0.23";"358.4";"8.67"
"Sterling MS";"Jun 29, 2026, 14:00:00";"53";"0";"0.18";"388.55";"9.32"
"Sterling MS";"Jun 29, 2026, 13:00:00";"54";"0";"0.17";"475.37";"9.51"
"Sterling MS";"Jun 29, 2026, 12:00:00";"57";"0";"0.2";"624.67";"10.8"
"Sterling MS";"Jun 29, 2026, 11:00:00";"58";"1.08";"0.23";"844.43";"10.89"
"Sterling MS";"Jun 29, 2026, 10:00:00";"60";"3.22";"0.24";"958.48";"11.91"
"Sterling MS";"Jun 29, 2026, 09:00:00";"62";"3.9";"0.23";"989.91";"12.81"
"Sterling MS";"Jun 29, 2026, 08:00:00";"65";"4.39";"0.25";"996.87";"16.58"
"Sterling MS";"Jun 29, 2026, 07:00:00";"65";"4.11";"0.25";"955.38";"17.47"
"Sterling MS";"Jun 29, 2026, 06:00:00";"64";"2.15";"0.2";"898.82";"16.7"
"Sterling MS";"Jun 29, 2026, 05:00:00";"62";"2";"0.2";"896.98";"16.29"
"Sterling MS";"Jun 29, 2026, 04:00:00";"59";"2.11";"0.2";"857.79";"14.11"
"Sterling MS";"Jun 29, 2026, 03:00:00";"57";"2.78";"0.21";"890.87";"12.99"
"Sterling MS";"Jun 29, 2026, 02:00:00";"56";"3.98";"0.22";"892.78";"11.79"
"Sterling MS";"Jun 29, 2026, 01:00:00";"55";"4.58";"0.22";"864.15";"11.63"
"Sterling MS";"Jun 29, 2026, 00:00:00";"53";"6.2";"0.24";"856.03";"10.98"
"Sterling MS";"Jun 28, 2026, 23:00:00";"52";"7.59";"0.32";"838.33";"10.99"
"Sterling MS";"Jun 28, 2026, 22:00:00";"44";"5.89";"0.21";"815.49";"10.32"
"Sterling MS";"Jun 28, 2026, 21:00:00";"29";"4.43";"0.19";"805.82";"6.3"
"Sterling MS";"Jun 28, 2026, 20:00:00";"24";"3.52";"0.18";"778.46";"4.47"
"Sterling MS";"Jun 28, 2026, 19:00:00";"23";"2.75";"0.18";"734.64";"3.74"
"Sterling MS";"Jun 28, 2026, 18:00:00";"25";"3.72";"0.19";"832.4";"3.4"
"Sterling MS";"Jun 28, 2026, 17:00:00";"31";"6.25";"0.2";"916.53";"5.46"
"Sterling MS";"Jun 28, 2026, 16:00:00";"32";"6.14";"0.18";"914.8";"6.67"
"Sterling MS";"Jun 28, 2026, 15:00:00";"27";"6.16";"0.18";"895.06";"4.54"
"Sterling MS";"Jun 28, 2026, 14:00:00";"28";"6.31";"0.17";"915.95";"4.24"
"Sterling MS";"Jun 28, 2026, 13:00:00";"32";"6.6";"0.17";"900.52";"3.93"
"Sterling MS";"Jun 28, 2026, 12:00:00";"44";"7.11";"0.16";"900.6";"5.04"
"Sterling MS";"Jun 28, 2026, 11:00:00";"56";"5.91";"0.14";"856.46";"10.74"
"Sterling MS";"Jun 28, 2026, 10:00:00";"5";"5.86";"0.16";"886.02";"12.85"
"Sterling MS";"Jun 28, 2026, 09:00:00";"5";"5.05";"0.16";"868.14";"0"
"Sterling MS";"Jun 28, 2026, 08:00:00";"4";"4.48";"0.16";"873.41";"0"
"Sterling MS";"Jun 28, 2026, 07:00:00";"4";"4.76";"0.16";"869.11";"0"
"Sterling MS";"Jun 28, 2026, 06:00:00";"4";"4.73";"0.16";"848.71";"0"
"Sterling MS";"Jun 28, 2026, 05:00:00";"5";"5.01";"0.17";"834.06";"0"
"Sterling MS";"Jun 28, 2026, 04:00:00";"97";"4.69";"0.19";"844.18";"0"
"Sterling MS";"Jun 28, 2026, 03:00:00";"97";"5.27";"0.2";"836.89";"33.17"
"Sterling MS";"Jun 28, 2026, 02:00:00";"98";"5.73";"0.21";"817.39";"37.91"
"Sterling MS";"Jun 28, 2026, 01:00:00";"91";"6.97";"0.23";"811.43";"33.17"
"Sterling MS";"Jun 28, 2026, 00:00:00";"85";"8.49";"0.25";"797.76";"34.04"
"Sterling MS";"Jun 27, 2026, 23:00:00";"72";"9.09";"0.23";"751.98";"26.84"
"Sterling MS";"Jun 27, 2026, 22:00:00";"60";"9.36";"0.23";"662.4";"17.65"
"Sterling MS";"Jun 27, 2026, 21:00:00";"52";"6.53";"0.22";"595.35";"12.28"
"Sterling MS";"Jun 27, 2026, 20:00:00";"39";"3.49";"0.19";"493.98";"7.28"
"Sterling MS";"Jun 27, 2026, 19:00:00";"37";"2.94";"0.17";"433.37";"6.56"
"Sterling MS";"Jun 27, 2026, 18:00:00";"37";"1.49";"0.19";"433.7";"5.99"
"Sterling MS";"Jun 27, 2026, 17:00:00";"41";"3.04";"0.19";"433.91";"6.68"
"Sterling MS";"Jun 27, 2026, 16:00:00";"44";"2";"0.18";"406.04";"7.73"
"Sterling MS";"Jun 27, 2026, 15:00:00";"46";"1.32";"0.17";"397.32";"8.33"
"Sterling MS";"Jun 27, 2026, 14:00:00";"45";"0.39";"0.19";"409.24";"9.03"
"Sterling MS";"Jun 27, 2026, 13:00:00";"40";"0.72";"0.15";"384.01";"7.38"
"Sterling MS";"Jun 27, 2026, 12:00:00";"39";"0.83";"0.18";"467.08";"6.2"
"Sterling MS";"Jun 27, 2026, 11:00:00";"43";"3.28";"0.19";"632.35";"6.76"
"Sterling MS";"Jun 27, 2026, 10:00:00";"48";"7.61";"0.2";"707.3";"7.58"
"Sterling MS";"Jun 27, 2026, 09:00:00";"53";"5.51";"0.19";"737.08";"9.02"
"Sterling MS";"Jun 27, 2026, 08:00:00";"54";"5.04";"0.19";"746.22";"11.19"
"Sterling MS";"Jun 27, 2026, 07:00:00";"53";"6.52";"0.18";"700.55";"13.16"
"Sterling MS";"Jun 27, 2026, 06:00:00";"37";"6.47";"0.18";"600.76";"7.75"
"Sterling MS";"Jun 27, 2026, 05:00:00";"33";"5.39";"0.16";"552.16";"5.95"
"Sterling MS";"Jun 27, 2026, 04:00:00";"33";"4.83";"0.15";"501.62";"6.04"
"Sterling MS";"Jun 27, 2026, 03:00:00";"32";"4.51";"0.14";"471.46";"5.23"
"Sterling MS";"Jun 27, 2026, 02:00:00";"35";"4.72";"0.17";"484.64";"5.59"
"Sterling MS";"Jun 27, 2026, 01:00:00";"39";"5.45";"0.22";"507.78";"6.62"
"Sterling MS";"Jun 27, 2026, 00:00:00";"41";"6.17";"0.26";"542.52";"7.06"
"Sterling MS";"Jun 26, 2026, 23:00:00";"43";"7.8";"0.32";"501.44";"7.92"
"Sterling MS";"Jun 26, 2026, 22:00:00";"42";"17.4";"0.37";"458.57";"8.29"
"Sterling MS";"Jun 26, 2026, 21:00:00";"37";"16.34";"0.31";"385.71";"7.43"
"Sterling MS";"Jun 26, 2026, 20:00:00";"34";"7.59";"0.29";"375.88";"6.27"
"Sterling MS";"Jun 26, 2026, 19:00:00";"32";"9.28";"0.33";"347.96";"7.39"
"Sterling MS";"Jun 26, 2026, 18:00:00";"25";"5.12";"0.29";"249.35";"4.84"
"Sterling MS";"Jun 26, 2026, 17:00:00";"24";"2.12";"0.23";"173.56";"4.07"
"Sterling MS";"Jun 26, 2026, 16:00:00";"24";"0.61";"0.22";"173";"4.17"
"Sterling MS";"Jun 26, 2026, 15:00:00";"25";"0.28";"0.2";"174.7";"4.13"
"Sterling MS";"Jun 26, 2026, 14:00:00";"27";"0.02";"0.21";"191.89";"4.6"
"Sterling MS";"Jun 26, 2026, 13:00:00";"27";"0.15";"0.2";"188.88";"4.14"
"Sterling MS";"Jun 26, 2026, 12:00:00";"29";"1.31";"0.18";"181.42";"4.23"
"Sterling MS";"Jun 26, 2026, 11:00:00";"35";"5.67";"0.26";"209.8";"5.86"
"Sterling MS";"Jun 26, 2026, 10:00:00";"37";"13.52";"0.28";"215.29";"6.81"
"Sterling MS";"Jun 26, 2026, 09:00:00";"35";"11.49";"0.29";"217.53";"7.13"
"Sterling MS";"Jun 26, 2026, 08:00:00";"30";"14.21";"0.27";"201.69";"6.56"
"Sterling MS";"Jun 26, 2026, 07:00:00";"25";"9.79";"0.19";"188";"4.76"
"Sterling MS";"Jun 26, 2026, 06:00:00";"24";"8.38";"0.18";"180.6";"4.87"
"Sterling MS";"Jun 26, 2026, 05:00:00";"24";"6.91";"0.16";"161.17";"4.63"
"Sterling MS";"Jun 26, 2026, 04:00:00";"23";"6.69";"0.16";"143.5";"4.36"
"Sterling MS";"Jun 26, 2026, 03:00:00";"23";"6.18";"0.16";"127.16";"4.12"
"Sterling MS";"Jun 26, 2026, 02:00:00";"22";"6.59";"0.17";"121.24";"3.99"
"Sterling MS";"Jun 26, 2026, 01:00:00";"22";"6.33";"0.18";"117.21";"3.76"
"Sterling MS";"Jun 26, 2026, 00:00:00";"22";"6.5";"0.19";"108.91";"3.87"
"Sterling MS";"Jun 25, 2026, 23:00:00";"23";"6.57";"0.21";"102.04";"4.1"
"Sterling MS";"Jun 25, 2026, 22:00:00";"22";"6.29";"0.22";"94.46";"4.24"
"Sterling MS";"Jun 25, 2026, 21:00:00";"22";"6.76";"0.26";"92.32";"3.88"
"Sterling MS";"Jun 25, 2026, 20:00:00";"22";"4.87";"0.22";"87.37";"4.57"
"Sterling MS";"Jun 25, 2026, 19:00:00";"19";"3.25";"0.23";"92.08";"3.76"
"Sterling MS";"Jun 25, 2026, 18:00:00";"17";"1.93";"0.2";"90.84";"2.91"
"Sterling MS";"Jun 25, 2026, 17:00:00";"17";"2.02";"0.18";"88.41";"3.08"
"Sterling MS";"Jun 25, 2026, 16:00:00";"17";"1.53";"0.19";"93.32";"2.79"
"Sterling MS";"Jun 25, 2026, 15:00:00";"18";"1.58";"0.16";"93.08";"3.03"
"Sterling MS";"Jun 25, 2026, 14:00:00";"19";"1.34";"0.16";"102.03";"3.03"
"Sterling MS";"Jun 25, 2026, 13:00:00";"21";"0.34";"0.16";"109.86";"3.33"
"Sterling MS";"Jun 25, 2026, 12:00:00";"23";"0.83";"0.15";"115.01";"3.59"
"Sterling MS";"Jun 25, 2026, 11:00:00";"25";"2.39";"0.17";"128.58";"3.53"
"Sterling MS";"Jun 25, 2026, 10:00:00";"31";"8.54";"0.21";"148.43";"7.62"
"Sterling MS";"Jun 25, 2026, 09:00:00";"20";"12.24";"0.21";"155.35";"4.08"
"Sterling MS";"Jun 25, 2026, 08:00:00";"17";"13.12";"0.21";"168.81";"3.64"
"Sterling MS";"Jun 25, 2026, 07:00:00";"13";"11.72";"0.22";"177.78";"2.35"
"Sterling MS";"Jun 25, 2026, 06:00:00";"13";"8.43";"0.22";"176.51";"2.38"
"Sterling MS";"Jun 25, 2026, 05:00:00";"13";"8.84";"0.18";"166.51";"2.33"
"Sterling MS";"Jun 25, 2026, 04:00:00";"14";"9.37";"0.19";"157.64";"2.64"
"Sterling MS";"Jun 25, 2026, 03:00:00";"12";"5.73";"0.16";"128.97";"2.46"
"Sterling MS";"Jun 25, 2026, 02:00:00";"10";"6.9";"0.14";"97.71";"1.81"
"Sterling MS";"Jun 25, 2026, 01:00:00";"11";"8.07";"0.17";"83.65";"1.86"
"Sterling MS";"Jun 25, 2026, 00:00:00";"12";"7.87";"0.21";"84.33";"2.06"
"Sterling MS";"Jun 24, 2026, 23:00:00";"12";"10.12";"0.25";"66.93";"1.91"
"Sterling MS";"Jun 24, 2026, 22:00:00";"13";"9.2";"0.25";"57.93";"2.99"
"Sterling MS";"Jun 24, 2026, 21:00:00";"8";"4.46";"0.2";"42.73";"1.63"
"Sterling MS";"Jun 24, 2026, 20:00:00";"8";"2.6";"0.14";"41.66";"1.32"
"Sterling MS";"Jun 24, 2026, 19:00:00";"8";"2.27";"0.15";"50.3";"1.3"
"Sterling MS";"Jun 24, 2026, 18:00:00";"8";"1.78";"0.16";"54.85";"1.48"
"Sterling MS";"Jun 24, 2026, 17:00:00";"8";"0.31";"0.14";"57.33";"1.31"
"Sterling MS";"Jun 24, 2026, 16:00:00";"9";"0.48";"0.14";"59.28";"1.52"
"Sterling MS";"Jun 24, 2026, 15:00:00";"9";"0.62";"0.1";"56.78";"1.51"
"Sterling MS";"Jun 24, 2026, 14:00:00";"9";"0.24";"0.1";"62.53";"1.35"
"Sterling MS";"Jun 24, 2026, 13:00:00";"9";"0";"0.09";"64.96";"1.42"
"Sterling MS";"Jun 24, 2026, 12:00:00";"10";"0";"0.08";"77.86";"1.55"
"Sterling MS";"Jun 24, 2026, 11:00:00";"12";"0.37";"0.1";"101.05";"2.04"
"Sterling MS";"Jun 24, 2026, 10:00:00";"13";"3.45";"0.1";"104.39";"2.3"
"Sterling MS";"Jun 24, 2026, 09:00:00";"12";"5.43";"0.11";"118.87";"2.44"
"Sterling MS";"Jun 24, 2026, 08:00:00";"10";"6.97";"0.11";"126.27";"2.06"
"Sterling MS";"Jun 24, 2026, 07:00:00";"9";"6.53";"0.06";"108.34";"1.66"
"Sterling MS";"Jun 24, 2026, 06:00:00";"9";"5.07";"0.04";"99.5";"1.81"
"Sterling MS";"Jun 24, 2026, 05:00:00";"9";"4.28";"0.03";"105.11";"1.66"
"Sterling MS";"Jun 24, 2026, 04:00:00";"9";"3.49";"0.03";"123.43";"1.64"
"Sterling MS";"Jun 24, 2026, 03:00:00";"8";"3.61";"0.05";"147.46";"1.37"
"Sterling MS";"Jun 24, 2026, 02:00:00";"8";"3.96";"0.06";"170.95";"1.41"
"Sterling MS";"Jun 24, 2026, 01:00:00";"8";"4.76";"0.1";"219.68";"1.28"
"Sterling MS";"Jun 24, 2026, 00:00:00";"10";"10.39";"0.25";"276.63";"1.33"
"Sterling MS";"Jun 23, 2026, 23:00:00";"15";"15.5";"0.53";"278.24";"1.71"
"Sterling MS";"Jun 23, 2026, 22:00:00";"10";"10.4";"0.3";"244.2";"1.31"
"Sterling MS";"Jun 23, 2026, 21:00:00";"5";"3.13";"0.11";"201.34";"0.91"
"Sterling MS";"Jun 23, 2026, 20:00:00";"5";"2.61";"0.08";"192.14";"0.87"
"Sterling MS";"Jun 23, 2026, 19:00:00";"6";"1.74";"0.07";"217.72";"0.88"
"Sterling MS";"Jun 23, 2026, 18:00:00";"7";"3.58";"0.1";"283.14";"1.04"
"Sterling MS";"Jun 23, 2026, 17:00:00";"9";"4.87";"0.08";"356.27";"0.77"
"Sterling MS";"Jun 23, 2026, 16:00:00";"13";"6.95";"0.1";"470.95";"1.22"
"Sterling MS";"Jun 23, 2026, 15:00:00";"18";"5.36";"0.08";"468.09";"3.06"
"Sterling MS";"Jun 23, 2026, 14:00:00";"20";"4.38";"0.08";"504.01";"2.58"
"Sterling MS";"Jun 23, 2026, 13:00:00";"25";"3.74";"0.09";"535.32";"2.13"
"Sterling MS";"Jun 23, 2026, 12:00:00";"38";"4.45";"0.09";"554.76";"4.1"
"Sterling MS";"Jun 23, 2026, 11:00:00";"52";"4.53";"0.12";"598.31";"10.31"
"Sterling MS";"Jun 23, 2026, 10:00:00";"48";"4.62";"0.11";"601.49";"12"
"Sterling MS";"Jun 23, 2026, 09:00:00";"30";"4.66";"0.11";"548.08";"7.23"
"Sterling MS";"Jun 23, 2026, 08:00:00";"19";"5.74";"0.11";"554.52";"3.91"
"Sterling MS";"Jun 23, 2026, 07:00:00";"18";"5.68";"0.1";"579.63";"2.56"
"Sterling MS";"Jun 23, 2026, 06:00:00";"20";"3.55";"0.11";"615.26";"3.67"
"Sterling MS";"Jun 23, 2026, 05:00:00";"20";"2.78";"0.09";"598.94";"4.05"
"Sterling MS";"Jun 23, 2026, 04:00:00";"18";"3.95";"0.09";"591.63";"3.52"
"Sterling MS";"Jun 23, 2026, 03:00:00";"16";"5.76";"0.1";"578.24";"2.73"
"Sterling MS";"Jun 23, 2026, 02:00:00";"17";"5.34";"0.11";"572.68";"2.63"
"Sterling MS";"Jun 23, 2026, 01:00:00";"19";"5.22";"0.11";"560.08";"3.06"
"Sterling MS";"Jun 23, 2026, 00:00:00";"21";"5.81";"0.12";"534.33";"3.1"
"Sterling MS";"Jun 22, 2026, 23:00:00";"25";"6.47";"0.15";"534.3";"3.7"
"Sterling MS";"Jun 22, 2026, 22:00:00";"29";"8.38";"0.19";"513.78";"4.04"
"Sterling MS";"Jun 22, 2026, 21:00:00";"37";"7.42";"0.22";"514.81";"4.78"
"Sterling MS";"Jun 22, 2026, 20:00:00";"45";"10.36";"0.28";"511.05";"9.17"
"Sterling MS";"Jun 22, 2026, 19:00:00";"40";"7.27";"0.26";"378.1";"7.75"
"Sterling MS";"Jun 22, 2026, 18:00:00";"37";"3.97";"0.28";"287.49";"5.97"
"Sterling MS";"Jun 22, 2026, 17:00:00";"41";"2.5";"0.23";"202.72";"7.94"
"Sterling MS";"Jun 22, 2026, 16:00:00";"37";"0.2";"0.22";"187.74";"7.36"
"Sterling MS";"Jun 22, 2026, 15:00:00";"33";"0.48";"0.21";"188.69";"5.73"
"Sterling MS";"Jun 22, 2026, 14:00:00";"35";"1.13";"0.24";"201.14";"6.11"
"Sterling MS";"Jun 22, 2026, 13:00:00";"36";"4.22";"0.19";"175.12";"6.66"
"Sterling MS";"Jun 22, 2026, 12:00:00";"34";"3.93";"0.19";"181.43";"6.66"
"Sterling MS";"Jun 22, 2026, 11:00:00";"32";"4.22";"0.21";"215.33";"6.43"
"Sterling MS";"Jun 22, 2026, 10:00:00";"28";"5.35";"0.24";"253.78";"5.96"
"Sterling MS";"Jun 22, 2026, 09:00:00";"22";"10.51";"0.28";"233.71";"4.24"
"Sterling MS";"Jun 22, 2026, 08:00:00";"21";"11.65";"0.32";"186.51";"4.02"
"Sterling MS";"Jun 22, 2026, 07:00:00";"20";"10.89";"0.27";"156";"3.86"
"Sterling MS";"Jun 22, 2026, 06:00:00";"19";"8.03";"0.22";"134.79";"3.39"
"Sterling MS";"Jun 22, 2026, 05:00:00";"19";"5.64";"0.18";"121.87";"3.53"
"Sterling MS";"Jun 22, 2026, 04:00:00";"19";"5.84";"0.2";"90.65";"3.5"
"Sterling MS";"Jun 22, 2026, 03:00:00";"19";"7.4";"0.19";"70.31";"3.42"
"Sterling MS";"Jun 22, 2026, 02:00:00";"19";"7.6";"0.19";"58.97";"3.88"
"Sterling MS";"Jun 22, 2026, 01:00:00";"16";"6.65";"0.17";"48.49";"2.71"
"Sterling MS";"Jun 22, 2026, 00:00:00";"17";"7.7";"0.23";"51.78";"2.93"
"Sterling MS";"Jun 21, 2026, 23:00:00";"18";"7.84";"0.27";"45.9";"3.74"
"Sterling MS";"Jun 21, 2026, 22:00:00";"14";"7.1";"0.27";"36.04";"2.86"
"Sterling MS";"Jun 21, 2026, 21:00:00";"12";"4.36";"0.2";"29.28";"2.43"
"Sterling MS";"Jun 21, 2026, 20:00:00";"11";"2.04";"0.18";"35.12";"1.96"
"Sterling MS";"Jun 21, 2026, 19:00:00";"11";"0.81";"0.16";"40.73";"1.8"
"Sterling MS";"Jun 21, 2026, 18:00:00";"13";"0.37";"0.14";"40.58";"1.8"
"Sterling MS";"Jun 21, 2026, 17:00:00";"17";"1.09";"0.14";"40.97";"2.53"
"Sterling MS";"Jun 21, 2026, 16:00:00";"12";"0.69";"0.12";"45.11";"2.01"
"Sterling MS";"Jun 21, 2026, 15:00:00";"12";"1.43";"0.15";"56.77";"2.14"
"Sterling MS";"Jun 21, 2026, 14:00:00";"13";"2.36";"0.12";"51.4";"1.96"
"Sterling MS";"Jun 21, 2026, 13:00:00";"14";"2.7";"0.11";"57.66";"2.08"
"Sterling MS";"Jun 21, 2026, 12:00:00";"16";"1.94";"0.13";"80.51";"2.46"
"Sterling MS";"Jun 21, 2026, 11:00:00";"19";"3.78";"0.14";"97.4";"3.81"
"Sterling MS";"Jun 21, 2026, 10:00:00";"16";"3.83";"0.16";"113.03";"3.97"
"Sterling MS";"Jun 21, 2026, 09:00:00";"9";"6.31";"0.16";"109.11";"1.82"
"Sterling MS";"Jun 21, 2026, 08:00:00";"9";"7.27";"0.15";"107.93";"1.6"
"Sterling MS";"Jun 21, 2026, 07:00:00";"8";"6.26";"0.12";"99.94";"1.47"
"Sterling MS";"Jun 21, 2026, 06:00:00";"8";"5.24";"0.13";"75.46";"1.45"
"Sterling MS";"Jun 21, 2026, 05:00:00";"9";"4.82";"0.13";"56.59";"1.65"
"Sterling MS";"Jun 21, 2026, 04:00:00";"8";"5.02";"0.13";"47.31";"1.45"
"Sterling MS";"Jun 21, 2026, 03:00:00";"8";"4.38";"0.13";"40.86";"1.29"
"Sterling MS";"Jun 21, 2026, 02:00:00";"8";"5.03";"0.14";"35.79";"1.35"
"Sterling MS";"Jun 21, 2026, 01:00:00";"8";"4.08";"0.15";"32.36";"1.33"
"Sterling MS";"Jun 21, 2026, 00:00:00";"8";"4";"0.16";"30.45";"1.42"
"Sterling MS";"Jun 20, 2026, 23:00:00";"9";"3.96";"0.17";"29.55";"1.67"
"Sterling MS";"Jun 20, 2026, 22:00:00";"8";"3.58";"0.19";"24.7";"1.5"
"Sterling MS";"Jun 20, 2026, 21:00:00";"7";"2.85";"0.18";"22.69";"1.21"
"Sterling MS";"Jun 20, 2026, 20:00:00";"7";"1.47";"0.18";"25.98";"1.03"
"Sterling MS";"Jun 20, 2026, 19:00:00";"8";"1.19";"0.17";"26.75";"0.94"
"Sterling MS";"Jun 20, 2026, 18:00:00";"13";"0.72";"0.15";"26.24";"0.83"
"Sterling MS";"Jun 20, 2026, 17:00:00";"25";"0.19";"0.14";"27.31";"1.12"
"Sterling MS";"Jun 20, 2026, 16:00:00";"42";"0.57";"0.13";"26.71";"4.99"
"Sterling MS";"Jun 20, 2026, 15:00:00";"11";"0.9";"0.12";"26.11";"1.24"
"Sterling MS";"Jun 20, 2026, 14:00:00";"10";"0.7";"0.11";"27.75";"1.22"
"Sterling MS";"Jun 20, 2026, 13:00:00";"9";"1.18";"0.13";"33.56";"1.29"
"Sterling MS";"Jun 20, 2026, 12:00:00";"9";"2.66";"0.13";"35.95";"1.47"
"Sterling MS";"Jun 20, 2026, 11:00:00";"8";"3.11";"0.13";"39.48";"1.34"
"Sterling MS";"Jun 20, 2026, 10:00:00";"8";"4.47";"0.13";"42.51";"1.32"
"Sterling MS";"Jun 20, 2026, 09:00:00";"8";"5.22";"0.13";"44.99";"1.42"
"Sterling MS";"Jun 20, 2026, 08:00:00";"8";"7.56";"0.14";"58.92";"1.66"
"Sterling MS";"Jun 20, 2026, 07:00:00";"8";"7.46";"0.11";"61.61";"1.34"
"Sterling MS";"Jun 20, 2026, 06:00:00";"8";"6.53";"0.1";"56.16";"1.46"
"Sterling MS";"Jun 20, 2026, 05:00:00";"8";"5.93";"0.11";"49.35";"1.43"
"Sterling MS";"Jun 20, 2026, 04:00:00";"8";"6";"0.12";"46.96";"1.4"
"Sterling MS";"Jun 20, 2026, 03:00:00";"8";"5.79";"0.12";"43.1";"1.48"
"Sterling MS";"Jun 20, 2026, 02:00:00";"8";"6.34";"0.13";"37.54";"1.48"
"Sterling MS";"Jun 20, 2026, 01:00:00";"8";"6.01";"0.13";"32.91";"1.62"
"Sterling MS";"Jun 20, 2026, 00:00:00";"8";"5.1";"0.12";"27.04";"1.5"
"Sterling MS";"Jun 19, 2026, 23:00:00";"8";"4.39";"0.12";"22.27";"1.38"
"Sterling MS";"Jun 19, 2026, 22:00:00";"7";"4.55";"0.13";"18.02";"1.24"
"Sterling MS";"Jun 19, 2026, 21:00:00";"7";"3.8";"0.13";"16.83";"1.18"
"Sterling MS";"Jun 19, 2026, 20:00:00";"8";"2.82";"0.12";"20.96";"1.5"
"Sterling MS";"Jun 19, 2026, 19:00:00";"7";"3.24";"0.12";"26.73";"1.31"
"Sterling MS";"Jun 19, 2026, 18:00:00";"7";"1.22";"0.12";"40.2";"1.13"
"Sterling MS";"Jun 19, 2026, 17:00:00";"7";"1.54";"0.13";"46.03";"1.09"
"Sterling MS";"Jun 19, 2026, 16:00:00";"7";"2.45";"0.12";"48.47";"1.16"
"Sterling MS";"Jun 19, 2026, 15:00:00";"8";"1.89";"0.13";"60.47";"1.23"
"Sterling MS";"Jun 19, 2026, 14:00:00";"8";"2.09";"0.13";"69.82";"1.28"
"Sterling MS";"Jun 19, 2026, 13:00:00";"10";"2.45";"0.14";"80.47";"1.75"
"Sterling MS";"Jun 19, 2026, 12:00:00";"7";"3.69";"0.14";"75.36";"1.25"
"Sterling MS";"Jun 19, 2026, 11:00:00";"7";"4.25";"0.11";"72.28";"0.97"
"Sterling MS";"Jun 19, 2026, 10:00:00";"9";"4.7";"0.12";"91.88";"1.27"
"Sterling MS";"Jun 19, 2026, 09:00:00";"9";"5.48";"0.14";"106.13";"1.4"
"Sterling MS";"Jun 19, 2026, 08:00:00";"10";"5.61";"0.12";"109.64";"1.67"
"Sterling MS";"Jun 19, 2026, 07:00:00";"10";"5.72";"0.13";"104.07";"1.94"
"Sterling MS";"Jun 19, 2026, 06:00:00";"10";"4.9";"0.12";"83.74";"1.83"
"Sterling MS";"Jun 19, 2026, 05:00:00";"9";"4.44";"0.12";"74.7";"1.68"
"Sterling MS";"Jun 19, 2026, 04:00:00";"10";"4.41";"0.12";"70.13";"1.86"
"Sterling MS";"Jun 19, 2026, 03:00:00";"9";"3.94";"0.11";"63.9";"1.55"
"Sterling MS";"Jun 19, 2026, 02:00:00";"9";"3.79";"0.1";"51.4";"1.48"
"Sterling MS";"Jun 19, 2026, 01:00:00";"9";"2.95";"0.09";"48.25";"1.58"
"Sterling MS";"Jun 19, 2026, 00:00:00";"10";"2.88";"0.09";"55.34";"1.71"
"Sterling MS";"Jun 18, 2026, 23:00:00";"11";"3.56";"0.11";"64.81";"1.62"
"Sterling MS";"Jun 18, 2026, 22:00:00";"13";"4.04";"0.13";"102.31";"2.11"
"Sterling MS";"Jun 18, 2026, 21:00:00";"13";"3.55";"0.15";"110.9";"2.29"
"Sterling MS";"Jun 18, 2026, 20:00:00";"14";"2.55";"0.14";"133.97";"2.34"
"Sterling MS";"Jun 18, 2026, 19:00:00";"15";"2.98";"0.21";"150.72";"2.24"
"Sterling MS";"Jun 18, 2026, 18:00:00";"17";"2.16";"0.16";"171.12";"2.57"
"Sterling MS";"Jun 18, 2026, 17:00:00";"19";"3.57";"0.16";"177.38";"2.86"
"Sterling MS";"Jun 18, 2026, 16:00:00";"23";"1.45";"0.14";"184.17";"2.76"
"Sterling MS";"Jun 18, 2026, 15:00:00";"31";"2.53";"0.15";"210.62";"4.67"
"Sterling MS";"Jun 18, 2026, 14:00:00";"35";"0.5";"0.19";"257.01";"6.47"
"Sterling MS";"Jun 18, 2026, 13:00:00";"34";"4.52";"0.24";"279.42";"7.01"
"Sterling MS";"Jun 18, 2026, 12:00:00";"30";"9.07";"0.23";"266.04";"6"
"Sterling MS";"Jun 18, 2026, 11:00:00";"28";"9.77";"0.21";"250.82";"5.2"
"Sterling MS";"Jun 18, 2026, 10:00:00";"28";"10.95";"0.21";"203.54";"5.03"
"Sterling MS";"Jun 18, 2026, 09:00:00";"28";"11.25";"0.2";"192.49";"4.75"
"Sterling MS";"Jun 18, 2026, 08:00:00";"28";"11.48";"0.18";"191.39";"4.26"
"Sterling MS";"Jun 18, 2026, 07:00:00";"32";"8.72";"0.17";"171.23";"4.94"
"Sterling MS";"Jun 18, 2026, 06:00:00";"35";"7.71";"0.17";"183.82";"5.79"
"Sterling MS";"Jun 18, 2026, 05:00:00";"38";"7.52";"0.17";"208.46";"6.58"
"Sterling MS";"Jun 18, 2026, 04:00:00";"39";"7.81";"0.18";"227.04";"7.46"
"Sterling MS";"Jun 18, 2026, 03:00:00";"38";"7.54";"0.19";"210.04";"7.44"
"Sterling MS";"Jun 18, 2026, 02:00:00";"34";"7.52";"0.2";"185.45";"7.09"
"Sterling MS";"Jun 18, 2026, 01:00:00";"28";"6.67";"0.21";"162.19";"5.37"
"Sterling MS";"Jun 18, 2026, 00:00:00";"25";"7.38";"0.23";"151.37";"4.74"
"Sterling MS";"Jun 17, 2026, 23:00:00";"24";"6.37";"0.25";"111.07";"4.71"
"Sterling MS";"Jun 17, 2026, 22:00:00";"21";"5.16";"0.24";"78.74";"4.59"
"Sterling MS";"Jun 17, 2026, 21:00:00";"17";"3.59";"0.23";"70.62";"3.09"
"Sterling MS";"Jun 17, 2026, 20:00:00";"15";"3.35";"0.23";"70.1";"3.21"
"Sterling MS";"Jun 17, 2026, 19:00:00";"13";"2.29";"0.2";"66.41";"2.26"
"Sterling MS";"Jun 17, 2026, 18:00:00";"13";"1.16";"0.2";"70.19";"2.33"
"Sterling MS";"Jun 17, 2026, 17:00:00";"12";"0.19";"0.18";"69.61";"1.97"
"Sterling MS";"Jun 17, 2026, 16:00:00";"13";"0.83";"0.18";"78.24";"2"
"Sterling MS";"Jun 17, 2026, 15:00:00";"15";"0.69";"0.19";"80.94";"2.7"
"Sterling MS";"Jun 17, 2026, 14:00:00";"15";"0.43";"0.15";"85.67";"2.45"
"Sterling MS";"Jun 17, 2026, 13:00:00";"17";"0.26";"0.14";"92.97";"2.27"
"Sterling MS";"Jun 17, 2026, 12:00:00";"20";"0.2";"0.23";"113.71";"2.62"
"Sterling MS";"Jun 17, 2026, 11:00:00";"25";"0.87";"0.28";"304.68";"4.75"